device_id,seq,timestamp_us,vbus_raw,iout_raw,iref_raw,i_diff,v_volts,i_amps
534F4C31,11397,117836100,0,2980,2938,42,0.00000,1.08308
534F4C31,11398,117845573,0,2991,2935,56,0.00000,1.44410
534F4C31,11399,117855567,0,2997,2940,57,0.00000,1.46989
534F4C31,11400,117865534,0,2996,2938,58,0.00000,1.49568
534F4C31,11401,117875534,0,2997,2937,60,0.00000,1.54725
534F4C31,11402,117885548,0,3001,2938,63,0.00000,1.62462
534F4C31,11403,117895558,0,2997,2935,62,0.00000,1.59883
534F4C31,11404,117905534,0,2990,2933,57,0.00000,1.46989
534F4C31,11405,117915539,0,2987,2938,49,0.00000,1.26359
534F4C31,11406,117925540,0,2992,2939,53,0.00000,1.36674
534F4C31,11407,117935536,0,2996,2936,60,0.00000,1.54725
534F4C31,11408,117945534,0,2995,2940,55,0.00000,1.41832
534F4C31,11409,117955532,0,3003,2938,65,0.00000,1.67619
534F4C31,11410,117965532,0,3000,2937,63,0.00000,1.62462
534F4C31,11411,117975532,0,3002,2935,67,0.00000,1.72777
534F4C31,11412,117985532,0,2993,2936,57,0.00000,1.46989
534F4C31,11413,117995865,0,2995,2932,63,0.00000,1.62462
534F4C31,11414,118005532,0,2999,2942,57,0.00000,1.46989
534F4C31,11415,118015534,0,2998,2937,61,0.00000,1.57304
534F4C31,11416,118025536,0,2987,2943,44,0.00000,1.13465
534F4C31,11417,118035532,0,3000,2937,63,0.00000,1.62462
534F4C31,11418,118045532,0,2994,2936,58,0.00000,1.49568
534F4C31,11419,118055534,0,2991,2941,50,0.00000,1.28938
534F4C31,11420,118065532,0,2998,2935,63,0.00000,1.62462
534F4C31,11421,118075919,0,2991,2940,51,0.00000,1.31516
534F4C31,11422,118085797,0,2994,2938,56,0.00000,1.44410
534F4C31,11423,118095534,0,2989,2939,50,0.00000,1.28938
534F4C31,11424,118106542,0,2998,2939,59,0.00000,1.52147
534F4C31,11425,118115556,0,2995,2938,57,0.00000,1.46989
534F4C31,11426,118125536,0,2989,2942,47,0.00000,1.21201
534F4C31,11427,118135863,0,3001,2936,65,0.00000,1.67619
534F4C31,11428,118145532,0,2992,2935,57,0.00000,1.46989
534F4C31,11429,118155728,0,2991,2941,50,0.00000,1.28938
534F4C31,11430,118165968,0,2993,2941,52,0.00000,1.34095
534F4C31,11431,118175562,0,2985,2937,48,0.00000,1.23780
534F4C31,11432,118185564,0,2999,2939,60,0.00000,1.54725
534F4C31,11433,118195604,0,2989,2938,51,0.00000,1.31516
534F4C31,11434,118205571,0,2989,2938,51,0.00000,1.31516
534F4C31,11435,118215561,0,2998,2937,61,0.00000,1.57304
534F4C31,11436,118225537,0,3002,2939,63,0.00000,1.62462
534F4C31,11437,118235534,0,2987,2938,49,0.00000,1.26359
534F4C31,11437,118245532,0,2992,2940,52,0.00000,1.34095
534F4C31,11438,118255547,0,2997,2940,57,0.00000,1.46989
534F4C31,11439,118265536,0,2987,2940,47,0.00000,1.21201
534F4C31,11440,118275534,0,3004,2943,61,0.00000,1.57304
534F4C31,11441,118285539,0,3004,2936,68,0.00000,1.75355
534F4C31,11442,118295545,0,2983,2939,44,0.00000,1.13465
534F4C31,11443,118305558,0,3005,2934,71,0.00000,1.83092
534F4C31,11444,118315534,0,2996,2936,60,0.00000,1.54725
534F4C31,11445,118325862,0,2985,2937,48,0.00000,1.23780
534F4C31,11446,118335534,0,3002,2935,67,0.00000,1.72777
534F4C31,11447,118345532,0,2990,2941,49,0.00000,1.26359
534F4C31,11448,118355555,0,2992,2940,52,0.00000,1.34095
534F4C31,11449,118365532,0,2997,2939,58,0.00000,1.49568
534F4C31,11450,118375536,0,2991,2940,51,0.00000,1.31516
534F4C31,11451,118385532,0,2994,2939,55,0.00000,1.41832
534F4C31,11452,118395532,0,2985,2936,49,0.00000,1.26359
534F4C31,11453,118405532,0,2998,2935,63,0.00000,1.62462
534F4C31,11454,118415532,0,2984,2937,47,0.00000,1.21201
534F4C31,11455,118425532,0,2998,2938,60,0.00000,1.54725
534F4C31,11456,118435534,0,2997,2939,58,0.00000,1.49568
534F4C31,11457,118445534,0,2999,2938,61,0.00000,1.57304
534F4C31,11458,118455536,0,2992,2943,49,0.00000,1.26359
534F4C31,11459,118465645,0,2990,2938,52,0.00000,1.34095
534F4C31,11460,118476050,0,2985,2939,46,0.00000,1.18623
534F4C31,11461,118485576,0,2991,2937,54,0.00000,1.39253
534F4C31,11462,118495546,0,2993,2938,55,0.00000,1.41832
534F4C31,11463,118505534,0,2995,2937,58,0.00000,1.49568
534F4C31,11464,118515566,0,2993,2937,56,0.00000,1.44410
534F4C31,11465,118525845,0,2998,2939,59,0.00000,1.52147
534F4C31,11466,118536150,0,2990,2939,51,0.00000,1.31516
534F4C31,11467,118545993,0,2996,2934,62,0.00000,1.59883
534F4C31,11468,118555532,0,2997,2936,61,0.00000,1.57304
534F4C31,11468,118565559,0,2995,2936,59,0.00000,1.52147
534F4C31,11469,118575537,0,2997,2939,58,0.00000,1.49568
534F4C31,11470,118585576,0,2994,2945,49,0.00000,1.26359
534F4C31,11471,118595540,0,3002,2939,63,0.00000,1.62462
534F4C31,11472,118605534,0,2987,2941,46,0.00000,1.18623
534F4C31,11473,118615534,0,3001,2936,65,0.00000,1.67619
534F4C31,11474,118625536,0,2995,2939,56,0.00000,1.44410
534F4C31,11475,118635564,0,3001,2938,63,0.00000,1.62462
534F4C31,11476,118645534,0,2996,2941,55,0.00000,1.41832
534F4C31,11477,118655643,0,2999,2940,59,0.00000,1.52147
534F4C31,11478,118665532,0,2997,2940,57,0.00000,1.46989
534F4C31,11479,118675534,0,2996,2936,60,0.00000,1.54725
534F4C31,11480,118685534,0,3001,2941,60,0.00000,1.54725
534F4C31,11481,118695532,0,2993,2937,56,0.00000,1.44410
534F4C31,11482,118705534,0,2990,2936,54,0.00000,1.39253
534F4C31,11483,118715532,0,2994,2935,59,0.00000,1.52147
534F4C31,11484,118725532,0,2994,2941,53,0.00000,1.36674
534F4C31,11485,118735532,0,2997,2938,59,0.00000,1.52147
534F4C31,11486,118745532,0,2993,2936,57,0.00000,1.46989
534F4C31,11487,118755572,0,2991,2937,54,0.00000,1.39253
534F4C31,11488,118765532,0,3002,2936,66,0.00000,1.70198
534F4C31,11489,118775532,0,2993,2934,59,0.00000,1.52147
534F4C31,11490,118785536,0,2992,2938,54,0.00000,1.39253
534F4C31,11491,118795532,0,2990,2936,54,0.00000,1.39253
534F4C31,11492,118805536,0,2989,2939,50,0.00000,1.28938
534F4C31,11493,118816389,0,2986,2934,52,0.00000,1.34095
534F4C31,11494,118825734,0,2992,2935,57,0.00000,1.46989
534F4C31,11495,118835641,0,2989,2933,56,0.00000,1.44410
534F4C31,11496,118845588,0,2999,2932,67,0.00000,1.72777
534F4C31,11497,118855557,0,2993,2930,63,0.00000,1.62462
534F4C31,11498,118865543,0,2990,2939,51,0.00000,1.31516
534F4C31,11499,118875568,0,2998,2927,71,0.00000,1.83092
534F4C31,11500,118885533,0,2984,2935,49,0.00000,1.26359
534F4C31,11501,118895570,0,2996,2934,62,0.00000,1.59883
534F4C31,11502,118906017,0,2992,2934,58,0.00000,1.49568
534F4C31,11502,118915520,0,2996,2933,63,0.00000,1.62462
534F4C31,11502,118925519,0,2988,2936,52,0.00000,1.34095
534F4C31,11503,118935731,0,2984,2933,51,0.00000,1.31516
534F4C31,11504,118945534,0,2988,2935,53,0.00000,1.36674
534F4C31,11505,118955539,0,2991,2934,57,0.00000,1.46989
534F4C31,11506,118965534,0,2999,2938,61,0.00000,1.57304
534F4C31,11507,118975561,0,2998,2933,65,0.00000,1.67619
534F4C31,11508,118986019,0,2997,2935,62,0.00000,1.59883
534F4C31,11509,118996530,0,2996,2935,61,0.00000,1.57304
534F4C31,11510,119006378,0,2989,2930,59,0.00000,1.52147
534F4C31,11511,119015536,0,3000,2935,65,0.00000,1.67619
534F4C31,11512,119025536,0,2988,2933,55,0.00000,1.41832
534F4C31,11513,119035532,0,2999,2931,68,0.00000,1.75355
534F4C31,11514,119045532,0,2994,2941,53,0.00000,1.36674
534F4C31,11515,119055532,0,2993,2935,58,0.00000,1.49568
534F4C31,11516,119065532,0,2984,2930,54,0.00000,1.39253
534F4C31,11517,119075536,0,2991,2930,61,0.00000,1.57304
534F4C31,11518,119085532,0,2993,2935,58,0.00000,1.49568
534F4C31,11519,119095536,0,2995,2934,61,0.00000,1.57304
534F4C31,11520,119105534,0,2998,2936,62,0.00000,1.59883
534F4C31,11521,119115508,0,2994,2933,61,0.00000,1.57304
534F4C31,11522,119125536,0,2983,2934,49,0.00000,1.26359
534F4C31,11523,119135534,0,2998,2931,67,0.00000,1.72777
534F4C31,11524,119145532,0,2988,2934,54,0.00000,1.39253
534F4C31,11525,119155534,0,2989,2932,57,0.00000,1.46989
534F4C31,11526,119165866,0,3001,2931,70,0.00000,1.80513
534F4C31,11527,119175616,0,3000,2931,69,0.00000,1.77934
534F4C31,11528,119186248,0,2987,2932,55,0.00000,1.41832
534F4C31,11529,119195533,0,2988,2933,55,0.00000,1.41832
534F4C31,11530,119205534,0,2994,2933,61,0.00000,1.57304
534F4C31,11531,119215558,0,2985,2935,50,0.00000,1.28938
534F4C31,11532,119225812,0,3000,2937,63,0.00000,1.62462
534F4C31,11533,119235534,0,2981,2932,49,0.00000,1.26359
534F4C31,11534,119245534,0,2998,2932,66,0.00000,1.70198
534F4C31,11535,119255567,0,2998,2935,63,0.00000,1.62462
534F4C31,11536,119265777,0,2992,2936,56,0.00000,1.44410
534F4C31,11537,119275537,0,3002,2934,68,0.00000,1.75355
534F4C31,11537,119285534,0,2984,2936,48,0.00000,1.23780
534F4C31,11537,119295521,0,2994,2932,62,0.00000,1.59883
534F4C31,11538,119305543,0,2990,2935,55,0.00000,1.41832
534F4C31,11539,119315567,0,2980,2936,44,0.00000,1.13465
534F4C31,11540,119325538,0,2986,2932,54,0.00000,1.39253
534F4C31,11540,119335541,0,2991,2930,61,0.00000,1.57304
534F4C31,11541,119345534,0,2990,2935,55,0.00000,1.41832
534F4C31,11541,119355636,0,2995,2934,61,0.00000,1.57304
534F4C31,11542,119365537,0,2988,2935,53,0.00000,1.36674
534F4C31,11543,119375551,0,2994,2936,58,0.00000,1.49568
534F4C31,11544,119385543,0,2990,2938,52,0.00000,1.34095
534F4C31,11545,119395539,0,2993,2934,59,0.00000,1.52147
534F4C31,11546,119405559,0,2996,2933,63,0.00000,1.62462
534F4C31,11547,119415535,0,3004,2934,70,0.00000,1.80513
534F4C31,11548,119425534,0,3003,2933,70,0.00000,1.80513
534F4C31,11549,119435718,0,2992,2936,56,0.00000,1.44410
534F4C31,11550,119445532,0,2998,2932,66,0.00000,1.70198
534F4C31,11551,119455532,0,3005,2934,71,0.00000,1.83092
534F4C31,11552,119465534,0,2988,2935,53,0.00000,1.36674
534F4C31,11553,119475534,0,2992,2933,59,0.00000,1.52147
534F4C31,11554,119485534,0,2993,2935,58,0.00000,1.49568
534F4C31,11555,119495611,0,2988,2936,52,0.00000,1.34095
534F4C31,11556,119505526,0,2983,2932,51,0.00000,1.31516
534F4C31,11557,119515521,0,2992,2932,60,0.00000,1.54725
534F4C31,11558,119525534,0,2987,2932,55,0.00000,1.41832
534F4C31,11559,119535555,0,2990,2933,57,0.00000,1.46989
534F4C31,11560,119545534,0,2983,2929,54,0.00000,1.39253
534F4C31,11561,119555534,0,3000,2929,71,0.00000,1.83092
534F4C31,11562,119565532,0,3003,2929,74,0.00000,1.90828
534F4C31,11563,119575534,0,2990,2932,58,0.00000,1.49568
534F4C31,11564,119585534,0,2999,2930,69,0.00000,1.77934
534F4C31,11565,119595860,0,2994,2928,66,0.00000,1.70198
534F4C31,11566,119605570,0,2999,2928,71,0.00000,1.83092
534F4C31,11567,119615534,0,2998,2933,65,0.00000,1.67619
534F4C31,11568,119625534,0,2989,2931,58,0.00000,1.49568
534F4C31,11569,119635534,0,2982,2936,46,0.00000,1.18623
534F4C31,11570,119645563,0,2995,2930,65,0.00000,1.67619
534F4C31,11571,119655695,0,2994,2925,69,0.00000,1.77934
534F4C31,11572,119665537,0,3008,2927,81,0.00000,2.08879
534F4C31,11573,119675537,0,2986,2935,51,0.00000,1.31516
534F4C31,11574,119685633,0,2984,2929,55,0.00000,1.41832
534F4C31,11575,119695689,0,2991,2932,59,0.00000,1.52147
534F4C31,11576,119705556,0,2979,2928,51,0.00000,1.31516
534F4C31,11577,119715560,0,3000,2928,72,0.00000,1.85670
534F4C31,11577,119725518,0,3002,2930,72,0.00000,1.85670
534F4C31,11578,119735627,0,2994,2933,61,0.00000,1.57304
534F4C31,11579,119745749,0,2993,2929,64,0.00000,1.65040
534F4C31,11580,119755539,0,2989,2933,56,0.00000,1.44410
534F4C31,11581,119765534,0,2988,2932,56,0.00000,1.44410
534F4C31,11582,119775538,0,2990,2929,61,0.00000,1.57304
534F4C31,11583,119785540,0,2992,2931,61,0.00000,1.57304
534F4C31,11584,119795537,0,2991,2931,60,0.00000,1.54725
534F4C31,11584,119805516,0,2993,2933,60,0.00000,1.54725
534F4C31,11584,119815518,0,2998,2932,66,0.00000,1.70198
534F4C31,11585,119825549,0,2993,2932,61,0.00000,1.57304
534F4C31,11586,119835535,0,2999,2932,67,0.00000,1.72777
534F4C31,11587,119845535,0,2997,2933,64,0.00000,1.65040
534F4C31,11588,119855535,0,2990,2926,64,0.00000,1.65040
534F4C31,11589,119865713,0,2988,2930,58,0.00000,1.49568
534F4C31,11590,119875534,0,2999,2934,65,0.00000,1.67619
534F4C31,11591,119885532,0,3000,2927,73,0.00000,1.88249
534F4C31,11592,119895708,0,2987,2934,53,0.00000,1.36674
534F4C31,11593,119905536,0,2990,2935,55,0.00000,1.41832
534F4C31,11594,119915532,0,2986,2930,56,0.00000,1.44410
534F4C31,11595,119925532,0,2991,2933,58,0.00000,1.49568
534F4C31,11596,119935534,0,2991,2930,61,0.00000,1.57304
534F4C31,11597,119945532,0,2997,2929,68,0.00000,1.75355
534F4C31,11598,119955532,0,2990,2930,60,0.00000,1.54725
534F4C31,11599,119965532,0,2998,2928,70,0.00000,1.80513
534F4C31,11600,119975532,0,2984,2932,52,0.00000,1.34095
534F4C31,11601,119985536,0,3000,2936,64,0.00000,1.65040
534F4C31,11602,119995532,0,2993,2932,61,0.00000,1.57304
534F4C31,11603,120005534,0,2989,2932,57,0.00000,1.46989
534F4C31,11604,120015532,0,3002,2930,72,0.00000,1.85670
534F4C31,11605,120025532,0,3002,2931,71,0.00000,1.83092
534F4C31,11606,120035532,0,2988,2928,60,0.00000,1.54725
534F4C31,11607,120045532,0,2996,2927,69,0.00000,1.77934
534F4C31,11608,120055532,0,2995,2929,66,0.00000,1.70198
534F4C31,11609,120065538,0,2982,2928,54,0.00000,1.39253
534F4C31,11610,120075592,0,2991,2929,62,0.00000,1.59883
534F4C31,11611,120085570,0,2997,2929,68,0.00000,1.75355
534F4C31,11611,120095529,0,2999,2932,67,0.00000,1.72777
534F4C31,11611,120105524,0,2999,2928,71,0.00000,1.83092
534F4C31,11612,120115542,0,2996,2932,64,0.00000,1.65040
534F4C31,11613,120125575,0,2997,2932,65,0.00000,1.67619
534F4C31,11613,120135534,0,2996,2930,66,0.00000,1.70198
534F4C31,11614,120145538,0,2994,2932,62,0.00000,1.59883
534F4C31,11615,120155532,0,2997,2932,65,0.00000,1.67619
534F4C31,11615,120165536,0,2998,2930,68,0.00000,1.75355
534F4C31,11615,120175535,0,2996,2932,64,0.00000,1.65040
534F4C31,11615,120185519,0,2992,2931,61,0.00000,1.57304
534F4C31,11616,120195537,0,2998,2933,65,0.00000,1.67619
534F4C31,11617,120205539,0,2982,2928,54,0.00000,1.39253
534F4C31,11618,120215532,0,3003,2931,72,0.00000,1.85670
534F4C31,11619,120225534,0,3005,2928,77,0.00000,1.98564
534F4C31,11620,120235546,0,2998,2932,66,0.00000,1.70198
534F4C31,11621,120245534,0,2995,2926,69,0.00000,1.77934
534F4C31,11622,120255536,0,2994,2935,59,0.00000,1.52147
534F4C31,11623,120265534,0,2986,2929,57,0.00000,1.46989
534F4C31,11624,120275532,0,2997,2927,70,0.00000,1.80513
534F4C31,11625,120285536,0,2994,2928,66,0.00000,1.70198
534F4C31,11626,120295534,0,2993,2927,66,0.00000,1.70198
534F4C31,11627,120305532,0,2994,2926,68,0.00000,1.75355
534F4C31,11628,120315536,0,2987,2928,59,0.00000,1.52147
534F4C31,11629,120325534,0,2994,2926,68,0.00000,1.75355
534F4C31,11630,120335534,0,2985,2929,56,0.00000,1.44410
534F4C31,11631,120345663,0,2998,2931,67,0.00000,1.72777
534F4C31,11632,120355565,0,2992,2925,67,0.00000,1.72777
534F4C31,11633,120365506,0,2994,2924,70,0.00000,1.80513
534F4C31,11634,120375536,0,2989,2924,65,0.00000,1.67619
534F4C31,11635,120385532,0,2992,2924,68,0.00000,1.75355
534F4C31,11636,120395532,0,2990,2923,67,0.00000,1.72777
534F4C31,11637,120405534,0,2999,2926,73,0.00000,1.88249
534F4C31,11638,120415534,0,2986,2925,61,0.00000,1.57304
534F4C31,11639,120425532,0,2993,2926,67,0.00000,1.72777
534F4C31,11640,120435532,0,2990,2925,65,0.00000,1.67619
534F4C31,11641,120445532,0,2989,2928,61,0.00000,1.57304
534F4C31,11642,120455532,0,2998,2927,71,0.00000,1.83092
534F4C31,11643,120465679,0,2999,2926,73,0.00000,1.88249
534F4C31,11644,120476379,0,2998,2929,69,0.00000,1.77934
534F4C31,11645,120485534,0,2989,2925,64,0.00000,1.65040
534F4C31,11646,120495827,0,2997,2926,71,0.00000,1.83092
534F4C31,11647,120505570,0,2986,2924,62,0.00000,1.59883
534F4C31,11648,120515571,0,2994,2927,67,0.00000,1.72777
534F4C31,11649,120525535,0,2999,2924,75,0.00000,1.93407
534F4C31,11650,120535534,0,2984,2924,60,0.00000,1.54725
534F4C31,11651,120545539,0,2993,2923,70,0.00000,1.80513
534F4C31,11652,120555535,0,2989,2924,65,0.00000,1.67619
534F4C31,11653,120565566,0,3002,2928,74,0.00000,1.90828
534F4C31,11654,120575567,0,2981,2923,58,0.00000,1.49568
534F4C31,11655,120585896,0,2993,2925,68,0.00000,1.75355
534F4C31,11655,120595531,0,3002,2926,76,0.00000,1.95985
534F4C31,11656,120605540,0,2981,2923,58,0.00000,1.49568
534F4C31,11657,120615556,0,2990,2927,63,0.00000,1.62462
534F4C31,11658,120625550,0,2981,2929,52,0.00000,1.34095
534F4C31,11658,120635527,0,2988,2927,61,0.00000,1.57304
534F4C31,11659,120645516,0,2988,2923,65,0.00000,1.67619
534F4C31,11660,120655561,0,2992,2926,66,0.00000,1.70198
534F4C31,11661,120665593,0,2990,2928,62,0.00000,1.59883
534F4C31,11662,120675533,0,2984,2927,57,0.00000,1.46989
534F4C31,11663,120685544,0,2987,2930,57,0.00000,1.46989
534F4C31,11664,120695571,0,2992,2925,67,0.00000,1.72777
534F4C31,11665,120705567,0,2988,2926,62,0.00000,1.59883
534F4C31,11666,120715571,0,2989,2924,65,0.00000,1.67619
534F4C31,11667,120725569,0,2992,2923,69,0.00000,1.77934
534F4C31,11668,120735609,0,2985,2923,62,0.00000,1.59883
534F4C31,11669,120745688,0,2987,2930,57,0.00000,1.46989
534F4C31,11670,120755536,0,2993,2927,66,0.00000,1.70198
534F4C31,11671,120765532,0,2982,2926,56,0.00000,1.44410
534F4C31,11672,120775532,0,2990,2927,63,0.00000,1.62462
534F4C31,11673,120785534,0,2992,2924,68,0.00000,1.75355
534F4C31,11674,120795532,0,2986,2924,62,0.00000,1.59883
534F4C31,11675,120805532,0,2985,2927,58,0.00000,1.49568
534F4C31,11676,120815532,0,2981,2924,57,0.00000,1.46989
534F4C31,11677,120825787,0,2995,2928,67,0.00000,1.72777
534F4C31,11678,120835532,0,2988,2924,64,0.00000,1.65040
534F4C31,11679,120845558,0,2988,2925,63,0.00000,1.62462
534F4C31,11680,120855534,0,2994,2925,69,0.00000,1.77934
534F4C31,11681,120865639,0,2991,2922,69,0.00000,1.77934
534F4C31,11682,120875534,0,2995,2926,69,0.00000,1.77934
534F4C31,11683,120885537,0,2987,2925,62,0.00000,1.59883
534F4C31,11684,120895570,0,2988,2927,61,0.00000,1.57304
534F4C31,11685,120905556,0,2991,2927,64,0.00000,1.65040
534F4C31,11686,120915536,0,2992,2925,67,0.00000,1.72777
534F4C31,11687,120925572,0,2996,2928,68,0.00000,1.75355
534F4C31,11688,120935561,0,2989,2923,66,0.00000,1.70198
534F4C31,11689,120945536,0,2993,2928,65,0.00000,1.67619
534F4C31,11689,120955534,0,2986,2925,61,0.00000,1.57304
534F4C31,11690,120966005,0,2986,2929,57,0.00000,1.46989
534F4C31,11691,120975539,0,2985,2926,59,0.00000,1.52147
534F4C31,11692,120985555,0,2994,2922,72,0.00000,1.85670
534F4C31,11693,120995543,0,2986,2917,69,0.00000,1.77934
534F4C31,11694,121005574,0,2991,2923,68,0.00000,1.75355
534F4C31,11695,121015539,0,3004,2921,83,0.00000,2.14037
534F4C31,11696,121025532,0,2987,2921,66,0.00000,1.70198
534F4C31,11697,121035532,0,2981,2924,57,0.00000,1.46989
534F4C31,11698,121045534,0,3000,2922,78,0.00000,2.01143
534F4C31,11699,121055536,0,2992,2920,72,0.00000,1.85670
534F4C31,11700,121065534,0,2985,2923,62,0.00000,1.59883
534F4C31,11701,121075532,0,2992,2920,72,0.00000,1.85670
534F4C31,11702,121085534,0,2998,2926,72,0.00000,1.85670
534F4C31,11703,121095536,0,2987,2921,66,0.00000,1.70198
534F4C31,11704,121105532,0,2990,2921,69,0.00000,1.77934
534F4C31,11705,121115534,0,2992,2921,71,0.00000,1.83092
534F4C31,11706,121125532,0,2995,2922,73,0.00000,1.88249
534F4C31,11707,121135532,0,2991,2925,66,0.00000,1.70198
534F4C31,11708,121145532,0,2988,2923,65,0.00000,1.67619
534F4C31,11709,121155877,0,2996,2924,72,0.00000,1.85670
534F4C31,11710,121165532,0,2992,2924,68,0.00000,1.75355
534F4C31,11711,121175534,0,2998,2925,73,0.00000,1.88249
534F4C31,11712,121185532,0,2998,2919,79,0.00000,2.03722
534F4C31,11713,121195536,0,2991,2924,67,0.00000,1.72777
534F4C31,11714,121205534,0,2996,2922,74,0.00000,1.90828
534F4C31,11715,121215532,0,2988,2924,64,0.00000,1.65040
534F4C31,11716,121225532,0,2993,2918,75,0.00000,1.93407
534F4C31,11717,121235534,0,2994,2920,74,0.00000,1.90828
534F4C31,11718,121245534,0,2991,2920,71,0.00000,1.83092
534F4C31,11719,121255534,0,2989,2923,66,0.00000,1.70198
534F4C31,11720,121265634,0,2996,2922,74,0.00000,1.90828
534F4C31,11721,121275534,0,2986,2919,67,0.00000,1.72777
534F4C31,11722,121285824,0,2985,2920,65,0.00000,1.67619
534F4C31,11723,121295536,0,2987,2923,64,0.00000,1.65040
534F4C31,11724,121305555,0,2986,2918,68,0.00000,1.75355
534F4C31,11725,121316026,0,2997,2918,79,0.00000,2.03722
534F4C31,11726,121325591,0,2988,2923,65,0.00000,1.67619
534F4C31,11727,121335739,0,2991,2921,70,0.00000,1.80513
534F4C31,11728,121345578,0,2995,2921,74,0.00000,1.90828
534F4C31,11729,121355572,0,2999,2921,78,0.00000,2.01143
534F4C31,11730,121365559,0,2992,2921,71,0.00000,1.83092
534F4C31,11731,121375902,0,3000,2921,79,0.00000,2.03722
534F4C31,11732,121385546,0,2999,2923,76,0.00000,1.95985
534F4C31,11733,121395537,0,3006,2924,82,0.00000,2.11458
534F4C31,11734,121405538,0,2986,2922,64,0.00000,1.65040
534F4C31,11735,121415532,0,2988,2921,67,0.00000,1.72777
534F4C31,11736,121425559,0,2999,2917,82,0.00000,2.11458
534F4C31,11737,121435535,0,2997,2922,75,0.00000,1.93407
534F4C31,11738,121445546,0,2985,2920,65,0.00000,1.67619
534F4C31,11739,121455534,0,2990,2922,68,0.00000,1.75355
534F4C31,11740,121465534,0,2995,2921,74,0.00000,1.90828
534F4C31,11741,121475540,0,2991,2917,74,0.00000,1.90828
534F4C31,11742,121485540,0,2999,2923,76,0.00000,1.95985
534F4C31,11743,121495564,0,3000,2923,77,0.00000,1.98564
534F4C31,11744,121505534,0,2988,2922,66,0.00000,1.70198
534F4C31,11745,121515530,0,2995,2919,76,0.00000,1.95985
534F4C31,11746,121525534,0,2984,2925,59,0.00000,1.52147
534F4C31,11747,121535534,0,2988,2924,64,0.00000,1.65040
534F4C31,11748,121545532,0,2993,2922,71,0.00000,1.83092
534F4C31,11749,121555534,0,2991,2920,71,0.00000,1.83092
534F4C31,11750,121565532,0,2996,2922,74,0.00000,1.90828
534F4C31,11751,121575532,0,2994,2926,68,0.00000,1.75355
534F4C31,11752,121585532,0,2989,2927,62,0.00000,1.59883
534F4C31,11753,121595534,0,2997,2922,75,0.00000,1.93407
534F4C31,11754,121605569,0,2986,2925,61,0.00000,1.57304
534F4C31,11755,121615534,0,2981,2921,60,0.00000,1.54725
534F4C31,11756,121625564,0,2986,2922,64,0.00000,1.65040
534F4C31,11757,121635567,0,2995,2921,74,0.00000,1.90828
534F4C31,11758,121646064,0,2998,2919,79,0.00000,2.03722
534F4C31,11759,121655536,0,2988,2922,66,0.00000,1.70198
534F4C31,11759,121665532,0,2989,2920,69,0.00000,1.77934
534F4C31,11760,121675545,0,2998,2920,78,0.00000,2.01143
534F4C31,11761,121685541,0,2997,2920,77,0.00000,1.98564
534F4C31,11762,121695811,0,2986,2923,63,0.00000,1.62462
534F4C31,11763,121705563,0,3004,2919,85,0.00000,2.19194
534F4C31,11764,121715575,0,2996,2917,79,0.00000,2.03722
534F4C31,11765,121725574,0,2990,2919,71,0.00000,1.83092
534F4C31,11766,121735532,0,2998,2917,81,0.00000,2.08879
534F4C31,11767,121745746,0,2996,2915,81,0.00000,2.08879
534F4C31,11768,121755538,0,2990,2921,69,0.00000,1.77934
534F4C31,11769,121765536,0,2995,2918,77,0.00000,1.98564
534F4C31,11770,121775534,0,2998,2919,79,0.00000,2.03722
534F4C31,11771,121785920,0,2989,2920,69,0.00000,1.77934
534F4C31,11772,121795540,0,3002,2920,82,0.00000,2.11458
534F4C31,11773,121805532,0,2978,2916,62,0.00000,1.59883
534F4C31,11774,121815536,0,3000,2921,79,0.00000,2.03722
534F4C31,11775,121825534,0,2995,2918,77,0.00000,1.98564
534F4C31,11776,121835534,0,2990,2922,68,0.00000,1.75355
534F4C31,11777,121845536,0,2994,2918,76,0.00000,1.95985
534F4C31,11778,121855534,0,2990,2919,71,0.00000,1.83092
534F4C31,11779,121865536,0,2983,2919,64,0.00000,1.65040
534F4C31,11780,121875534,0,2989,2921,68,0.00000,1.75355
534F4C31,11781,121885534,0,2994,2916,78,0.00000,2.01143
534F4C31,11782,121895534,0,2993,2918,75,0.00000,1.93407
534F4C31,11783,121905534,0,2988,2919,69,0.00000,1.77934
534F4C31,11784,121915532,0,2988,2917,71,0.00000,1.83092
534F4C31,11785,121925536,0,2991,2918,73,0.00000,1.88249
534F4C31,11786,121935536,0,2995,2918,77,0.00000,1.98564
534F4C31,11787,121945534,0,2984,2921,63,0.00000,1.62462
534F4C31,11788,121955532,0,2998,2918,80,0.00000,2.06300
534F4C31,11789,121965516,0,2995,2916,79,0.00000,2.03722
534F4C31,11790,121975534,0,2993,2914,79,0.00000,2.03722
534F4C31,11791,121985685,0,2991,2919,72,0.00000,1.85670
534F4C31,11792,121995534,0,2985,2918,67,0.00000,1.72777
534F4C31,11793,122005587,0,3010,2923,87,0.00000,2.24352
534F4C31,11794,122015557,0,3001,2913,88,0.00000,2.26930
534F4C31,11794,122025892,0,3003,2920,83,0.00000,2.14037
534F4C31,11794,122035518,0,2987,2919,68,0.00000,1.75355
534F4C31,11795,122046062,0,2998,2916,82,0.00000,2.11458
534F4C31,11796,122055534,0,2987,2922,65,0.00000,1.67619
534F4C31,11797,122066058,0,2996,2918,78,0.00000,2.01143
534F4C31,11798,122075539,0,2994,2921,73,0.00000,1.88249
534F4C31,11799,122085535,0,2995,2916,79,0.00000,2.03722
534F4C31,11800,122095562,0,2992,2917,75,0.00000,1.93407
534F4C31,11801,122105536,0,2999,2917,82,0.00000,2.11458
534F4C31,11802,122115575,0,3000,2914,86,0.00000,2.21773
534F4C31,11803,122125535,0,2992,2918,74,0.00000,1.90828
534F4C31,11804,122135576,0,2995,2917,78,0.00000,2.01143
534F4C31,11805,122145535,0,2995,2919,76,0.00000,1.95985
534F4C31,11806,122155534,0,2992,2917,75,0.00000,1.93407
534F4C31,11807,122165539,0,2993,2916,77,0.00000,1.98564
534F4C31,11808,122175546,0,2989,2917,72,0.00000,1.85670
534F4C31,11809,122185535,0,2988,2915,73,0.00000,1.88249
534F4C31,11810,122195571,0,2985,2921,64,0.00000,1.65040
534F4C31,11811,122205545,0,2990,2918,72,0.00000,1.85670
534F4C31,11812,122215532,0,3000,2919,81,0.00000,2.08879
534F4C31,11813,122225532,0,2997,2919,78,0.00000,2.01143
534F4C31,11814,122235874,0,2984,2923,61,0.00000,1.57304
534F4C31,11815,122245532,0,2996,2919,77,0.00000,1.98564
534F4C31,11816,122255536,0,2980,2921,59,0.00000,1.52147
534F4C31,11817,122265532,0,2998,2917,81,0.00000,2.08879
534F4C31,11818,122275534,0,2992,2916,76,0.00000,1.95985
534F4C31,11819,122285532,0,2994,2920,74,0.00000,1.90828
534F4C31,11820,122295532,0,2988,2919,69,0.00000,1.77934
534F4C31,11821,122305536,0,2999,2918,81,0.00000,2.08879
534F4C31,11822,122315532,0,2984,2920,64,0.00000,1.65040
534F4C31,11823,122325534,0,3001,2922,79,0.00000,2.03722
534F4C31,11824,122335565,0,2994,2920,74,0.00000,1.90828
534F4C31,11825,122345532,0,2996,2915,81,0.00000,2.08879
534F4C31,11826,122355678,0,2992,2917,75,0.00000,1.93407
534F4C31,11827,122365534,0,2995,2916,79,0.00000,2.03722
534F4C31,11828,122375534,0,2999,2919,80,0.00000,2.06300
534F4C31,11829,122386353,0,2996,2919,77,0.00000,1.98564
534F4C31,11830,122395532,0,2992,2922,70,0.00000,1.80513
534F4C31,11831,122405635,0,2995,2913,82,0.00000,2.11458
534F4C31,11832,122415750,0,2997,2921,76,0.00000,1.95985
534F4C31,11833,122425540,0,2992,2918,74,0.00000,1.90828
534F4C31,11834,122435567,0,2984,2917,67,0.00000,1.72777
534F4C31,11835,122445536,0,2993,2920,73,0.00000,1.88249
534F4C31,11836,122455555,0,2992,2921,71,0.00000,1.83092
534F4C31,11837,122465566,0,3001,2918,83,0.00000,2.14037
534F4C31,11838,122475562,0,2989,2915,74,0.00000,1.90828
534F4C31,11838,122485781,0,2987,2913,74,0.00000,1.90828
534F4C31,11838,122495516,0,2988,2916,72,0.00000,1.85670
534F4C31,11839,122505534,0,2995,2917,78,0.00000,2.01143
534F4C31,11840,122515538,0,2983,2913,70,0.00000,1.80513
534F4C31,11841,122525558,0,2995,2912,83,0.00000,2.14037
534F4C31,11842,122535534,0,2990,2913,77,0.00000,1.98564
534F4C31,11843,122545567,0,2993,2909,84,0.00000,2.16615
534F4C31,11844,122555591,0,2991,2910,81,0.00000,2.08879
534F4C31,11845,122565542,0,2995,2915,80,0.00000,2.06300
534F4C31,11846,122575534,0,2994,2914,80,0.00000,2.06300
534F4C31,11847,122585914,0,2985,2918,67,0.00000,1.72777
534F4C31,11848,122595538,0,2988,2919,69,0.00000,1.77934
534F4C31,11849,122605861,0,2997,2914,83,0.00000,2.14037
534F4C31,11850,122615562,0,2987,2915,72,0.00000,1.85670
534F4C31,11851,122625534,0,2991,2916,75,0.00000,1.93407
534F4C31,11852,122635534,0,2995,2912,83,0.00000,2.14037
534F4C31,11853,122645871,0,2992,2912,80,0.00000,2.06300
534F4C31,11854,122655534,0,2993,2915,78,0.00000,2.01143
534F4C31,11855,122665586,0,2994,2916,78,0.00000,2.01143
534F4C31,11856,122675532,0,2992,2912,80,0.00000,2.06300
534F4C31,11857,122685532,0,2988,2910,78,0.00000,2.01143
534F4C31,11858,122695556,0,3003,2916,87,0.00000,2.24352
534F4C31,11859,122705534,0,2996,2914,82,0.00000,2.11458
534F4C31,11860,122715520,0,2990,2914,76,0.00000,1.95985
534F4C31,11861,122725534,0,2992,2918,74,0.00000,1.90828
534F4C31,11862,122735816,0,3002,2916,86,0.00000,2.21773
534F4C31,11863,122745536,0,2980,2915,65,0.00000,1.67619
534F4C31,11864,122755534,0,2989,2915,74,0.00000,1.90828
534F4C31,11865,122765534,0,2998,2914,84,0.00000,2.16615
534F4C31,11866,122775534,0,2984,2916,68,0.00000,1.75355
534F4C31,11867,122785536,0,2985,2913,72,0.00000,1.85670
534F4C31,11868,122795534,0,2988,2916,72,0.00000,1.85670
534F4C31,11869,122805653,0,2992,2908,84,0.00000,2.16615
534F4C31,11870,122815539,0,2988,2915,73,0.00000,1.88249
534F4C31,11871,122825539,0,2992,2913,79,0.00000,2.03722
534F4C31,11872,122835685,0,2994,2918,76,0.00000,1.95985
534F4C31,11873,122845537,0,2989,2919,70,0.00000,1.80513
534F4C31,11874,122855538,0,3005,2913,92,0.00000,2.37245
534F4C31,11875,122865536,0,2996,2917,79,0.00000,2.03722
534F4C31,11876,122875644,0,2986,2916,70,0.00000,1.80513
534F4C31,11876,122885562,0,2993,2915,78,0.00000,2.01143
534F4C31,11877,122895663,0,2994,2910,84,0.00000,2.16615
534F4C31,11878,122905811,0,2994,2913,81,0.00000,2.08879
534F4C31,11879,122915537,0,2998,2917,81,0.00000,2.08879
534F4C31,11880,122925566,0,3000,2918,82,0.00000,2.11458
534F4C31,11881,122935547,0,3005,2917,88,0.00000,2.26930
534F4C31,11882,122945535,0,2999,2911,88,0.00000,2.26930
534F4C31,11882,122955533,0,2997,2910,87,0.00000,2.24352
534F4C31,11882,122965518,0,2999,2915,84,0.00000,2.16615
534F4C31,11882,122975525,0,3001,2910,91,0.00000,2.34667
534F4C31,11883,122985571,0,2990,2916,74,0.00000,1.90828
534F4C31,11884,122995550,0,2999,2912,87,0.00000,2.24352
534F4C31,11885,123005535,0,3001,2912,89,0.00000,2.29509
534F4C31,11886,123015539,0,2983,2913,70,0.00000,1.80513
534F4C31,11887,123025565,0,2991,2917,74,0.00000,1.90828
534F4C31,11888,123035532,0,2991,2912,79,0.00000,2.03722
534F4C31,11889,123045536,0,3001,2916,85,0.00000,2.19194
534F4C31,11890,123055532,0,2982,2910,72,0.00000,1.85670
534F4C31,11891,123065532,0,2994,2914,80,0.00000,2.06300
534F4C31,11892,123075532,0,2985,2916,69,0.00000,1.77934
534F4C31,11893,123085532,0,2991,2914,77,0.00000,1.98564
534F4C31,11894,123095536,0,2995,2916,79,0.00000,2.03722
534F4C31,11895,123105532,0,2990,2916,74,0.00000,1.90828
534F4C31,11896,123115532,0,2997,2915,82,0.00000,2.11458
534F4C31,11897,123125532,0,2985,2917,68,0.00000,1.75355
534F4C31,11898,123135532,0,2999,2913,86,0.00000,2.21773
534F4C31,11899,123145532,0,2974,2915,59,0.00000,1.52147
534F4C31,11900,123155532,0,2991,2915,76,0.00000,1.95985
534F4C31,11901,123165643,0,2989,2915,74,0.00000,1.90828
534F4C31,11902,123175570,0,2990,2917,73,0.00000,1.88249
534F4C31,11903,123185534,0,2995,2915,80,0.00000,2.06300
534F4C31,11904,123195698,0,2998,2920,78,0.00000,2.01143
534F4C31,11905,123205559,0,3001,2915,86,0.00000,2.21773
534F4C31,11906,123215536,0,2996,2912,84,0.00000,2.16615
534F4C31,11907,123225756,0,2985,2916,69,0.00000,1.77934
534F4C31,11908,123235566,0,2990,2914,76,0.00000,1.95985
534F4C31,11909,123245532,0,2983,2913,70,0.00000,1.80513
534F4C31,11909,123255576,0,2989,2917,72,0.00000,1.85670
534F4C31,11910,123265959,0,2999,2917,82,0.00000,2.11458
534F4C31,11911,123275534,0,2995,2915,80,0.00000,2.06300
534F4C31,11912,123285541,0,2989,2912,77,0.00000,1.98564
534F4C31,11913,123295553,0,2986,2914,72,0.00000,1.85670
534F4C31,11914,123305536,0,2997,2910,87,0.00000,2.24352
534F4C31,11915,123315536,0,2995,2912,83,0.00000,2.14037
534F4C31,11916,123325534,0,2979,2916,63,0.00000,1.62462
534F4C31,11917,123335552,0,2987,2918,69,0.00000,1.77934
534F4C31,11918,123345567,0,2993,2908,85,0.00000,2.19194
534F4C31,11919,123355534,0,2991,2915,76,0.00000,1.95985
534F4C31,11920,123365541,0,2991,2910,81,0.00000,2.08879
534F4C31,11921,123375536,0,2985,2912,73,0.00000,1.88249
534F4C31,11922,123385555,0,2989,2911,78,0.00000,2.01143
534F4C31,11923,123395532,0,2993,2909,84,0.00000,2.16615
534F4C31,11924,123405532,0,2992,2913,79,0.00000,2.03722
534F4C31,11925,123415532,0,2989,2910,79,0.00000,2.03722
534F4C31,11926,123425721,0,2991,2911,80,0.00000,2.06300
534F4C31,11927,123435741,0,2987,2912,75,0.00000,1.93407
534F4C31,11928,123445617,0,2993,2913,80,0.00000,2.06300
534F4C31,11929,123455534,0,2998,2909,89,0.00000,2.29509
534F4C31,11930,123465532,0,2993,2911,82,0.00000,2.11458
534F4C31,11931,123475534,0,2990,2911,79,0.00000,2.03722
534F4C31,11932,123485532,0,2990,2906,84,0.00000,2.16615
534F4C31,11933,123495532,0,2996,2910,86,0.00000,2.21773
534F4C31,11934,123505534,0,2984,2911,73,0.00000,1.88249
534F4C31,11935,123515530,0,2997,2909,88,0.00000,2.26930
534F4C31,11936,123525536,0,2995,2909,86,0.00000,2.21773
534F4C31,11937,123535534,0,2991,2912,79,0.00000,2.03722
534F4C31,11938,123545536,0,2996,2909,87,0.00000,2.24352
534F4C31,11939,123555560,0,2987,2908,79,0.00000,2.03722
534F4C31,11940,123565574,0,2989,2909,80,0.00000,2.06300
534F4C31,11941,123575800,0,2991,2909,82,0.00000,2.11458
534F4C31,11942,123585536,0,2995,2911,84,0.00000,2.16615
534F4C31,11943,123595535,0,2981,2907,74,0.00000,1.90828
534F4C31,11944,123605860,0,2994,2909,85,0.00000,2.19194
534F4C31,11945,123615537,0,2999,2908,91,0.00000,2.34667
534F4C31,11946,123625532,0,2982,2915,67,0.00000,1.72777
534F4C31,11947,123635534,0,2993,2910,83,0.00000,2.14037
534F4C31,11948,123645677,0,2987,2910,77,0.00000,1.98564
534F4C31,11949,123655534,0,2997,2910,87,0.00000,2.24352
534F4C31,11950,123665809,0,2998,2913,85,0.00000,2.19194
534F4C31,11951,123675540,0,2985,2912,73,0.00000,1.88249
534F4C31,11952,123685537,0,2984,2907,77,0.00000,1.98564
534F4C31,11953,123695535,0,2997,2910,87,0.00000,2.24352
534F4C31,11954,123705543,0,2983,2907,76,0.00000,1.95985
534F4C31,11955,123715539,0,2983,2911,72,0.00000,1.85670
534F4C31,11956,123725538,0,2989,2909,80,0.00000,2.06300
534F4C31,11956,123735519,0,2990,2913,77,0.00000,1.98564
534F4C31,11956,123745532,0,2986,2912,74,0.00000,1.90828
534F4C31,11957,123755545,0,2987,2911,76,0.00000,1.95985
534F4C31,11958,123765615,0,2994,2913,81,0.00000,2.08879
534F4C31,11959,123775536,0,2992,2910,82,0.00000,2.11458
534F4C31,11960,123785532,0,2990,2909,81,0.00000,2.08879
534F4C31,11961,123795532,0,2994,2913,81,0.00000,2.08879
534F4C31,11962,123805532,0,2996,2912,84,0.00000,2.16615
534F4C31,11963,123815532,0,2996,2907,89,0.00000,2.29509
534F4C31,11964,123825534,0,2993,2913,80,0.00000,2.06300
534F4C31,11965,123835566,0,2990,2912,78,0.00000,2.01143
534F4C31,11966,123845687,0,2990,2912,78,0.00000,2.01143
534F4C31,11967,123855536,0,2997,2911,86,0.00000,2.21773
534F4C31,11968,123865534,0,2992,2913,79,0.00000,2.03722
534F4C31,11969,123875536,0,2989,2913,76,0.00000,1.95985
534F4C31,11970,123885532,0,2997,2909,88,0.00000,2.26930
534F4C31,11971,123895532,0,2994,2911,83,0.00000,2.14037
534F4C31,11972,123905532,0,2991,2912,79,0.00000,2.03722
534F4C31,11973,123915534,0,3004,2909,95,0.00000,2.44982
534F4C31,11974,123926209,0,2990,2910,80,0.00000,2.06300
534F4C31,11975,123935539,0,2995,2915,80,0.00000,2.06300
534F4C31,11976,123945534,0,2992,2907,85,0.00000,2.19194
534F4C31,11977,123955534,0,2983,2914,69,0.00000,1.77934
534F4C31,11978,123965534,0,2995,2914,81,0.00000,2.08879
534F4C31,11979,123975539,0,2992,2911,81,0.00000,2.08879
534F4C31,11980,123985804,0,2998,2907,91,0.00000,2.34667
534F4C31,11981,123995553,0,2984,2910,74,0.00000,1.90828
534F4C31,11982,124005538,0,2993,2912,81,0.00000,2.08879
534F4C31,11983,124015781,0,2997,2912,85,0.00000,2.19194
534F4C31,11984,124025536,0,2987,2908,79,0.00000,2.03722
534F4C31,11985,124035565,0,2995,2914,81,0.00000,2.08879
534F4C31,11986,124045575,0,2982,2911,71,0.00000,1.83092
534F4C31,11986,124055517,0,2989,2919,70,0.00000,1.80513
534F4C31,11987,124065565,0,2991,2909,82,0.00000,2.11458
534F4C31,11988,124075537,0,2996,2914,82,0.00000,2.11458
534F4C31,11989,124085532,0,2986,2912,74,0.00000,1.90828
534F4C31,11990,124095540,0,2992,2910,82,0.00000,2.11458
534F4C31,11991,124105549,0,2996,2913,83,0.00000,2.14037
534F4C31,11992,124115962,0,2992,2908,84,0.00000,2.16615
534F4C31,11993,124125556,0,2986,2909,77,0.00000,1.98564
534F4C31,11994,124135558,0,2990,2906,84,0.00000,2.16615
534F4C31,11995,124145535,0,2992,2904,88,0.00000,2.26930
534F4C31,11996,124155534,0,2984,2907,77,0.00000,1.98564
534F4C31,11997,124165539,0,2989,2908,81,0.00000,2.08879
534F4C31,11998,124175566,0,2988,2907,81,0.00000,2.08879
534F4C31,11999,124185534,0,2998,2908,90,0.00000,2.32088
534F4C31,12000,124195534,0,2994,2905,89,0.00000,2.29509
534F4C31,12001,124205538,0,2986,2907,79,0.00000,2.03722
534F4C31,12002,124215532,0,2986,2907,79,0.00000,2.03722
534F4C31,12003,124225536,0,2994,2903,91,0.00000,2.34667
534F4C31,12004,124235532,0,2999,2905,94,0.00000,2.42403
534F4C31,12005,124245532,0,2999,2911,88,0.00000,2.26930
534F4C31,12006,124255532,0,2990,2907,83,0.00000,2.14037
534F4C31,12007,124265536,0,2993,2907,86,0.00000,2.21773
534F4C31,12008,124275532,0,2991,2907,84,0.00000,2.16615
534F4C31,12009,124285534,0,2990,2907,83,0.00000,2.14037
534F4C31,12010,124295534,0,2991,2909,82,0.00000,2.11458
534F4C31,12011,124305534,0,2993,2912,81,0.00000,2.08879
534F4C31,12012,124315536,0,2996,2905,91,0.00000,2.34667
534F4C31,12013,124325536,0,2995,2910,85,0.00000,2.19194
534F4C31,12014,124335538,0,2994,2907,87,0.00000,2.24352
534F4C31,12015,124345538,0,2989,2906,83,0.00000,2.14037
534F4C31,12015,124355520,0,2986,2908,78,0.00000,2.01143
534F4C31,12016,124365517,0,2986,2906,80,0.00000,2.06300
534F4C31,12017,124375564,0,2979,2907,72,0.00000,1.85670
534F4C31,12017,124385521,0,2980,2911,69,0.00000,1.77934
534F4C31,12018,124395535,0,2988,2903,85,0.00000,2.19194
534F4C31,12019,124405534,0,2991,2909,82,0.00000,2.11458
534F4C31,12020,124415536,0,2989,2905,84,0.00000,2.16615
534F4C31,12021,124425566,0,2992,2910,82,0.00000,2.11458
534F4C31,12022,124435548,0,2991,2907,84,0.00000,2.16615
534F4C31,12023,124445517,0,2996,2912,84,0.00000,2.16615
534F4C31,12024,124455539,0,2988,2904,84,0.00000,2.16615
534F4C31,12025,124465536,0,2992,2908,84,0.00000,2.16615
534F4C31,12026,124475536,0,2989,2909,80,0.00000,2.06300
534F4C31,12027,124485548,0,2996,2908,88,0.00000,2.26930
534F4C31,12028,124495556,0,2997,2910,87,0.00000,2.24352
534F4C31,12029,124505534,0,2989,2904,85,0.00000,2.19194
534F4C31,12030,124515567,0,2991,2905,86,0.00000,2.21773
534F4C31,12031,124525534,0,2994,2904,90,0.00000,2.32088
534F4C31,12032,124535536,0,2995,2906,89,0.00000,2.29509
534F4C31,12033,124545536,0,2992,2906,86,0.00000,2.21773
534F4C31,12034,124555534,0,2995,2910,85,0.00000,2.19194
534F4C31,12035,124565532,0,2991,2905,86,0.00000,2.21773
534F4C31,12036,124575536,0,2981,2903,78,0.00000,2.01143
534F4C31,12037,124585532,0,2997,2903,94,0.00000,2.42403
534F4C31,12038,124595534,0,2990,2907,83,0.00000,2.14037
534F4C31,12039,124605532,0,2990,2908,82,0.00000,2.11458
534F4C31,12040,124615532,0,2997,2906,91,0.00000,2.34667
534F4C31,12041,124625534,0,2996,2907,89,0.00000,2.29509
534F4C31,12042,124635805,0,2993,2905,88,0.00000,2.26930
534F4C31,12043,124645532,0,2995,2907,88,0.00000,2.26930
534F4C31,12044,124655532,0,2992,2908,84,0.00000,2.16615
534F4C31,12045,124665536,0,2989,2907,82,0.00000,2.11458
534F4C31,12046,124675536,0,2985,2906,79,0.00000,2.03722
534F4C31,12047,124685830,0,2990,2906,84,0.00000,2.16615
534F4C31,12048,124695534,0,2998,2911,87,0.00000,2.24352
534F4C31,12049,124705577,0,3003,2908,95,0.00000,2.44982
534F4C31,12050,124715534,0,2998,2910,88,0.00000,2.26930
534F4C31,12051,124725570,0,2988,2911,77,0.00000,1.98564
534F4C31,12052,124735751,0,2990,2911,79,0.00000,2.03722
534F4C31,12053,124745554,0,2996,2908,88,0.00000,2.26930
534F4C31,12054,124755571,0,2998,2904,94,0.00000,2.42403
534F4C31,12055,124765615,0,2994,2907,87,0.00000,2.24352
534F4C31,12056,124775607,0,2990,2911,79,0.00000,2.03722
534F4C31,12057,124785534,0,2995,2909,86,0.00000,2.21773
534F4C31,12058,124795768,0,2992,2908,84,0.00000,2.16615
534F4C31,12058,124805567,0,2999,2906,93,0.00000,2.39824
534F4C31,12059,124815534,0,2984,2906,78,0.00000,2.01143
534F4C31,12060,124825538,0,2995,2908,87,0.00000,2.24352
534F4C31,12061,124835545,0,2994,2903,91,0.00000,2.34667
534F4C31,12062,124845663,0,2986,2907,79,0.00000,2.03722
534F4C31,12063,124855532,0,2995,2902,93,0.00000,2.39824
534F4C31,12064,124865569,0,2991,2900,91,0.00000,2.34667
534F4C31,12065,124875541,0,2993,2904,89,0.00000,2.29509
534F4C31,12066,124885540,0,2990,2902,88,0.00000,2.26930
534F4C31,12067,124895545,0,2994,2904,90,0.00000,2.32088
534F4C31,12067,124905522,0,2990,2905,85,0.00000,2.19194
534F4C31,12068,124915532,0,2993,2901,92,0.00000,2.37245
534F4C31,12069,124925540,0,2985,2904,81,0.00000,2.08879
534F4C31,12070,124935534,0,2996,2908,88,0.00000,2.26930
534F4C31,12071,124945534,0,2997,2901,96,0.00000,2.47560
534F4C31,12072,124955534,0,2989,2906,83,0.00000,2.14037
534F4C31,12073,124965532,0,2994,2904,90,0.00000,2.32088
534F4C31,12074,124975532,0,2990,2907,83,0.00000,2.14037
534F4C31,12075,124985861,0,2990,2903,87,0.00000,2.24352
534F4C31,12076,124995534,0,2985,2901,84,0.00000,2.16615
534F4C31,12077,125005532,0,2996,2907,89,0.00000,2.29509
534F4C31,12078,125015532,0,3003,2900,103,0.00000,2.65612
534F4C31,12079,125025534,0,2994,2905,89,0.00000,2.29509
534F4C31,12080,125035532,0,2993,2902,91,0.00000,2.34667
534F4C31,12081,125045536,0,2990,2901,89,0.00000,2.29509
534F4C31,12082,125055532,0,2987,2903,84,0.00000,2.16615
534F4C31,12083,125066018,0,2988,2905,83,0.00000,2.14037
534F4C31,12084,125076076,0,2986,2907,79,0.00000,2.03722
534F4C31,12085,125085553,0,2988,2901,87,0.00000,2.24352
534F4C31,12086,125095535,0,2993,2900,93,0.00000,2.39824
534F4C31,12087,125105934,0,2994,2905,89,0.00000,2.29509
534F4C31,12088,125115536,0,2992,2905,87,0.00000,2.24352
534F4C31,12089,125125570,0,2991,2905,86,0.00000,2.21773
534F4C31,12090,125135564,0,2989,2904,85,0.00000,2.19194
534F4C31,12090,125145534,0,2995,2903,92,0.00000,2.37245
534F4C31,12091,125155919,0,2986,2901,85,0.00000,2.19194
534F4C31,12092,125165621,0,2988,2899,89,0.00000,2.29509
534F4C31,12092,125175536,0,2991,2906,85,0.00000,2.19194
534F4C31,12093,125185564,0,2995,2901,94,0.00000,2.42403
534F4C31,12094,125195534,0,2990,2901,89,0.00000,2.29509
534F4C31,12095,125205571,0,2988,2904,84,0.00000,2.16615
534F4C31,12095,125215555,0,2993,2906,87,0.00000,2.24352
534F4C31,12096,125225537,0,2998,2906,92,0.00000,2.37245
534F4C31,12097,125235543,0,2994,2902,92,0.00000,2.37245
534F4C31,12098,125245535,0,2992,2906,86,0.00000,2.21773
534F4C31,12099,125255532,0,2985,2905,80,0.00000,2.06300
534F4C31,12100,125265536,0,2992,2903,89,0.00000,2.29509
534F4C31,12101,125275548,0,2991,2902,89,0.00000,2.29509
534F4C31,12102,125285534,0,2992,2904,88,0.00000,2.26930
534F4C31,12103,125295534,0,2999,2900,99,0.00000,2.55297
534F4C31,12104,125305536,0,2985,2902,83,0.00000,2.14037
534F4C31,12105,125315534,0,2995,2905,90,0.00000,2.32088
534F4C31,12106,125325536,0,2995,2904,91,0.00000,2.34667
534F4C31,12107,125335532,0,3009,2907,102,0.00000,2.63033
534F4C31,12108,125345532,0,2996,2902,94,0.00000,2.42403
534F4C31,12109,125355536,0,2992,2900,92,0.00000,2.37245
534F4C31,12110,125365532,0,2989,2903,86,0.00000,2.21773
534F4C31,12111,125375532,0,2993,2902,91,0.00000,2.34667
534F4C31,12112,125385532,0,2988,2902,86,0.00000,2.21773
534F4C31,12113,125395532,0,2997,2903,94,0.00000,2.42403
534F4C31,12114,125405532,0,2998,2904,94,0.00000,2.42403
534F4C31,12115,125415532,0,2993,2902,91,0.00000,2.34667
534F4C31,12116,125425536,0,2995,2902,93,0.00000,2.39824
534F4C31,12117,125435534,0,2996,2901,95,0.00000,2.44982
534F4C31,12118,125445571,0,2989,2906,83,0.00000,2.14037
534F4C31,12119,125455534,0,2989,2903,86,0.00000,2.21773
534F4C31,12120,125465534,0,2990,2904,86,0.00000,2.21773
534F4C31,12121,125475538,0,2995,2905,90,0.00000,2.32088
534F4C31,12122,125485538,0,2991,2904,87,0.00000,2.24352
534F4C31,12123,125495534,0,2994,2905,89,0.00000,2.29509
534F4C31,12124,125505534,0,2992,2899,93,0.00000,2.39824
534F4C31,12125,125515535,0,2989,2904,85,0.00000,2.19194
534F4C31,12126,125525534,0,2983,2901,82,0.00000,2.11458
534F4C31,12127,125535532,0,2999,2901,98,0.00000,2.52718
534F4C31,12128,125545552,0,3003,2900,103,0.00000,2.65612
534F4C31,12129,125555556,0,2990,2903,87,0.00000,2.24352
534F4C31,12129,125565516,0,3006,2900,106,0.00000,2.73348
534F4C31,12130,125575535,0,2990,2899,91,0.00000,2.34667
534F4C31,12130,125585527,0,2992,2895,97,0.00000,2.50139
534F4C31,12130,125595526,0,2993,2897,96,0.00000,2.47560
534F4C31,12130,125605527,0,2988,2897,91,0.00000,2.34667
534F4C31,12131,125615547,0,2996,2896,100,0.00000,2.57875
534F4C31,12132,125625561,0,3001,2900,101,0.00000,2.60454
534F4C31,12133,125635532,0,2990,2898,92,0.00000,2.37245
534F4C31,12134,125645534,0,2988,2899,89,0.00000,2.29509
534F4C31,12135,125655534,0,2991,2901,90,0.00000,2.32088
534F4C31,12136,125665536,0,2996,2897,99,0.00000,2.55297
534F4C31,12137,125675532,0,2993,2899,94,0.00000,2.42403
534F4C31,12138,125685532,0,2989,2900,89,0.00000,2.29509
534F4C31,12139,125695532,0,2988,2900,88,0.00000,2.26930
534F4C31,12140,125705534,0,2991,2896,95,0.00000,2.44982
534F4C31,12141,125715532,0,2997,2896,101,0.00000,2.60454
534F4C31,12142,125725532,0,2986,2898,88,0.00000,2.26930
534F4C31,12143,125735532,0,2997,2897,100,0.00000,2.57875
534F4C31,12144,125745534,0,2989,2897,92,0.00000,2.37245
534F4C31,12145,125755532,0,3001,2898,103,0.00000,2.65612
534F4C31,12146,125765532,0,2993,2895,98,0.00000,2.52718
534F4C31,12147,125775532,0,2985,2899,86,0.00000,2.21773
534F4C31,12148,125785532,0,2983,2898,85,0.00000,2.19194
534F4C31,12149,125795532,0,2989,2898,91,0.00000,2.34667
534F4C31,12150,125805534,0,2986,2900,86,0.00000,2.21773
534F4C31,12151,125815532,0,2995,2903,92,0.00000,2.37245
534F4C31,12152,125825534,0,2993,2899,94,0.00000,2.42403
534F4C31,12153,125835842,0,2995,2900,95,0.00000,2.44982
534F4C31,12154,125846360,0,2989,2902,87,0.00000,2.24352
534F4C31,12155,125855538,0,3000,2902,98,0.00000,2.52718
534F4C31,12156,125865567,0,2987,2902,85,0.00000,2.19194
534F4C31,12157,125875534,0,2995,2900,95,0.00000,2.44982
534F4C31,12158,125885537,0,2999,2901,98,0.00000,2.52718
534F4C31,12159,125895570,0,2999,2902,97,0.00000,2.50139
534F4C31,12160,125905534,0,3000,2899,101,0.00000,2.60454
534F4C31,12161,125916027,0,2999,2902,97,0.00000,2.50139
534F4C31,12162,125925537,0,3003,2898,105,0.00000,2.70769
534F4C31,12163,125935655,0,2993,2900,93,0.00000,2.39824
534F4C31,12164,125945535,0,2992,2900,92,0.00000,2.37245
534F4C31,12165,125955536,0,2990,2897,93,0.00000,2.39824
534F4C31,12166,125965548,0,2990,2900,90,0.00000,2.32088
534F4C31,12167,125975536,0,2994,2898,96,0.00000,2.47560
534F4C31,12168,125985537,0,2982,2900,82,0.00000,2.11458
534F4C31,12169,125995569,0,3000,2896,104,0.00000,2.68190
534F4C31,12170,126005697,0,2995,2899,96,0.00000,2.47560
534F4C31,12170,126015576,0,2994,2900,94,0.00000,2.42403
534F4C31,12171,126025562,0,2994,2899,95,0.00000,2.44982
534F4C31,12172,126035552,0,3000,2900,100,0.00000,2.57875
534F4C31,12173,126045536,0,2995,2898,97,0.00000,2.50139
534F4C31,12174,126055532,0,2994,2897,97,0.00000,2.50139
534F4C31,12175,126065536,0,2997,2899,98,0.00000,2.52718
534F4C31,12176,126075594,0,2991,2898,93,0.00000,2.39824
534F4C31,12177,126085608,0,2994,2899,95,0.00000,2.44982
534F4C31,12178,126095534,0,3003,2896,107,0.00000,2.75927
534F4C31,12179,126105532,0,2985,2899,86,0.00000,2.21773
534F4C31,12180,126115839,0,2999,2900,99,0.00000,2.55297
534F4C31,12181,126125532,0,2997,2903,94,0.00000,2.42403
534F4C31,12182,126135536,0,2997,2895,102,0.00000,2.63033
534F4C31,12183,126145532,0,2992,2896,96,0.00000,2.47560
534F4C31,12184,126155532,0,2986,2892,94,0.00000,2.42403
534F4C31,12185,126165532,0,2982,2896,86,0.00000,2.21773
534F4C31,12186,126175797,0,2995,2897,98,0.00000,2.52718
534F4C31,12187,126185572,0,2990,2894,96,0.00000,2.47560
534F4C31,12188,126195575,0,2989,2896,93,0.00000,2.39824
534F4C31,12189,126205538,0,2995,2903,92,0.00000,2.37245
534F4C31,12190,126215561,0,2993,2899,94,0.00000,2.42403
534F4C31,12191,126225543,0,3003,2898,105,0.00000,2.70769
534F4C31,12192,126235572,0,2999,2898,101,0.00000,2.60454
534F4C31,12193,126245536,0,2989,2895,94,0.00000,2.42403
534F4C31,12194,126255534,0,2987,2898,89,0.00000,2.29509
534F4C31,12195,126265534,0,2993,2892,101,0.00000,2.60454
534F4C31,12196,126275534,0,2992,2898,94,0.00000,2.42403
534F4C31,12197,126285566,0,2998,2898,100,0.00000,2.57875
534F4C31,12198,126295564,0,2992,2894,98,0.00000,2.52718
534F4C31,12199,126305535,0,2990,2896,94,0.00000,2.42403
534F4C31,12199,126315538,0,2991,2895,96,0.00000,2.47560
534F4C31,12200,126325572,0,2987,2897,90,0.00000,2.32088
534F4C31,12201,126335534,0,2988,2899,89,0.00000,2.29509
534F4C31,12201,126345563,0,2999,2895,104,0.00000,2.68190
534F4C31,12201,126355516,0,2987,2897,90,0.00000,2.32088
534F4C31,12202,126365566,0,2997,2894,103,0.00000,2.65612
534F4C31,12203,126375547,0,2992,2898,94,0.00000,2.42403
534F4C31,12204,126385534,0,2999,2895,104,0.00000,2.68190
534F4C31,12205,126395532,0,2985,2896,89,0.00000,2.29509
534F4C31,12206,126405532,0,2999,2898,101,0.00000,2.60454
534F4C31,12207,126415534,0,2988,2899,89,0.00000,2.29509
534F4C31,12208,126425532,0,2989,2898,91,0.00000,2.34667
534F4C31,12209,126435532,0,2994,2895,99,0.00000,2.55297
534F4C31,12210,126445557,0,2995,2895,100,0.00000,2.57875
534F4C31,12211,126455532,0,2994,2898,96,0.00000,2.47560
534F4C31,12212,126465571,0,2986,2896,90,0.00000,2.32088
534F4C31,12213,126475532,0,3001,2898,103,0.00000,2.65612
534F4C31,12214,126485532,0,2996,2898,98,0.00000,2.52718
534F4C31,12215,126495781,0,2999,2896,103,0.00000,2.65612
534F4C31,12216,126505637,0,2999,2896,103,0.00000,2.65612
534F4C31,12217,126515528,0,2986,2896,90,0.00000,2.32088
534F4C31,12218,126525536,0,2992,2895,97,0.00000,2.50139
534F4C31,12219,126535534,0,2999,2900,99,0.00000,2.55297
534F4C31,12220,126545532,0,2998,2895,103,0.00000,2.65612
534F4C31,12221,126555532,0,2986,2895,91,0.00000,2.34667
534F4C31,12222,126565534,0,2984,2899,85,0.00000,2.19194
534F4C31,12223,126576634,0,2983,2895,88,0.00000,2.26930
534F4C31,12224,126585602,0,2993,2897,96,0.00000,2.47560
534F4C31,12225,126595565,0,2992,2898,94,0.00000,2.42403
534F4C31,12226,126605635,0,2997,2895,102,0.00000,2.63033
534F4C31,12227,126615537,0,2985,2896,89,0.00000,2.29509
534F4C31,12228,126625571,0,2984,2892,92,0.00000,2.37245
534F4C31,12228,126635541,0,3004,2895,109,0.00000,2.81084
534F4C31,12229,126645534,0,2995,2894,101,0.00000,2.60454
534F4C31,12230,126655535,0,2996,2897,99,0.00000,2.55297
534F4C31,12231,126665574,0,2991,2896,95,0.00000,2.44982
534F4C31,12232,126675538,0,3000,2895,105,0.00000,2.70769
534F4C31,12233,126685587,0,2990,2897,93,0.00000,2.39824
534F4C31,12234,126695567,0,2995,2892,103,0.00000,2.65612
534F4C31,12235,126705532,0,2987,2894,93,0.00000,2.39824
534F4C31,12236,126715737,0,2996,2892,104,0.00000,2.68190
534F4C31,12237,126725577,0,2990,2893,97,0.00000,2.50139
534F4C31,12238,126735534,0,2994,2895,99,0.00000,2.55297
534F4C31,12239,126745537,0,2992,2897,95,0.00000,2.44982
534F4C31,12240,126755537,0,2996,2898,98,0.00000,2.52718
534F4C31,12241,126765535,0,2990,2895,95,0.00000,2.44982
534F4C31,12242,126775840,0,2987,2894,93,0.00000,2.39824
534F4C31,12243,126785551,0,2993,2896,97,0.00000,2.50139
534F4C31,12244,126795532,0,3002,2897,105,0.00000,2.70769
534F4C31,12245,126805532,0,2995,2898,97,0.00000,2.50139
534F4C31,12246,126815536,0,2995,2895,100,0.00000,2.57875
534F4C31,12247,126825534,0,2989,2896,93,0.00000,2.39824
534F4C31,12248,126835534,0,2998,2893,105,0.00000,2.70769
534F4C31,12249,126845857,0,2987,2892,95,0.00000,2.44982
534F4C31,12250,126855536,0,2987,2892,95,0.00000,2.44982
534F4C31,12251,126865532,0,2993,2892,101,0.00000,2.60454
534F4C31,12252,126875534,0,2992,2893,99,0.00000,2.55297
534F4C31,12253,126885536,0,2995,2890,105,0.00000,2.70769
534F4C31,12254,126895534,0,2992,2892,100,0.00000,2.57875
534F4C31,12255,126905532,0,2999,2892,107,0.00000,2.75927
534F4C31,12256,126915536,0,2994,2892,102,0.00000,2.63033
534F4C31,12257,126925871,0,2999,2892,107,0.00000,2.75927
534F4C31,12258,126935536,0,2987,2893,94,0.00000,2.42403
534F4C31,12259,126945534,0,3004,2893,111,0.00000,2.86242
534F4C31,12260,126955536,0,2981,2892,89,0.00000,2.29509
534F4C31,12261,126965536,0,2992,2891,101,0.00000,2.60454
534F4C31,12262,126975536,0,2998,2891,107,0.00000,2.75927
534F4C31,12263,126985534,0,2989,2890,99,0.00000,2.55297
534F4C31,12264,126995908,0,2993,2893,100,0.00000,2.57875
534F4C31,12265,127005556,0,2997,2891,106,0.00000,2.73348
534F4C31,12266,127015571,0,2997,2889,108,0.00000,2.78505
534F4C31,12267,127025894,0,2990,2893,97,0.00000,2.50139
534F4C31,12268,127035566,0,2990,2888,102,0.00000,2.63033
534F4C31,12269,127045535,0,2992,2885,107,0.00000,2.75927
534F4C31,12270,127055537,0,2992,2895,97,0.00000,2.50139
534F4C31,12271,127065575,0,2995,2889,106,0.00000,2.73348
534F4C31,12272,127075572,0,2998,2895,103,0.00000,2.65612
534F4C31,12273,127085557,0,2988,2888,100,0.00000,2.57875
534F4C31,12274,127095537,0,2992,2895,97,0.00000,2.50139
534F4C31,12275,127106466,0,2994,2890,104,0.00000,2.68190
534F4C31,12275,127115526,0,2991,2886,105,0.00000,2.70769
534F4C31,12276,127125539,0,2991,2893,98,0.00000,2.52718
534F4C31,12277,127135535,0,2993,2890,103,0.00000,2.65612
534F4C31,12277,127145521,0,2995,2892,103,0.00000,2.65612
534F4C31,12278,127155583,0,2987,2892,95,0.00000,2.44982
534F4C31,12279,127165535,0,2993,2892,101,0.00000,2.60454
534F4C31,12280,127175534,0,2994,2895,99,0.00000,2.55297
534F4C31,12281,127185540,0,2983,2891,92,0.00000,2.37245
534F4C31,12282,127195539,0,2999,2890,109,0.00000,2.81084
534F4C31,12283,127205789,0,2994,2895,99,0.00000,2.55297
534F4C31,12284,127215562,0,2986,2894,92,0.00000,2.37245
534F4C31,12285,127225532,0,2994,2894,100,0.00000,2.57875
534F4C31,12286,127235532,0,2995,2895,100,0.00000,2.57875
534F4C31,12287,127245895,0,2991,2890,101,0.00000,2.60454
534F4C31,12288,127255532,0,2991,2893,98,0.00000,2.52718
534F4C31,12289,127265536,0,2992,2890,102,0.00000,2.63033
534F4C31,12290,127275534,0,2988,2892,96,0.00000,2.47560
534F4C31,12291,127285534,0,2996,2896,100,0.00000,2.57875
534F4C31,12292,127295791,0,2991,2893,98,0.00000,2.52718
534F4C31,12293,127305532,0,2999,2894,105,0.00000,2.70769
534F4C31,12294,127315534,0,2988,2892,96,0.00000,2.47560
534F4C31,12295,127325536,0,3002,2891,111,0.00000,2.86242
534F4C31,12296,127335557,0,2997,2892,105,0.00000,2.70769
534F4C31,12297,127345566,0,3002,2890,112,0.00000,2.88821
534F4C31,12298,127355534,0,2991,2891,100,0.00000,2.57875
534F4C31,12299,127365534,0,3004,2891,113,0.00000,2.91399
534F4C31,12300,127375535,0,2989,2892,97,0.00000,2.50139
534F4C31,12301,127385534,0,2992,2892,100,0.00000,2.57875
534F4C31,12302,127395528,0,2996,2891,105,0.00000,2.70769
534F4C31,12303,127405938,0,2984,2889,95,0.00000,2.44982
534F4C31,12303,127415535,0,2991,2891,100,0.00000,2.57875
534F4C31,12304,127425535,0,2989,2895,94,0.00000,2.42403
534F4C31,12305,127435565,0,3004,2892,112,0.00000,2.88821
534F4C31,12306,127446452,0,2987,2892,95,0.00000,2.44982
534F4C31,12307,127455535,0,2996,2892,104,0.00000,2.68190
534F4C31,12307,127465516,0,2987,2894,93,0.00000,2.39824
534F4C31,12307,127475519,0,2987,2890,97,0.00000,2.50139
534F4C31,12307,127485518,0,2989,2893,96,0.00000,2.47560
534F4C31,12307,127495518,0,2990,2893,97,0.00000,2.50139
534F4C31,12308,127505544,0,2993,2893,100,0.00000,2.57875
534F4C31,12309,127515551,0,2994,2889,105,0.00000,2.70769
534F4C31,12309,127525532,0,3002,2893,109,0.00000,2.81084
534F4C31,12310,127535579,0,2996,2892,104,0.00000,2.68190
534F4C31,12311,127545590,0,2992,2889,103,0.00000,2.65612
534F4C31,12312,127555816,0,2996,2895,101,0.00000,2.60454
534F4C31,12313,127565564,0,2992,2896,96,0.00000,2.47560
534F4C31,12314,127575549,0,2999,2886,113,0.00000,2.91399
534F4C31,12314,127585518,0,2993,2888,105,0.00000,2.70769
534F4C31,12315,127595532,0,2992,2885,107,0.00000,2.75927
534F4C31,12316,127605534,0,2992,2884,108,0.00000,2.78505
534F4C31,12317,127615536,0,2995,2894,101,0.00000,2.60454
534F4C31,12318,127625532,0,2990,2890,100,0.00000,2.57875
534F4C31,12319,127635532,0,2990,2892,98,0.00000,2.52718
534F4C31,12320,127645532,0,2997,2892,105,0.00000,2.70769
534F4C31,12321,127655534,0,2998,2888,110,0.00000,2.83663
534F4C31,12322,127665531,0,2995,2887,108,0.00000,2.78505
534F4C31,12323,127675534,0,2996,2887,109,0.00000,2.81084
534F4C31,12324,127685534,0,2991,2891,100,0.00000,2.57875
534F4C31,12325,127695571,0,2988,2888,100,0.00000,2.57875
534F4C31,12326,127705536,0,2987,2888,99,0.00000,2.55297
534F4C31,12327,127716090,0,2991,2888,103,0.00000,2.65612
534F4C31,12328,127725542,0,2997,2885,112,0.00000,2.88821
534F4C31,12329,127735537,0,2995,2886,109,0.00000,2.81084
534F4C31,12330,127745534,0,2996,2886,110,0.00000,2.83663
534F4C31,12331,127755657,0,2994,2891,103,0.00000,2.65612
534F4C31,12332,127765550,0,2993,2887,106,0.00000,2.73348
534F4C31,12333,127775537,0,2996,2882,114,0.00000,2.93978
534F4C31,12334,127785534,0,2997,2888,109,0.00000,2.81084
534F4C31,12334,127795532,0,2998,2890,108,0.00000,2.78505
534F4C31,12335,127805574,0,2991,2887,104,0.00000,2.68190
534F4C31,12335,127815532,0,2994,2884,110,0.00000,2.83663
534F4C31,12336,127825534,0,2990,2889,101,0.00000,2.60454
534F4C31,12337,127835556,0,2997,2888,109,0.00000,2.81084
534F4C31,12338,127845568,0,2991,2884,107,0.00000,2.75927
534F4C31,12339,127855538,0,2993,2887,106,0.00000,2.73348
534F4C31,12340,127865798,0,2993,2886,107,0.00000,2.75927
534F4C31,12341,127875534,0,2991,2887,104,0.00000,2.68190
534F4C31,12342,127885542,0,2986,2890,96,0.00000,2.47560
534F4C31,12343,127895535,0,3002,2887,115,0.00000,2.96557
534F4C31,12344,127905566,0,2997,2889,108,0.00000,2.78505
534F4C31,12345,127915559,0,3001,2891,110,0.00000,2.83663
534F4C31,12346,127925536,0,2997,2886,111,0.00000,2.86242
534F4C31,12347,127935797,0,3003,2893,110,0.00000,2.83663
534F4C31,12348,127945570,0,2988,2888,100,0.00000,2.57875
534F4C31,12349,127955553,0,2989,2885,104,0.00000,2.68190
534F4C31,12350,127965559,0,3000,2889,111,0.00000,2.86242
534F4C31,12351,127975534,0,2992,2889,103,0.00000,2.65612
534F4C31,12352,127985571,0,2985,2890,95,0.00000,2.44982
534F4C31,12353,127996257,0,2983,2890,93,0.00000,2.39824
534F4C31,12354,128005536,0,2992,2883,109,0.00000,2.81084
534F4C31,12355,128015543,0,2996,2887,109,0.00000,2.81084
534F4C31,12356,128025561,0,2992,2884,108,0.00000,2.78505
534F4C31,12357,128035531,0,2995,2890,105,0.00000,2.70769
534F4C31,12358,128045534,0,2994,2886,108,0.00000,2.78505
534F4C31,12359,128055566,0,2993,2888,105,0.00000,2.70769
534F4C31,12360,128065534,0,2997,2890,107,0.00000,2.75927
534F4C31,12361,128075568,0,3003,2886,117,0.00000,3.01714
534F4C31,12362,128085598,0,2999,2888,111,0.00000,2.86242
534F4C31,12363,128095601,0,2994,2888,106,0.00000,2.73348
534F4C31,12364,128105534,0,2993,2884,109,0.00000,2.81084
534F4C31,12365,128115663,0,2987,2889,98,0.00000,2.52718
534F4C31,12366,128125574,0,2994,2889,105,0.00000,2.70769
534F4C31,12367,128135868,0,2994,2889,105,0.00000,2.70769
534F4C31,12368,128145534,0,2994,2889,105,0.00000,2.70769
534F4C31,12369,128155568,0,2990,2890,100,0.00000,2.57875
534F4C31,12370,128165566,0,2996,2890,106,0.00000,2.73348
534F4C31,12371,128175778,0,2992,2889,103,0.00000,2.65612
534F4C31,12372,128185534,0,3001,2891,110,0.00000,2.83663
534F4C31,12373,128195541,0,2994,2888,106,0.00000,2.73348
534F4C31,12374,128205570,0,3000,2889,111,0.00000,2.86242
534F4C31,12375,128215568,0,2994,2886,108,0.00000,2.78505
534F4C31,12376,128225536,0,2996,2888,108,0.00000,2.78505
534F4C31,12377,128235556,0,2997,2883,114,0.00000,2.93978
534F4C31,12378,128245645,0,2996,2882,114,0.00000,2.93978
534F4C31,12379,128255583,0,2997,2880,117,0.00000,3.01714
534F4C31,12380,128265572,0,2991,2880,111,0.00000,2.86242
534F4C31,12381,128276016,0,2999,2883,116,0.00000,2.99136
534F4C31,12382,128285769,0,2998,2885,113,0.00000,2.91399
534F4C31,12383,128295536,0,2985,2883,102,0.00000,2.63033
534F4C31,12384,128305540,0,3000,2881,119,0.00000,3.06872
534F4C31,12385,128315551,0,3000,2887,113,0.00000,2.91399
534F4C31,12386,128325564,0,3006,2885,121,0.00000,3.12029
534F4C31,12387,128335561,0,2998,2878,120,0.00000,3.09451
534F4C31,12388,128345608,0,2997,2881,116,0.00000,2.99136
534F4C31,12389,128355541,0,2992,2882,110,0.00000,2.83663
534F4C31,12390,128365545,0,2994,2881,113,0.00000,2.91399
534F4C31,12391,128375538,0,2998,2886,112,0.00000,2.88821
534F4C31,12392,128385545,0,2996,2882,114,0.00000,2.93978
534F4C31,12393,128395563,0,2989,2878,111,0.00000,2.86242
534F4C31,12394,128405535,0,2994,2884,110,0.00000,2.83663
534F4C31,12395,128415562,0,2995,2884,111,0.00000,2.86242
534F4C31,12396,128425553,0,2997,2883,114,0.00000,2.93978
534F4C31,12397,128435695,0,3003,2882,121,0.00000,3.12029
534F4C31,12398,128445574,0,2983,2881,102,0.00000,2.63033
534F4C31,12399,128455534,0,2992,2879,113,0.00000,2.91399
534F4C31,12400,128465535,0,2992,2881,111,0.00000,2.86242
534F4C31,12401,128475568,0,2990,2881,109,0.00000,2.81084
534F4C31,12402,128486067,0,2997,2883,114,0.00000,2.93978
534F4C31,12403,128495569,0,2988,2886,102,0.00000,2.63033
534F4C31,12404,128505538,0,2995,2885,110,0.00000,2.83663
534F4C31,12405,128515542,0,3002,2880,122,0.00000,3.14608
534F4C31,12406,128526068,0,2994,2882,112,0.00000,2.88821
534F4C31,12407,128535572,0,2993,2879,114,0.00000,2.93978
534F4C31,12408,128545538,0,2990,2879,111,0.00000,2.86242
534F4C31,12409,128555553,0,3000,2886,114,0.00000,2.93978
534F4C31,12410,128565796,0,2994,2880,114,0.00000,2.93978
534F4C31,12411,128575536,0,2991,2881,110,0.00000,2.83663
534F4C31,12412,128585541,0,2994,2887,107,0.00000,2.75927
534F4C31,12413,128595790,0,2987,2884,103,0.00000,2.65612
534F4C31,12414,128605536,0,2994,2880,114,0.00000,2.93978
534F4C31,12415,128615562,0,3004,2881,123,0.00000,3.17187
534F4C31,12416,128625536,0,2996,2885,111,0.00000,2.86242
534F4C31,12417,128635546,0,2989,2886,103,0.00000,2.65612
534F4C31,12418,128645547,0,2995,2880,115,0.00000,2.96557
534F4C31,12419,128655563,0,2994,2878,116,0.00000,2.99136
534F4C31,12420,128665560,0,2995,2882,113,0.00000,2.91399
534F4C31,12421,128675582,0,2988,2880,108,0.00000,2.78505
534F4C31,12422,128685566,0,2991,2880,111,0.00000,2.86242
534F4C31,12423,128695868,0,2984,2888,96,0.00000,2.47560
534F4C31,12424,128705571,0,2992,2885,107,0.00000,2.75927
534F4C31,12425,128715532,0,2994,2881,113,0.00000,2.91399
534F4C31,12426,128725534,0,2998,2880,118,0.00000,3.04293
534F4C31,12427,128735534,0,2996,2886,110,0.00000,2.83663
534F4C31,12428,128745534,0,2992,2887,105,0.00000,2.70769
534F4C31,12429,128755729,0,2989,2885,104,0.00000,2.68190
534F4C31,12430,128765554,0,2995,2880,115,0.00000,2.96557
534F4C31,12431,128775534,0,2994,2880,114,0.00000,2.93978
534F4C31,12432,128785650,0,2999,2883,116,0.00000,2.99136
534F4C31,12433,128795573,0,3002,2881,121,0.00000,3.12029
534F4C31,12434,128805534,0,2993,2881,112,0.00000,2.88821
534F4C31,12435,128815536,0,2990,2882,108,0.00000,2.78505
534F4C31,12436,128826138,0,2992,2880,112,0.00000,2.88821
534F4C31,12437,128835568,0,2991,2882,109,0.00000,2.81084
534F4C31,12438,128845536,0,2994,2883,111,0.00000,2.86242
534F4C31,12439,128855559,0,2996,2883,113,0.00000,2.91399
534F4C31,12440,128865570,0,2992,2880,112,0.00000,2.88821
534F4C31,12441,128875536,0,2995,2880,115,0.00000,2.96557
534F4C31,12442,128885534,0,2990,2884,106,0.00000,2.73348
534F4C31,12443,128895571,0,2994,2883,111,0.00000,2.86242
534F4C31,12444,128905550,0,2994,2886,108,0.00000,2.78505
534F4C31,12445,128915559,0,2991,2882,109,0.00000,2.81084
534F4C31,12446,128925810,0,2994,2879,115,0.00000,2.96557
534F4C31,12447,128935538,0,3001,2880,121,0.00000,3.12029
534F4C31,12448,128945532,0,2996,2883,113,0.00000,2.91399
534F4C31,12449,128955556,0,2998,2886,112,0.00000,2.88821
534F4C31,12450,128965534,0,2999,2883,116,0.00000,2.99136
534F4C31,12451,128975534,0,2996,2877,119,0.00000,3.06872
534F4C31,12452,128985571,0,2991,2880,111,0.00000,2.86242
534F4C31,12453,128995534,0,3002,2883,119,0.00000,3.06872
534F4C31,12454,129005541,0,3001,2877,124,0.00000,3.19766
534F4C31,12455,129015838,0,2998,2874,124,0.00000,3.19766
534F4C31,12456,129025574,0,2994,2884,110,0.00000,2.83663
534F4C31,12457,129035539,0,3000,2878,122,0.00000,3.14608
534F4C31,12458,129045537,0,3000,2883,117,0.00000,3.01714
534F4C31,12459,129055536,0,2997,2875,122,0.00000,3.14608
534F4C31,12460,129065536,0,2991,2875,116,0.00000,2.99136
534F4C31,12461,129075536,0,2993,2880,113,0.00000,2.91399
534F4C31,12462,129086063,0,2996,2878,118,0.00000,3.04293
534F4C31,12463,129095567,0,2994,2878,116,0.00000,2.99136
534F4C31,12464,129105566,0,2995,2879,116,0.00000,2.99136
534F4C31,12465,129115569,0,2995,2877,118,0.00000,3.04293
534F4C31,12466,129125567,0,2991,2879,112,0.00000,2.88821
534F4C31,12467,129135557,0,2984,2875,109,0.00000,2.81084
534F4C31,12468,129145566,0,2996,2880,116,0.00000,2.99136
534F4C31,12469,129155547,0,3001,2879,122,0.00000,3.14608
534F4C31,12470,129165565,0,2999,2881,118,0.00000,3.04293
534F4C31,12471,129175555,0,2998,2881,117,0.00000,3.01714
534F4C31,12472,129185535,0,2995,2878,117,0.00000,3.01714
534F4C31,12473,129195539,0,2990,2876,114,0.00000,2.93978
534F4C31,12474,129205567,0,2993,2875,118,0.00000,3.04293
534F4C31,12475,129215540,0,2996,2879,117,0.00000,3.01714
534F4C31,12476,129225537,0,2986,2877,109,0.00000,2.81084
534F4C31,12477,129235642,0,2994,2882,112,0.00000,2.88821
534F4C31,12478,129245534,0,2992,2878,114,0.00000,2.93978
534F4C31,12479,129256001,0,2992,2879,113,0.00000,2.91399
534F4C31,12480,129265590,0,2987,2880,107,0.00000,2.75927
534F4C31,12481,129275567,0,2982,2876,106,0.00000,2.73348
534F4C31,12482,129285545,0,2992,2877,115,0.00000,2.96557
534F4C31,12483,129295550,0,2993,2877,116,0.00000,2.99136
534F4C31,12484,129305559,0,2999,2876,123,0.00000,3.17187
534F4C31,12485,129315594,0,2985,2880,105,0.00000,2.70769
534F4C31,12486,129325951,0,2995,2879,116,0.00000,2.99136
534F4C31,12487,129335536,0,2993,2877,116,0.00000,2.99136
534F4C31,12488,129345536,0,2990,2878,112,0.00000,2.88821
534F4C31,12489,129355562,0,2996,2874,122,0.00000,3.14608
534F4C31,12490,129365668,0,2992,2882,110,0.00000,2.83663
534F4C31,12491,129375534,0,2989,2881,108,0.00000,2.78505
534F4C31,12492,129385568,0,2998,2878,120,0.00000,3.09451
534F4C31,12493,129395556,0,2991,2877,114,0.00000,2.93978
534F4C31,12494,129405568,0,2988,2879,109,0.00000,2.81084
534F4C31,12495,129415569,0,2990,2876,114,0.00000,2.93978
534F4C31,12496,129425845,0,2992,2874,118,0.00000,3.04293
534F4C31,12497,129435613,0,2997,2879,118,0.00000,3.04293
534F4C31,12498,129445981,0,2992,2878,114,0.00000,2.93978
534F4C31,12499,129455574,0,2994,2876,118,0.00000,3.04293
534F4C31,12500,129465570,0,2988,2877,111,0.00000,2.86242
534F4C31,12501,129475535,0,2994,2876,118,0.00000,3.04293
534F4C31,12502,129485569,0,2991,2877,114,0.00000,2.93978
534F4C31,12503,129495535,0,2981,2877,104,0.00000,2.68190
534F4C31,12504,129505539,0,2996,2876,120,0.00000,3.09451
534F4C31,12505,129515743,0,2988,2879,109,0.00000,2.81084
534F4C31,12506,129525543,0,2996,2876,120,0.00000,3.09451
534F4C31,12507,129535534,0,2990,2876,114,0.00000,2.93978
534F4C31,12508,129545560,0,2996,2878,118,0.00000,3.04293
534F4C31,12509,129555535,0,2990,2881,109,0.00000,2.81084
534F4C31,12510,129565571,0,2992,2879,113,0.00000,2.91399
534F4C31,12511,129576014,0,2997,2876,121,0.00000,3.12029
534F4C31,12512,129585534,0,3001,2880,121,0.00000,3.12029
534F4C31,12513,129595546,0,3000,2880,120,0.00000,3.09451
534F4C31,12514,129605851,0,2995,2878,117,0.00000,3.01714
534F4C31,12515,129615574,0,2999,2879,120,0.00000,3.09451
534F4C31,12516,129625534,0,2992,2882,110,0.00000,2.83663
534F4C31,12517,129635546,0,2993,2876,117,0.00000,3.01714
534F4C31,12518,129645556,0,2990,2874,116,0.00000,2.99136
534F4C31,12519,129655543,0,2984,2878,106,0.00000,2.73348
534F4C31,12520,129665532,0,2996,2878,118,0.00000,3.04293
534F4C31,12521,129675625,0,2990,2879,111,0.00000,2.86242
534F4C31,12522,129685570,0,2994,2879,115,0.00000,2.96557
534F4C31,12523,129695557,0,2993,2879,114,0.00000,2.93978
534F4C31,12524,129705537,0,2987,2880,107,0.00000,2.75927
534F4C31,12525,129716052,0,2996,2878,118,0.00000,3.04293
534F4C31,12526,129726026,0,3001,2880,121,0.00000,3.12029
534F4C31,12527,129735536,0,2992,2878,114,0.00000,2.93978
534F4C31,12528,129745544,0,2990,2875,115,0.00000,2.96557
534F4C31,12529,129755705,0,2994,2877,117,0.00000,3.01714
534F4C31,12530,129765541,0,2988,2874,114,0.00000,2.93978
534F4C31,12531,129775534,0,2998,2873,125,0.00000,3.22344
534F4C31,12532,129785547,0,2994,2874,120,0.00000,3.09451
534F4C31,12533,129795536,0,2999,2873,126,0.00000,3.24923
534F4C31,12534,129805560,0,2997,2876,121,0.00000,3.12029
534F4C31,12535,129815571,0,2994,2873,121,0.00000,3.12029
534F4C31,12536,129825537,0,2989,2877,112,0.00000,2.88821
534F4C31,12537,129835566,0,2996,2871,125,0.00000,3.22344
534F4C31,12538,129845542,0,2987,2877,110,0.00000,2.83663
534F4C31,12539,129855559,0,2995,2876,119,0.00000,3.06872
534F4C31,12540,129865535,0,2993,2876,117,0.00000,3.01714
534F4C31,12541,129875534,0,2991,2873,118,0.00000,3.04293
534F4C31,12542,129885534,0,2997,2872,125,0.00000,3.22344
534F4C31,12543,129895535,0,2989,2875,114,0.00000,2.93978
534F4C31,12544,129905668,0,2989,2872,117,0.00000,3.01714
534F4C31,12545,129915538,0,2991,2871,120,0.00000,3.09451
534F4C31,12546,129925534,0,2988,2875,113,0.00000,2.91399
534F4C31,12547,129935600,0,2999,2874,125,0.00000,3.22344
534F4C31,12548,129945625,0,2993,2874,119,0.00000,3.06872
534F4C31,12549,129955560,0,2987,2870,117,0.00000,3.01714
534F4C31,12550,129965568,0,2995,2876,119,0.00000,3.06872
534F4C31,12551,129975535,0,2995,2874,121,0.00000,3.12029
534F4C31,12552,129985536,0,2993,2872,121,0.00000,3.12029
534F4C31,12553,129996592,0,2987,2874,113,0.00000,2.91399
534F4C31,12554,130005532,0,2990,2872,118,0.00000,3.04293
534F4C31,12555,130015534,0,2993,2877,116,0.00000,2.99136
534F4C31,12556,130025638,0,2993,2873,120,0.00000,3.09451
534F4C31,12557,130035567,0,2987,2871,116,0.00000,2.99136
534F4C31,12558,130045536,0,2996,2875,121,0.00000,3.12029
534F4C31,12559,130055534,0,2999,2874,125,0.00000,3.22344
534F4C31,12560,130065534,0,3000,2875,125,0.00000,3.22344
534F4C31,12561,130075540,0,2996,2878,118,0.00000,3.04293
534F4C31,12562,130085571,0,2988,2871,117,0.00000,3.01714
534F4C31,12563,130095711,0,2994,2873,121,0.00000,3.12029
534F4C31,12564,130105537,0,2996,2872,124,0.00000,3.19766
534F4C31,12565,130115666,0,2998,2868,130,0.00000,3.35238
534F4C31,12566,130125538,0,2997,2874,123,0.00000,3.17187
534F4C31,12567,130135559,0,2990,2872,118,0.00000,3.04293
534F4C31,12568,130145536,0,2990,2871,119,0.00000,3.06872
534F4C31,12569,130155536,0,2997,2871,126,0.00000,3.24923
534F4C31,12570,130165534,0,2995,2877,118,0.00000,3.04293
534F4C31,12571,130175536,0,2990,2873,117,0.00000,3.01714
534F4C31,12572,130185536,0,2992,2875,117,0.00000,3.01714
534F4C31,12573,130195566,0,2995,2874,121,0.00000,3.12029
534F4C31,12574,130205570,0,2998,2877,121,0.00000,3.12029
534F4C31,12575,130215536,0,2991,2874,117,0.00000,3.01714
534F4C31,12576,130225535,0,2991,2874,117,0.00000,3.01714
534F4C31,12577,130235535,0,2994,2873,121,0.00000,3.12029
534F4C31,12578,130245570,0,2996,2873,123,0.00000,3.17187
534F4C31,12579,130255562,0,2988,2873,115,0.00000,2.96557
534F4C31,12580,130265545,0,2988,2874,114,0.00000,2.93978
534F4C31,12581,130275566,0,2995,2876,119,0.00000,3.06872
534F4C31,12582,130285534,0,2995,2874,121,0.00000,3.12029
534F4C31,12583,130295538,0,2990,2874,116,0.00000,2.99136
534F4C31,12584,130305546,0,2993,2874,119,0.00000,3.06872
534F4C31,12585,130315757,0,2992,2874,118,0.00000,3.04293
534F4C31,12586,130325536,0,2996,2874,122,0.00000,3.14608
534F4C31,12587,130335546,0,2995,2870,125,0.00000,3.22344
534F4C31,12588,130345817,0,2997,2874,123,0.00000,3.17187
534F4C31,12589,130355539,0,2993,2877,116,0.00000,2.99136
534F4C31,12590,130365539,0,2993,2873,120,0.00000,3.09451
534F4C31,12591,130375550,0,2996,2874,122,0.00000,3.14608
534F4C31,12592,130385534,0,2995,2871,124,0.00000,3.19766
534F4C31,12593,130395536,0,2995,2876,119,0.00000,3.06872
534F4C31,12594,130405557,0,2991,2872,119,0.00000,3.06872
534F4C31,12595,130415534,0,3000,2874,126,0.00000,3.24923
534F4C31,12596,130425544,0,2990,2874,116,0.00000,2.99136
534F4C31,12597,130435539,0,2994,2875,119,0.00000,3.06872
534F4C31,12598,130445538,0,2988,2874,114,0.00000,2.93978
534F4C31,12599,130455565,0,2993,2878,115,0.00000,2.96557
534F4C31,12600,130465561,0,2996,2879,117,0.00000,3.01714
534F4C31,12601,130475534,0,2996,2876,120,0.00000,3.09451
534F4C31,12602,130485539,0,2996,2872,124,0.00000,3.19766
534F4C31,12603,130495719,0,2998,2876,122,0.00000,3.14608
534F4C31,12604,130505541,0,3007,2873,134,0.00000,3.45553
534F4C31,12605,130515538,0,2996,2872,124,0.00000,3.19766
534F4C31,12606,130525557,0,2997,2875,122,0.00000,3.14608
534F4C31,12607,130535665,0,2994,2874,120,0.00000,3.09451
534F4C31,12608,130545534,0,2992,2869,123,0.00000,3.17187
534F4C31,12609,130555532,0,2996,2871,125,0.00000,3.22344
534F4C31,12610,130565567,0,2992,2871,121,0.00000,3.12029
534F4C31,12611,130575556,0,2990,2875,115,0.00000,2.96557
534F4C31,12612,130585534,0,2998,2868,130,0.00000,3.35238
534F4C31,12613,130595556,0,2994,2870,124,0.00000,3.19766
534F4C31,12614,130605567,0,2994,2869,125,0.00000,3.22344
534F4C31,12615,130615535,0,2991,2871,120,0.00000,3.09451
534F4C31,12616,130625534,0,3000,2868,132,0.00000,3.40396
534F4C31,12617,130635536,0,2992,2870,122,0.00000,3.14608
534F4C31,12618,130645536,0,2989,2867,122,0.00000,3.14608
534F4C31,12619,130655560,0,2997,2870,127,0.00000,3.27502
534F4C31,12620,130665572,0,2991,2870,121,0.00000,3.12029
534F4C31,12621,130675562,0,2999,2867,132,0.00000,3.40396
534F4C31,12622,130685566,0,2985,2872,113,0.00000,2.91399
534F4C31,12623,130695624,0,2990,2871,119,0.00000,3.06872
534F4C31,12624,130705572,0,2981,2872,109,0.00000,2.81084
534F4C31,12625,130715536,0,2982,2870,112,0.00000,2.88821
534F4C31,12626,130725534,0,3001,2871,130,0.00000,3.35238
534F4C31,12627,130735546,0,2993,2869,124,0.00000,3.19766
534F4C31,12628,130745534,0,2994,2869,125,0.00000,3.22344
534F4C31,12629,130755963,0,3003,2868,135,0.00000,3.48132
534F4C31,12630,130765671,0,2993,2866,127,0.00000,3.27502
534F4C31,12631,130775562,0,3001,2872,129,0.00000,3.32659
534F4C31,12632,130785574,0,2997,2870,127,0.00000,3.27502
534F4C31,12633,130795563,0,2997,2865,132,0.00000,3.40396
534F4C31,12634,130805566,0,2988,2869,119,0.00000,3.06872
534F4C31,12635,130815565,0,2994,2871,123,0.00000,3.17187
534F4C31,12636,130825532,0,2987,2879,108,0.00000,2.78505
534F4C31,12637,130835534,0,2980,2871,109,0.00000,2.81084
534F4C31,12638,130845534,0,2983,2868,115,0.00000,2.96557
534F4C31,12639,130855535,0,2986,2867,119,0.00000,3.06872
534F4C31,12640,130865558,0,2996,2868,128,0.00000,3.30081
534F4C31,12641,130875577,0,2993,2869,124,0.00000,3.19766
534F4C31,12642,130885567,0,2987,2866,121,0.00000,3.12029
534F4C31,12643,130895534,0,2990,2869,121,0.00000,3.12029
534F4C31,12644,130905879,0,2993,2873,120,0.00000,3.09451
534F4C31,12645,130915564,0,2990,2871,119,0.00000,3.06872
534F4C31,12646,130925568,0,2987,2868,119,0.00000,3.06872
534F4C31,12647,130935741,0,2990,2872,118,0.00000,3.04293
534F4C31,12648,130945567,0,2989,2870,119,0.00000,3.06872
534F4C31,12649,130955565,0,2988,2870,118,0.00000,3.04293
534F4C31,12650,130965570,0,2994,2868,126,0.00000,3.24923
534F4C31,12651,130975558,0,2985,2871,114,0.00000,2.93978
534F4C31,12652,130985558,0,2999,2871,128,0.00000,3.30081
534F4C31,12653,130995570,0,2993,2872,121,0.00000,3.12029
534F4C31,12654,131005706,0,2997,2869,128,0.00000,3.30081
534F4C31,12655,131015532,0,3001,2869,132,0.00000,3.40396
534F4C31,12656,131025532,0,2988,2873,115,0.00000,2.96557
534F4C31,12657,131035571,0,2996,2867,129,0.00000,3.32659
534F4C31,12658,131045808,0,2990,2869,121,0.00000,3.12029
534F4C31,12659,131055567,0,2985,2870,115,0.00000,2.96557
534F4C31,12660,131065536,0,2996,2870,126,0.00000,3.24923
534F4C31,12661,131075534,0,2986,2868,118,0.00000,3.04293
534F4C31,12662,131085563,0,2992,2869,123,0.00000,3.17187
534F4C31,12663,131095534,0,3000,2873,127,0.00000,3.27502
534F4C31,12664,131105538,0,2999,2875,124,0.00000,3.19766
534F4C31,12665,131115593,0,2989,2868,121,0.00000,3.12029
534F4C31,12666,131127210,0,2996,2873,123,0.00000,3.17187
534F4C31,12667,131135534,0,2993,2871,122,0.00000,3.14608
534F4C31,12668,131145660,0,2990,2873,117,0.00000,3.01714
534F4C31,12669,131155703,0,2988,2870,118,0.00000,3.04293
534F4C31,12670,131165563,0,2987,2867,120,0.00000,3.09451
534F4C31,12671,131175570,0,2988,2868,120,0.00000,3.09451
534F4C31,12672,131186238,0,2999,2871,128,0.00000,3.30081
534F4C31,12673,131195566,0,2990,2868,122,0.00000,3.14608
534F4C31,12674,131205569,0,2992,2872,120,0.00000,3.09451
534F4C31,12675,131216460,0,2990,2872,118,0.00000,3.04293
534F4C31,12676,131225655,0,2991,2865,126,0.00000,3.24923
534F4C31,12677,131235532,0,2993,2870,123,0.00000,3.17187
534F4C31,12678,131245532,0,2996,2869,127,0.00000,3.27502
534F4C31,12679,131255534,0,2981,2869,112,0.00000,2.88821
534F4C31,12680,131265533,0,2994,2865,129,0.00000,3.32659
534F4C31,12681,131275539,0,2995,2870,125,0.00000,3.22344
534F4C31,12682,131285571,0,2995,2869,126,0.00000,3.24923
534F4C31,12683,131295533,0,2994,2869,125,0.00000,3.22344
534F4C31,12684,131305562,0,2988,2872,116,0.00000,2.99136
534F4C31,12685,131315642,0,2990,2867,123,0.00000,3.17187
534F4C31,12686,131325569,0,2995,2862,133,0.00000,3.42974
534F4C31,12687,131335974,0,2982,2864,118,0.00000,3.04293
534F4C31,12688,131345578,0,2984,2863,121,0.00000,3.12029
534F4C31,12689,131355555,0,2999,2864,135,0.00000,3.48132
534F4C31,12690,131365548,0,2996,2869,127,0.00000,3.27502
534F4C31,12691,131375561,0,2990,2867,123,0.00000,3.17187
534F4C31,12692,131385591,0,2995,2861,134,0.00000,3.45553
534F4C31,12693,131395534,0,2994,2868,126,0.00000,3.24923
534F4C31,12694,131405566,0,2990,2865,125,0.00000,3.22344
534F4C31,12695,131415534,0,2997,2867,130,0.00000,3.35238
534F4C31,12696,131425797,0,2991,2869,122,0.00000,3.14608
534F4C31,12697,131435558,0,2998,2863,135,0.00000,3.48132
534F4C31,12698,131445569,0,2984,2863,121,0.00000,3.12029
534F4C31,12699,131455539,0,2996,2867,129,0.00000,3.32659
534F4C31,12700,131465532,0,2994,2863,131,0.00000,3.37817
534F4C31,12701,131475930,0,2991,2865,126,0.00000,3.24923
534F4C31,12702,131485606,0,2994,2865,129,0.00000,3.32659
534F4C31,12703,131495567,0,2999,2866,133,0.00000,3.42974
534F4C31,12704,131505534,0,2991,2865,126,0.00000,3.24923
534F4C31,12705,131515806,0,2996,2867,129,0.00000,3.32659
534F4C31,12706,131525551,0,2993,2865,128,0.00000,3.30081
534F4C31,12707,131535543,0,2989,2867,122,0.00000,3.14608
534F4C31,12708,131545534,0,2992,2863,129,0.00000,3.32659
534F4C31,12709,131555540,0,2999,2867,132,0.00000,3.40396
534F4C31,12710,131565567,0,2984,2866,118,0.00000,3.04293
534F4C31,12711,131575537,0,2984,2864,120,0.00000,3.09451
534F4C31,12712,131585572,0,2999,2864,135,0.00000,3.48132
534F4C31,12713,131595536,0,2991,2866,125,0.00000,3.22344
534F4C31,12714,131605544,0,2993,2864,129,0.00000,3.32659
534F4C31,12715,131615534,0,3001,2864,137,0.00000,3.53289
534F4C31,12716,131625570,0,2993,2865,128,0.00000,3.30081
534F4C31,12717,131635539,0,3005,2864,141,0.00000,3.63604
534F4C31,12718,131645540,0,2992,2864,128,0.00000,3.30081
534F4C31,12719,131655863,0,2987,2865,122,0.00000,3.14608
534F4C31,12720,131665534,0,3000,2864,136,0.00000,3.50711
534F4C31,12721,131675532,0,2989,2864,125,0.00000,3.22344
534F4C31,12722,131685534,0,2990,2866,124,0.00000,3.19766
534F4C31,12723,131695532,0,2993,2865,128,0.00000,3.30081
534F4C31,12724,131705721,0,2991,2862,129,0.00000,3.32659
534F4C31,12725,131715578,0,2992,2869,123,0.00000,3.17187
534F4C31,12726,131725534,0,2996,2865,131,0.00000,3.37817
534F4C31,12727,131735534,0,2999,2864,135,0.00000,3.48132
534F4C31,12728,131745534,0,2993,2864,129,0.00000,3.32659
534F4C31,12729,131755547,0,2996,2869,127,0.00000,3.27502
534F4C31,12730,131765638,0,2990,2866,124,0.00000,3.19766
534F4C31,12731,131775572,0,2996,2865,131,0.00000,3.37817
534F4C31,12732,131785574,0,2995,2867,128,0.00000,3.30081
534F4C31,12733,131795570,0,2989,2867,122,0.00000,3.14608
534F4C31,12734,131805549,0,2998,2868,130,0.00000,3.35238
534F4C31,12735,131815534,0,2991,2863,128,0.00000,3.30081
534F4C31,12736,131825612,0,2989,2866,123,0.00000,3.17187
534F4C31,12737,131835790,0,2999,2865,134,0.00000,3.45553
534F4C31,12738,131845535,0,2990,2867,123,0.00000,3.17187
534F4C31,12739,131855731,0,2989,2864,125,0.00000,3.22344
534F4C31,12740,131865550,0,2990,2867,123,0.00000,3.17187
534F4C31,12741,131875558,0,2988,2862,126,0.00000,3.24923
534F4C31,12742,131885558,0,2999,2866,133,0.00000,3.42974
534F4C31,12743,131895534,0,3000,2863,137,0.00000,3.53289
534F4C31,12744,131905555,0,2989,2869,120,0.00000,3.09451
534F4C31,12745,131915566,0,2993,2867,126,0.00000,3.24923
534F4C31,12746,131925567,0,2996,2866,130,0.00000,3.35238
534F4C31,12747,131935534,0,2989,2865,124,0.00000,3.19766
534F4C31,12748,131945560,0,2989,2861,128,0.00000,3.30081
534F4C31,12749,131955535,0,2998,2863,135,0.00000,3.48132
534F4C31,12750,131965571,0,2989,2864,125,0.00000,3.22344
534F4C31,12751,131975560,0,3002,2866,136,0.00000,3.50711
534F4C31,12752,131985539,0,2997,2865,132,0.00000,3.40396
534F4C31,12753,131995553,0,2989,2867,122,0.00000,3.14608
534F4C31,12754,132005537,0,2998,2864,134,0.00000,3.45553
534F4C31,12755,132015537,0,2993,2861,132,0.00000,3.40396
534F4C31,12756,132025961,0,2989,2864,125,0.00000,3.22344
534F4C31,12757,132035575,0,2996,2862,134,0.00000,3.45553
534F4C31,12758,132045570,0,2995,2864,131,0.00000,3.37817
534F4C31,12759,132055545,0,2988,2865,123,0.00000,3.17187
534F4C31,12760,132066341,0,2996,2864,132,0.00000,3.40396
534F4C31,12761,132075535,0,2995,2863,132,0.00000,3.40396
534F4C31,12762,132085563,0,2995,2861,134,0.00000,3.45553
534F4C31,12763,132095534,0,2993,2860,133,0.00000,3.42974
534F4C31,12764,132105563,0,2996,2861,135,0.00000,3.48132
534F4C31,12765,132116050,0,2987,2864,123,0.00000,3.17187
534F4C31,12766,132125560,0,2995,2864,131,0.00000,3.37817
534F4C31,12767,132135575,0,2994,2861,133,0.00000,3.42974
534F4C31,12768,132145588,0,2994,2862,132,0.00000,3.40396
534F4C31,12769,132155534,0,3003,2864,139,0.00000,3.58447
534F4C31,12770,132165583,0,2997,2863,134,0.00000,3.45553
534F4C31,12771,132175534,0,2995,2859,136,0.00000,3.50711
534F4C31,12772,132185792,0,2991,2860,131,0.00000,3.37817
534F4C31,12773,132195534,0,2991,2864,127,0.00000,3.27502
534F4C31,12774,132205534,0,2998,2861,137,0.00000,3.53289
534F4C31,12775,132215534,0,2992,2862,130,0.00000,3.35238
534F4C31,12776,132225538,0,2991,2865,126,0.00000,3.24923
534F4C31,12777,132235536,0,2992,2863,129,0.00000,3.32659
534F4C31,12778,132245579,0,2996,2864,132,0.00000,3.40396
534F4C31,12779,132255643,0,2995,2860,135,0.00000,3.48132
534F4C31,12780,132265903,0,2997,2860,137,0.00000,3.53289
534F4C31,12781,132275577,0,2992,2863,129,0.00000,3.32659
534F4C31,12782,132285536,0,2995,2863,132,0.00000,3.40396
534F4C31,12783,132295555,0,2995,2860,135,0.00000,3.48132
534F4C31,12784,132305570,0,2992,2862,130,0.00000,3.35238
534F4C31,12785,132315728,0,3000,2862,138,0.00000,3.55868
534F4C31,12786,132325614,0,2994,2863,131,0.00000,3.37817
534F4C31,12787,132335539,0,3004,2866,138,0.00000,3.55868
534F4C31,12788,132345567,0,2985,2864,121,0.00000,3.12029
534F4C31,12789,132355534,0,2997,2860,137,0.00000,3.53289
534F4C31,12790,132365649,0,2999,2860,139,0.00000,3.58447
534F4C31,12791,132375572,0,2991,2861,130,0.00000,3.35238
534F4C31,12792,132385530,0,2999,2863,136,0.00000,3.50711
534F4C31,12793,132395593,0,2994,2863,131,0.00000,3.37817
534F4C31,12794,132405561,0,3003,2864,139,0.00000,3.58447
534F4C31,12795,132415568,0,2995,2861,134,0.00000,3.45553
534F4C31,12796,132425584,0,2990,2860,130,0.00000,3.35238
534F4C31,12797,132435559,0,2993,2865,128,0.00000,3.30081
534F4C31,12798,132446009,0,2989,2860,129,0.00000,3.32659
534F4C31,12799,132455613,0,2995,2861,134,0.00000,3.45553
534F4C31,12800,132465709,0,3003,2860,143,0.00000,3.68762
534F4C31,12801,132475553,0,2984,2859,125,0.00000,3.22344
534F4C31,12802,132485539,0,2998,2864,134,0.00000,3.45553
534F4C31,12803,132495539,0,2996,2860,136,0.00000,3.50711
534F4C31,12804,132505536,0,2988,2861,127,0.00000,3.27502
534F4C31,12805,132515540,0,2989,2860,129,0.00000,3.32659
534F4C31,12806,132525535,0,2995,2861,134,0.00000,3.45553
534F4C31,12807,132535732,0,2989,2865,124,0.00000,3.19766
534F4C31,12808,132545536,0,2989,2861,128,0.00000,3.30081
534F4C31,12809,132555536,0,2987,2862,125,0.00000,3.22344
534F4C31,12810,132565534,0,2995,2861,134,0.00000,3.45553
534F4C31,12811,132575562,0,2996,2860,136,0.00000,3.50711
534F4C31,12812,132585567,0,2994,2861,133,0.00000,3.42974
534F4C31,12813,132595629,0,2989,2860,129,0.00000,3.32659
534F4C31,12814,132605558,0,2994,2860,134,0.00000,3.45553
534F4C31,12815,132615535,0,2997,2862,135,0.00000,3.48132
534F4C31,12816,132625576,0,2993,2861,132,0.00000,3.40396
534F4C31,12817,132635534,0,3005,2860,145,0.00000,3.73919
534F4C31,12818,132645536,0,2995,2861,134,0.00000,3.45553
534F4C31,12819,132655597,0,2986,2862,124,0.00000,3.19766
534F4C31,12820,132665534,0,2993,2861,132,0.00000,3.40396
534F4C31,12821,132675529,0,2997,2862,135,0.00000,3.48132
534F4C31,12822,132685532,0,2996,2864,132,0.00000,3.40396
534F4C31,12823,132695537,0,2994,2861,133,0.00000,3.42974
534F4C31,12824,132705534,0,2992,2861,131,0.00000,3.37817
534F4C31,12825,132715534,0,2988,2864,124,0.00000,3.19766
534F4C31,12826,132725538,0,2993,2857,136,0.00000,3.50711
534F4C31,12827,132735566,0,2993,2860,133,0.00000,3.42974
534F4C31,12828,132745563,0,3000,2858,142,0.00000,3.66183
534F4C31,12829,132755534,0,2997,2859,138,0.00000,3.55868
534F4C31,12830,132765650,0,2994,2859,135,0.00000,3.48132
534F4C31,12831,132775575,0,2988,2862,126,0.00000,3.24923
534F4C31,12832,132785568,0,2994,2856,138,0.00000,3.55868
534F4C31,12833,132795560,0,3002,2860,142,0.00000,3.66183
534F4C31,12834,132805546,0,2996,2861,135,0.00000,3.48132
534F4C31,12835,132815534,0,2986,2855,131,0.00000,3.37817
534F4C31,12836,132825540,0,2990,2857,133,0.00000,3.42974
534F4C31,12837,132835540,0,2994,2857,137,0.00000,3.53289
534F4C31,12838,132845535,0,2987,2854,133,0.00000,3.42974
534F4C31,12839,132855575,0,3000,2859,141,0.00000,3.63604
534F4C31,12840,132865570,0,2991,2856,135,0.00000,3.48132
534F4C31,12841,132875567,0,2994,2857,137,0.00000,3.53289
534F4C31,12842,132885571,0,2997,2857,140,0.00000,3.61026
534F4C31,12843,132895534,0,2990,2857,133,0.00000,3.42974
534F4C31,12844,132905734,0,2995,2864,131,0.00000,3.37817
534F4C31,12845,132915550,0,2987,2857,130,0.00000,3.35238
534F4C31,12846,132925536,0,3003,2856,147,0.00000,3.79077
534F4C31,12847,132935537,0,2994,2859,135,0.00000,3.48132
534F4C31,12848,132945536,0,2997,2859,138,0.00000,3.55868
534F4C31,12849,132955534,0,2997,2860,137,0.00000,3.53289
534F4C31,12850,132965725,0,2991,2859,132,0.00000,3.40396
534F4C31,12851,132975841,0,2998,2862,136,0.00000,3.50711
534F4C31,12852,132985536,0,2990,2857,133,0.00000,3.42974
534F4C31,12853,132995557,0,2990,2861,129,0.00000,3.32659
534F4C31,12854,133005893,0,2995,2858,137,0.00000,3.53289
534F4C31,12855,133015688,0,2995,2859,136,0.00000,3.50711
534F4C31,12856,133025674,0,2999,2856,143,0.00000,3.68762
534F4C31,12857,133035568,0,2991,2858,133,0.00000,3.42974
534F4C31,12858,133045550,0,2986,2857,129,0.00000,3.32659
534F4C31,12859,133055555,0,2989,2858,131,0.00000,3.37817
534F4C31,12860,133065541,0,2991,2860,131,0.00000,3.37817
534F4C31,12861,133075538,0,2993,2861,132,0.00000,3.40396
534F4C31,12862,133085847,0,3000,2857,143,0.00000,3.68762
534F4C31,12863,133095536,0,2997,2855,142,0.00000,3.66183
534F4C31,12864,133105594,0,2994,2855,139,0.00000,3.58447
534F4C31,12865,133115535,0,2990,2862,128,0.00000,3.30081
534F4C31,12866,133125559,0,2997,2859,138,0.00000,3.55868
534F4C31,12867,133135844,0,2994,2857,137,0.00000,3.53289
534F4C31,12868,133145536,0,2985,2859,126,0.00000,3.24923
534F4C31,12869,133155561,0,2998,2859,139,0.00000,3.58447
534F4C31,12870,133165534,0,3003,2855,148,0.00000,3.81656
534F4C31,12871,133175536,0,2993,2857,136,0.00000,3.50711
534F4C31,12872,133185546,0,2993,2859,134,0.00000,3.45553
534F4C31,12873,133195571,0,3000,2857,143,0.00000,3.68762
534F4C31,12874,133205909,0,2988,2859,129,0.00000,3.32659
534F4C31,12875,133215544,0,2987,2857,130,0.00000,3.35238
534F4C31,12876,133225638,0,3003,2860,143,0.00000,3.68762
534F4C31,12877,133235549,0,3003,2853,150,0.00000,3.86813
534F4C31,12878,133245776,0,2989,2858,131,0.00000,3.37817
534F4C31,12879,133255536,0,3001,2856,145,0.00000,3.73919
534F4C31,12880,133265731,0,3003,2855,148,0.00000,3.81656
534F4C31,12881,133275899,0,2984,2856,128,0.00000,3.30081
534F4C31,12882,133285570,0,2988,2856,132,0.00000,3.40396
534F4C31,12883,133295558,0,2993,2861,132,0.00000,3.40396
534F4C31,12884,133305554,0,3001,2857,144,0.00000,3.71341
534F4C31,12885,133315538,0,3001,2859,142,0.00000,3.66183
534F4C31,12886,133325555,0,2992,2858,134,0.00000,3.45553
534F4C31,12887,133335536,0,2993,2859,134,0.00000,3.45553
534F4C31,12888,133345781,0,2997,2860,137,0.00000,3.53289
534F4C31,12889,133355551,0,2986,2860,126,0.00000,3.24923
534F4C31,12890,133365571,0,2996,2859,137,0.00000,3.53289
534F4C31,12891,133375770,0,2994,2858,136,0.00000,3.50711
534F4C31,12892,133385551,0,2995,2857,138,0.00000,3.55868
534F4C31,12893,133395553,0,2990,2857,133,0.00000,3.42974
534F4C31,12894,133405576,0,2995,2853,142,0.00000,3.66183
534F4C31,12895,133415572,0,2994,2854,140,0.00000,3.61026
534F4C31,12896,133425978,0,2997,2857,140,0.00000,3.61026
534F4C31,12897,133435568,0,2992,2853,139,0.00000,3.58447
534F4C31,12898,133446118,0,2998,2852,146,0.00000,3.76498
534F4C31,12899,133455658,0,2983,2855,128,0.00000,3.30081
534F4C31,12900,133465565,0,2996,2855,141,0.00000,3.63604
534F4C31,12901,133475569,0,2993,2856,137,0.00000,3.53289
534F4C31,12902,133485570,0,2991,2855,136,0.00000,3.50711
534F4C31,12903,133495569,0,2991,2854,137,0.00000,3.53289
534F4C31,12904,133505566,0,2993,2854,139,0.00000,3.58447
534F4C31,12905,133515538,0,3008,2854,154,0.00000,3.97128
534F4C31,12906,133525535,0,3002,2853,149,0.00000,3.84234
534F4C31,12907,133535567,0,2991,2857,134,0.00000,3.45553
534F4C31,12908,133545560,0,2984,2857,127,0.00000,3.27502
534F4C31,12909,133556156,0,2998,2856,142,0.00000,3.66183
534F4C31,12910,133565989,0,2994,2856,138,0.00000,3.55868
534F4C31,12911,133575534,0,2990,2854,136,0.00000,3.50711
534F4C31,12912,133585572,0,2990,2852,138,0.00000,3.55868
534F4C31,12913,133595535,0,2988,2857,131,0.00000,3.37817
534F4C31,12914,133606004,0,2991,2857,134,0.00000,3.45553
534F4C31,12915,133615564,0,2995,2854,141,0.00000,3.63604
534F4C31,12916,133625534,0,2991,2856,135,0.00000,3.48132
534F4C31,12917,133635566,0,2985,2854,131,0.00000,3.37817
534F4C31,12918,133645538,0,2987,2852,135,0.00000,3.48132
534F4C31,12919,133655549,0,3001,2854,147,0.00000,3.79077
534F4C31,12920,133666067,0,3001,2856,145,0.00000,3.73919
534F4C31,12921,133675541,0,2982,2851,131,0.00000,3.37817
534F4C31,12922,133685560,0,3000,2855,145,0.00000,3.73919
534F4C31,12923,133695567,0,2993,2855,138,0.00000,3.55868
534F4C31,12924,133705574,0,2993,2854,139,0.00000,3.58447
534F4C31,12925,133715571,0,2991,2853,138,0.00000,3.55868
534F4C31,12926,133725534,0,2988,2856,132,0.00000,3.40396
534F4C31,12927,133735535,0,2994,2860,134,0.00000,3.45553
534F4C31,12928,133745554,0,2991,2855,136,0.00000,3.50711
534F4C31,12929,133755568,0,2995,2856,139,0.00000,3.58447
534F4C31,12930,133766118,0,2991,2855,136,0.00000,3.50711
534F4C31,12931,133775537,0,2991,2853,138,0.00000,3.55868
534F4C31,12932,133785563,0,3001,2858,143,0.00000,3.68762
534F4C31,12933,133795539,0,3003,2855,148,0.00000,3.81656
534F4C31,12934,133805530,0,2997,2854,143,0.00000,3.68762
534F4C31,12935,133815591,0,3002,2852,150,0.00000,3.86813
534F4C31,12936,133825558,0,2988,2855,133,0.00000,3.42974
534F4C31,12937,133835591,0,2997,2853,144,0.00000,3.71341
534F4C31,12938,133845534,0,3002,2852,150,0.00000,3.86813
534F4C31,12939,133855555,0,2996,2856,140,0.00000,3.61026
534F4C31,12940,133865571,0,2997,2855,142,0.00000,3.66183
534F4C31,12941,133875557,0,3000,2857,143,0.00000,3.68762
534F4C31,12942,133885532,0,2989,2853,136,0.00000,3.50711
534F4C31,12943,133895534,0,2988,2858,130,0.00000,3.35238
534F4C31,12944,133905538,0,2997,2852,145,0.00000,3.73919
534F4C31,12945,133915543,0,2993,2856,137,0.00000,3.53289
534F4C31,12946,133925538,0,3004,2854,150,0.00000,3.86813
534F4C31,12947,133935541,0,2998,2856,142,0.00000,3.66183
534F4C31,12948,133946015,0,2990,2853,137,0.00000,3.53289
534F4C31,12949,133955571,0,2989,2855,134,0.00000,3.45553
534F4C31,12950,133965971,0,2996,2853,143,0.00000,3.68762
534F4C31,12951,133975556,0,2996,2858,138,0.00000,3.55868
534F4C31,12952,133985576,0,2987,2856,131,0.00000,3.37817
534F4C31,12953,133995715,0,2993,2853,140,0.00000,3.61026
534F4C31,12954,134005566,0,3000,2856,144,0.00000,3.71341
534F4C31,12955,134015690,0,2998,2853,145,0.00000,3.73919
534F4C31,12956,134025569,0,2998,2855,143,0.00000,3.68762
534F4C31,12957,134036047,0,2985,2850,135,0.00000,3.48132
534F4C31,12958,134045760,0,2994,2854,140,0.00000,3.61026
534F4C31,12959,134055883,0,2999,2853,146,0.00000,3.76498
534F4C31,12960,134065558,0,2993,2856,137,0.00000,3.53289
534F4C31,12961,134075536,0,3001,2854,147,0.00000,3.79077
534F4C31,12962,134085562,0,2989,2850,139,0.00000,3.58447
534F4C31,12963,134095605,0,3000,2850,150,0.00000,3.86813
534F4C31,12964,134105541,0,2990,2851,139,0.00000,3.58447
534F4C31,12965,134115563,0,2989,2850,139,0.00000,3.58447
534F4C31,12966,134125553,0,2988,2850,138,0.00000,3.55868
534F4C31,12967,134135570,0,2991,2848,143,0.00000,3.68762
534F4C31,12968,134145564,0,2999,2850,149,0.00000,3.84234
534F4C31,12969,134155537,0,3004,2854,150,0.00000,3.86813
534F4C31,12970,134165540,0,2998,2849,149,0.00000,3.84234
534F4C31,12971,134175534,0,2984,2850,134,0.00000,3.45553
534F4C31,12972,134185561,0,2990,2853,137,0.00000,3.53289
534F4C31,12973,134195534,0,2995,2852,143,0.00000,3.68762
534F4C31,12974,134205535,0,2994,2850,144,0.00000,3.71341
534F4C31,12975,134216031,0,2988,2850,138,0.00000,3.55868
534F4C31,12976,134225570,0,2996,2852,144,0.00000,3.71341
534F4C31,12977,134235534,0,2998,2850,148,0.00000,3.81656
534F4C31,12978,134245535,0,2997,2853,144,0.00000,3.71341
534F4C31,12979,134255534,0,2994,2854,140,0.00000,3.61026
534F4C31,12980,134265911,0,2979,2848,131,0.00000,3.37817
534F4C31,12981,134275598,0,2993,2852,141,0.00000,3.63604
534F4C31,12982,134285834,0,2993,2852,141,0.00000,3.63604
534F4C31,12983,134295575,0,2997,2853,144,0.00000,3.71341
534F4C31,12984,134305566,0,2988,2851,137,0.00000,3.53289
534F4C31,12985,134315562,0,2988,2852,136,0.00000,3.50711
534F4C31,12986,134325534,0,2992,2853,139,0.00000,3.58447
534F4C31,12987,134335536,0,2995,2851,144,0.00000,3.71341
534F4C31,12988,134345560,0,2998,2854,144,0.00000,3.71341
534F4C31,12989,134355570,0,2997,2849,148,0.00000,3.81656
534F4C31,12990,134365567,0,2990,2853,137,0.00000,3.53289
534F4C31,12991,134375566,0,2998,2851,147,0.00000,3.79077
534F4C31,12992,134385538,0,2994,2849,145,0.00000,3.73919
534F4C31,12993,134395571,0,3002,2852,150,0.00000,3.86813
534F4C31,12994,134405785,0,3000,2854,146,0.00000,3.76498
534F4C31,12995,134415534,0,3000,2849,151,0.00000,3.89392
534F4C31,12996,134425536,0,2997,2852,145,0.00000,3.73919
534F4C31,12997,134435825,0,2992,2854,138,0.00000,3.55868
534F4C31,12998,134445532,0,2999,2852,147,0.00000,3.79077
534F4C31,12999,134455532,0,2998,2852,146,0.00000,3.76498
534F4C31,13000,134465566,0,3000,2853,147,0.00000,3.79077
534F4C31,13001,134475539,0,2991,2851,140,0.00000,3.61026
534F4C31,13002,134485567,0,2993,2852,141,0.00000,3.63604
534F4C31,13003,134495532,0,2994,2851,143,0.00000,3.68762
534F4C31,13004,134505878,0,2995,2852,143,0.00000,3.68762
534F4C31,13005,134515537,0,3004,2855,149,0.00000,3.84234
534F4C31,13006,134526005,0,2994,2850,144,0.00000,3.71341
534F4C31,13007,134535552,0,2984,2852,132,0.00000,3.40396
534F4C31,13008,134545571,0,2993,2849,144,0.00000,3.71341
534F4C31,13009,134555532,0,2988,2852,136,0.00000,3.50711
534F4C31,13010,134565558,0,3003,2851,152,0.00000,3.91971
534F4C31,13011,134575536,0,2993,2854,139,0.00000,3.58447
534F4C31,13012,134585534,0,2996,2850,146,0.00000,3.76498
534F4C31,13013,134595541,0,2994,2854,140,0.00000,3.61026
534F4C31,13014,134605565,0,2999,2852,147,0.00000,3.79077
534F4C31,13015,134615549,0,2993,2851,142,0.00000,3.66183
534F4C31,13016,134625539,0,2998,2848,150,0.00000,3.86813
534F4C31,13017,134635567,0,2998,2850,148,0.00000,3.81656
534F4C31,13018,134645536,0,2988,2852,136,0.00000,3.50711
534F4C31,13019,134655562,0,2992,2853,139,0.00000,3.58447
534F4C31,13020,134665534,0,2989,2850,139,0.00000,3.58447
534F4C31,13021,134675534,0,2990,2848,142,0.00000,3.66183
534F4C31,13022,134685559,0,2990,2847,143,0.00000,3.68762
534F4C31,13023,134695538,0,2988,2850,138,0.00000,3.55868
534F4C31,13024,134705537,0,3005,2849,156,0.00000,4.02286
534F4C31,13025,134715563,0,2989,2852,137,0.00000,3.53289
534F4C31,13026,134725534,0,2989,2854,135,0.00000,3.48132
534F4C31,13027,134735534,0,3002,2850,152,0.00000,3.91971
534F4C31,13028,134745560,0,2991,2849,142,0.00000,3.66183
534F4C31,13029,134755863,0,2996,2851,145,0.00000,3.73919
534F4C31,13030,134766139,0,2998,2848,150,0.00000,3.86813
534F4C31,13031,134775575,0,2993,2849,144,0.00000,3.71341
534F4C31,13032,134785571,0,2997,2847,150,0.00000,3.86813
534F4C31,13033,134795574,0,2996,2847,149,0.00000,3.84234
534F4C31,13034,134805532,0,2999,2844,155,0.00000,3.99707
534F4C31,13035,134815557,0,2999,2846,153,0.00000,3.94549
534F4C31,13036,134825557,0,2997,2850,147,0.00000,3.79077
534F4C31,13037,134835534,0,3001,2845,156,0.00000,4.02286
534F4C31,13038,134845534,0,2984,2846,138,0.00000,3.55868
534F4C31,13039,134855542,0,2995,2844,151,0.00000,3.89392
534F4C31,13040,134865571,0,2990,2846,144,0.00000,3.71341
534F4C31,13041,134875551,0,2992,2852,140,0.00000,3.61026
534F4C31,13042,134885610,0,2990,2846,144,0.00000,3.71341
534F4C31,13043,134895565,0,2987,2846,141,0.00000,3.63604
534F4C31,13044,134905534,0,2999,2847,152,0.00000,3.91971
534F4C31,13045,134915536,0,2996,2843,153,0.00000,3.94549
534F4C31,13046,134925533,0,2987,2844,143,0.00000,3.68762
534F4C31,13047,134935535,0,2991,2846,145,0.00000,3.73919
534F4C31,13048,134945557,0,2993,2849,144,0.00000,3.71341
534F4C31,13049,134955532,0,2994,2844,150,0.00000,3.86813
534F4C31,13050,134965565,0,2992,2846,146,0.00000,3.76498
534F4C31,13051,134975539,0,2988,2842,146,0.00000,3.76498
534F4C31,13052,134985534,0,2993,2851,142,0.00000,3.66183
534F4C31,13053,134995566,0,2988,2849,139,0.00000,3.58447
534F4C31,13054,135005538,0,2990,2843,147,0.00000,3.79077
534F4C31,13055,135015722,0,2997,2844,153,0.00000,3.94549
534F4C31,13056,135025547,0,2992,2850,142,0.00000,3.66183
534F4C31,13057,135035535,0,2994,2847,147,0.00000,3.79077
534F4C31,13058,135045570,0,2986,2844,142,0.00000,3.66183
534F4C31,13059,135055537,0,2983,2848,135,0.00000,3.48132
534F4C31,13060,135065561,0,2990,2845,145,0.00000,3.73919
534F4C31,13061,135075535,0,2995,2845,150,0.00000,3.86813
534F4C31,13062,135085561,0,2999,2848,151,0.00000,3.89392
534F4C31,13063,135095569,0,3002,2845,157,0.00000,4.04864
534F4C31,13064,135105535,0,2994,2846,148,0.00000,3.81656
534F4C31,13065,135115533,0,2992,2848,144,0.00000,3.71341
534F4C31,13066,135125559,0,2992,2850,142,0.00000,3.66183
534F4C31,13067,135135534,0,2999,2847,152,0.00000,3.91971
534F4C31,13068,135145571,0,2993,2847,146,0.00000,3.76498
534F4C31,13069,135155536,0,2996,2848,148,0.00000,3.81656
534F4C31,13070,135165551,0,2997,2849,148,0.00000,3.81656
534F4C31,13071,135175546,0,2983,2846,137,0.00000,3.53289
534F4C31,13072,135185614,0,2999,2848,151,0.00000,3.89392
534F4C31,13073,135195534,0,2984,2847,137,0.00000,3.53289
534F4C31,13074,135205766,0,2997,2843,154,0.00000,3.97128
534F4C31,13075,135215576,0,2991,2851,140,0.00000,3.61026
534F4C31,13076,135225564,0,2983,2848,135,0.00000,3.48132
534F4C31,13077,135235561,0,2995,2844,151,0.00000,3.89392
534F4C31,13078,135245557,0,2997,2847,150,0.00000,3.86813
534F4C31,13079,135255562,0,2996,2845,151,0.00000,3.89392
534F4C31,13080,135265555,0,2996,2850,146,0.00000,3.76498
534F4C31,13081,135275532,0,2997,2845,152,0.00000,3.91971
534F4C31,13082,135285569,0,2988,2847,141,0.00000,3.63604
534F4C31,13083,135295566,0,2987,2844,143,0.00000,3.68762
534F4C31,13084,135305571,0,2984,2848,136,0.00000,3.50711
534F4C31,13085,135315570,0,3000,2845,155,0.00000,3.99707
534F4C31,13086,135325542,0,2994,2847,147,0.00000,3.79077
534F4C31,13087,135335537,0,2994,2847,147,0.00000,3.79077
534F4C31,13088,135345536,0,2988,2848,140,0.00000,3.61026
534F4C31,13089,135355572,0,2993,2848,145,0.00000,3.73919
534F4C31,13090,135365548,0,2988,2843,145,0.00000,3.73919
534F4C31,13091,135375532,0,2994,2849,145,0.00000,3.73919
534F4C31,13092,135385949,0,2993,2846,147,0.00000,3.79077
534F4C31,13093,135395534,0,2997,2847,150,0.00000,3.86813
534F4C31,13094,135405534,0,2998,2848,150,0.00000,3.86813
534F4C31,13095,135415573,0,2991,2848,143,0.00000,3.68762
534F4C31,13096,135425536,0,2997,2843,154,0.00000,3.97128
534F4C31,13097,135435554,0,2993,2843,150,0.00000,3.86813
534F4C31,13098,135445537,0,2989,2840,149,0.00000,3.84234
534F4C31,13099,135455703,0,2995,2843,152,0.00000,3.91971
534F4C31,13100,135465557,0,2988,2841,147,0.00000,3.79077
534F4C31,13101,135475570,0,3001,2845,156,0.00000,4.02286
534F4C31,13102,135485726,0,2988,2844,144,0.00000,3.71341
534F4C31,13103,135495576,0,2990,2843,147,0.00000,3.79077
534F4C31,13104,135506119,0,2987,2844,143,0.00000,3.68762
534F4C31,13105,135515614,0,2989,2845,144,0.00000,3.71341
534F4C31,13106,135525573,0,3005,2846,159,0.00000,4.10022
534F4C31,13107,135536307,0,3003,2843,160,0.00000,4.12601
534F4C31,13108,135545847,0,2996,2842,154,0.00000,3.97128
534F4C31,13109,135555534,0,2997,2839,158,0.00000,4.07443
534F4C31,13110,135565567,0,2991,2842,149,0.00000,3.84234
534F4C31,13111,135576025,0,2990,2845,145,0.00000,3.73919
534F4C31,13112,135585576,0,2989,2839,150,0.00000,3.86813
534F4C31,13113,135595567,0,2987,2844,143,0.00000,3.68762
534F4C31,13114,135605532,0,2993,2845,148,0.00000,3.81656
534F4C31,13115,135615567,0,2995,2845,150,0.00000,3.86813
534F4C31,13116,135625571,0,2994,2842,152,0.00000,3.91971
534F4C31,13117,135635541,0,2987,2844,143,0.00000,3.68762
534F4C31,13118,135645534,0,2995,2843,152,0.00000,3.91971
534F4C31,13119,135655538,0,2996,2846,150,0.00000,3.86813
534F4C31,13120,135665541,0,2985,2843,142,0.00000,3.66183
534F4C31,13121,135675534,0,2998,2844,154,0.00000,3.97128
534F4C31,13122,135685534,0,3002,2841,161,0.00000,4.15179
534F4C31,13123,135695535,0,2992,2837,155,0.00000,3.99707
534F4C31,13124,135705558,0,2993,2844,149,0.00000,3.84234
534F4C31,13125,135715534,0,3000,2842,158,0.00000,4.07443
534F4C31,13126,135725536,0,2993,2842,151,0.00000,3.89392
534F4C31,13127,135735570,0,2999,2844,155,0.00000,3.99707
534F4C31,13128,135745563,0,2987,2842,145,0.00000,3.73919
534F4C31,13129,135755567,0,2999,2841,158,0.00000,4.07443
534F4C31,13130,135765921,0,2991,2845,146,0.00000,3.76498
534F4C31,13131,135775535,0,2991,2846,145,0.00000,3.73919
534F4C31,13132,135785534,0,2990,2844,146,0.00000,3.76498
534F4C31,13133,135795924,0,2988,2842,146,0.00000,3.76498
534F4C31,13134,135805565,0,2987,2847,140,0.00000,3.61026
534F4C31,13135,135815532,0,2997,2846,151,0.00000,3.89392
534F4C31,13136,135825566,0,2993,2841,152,0.00000,3.91971
534F4C31,13137,135835534,0,2991,2841,150,0.00000,3.86813
534F4C31,13138,135845536,0,2987,2843,144,0.00000,3.71341
534F4C31,13139,135855534,0,2996,2840,156,0.00000,4.02286
534F4C31,13140,135865538,0,2997,2841,156,0.00000,4.02286
534F4C31,13141,135875534,0,2997,2840,157,0.00000,4.04864
534F4C31,13142,135885547,0,3002,2843,159,0.00000,4.10022
534F4C31,13143,135895534,0,2992,2844,148,0.00000,3.81656
534F4C31,13144,135905558,0,2996,2846,150,0.00000,3.86813
534F4C31,13145,135915571,0,2993,2840,153,0.00000,3.94549
534F4C31,13146,135925880,0,2991,2844,147,0.00000,3.79077
534F4C31,13147,135935534,0,2990,2844,146,0.00000,3.76498
534F4C31,13148,135945534,0,2987,2843,144,0.00000,3.71341
534F4C31,13149,135955879,0,3001,2841,160,0.00000,4.12601
534F4C31,13150,135965859,0,2995,2843,152,0.00000,3.91971
534F4C31,13151,135975571,0,2999,2844,155,0.00000,3.99707
534F4C31,13152,135985534,0,2997,2843,154,0.00000,3.97128
534F4C31,13153,135995567,0,2992,2841,151,0.00000,3.89392
534F4C31,13154,136005563,0,2996,2840,156,0.00000,4.02286
534F4C31,13155,136016146,0,2989,2840,149,0.00000,3.84234
534F4C31,13156,136025571,0,2996,2846,150,0.00000,3.86813
534F4C31,13157,136035534,0,2992,2844,148,0.00000,3.81656
534F4C31,13158,136045537,0,2994,2846,148,0.00000,3.81656
534F4C31,13159,136055560,0,2994,2843,151,0.00000,3.89392
534F4C31,13160,136065557,0,3002,2843,159,0.00000,4.10022
534F4C31,13161,136075978,0,2996,2842,154,0.00000,3.97128
534F4C31,13162,136085536,0,2995,2839,156,0.00000,4.02286
534F4C31,13163,136095625,0,3000,2839,161,0.00000,4.15179
534F4C31,13164,136105570,0,2996,2838,158,0.00000,4.07443
534F4C31,13165,136115544,0,2996,2841,155,0.00000,3.99707
534F4C31,13166,136125727,0,3005,2844,161,0.00000,4.15179
534F4C31,13167,136135532,0,2997,2842,155,0.00000,3.99707
534F4C31,13168,136145532,0,2993,2840,153,0.00000,3.94549
534F4C31,13169,136155565,0,2993,2841,152,0.00000,3.91971
534F4C31,13170,136165534,0,2991,2841,150,0.00000,3.86813
534F4C31,13171,136175548,0,2998,2840,158,0.00000,4.07443
534F4C31,13172,136185567,0,2994,2839,155,0.00000,3.99707
534F4C31,13173,136195534,0,2993,2840,153,0.00000,3.94549
534F4C31,13174,136205855,0,2994,2836,158,0.00000,4.07443
534F4C31,13175,136215532,0,2995,2843,152,0.00000,3.91971
534F4C31,13176,136225544,0,2996,2842,154,0.00000,3.97128
534F4C31,13177,136235535,0,2993,2840,153,0.00000,3.94549
534F4C31,13178,136245571,0,2997,2845,152,0.00000,3.91971
534F4C31,13179,136255534,0,2992,2839,153,0.00000,3.94549
534F4C31,13180,136265546,0,3000,2841,159,0.00000,4.10022
534F4C31,13181,136275691,0,3002,2844,158,0.00000,4.07443
534F4C31,13182,136285564,0,3003,2837,166,0.00000,4.28073
534F4C31,13183,136295538,0,2997,2840,157,0.00000,4.04864
534F4C31,13184,136305538,0,2995,2840,155,0.00000,3.99707
534F4C31,13185,136315534,0,2994,2836,158,0.00000,4.07443
534F4C31,13186,136325536,0,2992,2840,152,0.00000,3.91971
534F4C31,13187,136335534,0,2996,2838,158,0.00000,4.07443
534F4C31,13188,136345532,0,2995,2838,157,0.00000,4.04864
534F4C31,13189,136355536,0,2989,2839,150,0.00000,3.86813
534F4C31,13190,136365606,0,2989,2838,151,0.00000,3.89392
534F4C31,13191,136375650,0,2998,2838,160,0.00000,4.12601
534F4C31,13192,136385733,0,2996,2840,156,0.00000,4.02286
534F4C31,13193,136396101,0,2988,2841,147,0.00000,3.79077
534F4C31,13194,136405566,0,2993,2836,157,0.00000,4.04864
534F4C31,13195,136415558,0,2995,2842,153,0.00000,3.94549
534F4C31,13196,136425539,0,2994,2842,152,0.00000,3.91971
534F4C31,13197,136435569,0,2980,2840,140,0.00000,3.61026
534F4C31,13198,136445534,0,2998,2839,159,0.00000,4.10022
534F4C31,13199,136455532,0,3003,2842,161,0.00000,4.15179
534F4C31,13200,136465534,0,2989,2840,149,0.00000,3.84234
534F4C31,13201,136475531,0,3004,2839,165,0.00000,4.25495
534F4C31,13202,136485574,0,3000,2840,160,0.00000,4.12601
534F4C31,13203,136495567,0,2992,2839,153,0.00000,3.94549
534F4C31,13204,136505534,0,2987,2840,147,0.00000,3.79077
534F4C31,13205,136515528,0,2986,2837,149,0.00000,3.84234
534F4C31,13206,136525771,0,2996,2841,155,0.00000,3.99707
534F4C31,13207,136535534,0,2995,2839,156,0.00000,4.02286
534F4C31,13208,136545532,0,2986,2840,146,0.00000,3.76498
534F4C31,13209,136555536,0,2989,2840,149,0.00000,3.84234
534F4C31,13210,136565534,0,2991,2837,154,0.00000,3.97128
534F4C31,13211,136575535,0,2988,2838,150,0.00000,3.86813
534F4C31,13212,136585570,0,2989,2844,145,0.00000,3.73919
534F4C31,13213,136595532,0,2997,2838,159,0.00000,4.10022
534F4C31,13214,136605571,0,2994,2841,153,0.00000,3.94549
534F4C31,13215,136615534,0,2986,2841,145,0.00000,3.73919
534F4C31,13216,136625705,0,2985,2839,146,0.00000,3.76498
534F4C31,13217,136635534,0,2994,2834,160,0.00000,4.12601
534F4C31,13218,136645632,0,2993,2839,154,0.00000,3.97128
534F4C31,13219,136656044,0,2993,2838,155,0.00000,3.99707
534F4C31,13220,136665532,0,2992,2841,151,0.00000,3.89392
534F4C31,13221,136675534,0,2992,2838,154,0.00000,3.97128
534F4C31,13222,136685535,0,2997,2841,156,0.00000,4.02286
534F4C31,13223,136695537,0,2989,2839,150,0.00000,3.86813
534F4C31,13224,136705534,0,2995,2842,153,0.00000,3.94549
534F4C31,13225,136715556,0,3002,2840,162,0.00000,4.17758
534F4C31,13226,136725534,0,2985,2838,147,0.00000,3.79077
534F4C31,13227,136735569,0,2997,2836,161,0.00000,4.15179
534F4C31,13228,136745549,0,3005,2839,166,0.00000,4.28073
534F4C31,13229,136755555,0,2985,2837,148,0.00000,3.81656
534F4C31,13230,136765537,0,2998,2839,159,0.00000,4.10022
534F4C31,13231,136775563,0,2993,2842,151,0.00000,3.89392
534F4C31,13232,136785536,0,2989,2841,148,0.00000,3.81656
534F4C31,13233,136795535,0,2996,2838,158,0.00000,4.07443
534F4C31,13234,136805538,0,2995,2836,159,0.00000,4.10022
534F4C31,13235,136815539,0,2995,2837,158,0.00000,4.07443
534F4C31,13236,136825571,0,2998,2834,164,0.00000,4.22916
534F4C31,13237,136835534,0,2996,2839,157,0.00000,4.04864
534F4C31,13238,136845558,0,2993,2835,158,0.00000,4.07443
534F4C31,13239,136855547,0,2990,2839,151,0.00000,3.89392
534F4C31,13240,136865579,0,2995,2836,159,0.00000,4.10022
534F4C31,13241,136875537,0,2991,2836,155,0.00000,3.99707
534F4C31,13242,136885573,0,2998,2841,157,0.00000,4.04864
534F4C31,13243,136895575,0,2990,2835,155,0.00000,3.99707
534F4C31,13244,136905567,0,2996,2835,161,0.00000,4.15179
534F4C31,13245,136915572,0,2994,2833,161,0.00000,4.15179
534F4C31,13246,136925563,0,3002,2832,170,0.00000,4.38388
534F4C31,13247,136935534,0,2990,2836,154,0.00000,3.97128
534F4C31,13248,136945540,0,3002,2836,166,0.00000,4.28073
534F4C31,13249,136955532,0,2991,2835,156,0.00000,4.02286
534F4C31,13250,136965571,0,3001,2838,163,0.00000,4.20337
534F4C31,13251,136975535,0,2993,2834,159,0.00000,4.10022
534F4C31,13252,136985536,0,2998,2836,162,0.00000,4.17758
534F4C31,13253,136995551,0,3002,2835,167,0.00000,4.30652
534F4C31,13254,137005534,0,2996,2838,158,0.00000,4.07443
534F4C31,13255,137015534,0,2993,2835,158,0.00000,4.07443
534F4C31,13256,137025532,0,2984,2835,149,0.00000,3.84234
534F4C31,13257,137035560,0,3000,2829,171,0.00000,4.40967
534F4C31,13258,137045538,0,3002,2833,169,0.00000,4.35810
534F4C31,13259,137055990,0,2999,2832,167,0.00000,4.30652
534F4C31,13260,137066158,0,2991,2837,154,0.00000,3.97128
534F4C31,13261,137075532,0,2991,2837,154,0.00000,3.97128
534F4C31,13262,137085538,0,2996,2840,156,0.00000,4.02286
534F4C31,13263,137095818,0,2992,2832,160,0.00000,4.12601
534F4C31,13264,137105804,0,2991,2835,156,0.00000,4.02286
534F4C31,13265,137115532,0,2993,2836,157,0.00000,4.04864
534F4C31,13266,137125571,0,2988,2839,149,0.00000,3.84234
534F4C31,13267,137135580,0,2985,2842,143,0.00000,3.68762
534F4C31,13268,137145534,0,3001,2835,166,0.00000,4.28073
534F4C31,13269,137155573,0,2990,2835,155,0.00000,3.99707
534F4C31,13270,137165562,0,2988,2834,154,0.00000,3.97128
534F4C31,13271,137175537,0,2990,2837,153,0.00000,3.94549
534F4C31,13272,137185556,0,2986,2834,152,0.00000,3.91971
534F4C31,13273,137195566,0,2993,2835,158,0.00000,4.07443
534F4C31,13274,137205553,0,2990,2836,154,0.00000,3.97128
534F4C31,13275,137215683,0,2994,2835,159,0.00000,4.10022
534F4C31,13276,137225564,0,2995,2835,160,0.00000,4.12601
534F4C31,13277,137235535,0,3000,2832,168,0.00000,4.33231
534F4C31,13278,137245536,0,2994,2836,158,0.00000,4.07443
534F4C31,13279,137255807,0,2992,2835,157,0.00000,4.04864
534F4C31,13280,137265964,0,2983,2835,148,0.00000,3.81656
534F4C31,13281,137275569,0,2988,2833,155,0.00000,3.99707
534F4C31,13282,137285623,0,2995,2840,155,0.00000,3.99707
534F4C31,13283,137295543,0,2999,2836,163,0.00000,4.20337
534F4C31,13284,137305539,0,2987,2835,152,0.00000,3.91971
534F4C31,13285,137315534,0,2996,2834,162,0.00000,4.17758
534F4C31,13286,137325535,0,2988,2835,153,0.00000,3.94549
534F4C31,13287,137335539,0,2992,2836,156,0.00000,4.02286
534F4C31,13288,137345534,0,2994,2835,159,0.00000,4.10022
534F4C31,13289,137355587,0,2996,2837,159,0.00000,4.10022
534F4C31,13290,137365554,0,2999,2835,164,0.00000,4.22916
534F4C31,13291,137375846,0,2994,2836,158,0.00000,4.07443
534F4C31,13292,137385534,0,2986,2836,150,0.00000,3.86813
534F4C31,13293,137395535,0,2989,2835,154,0.00000,3.97128
534F4C31,13294,137405568,0,2992,2838,154,0.00000,3.97128
534F4C31,13295,137415537,0,3000,2834,166,0.00000,4.28073
534F4C31,13296,137425762,0,2992,2833,159,0.00000,4.10022
534F4C31,13297,137435541,0,2992,2834,158,0.00000,4.07443
534F4C31,13298,137445548,0,2995,2839,156,0.00000,4.02286
534F4C31,13299,137455602,0,2989,2835,154,0.00000,3.97128
534F4C31,13300,137465571,0,2999,2830,169,0.00000,4.35810
534F4C31,13301,137475535,0,3004,2831,173,0.00000,4.46125
534F4C31,13302,137485555,0,2991,2833,158,0.00000,4.07443
534F4C31,13303,137495556,0,2992,2833,159,0.00000,4.10022
534F4C31,13304,137505538,0,3001,2834,167,0.00000,4.30652
534F4C31,13305,137515536,0,2995,2830,165,0.00000,4.25495
534F4C31,13306,137525567,0,3001,2836,165,0.00000,4.25495
534F4C31,13307,137535535,0,2999,2829,170,0.00000,4.38388
534F4C31,13308,137545572,0,2990,2832,158,0.00000,4.07443
534F4C31,13309,137555558,0,2997,2834,163,0.00000,4.20337
534F4C31,13310,137565575,0,3002,2832,170,0.00000,4.38388
534F4C31,13311,137575565,0,2988,2828,160,0.00000,4.12601
534F4C31,13312,137585536,0,2998,2832,166,0.00000,4.28073
534F4C31,13313,137595630,0,2992,2832,160,0.00000,4.12601
534F4C31,13314,137605572,0,2983,2832,151,0.00000,3.89392
534F4C31,13315,137615571,0,3005,2833,172,0.00000,4.43546
534F4C31,13316,137625571,0,2999,2829,170,0.00000,4.38388
534F4C31,13317,137635659,0,2997,2829,168,0.00000,4.33231
534F4C31,13318,137645574,0,2993,2824,169,0.00000,4.35810
534F4C31,13319,137655534,0,2989,2830,159,0.00000,4.10022
534F4C31,13320,137665533,0,2990,2827,163,0.00000,4.20337
534F4C31,13321,137675538,0,2999,2832,167,0.00000,4.30652
534F4C31,13322,137685565,0,2985,2829,156,0.00000,4.02286
534F4C31,13323,137695570,0,2990,2836,154,0.00000,3.97128
534F4C31,13324,137705572,0,2992,2832,160,0.00000,4.12601
534F4C31,13325,137716311,0,2991,2828,163,0.00000,4.20337
534F4C31,13326,137725565,0,2997,2832,165,0.00000,4.25495
534F4C31,13327,137735713,0,2997,2830,167,0.00000,4.30652
534F4C31,13328,137745562,0,2995,2830,165,0.00000,4.25495
534F4C31,13329,137755569,0,2989,2832,157,0.00000,4.04864
534F4C31,13330,137765532,0,2992,2831,161,0.00000,4.15179
534F4C31,13331,137775568,0,2996,2832,164,0.00000,4.22916
534F4C31,13332,137786617,0,2993,2835,158,0.00000,4.07443
534F4C31,13333,137795832,0,2996,2831,165,0.00000,4.25495
534F4C31,13334,137805540,0,2987,2832,155,0.00000,3.99707
534F4C31,13335,137815563,0,2995,2832,163,0.00000,4.20337
534F4C31,13336,137825535,0,2998,2832,166,0.00000,4.28073
534F4C31,13337,137835537,0,2986,2837,149,0.00000,3.84234
534F4C31,13338,137845534,0,2993,2833,160,0.00000,4.12601
534F4C31,13339,137855573,0,2997,2831,166,0.00000,4.28073
534F4C31,13340,137865550,0,2989,2832,157,0.00000,4.04864
534F4C31,13341,137875559,0,2989,2836,153,0.00000,3.94549
534F4C31,13342,137885535,0,2989,2832,157,0.00000,4.04864
534F4C31,13343,137895559,0,2988,2832,156,0.00000,4.02286
534F4C31,13344,137905558,0,2992,2834,158,0.00000,4.07443
534F4C31,13345,137915539,0,2994,2833,161,0.00000,4.15179
534F4C31,13346,137925537,0,2989,2831,158,0.00000,4.07443
534F4C31,13347,137935536,0,2990,2831,159,0.00000,4.10022
534F4C31,13348,137945571,0,2991,2832,159,0.00000,4.10022
534F4C31,13349,137955779,0,2987,2832,155,0.00000,3.99707
534F4C31,13350,137965534,0,2995,2837,158,0.00000,4.07443
534F4C31,13351,137975532,0,2997,2832,165,0.00000,4.25495
534F4C31,13352,137985565,0,2997,2828,169,0.00000,4.35810
534F4C31,13353,137995541,0,3003,2830,173,0.00000,4.46125
534F4C31,13354,138005638,0,2997,2831,166,0.00000,4.28073
534F4C31,13355,138015557,0,2994,2832,162,0.00000,4.17758
534F4C31,13356,138025549,0,2998,2833,165,0.00000,4.25495
534F4C31,13357,138035570,0,2991,2837,154,0.00000,3.97128
534F4C31,13358,138045538,0,3000,2830,170,0.00000,4.38388
534F4C31,13359,138055534,0,2994,2828,166,0.00000,4.28073
534F4C31,13360,138065534,0,2993,2831,162,0.00000,4.17758
534F4C31,13361,138075585,0,2991,2831,160,0.00000,4.12601
534F4C31,13362,138085534,0,2988,2832,156,0.00000,4.02286
534F4C31,13363,138095532,0,2990,2832,158,0.00000,4.07443
534F4C31,13364,138105900,0,2989,2833,156,0.00000,4.02286
534F4C31,13365,138115543,0,2992,2827,165,0.00000,4.25495
534F4C31,13366,138125537,0,3002,2831,171,0.00000,4.40967
534F4C31,13367,138135752,0,2998,2831,167,0.00000,4.30652
534F4C31,13368,138145933,0,2992,2832,160,0.00000,4.12601
534F4C31,13369,138155764,0,2997,2828,169,0.00000,4.35810
534F4C31,13370,138165562,0,2999,2832,167,0.00000,4.30652
534F4C31,13371,138175892,0,3005,2831,174,0.00000,4.48703
534F4C31,13372,138185875,0,3000,2830,170,0.00000,4.38388
534F4C31,13373,138195571,0,2994,2833,161,0.00000,4.15179
534F4C31,13374,138205536,0,2988,2833,155,0.00000,3.99707
534F4C31,13375,138215557,0,2988,2830,158,0.00000,4.07443
534F4C31,13376,138225533,0,2997,2833,164,0.00000,4.22916
534F4C31,13377,138235571,0,2995,2834,161,0.00000,4.15179
534F4C31,13378,138245536,0,2992,2834,158,0.00000,4.07443
534F4C31,13379,138255552,0,2996,2832,164,0.00000,4.22916
534F4C31,13380,138265569,0,2992,2826,166,0.00000,4.28073
534F4C31,13381,138275818,0,3003,2826,177,0.00000,4.56440
534F4C31,13382,138285561,0,2986,2828,158,0.00000,4.07443
534F4C31,13383,138295551,0,2993,2830,163,0.00000,4.20337
534F4C31,13384,138305534,0,2999,2828,171,0.00000,4.40967
534F4C31,13385,138315534,0,2984,2834,150,0.00000,3.86813
534F4C31,13386,138325534,0,2995,2830,165,0.00000,4.25495
534F4C31,13387,138335569,0,2991,2824,167,0.00000,4.30652
534F4C31,13388,138345536,0,2995,2825,170,0.00000,4.38388
534F4C31,13389,138355536,0,2993,2824,169,0.00000,4.35810
534F4C31,13390,138366121,0,2989,2824,165,0.00000,4.25495
534F4C31,13391,138375534,0,2987,2830,157,0.00000,4.04864
534F4C31,13392,138385541,0,2990,2823,167,0.00000,4.30652
534F4C31,13393,138395570,0,2995,2828,167,0.00000,4.30652
534F4C31,13394,138405550,0,2991,2826,165,0.00000,4.25495
534F4C31,13395,138415561,0,2994,2826,168,0.00000,4.33231
534F4C31,13396,138425560,0,3001,2829,172,0.00000,4.43546
534F4C31,13397,138435845,0,2997,2827,170,0.00000,4.38388
534F4C31,13398,138445536,0,3007,2827,180,0.00000,4.64176
534F4C31,13399,138455566,0,2996,2827,169,0.00000,4.35810
534F4C31,13400,138465565,0,2994,2825,169,0.00000,4.35810
534F4C31,13401,138475552,0,2988,2826,162,0.00000,4.17758
534F4C31,13402,138485562,0,3000,2825,175,0.00000,4.51282
534F4C31,13403,138495535,0,2991,2829,162,0.00000,4.17758
534F4C31,13404,138505560,0,2999,2829,170,0.00000,4.38388
534F4C31,13405,138515539,0,2994,2826,168,0.00000,4.33231
534F4C31,13406,138525534,0,2993,2827,166,0.00000,4.28073
534F4C31,13407,138535666,0,2994,2826,168,0.00000,4.33231
534F4C31,13408,138545539,0,3002,2828,174,0.00000,4.48703
534F4C31,13409,138555567,0,2993,2825,168,0.00000,4.33231
534F4C31,13410,138565547,0,2995,2828,167,0.00000,4.30652
534F4C31,13411,138575579,0,2987,2825,162,0.00000,4.17758
534F4C31,13412,138585566,0,2994,2823,171,0.00000,4.40967
534F4C31,13413,138595538,0,2989,2828,161,0.00000,4.15179
534F4C31,13414,138605536,0,2996,2830,166,0.00000,4.28073
534F4C31,13415,138615868,0,2997,2828,169,0.00000,4.35810
534F4C31,13416,138625532,0,2991,2827,164,0.00000,4.22916
534F4C31,13417,138635532,0,2997,2826,171,0.00000,4.40967
534F4C31,13418,138645559,0,2992,2829,163,0.00000,4.20337
534F4C31,13419,138655668,0,2994,2825,169,0.00000,4.35810
534F4C31,13420,138665534,0,2989,2831,158,0.00000,4.07443
534F4C31,13421,138675781,0,2992,2829,163,0.00000,4.20337
534F4C31,13422,138685555,0,2995,2829,166,0.00000,4.28073
534F4C31,13423,138695569,0,2987,2830,157,0.00000,4.04864
534F4C31,13423,138705533,0,2992,2827,165,0.00000,4.25495
534F4C31,13424,138715573,0,2997,2827,170,0.00000,4.38388
534F4C31,13425,138725534,0,2995,2829,166,0.00000,4.28073
534F4C31,13426,138735599,0,2992,2830,162,0.00000,4.17758
534F4C31,13427,138745568,0,2994,2827,167,0.00000,4.30652
534F4C31,13428,138755540,0,2988,2827,161,0.00000,4.15179
534F4C31,13429,138765565,0,3001,2829,172,0.00000,4.43546
534F4C31,13430,138775536,0,2993,2825,168,0.00000,4.33231
534F4C31,13431,138785587,0,2990,2829,161,0.00000,4.15179
534F4C31,13432,138795534,0,2997,2829,168,0.00000,4.33231
534F4C31,13433,138805553,0,2982,2829,153,0.00000,3.94549
534F4C31,13434,138815566,0,2987,2829,158,0.00000,4.07443
534F4C31,13435,138825538,0,2998,2823,175,0.00000,4.51282
534F4C31,13436,138835556,0,2997,2826,171,0.00000,4.40967
534F4C31,13437,138845534,0,2996,2829,167,0.00000,4.30652
534F4C31,13438,138855651,0,2994,2829,165,0.00000,4.25495
534F4C31,13439,138865556,0,2987,2828,159,0.00000,4.10022
534F4C31,13440,138875538,0,2995,2831,164,0.00000,4.22916
534F4C31,13441,138885675,0,2992,2828,164,0.00000,4.22916
534F4C31,13442,138895561,0,2988,2830,158,0.00000,4.07443
534F4C31,13443,138905571,0,2998,2830,168,0.00000,4.33231
534F4C31,13444,138915956,0,2997,2827,170,0.00000,4.38388
534F4C31,13445,138925534,0,3003,2827,176,0.00000,4.53861
534F4C31,13446,138935594,0,2993,2826,167,0.00000,4.30652
534F4C31,13447,138945531,0,2997,2822,175,0.00000,4.51282
534F4C31,13448,138955558,0,2997,2823,174,0.00000,4.48703
534F4C31,13449,138965556,0,2997,2826,171,0.00000,4.40967
534F4C31,13450,138975534,0,2985,2822,163,0.00000,4.20337
534F4C31,13451,138985534,0,2991,2819,172,0.00000,4.43546
534F4C31,13452,138995541,0,2991,2817,174,0.00000,4.48703
534F4C31,13453,139005538,0,2993,2824,169,0.00000,4.35810
534F4C31,13454,139015532,0,2994,2825,169,0.00000,4.35810
534F4C31,13455,139025553,0,2991,2822,169,0.00000,4.35810
534F4C31,13456,139035534,0,2993,2823,170,0.00000,4.38388
534F4C31,13457,139045890,0,2995,2823,172,0.00000,4.43546
534F4C31,13458,139055557,0,2990,2824,166,0.00000,4.28073
534F4C31,13459,139065736,0,2999,2820,179,0.00000,4.61597
534F4C31,13460,139075560,0,3006,2823,183,0.00000,4.71912
534F4C31,13461,139085762,0,2994,2826,168,0.00000,4.33231
534F4C31,13462,139096025,0,2988,2824,164,0.00000,4.22916
534F4C31,13463,139105558,0,3006,2820,186,0.00000,4.79648
534F4C31,13464,139115548,0,2984,2822,162,0.00000,4.17758
534F4C31,13465,139125534,0,3000,2819,181,0.00000,4.66755
534F4C31,13466,139135534,0,2997,2823,174,0.00000,4.48703
534F4C31,13467,139145571,0,2994,2821,173,0.00000,4.46125
534F4C31,13468,139155535,0,2996,2824,172,0.00000,4.43546
534F4C31,13469,139165565,0,2992,2828,164,0.00000,4.22916
534F4C31,13470,139175536,0,2997,2823,174,0.00000,4.48703
534F4C31,13471,139185570,0,2991,2821,170,0.00000,4.38388
534F4C31,13472,139195571,0,2989,2817,172,0.00000,4.43546
534F4C31,13473,139205532,0,3000,2818,182,0.00000,4.69333
534F4C31,13474,139215591,0,2991,2823,168,0.00000,4.33231
534F4C31,13475,139225730,0,2993,2825,168,0.00000,4.33231
534F4C31,13476,139235626,0,2984,2829,155,0.00000,3.99707
534F4C31,13477,139245788,0,2996,2827,169,0.00000,4.35810
534F4C31,13478,139255834,0,2987,2822,165,0.00000,4.25495
534F4C31,13479,139265557,0,2995,2820,175,0.00000,4.51282
534F4C31,13480,139275536,0,2996,2821,175,0.00000,4.51282
534F4C31,13481,139285772,0,2985,2821,164,0.00000,4.22916
534F4C31,13482,139296013,0,3001,2825,176,0.00000,4.53861
534F4C31,13483,139305711,0,2989,2824,165,0.00000,4.25495
534F4C31,13484,139315535,0,2992,2824,168,0.00000,4.33231
534F4C31,13485,139325535,0,2991,2828,163,0.00000,4.20337
534F4C31,13486,139335567,0,2991,2825,166,0.00000,4.28073
534F4C31,13487,139345827,0,2989,2817,172,0.00000,4.43546
534F4C31,13488,139355561,0,2989,2818,171,0.00000,4.40967
534F4C31,13489,139365557,0,2990,2819,171,0.00000,4.40967
534F4C31,13490,139375534,0,2999,2825,174,0.00000,4.48703
534F4C31,13491,139385534,0,2989,2823,166,0.00000,4.28073
534F4C31,13492,139395555,0,2994,2821,173,0.00000,4.46125
534F4C31,13493,139405574,0,2989,2826,163,0.00000,4.20337
534F4C31,13494,139415714,0,2991,2825,166,0.00000,4.28073
534F4C31,13495,139425796,0,2994,2822,172,0.00000,4.43546
534F4C31,13496,139435553,0,2993,2826,167,0.00000,4.30652
534F4C31,13497,139445565,0,3000,2824,176,0.00000,4.53861
534F4C31,13498,139455570,0,2997,2820,177,0.00000,4.56440
534F4C31,13499,139465694,0,2994,2821,173,0.00000,4.46125
534F4C31,13500,139475548,0,2997,2825,172,0.00000,4.43546
534F4C31,13501,139485574,0,2993,2827,166,0.00000,4.28073
534F4C31,13502,139495545,0,2987,2822,165,0.00000,4.25495
534F4C31,13503,139505570,0,2992,2824,168,0.00000,4.33231
534F4C31,13504,139516071,0,2990,2826,164,0.00000,4.22916
534F4C31,13505,139525537,0,2998,2826,172,0.00000,4.43546
534F4C31,13506,139535557,0,2998,2826,172,0.00000,4.43546
534F4C31,13507,139545561,0,2993,2823,170,0.00000,4.38388
534F4C31,13508,139555555,0,2999,2828,171,0.00000,4.40967
534F4C31,13509,139565576,0,2982,2826,156,0.00000,4.02286
534F4C31,13510,139575506,0,2995,2822,173,0.00000,4.46125
534F4C31,13511,139585550,0,2994,2821,173,0.00000,4.46125
534F4C31,13512,139595537,0,2995,2821,174,0.00000,4.48703
534F4C31,13513,139605534,0,3000,2819,181,0.00000,4.66755
534F4C31,13514,139615537,0,2983,2821,162,0.00000,4.17758
534F4C31,13515,139625543,0,2994,2823,171,0.00000,4.40967
534F4C31,13516,139635534,0,3001,2819,182,0.00000,4.69333
534F4C31,13517,139645534,0,2988,2816,172,0.00000,4.43546
534F4C31,13518,139655559,0,2995,2813,182,0.00000,4.69333
534F4C31,13519,139665664,0,2999,2821,178,0.00000,4.59018
534F4C31,13520,139675567,0,2992,2818,174,0.00000,4.48703
534F4C31,13521,139685753,0,2993,2816,177,0.00000,4.56440
534F4C31,13522,139695538,0,2990,2823,167,0.00000,4.30652
534F4C31,13523,139705540,0,2982,2814,168,0.00000,4.33231
534F4C31,13524,139715564,0,2991,2822,169,0.00000,4.35810
534F4C31,13525,139725537,0,2999,2817,182,0.00000,4.69333
534F4C31,13526,139735534,0,2988,2816,172,0.00000,4.43546
534F4C31,13527,139745534,0,2999,2820,179,0.00000,4.61597
534F4C31,13528,139755571,0,3001,2819,182,0.00000,4.69333
534F4C31,13529,139765591,0,3001,2817,184,0.00000,4.74491
534F4C31,13530,139775539,0,2988,2818,170,0.00000,4.38388
534F4C31,13531,139785571,0,2992,2821,171,0.00000,4.40967
534F4C31,13532,139795588,0,2994,2819,175,0.00000,4.51282
534F4C31,13533,139805548,0,2993,2816,177,0.00000,4.56440
534F4C31,13534,139815546,0,2980,2815,165,0.00000,4.25495
534F4C31,13535,139825610,0,2999,2820,179,0.00000,4.61597
534F4C31,13536,139836011,0,2990,2816,174,0.00000,4.48703
534F4C31,13537,139845598,0,2989,2822,167,0.00000,4.30652
534F4C31,13538,139855537,0,2981,2818,163,0.00000,4.20337
534F4C31,13539,139865536,0,2982,2823,159,0.00000,4.10022
534F4C31,13540,139875540,0,2987,2819,168,0.00000,4.33231
534F4C31,13541,139885718,0,2994,2815,179,0.00000,4.61597
534F4C31,13542,139895565,0,2993,2815,178,0.00000,4.59018
534F4C31,13543,139905534,0,2982,2816,166,0.00000,4.28073
534F4C31,13544,139915539,0,3002,2819,183,0.00000,4.71912
534F4C31,13545,139925536,0,2986,2813,173,0.00000,4.46125
534F4C31,13546,139935534,0,3004,2818,186,0.00000,4.79648
534F4C31,13547,139945536,0,2992,2821,171,0.00000,4.40967
534F4C31,13548,139955573,0,2989,2815,174,0.00000,4.48703
534F4C31,13549,139965574,0,2989,2823,166,0.00000,4.28073
534F4C31,13550,139975574,0,2992,2817,175,0.00000,4.51282
534F4C31,13551,139985768,0,2992,2823,169,0.00000,4.35810
534F4C31,13552,139995545,0,2991,2819,172,0.00000,4.43546
534F4C31,13553,140005534,0,2987,2820,167,0.00000,4.30652
534F4C31,13554,140015542,0,2987,2819,168,0.00000,4.33231
534F4C31,13554,140025534,0,2991,2817,174,0.00000,4.48703
534F4C31,13555,140035534,0,2990,2817,173,0.00000,4.46125
534F4C31,13556,140045549,0,2987,2820,167,0.00000,4.30652
534F4C31,13557,140055664,0,2993,2818,175,0.00000,4.51282
534F4C31,13558,140065558,0,2993,2817,176,0.00000,4.53861
534F4C31,13559,140075539,0,2998,2819,179,0.00000,4.61597
534F4C31,13560,140085534,0,2988,2812,176,0.00000,4.53861
534F4C31,13561,140095568,0,3002,2817,185,0.00000,4.77070
534F4C31,13562,140105568,0,2996,2816,180,0.00000,4.64176
534F4C31,13563,140115564,0,3000,2816,184,0.00000,4.74491
534F4C31,13564,140125537,0,2994,2819,175,0.00000,4.51282
534F4C31,13565,140135850,0,3001,2820,181,0.00000,4.66755
534F4C31,13566,140145532,0,2990,2818,172,0.00000,4.43546
534F4C31,13567,140155746,0,2990,2822,168,0.00000,4.33231
534F4C31,13568,140165543,0,2995,2812,183,0.00000,4.71912
534F4C31,13569,140175690,0,3006,2818,188,0.00000,4.84806
534F4C31,13570,140185534,0,2999,2820,179,0.00000,4.61597
534F4C31,13571,140195534,0,2994,2820,174,0.00000,4.48703
534F4C31,13572,140205870,0,3006,2816,190,0.00000,4.89963
534F4C31,13573,140215552,0,2986,2817,169,0.00000,4.35810
534F4C31,13574,140225536,0,2990,2816,174,0.00000,4.48703
534F4C31,13575,140235534,0,2994,2820,174,0.00000,4.48703
534F4C31,13576,140245569,0,2991,2818,173,0.00000,4.46125
534F4C31,13577,140255562,0,2992,2817,175,0.00000,4.51282
534F4C31,13578,140265793,0,2990,2818,172,0.00000,4.43546
534F4C31,13579,140275532,0,2997,2817,180,0.00000,4.64176
534F4C31,13580,140285532,0,2996,2815,181,0.00000,4.66755
534F4C31,13581,140295530,0,2988,2812,176,0.00000,4.53861
534F4C31,13582,140305530,0,2992,2816,176,0.00000,4.53861
534F4C31,13583,140315530,0,2995,2816,179,0.00000,4.61597
534F4C31,13584,140325530,0,2998,2811,187,0.00000,4.82227
534F4C31,13585,140335530,0,2981,2815,166,0.00000,4.28073
534F4C31,13586,140345530,0,2994,2815,179,0.00000,4.61597
534F4C31,13587,140355534,0,2990,2813,177,0.00000,4.56440
534F4C31,13588,140365543,0,2994,2810,184,0.00000,4.74491
534F4C31,13589,140375567,0,3000,2812,188,0.00000,4.84806
534F4C31,13590,140385573,0,2993,2817,176,0.00000,4.53861
534F4C31,13591,140395720,0,2993,2818,175,0.00000,4.51282
534F4C31,13592,140405534,0,2994,2810,184,0.00000,4.74491
534F4C31,13593,140415534,0,2999,2809,190,0.00000,4.89963
534F4C31,13594,140425705,0,2991,2812,179,0.00000,4.61597
534F4C31,13595,140435540,0,3002,2811,191,0.00000,4.92542
534F4C31,13596,140445535,0,2991,2815,176,0.00000,4.53861
534F4C31,13597,140455536,0,2988,2818,170,0.00000,4.38388
534F4C31,13598,140465566,0,2993,2818,175,0.00000,4.51282
534F4C31,13599,140475559,0,2994,2818,176,0.00000,4.53861
534F4C31,13600,140485535,0,2990,2816,174,0.00000,4.48703
534F4C31,13601,140495568,0,2995,2814,181,0.00000,4.66755
534F4C31,13602,140505640,0,2994,2810,184,0.00000,4.74491
534F4C31,13603,140515537,0,2992,2812,180,0.00000,4.64176
534F4C31,13604,140525792,0,2993,2813,180,0.00000,4.64176
534F4C31,13605,140535537,0,2987,2811,176,0.00000,4.53861
534F4C31,13606,140546303,0,2993,2812,181,0.00000,4.66755
534F4C31,13607,140555534,0,3002,2816,186,0.00000,4.79648
534F4C31,13608,140565556,0,2991,2815,176,0.00000,4.53861
534F4C31,13609,140575571,0,3005,2812,193,0.00000,4.97700
534F4C31,13610,140585555,0,2988,2815,173,0.00000,4.46125
534F4C31,13611,140595560,0,3003,2811,192,0.00000,4.95121
534F4C31,13612,140605566,0,3003,2813,190,0.00000,4.89963
534F4C31,13613,140615543,0,2996,2819,177,0.00000,4.56440
534F4C31,13614,140625534,0,2997,2815,182,0.00000,4.69333
534F4C31,13615,140635534,0,3001,2812,189,0.00000,4.87385
534F4C31,13616,140645780,0,2994,2817,177,0.00000,4.56440
534F4C31,13617,140656040,0,2996,2812,184,0.00000,4.74491
534F4C31,13618,140665534,0,2994,2809,185,0.00000,4.77070
534F4C31,13619,140675534,0,2977,2814,163,0.00000,4.20337
534F4C31,13620,140685935,0,2993,2812,181,0.00000,4.66755
534F4C31,13621,140695857,0,2988,2816,172,0.00000,4.43546
534F4C31,13622,140705534,0,2996,2812,184,0.00000,4.74491
534F4C31,13623,140715901,0,2996,2818,178,0.00000,4.59018
534F4C31,13624,140725554,0,2993,2807,186,0.00000,4.79648
534F4C31,13625,140735542,0,2988,2814,174,0.00000,4.48703
534F4C31,13626,140745566,0,3000,2812,188,0.00000,4.84806
534F4C31,13627,140755534,0,2993,2810,183,0.00000,4.71912
534F4C31,13628,140765541,0,2992,2816,176,0.00000,4.53861
534F4C31,13629,140775534,0,3005,2813,192,0.00000,4.95121
534F4C31,13630,140785562,0,2986,2813,173,0.00000,4.46125
534F4C31,13631,140795702,0,2990,2816,174,0.00000,4.48703
534F4C31,13632,140805567,0,2998,2811,187,0.00000,4.82227
534F4C31,13633,140815534,0,2996,2818,178,0.00000,4.59018
534F4C31,13634,140825566,0,2991,2811,180,0.00000,4.64176
534F4C31,13635,140835536,0,2993,2813,180,0.00000,4.64176
534F4C31,13636,140845536,0,3003,2814,189,0.00000,4.87385
534F4C31,13637,140855996,0,2997,2814,183,0.00000,4.71912
534F4C31,13638,140865532,0,2986,2817,169,0.00000,4.35810
534F4C31,13639,140875538,0,2991,2816,175,0.00000,4.51282
534F4C31,13640,140885546,0,2993,2813,180,0.00000,4.64176
534F4C31,13641,140895535,0,2999,2815,184,0.00000,4.74491
534F4C31,13642,140905534,0,2990,2811,179,0.00000,4.61597
534F4C31,13643,140915571,0,2989,2812,177,0.00000,4.56440
534F4C31,13644,140925555,0,3000,2812,188,0.00000,4.84806
534F4C31,13645,140935571,0,2986,2813,173,0.00000,4.46125
534F4C31,13646,140945577,0,2990,2810,180,0.00000,4.64176
534F4C31,13647,140955538,0,2988,2815,173,0.00000,4.46125
534F4C31,13648,140965560,0,3002,2811,191,0.00000,4.92542
534F4C31,13649,140975536,0,2994,2816,178,0.00000,4.59018
534F4C31,13650,140985539,0,3007,2809,198,0.00000,5.10593
534F4C31,13651,140995566,0,2992,2812,180,0.00000,4.64176
534F4C31,13652,141005536,0,2996,2812,184,0.00000,4.74491
534F4C31,13653,141015570,0,2998,2807,191,0.00000,4.92542
534F4C31,13654,141025561,0,2994,2812,182,0.00000,4.69333
534F4C31,13655,141035563,0,2988,2808,180,0.00000,4.64176
534F4C31,13656,141045536,0,2997,2809,188,0.00000,4.84806
534F4C31,13657,141055569,0,3000,2815,185,0.00000,4.77070
534F4C31,13658,141065534,0,2994,2806,188,0.00000,4.84806
534F4C31,13659,141075558,0,2987,2808,179,0.00000,4.61597
534F4C31,13660,141085567,0,2994,2807,187,0.00000,4.82227
534F4C31,13661,141095576,0,2987,2814,173,0.00000,4.46125
534F4C31,13662,141105857,0,2993,2808,185,0.00000,4.77070
534F4C31,13663,141115557,0,3000,2811,189,0.00000,4.87385
534F4C31,13664,141125775,0,2996,2808,188,0.00000,4.84806
534F4C31,13665,141135532,0,2987,2811,176,0.00000,4.53861
534F4C31,13666,141145534,0,2996,2814,182,0.00000,4.69333
534F4C31,13667,141155534,0,2995,2809,186,0.00000,4.79648
534F4C31,13668,141165540,0,2996,2808,188,0.00000,4.84806
534F4C31,13669,141175560,0,2992,2811,181,0.00000,4.66755
534F4C31,13670,141185536,0,2988,2808,180,0.00000,4.64176
534F4C31,13671,141196674,0,2990,2807,183,0.00000,4.71912
534F4C31,13672,141205618,0,2984,2810,174,0.00000,4.48703
534F4C31,13673,141215532,0,2990,2810,180,0.00000,4.64176
534F4C31,13674,141225556,0,2986,2808,178,0.00000,4.59018
534F4C31,13675,141235534,0,2996,2812,184,0.00000,4.74491
534F4C31,13676,141245533,0,2990,2809,181,0.00000,4.66755
534F4C31,13677,141255535,0,2986,2814,172,0.00000,4.43546
534F4C31,13678,141265534,0,2994,2808,186,0.00000,4.79648
534F4C31,13679,141275564,0,2992,2813,179,0.00000,4.61597
534F4C31,13680,141285536,0,3007,2812,195,0.00000,5.02857
534F4C31,13681,141295571,0,2993,2806,187,0.00000,4.82227
534F4C31,13682,141305566,0,2988,2809,179,0.00000,4.61597
534F4C31,13683,141315534,0,2992,2812,180,0.00000,4.64176
534F4C31,13684,141325574,0,2991,2807,184,0.00000,4.74491
534F4C31,13685,141336058,0,2998,2813,185,0.00000,4.77070
534F4C31,13686,141345534,0,2991,2814,177,0.00000,4.56440
534F4C31,13687,141355544,0,2997,2811,186,0.00000,4.79648
534F4C31,13688,141365570,0,2996,2807,189,0.00000,4.87385
534F4C31,13689,141375553,0,3002,2803,199,0.00000,5.13172
534F4C31,13690,141385564,0,2979,2806,173,0.00000,4.46125
534F4C31,13691,141395562,0,2990,2809,181,0.00000,4.66755
534F4C31,13692,141405534,0,3001,2809,192,0.00000,4.95121
534F4C31,13693,141415568,0,3002,2814,188,0.00000,4.84806
534F4C31,13694,141425596,0,2992,2812,180,0.00000,4.64176
534F4C31,13695,141435568,0,2998,2810,188,0.00000,4.84806
534F4C31,13696,141445723,0,2994,2813,181,0.00000,4.66755
534F4C31,13697,141455540,0,2993,2811,182,0.00000,4.69333
534F4C31,13698,141465536,0,2997,2807,190,0.00000,4.89963
534F4C31,13699,141475568,0,2996,2809,187,0.00000,4.82227
534F4C31,13700,141485534,0,2996,2808,188,0.00000,4.84806
534F4C31,13701,141495534,0,2995,2806,189,0.00000,4.87385
534F4C31,13702,141505534,0,2994,2812,182,0.00000,4.69333
534F4C31,13703,141515565,0,2999,2808,191,0.00000,4.92542
534F4C31,13704,141525532,0,2985,2812,173,0.00000,4.46125
534F4C31,13705,141535532,0,2984,2808,176,0.00000,4.53861
534F4C31,13706,141545532,0,2992,2807,185,0.00000,4.77070
534F4C31,13707,141555575,0,2995,2808,187,0.00000,4.82227
534F4C31,13708,141565567,0,2990,2807,183,0.00000,4.71912
534F4C31,13709,141575562,0,2990,2810,180,0.00000,4.64176
534F4C31,13710,141585567,0,2987,2811,176,0.00000,4.53861
534F4C31,13711,141595532,0,3007,2808,199,0.00000,5.13172
534F4C31,13712,141605534,0,2986,2807,179,0.00000,4.61597
534F4C31,13713,141615558,0,3002,2813,189,0.00000,4.87385
534F4C31,13714,141625561,0,2994,2805,189,0.00000,4.87385
534F4C31,13715,141635589,0,2995,2810,185,0.00000,4.77070
534F4C31,13716,141645565,0,2989,2817,172,0.00000,4.43546
534F4C31,13717,141655532,0,2998,2806,192,0.00000,4.95121
534F4C31,13718,141665535,0,2998,2809,189,0.00000,4.87385
534F4C31,13719,141675556,0,2994,2809,185,0.00000,4.77070
534F4C31,13720,141685534,0,2991,2808,183,0.00000,4.71912
534F4C31,13721,141695540,0,2995,2807,188,0.00000,4.84806
534F4C31,13722,141706093,0,3008,2811,197,0.00000,5.08015
534F4C31,13723,141715566,0,2997,2806,191,0.00000,4.92542
534F4C31,13724,141725570,0,2999,2807,192,0.00000,4.95121
534F4C31,13725,141735731,0,3006,2803,203,0.00000,5.23487
534F4C31,13726,141745561,0,2984,2805,179,0.00000,4.61597
534F4C31,13727,141755543,0,2998,2810,188,0.00000,4.84806
534F4C31,13728,141765534,0,3000,2808,192,0.00000,4.95121
534F4C31,13729,141776383,0,2996,2804,192,0.00000,4.95121
534F4C31,13730,141785575,0,2997,2805,192,0.00000,4.95121
534F4C31,13731,141795534,0,3007,2807,200,0.00000,5.15751
534F4C31,13732,141805576,0,2983,2805,178,0.00000,4.59018
534F4C31,13733,141815534,0,2996,2811,185,0.00000,4.77070
534F4C31,13734,141825537,0,2995,2807,188,0.00000,4.84806
534F4C31,13735,141835534,0,2998,2805,193,0.00000,4.97700
534F4C31,13736,141845534,0,2997,2801,196,0.00000,5.05436
534F4C31,13737,141855576,0,2992,2805,187,0.00000,4.82227
534F4C31,13738,141865691,0,3004,2807,197,0.00000,5.08015
534F4C31,13739,141875532,0,2998,2807,191,0.00000,4.92542
534F4C31,13740,141885842,0,2994,2806,188,0.00000,4.84806
534F4C31,13741,141895562,0,2994,2805,189,0.00000,4.87385
534F4C31,13742,141905568,0,2995,2803,192,0.00000,4.95121
534F4C31,13743,141915536,0,2985,2805,180,0.00000,4.64176
534F4C31,13744,141925609,0,3000,2807,193,0.00000,4.97700
534F4C31,13745,141935752,0,2984,2803,181,0.00000,4.66755
534F4C31,13746,141945893,0,2989,2806,183,0.00000,4.71912
534F4C31,13747,141955570,0,2992,2801,191,0.00000,4.92542
534F4C31,13748,141965535,0,3004,2804,200,0.00000,5.15751
534F4C31,13749,141975552,0,3005,2806,199,0.00000,5.13172
534F4C31,13750,141986077,0,3003,2808,195,0.00000,5.02857
534F4C31,13751,141995534,0,3000,2805,195,0.00000,5.02857
534F4C31,13752,142005534,0,2998,2807,191,0.00000,4.92542
534F4C31,13753,142015534,0,2994,2809,185,0.00000,4.77070
534F4C31,13754,142025535,0,3003,2806,197,0.00000,5.08015
534F4C31,13755,142036350,0,3000,2805,195,0.00000,5.02857
534F4C31,13756,142045576,0,2986,2803,183,0.00000,4.71912
534F4C31,13757,142055536,0,3001,2808,193,0.00000,4.97700
534F4C31,13758,142065534,0,3007,2802,205,0.00000,5.28645
534F4C31,13759,142075558,0,2997,2801,196,0.00000,5.05436
534F4C31,13760,142085553,0,2986,2806,180,0.00000,4.64176
534F4C31,13761,142095534,0,2984,2804,180,0.00000,4.64176
534F4C31,13762,142105578,0,2990,2808,182,0.00000,4.69333
534F4C31,13763,142115570,0,2988,2803,185,0.00000,4.77070
534F4C31,13764,142125682,0,3000,2803,197,0.00000,5.08015
534F4C31,13765,142135539,0,3002,2807,195,0.00000,5.02857
534F4C31,13766,142145555,0,2988,2803,185,0.00000,4.77070
534F4C31,13767,142155543,0,2998,2807,191,0.00000,4.92542
534F4C31,13768,142165566,0,3006,2806,200,0.00000,5.15751
534F4C31,13769,142175531,0,2993,2804,189,0.00000,4.87385
534F4C31,13770,142185742,0,2999,2809,190,0.00000,4.89963
534F4C31,13771,142195540,0,2993,2808,185,0.00000,4.77070
534F4C31,13772,142205546,0,2995,2804,191,0.00000,4.92542
534F4C31,13773,142215570,0,2992,2803,189,0.00000,4.87385
534F4C31,13774,142225567,0,2996,2802,194,0.00000,5.00278
534F4C31,13775,142235570,0,2988,2806,182,0.00000,4.69333
534F4C31,13776,142245561,0,2986,2802,184,0.00000,4.74491
534F4C31,13777,142255574,0,2987,2806,181,0.00000,4.66755
534F4C31,13778,142265932,0,2991,2807,184,0.00000,4.74491
534F4C31,13779,142275714,0,2993,2807,186,0.00000,4.79648
534F4C31,13780,142285543,0,2997,2804,193,0.00000,4.97700
534F4C31,13781,142295560,0,2977,2805,172,0.00000,4.43546
534F4C31,13782,142305547,0,3002,2806,196,0.00000,5.05436
534F4C31,13783,142315963,0,3000,2801,199,0.00000,5.13172
534F4C31,13784,142325534,0,2989,2799,190,0.00000,4.89963
534F4C31,13785,142335875,0,2993,2803,190,0.00000,4.89963
534F4C31,13786,142345534,0,3006,2807,199,0.00000,5.13172
534F4C31,13787,142355567,0,2983,2799,184,0.00000,4.74491
534F4C31,13788,142365566,0,2997,2799,198,0.00000,5.10593
534F4C31,13789,142375571,0,2991,2802,189,0.00000,4.87385
534F4C31,13790,142385534,0,2997,2802,195,0.00000,5.02857
534F4C31,13791,142395575,0,2999,2803,196,0.00000,5.05436
534F4C31,13792,142405576,0,2991,2802,189,0.00000,4.87385
534F4C31,13793,142415725,0,2994,2800,194,0.00000,5.00278
534F4C31,13794,142425536,0,2988,2803,185,0.00000,4.77070
534F4C31,13795,142435566,0,2994,2802,192,0.00000,4.95121
534F4C31,13796,142445541,0,2985,2801,184,0.00000,4.74491
534F4C31,13797,142455920,0,2990,2803,187,0.00000,4.82227
534F4C31,13798,142465538,0,2994,2798,196,0.00000,5.05436
534F4C31,13799,142475560,0,2997,2802,195,0.00000,5.02857
534F4C31,13800,142485532,0,2989,2800,189,0.00000,4.87385
534F4C31,13801,142496080,0,3007,2803,204,0.00000,5.26066
534F4C31,13802,142505567,0,2996,2802,194,0.00000,5.00278
534F4C31,13803,142515567,0,2991,2802,189,0.00000,4.87385
534F4C31,13804,142525744,0,2996,2804,192,0.00000,4.95121
534F4C31,13805,142535572,0,2998,2800,198,0.00000,5.10593
534F4C31,13806,142545532,0,2983,2800,183,0.00000,4.71912
534F4C31,13807,142555567,0,2993,2801,192,0.00000,4.95121
534F4C31,13808,142565548,0,2989,2803,186,0.00000,4.79648
534F4C31,13809,142576618,0,2989,2804,185,0.00000,4.77070
534F4C31,13810,142585566,0,2999,2804,195,0.00000,5.02857
534F4C31,13811,142595538,0,2988,2807,181,0.00000,4.66755
534F4C31,13812,142605536,0,2991,2802,189,0.00000,4.87385
534F4C31,13813,142615948,0,2992,2804,188,0.00000,4.84806
534F4C31,13814,142625551,0,2989,2804,185,0.00000,4.77070
534F4C31,13815,142635534,0,2980,2800,180,0.00000,4.64176
534F4C31,13816,142645546,0,2998,2806,192,0.00000,4.95121
534F4C31,13817,142655575,0,2993,2801,192,0.00000,4.95121
534F4C31,13818,142665539,0,2997,2801,196,0.00000,5.05436
534F4C31,13819,142675533,0,2993,2800,193,0.00000,4.97700
534F4C31,13820,142685534,0,2989,2805,184,0.00000,4.74491
534F4C31,13821,142695559,0,2997,2798,199,0.00000,5.13172
534F4C31,13822,142705542,0,2990,2807,183,0.00000,4.71912
534F4C31,13823,142715540,0,2988,2804,184,0.00000,4.74491
534F4C31,13824,142725556,0,2992,2801,191,0.00000,4.92542
534F4C31,13825,142735534,0,3000,2804,196,0.00000,5.05436
534F4C31,13826,142745536,0,2988,2800,188,0.00000,4.84806
534F4C31,13827,142755559,0,2983,2804,179,0.00000,4.61597
534F4C31,13828,142765534,0,2986,2800,186,0.00000,4.79648
534F4C31,13829,142775535,0,2991,2802,189,0.00000,4.87385
534F4C31,13830,142785923,0,2995,2799,196,0.00000,5.05436
534F4C31,13831,142795536,0,2987,2802,185,0.00000,4.77070
534F4C31,13832,142805571,0,2989,2802,187,0.00000,4.82227
534F4C31,13833,142815937,0,2989,2801,188,0.00000,4.84806
534F4C31,13834,142825769,0,2984,2800,184,0.00000,4.74491
534F4C31,13835,142835567,0,2981,2803,178,0.00000,4.59018
534F4C31,13836,142845560,0,2988,2804,184,0.00000,4.74491
534F4C31,13837,142855557,0,2999,2801,198,0.00000,5.10593
534F4C31,13838,142866052,0,2993,2800,193,0.00000,4.97700
534F4C31,13839,142875886,0,2987,2800,187,0.00000,4.82227
534F4C31,13840,142885729,0,2991,2798,193,0.00000,4.97700
534F4C31,13841,142895576,0,2993,2799,194,0.00000,5.00278
534F4C31,13842,142905570,0,2990,2803,187,0.00000,4.82227
534F4C31,13843,142915560,0,2988,2800,188,0.00000,4.84806
534F4C31,13844,142925639,0,2988,2801,187,0.00000,4.82227
534F4C31,13845,142935533,0,2982,2804,178,0.00000,4.59018
534F4C31,13846,142945534,0,2989,2803,186,0.00000,4.79648
534F4C31,13847,142955566,0,2998,2802,196,0.00000,5.05436
534F4C31,13848,142965559,0,2990,2801,189,0.00000,4.87385
534F4C31,13849,142975566,0,2993,2805,188,0.00000,4.84806
534F4C31,13850,142985570,0,3004,2803,201,0.00000,5.18330
534F4C31,13851,142995534,0,2992,2800,192,0.00000,4.95121
534F4C31,13852,143005543,0,2996,2803,193,0.00000,4.97700
534F4C31,13853,143015534,0,2984,2800,184,0.00000,4.74491
534F4C31,13854,143025564,0,3000,2802,198,0.00000,5.10593
534F4C31,13855,143035536,0,2989,2801,188,0.00000,4.84806
534F4C31,13856,143045570,0,2993,2804,189,0.00000,4.87385
534F4C31,13857,143055565,0,2991,2796,195,0.00000,5.02857
534F4C31,13858,143065534,0,2994,2799,195,0.00000,5.02857
534F4C31,13859,143075560,0,3000,2802,198,0.00000,5.10593
534F4C31,13860,143085568,0,2988,2798,190,0.00000,4.89963
534F4C31,13861,143095534,0,2997,2799,198,0.00000,5.10593
534F4C31,13862,143105534,0,2998,2798,200,0.00000,5.15751
534F4C31,13863,143115534,0,2988,2802,186,0.00000,4.79648
534F4C31,13864,143125536,0,2992,2801,191,0.00000,4.92542
534F4C31,13865,143135534,0,2999,2797,202,0.00000,5.20908
534F4C31,13866,143145536,0,2985,2800,185,0.00000,4.77070
534F4C31,13867,143155569,0,3004,2798,206,0.00000,5.31223
534F4C31,13868,143165574,0,2989,2801,188,0.00000,4.84806
534F4C31,13869,143175994,0,2989,2796,193,0.00000,4.97700
534F4C31,13870,143185562,0,2994,2800,194,0.00000,5.00278
534F4C31,13871,143195752,0,3003,2798,205,0.00000,5.28645
534F4C31,13872,143205534,0,2993,2794,199,0.00000,5.13172
534F4C31,13873,143215536,0,2999,2799,200,0.00000,5.15751
534F4C31,13874,143225536,0,2995,2801,194,0.00000,5.00278
534F4C31,13875,143235567,0,2995,2798,197,0.00000,5.08015
534F4C31,13876,143245553,0,3005,2798,207,0.00000,5.33802
534F4C31,13877,143255571,0,2995,2800,195,0.00000,5.02857
534F4C31,13878,143265566,0,2989,2803,186,0.00000,4.79648
534F4C31,13879,143275665,0,3003,2797,206,0.00000,5.31223
534F4C31,13880,143285553,0,2991,2799,192,0.00000,4.95121
534F4C31,13881,143295534,0,2991,2797,194,0.00000,5.00278
534F4C31,13882,143305570,0,2987,2799,188,0.00000,4.84806
534F4C31,13883,143315649,0,2984,2799,185,0.00000,4.77070
534F4C31,13884,143325553,0,2982,2799,183,0.00000,4.71912
534F4C31,13885,143335556,0,3002,2799,203,0.00000,5.23487
534F4C31,13886,143345552,0,2999,2802,197,0.00000,5.08015
534F4C31,13887,143355833,0,2993,2798,195,0.00000,5.02857
534F4C31,13888,143365700,0,2993,2799,194,0.00000,5.00278
534F4C31,13889,143375536,0,2993,2799,194,0.00000,5.00278
534F4C31,13890,143385566,0,2991,2798,193,0.00000,4.97700
534F4C31,13891,143395558,0,2993,2797,196,0.00000,5.05436
534F4C31,13892,143405552,0,3000,2797,203,0.00000,5.23487
534F4C31,13893,143415536,0,2990,2798,192,0.00000,4.95121
534F4C31,13894,143425534,0,2988,2798,190,0.00000,4.89963
534F4C31,13895,143435534,0,3001,2797,204,0.00000,5.26066
534F4C31,13896,143445541,0,3010,2798,212,0.00000,5.46696
534F4C31,13897,143455563,0,2986,2800,186,0.00000,4.79648
534F4C31,13898,143465679,0,2993,2796,197,0.00000,5.08015
534F4C31,13899,143475534,0,3001,2796,205,0.00000,5.28645
534F4C31,13900,143485560,0,2997,2792,205,0.00000,5.28645
534F4C31,13901,143495537,0,2991,2798,193,0.00000,4.97700
534F4C31,13902,143505551,0,2990,2798,192,0.00000,4.95121
534F4C31,13903,143515536,0,2992,2800,192,0.00000,4.95121
534F4C31,13904,143525536,0,2982,2797,185,0.00000,4.77070
534F4C31,13905,143535538,0,2993,2796,197,0.00000,5.08015
534F4C31,13906,143545534,0,2980,2796,184,0.00000,4.74491
534F4C31,13907,143555541,0,3000,2795,205,0.00000,5.28645
534F4C31,13908,143565536,0,2988,2796,192,0.00000,4.95121
534F4C31,13909,143575617,0,2994,2797,197,0.00000,5.08015
534F4C31,13910,143585568,0,2990,2796,194,0.00000,5.00278
534F4C31,13911,143595570,0,2998,2797,201,0.00000,5.18330
534F4C31,13912,143605541,0,2987,2802,185,0.00000,4.77070
534F4C31,13913,143615541,0,2980,2801,179,0.00000,4.61597
534F4C31,13914,143625980,0,3000,2796,204,0.00000,5.26066
534F4C31,13915,143635538,0,2992,2797,195,0.00000,5.02857
534F4C31,13916,143645532,0,2994,2795,199,0.00000,5.13172
534F4C31,13917,143655535,0,3000,2796,204,0.00000,5.26066
534F4C31,13918,143665540,0,2996,2797,199,0.00000,5.13172
534F4C31,13919,143675579,0,2998,2799,199,0.00000,5.13172
534F4C31,13920,143685534,0,2995,2798,197,0.00000,5.08015
534F4C31,13921,143695634,0,2994,2799,195,0.00000,5.02857
534F4C31,13922,143705603,0,2996,2797,199,0.00000,5.13172
534F4C31,13923,143715570,0,2992,2799,193,0.00000,4.97700
534F4C31,13924,143726079,0,2982,2799,183,0.00000,4.71912
534F4C31,13925,143735532,0,2988,2792,196,0.00000,5.05436
534F4C31,13926,143745534,0,2984,2800,184,0.00000,4.74491
534F4C31,13927,143755540,0,2998,2795,203,0.00000,5.23487
534F4C31,13928,143765534,0,3003,2799,204,0.00000,5.26066
534F4C31,13929,143775948,0,2994,2794,200,0.00000,5.15751
534F4C31,13930,143785571,0,2992,2796,196,0.00000,5.05436
534F4C31,13931,143795693,0,2997,2796,201,0.00000,5.18330
534F4C31,13932,143805534,0,2995,2795,200,0.00000,5.15751
534F4C31,13933,143815610,0,2987,2792,195,0.00000,5.02857
534F4C31,13934,143825559,0,2991,2793,198,0.00000,5.10593
534F4C31,13935,143835537,0,2997,2790,207,0.00000,5.33802
534F4C31,13936,143845537,0,3007,2796,211,0.00000,5.44117
534F4C31,13937,143855559,0,2986,2793,193,0.00000,4.97700
534F4C31,13938,143865535,0,2990,2795,195,0.00000,5.02857
534F4C31,13939,143875535,0,2986,2794,192,0.00000,4.95121
534F4C31,13940,143885570,0,3003,2792,211,0.00000,5.44117
534F4C31,13941,143895707,0,2988,2795,193,0.00000,4.97700
534F4C31,13942,143905571,0,2999,2800,199,0.00000,5.13172
534F4C31,13943,143915539,0,2994,2796,198,0.00000,5.10593
534F4C31,13944,143925575,0,2994,2795,199,0.00000,5.13172
534F4C31,13945,143935658,0,2983,2794,189,0.00000,4.87385
534F4C31,13946,143945535,0,2990,2793,197,0.00000,5.08015
534F4C31,13947,143955806,0,2986,2795,191,0.00000,4.92542
534F4C31,13948,143965546,0,2984,2794,190,0.00000,4.89963
534F4C31,13949,143975569,0,2996,2795,201,0.00000,5.18330
534F4C31,13950,143985534,0,3002,2795,207,0.00000,5.33802
534F4C31,13951,143995534,0,2998,2792,206,0.00000,5.31223
534F4C31,13952,144005565,0,2992,2793,199,0.00000,5.13172
534F4C31,13953,144015532,0,2996,2795,201,0.00000,5.18330
534F4C31,13954,144025559,0,2995,2797,198,0.00000,5.10593
534F4C31,13955,144036258,0,2990,2796,194,0.00000,5.00278
534F4C31,13956,144045537,0,2991,2796,195,0.00000,5.02857
534F4C31,13957,144055561,0,2993,2798,195,0.00000,5.02857
534F4C31,13958,144065539,0,2992,2794,198,0.00000,5.10593
534F4C31,13959,144075688,0,2992,2793,199,0.00000,5.13172
534F4C31,13960,144086007,0,2999,2793,206,0.00000,5.31223
534F4C31,13961,144096146,0,2991,2793,198,0.00000,5.10593
534F4C31,13962,144105729,0,2987,2790,197,0.00000,5.08015
534F4C31,13963,144115563,0,2999,2797,202,0.00000,5.20908
534F4C31,13964,144125545,0,3009,2794,215,0.00000,5.54432
534F4C31,13965,144135532,0,2993,2791,202,0.00000,5.20908
534F4C31,13966,144145629,0,2991,2792,199,0.00000,5.13172
534F4C31,13967,144155556,0,2983,2794,189,0.00000,4.87385
534F4C31,13968,144165538,0,2987,2796,191,0.00000,4.92542
534F4C31,13969,144175537,0,2998,2794,204,0.00000,5.26066
534F4C31,13970,144185534,0,2984,2792,192,0.00000,4.95121
534F4C31,13971,144195534,0,2998,2796,202,0.00000,5.20908
534F4C31,13972,144205557,0,2991,2794,197,0.00000,5.08015
534F4C31,13973,144215711,0,2993,2795,198,0.00000,5.10593
534F4C31,13974,144225570,0,2995,2796,199,0.00000,5.13172
534F4C31,13975,144235534,0,3002,2796,206,0.00000,5.31223
534F4C31,13976,144245663,0,2986,2794,192,0.00000,4.95121
534F4C31,13977,144255720,0,3002,2790,212,0.00000,5.46696
534F4C31,13978,144265574,0,2993,2797,196,0.00000,5.05436
534F4C31,13979,144275570,0,2999,2793,206,0.00000,5.31223
534F4C31,13980,144285568,0,3007,2796,211,0.00000,5.44117
534F4C31,13981,144295570,0,2985,2795,190,0.00000,4.89963
534F4C31,13982,144305551,0,2995,2796,199,0.00000,5.13172
534F4C31,13983,144316131,0,2991,2792,199,0.00000,5.13172
534F4C31,13984,144325562,0,2998,2793,205,0.00000,5.28645
534F4C31,13985,144336296,0,2991,2796,195,0.00000,5.02857
534F4C31,13986,144345540,0,2992,2795,197,0.00000,5.08015
534F4C31,13987,144355553,0,2994,2797,197,0.00000,5.08015
534F4C31,13988,144365552,0,2989,2793,196,0.00000,5.05436
534F4C31,13989,144375534,0,2995,2792,203,0.00000,5.23487
534F4C31,13990,144385543,0,2999,2788,211,0.00000,5.44117
534F4C31,13991,144395534,0,3006,2790,216,0.00000,5.57011
534F4C31,13992,144405661,0,3003,2790,213,0.00000,5.49275
534F4C31,13993,144415571,0,2997,2792,205,0.00000,5.28645
534F4C31,13994,144425564,0,3007,2791,216,0.00000,5.57011
534F4C31,13995,144435562,0,2992,2790,202,0.00000,5.20908
534F4C31,13996,144445726,0,3009,2788,221,0.00000,5.69905
534F4C31,13997,144455534,0,2994,2789,205,0.00000,5.28645
534F4C31,13998,144465534,0,2996,2791,205,0.00000,5.28645
534F4C31,13999,144475541,0,2991,2792,199,0.00000,5.13172
534F4C31,14000,144485567,0,2994,2788,206,0.00000,5.31223
534F4C31,14001,144495536,0,2991,2792,199,0.00000,5.13172
534F4C31,14002,144505566,0,3000,2789,211,0.00000,5.44117
534F4C31,14003,144515554,0,2999,2793,206,0.00000,5.31223
534F4C31,14004,144525534,0,2994,2793,201,0.00000,5.18330
534F4C31,14005,144535566,0,2994,2792,202,0.00000,5.20908
534F4C31,14006,144545561,0,2987,2789,198,0.00000,5.10593
534F4C31,14007,144555549,0,3000,2794,206,0.00000,5.31223
534F4C31,14008,144565536,0,2992,2791,201,0.00000,5.18330
534F4C31,14009,144575536,0,2986,2792,194,0.00000,5.00278
534F4C31,14010,144585611,0,2995,2792,203,0.00000,5.23487
534F4C31,14011,144595534,0,2979,2791,188,0.00000,4.84806
534F4C31,14012,144605534,0,2997,2791,206,0.00000,5.31223
534F4C31,14013,144615908,0,2994,2791,203,0.00000,5.23487
534F4C31,14014,144625534,0,2977,2793,184,0.00000,4.74491
534F4C31,14015,144635535,0,2989,2788,201,0.00000,5.18330
534F4C31,14016,144645571,0,2997,2791,206,0.00000,5.31223
534F4C31,14017,144656227,0,2990,2791,199,0.00000,5.13172
534F4C31,14018,144665570,0,2995,2789,206,0.00000,5.31223
534F4C31,14019,144675534,0,2997,2790,207,0.00000,5.33802
534F4C31,14020,144685570,0,2992,2790,202,0.00000,5.20908
534F4C31,14021,144695569,0,2994,2791,203,0.00000,5.23487
534F4C31,14022,144705574,0,2988,2786,202,0.00000,5.20908
534F4C31,14023,144715806,0,2989,2788,201,0.00000,5.18330
534F4C31,14024,144725538,0,2986,2788,198,0.00000,5.10593
534F4C31,14025,144735536,0,2986,2792,194,0.00000,5.00278
534F4C31,14026,144745576,0,2992,2790,202,0.00000,5.20908
534F4C31,14027,144755538,0,2990,2793,197,0.00000,5.08015
534F4C31,14028,144765541,0,2992,2790,202,0.00000,5.20908
534F4C31,14029,144775541,0,3007,2789,218,0.00000,5.62168
534F4C31,14030,144785599,0,2993,2788,205,0.00000,5.28645
534F4C31,14031,144795538,0,3001,2792,209,0.00000,5.38960
534F4C31,14032,144805536,0,2999,2790,209,0.00000,5.38960
534F4C31,14033,144815536,0,3001,2791,210,0.00000,5.41538
534F4C31,14034,144825567,0,2983,2790,193,0.00000,4.97700
534F4C31,14035,144835532,0,3002,2794,208,0.00000,5.36381
534F4C31,14036,144845534,0,2995,2794,201,0.00000,5.18330
534F4C31,14037,144855543,0,2991,2790,201,0.00000,5.18330
534F4C31,14038,144865534,0,2985,2791,194,0.00000,5.00278
534F4C31,14039,144875532,0,2997,2791,206,0.00000,5.31223
534F4C31,14040,144885630,0,3003,2789,214,0.00000,5.51853
534F4C31,14041,144895535,0,2995,2790,205,0.00000,5.28645
534F4C31,14042,144905536,0,2989,2790,199,0.00000,5.13172
534F4C31,14043,144915560,0,3004,2795,209,0.00000,5.38960
534F4C31,14044,144925571,0,2998,2794,204,0.00000,5.26066
534F4C31,14045,144935562,0,2998,2789,209,0.00000,5.38960
534F4C31,14046,144945571,0,3000,2792,208,0.00000,5.36381
534F4C31,14047,144955634,0,3007,2793,214,0.00000,5.51853
534F4C31,14048,144965566,0,2990,2790,200,0.00000,5.15751
534F4C31,14049,144975534,0,2987,2791,196,0.00000,5.05436
534F4C31,14050,144985535,0,2991,2790,201,0.00000,5.18330
534F4C31,14051,144995551,0,2983,2785,198,0.00000,5.10593
534F4C31,14052,145005658,0,2983,2791,192,0.00000,4.95121
534F4C31,14053,145015562,0,2992,2788,204,0.00000,5.26066
534F4C31,14054,145025558,0,2995,2787,208,0.00000,5.36381
534F4C31,14055,145035547,0,2995,2786,209,0.00000,5.38960
534F4C31,14056,145045968,0,2995,2789,206,0.00000,5.31223
534F4C31,14057,145055534,0,2986,2790,196,0.00000,5.05436
534F4C31,14058,145065554,0,3005,2787,218,0.00000,5.62168
534F4C31,14059,145075741,0,2996,2793,203,0.00000,5.23487
534F4C31,14060,145085706,0,2991,2790,201,0.00000,5.18330
534F4C31,14061,145095567,0,2986,2785,201,0.00000,5.18330
534F4C31,14062,145105564,0,2984,2784,200,0.00000,5.15751
534F4C31,14063,145115534,0,2992,2783,209,0.00000,5.38960
534F4C31,14064,145125536,0,2997,2787,210,0.00000,5.41538
534F4C31,14065,145135573,0,2989,2788,201,0.00000,5.18330
534F4C31,14066,145145570,0,3000,2788,212,0.00000,5.46696
534F4C31,14067,145155542,0,2985,2792,193,0.00000,4.97700
534F4C31,14068,145165817,0,2993,2787,206,0.00000,5.31223
534F4C31,14069,145175534,0,2992,2786,206,0.00000,5.31223
534F4C31,14070,145185534,0,2988,2787,201,0.00000,5.18330
534F4C31,14071,145195735,0,3001,2793,208,0.00000,5.36381
534F4C31,14072,145205534,0,2993,2788,205,0.00000,5.28645
534F4C31,14073,145215535,0,2998,2788,210,0.00000,5.41538
534F4C31,14074,145225575,0,2999,2787,212,0.00000,5.46696
534F4C31,14075,145235568,0,2993,2787,206,0.00000,5.31223
534F4C31,14076,145245534,0,2984,2787,197,0.00000,5.08015
534F4C31,14077,145255570,0,2993,2787,206,0.00000,5.31223
534F4C31,14078,145265534,0,2990,2784,206,0.00000,5.31223
534F4C31,14079,145275560,0,2994,2792,202,0.00000,5.20908
534F4C31,14080,145285534,0,2990,2782,208,0.00000,5.36381
534F4C31,14081,145295535,0,2988,2789,199,0.00000,5.13172
534F4C31,14082,145305534,0,2997,2787,210,0.00000,5.41538
534F4C31,14083,145315648,0,2991,2786,205,0.00000,5.28645
534F4C31,14084,145325932,0,2984,2786,198,0.00000,5.10593
534F4C31,14085,145335862,0,3001,2786,215,0.00000,5.54432
534F4C31,14086,145345557,0,3001,2788,213,0.00000,5.49275
534F4C31,14087,145355563,0,2992,2791,201,0.00000,5.18330
534F4C31,14088,145365543,0,2988,2783,205,0.00000,5.28645
534F4C31,14089,145375570,0,2992,2786,206,0.00000,5.31223
534F4C31,14090,145385571,0,2995,2786,209,0.00000,5.38960
534F4C31,14091,145395534,0,3001,2783,218,0.00000,5.62168
534F4C31,14092,145405535,0,2998,2785,213,0.00000,5.49275
534F4C31,14093,145415534,0,3008,2787,221,0.00000,5.69905
534F4C31,14094,145425534,0,2991,2790,201,0.00000,5.18330
534F4C31,14095,145435589,0,3005,2788,217,0.00000,5.59590
534F4C31,14096,145445564,0,2997,2789,208,0.00000,5.36381
534F4C31,14097,145455659,0,2996,2790,206,0.00000,5.31223
534F4C31,14098,145466752,0,2989,2787,202,0.00000,5.20908
534F4C31,14099,145475532,0,2993,2789,204,0.00000,5.26066
534F4C31,14100,145485532,0,2995,2788,207,0.00000,5.33802
534F4C31,14101,145495534,0,2987,2789,198,0.00000,5.10593
534F4C31,14102,145505556,0,3001,2786,215,0.00000,5.54432
534F4C31,14103,145515535,0,2990,2788,202,0.00000,5.20908
534F4C31,14104,145526578,0,2997,2787,210,0.00000,5.41538
534F4C31,14105,145536003,0,2992,2783,209,0.00000,5.38960
534F4C31,14106,145545709,0,2996,2789,207,0.00000,5.33802
534F4C31,14107,145555534,0,3003,2788,215,0.00000,5.54432
534F4C31,14108,145565536,0,2990,2787,203,0.00000,5.23487
534F4C31,14109,145575536,0,3000,2783,217,0.00000,5.59590
534F4C31,14110,145585721,0,2995,2783,212,0.00000,5.46696
534F4C31,14111,145595554,0,2980,2784,196,0.00000,5.05436
534F4C31,14112,145605540,0,3007,2783,224,0.00000,5.77641
534F4C31,14113,145615541,0,2991,2780,211,0.00000,5.44117
534F4C31,14114,145625535,0,2994,2782,212,0.00000,5.46696
534F4C31,14115,145635540,0,3001,2784,217,0.00000,5.59590
534F4C31,14116,145645570,0,2993,2780,213,0.00000,5.49275
534F4C31,14117,145655536,0,2993,2781,212,0.00000,5.46696
534F4C31,14118,145665532,0,2988,2780,208,0.00000,5.36381
534F4C31,14119,145675534,0,2999,2780,219,0.00000,5.64747
534F4C31,14120,145685538,0,3006,2779,227,0.00000,5.85377
534F4C31,14121,145695563,0,3004,2785,219,0.00000,5.64747
534F4C31,14122,145705537,0,2995,2783,212,0.00000,5.46696
534F4C31,14123,145715566,0,2993,2786,207,0.00000,5.33802
534F4C31,14124,145725565,0,2983,2783,200,0.00000,5.15751
534F4C31,14125,145735542,0,2993,2784,209,0.00000,5.38960
534F4C31,14126,145745532,0,2987,2783,204,0.00000,5.26066
534F4C31,14127,145755532,0,2997,2784,213,0.00000,5.49275
534F4C31,14128,145766035,0,3000,2783,217,0.00000,5.59590
534F4C31,14129,145775532,0,2986,2784,202,0.00000,5.20908
534F4C31,14130,145785534,0,2987,2786,201,0.00000,5.18330
534F4C31,14131,145795549,0,2993,2781,212,0.00000,5.46696
534F4C31,14132,145805536,0,3001,2784,217,0.00000,5.59590
534F4C31,14133,145815570,0,3005,2784,221,0.00000,5.69905
534F4C31,14134,145825537,0,2998,2784,214,0.00000,5.51853
534F4C31,14135,145835574,0,3001,2783,218,0.00000,5.62168
534F4C31,14136,145845578,0,2999,2780,219,0.00000,5.64747
534F4C31,14137,145855554,0,3006,2785,221,0.00000,5.69905
534F4C31,14138,145865569,0,2989,2786,203,0.00000,5.23487
534F4C31,14139,145876779,0,3001,2785,216,0.00000,5.57011
534F4C31,14140,145885535,0,2993,2785,208,0.00000,5.36381
534F4C31,14141,145895626,0,2986,2785,201,0.00000,5.18330
534F4C31,14142,145905537,0,3004,2785,219,0.00000,5.64747
534F4C31,14143,145915563,0,3004,2784,220,0.00000,5.67326
534F4C31,14144,145925536,0,2985,2780,205,0.00000,5.28645
534F4C31,14145,145935784,0,2992,2786,206,0.00000,5.31223
534F4C31,14146,145945570,0,2980,2786,194,0.00000,5.00278
534F4C31,14147,145955570,0,3007,2781,226,0.00000,5.82799
534F4C31,14148,145965572,0,2990,2783,207,0.00000,5.33802
534F4C31,14149,145975534,0,2996,2783,213,0.00000,5.49275
534F4C31,14150,145985575,0,2984,2783,201,0.00000,5.18330
534F4C31,14151,145995570,0,2988,2783,205,0.00000,5.28645
534F4C31,14152,146005806,0,2987,2786,201,0.00000,5.18330
534F4C31,14153,146015532,0,2993,2778,215,0.00000,5.54432
534F4C31,14154,146025559,0,2983,2781,202,0.00000,5.20908
534F4C31,14155,146035532,0,3000,2785,215,0.00000,5.54432
534F4C31,14156,146045955,0,2984,2781,203,0.00000,5.23487
534F4C31,14157,146055574,0,2995,2781,214,0.00000,5.51853
534F4C31,14158,146065576,0,2997,2782,215,0.00000,5.54432
534F4C31,14159,146075534,0,2987,2778,209,0.00000,5.38960
534F4C31,14160,146085566,0,2997,2784,213,0.00000,5.49275
534F4C31,14161,146095569,0,2981,2779,202,0.00000,5.20908
534F4C31,14162,146105534,0,2991,2787,204,0.00000,5.26066
534F4C31,14163,146115925,0,2999,2789,210,0.00000,5.41538
534F4C31,14164,146125708,0,2988,2782,206,0.00000,5.31223
534F4C31,14165,146135532,0,2982,2780,202,0.00000,5.20908
534F4C31,14166,146145559,0,3003,2782,221,0.00000,5.69905
534F4C31,14167,146156040,0,2996,2781,215,0.00000,5.54432
534F4C31,14168,146165534,0,2996,2787,209,0.00000,5.38960
534F4C31,14169,146176509,0,2992,2786,206,0.00000,5.31223
534F4C31,14170,146185864,0,2993,2780,213,0.00000,5.49275
534F4C31,14171,146195567,0,2988,2785,203,0.00000,5.23487
534F4C31,14172,146205560,0,2986,2782,204,0.00000,5.26066
534F4C31,14173,146215575,0,2990,2782,208,0.00000,5.36381
534F4C31,14174,146225532,0,2991,2784,207,0.00000,5.33802
534F4C31,14175,146235534,0,2987,2785,202,0.00000,5.20908
534F4C31,14176,146245532,0,3010,2785,225,0.00000,5.80220
534F4C31,14177,146255532,0,3007,2782,225,0.00000,5.80220
534F4C31,14178,146265534,0,2990,2783,207,0.00000,5.33802
534F4C31,14179,146275560,0,2990,2787,203,0.00000,5.23487
534F4C31,14180,146285534,0,2987,2783,204,0.00000,5.26066
534F4C31,14181,146295534,0,2979,2783,196,0.00000,5.05436
534F4C31,14182,146305569,0,2991,2783,208,0.00000,5.36381
534F4C31,14183,146316089,0,2989,2780,209,0.00000,5.38960
534F4C31,14184,146325878,0,2995,2782,213,0.00000,5.49275
534F4C31,14185,146335532,0,2996,2781,215,0.00000,5.54432
534F4C31,14186,146345534,0,2993,2790,203,0.00000,5.23487
534F4C31,14187,146355534,0,2993,2784,209,0.00000,5.38960
534F4C31,14188,146365538,0,2993,2786,207,0.00000,5.33802
534F4C31,14189,146375729,0,2995,2787,208,0.00000,5.36381
534F4C31,14190,146385534,0,2998,2783,215,0.00000,5.54432
534F4C31,14191,146395536,0,3000,2781,219,0.00000,5.64747
534F4C31,14192,146405535,0,2990,2783,207,0.00000,5.33802
534F4C31,14193,146415534,0,2992,2781,211,0.00000,5.44117
534F4C31,14194,146425561,0,2993,2785,208,0.00000,5.36381
534F4C31,14195,146435570,0,3002,2779,223,0.00000,5.75062
534F4C31,14196,146445570,0,2990,2780,210,0.00000,5.41538
534F4C31,14197,146455572,0,2992,2783,209,0.00000,5.38960
534F4C31,14198,146465555,0,2980,2782,198,0.00000,5.10593
534F4C31,14199,146475532,0,3008,2781,227,0.00000,5.85377
534F4C31,14200,146485535,0,2994,2780,214,0.00000,5.51853
534F4C31,14201,146495537,0,2990,2782,208,0.00000,5.36381
534F4C31,14202,146505574,0,3003,2785,218,0.00000,5.62168
534F4C31,14203,146515532,0,2995,2783,212,0.00000,5.46696
534F4C31,14204,146525537,0,2999,2783,216,0.00000,5.57011
534F4C31,14205,146535534,0,2987,2784,203,0.00000,5.23487
534F4C31,14206,146545944,0,2992,2784,208,0.00000,5.36381
534F4C31,14207,146555538,0,2988,2785,203,0.00000,5.23487
534F4C31,14208,146565534,0,2988,2782,206,0.00000,5.31223
534F4C31,14209,146575534,0,2991,2784,207,0.00000,5.33802
534F4C31,14210,146585542,0,2984,2785,199,0.00000,5.13172
534F4C31,14211,146595542,0,2992,2781,211,0.00000,5.44117
534F4C31,14212,146605542,0,2992,2782,210,0.00000,5.41538
534F4C31,14213,146615941,0,2991,2783,208,0.00000,5.36381
534F4C31,14214,146625610,0,2988,2780,208,0.00000,5.36381
534F4C31,14215,146635552,0,2990,2780,210,0.00000,5.41538
534F4C31,14216,146645563,0,3004,2783,221,0.00000,5.69905
534F4C31,14217,146655536,0,3002,2783,219,0.00000,5.64747
534F4C31,14218,146665554,0,2998,2783,215,0.00000,5.54432
534F4C31,14219,146675662,0,2992,2783,209,0.00000,5.38960
534F4C31,14220,146685569,0,3002,2783,219,0.00000,5.64747
534F4C31,14221,146695678,0,3013,2784,229,0.00000,5.90535
534F4C31,14222,146705800,0,2995,2785,210,0.00000,5.41538
534F4C31,14223,146715635,0,2991,2782,209,0.00000,5.38960
534F4C31,14224,146725559,0,3001,2784,217,0.00000,5.59590
534F4C31,14225,146735549,0,2988,2780,208,0.00000,5.36381
534F4C31,14226,146745532,0,2988,2781,207,0.00000,5.33802
534F4C31,14227,146755569,0,2996,2787,209,0.00000,5.38960
534F4C31,14228,146765571,0,2994,2781,213,0.00000,5.49275
534F4C31,14229,146775537,0,2995,2783,212,0.00000,5.46696
534F4C31,14230,146785568,0,3003,2780,223,0.00000,5.75062
534F4C31,14231,146795536,0,3001,2783,218,0.00000,5.62168
534F4C31,14232,146805563,0,3001,2779,222,0.00000,5.72484
534F4C31,14233,146815555,0,2998,2788,210,0.00000,5.41538
534F4C31,14234,146825571,0,2995,2785,210,0.00000,5.41538
534F4C31,14235,146835788,0,3001,2779,222,0.00000,5.72484
534F4C31,14236,146845534,0,2989,2784,205,0.00000,5.28645
534F4C31,14237,146855534,0,2991,2781,210,0.00000,5.41538
534F4C31,14238,146865567,0,2994,2788,206,0.00000,5.31223
534F4C31,14239,146875536,0,2989,2788,201,0.00000,5.18330
534F4C31,14240,146885555,0,2991,2782,209,0.00000,5.38960
534F4C31,14241,146895895,0,2983,2786,197,0.00000,5.08015
534F4C31,14242,146905567,0,2993,2785,208,0.00000,5.36381
534F4C31,14243,146915548,0,2989,2785,204,0.00000,5.26066
534F4C31,14244,146925532,0,2994,2782,212,0.00000,5.46696
534F4C31,14245,146935532,0,3000,2784,216,0.00000,5.57011
534F4C31,14246,146945532,0,2991,2784,207,0.00000,5.33802
534F4C31,14247,146955532,0,2995,2786,209,0.00000,5.38960
534F4C31,14248,146965562,0,2989,2783,206,0.00000,5.31223
534F4C31,14249,146975532,0,2989,2782,207,0.00000,5.33802
534F4C31,14250,146985538,0,2991,2784,207,0.00000,5.33802
534F4C31,14251,146995536,0,2997,2781,216,0.00000,5.57011
534F4C31,14252,147005783,0,2990,2784,206,0.00000,5.31223
