device_id,seq,timestamp_us,vbus_raw,iout_raw,iref_raw,i_diff,v_volts,i_amps

534F4C31,7065,59728556,0,2991,2936,55,0.00000,1.41832
534F4C31,7065,59733664,0,3000,2935,65,0.00000,1.67619
534F4C31,7066,59739185,0,2995,2938,57,0.00000,1.46989
534F4C31,7066,59743534,0,2995,2935,60,0.00000,1.54725
534F4C31,7067,59748529,0,2999,2941,58,0.00000,1.49568
534F4C31,7067,59753784,0,2997,2939,58,0.00000,1.49568
534F4C31,7068,59758521,0,2993,2936,57,0.00000,1.46989
534F4C31,7069,59764357,0,2990,2936,54,0.00000,1.39253
534F4C31,7070,59768529,0,2995,2937,58,0.00000,1.49568
534F4C31,7070,59773517,0,2994,2937,57,0.00000,1.46989
534F4C31,7071,59778846,0,2993,2938,55,0.00000,1.41832
534F4C31,7072,59783534,0,2990,2941,49,0.00000,1.26359
534F4C31,7072,59788541,0,2993,2941,52,0.00000,1.34095
534F4C31,7072,59793525,0,2992,2938,54,0.00000,1.39253
534F4C31,7073,59798786,0,2990,2935,55,0.00000,1.41832
534F4C31,7074,59803533,0,2993,2944,49,0.00000,1.26359
534F4C31,7074,59808738,0,2996,2936,60,0.00000,1.54725
534F4C31,7074,59813523,0,2997,2938,59,0.00000,1.52147
534F4C31,7074,59818679,0,2998,2942,56,0.00000,1.44410
534F4C31,7075,59823520,0,2989,2939,50,0.00000,1.28938
534F4C31,7075,59828518,0,2995,2936,59,0.00000,1.52147
534F4C31,7076,59833562,0,2991,2939,52,0.00000,1.34095
534F4C31,7076,59839092,0,2992,2939,53,0.00000,1.36674
534F4C31,7077,59843528,0,2990,2939,51,0.00000,1.31516
534F4C31,7078,59848901,0,2992,2941,51,0.00000,1.31516
534F4C31,7078,59853529,0,2994,2936,58,0.00000,1.49568
534F4C31,7079,59858585,0,2998,2935,63,0.00000,1.62462
534F4C31,7080,59863739,0,2994,2937,57,0.00000,1.46989
534F4C31,7080,59868539,0,2992,2936,56,0.00000,1.44410
534F4C31,7081,59874002,0,2993,2937,56,0.00000,1.44410
534F4C31,7082,59878539,0,2991,2937,54,0.00000,1.39253
534F4C31,7082,59884302,0,2993,2941,52,0.00000,1.34095
534F4C31,7082,59888539,0,2995,2940,55,0.00000,1.41832
534F4C31,7083,59893567,0,2991,2941,50,0.00000,1.28938
534F4C31,7083,59898515,0,3001,2935,66,0.00000,1.70198
534F4C31,7083,59903531,0,2996,2938,58,0.00000,1.49568
534F4C31,7084,59908550,0,2999,2937,62,0.00000,1.59883
534F4C31,7084,59913527,0,2990,2937,53,0.00000,1.36674
534F4C31,7084,59918557,0,2992,2942,50,0.00000,1.28938
534F4C31,7085,59923536,0,2991,2941,50,0.00000,1.28938
534F4C31,7086,59928535,0,2995,2940,55,0.00000,1.41832
534F4C31,7087,59933546,0,2998,2940,58,0.00000,1.49568
534F4C31,7088,59939364,0,2992,2936,56,0.00000,1.44410
534F4C31,7088,59943877,0,2993,2940,53,0.00000,1.36674
534F4C31,7089,59948527,0,2997,2935,62,0.00000,1.59883
534F4C31,7089,59953523,0,2996,2940,56,0.00000,1.44410
534F4C31,7090,59958773,0,2987,2937,50,0.00000,1.28938
534F4C31,7091,59963530,0,2991,2941,50,0.00000,1.28938
534F4C31,7091,59969167,0,2992,2935,57,0.00000,1.46989
534F4C31,7091,59973513,0,2990,2937,53,0.00000,1.36674
534F4C31,7091,59978529,0,2996,2936,60,0.00000,1.54725
534F4C31,7091,59983523,0,2990,2939,51,0.00000,1.31516
534F4C31,7091,59988537,0,2995,2938,57,0.00000,1.46989
534F4C31,7092,59993560,0,2997,2936,61,0.00000,1.57304
534F4C31,7093,59998566,0,2990,2938,52,0.00000,1.34095
534F4C31,7094,60003564,0,2989,2940,49,0.00000,1.26359
534F4C31,7095,60008535,0,2990,2939,51,0.00000,1.31516
534F4C31,7095,60013703,0,2993,2938,55,0.00000,1.41832
534F4C31,7096,60018618,0,2991,2937,54,0.00000,1.39253
534F4C31,7097,60023559,0,2992,2940,52,0.00000,1.34095
534F4C31,7098,60028891,0,2992,2937,55,0.00000,1.41832
534F4C31,7098,60034314,0,2994,2936,58,0.00000,1.49568
534F4C31,7098,60038518,0,2995,2938,57,0.00000,1.46989
534F4C31,7099,60044081,0,2997,2938,59,0.00000,1.52147
534F4C31,7100,60048533,0,2991,2942,49,0.00000,1.26359
534F4C31,7100,60053561,0,2996,2939,57,0.00000,1.46989
534F4C31,7100,60058520,0,2999,2936,63,0.00000,1.62462
534F4C31,7100,60063520,0,3000,2939,61,0.00000,1.57304
534F4C31,7100,60068527,0,2997,2943,54,0.00000,1.39253
534F4C31,7101,60073519,0,2992,2938,54,0.00000,1.39253
534F4C31,7102,60078538,0,2993,2940,53,0.00000,1.36674
534F4C31,7103,60083536,0,2993,2937,56,0.00000,1.44410
534F4C31,7104,60088993,0,2988,2937,51,0.00000,1.31516
534F4C31,7104,60093694,0,2993,2938,55,0.00000,1.41832
534F4C31,7104,60098577,0,2988,2939,49,0.00000,1.26359
534F4C31,7105,60103551,0,2998,2940,58,0.00000,1.49568
534F4C31,7106,60108569,0,2993,2936,57,0.00000,1.46989
534F4C31,7107,60113826,0,2991,2941,50,0.00000,1.28938
534F4C31,7108,60118531,0,2997,2940,57,0.00000,1.46989
534F4C31,7108,60123533,0,2996,2938,58,0.00000,1.49568
534F4C31,7108,60128521,0,2997,2940,57,0.00000,1.46989
534F4C31,7109,60134081,0,2990,2941,49,0.00000,1.26359
534F4C31,7110,60138523,0,2999,2940,59,0.00000,1.52147
534F4C31,7111,60143580,0,2992,2938,54,0.00000,1.39253
534F4C31,7111,60148535,0,2990,2942,48,0.00000,1.23780
534F4C31,7111,60153921,0,2997,2939,58,0.00000,1.49568
534F4C31,7111,60158896,0,2988,2939,49,0.00000,1.26359
534F4C31,7112,60163521,0,2991,2937,54,0.00000,1.39253
534F4C31,7112,60168541,0,2991,2940,51,0.00000,1.31516
534F4C31,7112,60173521,0,2988,2938,50,0.00000,1.28938
534F4C31,7112,60178565,0,2997,2939,58,0.00000,1.49568
534F4C31,7112,60183520,0,2993,2938,55,0.00000,1.41832
534F4C31,7112,60188518,0,2991,2938,53,0.00000,1.36674
534F4C31,7113,60193726,0,2991,2940,51,0.00000,1.31516
534F4C31,7114,60198990,0,2987,2937,50,0.00000,1.28938
534F4C31,7115,60203723,0,2997,2939,58,0.00000,1.49568
534F4C31,7115,60208515,0,2992,2935,57,0.00000,1.46989
534F4C31,7116,60214021,0,2993,2936,57,0.00000,1.46989
534F4C31,7117,60218526,0,2996,2937,59,0.00000,1.52147
534F4C31,7117,60224415,0,2992,2944,48,0.00000,1.23780
534F4C31,7117,60228523,0,2992,2937,55,0.00000,1.41832
534F4C31,7117,60233520,0,2995,2934,61,0.00000,1.57304
534F4C31,7118,60238740,0,2989,2936,53,0.00000,1.36674
534F4C31,7118,60243531,0,2997,2938,59,0.00000,1.52147
534F4C31,7119,60248534,0,2995,2932,63,0.00000,1.62462
534F4C31,7120,60253655,0,2986,2929,57,0.00000,1.46989
534F4C31,7121,60258529,0,2990,2934,56,0.00000,1.44410
534F4C31,7122,60263587,0,2994,2934,60,0.00000,1.54725
534F4C31,7123,60268523,0,2995,2931,64,0.00000,1.65040
534F4C31,7124,60273526,0,2992,2930,62,0.00000,1.59883
534F4C31,7125,60278555,0,2989,2936,53,0.00000,1.36674
534F4C31,7126,60285272,0,2992,2935,57,0.00000,1.46989
534F4C31,7127,60289297,0,2990,2936,54,0.00000,1.39253
534F4C31,7127,60293567,0,2992,2935,57,0.00000,1.46989
534F4C31,7128,60298760,0,2994,2933,61,0.00000,1.57304
534F4C31,7128,60303516,0,2994,2935,59,0.00000,1.52147
534F4C31,7128,60308532,0,2990,2935,55,0.00000,1.41832
534F4C31,7128,60313525,0,2994,2934,60,0.00000,1.54725
534F4C31,7129,60318519,0,2993,2932,61,0.00000,1.57304
534F4C31,7129,60323520,0,2989,2935,54,0.00000,1.39253
534F4C31,7129,60328560,0,2995,2936,59,0.00000,1.52147
534F4C31,7130,60333629,0,2989,2933,56,0.00000,1.44410
534F4C31,7130,60338519,0,2990,2934,56,0.00000,1.44410
534F4C31,7131,60344037,0,2992,2934,58,0.00000,1.49568
534F4C31,7132,60348963,0,2991,2934,57,0.00000,1.46989
534F4C31,7132,60353990,0,2991,2933,58,0.00000,1.49568
534F4C31,7133,60358626,0,2995,2933,62,0.00000,1.59883
534F4C31,7134,60363697,0,2996,2934,62,0.00000,1.59883
534F4C31,7134,60368537,0,2994,2935,59,0.00000,1.52147
534F4C31,7135,60373857,0,2991,2931,60,0.00000,1.54725
534F4C31,7136,60379725,0,2993,2935,58,0.00000,1.49568
534F4C31,7136,60383520,0,2992,2934,58,0.00000,1.49568
534F4C31,7137,60388515,0,2993,2935,58,0.00000,1.49568
534F4C31,7137,60393516,0,2991,2935,56,0.00000,1.44410
534F4C31,7137,60398515,0,2996,2931,65,0.00000,1.67619
534F4C31,7137,60403531,0,2992,2934,58,0.00000,1.49568
534F4C31,7137,60408535,0,2993,2934,59,0.00000,1.52147
534F4C31,7137,60413560,0,2997,2932,65,0.00000,1.67619
534F4C31,7138,60418552,0,2994,2935,59,0.00000,1.52147
534F4C31,7139,60423570,0,2995,2935,60,0.00000,1.54725
534F4C31,7139,60429206,0,2991,2933,58,0.00000,1.49568
534F4C31,7139,60433521,0,2992,2933,59,0.00000,1.52147
534F4C31,7140,60438703,0,2996,2935,61,0.00000,1.57304
534F4C31,7140,60443546,0,2992,2936,56,0.00000,1.44410
534F4C31,7140,60448531,0,2991,2937,54,0.00000,1.39253
534F4C31,7141,60453620,0,2993,2933,60,0.00000,1.54725
534F4C31,7142,60458817,0,2993,2934,59,0.00000,1.52147
534F4C31,7142,60463543,0,2990,2934,56,0.00000,1.44410
534F4C31,7142,60468520,0,2998,2936,62,0.00000,1.59883
534F4C31,7143,60473554,0,2991,2938,53,0.00000,1.36674
534F4C31,7144,60478515,0,2993,2935,58,0.00000,1.49568
534F4C31,7144,60483974,0,2994,2934,60,0.00000,1.54725
534F4C31,7144,60488521,0,2993,2934,59,0.00000,1.52147
534F4C31,7144,60493535,0,2996,2938,58,0.00000,1.49568
534F4C31,7145,60498642,0,2998,2936,62,0.00000,1.59883
534F4C31,7146,60503556,0,2996,2936,60,0.00000,1.54725
534F4C31,7147,60509680,0,2992,2938,54,0.00000,1.39253
534F4C31,7148,60513785,0,2995,2936,59,0.00000,1.52147
534F4C31,7149,60518562,0,2990,2932,58,0.00000,1.49568
534F4C31,7150,60523521,0,2991,2936,55,0.00000,1.41832
534F4C31,7151,60529679,0,2992,2934,58,0.00000,1.49568
534F4C31,7151,60534315,0,2996,2937,59,0.00000,1.52147
534F4C31,7151,60538520,0,2994,2931,63,0.00000,1.62462
534F4C31,7151,60543537,0,2996,2934,62,0.00000,1.59883
534F4C31,7151,60548536,0,2993,2930,63,0.00000,1.62462
534F4C31,7152,60553543,0,2989,2934,55,0.00000,1.41832
534F4C31,7153,60558693,0,2992,2935,57,0.00000,1.46989
534F4C31,7154,60564576,0,2996,2937,59,0.00000,1.52147
534F4C31,7155,60568515,0,2992,2935,57,0.00000,1.46989
534F4C31,7155,60573521,0,2994,2939,55,0.00000,1.41832
534F4C31,7156,60579570,0,2990,2935,55,0.00000,1.41832
534F4C31,7156,60583535,0,2993,2933,60,0.00000,1.54725
534F4C31,7156,60588697,0,2987,2934,53,0.00000,1.36674
534F4C31,7156,60593528,0,2993,2933,60,0.00000,1.54725
534F4C31,7156,60598527,0,2999,2933,66,0.00000,1.70198
534F4C31,7157,60603523,0,2993,2936,57,0.00000,1.46989
534F4C31,7158,60608629,0,2992,2934,58,0.00000,1.49568
534F4C31,7159,60614371,0,2989,2936,53,0.00000,1.36674
534F4C31,7159,60618847,0,2991,2931,60,0.00000,1.54725
534F4C31,7159,60623521,0,2989,2936,53,0.00000,1.36674
534F4C31,7160,60628558,0,2988,2933,55,0.00000,1.41832
534F4C31,7160,60633534,0,2997,2933,64,0.00000,1.65040
534F4C31,7161,60638522,0,3000,2933,67,0.00000,1.72777
534F4C31,7161,60643515,0,2993,2933,60,0.00000,1.54725
534F4C31,7162,60648519,0,2994,2934,60,0.00000,1.54725
534F4C31,7162,60653538,0,2995,2936,59,0.00000,1.52147
534F4C31,7162,60658515,0,2993,2936,57,0.00000,1.46989
534F4C31,7163,60663559,0,2991,2932,59,0.00000,1.52147
534F4C31,7163,60668530,0,2994,2935,59,0.00000,1.52147
534F4C31,7164,60673533,0,2996,2932,64,0.00000,1.65040
534F4C31,7165,60678723,0,2998,2935,63,0.00000,1.62462
534F4C31,7165,60683635,0,2992,2934,58,0.00000,1.49568
534F4C31,7165,60688518,0,2994,2933,61,0.00000,1.57304
534F4C31,7166,60693564,0,2997,2935,62,0.00000,1.59883
534F4C31,7167,60698605,0,2989,2936,53,0.00000,1.36674
534F4C31,7168,60704003,0,2996,2934,62,0.00000,1.59883
534F4C31,7169,60708752,0,2996,2934,62,0.00000,1.59883
534F4C31,7169,60713551,0,2995,2933,62,0.00000,1.59883
534F4C31,7170,60718551,0,2992,2936,56,0.00000,1.44410
534F4C31,7170,60723518,0,2993,2934,59,0.00000,1.52147
534F4C31,7171,60728536,0,2993,2934,59,0.00000,1.52147
534F4C31,7172,60733535,0,2993,2933,60,0.00000,1.54725
534F4C31,7172,60738535,0,2990,2935,55,0.00000,1.41832
534F4C31,7173,60743529,0,2993,2935,58,0.00000,1.49568
534F4C31,7173,60748538,0,2999,2933,66,0.00000,1.70198
534F4C31,7174,60753541,0,2998,2935,63,0.00000,1.62462
534F4C31,7174,60758520,0,2991,2935,56,0.00000,1.44410
534F4C31,7174,60763666,0,2988,2931,57,0.00000,1.46989
534F4C31,7175,60768566,0,2992,2934,58,0.00000,1.49568
534F4C31,7175,60773556,0,2992,2932,60,0.00000,1.54725
534F4C31,7175,60778531,0,2997,2934,63,0.00000,1.62462
534F4C31,7175,60783535,0,2992,2933,59,0.00000,1.52147
534F4C31,7176,60788967,0,2990,2931,59,0.00000,1.52147
534F4C31,7177,60793522,0,2991,2935,56,0.00000,1.44410
534F4C31,7177,60798519,0,2995,2934,61,0.00000,1.57304
534F4C31,7177,60803516,0,2990,2935,55,0.00000,1.41832
534F4C31,7177,60808534,0,2988,2935,53,0.00000,1.36674
534F4C31,7177,60813527,0,2994,2935,59,0.00000,1.52147
534F4C31,7178,60818761,0,2997,2936,61,0.00000,1.57304
534F4C31,7179,60823560,0,2999,2934,65,0.00000,1.67619
534F4C31,7180,60828553,0,2988,2934,54,0.00000,1.39253
534F4C31,7181,60833774,0,2997,2936,61,0.00000,1.57304
534F4C31,7181,60838522,0,2991,2934,57,0.00000,1.46989
534F4C31,7181,60843531,0,2997,2936,61,0.00000,1.57304
534F4C31,7182,60848561,0,2993,2936,57,0.00000,1.46989
534F4C31,7183,60853554,0,2987,2935,52,0.00000,1.34095
534F4C31,7184,60859589,0,2993,2935,58,0.00000,1.49568
534F4C31,7185,60863516,0,2990,2934,56,0.00000,1.44410
534F4C31,7186,60868548,0,2993,2934,59,0.00000,1.52147
534F4C31,7187,60874316,0,2990,2934,56,0.00000,1.44410
534F4C31,7188,60880583,0,2996,2933,63,0.00000,1.62462
534F4C31,7188,60886749,0,2990,2935,55,0.00000,1.41832
534F4C31,7188,60889831,0,2991,2934,57,0.00000,1.46989
534F4C31,7188,60893533,0,2991,2935,56,0.00000,1.44410
534F4C31,7189,60898569,0,2992,2935,57,0.00000,1.46989
534F4C31,7189,60903522,0,2996,2934,62,0.00000,1.59883
534F4C31,7189,60908555,0,2994,2932,62,0.00000,1.59883
534F4C31,7190,60913578,0,2991,2932,59,0.00000,1.52147
534F4C31,7190,60918522,0,2993,2936,57,0.00000,1.46989
534F4C31,7191,60923532,0,2992,2934,58,0.00000,1.49568
534F4C31,7191,60928527,0,2993,2936,57,0.00000,1.46989
534F4C31,7192,60933560,0,2998,2935,63,0.00000,1.62462
534F4C31,7193,60938670,0,2996,2935,61,0.00000,1.57304
534F4C31,7193,60943535,0,2990,2936,54,0.00000,1.39253
534F4C31,7193,60948516,0,3001,2935,66,0.00000,1.70198
534F4C31,7194,60953547,0,2994,2936,58,0.00000,1.49568
534F4C31,7194,60959056,0,2995,2935,60,0.00000,1.54725
534F4C31,7194,60963556,0,2992,2937,55,0.00000,1.41832
534F4C31,7195,60968533,0,2988,2935,53,0.00000,1.36674
534F4C31,7195,60973525,0,2996,2937,59,0.00000,1.52147
534F4C31,7195,60978534,0,2993,2929,64,0.00000,1.65040
534F4C31,7196,60983529,0,2996,2929,67,0.00000,1.72777
534F4C31,7196,60988562,0,2990,2931,59,0.00000,1.52147
534F4C31,7196,60993527,0,2995,2929,66,0.00000,1.70198
534F4C31,7197,60998596,0,2989,2930,59,0.00000,1.52147
534F4C31,7198,61003529,0,2999,2929,70,0.00000,1.80513
534F4C31,7198,61008622,0,2995,2931,64,0.00000,1.65040
534F4C31,7198,61014019,0,2993,2934,59,0.00000,1.52147
534F4C31,7199,61018519,0,2991,2930,61,0.00000,1.57304
534F4C31,7199,61023739,0,2990,2931,59,0.00000,1.52147
534F4C31,7200,61028539,0,2998,2932,66,0.00000,1.70198
534F4C31,7201,61033839,0,2995,2933,62,0.00000,1.59883
534F4C31,7202,61038655,0,2992,2935,57,0.00000,1.46989
534F4C31,7202,61043934,0,2995,2929,66,0.00000,1.70198
534F4C31,7202,61048530,0,2996,2931,65,0.00000,1.67619
534F4C31,7203,61053568,0,2999,2930,69,0.00000,1.77934
534F4C31,7203,61058986,0,2989,2931,58,0.00000,1.49568
534F4C31,7204,61063550,0,2992,2934,58,0.00000,1.49568
534F4C31,7204,61068786,0,2989,2933,56,0.00000,1.44410
534F4C31,7205,61073517,0,2991,2929,62,0.00000,1.59883
534F4C31,7205,61078940,0,2993,2934,59,0.00000,1.52147
534F4C31,7205,61083539,0,2988,2932,56,0.00000,1.44410
534F4C31,7206,61088526,0,2992,2933,59,0.00000,1.52147
534F4C31,7207,61093559,0,2997,2931,66,0.00000,1.70198
534F4C31,7207,61098532,0,2996,2933,63,0.00000,1.62462
534F4C31,7208,61103957,0,2994,2929,65,0.00000,1.67619
534F4C31,7208,61108518,0,2990,2930,60,0.00000,1.54725
534F4C31,7209,61113577,0,3000,2934,66,0.00000,1.70198
534F4C31,7210,61118523,0,2993,2927,66,0.00000,1.70198
534F4C31,7211,61123549,0,2996,2932,64,0.00000,1.65040
534F4C31,7212,61128534,0,2990,2932,58,0.00000,1.49568
534F4C31,7213,61134594,0,2985,2930,55,0.00000,1.41832
534F4C31,7213,61138531,0,2997,2932,65,0.00000,1.67619
534F4C31,7213,61143559,0,2997,2933,64,0.00000,1.65040
534F4C31,7213,61148520,0,2990,2930,60,0.00000,1.54725
534F4C31,7213,61153527,0,2991,2933,58,0.00000,1.49568
534F4C31,7214,61158568,0,2992,2929,63,0.00000,1.62462
534F4C31,7215,61163616,0,2996,2931,65,0.00000,1.67619
534F4C31,7216,61168537,0,2995,2929,66,0.00000,1.70198
534F4C31,7216,61173522,0,2994,2928,66,0.00000,1.70198
534F4C31,7216,61178521,0,2990,2929,61,0.00000,1.57304
534F4C31,7216,61183518,0,2990,2931,59,0.00000,1.52147
534F4C31,7216,61188517,0,3000,2933,67,0.00000,1.72777
534F4C31,7216,61193530,0,2995,2931,64,0.00000,1.65040
534F4C31,7217,61198551,0,2999,2929,70,0.00000,1.80513
534F4C31,7218,61203567,0,2998,2934,64,0.00000,1.65040
534F4C31,7219,61208754,0,2998,2929,69,0.00000,1.77934
534F4C31,7219,61213518,0,2991,2931,60,0.00000,1.54725
534F4C31,7220,61218592,0,2994,2929,65,0.00000,1.67619
534F4C31,7221,61223524,0,2991,2933,58,0.00000,1.49568
534F4C31,7222,61228743,0,2994,2930,64,0.00000,1.65040
534F4C31,7222,61233534,0,2992,2928,64,0.00000,1.65040
534F4C31,7222,61238518,0,2992,2934,58,0.00000,1.49568
534F4C31,7222,61243520,0,2991,2934,57,0.00000,1.46989
534F4C31,7222,61248522,0,2990,2933,57,0.00000,1.46989
534F4C31,7223,61253522,0,2994,2926,68,0.00000,1.75355
534F4C31,7224,61258535,0,2991,2932,59,0.00000,1.52147
534F4C31,7225,61263539,0,2989,2932,57,0.00000,1.46989
534F4C31,7225,61268540,0,2993,2930,63,0.00000,1.62462
534F4C31,7226,61273573,0,2997,2932,65,0.00000,1.67619
534F4C31,7226,61278515,0,2992,2930,62,0.00000,1.59883
534F4C31,7227,61283533,0,2993,2930,63,0.00000,1.62462
534F4C31,7227,61288520,0,2991,2931,60,0.00000,1.54725
534F4C31,7227,61293526,0,2993,2933,60,0.00000,1.54725
534F4C31,7228,61298923,0,3000,2931,69,0.00000,1.77934
534F4C31,7229,61303550,0,2994,2933,61,0.00000,1.57304
534F4C31,7230,61308522,0,2996,2931,65,0.00000,1.67619
534F4C31,7231,61313538,0,2989,2929,60,0.00000,1.54725
534F4C31,7232,61318887,0,2997,2931,66,0.00000,1.70198
534F4C31,7233,61323556,0,2994,2930,64,0.00000,1.65040
534F4C31,7234,61328540,0,2992,2931,61,0.00000,1.57304
534F4C31,7235,61334573,0,2992,2929,63,0.00000,1.62462
534F4C31,7235,61338844,0,2990,2930,60,0.00000,1.54725
534F4C31,7235,61343526,0,2989,2930,59,0.00000,1.52147
534F4C31,7235,61348519,0,2992,2929,63,0.00000,1.62462
534F4C31,7235,61353549,0,2995,2930,65,0.00000,1.67619
534F4C31,7236,61358600,0,2991,2932,59,0.00000,1.52147
534F4C31,7236,61363531,0,2992,2930,62,0.00000,1.59883
534F4C31,7236,61368656,0,2994,2934,60,0.00000,1.54725
534F4C31,7236,61373529,0,2993,2930,63,0.00000,1.62462
534F4C31,7237,61378570,0,2991,2930,61,0.00000,1.57304
534F4C31,7238,61383519,0,2992,2932,60,0.00000,1.54725
534F4C31,7239,61388520,0,2996,2931,65,0.00000,1.67619
534F4C31,7239,61394347,0,2999,2931,68,0.00000,1.75355
534F4C31,7239,61398548,0,2994,2930,64,0.00000,1.65040
534F4C31,7240,61403683,0,2992,2932,60,0.00000,1.54725
534F4C31,7240,61408522,0,2998,2930,68,0.00000,1.75355
534F4C31,7241,61413970,0,2989,2930,59,0.00000,1.52147
534F4C31,7242,61418517,0,2994,2931,63,0.00000,1.62462
534F4C31,7242,61424301,0,2997,2931,66,0.00000,1.70198
534F4C31,7242,61428516,0,2993,2933,60,0.00000,1.54725
534F4C31,7243,61433581,0,2994,2930,64,0.00000,1.65040
534F4C31,7243,61438527,0,2997,2929,68,0.00000,1.75355
534F4C31,7243,61443519,0,2989,2933,56,0.00000,1.44410
534F4C31,7244,61448534,0,2995,2931,64,0.00000,1.65040
534F4C31,7245,61453534,0,2988,2933,55,0.00000,1.41832
534F4C31,7246,61458530,0,2991,2929,62,0.00000,1.59883
534F4C31,7247,61463530,0,2992,2932,60,0.00000,1.54725
534F4C31,7248,61468515,0,2999,2931,68,0.00000,1.75355
534F4C31,7248,61473951,0,2992,2932,60,0.00000,1.54725
534F4C31,7249,61478530,0,2991,2930,61,0.00000,1.57304
534F4C31,7250,61483608,0,2991,2932,59,0.00000,1.52147
534F4C31,7251,61488992,0,2994,2932,62,0.00000,1.59883
534F4C31,7251,61494168,0,2989,2931,58,0.00000,1.49568
534F4C31,7252,61498908,0,2996,2928,68,0.00000,1.75355
534F4C31,7252,61503750,0,2993,2930,63,0.00000,1.62462
534F4C31,7252,61508528,0,2990,2929,61,0.00000,1.57304
534F4C31,7253,61513518,0,2994,2930,64,0.00000,1.65040
534F4C31,7253,61518736,0,2990,2930,60,0.00000,1.54725
534F4C31,7253,61523521,0,2999,2927,72,0.00000,1.85670
534F4C31,7253,61528536,0,2995,2929,66,0.00000,1.70198
534F4C31,7253,61533518,0,2991,2933,58,0.00000,1.49568
534F4C31,7253,61538522,0,2993,2929,64,0.00000,1.65040
534F4C31,7254,61543793,0,2992,2932,60,0.00000,1.54725
534F4C31,7255,61548626,0,2997,2930,67,0.00000,1.72777
534F4C31,7256,61553516,0,2997,2927,70,0.00000,1.80513
534F4C31,7257,61559285,0,2998,2928,70,0.00000,1.80513
534F4C31,7258,61565319,0,2991,2928,63,0.00000,1.62462
534F4C31,7259,61569945,0,2995,2930,65,0.00000,1.67619
534F4C31,7259,61574853,0,2999,2930,69,0.00000,1.77934
534F4C31,7259,61578724,0,2998,2931,67,0.00000,1.72777
534F4C31,7259,61583524,0,2992,2930,62,0.00000,1.59883
534F4C31,7260,61588525,0,2990,2933,57,0.00000,1.46989
534F4C31,7260,61593530,0,2992,2928,64,0.00000,1.65040
534F4C31,7261,61598551,0,2992,2928,64,0.00000,1.65040
534F4C31,7261,61603551,0,2993,2931,62,0.00000,1.59883
534F4C31,7261,61608516,0,2994,2931,63,0.00000,1.62462
534F4C31,7262,61613563,0,2992,2932,60,0.00000,1.54725
534F4C31,7262,61618519,0,2997,2932,65,0.00000,1.67619
534F4C31,7263,61623569,0,2997,2934,63,0.00000,1.62462
534F4C31,7264,61629136,0,2995,2926,69,0.00000,1.77934
534F4C31,7264,61633534,0,2994,2926,68,0.00000,1.75355
534F4C31,7265,61638650,0,2989,2924,65,0.00000,1.67619
534F4C31,7265,61643615,0,2997,2929,68,0.00000,1.75355
534F4C31,7265,61648529,0,2991,2926,65,0.00000,1.67619
534F4C31,7265,61653539,0,2996,2927,69,0.00000,1.77934
534F4C31,7266,61659036,0,2989,2925,64,0.00000,1.65040
534F4C31,7267,61663534,0,2993,2928,65,0.00000,1.67619
534F4C31,7267,61668925,0,2990,2928,62,0.00000,1.59883
534F4C31,7267,61673519,0,2994,2927,67,0.00000,1.72777
534F4C31,7267,61678539,0,2992,2928,64,0.00000,1.65040
534F4C31,7268,61683537,0,2993,2927,66,0.00000,1.70198
534F4C31,7269,61688715,0,2996,2925,71,0.00000,1.83092
534F4C31,7270,61694658,0,2994,2922,72,0.00000,1.85670
534F4C31,7271,61699491,0,2999,2928,71,0.00000,1.83092
534F4C31,7271,61703516,0,2999,2926,73,0.00000,1.88249
534F4C31,7272,61708650,0,2994,2927,67,0.00000,1.72777
534F4C31,7272,61713522,0,2989,2927,62,0.00000,1.59883
534F4C31,7273,61718520,0,2989,2929,60,0.00000,1.54725
534F4C31,7273,61723520,0,2993,2927,66,0.00000,1.70198
534F4C31,7273,61728829,0,2998,2926,72,0.00000,1.85670
534F4C31,7273,61733521,0,2992,2927,65,0.00000,1.67619
534F4C31,7273,61738531,0,2992,2931,61,0.00000,1.57304
534F4C31,7274,61743522,0,2995,2928,67,0.00000,1.72777
534F4C31,7275,61748525,0,2994,2926,68,0.00000,1.75355
534F4C31,7276,61753529,0,2995,2930,65,0.00000,1.67619
534F4C31,7277,61759081,0,2993,2928,65,0.00000,1.67619
534F4C31,7277,61764615,0,2998,2925,73,0.00000,1.88249
534F4C31,7278,61768556,0,2992,2928,64,0.00000,1.65040
534F4C31,7279,61773771,0,2992,2925,67,0.00000,1.72777
534F4C31,7280,61778545,0,2989,2926,63,0.00000,1.62462
534F4C31,7281,61783530,0,2996,2930,66,0.00000,1.70198
534F4C31,7281,61788673,0,2992,2931,61,0.00000,1.57304
534F4C31,7281,61793555,0,2990,2930,60,0.00000,1.54725
534F4C31,7281,61798518,0,2992,2929,63,0.00000,1.62462
534F4C31,7281,61803522,0,2990,2924,66,0.00000,1.70198
534F4C31,7282,61808569,0,2991,2925,66,0.00000,1.70198
534F4C31,7282,61813519,0,2989,2928,61,0.00000,1.57304
534F4C31,7282,61818534,0,2994,2928,66,0.00000,1.70198
534F4C31,7283,61823974,0,2995,2926,69,0.00000,1.77934
534F4C31,7283,61828522,0,2997,2928,69,0.00000,1.77934
534F4C31,7284,61833540,0,2993,2929,64,0.00000,1.65040
534F4C31,7285,61838617,0,2988,2928,60,0.00000,1.54725
534F4C31,7286,61843563,0,2994,2926,68,0.00000,1.75355
534F4C31,7286,61848718,0,2991,2927,64,0.00000,1.65040
534F4C31,7286,61853844,0,2992,2930,62,0.00000,1.59883
534F4C31,7286,61858521,0,2994,2928,66,0.00000,1.70198
534F4C31,7287,61863556,0,2988,2926,62,0.00000,1.59883
534F4C31,7288,61868571,0,2993,2928,65,0.00000,1.67619
534F4C31,7289,61873564,0,2994,2927,67,0.00000,1.72777
534F4C31,7290,61879259,0,2989,2925,64,0.00000,1.65040
534F4C31,7290,61883785,0,2991,2928,63,0.00000,1.62462
534F4C31,7290,61888529,0,2993,2926,67,0.00000,1.72777
534F4C31,7290,61893562,0,2995,2927,68,0.00000,1.75355
534F4C31,7291,61898630,0,2993,2927,66,0.00000,1.70198
534F4C31,7292,61903726,0,2989,2926,63,0.00000,1.62462
534F4C31,7292,61909372,0,2988,2929,59,0.00000,1.52147
534F4C31,7292,61913545,0,2997,2929,68,0.00000,1.75355
534F4C31,7293,61918561,0,2989,2925,64,0.00000,1.65040
534F4C31,7293,61923524,0,2988,2924,64,0.00000,1.65040
534F4C31,7294,61929003,0,2995,2927,68,0.00000,1.75355
534F4C31,7295,61933535,0,2992,2926,66,0.00000,1.70198
534F4C31,7295,61939019,0,2994,2924,70,0.00000,1.80513
534F4C31,7296,61943729,0,2996,2925,71,0.00000,1.83092
534F4C31,7297,61948526,0,2995,2926,69,0.00000,1.77934
534F4C31,7297,61953672,0,2994,2930,64,0.00000,1.65040
534F4C31,7297,61958549,0,2989,2927,62,0.00000,1.59883
534F4C31,7298,61963540,0,2996,2930,66,0.00000,1.70198
534F4C31,7299,61968543,0,2991,2926,65,0.00000,1.67619
534F4C31,7300,61975208,0,2987,2928,59,0.00000,1.52147
534F4C31,7300,61980708,0,2993,2926,67,0.00000,1.72777
534F4C31,7301,61983911,0,2987,2926,61,0.00000,1.57304
534F4C31,7302,61988601,0,2990,2926,64,0.00000,1.65040
534F4C31,7303,61993895,0,2993,2929,64,0.00000,1.65040
534F4C31,7303,61999437,0,2990,2929,61,0.00000,1.57304
534F4C31,7303,62003523,0,2999,2926,73,0.00000,1.88249
534F4C31,7304,62008854,0,2994,2927,67,0.00000,1.72777
534F4C31,7305,62013533,0,2992,2929,63,0.00000,1.62462
534F4C31,7305,62018615,0,2995,2928,67,0.00000,1.72777
534F4C31,7305,62023519,0,2992,2930,62,0.00000,1.59883
534F4C31,7305,62028557,0,2990,2929,61,0.00000,1.57304
534F4C31,7305,62033522,0,2991,2931,60,0.00000,1.54725
534F4C31,7305,62038523,0,2990,2926,64,0.00000,1.65040
534F4C31,7306,62043731,0,2993,2931,62,0.00000,1.59883
534F4C31,7307,62048522,0,2994,2923,71,0.00000,1.83092
534F4C31,7308,62053572,0,2992,2930,62,0.00000,1.59883
534F4C31,7309,62058535,0,2984,2925,59,0.00000,1.52147
534F4C31,7310,62063528,0,2991,2929,62,0.00000,1.59883
534F4C31,7311,62068871,0,2993,2930,63,0.00000,1.62462
534F4C31,7312,62073795,0,2993,2929,64,0.00000,1.65040
534F4C31,7313,62078816,0,2994,2925,69,0.00000,1.77934
534F4C31,7314,62083529,0,2992,2933,59,0.00000,1.52147
534F4C31,7315,62089081,0,2994,2924,70,0.00000,1.80513
534F4C31,7315,62093898,0,2992,2928,64,0.00000,1.65040
534F4C31,7316,62098565,0,2992,2926,66,0.00000,1.70198
534F4C31,7316,62103650,0,2996,2927,69,0.00000,1.77934
534F4C31,7316,62108535,0,2989,2924,65,0.00000,1.67619
534F4C31,7316,62113533,0,2993,2926,67,0.00000,1.72777
534F4C31,7317,62118530,0,2997,2924,73,0.00000,1.88249
534F4C31,7318,62123534,0,2991,2925,66,0.00000,1.70198
534F4C31,7319,62128519,0,2999,2925,74,0.00000,1.90828
534F4C31,7319,62133531,0,2992,2927,65,0.00000,1.67619
534F4C31,7319,62138558,0,2992,2928,64,0.00000,1.65040
534F4C31,7319,62143521,0,2986,2929,57,0.00000,1.46989
534F4C31,7320,62148770,0,2995,2928,67,0.00000,1.72777
534F4C31,7320,62153517,0,2992,2929,63,0.00000,1.62462
534F4C31,7321,62159040,0,2992,2926,66,0.00000,1.70198
534F4C31,7322,62163530,0,2997,2926,71,0.00000,1.83092
534F4C31,7322,62168554,0,2992,2928,64,0.00000,1.65040
534F4C31,7323,62173654,0,2997,2927,70,0.00000,1.80513
534F4C31,7323,62178520,0,2994,2926,68,0.00000,1.75355
534F4C31,7323,62184139,0,2991,2928,63,0.00000,1.62462
534F4C31,7323,62188520,0,2995,2929,66,0.00000,1.70198
534F4C31,7323,62193526,0,2993,2928,65,0.00000,1.67619
534F4C31,7323,62198530,0,2990,2929,61,0.00000,1.57304
534F4C31,7324,62204069,0,2994,2930,64,0.00000,1.65040
534F4C31,7325,62208781,0,2993,2925,68,0.00000,1.75355
534F4C31,7326,62213809,0,2991,2925,66,0.00000,1.70198
534F4C31,7327,62219017,0,2992,2929,63,0.00000,1.62462
534F4C31,7327,62223550,0,2993,2926,67,0.00000,1.72777
534F4C31,7328,62228553,0,2995,2926,69,0.00000,1.77934
534F4C31,7329,62233522,0,2995,2927,68,0.00000,1.75355
534F4C31,7330,62238539,0,2992,2930,62,0.00000,1.59883
534F4C31,7330,62244054,0,2992,2924,68,0.00000,1.75355
534F4C31,7330,62248528,0,2992,2927,65,0.00000,1.67619
534F4C31,7330,62253577,0,2997,2925,72,0.00000,1.85670
534F4C31,7330,62258533,0,2997,2926,71,0.00000,1.83092
534F4C31,7331,62263522,0,2993,2928,65,0.00000,1.67619
534F4C31,7332,62268922,0,2991,2927,64,0.00000,1.65040
534F4C31,7333,62273587,0,2997,2927,70,0.00000,1.80513
534F4C31,7334,62278765,0,2992,2925,67,0.00000,1.72777
534F4C31,7334,62283543,0,2992,2929,63,0.00000,1.62462
534F4C31,7335,62288570,0,2995,2929,66,0.00000,1.70198
534F4C31,7335,62293607,0,2999,2929,70,0.00000,1.80513
534F4C31,7335,62298522,0,2998,2927,71,0.00000,1.83092
534F4C31,7335,62303531,0,2995,2926,69,0.00000,1.77934
534F4C31,7335,62308523,0,2997,2923,74,0.00000,1.90828
534F4C31,7336,62313531,0,2995,2926,69,0.00000,1.77934
534F4C31,7337,62319968,0,2993,2926,67,0.00000,1.72777
534F4C31,7338,62323856,0,2992,2924,68,0.00000,1.75355
534F4C31,7339,62329107,0,2995,2923,72,0.00000,1.85670
534F4C31,7340,62333543,0,2989,2921,68,0.00000,1.75355
534F4C31,7340,62338518,0,2997,2922,75,0.00000,1.93407
534F4C31,7341,62343968,0,2996,2921,75,0.00000,1.93407
534F4C31,7342,62348536,0,2993,2923,70,0.00000,1.80513
534F4C31,7342,62353739,0,2998,2923,75,0.00000,1.93407
534F4C31,7342,62358520,0,2994,2925,69,0.00000,1.77934
534F4C31,7343,62363661,0,2995,2923,72,0.00000,1.85670
534F4C31,7343,62368530,0,2992,2924,68,0.00000,1.75355
534F4C31,7344,62373534,0,2990,2926,64,0.00000,1.65040
534F4C31,7344,62380341,0,2990,2922,68,0.00000,1.75355
534F4C31,7344,62383745,0,2992,2922,70,0.00000,1.80513
534F4C31,7345,62388523,0,2996,2923,73,0.00000,1.88249
534F4C31,7346,62393916,0,2999,2925,74,0.00000,1.90828
534F4C31,7346,62398524,0,2997,2923,74,0.00000,1.90828
534F4C31,7347,62404048,0,2989,2925,64,0.00000,1.65040
534F4C31,7347,62408560,0,2993,2924,69,0.00000,1.77934
534F4C31,7348,62413566,0,2993,2925,68,0.00000,1.75355
534F4C31,7349,62419120,0,2999,2922,77,0.00000,1.98564
534F4C31,7349,62423560,0,2996,2923,73,0.00000,1.88249
534F4C31,7349,62428522,0,2992,2922,70,0.00000,1.80513
534F4C31,7349,62433536,0,2999,2927,72,0.00000,1.85670
534F4C31,7349,62438519,0,2998,2921,77,0.00000,1.98564
534F4C31,7350,62443726,0,2990,2923,67,0.00000,1.72777
534F4C31,7351,62448535,0,2991,2920,71,0.00000,1.83092
534F4C31,7352,62453570,0,2994,2924,70,0.00000,1.80513
534F4C31,7353,62458544,0,2997,2921,76,0.00000,1.95985
534F4C31,7353,62463515,0,2994,2922,72,0.00000,1.85670
534F4C31,7354,62468774,0,2993,2922,71,0.00000,1.83092
534F4C31,7355,62473880,0,2996,2924,72,0.00000,1.85670
534F4C31,7355,62478522,0,2992,2925,67,0.00000,1.72777
534F4C31,7355,62483559,0,2992,2923,69,0.00000,1.77934
534F4C31,7356,62488534,0,2991,2922,69,0.00000,1.77934
534F4C31,7356,62493562,0,2991,2922,69,0.00000,1.77934
534F4C31,7356,62498522,0,2990,2920,70,0.00000,1.80513
534F4C31,7356,62503520,0,2996,2921,75,0.00000,1.93407
534F4C31,7356,62508524,0,2990,2926,64,0.00000,1.65040
534F4C31,7357,62513546,0,2996,2922,74,0.00000,1.90828
534F4C31,7358,62519012,0,2994,2926,68,0.00000,1.75355
534F4C31,7359,62524077,0,2996,2924,72,0.00000,1.85670
534F4C31,7360,62528529,0,2991,2926,65,0.00000,1.67619
534F4C31,7361,62533548,0,2990,2924,66,0.00000,1.70198
534F4C31,7361,62538829,0,2996,2925,71,0.00000,1.83092
534F4C31,7362,62543565,0,2989,2922,67,0.00000,1.72777
534F4C31,7363,62548531,0,2996,2923,73,0.00000,1.88249
534F4C31,7363,62554031,0,2990,2926,64,0.00000,1.65040
534F4C31,7364,62558567,0,2989,2922,67,0.00000,1.72777
534F4C31,7364,62564139,0,2989,2922,67,0.00000,1.72777
534F4C31,7365,62568519,0,2994,2925,69,0.00000,1.77934
534F4C31,7365,62573820,0,2993,2924,69,0.00000,1.77934
534F4C31,7366,62578521,0,2991,2922,69,0.00000,1.77934
534F4C31,7367,62583838,0,2997,2925,72,0.00000,1.85670
534F4C31,7367,62589313,0,2997,2924,73,0.00000,1.88249
534F4C31,7367,62593530,0,2991,2925,66,0.00000,1.70198
534F4C31,7367,62598526,0,2997,2919,78,0.00000,2.01143
534F4C31,7367,62603535,0,2990,2926,64,0.00000,1.65040
534F4C31,7367,62608522,0,2997,2926,71,0.00000,1.83092
534F4C31,7368,62613560,0,2994,2925,69,0.00000,1.77934
534F4C31,7369,62618567,0,2990,2924,66,0.00000,1.70198
534F4C31,7370,62623831,0,3001,2923,78,0.00000,2.01143
534F4C31,7370,62628518,0,2994,2924,70,0.00000,1.80513
534F4C31,7371,62633521,0,2995,2922,73,0.00000,1.88249
534F4C31,7372,62638543,0,2991,2922,69,0.00000,1.77934
534F4C31,7372,62643521,0,2990,2922,68,0.00000,1.75355
534F4C31,7373,62648546,0,2988,2923,65,0.00000,1.67619
534F4C31,7374,62654901,0,2994,2922,72,0.00000,1.85670
534F4C31,7375,62659546,0,2994,2924,70,0.00000,1.80513
534F4C31,7376,62665543,0,2993,2924,69,0.00000,1.77934
534F4C31,7376,62669685,0,2991,2924,67,0.00000,1.72777
534F4C31,7376,62674419,0,2997,2923,74,0.00000,1.90828
534F4C31,7376,62678517,0,2992,2921,71,0.00000,1.83092
534F4C31,7376,62683532,0,2989,2922,67,0.00000,1.72777
534F4C31,7377,62688815,0,2993,2925,68,0.00000,1.75355
534F4C31,7377,62693519,0,2991,2928,63,0.00000,1.62462
534F4C31,7377,62698520,0,2992,2925,67,0.00000,1.72777
534F4C31,7378,62703917,0,2999,2927,72,0.00000,1.85670
534F4C31,7379,62708535,0,2994,2922,72,0.00000,1.85670
534F4C31,7379,62713733,0,2996,2923,73,0.00000,1.88249
534F4C31,7379,62718519,0,2991,2924,67,0.00000,1.72777
534F4C31,7380,62723852,0,2995,2922,73,0.00000,1.88249
534F4C31,7380,62728525,0,2995,2924,71,0.00000,1.83092
534F4C31,7380,62733567,0,2993,2921,72,0.00000,1.85670
534F4C31,7381,62738556,0,2990,2923,67,0.00000,1.72777
534F4C31,7382,62743550,0,2989,2923,66,0.00000,1.70198
534F4C31,7382,62748544,0,2993,2921,72,0.00000,1.85670
534F4C31,7382,62753677,0,2992,2924,68,0.00000,1.75355
534F4C31,7383,62758906,0,2991,2922,69,0.00000,1.77934
534F4C31,7384,62763682,0,2996,2927,69,0.00000,1.77934
534F4C31,7384,62768981,0,2999,2921,78,0.00000,2.01143
534F4C31,7384,62773600,0,3000,2925,75,0.00000,1.93407
534F4C31,7385,62778579,0,2993,2924,69,0.00000,1.77934
534F4C31,7385,62783519,0,2991,2925,66,0.00000,1.70198
534F4C31,7386,62788941,0,2992,2924,68,0.00000,1.75355
534F4C31,7387,62793516,0,2991,2925,66,0.00000,1.70198
534F4C31,7387,62798943,0,2996,2923,73,0.00000,1.88249
534F4C31,7388,62803559,0,2995,2924,71,0.00000,1.83092
534F4C31,7389,62808520,0,2990,2920,70,0.00000,1.80513
534F4C31,7389,62813520,0,2992,2921,71,0.00000,1.83092
534F4C31,7390,62818643,0,2995,2921,74,0.00000,1.90828
534F4C31,7391,62823527,0,2986,2924,62,0.00000,1.59883
534F4C31,7391,62829394,0,2991,2922,69,0.00000,1.77934
534F4C31,7391,62833525,0,2991,2924,67,0.00000,1.72777
534F4C31,7392,62838582,0,2990,2926,64,0.00000,1.65040
534F4C31,7393,62843522,0,2992,2923,69,0.00000,1.77934
534F4C31,7393,62848574,0,2989,2923,66,0.00000,1.70198
534F4C31,7393,62853522,0,2994,2921,73,0.00000,1.88249
534F4C31,7393,62858534,0,2993,2921,72,0.00000,1.85670
534F4C31,7393,62863528,0,2995,2924,71,0.00000,1.83092
534F4C31,7394,62868725,0,2992,2924,68,0.00000,1.75355
534F4C31,7395,62873676,0,2993,2922,71,0.00000,1.83092
534F4C31,7396,62878531,0,2993,2921,72,0.00000,1.85670
534F4C31,7397,62883521,0,2992,2924,68,0.00000,1.75355
534F4C31,7398,62888573,0,2995,2925,70,0.00000,1.80513
534F4C31,7399,62893526,0,2993,2923,70,0.00000,1.80513
534F4C31,7400,62898520,0,2999,2926,73,0.00000,1.88249
534F4C31,7401,62903536,0,2994,2924,70,0.00000,1.80513
534F4C31,7402,62910163,0,2996,2925,71,0.00000,1.83092
534F4C31,7402,62914026,0,2990,2923,67,0.00000,1.72777
534F4C31,7402,62918686,0,2995,2925,70,0.00000,1.80513
534F4C31,7403,62924141,0,2988,2924,64,0.00000,1.65040
534F4C31,7403,62928934,0,2991,2923,68,0.00000,1.75355
534F4C31,7404,62933631,0,2994,2920,74,0.00000,1.90828
534F4C31,7405,62939040,0,2995,2922,73,0.00000,1.88249
534F4C31,7406,62944682,0,2994,2925,69,0.00000,1.77934
534F4C31,7406,62948515,0,2990,2922,68,0.00000,1.75355
534F4C31,7407,62953552,0,2987,2923,64,0.00000,1.65040
534F4C31,7407,62959522,0,2993,2921,72,0.00000,1.85670
534F4C31,7408,62963860,0,2992,2923,69,0.00000,1.77934
534F4C31,7408,62968537,0,2992,2925,67,0.00000,1.72777
534F4C31,7409,62973517,0,2989,2924,65,0.00000,1.67619
534F4C31,7409,62979000,0,2994,2923,71,0.00000,1.83092
534F4C31,7410,62983518,0,2994,2924,70,0.00000,1.80513
534F4C31,7411,62988505,0,2995,2926,69,0.00000,1.77934
534F4C31,7412,62993542,0,2992,2924,68,0.00000,1.75355
534F4C31,7412,62999690,0,2989,2922,67,0.00000,1.72777
534F4C31,7412,63003531,0,2989,2925,64,0.00000,1.65040
534F4C31,7412,63008524,0,2988,2922,66,0.00000,1.70198
534F4C31,7412,63013526,0,2992,2921,71,0.00000,1.83092
534F4C31,7412,63018520,0,2988,2923,65,0.00000,1.67619
534F4C31,7413,63023535,0,2996,2924,72,0.00000,1.85670
534F4C31,7413,63028523,0,2992,2923,69,0.00000,1.77934
534F4C31,7413,63033546,0,2996,2921,75,0.00000,1.93407
534F4C31,7413,63038531,0,2999,2918,81,0.00000,2.08879
534F4C31,7413,63043526,0,2995,2918,77,0.00000,1.98564
534F4C31,7414,63048529,0,2998,2921,77,0.00000,1.98564
534F4C31,7415,63054605,0,2994,2921,73,0.00000,1.88249
534F4C31,7416,63058536,0,2990,2922,68,0.00000,1.75355
534F4C31,7417,63063534,0,2991,2918,73,0.00000,1.88249
534F4C31,7418,63068705,0,2995,2918,77,0.00000,1.98564
534F4C31,7418,63073536,0,2993,2921,72,0.00000,1.85670
534F4C31,7419,63079656,0,2991,2918,73,0.00000,1.88249
534F4C31,7419,63083643,0,2995,2917,78,0.00000,2.01143
534F4C31,7420,63088956,0,2994,2917,77,0.00000,1.98564
534F4C31,7421,63093518,0,2994,2921,73,0.00000,1.88249
534F4C31,7421,63099043,0,2990,2919,71,0.00000,1.83092
534F4C31,7421,63103528,0,2994,2918,76,0.00000,1.95985
534F4C31,7421,63108533,0,2990,2917,73,0.00000,1.88249
534F4C31,7421,63113520,0,2999,2921,78,0.00000,2.01143
534F4C31,7422,63118538,0,2995,2921,74,0.00000,1.90828
534F4C31,7423,63123533,0,2999,2921,78,0.00000,2.01143
534F4C31,7423,63128527,0,2994,2920,74,0.00000,1.90828
534F4C31,7423,63133723,0,2990,2919,71,0.00000,1.83092
534F4C31,7424,63138539,0,2990,2920,70,0.00000,1.80513
534F4C31,7425,63143820,0,2993,2922,71,0.00000,1.83092
534F4C31,7426,63148557,0,2996,2920,76,0.00000,1.95985
534F4C31,7426,63154509,0,2993,2920,73,0.00000,1.88249
534F4C31,7427,63158533,0,2994,2918,76,0.00000,1.95985
534F4C31,7427,63163576,0,2995,2921,74,0.00000,1.90828
534F4C31,7428,63168535,0,2996,2918,78,0.00000,2.01143
534F4C31,7429,63174009,0,2990,2921,69,0.00000,1.77934
534F4C31,7429,63178550,0,2993,2919,74,0.00000,1.90828
534F4C31,7429,63183570,0,2995,2919,76,0.00000,1.95985
534F4C31,7430,63188559,0,2995,2919,76,0.00000,1.95985
534F4C31,7430,63193543,0,2992,2920,72,0.00000,1.85670
534F4C31,7430,63198550,0,2999,2921,78,0.00000,2.01143
534F4C31,7430,63203612,0,2994,2916,78,0.00000,2.01143
534F4C31,7430,63208518,0,2989,2921,68,0.00000,1.75355
534F4C31,7431,63214199,0,2995,2919,76,0.00000,1.95985
534F4C31,7432,63218557,0,2990,2919,71,0.00000,1.83092
534F4C31,7433,63223869,0,2995,2920,75,0.00000,1.93407
534F4C31,7433,63228742,0,2987,2920,67,0.00000,1.72777
534F4C31,7434,63233537,0,2992,2919,73,0.00000,1.88249
534F4C31,7435,63239217,0,2994,2918,76,0.00000,1.95985
534F4C31,7435,63244157,0,2995,2923,72,0.00000,1.85670
534F4C31,7435,63248525,0,2992,2919,73,0.00000,1.88249
534F4C31,7436,63253523,0,2994,2922,72,0.00000,1.85670
534F4C31,7436,63258576,0,2992,2917,75,0.00000,1.93407
534F4C31,7437,63263547,0,2999,2922,77,0.00000,1.98564
534F4C31,7438,63269261,0,2988,2918,70,0.00000,1.80513
534F4C31,7438,63273537,0,2990,2919,71,0.00000,1.83092
534F4C31,7438,63278873,0,2988,2919,69,0.00000,1.77934
534F4C31,7439,63283530,0,2993,2918,75,0.00000,1.93407
534F4C31,7439,63288529,0,2995,2920,75,0.00000,1.93407
534F4C31,7440,63293522,0,2987,2918,69,0.00000,1.77934
534F4C31,7440,63298548,0,2994,2918,76,0.00000,1.95985
534F4C31,7441,63303521,0,2989,2919,70,0.00000,1.80513
534F4C31,7442,63308713,0,2997,2918,79,0.00000,2.03722
534F4C31,7442,63313518,0,2993,2919,74,0.00000,1.90828
534F4C31,7443,63318710,0,2989,2919,70,0.00000,1.80513
534F4C31,7444,63323530,0,2995,2919,76,0.00000,1.95985
534F4C31,7445,63328520,0,2993,2918,75,0.00000,1.93407
534F4C31,7445,63334851,0,2997,2918,79,0.00000,2.03722
534F4C31,7445,63339950,0,2997,2920,77,0.00000,1.98564
534F4C31,7446,63343545,0,2996,2917,79,0.00000,2.03722
534F4C31,7447,63348942,0,2997,2920,77,0.00000,1.98564
534F4C31,7447,63353870,0,2996,2923,73,0.00000,1.88249
534F4C31,7448,63358541,0,2990,2919,71,0.00000,1.83092
534F4C31,7449,63364033,0,2992,2919,73,0.00000,1.88249
534F4C31,7450,63369361,0,2994,2921,73,0.00000,1.88249
534F4C31,7450,63373573,0,2998,2920,78,0.00000,2.01143
534F4C31,7450,63378521,0,2992,2922,70,0.00000,1.80513
534F4C31,7451,63383530,0,2992,2920,72,0.00000,1.85670
534F4C31,7452,63388570,0,2994,2924,70,0.00000,1.80513
534F4C31,7452,63393547,0,2995,2922,73,0.00000,1.88249
534F4C31,7453,63398546,0,2995,2919,76,0.00000,1.95985
534F4C31,7453,63403569,0,2993,2921,72,0.00000,1.85670
534F4C31,7454,63408547,0,2990,2922,68,0.00000,1.75355
534F4C31,7455,63413567,0,2990,2920,70,0.00000,1.80513
534F4C31,7455,63419135,0,2995,2920,75,0.00000,1.93407
534F4C31,7455,63423677,0,2991,2920,71,0.00000,1.83092
534F4C31,7456,63428545,0,2998,2920,78,0.00000,2.01143
534F4C31,7456,63433532,0,2989,2922,67,0.00000,1.72777
534F4C31,7456,63438526,0,2987,2921,66,0.00000,1.70198
534F4C31,7457,63443550,0,2991,2920,71,0.00000,1.83092
534F4C31,7458,63448533,0,2993,2921,72,0.00000,1.85670
534F4C31,7458,63453530,0,2985,2921,64,0.00000,1.65040
534F4C31,7459,63458551,0,2993,2919,74,0.00000,1.90828
534F4C31,7460,63463695,0,2993,2920,73,0.00000,1.88249
534F4C31,7460,63468533,0,2993,2920,73,0.00000,1.88249
534F4C31,7460,63473731,0,2997,2920,77,0.00000,1.98564
534F4C31,7460,63478557,0,2991,2920,71,0.00000,1.83092
534F4C31,7460,63483526,0,2995,2922,73,0.00000,1.88249
534F4C31,7461,63488633,0,2994,2923,71,0.00000,1.83092
534F4C31,7461,63493528,0,2995,2921,74,0.00000,1.90828
534F4C31,7462,63498556,0,2987,2923,64,0.00000,1.65040
534F4C31,7462,63503530,0,2989,2919,70,0.00000,1.80513
534F4C31,7463,63508523,0,2990,2920,70,0.00000,1.80513
534F4C31,7464,63513529,0,2999,2920,79,0.00000,2.03722
534F4C31,7464,63518511,0,2997,2923,74,0.00000,1.90828
534F4C31,7465,63523561,0,2992,2922,70,0.00000,1.80513
534F4C31,7466,63529681,0,2996,2917,79,0.00000,2.03722
534F4C31,7466,63533801,0,2996,2920,76,0.00000,1.95985
534F4C31,7466,63538522,0,2993,2916,77,0.00000,1.98564
534F4C31,7467,63543520,0,2992,2922,70,0.00000,1.80513
534F4C31,7467,63548972,0,2989,2920,69,0.00000,1.77934
534F4C31,7468,63553516,0,2994,2920,74,0.00000,1.90828
534F4C31,7469,63559010,0,2992,2920,72,0.00000,1.85670
534F4C31,7470,63564094,0,2995,2919,76,0.00000,1.95985
534F4C31,7470,63568518,0,2994,2921,73,0.00000,1.88249
534F4C31,7470,63573592,0,2993,2921,72,0.00000,1.85670
534F4C31,7470,63578527,0,2988,2918,70,0.00000,1.80513
534F4C31,7471,63583547,0,2996,2922,74,0.00000,1.90828
534F4C31,7472,63589317,0,2997,2919,78,0.00000,2.01143
534F4C31,7472,63593535,0,2993,2921,72,0.00000,1.85670
534F4C31,7473,63599172,0,2993,2921,72,0.00000,1.85670
534F4C31,7474,63603686,0,2995,2921,74,0.00000,1.90828
534F4C31,7474,63608516,0,2994,2921,73,0.00000,1.88249
534F4C31,7475,63613852,0,2990,2921,69,0.00000,1.77934
534F4C31,7475,63618526,0,2993,2919,74,0.00000,1.90828
534F4C31,7476,63623569,0,2993,2917,76,0.00000,1.95985
534F4C31,7476,63628520,0,2998,2915,83,0.00000,2.14037
534F4C31,7476,63634210,0,2997,2920,77,0.00000,1.98564
534F4C31,7476,63638521,0,2992,2921,71,0.00000,1.83092
534F4C31,7477,63643867,0,2991,2918,73,0.00000,1.88249
534F4C31,7477,63648522,0,3001,2920,81,0.00000,2.08879
534F4C31,7477,63653526,0,2997,2919,78,0.00000,2.01143
534F4C31,7477,63658540,0,2995,2916,79,0.00000,2.03722
534F4C31,7478,63663524,0,2995,2918,77,0.00000,1.98564
534F4C31,7479,63668607,0,2990,2920,70,0.00000,1.80513
534F4C31,7480,63673596,0,2993,2917,76,0.00000,1.95985
534F4C31,7481,63678781,0,2996,2922,74,0.00000,1.90828
534F4C31,7482,63684650,0,2993,2918,75,0.00000,1.93407
534F4C31,7482,63689626,0,2997,2920,77,0.00000,1.98564
534F4C31,7482,63694193,0,2993,2918,75,0.00000,1.93407
534F4C31,7482,63698683,0,2994,2920,74,0.00000,1.90828
534F4C31,7482,63703518,0,2995,2918,77,0.00000,1.98564
534F4C31,7482,63708523,0,2989,2920,69,0.00000,1.77934
534F4C31,7483,63713538,0,2987,2915,72,0.00000,1.85670
534F4C31,7484,63718549,0,2995,2915,80,0.00000,2.06300
534F4C31,7485,63724716,0,2988,2914,74,0.00000,1.90828
534F4C31,7486,63728532,0,2997,2918,79,0.00000,2.03722
534F4C31,7487,63735786,0,2989,2917,72,0.00000,1.85670
534F4C31,7487,63739968,0,2989,2912,77,0.00000,1.98564
534F4C31,7487,63743530,0,2994,2918,76,0.00000,1.95985
534F4C31,7488,63748554,0,2986,2916,70,0.00000,1.80513
534F4C31,7489,63753535,0,2992,2913,79,0.00000,2.03722
534F4C31,7489,63758739,0,2993,2912,81,0.00000,2.08879
534F4C31,7489,63763531,0,2991,2916,75,0.00000,1.93407
534F4C31,7489,63768523,0,2993,2912,81,0.00000,2.08879
534F4C31,7489,63773529,0,2997,2916,81,0.00000,2.08879
534F4C31,7490,63778563,0,2992,2918,74,0.00000,1.90828
534F4C31,7491,63783761,0,2992,2913,79,0.00000,2.03722
534F4C31,7492,63788570,0,2994,2916,78,0.00000,2.01143
534F4C31,7492,63793719,0,2995,2915,80,0.00000,2.06300
534F4C31,7492,63798530,0,2994,2918,76,0.00000,1.95985
534F4C31,7493,63803528,0,2990,2919,71,0.00000,1.83092
534F4C31,7494,63808545,0,2988,2917,71,0.00000,1.83092
534F4C31,7495,63814039,0,2993,2918,75,0.00000,1.93407
534F4C31,7496,63818660,0,2993,2914,79,0.00000,2.03722
534F4C31,7496,63823536,0,2995,2913,82,0.00000,2.11458
534F4C31,7496,63828552,0,2992,2916,76,0.00000,1.95985
534F4C31,7496,63833515,0,2994,2914,80,0.00000,2.06300
534F4C31,7497,63838535,0,2987,2918,69,0.00000,1.77934
534F4C31,7498,63843633,0,2994,2917,77,0.00000,1.98564
534F4C31,7499,63848567,0,2998,2917,81,0.00000,2.08879
534F4C31,7500,63853549,0,2997,2915,82,0.00000,2.11458
534F4C31,7501,63858958,0,2998,2915,83,0.00000,2.14037
534F4C31,7501,63863519,0,2995,2918,77,0.00000,1.98564
534F4C31,7502,63869274,0,2996,2916,80,0.00000,2.06300
534F4C31,7503,63873524,0,2992,2916,76,0.00000,1.95985
534F4C31,7504,63878516,0,2993,2917,76,0.00000,1.95985
534F4C31,7505,63884214,0,2992,2917,75,0.00000,1.93407
534F4C31,7505,63888521,0,2994,2915,79,0.00000,2.03722
534F4C31,7505,63893530,0,2992,2913,79,0.00000,2.03722
534F4C31,7506,63899061,0,2992,2915,77,0.00000,1.98564
534F4C31,7507,63903519,0,2988,2916,72,0.00000,1.85670
534F4C31,7508,63908568,0,2992,2915,77,0.00000,1.98564
534F4C31,7508,63914242,0,2988,2912,76,0.00000,1.95985
534F4C31,7508,63918647,0,2988,2915,73,0.00000,1.88249
534F4C31,7508,63923520,0,2990,2914,76,0.00000,1.95985
534F4C31,7509,63928800,0,2992,2913,79,0.00000,2.03722
534F4C31,7510,63933529,0,2992,2914,78,0.00000,2.01143
534F4C31,7510,63938677,0,2992,2916,76,0.00000,1.95985
534F4C31,7510,63943533,0,2992,2917,75,0.00000,1.93407
534F4C31,7510,63948522,0,2988,2914,74,0.00000,1.90828
534F4C31,7511,63953523,0,2989,2918,71,0.00000,1.83092
534F4C31,7511,63958519,0,2988,2916,72,0.00000,1.85670
534F4C31,7511,63963554,0,2996,2915,81,0.00000,2.08879
534F4C31,7511,63968525,0,2992,2916,76,0.00000,1.95985
534F4C31,7511,63973539,0,2990,2915,75,0.00000,1.93407
534F4C31,7512,63978742,0,2987,2915,72,0.00000,1.85670
534F4C31,7512,63983522,0,2991,2915,76,0.00000,1.95985
534F4C31,7513,63988519,0,2994,2915,79,0.00000,2.03722
534F4C31,7513,63993520,0,2997,2917,80,0.00000,2.06300
534F4C31,7514,63999878,0,2992,2916,76,0.00000,1.95985
534F4C31,7515,64003733,0,2994,2912,82,0.00000,2.11458
534F4C31,7516,64008524,0,2988,2915,73,0.00000,1.88249
534F4C31,7516,64013518,0,2995,2914,81,0.00000,2.08879
534F4C31,7516,64018535,0,2990,2918,72,0.00000,1.85670
534F4C31,7517,64023534,0,2989,2918,71,0.00000,1.83092
534F4C31,7518,64028549,0,2990,2913,77,0.00000,1.98564
534F4C31,7519,64033534,0,2999,2916,83,0.00000,2.14037
534F4C31,7519,64039292,0,2995,2921,74,0.00000,1.90828
534F4C31,7519,64043536,0,2991,2917,74,0.00000,1.90828
534F4C31,7519,64048516,0,2992,2918,74,0.00000,1.90828
534F4C31,7520,64053683,0,2993,2917,76,0.00000,1.95985
534F4C31,7521,64058832,0,2992,2913,79,0.00000,2.03722
534F4C31,7521,64063538,0,2994,2917,77,0.00000,1.98564
534F4C31,7521,64068537,0,2991,2914,77,0.00000,1.98564
534F4C31,7522,64073535,0,2992,2915,77,0.00000,1.98564
534F4C31,7522,64078944,0,2997,2916,81,0.00000,2.08879
534F4C31,7523,64083518,0,2992,2916,76,0.00000,1.95985
534F4C31,7524,64088753,0,2991,2917,74,0.00000,1.90828
534F4C31,7525,64093572,0,2994,2914,80,0.00000,2.06300
534F4C31,7525,64099788,0,2990,2913,77,0.00000,1.98564
534F4C31,7525,64103541,0,2990,2918,72,0.00000,1.85670
534F4C31,7526,64108560,0,2998,2919,79,0.00000,2.03722
534F4C31,7527,64113906,0,2995,2918,77,0.00000,1.98564
534F4C31,7527,64119728,0,2993,2915,78,0.00000,2.01143
534F4C31,7528,64123542,0,2989,2916,73,0.00000,1.88249
534F4C31,7529,64128801,0,2992,2917,75,0.00000,1.93407
534F4C31,7530,64133526,0,2997,2916,81,0.00000,2.08879
534F4C31,7530,64138531,0,2997,2915,82,0.00000,2.11458
534F4C31,7530,64143520,0,2993,2914,79,0.00000,2.03722
534F4C31,7530,64148525,0,2988,2913,75,0.00000,1.93407
534F4C31,7531,64153564,0,2986,2914,72,0.00000,1.85670
534F4C31,7532,64158521,0,2994,2919,75,0.00000,1.93407
534F4C31,7532,64163549,0,2989,2915,74,0.00000,1.90828
534F4C31,7532,64168527,0,2995,2915,80,0.00000,2.06300
534F4C31,7533,64173548,0,2989,2918,71,0.00000,1.83092
534F4C31,7533,64178522,0,2996,2913,83,0.00000,2.14037
534F4C31,7533,64183540,0,2991,2915,76,0.00000,1.95985
534F4C31,7533,64188528,0,2992,2916,76,0.00000,1.95985
534F4C31,7533,64193539,0,2991,2914,77,0.00000,1.98564
534F4C31,7534,64198534,0,2994,2915,79,0.00000,2.03722
534F4C31,7535,64203544,0,2988,2919,69,0.00000,1.77934
534F4C31,7536,64208668,0,2994,2918,76,0.00000,1.95985
534F4C31,7537,64213531,0,2986,2920,66,0.00000,1.70198
534F4C31,7537,64219271,0,2988,2920,68,0.00000,1.75355
534F4C31,7537,64223986,0,2995,2915,80,0.00000,2.06300
534F4C31,7538,64228534,0,2992,2915,77,0.00000,1.98564
534F4C31,7539,64233542,0,2994,2917,77,0.00000,1.98564
534F4C31,7540,64239310,0,2998,2914,84,0.00000,2.16615
534F4C31,7540,64244408,0,2990,2915,75,0.00000,1.93407
534F4C31,7541,64248833,0,2986,2915,71,0.00000,1.83092
534F4C31,7541,64253591,0,2988,2913,75,0.00000,1.93407
534F4C31,7541,64259440,0,2991,2919,72,0.00000,1.85670
534F4C31,7541,64263532,0,2997,2916,81,0.00000,2.08879
534F4C31,7542,64268557,0,2995,2917,78,0.00000,2.01143
534F4C31,7542,64273520,0,2992,2915,77,0.00000,1.98564
534F4C31,7543,64278573,0,2992,2912,80,0.00000,2.06300
534F4C31,7544,64283654,0,2993,2916,77,0.00000,1.98564
534F4C31,7544,64288520,0,2995,2916,79,0.00000,2.03722
534F4C31,7544,64293534,0,2992,2916,76,0.00000,1.95985
534F4C31,7544,64298526,0,2991,2912,79,0.00000,2.03722
534F4C31,7545,64303566,0,2992,2915,77,0.00000,1.98564
534F4C31,7546,64308707,0,2995,2919,76,0.00000,1.95985
534F4C31,7547,64313550,0,2999,2918,81,0.00000,2.08879
534F4C31,7548,64318522,0,2992,2916,76,0.00000,1.95985
534F4C31,7549,64323857,0,2994,2917,77,0.00000,1.98564
534F4C31,7550,64328520,0,2997,2919,78,0.00000,2.01143
534F4C31,7550,64335168,0,2994,2917,77,0.00000,1.98564
534F4C31,7550,64338900,0,2994,2914,80,0.00000,2.06300
534F4C31,7550,64343530,0,2992,2914,78,0.00000,2.01143
534F4C31,7550,64348534,0,2993,2917,76,0.00000,1.95985
534F4C31,7551,64353735,0,2996,2915,81,0.00000,2.08879
534F4C31,7551,64358533,0,2993,2912,81,0.00000,2.08879
534F4C31,7552,64363912,0,2993,2916,77,0.00000,1.98564
534F4C31,7553,64368515,0,2997,2915,82,0.00000,2.11458
534F4C31,7553,64373676,0,2989,2915,74,0.00000,1.90828
534F4C31,7553,64378517,0,2994,2916,78,0.00000,2.01143
534F4C31,7553,64383758,0,2993,2917,76,0.00000,1.95985
534F4C31,7553,64388522,0,2996,2916,80,0.00000,2.06300
534F4C31,7554,64393592,0,2992,2916,76,0.00000,1.95985
534F4C31,7555,64398795,0,2993,2915,78,0.00000,2.01143
534F4C31,7556,64403554,0,2994,2913,81,0.00000,2.08879
534F4C31,7557,64409019,0,2990,2913,77,0.00000,1.98564
534F4C31,7557,64413522,0,2994,2913,81,0.00000,2.08879
534F4C31,7557,64418517,0,2987,2912,75,0.00000,1.93407
534F4C31,7558,64423536,0,2999,2911,88,0.00000,2.26930
534F4C31,7559,64428574,0,2994,2911,83,0.00000,2.14037
534F4C31,7560,64433521,0,2996,2913,83,0.00000,2.14037
534F4C31,7560,64438515,0,2998,2909,89,0.00000,2.29509
534F4C31,7560,64443519,0,2997,2913,84,0.00000,2.16615
534F4C31,7561,64448563,0,2990,2912,78,0.00000,2.01143
534F4C31,7561,64453525,0,2995,2912,83,0.00000,2.14037
534F4C31,7562,64459045,0,2996,2912,84,0.00000,2.16615
534F4C31,7563,64464293,0,2999,2912,87,0.00000,2.24352
534F4C31,7563,64468558,0,2990,2912,78,0.00000,2.01143
534F4C31,7564,64473525,0,2994,2912,82,0.00000,2.11458
534F4C31,7564,64478541,0,2998,2912,86,0.00000,2.21773
534F4C31,7564,64483540,0,2990,2913,77,0.00000,1.98564
534F4C31,7564,64488520,0,2989,2913,76,0.00000,1.95985
534F4C31,7565,64493533,0,2993,2910,83,0.00000,2.14037
534F4C31,7565,64498548,0,2988,2914,74,0.00000,1.90828
534F4C31,7566,64503529,0,2994,2911,83,0.00000,2.14037
534F4C31,7567,64508624,0,2995,2911,84,0.00000,2.16615
534F4C31,7568,64513640,0,2991,2907,84,0.00000,2.16615
534F4C31,7568,64518521,0,2991,2910,81,0.00000,2.08879
534F4C31,7569,64523695,0,2992,2910,82,0.00000,2.11458
534F4C31,7569,64528535,0,2990,2912,78,0.00000,2.01143
534F4C31,7570,64533548,0,2995,2913,82,0.00000,2.11458
534F4C31,7571,64538527,0,2992,2913,79,0.00000,2.03722
534F4C31,7571,64543522,0,2996,2909,87,0.00000,2.24352
534F4C31,7571,64548556,0,2993,2911,82,0.00000,2.11458
534F4C31,7571,64553878,0,2994,2912,82,0.00000,2.11458
534F4C31,7572,64558557,0,2997,2912,85,0.00000,2.19194
534F4C31,7573,64563528,0,2990,2912,78,0.00000,2.01143
534F4C31,7574,64569080,0,2993,2912,81,0.00000,2.08879
534F4C31,7575,64574942,0,2994,2912,82,0.00000,2.11458
534F4C31,7575,64579464,0,2993,2913,80,0.00000,2.06300
534F4C31,7575,64583529,0,2996,2914,82,0.00000,2.11458
534F4C31,7575,64588520,0,2993,2911,82,0.00000,2.11458
534F4C31,7576,64593529,0,2995,2913,82,0.00000,2.11458
534F4C31,7577,64599334,0,2993,2913,80,0.00000,2.06300
534F4C31,7577,64603985,0,2998,2911,87,0.00000,2.24352
534F4C31,7577,64608699,0,2993,2912,81,0.00000,2.08879
534F4C31,7577,64613518,0,2994,2914,80,0.00000,2.06300
534F4C31,7577,64618519,0,2992,2913,79,0.00000,2.03722
534F4C31,7578,64623536,0,2993,2914,79,0.00000,2.03722
534F4C31,7579,64628785,0,2997,2910,87,0.00000,2.24352
534F4C31,7580,64634650,0,2996,2911,85,0.00000,2.19194
534F4C31,7580,64639089,0,2991,2915,76,0.00000,1.95985
534F4C31,7581,64643971,0,2994,2913,81,0.00000,2.08879
534F4C31,7582,64649531,0,2992,2910,82,0.00000,2.11458
534F4C31,7583,64653833,0,2997,2912,85,0.00000,2.19194
534F4C31,7583,64658658,0,2993,2915,78,0.00000,2.01143
534F4C31,7583,64663522,0,2994,2912,82,0.00000,2.11458
534F4C31,7583,64668534,0,2993,2915,78,0.00000,2.01143
534F4C31,7583,64673527,0,2990,2914,76,0.00000,1.95985
534F4C31,7583,64678527,0,2995,2912,83,0.00000,2.14037
534F4C31,7584,64683574,0,2992,2914,78,0.00000,2.01143
534F4C31,7585,64688524,0,2993,2910,83,0.00000,2.14037
534F4C31,7586,64694000,0,2999,2918,81,0.00000,2.08879
534F4C31,7587,64699126,0,2995,2911,84,0.00000,2.16615
534F4C31,7588,64703551,0,2993,2915,78,0.00000,2.01143
534F4C31,7589,64708561,0,2990,2911,79,0.00000,2.03722
534F4C31,7590,64713734,0,2991,2912,79,0.00000,2.03722
534F4C31,7591,64718568,0,2990,2909,81,0.00000,2.08879
534F4C31,7592,64723821,0,2989,2912,77,0.00000,1.98564
534F4C31,7592,64728516,0,2996,2914,82,0.00000,2.11458
534F4C31,7593,64733875,0,2991,2913,78,0.00000,2.01143
534F4C31,7593,64738522,0,2992,2911,81,0.00000,2.08879
534F4C31,7593,64743519,0,2995,2914,81,0.00000,2.08879
534F4C31,7594,64748524,0,2990,2911,79,0.00000,2.03722
534F4C31,7594,64753516,0,2989,2909,80,0.00000,2.06300
534F4C31,7595,64758557,0,2996,2913,83,0.00000,2.14037
534F4C31,7596,64763532,0,2991,2912,79,0.00000,2.03722
534F4C31,7596,64768696,0,2993,2915,78,0.00000,2.01143
534F4C31,7596,64774009,0,2996,2912,84,0.00000,2.16615
534F4C31,7597,64778673,0,2994,2913,81,0.00000,2.08879
534F4C31,7597,64783529,0,3000,2912,88,0.00000,2.26930
534F4C31,7597,64788526,0,2994,2916,78,0.00000,2.01143
534F4C31,7597,64793522,0,2998,2915,83,0.00000,2.14037
534F4C31,7597,64798531,0,2997,2911,86,0.00000,2.21773
534F4C31,7597,64803529,0,2988,2909,79,0.00000,2.03722
534F4C31,7597,64808518,0,2990,2914,76,0.00000,1.95985
534F4C31,7598,64813560,0,2995,2916,79,0.00000,2.03722
534F4C31,7599,64818544,0,2996,2915,81,0.00000,2.08879
534F4C31,7600,64823535,0,2997,2911,86,0.00000,2.21773
534F4C31,7601,64828534,0,2993,2911,82,0.00000,2.11458
534F4C31,7602,64833819,0,2996,2909,87,0.00000,2.24352
534F4C31,7603,64838557,0,2994,2911,83,0.00000,2.14037
534F4C31,7604,64843533,0,2994,2912,82,0.00000,2.11458
534F4C31,7605,64848533,0,2993,2910,83,0.00000,2.14037
534F4C31,7606,64853534,0,2999,2910,89,0.00000,2.29509
534F4C31,7607,64858534,0,2994,2914,80,0.00000,2.06300
534F4C31,7608,64863554,0,2994,2913,81,0.00000,2.08879
534F4C31,7609,64868569,0,2991,2915,76,0.00000,1.95985
534F4C31,7610,64873562,0,2993,2911,82,0.00000,2.11458
534F4C31,7611,64878888,0,2996,2910,86,0.00000,2.21773
534F4C31,7612,64883518,0,2994,2908,86,0.00000,2.21773
534F4C31,7613,64888566,0,2997,2913,84,0.00000,2.16615
534F4C31,7613,64894671,0,2999,2911,88,0.00000,2.26930
534F4C31,7613,64899031,0,2995,2912,83,0.00000,2.14037
534F4C31,7614,64903520,0,2995,2910,85,0.00000,2.19194
534F4C31,7614,64908702,0,2996,2914,82,0.00000,2.11458
534F4C31,7614,64913530,0,2989,2914,75,0.00000,1.93407
534F4C31,7615,64918553,0,3000,2909,91,0.00000,2.34667
534F4C31,7616,64923519,0,2997,2910,87,0.00000,2.24352
534F4C31,7617,64928568,0,2990,2909,81,0.00000,2.08879
534F4C31,7618,64933818,0,2994,2916,78,0.00000,2.01143
534F4C31,7618,64938532,0,2993,2912,81,0.00000,2.08879
534F4C31,7618,64943913,0,2990,2911,79,0.00000,2.03722
534F4C31,7618,64948746,0,2995,2915,80,0.00000,2.06300
534F4C31,7619,64953518,0,2993,2910,83,0.00000,2.14037
534F4C31,7620,64958549,0,2995,2913,82,0.00000,2.11458
534F4C31,7621,64963543,0,2995,2914,81,0.00000,2.08879
534F4C31,7621,64969462,0,2993,2912,81,0.00000,2.08879
534F4C31,7621,64973518,0,2998,2908,90,0.00000,2.32088
534F4C31,7621,64978519,0,2997,2912,85,0.00000,2.19194
534F4C31,7622,64983534,0,2997,2913,84,0.00000,2.16615
534F4C31,7622,64988535,0,2997,2914,83,0.00000,2.14037
534F4C31,7623,64993538,0,2992,2916,76,0.00000,1.95985
534F4C31,7624,64998525,0,2996,2913,83,0.00000,2.14037
534F4C31,7625,65003520,0,2990,2912,78,0.00000,2.01143
534F4C31,7625,65008677,0,2994,2913,81,0.00000,2.08879
534F4C31,7625,65013545,0,3001,2914,87,0.00000,2.24352
534F4C31,7626,65018550,0,2996,2912,84,0.00000,2.16615
534F4C31,7626,65023520,0,2994,2912,82,0.00000,2.11458
534F4C31,7626,65028551,0,2997,2911,86,0.00000,2.21773
534F4C31,7626,65033518,0,2994,2910,84,0.00000,2.16615
534F4C31,7626,65038520,0,2994,2906,88,0.00000,2.26930
534F4C31,7627,65043536,0,2991,2907,84,0.00000,2.16615
534F4C31,7627,65048516,0,2994,2908,86,0.00000,2.21773
534F4C31,7627,65053534,0,2997,2907,90,0.00000,2.32088
534F4C31,7627,65058524,0,2993,2910,83,0.00000,2.14037
534F4C31,7627,65063520,0,2991,2910,81,0.00000,2.08879
534F4C31,7627,65068537,0,2992,2910,82,0.00000,2.11458
534F4C31,7628,65073570,0,2992,2910,82,0.00000,2.11458
534F4C31,7628,65078542,0,2990,2910,80,0.00000,2.06300
534F4C31,7629,65083537,0,2990,2908,82,0.00000,2.11458
534F4C31,7629,65088553,0,2995,2908,87,0.00000,2.24352
534F4C31,7630,65093537,0,2993,2910,83,0.00000,2.14037
534F4C31,7631,65099778,0,2994,2908,86,0.00000,2.21773
534F4C31,7631,65103856,0,2996,2909,87,0.00000,2.24352
534F4C31,7631,65108525,0,2993,2907,86,0.00000,2.21773
534F4C31,7632,65113643,0,2996,2911,85,0.00000,2.19194
534F4C31,7633,65118521,0,2992,2907,85,0.00000,2.19194
534F4C31,7633,65123528,0,2993,2909,84,0.00000,2.16615
534F4C31,7633,65128523,0,2998,2910,88,0.00000,2.26930
534F4C31,7633,65133534,0,2995,2913,82,0.00000,2.11458
534F4C31,7634,65138763,0,2996,2909,87,0.00000,2.24352
534F4C31,7635,65143521,0,2995,2911,84,0.00000,2.16615
534F4C31,7636,65148573,0,2994,2906,88,0.00000,2.26930
534F4C31,7637,65154461,0,2988,2910,78,0.00000,2.01143
534F4C31,7637,65159886,0,2996,2909,87,0.00000,2.24352
534F4C31,7637,65163528,0,2993,2908,85,0.00000,2.19194
534F4C31,7638,65168536,0,2994,2909,85,0.00000,2.19194
534F4C31,7639,65173529,0,3000,2913,87,0.00000,2.24352
534F4C31,7640,65178958,0,2997,2906,91,0.00000,2.34667
534F4C31,7640,65184510,0,2995,2909,86,0.00000,2.21773
534F4C31,7640,65188517,0,2996,2906,90,0.00000,2.32088
534F4C31,7640,65193530,0,2990,2910,80,0.00000,2.06300
534F4C31,7641,65198573,0,2995,2906,89,0.00000,2.29509
534F4C31,7642,65203530,0,2994,2908,86,0.00000,2.21773
534F4C31,7642,65209540,0,2998,2911,87,0.00000,2.24352
534F4C31,7642,65213517,0,2994,2909,85,0.00000,2.19194
534F4C31,7642,65218528,0,2999,2909,90,0.00000,2.32088
534F4C31,7642,65223521,0,2994,2909,85,0.00000,2.19194
534F4C31,7643,65228533,0,2995,2907,88,0.00000,2.26930
534F4C31,7644,65233758,0,2991,2910,81,0.00000,2.08879
534F4C31,7645,65239802,0,2998,2908,90,0.00000,2.32088
534F4C31,7645,65243559,0,2998,2905,93,0.00000,2.39824
534F4C31,7646,65248539,0,2991,2909,82,0.00000,2.11458
534F4C31,7647,65253573,0,2993,2909,84,0.00000,2.16615
534F4C31,7648,65258567,0,2992,2908,84,0.00000,2.16615
534F4C31,7648,65263531,0,2992,2911,81,0.00000,2.08879
534F4C31,7649,65269224,0,2987,2909,78,0.00000,2.01143
534F4C31,7650,65273523,0,2994,2907,87,0.00000,2.24352
534F4C31,7651,65278562,0,2996,2912,84,0.00000,2.16615
534F4C31,7652,65284342,0,2994,2910,84,0.00000,2.16615
534F4C31,7652,65292663,0,2997,2910,87,0.00000,2.24352
534F4C31,7652,65295201,0,2992,2908,84,0.00000,2.16615
534F4C31,7652,65298681,0,2989,2912,77,0.00000,1.98564
534F4C31,7652,65303518,0,2999,2908,91,0.00000,2.34667
534F4C31,7653,65308799,0,2991,2911,80,0.00000,2.06300
534F4C31,7653,65313558,0,2996,2911,85,0.00000,2.19194
534F4C31,7653,65318522,0,2994,2905,89,0.00000,2.29509
534F4C31,7654,65323560,0,3000,2911,89,0.00000,2.29509
534F4C31,7655,65328529,0,2996,2914,82,0.00000,2.11458
534F4C31,7655,65333749,0,2995,2909,86,0.00000,2.21773
534F4C31,7655,65338544,0,2990,2907,83,0.00000,2.14037
534F4C31,7656,65343570,0,2996,2910,86,0.00000,2.21773
534F4C31,7657,65348530,0,2991,2909,82,0.00000,2.11458
534F4C31,7657,65354804,0,2990,2908,82,0.00000,2.11458
534F4C31,7657,65358537,0,2995,2910,85,0.00000,2.19194
534F4C31,7657,65363534,0,2997,2908,89,0.00000,2.29509
534F4C31,7658,65369017,0,2994,2911,83,0.00000,2.14037
534F4C31,7658,65373698,0,2994,2909,85,0.00000,2.19194
534F4C31,7659,65378537,0,2994,2916,78,0.00000,2.01143
534F4C31,7659,65383658,0,2998,2907,91,0.00000,2.34667
534F4C31,7660,65388550,0,2999,2912,87,0.00000,2.24352
534F4C31,7660,65394199,0,2995,2912,83,0.00000,2.14037
534F4C31,7661,65398589,0,2995,2908,87,0.00000,2.24352
534F4C31,7662,65403614,0,2992,2905,87,0.00000,2.24352
534F4C31,7663,65409609,0,2994,2907,87,0.00000,2.24352
534F4C31,7663,65415094,0,2996,2910,86,0.00000,2.21773
534F4C31,7663,65418522,0,2998,2908,90,0.00000,2.32088
534F4C31,7664,65423552,0,2986,2909,77,0.00000,1.98564
534F4C31,7664,65428577,0,2990,2909,81,0.00000,2.08879
534F4C31,7665,65433569,0,2994,2911,83,0.00000,2.14037
534F4C31,7665,65438517,0,2988,2908,80,0.00000,2.06300
534F4C31,7665,65443548,0,2994,2908,86,0.00000,2.21773
534F4C31,7666,65448565,0,2993,2910,83,0.00000,2.14037
534F4C31,7666,65453530,0,2990,2910,80,0.00000,2.06300
534F4C31,7666,65458537,0,2988,2913,75,0.00000,1.93407
534F4C31,7667,65463553,0,3001,2910,91,0.00000,2.34667
534F4C31,7668,65469433,0,2991,2908,83,0.00000,2.14037
534F4C31,7669,65473698,0,2995,2906,89,0.00000,2.29509
534F4C31,7670,65479851,0,2990,2909,81,0.00000,2.08879
534F4C31,7670,65483932,0,3000,2907,93,0.00000,2.39824
534F4C31,7670,65489708,0,2990,2908,82,0.00000,2.11458
534F4C31,7670,65493528,0,2995,2911,84,0.00000,2.16615
534F4C31,7671,65498532,0,2993,2911,82,0.00000,2.11458
534F4C31,7671,65503519,0,2994,2909,85,0.00000,2.19194
534F4C31,7672,65508553,0,2991,2910,81,0.00000,2.08879
534F4C31,7673,65514272,0,2991,2912,79,0.00000,2.03722
534F4C31,7673,65519106,0,2995,2910,85,0.00000,2.19194
534F4C31,7674,65523574,0,2990,2909,81,0.00000,2.08879
534F4C31,7674,65529267,0,2995,2909,86,0.00000,2.21773
534F4C31,7675,65533556,0,2994,2907,87,0.00000,2.24352
534F4C31,7675,65538810,0,2986,2912,74,0.00000,1.90828
534F4C31,7676,65543561,0,3000,2907,93,0.00000,2.39824
534F4C31,7677,65548830,0,2989,2907,82,0.00000,2.11458
534F4C31,7677,65553534,0,2993,2904,89,0.00000,2.29509
534F4C31,7678,65558538,0,2994,2908,86,0.00000,2.21773
534F4C31,7679,65563535,0,2994,2908,86,0.00000,2.21773
534F4C31,7680,65568529,0,2998,2907,91,0.00000,2.34667
534F4C31,7680,65573526,0,2993,2910,83,0.00000,2.14037
534F4C31,7680,65578845,0,2998,2906,92,0.00000,2.37245
534F4C31,7680,65583520,0,2994,2909,85,0.00000,2.19194
534F4C31,7680,65588564,0,2989,2909,80,0.00000,2.06300
534F4C31,7681,65593573,0,2995,2904,91,0.00000,2.34667
534F4C31,7681,65598520,0,2991,2907,84,0.00000,2.16615
534F4C31,7682,65604119,0,2989,2906,83,0.00000,2.14037
534F4C31,7683,65608539,0,3001,2911,90,0.00000,2.32088
534F4C31,7684,65613562,0,2996,2912,84,0.00000,2.16615
534F4C31,7685,65618540,0,2999,2908,91,0.00000,2.34667
534F4C31,7686,65623532,0,2998,2911,87,0.00000,2.24352
534F4C31,7687,65628530,0,2998,2910,88,0.00000,2.26930
534F4C31,7688,65633532,0,2996,2908,88,0.00000,2.26930
534F4C31,7689,65638766,0,2988,2909,79,0.00000,2.03722
534F4C31,7690,65643532,0,2998,2912,86,0.00000,2.21773
534F4C31,7691,65648530,0,2996,2907,89,0.00000,2.29509
534F4C31,7692,65653532,0,2996,2907,89,0.00000,2.29509
534F4C31,7693,65658532,0,2994,2908,86,0.00000,2.21773
534F4C31,7694,65663534,0,2990,2909,81,0.00000,2.08879
534F4C31,7695,65668532,0,2994,2906,88,0.00000,2.26930
534F4C31,7696,65673638,0,2998,2901,97,0.00000,2.50139
534F4C31,7697,65678816,0,2991,2901,90,0.00000,2.32088
534F4C31,7698,65683520,0,2997,2906,91,0.00000,2.34667
534F4C31,7699,65690622,0,2991,2905,86,0.00000,2.21773
534F4C31,7699,65696438,0,2992,2904,88,0.00000,2.26930
534F4C31,7699,65700850,0,2992,2903,89,0.00000,2.29509
534F4C31,7700,65704034,0,2993,2908,85,0.00000,2.19194
534F4C31,7700,65709536,0,2995,2901,94,0.00000,2.42403
534F4C31,7700,65713520,0,2993,2902,91,0.00000,2.34667
534F4C31,7701,65718531,0,2994,2904,90,0.00000,2.32088
534F4C31,7702,65723536,0,2996,2905,91,0.00000,2.34667
534F4C31,7703,65728541,0,2991,2904,87,0.00000,2.24352
534F4C31,7703,65733678,0,2994,2904,90,0.00000,2.32088
534F4C31,7703,65738536,0,2997,2905,92,0.00000,2.37245
534F4C31,7703,65743518,0,2992,2906,86,0.00000,2.21773
534F4C31,7704,65748560,0,2993,2907,86,0.00000,2.21773
534F4C31,7704,65753519,0,2994,2902,92,0.00000,2.37245
534F4C31,7704,65758520,0,2991,2905,86,0.00000,2.21773
534F4C31,7704,65763518,0,2989,2904,85,0.00000,2.19194
534F4C31,7704,65768519,0,2996,2904,92,0.00000,2.37245
534F4C31,7704,65773519,0,2995,2904,91,0.00000,2.34667
534F4C31,7704,65778520,0,2993,2903,90,0.00000,2.32088
534F4C31,7705,65783809,0,2989,2903,86,0.00000,2.21773
534F4C31,7705,65788548,0,2994,2904,90,0.00000,2.32088
534F4C31,7706,65793518,0,2996,2904,92,0.00000,2.37245
534F4C31,7707,65798530,0,2995,2905,90,0.00000,2.32088
534F4C31,7707,65803517,0,2998,2903,95,0.00000,2.44982
534F4C31,7707,65808518,0,2989,2906,83,0.00000,2.14037
534F4C31,7708,65813533,0,2994,2905,89,0.00000,2.29509
534F4C31,7709,65819629,0,2997,2906,91,0.00000,2.34667
534F4C31,7709,65824143,0,2998,2905,93,0.00000,2.39824
534F4C31,7710,65828527,0,2990,2903,87,0.00000,2.24352
534F4C31,7710,65833519,0,2995,2905,90,0.00000,2.32088
534F4C31,7711,65838531,0,2991,2905,86,0.00000,2.21773
534F4C31,7712,65843542,0,2986,2903,83,0.00000,2.14037
534F4C31,7712,65848528,0,3002,2905,97,0.00000,2.50139
534F4C31,7712,65853530,0,2989,2904,85,0.00000,2.19194
534F4C31,7713,65858544,0,2994,2905,89,0.00000,2.29509
534F4C31,7713,65863531,0,2992,2904,88,0.00000,2.26930
534F4C31,7714,65868565,0,2990,2903,87,0.00000,2.24352
534F4C31,7714,65873522,0,2994,2905,89,0.00000,2.29509
534F4C31,7715,65879001,0,2996,2905,91,0.00000,2.34667
534F4C31,7716,65883518,0,2997,2907,90,0.00000,2.32088
534F4C31,7717,65888539,0,2994,2906,88,0.00000,2.26930
534F4C31,7718,65893604,0,2992,2904,88,0.00000,2.26930
534F4C31,7719,65898540,0,2990,2903,87,0.00000,2.24352
534F4C31,7720,65903565,0,2994,2904,90,0.00000,2.32088
534F4C31,7721,65908696,0,2988,2902,86,0.00000,2.21773
534F4C31,7722,65913929,0,2994,2904,90,0.00000,2.32088
534F4C31,7723,65918555,0,2999,2903,96,0.00000,2.47560
534F4C31,7724,65923545,0,2999,2907,92,0.00000,2.37245
534F4C31,7725,65928914,0,2992,2902,90,0.00000,2.32088
534F4C31,7726,65933551,0,2995,2904,91,0.00000,2.34667
534F4C31,7727,65938561,0,2990,2902,88,0.00000,2.26930
534F4C31,7728,65943532,0,2992,2902,90,0.00000,2.32088
534F4C31,7729,65948551,0,2998,2903,95,0.00000,2.44982
534F4C31,7730,65953563,0,2989,2903,86,0.00000,2.21773
534F4C31,7731,65958709,0,2984,2905,79,0.00000,2.03722
534F4C31,7732,65963567,0,2991,2906,85,0.00000,2.19194
534F4C31,7733,65968942,0,2995,2907,88,0.00000,2.26930
534F4C31,7733,65973792,0,2989,2905,84,0.00000,2.16615
534F4C31,7734,65978544,0,2988,2905,83,0.00000,2.14037
534F4C31,7735,65983603,0,2992,2905,87,0.00000,2.24352
534F4C31,7736,65989925,0,2994,2904,90,0.00000,2.32088
534F4C31,7737,65995751,0,2988,2906,82,0.00000,2.11458
534F4C31,7738,66002381,0,2991,2907,84,0.00000,2.16615
534F4C31,7739,66010217,0,2995,2904,91,0.00000,2.34667
534F4C31,7740,66016829,0,2993,2905,88,0.00000,2.26930
534F4C31,7741,66021901,0,2997,2903,94,0.00000,2.42403
534F4C31,7741,66026152,0,2992,2907,85,0.00000,2.19194
534F4C31,7741,66029193,0,2998,2905,93,0.00000,2.39824
534F4C31,7742,66033002,0,2991,2906,85,0.00000,2.19194
534F4C31,7743,66038734,0,2994,2902,92,0.00000,2.37245
534F4C31,7743,66044721,0,2991,2907,84,0.00000,2.16615
534F4C31,7743,66046969,0,2990,2906,84,0.00000,2.16615
534F4C31,7743,66050208,0,2998,2906,92,0.00000,2.37245
534F4C31,7743,66053524,0,2986,2908,78,0.00000,2.01143
534F4C31,7744,66058724,0,2996,2906,90,0.00000,2.32088
534F4C31,7744,66063534,0,2991,2903,88,0.00000,2.26930
534F4C31,7744,66068518,0,2994,2904,90,0.00000,2.32088
534F4C31,7745,66073538,0,2991,2903,88,0.00000,2.26930
534F4C31,7745,66078711,0,2992,2906,86,0.00000,2.21773
534F4C31,7746,66083561,0,2997,2904,93,0.00000,2.39824
534F4C31,7746,66088515,0,2995,2901,94,0.00000,2.42403
534F4C31,7746,66093519,0,2990,2906,84,0.00000,2.16615
534F4C31,7747,66098571,0,2999,2909,90,0.00000,2.32088
534F4C31,7747,66103531,0,2991,2905,86,0.00000,2.21773
534F4C31,7748,66108544,0,2991,2903,88,0.00000,2.26930
534F4C31,7748,66113516,0,2993,2905,88,0.00000,2.26930
534F4C31,7748,66118535,0,2992,2906,86,0.00000,2.21773
534F4C31,7748,66123518,0,2993,2904,89,0.00000,2.29509
534F4C31,7748,66128516,0,2991,2905,86,0.00000,2.21773
534F4C31,7749,66133647,0,2987,2905,82,0.00000,2.11458
534F4C31,7750,66138547,0,2994,2905,89,0.00000,2.29509
534F4C31,7751,66143925,0,2993,2904,89,0.00000,2.29509
534F4C31,7751,66148520,0,2994,2901,93,0.00000,2.39824
534F4C31,7752,66153537,0,2994,2903,91,0.00000,2.34667
534F4C31,7752,66158571,0,2992,2903,89,0.00000,2.29509
534F4C31,7753,66164020,0,2997,2905,92,0.00000,2.37245
534F4C31,7753,66168587,0,2994,2904,90,0.00000,2.32088
534F4C31,7753,66173528,0,2995,2903,92,0.00000,2.37245
534F4C31,7754,66178594,0,2995,2906,89,0.00000,2.29509
534F4C31,7755,66183562,0,2996,2907,89,0.00000,2.29509
534F4C31,7755,66188526,0,2995,2906,89,0.00000,2.29509
534F4C31,7755,66193863,0,2991,2904,87,0.00000,2.24352
534F4C31,7755,66198519,0,2992,2905,87,0.00000,2.24352
534F4C31,7755,66203516,0,2994,2907,87,0.00000,2.24352
534F4C31,7756,66208871,0,2998,2906,92,0.00000,2.37245
534F4C31,7757,66213561,0,2992,2905,87,0.00000,2.24352
534F4C31,7758,66218552,0,2993,2903,90,0.00000,2.32088
534F4C31,7758,66223541,0,2992,2906,86,0.00000,2.21773
534F4C31,7758,66228524,0,2990,2905,85,0.00000,2.19194
534F4C31,7759,66233619,0,2992,2906,86,0.00000,2.21773
534F4C31,7759,66238532,0,2991,2905,86,0.00000,2.21773
534F4C31,7759,66243518,0,2996,2907,89,0.00000,2.29509
534F4C31,7759,66248522,0,2992,2906,86,0.00000,2.21773
534F4C31,7760,66253534,0,2993,2904,89,0.00000,2.29509
534F4C31,7760,66258540,0,2996,2906,90,0.00000,2.32088
534F4C31,7761,66263598,0,2997,2907,90,0.00000,2.32088
534F4C31,7762,66268557,0,2991,2904,87,0.00000,2.24352
534F4C31,7763,66273554,0,2995,2906,89,0.00000,2.29509
534F4C31,7764,66278776,0,2998,2904,94,0.00000,2.42403
534F4C31,7765,66283531,0,2995,2903,92,0.00000,2.37245
534F4C31,7766,66288664,0,2994,2907,87,0.00000,2.24352
534F4C31,7767,66293539,0,2997,2904,93,0.00000,2.39824
534F4C31,7768,66298562,0,2992,2904,88,0.00000,2.26930
534F4C31,7769,66303942,0,2991,2902,89,0.00000,2.29509
534F4C31,7770,66308631,0,2996,2904,92,0.00000,2.37245
534F4C31,7770,66314260,0,2992,2903,89,0.00000,2.29509
534F4C31,7771,66318527,0,2994,2904,90,0.00000,2.32088
534F4C31,7772,66323530,0,2992,2904,88,0.00000,2.26930
534F4C31,7773,66328662,0,2994,2903,91,0.00000,2.34667
534F4C31,7774,66336627,0,2989,2905,84,0.00000,2.16615
534F4C31,7775,66341877,0,2997,2902,95,0.00000,2.44982
534F4C31,7776,66348131,0,2994,2900,94,0.00000,2.42403
534F4C31,7776,66353407,0,2996,2899,97,0.00000,2.50139
534F4C31,7777,66357048,0,2990,2899,91,0.00000,2.34667
534F4C31,7778,66360873,0,2993,2902,91,0.00000,2.34667
534F4C31,7779,66366031,0,2995,2902,93,0.00000,2.39824
534F4C31,7780,66370710,0,2991,2902,89,0.00000,2.29509
534F4C31,7780,66375797,0,2989,2899,90,0.00000,2.32088
534F4C31,7780,66380546,0,2992,2903,89,0.00000,2.29509
534F4C31,7780,66383522,0,2992,2900,92,0.00000,2.37245
534F4C31,7780,66388610,0,2994,2901,93,0.00000,2.39824
534F4C31,7781,66393564,0,2994,2898,96,0.00000,2.47560
534F4C31,7781,66398535,0,2993,2902,91,0.00000,2.34667
534F4C31,7782,66403885,0,2994,2899,95,0.00000,2.44982
534F4C31,7783,66408518,0,2994,2900,94,0.00000,2.42403
534F4C31,7784,66414291,0,2996,2902,94,0.00000,2.42403
534F4C31,7784,66420270,0,2993,2900,93,0.00000,2.39824
534F4C31,7785,66423534,0,2998,2900,98,0.00000,2.52718
534F4C31,7786,66429253,0,2994,2904,90,0.00000,2.32088
534F4C31,7786,66434536,0,2988,2902,86,0.00000,2.21773
534F4C31,7786,66438993,0,2993,2903,90,0.00000,2.32088
534F4C31,7787,66443541,0,2997,2903,94,0.00000,2.42403
534F4C31,7787,66448518,0,2996,2903,93,0.00000,2.39824
534F4C31,7787,66453559,0,2995,2903,92,0.00000,2.37245
534F4C31,7788,66458556,0,2993,2904,89,0.00000,2.29509
534F4C31,7788,66463520,0,2996,2901,95,0.00000,2.44982
534F4C31,7789,66468568,0,2989,2900,89,0.00000,2.29509
534F4C31,7790,66473560,0,3000,2902,98,0.00000,2.52718
534F4C31,7790,66478538,0,2990,2900,90,0.00000,2.32088
534F4C31,7790,66483538,0,2995,2902,93,0.00000,2.39824
534F4C31,7790,66488522,0,2998,2899,99,0.00000,2.55297
534F4C31,7790,66493520,0,2994,2902,92,0.00000,2.37245
534F4C31,7790,66498516,0,2992,2903,89,0.00000,2.29509
534F4C31,7791,66503525,0,2997,2902,95,0.00000,2.44982
534F4C31,7791,66508533,0,2990,2900,90,0.00000,2.32088
534F4C31,7791,66513526,0,2994,2904,90,0.00000,2.32088
534F4C31,7792,66518608,0,2990,2901,89,0.00000,2.29509
534F4C31,7793,66523555,0,2993,2903,90,0.00000,2.32088
534F4C31,7794,66528521,0,2991,2903,88,0.00000,2.26930
534F4C31,7794,66533861,0,2992,2900,92,0.00000,2.37245
534F4C31,7794,66538522,0,2993,2898,95,0.00000,2.44982
534F4C31,7795,66543555,0,2993,2899,94,0.00000,2.42403
534F4C31,7796,66548543,0,2995,2900,95,0.00000,2.44982
534F4C31,7796,66553527,0,2995,2902,93,0.00000,2.39824
534F4C31,7796,66558526,0,2992,2900,92,0.00000,2.37245
534F4C31,7797,66563566,0,2992,2898,94,0.00000,2.42403
534F4C31,7798,66568539,0,2995,2901,94,0.00000,2.42403
534F4C31,7799,66573532,0,2995,2897,98,0.00000,2.52718
534F4C31,7800,66578549,0,2994,2902,92,0.00000,2.37245
534F4C31,7800,66583657,0,2997,2901,96,0.00000,2.47560
534F4C31,7801,66588557,0,2991,2904,87,0.00000,2.24352
534F4C31,7801,66593533,0,2993,2899,94,0.00000,2.42403
534F4C31,7801,66598564,0,2993,2903,90,0.00000,2.32088
534F4C31,7802,66603534,0,2991,2900,91,0.00000,2.34667
534F4C31,7803,66608534,0,2999,2899,100,0.00000,2.57875
534F4C31,7804,66614525,0,2994,2901,93,0.00000,2.39824
534F4C31,7805,66618532,0,2992,2900,92,0.00000,2.37245
534F4C31,7806,66623907,0,2990,2899,91,0.00000,2.34667
534F4C31,7806,66629290,0,2992,2900,92,0.00000,2.37245
534F4C31,7806,66633971,0,2992,2895,97,0.00000,2.50139
534F4C31,7806,66639553,0,2994,2899,95,0.00000,2.44982
534F4C31,7807,66643893,0,2997,2899,98,0.00000,2.52718
534F4C31,7808,66648535,0,2992,2900,92,0.00000,2.37245
534F4C31,7808,66653958,0,2994,2898,96,0.00000,2.47560
534F4C31,7808,66658553,0,2992,2902,90,0.00000,2.32088
534F4C31,7808,66663521,0,3000,2900,100,0.00000,2.57875
534F4C31,7808,66668518,0,2995,2899,96,0.00000,2.47560
534F4C31,7809,66673530,0,2991,2900,91,0.00000,2.34667
534F4C31,7809,66678537,0,2992,2905,87,0.00000,2.24352
534F4C31,7809,66683535,0,2999,2903,96,0.00000,2.47560
534F4C31,7809,66688526,0,2991,2903,88,0.00000,2.26930
534F4C31,7810,66693532,0,2992,2901,91,0.00000,2.34667
534F4C31,7811,66698532,0,2988,2901,87,0.00000,2.24352
534F4C31,7812,66703538,0,2992,2899,93,0.00000,2.39824
534F4C31,7812,66709806,0,2993,2900,93,0.00000,2.39824
534F4C31,7812,66713517,0,2992,2903,89,0.00000,2.29509
534F4C31,7812,66718522,0,2992,2903,89,0.00000,2.29509
534F4C31,7813,66723536,0,2993,2899,94,0.00000,2.42403
534F4C31,7814,66729777,0,2990,2903,87,0.00000,2.24352
534F4C31,7814,66734658,0,2993,2899,94,0.00000,2.42403
534F4C31,7814,66738554,0,2990,2902,88,0.00000,2.26930
534F4C31,7815,66743559,0,2991,2900,91,0.00000,2.34667
534F4C31,7815,66748597,0,2992,2900,92,0.00000,2.37245
534F4C31,7815,66753523,0,2992,2898,94,0.00000,2.42403
534F4C31,7816,66758777,0,2993,2900,93,0.00000,2.39824
534F4C31,7816,66763519,0,2998,2900,98,0.00000,2.52718
534F4C31,7817,66768590,0,2997,2900,97,0.00000,2.50139
534F4C31,7818,66773541,0,2993,2898,95,0.00000,2.44982
534F4C31,7819,66778516,0,2992,2901,91,0.00000,2.34667
534F4C31,7819,66783537,0,2995,2904,91,0.00000,2.34667
534F4C31,7819,66788520,0,2994,2902,92,0.00000,2.37245
534F4C31,7819,66793520,0,2994,2902,92,0.00000,2.37245
534F4C31,7820,66798531,0,2993,2901,92,0.00000,2.37245
534F4C31,7820,66803555,0,2993,2901,92,0.00000,2.37245
534F4C31,7820,66808527,0,2992,2902,90,0.00000,2.32088
534F4C31,7821,66813524,0,2994,2902,92,0.00000,2.37245
534F4C31,7821,66819026,0,2991,2900,91,0.00000,2.34667
534F4C31,7821,66823523,0,2989,2898,91,0.00000,2.34667
534F4C31,7821,66828532,0,2994,2899,95,0.00000,2.44982
534F4C31,7821,66833518,0,2993,2903,90,0.00000,2.32088
534F4C31,7822,66838550,0,2995,2901,94,0.00000,2.42403
534F4C31,7823,66843536,0,2991,2897,94,0.00000,2.42403
534F4C31,7824,66848575,0,2992,2901,91,0.00000,2.34667
534F4C31,7825,66853566,0,2994,2902,92,0.00000,2.37245
534F4C31,7826,66858527,0,2993,2902,91,0.00000,2.34667
534F4C31,7827,66864068,0,2994,2900,94,0.00000,2.42403
534F4C31,7828,66868552,0,2989,2900,89,0.00000,2.29509
534F4C31,7829,66873553,0,2990,2902,88,0.00000,2.26930
534F4C31,7830,66878573,0,2993,2895,98,0.00000,2.52718
534F4C31,7831,66883707,0,2990,2901,89,0.00000,2.29509
534F4C31,7832,66888628,0,2993,2900,93,0.00000,2.39824
534F4C31,7833,66893852,0,2986,2901,85,0.00000,2.19194
534F4C31,7834,66898634,0,2993,2901,92,0.00000,2.37245
534F4C31,7835,66903557,0,2994,2900,94,0.00000,2.42403
534F4C31,7836,66908562,0,2998,2898,100,0.00000,2.57875
534F4C31,7837,66913530,0,2993,2900,93,0.00000,2.39824
534F4C31,7838,66918824,0,2994,2903,91,0.00000,2.34667
534F4C31,7839,66924364,0,2989,2899,90,0.00000,2.32088
534F4C31,7839,66928922,0,2998,2902,96,0.00000,2.47560
534F4C31,7840,66933603,0,2996,2899,97,0.00000,2.50139
534F4C31,7841,66938862,0,2991,2902,89,0.00000,2.29509
534F4C31,7842,66944866,0,2991,2899,92,0.00000,2.37245
534F4C31,7843,66949329,0,2992,2900,92,0.00000,2.37245
534F4C31,7844,66953540,0,2991,2899,92,0.00000,2.37245
534F4C31,7845,66959914,0,2993,2900,93,0.00000,2.39824
534F4C31,7846,66964941,0,2995,2897,98,0.00000,2.52718
534F4C31,7847,66969698,0,2995,2900,95,0.00000,2.44982
534F4C31,7848,66974670,0,2995,2900,95,0.00000,2.44982
534F4C31,7849,66980358,0,2992,2900,92,0.00000,2.37245
534F4C31,7850,66984972,0,2990,2899,91,0.00000,2.34667
534F4C31,7851,66989576,0,2988,2901,87,0.00000,2.24352
534F4C31,7852,66995725,0,2994,2901,93,0.00000,2.39824
534F4C31,7853,67000681,0,2992,2899,93,0.00000,2.39824
534F4C31,7854,67005174,0,2988,2896,92,0.00000,2.37245
534F4C31,7855,67013199,0,2992,2897,95,0.00000,2.44982
534F4C31,7856,67017692,0,2993,2894,99,0.00000,2.55297
534F4C31,7857,67023444,0,2990,2893,97,0.00000,2.50139
534F4C31,7858,67027591,0,2989,2899,90,0.00000,2.32088
534F4C31,7858,67033855,0,2992,2895,97,0.00000,2.50139
534F4C31,7858,67036889,0,2990,2894,96,0.00000,2.47560
534F4C31,7858,67039783,0,2992,2897,95,0.00000,2.44982
534F4C31,7859,67043539,0,2997,2893,104,0.00000,2.68190
534F4C31,7860,67048536,0,2994,2898,96,0.00000,2.47560
534F4C31,7860,67053526,0,2992,2900,92,0.00000,2.37245
534F4C31,7861,67058529,0,2996,2895,101,0.00000,2.60454
534F4C31,7861,67063535,0,2995,2892,103,0.00000,2.65612
534F4C31,7861,67068532,0,2992,2897,95,0.00000,2.44982
534F4C31,7862,67073716,0,2995,2898,97,0.00000,2.50139
534F4C31,7863,67078520,0,2992,2897,95,0.00000,2.44982
534F4C31,7863,67084260,0,2991,2897,94,0.00000,2.42403
534F4C31,7864,67089172,0,2992,2892,100,0.00000,2.57875
534F4C31,7864,67093994,0,2991,2893,98,0.00000,2.52718
534F4C31,7864,67098652,0,2990,2895,95,0.00000,2.44982
534F4C31,7865,67103522,0,2991,2894,97,0.00000,2.50139
534F4C31,7865,67108526,0,2996,2896,100,0.00000,2.57875
534F4C31,7866,67113553,0,2990,2897,93,0.00000,2.39824
534F4C31,7866,67118645,0,2994,2898,96,0.00000,2.47560
534F4C31,7866,67123536,0,2994,2897,97,0.00000,2.50139
534F4C31,7866,67128520,0,2993,2901,92,0.00000,2.37245
534F4C31,7866,67133524,0,2992,2895,97,0.00000,2.50139
534F4C31,7867,67138520,0,2993,2894,99,0.00000,2.55297
534F4C31,7867,67143536,0,2996,2900,96,0.00000,2.47560
534F4C31,7868,67148524,0,2988,2896,92,0.00000,2.37245
534F4C31,7869,67153531,0,2995,2894,101,0.00000,2.60454
534F4C31,7870,67158518,0,2996,2897,99,0.00000,2.55297
534F4C31,7870,67163521,0,2990,2894,96,0.00000,2.47560
534F4C31,7871,67168554,0,2996,2894,102,0.00000,2.63033
534F4C31,7871,67173526,0,2998,2894,104,0.00000,2.68190
534F4C31,7872,67178539,0,2997,2896,101,0.00000,2.60454
534F4C31,7872,67183559,0,2991,2896,95,0.00000,2.44982
534F4C31,7873,67188531,0,2997,2894,103,0.00000,2.65612
534F4C31,7873,67193540,0,2993,2896,97,0.00000,2.50139
534F4C31,7873,67198529,0,2994,2897,97,0.00000,2.50139
534F4C31,7873,67203522,0,2992,2899,93,0.00000,2.39824
534F4C31,7873,67208516,0,2993,2899,94,0.00000,2.42403
534F4C31,7873,67213520,0,2992,2900,92,0.00000,2.37245
534F4C31,7874,67218536,0,2992,2898,94,0.00000,2.42403
534F4C31,7874,67223530,0,2991,2895,96,0.00000,2.47560
534F4C31,7874,67228524,0,2990,2897,93,0.00000,2.39824
534F4C31,7874,67233520,0,2991,2898,93,0.00000,2.39824
534F4C31,7875,67238537,0,2993,2898,95,0.00000,2.44982
534F4C31,7875,67243519,0,2995,2899,96,0.00000,2.47560
534F4C31,7875,67248518,0,2997,2895,102,0.00000,2.63033
534F4C31,7875,67253524,0,2993,2899,94,0.00000,2.42403
534F4C31,7875,67258518,0,2994,2899,95,0.00000,2.44982
534F4C31,7875,67263522,0,2996,2896,100,0.00000,2.57875
534F4C31,7876,67268521,0,2996,2894,102,0.00000,2.63033
534F4C31,7876,67273546,0,2988,2897,91,0.00000,2.34667
534F4C31,7876,67278527,0,2993,2898,95,0.00000,2.44982
534F4C31,7876,67283526,0,2993,2896,97,0.00000,2.50139
534F4C31,7877,67288569,0,2997,2898,99,0.00000,2.55297
534F4C31,7877,67293597,0,2993,2893,100,0.00000,2.57875
534F4C31,7877,67298535,0,2991,2898,93,0.00000,2.39824
534F4C31,7878,67303555,0,2994,2897,97,0.00000,2.50139
534F4C31,7879,67308524,0,2992,2897,95,0.00000,2.44982
534F4C31,7880,67313548,0,2996,2898,98,0.00000,2.52718
534F4C31,7881,67318547,0,2997,2897,100,0.00000,2.57875
534F4C31,7882,67323551,0,2998,2894,104,0.00000,2.68190
534F4C31,7883,67328847,0,2991,2897,94,0.00000,2.42403
534F4C31,7884,67333526,0,2997,2896,101,0.00000,2.60454
534F4C31,7885,67338725,0,2993,2898,95,0.00000,2.44982
534F4C31,7886,67343573,0,2996,2896,100,0.00000,2.57875
534F4C31,7887,67348544,0,2989,2896,93,0.00000,2.39824
534F4C31,7888,67353512,0,2990,2897,93,0.00000,2.39824
534F4C31,7889,67359267,0,2992,2900,92,0.00000,2.37245
534F4C31,7890,67363803,0,2997,2897,100,0.00000,2.57875
534F4C31,7891,67368532,0,2993,2894,99,0.00000,2.55297
534F4C31,7892,67375556,0,2992,2899,93,0.00000,2.39824
534F4C31,7893,67378803,0,2989,2898,91,0.00000,2.34667
534F4C31,7894,67383718,0,2990,2901,89,0.00000,2.29509
534F4C31,7895,67388540,0,2991,2897,94,0.00000,2.42403
534F4C31,7896,67393551,0,2986,2897,89,0.00000,2.29509
534F4C31,7897,67398534,0,2991,2897,94,0.00000,2.42403
534F4C31,7898,67403572,0,2995,2898,97,0.00000,2.50139
534F4C31,7899,67408622,0,2991,2895,96,0.00000,2.47560
534F4C31,7900,67414447,0,2997,2895,102,0.00000,2.63033
534F4C31,7901,67428342,0,2994,2896,98,0.00000,2.52718
534F4C31,7901,67432922,0,2991,2893,98,0.00000,2.52718
534F4C31,7901,67436200,0,2988,2897,91,0.00000,2.34667
534F4C31,7901,67438404,0,2989,2897,92,0.00000,2.37245
534F4C31,7901,67440484,0,2993,2893,100,0.00000,2.57875
534F4C31,7901,67443519,0,2996,2894,102,0.00000,2.63033
534F4C31,7902,67448542,0,2994,2896,98,0.00000,2.52718
534F4C31,7903,67453517,0,2994,2899,95,0.00000,2.44982
534F4C31,7903,67459234,0,2996,2897,99,0.00000,2.55297
534F4C31,7903,67463540,0,2992,2895,97,0.00000,2.50139
534F4C31,7904,67468771,0,2994,2896,98,0.00000,2.52718
534F4C31,7905,67473820,0,2990,2898,92,0.00000,2.37245
534F4C31,7906,67478515,0,2991,2894,97,0.00000,2.50139
534F4C31,7906,67483526,0,2992,2895,97,0.00000,2.50139
534F4C31,7906,67488520,0,2988,2893,95,0.00000,2.44982
534F4C31,7907,67493555,0,2991,2896,95,0.00000,2.44982
534F4C31,7907,67498518,0,2992,2899,93,0.00000,2.39824
534F4C31,7908,67503540,0,2989,2895,94,0.00000,2.42403
534F4C31,7908,67508534,0,2995,2895,100,0.00000,2.57875
534F4C31,7908,67513535,0,2996,2899,97,0.00000,2.50139
534F4C31,7908,67518615,0,2995,2899,96,0.00000,2.47560
534F4C31,7908,67523520,0,2997,2898,99,0.00000,2.55297
534F4C31,7908,67528516,0,2988,2896,92,0.00000,2.37245
534F4C31,7908,67533523,0,2989,2897,92,0.00000,2.37245
534F4C31,7909,67538793,0,2996,2896,100,0.00000,2.57875
534F4C31,7909,67543543,0,2987,2895,92,0.00000,2.37245
534F4C31,7910,67548570,0,2995,2897,98,0.00000,2.52718
534F4C31,7911,67553553,0,2994,2900,94,0.00000,2.42403
534F4C31,7911,67558694,0,2995,2898,97,0.00000,2.50139
534F4C31,7911,67563544,0,2987,2899,88,0.00000,2.26930
534F4C31,7911,67568571,0,2998,2896,102,0.00000,2.63033
534F4C31,7912,67573518,0,2990,2895,95,0.00000,2.44982
534F4C31,7912,67578537,0,2995,2897,98,0.00000,2.52718
534F4C31,7912,67583519,0,2995,2892,103,0.00000,2.65612
534F4C31,7913,67588557,0,2996,2898,98,0.00000,2.52718
534F4C31,7914,67593518,0,2995,2897,98,0.00000,2.52718
534F4C31,7914,67598525,0,2994,2898,96,0.00000,2.47560
534F4C31,7914,67603527,0,2992,2897,95,0.00000,2.44982
534F4C31,7915,67608558,0,2996,2895,101,0.00000,2.60454
534F4C31,7915,67613536,0,2992,2896,96,0.00000,2.47560
534F4C31,7915,67618518,0,2989,2898,91,0.00000,2.34667
534F4C31,7915,67623518,0,2992,2897,95,0.00000,2.44982
534F4C31,7915,67628523,0,2995,2894,101,0.00000,2.60454
534F4C31,7915,67633523,0,2993,2895,98,0.00000,2.52718
534F4C31,7915,67638525,0,2992,2897,95,0.00000,2.44982
534F4C31,7915,67643559,0,2998,2900,98,0.00000,2.52718
534F4C31,7915,67648537,0,2993,2898,95,0.00000,2.44982
534F4C31,7916,67653571,0,2996,2895,101,0.00000,2.60454
534F4C31,7916,67658520,0,2995,2896,99,0.00000,2.55297
534F4C31,7917,67663537,0,2997,2901,96,0.00000,2.47560
534F4C31,7918,67668857,0,2994,2896,98,0.00000,2.52718
534F4C31,7919,67673525,0,2993,2897,96,0.00000,2.47560
534F4C31,7920,67678532,0,2993,2897,96,0.00000,2.47560
534F4C31,7921,67683523,0,2990,2896,94,0.00000,2.42403
534F4C31,7922,67688570,0,2992,2898,94,0.00000,2.42403
534F4C31,7923,67694698,0,2991,2901,90,0.00000,2.32088
534F4C31,7924,67698750,0,2995,2897,98,0.00000,2.52718
534F4C31,7925,67703782,0,2998,2897,101,0.00000,2.60454
534F4C31,7926,67708566,0,2990,2899,91,0.00000,2.34667
534F4C31,7927,67713859,0,2995,2892,103,0.00000,2.65612
534F4C31,7928,67718547,0,2993,2889,104,0.00000,2.68190
534F4C31,7928,67724334,0,2990,2891,99,0.00000,2.55297
534F4C31,7929,67729195,0,2993,2892,101,0.00000,2.60454
534F4C31,7930,67736197,0,2990,2890,100,0.00000,2.57875
534F4C31,7931,67741198,0,2992,2893,99,0.00000,2.55297
534F4C31,7932,67744683,0,2994,2891,103,0.00000,2.65612
534F4C31,7933,67750068,0,2990,2890,100,0.00000,2.57875
534F4C31,7933,67755400,0,2987,2891,96,0.00000,2.47560
534F4C31,7933,67758537,0,2995,2892,103,0.00000,2.65612
534F4C31,7934,67763552,0,2995,2891,104,0.00000,2.68190
534F4C31,7934,67768567,0,2988,2892,96,0.00000,2.47560
534F4C31,7934,67773534,0,2995,2892,103,0.00000,2.65612
534F4C31,7935,67778540,0,2996,2893,103,0.00000,2.65612
534F4C31,7935,67783522,0,2993,2890,103,0.00000,2.65612
534F4C31,7935,67788520,0,2995,2894,101,0.00000,2.60454
534F4C31,7935,67793527,0,2991,2894,97,0.00000,2.50139
534F4C31,7935,67798518,0,2996,2893,103,0.00000,2.65612
534F4C31,7935,67803518,0,2993,2894,99,0.00000,2.55297
534F4C31,7936,67808563,0,2992,2893,99,0.00000,2.55297
534F4C31,7936,67813532,0,2995,2890,105,0.00000,2.70769
534F4C31,7937,67818546,0,2992,2894,98,0.00000,2.52718
534F4C31,7938,67824597,0,2989,2895,94,0.00000,2.42403
534F4C31,7938,67828523,0,2999,2895,104,0.00000,2.68190
534F4C31,7938,67833528,0,2995,2891,104,0.00000,2.68190
534F4C31,7938,67838530,0,2989,2895,94,0.00000,2.42403
534F4C31,7939,67843577,0,2994,2891,103,0.00000,2.65612
534F4C31,7939,67848736,0,2995,2893,102,0.00000,2.63033
534F4C31,7939,67853570,0,2991,2894,97,0.00000,2.50139
534F4C31,7939,67858519,0,2996,2893,103,0.00000,2.65612
534F4C31,7939,67863516,0,2998,2889,109,0.00000,2.81084
534F4C31,7939,67868527,0,2995,2893,102,0.00000,2.63033
534F4C31,7939,67873520,0,2991,2892,99,0.00000,2.55297
534F4C31,7939,67878521,0,2993,2890,103,0.00000,2.65612
534F4C31,7939,67883517,0,2994,2897,97,0.00000,2.50139
534F4C31,7939,67888525,0,2994,2891,103,0.00000,2.65612
534F4C31,7939,67893521,0,2995,2892,103,0.00000,2.65612
534F4C31,7940,67898811,0,2995,2894,101,0.00000,2.60454
534F4C31,7941,67903520,0,2997,2893,104,0.00000,2.68190
534F4C31,7941,67909049,0,2991,2890,101,0.00000,2.60454
534F4C31,7941,67913516,0,2991,2889,102,0.00000,2.63033
534F4C31,7942,67919025,0,2994,2892,102,0.00000,2.63033
534F4C31,7943,67923523,0,2994,2891,103,0.00000,2.65612
534F4C31,7943,67928549,0,2992,2892,100,0.00000,2.57875
534F4C31,7944,67933535,0,2997,2894,103,0.00000,2.65612
534F4C31,7944,67938551,0,2990,2889,101,0.00000,2.60454
534F4C31,7945,67944027,0,2993,2893,100,0.00000,2.57875
534F4C31,7945,67948805,0,2997,2888,109,0.00000,2.81084
534F4C31,7945,67953523,0,2988,2890,98,0.00000,2.52718
534F4C31,7945,67958521,0,2993,2890,103,0.00000,2.65612
534F4C31,7945,67963889,0,2989,2891,98,0.00000,2.52718
534F4C31,7946,67968927,0,2998,2891,107,0.00000,2.75927
534F4C31,7947,67973519,0,2997,2892,105,0.00000,2.70769
534F4C31,7948,67978585,0,2990,2893,97,0.00000,2.50139
534F4C31,7948,67984035,0,2996,2895,101,0.00000,2.60454
534F4C31,7948,67989054,0,2987,2895,92,0.00000,2.37245
534F4C31,7949,67993546,0,2990,2892,98,0.00000,2.52718
534F4C31,7949,67998529,0,2993,2891,102,0.00000,2.63033
534F4C31,7950,68003556,0,2997,2891,106,0.00000,2.73348
534F4C31,7950,68008516,0,2991,2891,100,0.00000,2.57875
534F4C31,7951,68013527,0,2994,2894,100,0.00000,2.57875
534F4C31,7951,68018568,0,2996,2893,103,0.00000,2.65612
534F4C31,7951,68023555,0,2989,2894,95,0.00000,2.44982
534F4C31,7952,68028521,0,2991,2890,101,0.00000,2.60454
534F4C31,7953,68033535,0,2994,2893,101,0.00000,2.60454
534F4C31,7953,68038525,0,2996,2893,103,0.00000,2.65612
534F4C31,7954,68043621,0,2993,2894,99,0.00000,2.55297
534F4C31,7955,68050226,0,2992,2893,99,0.00000,2.55297
534F4C31,7955,68053889,0,2995,2890,105,0.00000,2.70769
534F4C31,7956,68059313,0,2994,2892,102,0.00000,2.63033
534F4C31,7957,68063538,0,2993,2893,100,0.00000,2.57875
534F4C31,7957,68068517,0,2993,2892,101,0.00000,2.60454
534F4C31,7957,68073520,0,2988,2893,95,0.00000,2.44982
534F4C31,7957,68078536,0,2990,2893,97,0.00000,2.50139
534F4C31,7957,68083534,0,2995,2894,101,0.00000,2.60454
534F4C31,7958,68089191,0,2994,2891,103,0.00000,2.65612
534F4C31,7959,68093663,0,2994,2894,100,0.00000,2.57875
534F4C31,7960,68099169,0,2992,2893,99,0.00000,2.55297
534F4C31,7960,68103531,0,2986,2890,96,0.00000,2.47560
534F4C31,7961,68108562,0,2989,2896,93,0.00000,2.39824
534F4C31,7962,68113971,0,3000,2894,106,0.00000,2.73348
534F4C31,7962,68118534,0,2994,2889,105,0.00000,2.70769
534F4C31,7963,68123523,0,2992,2893,99,0.00000,2.55297
534F4C31,7963,68128535,0,2992,2894,98,0.00000,2.52718
534F4C31,7964,68133527,0,2986,2891,95,0.00000,2.44982
534F4C31,7964,68138555,0,2990,2891,99,0.00000,2.55297
534F4C31,7964,68143646,0,2989,2892,97,0.00000,2.50139
534F4C31,7965,68148530,0,2993,2896,97,0.00000,2.50139
534F4C31,7966,68153556,0,2995,2897,98,0.00000,2.52718
534F4C31,7966,68158552,0,2995,2892,103,0.00000,2.65612
534F4C31,7966,68163722,0,2999,2892,107,0.00000,2.75927
534F4C31,7966,68168539,0,2995,2893,102,0.00000,2.63033
534F4C31,7966,68173521,0,2989,2892,97,0.00000,2.50139
534F4C31,7967,68178538,0,2995,2893,102,0.00000,2.63033
534F4C31,7968,68184029,0,2994,2892,102,0.00000,2.63033
534F4C31,7969,68188998,0,2991,2892,99,0.00000,2.55297
534F4C31,7970,68193889,0,2990,2894,96,0.00000,2.47560
534F4C31,7970,68198526,0,2987,2895,92,0.00000,2.37245
534F4C31,7970,68203519,0,2987,2891,96,0.00000,2.47560
534F4C31,7971,68208547,0,2991,2892,99,0.00000,2.55297
534F4C31,7972,68213511,0,2987,2889,98,0.00000,2.52718
534F4C31,7973,68219026,0,2994,2892,102,0.00000,2.63033
534F4C31,7974,68223546,0,2989,2892,97,0.00000,2.50139
534F4C31,7975,68228819,0,2992,2891,101,0.00000,2.60454
534F4C31,7976,68234001,0,2995,2892,103,0.00000,2.65612
534F4C31,7976,68239780,0,2994,2893,101,0.00000,2.60454
534F4C31,7977,68243569,0,2997,2895,102,0.00000,2.63033
534F4C31,7977,68248535,0,2991,2892,99,0.00000,2.55297
534F4C31,7977,68253567,0,2989,2889,100,0.00000,2.57875
534F4C31,7977,68258522,0,2991,2894,97,0.00000,2.50139
534F4C31,7978,68263524,0,2994,2891,103,0.00000,2.65612
534F4C31,7978,68268518,0,2988,2892,96,0.00000,2.47560
534F4C31,7978,68273558,0,2993,2890,103,0.00000,2.65612
534F4C31,7979,68279119,0,2989,2889,100,0.00000,2.57875
534F4C31,7980,68283530,0,2993,2890,103,0.00000,2.65612
534F4C31,7980,68288523,0,2992,2895,97,0.00000,2.50139
534F4C31,7980,68293560,0,2993,2894,99,0.00000,2.55297
534F4C31,7980,68298528,0,2993,2893,100,0.00000,2.57875
534F4C31,7980,68303533,0,2995,2890,105,0.00000,2.70769
534F4C31,7981,68308546,0,2990,2893,97,0.00000,2.50139
534F4C31,7982,68313551,0,2994,2892,102,0.00000,2.63033
534F4C31,7983,68319046,0,2992,2894,98,0.00000,2.52718
534F4C31,7984,68323592,0,2998,2889,109,0.00000,2.81084
534F4C31,7985,68328557,0,2995,2892,103,0.00000,2.65612
534F4C31,7986,68334246,0,2995,2890,105,0.00000,2.70769
534F4C31,7986,68338522,0,2997,2886,111,0.00000,2.86242
534F4C31,7987,68343523,0,2990,2891,99,0.00000,2.55297
534F4C31,7988,68349266,0,2998,2888,110,0.00000,2.83663
534F4C31,7989,68353527,0,2994,2887,107,0.00000,2.75927
534F4C31,7989,68360010,0,2992,2889,103,0.00000,2.65612
534F4C31,7990,68364780,0,2996,2887,109,0.00000,2.81084
534F4C31,7990,68368975,0,2993,2887,106,0.00000,2.73348
534F4C31,7990,68373564,0,2995,2888,107,0.00000,2.75927
534F4C31,7990,68378518,0,2993,2888,105,0.00000,2.70769
534F4C31,7990,68383534,0,2990,2889,101,0.00000,2.60454
534F4C31,7991,68388831,0,2994,2887,107,0.00000,2.75927
534F4C31,7992,68393533,0,2998,2889,109,0.00000,2.81084
534F4C31,7992,68398518,0,2997,2890,107,0.00000,2.75927
534F4C31,7992,68403554,0,2994,2889,105,0.00000,2.70769
534F4C31,7993,68408567,0,2991,2890,101,0.00000,2.60454
534F4C31,7993,68413539,0,2994,2887,107,0.00000,2.75927
534F4C31,7994,68418520,0,2996,2888,108,0.00000,2.78505
534F4C31,7994,68423568,0,2992,2892,100,0.00000,2.57875
534F4C31,7995,68429068,0,2993,2888,105,0.00000,2.70769
534F4C31,7995,68433549,0,2988,2886,102,0.00000,2.63033
534F4C31,7996,68438568,0,2990,2892,98,0.00000,2.52718
534F4C31,7997,68445148,0,2997,2888,109,0.00000,2.81084
534F4C31,7997,68448717,0,2991,2892,99,0.00000,2.55297
534F4C31,7998,68453718,0,2993,2888,105,0.00000,2.70769
534F4C31,7999,68458527,0,2992,2888,104,0.00000,2.68190
534F4C31,8000,68463871,0,2993,2887,106,0.00000,2.73348
534F4C31,8001,68469287,0,2992,2886,106,0.00000,2.73348
534F4C31,8001,68474335,0,2996,2889,107,0.00000,2.75927
534F4C31,8001,68479102,0,2994,2889,105,0.00000,2.70769
534F4C31,8001,68483562,0,2993,2889,104,0.00000,2.68190
534F4C31,8001,68488520,0,2989,2886,103,0.00000,2.65612
534F4C31,8002,68493896,0,2999,2887,112,0.00000,2.88821
534F4C31,8003,68498539,0,2990,2888,102,0.00000,2.63033
534F4C31,8003,68503518,0,2994,2891,103,0.00000,2.65612
534F4C31,8003,68508515,0,2992,2887,105,0.00000,2.70769
534F4C31,8003,68513518,0,2993,2887,106,0.00000,2.73348
534F4C31,8003,68518533,0,2992,2888,104,0.00000,2.68190
534F4C31,8004,68523538,0,2990,2887,103,0.00000,2.65612
534F4C31,8005,68528543,0,2998,2887,111,0.00000,2.86242
534F4C31,8006,68533788,0,2993,2891,102,0.00000,2.63033
534F4C31,8006,68538519,0,2995,2889,106,0.00000,2.73348
534F4C31,8007,68543557,0,2990,2892,98,0.00000,2.52718
534F4C31,8008,68548604,0,2992,2885,107,0.00000,2.75927
534F4C31,8009,68553520,0,2993,2890,103,0.00000,2.65612
534F4C31,8010,68558734,0,2994,2889,105,0.00000,2.70769
534F4C31,8010,68563873,0,2990,2888,102,0.00000,2.63033
534F4C31,8010,68569862,0,2996,2888,108,0.00000,2.78505
534F4C31,8010,68573532,0,2993,2892,101,0.00000,2.60454
534F4C31,8010,68578524,0,2996,2890,106,0.00000,2.73348
534F4C31,8010,68583519,0,2993,2887,106,0.00000,2.73348
534F4C31,8011,68588536,0,2993,2887,106,0.00000,2.73348
534F4C31,8012,68593538,0,2992,2882,110,0.00000,2.83663
534F4C31,8013,68599328,0,2993,2889,104,0.00000,2.68190
534F4C31,8013,68603572,0,2992,2887,105,0.00000,2.70769
534F4C31,8014,68608561,0,2995,2888,107,0.00000,2.75927
534F4C31,8014,68613529,0,2991,2888,103,0.00000,2.65612
534F4C31,8015,68618702,0,2995,2885,110,0.00000,2.83663
534F4C31,8016,68623522,0,2994,2890,104,0.00000,2.68190
534F4C31,8016,68628529,0,2996,2891,105,0.00000,2.70769
534F4C31,8017,68633528,0,2989,2890,99,0.00000,2.55297
534F4C31,8018,68639804,0,2994,2888,106,0.00000,2.73348
534F4C31,8019,68643706,0,2993,2889,104,0.00000,2.68190
534F4C31,8019,68648973,0,2991,2889,102,0.00000,2.63033
534F4C31,8019,68653519,0,2989,2891,98,0.00000,2.52718
534F4C31,8020,68658890,0,2991,2891,100,0.00000,2.57875
534F4C31,8021,68663539,0,2987,2891,96,0.00000,2.47560
534F4C31,8021,68669538,0,2995,2887,108,0.00000,2.78505
534F4C31,8021,68673519,0,2994,2885,109,0.00000,2.81084
534F4C31,8022,68678563,0,2990,2888,102,0.00000,2.63033
534F4C31,8023,68683542,0,2992,2884,108,0.00000,2.78505
534F4C31,8023,68688525,0,2994,2889,105,0.00000,2.70769
534F4C31,8024,68693532,0,2993,2887,106,0.00000,2.73348
534F4C31,8024,68698539,0,2995,2889,106,0.00000,2.73348
534F4C31,8024,68703518,0,2992,2887,105,0.00000,2.70769
534F4C31,8025,68708592,0,2994,2887,107,0.00000,2.75927
534F4C31,8025,68713647,0,2993,2885,108,0.00000,2.78505
534F4C31,8025,68718891,0,2995,2888,107,0.00000,2.75927
534F4C31,8025,68723557,0,2991,2887,104,0.00000,2.68190
534F4C31,8025,68728523,0,2995,2888,107,0.00000,2.75927
534F4C31,8026,68733539,0,2999,2889,110,0.00000,2.83663
534F4C31,8027,68738638,0,2992,2886,106,0.00000,2.73348
534F4C31,8028,68743511,0,2996,2888,108,0.00000,2.78505
534F4C31,8028,68748571,0,2993,2887,106,0.00000,2.73348
534F4C31,8028,68753516,0,2996,2891,105,0.00000,2.70769
534F4C31,8028,68758520,0,2996,2885,111,0.00000,2.86242
534F4C31,8029,68763560,0,2993,2887,106,0.00000,2.73348
534F4C31,8030,68768548,0,2993,2884,109,0.00000,2.81084
534F4C31,8030,68773518,0,2992,2889,103,0.00000,2.65612
534F4C31,8031,68778567,0,2992,2888,104,0.00000,2.68190
534F4C31,8031,68783530,0,2994,2891,103,0.00000,2.65612
534F4C31,8032,68788988,0,2990,2888,102,0.00000,2.63033
534F4C31,8032,68793518,0,2990,2887,103,0.00000,2.65612
534F4C31,8033,68798575,0,2995,2886,109,0.00000,2.81084
534F4C31,8034,68803519,0,2993,2891,102,0.00000,2.63033
534F4C31,8034,68809047,0,2991,2887,104,0.00000,2.68190
534F4C31,8034,68813520,0,2989,2886,103,0.00000,2.65612
534F4C31,8034,68818542,0,2996,2888,108,0.00000,2.78505
534F4C31,8035,68823537,0,2995,2890,105,0.00000,2.70769
534F4C31,8036,68829127,0,2994,2890,104,0.00000,2.68190
534F4C31,8037,68834211,0,2993,2887,106,0.00000,2.73348
534F4C31,8037,68839005,0,2994,2887,107,0.00000,2.75927
534F4C31,8037,68843527,0,2990,2883,107,0.00000,2.75927
534F4C31,8038,68848560,0,2995,2887,108,0.00000,2.78505
534F4C31,8038,68853544,0,2995,2888,107,0.00000,2.75927
534F4C31,8039,68859064,0,2994,2890,104,0.00000,2.68190
534F4C31,8039,68864100,0,2991,2887,104,0.00000,2.68190
534F4C31,8039,68868689,0,2992,2890,102,0.00000,2.63033
534F4C31,8040,68873658,0,2994,2889,105,0.00000,2.70769
534F4C31,8041,68878521,0,2992,2889,103,0.00000,2.65612
534F4C31,8041,68883866,0,2992,2890,102,0.00000,2.63033
534F4C31,8042,68888526,0,2993,2889,104,0.00000,2.68190
534F4C31,8043,68893572,0,2996,2886,110,0.00000,2.83663
534F4C31,8043,68898519,0,2994,2889,105,0.00000,2.70769
534F4C31,8044,68903605,0,2992,2890,102,0.00000,2.63033
534F4C31,8045,68908514,0,2995,2891,104,0.00000,2.68190
534F4C31,8046,68913641,0,2995,2888,107,0.00000,2.75927
534F4C31,8046,68919023,0,2996,2887,109,0.00000,2.81084
534F4C31,8046,68923525,0,2992,2886,106,0.00000,2.73348
534F4C31,8047,68928533,0,2996,2889,107,0.00000,2.75927
534F4C31,8048,68933790,0,2993,2889,104,0.00000,2.68190
534F4C31,8048,68938515,0,2991,2889,102,0.00000,2.63033
534F4C31,8048,68943729,0,2992,2887,105,0.00000,2.70769
534F4C31,8049,68949152,0,2990,2888,102,0.00000,2.63033
534F4C31,8049,68953518,0,2993,2889,104,0.00000,2.68190
534F4C31,8049,68958522,0,2996,2883,113,0.00000,2.91399
534F4C31,8049,68963534,0,2992,2891,101,0.00000,2.60454
534F4C31,8050,68968568,0,2990,2886,104,0.00000,2.68190
534F4C31,8051,68973681,0,2994,2893,101,0.00000,2.60454
534F4C31,8052,68978696,0,2989,2889,100,0.00000,2.57875
534F4C31,8052,68984012,0,2994,2890,104,0.00000,2.68190
534F4C31,8053,68988562,0,2993,2889,104,0.00000,2.68190
534F4C31,8054,68993763,0,2994,2887,107,0.00000,2.75927
534F4C31,8055,68998565,0,2996,2889,107,0.00000,2.75927
534F4C31,8056,69004176,0,2998,2889,109,0.00000,2.81084
534F4C31,8057,69008734,0,2994,2889,105,0.00000,2.70769
534F4C31,8058,69013537,0,2996,2888,108,0.00000,2.78505
534F4C31,8059,69018662,0,2994,2889,105,0.00000,2.70769
534F4C31,8059,69023522,0,2997,2887,110,0.00000,2.83663
534F4C31,8060,69028627,0,2995,2889,106,0.00000,2.73348
534F4C31,8061,69033530,0,2992,2885,107,0.00000,2.75927
534F4C31,8062,69038564,0,2994,2890,104,0.00000,2.68190
534F4C31,8063,69043967,0,2993,2888,105,0.00000,2.70769
534F4C31,8063,69048518,0,2990,2890,100,0.00000,2.57875
534F4C31,8063,69053567,0,2992,2887,105,0.00000,2.70769
534F4C31,8063,69058520,0,2994,2888,106,0.00000,2.73348
534F4C31,8063,69063532,0,2994,2890,104,0.00000,2.68190
534F4C31,8064,69068518,0,2993,2887,106,0.00000,2.73348
534F4C31,8065,69073776,0,2993,2885,108,0.00000,2.78505
534F4C31,8065,69078518,0,2987,2884,103,0.00000,2.65612
534F4C31,8065,69083532,0,2992,2882,110,0.00000,2.83663
534F4C31,8065,69088525,0,2991,2883,108,0.00000,2.78505
534F4C31,8065,69093535,0,2993,2882,111,0.00000,2.86242
534F4C31,8065,69098520,0,2987,2884,103,0.00000,2.65612
534F4C31,8065,69103527,0,2995,2881,114,0.00000,2.93978
534F4C31,8065,69108520,0,2992,2881,111,0.00000,2.86242
534F4C31,8065,69113520,0,2992,2884,108,0.00000,2.78505
534F4C31,8066,69118764,0,2989,2883,106,0.00000,2.73348
534F4C31,8067,69123556,0,2995,2882,113,0.00000,2.91399
534F4C31,8068,69128888,0,2999,2884,115,0.00000,2.96557
534F4C31,8069,69133801,0,2993,2887,106,0.00000,2.73348
534F4C31,8070,69138546,0,2998,2884,114,0.00000,2.93978
534F4C31,8070,69144403,0,2996,2884,112,0.00000,2.88821
534F4C31,8071,69148518,0,2994,2883,111,0.00000,2.86242
534F4C31,8071,69153960,0,2995,2888,107,0.00000,2.75927
534F4C31,8071,69158521,0,2994,2886,108,0.00000,2.78505
534F4C31,8071,69163565,0,2993,2884,109,0.00000,2.81084
534F4C31,8072,69168717,0,2997,2888,109,0.00000,2.81084
534F4C31,8073,69173558,0,2994,2885,109,0.00000,2.81084
534F4C31,8073,69178531,0,2994,2886,108,0.00000,2.78505
534F4C31,8074,69183532,0,2997,2884,113,0.00000,2.91399
534F4C31,8074,69188891,0,2987,2888,99,0.00000,2.55297
534F4C31,8075,69193524,0,2997,2885,112,0.00000,2.88821
534F4C31,8076,69201635,0,2990,2884,106,0.00000,2.73348
534F4C31,8077,69204482,0,2994,2884,110,0.00000,2.83663
534F4C31,8078,69208981,0,2990,2885,105,0.00000,2.70769
534F4C31,8078,69215741,0,2998,2885,113,0.00000,2.91399
534F4C31,8078,69220023,0,2994,2885,109,0.00000,2.81084
534F4C31,8078,69223518,0,2993,2885,108,0.00000,2.78505
534F4C31,8079,69228554,0,2992,2885,107,0.00000,2.75927
534F4C31,8080,69233739,0,2990,2881,109,0.00000,2.81084
534F4C31,8080,69238545,0,2988,2885,103,0.00000,2.65612
534F4C31,8081,69243759,0,2998,2881,117,0.00000,3.01714
534F4C31,8081,69248517,0,2993,2886,107,0.00000,2.75927
534F4C31,8081,69253530,0,2991,2886,105,0.00000,2.70769
534F4C31,8081,69258521,0,3000,2886,114,0.00000,2.93978
534F4C31,8082,69263534,0,2997,2886,111,0.00000,2.86242
534F4C31,8082,69268519,0,2992,2883,109,0.00000,2.81084
534F4C31,8083,69273532,0,2988,2886,102,0.00000,2.63033
534F4C31,8083,69278515,0,2992,2881,111,0.00000,2.86242
534F4C31,8084,69283921,0,2993,2888,105,0.00000,2.70769
534F4C31,8085,69288540,0,2993,2885,108,0.00000,2.78505
534F4C31,8085,69293535,0,2996,2881,115,0.00000,2.96557
534F4C31,8086,69298517,0,3000,2881,119,0.00000,3.06872
534F4C31,8087,69303534,0,2996,2877,119,0.00000,3.06872
534F4C31,8087,69310225,0,2993,2884,109,0.00000,2.81084
534F4C31,8087,69313520,0,2996,2883,113,0.00000,2.91399
534F4C31,8087,69318520,0,2992,2879,113,0.00000,2.91399
534F4C31,8088,69323521,0,2991,2885,106,0.00000,2.73348
534F4C31,8089,69328522,0,2995,2885,110,0.00000,2.83663
534F4C31,8090,69333759,0,2987,2880,107,0.00000,2.75927
534F4C31,8091,69338716,0,2993,2889,104,0.00000,2.68190
534F4C31,8091,69343707,0,2996,2883,113,0.00000,2.91399
534F4C31,8091,69348518,0,2991,2881,110,0.00000,2.83663
534F4C31,8091,69353530,0,2991,2884,107,0.00000,2.75927
534F4C31,8092,69358568,0,2998,2882,116,0.00000,2.99136
534F4C31,8092,69363527,0,2993,2880,113,0.00000,2.91399
534F4C31,8093,69368535,0,2989,2884,105,0.00000,2.70769
534F4C31,8093,69373532,0,2988,2879,109,0.00000,2.81084
534F4C31,8094,69378532,0,2995,2885,110,0.00000,2.83663
534F4C31,8095,69384793,0,2997,2887,110,0.00000,2.83663
534F4C31,8095,69389132,0,2990,2879,111,0.00000,2.86242
534F4C31,8095,69393634,0,2995,2885,110,0.00000,2.83663
534F4C31,8095,69398544,0,2991,2886,105,0.00000,2.70769
534F4C31,8096,69403567,0,2992,2880,112,0.00000,2.88821
534F4C31,8097,69408573,0,2992,2883,109,0.00000,2.81084
534F4C31,8098,69413526,0,2992,2884,108,0.00000,2.78505
534F4C31,8099,69418572,0,2991,2881,110,0.00000,2.83663
534F4C31,8100,69423552,0,2994,2883,111,0.00000,2.86242
534F4C31,8100,69428726,0,2989,2884,105,0.00000,2.70769
534F4C31,8101,69433517,0,2992,2885,107,0.00000,2.75927
534F4C31,8101,69438567,0,2991,2883,108,0.00000,2.78505
534F4C31,8102,69443555,0,2993,2887,106,0.00000,2.73348
534F4C31,8102,69449223,0,2996,2882,114,0.00000,2.93978
534F4C31,8102,69453565,0,2993,2882,111,0.00000,2.86242
534F4C31,8102,69458518,0,2998,2883,115,0.00000,2.96557
534F4C31,8102,69463526,0,2996,2886,110,0.00000,2.83663
534F4C31,8103,69468569,0,2994,2880,114,0.00000,2.93978
534F4C31,8104,69473560,0,2992,2881,111,0.00000,2.86242
534F4C31,8105,69478545,0,2998,2889,109,0.00000,2.81084
534F4C31,8106,69483572,0,2995,2881,114,0.00000,2.93978
534F4C31,8107,69489745,0,2992,2885,107,0.00000,2.75927
534F4C31,8107,69494037,0,2993,2885,108,0.00000,2.78505
534F4C31,8108,69498565,0,2995,2879,116,0.00000,2.99136
534F4C31,8108,69503520,0,2994,2883,111,0.00000,2.86242
534F4C31,8108,69508604,0,2997,2888,109,0.00000,2.81084
534F4C31,8108,69513527,0,2994,2882,112,0.00000,2.88821
534F4C31,8108,69518532,0,2990,2883,107,0.00000,2.75927
534F4C31,8108,69523521,0,2992,2885,107,0.00000,2.75927
534F4C31,8109,69528519,0,2992,2882,110,0.00000,2.83663
534F4C31,8110,69533535,0,2995,2882,113,0.00000,2.91399
534F4C31,8111,69538561,0,2991,2881,110,0.00000,2.83663
534F4C31,8112,69543825,0,2995,2884,111,0.00000,2.86242
534F4C31,8112,69548532,0,2991,2885,106,0.00000,2.73348
534F4C31,8113,69553912,0,2993,2886,107,0.00000,2.75927
534F4C31,8114,69558523,0,2994,2881,113,0.00000,2.91399
534F4C31,8114,69563538,0,2991,2884,107,0.00000,2.75927
534F4C31,8115,69568986,0,2994,2883,111,0.00000,2.86242
534F4C31,8115,69573534,0,2994,2881,113,0.00000,2.91399
534F4C31,8116,69578725,0,2994,2881,113,0.00000,2.91399
534F4C31,8116,69583851,0,2991,2880,111,0.00000,2.86242
534F4C31,8117,69588535,0,2992,2885,107,0.00000,2.75927
534F4C31,8117,69593529,0,2992,2884,108,0.00000,2.78505
534F4C31,8117,69598533,0,2992,2881,111,0.00000,2.86242
534F4C31,8118,69603522,0,2991,2879,112,0.00000,2.88821
534F4C31,8119,69608957,0,2995,2884,111,0.00000,2.86242
534F4C31,8120,69613534,0,2991,2885,106,0.00000,2.73348
534F4C31,8120,69619369,0,2992,2883,109,0.00000,2.81084
534F4C31,8120,69623522,0,2992,2882,110,0.00000,2.83663
534F4C31,8120,69628531,0,2996,2880,116,0.00000,2.99136
534F4C31,8120,69633524,0,2994,2881,113,0.00000,2.91399
534F4C31,8121,69639011,0,2992,2879,113,0.00000,2.91399
534F4C31,8122,69643566,0,2996,2884,112,0.00000,2.88821
534F4C31,8123,69648668,0,2998,2883,115,0.00000,2.96557
534F4C31,8123,69653525,0,2992,2885,107,0.00000,2.75927
534F4C31,8124,69658531,0,2996,2886,110,0.00000,2.83663
534F4C31,8125,69663632,0,2993,2883,110,0.00000,2.83663
534F4C31,8125,69668535,0,2995,2885,110,0.00000,2.83663
534F4C31,8125,69673530,0,2991,2885,106,0.00000,2.73348
534F4C31,8125,69678524,0,2996,2885,111,0.00000,2.86242
534F4C31,8126,69683780,0,2998,2879,119,0.00000,3.06872
534F4C31,8126,69688524,0,2997,2884,113,0.00000,2.91399
534F4C31,8127,69693919,0,2994,2884,110,0.00000,2.83663
534F4C31,8128,69700255,0,2995,2887,108,0.00000,2.78505
534F4C31,8128,69704276,0,2993,2880,113,0.00000,2.91399
534F4C31,8128,69708516,0,2994,2880,114,0.00000,2.93978
534F4C31,8128,69713550,0,2989,2884,105,0.00000,2.70769
534F4C31,8128,69718714,0,2990,2881,109,0.00000,2.81084
534F4C31,8129,69723534,0,2990,2880,110,0.00000,2.83663
534F4C31,8130,69729009,0,2990,2886,104,0.00000,2.68190
534F4C31,8131,69733536,0,2994,2885,109,0.00000,2.81084
534F4C31,8131,69738518,0,2993,2884,109,0.00000,2.81084
534F4C31,8132,69743771,0,2995,2882,113,0.00000,2.91399
534F4C31,8133,69748711,0,2989,2885,104,0.00000,2.68190
534F4C31,8134,69753534,0,2995,2881,114,0.00000,2.93978
534F4C31,8135,69758557,0,2995,2881,114,0.00000,2.93978
534F4C31,8136,69763527,0,2994,2883,111,0.00000,2.86242
534F4C31,8136,69769352,0,2995,2884,111,0.00000,2.86242
534F4C31,8136,69773519,0,2991,2883,108,0.00000,2.78505
534F4C31,8136,69778533,0,2995,2886,109,0.00000,2.81084
534F4C31,8136,69783543,0,2995,2886,109,0.00000,2.81084
534F4C31,8137,69788692,0,2993,2884,109,0.00000,2.81084
534F4C31,8137,69793935,0,2994,2880,114,0.00000,2.93978
534F4C31,8137,69798520,0,2996,2878,118,0.00000,3.04293
534F4C31,8137,69803520,0,2990,2878,112,0.00000,2.88821
534F4C31,8137,69808527,0,2997,2879,118,0.00000,3.04293
534F4C31,8138,69813862,0,2992,2881,111,0.00000,2.86242
534F4C31,8139,69818565,0,2994,2876,118,0.00000,3.04293
534F4C31,8140,69823524,0,2990,2880,110,0.00000,2.83663
534F4C31,8140,69828523,0,2994,2877,117,0.00000,3.01714
534F4C31,8141,69833621,0,2995,2880,115,0.00000,2.96557
534F4C31,8142,69838681,0,2992,2877,115,0.00000,2.96557
534F4C31,8142,69844233,0,2997,2883,114,0.00000,2.93978
534F4C31,8142,69848544,0,2992,2876,116,0.00000,2.99136
534F4C31,8143,69853519,0,2992,2878,114,0.00000,2.93978
534F4C31,8144,69858533,0,2995,2882,113,0.00000,2.91399
534F4C31,8145,69863543,0,2998,2881,117,0.00000,3.01714
534F4C31,8146,69869041,0,2989,2880,109,0.00000,2.81084
534F4C31,8147,69873560,0,2990,2880,110,0.00000,2.83663
534F4C31,8148,69878581,0,2996,2884,112,0.00000,2.88821
534F4C31,8149,69883520,0,2995,2884,111,0.00000,2.86242
534F4C31,8149,69888612,0,2995,2882,113,0.00000,2.91399
534F4C31,8149,69893521,0,2993,2878,115,0.00000,2.96557
534F4C31,8149,69898524,0,2993,2882,111,0.00000,2.86242
534F4C31,8150,69903805,0,2994,2880,114,0.00000,2.93978
534F4C31,8151,69908560,0,2994,2879,115,0.00000,2.96557
534F4C31,8152,69913535,0,2993,2878,115,0.00000,2.96557
534F4C31,8153,69918571,0,2998,2877,121,0.00000,3.12029
534F4C31,8153,69923509,0,2997,2880,117,0.00000,3.01714
534F4C31,8154,69928520,0,2991,2881,110,0.00000,2.83663
534F4C31,8155,69933516,0,2995,2881,114,0.00000,2.93978
534F4C31,8156,69938531,0,3001,2880,121,0.00000,3.12029
534F4C31,8156,69943719,0,2995,2878,117,0.00000,3.01714
534F4C31,8156,69948529,0,2993,2878,115,0.00000,2.96557
534F4C31,8156,69953520,0,2991,2882,109,0.00000,2.81084
534F4C31,8156,69958523,0,2993,2877,116,0.00000,2.99136
534F4C31,8156,69963522,0,2998,2881,117,0.00000,3.01714
534F4C31,8157,69968524,0,2996,2880,116,0.00000,2.99136
534F4C31,8157,69974617,0,2995,2879,116,0.00000,2.99136
534F4C31,8157,69978648,0,2992,2881,111,0.00000,2.86242
534F4C31,8157,69983532,0,2994,2877,117,0.00000,3.01714
534F4C31,8158,69988792,0,2995,2877,118,0.00000,3.04293
534F4C31,8159,69993536,0,2998,2879,119,0.00000,3.06872
534F4C31,8159,69998552,0,2992,2881,111,0.00000,2.86242
534F4C31,8160,70003527,0,2994,2884,110,0.00000,2.83663
534F4C31,8161,70010005,0,2990,2882,108,0.00000,2.78505
534F4C31,8161,70014283,0,2996,2881,115,0.00000,2.96557
534F4C31,8161,70018517,0,2996,2878,118,0.00000,3.04293
534F4C31,8161,70023535,0,2994,2878,116,0.00000,2.99136
534F4C31,8162,70028751,0,2996,2881,115,0.00000,2.96557
534F4C31,8163,70033604,0,2991,2876,115,0.00000,2.96557
534F4C31,8163,70038828,0,3002,2879,123,0.00000,3.17187
534F4C31,8164,70043558,0,2991,2883,108,0.00000,2.78505
534F4C31,8164,70049390,0,2992,2881,111,0.00000,2.86242
534F4C31,8164,70053520,0,2993,2880,113,0.00000,2.91399
534F4C31,8164,70058563,0,2992,2879,113,0.00000,2.91399
534F4C31,8165,70064040,0,2994,2876,118,0.00000,3.04293
534F4C31,8166,70068525,0,2994,2882,112,0.00000,2.88821
534F4C31,8167,70073564,0,2992,2882,110,0.00000,2.83663
534F4C31,8167,70079682,0,2996,2878,118,0.00000,3.04293
534F4C31,8167,70083519,0,2995,2882,113,0.00000,2.91399
534F4C31,8168,70089557,0,2994,2880,114,0.00000,2.93978
534F4C31,8169,70093689,0,2994,2881,113,0.00000,2.91399
534F4C31,8170,70099356,0,2990,2878,112,0.00000,2.88821
534F4C31,8170,70103539,0,2996,2877,119,0.00000,3.06872
534F4C31,8171,70108563,0,2994,2876,118,0.00000,3.04293
534F4C31,8171,70113658,0,2988,2882,106,0.00000,2.73348
534F4C31,8172,70119209,0,2991,2886,105,0.00000,2.70769
534F4C31,8172,70124239,0,2993,2879,114,0.00000,2.93978
534F4C31,8172,70128567,0,2994,2885,109,0.00000,2.81084
534F4C31,8173,70133536,0,2993,2881,112,0.00000,2.88821
534F4C31,8174,70138535,0,2996,2884,112,0.00000,2.88821
534F4C31,8174,70143951,0,2996,2882,114,0.00000,2.93978
534F4C31,8174,70148527,0,2990,2876,114,0.00000,2.93978
534F4C31,8174,70153530,0,2992,2880,112,0.00000,2.88821
534F4C31,8175,70158534,0,2995,2877,118,0.00000,3.04293
534F4C31,8176,70163552,0,2996,2882,114,0.00000,2.93978
534F4C31,8177,70169813,0,2996,2881,115,0.00000,2.96557
534F4C31,8177,70174260,0,2996,2880,116,0.00000,2.99136
534F4C31,8177,70178781,0,2989,2876,113,0.00000,2.91399
534F4C31,8178,70183519,0,3001,2882,119,0.00000,3.06872
534F4C31,8178,70188572,0,2990,2876,114,0.00000,2.93978
534F4C31,8179,70193550,0,2996,2883,113,0.00000,2.91399
534F4C31,8179,70198733,0,2997,2883,114,0.00000,2.93978
534F4C31,8180,70203956,0,2992,2883,109,0.00000,2.81084
534F4C31,8181,70208559,0,2991,2881,110,0.00000,2.83663
534F4C31,8182,70213520,0,2990,2875,115,0.00000,2.96557
534F4C31,8182,70218521,0,3000,2876,124,0.00000,3.19766
534F4C31,8183,70223614,0,2996,2879,117,0.00000,3.01714
534F4C31,8183,70228517,0,2997,2877,120,0.00000,3.09451
534F4C31,8184,70233893,0,2989,2875,114,0.00000,2.93978
534F4C31,8184,70238518,0,2994,2879,115,0.00000,2.96557
534F4C31,8184,70243533,0,2992,2878,114,0.00000,2.93978
534F4C31,8185,70248521,0,2998,2881,117,0.00000,3.01714
534F4C31,8186,70253541,0,2993,2881,112,0.00000,2.88821
534F4C31,8187,70258516,0,2995,2875,120,0.00000,3.09451
534F4C31,8187,70263566,0,2989,2877,112,0.00000,2.88821
534F4C31,8187,70268592,0,2991,2879,112,0.00000,2.88821
534F4C31,8188,70273521,0,2995,2878,117,0.00000,3.01714
534F4C31,8188,70278516,0,2991,2880,111,0.00000,2.86242
534F4C31,8188,70283550,0,2989,2873,116,0.00000,2.99136
534F4C31,8188,70288529,0,2992,2875,117,0.00000,3.01714
534F4C31,8188,70293518,0,2993,2878,115,0.00000,2.96557
534F4C31,8189,70298782,0,2994,2877,117,0.00000,3.01714
534F4C31,8190,70304978,0,2997,2876,121,0.00000,3.12029
534F4C31,8191,70308528,0,2995,2880,115,0.00000,2.96557
534F4C31,8191,70314543,0,2994,2879,115,0.00000,2.96557
534F4C31,8192,70318519,0,2994,2878,116,0.00000,2.99136
534F4C31,8192,70323525,0,2994,2878,116,0.00000,2.99136
534F4C31,8193,70329229,0,2993,2877,116,0.00000,2.99136
534F4C31,8193,70334376,0,2991,2877,114,0.00000,2.93978
534F4C31,8193,70338516,0,2994,2878,116,0.00000,2.99136
534F4C31,8194,70343539,0,2993,2879,114,0.00000,2.93978
534F4C31,8194,70348557,0,2995,2882,113,0.00000,2.91399
534F4C31,8195,70353543,0,2996,2881,115,0.00000,2.96557
534F4C31,8196,70359473,0,2998,2880,118,0.00000,3.04293
534F4C31,8196,70364574,0,2995,2880,115,0.00000,2.96557
534F4C31,8196,70368546,0,2996,2878,118,0.00000,3.04293
534F4C31,8197,70373536,0,2998,2878,120,0.00000,3.09451
534F4C31,8197,70378522,0,2996,2879,117,0.00000,3.01714
534F4C31,8198,70383576,0,2995,2877,118,0.00000,3.04293
534F4C31,8199,70389054,0,2996,2878,118,0.00000,3.04293
534F4C31,8199,70394445,0,2995,2881,114,0.00000,2.93978
534F4C31,8200,70398566,0,2991,2879,112,0.00000,2.88821
534F4C31,8200,70403598,0,2993,2878,115,0.00000,2.96557
534F4C31,8201,70408550,0,2992,2877,115,0.00000,2.96557
534F4C31,8202,70414316,0,2990,2879,111,0.00000,2.86242
534F4C31,8203,70418834,0,2996,2884,112,0.00000,2.88821
534F4C31,8203,70423520,0,2998,2881,117,0.00000,3.01714
534F4C31,8204,70428542,0,2995,2881,114,0.00000,2.93978
534F4C31,8204,70433522,0,2991,2880,111,0.00000,2.86242
534F4C31,8205,70438534,0,2994,2879,115,0.00000,2.96557
534F4C31,8205,70443518,0,2993,2879,114,0.00000,2.93978
534F4C31,8206,70448689,0,2996,2876,120,0.00000,3.09451
534F4C31,8206,70453518,0,2993,2876,117,0.00000,3.01714
534F4C31,8207,70458533,0,2992,2882,110,0.00000,2.83663
534F4C31,8207,70463653,0,2995,2878,117,0.00000,3.01714
534F4C31,8208,70468529,0,2994,2882,112,0.00000,2.88821
534F4C31,8209,70473963,0,2993,2882,111,0.00000,2.86242
534F4C31,8209,70478885,0,2994,2879,115,0.00000,2.96557
534F4C31,8209,70483755,0,3000,2884,116,0.00000,2.99136
534F4C31,8209,70488525,0,2996,2875,121,0.00000,3.12029
534F4C31,8209,70493796,0,2998,2880,118,0.00000,3.04293
534F4C31,8209,70498522,0,2989,2882,107,0.00000,2.75927
534F4C31,8210,70503534,0,2994,2878,116,0.00000,2.99136
534F4C31,8211,70508675,0,2991,2881,110,0.00000,2.83663
534F4C31,8212,70513539,0,2991,2883,108,0.00000,2.78505
534F4C31,8212,70518523,0,2996,2880,116,0.00000,2.99136
534F4C31,8213,70523551,0,2993,2876,117,0.00000,3.01714
534F4C31,8214,70529103,0,2992,2880,112,0.00000,2.88821
534F4C31,8215,70534364,0,2995,2878,117,0.00000,3.01714
534F4C31,8215,70538681,0,2995,2875,120,0.00000,3.09451
534F4C31,8215,70543843,0,2996,2884,112,0.00000,2.88821
534F4C31,8215,70548518,0,2998,2878,120,0.00000,3.09451
534F4C31,8215,70553530,0,2991,2881,110,0.00000,2.83663
534F4C31,8216,70558970,0,2990,2880,110,0.00000,2.83663
534F4C31,8217,70564138,0,2995,2882,113,0.00000,2.91399
534F4C31,8217,70568755,0,2996,2881,115,0.00000,2.96557
534F4C31,8217,70573519,0,2991,2874,117,0.00000,3.01714
534F4C31,8218,70578528,0,2992,2873,119,0.00000,3.06872
534F4C31,8219,70584512,0,2999,2876,123,0.00000,3.17187
534F4C31,8220,70588527,0,2994,2874,120,0.00000,3.09451
534F4C31,8220,70593954,0,2996,2875,121,0.00000,3.12029
534F4C31,8220,70598658,0,2995,2874,121,0.00000,3.12029
534F4C31,8221,70603541,0,2991,2874,117,0.00000,3.01714
534F4C31,8222,70608899,0,2999,2874,125,0.00000,3.22344
534F4C31,8223,70613516,0,2997,2875,122,0.00000,3.14608
534F4C31,8223,70619902,0,2993,2878,115,0.00000,2.96557
534F4C31,8224,70623528,0,2993,2875,118,0.00000,3.04293
534F4C31,8224,70629000,0,2994,2873,121,0.00000,3.12029
534F4C31,8224,70633516,0,2988,2876,112,0.00000,2.88821
534F4C31,8224,70638526,0,2992,2878,114,0.00000,2.93978
534F4C31,8224,70643530,0,2999,2874,125,0.00000,3.22344
534F4C31,8225,70649059,0,2997,2874,123,0.00000,3.17187
534F4C31,8226,70653518,0,2994,2878,116,0.00000,2.99136
534F4C31,8227,70658536,0,2991,2875,116,0.00000,2.99136
534F4C31,8228,70663918,0,2993,2876,117,0.00000,3.01714
534F4C31,8229,70668694,0,2999,2875,124,0.00000,3.19766
534F4C31,8229,70674047,0,2996,2872,124,0.00000,3.19766
534F4C31,8230,70679100,0,2992,2873,119,0.00000,3.06872
534F4C31,8231,70683531,0,2992,2877,115,0.00000,2.96557
534F4C31,8232,70688586,0,2994,2873,121,0.00000,3.12029
534F4C31,8232,70693520,0,2993,2874,119,0.00000,3.06872
534F4C31,8232,70698722,0,2994,2877,117,0.00000,3.01714
534F4C31,8233,70703560,0,2991,2873,118,0.00000,3.04293
534F4C31,8233,70708531,0,2990,2875,115,0.00000,2.96557
534F4C31,8233,70713590,0,2994,2874,120,0.00000,3.09451
534F4C31,8234,70718539,0,2998,2874,124,0.00000,3.19766
534F4C31,8234,70723536,0,2993,2874,119,0.00000,3.06872
534F4C31,8234,70728530,0,2992,2875,117,0.00000,3.01714
534F4C31,8235,70733542,0,2991,2874,117,0.00000,3.01714
534F4C31,8236,70738548,0,2997,2875,122,0.00000,3.14608
534F4C31,8236,70743529,0,2993,2872,121,0.00000,3.12029
534F4C31,8236,70748731,0,2995,2873,122,0.00000,3.14608
534F4C31,8236,70753876,0,2990,2876,114,0.00000,2.93978
534F4C31,8237,70758528,0,2998,2875,123,0.00000,3.17187
534F4C31,8237,70763559,0,2995,2875,120,0.00000,3.09451
534F4C31,8237,70768547,0,2992,2877,115,0.00000,2.96557
534F4C31,8237,70773518,0,2994,2876,118,0.00000,3.04293
534F4C31,8238,70778529,0,2993,2873,120,0.00000,3.09451
534F4C31,8239,70784062,0,2999,2874,125,0.00000,3.22344
534F4C31,8240,70788836,0,2997,2874,123,0.00000,3.17187
534F4C31,8240,70793524,0,2997,2874,123,0.00000,3.17187
534F4C31,8241,70798538,0,2995,2871,124,0.00000,3.19766
534F4C31,8242,70804177,0,2992,2875,117,0.00000,3.01714
534F4C31,8242,70809307,0,3000,2873,127,0.00000,3.27502
534F4C31,8243,70814341,0,2991,2876,115,0.00000,2.96557
534F4C31,8244,70818781,0,2998,2875,123,0.00000,3.17187
534F4C31,8244,70823541,0,2999,2873,126,0.00000,3.24923
534F4C31,8244,70828520,0,2992,2875,117,0.00000,3.01714
534F4C31,8244,70833520,0,2993,2873,120,0.00000,3.09451
534F4C31,8245,70838563,0,2994,2876,118,0.00000,3.04293
534F4C31,8245,70843542,0,2992,2877,115,0.00000,2.96557
534F4C31,8245,70848529,0,2994,2873,121,0.00000,3.12029
534F4C31,8246,70853551,0,2988,2875,113,0.00000,2.91399
534F4C31,8247,70858525,0,2994,2876,118,0.00000,3.04293
534F4C31,8248,70863781,0,2997,2876,121,0.00000,3.12029
534F4C31,8248,70868530,0,2996,2876,120,0.00000,3.09451
534F4C31,8248,70873650,0,2997,2874,123,0.00000,3.17187
534F4C31,8248,70878589,0,2991,2875,116,0.00000,2.99136
534F4C31,8249,70883525,0,2986,2875,111,0.00000,2.86242
534F4C31,8250,70889080,0,2994,2872,122,0.00000,3.14608
534F4C31,8251,70893647,0,2992,2873,119,0.00000,3.06872
534F4C31,8251,70898524,0,2991,2879,112,0.00000,2.88821
534F4C31,8251,70903813,0,2993,2876,117,0.00000,3.01714
534F4C31,8252,70909005,0,2993,2877,116,0.00000,2.99136
534F4C31,8252,70913516,0,2999,2876,123,0.00000,3.17187
534F4C31,8252,70918519,0,2993,2874,119,0.00000,3.06872
534F4C31,8253,70923551,0,2996,2873,123,0.00000,3.17187
534F4C31,8254,70929456,0,2995,2873,122,0.00000,3.14608
534F4C31,8254,70933550,0,2993,2873,120,0.00000,3.09451
534F4C31,8255,70938816,0,2998,2877,121,0.00000,3.12029
534F4C31,8255,70943579,0,2995,2874,121,0.00000,3.12029
534F4C31,8255,70948868,0,2994,2872,122,0.00000,3.14608
534F4C31,8256,70953754,0,2992,2876,116,0.00000,2.99136
534F4C31,8257,70958573,0,2991,2873,118,0.00000,3.04293
534F4C31,8258,70963672,0,2995,2877,118,0.00000,3.04293
534F4C31,8258,70968540,0,2998,2879,119,0.00000,3.06872
534F4C31,8258,70973512,0,2996,2878,118,0.00000,3.04293
534F4C31,8258,70978523,0,2994,2872,122,0.00000,3.14608
534F4C31,8258,70983526,0,2995,2872,123,0.00000,3.17187
534F4C31,8259,70988530,0,2995,2875,120,0.00000,3.09451
534F4C31,8260,70993976,0,2993,2876,117,0.00000,3.01714
534F4C31,8261,70998667,0,2993,2876,117,0.00000,3.01714
534F4C31,8262,71003905,0,2993,2874,119,0.00000,3.06872
534F4C31,8262,71008533,0,2988,2877,111,0.00000,2.86242
534F4C31,8263,71013815,0,2994,2874,120,0.00000,3.09451
534F4C31,8263,71018874,0,2997,2878,119,0.00000,3.06872
534F4C31,8263,71023522,0,2994,2873,121,0.00000,3.12029
534F4C31,8264,71028682,0,2993,2877,116,0.00000,2.99136
534F4C31,8264,71033548,0,2994,2872,122,0.00000,3.14608
534F4C31,8265,71038600,0,2995,2874,121,0.00000,3.12029
534F4C31,8266,71043552,0,2994,2876,118,0.00000,3.04293
534F4C31,8266,71048590,0,2996,2875,121,0.00000,3.12029
534F4C31,8267,71053555,0,2995,2874,121,0.00000,3.12029
534F4C31,8267,71058572,0,2993,2873,120,0.00000,3.09451
534F4C31,8267,71063523,0,2991,2874,117,0.00000,3.01714
534F4C31,8267,71068535,0,2992,2872,120,0.00000,3.09451
534F4C31,8268,71073520,0,2992,2877,115,0.00000,2.96557
534F4C31,8268,71078527,0,2992,2873,119,0.00000,3.06872
534F4C31,8269,71083543,0,2990,2874,116,0.00000,2.99136
534F4C31,8270,71089625,0,2996,2871,125,0.00000,3.22344
534F4C31,8270,71093768,0,2992,2875,117,0.00000,3.01714
534F4C31,8270,71098515,0,2997,2876,121,0.00000,3.12029
534F4C31,8270,71103542,0,2996,2877,119,0.00000,3.06872
534F4C31,8271,71108536,0,2993,2875,118,0.00000,3.04293
534F4C31,8272,71113554,0,2994,2876,118,0.00000,3.04293
534F4C31,8273,71118942,0,2996,2876,120,0.00000,3.09451
534F4C31,8273,71123515,0,2992,2878,114,0.00000,2.93978
534F4C31,8274,71128622,0,2998,2875,123,0.00000,3.17187
534F4C31,8275,71134126,0,2989,2875,114,0.00000,2.93978
534F4C31,8275,71138516,0,2994,2876,118,0.00000,3.04293
534F4C31,8276,71143535,0,2991,2874,117,0.00000,3.01714
534F4C31,8277,71149120,0,2991,2874,117,0.00000,3.01714
534F4C31,8277,71153553,0,2994,2879,115,0.00000,2.96557
534F4C31,8278,71159258,0,2997,2876,121,0.00000,3.12029
534F4C31,8278,71163515,0,2998,2873,125,0.00000,3.22344
534F4C31,8279,71168540,0,2997,2878,119,0.00000,3.06872
534F4C31,8279,71173522,0,2993,2874,119,0.00000,3.06872
534F4C31,8279,71178556,0,2994,2874,120,0.00000,3.09451
534F4C31,8279,71183520,0,2995,2874,121,0.00000,3.12029
534F4C31,8280,71188735,0,3001,2879,122,0.00000,3.14608
534F4C31,8280,71193845,0,2998,2875,123,0.00000,3.17187
534F4C31,8281,71198548,0,2994,2881,113,0.00000,2.91399
534F4C31,8282,71203584,0,2996,2875,121,0.00000,3.12029
534F4C31,8283,71208661,0,2993,2878,115,0.00000,2.96557
534F4C31,8283,71214519,0,2995,2875,120,0.00000,3.09451
534F4C31,8284,71218529,0,2994,2875,119,0.00000,3.06872
534F4C31,8285,71223756,0,2994,2872,122,0.00000,3.14608
534F4C31,8285,71229645,0,2997,2874,123,0.00000,3.17187
534F4C31,8285,71233545,0,2995,2872,123,0.00000,3.17187
534F4C31,8285,71238543,0,2993,2874,119,0.00000,3.06872
534F4C31,8286,71243790,0,2997,2877,120,0.00000,3.09451
534F4C31,8286,71248526,0,2996,2875,121,0.00000,3.12029
534F4C31,8287,71253598,0,2989,2873,116,0.00000,2.99136
534F4C31,8288,71258766,0,2997,2875,122,0.00000,3.14608
534F4C31,8288,71263540,0,2997,2874,123,0.00000,3.17187
534F4C31,8288,71268534,0,2998,2872,126,0.00000,3.24923
534F4C31,8289,71273795,0,2992,2874,118,0.00000,3.04293
534F4C31,8290,71278566,0,2992,2872,120,0.00000,3.09451
534F4C31,8291,71283531,0,2997,2875,122,0.00000,3.14608
534F4C31,8292,71288540,0,2996,2872,124,0.00000,3.19766
534F4C31,8293,71294783,0,2993,2870,123,0.00000,3.17187
534F4C31,8293,71299540,0,2991,2873,118,0.00000,3.04293
534F4C31,8294,71303526,0,2990,2871,119,0.00000,3.06872
534F4C31,8294,71308531,0,2992,2870,122,0.00000,3.14608
534F4C31,8294,71313746,0,2999,2870,129,0.00000,3.32659
534F4C31,8294,71318531,0,2998,2871,127,0.00000,3.27502
534F4C31,8295,71323547,0,2998,2870,128,0.00000,3.30081
534F4C31,8295,71328527,0,2988,2874,114,0.00000,2.93978
534F4C31,8296,71333519,0,2994,2870,124,0.00000,3.19766
534F4C31,8296,71339575,0,2991,2870,121,0.00000,3.12029
534F4C31,8297,71343615,0,2993,2871,122,0.00000,3.14608
534F4C31,8297,71348535,0,2990,2872,118,0.00000,3.04293
534F4C31,8297,71353543,0,2995,2869,126,0.00000,3.24923
534F4C31,8297,71358617,0,2996,2871,125,0.00000,3.22344
534F4C31,8297,71363519,0,2998,2872,126,0.00000,3.24923
534F4C31,8298,71368538,0,2991,2871,120,0.00000,3.09451
534F4C31,8299,71373682,0,2994,2871,123,0.00000,3.17187
534F4C31,8300,71379316,0,2996,2872,124,0.00000,3.19766
534F4C31,8301,71383566,0,2992,2872,120,0.00000,3.09451
534F4C31,8301,71388530,0,2994,2870,124,0.00000,3.19766
534F4C31,8302,71393567,0,2999,2871,128,0.00000,3.30081
534F4C31,8303,71398523,0,2990,2872,118,0.00000,3.04293
534F4C31,8303,71403835,0,2996,2874,122,0.00000,3.14608
534F4C31,8303,71408534,0,2993,2873,120,0.00000,3.09451
534F4C31,8304,71413558,0,2994,2871,123,0.00000,3.17187
534F4C31,8304,71418530,0,2992,2875,117,0.00000,3.01714
534F4C31,8304,71423525,0,2994,2875,119,0.00000,3.06872
534F4C31,8305,71428683,0,2993,2873,120,0.00000,3.09451
534F4C31,8306,71433517,0,2996,2871,125,0.00000,3.22344
534F4C31,8307,71438897,0,2988,2872,116,0.00000,2.99136
534F4C31,8308,71443565,0,2994,2873,121,0.00000,3.12029
534F4C31,8309,71448553,0,2999,2869,130,0.00000,3.35238
534F4C31,8309,71454837,0,2993,2870,123,0.00000,3.17187
534F4C31,8310,71458517,0,2991,2869,122,0.00000,3.14608
534F4C31,8310,71463924,0,2993,2869,124,0.00000,3.19766
534F4C31,8311,71468526,0,2993,2870,123,0.00000,3.17187
534F4C31,8311,71474450,0,2996,2868,128,0.00000,3.30081
534F4C31,8311,71478531,0,2996,2873,123,0.00000,3.17187
534F4C31,8311,71483518,0,2994,2874,120,0.00000,3.09451
534F4C31,8312,71488518,0,2988,2870,118,0.00000,3.04293
534F4C31,8312,71493519,0,2996,2873,123,0.00000,3.17187
534F4C31,8312,71498521,0,2992,2873,119,0.00000,3.06872
534F4C31,8312,71503535,0,2996,2868,128,0.00000,3.30081
534F4C31,8313,71508736,0,2996,2870,126,0.00000,3.24923
534F4C31,8314,71513549,0,2990,2871,119,0.00000,3.06872
534F4C31,8315,71519566,0,2991,2870,121,0.00000,3.12029
534F4C31,8315,71523516,0,2999,2872,127,0.00000,3.27502
534F4C31,8316,71528559,0,2992,2869,123,0.00000,3.17187
534F4C31,8316,71533536,0,2996,2872,124,0.00000,3.19766
534F4C31,8317,71538573,0,2996,2872,124,0.00000,3.19766
534F4C31,8318,71543883,0,2996,2872,124,0.00000,3.19766
534F4C31,8318,71548528,0,2991,2871,120,0.00000,3.09451
534F4C31,8318,71553634,0,2994,2869,125,0.00000,3.22344
534F4C31,8319,71558702,0,2996,2872,124,0.00000,3.19766
534F4C31,8319,71563564,0,2994,2871,123,0.00000,3.17187
534F4C31,8319,71568518,0,2993,2873,120,0.00000,3.09451
534F4C31,8320,71573538,0,2996,2873,123,0.00000,3.17187
534F4C31,8321,71578676,0,2994,2871,123,0.00000,3.17187
534F4C31,8322,71583529,0,2991,2873,118,0.00000,3.04293
534F4C31,8322,71589190,0,2991,2870,121,0.00000,3.12029
534F4C31,8322,71593524,0,2993,2870,123,0.00000,3.17187
534F4C31,8323,71598558,0,2996,2872,124,0.00000,3.19766
534F4C31,8324,71603562,0,2987,2867,120,0.00000,3.09451
534F4C31,8325,71609481,0,2990,2872,118,0.00000,3.04293
534F4C31,8326,71613518,0,2995,2871,124,0.00000,3.19766
534F4C31,8326,71618981,0,2993,2871,122,0.00000,3.14608
534F4C31,8326,71623520,0,2995,2870,125,0.00000,3.22344
534F4C31,8326,71628536,0,2993,2869,124,0.00000,3.19766
534F4C31,8326,71633527,0,2994,2871,123,0.00000,3.17187
534F4C31,8327,71638530,0,2993,2869,124,0.00000,3.19766
534F4C31,8328,71643531,0,2999,2871,128,0.00000,3.30081
534F4C31,8329,71648526,0,2996,2874,122,0.00000,3.14608
534F4C31,8329,71654330,0,2996,2869,127,0.00000,3.27502
534F4C31,8330,71658528,0,2996,2872,124,0.00000,3.19766
534F4C31,8331,71663531,0,2991,2871,120,0.00000,3.09451
534F4C31,8332,71668763,0,2992,2871,121,0.00000,3.12029
534F4C31,8333,71673530,0,2992,2871,121,0.00000,3.12029
534F4C31,8334,71679217,0,2986,2869,117,0.00000,3.01714
534F4C31,8335,71683927,0,2991,2866,125,0.00000,3.22344
534F4C31,8335,71688520,0,2993,2868,125,0.00000,3.22344
534F4C31,8335,71693523,0,2989,2869,120,0.00000,3.09451
534F4C31,8335,71698521,0,2992,2869,123,0.00000,3.17187
534F4C31,8336,71703647,0,2996,2870,126,0.00000,3.24923
534F4C31,8337,71708563,0,2991,2869,122,0.00000,3.14608
534F4C31,8338,71714148,0,2997,2869,128,0.00000,3.30081
534F4C31,8339,71718537,0,2991,2871,120,0.00000,3.09451
534F4C31,8339,71723519,0,2990,2870,120,0.00000,3.09451
534F4C31,8340,71728634,0,2994,2870,124,0.00000,3.19766
534F4C31,8341,71733516,0,2993,2874,119,0.00000,3.06872
534F4C31,8342,71738704,0,2993,2869,124,0.00000,3.19766
534F4C31,8342,71743521,0,2991,2869,122,0.00000,3.14608
534F4C31,8342,71749006,0,2993,2867,126,0.00000,3.24923
534F4C31,8342,71753516,0,2993,2872,121,0.00000,3.12029
534F4C31,8342,71758526,0,2993,2872,121,0.00000,3.12029
534F4C31,8343,71763540,0,3001,2870,131,0.00000,3.37817
534F4C31,8344,71768767,0,2989,2874,115,0.00000,2.96557
534F4C31,8345,71773957,0,2994,2871,123,0.00000,3.17187
534F4C31,8345,71779124,0,2999,2870,129,0.00000,3.32659
534F4C31,8346,71784587,0,2995,2872,123,0.00000,3.17187
534F4C31,8346,71788883,0,2996,2869,127,0.00000,3.27502
534F4C31,8346,71793518,0,2995,2873,122,0.00000,3.14608
534F4C31,8346,71798541,0,2996,2871,125,0.00000,3.22344
534F4C31,8346,71803520,0,2995,2868,127,0.00000,3.27502
534F4C31,8346,71808551,0,2991,2867,124,0.00000,3.19766
534F4C31,8346,71813537,0,2991,2871,120,0.00000,3.09451
534F4C31,8347,71818749,0,2992,2868,124,0.00000,3.19766
534F4C31,8347,71823536,0,2997,2870,127,0.00000,3.27502
534F4C31,8347,71828560,0,2991,2868,123,0.00000,3.17187
534F4C31,8348,71833661,0,2990,2872,118,0.00000,3.04293
534F4C31,8348,71838535,0,2998,2870,128,0.00000,3.30081
534F4C31,8349,71844686,0,2998,2870,128,0.00000,3.30081
534F4C31,8350,71848919,0,2992,2869,123,0.00000,3.17187
534F4C31,8350,71853521,0,2993,2867,126,0.00000,3.24923
534F4C31,8350,71858535,0,2994,2872,122,0.00000,3.14608
534F4C31,8351,71863534,0,2994,2871,123,0.00000,3.17187
534F4C31,8352,71869330,0,2990,2874,116,0.00000,2.99136
534F4C31,8353,71873518,0,2998,2873,125,0.00000,3.22344
534F4C31,8353,71878519,0,2998,2870,128,0.00000,3.30081
534F4C31,8353,71883564,0,2990,2869,121,0.00000,3.12029
534F4C31,8354,71888551,0,2999,2872,127,0.00000,3.27502
534F4C31,8355,71893884,0,2995,2871,124,0.00000,3.19766
534F4C31,8355,71898582,0,2997,2869,128,0.00000,3.30081
534F4C31,8355,71903546,0,2996,2873,123,0.00000,3.17187
534F4C31,8355,71908518,0,2996,2872,124,0.00000,3.19766
534F4C31,8356,71913538,0,2996,2873,123,0.00000,3.17187
534F4C31,8357,71918801,0,2998,2871,127,0.00000,3.27502
534F4C31,8358,71923805,0,2994,2872,122,0.00000,3.14608
534F4C31,8358,71929323,0,2994,2872,122,0.00000,3.14608
534F4C31,8358,71933520,0,2996,2870,126,0.00000,3.24923
534F4C31,8359,71938555,0,2995,2872,123,0.00000,3.17187
534F4C31,8360,71943550,0,2990,2869,121,0.00000,3.12029
534F4C31,8361,71948622,0,2992,2867,125,0.00000,3.22344
534F4C31,8361,71953528,0,2992,2869,123,0.00000,3.17187
534F4C31,8362,71958569,0,2998,2871,127,0.00000,3.27502
534F4C31,8362,71963537,0,2995,2869,126,0.00000,3.24923
534F4C31,8362,71968548,0,2993,2867,126,0.00000,3.24923
534F4C31,8362,71973520,0,3001,2866,135,0.00000,3.48132
534F4C31,8362,71978558,0,2995,2867,128,0.00000,3.30081
534F4C31,8363,71983542,0,2995,2868,127,0.00000,3.27502
534F4C31,8364,71988518,0,2993,2869,124,0.00000,3.19766
534F4C31,8364,71993965,0,2998,2869,129,0.00000,3.32659
534F4C31,8365,71998873,0,2997,2870,127,0.00000,3.27502
534F4C31,8366,72003631,0,2990,2872,118,0.00000,3.04293
534F4C31,8366,72009437,0,2993,2870,123,0.00000,3.17187
534F4C31,8366,72013949,0,2995,2870,125,0.00000,3.22344
534F4C31,8367,72018550,0,2996,2868,128,0.00000,3.30081
534F4C31,8368,72023788,0,2993,2869,124,0.00000,3.19766
534F4C31,8368,72028693,0,2994,2871,123,0.00000,3.17187
534F4C31,8369,72033897,0,2994,2865,129,0.00000,3.32659
534F4C31,8369,72038521,0,2992,2870,122,0.00000,3.14608
534F4C31,8369,72043540,0,2991,2865,126,0.00000,3.24923
534F4C31,8369,72048590,0,2997,2865,132,0.00000,3.40396
534F4C31,8370,72053525,0,2997,2866,131,0.00000,3.37817
534F4C31,8371,72059287,0,2990,2868,122,0.00000,3.14608
534F4C31,8372,72064588,0,2993,2869,124,0.00000,3.19766
534F4C31,8372,72068782,0,2995,2865,130,0.00000,3.35238
534F4C31,8373,72074074,0,2997,2868,129,0.00000,3.32659
534F4C31,8374,72078641,0,2992,2868,124,0.00000,3.19766
534F4C31,8374,72083538,0,2998,2867,131,0.00000,3.37817
534F4C31,8375,72088551,0,2995,2869,126,0.00000,3.24923
534F4C31,8375,72093542,0,2997,2867,130,0.00000,3.35238
534F4C31,8376,72099167,0,2994,2866,128,0.00000,3.30081
534F4C31,8376,72103521,0,2997,2868,129,0.00000,3.32659
534F4C31,8376,72108921,0,2995,2869,126,0.00000,3.24923
534F4C31,8377,72113607,0,2993,2866,127,0.00000,3.27502
534F4C31,8377,72118539,0,2997,2867,130,0.00000,3.35238
534F4C31,8378,72123522,0,2997,2868,129,0.00000,3.32659
534F4C31,8379,72128554,0,2998,2866,132,0.00000,3.40396
534F4C31,8380,72133515,0,2992,2868,124,0.00000,3.19766
534F4C31,8380,72138541,0,2997,2869,128,0.00000,3.30081
534F4C31,8380,72143539,0,2991,2870,121,0.00000,3.12029
534F4C31,8381,72148521,0,2995,2867,128,0.00000,3.30081
534F4C31,8382,72153525,0,2995,2865,130,0.00000,3.35238
534F4C31,8382,72158519,0,2993,2869,124,0.00000,3.19766
534F4C31,8383,72163566,0,2994,2869,125,0.00000,3.22344
534F4C31,8384,72169341,0,2993,2866,127,0.00000,3.27502
534F4C31,8384,72173900,0,2996,2865,131,0.00000,3.37817
534F4C31,8384,72178710,0,2993,2868,125,0.00000,3.22344
534F4C31,8384,72183553,0,2997,2862,135,0.00000,3.48132
534F4C31,8385,72188570,0,2996,2867,129,0.00000,3.32659
534F4C31,8386,72193546,0,2992,2866,126,0.00000,3.24923
534F4C31,8386,72199202,0,2993,2872,121,0.00000,3.12029
534F4C31,8386,72203534,0,2990,2868,122,0.00000,3.14608
534F4C31,8386,72208521,0,2999,2867,132,0.00000,3.40396
534F4C31,8387,72214308,0,2990,2869,121,0.00000,3.12029
534F4C31,8388,72218577,0,2993,2869,124,0.00000,3.19766
534F4C31,8388,72223858,0,2996,2869,127,0.00000,3.27502
534F4C31,8388,72229068,0,2998,2867,131,0.00000,3.37817
534F4C31,8389,72233549,0,2989,2867,122,0.00000,3.14608
534F4C31,8390,72239332,0,2993,2871,122,0.00000,3.14608
534F4C31,8390,72243525,0,2998,2867,131,0.00000,3.37817
534F4C31,8391,72248670,0,2993,2869,124,0.00000,3.19766
534F4C31,8391,72253534,0,3001,2869,132,0.00000,3.40396
534F4C31,8391,72258518,0,2991,2870,121,0.00000,3.12029
534F4C31,8392,72263740,0,2993,2867,126,0.00000,3.24923
534F4C31,8393,72268527,0,2992,2870,122,0.00000,3.14608
534F4C31,8394,72274233,0,2999,2867,132,0.00000,3.40396
534F4C31,8394,72280505,0,2995,2863,132,0.00000,3.40396
534F4C31,8395,72283625,0,3000,2868,132,0.00000,3.40396
534F4C31,8396,72288736,0,2992,2865,127,0.00000,3.27502
534F4C31,8397,72294430,0,2991,2869,122,0.00000,3.14608
534F4C31,8397,72298526,0,2992,2869,123,0.00000,3.17187
534F4C31,8397,72303526,0,2994,2867,127,0.00000,3.27502
534F4C31,8397,72308525,0,2996,2866,130,0.00000,3.35238
534F4C31,8398,72313707,0,2998,2869,129,0.00000,3.32659
534F4C31,8399,72318536,0,2989,2868,121,0.00000,3.12029
534F4C31,8400,72323534,0,2995,2869,126,0.00000,3.24923
534F4C31,8400,72328516,0,2993,2868,125,0.00000,3.22344
534F4C31,8401,72333520,0,2993,2866,127,0.00000,3.27502
534F4C31,8401,72338683,0,2989,2865,124,0.00000,3.19766
534F4C31,8401,72343520,0,2993,2868,125,0.00000,3.22344
534F4C31,8401,72348653,0,2991,2866,125,0.00000,3.22344
534F4C31,8402,72353564,0,2997,2867,130,0.00000,3.35238
534F4C31,8403,72358530,0,2993,2867,126,0.00000,3.24923
534F4C31,8404,72363698,0,2993,2867,126,0.00000,3.24923
534F4C31,8404,72368537,0,2996,2868,128,0.00000,3.30081
534F4C31,8404,72373534,0,2993,2866,127,0.00000,3.27502
534F4C31,8405,72378606,0,2998,2867,131,0.00000,3.37817
534F4C31,8406,72383526,0,2995,2868,127,0.00000,3.27502
534F4C31,8407,72388536,0,2998,2869,129,0.00000,3.32659
534F4C31,8407,72394452,0,2990,2870,120,0.00000,3.09451
534F4C31,8407,72399009,0,2996,2867,129,0.00000,3.32659
534F4C31,8408,72403524,0,2996,2867,129,0.00000,3.32659
534F4C31,8408,72408581,0,2997,2869,128,0.00000,3.30081
534F4C31,8408,72413559,0,2995,2869,126,0.00000,3.24923
534F4C31,8408,72418537,0,2995,2865,130,0.00000,3.35238
534F4C31,8409,72423540,0,2993,2867,126,0.00000,3.24923
534F4C31,8410,72428800,0,2993,2868,125,0.00000,3.22344
534F4C31,8411,72433526,0,2992,2868,124,0.00000,3.19766
534F4C31,8412,72438530,0,2996,2869,127,0.00000,3.27502
534F4C31,8413,72443531,0,2993,2871,122,0.00000,3.14608
534F4C31,8414,72448786,0,2995,2868,127,0.00000,3.27502
534F4C31,8414,72455239,0,2997,2868,129,0.00000,3.32659
534F4C31,8414,72458522,0,2990,2870,120,0.00000,3.09451
534F4C31,8415,72463534,0,2996,2868,128,0.00000,3.30081
534F4C31,8416,72468562,0,2991,2869,122,0.00000,3.14608
534F4C31,8417,72474400,0,2990,2869,121,0.00000,3.12029
534F4C31,8418,72478961,0,2991,2870,121,0.00000,3.12029
534F4C31,8418,72483538,0,2994,2865,129,0.00000,3.32659
534F4C31,8419,72488623,0,2993,2869,124,0.00000,3.19766
534F4C31,8420,72493573,0,2992,2866,126,0.00000,3.24923
534F4C31,8421,72498631,0,2994,2869,125,0.00000,3.22344
534F4C31,8422,72503570,0,2993,2869,124,0.00000,3.19766
534F4C31,8423,72508533,0,2993,2870,123,0.00000,3.17187
534F4C31,8424,72513534,0,2993,2867,126,0.00000,3.24923
534F4C31,8425,72518534,0,2994,2868,126,0.00000,3.24923
534F4C31,8426,72523580,0,3003,2871,132,0.00000,3.40396
534F4C31,8427,72528533,0,2993,2867,126,0.00000,3.24923
534F4C31,8428,72533533,0,2990,2863,127,0.00000,3.27502
534F4C31,8429,72538536,0,2989,2866,123,0.00000,3.17187
534F4C31,8430,72543534,0,2999,2869,130,0.00000,3.35238
534F4C31,8431,72548534,0,2997,2871,126,0.00000,3.24923
534F4C31,8432,72553533,0,2995,2872,123,0.00000,3.17187
534F4C31,8433,72559344,0,2991,2867,124,0.00000,3.19766
534F4C31,8433,72563516,0,2987,2866,121,0.00000,3.12029
534F4C31,8434,72568978,0,2994,2867,127,0.00000,3.27502
534F4C31,8435,72574911,0,2994,2866,128,0.00000,3.30081
534F4C31,8436,72578691,0,2993,2866,127,0.00000,3.27502
534F4C31,8436,72583864,0,2994,2865,129,0.00000,3.32659
534F4C31,8436,72588518,0,2997,2868,129,0.00000,3.32659
534F4C31,8437,72593534,0,2996,2863,133,0.00000,3.42974
534F4C31,8437,72599370,0,2991,2863,128,0.00000,3.30081
534F4C31,8437,72603562,0,2996,2868,128,0.00000,3.30081
534F4C31,8438,72608534,0,2992,2864,128,0.00000,3.30081
534F4C31,8438,72613515,0,2997,2869,128,0.00000,3.30081
534F4C31,8439,72618568,0,2994,2867,127,0.00000,3.27502
534F4C31,8440,72624075,0,2994,2865,129,0.00000,3.32659
534F4C31,8441,72629290,0,2997,2865,132,0.00000,3.40396
534F4C31,8441,72634055,0,2997,2865,132,0.00000,3.40396
534F4C31,8441,72638516,0,2994,2863,131,0.00000,3.37817
534F4C31,8441,72643555,0,2995,2866,129,0.00000,3.32659
534F4C31,8441,72648523,0,2992,2863,129,0.00000,3.32659
534F4C31,8441,72653518,0,2994,2863,131,0.00000,3.37817
534F4C31,8441,72658520,0,2991,2863,128,0.00000,3.30081
534F4C31,8442,72663657,0,2992,2864,128,0.00000,3.30081
534F4C31,8443,72668517,0,2991,2865,126,0.00000,3.24923
534F4C31,8443,72673620,0,2992,2862,130,0.00000,3.35238
534F4C31,8443,72678650,0,2996,2865,131,0.00000,3.37817
534F4C31,8444,72683572,0,2993,2863,130,0.00000,3.35238
534F4C31,8444,72688535,0,2988,2862,126,0.00000,3.24923
534F4C31,8444,72693520,0,2993,2863,130,0.00000,3.35238
534F4C31,8445,72698562,0,2996,2864,132,0.00000,3.40396
534F4C31,8445,72703526,0,2992,2864,128,0.00000,3.30081
534F4C31,8445,72708532,0,2992,2866,126,0.00000,3.24923
534F4C31,8446,72713548,0,2994,2865,129,0.00000,3.32659
534F4C31,8447,72718518,0,2993,2867,126,0.00000,3.24923
534F4C31,8447,72723536,0,2996,2863,133,0.00000,3.42974
534F4C31,8447,72728522,0,2991,2860,131,0.00000,3.37817
534F4C31,8447,72733519,0,2993,2862,131,0.00000,3.37817
534F4C31,8448,72738520,0,2997,2864,133,0.00000,3.42974
534F4C31,8448,72743546,0,2994,2859,135,0.00000,3.48132
534F4C31,8448,72748538,0,2994,2865,129,0.00000,3.32659
534F4C31,8449,72753618,0,2995,2864,131,0.00000,3.37817
534F4C31,8449,72758546,0,2992,2863,129,0.00000,3.32659
534F4C31,8450,72764524,0,2994,2865,129,0.00000,3.32659
534F4C31,8451,72769203,0,2995,2864,131,0.00000,3.37817
534F4C31,8452,72773530,0,2993,2866,127,0.00000,3.27502
534F4C31,8453,72778508,0,2994,2865,129,0.00000,3.32659
534F4C31,8454,72783526,0,2995,2862,133,0.00000,3.42974
534F4C31,8455,72788563,0,2995,2863,132,0.00000,3.40396
534F4C31,8456,72793969,0,2990,2866,124,0.00000,3.19766
534F4C31,8457,72798554,0,2993,2861,132,0.00000,3.40396
534F4C31,8458,72803952,0,2994,2861,133,0.00000,3.42974
534F4C31,8459,72808533,0,2993,2861,132,0.00000,3.40396
534F4C31,8460,72813534,0,2992,2862,130,0.00000,3.35238
534F4C31,8461,72818577,0,2993,2862,131,0.00000,3.37817
534F4C31,8462,72823561,0,2992,2862,130,0.00000,3.35238
534F4C31,8463,72828562,0,2994,2863,131,0.00000,3.37817
534F4C31,8464,72833553,0,2993,2864,129,0.00000,3.32659
534F4C31,8465,72838546,0,2992,2861,131,0.00000,3.37817
534F4C31,8466,72843563,0,2990,2864,126,0.00000,3.24923
534F4C31,8467,72849104,0,2991,2864,127,0.00000,3.27502
534F4C31,8468,72854809,0,2995,2863,132,0.00000,3.40396
534F4C31,8469,72858531,0,2991,2861,130,0.00000,3.35238
534F4C31,8470,72865400,0,2988,2868,120,0.00000,3.09451
534F4C31,8471,72870925,0,2991,2865,126,0.00000,3.24923
534F4C31,8472,72876890,0,2995,2864,131,0.00000,3.37817
534F4C31,8473,72884734,0,2993,2863,130,0.00000,3.35238
534F4C31,8474,72888453,0,2993,2860,133,0.00000,3.42974
534F4C31,8475,72894478,0,2995,2863,132,0.00000,3.40396
534F4C31,8475,72896687,0,2994,2864,130,0.00000,3.35238
534F4C31,8475,72900858,0,2994,2863,131,0.00000,3.37817
534F4C31,8475,72904058,0,2992,2860,132,0.00000,3.40396
534F4C31,8475,72908520,0,2994,2864,130,0.00000,3.35238
534F4C31,8475,72913516,0,2993,2863,130,0.00000,3.35238
534F4C31,8475,72918520,0,2991,2866,125,0.00000,3.22344
534F4C31,8475,72923522,0,2993,2860,133,0.00000,3.42974
534F4C31,8475,72928519,0,2992,2860,132,0.00000,3.40396
534F4C31,8476,72933528,0,2993,2863,130,0.00000,3.35238
534F4C31,8477,72938535,0,2994,2862,132,0.00000,3.40396
534F4C31,8478,72944202,0,2995,2866,129,0.00000,3.32659
534F4C31,8478,72948520,0,2993,2866,127,0.00000,3.27502
534F4C31,8478,72953523,0,2998,2866,132,0.00000,3.40396
534F4C31,8478,72958522,0,2992,2863,129,0.00000,3.32659
534F4C31,8478,72963531,0,2997,2863,134,0.00000,3.45553
534F4C31,8478,72968525,0,2993,2862,131,0.00000,3.37817
534F4C31,8478,72973532,0,2992,2862,130,0.00000,3.35238
534F4C31,8478,72978520,0,2995,2864,131,0.00000,3.37817
534F4C31,8479,72983524,0,2993,2864,129,0.00000,3.32659
534F4C31,8480,72988534,0,2997,2863,134,0.00000,3.45553
534F4C31,8481,72993529,0,2991,2862,129,0.00000,3.32659
534F4C31,8481,72999803,0,2998,2860,138,0.00000,3.55868
534F4C31,8481,73003524,0,2993,2864,129,0.00000,3.32659
534F4C31,8481,73008550,0,2993,2864,129,0.00000,3.32659
534F4C31,8481,73013518,0,2994,2860,134,0.00000,3.45553
534F4C31,8481,73018524,0,2993,2864,129,0.00000,3.32659
534F4C31,8481,73023520,0,2993,2862,131,0.00000,3.37817
534F4C31,8481,73028519,0,2995,2861,134,0.00000,3.45553
534F4C31,8482,73033527,0,2996,2862,134,0.00000,3.45553
534F4C31,8483,73038532,0,2997,2864,133,0.00000,3.42974
534F4C31,8483,73043540,0,2996,2860,136,0.00000,3.50711
534F4C31,8483,73048531,0,2994,2865,129,0.00000,3.32659
534F4C31,8483,73053904,0,2993,2864,129,0.00000,3.32659
534F4C31,8483,73058535,0,2991,2864,127,0.00000,3.27502
534F4C31,8484,73064088,0,2998,2865,133,0.00000,3.42974
534F4C31,8485,73068523,0,2991,2863,128,0.00000,3.30081
534F4C31,8485,73073535,0,2994,2862,132,0.00000,3.40396
534F4C31,8486,73078548,0,3001,2865,136,0.00000,3.50711
534F4C31,8486,73083542,0,2989,2867,122,0.00000,3.14608
534F4C31,8487,73088861,0,3000,2866,134,0.00000,3.45553
534F4C31,8487,73093520,0,2991,2864,127,0.00000,3.27502
534F4C31,8488,73098533,0,2996,2867,129,0.00000,3.32659
534F4C31,8488,73103543,0,2990,2864,126,0.00000,3.24923
534F4C31,8488,73108517,0,2993,2864,129,0.00000,3.32659
534F4C31,8488,73113535,0,3000,2862,138,0.00000,3.55868
534F4C31,8489,73118538,0,2992,2862,130,0.00000,3.35238
534F4C31,8489,73123532,0,2992,2862,130,0.00000,3.35238
534F4C31,8489,73128524,0,2990,2864,126,0.00000,3.24923
534F4C31,8489,73133535,0,2998,2864,134,0.00000,3.45553
534F4C31,8490,73138568,0,2990,2863,127,0.00000,3.27502
534F4C31,8491,73143598,0,2998,2866,132,0.00000,3.40396
534F4C31,8492,73148541,0,2992,2865,127,0.00000,3.27502
534F4C31,8493,73153552,0,2993,2862,131,0.00000,3.37817
534F4C31,8494,73158538,0,2993,2865,128,0.00000,3.30081
534F4C31,8495,73163530,0,2992,2861,131,0.00000,3.37817
534F4C31,8496,73168538,0,2996,2863,133,0.00000,3.42974
534F4C31,8497,73173546,0,2992,2863,129,0.00000,3.32659
534F4C31,8498,73178533,0,2988,2861,127,0.00000,3.27502
534F4C31,8499,73183536,0,2997,2863,134,0.00000,3.45553
534F4C31,8500,73188550,0,2993,2865,128,0.00000,3.30081
534F4C31,8501,73193949,0,2996,2864,132,0.00000,3.40396
534F4C31,8502,73198853,0,2994,2862,132,0.00000,3.40396
534F4C31,8503,73203553,0,2996,2863,133,0.00000,3.42974
534F4C31,8504,73208538,0,2991,2860,131,0.00000,3.37817
534F4C31,8505,73213861,0,2993,2859,134,0.00000,3.45553
534F4C31,8506,73218538,0,2998,2861,137,0.00000,3.53289
534F4C31,8507,73223923,0,2996,2862,134,0.00000,3.45553
534F4C31,8508,73228532,0,2996,2865,131,0.00000,3.37817
534F4C31,8509,73233519,0,2994,2862,132,0.00000,3.40396
534F4C31,8510,73238545,0,2995,2865,130,0.00000,3.35238
534F4C31,8511,73244695,0,2997,2864,133,0.00000,3.42974
534F4C31,8512,73249663,0,2995,2859,136,0.00000,3.50711
534F4C31,8513,73253516,0,2990,2859,131,0.00000,3.37817
534F4C31,8514,73261353,0,2997,2861,136,0.00000,3.50711
534F4C31,8515,73267008,0,2993,2858,135,0.00000,3.48132
534F4C31,8516,73275033,0,2993,2858,135,0.00000,3.48132
534F4C31,8516,73278375,0,2997,2859,138,0.00000,3.55868
534F4C31,8517,73281764,0,2990,2861,129,0.00000,3.32659
534F4C31,8517,73285796,0,2999,2859,140,0.00000,3.61026
534F4C31,8517,73289040,0,2992,2859,133,0.00000,3.42974
534F4C31,8517,73293541,0,2993,2859,134,0.00000,3.45553
534F4C31,8517,73298524,0,2995,2860,135,0.00000,3.48132
534F4C31,8518,73303530,0,2994,2859,135,0.00000,3.48132
534F4C31,8518,73308615,0,2996,2860,136,0.00000,3.50711
534F4C31,8518,73313520,0,2995,2862,133,0.00000,3.42974
534F4C31,8519,73319070,0,2994,2858,136,0.00000,3.50711
534F4C31,8519,73323515,0,2993,2860,133,0.00000,3.42974
534F4C31,8520,73328526,0,2998,2860,138,0.00000,3.55868
534F4C31,8520,73333713,0,2993,2859,134,0.00000,3.45553
534F4C31,8520,73338516,0,3000,2860,140,0.00000,3.61026
534F4C31,8520,73343521,0,2993,2856,137,0.00000,3.53289
534F4C31,8520,73348551,0,2996,2861,135,0.00000,3.48132
534F4C31,8520,73353535,0,2994,2860,134,0.00000,3.45553
534F4C31,8521,73359042,0,2995,2861,134,0.00000,3.45553
534F4C31,8522,73363544,0,2993,2857,136,0.00000,3.50711
534F4C31,8522,73370019,0,2997,2858,139,0.00000,3.58447
534F4C31,8523,73374152,0,2988,2861,127,0.00000,3.27502
534F4C31,8523,73380320,0,2999,2860,139,0.00000,3.58447
534F4C31,8523,73383516,0,2992,2860,132,0.00000,3.40396
534F4C31,8523,73388549,0,2997,2862,135,0.00000,3.48132
534F4C31,8523,73393523,0,2997,2859,138,0.00000,3.55868
534F4C31,8523,73398519,0,2994,2857,137,0.00000,3.53289
534F4C31,8523,73403519,0,2991,2859,132,0.00000,3.40396
534F4C31,8523,73408522,0,2994,2858,136,0.00000,3.50711
534F4C31,8523,73413526,0,2997,2863,134,0.00000,3.45553
534F4C31,8524,73418521,0,2994,2858,136,0.00000,3.50711
534F4C31,8525,73423811,0,2993,2860,133,0.00000,3.42974
534F4C31,8526,73428874,0,2997,2861,136,0.00000,3.50711
534F4C31,8526,73433516,0,2999,2860,139,0.00000,3.58447
534F4C31,8526,73438518,0,2998,2860,138,0.00000,3.55868
534F4C31,8527,73443566,0,2992,2858,134,0.00000,3.45553
534F4C31,8527,73448517,0,2997,2859,138,0.00000,3.55868
534F4C31,8527,73453519,0,2996,2861,135,0.00000,3.48132
534F4C31,8527,73458518,0,2997,2859,138,0.00000,3.55868
534F4C31,8528,73463520,0,2999,2858,141,0.00000,3.63604
534F4C31,8528,73468558,0,2997,2859,138,0.00000,3.55868
534F4C31,8528,73473526,0,2992,2859,133,0.00000,3.42974
534F4C31,8528,73478519,0,2989,2861,128,0.00000,3.30081
534F4C31,8528,73483531,0,2992,2861,131,0.00000,3.37817
534F4C31,8529,73488565,0,2994,2859,135,0.00000,3.48132
534F4C31,8530,73493920,0,2996,2861,135,0.00000,3.48132
534F4C31,8531,73498561,0,2992,2859,133,0.00000,3.42974
534F4C31,8532,73503534,0,2997,2857,140,0.00000,3.61026
534F4C31,8533,73508610,0,2991,2859,132,0.00000,3.40396
534F4C31,8534,73513780,0,2991,2858,133,0.00000,3.42974
534F4C31,8535,73518573,0,2995,2858,137,0.00000,3.53289
534F4C31,8536,73523555,0,2989,2858,131,0.00000,3.37817
534F4C31,8537,73528543,0,2995,2860,135,0.00000,3.48132
534F4C31,8538,73533545,0,2989,2858,131,0.00000,3.37817
534F4C31,8539,73538541,0,2993,2858,135,0.00000,3.48132
534F4C31,8540,73543542,0,2995,2860,135,0.00000,3.48132
534F4C31,8541,73548555,0,2996,2857,139,0.00000,3.58447
534F4C31,8542,73554081,0,2997,2862,135,0.00000,3.48132
534F4C31,8543,73559675,0,2993,2855,138,0.00000,3.55868
534F4C31,8544,73563565,0,2992,2857,135,0.00000,3.48132
534F4C31,8545,73568923,0,2995,2860,135,0.00000,3.48132
534F4C31,8546,73573534,0,2992,2860,132,0.00000,3.40396
534F4C31,8547,73578560,0,2992,2860,132,0.00000,3.40396
534F4C31,8548,73583556,0,2993,2860,133,0.00000,3.42974
534F4C31,8549,73588535,0,2990,2858,132,0.00000,3.40396
534F4C31,8550,73597163,0,2994,2860,134,0.00000,3.45553
534F4C31,8551,73602796,0,2991,2859,132,0.00000,3.40396
534F4C31,8551,73607305,0,2997,2860,137,0.00000,3.53289
534F4C31,8551,73610824,0,2992,2860,132,0.00000,3.40396
534F4C31,8551,73614032,0,2993,2859,134,0.00000,3.45553
534F4C31,8551,73618521,0,2998,2859,139,0.00000,3.58447
534F4C31,8551,73623518,0,2992,2859,133,0.00000,3.42974
534F4C31,8551,73628532,0,2991,2858,133,0.00000,3.42974
534F4C31,8552,73633526,0,2991,2863,128,0.00000,3.30081
534F4C31,8552,73638523,0,2991,2859,132,0.00000,3.40396
534F4C31,8552,73643520,0,2994,2858,136,0.00000,3.50711
534F4C31,8552,73648531,0,2992,2858,134,0.00000,3.45553
534F4C31,8553,73653884,0,2996,2861,135,0.00000,3.48132
534F4C31,8553,73658520,0,2993,2859,134,0.00000,3.45553
534F4C31,8554,73663525,0,2993,2859,134,0.00000,3.45553
534F4C31,8554,73668525,0,2990,2858,132,0.00000,3.40396
534F4C31,8554,73673516,0,2987,2862,125,0.00000,3.22344
534F4C31,8554,73678534,0,2993,2857,136,0.00000,3.50711
534F4C31,8554,73683523,0,2992,2860,132,0.00000,3.40396
534F4C31,8554,73688518,0,2988,2858,130,0.00000,3.35238
534F4C31,8554,73693519,0,2990,2860,130,0.00000,3.35238
534F4C31,8554,73698520,0,2991,2856,135,0.00000,3.48132
534F4C31,8555,73703536,0,2992,2853,139,0.00000,3.58447
534F4C31,8555,73708522,0,2993,2857,136,0.00000,3.50711
534F4C31,8556,73713545,0,2991,2858,133,0.00000,3.42974
534F4C31,8557,73718523,0,2996,2860,136,0.00000,3.50711
534F4C31,8557,73726070,0,2991,2857,134,0.00000,3.45553
534F4C31,8557,73728685,0,2992,2861,131,0.00000,3.37817
534F4C31,8557,73733529,0,2993,2862,131,0.00000,3.37817
534F4C31,8558,73738536,0,2990,2858,132,0.00000,3.40396
534F4C31,8558,73743524,0,2990,2858,132,0.00000,3.40396
534F4C31,8558,73748524,0,2992,2855,137,0.00000,3.53289
534F4C31,8558,73753702,0,2992,2857,135,0.00000,3.48132
534F4C31,8559,73759006,0,2997,2858,139,0.00000,3.58447
534F4C31,8560,73763518,0,2991,2861,130,0.00000,3.35238
534F4C31,8561,73768545,0,2996,2859,137,0.00000,3.53289
534F4C31,8562,73773545,0,2992,2858,134,0.00000,3.45553
534F4C31,8563,73778537,0,2991,2856,135,0.00000,3.48132
534F4C31,8563,73783553,0,2990,2858,132,0.00000,3.40396
534F4C31,8564,73788528,0,2990,2856,134,0.00000,3.45553
534F4C31,8564,73793527,0,2994,2858,136,0.00000,3.50711
534F4C31,8564,73798524,0,2994,2858,136,0.00000,3.50711
534F4C31,8564,73803520,0,2990,2856,134,0.00000,3.45553
534F4C31,8564,73808522,0,2994,2859,135,0.00000,3.48132
534F4C31,8565,73813549,0,2992,2860,132,0.00000,3.40396
534F4C31,8566,73818564,0,2994,2858,136,0.00000,3.50711
534F4C31,8567,73823535,0,2992,2859,133,0.00000,3.42974
534F4C31,8568,73828534,0,2993,2857,136,0.00000,3.50711
534F4C31,8569,73833791,0,2995,2859,136,0.00000,3.50711
534F4C31,8570,73838544,0,2998,2858,140,0.00000,3.61026
534F4C31,8571,73843532,0,2988,2857,131,0.00000,3.37817
534F4C31,8572,73848568,0,2991,2855,136,0.00000,3.50711
534F4C31,8573,73853530,0,2990,2854,136,0.00000,3.50711
534F4C31,8574,73858534,0,2994,2853,141,0.00000,3.63604
534F4C31,8575,73863728,0,2994,2857,137,0.00000,3.53289
534F4C31,8576,73868555,0,2990,2855,135,0.00000,3.48132
534F4C31,8577,73874100,0,2992,2853,139,0.00000,3.58447
534F4C31,8578,73878555,0,2989,2856,133,0.00000,3.42974
534F4C31,8579,73883564,0,2995,2855,140,0.00000,3.61026
534F4C31,8580,73888564,0,2992,2855,137,0.00000,3.53289
534F4C31,8581,73893593,0,2989,2852,137,0.00000,3.53289
534F4C31,8582,73898541,0,2991,2851,140,0.00000,3.61026
534F4C31,8583,73903654,0,2996,2855,141,0.00000,3.63604
534F4C31,8583,73908526,0,2994,2856,138,0.00000,3.55868
534F4C31,8584,73913915,0,2990,2856,134,0.00000,3.45553
534F4C31,8585,73918614,0,2991,2853,138,0.00000,3.55868
534F4C31,8586,73923538,0,2987,2853,134,0.00000,3.45553
534F4C31,8587,73929219,0,2988,2850,138,0.00000,3.55868
534F4C31,8588,73934701,0,2992,2857,135,0.00000,3.48132
534F4C31,8589,73943293,0,2992,2856,136,0.00000,3.50711
534F4C31,8590,73949202,0,2990,2854,136,0.00000,3.50711
534F4C31,8591,73954761,0,2993,2854,139,0.00000,3.58447
534F4C31,8592,73958474,0,2990,2853,137,0.00000,3.53289
534F4C31,8592,73961736,0,2990,2853,137,0.00000,3.53289
534F4C31,8592,73966957,0,2991,2854,137,0.00000,3.53289
534F4C31,8592,73969800,0,2993,2856,137,0.00000,3.53289
534F4C31,8592,73973541,0,2994,2856,138,0.00000,3.55868
534F4C31,8592,73978528,0,2993,2856,137,0.00000,3.53289
534F4C31,8592,73983520,0,2991,2853,138,0.00000,3.55868
534F4C31,8592,73988539,0,2994,2854,140,0.00000,3.61026
534F4C31,8593,73993541,0,2993,2852,141,0.00000,3.63604
534F4C31,8593,73998535,0,2994,2856,138,0.00000,3.55868
534F4C31,8593,74003529,0,2995,2858,137,0.00000,3.53289
534F4C31,8593,74008525,0,2991,2854,137,0.00000,3.53289
534F4C31,8594,74013639,0,2990,2853,137,0.00000,3.53289
534F4C31,8595,74018689,0,2990,2851,139,0.00000,3.58447
534F4C31,8595,74024281,0,2994,2856,138,0.00000,3.55868
534F4C31,8596,74029011,0,2993,2855,138,0.00000,3.55868
534F4C31,8596,74033781,0,2995,2853,142,0.00000,3.66183
534F4C31,8596,74038518,0,2991,2855,136,0.00000,3.50711
534F4C31,8597,74043633,0,2996,2856,140,0.00000,3.61026
534F4C31,8597,74048534,0,2994,2855,139,0.00000,3.58447
534F4C31,8597,74053531,0,2997,2854,143,0.00000,3.68762
534F4C31,8597,74058518,0,2993,2858,135,0.00000,3.48132
534F4C31,8597,74063516,0,2994,2855,139,0.00000,3.58447
534F4C31,8597,74068521,0,2992,2855,137,0.00000,3.53289
534F4C31,8597,74073518,0,2994,2856,138,0.00000,3.55868
534F4C31,8597,74078516,0,2994,2855,139,0.00000,3.58447
534F4C31,8597,74083525,0,2992,2858,134,0.00000,3.45553
534F4C31,8598,74088521,0,2998,2857,141,0.00000,3.63604
534F4C31,8599,74094042,0,2998,2857,141,0.00000,3.63604
534F4C31,8599,74099006,0,2991,2857,134,0.00000,3.45553
534F4C31,8599,74103519,0,2995,2856,139,0.00000,3.58447
534F4C31,8600,74108535,0,2993,2857,136,0.00000,3.50711
534F4C31,8600,74113520,0,2993,2856,137,0.00000,3.53289
534F4C31,8600,74118558,0,2993,2858,135,0.00000,3.48132
534F4C31,8601,74123549,0,2991,2853,138,0.00000,3.55868
534F4C31,8601,74128523,0,2997,2855,142,0.00000,3.66183
534F4C31,8601,74133535,0,2990,2855,135,0.00000,3.48132
534F4C31,8601,74138526,0,2996,2856,140,0.00000,3.61026
534F4C31,8601,74143523,0,2996,2856,140,0.00000,3.61026
534F4C31,8601,74148520,0,2994,2857,137,0.00000,3.53289
534F4C31,8602,74153523,0,2992,2856,136,0.00000,3.50711
534F4C31,8602,74158715,0,2996,2856,140,0.00000,3.61026
534F4C31,8602,74163518,0,2992,2854,138,0.00000,3.55868
534F4C31,8602,74168527,0,2995,2855,140,0.00000,3.61026
534F4C31,8603,74173568,0,2990,2856,134,0.00000,3.45553
534F4C31,8604,74178561,0,2992,2857,135,0.00000,3.48132
534F4C31,8605,74183566,0,2991,2854,137,0.00000,3.53289
534F4C31,8606,74188658,0,2989,2856,133,0.00000,3.42974
534F4C31,8607,74193681,0,2993,2853,140,0.00000,3.61026
534F4C31,8608,74198554,0,2995,2857,138,0.00000,3.55868
534F4C31,8609,74203545,0,2994,2855,139,0.00000,3.58447
534F4C31,8610,74208559,0,2991,2854,137,0.00000,3.53289
534F4C31,8611,74213918,0,2989,2856,133,0.00000,3.42974
534F4C31,8612,74218525,0,2998,2859,139,0.00000,3.58447
534F4C31,8613,74223535,0,2990,2855,135,0.00000,3.48132
534F4C31,8614,74228519,0,2989,2856,133,0.00000,3.42974
534F4C31,8615,74233539,0,2995,2857,138,0.00000,3.55868
534F4C31,8616,74239473,0,2995,2859,136,0.00000,3.50711
534F4C31,8617,74243599,0,2997,2854,143,0.00000,3.68762
534F4C31,8618,74248615,0,2994,2856,138,0.00000,3.55868
534F4C31,8619,74253564,0,2991,2855,136,0.00000,3.50711
534F4C31,8620,74259291,0,2991,2857,134,0.00000,3.45553
534F4C31,8621,74263556,0,2988,2853,135,0.00000,3.48132
534F4C31,8622,74268546,0,2993,2858,135,0.00000,3.48132
534F4C31,8623,74273546,0,2997,2858,139,0.00000,3.58447
534F4C31,8624,74279009,0,2993,2857,136,0.00000,3.50711
534F4C31,8625,74284006,0,2992,2851,141,0.00000,3.63604
534F4C31,8626,74289453,0,2989,2854,135,0.00000,3.48132
534F4C31,8627,74293530,0,2994,2858,136,0.00000,3.50711
534F4C31,8628,74304204,0,2994,2855,139,0.00000,3.58447
534F4C31,8629,74311022,0,2992,2858,134,0.00000,3.45553
534F4C31,8629,74315852,0,2993,2857,136,0.00000,3.50711
534F4C31,8629,74318182,0,2994,2858,136,0.00000,3.50711
534F4C31,8629,74320249,0,2993,2852,141,0.00000,3.63604
534F4C31,8630,74324185,0,2989,2853,136,0.00000,3.50711
534F4C31,8630,74328765,0,2994,2859,135,0.00000,3.48132
534F4C31,8631,74333528,0,2987,2853,134,0.00000,3.45553
534F4C31,8631,74338518,0,2989,2852,137,0.00000,3.53289
534F4C31,8632,74343532,0,2995,2855,140,0.00000,3.61026
534F4C31,8633,74348854,0,2993,2855,138,0.00000,3.55868
534F4C31,8633,74354089,0,2992,2853,139,0.00000,3.58447
534F4C31,8634,74358535,0,2996,2854,142,0.00000,3.66183
534F4C31,8634,74363519,0,2992,2854,138,0.00000,3.55868
534F4C31,8634,74368566,0,2993,2854,139,0.00000,3.58447
534F4C31,8635,74373536,0,2992,2856,136,0.00000,3.50711
534F4C31,8635,74378578,0,2990,2854,136,0.00000,3.50711
534F4C31,8636,74383535,0,2998,2855,143,0.00000,3.68762
534F4C31,8637,74388918,0,2995,2856,139,0.00000,3.58447
534F4C31,8637,74394450,0,2995,2856,139,0.00000,3.58447
534F4C31,8637,74398520,0,2997,2855,142,0.00000,3.66183
534F4C31,8637,74403525,0,2993,2852,141,0.00000,3.63604
534F4C31,8637,74408581,0,2995,2857,138,0.00000,3.55868
534F4C31,8637,74413521,0,2993,2854,139,0.00000,3.58447
534F4C31,8637,74418518,0,2993,2854,139,0.00000,3.58447
534F4C31,8638,74423569,0,2994,2855,139,0.00000,3.58447
534F4C31,8639,74429243,0,2995,2856,139,0.00000,3.58447
534F4C31,8639,74433523,0,2998,2857,141,0.00000,3.63604
534F4C31,8640,74438761,0,2994,2853,141,0.00000,3.63604
534F4C31,8640,74443520,0,2993,2855,138,0.00000,3.55868
534F4C31,8641,74448702,0,2992,2854,138,0.00000,3.55868
534F4C31,8642,74453562,0,2994,2856,138,0.00000,3.55868
534F4C31,8642,74458523,0,2995,2855,140,0.00000,3.61026
534F4C31,8643,74463558,0,2993,2855,138,0.00000,3.55868
534F4C31,8644,74468564,0,2994,2853,141,0.00000,3.63604
534F4C31,8645,74473523,0,2993,2857,136,0.00000,3.50711
534F4C31,8645,74478542,0,2992,2856,136,0.00000,3.50711
534F4C31,8645,74483545,0,2992,2856,136,0.00000,3.50711
534F4C31,8646,74488528,0,2993,2856,137,0.00000,3.53289
534F4C31,8646,74493554,0,2991,2852,139,0.00000,3.58447
534F4C31,8646,74498521,0,2992,2851,141,0.00000,3.63604
534F4C31,8646,74503518,0,2992,2850,142,0.00000,3.66183
534F4C31,8647,74508518,0,2993,2852,141,0.00000,3.63604
534F4C31,8647,74513521,0,2983,2850,133,0.00000,3.42974
534F4C31,8647,74518533,0,2997,2847,150,0.00000,3.86813
534F4C31,8647,74523574,0,2992,2853,139,0.00000,3.58447
534F4C31,8648,74528539,0,2995,2849,146,0.00000,3.76498
534F4C31,8648,74533518,0,2993,2852,141,0.00000,3.63604
534F4C31,8649,74538530,0,2988,2850,138,0.00000,3.55868
534F4C31,8650,74543546,0,2995,2848,147,0.00000,3.79077
534F4C31,8651,74548541,0,2995,2850,145,0.00000,3.73919
534F4C31,8652,74553732,0,2993,2850,143,0.00000,3.68762
534F4C31,8653,74558567,0,2994,2846,148,0.00000,3.81656
534F4C31,8654,74563538,0,2995,2852,143,0.00000,3.68762
534F4C31,8655,74568536,0,2992,2855,137,0.00000,3.53289
534F4C31,8656,74573543,0,2995,2852,143,0.00000,3.68762
534F4C31,8657,74578559,0,2988,2849,139,0.00000,3.58447
534F4C31,8658,74583569,0,2990,2848,142,0.00000,3.66183
534F4C31,8659,74589852,0,2988,2848,140,0.00000,3.61026
534F4C31,8660,74593519,0,2993,2851,142,0.00000,3.66183
534F4C31,8661,74599532,0,2990,2853,137,0.00000,3.53289
534F4C31,8662,74605508,0,2990,2852,138,0.00000,3.55868
534F4C31,8663,74613451,0,2996,2853,143,0.00000,3.68762
534F4C31,8664,74617741,0,2991,2851,140,0.00000,3.61026
534F4C31,8664,74623011,0,2995,2855,140,0.00000,3.61026
534F4C31,8664,74625521,0,2993,2851,142,0.00000,3.66183
534F4C31,8664,74628546,0,2995,2850,145,0.00000,3.73919
534F4C31,8665,74634092,0,2994,2852,142,0.00000,3.66183
534F4C31,8666,74638542,0,2995,2851,144,0.00000,3.71341
534F4C31,8666,74643520,0,2994,2853,141,0.00000,3.63604
534F4C31,8666,74648528,0,2991,2855,136,0.00000,3.50711
534F4C31,8666,74653522,0,2993,2852,141,0.00000,3.63604
534F4C31,8667,74658528,0,2988,2852,136,0.00000,3.50711
534F4C31,8667,74663531,0,2991,2850,141,0.00000,3.63604
534F4C31,8668,74668932,0,2990,2851,139,0.00000,3.58447
534F4C31,8669,74673743,0,2991,2854,137,0.00000,3.53289
534F4C31,8669,74678540,0,2993,2856,137,0.00000,3.53289
534F4C31,8670,74683546,0,2989,2850,139,0.00000,3.58447
534F4C31,8671,74688691,0,2995,2857,138,0.00000,3.55868
534F4C31,8671,74693917,0,2993,2851,142,0.00000,3.66183
534F4C31,8672,74698728,0,2993,2849,144,0.00000,3.71341
534F4C31,8672,74703590,0,2995,2854,141,0.00000,3.63604
534F4C31,8672,74708517,0,2992,2849,143,0.00000,3.68762
534F4C31,8673,74713536,0,2989,2852,137,0.00000,3.53289
534F4C31,8673,74718544,0,2992,2848,144,0.00000,3.71341
534F4C31,8673,74723523,0,2997,2850,147,0.00000,3.79077
534F4C31,8673,74728518,0,2994,2852,142,0.00000,3.66183
534F4C31,8674,74733537,0,2992,2847,145,0.00000,3.73919
534F4C31,8675,74738517,0,2991,2849,142,0.00000,3.66183
534F4C31,8676,74743543,0,2994,2851,143,0.00000,3.68762
534F4C31,8677,74748520,0,2991,2850,141,0.00000,3.63604
534F4C31,8678,74753516,0,2993,2851,142,0.00000,3.66183
534F4C31,8679,74758715,0,2994,2852,142,0.00000,3.66183
534F4C31,8679,74763914,0,2990,2851,139,0.00000,3.58447
534F4C31,8680,74768535,0,2991,2851,140,0.00000,3.61026
534F4C31,8680,74773532,0,2998,2851,147,0.00000,3.79077
534F4C31,8680,74778544,0,2989,2851,138,0.00000,3.55868
534F4C31,8681,74783524,0,2994,2851,143,0.00000,3.68762
534F4C31,8681,74788752,0,2989,2852,137,0.00000,3.53289
534F4C31,8682,74793561,0,2996,2852,144,0.00000,3.71341
534F4C31,8683,74798515,0,2992,2850,142,0.00000,3.66183
534F4C31,8683,74803521,0,2989,2850,139,0.00000,3.58447
534F4C31,8684,74808524,0,2993,2849,144,0.00000,3.71341
534F4C31,8684,74813645,0,2989,2853,136,0.00000,3.50711
534F4C31,8684,74818520,0,2994,2849,145,0.00000,3.73919
534F4C31,8685,74823534,0,2994,2849,145,0.00000,3.73919
534F4C31,8685,74828532,0,2993,2854,139,0.00000,3.58447
534F4C31,8685,74833551,0,2997,2849,148,0.00000,3.81656
534F4C31,8686,74838533,0,2992,2851,141,0.00000,3.63604
534F4C31,8686,74843534,0,2990,2853,137,0.00000,3.53289
534F4C31,8687,74848538,0,2991,2853,138,0.00000,3.55868
534F4C31,8687,74853553,0,2998,2848,150,0.00000,3.86813
534F4C31,8688,74858531,0,2995,2853,142,0.00000,3.66183
534F4C31,8689,74863545,0,2988,2853,135,0.00000,3.48132
534F4C31,8690,74868526,0,2995,2853,142,0.00000,3.66183
534F4C31,8691,74873558,0,2996,2857,139,0.00000,3.58447
534F4C31,8692,74878958,0,2993,2851,142,0.00000,3.66183
534F4C31,8693,74884647,0,2989,2852,137,0.00000,3.53289
534F4C31,8694,74888521,0,2993,2854,139,0.00000,3.58447
534F4C31,8694,74894137,0,2999,2852,147,0.00000,3.79077
534F4C31,8695,74898712,0,2995,2853,142,0.00000,3.66183
534F4C31,8696,74903960,0,2993,2851,142,0.00000,3.66183
534F4C31,8697,74909693,0,2994,2848,146,0.00000,3.76498
534F4C31,8698,74914259,0,2992,2852,140,0.00000,3.61026
534F4C31,8699,74923790,0,2991,2854,137,0.00000,3.53289
534F4C31,8700,74927803,0,2993,2851,142,0.00000,3.66183
534F4C31,8701,74932975,0,2992,2854,138,0.00000,3.55868
534F4C31,8701,74939746,0,2991,2855,136,0.00000,3.50711
534F4C31,8701,74944447,0,2990,2850,140,0.00000,3.61026
534F4C31,8701,74946551,0,2992,2851,141,0.00000,3.63604
534F4C31,8701,74949354,0,2989,2853,136,0.00000,3.50711
534F4C31,8701,74953520,0,2994,2849,145,0.00000,3.73919
534F4C31,8701,74958518,0,2996,2848,148,0.00000,3.81656
534F4C31,8701,74963520,0,2995,2850,145,0.00000,3.73919
534F4C31,8701,74968518,0,2995,2854,141,0.00000,3.63604
534F4C31,8702,74974416,0,2990,2851,139,0.00000,3.58447
534F4C31,8703,74978599,0,2991,2853,138,0.00000,3.55868
534F4C31,8703,74983546,0,2991,2852,139,0.00000,3.58447
534F4C31,8703,74988528,0,2992,2854,138,0.00000,3.55868
534F4C31,8704,74993569,0,2992,2855,137,0.00000,3.53289
534F4C31,8705,74998617,0,2993,2850,143,0.00000,3.68762
534F4C31,8706,75003790,0,2992,2855,137,0.00000,3.53289
534F4C31,8707,75008825,0,2993,2850,143,0.00000,3.68762
534F4C31,8707,75015507,0,2996,2851,145,0.00000,3.73919
534F4C31,8707,75018518,0,2997,2849,148,0.00000,3.81656
534F4C31,8707,75023531,0,2990,2854,136,0.00000,3.50711
534F4C31,8707,75028524,0,2994,2855,139,0.00000,3.58447
534F4C31,8707,75033515,0,2996,2849,147,0.00000,3.79077
534F4C31,8707,75038520,0,2991,2853,138,0.00000,3.55868
534F4C31,8708,75043534,0,2989,2854,135,0.00000,3.48132
534F4C31,8709,75049141,0,2993,2851,142,0.00000,3.66183
534F4C31,8709,75053523,0,2987,2850,137,0.00000,3.53289
534F4C31,8709,75058519,0,2992,2854,138,0.00000,3.55868
534F4C31,8709,75063676,0,2992,2852,140,0.00000,3.61026
534F4C31,8709,75068518,0,2993,2854,139,0.00000,3.58447
534F4C31,8709,75073518,0,2995,2851,144,0.00000,3.71341
534F4C31,8709,75078516,0,2992,2851,141,0.00000,3.63604
534F4C31,8709,75083521,0,2996,2852,144,0.00000,3.71341
534F4C31,8709,75088520,0,2987,2850,137,0.00000,3.53289
534F4C31,8709,75093520,0,2994,2850,144,0.00000,3.71341
534F4C31,8709,75098520,0,2992,2850,142,0.00000,3.66183
534F4C31,8709,75103532,0,2989,2852,137,0.00000,3.53289
534F4C31,8709,75108518,0,2998,2852,146,0.00000,3.76498
534F4C31,8709,75114069,0,2994,2853,141,0.00000,3.63604
534F4C31,8709,75118514,0,2994,2853,141,0.00000,3.63604
534F4C31,8710,75125400,0,2989,2857,132,0.00000,3.40396
534F4C31,8711,75128599,0,2994,2856,138,0.00000,3.55868
534F4C31,8711,75133532,0,2993,2852,141,0.00000,3.63604
534F4C31,8711,75138538,0,2991,2853,138,0.00000,3.55868
534F4C31,8711,75143517,0,2992,2850,142,0.00000,3.66183
534F4C31,8712,75148809,0,2994,2851,143,0.00000,3.68762
534F4C31,8712,75153530,0,2994,2851,143,0.00000,3.68762
534F4C31,8713,75158529,0,2994,2857,137,0.00000,3.53289
534F4C31,8713,75164002,0,2995,2851,144,0.00000,3.71341
534F4C31,8713,75168520,0,2992,2845,147,0.00000,3.79077
534F4C31,8713,75173527,0,2992,2847,145,0.00000,3.73919
534F4C31,8714,75178541,0,2992,2846,146,0.00000,3.76498
534F4C31,8715,75183537,0,2996,2847,149,0.00000,3.84234
534F4C31,8715,75188687,0,2993,2850,143,0.00000,3.68762
534F4C31,8715,75193529,0,2991,2846,145,0.00000,3.73919
534F4C31,8716,75199047,0,2991,2848,143,0.00000,3.68762
534F4C31,8717,75204253,0,2993,2848,145,0.00000,3.73919
534F4C31,8717,75208526,0,2995,2847,148,0.00000,3.81656
534F4C31,8718,75213835,0,2993,2848,145,0.00000,3.73919
534F4C31,8718,75218527,0,2993,2846,147,0.00000,3.79077
534F4C31,8719,75223561,0,3000,2850,150,0.00000,3.86813
534F4C31,8720,75228522,0,2991,2849,142,0.00000,3.66183
534F4C31,8720,75233603,0,2989,2850,139,0.00000,3.58447
534F4C31,8720,75238531,0,2989,2846,143,0.00000,3.68762
534F4C31,8720,75243518,0,2991,2847,144,0.00000,3.71341
534F4C31,8721,75248729,0,2989,2847,142,0.00000,3.66183
534F4C31,8722,75253610,0,2989,2847,142,0.00000,3.66183
534F4C31,8723,75259103,0,2996,2848,148,0.00000,3.81656
534F4C31,8724,75263537,0,2993,2848,145,0.00000,3.73919
534F4C31,8724,75268959,0,2993,2850,143,0.00000,3.68762
534F4C31,8725,75273594,0,2991,2852,139,0.00000,3.58447
534F4C31,8726,75278570,0,2992,2847,145,0.00000,3.73919
534F4C31,8726,75283546,0,2991,2846,145,0.00000,3.73919
534F4C31,8726,75288530,0,2993,2850,143,0.00000,3.68762
534F4C31,8726,75293531,0,2997,2844,153,0.00000,3.94549
534F4C31,8727,75299095,0,2990,2847,143,0.00000,3.68762
534F4C31,8727,75303516,0,2994,2847,147,0.00000,3.79077
534F4C31,8728,75308531,0,2993,2848,145,0.00000,3.73919
534F4C31,8728,75313628,0,2995,2851,144,0.00000,3.71341
534F4C31,8728,75319005,0,2994,2850,144,0.00000,3.71341
534F4C31,8728,75323520,0,2995,2847,148,0.00000,3.81656
534F4C31,8729,75328550,0,2990,2850,140,0.00000,3.61026
534F4C31,8730,75333565,0,2994,2850,144,0.00000,3.71341
534F4C31,8731,75338564,0,2987,2852,135,0.00000,3.48132
534F4C31,8732,75343527,0,2993,2849,144,0.00000,3.71341
534F4C31,8733,75348521,0,2992,2849,143,0.00000,3.68762
534F4C31,8734,75353557,0,2995,2846,149,0.00000,3.84234
534F4C31,8735,75359799,0,2996,2847,149,0.00000,3.84234
534F4C31,8736,75363773,0,2993,2847,146,0.00000,3.76498
534F4C31,8736,75369610,0,2993,2849,144,0.00000,3.71341
534F4C31,8736,75373531,0,2995,2847,148,0.00000,3.81656
534F4C31,8737,75378524,0,2993,2849,144,0.00000,3.71341
534F4C31,8737,75383522,0,2996,2848,148,0.00000,3.81656
534F4C31,8737,75388524,0,2990,2849,141,0.00000,3.63604
534F4C31,8737,75393913,0,2991,2846,145,0.00000,3.73919
534F4C31,8737,75398528,0,2993,2848,145,0.00000,3.73919
534F4C31,8737,75403523,0,2995,2849,146,0.00000,3.76498
534F4C31,8738,75408536,0,2993,2846,147,0.00000,3.79077
534F4C31,8739,75413794,0,2998,2846,152,0.00000,3.91971
534F4C31,8740,75418711,0,2992,2845,147,0.00000,3.79077
534F4C31,8741,75426335,0,2992,2851,141,0.00000,3.63604
534F4C31,8741,75429861,0,2996,2845,151,0.00000,3.89392
534F4C31,8742,75433555,0,2993,2846,147,0.00000,3.79077
534F4C31,8742,75439403,0,2990,2846,144,0.00000,3.71341
534F4C31,8743,75443543,0,2993,2850,143,0.00000,3.68762
534F4C31,8744,75448506,0,2996,2847,149,0.00000,3.84234
534F4C31,8744,75454079,0,2996,2852,144,0.00000,3.71341
534F4C31,8744,75458536,0,2993,2848,145,0.00000,3.73919
534F4C31,8745,75463528,0,2996,2848,148,0.00000,3.81656
534F4C31,8746,75469136,0,2992,2845,147,0.00000,3.79077
534F4C31,8747,75473817,0,2993,2850,143,0.00000,3.68762
534F4C31,8747,75478536,0,2991,2850,141,0.00000,3.63604
534F4C31,8748,75483541,0,2993,2851,142,0.00000,3.66183
534F4C31,8749,75489097,0,2992,2848,144,0.00000,3.71341
534F4C31,8750,75493528,0,2993,2848,145,0.00000,3.73919
534F4C31,8750,75499531,0,2994,2848,146,0.00000,3.76498
534F4C31,8750,75503517,0,2990,2852,138,0.00000,3.55868
534F4C31,8750,75508537,0,2990,2848,142,0.00000,3.66183
534F4C31,8750,75513641,0,2993,2846,147,0.00000,3.79077
534F4C31,8751,75518533,0,2990,2849,141,0.00000,3.63604
534F4C31,8752,75525190,0,2993,2851,142,0.00000,3.66183
534F4C31,8752,75529657,0,2990,2846,144,0.00000,3.71341
534F4C31,8752,75533548,0,2993,2850,143,0.00000,3.68762
534F4C31,8752,75538526,0,2995,2848,147,0.00000,3.79077
534F4C31,8753,75543566,0,2995,2846,149,0.00000,3.84234
534F4C31,8753,75548740,0,2997,2846,151,0.00000,3.89392
534F4C31,8754,75553526,0,2997,2846,151,0.00000,3.89392
534F4C31,8754,75558528,0,2995,2849,146,0.00000,3.76498
534F4C31,8754,75563595,0,2996,2848,148,0.00000,3.81656
534F4C31,8755,75568520,0,2987,2845,142,0.00000,3.66183
534F4C31,8755,75573655,0,2991,2848,143,0.00000,3.68762
534F4C31,8756,75578573,0,2993,2847,146,0.00000,3.76498
534F4C31,8757,75583853,0,2993,2843,150,0.00000,3.86813
534F4C31,8757,75588529,0,2990,2845,145,0.00000,3.73919
534F4C31,8758,75593560,0,2989,2848,141,0.00000,3.63604
534F4C31,8759,75598900,0,2991,2849,142,0.00000,3.66183
534F4C31,8759,75603520,0,2989,2844,145,0.00000,3.73919
534F4C31,8760,75608572,0,2996,2848,148,0.00000,3.81656
534F4C31,8761,75614226,0,2990,2849,141,0.00000,3.63604
534F4C31,8761,75619260,0,2994,2849,145,0.00000,3.73919
534F4C31,8761,75623524,0,2995,2847,148,0.00000,3.81656
534F4C31,8761,75628546,0,2995,2846,149,0.00000,3.84234
534F4C31,8762,75633530,0,2992,2846,146,0.00000,3.76498
534F4C31,8762,75638562,0,2997,2848,149,0.00000,3.84234
534F4C31,8763,75644931,0,3000,2850,150,0.00000,3.86813
534F4C31,8764,75648769,0,2996,2844,152,0.00000,3.91971
534F4C31,8765,75653537,0,2992,2847,145,0.00000,3.73919
534F4C31,8765,75659379,0,2993,2848,145,0.00000,3.73919
534F4C31,8765,75663522,0,2995,2846,149,0.00000,3.84234
534F4C31,8766,75668573,0,2996,2851,145,0.00000,3.73919
534F4C31,8767,75673515,0,2995,2846,149,0.00000,3.84234
534F4C31,8768,75678527,0,2989,2849,140,0.00000,3.61026
534F4C31,8769,75684232,0,2993,2845,148,0.00000,3.81656
534F4C31,8770,75689124,0,2994,2846,148,0.00000,3.81656
534F4C31,8770,75695407,0,2994,2846,148,0.00000,3.81656
534F4C31,8770,75698548,0,2998,2848,150,0.00000,3.86813
534F4C31,8770,75703542,0,2993,2847,146,0.00000,3.76498
534F4C31,8771,75708564,0,2994,2849,145,0.00000,3.73919
534F4C31,8772,75713530,0,2994,2846,148,0.00000,3.81656
534F4C31,8772,75719442,0,2992,2845,147,0.00000,3.79077
534F4C31,8772,75723528,0,2991,2850,141,0.00000,3.63604
534F4C31,8773,75728537,0,2999,2846,153,0.00000,3.94549
534F4C31,8774,75733672,0,2993,2847,146,0.00000,3.76498
534F4C31,8775,75738546,0,2996,2847,149,0.00000,3.84234
534F4C31,8775,75743516,0,2995,2849,146,0.00000,3.76498
534F4C31,8775,75748824,0,2992,2845,147,0.00000,3.79077
534F4C31,8776,75753532,0,2988,2844,144,0.00000,3.71341
534F4C31,8776,75759075,0,2989,2847,142,0.00000,3.66183
534F4C31,8776,75763537,0,2990,2843,147,0.00000,3.79077
534F4C31,8777,75768534,0,2994,2849,145,0.00000,3.73919
534F4C31,8777,75773538,0,2991,2846,145,0.00000,3.73919
534F4C31,8778,75778574,0,2987,2846,141,0.00000,3.63604
534F4C31,8779,75783502,0,2992,2847,145,0.00000,3.73919
534F4C31,8779,75788533,0,2993,2847,146,0.00000,3.76498
534F4C31,8780,75793523,0,2993,2851,142,0.00000,3.66183
534F4C31,8780,75799241,0,2993,2849,144,0.00000,3.71341
534F4C31,8780,75803518,0,2994,2849,145,0.00000,3.73919
534F4C31,8781,75808526,0,2993,2846,147,0.00000,3.79077
534F4C31,8782,75813529,0,2996,2847,149,0.00000,3.84234
534F4C31,8783,75819983,0,2994,2847,147,0.00000,3.79077
534F4C31,8783,75823990,0,2989,2850,139,0.00000,3.58447
534F4C31,8783,75828571,0,2988,2843,145,0.00000,3.73919
534F4C31,8783,75833525,0,2991,2840,151,0.00000,3.89392
534F4C31,8783,75838523,0,2994,2842,152,0.00000,3.91971
534F4C31,8783,75843524,0,2991,2844,147,0.00000,3.79077
534F4C31,8784,75848560,0,2992,2843,149,0.00000,3.84234
534F4C31,8785,75853872,0,2995,2841,154,0.00000,3.97128
534F4C31,8786,75859008,0,2993,2842,151,0.00000,3.89392
534F4C31,8787,75865023,0,2989,2845,144,0.00000,3.71341
534F4C31,8787,75868794,0,2993,2842,151,0.00000,3.89392
534F4C31,8787,75873964,0,2994,2844,150,0.00000,3.86813
534F4C31,8787,75878567,0,2994,2843,151,0.00000,3.89392
534F4C31,8787,75883530,0,2996,2845,151,0.00000,3.89392
534F4C31,8787,75888564,0,2990,2844,146,0.00000,3.76498
534F4C31,8788,75893540,0,2991,2848,143,0.00000,3.68762
534F4C31,8789,75898533,0,2995,2847,148,0.00000,3.81656
534F4C31,8790,75903626,0,2996,2847,149,0.00000,3.84234
534F4C31,8791,75908559,0,2992,2849,143,0.00000,3.68762
534F4C31,8791,75913526,0,2988,2848,140,0.00000,3.61026
534F4C31,8792,75918947,0,2991,2847,144,0.00000,3.71341
534F4C31,8793,75923778,0,2994,2847,147,0.00000,3.79077
534F4C31,8793,75929774,0,2993,2843,150,0.00000,3.86813
534F4C31,8794,75933552,0,2994,2848,146,0.00000,3.76498
534F4C31,8794,75938529,0,2995,2847,148,0.00000,3.81656
534F4C31,8794,75943921,0,2993,2844,149,0.00000,3.84234
534F4C31,8794,75948593,0,2995,2846,149,0.00000,3.84234
534F4C31,8795,75953535,0,2996,2848,148,0.00000,3.81656
534F4C31,8796,75958527,0,2992,2847,145,0.00000,3.73919
534F4C31,8797,75963600,0,2996,2845,151,0.00000,3.89392
534F4C31,8797,75968514,0,2995,2843,152,0.00000,3.91971
534F4C31,8797,75973529,0,2992,2844,148,0.00000,3.81656
534F4C31,8798,75978839,0,2990,2847,143,0.00000,3.68762
534F4C31,8799,75983668,0,2992,2847,145,0.00000,3.73919
534F4C31,8800,75988844,0,2993,2846,147,0.00000,3.79077
534F4C31,8800,75993518,0,2998,2849,149,0.00000,3.84234
534F4C31,8801,75998615,0,2994,2848,146,0.00000,3.76498
534F4C31,8802,76003541,0,2992,2848,144,0.00000,3.71341
534F4C31,8802,76008559,0,2992,2849,143,0.00000,3.68762
534F4C31,8802,76013536,0,2996,2851,145,0.00000,3.73919
534F4C31,8803,76018545,0,2991,2845,146,0.00000,3.76498
534F4C31,8803,76023954,0,2992,2849,143,0.00000,3.68762
534F4C31,8804,76028530,0,2995,2849,146,0.00000,3.76498
534F4C31,8805,76033699,0,2993,2848,145,0.00000,3.73919
534F4C31,8805,76039373,0,2992,2848,144,0.00000,3.71341
534F4C31,8806,76043922,0,2993,2848,145,0.00000,3.73919
534F4C31,8806,76048532,0,2989,2847,142,0.00000,3.66183
534F4C31,8807,76053667,0,2993,2849,144,0.00000,3.71341
534F4C31,8807,76058614,0,2990,2849,141,0.00000,3.63604
534F4C31,8808,76064136,0,2989,2847,142,0.00000,3.66183
534F4C31,8808,76068525,0,2990,2846,144,0.00000,3.71341
534F4C31,8808,76073524,0,2995,2847,148,0.00000,3.81656
534F4C31,8808,76078536,0,2997,2848,149,0.00000,3.84234
534F4C31,8809,76083519,0,2990,2846,144,0.00000,3.71341
534F4C31,8810,76088844,0,2995,2844,151,0.00000,3.89392
534F4C31,8810,76093768,0,2992,2847,145,0.00000,3.73919
534F4C31,8811,76098516,0,2992,2845,147,0.00000,3.79077
534F4C31,8812,76103531,0,2991,2844,147,0.00000,3.79077
534F4C31,8813,76108534,0,2989,2847,142,0.00000,3.66183
534F4C31,8813,76113778,0,2992,2847,145,0.00000,3.73919
534F4C31,8814,76118561,0,2993,2848,145,0.00000,3.73919
534F4C31,8814,76124796,0,2992,2851,141,0.00000,3.63604
534F4C31,8814,76128567,0,2994,2847,147,0.00000,3.79077
534F4C31,8815,76133536,0,2998,2849,149,0.00000,3.84234
534F4C31,8816,76139387,0,2989,2848,141,0.00000,3.63604
534F4C31,8816,76143862,0,2991,2850,141,0.00000,3.63604
534F4C31,8816,76148557,0,2991,2848,143,0.00000,3.68762
534F4C31,8817,76153518,0,2992,2847,145,0.00000,3.73919
534F4C31,8817,76158640,0,2994,2850,144,0.00000,3.71341
534F4C31,8818,76163553,0,2992,2847,145,0.00000,3.73919
534F4C31,8818,76168838,0,2992,2848,144,0.00000,3.71341
534F4C31,8819,76173765,0,2994,2846,148,0.00000,3.81656
534F4C31,8819,76178563,0,2997,2845,152,0.00000,3.91971
534F4C31,8820,76183531,0,2990,2850,140,0.00000,3.61026
534F4C31,8821,76188742,0,2994,2852,142,0.00000,3.66183
534F4C31,8822,76193533,0,2988,2848,140,0.00000,3.61026
534F4C31,8823,76198554,0,2991,2844,147,0.00000,3.79077
534F4C31,8824,76204622,0,2997,2846,151,0.00000,3.89392
534F4C31,8825,76209895,0,2992,2849,143,0.00000,3.68762
534F4C31,8825,76213660,0,2997,2849,148,0.00000,3.81656
534F4C31,8826,76218558,0,2992,2845,147,0.00000,3.79077
534F4C31,8827,76223525,0,2995,2845,150,0.00000,3.86813
534F4C31,8827,76228528,0,2997,2846,151,0.00000,3.89392
534F4C31,8828,76233533,0,2989,2849,140,0.00000,3.61026
534F4C31,8829,76238529,0,2990,2850,140,0.00000,3.61026
534F4C31,8829,76244236,0,2994,2849,145,0.00000,3.73919
534F4C31,8829,76248524,0,2992,2847,145,0.00000,3.73919
534F4C31,8829,76253533,0,2998,2846,152,0.00000,3.91971
534F4C31,8829,76258522,0,2992,2847,145,0.00000,3.73919
534F4C31,8829,76263537,0,2990,2845,145,0.00000,3.73919
534F4C31,8830,76268554,0,2993,2847,146,0.00000,3.76498
534F4C31,8831,76273521,0,2989,2844,145,0.00000,3.73919
534F4C31,8831,76278533,0,2992,2849,143,0.00000,3.68762
534F4C31,8831,76283561,0,2991,2843,148,0.00000,3.81656
534F4C31,8832,76288655,0,2990,2846,144,0.00000,3.71341
534F4C31,8832,76293568,0,2994,2851,143,0.00000,3.68762
534F4C31,8832,76298528,0,2994,2846,148,0.00000,3.81656
534F4C31,8833,76303537,0,2991,2846,145,0.00000,3.73919
534F4C31,8834,76308584,0,2993,2850,143,0.00000,3.68762
534F4C31,8835,76313872,0,2989,2846,143,0.00000,3.68762
534F4C31,8835,76319186,0,2990,2849,141,0.00000,3.63604
534F4C31,8836,76323518,0,2998,2847,151,0.00000,3.89392
534F4C31,8837,76329571,0,2992,2844,148,0.00000,3.81656
534F4C31,8838,76335557,0,2992,2848,144,0.00000,3.71341
534F4C31,8838,76339894,0,2994,2846,148,0.00000,3.81656
534F4C31,8838,76344760,0,2992,2845,147,0.00000,3.79077
534F4C31,8838,76348853,0,2987,2846,141,0.00000,3.63604
534F4C31,8838,76353519,0,2992,2847,145,0.00000,3.73919
534F4C31,8839,76358574,0,2989,2849,140,0.00000,3.61026
534F4C31,8840,76363608,0,2994,2844,150,0.00000,3.86813
534F4C31,8841,76369400,0,2992,2847,145,0.00000,3.73919
534F4C31,8842,76373912,0,2995,2847,148,0.00000,3.81656
534F4C31,8842,76378843,0,2992,2844,148,0.00000,3.81656
534F4C31,8842,76383886,0,2994,2849,145,0.00000,3.73919
534F4C31,8842,76388520,0,2995,2844,151,0.00000,3.89392
534F4C31,8843,76393828,0,2993,2846,147,0.00000,3.79077
534F4C31,8843,76398530,0,2995,2848,147,0.00000,3.79077
534F4C31,8843,76403546,0,2993,2849,144,0.00000,3.71341
534F4C31,8844,76408527,0,2993,2845,148,0.00000,3.81656
534F4C31,8844,76413534,0,2992,2848,144,0.00000,3.71341
534F4C31,8845,76418533,0,2993,2844,149,0.00000,3.84234
534F4C31,8846,76424221,0,2987,2844,143,0.00000,3.68762
534F4C31,8846,76428525,0,2990,2846,144,0.00000,3.71341
534F4C31,8847,76433599,0,2993,2850,143,0.00000,3.68762
534F4C31,8847,76439330,0,2984,2844,140,0.00000,3.61026
534F4C31,8848,76443539,0,2994,2845,149,0.00000,3.84234
534F4C31,8849,76449790,0,2992,2848,144,0.00000,3.71341
534F4C31,8849,76453530,0,2994,2846,148,0.00000,3.81656
534F4C31,8850,76458536,0,2989,2843,146,0.00000,3.76498
534F4C31,8851,76464265,0,2989,2850,139,0.00000,3.58447
534F4C31,8851,76469017,0,2993,2842,151,0.00000,3.89392
534F4C31,8851,76473524,0,2995,2846,149,0.00000,3.84234
534F4C31,8851,76478525,0,2988,2847,141,0.00000,3.63604
534F4C31,8852,76483546,0,2990,2848,142,0.00000,3.66183
534F4C31,8853,76488594,0,2992,2843,149,0.00000,3.84234
534F4C31,8854,76493551,0,2990,2848,142,0.00000,3.66183
534F4C31,8855,76498537,0,2997,2847,150,0.00000,3.86813
534F4C31,8855,76503810,0,2998,2848,150,0.00000,3.86813
534F4C31,8855,76508519,0,2987,2847,140,0.00000,3.61026
534F4C31,8856,76513889,0,2993,2845,148,0.00000,3.81656
534F4C31,8857,76518520,0,2993,2849,144,0.00000,3.71341
534F4C31,8858,76523660,0,2992,2849,143,0.00000,3.68762
534F4C31,8859,76528544,0,2994,2846,148,0.00000,3.81656
534F4C31,8859,76533517,0,2994,2849,145,0.00000,3.73919
534F4C31,8860,76538500,0,2994,2848,146,0.00000,3.76498
534F4C31,8861,76543971,0,2994,2843,151,0.00000,3.89392
534F4C31,8861,76548532,0,2990,2847,143,0.00000,3.68762
534F4C31,8861,76553524,0,2995,2848,147,0.00000,3.79077
534F4C31,8861,76558522,0,2995,2847,148,0.00000,3.81656
534F4C31,8861,76563526,0,2992,2846,146,0.00000,3.76498
534F4C31,8862,76568550,0,2994,2843,151,0.00000,3.89392
534F4C31,8863,76573552,0,2994,2846,148,0.00000,3.81656
534F4C31,8863,76578533,0,2989,2844,145,0.00000,3.73919
534F4C31,8864,76583536,0,2993,2845,148,0.00000,3.81656
534F4C31,8864,76588545,0,2993,2846,147,0.00000,3.79077
534F4C31,8864,76593540,0,2988,2848,140,0.00000,3.61026
534F4C31,8865,76598521,0,2992,2848,144,0.00000,3.71341
534F4C31,8866,76603564,0,2990,2846,144,0.00000,3.71341
534F4C31,8867,76608518,0,2988,2847,141,0.00000,3.63604
534F4C31,8867,76614155,0,2988,2847,141,0.00000,3.63604
534F4C31,8868,76618526,0,2995,2843,152,0.00000,3.91971
534F4C31,8868,76623556,0,2994,2845,149,0.00000,3.84234
534F4C31,8868,76628526,0,2995,2845,150,0.00000,3.86813
534F4C31,8869,76633548,0,2993,2846,147,0.00000,3.79077
534F4C31,8870,76638539,0,2997,2844,153,0.00000,3.94549
534F4C31,8871,76643535,0,2991,2849,142,0.00000,3.66183
534F4C31,8871,76650456,0,2994,2848,146,0.00000,3.76498
534F4C31,8871,76653520,0,2989,2845,144,0.00000,3.71341
534F4C31,8871,76658514,0,2990,2846,144,0.00000,3.71341
534F4C31,8871,76663533,0,2996,2846,150,0.00000,3.86813
534F4C31,8872,76668526,0,2993,2843,150,0.00000,3.86813
534F4C31,8873,76673536,0,2989,2843,146,0.00000,3.76498
534F4C31,8874,76678530,0,2990,2841,149,0.00000,3.84234
534F4C31,8875,76683524,0,2994,2844,150,0.00000,3.86813
534F4C31,8876,76688646,0,2992,2842,150,0.00000,3.86813
534F4C31,8876,76694486,0,2989,2843,146,0.00000,3.76498
534F4C31,8877,76698988,0,2993,2841,152,0.00000,3.91971
534F4C31,8878,76703520,0,2991,2842,149,0.00000,3.84234
534F4C31,8878,76708536,0,2992,2846,146,0.00000,3.76498
534F4C31,8878,76713516,0,2991,2846,145,0.00000,3.73919
534F4C31,8878,76718951,0,2996,2847,149,0.00000,3.84234
534F4C31,8878,76723519,0,2995,2844,151,0.00000,3.89392
534F4C31,8878,76728565,0,2992,2843,149,0.00000,3.84234
534F4C31,8878,76733524,0,2988,2842,146,0.00000,3.76498
534F4C31,8879,76738533,0,2998,2843,155,0.00000,3.99707
534F4C31,8880,76743766,0,2990,2844,146,0.00000,3.76498
534F4C31,8881,76748520,0,2997,2844,153,0.00000,3.94549
534F4C31,8882,76753569,0,2991,2843,148,0.00000,3.81656
534F4C31,8883,76758572,0,2986,2843,143,0.00000,3.68762
534F4C31,8884,76763536,0,2994,2847,147,0.00000,3.79077
534F4C31,8885,76768527,0,2993,2842,151,0.00000,3.89392
534F4C31,8885,76774836,0,2996,2842,154,0.00000,3.97128
534F4C31,8885,76778895,0,2992,2845,147,0.00000,3.79077
534F4C31,8886,76784186,0,2994,2841,153,0.00000,3.94549
534F4C31,8886,76788532,0,2992,2843,149,0.00000,3.84234
534F4C31,8886,76793524,0,2994,2845,149,0.00000,3.84234
534F4C31,8886,76798520,0,2992,2843,149,0.00000,3.84234
534F4C31,8886,76803518,0,2992,2842,150,0.00000,3.86813
534F4C31,8887,76808525,0,2993,2843,150,0.00000,3.86813
534F4C31,8888,76813548,0,2995,2841,154,0.00000,3.97128
534F4C31,8889,76818927,0,2993,2847,146,0.00000,3.76498
534F4C31,8890,76823750,0,2995,2843,152,0.00000,3.91971
534F4C31,8890,76828534,0,2992,2842,150,0.00000,3.86813
534F4C31,8891,76833552,0,2994,2841,153,0.00000,3.94549
534F4C31,8892,76839480,0,2989,2845,144,0.00000,3.71341
534F4C31,8893,76843505,0,2995,2845,150,0.00000,3.86813
534F4C31,8893,76848684,0,2994,2844,150,0.00000,3.86813
534F4C31,8893,76853525,0,2991,2844,147,0.00000,3.79077
534F4C31,8893,76858519,0,2993,2840,153,0.00000,3.94549
534F4C31,8893,76863527,0,2993,2845,148,0.00000,3.81656
534F4C31,8893,76868525,0,2991,2843,148,0.00000,3.81656
534F4C31,8894,76873543,0,2991,2845,146,0.00000,3.76498
534F4C31,8895,76878537,0,3000,2843,157,0.00000,4.04864
534F4C31,8896,76884025,0,2991,2841,150,0.00000,3.86813
534F4C31,8897,76888674,0,2992,2844,148,0.00000,3.81656
534F4C31,8898,76893534,0,2990,2843,147,0.00000,3.79077
534F4C31,8899,76899001,0,2990,2845,145,0.00000,3.73919
534F4C31,8900,76903648,0,2989,2842,147,0.00000,3.79077
534F4C31,8900,76908518,0,2990,2845,145,0.00000,3.73919
534F4C31,8901,76913568,0,2999,2843,156,0.00000,4.02286
534F4C31,8902,76918532,0,2995,2843,152,0.00000,3.91971
534F4C31,8903,76924464,0,2992,2844,148,0.00000,3.81656
534F4C31,8903,76929266,0,2995,2844,151,0.00000,3.89392
534F4C31,8903,76934137,0,2990,2843,147,0.00000,3.79077
534F4C31,8903,76938535,0,2989,2843,146,0.00000,3.76498
534F4C31,8904,76943520,0,2996,2844,152,0.00000,3.91971
534F4C31,8905,76949237,0,2992,2845,147,0.00000,3.79077
534F4C31,8906,76953831,0,2993,2846,147,0.00000,3.79077
534F4C31,8906,76959972,0,2995,2843,152,0.00000,3.91971
534F4C31,8906,76963515,0,2994,2843,151,0.00000,3.89392
534F4C31,8906,76968537,0,2991,2842,149,0.00000,3.84234
534F4C31,8906,76973578,0,2993,2847,146,0.00000,3.76498
534F4C31,8907,76978961,0,2991,2842,149,0.00000,3.84234
534F4C31,8908,76983512,0,2995,2846,149,0.00000,3.84234
534F4C31,8908,76988702,0,2992,2844,148,0.00000,3.81656
534F4C31,8908,76993587,0,2993,2845,148,0.00000,3.81656
534F4C31,8908,76998555,0,2993,2846,147,0.00000,3.79077
534F4C31,8908,77003518,0,2992,2843,149,0.00000,3.84234
534F4C31,8908,77008522,0,2993,2845,148,0.00000,3.81656
534F4C31,8908,77013531,0,2990,2843,147,0.00000,3.79077
534F4C31,8909,77018549,0,2990,2839,151,0.00000,3.89392
534F4C31,8910,77023536,0,2988,2845,143,0.00000,3.68762
534F4C31,8911,77028538,0,2994,2845,149,0.00000,3.84234
534F4C31,8912,77033889,0,2992,2844,148,0.00000,3.81656
534F4C31,8912,77038795,0,2991,2844,147,0.00000,3.79077
534F4C31,8913,77043568,0,2994,2844,150,0.00000,3.86813
534F4C31,8913,77048534,0,2995,2840,155,0.00000,3.99707
534F4C31,8914,77053561,0,2995,2844,151,0.00000,3.89392
534F4C31,8915,77058843,0,2992,2842,150,0.00000,3.86813
534F4C31,8915,77063519,0,2989,2846,143,0.00000,3.68762
534F4C31,8915,77068532,0,2993,2844,149,0.00000,3.84234
534F4C31,8915,77073655,0,2996,2843,153,0.00000,3.94549
534F4C31,8916,77078522,0,2990,2847,143,0.00000,3.68762
534F4C31,8917,77083530,0,2992,2846,146,0.00000,3.76498
534F4C31,8918,77088682,0,2996,2843,153,0.00000,3.94549
534F4C31,8919,77093556,0,2991,2842,149,0.00000,3.84234
534F4C31,8920,77098522,0,2997,2843,154,0.00000,3.97128
534F4C31,8920,77103543,0,2992,2843,149,0.00000,3.84234
534F4C31,8920,77108532,0,2991,2841,150,0.00000,3.86813
534F4C31,8920,77113521,0,2996,2845,151,0.00000,3.89392
534F4C31,8920,77118525,0,2992,2841,151,0.00000,3.89392
534F4C31,8920,77123525,0,2995,2841,154,0.00000,3.97128
534F4C31,8921,77128527,0,2988,2845,143,0.00000,3.68762
534F4C31,8922,77133535,0,2990,2844,146,0.00000,3.76498
534F4C31,8923,77139939,0,2991,2850,141,0.00000,3.63604
534F4C31,8923,77145472,0,2994,2845,149,0.00000,3.84234
534F4C31,8924,77148519,0,2990,2843,147,0.00000,3.79077
534F4C31,8925,77154103,0,2995,2843,152,0.00000,3.91971
534F4C31,8925,77158519,0,2992,2846,146,0.00000,3.76498
534F4C31,8926,77164151,0,2994,2845,149,0.00000,3.84234
534F4C31,8926,77168661,0,2995,2846,149,0.00000,3.84234
534F4C31,8926,77173943,0,2994,2843,151,0.00000,3.89392
534F4C31,8926,77178517,0,2992,2842,150,0.00000,3.86813
534F4C31,8926,77183554,0,2991,2842,149,0.00000,3.84234
534F4C31,8927,77188535,0,2989,2844,145,0.00000,3.73919
534F4C31,8928,77193533,0,2992,2845,147,0.00000,3.79077
534F4C31,8929,77198563,0,2992,2843,149,0.00000,3.84234
534F4C31,8930,77204248,0,2993,2845,148,0.00000,3.81656
534F4C31,8930,77210044,0,2992,2844,148,0.00000,3.81656
534F4C31,8931,77213719,0,2991,2843,148,0.00000,3.81656
534F4C31,8932,77218551,0,2991,2846,145,0.00000,3.73919
534F4C31,8932,77224061,0,2992,2843,149,0.00000,3.84234
534F4C31,8933,77228534,0,2995,2845,150,0.00000,3.86813
534F4C31,8933,77234045,0,2995,2842,153,0.00000,3.94549
534F4C31,8934,77238522,0,2996,2844,152,0.00000,3.91971
534F4C31,8934,77243540,0,2987,2842,145,0.00000,3.73919
534F4C31,8934,77248547,0,2991,2842,149,0.00000,3.84234
534F4C31,8935,77253517,0,2989,2846,143,0.00000,3.68762
534F4C31,8935,77258568,0,2992,2845,147,0.00000,3.79077
534F4C31,8935,77263530,0,2991,2845,146,0.00000,3.76498
534F4C31,8935,77268537,0,2991,2841,150,0.00000,3.86813
534F4C31,8935,77273523,0,2992,2840,152,0.00000,3.91971
534F4C31,8936,77278521,0,2996,2842,154,0.00000,3.97128
534F4C31,8937,77283536,0,2992,2843,149,0.00000,3.84234
534F4C31,8938,77288537,0,2995,2843,152,0.00000,3.91971
534F4C31,8939,77294186,0,2990,2846,144,0.00000,3.71341
534F4C31,8939,77299416,0,2994,2846,148,0.00000,3.81656
534F4C31,8939,77303572,0,2995,2840,155,0.00000,3.99707
534F4C31,8940,77308537,0,2990,2842,148,0.00000,3.81656
534F4C31,8941,77313624,0,2994,2844,150,0.00000,3.86813
534F4C31,8942,77318517,0,3001,2842,159,0.00000,4.10022
534F4C31,8942,77324414,0,2989,2844,145,0.00000,3.73919
534F4C31,8942,77328520,0,2991,2844,147,0.00000,3.79077
534F4C31,8942,77333541,0,2995,2845,150,0.00000,3.86813
534F4C31,8942,77338519,0,2997,2842,155,0.00000,3.99707
534F4C31,8943,77343562,0,2993,2847,146,0.00000,3.76498
534F4C31,8944,77348907,0,2992,2843,149,0.00000,3.84234
534F4C31,8945,77353548,0,2993,2844,149,0.00000,3.84234
534F4C31,8946,77359131,0,2995,2843,152,0.00000,3.91971
534F4C31,8946,77363702,0,2996,2846,150,0.00000,3.86813
534F4C31,8946,77368533,0,2995,2844,151,0.00000,3.89392
534F4C31,8946,77373522,0,2990,2843,147,0.00000,3.79077
534F4C31,8947,77378815,0,2994,2843,151,0.00000,3.89392
534F4C31,8948,77383552,0,2994,2844,150,0.00000,3.86813
534F4C31,8949,77388567,0,2990,2844,146,0.00000,3.76498
534F4C31,8950,77393540,0,2991,2841,150,0.00000,3.86813
534F4C31,8950,77398740,0,2994,2844,150,0.00000,3.86813
534F4C31,8950,77403516,0,2993,2843,150,0.00000,3.86813
534F4C31,8950,77408568,0,2989,2842,147,0.00000,3.79077
534F4C31,8950,77413532,0,2991,2839,152,0.00000,3.91971
534F4C31,8950,77418522,0,2990,2839,151,0.00000,3.89392
534F4C31,8951,77423733,0,2989,2841,148,0.00000,3.81656
534F4C31,8952,77428534,0,2996,2840,156,0.00000,4.02286
534F4C31,8953,77433569,0,2991,2841,150,0.00000,3.86813
534F4C31,8954,77438547,0,2991,2843,148,0.00000,3.81656
534F4C31,8955,77443521,0,2997,2841,156,0.00000,4.02286
534F4C31,8955,77449016,0,2991,2841,150,0.00000,3.86813
534F4C31,8955,77453549,0,2990,2840,150,0.00000,3.86813
534F4C31,8956,77458780,0,2995,2839,156,0.00000,4.02286
534F4C31,8957,77463783,0,2991,2840,151,0.00000,3.89392
534F4C31,8958,77469256,0,2989,2839,150,0.00000,3.86813
534F4C31,8958,77474092,0,2992,2843,149,0.00000,3.84234
534F4C31,8958,77478614,0,3000,2840,160,0.00000,4.12601
534F4C31,8958,77483567,0,2993,2836,157,0.00000,4.04864
534F4C31,8959,77488576,0,2995,2841,154,0.00000,3.97128
534F4C31,8960,77493799,0,2996,2840,156,0.00000,4.02286
534F4C31,8961,77499390,0,2992,2837,155,0.00000,3.99707
534F4C31,8961,77503558,0,2994,2843,151,0.00000,3.89392
534F4C31,8962,77508535,0,2991,2843,148,0.00000,3.81656
534F4C31,8962,77513625,0,2997,2839,158,0.00000,4.07443
534F4C31,8963,77518539,0,2994,2843,151,0.00000,3.89392
534F4C31,8964,77523939,0,2993,2839,154,0.00000,3.97128
534F4C31,8964,77528617,0,2993,2840,153,0.00000,3.94549
534F4C31,8964,77533792,0,2992,2839,153,0.00000,3.94549
534F4C31,8964,77538526,0,2994,2840,154,0.00000,3.97128
534F4C31,8965,77543559,0,2991,2840,151,0.00000,3.89392
534F4C31,8966,77548535,0,2990,2842,148,0.00000,3.81656
534F4C31,8966,77553532,0,2996,2841,155,0.00000,3.99707
534F4C31,8967,77558530,0,2987,2840,147,0.00000,3.79077
534F4C31,8968,77563517,0,2994,2841,153,0.00000,3.94549
534F4C31,8968,77568681,0,2995,2840,155,0.00000,3.99707
534F4C31,8968,77573552,0,2990,2839,151,0.00000,3.89392
534F4C31,8969,77578539,0,2989,2841,148,0.00000,3.81656
534F4C31,8970,77583894,0,2994,2845,149,0.00000,3.84234
534F4C31,8970,77588538,0,2994,2842,152,0.00000,3.91971
534F4C31,8971,77593520,0,2989,2839,150,0.00000,3.86813
534F4C31,8971,77598527,0,2993,2840,153,0.00000,3.94549
534F4C31,8971,77603534,0,2985,2840,145,0.00000,3.73919
534F4C31,8972,77608556,0,2991,2837,154,0.00000,3.97128
534F4C31,8972,77613904,0,2993,2837,156,0.00000,4.02286
534F4C31,8972,77618518,0,2996,2839,157,0.00000,4.04864
534F4C31,8972,77623517,0,2993,2839,154,0.00000,3.97128
534F4C31,8973,77629792,0,2994,2839,155,0.00000,3.99707
534F4C31,8974,77633516,0,2996,2838,158,0.00000,4.07443
534F4C31,8974,77638608,0,2994,2840,154,0.00000,3.97128
534F4C31,8974,77643528,0,2991,2839,152,0.00000,3.91971
534F4C31,8975,77648571,0,2994,2843,151,0.00000,3.89392
534F4C31,8975,77653589,0,2995,2841,154,0.00000,3.97128
534F4C31,8976,77658835,0,2991,2841,150,0.00000,3.86813
534F4C31,8977,77664137,0,2993,2840,153,0.00000,3.94549
534F4C31,8977,77668913,0,2990,2840,150,0.00000,3.86813
534F4C31,8978,77675056,0,2994,2840,154,0.00000,3.97128
534F4C31,8979,77678799,0,2996,2842,154,0.00000,3.97128
534F4C31,8979,77683798,0,2991,2839,152,0.00000,3.91971
534F4C31,8979,77688517,0,2992,2839,153,0.00000,3.94549
534F4C31,8979,77693951,0,2993,2838,155,0.00000,3.99707
534F4C31,8980,77698726,0,2994,2842,152,0.00000,3.91971
534F4C31,8981,77703739,0,2997,2840,157,0.00000,4.04864
534F4C31,8981,77708536,0,2991,2841,150,0.00000,3.86813
534F4C31,8982,77714642,0,2992,2840,152,0.00000,3.91971
534F4C31,8983,77718689,0,2990,2838,152,0.00000,3.91971
534F4C31,8983,77723517,0,2993,2841,152,0.00000,3.91971
534F4C31,8983,77728542,0,2989,2839,150,0.00000,3.86813
534F4C31,8984,77733941,0,2993,2841,152,0.00000,3.91971
534F4C31,8985,77738535,0,2990,2840,150,0.00000,3.86813
534F4C31,8985,77743659,0,2988,2840,148,0.00000,3.81656
534F4C31,8986,77748887,0,2989,2839,150,0.00000,3.86813
534F4C31,8986,77753947,0,2992,2838,154,0.00000,3.97128
534F4C31,8987,77758531,0,2991,2844,147,0.00000,3.79077
534F4C31,8988,77764428,0,2990,2840,150,0.00000,3.86813
534F4C31,8988,77768976,0,2994,2839,155,0.00000,3.99707
534F4C31,8989,77775013,0,2990,2846,144,0.00000,3.71341
534F4C31,8990,77779317,0,2993,2839,154,0.00000,3.97128
534F4C31,8990,77784120,0,2989,2841,148,0.00000,3.81656
534F4C31,8991,77788650,0,2991,2844,147,0.00000,3.79077
534F4C31,8992,77793533,0,2986,2841,145,0.00000,3.73919
534F4C31,8992,77798519,0,2990,2840,150,0.00000,3.86813
534F4C31,8992,77803530,0,2990,2837,153,0.00000,3.94549
534F4C31,8992,77808558,0,2995,2839,156,0.00000,4.02286
534F4C31,8992,77813519,0,2993,2842,151,0.00000,3.89392
534F4C31,8993,77818712,0,2993,2839,154,0.00000,3.97128
534F4C31,8994,77823528,0,2997,2842,155,0.00000,3.99707
534F4C31,8994,77828562,0,2990,2839,151,0.00000,3.89392
534F4C31,8995,77833530,0,2992,2841,151,0.00000,3.89392
534F4C31,8995,77838881,0,2993,2839,154,0.00000,3.97128
534F4C31,8996,77843529,0,2990,2839,151,0.00000,3.89392
534F4C31,8997,77848533,0,2988,2842,146,0.00000,3.76498
534F4C31,8997,77854182,0,2995,2840,155,0.00000,3.99707
534F4C31,8997,77858530,0,2987,2841,146,0.00000,3.76498
534F4C31,8998,77863574,0,2993,2841,152,0.00000,3.91971
534F4C31,8999,77868530,0,2990,2839,151,0.00000,3.89392
534F4C31,9000,77873898,0,2994,2842,152,0.00000,3.91971
534F4C31,9001,77879189,0,2995,2839,156,0.00000,4.02286
534F4C31,9002,77883688,0,2993,2839,154,0.00000,3.97128
534F4C31,9002,77890167,0,2994,2838,156,0.00000,4.02286
534F4C31,9002,77894478,0,2990,2840,150,0.00000,3.86813
534F4C31,9002,77898518,0,2992,2839,153,0.00000,3.94549
534F4C31,9002,77903523,0,2993,2839,154,0.00000,3.97128
534F4C31,9003,77908518,0,2994,2837,157,0.00000,4.04864
534F4C31,9003,77913554,0,2992,2840,152,0.00000,3.91971
534F4C31,9003,77918523,0,2996,2841,155,0.00000,3.99707
534F4C31,9003,77923522,0,2994,2840,154,0.00000,3.97128
534F4C31,9004,77928837,0,2996,2840,156,0.00000,4.02286
534F4C31,9005,77933519,0,2991,2841,150,0.00000,3.86813
534F4C31,9005,77938526,0,2988,2838,150,0.00000,3.86813
534F4C31,9006,77943544,0,2995,2842,153,0.00000,3.94549
534F4C31,9007,77948591,0,2993,2839,154,0.00000,3.97128
534F4C31,9007,77953529,0,2997,2839,158,0.00000,4.07443
534F4C31,9008,77958567,0,2991,2838,153,0.00000,3.94549
534F4C31,9009,77963988,0,2992,2841,151,0.00000,3.89392
534F4C31,9009,77968538,0,2986,2839,147,0.00000,3.79077
534F4C31,9009,77973541,0,2992,2840,152,0.00000,3.91971
534F4C31,9009,77978520,0,2994,2837,157,0.00000,4.04864
534F4C31,9010,77983554,0,2994,2836,158,0.00000,4.07443
534F4C31,9010,77988521,0,2993,2840,153,0.00000,3.94549
534F4C31,9010,77993750,0,2991,2838,153,0.00000,3.94549
534F4C31,9010,77998525,0,2992,2839,153,0.00000,3.94549
534F4C31,9011,78003531,0,2991,2841,150,0.00000,3.86813
534F4C31,9012,78008530,0,2989,2842,147,0.00000,3.79077
534F4C31,9013,78013534,0,2991,2840,151,0.00000,3.89392
534F4C31,9014,78018558,0,2995,2840,155,0.00000,3.99707
534F4C31,9015,78023530,0,2999,2840,159,0.00000,4.10022
534F4C31,9015,78028534,0,2993,2842,151,0.00000,3.89392
534F4C31,9016,78033641,0,2987,2839,148,0.00000,3.81656
534F4C31,9017,78038528,0,2992,2842,150,0.00000,3.86813
534F4C31,9017,78043553,0,2994,2839,155,0.00000,3.99707
534F4C31,9017,78048738,0,2990,2841,149,0.00000,3.84234
534F4C31,9018,78053528,0,2990,2838,152,0.00000,3.91971
534F4C31,9018,78058876,0,2989,2841,148,0.00000,3.81656
534F4C31,9019,78063518,0,2990,2839,151,0.00000,3.89392
534F4C31,9019,78068519,0,2994,2841,153,0.00000,3.94549
534F4C31,9019,78074283,0,2990,2842,148,0.00000,3.81656
534F4C31,9020,78078529,0,2998,2841,157,0.00000,4.04864
534F4C31,9020,78083567,0,2987,2837,150,0.00000,3.86813
534F4C31,9020,78088523,0,3000,2842,158,0.00000,4.07443
534F4C31,9020,78093523,0,2993,2840,153,0.00000,3.94549
534F4C31,9021,78098551,0,2993,2842,151,0.00000,3.89392
534F4C31,9022,78103668,0,2994,2837,157,0.00000,4.04864
534F4C31,9023,78109908,0,2993,2843,150,0.00000,3.86813
534F4C31,9023,78116790,0,2999,2836,163,0.00000,4.20337
534F4C31,9023,78119939,0,2995,2835,160,0.00000,4.12601
534F4C31,9023,78123527,0,2997,2836,161,0.00000,4.15179
534F4C31,9024,78128561,0,2989,2839,150,0.00000,3.86813
534F4C31,9024,78133516,0,2992,2837,155,0.00000,3.99707
534F4C31,9025,78138559,0,2991,2839,152,0.00000,3.91971
534F4C31,9026,78143669,0,2993,2837,156,0.00000,4.02286
534F4C31,9027,78148554,0,2992,2835,157,0.00000,4.04864
534F4C31,9027,78154879,0,2989,2836,153,0.00000,3.94549
534F4C31,9028,78158520,0,3000,2838,162,0.00000,4.17758
534F4C31,9029,78163515,0,2990,2835,155,0.00000,3.99707
534F4C31,9029,78168520,0,2991,2834,157,0.00000,4.04864
534F4C31,9030,78173566,0,2989,2838,151,0.00000,3.89392
534F4C31,9031,78178905,0,2993,2833,160,0.00000,4.12601
534F4C31,9032,78183540,0,2989,2838,151,0.00000,3.89392
534F4C31,9032,78190645,0,2996,2836,160,0.00000,4.12601
534F4C31,9032,78196484,0,2998,2837,161,0.00000,4.15179
534F4C31,9033,78199970,0,2992,2837,155,0.00000,3.99707
534F4C31,9034,78203530,0,2991,2833,158,0.00000,4.07443
534F4C31,9035,78208954,0,2993,2836,157,0.00000,4.04864
534F4C31,9035,78213522,0,2991,2836,155,0.00000,3.99707
534F4C31,9035,78218517,0,2993,2835,158,0.00000,4.07443
534F4C31,9036,78223540,0,2998,2837,161,0.00000,4.15179
534F4C31,9037,78228804,0,2994,2835,159,0.00000,4.10022
534F4C31,9037,78234576,0,2990,2833,157,0.00000,4.04864
534F4C31,9038,78239159,0,2995,2838,157,0.00000,4.04864
534F4C31,9038,78244099,0,2991,2833,158,0.00000,4.07443
534F4C31,9038,78248533,0,2992,2835,157,0.00000,4.04864
534F4C31,9039,78253616,0,2993,2837,156,0.00000,4.02286
534F4C31,9039,78258519,0,2991,2837,154,0.00000,3.97128
534F4C31,9039,78263520,0,2994,2835,159,0.00000,4.10022
534F4C31,9040,78268536,0,2987,2836,151,0.00000,3.89392
534F4C31,9040,78273529,0,2995,2837,158,0.00000,4.07443
534F4C31,9040,78278522,0,2989,2838,151,0.00000,3.89392
534F4C31,9041,78283561,0,2996,2833,163,0.00000,4.20337
534F4C31,9042,78289229,0,2990,2838,152,0.00000,3.91971
534F4C31,9042,78293543,0,2993,2837,156,0.00000,4.02286
534F4C31,9042,78298516,0,2990,2836,154,0.00000,3.97128
534F4C31,9042,78303518,0,2992,2839,153,0.00000,3.94549
534F4C31,9043,78308537,0,2993,2838,155,0.00000,3.99707
534F4C31,9043,78313989,0,2993,2838,155,0.00000,3.99707
534F4C31,9043,78318562,0,2993,2837,156,0.00000,4.02286
534F4C31,9044,78323563,0,2991,2836,155,0.00000,3.99707
534F4C31,9045,78328518,0,2989,2836,153,0.00000,3.94549
534F4C31,9045,78333610,0,2994,2838,156,0.00000,4.02286
534F4C31,9045,78338529,0,2993,2836,157,0.00000,4.04864
534F4C31,9046,78343571,0,2987,2835,152,0.00000,3.91971
534F4C31,9046,78348518,0,2994,2833,161,0.00000,4.15179
534F4C31,9047,78354060,0,2992,2839,153,0.00000,3.94549
534F4C31,9048,78358524,0,2991,2836,155,0.00000,3.99707
534F4C31,9049,78363523,0,2993,2836,157,0.00000,4.04864
534F4C31,9050,78368805,0,2996,2837,159,0.00000,4.10022
534F4C31,9051,78373553,0,2990,2835,155,0.00000,3.99707
534F4C31,9051,78378963,0,2993,2837,156,0.00000,4.02286
534F4C31,9051,78383519,0,2998,2837,161,0.00000,4.15179
534F4C31,9051,78388555,0,2995,2835,160,0.00000,4.12601
534F4C31,9052,78393956,0,2990,2837,153,0.00000,3.94549
534F4C31,9052,78398547,0,2993,2838,155,0.00000,3.99707
534F4C31,9052,78403694,0,2993,2834,159,0.00000,4.10022
534F4C31,9052,78408520,0,2995,2837,158,0.00000,4.07443
534F4C31,9053,78413539,0,2990,2834,156,0.00000,4.02286
534F4C31,9054,78418531,0,2994,2834,160,0.00000,4.12601
534F4C31,9055,78424018,0,2988,2840,148,0.00000,3.81656
534F4C31,9056,78429185,0,2992,2836,156,0.00000,4.02286
534F4C31,9056,78433530,0,2993,2837,156,0.00000,4.02286
534F4C31,9057,78438569,0,2991,2835,156,0.00000,4.02286
534F4C31,9058,78443530,0,2990,2836,154,0.00000,3.97128
534F4C31,9058,78448606,0,2997,2838,159,0.00000,4.10022
534F4C31,9058,78453535,0,2998,2835,163,0.00000,4.20337
534F4C31,9058,78458564,0,2995,2836,159,0.00000,4.10022
534F4C31,9059,78463765,0,2993,2836,157,0.00000,4.04864
534F4C31,9060,78468545,0,2991,2835,156,0.00000,4.02286
534F4C31,9060,78473526,0,2994,2842,152,0.00000,3.91971
534F4C31,9060,78478754,0,2988,2836,152,0.00000,3.91971
534F4C31,9061,78483518,0,2995,2837,158,0.00000,4.07443
534F4C31,9061,78488685,0,2992,2839,153,0.00000,3.94549
534F4C31,9062,78493715,0,2992,2838,154,0.00000,3.97128
534F4C31,9063,78498573,0,2992,2835,157,0.00000,4.04864
534F4C31,9064,78505090,0,2999,2837,162,0.00000,4.17758
534F4C31,9064,78509882,0,2989,2838,151,0.00000,3.89392
534F4C31,9065,78514598,0,2992,2838,154,0.00000,3.97128
534F4C31,9066,78518524,0,2997,2837,160,0.00000,4.12601
534F4C31,9067,78523534,0,2994,2837,157,0.00000,4.04864
534F4C31,9068,78528793,0,2992,2835,157,0.00000,4.04864
534F4C31,9069,78535327,0,3003,2836,167,0.00000,4.30652
534F4C31,9069,78540617,0,2989,2838,151,0.00000,3.89392
534F4C31,9069,78543523,0,2988,2835,153,0.00000,3.94549
534F4C31,9070,78548557,0,2991,2837,154,0.00000,3.97128
534F4C31,9071,78553835,0,2995,2837,158,0.00000,4.07443
534F4C31,9071,78559045,0,2992,2838,154,0.00000,3.97128
534F4C31,9071,78565096,0,2999,2837,162,0.00000,4.17758
534F4C31,9071,78568538,0,2997,2836,161,0.00000,4.15179
534F4C31,9072,78573521,0,2995,2836,159,0.00000,4.10022
534F4C31,9072,78578519,0,2990,2838,152,0.00000,3.91971
534F4C31,9072,78583623,0,2993,2839,154,0.00000,3.97128
534F4C31,9072,78588521,0,2992,2838,154,0.00000,3.97128
534F4C31,9072,78593526,0,2993,2836,157,0.00000,4.04864
534F4C31,9073,78598653,0,2990,2837,153,0.00000,3.94549
534F4C31,9074,78603539,0,2990,2833,157,0.00000,4.04864
534F4C31,9075,78608522,0,2996,2838,158,0.00000,4.07443
534F4C31,9076,78613861,0,2995,2837,158,0.00000,4.07443
534F4C31,9076,78618528,0,2989,2838,151,0.00000,3.89392
534F4C31,9076,78623535,0,2992,2837,155,0.00000,3.99707
534F4C31,9077,78628568,0,2991,2837,154,0.00000,3.97128
534F4C31,9078,78633533,0,2996,2837,159,0.00000,4.10022
534F4C31,9079,78639339,0,2996,2837,159,0.00000,4.10022
534F4C31,9080,78643516,0,2992,2834,158,0.00000,4.07443
534F4C31,9080,78648543,0,2994,2834,160,0.00000,4.12601
534F4C31,9081,78653544,0,2993,2837,156,0.00000,4.02286
534F4C31,9082,78658519,0,2994,2838,156,0.00000,4.02286
534F4C31,9083,78664366,0,2996,2840,156,0.00000,4.02286
534F4C31,9084,78668539,0,2990,2837,153,0.00000,3.94549
534F4C31,9084,78674348,0,2991,2834,157,0.00000,4.04864
534F4C31,9084,78678530,0,2996,2840,156,0.00000,4.02286
534F4C31,9084,78683534,0,2992,2836,156,0.00000,4.02286
534F4C31,9084,78688520,0,2992,2841,151,0.00000,3.89392
534F4C31,9084,78693527,0,2991,2837,154,0.00000,3.97128
534F4C31,9084,78698535,0,2987,2837,150,0.00000,3.86813
534F4C31,9085,78703569,0,2994,2839,155,0.00000,3.99707
534F4C31,9086,78708541,0,2989,2834,155,0.00000,3.99707
534F4C31,9087,78713541,0,2993,2839,154,0.00000,3.97128
534F4C31,9088,78718515,0,2996,2835,161,0.00000,4.15179
534F4C31,9088,78723611,0,2990,2837,153,0.00000,3.94549
534F4C31,9088,78728522,0,2992,2837,155,0.00000,3.99707
534F4C31,9089,78733537,0,2996,2834,162,0.00000,4.17758
534F4C31,9090,78738525,0,2995,2837,158,0.00000,4.07443
534F4C31,9090,78744086,0,2990,2838,152,0.00000,3.91971
534F4C31,9090,78748529,0,2991,2837,154,0.00000,3.97128
534F4C31,9090,78753520,0,2999,2834,165,0.00000,4.25495
534F4C31,9090,78758524,0,2999,2838,161,0.00000,4.15179
534F4C31,9091,78763527,0,2997,2838,159,0.00000,4.10022
534F4C31,9092,78768732,0,2993,2838,155,0.00000,3.99707
534F4C31,9093,78773530,0,2991,2836,155,0.00000,3.99707
534F4C31,9093,78778527,0,2991,2837,154,0.00000,3.97128
534F4C31,9094,78783570,0,2996,2837,159,0.00000,4.10022
534F4C31,9095,78788749,0,2999,2837,162,0.00000,4.17758
534F4C31,9096,78793530,0,2989,2836,153,0.00000,3.94549
534F4C31,9097,78798625,0,2994,2836,158,0.00000,4.07443
534F4C31,9098,78804411,0,2995,2835,160,0.00000,4.12601
534F4C31,9098,78810903,0,2992,2836,156,0.00000,4.02286
534F4C31,9098,78814087,0,2991,2837,154,0.00000,3.97128
534F4C31,9098,78818518,0,2992,2838,154,0.00000,3.97128
534F4C31,9099,78823860,0,2993,2834,159,0.00000,4.10022
534F4C31,9099,78828525,0,2992,2836,156,0.00000,4.02286
534F4C31,9099,78833533,0,2993,2834,159,0.00000,4.10022
534F4C31,9099,78838521,0,2994,2834,160,0.00000,4.12601
534F4C31,9099,78843518,0,2994,2836,158,0.00000,4.07443
534F4C31,9100,78848738,0,2995,2833,162,0.00000,4.17758
534F4C31,9101,78853520,0,2991,2837,154,0.00000,3.97128
534F4C31,9101,78858723,0,2995,2834,161,0.00000,4.15179
534F4C31,9102,78863569,0,2997,2836,161,0.00000,4.15179
534F4C31,9103,78869085,0,2988,2837,151,0.00000,3.89392
534F4C31,9103,78873516,0,2991,2837,154,0.00000,3.97128
534F4C31,9104,78878980,0,2998,2836,162,0.00000,4.17758
534F4C31,9105,78883517,0,2996,2835,161,0.00000,4.15179
534F4C31,9105,78888651,0,2994,2834,160,0.00000,4.12601
534F4C31,9105,78893522,0,2991,2835,156,0.00000,4.02286
534F4C31,9105,78899056,0,2992,2835,157,0.00000,4.04864
534F4C31,9106,78903558,0,2998,2838,160,0.00000,4.12601
534F4C31,9106,78908766,0,2989,2836,153,0.00000,3.94549
534F4C31,9106,78913528,0,2993,2834,159,0.00000,4.10022
534F4C31,9106,78918533,0,2993,2833,160,0.00000,4.12601
534F4C31,9107,78923549,0,2996,2831,165,0.00000,4.25495
534F4C31,9108,78928525,0,2996,2832,164,0.00000,4.22916
534F4C31,9108,78934657,0,2991,2833,158,0.00000,4.07443
534F4C31,9108,78939083,0,2993,2829,164,0.00000,4.22916
534F4C31,9109,78944083,0,2998,2831,167,0.00000,4.30652
534F4C31,9109,78948646,0,2995,2828,167,0.00000,4.30652
534F4C31,9109,78953523,0,2997,2833,164,0.00000,4.22916
534F4C31,9110,78958534,0,2993,2832,161,0.00000,4.15179
534F4C31,9111,78963551,0,2993,2831,162,0.00000,4.17758
534F4C31,9112,78969274,0,2994,2831,163,0.00000,4.20337
534F4C31,9113,78973528,0,2991,2833,158,0.00000,4.07443
534F4C31,9113,78978674,0,2998,2832,166,0.00000,4.28073
534F4C31,9114,78983925,0,2987,2831,156,0.00000,4.02286
534F4C31,9115,78989508,0,2992,2833,159,0.00000,4.10022
534F4C31,9116,78994428,0,2996,2833,163,0.00000,4.20337
534F4C31,9117,79000551,0,2996,2835,161,0.00000,4.15179
534F4C31,9117,79005519,0,2990,2834,156,0.00000,4.02286
534F4C31,9117,79008638,0,2991,2832,159,0.00000,4.10022
534F4C31,9117,79013522,0,2994,2832,162,0.00000,4.17758
534F4C31,9118,79018561,0,2994,2833,161,0.00000,4.15179
534F4C31,9118,79023640,0,2993,2833,160,0.00000,4.12601
534F4C31,9119,79028534,0,2995,2835,160,0.00000,4.12601
534F4C31,9120,79033770,0,2995,2836,159,0.00000,4.10022
534F4C31,9120,79038537,0,2995,2833,162,0.00000,4.17758
534F4C31,9121,79043615,0,2994,2837,157,0.00000,4.04864
534F4C31,9121,79048520,0,2992,2836,156,0.00000,4.02286
534F4C31,9121,79053559,0,2993,2834,159,0.00000,4.10022
534F4C31,9121,79058548,0,2991,2834,157,0.00000,4.04864
534F4C31,9121,79063562,0,2991,2832,159,0.00000,4.10022
534F4C31,9122,79068821,0,2996,2835,161,0.00000,4.15179
534F4C31,9122,79073540,0,2994,2831,163,0.00000,4.20337
534F4C31,9123,79078574,0,2993,2833,160,0.00000,4.12601
534F4C31,9123,79083725,0,2993,2834,159,0.00000,4.10022
534F4C31,9124,79088542,0,2991,2830,161,0.00000,4.15179
534F4C31,9125,79093809,0,2994,2836,158,0.00000,4.07443
534F4C31,9126,79099739,0,2993,2834,159,0.00000,4.10022
534F4C31,9126,79104350,0,2994,2833,161,0.00000,4.15179
534F4C31,9127,79108869,0,2991,2836,155,0.00000,3.99707
534F4C31,9127,79113530,0,2991,2832,159,0.00000,4.10022
534F4C31,9128,79119012,0,2988,2832,156,0.00000,4.02286
534F4C31,9129,79123845,0,2996,2830,166,0.00000,4.28073
534F4C31,9129,79128516,0,2996,2833,163,0.00000,4.20337
534F4C31,9130,79133523,0,2991,2837,154,0.00000,3.97128
534F4C31,9130,79139359,0,2991,2834,157,0.00000,4.04864
534F4C31,9130,79144613,0,2989,2831,158,0.00000,4.07443
534F4C31,9131,79148543,0,2993,2833,160,0.00000,4.12601
534F4C31,9131,79153536,0,2993,2834,159,0.00000,4.10022
534F4C31,9131,79158516,0,2994,2832,162,0.00000,4.17758
534F4C31,9132,79163647,0,2994,2834,160,0.00000,4.12601
534F4C31,9133,79168536,0,2989,2839,150,0.00000,3.86813
534F4C31,9133,79173539,0,2991,2830,161,0.00000,4.15179
534F4C31,9134,79178535,0,2991,2834,157,0.00000,4.04864
534F4C31,9134,79183689,0,2996,2833,163,0.00000,4.20337
534F4C31,9135,79188764,0,3001,2830,171,0.00000,4.40967
534F4C31,9135,79193531,0,2992,2830,162,0.00000,4.17758
534F4C31,9136,79198591,0,2997,2834,163,0.00000,4.20337
534F4C31,9137,79203619,0,2993,2833,160,0.00000,4.12601
534F4C31,9137,79208523,0,2997,2831,166,0.00000,4.28073
534F4C31,9137,79213519,0,2991,2832,159,0.00000,4.10022
534F4C31,9137,79218519,0,2995,2832,163,0.00000,4.20337
534F4C31,9137,79223829,0,2998,2833,165,0.00000,4.25495
534F4C31,9137,79228518,0,2991,2833,158,0.00000,4.07443
534F4C31,9137,79233532,0,2995,2829,166,0.00000,4.28073
534F4C31,9138,79239012,0,2994,2832,162,0.00000,4.17758
534F4C31,9139,79243755,0,2991,2834,157,0.00000,4.04864
534F4C31,9140,79248535,0,2994,2833,161,0.00000,4.15179
534F4C31,9141,79253554,0,2989,2829,160,0.00000,4.12601
534F4C31,9141,79258520,0,2992,2833,159,0.00000,4.10022
534F4C31,9142,79263584,0,2991,2832,159,0.00000,4.10022
534F4C31,9143,79268533,0,2994,2833,161,0.00000,4.15179
534F4C31,9144,79274626,0,2991,2835,156,0.00000,4.02286
534F4C31,9144,79278525,0,2996,2835,161,0.00000,4.15179
534F4C31,9144,79283534,0,2997,2836,161,0.00000,4.15179
534F4C31,9145,79288525,0,2987,2834,153,0.00000,3.94549
534F4C31,9145,79293534,0,2991,2832,159,0.00000,4.10022
534F4C31,9146,79298998,0,2999,2834,165,0.00000,4.25495
534F4C31,9146,79304172,0,2987,2831,156,0.00000,4.02286
534F4C31,9146,79308525,0,2996,2830,166,0.00000,4.28073
534F4C31,9147,79313551,0,2992,2834,158,0.00000,4.07443
534F4C31,9148,79320476,0,2991,2831,160,0.00000,4.12601
534F4C31,9148,79323562,0,2992,2833,159,0.00000,4.10022
534F4C31,9149,79328573,0,2992,2831,161,0.00000,4.15179
534F4C31,9150,79333536,0,2995,2834,161,0.00000,4.15179
534F4C31,9150,79338533,0,2992,2831,161,0.00000,4.15179
534F4C31,9150,79343517,0,2993,2830,163,0.00000,4.20337
534F4C31,9151,79348517,0,2994,2832,162,0.00000,4.17758
534F4C31,9152,79353640,0,2993,2832,161,0.00000,4.15179
534F4C31,9152,79358528,0,2993,2831,162,0.00000,4.17758
534F4C31,9152,79363549,0,2991,2834,157,0.00000,4.04864
534F4C31,9153,79368518,0,2988,2833,155,0.00000,3.99707
534F4C31,9153,79373523,0,2995,2830,165,0.00000,4.25495
534F4C31,9154,79378908,0,2993,2832,161,0.00000,4.15179
534F4C31,9154,79383520,0,2995,2832,163,0.00000,4.20337
534F4C31,9155,79388534,0,2992,2834,158,0.00000,4.07443
534F4C31,9156,79393570,0,2993,2833,160,0.00000,4.12601
534F4C31,9157,79398565,0,2991,2835,156,0.00000,4.02286
534F4C31,9158,79403524,0,2991,2836,155,0.00000,3.99707
534F4C31,9159,79408533,0,2994,2833,161,0.00000,4.15179
534F4C31,9160,79413542,0,2992,2831,161,0.00000,4.15179
534F4C31,9160,79418534,0,2996,2833,163,0.00000,4.20337
534F4C31,9160,79423741,0,2995,2831,164,0.00000,4.22916
534F4C31,9161,79428532,0,2990,2833,157,0.00000,4.04864
534F4C31,9161,79433861,0,2996,2836,160,0.00000,4.12601
534F4C31,9161,79438522,0,2997,2836,161,0.00000,4.15179
534F4C31,9161,79443526,0,2995,2833,162,0.00000,4.17758
534F4C31,9161,79448719,0,2995,2831,164,0.00000,4.22916
534F4C31,9162,79453524,0,2988,2832,156,0.00000,4.02286
534F4C31,9163,79458544,0,2990,2835,155,0.00000,3.99707
534F4C31,9164,79463686,0,2995,2833,162,0.00000,4.17758
534F4C31,9164,79469549,0,2988,2832,156,0.00000,4.02286
534F4C31,9164,79473521,0,2993,2832,161,0.00000,4.15179
534F4C31,9164,79478522,0,2998,2830,168,0.00000,4.33231
534F4C31,9164,79483520,0,2993,2834,159,0.00000,4.10022
534F4C31,9165,79488568,0,2994,2832,162,0.00000,4.17758
534F4C31,9166,79493534,0,2992,2835,157,0.00000,4.04864
534F4C31,9167,79498514,0,2997,2832,165,0.00000,4.25495
534F4C31,9167,79503527,0,2996,2832,164,0.00000,4.22916
534F4C31,9167,79508521,0,2997,2834,163,0.00000,4.20337
534F4C31,9167,79513541,0,2994,2832,162,0.00000,4.17758
534F4C31,9168,79518558,0,2996,2833,163,0.00000,4.20337
534F4C31,9169,79523534,0,2992,2833,159,0.00000,4.10022
534F4C31,9170,79528643,0,2998,2832,166,0.00000,4.28073
534F4C31,9171,79533737,0,2996,2833,163,0.00000,4.20337
534F4C31,9172,79538532,0,2996,2833,163,0.00000,4.20337
534F4C31,9173,79543764,0,2994,2833,161,0.00000,4.15179
534F4C31,9173,79549388,0,2996,2831,165,0.00000,4.25495
534F4C31,9173,79553892,0,2995,2835,160,0.00000,4.12601
534F4C31,9173,79558520,0,2994,2837,157,0.00000,4.04864
534F4C31,9174,79563546,0,2996,2831,165,0.00000,4.25495
534F4C31,9175,79568592,0,2992,2834,158,0.00000,4.07443
534F4C31,9175,79573574,0,2986,2828,158,0.00000,4.07443
534F4C31,9175,79578537,0,2988,2829,159,0.00000,4.10022
534F4C31,9175,79585250,0,2991,2830,161,0.00000,4.15179
534F4C31,9176,79588533,0,2995,2827,168,0.00000,4.33231
534F4C31,9176,79593521,0,2991,2828,163,0.00000,4.20337
534F4C31,9176,79598716,0,2996,2829,167,0.00000,4.30652
534F4C31,9177,79603554,0,2990,2827,163,0.00000,4.20337
534F4C31,9177,79608541,0,2993,2829,164,0.00000,4.22916
534F4C31,9178,79613592,0,2993,2827,166,0.00000,4.28073
534F4C31,9179,79618517,0,2993,2827,166,0.00000,4.28073
534F4C31,9180,79623518,0,2994,2826,168,0.00000,4.33231
534F4C31,9181,79628532,0,2992,2830,162,0.00000,4.17758
534F4C31,9182,79634235,0,2992,2829,163,0.00000,4.20337
534F4C31,9183,79638748,0,2994,2830,164,0.00000,4.22916
534F4C31,9183,79643528,0,2992,2830,162,0.00000,4.17758
534F4C31,9184,79648703,0,2997,2831,166,0.00000,4.28073
534F4C31,9184,79653537,0,2989,2829,160,0.00000,4.12601
534F4C31,9185,79658552,0,2992,2828,164,0.00000,4.22916
534F4C31,9186,79663861,0,2997,2828,169,0.00000,4.35810
534F4C31,9186,79668520,0,2988,2828,160,0.00000,4.12601
534F4C31,9186,79673692,0,2989,2832,157,0.00000,4.04864
534F4C31,9186,79678518,0,2991,2830,161,0.00000,4.15179
534F4C31,9187,79683527,0,2996,2831,165,0.00000,4.25495
534F4C31,9187,79688522,0,2994,2830,164,0.00000,4.22916
534F4C31,9187,79693546,0,3000,2831,169,0.00000,4.35810
534F4C31,9188,79698529,0,2990,2828,162,0.00000,4.17758
534F4C31,9189,79703559,0,2994,2832,162,0.00000,4.17758
534F4C31,9189,79708528,0,2996,2828,168,0.00000,4.33231
534F4C31,9190,79713525,0,2989,2827,162,0.00000,4.17758
534F4C31,9191,79718566,0,2997,2827,170,0.00000,4.38388
534F4C31,9192,79725781,0,2995,2829,166,0.00000,4.28073
534F4C31,9192,79730321,0,2991,2829,162,0.00000,4.17758
534F4C31,9193,79733535,0,2993,2828,165,0.00000,4.25495
534F4C31,9194,79739042,0,2995,2828,167,0.00000,4.30652
534F4C31,9194,79743518,0,2994,2826,168,0.00000,4.33231
534F4C31,9195,79748751,0,2993,2828,165,0.00000,4.25495
534F4C31,9195,79753539,0,2992,2831,161,0.00000,4.15179
534F4C31,9196,79758885,0,2999,2826,173,0.00000,4.46125
534F4C31,9197,79763533,0,2994,2827,167,0.00000,4.30652
534F4C31,9198,79768587,0,3001,2828,173,0.00000,4.46125
534F4C31,9198,79773993,0,2995,2828,167,0.00000,4.30652
534F4C31,9198,79778524,0,2993,2829,164,0.00000,4.22916
534F4C31,9199,79783546,0,2996,2826,170,0.00000,4.38388
534F4C31,9200,79788525,0,2993,2828,165,0.00000,4.25495
534F4C31,9200,79793544,0,2990,2827,163,0.00000,4.20337
534F4C31,9201,79799682,0,2988,2829,159,0.00000,4.10022
534F4C31,9201,79804967,0,2992,2831,161,0.00000,4.15179
534F4C31,9201,79808811,0,2996,2830,166,0.00000,4.28073
534F4C31,9201,79813532,0,2990,2828,162,0.00000,4.17758
534F4C31,9201,79818530,0,2991,2828,163,0.00000,4.20337
534F4C31,9202,79823528,0,2994,2829,165,0.00000,4.25495
534F4C31,9203,79828548,0,2998,2830,168,0.00000,4.33231
534F4C31,9203,79833522,0,2993,2829,164,0.00000,4.22916
534F4C31,9203,79838730,0,2993,2828,165,0.00000,4.25495
534F4C31,9203,79843518,0,2998,2828,170,0.00000,4.38388
534F4C31,9204,79848797,0,2990,2831,159,0.00000,4.10022
534F4C31,9204,79853536,0,2995,2831,164,0.00000,4.22916
534F4C31,9204,79858560,0,2994,2828,166,0.00000,4.28073
534F4C31,9205,79863556,0,2993,2829,164,0.00000,4.22916
534F4C31,9206,79868825,0,2995,2830,165,0.00000,4.25495
534F4C31,9206,79873531,0,2989,2829,160,0.00000,4.12601
534F4C31,9207,79878531,0,2998,2828,170,0.00000,4.38388
534F4C31,9208,79884546,0,2993,2828,165,0.00000,4.25495
534F4C31,9208,79889551,0,2992,2829,163,0.00000,4.20337
534F4C31,9209,79893533,0,2994,2830,164,0.00000,4.22916
534F4C31,9210,79899054,0,2993,2832,161,0.00000,4.15179
534F4C31,9210,79903522,0,2990,2829,161,0.00000,4.15179
534F4C31,9211,79908561,0,2992,2827,165,0.00000,4.25495
534F4C31,9212,79913866,0,2991,2826,165,0.00000,4.25495
534F4C31,9213,79918559,0,2994,2829,165,0.00000,4.25495
534F4C31,9213,79924668,0,2992,2828,164,0.00000,4.22916
534F4C31,9213,79928771,0,2999,2831,168,0.00000,4.33231
534F4C31,9214,79933524,0,2994,2832,162,0.00000,4.17758
534F4C31,9215,79938723,0,2994,2826,168,0.00000,4.33231
534F4C31,9215,79944083,0,2995,2829,166,0.00000,4.28073
534F4C31,9215,79948932,0,2995,2834,161,0.00000,4.15179
534F4C31,9215,79953535,0,2995,2830,165,0.00000,4.25495
534F4C31,9216,79958997,0,2993,2831,162,0.00000,4.17758
534F4C31,9216,79963516,0,2996,2828,168,0.00000,4.33231
534F4C31,9216,79968649,0,2992,2829,163,0.00000,4.20337
534F4C31,9217,79973539,0,2995,2828,167,0.00000,4.30652
534F4C31,9217,79978529,0,2996,2828,168,0.00000,4.33231
534F4C31,9218,79983573,0,2986,2828,158,0.00000,4.07443
534F4C31,9219,79988530,0,2998,2832,166,0.00000,4.28073
534F4C31,9219,79994162,0,2995,2830,165,0.00000,4.25495
534F4C31,9219,79998517,0,2993,2830,163,0.00000,4.20337
534F4C31,9220,80003564,0,2991,2828,163,0.00000,4.20337
534F4C31,9221,80008531,0,2989,2830,159,0.00000,4.10022
534F4C31,9222,80013718,0,2995,2827,168,0.00000,4.33231
534F4C31,9222,80018807,0,2994,2828,166,0.00000,4.28073
534F4C31,9222,80023631,0,2999,2827,172,0.00000,4.43546
534F4C31,9223,80029261,0,2993,2828,165,0.00000,4.25495
534F4C31,9223,80035072,0,2996,2828,168,0.00000,4.33231
534F4C31,9223,80038658,0,2991,2828,163,0.00000,4.20337
534F4C31,9223,80043518,0,2993,2829,164,0.00000,4.22916
534F4C31,9223,80048524,0,2994,2829,165,0.00000,4.25495
534F4C31,9223,80053531,0,2991,2827,164,0.00000,4.22916
534F4C31,9224,80058556,0,2993,2831,162,0.00000,4.17758
534F4C31,9225,80063724,0,2995,2826,169,0.00000,4.35810
534F4C31,9226,80071056,0,2997,2831,166,0.00000,4.28073
534F4C31,9226,80075216,0,2994,2827,167,0.00000,4.30652
534F4C31,9227,80078540,0,2994,2830,164,0.00000,4.22916
534F4C31,9227,80083531,0,2991,2829,162,0.00000,4.17758
534F4C31,9228,80088526,0,2996,2828,168,0.00000,4.33231
534F4C31,9229,80093519,0,2992,2829,163,0.00000,4.20337
534F4C31,9229,80098520,0,2995,2833,162,0.00000,4.17758
534F4C31,9230,80103547,0,2995,2828,167,0.00000,4.30652
534F4C31,9230,80108519,0,2993,2827,166,0.00000,4.28073
534F4C31,9230,80113531,0,2993,2831,162,0.00000,4.17758
534F4C31,9230,80118523,0,2997,2828,169,0.00000,4.35810
534F4C31,9231,80123523,0,2992,2831,161,0.00000,4.15179
534F4C31,9231,80128522,0,2992,2827,165,0.00000,4.25495
534F4C31,9232,80133530,0,2990,2828,162,0.00000,4.17758
534F4C31,9233,80138742,0,2995,2829,166,0.00000,4.28073
534F4C31,9234,80143562,0,2997,2829,168,0.00000,4.33231
534F4C31,9235,80148590,0,3002,2829,173,0.00000,4.46125
534F4C31,9235,80154373,0,2991,2832,159,0.00000,4.10022
534F4C31,9236,80158646,0,2997,2831,166,0.00000,4.28073
534F4C31,9237,80163521,0,2992,2832,160,0.00000,4.12601
534F4C31,9238,80169262,0,2991,2830,161,0.00000,4.15179
534F4C31,9238,80173877,0,2992,2831,161,0.00000,4.15179
534F4C31,9238,80179033,0,2995,2829,166,0.00000,4.28073
534F4C31,9239,80183556,0,2998,2829,169,0.00000,4.35810
534F4C31,9239,80188961,0,2993,2830,163,0.00000,4.20337
534F4C31,9239,80193518,0,2993,2829,164,0.00000,4.22916
534F4C31,9239,80198934,0,2997,2829,168,0.00000,4.33231
534F4C31,9240,80203793,0,2991,2827,164,0.00000,4.22916
534F4C31,9240,80208520,0,2992,2826,166,0.00000,4.28073
534F4C31,9240,80213561,0,2994,2827,167,0.00000,4.30652
534F4C31,9241,80218520,0,2994,2830,164,0.00000,4.22916
534F4C31,9241,80223524,0,2986,2830,156,0.00000,4.02286
534F4C31,9242,80228533,0,2996,2827,169,0.00000,4.35810
534F4C31,9243,80234798,0,2992,2830,162,0.00000,4.17758
534F4C31,9243,80239983,0,2988,2828,160,0.00000,4.12601
534F4C31,9244,80243770,0,2989,2829,160,0.00000,4.12601
534F4C31,9245,80249031,0,2991,2830,161,0.00000,4.15179
534F4C31,9246,80253808,0,2992,2827,165,0.00000,4.25495
534F4C31,9246,80258981,0,2993,2829,164,0.00000,4.22916
534F4C31,9246,80263520,0,2994,2827,167,0.00000,4.30652
534F4C31,9247,80268540,0,2995,2831,164,0.00000,4.22916
534F4C31,9248,80273702,0,2990,2827,163,0.00000,4.20337
534F4C31,9248,80278582,0,2995,2827,168,0.00000,4.33231
534F4C31,9249,80283529,0,2989,2825,164,0.00000,4.22916
534F4C31,9249,80288543,0,2993,2827,166,0.00000,4.28073
534F4C31,9249,80293533,0,2992,2829,163,0.00000,4.20337
534F4C31,9249,80298522,0,2996,2830,166,0.00000,4.28073
534F4C31,9250,80303538,0,2994,2828,166,0.00000,4.28073
534F4C31,9251,80308544,0,2992,2831,161,0.00000,4.15179
534F4C31,9251,80313534,0,2991,2830,161,0.00000,4.15179
534F4C31,9252,80318544,0,2992,2829,163,0.00000,4.20337
534F4C31,9253,80323538,0,2996,2830,166,0.00000,4.28073
534F4C31,9253,80328517,0,2994,2830,164,0.00000,4.22916
534F4C31,9254,80334045,0,2997,2831,166,0.00000,4.28073
534F4C31,9254,80338785,0,2990,2828,162,0.00000,4.17758
534F4C31,9254,80343731,0,2995,2832,163,0.00000,4.20337
534F4C31,9254,80348553,0,2992,2827,165,0.00000,4.25495
534F4C31,9254,80353518,0,2992,2820,172,0.00000,4.43546
534F4C31,9255,80358525,0,2995,2825,170,0.00000,4.38388
534F4C31,9256,80363559,0,2994,2823,171,0.00000,4.40967
534F4C31,9257,80368739,0,2996,2823,173,0.00000,4.46125
534F4C31,9258,80373529,0,2996,2822,174,0.00000,4.48703
534F4C31,9258,80378534,0,2995,2825,170,0.00000,4.38388
534F4C31,9259,80383573,0,2992,2826,166,0.00000,4.28073
534F4C31,9260,80388532,0,2995,2821,174,0.00000,4.48703
534F4C31,9261,80393519,0,2989,2829,160,0.00000,4.12601
534F4C31,9262,80398603,0,2990,2828,162,0.00000,4.17758
534F4C31,9263,80403560,0,2993,2827,166,0.00000,4.28073
534F4C31,9263,80408525,0,2991,2824,167,0.00000,4.30652
534F4C31,9263,80413820,0,2991,2822,169,0.00000,4.35810
534F4C31,9263,80418520,0,2991,2826,165,0.00000,4.25495
534F4C31,9263,80423527,0,2993,2826,167,0.00000,4.30652
534F4C31,9263,80428523,0,2989,2826,163,0.00000,4.20337
534F4C31,9264,80433562,0,2995,2824,171,0.00000,4.40967
534F4C31,9265,80438543,0,2992,2823,169,0.00000,4.35810
534F4C31,9266,80443539,0,2991,2826,165,0.00000,4.25495
534F4C31,9267,80448515,0,2994,2826,168,0.00000,4.33231
534F4C31,9267,80454008,0,2994,2824,170,0.00000,4.38388
534F4C31,9267,80458678,0,2986,2827,159,0.00000,4.10022
534F4C31,9267,80463517,0,2996,2826,170,0.00000,4.38388
534F4C31,9268,80468526,0,2993,2826,167,0.00000,4.30652
534F4C31,9269,80473531,0,2988,2825,163,0.00000,4.20337
534F4C31,9269,80478519,0,2998,2826,172,0.00000,4.43546
534F4C31,9269,80483564,0,2993,2822,171,0.00000,4.40967
534F4C31,9269,80488524,0,2991,2824,167,0.00000,4.30652
534F4C31,9269,80493539,0,2996,2827,169,0.00000,4.35810
534F4C31,9270,80499086,0,2991,2820,171,0.00000,4.40967
534F4C31,9271,80503520,0,2993,2826,167,0.00000,4.30652
534F4C31,9272,80508932,0,2996,2825,171,0.00000,4.40967
534F4C31,9273,80513677,0,2993,2823,170,0.00000,4.38388
534F4C31,9274,80520127,0,2994,2826,168,0.00000,4.33231
534F4C31,9274,80524486,0,2995,2824,171,0.00000,4.40967
534F4C31,9275,80529328,0,2995,2823,172,0.00000,4.43546
534F4C31,9276,80533968,0,2990,2822,168,0.00000,4.33231
534F4C31,9277,80538533,0,2996,2824,172,0.00000,4.43546
534F4C31,9277,80544495,0,2992,2826,166,0.00000,4.28073
534F4C31,9278,80548532,0,2994,2823,171,0.00000,4.40967
534F4C31,9279,80553531,0,2992,2823,169,0.00000,4.35810
534F4C31,9279,80558518,0,2994,2825,169,0.00000,4.35810
534F4C31,9280,80563542,0,2991,2823,168,0.00000,4.33231
534F4C31,9280,80568648,0,2989,2823,166,0.00000,4.28073
534F4C31,9280,80573519,0,2995,2826,169,0.00000,4.35810
534F4C31,9280,80578518,0,2991,2825,166,0.00000,4.28073
534F4C31,9281,80583540,0,2991,2821,170,0.00000,4.38388
534F4C31,9281,80588520,0,2993,2827,166,0.00000,4.28073
534F4C31,9281,80593531,0,2989,2822,167,0.00000,4.30652
534F4C31,9281,80598519,0,2994,2825,169,0.00000,4.35810
534F4C31,9282,80603558,0,2994,2829,165,0.00000,4.25495
534F4C31,9283,80608565,0,3000,2821,179,0.00000,4.61597
534F4C31,9284,80613528,0,2992,2826,166,0.00000,4.28073
534F4C31,9284,80618537,0,2991,2825,166,0.00000,4.28073
534F4C31,9284,80623522,0,2994,2825,169,0.00000,4.35810
534F4C31,9284,80628520,0,2989,2823,166,0.00000,4.28073
534F4C31,9285,80633566,0,2992,2825,167,0.00000,4.30652
534F4C31,9286,80638566,0,2991,2822,169,0.00000,4.35810
534F4C31,9287,80644079,0,2993,2827,166,0.00000,4.28073
534F4C31,9288,80648522,0,2993,2825,168,0.00000,4.33231
534F4C31,9288,80653523,0,2991,2824,167,0.00000,4.30652
534F4C31,9289,80658537,0,2990,2821,169,0.00000,4.35810
534F4C31,9289,80663520,0,2992,2825,167,0.00000,4.30652
534F4C31,9290,80669531,0,2994,2825,169,0.00000,4.35810
534F4C31,9291,80673517,0,2992,2823,169,0.00000,4.35810
534F4C31,9291,80678597,0,2994,2822,172,0.00000,4.43546
534F4C31,9291,80683533,0,2990,2822,168,0.00000,4.33231
534F4C31,9291,80688520,0,2991,2821,170,0.00000,4.38388
534F4C31,9292,80693568,0,2993,2827,166,0.00000,4.28073
534F4C31,9293,80698531,0,2987,2827,160,0.00000,4.12601
534F4C31,9293,80704958,0,2997,2824,173,0.00000,4.46125
534F4C31,9294,80708538,0,2991,2825,166,0.00000,4.28073
534F4C31,9294,80713516,0,2998,2826,172,0.00000,4.43546
534F4C31,9294,80718720,0,2994,2818,176,0.00000,4.53861
534F4C31,9294,80723745,0,2992,2830,162,0.00000,4.17758
534F4C31,9295,80728541,0,2996,2827,169,0.00000,4.35810
534F4C31,9295,80733794,0,2992,2823,169,0.00000,4.35810
534F4C31,9296,80738538,0,2993,2825,168,0.00000,4.33231
534F4C31,9297,80744392,0,2992,2821,171,0.00000,4.40967
534F4C31,9298,80750191,0,2995,2823,172,0.00000,4.43546
534F4C31,9299,80754859,0,2998,2824,174,0.00000,4.48703
534F4C31,9299,80760030,0,2996,2828,168,0.00000,4.33231
534F4C31,9299,80763518,0,2993,2822,171,0.00000,4.40967
534F4C31,9300,80768526,0,2996,2825,171,0.00000,4.40967
534F4C31,9301,80774328,0,2992,2821,171,0.00000,4.40967
534F4C31,9302,80778543,0,2990,2825,165,0.00000,4.25495
534F4C31,9302,80784941,0,2997,2825,172,0.00000,4.43546
534F4C31,9302,80788535,0,2986,2823,163,0.00000,4.20337
534F4C31,9303,80793566,0,2990,2824,166,0.00000,4.28073
534F4C31,9304,80798513,0,2993,2822,171,0.00000,4.40967
534F4C31,9304,80803528,0,2994,2824,170,0.00000,4.38388
534F4C31,9304,80808520,0,3002,2824,178,0.00000,4.59018
534F4C31,9304,80813556,0,2992,2825,167,0.00000,4.30652
534F4C31,9304,80818556,0,2995,2824,171,0.00000,4.40967
534F4C31,9304,80823522,0,2992,2825,167,0.00000,4.30652
534F4C31,9305,80828535,0,2991,2824,167,0.00000,4.30652
534F4C31,9306,80833558,0,2994,2829,165,0.00000,4.25495
534F4C31,9307,80838903,0,2989,2824,165,0.00000,4.25495
534F4C31,9308,80844405,0,2986,2829,157,0.00000,4.04864
534F4C31,9308,80851644,0,3000,2827,173,0.00000,4.46125
534F4C31,9308,80854520,0,2993,2825,168,0.00000,4.33231
534F4C31,9309,80858529,0,2995,2826,169,0.00000,4.35810
534F4C31,9309,80863753,0,2993,2821,172,0.00000,4.43546
534F4C31,9309,80868552,0,2994,2825,169,0.00000,4.35810
534F4C31,9310,80873557,0,2995,2823,172,0.00000,4.43546
534F4C31,9311,80878524,0,2990,2828,162,0.00000,4.17758
534F4C31,9311,80884173,0,2995,2821,174,0.00000,4.48703
534F4C31,9311,80888528,0,2996,2824,172,0.00000,4.43546
534F4C31,9312,80894121,0,2989,2824,165,0.00000,4.25495
534F4C31,9313,80899367,0,2998,2828,170,0.00000,4.38388
534F4C31,9313,80903584,0,2988,2831,157,0.00000,4.04864
534F4C31,9314,80908572,0,2995,2825,170,0.00000,4.38388
534F4C31,9314,80913693,0,2990,2822,168,0.00000,4.33231
534F4C31,9315,80918554,0,2987,2827,160,0.00000,4.12601
534F4C31,9316,80923523,0,2991,2825,166,0.00000,4.28073
534F4C31,9316,80928522,0,2992,2824,168,0.00000,4.33231
534F4C31,9317,80934070,0,2990,2828,162,0.00000,4.17758
534F4C31,9318,80939470,0,2995,2828,167,0.00000,4.30652
534F4C31,9318,80943618,0,2995,2822,173,0.00000,4.46125
534F4C31,9318,80948520,0,2993,2826,167,0.00000,4.30652
534F4C31,9319,80953543,0,2994,2823,171,0.00000,4.40967
534F4C31,9319,80958723,0,2992,2826,166,0.00000,4.28073
534F4C31,9319,80963730,0,2995,2824,171,0.00000,4.40967
534F4C31,9320,80968551,0,2994,2827,167,0.00000,4.30652
534F4C31,9320,80973996,0,2991,2825,166,0.00000,4.28073
534F4C31,9320,80978523,0,2994,2826,168,0.00000,4.33231
534F4C31,9320,80983538,0,2991,2824,167,0.00000,4.30652
534F4C31,9321,80988750,0,2995,2825,170,0.00000,4.38388
534F4C31,9321,80993518,0,2999,2829,170,0.00000,4.38388
534F4C31,9322,80998557,0,2995,2826,169,0.00000,4.35810
534F4C31,9323,81003515,0,2992,2825,167,0.00000,4.30652
534F4C31,9323,81008538,0,2991,2824,167,0.00000,4.30652
534F4C31,9324,81013534,0,2995,2826,169,0.00000,4.35810
534F4C31,9324,81018535,0,2989,2827,162,0.00000,4.17758
534F4C31,9324,81023543,0,2992,2828,164,0.00000,4.22916
534F4C31,9325,81028538,0,2996,2829,167,0.00000,4.30652
534F4C31,9325,81033752,0,2994,2826,168,0.00000,4.33231
534F4C31,9326,81038532,0,2997,2822,175,0.00000,4.51282
534F4C31,9327,81044356,0,2991,2827,164,0.00000,4.22916
534F4C31,9328,81049956,0,2991,2823,168,0.00000,4.33231
534F4C31,9329,81055448,0,2993,2817,176,0.00000,4.53861
534F4C31,9330,81058519,0,2992,2822,170,0.00000,4.38388
534F4C31,9331,81063864,0,2991,2824,167,0.00000,4.30652
534F4C31,9331,81069746,0,2991,2821,170,0.00000,4.38388
534F4C31,9331,81073524,0,2992,2819,173,0.00000,4.46125
534F4C31,9332,81078534,0,2991,2818,173,0.00000,4.46125
534F4C31,9333,81083704,0,3001,2820,181,0.00000,4.66755
534F4C31,9333,81088522,0,2994,2823,171,0.00000,4.40967
534F4C31,9334,81093706,0,2994,2822,172,0.00000,4.43546
534F4C31,9335,81098881,0,2992,2822,170,0.00000,4.38388
534F4C31,9336,81105425,0,2992,2818,174,0.00000,4.48703
534F4C31,9336,81108868,0,2993,2819,174,0.00000,4.48703
534F4C31,9336,81113790,0,2990,2818,172,0.00000,4.43546
534F4C31,9337,81118524,0,2996,2817,179,0.00000,4.61597
534F4C31,9337,81123573,0,2993,2820,173,0.00000,4.46125
534F4C31,9338,81128576,0,2990,2822,168,0.00000,4.33231
534F4C31,9339,81133918,0,2993,2822,171,0.00000,4.40967
534F4C31,9339,81139001,0,2990,2813,177,0.00000,4.56440
534F4C31,9340,81143847,0,2997,2818,179,0.00000,4.61597
534F4C31,9340,81148535,0,2993,2819,174,0.00000,4.48703
534F4C31,9340,81153697,0,2997,2819,178,0.00000,4.59018
534F4C31,9340,81158522,0,2995,2820,175,0.00000,4.51282
534F4C31,9340,81163526,0,2995,2824,171,0.00000,4.40967
534F4C31,9340,81168541,0,2991,2818,173,0.00000,4.46125
534F4C31,9341,81174093,0,2994,2820,174,0.00000,4.48703
534F4C31,9342,81178509,0,2995,2821,174,0.00000,4.48703
534F4C31,9342,81183989,0,2990,2822,168,0.00000,4.33231
534F4C31,9343,81188531,0,2993,2818,175,0.00000,4.51282
534F4C31,9343,81193540,0,2997,2822,175,0.00000,4.51282
534F4C31,9343,81198542,0,2995,2820,175,0.00000,4.51282
534F4C31,9343,81203524,0,2995,2822,173,0.00000,4.46125
534F4C31,9344,81208745,0,2987,2822,165,0.00000,4.25495
534F4C31,9344,81213527,0,2991,2819,172,0.00000,4.43546
534F4C31,9344,81218520,0,2999,2819,180,0.00000,4.64176
534F4C31,9345,81223561,0,2993,2825,168,0.00000,4.33231
534F4C31,9345,81228532,0,2990,2820,170,0.00000,4.38388
534F4C31,9346,81233902,0,2996,2819,177,0.00000,4.56440
534F4C31,9346,81238527,0,2993,2818,175,0.00000,4.51282
534F4C31,9347,81244483,0,2993,2820,173,0.00000,4.46125
534F4C31,9347,81248746,0,2994,2819,175,0.00000,4.51282
534F4C31,9348,81253627,0,2989,2819,170,0.00000,4.38388
534F4C31,9348,81258520,0,2995,2821,174,0.00000,4.48703
534F4C31,9349,81263518,0,2994,2816,178,0.00000,4.59018
534F4C31,9349,81268530,0,2996,2820,176,0.00000,4.53861
534F4C31,9350,81273548,0,2993,2820,173,0.00000,4.46125
534F4C31,9351,81278536,0,2993,2824,169,0.00000,4.35810
534F4C31,9351,81284222,0,2999,2818,181,0.00000,4.66755
534F4C31,9352,81288520,0,2988,2818,170,0.00000,4.38388
534F4C31,9352,81293519,0,2997,2822,175,0.00000,4.51282
534F4C31,9353,81298525,0,2991,2822,169,0.00000,4.35810
534F4C31,9354,81303535,0,2993,2821,172,0.00000,4.43546
534F4C31,9355,81308963,0,2993,2818,175,0.00000,4.51282
534F4C31,9356,81313783,0,2995,2821,174,0.00000,4.48703
534F4C31,9357,81318735,0,2991,2821,170,0.00000,4.38388
534F4C31,9357,81323529,0,2992,2821,171,0.00000,4.40967
534F4C31,9357,81328538,0,2990,2818,172,0.00000,4.43546
534F4C31,9357,81333519,0,2994,2821,173,0.00000,4.46125
534F4C31,9358,81338875,0,2995,2816,179,0.00000,4.61597
534F4C31,9359,81343517,0,2994,2819,175,0.00000,4.51282
534F4C31,9359,81348535,0,2992,2818,174,0.00000,4.48703
534F4C31,9359,81353534,0,2993,2818,175,0.00000,4.51282
534F4C31,9359,81358530,0,2994,2825,169,0.00000,4.35810
534F4C31,9359,81363520,0,2997,2816,181,0.00000,4.66755
534F4C31,9359,81368520,0,2986,2816,170,0.00000,4.38388
534F4C31,9360,81373725,0,2992,2822,170,0.00000,4.38388
534F4C31,9361,81378583,0,2992,2823,169,0.00000,4.35810
534F4C31,9362,81383567,0,2997,2821,176,0.00000,4.53861
534F4C31,9363,81388530,0,2991,2819,172,0.00000,4.43546
534F4C31,9364,81393542,0,2988,2822,166,0.00000,4.28073
534F4C31,9365,81398622,0,2990,2821,169,0.00000,4.35810
534F4C31,9365,81403537,0,2991,2822,169,0.00000,4.35810
534F4C31,9366,81408556,0,2992,2821,171,0.00000,4.40967
534F4C31,9366,81413515,0,2995,2817,178,0.00000,4.59018
534F4C31,9366,81418577,0,2993,2821,172,0.00000,4.43546
534F4C31,9366,81423524,0,2997,2819,178,0.00000,4.59018
534F4C31,9366,81428559,0,2991,2822,169,0.00000,4.35810
534F4C31,9367,81433550,0,2995,2821,174,0.00000,4.48703
534F4C31,9368,81438518,0,2991,2819,172,0.00000,4.43546
534F4C31,9369,81443987,0,2995,2819,176,0.00000,4.53861
534F4C31,9369,81448538,0,2995,2819,176,0.00000,4.53861
534F4C31,9370,81453538,0,2992,2824,168,0.00000,4.33231
534F4C31,9371,81458537,0,2990,2824,166,0.00000,4.28073
534F4C31,9371,81463533,0,2994,2825,169,0.00000,4.35810
534F4C31,9371,81468517,0,2996,2816,180,0.00000,4.64176
534F4C31,9371,81473525,0,2994,2822,172,0.00000,4.43546
534F4C31,9372,81478561,0,2993,2823,170,0.00000,4.38388
534F4C31,9373,81483577,0,2995,2818,177,0.00000,4.56440
534F4C31,9373,81488516,0,2992,2816,176,0.00000,4.53861
534F4C31,9373,81493583,0,2993,2817,176,0.00000,4.53861
534F4C31,9374,81498536,0,2998,2820,178,0.00000,4.59018
534F4C31,9374,81503515,0,2992,2821,171,0.00000,4.40967
534F4C31,9374,81508537,0,2997,2817,180,0.00000,4.64176
534F4C31,9374,81513533,0,2995,2819,176,0.00000,4.53861
534F4C31,9375,81518525,0,2993,2821,172,0.00000,4.43546
534F4C31,9376,81523537,0,2993,2819,174,0.00000,4.48703
534F4C31,9377,81528523,0,2992,2822,170,0.00000,4.38388
534F4C31,9378,81533558,0,2995,2816,179,0.00000,4.61597
534F4C31,9379,81538750,0,2995,2817,178,0.00000,4.59018
534F4C31,9380,81543520,0,2995,2825,170,0.00000,4.38388
534F4C31,9380,81549299,0,2992,2819,173,0.00000,4.46125
534F4C31,9381,81553534,0,2993,2818,175,0.00000,4.51282
534F4C31,9382,81558839,0,2998,2819,179,0.00000,4.61597
534F4C31,9382,81563518,0,2991,2821,170,0.00000,4.38388
534F4C31,9382,81568809,0,2991,2819,172,0.00000,4.43546
534F4C31,9382,81573520,0,2990,2819,171,0.00000,4.40967
534F4C31,9382,81578518,0,2997,2822,175,0.00000,4.51282
534F4C31,9382,81583597,0,2993,2821,172,0.00000,4.43546
534F4C31,9383,81588520,0,2995,2820,175,0.00000,4.51282
534F4C31,9383,81593525,0,2988,2817,171,0.00000,4.40967
534F4C31,9384,81598567,0,2993,2820,173,0.00000,4.46125
534F4C31,9385,81604613,0,2993,2817,176,0.00000,4.53861
534F4C31,9385,81608537,0,2990,2819,171,0.00000,4.40967
534F4C31,9385,81613515,0,2990,2822,168,0.00000,4.33231
534F4C31,9386,81618530,0,2996,2821,175,0.00000,4.51282
534F4C31,9387,81623893,0,2992,2821,171,0.00000,4.40967
534F4C31,9388,81628558,0,2993,2820,173,0.00000,4.46125
534F4C31,9388,81633549,0,2993,2820,173,0.00000,4.46125
534F4C31,9388,81638522,0,2996,2816,180,0.00000,4.64176
534F4C31,9389,81643563,0,2996,2823,173,0.00000,4.46125
534F4C31,9389,81648532,0,2994,2815,179,0.00000,4.61597
534F4C31,9390,81653523,0,2990,2818,172,0.00000,4.43546
534F4C31,9391,81658876,0,2998,2821,177,0.00000,4.56440
534F4C31,9391,81663524,0,2996,2824,172,0.00000,4.43546
534F4C31,9391,81668532,0,2994,2819,175,0.00000,4.51282
534F4C31,9391,81673524,0,2993,2818,175,0.00000,4.51282
534F4C31,9392,81678518,0,2995,2820,175,0.00000,4.51282
534F4C31,9393,81683541,0,2997,2819,178,0.00000,4.59018
534F4C31,9394,81689255,0,2995,2818,177,0.00000,4.56440
534F4C31,9394,81693516,0,2996,2822,174,0.00000,4.48703
534F4C31,9395,81699146,0,2995,2819,176,0.00000,4.53861
534F4C31,9396,81703694,0,2994,2819,175,0.00000,4.51282
534F4C31,9396,81708547,0,2995,2820,175,0.00000,4.51282
534F4C31,9396,81713949,0,2992,2821,171,0.00000,4.40967
534F4C31,9397,81718540,0,2993,2818,175,0.00000,4.51282
534F4C31,9398,81723535,0,2989,2823,166,0.00000,4.28073
534F4C31,9398,81729305,0,2990,2821,169,0.00000,4.35810
534F4C31,9398,81734251,0,2996,2817,179,0.00000,4.61597
534F4C31,9398,81738528,0,2991,2817,174,0.00000,4.48703
534F4C31,9399,81743533,0,2988,2816,172,0.00000,4.43546
534F4C31,9399,81749014,0,2994,2824,170,0.00000,4.38388
534F4C31,9399,81753521,0,2994,2816,178,0.00000,4.59018
534F4C31,9400,81758542,0,2990,2821,169,0.00000,4.35810
534F4C31,9401,81763535,0,2991,2812,179,0.00000,4.61597
534F4C31,9402,81768531,0,2990,2812,178,0.00000,4.59018
534F4C31,9403,81774692,0,2990,2816,174,0.00000,4.48703
534F4C31,9403,81778529,0,2993,2814,179,0.00000,4.61597
534F4C31,9403,81783536,0,2998,2814,184,0.00000,4.74491
534F4C31,9403,81788532,0,2994,2812,182,0.00000,4.69333
534F4C31,9404,81793559,0,2994,2815,179,0.00000,4.61597
534F4C31,9404,81798519,0,2993,2814,179,0.00000,4.61597
534F4C31,9405,81803646,0,2989,2815,174,0.00000,4.48703
534F4C31,9406,81808518,0,2997,2815,182,0.00000,4.69333
534F4C31,9406,81814091,0,2996,2811,185,0.00000,4.77070
534F4C31,9407,81818531,0,2990,2815,175,0.00000,4.51282
534F4C31,9408,81824889,0,2995,2809,186,0.00000,4.79648
534F4C31,9408,81828524,0,2992,2817,175,0.00000,4.51282
534F4C31,9408,81833541,0,2990,2815,175,0.00000,4.51282
534F4C31,9408,81838541,0,2993,2815,178,0.00000,4.59018
534F4C31,9409,81843557,0,2991,2816,175,0.00000,4.51282
534F4C31,9410,81848969,0,2993,2817,176,0.00000,4.53861
534F4C31,9411,81854008,0,2993,2818,175,0.00000,4.51282
534F4C31,9411,81858884,0,2992,2816,176,0.00000,4.53861
534F4C31,9412,81863981,0,2992,2814,178,0.00000,4.59018
534F4C31,9413,81869674,0,2994,2819,175,0.00000,4.51282
534F4C31,9414,81873669,0,2991,2812,179,0.00000,4.61597
534F4C31,9414,81878517,0,2995,2815,180,0.00000,4.64176
534F4C31,9414,81883525,0,2992,2817,175,0.00000,4.51282
534F4C31,9415,81888539,0,2989,2821,168,0.00000,4.33231
534F4C31,9415,81893919,0,2994,2814,180,0.00000,4.64176
534F4C31,9415,81898520,0,2998,2818,180,0.00000,4.64176
534F4C31,9416,81903547,0,2996,2814,182,0.00000,4.69333
534F4C31,9417,81908542,0,2997,2816,181,0.00000,4.66755
534F4C31,9417,81913839,0,2989,2818,171,0.00000,4.40967
534F4C31,9417,81919023,0,2994,2814,180,0.00000,4.64176
534F4C31,9418,81923543,0,2992,2815,177,0.00000,4.56440
534F4C31,9419,81928823,0,2994,2815,179,0.00000,4.61597
534F4C31,9419,81933530,0,2993,2815,178,0.00000,4.59018
534F4C31,9420,81938936,0,2998,2818,180,0.00000,4.64176
534F4C31,9420,81943641,0,2992,2821,171,0.00000,4.40967
534F4C31,9420,81948536,0,2994,2815,179,0.00000,4.61597
534F4C31,9421,81953593,0,2999,2816,183,0.00000,4.71912
534F4C31,9422,81958564,0,2995,2814,181,0.00000,4.66755
534F4C31,9423,81963538,0,2990,2820,170,0.00000,4.38388
534F4C31,9423,81968721,0,2995,2812,183,0.00000,4.71912
534F4C31,9424,81973552,0,2991,2812,179,0.00000,4.61597
534F4C31,9424,81978615,0,2993,2811,182,0.00000,4.69333
534F4C31,9424,81983602,0,2998,2812,186,0.00000,4.79648
534F4C31,9425,81988529,0,2994,2818,176,0.00000,4.53861
534F4C31,9425,81993559,0,2990,2814,176,0.00000,4.53861
534F4C31,9425,81998531,0,2992,2813,179,0.00000,4.61597
534F4C31,9425,82003553,0,2993,2816,177,0.00000,4.56440
534F4C31,9425,82008520,0,2991,2819,172,0.00000,4.43546
534F4C31,9425,82013518,0,2996,2813,183,0.00000,4.71912
534F4C31,9425,82018524,0,2991,2813,178,0.00000,4.59018
534F4C31,9426,82023552,0,2991,2815,176,0.00000,4.53861
534F4C31,9427,82028773,0,2995,2814,181,0.00000,4.66755
534F4C31,9428,82033738,0,2991,2814,177,0.00000,4.56440
534F4C31,9428,82038532,0,2994,2815,179,0.00000,4.61597
534F4C31,9429,82044722,0,2995,2819,176,0.00000,4.53861
534F4C31,9429,82048536,0,3000,2812,188,0.00000,4.84806
534F4C31,9430,82053555,0,2993,2815,178,0.00000,4.59018
534F4C31,9431,82058573,0,2993,2817,176,0.00000,4.53861
534F4C31,9431,82063528,0,2999,2816,183,0.00000,4.71912
534F4C31,9431,82068561,0,2993,2818,175,0.00000,4.51282
534F4C31,9432,82073561,0,2997,2816,181,0.00000,4.66755
534F4C31,9433,82078535,0,2992,2815,177,0.00000,4.56440
534F4C31,9433,82084437,0,2991,2813,178,0.00000,4.59018
534F4C31,9433,82088519,0,2996,2814,182,0.00000,4.69333
534F4C31,9434,82093526,0,2994,2817,177,0.00000,4.56440
534F4C31,9434,82098537,0,2989,2816,173,0.00000,4.46125
534F4C31,9435,82103524,0,2993,2819,174,0.00000,4.48703
534F4C31,9435,82109352,0,2992,2819,173,0.00000,4.46125
534F4C31,9436,82113539,0,2996,2813,183,0.00000,4.71912
534F4C31,9437,82119588,0,2990,2812,178,0.00000,4.59018
534F4C31,9438,82123702,0,2994,2817,177,0.00000,4.56440
534F4C31,9438,82128881,0,2991,2818,173,0.00000,4.46125
534F4C31,9438,82133522,0,2994,2813,181,0.00000,4.66755
534F4C31,9439,82138561,0,2991,2814,177,0.00000,4.56440
534F4C31,9439,82143547,0,2994,2818,176,0.00000,4.53861
534F4C31,9440,82148565,0,2991,2814,177,0.00000,4.56440
534F4C31,9441,82153528,0,2993,2815,178,0.00000,4.59018
534F4C31,9442,82158552,0,2990,2815,175,0.00000,4.51282
534F4C31,9442,82164412,0,2989,2820,169,0.00000,4.35810
534F4C31,9442,82168518,0,2989,2810,179,0.00000,4.61597
534F4C31,9442,82173518,0,2993,2816,177,0.00000,4.56440
534F4C31,9443,82178566,0,2994,2813,181,0.00000,4.66755
534F4C31,9444,82184026,0,2991,2814,177,0.00000,4.56440
534F4C31,9444,82188529,0,2992,2814,178,0.00000,4.59018
534F4C31,9445,82193572,0,2994,2814,180,0.00000,4.64176
534F4C31,9446,82198531,0,2993,2812,181,0.00000,4.66755
534F4C31,9446,82203543,0,2993,2817,176,0.00000,4.53861
534F4C31,9447,82208534,0,2993,2817,176,0.00000,4.53861
534F4C31,9448,82213542,0,2996,2816,180,0.00000,4.64176
534F4C31,9449,82218631,0,2995,2815,180,0.00000,4.64176
534F4C31,9449,82224073,0,2995,2813,182,0.00000,4.69333
534F4C31,9449,82228520,0,2990,2814,176,0.00000,4.53861
534F4C31,9449,82233522,0,2992,2815,177,0.00000,4.56440
534F4C31,9450,82238524,0,2994,2812,182,0.00000,4.69333
534F4C31,9451,82244151,0,2991,2817,174,0.00000,4.48703
534F4C31,9452,82249266,0,2995,2816,179,0.00000,4.61597
534F4C31,9452,82253515,0,2992,2818,174,0.00000,4.48703
534F4C31,9453,82259181,0,2993,2814,179,0.00000,4.61597
534F4C31,9454,82263528,0,2994,2820,174,0.00000,4.48703
534F4C31,9454,82269504,0,2994,2816,178,0.00000,4.59018
534F4C31,9455,82273521,0,2989,2813,176,0.00000,4.53861
534F4C31,9456,82278518,0,2989,2815,174,0.00000,4.48703
534F4C31,9456,82283559,0,2993,2816,177,0.00000,4.56440
534F4C31,9457,82288660,0,2996,2813,183,0.00000,4.71912
534F4C31,9458,82293540,0,2995,2815,180,0.00000,4.64176
534F4C31,9458,82298521,0,2993,2811,182,0.00000,4.69333
534F4C31,9458,82303563,0,2994,2812,182,0.00000,4.69333
534F4C31,9458,82308516,0,2996,2816,180,0.00000,4.64176
534F4C31,9459,82313561,0,2991,2819,172,0.00000,4.43546
534F4C31,9459,82318517,0,2998,2815,183,0.00000,4.71912
534F4C31,9459,82323518,0,2991,2811,180,0.00000,4.64176
534F4C31,9459,82328542,0,2992,2813,179,0.00000,4.61597
534F4C31,9459,82333523,0,2994,2812,182,0.00000,4.69333
534F4C31,9459,82338519,0,2992,2818,174,0.00000,4.48703
534F4C31,9460,82343972,0,2989,2818,171,0.00000,4.40967
534F4C31,9461,82348564,0,2996,2815,181,0.00000,4.66755
534F4C31,9462,82353898,0,2992,2817,175,0.00000,4.51282
534F4C31,9462,82358958,0,2995,2817,178,0.00000,4.59018
534F4C31,9463,82363533,0,2990,2815,175,0.00000,4.51282
534F4C31,9464,82368796,0,2996,2816,180,0.00000,4.64176
534F4C31,9464,82373527,0,2994,2814,180,0.00000,4.64176
534F4C31,9464,82378530,0,2993,2813,180,0.00000,4.64176
534F4C31,9464,82383534,0,2993,2813,180,0.00000,4.64176
534F4C31,9465,82389264,0,2991,2810,181,0.00000,4.66755
534F4C31,9466,82393528,0,2989,2812,177,0.00000,4.56440
534F4C31,9467,82398519,0,2993,2814,179,0.00000,4.61597
534F4C31,9467,82403531,0,2987,2813,174,0.00000,4.48703
534F4C31,9467,82408559,0,2994,2815,179,0.00000,4.61597
534F4C31,9468,82413575,0,2993,2814,179,0.00000,4.61597
534F4C31,9469,82418520,0,2992,2818,174,0.00000,4.48703
534F4C31,9470,82423582,0,2995,2817,178,0.00000,4.59018
534F4C31,9470,82428516,0,2990,2815,175,0.00000,4.51282
534F4C31,9470,82434028,0,2990,2807,183,0.00000,4.71912
534F4C31,9471,82438520,0,2991,2812,179,0.00000,4.61597
534F4C31,9471,82443804,0,2995,2810,185,0.00000,4.77070
534F4C31,9471,82448532,0,2997,2808,189,0.00000,4.87385
534F4C31,9472,82453556,0,2993,2811,182,0.00000,4.69333
534F4C31,9473,82458544,0,2991,2816,175,0.00000,4.51282
534F4C31,9474,82463552,0,2995,2810,185,0.00000,4.77070
534F4C31,9474,82469793,0,2994,2809,185,0.00000,4.77070
534F4C31,9474,82473522,0,2994,2808,186,0.00000,4.79648
534F4C31,9475,82478528,0,2992,2812,180,0.00000,4.64176
534F4C31,9475,82484431,0,2990,2809,181,0.00000,4.66755
534F4C31,9475,82488536,0,2990,2810,180,0.00000,4.64176
534F4C31,9476,82493577,0,2998,2810,188,0.00000,4.84806
534F4C31,9476,82498574,0,2990,2812,178,0.00000,4.59018
534F4C31,9477,82503564,0,2992,2813,179,0.00000,4.61597
534F4C31,9478,82509363,0,2990,2810,180,0.00000,4.64176
534F4C31,9479,82514676,0,2990,2811,179,0.00000,4.61597
534F4C31,9479,82518550,0,2992,2810,182,0.00000,4.69333
534F4C31,9480,82523534,0,2998,2811,187,0.00000,4.82227
534F4C31,9480,82528572,0,2992,2807,185,0.00000,4.77070
534F4C31,9480,82533515,0,2993,2809,184,0.00000,4.74491
534F4C31,9480,82538535,0,2993,2812,181,0.00000,4.66755
534F4C31,9480,82543524,0,2992,2809,183,0.00000,4.71912
534F4C31,9481,82548560,0,2990,2809,181,0.00000,4.66755
534F4C31,9482,82553569,0,2993,2810,183,0.00000,4.71912
534F4C31,9483,82558617,0,2989,2810,179,0.00000,4.61597
534F4C31,9483,82563518,0,2995,2808,187,0.00000,4.82227
534F4C31,9484,82568532,0,2993,2814,179,0.00000,4.61597
534F4C31,9485,82573661,0,2994,2811,183,0.00000,4.71912
534F4C31,9485,82578535,0,2994,2808,186,0.00000,4.79648
534F4C31,9486,82583623,0,2992,2809,183,0.00000,4.71912
534F4C31,9486,82588530,0,2991,2808,183,0.00000,4.71912
534F4C31,9487,82593991,0,2996,2810,186,0.00000,4.79648
534F4C31,9487,82598527,0,2992,2810,182,0.00000,4.69333
534F4C31,9487,82603524,0,2994,2809,185,0.00000,4.77070
534F4C31,9488,82608536,0,2995,2810,185,0.00000,4.77070
534F4C31,9489,82613566,0,2992,2810,182,0.00000,4.69333
534F4C31,9489,82619330,0,2991,2810,181,0.00000,4.66755
534F4C31,9489,82623527,0,2996,2811,185,0.00000,4.77070
534F4C31,9490,82629086,0,2990,2810,180,0.00000,4.64176
534F4C31,9490,82633607,0,2990,2813,177,0.00000,4.56440
534F4C31,9491,82639451,0,2991,2812,179,0.00000,4.61597
534F4C31,9492,82643515,0,2997,2811,186,0.00000,4.79648
534F4C31,9492,82648527,0,2994,2810,184,0.00000,4.74491
534F4C31,9492,82654101,0,2994,2809,185,0.00000,4.77070
534F4C31,9493,82659133,0,2998,2814,184,0.00000,4.74491
534F4C31,9494,82663960,0,2996,2809,187,0.00000,4.82227
534F4C31,9494,82668516,0,2996,2807,189,0.00000,4.87385
534F4C31,9495,82673521,0,2997,2810,187,0.00000,4.82227
534F4C31,9496,82678613,0,2994,2809,185,0.00000,4.77070
534F4C31,9496,82683583,0,2990,2810,180,0.00000,4.64176
534F4C31,9496,82688538,0,2988,2810,178,0.00000,4.59018
534F4C31,9497,82693528,0,2988,2811,177,0.00000,4.56440
534F4C31,9497,82699385,0,2990,2811,179,0.00000,4.61597
534F4C31,9498,82703528,0,2992,2809,183,0.00000,4.71912
534F4C31,9499,82709373,0,2993,2807,186,0.00000,4.79648
534F4C31,9500,82714053,0,2997,2810,187,0.00000,4.82227
534F4C31,9500,82719019,0,2988,2807,181,0.00000,4.66755
534F4C31,9500,82723532,0,2994,2809,185,0.00000,4.77070
534F4C31,9501,82728531,0,2995,2810,185,0.00000,4.77070
534F4C31,9501,82733526,0,2991,2808,183,0.00000,4.71912
534F4C31,9502,82738570,0,2993,2807,186,0.00000,4.79648
534F4C31,9502,82743519,0,2989,2811,178,0.00000,4.59018
534F4C31,9503,82748528,0,2992,2808,184,0.00000,4.74491
534F4C31,9504,82753732,0,2994,2810,184,0.00000,4.74491
534F4C31,9505,82759831,0,2999,2812,187,0.00000,4.82227
534F4C31,9505,82763518,0,2994,2809,185,0.00000,4.77070
534F4C31,9506,82768533,0,2989,2809,180,0.00000,4.64176
534F4C31,9507,82773532,0,2998,2810,188,0.00000,4.84806
534F4C31,9507,82778519,0,2990,2813,177,0.00000,4.56440
534F4C31,9507,82783516,0,2995,2808,187,0.00000,4.82227
534F4C31,9508,82788533,0,2990,2812,178,0.00000,4.59018
534F4C31,9509,82793969,0,2991,2811,180,0.00000,4.64176
534F4C31,9510,82798808,0,2994,2808,186,0.00000,4.79648
534F4C31,9511,82804866,0,2992,2810,182,0.00000,4.69333
534F4C31,9512,82809405,0,2993,2809,184,0.00000,4.74491
534F4C31,9512,82814654,0,2992,2808,184,0.00000,4.74491
534F4C31,9512,82818568,0,2993,2812,181,0.00000,4.66755
534F4C31,9512,82823841,0,2994,2811,183,0.00000,4.71912
534F4C31,9512,82828518,0,2991,2807,184,0.00000,4.74491
534F4C31,9512,82833535,0,2989,2808,181,0.00000,4.66755
534F4C31,9512,82838518,0,2996,2809,187,0.00000,4.82227
534F4C31,9513,82843723,0,2998,2808,190,0.00000,4.89963
534F4C31,9513,82848540,0,2990,2810,180,0.00000,4.64176
534F4C31,9514,82853550,0,2991,2808,183,0.00000,4.71912
534F4C31,9515,82859549,0,2997,2809,188,0.00000,4.84806
534F4C31,9515,82863533,0,2992,2810,182,0.00000,4.69333
534F4C31,9515,82868670,0,2993,2808,185,0.00000,4.77070
534F4C31,9516,82873518,0,2991,2811,180,0.00000,4.64176
534F4C31,9516,82878575,0,2991,2810,181,0.00000,4.66755
534F4C31,9517,82883520,0,2989,2809,180,0.00000,4.64176
534F4C31,9517,82888778,0,3001,2810,191,0.00000,4.92542
534F4C31,9518,82893529,0,2993,2808,185,0.00000,4.77070
534F4C31,9519,82899652,0,2991,2810,181,0.00000,4.66755
534F4C31,9519,82903742,0,2987,2810,177,0.00000,4.56440
534F4C31,9520,82908635,0,2993,2810,183,0.00000,4.71912
534F4C31,9520,82913524,0,2992,2808,184,0.00000,4.74491
534F4C31,9521,82918516,0,2993,2810,183,0.00000,4.71912
534F4C31,9521,82924602,0,2990,2811,179,0.00000,4.61597
534F4C31,9521,82928525,0,2995,2808,187,0.00000,4.82227
534F4C31,9522,82933569,0,2992,2813,179,0.00000,4.61597
534F4C31,9523,82939604,0,2993,2809,184,0.00000,4.74491
534F4C31,9523,82944361,0,2992,2812,180,0.00000,4.64176
534F4C31,9524,82948517,0,2994,2809,185,0.00000,4.77070
534F4C31,9525,82953558,0,2995,2809,186,0.00000,4.79648
534F4C31,9525,82958656,0,2999,2809,190,0.00000,4.89963
534F4C31,9525,82963529,0,2996,2806,190,0.00000,4.89963
534F4C31,9525,82968534,0,2993,2809,184,0.00000,4.74491
534F4C31,9525,82973523,0,2991,2810,181,0.00000,4.66755
534F4C31,9526,82978523,0,2991,2810,181,0.00000,4.66755
534F4C31,9527,82984359,0,2990,2811,179,0.00000,4.61597
534F4C31,9528,82989437,0,2989,2809,180,0.00000,4.64176
534F4C31,9528,82993753,0,2996,2813,183,0.00000,4.71912
534F4C31,9528,82999349,0,2995,2809,186,0.00000,4.79648
534F4C31,9528,83003523,0,2990,2811,179,0.00000,4.61597
534F4C31,9529,83008606,0,2989,2807,182,0.00000,4.69333
534F4C31,9530,83013964,0,2990,2809,181,0.00000,4.66755
534F4C31,9531,83018696,0,2996,2810,186,0.00000,4.79648
534F4C31,9532,83023657,0,2996,2809,187,0.00000,4.82227
534F4C31,9532,83028552,0,2995,2813,182,0.00000,4.69333
534F4C31,9532,83033542,0,2988,2813,175,0.00000,4.51282
534F4C31,9533,83038520,0,2995,2808,187,0.00000,4.82227
534F4C31,9534,83043572,0,2990,2810,180,0.00000,4.64176
534F4C31,9534,83048982,0,2995,2810,185,0.00000,4.77070
534F4C31,9534,83053520,0,2993,2812,181,0.00000,4.66755
534F4C31,9534,83058526,0,2993,2809,184,0.00000,4.74491
534F4C31,9534,83063533,0,2992,2809,183,0.00000,4.71912
534F4C31,9535,83069277,0,2998,2809,189,0.00000,4.87385
534F4C31,9536,83073546,0,2994,2808,186,0.00000,4.79648
534F4C31,9537,83078578,0,2990,2812,178,0.00000,4.59018
534F4C31,9537,83083530,0,2998,2808,190,0.00000,4.89963
534F4C31,9537,83088564,0,2992,2810,182,0.00000,4.69333
534F4C31,9538,83093534,0,2993,2814,179,0.00000,4.61597
534F4C31,9539,83098542,0,2992,2813,179,0.00000,4.61597
534F4C31,9540,83103530,0,2998,2809,189,0.00000,4.87385
534F4C31,9541,83108533,0,2992,2810,182,0.00000,4.69333
534F4C31,9542,83114022,0,2988,2811,177,0.00000,4.56440
534F4C31,9542,83118924,0,2986,2808,178,0.00000,4.59018
534F4C31,9543,83123524,0,2991,2810,181,0.00000,4.66755
534F4C31,9543,83128852,0,2994,2810,184,0.00000,4.74491
534F4C31,9543,83133536,0,2998,2809,189,0.00000,4.87385
534F4C31,9544,83139132,0,2988,2812,176,0.00000,4.53861
534F4C31,9545,83144911,0,2996,2811,185,0.00000,4.77070
534F4C31,9545,83148552,0,2998,2810,188,0.00000,4.84806
534F4C31,9546,83153905,0,2996,2810,186,0.00000,4.79648
534F4C31,9547,83158559,0,2993,2808,185,0.00000,4.77070
534F4C31,9547,83163534,0,2998,2812,186,0.00000,4.79648
534F4C31,9547,83168517,0,2992,2809,183,0.00000,4.71912
534F4C31,9547,83173534,0,2988,2806,182,0.00000,4.69333
534F4C31,9547,83178522,0,2993,2808,185,0.00000,4.77070
534F4C31,9547,83183531,0,2995,2806,189,0.00000,4.87385
534F4C31,9547,83188522,0,2989,2809,180,0.00000,4.64176
534F4C31,9548,83193746,0,2990,2805,185,0.00000,4.77070
534F4C31,9549,83198526,0,2998,2806,192,0.00000,4.95121
534F4C31,9550,83203618,0,2997,2805,192,0.00000,4.95121
534F4C31,9550,83208535,0,2993,2809,184,0.00000,4.74491
534F4C31,9551,83213634,0,2989,2809,180,0.00000,4.64176
534F4C31,9551,83218534,0,2995,2805,190,0.00000,4.89963
534F4C31,9552,83223574,0,2995,2808,187,0.00000,4.82227
534F4C31,9552,83228520,0,2990,2809,181,0.00000,4.66755
534F4C31,9552,83233534,0,2993,2806,187,0.00000,4.82227
534F4C31,9552,83238518,0,2992,2805,187,0.00000,4.82227
534F4C31,9553,83243563,0,2992,2808,184,0.00000,4.74491
534F4C31,9554,83248547,0,2995,2814,181,0.00000,4.66755
534F4C31,9555,83253561,0,2996,2810,186,0.00000,4.79648
534F4C31,9556,83258560,0,2996,2810,186,0.00000,4.79648
534F4C31,9557,83263569,0,2995,2804,191,0.00000,4.92542
534F4C31,9558,83269527,0,2992,2806,186,0.00000,4.79648
534F4C31,9559,83274185,0,2986,2808,178,0.00000,4.59018
534F4C31,9560,83278553,0,2992,2806,186,0.00000,4.79648
534F4C31,9561,83283561,0,2989,2805,184,0.00000,4.74491
534F4C31,9562,83288534,0,2995,2806,189,0.00000,4.87385
534F4C31,9562,83293511,0,2992,2803,189,0.00000,4.87385
534F4C31,9563,83298538,0,2991,2807,184,0.00000,4.74491
534F4C31,9564,83303532,0,2996,2809,187,0.00000,4.82227
534F4C31,9565,83308561,0,2991,2809,182,0.00000,4.69333
534F4C31,9566,83313534,0,2993,2807,186,0.00000,4.79648
534F4C31,9567,83318534,0,2994,2808,186,0.00000,4.79648
534F4C31,9568,83323534,0,2999,2805,194,0.00000,5.00278
534F4C31,9569,83329863,0,2992,2805,187,0.00000,4.82227
534F4C31,9570,83334264,0,2994,2809,185,0.00000,4.77070
534F4C31,9571,83338526,0,2995,2804,191,0.00000,4.92542
534F4C31,9572,83343559,0,2992,2807,185,0.00000,4.77070
534F4C31,9573,83348784,0,2998,2807,191,0.00000,4.92542
534F4C31,9573,83354759,0,2996,2804,192,0.00000,4.95121
534F4C31,9573,83359141,0,2997,2808,189,0.00000,4.87385
534F4C31,9573,83363517,0,2992,2809,183,0.00000,4.71912
534F4C31,9574,83368564,0,2996,2808,188,0.00000,4.84806
534F4C31,9574,83373822,0,2994,2809,185,0.00000,4.77070
534F4C31,9574,83378554,0,2991,2806,185,0.00000,4.77070
534F4C31,9574,83383711,0,2990,2809,181,0.00000,4.66755
534F4C31,9575,83388520,0,2996,2806,190,0.00000,4.89963
534F4C31,9576,83393543,0,2993,2809,184,0.00000,4.74491
534F4C31,9576,83398520,0,2994,2806,188,0.00000,4.84806
534F4C31,9577,83403573,0,2991,2805,186,0.00000,4.79648
534F4C31,9578,83408518,0,2987,2807,180,0.00000,4.64176
534F4C31,9578,83413558,0,2992,2808,184,0.00000,4.74491
534F4C31,9579,83418524,0,2991,2807,184,0.00000,4.74491
534F4C31,9579,83423515,0,2984,2810,174,0.00000,4.48703
534F4C31,9579,83428567,0,2999,2806,193,0.00000,4.97700
534F4C31,9580,83433526,0,2996,2803,193,0.00000,4.97700
534F4C31,9581,83438528,0,2993,2810,183,0.00000,4.71912
534F4C31,9581,83443533,0,2994,2808,186,0.00000,4.79648
534F4C31,9581,83448522,0,2987,2806,181,0.00000,4.66755
534F4C31,9581,83453568,0,2986,2807,179,0.00000,4.61597
534F4C31,9581,83458530,0,2992,2808,184,0.00000,4.74491
534F4C31,9581,83463527,0,2991,2807,184,0.00000,4.74491
534F4C31,9582,83468550,0,2998,2809,189,0.00000,4.87385
534F4C31,9582,83473525,0,2991,2807,184,0.00000,4.74491
534F4C31,9583,83478534,0,2995,2806,189,0.00000,4.87385
534F4C31,9584,83483532,0,2998,2808,190,0.00000,4.89963
534F4C31,9584,83488563,0,2999,2808,191,0.00000,4.92542
534F4C31,9584,83493539,0,2992,2805,187,0.00000,4.82227
534F4C31,9585,83498542,0,2994,2807,187,0.00000,4.82227
534F4C31,9585,83503765,0,2994,2805,189,0.00000,4.87385
534F4C31,9586,83508518,0,2994,2806,188,0.00000,4.84806
534F4C31,9587,83514007,0,2997,2806,191,0.00000,4.92542
534F4C31,9588,83518899,0,2993,2806,187,0.00000,4.82227
534F4C31,9589,83524623,0,2990,2808,182,0.00000,4.69333
534F4C31,9589,83528812,0,2993,2808,185,0.00000,4.77070
534F4C31,9589,83533518,0,2991,2806,185,0.00000,4.77070
534F4C31,9589,83538747,0,2988,2807,181,0.00000,4.66755
534F4C31,9589,83543535,0,2993,2806,187,0.00000,4.82227
534F4C31,9589,83548522,0,2996,2808,188,0.00000,4.84806
534F4C31,9589,83553524,0,2993,2806,187,0.00000,4.82227
534F4C31,9590,83558997,0,2992,2808,184,0.00000,4.74491
534F4C31,9591,83563560,0,2996,2805,191,0.00000,4.92542
534F4C31,9592,83569019,0,2995,2806,189,0.00000,4.87385
534F4C31,9593,83573569,0,2990,2806,184,0.00000,4.74491
534F4C31,9594,83578541,0,2994,2808,186,0.00000,4.79648
534F4C31,9595,83583579,0,2997,2807,190,0.00000,4.89963
534F4C31,9596,83588959,0,2990,2809,181,0.00000,4.66755
534F4C31,9597,83593561,0,2992,2807,185,0.00000,4.77070
534F4C31,9598,83598937,0,2994,2807,187,0.00000,4.82227
534F4C31,9599,83603556,0,2993,2802,191,0.00000,4.92542
534F4C31,9600,83608528,0,2998,2806,192,0.00000,4.95121
534F4C31,9601,83613557,0,2993,2807,186,0.00000,4.79648
534F4C31,9602,83618536,0,2993,2807,186,0.00000,4.79648
534F4C31,9603,83623539,0,2997,2807,190,0.00000,4.89963
534F4C31,9604,83628529,0,2989,2806,183,0.00000,4.71912
534F4C31,9605,83633526,0,2991,2811,180,0.00000,4.64176
534F4C31,9606,83638531,0,2992,2808,184,0.00000,4.74491
534F4C31,9607,83644056,0,2992,2808,184,0.00000,4.74491
534F4C31,9608,83648550,0,2994,2809,185,0.00000,4.77070
534F4C31,9609,83653531,0,2997,2805,192,0.00000,4.95121
534F4C31,9610,83659065,0,2990,2807,183,0.00000,4.71912
534F4C31,9611,83664717,0,2994,2804,190,0.00000,4.89963
534F4C31,9611,83670486,0,2993,2810,183,0.00000,4.71912
534F4C31,9612,83674130,0,2989,2809,180,0.00000,4.64176
534F4C31,9613,83681638,0,2992,2808,184,0.00000,4.74491
534F4C31,9614,83686160,0,2996,2810,186,0.00000,4.79648
534F4C31,9615,83690129,0,2992,2808,184,0.00000,4.74491
534F4C31,9616,83696559,0,2995,2807,188,0.00000,4.84806
534F4C31,9616,83700871,0,2995,2806,189,0.00000,4.87385
534F4C31,9616,83704086,0,2995,2806,189,0.00000,4.87385
534F4C31,9616,83708596,0,2996,2804,192,0.00000,4.95121
534F4C31,9616,83713535,0,2991,2807,184,0.00000,4.74491
534F4C31,9617,83719099,0,2995,2809,186,0.00000,4.79648
534F4C31,9617,83723520,0,2993,2804,189,0.00000,4.87385
534F4C31,9617,83728557,0,2993,2807,186,0.00000,4.79648
534F4C31,9618,83733522,0,2993,2808,185,0.00000,4.77070
534F4C31,9618,83738533,0,2990,2809,181,0.00000,4.66755
534F4C31,9618,83743518,0,2994,2809,185,0.00000,4.77070
534F4C31,9619,83748526,0,2995,2810,185,0.00000,4.77070
534F4C31,9620,83753528,0,2993,2805,188,0.00000,4.84806
534F4C31,9621,83759315,0,2988,2805,183,0.00000,4.71912
534F4C31,9621,83764427,0,2997,2808,189,0.00000,4.87385
534F4C31,9621,83768519,0,3001,2808,193,0.00000,4.97700
534F4C31,9621,83773533,0,2996,2807,189,0.00000,4.87385
534F4C31,9621,83778521,0,2992,2803,189,0.00000,4.87385
534F4C31,9621,83783516,0,2993,2806,187,0.00000,4.82227
534F4C31,9621,83788540,0,2996,2809,187,0.00000,4.82227
534F4C31,9621,83793522,0,2993,2807,186,0.00000,4.79648
534F4C31,9621,83798517,0,2992,2802,190,0.00000,4.89963
534F4C31,9621,83803537,0,2992,2806,186,0.00000,4.79648
534F4C31,9622,83808518,0,2990,2810,180,0.00000,4.64176
534F4C31,9622,83813520,0,2996,2807,189,0.00000,4.87385
534F4C31,9622,83818559,0,2992,2806,186,0.00000,4.79648
534F4C31,9622,83823518,0,2990,2806,184,0.00000,4.74491
534F4C31,9622,83828526,0,2994,2808,186,0.00000,4.79648
534F4C31,9623,83833528,0,2991,2808,183,0.00000,4.71912
534F4C31,9624,83838552,0,2993,2809,184,0.00000,4.74491
534F4C31,9624,83843515,0,2994,2802,192,0.00000,4.95121
534F4C31,9625,83848535,0,2996,2806,190,0.00000,4.89963
534F4C31,9625,83853520,0,2993,2806,187,0.00000,4.82227
534F4C31,9625,83858521,0,2992,2807,185,0.00000,4.77070
534F4C31,9625,83863523,0,2994,2804,190,0.00000,4.89963
534F4C31,9626,83868521,0,2992,2806,186,0.00000,4.79648
534F4C31,9627,83873956,0,2991,2803,188,0.00000,4.84806
534F4C31,9627,83878525,0,2993,2804,189,0.00000,4.87385
534F4C31,9628,83883542,0,2989,2804,185,0.00000,4.77070
534F4C31,9628,83888520,0,2994,2805,189,0.00000,4.87385
534F4C31,9629,83893546,0,2992,2805,187,0.00000,4.82227
534F4C31,9630,83898571,0,2995,2803,192,0.00000,4.95121
534F4C31,9631,83903993,0,2997,2802,195,0.00000,5.02857
534F4C31,9632,83908539,0,2992,2803,189,0.00000,4.87385
534F4C31,9633,83913564,0,3000,2803,197,0.00000,5.08015
534F4C31,9634,83918534,0,2999,2804,195,0.00000,5.02857
534F4C31,9635,83923534,0,3000,2811,189,0.00000,4.87385
534F4C31,9636,83928566,0,2990,2803,187,0.00000,4.82227
534F4C31,9637,83933563,0,2989,2801,188,0.00000,4.84806
534F4C31,9638,83938848,0,2991,2803,188,0.00000,4.84806
534F4C31,9639,83943872,0,2987,2801,186,0.00000,4.79648
534F4C31,9640,83948541,0,2998,2805,193,0.00000,4.97700
534F4C31,9641,83953546,0,2991,2802,189,0.00000,4.87385
534F4C31,9642,83958534,0,2995,2801,194,0.00000,5.00278
534F4C31,9643,83963556,0,2992,2804,188,0.00000,4.84806
534F4C31,9644,83968578,0,2993,2803,190,0.00000,4.89963
534F4C31,9645,83973547,0,2993,2801,192,0.00000,4.95121
534F4C31,9646,83978525,0,2992,2802,190,0.00000,4.89963
534F4C31,9647,83984147,0,2994,2801,193,0.00000,4.97700
534F4C31,9647,83989353,0,2991,2805,186,0.00000,4.79648
534F4C31,9648,83993545,0,2994,2807,187,0.00000,4.82227
534F4C31,9648,83999224,0,2993,2804,189,0.00000,4.87385
534F4C31,9648,84005587,0,2994,2802,192,0.00000,4.95121
534F4C31,9649,84009330,0,2988,2803,185,0.00000,4.77070
534F4C31,9650,84015107,0,2989,2803,186,0.00000,4.79648
534F4C31,9650,84020005,0,2991,2805,186,0.00000,4.79648
534F4C31,9651,84025819,0,2989,2804,185,0.00000,4.77070
534F4C31,9651,84028803,0,2988,2804,184,0.00000,4.74491
534F4C31,9651,84033574,0,2994,2799,195,0.00000,5.02857
534F4C31,9651,84038529,0,2989,2805,184,0.00000,4.74491
534F4C31,9651,84043534,0,2993,2805,188,0.00000,4.84806
534F4C31,9651,84048526,0,2993,2804,189,0.00000,4.87385
534F4C31,9652,84053524,0,2987,2802,185,0.00000,4.77070
534F4C31,9652,84058523,0,2991,2803,188,0.00000,4.84806
534F4C31,9652,84063538,0,2990,2801,189,0.00000,4.87385
534F4C31,9652,84068521,0,2988,2800,188,0.00000,4.84806
534F4C31,9653,84073524,0,2995,2801,194,0.00000,5.00278
534F4C31,9653,84078540,0,2994,2802,192,0.00000,4.95121
534F4C31,9654,84085201,0,2989,2804,185,0.00000,4.77070
534F4C31,9655,84088969,0,2994,2803,191,0.00000,4.92542
534F4C31,9655,84093534,0,2991,2802,189,0.00000,4.87385
534F4C31,9655,84099023,0,2994,2804,190,0.00000,4.89963
534F4C31,9655,84103518,0,2994,2802,192,0.00000,4.95121
534F4C31,9655,84108520,0,2991,2805,186,0.00000,4.79648
534F4C31,9655,84113523,0,2996,2800,196,0.00000,5.05436
534F4C31,9656,84118534,0,2993,2803,190,0.00000,4.89963
534F4C31,9657,84123538,0,2990,2804,186,0.00000,4.79648
534F4C31,9657,84128805,0,2993,2805,188,0.00000,4.84806
534F4C31,9657,84133521,0,2991,2802,189,0.00000,4.87385
534F4C31,9657,84138518,0,2992,2804,188,0.00000,4.84806
534F4C31,9657,84143518,0,2992,2806,186,0.00000,4.79648
534F4C31,9657,84148520,0,2990,2801,189,0.00000,4.87385
534F4C31,9657,84153521,0,2995,2803,192,0.00000,4.95121
534F4C31,9657,84158523,0,2994,2802,192,0.00000,4.95121
534F4C31,9658,84163536,0,2994,2801,193,0.00000,4.97700
534F4C31,9658,84168518,0,2990,2803,187,0.00000,4.82227
534F4C31,9659,84173561,0,3000,2803,197,0.00000,5.08015
534F4C31,9660,84178524,0,2992,2804,188,0.00000,4.84806
534F4C31,9661,84183516,0,2992,2804,188,0.00000,4.84806
534F4C31,9661,84188520,0,2989,2804,185,0.00000,4.77070
534F4C31,9661,84193537,0,2991,2805,186,0.00000,4.79648
534F4C31,9662,84198542,0,2992,2803,189,0.00000,4.87385
534F4C31,9662,84203818,0,2994,2804,190,0.00000,4.89963
534F4C31,9662,84208532,0,3000,2801,199,0.00000,5.13172
534F4C31,9663,84213570,0,2993,2801,192,0.00000,4.95121
534F4C31,9664,84218564,0,2995,2805,190,0.00000,4.89963
534F4C31,9665,84223674,0,2993,2804,189,0.00000,4.87385
534F4C31,9666,84228566,0,2990,2801,189,0.00000,4.87385
534F4C31,9667,84233600,0,2992,2802,190,0.00000,4.89963
534F4C31,9668,84238515,0,2989,2804,185,0.00000,4.77070
534F4C31,9669,84243569,0,2992,2802,190,0.00000,4.89963
534F4C31,9670,84248583,0,2995,2806,189,0.00000,4.87385
534F4C31,9671,84253542,0,2995,2801,194,0.00000,5.00278
534F4C31,9672,84258562,0,2989,2801,188,0.00000,4.84806
534F4C31,9673,84263557,0,2996,2802,194,0.00000,5.00278
534F4C31,9674,84268696,0,2993,2803,190,0.00000,4.89963
534F4C31,9675,84273531,0,2990,2805,185,0.00000,4.77070
534F4C31,9676,84278572,0,2989,2801,188,0.00000,4.84806
534F4C31,9677,84283551,0,2988,2800,188,0.00000,4.84806
534F4C31,9678,84288618,0,2992,2803,189,0.00000,4.87385
534F4C31,9679,84294197,0,2998,2806,192,0.00000,4.95121
534F4C31,9680,84299442,0,2994,2803,191,0.00000,4.92542
534F4C31,9681,84303973,0,2996,2806,190,0.00000,4.89963
534F4C31,9682,84309666,0,2992,2804,188,0.00000,4.84806
534F4C31,9683,84314931,0,2992,2801,191,0.00000,4.92542
534F4C31,9684,84318766,0,2994,2804,190,0.00000,4.89963
534F4C31,9685,84328545,0,2992,2801,191,0.00000,4.92542
534F4C31,9685,84333329,0,2992,2805,187,0.00000,4.82227
534F4C31,9685,84336828,0,2990,2802,188,0.00000,4.84806
534F4C31,9685,84339017,0,2992,2801,191,0.00000,4.92542
534F4C31,9686,84343520,0,2986,2803,183,0.00000,4.71912
534F4C31,9687,84348979,0,2988,2803,185,0.00000,4.77070
534F4C31,9687,84353536,0,2997,2803,194,0.00000,5.00278
534F4C31,9688,84358913,0,2992,2805,187,0.00000,4.82227
534F4C31,9689,84363700,0,2990,2804,186,0.00000,4.79648
534F4C31,9689,84368544,0,2989,2803,186,0.00000,4.79648
534F4C31,9690,84373550,0,2995,2800,195,0.00000,5.02857
534F4C31,9690,84378533,0,2993,2798,195,0.00000,5.02857
534F4C31,9690,84383541,0,2989,2800,189,0.00000,4.87385
534F4C31,9691,84388932,0,2991,2803,188,0.00000,4.84806
534F4C31,9692,84393523,0,2990,2803,187,0.00000,4.82227
534F4C31,9692,84398535,0,2992,2800,192,0.00000,4.95121
534F4C31,9692,84403518,0,2992,2801,191,0.00000,4.92542
534F4C31,9692,84408516,0,2989,2800,189,0.00000,4.87385
534F4C31,9692,84413518,0,2996,2799,197,0.00000,5.08015
534F4C31,9692,84418526,0,2990,2801,189,0.00000,4.87385
534F4C31,9693,84423527,0,2989,2803,186,0.00000,4.79648
534F4C31,9694,84428531,0,2990,2799,191,0.00000,4.92542
534F4C31,9695,84433682,0,2992,2802,190,0.00000,4.89963
534F4C31,9695,84438520,0,2993,2801,192,0.00000,4.95121
534F4C31,9696,84443892,0,2991,2802,189,0.00000,4.87385
534F4C31,9697,84448549,0,2995,2800,195,0.00000,5.02857
534F4C31,9698,84453535,0,2990,2799,191,0.00000,4.92542
534F4C31,9698,84458716,0,2995,2804,191,0.00000,4.92542
534F4C31,9699,84463545,0,2997,2802,195,0.00000,5.02857
534F4C31,9699,84468516,0,2990,2799,191,0.00000,4.92542
534F4C31,9700,84473524,0,2990,2805,185,0.00000,4.77070
534F4C31,9701,84478538,0,2991,2799,192,0.00000,4.95121
534F4C31,9702,84483771,0,2993,2800,193,0.00000,4.97700
534F4C31,9703,84488515,0,2992,2799,193,0.00000,4.97700
534F4C31,9703,84493613,0,2992,2802,190,0.00000,4.89963
534F4C31,9703,84498756,0,2994,2799,195,0.00000,5.02857
534F4C31,9704,84503550,0,2992,2802,190,0.00000,4.89963
534F4C31,9705,84508541,0,2989,2800,189,0.00000,4.87385
534F4C31,9705,84513536,0,2998,2804,194,0.00000,5.00278
534F4C31,9705,84518516,0,2996,2802,194,0.00000,5.00278
534F4C31,9705,84523528,0,2999,2805,194,0.00000,5.00278
534F4C31,9705,84528520,0,2995,2800,195,0.00000,5.02857
534F4C31,9705,84533520,0,2993,2801,192,0.00000,4.95121
534F4C31,9705,84538530,0,2995,2802,193,0.00000,4.97700
534F4C31,9705,84543520,0,2998,2798,200,0.00000,5.15751
534F4C31,9706,84548572,0,2993,2798,195,0.00000,5.02857
534F4C31,9707,84553545,0,2994,2803,191,0.00000,4.92542
534F4C31,9707,84558678,0,2997,2804,193,0.00000,4.97700
534F4C31,9707,84563675,0,2990,2806,184,0.00000,4.74491
534F4C31,9708,84568557,0,2995,2803,192,0.00000,4.95121
534F4C31,9709,84573534,0,2992,2803,189,0.00000,4.87385
534F4C31,9710,84579185,0,2989,2802,187,0.00000,4.82227
534F4C31,9711,84583566,0,2993,2800,193,0.00000,4.97700
534F4C31,9712,84588979,0,2990,2802,188,0.00000,4.84806
534F4C31,9713,84594278,0,2993,2800,193,0.00000,4.97700
534F4C31,9714,84598515,0,2999,2803,196,0.00000,5.05436
534F4C31,9715,84603528,0,2995,2801,194,0.00000,5.00278
534F4C31,9716,84608683,0,2990,2802,188,0.00000,4.84806
534F4C31,9717,84615626,0,2996,2806,190,0.00000,4.89963
534F4C31,9717,84623235,0,2993,2799,194,0.00000,5.00278
534F4C31,9717,84627052,0,2992,2803,189,0.00000,4.87385
534F4C31,9717,84629556,0,2992,2801,191,0.00000,4.92542
534F4C31,9718,84633531,0,2996,2801,195,0.00000,5.02857
534F4C31,9718,84638748,0,2995,2800,195,0.00000,5.02857
534F4C31,9719,84643520,0,2995,2802,193,0.00000,4.97700
534F4C31,9720,84649751,0,2993,2800,193,0.00000,4.97700
534F4C31,9720,84653635,0,2991,2795,196,0.00000,5.05436
534F4C31,9720,84658593,0,2988,2799,189,0.00000,4.87385
534F4C31,9721,84663721,0,2997,2799,198,0.00000,5.10593
534F4C31,9721,84668515,0,2991,2801,190,0.00000,4.89963
534F4C31,9721,84673559,0,2991,2798,193,0.00000,4.97700
534F4C31,9722,84678521,0,2985,2797,188,0.00000,4.84806
534F4C31,9722,84683516,0,2990,2797,193,0.00000,4.97700
534F4C31,9722,84688556,0,2993,2801,192,0.00000,4.95121
534F4C31,9723,84693906,0,2992,2799,193,0.00000,4.97700
534F4C31,9724,84698536,0,2988,2796,192,0.00000,4.95121
534F4C31,9724,84704028,0,2995,2798,197,0.00000,5.08015
534F4C31,9725,84708518,0,2997,2798,199,0.00000,5.13172
534F4C31,9725,84713539,0,2995,2798,197,0.00000,5.08015
534F4C31,9725,84718533,0,2995,2801,194,0.00000,5.00278
534F4C31,9725,84723522,0,2990,2798,192,0.00000,4.95121
534F4C31,9725,84728520,0,2995,2800,195,0.00000,5.02857
534F4C31,9725,84733522,0,2993,2801,192,0.00000,4.95121
534F4C31,9725,84738520,0,2995,2799,196,0.00000,5.05436
534F4C31,9726,84743538,0,2988,2798,190,0.00000,4.89963
534F4C31,9726,84748522,0,2990,2798,192,0.00000,4.95121
534F4C31,9726,84753552,0,2991,2797,194,0.00000,5.00278
534F4C31,9726,84758518,0,2993,2800,193,0.00000,4.97700
534F4C31,9726,84763521,0,2992,2799,193,0.00000,4.97700
534F4C31,9726,84768522,0,2994,2799,195,0.00000,5.02857
534F4C31,9726,84773520,0,2992,2802,190,0.00000,4.89963
534F4C31,9727,84778519,0,2990,2799,191,0.00000,4.92542
534F4C31,9727,84783518,0,2993,2799,194,0.00000,5.00278
534F4C31,9727,84788556,0,2992,2799,193,0.00000,4.97700
534F4C31,9728,84793560,0,2991,2798,193,0.00000,4.97700
534F4C31,9729,84799053,0,2988,2797,191,0.00000,4.92542
534F4C31,9730,84803819,0,2991,2799,192,0.00000,4.95121
534F4C31,9731,84808706,0,2996,2796,200,0.00000,5.15751
534F4C31,9732,84813527,0,2995,2795,200,0.00000,5.15751
534F4C31,9733,84818543,0,2993,2798,195,0.00000,5.02857
534F4C31,9734,84823552,0,2990,2795,195,0.00000,5.02857
534F4C31,9735,84829050,0,2989,2800,189,0.00000,4.87385
534F4C31,9736,84833538,0,2990,2795,195,0.00000,5.02857
534F4C31,9737,84838548,0,2988,2798,190,0.00000,4.89963
534F4C31,9738,84843921,0,2990,2795,195,0.00000,5.02857
534F4C31,9739,84848564,0,2988,2798,190,0.00000,4.89963
534F4C31,9740,84853588,0,2992,2796,196,0.00000,5.05436
534F4C31,9741,84858533,0,2995,2798,197,0.00000,5.08015
534F4C31,9742,84863623,0,2992,2796,196,0.00000,5.05436
534F4C31,9743,84868681,0,2996,2798,198,0.00000,5.10593
534F4C31,9744,84873524,0,2991,2804,187,0.00000,4.82227
534F4C31,9745,84878786,0,2990,2798,192,0.00000,4.95121
534F4C31,9746,84884291,0,2990,2797,193,0.00000,4.97700
534F4C31,9747,84888547,0,2998,2800,198,0.00000,5.10593
534F4C31,9747,84894104,0,2993,2799,194,0.00000,5.00278
534F4C31,9748,84898530,0,2990,2799,191,0.00000,4.92542
534F4C31,9749,84905519,0,2991,2798,193,0.00000,4.97700
534F4C31,9750,84912581,0,2997,2800,197,0.00000,5.08015
534F4C31,9750,84916894,0,2991,2799,192,0.00000,4.95121
534F4C31,9750,84920106,0,2995,2795,200,0.00000,5.15751
534F4C31,9750,84923518,0,2989,2798,191,0.00000,4.92542
534F4C31,9750,84928531,0,2993,2795,198,0.00000,5.10593
534F4C31,9751,84933805,0,2993,2796,197,0.00000,5.08015
534F4C31,9752,84938535,0,2994,2797,197,0.00000,5.08015
534F4C31,9752,84945692,0,2994,2797,197,0.00000,5.08015
534F4C31,9752,84948965,0,2992,2797,195,0.00000,5.02857
534F4C31,9752,84953926,0,2994,2800,194,0.00000,5.00278
534F4C31,9752,84958531,0,2997,2798,199,0.00000,5.13172
534F4C31,9752,84963523,0,2995,2796,199,0.00000,5.13172
534F4C31,9753,84968557,0,2997,2799,198,0.00000,5.10593
534F4C31,9753,84973530,0,2991,2798,193,0.00000,4.97700
534F4C31,9754,84978637,0,2990,2796,194,0.00000,5.00278
534F4C31,9754,84983520,0,3002,2797,205,0.00000,5.28645
534F4C31,9755,84988533,0,2989,2802,187,0.00000,4.82227
534F4C31,9755,84993578,0,2991,2797,194,0.00000,5.00278
534F4C31,9755,84998565,0,2994,2800,194,0.00000,5.00278
534F4C31,9756,85003555,0,2995,2800,195,0.00000,5.02857
534F4C31,9757,85008564,0,2996,2797,199,0.00000,5.13172
534F4C31,9758,85014221,0,2986,2799,187,0.00000,4.82227
534F4C31,9758,85019044,0,2991,2798,193,0.00000,4.97700
534F4C31,9759,85023933,0,2993,2797,196,0.00000,5.05436
534F4C31,9760,85028868,0,2997,2799,198,0.00000,5.10593
534F4C31,9761,85033539,0,2997,2796,201,0.00000,5.18330
534F4C31,9761,85038558,0,2994,2799,195,0.00000,5.02857
534F4C31,9762,85043528,0,2992,2801,191,0.00000,4.92542
534F4C31,9762,85048525,0,2991,2797,194,0.00000,5.00278
534F4C31,9762,85053553,0,2996,2799,197,0.00000,5.08015
534F4C31,9763,85058521,0,2990,2795,195,0.00000,5.02857
534F4C31,9764,85063804,0,2993,2799,194,0.00000,5.00278
534F4C31,9764,85068660,0,2988,2795,193,0.00000,4.97700
534F4C31,9765,85073552,0,2990,2797,193,0.00000,4.97700
534F4C31,9765,85078520,0,2990,2799,191,0.00000,4.92542
534F4C31,9765,85083532,0,2996,2798,198,0.00000,5.10593
534F4C31,9766,85088516,0,2997,2801,196,0.00000,5.05436
534F4C31,9766,85093521,0,2989,2796,193,0.00000,4.97700
534F4C31,9766,85098531,0,2992,2800,192,0.00000,4.95121
534F4C31,9767,85103520,0,2992,2801,191,0.00000,4.92542
534F4C31,9768,85108844,0,2990,2798,192,0.00000,4.95121
534F4C31,9768,85113528,0,2992,2800,192,0.00000,4.95121
534F4C31,9768,85118528,0,2994,2796,198,0.00000,5.10593
534F4C31,9769,85123534,0,2990,2798,192,0.00000,4.95121
534F4C31,9770,85128520,0,2991,2799,192,0.00000,4.95121
534F4C31,9770,85133519,0,2991,2803,188,0.00000,4.84806
534F4C31,9770,85138544,0,2996,2797,199,0.00000,5.13172
534F4C31,9770,85143522,0,2992,2799,193,0.00000,4.97700
534F4C31,9771,85148563,0,2990,2798,192,0.00000,4.95121
534F4C31,9772,85153524,0,2992,2794,198,0.00000,5.10593
534F4C31,9773,85158537,0,2991,2796,195,0.00000,5.02857
534F4C31,9774,85163567,0,2992,2799,193,0.00000,4.97700
534F4C31,9775,85168554,0,2995,2800,195,0.00000,5.02857
534F4C31,9776,85174199,0,2991,2800,191,0.00000,4.92542
534F4C31,9777,85178529,0,2995,2797,198,0.00000,5.10593
534F4C31,9778,85183744,0,2994,2799,195,0.00000,5.02857
534F4C31,9779,85188642,0,2998,2799,199,0.00000,5.13172
534F4C31,9780,85193750,0,2993,2797,196,0.00000,5.05436
534F4C31,9781,85199293,0,2993,2797,196,0.00000,5.05436
534F4C31,9782,85203845,0,2995,2800,195,0.00000,5.02857
534F4C31,9783,85208678,0,2995,2798,197,0.00000,5.08015
534F4C31,9784,85213549,0,2989,2798,191,0.00000,4.92542
534F4C31,9785,85218531,0,2989,2803,186,0.00000,4.79648
534F4C31,9786,85223530,0,2990,2794,196,0.00000,5.05436
534F4C31,9787,85228530,0,2992,2800,192,0.00000,4.95121
534F4C31,9788,85233530,0,2997,2801,196,0.00000,5.05436
534F4C31,9789,85238530,0,2993,2802,191,0.00000,4.92542
534F4C31,9790,85243568,0,2991,2802,189,0.00000,4.87385
534F4C31,9791,85248532,0,2992,2799,193,0.00000,4.97700
534F4C31,9792,85253532,0,2996,2796,200,0.00000,5.15751
534F4C31,9793,85258532,0,2990,2802,188,0.00000,4.84806
534F4C31,9794,85263748,0,2994,2800,194,0.00000,5.00278
534F4C31,9795,85268532,0,2986,2797,189,0.00000,4.87385
534F4C31,9796,85273569,0,2995,2798,197,0.00000,5.08015
534F4C31,9797,85278534,0,2991,2800,191,0.00000,4.92542
534F4C31,9798,85283571,0,2993,2796,197,0.00000,5.08015
534F4C31,9799,85291707,0,2991,2800,191,0.00000,4.92542
534F4C31,9800,85295814,0,2995,2795,200,0.00000,5.15751
534F4C31,9801,85300797,0,2996,2798,198,0.00000,5.10593
534F4C31,9802,85304974,0,2995,2798,197,0.00000,5.08015
534F4C31,9803,85308530,0,2992,2800,192,0.00000,4.95121
534F4C31,9804,85315516,0,2997,2797,200,0.00000,5.15751
534F4C31,9804,85320215,0,2992,2798,194,0.00000,5.00278
534F4C31,9805,85323667,0,2990,2799,191,0.00000,4.92542
534F4C31,9806,85329059,0,2993,2799,194,0.00000,5.00278
534F4C31,9807,85333551,0,2993,2802,191,0.00000,4.92542
534F4C31,9807,85338522,0,2994,2802,192,0.00000,4.95121
534F4C31,9807,85343516,0,2991,2796,195,0.00000,5.02857
534F4C31,9807,85348518,0,2990,2800,190,0.00000,4.89963
534F4C31,9807,85353837,0,2996,2800,196,0.00000,5.05436
534F4C31,9807,85358536,0,2997,2799,198,0.00000,5.10593
534F4C31,9807,85363523,0,2992,2798,194,0.00000,5.00278
534F4C31,9807,85368530,0,2992,2800,192,0.00000,4.95121
534F4C31,9808,85373524,0,2993,2796,197,0.00000,5.08015
534F4C31,9809,85378594,0,2993,2794,199,0.00000,5.13172
534F4C31,9809,85383531,0,2999,2795,204,0.00000,5.26066
534F4C31,9809,85388826,0,2999,2798,201,0.00000,5.18330
534F4C31,9809,85393525,0,2991,2794,197,0.00000,5.08015
534F4C31,9809,85398529,0,2993,2794,199,0.00000,5.13172
534F4C31,9809,85403518,0,2990,2794,196,0.00000,5.05436
534F4C31,9809,85408538,0,2995,2795,200,0.00000,5.15751
534F4C31,9809,85413519,0,2995,2798,197,0.00000,5.08015
534F4C31,9809,85418518,0,2993,2797,196,0.00000,5.05436
534F4C31,9810,85423534,0,2994,2796,198,0.00000,5.10593
534F4C31,9811,85429012,0,2993,2792,201,0.00000,5.18330
534F4C31,9811,85434048,0,2985,2794,191,0.00000,4.92542
534F4C31,9811,85438584,0,2990,2795,195,0.00000,5.02857
534F4C31,9811,85443526,0,2998,2795,203,0.00000,5.23487
534F4C31,9811,85448533,0,2995,2792,203,0.00000,5.23487
534F4C31,9811,85453520,0,2992,2793,199,0.00000,5.13172
534F4C31,9811,85458533,0,2997,2795,202,0.00000,5.20908
534F4C31,9811,85463525,0,2989,2795,194,0.00000,5.00278
534F4C31,9811,85468518,0,2990,2797,193,0.00000,4.97700
534F4C31,9811,85473522,0,2991,2797,194,0.00000,5.00278
534F4C31,9812,85478619,0,2991,2796,195,0.00000,5.02857
534F4C31,9812,85483518,0,2994,2792,202,0.00000,5.20908
534F4C31,9813,85488540,0,2990,2796,194,0.00000,5.00278
534F4C31,9813,85493545,0,2989,2796,193,0.00000,4.97700
534F4C31,9814,85498562,0,2993,2795,198,0.00000,5.10593
534F4C31,9814,85503702,0,2993,2795,198,0.00000,5.10593
534F4C31,9814,85508562,0,2993,2793,200,0.00000,5.15751
534F4C31,9814,85513522,0,2992,2798,194,0.00000,5.00278
534F4C31,9815,85518533,0,2992,2797,195,0.00000,5.02857
534F4C31,9815,85523763,0,2992,2794,198,0.00000,5.10593
534F4C31,9815,85528520,0,2997,2795,202,0.00000,5.20908
534F4C31,9816,85533531,0,2994,2796,198,0.00000,5.10593
534F4C31,9817,85538577,0,2991,2798,193,0.00000,4.97700
534F4C31,9818,85543530,0,2998,2797,201,0.00000,5.18330
534F4C31,9819,85548535,0,2996,2794,202,0.00000,5.20908
534F4C31,9820,85553530,0,2993,2797,196,0.00000,5.05436
534F4C31,9821,85558966,0,3000,2793,207,0.00000,5.33802
534F4C31,9821,85563746,0,2993,2796,197,0.00000,5.08015
534F4C31,9821,85568680,0,2994,2794,200,0.00000,5.15751
534F4C31,9821,85573522,0,2996,2795,201,0.00000,5.18330
534F4C31,9821,85578528,0,2988,2794,194,0.00000,5.00278
534F4C31,9822,85583525,0,2994,2795,199,0.00000,5.13172
534F4C31,9823,85588571,0,2993,2796,197,0.00000,5.08015
534F4C31,9823,85593877,0,2994,2797,197,0.00000,5.08015
534F4C31,9824,85598530,0,2990,2794,196,0.00000,5.05436
534F4C31,9824,85603517,0,2995,2794,201,0.00000,5.18330
534F4C31,9825,85608531,0,2992,2795,197,0.00000,5.08015
534F4C31,9826,85613521,0,2990,2796,194,0.00000,5.00278
534F4C31,9827,85618527,0,2992,2798,194,0.00000,5.00278
534F4C31,9828,85623523,0,2999,2795,204,0.00000,5.26066
534F4C31,9828,85628550,0,2990,2794,196,0.00000,5.05436
534F4C31,9829,85633522,0,2993,2797,196,0.00000,5.05436
534F4C31,9829,85638536,0,2987,2796,191,0.00000,4.92542
534F4C31,9830,85643654,0,2994,2794,200,0.00000,5.15751
534F4C31,9831,85648564,0,2998,2795,203,0.00000,5.23487
534F4C31,9832,85654139,0,2994,2797,197,0.00000,5.08015
534F4C31,9833,85658569,0,2993,2797,196,0.00000,5.05436
534F4C31,9834,85663537,0,2992,2796,196,0.00000,5.05436
534F4C31,9835,85668528,0,2986,2796,190,0.00000,4.89963
534F4C31,9836,85673566,0,2993,2795,198,0.00000,5.10593
534F4C31,9837,85678534,0,2992,2797,195,0.00000,5.02857
534F4C31,9838,85683529,0,2994,2795,199,0.00000,5.13172
534F4C31,9838,85689740,0,2990,2798,192,0.00000,4.95121
534F4C31,9838,85696967,0,2996,2795,201,0.00000,5.18330
534F4C31,9839,85703557,0,2990,2797,193,0.00000,4.97700
534F4C31,9839,85708547,0,2995,2796,199,0.00000,5.13172
534F4C31,9840,85711320,0,2996,2799,197,0.00000,5.08015
534F4C31,9841,85714198,0,2996,2794,202,0.00000,5.20908
534F4C31,9841,85718530,0,2994,2796,198,0.00000,5.10593
534F4C31,9841,85723587,0,2993,2795,198,0.00000,5.10593
534F4C31,9841,85728526,0,2990,2796,194,0.00000,5.00278
534F4C31,9842,85733555,0,2994,2796,198,0.00000,5.10593
534F4C31,9842,85738522,0,2995,2799,196,0.00000,5.05436
534F4C31,9842,85743524,0,2992,2794,198,0.00000,5.10593
534F4C31,9843,85748525,0,2984,2799,185,0.00000,4.77070
534F4C31,9843,85753562,0,2993,2798,195,0.00000,5.02857
534F4C31,9843,85758562,0,2995,2795,200,0.00000,5.15751
534F4C31,9844,85763535,0,2993,2796,197,0.00000,5.08015
534F4C31,9844,85768521,0,2989,2794,195,0.00000,5.02857
534F4C31,9844,85773544,0,2986,2792,194,0.00000,5.00278
534F4C31,9845,85779268,0,2993,2796,197,0.00000,5.08015
534F4C31,9845,85783545,0,2996,2796,200,0.00000,5.15751
534F4C31,9845,85788532,0,2995,2792,203,0.00000,5.23487
534F4C31,9845,85793518,0,2998,2794,204,0.00000,5.26066
534F4C31,9845,85798528,0,2993,2795,198,0.00000,5.10593
534F4C31,9845,85803519,0,2995,2795,200,0.00000,5.15751
534F4C31,9845,85808518,0,2989,2797,192,0.00000,4.95121
534F4C31,9846,85813593,0,2993,2795,198,0.00000,5.10593
534F4C31,9847,85818519,0,2994,2799,195,0.00000,5.02857
534F4C31,9848,85824438,0,2993,2797,196,0.00000,5.05436
534F4C31,9849,85830434,0,2996,2797,199,0.00000,5.13172
534F4C31,9849,85834882,0,2994,2796,198,0.00000,5.10593
534F4C31,9849,85838521,0,2991,2794,197,0.00000,5.08015
534F4C31,9849,85843538,0,2994,2797,197,0.00000,5.08015
534F4C31,9850,85848561,0,2991,2798,193,0.00000,4.97700
534F4C31,9851,85853530,0,2989,2799,190,0.00000,4.89963
534F4C31,9852,85859331,0,2991,2792,199,0.00000,5.13172
534F4C31,9853,85863538,0,2992,2794,198,0.00000,5.10593
534F4C31,9854,85868573,0,2993,2798,195,0.00000,5.02857
534F4C31,9855,85873539,0,2993,2799,194,0.00000,5.00278
534F4C31,9856,85878521,0,2999,2797,202,0.00000,5.20908
534F4C31,9857,85883834,0,2995,2795,200,0.00000,5.15751
534F4C31,9857,85888525,0,2993,2793,200,0.00000,5.15751
534F4C31,9858,85893561,0,2995,2797,198,0.00000,5.10593
534F4C31,9859,85898539,0,2991,2792,199,0.00000,5.13172
534F4C31,9860,85903539,0,2989,2798,191,0.00000,4.92542
534F4C31,9861,85908537,0,2993,2795,198,0.00000,5.10593
534F4C31,9861,85913574,0,2992,2795,197,0.00000,5.08015
534F4C31,9861,85918520,0,2996,2800,196,0.00000,5.05436
534F4C31,9862,85924192,0,2996,2793,203,0.00000,5.23487
534F4C31,9863,85928520,0,2990,2798,192,0.00000,4.95121
534F4C31,9863,85933795,0,2992,2793,199,0.00000,5.13172
534F4C31,9863,85938520,0,2991,2797,194,0.00000,5.00278
534F4C31,9863,85943525,0,2995,2795,200,0.00000,5.15751
534F4C31,9864,85948527,0,2994,2793,201,0.00000,5.18330
534F4C31,9865,85953823,0,2993,2798,195,0.00000,5.02857
534F4C31,9866,85958669,0,2995,2796,199,0.00000,5.13172
534F4C31,9867,85963567,0,2994,2795,199,0.00000,5.13172
534F4C31,9868,85968611,0,2997,2793,204,0.00000,5.26066
534F4C31,9869,85973552,0,2998,2799,199,0.00000,5.13172
534F4C31,9870,85978562,0,2990,2794,196,0.00000,5.05436
534F4C31,9871,85983911,0,2991,2793,198,0.00000,5.10593
534F4C31,9871,85988644,0,2992,2795,197,0.00000,5.08015
534F4C31,9872,85994307,0,2997,2795,202,0.00000,5.20908
534F4C31,9873,85998880,0,2994,2798,196,0.00000,5.05436
534F4C31,9874,86006840,0,2991,2794,197,0.00000,5.08015
534F4C31,9875,86011990,0,2991,2796,195,0.00000,5.02857
534F4C31,9875,86017907,0,2994,2792,202,0.00000,5.20908
534F4C31,9875,86021027,0,2993,2793,200,0.00000,5.15751
534F4C31,9875,86023524,0,2992,2792,200,0.00000,5.15751
534F4C31,9875,86028536,0,2998,2794,204,0.00000,5.26066
534F4C31,9875,86033520,0,2996,2794,202,0.00000,5.20908
534F4C31,9876,86038531,0,2996,2796,200,0.00000,5.15751
534F4C31,9876,86043537,0,2992,2795,197,0.00000,5.08015
534F4C31,9876,86048526,0,2998,2792,206,0.00000,5.31223
534F4C31,9876,86053536,0,2997,2795,202,0.00000,5.20908
534F4C31,9876,86058522,0,2994,2795,199,0.00000,5.13172
534F4C31,9876,86063517,0,2994,2793,201,0.00000,5.18330
534F4C31,9876,86068521,0,2992,2796,196,0.00000,5.05436
534F4C31,9876,86073520,0,2995,2789,206,0.00000,5.31223
534F4C31,9876,86078520,0,2992,2791,201,0.00000,5.18330
534F4C31,9876,86083518,0,2995,2791,204,0.00000,5.26066
534F4C31,9876,86088522,0,2991,2793,198,0.00000,5.10593
534F4C31,9877,86093517,0,2996,2796,200,0.00000,5.15751
534F4C31,9877,86098523,0,2992,2792,200,0.00000,5.15751
534F4C31,9877,86103521,0,2994,2790,204,0.00000,5.26066
534F4C31,9877,86108519,0,2997,2788,209,0.00000,5.38960
534F4C31,9877,86113520,0,2993,2792,201,0.00000,5.18330
534F4C31,9877,86118517,0,2996,2792,204,0.00000,5.26066
534F4C31,9877,86123529,0,2991,2791,200,0.00000,5.15751
534F4C31,9877,86128517,0,2993,2792,201,0.00000,5.18330
534F4C31,9877,86133526,0,2995,2792,203,0.00000,5.23487
534F4C31,9877,86138518,0,2993,2793,200,0.00000,5.15751
534F4C31,9877,86143518,0,2991,2791,200,0.00000,5.15751
534F4C31,9878,86148908,0,2991,2790,201,0.00000,5.18330
534F4C31,9879,86153525,0,2992,2791,201,0.00000,5.18330
534F4C31,9880,86159224,0,2995,2793,202,0.00000,5.20908
534F4C31,9881,86163516,0,2990,2791,199,0.00000,5.13172
534F4C31,9881,86169056,0,2991,2791,200,0.00000,5.15751
534F4C31,9881,86173546,0,2995,2793,202,0.00000,5.20908
534F4C31,9882,86178525,0,2996,2793,203,0.00000,5.23487
534F4C31,9882,86183568,0,2996,2794,202,0.00000,5.20908
534F4C31,9883,86188533,0,2994,2792,202,0.00000,5.20908
534F4C31,9884,86193691,0,2995,2792,203,0.00000,5.23487
534F4C31,9885,86198690,0,2991,2790,201,0.00000,5.18330
534F4C31,9885,86205252,0,2991,2791,200,0.00000,5.15751
534F4C31,9885,86208516,0,2994,2793,201,0.00000,5.18330
534F4C31,9885,86213530,0,2991,2791,200,0.00000,5.15751
534F4C31,9885,86218523,0,2992,2792,200,0.00000,5.15751
534F4C31,9886,86223723,0,2998,2792,206,0.00000,5.31223
534F4C31,9887,86228919,0,2994,2793,201,0.00000,5.18330
534F4C31,9888,86233554,0,2998,2792,206,0.00000,5.31223
534F4C31,9889,86238551,0,2992,2791,201,0.00000,5.18330
534F4C31,9889,86243556,0,2996,2794,202,0.00000,5.20908
534F4C31,9890,86249189,0,2996,2791,205,0.00000,5.28645
534F4C31,9891,86254041,0,2993,2791,202,0.00000,5.20908
534F4C31,9891,86258967,0,2994,2790,204,0.00000,5.26066
534F4C31,9891,86263518,0,2996,2793,203,0.00000,5.23487
534F4C31,9891,86268536,0,2996,2792,204,0.00000,5.26066
534F4C31,9891,86273538,0,2993,2793,200,0.00000,5.15751
534F4C31,9892,86278519,0,2993,2793,200,0.00000,5.15751
534F4C31,9892,86283647,0,2997,2789,208,0.00000,5.36381
534F4C31,9893,86289002,0,2990,2792,198,0.00000,5.10593
534F4C31,9894,86293676,0,2994,2791,203,0.00000,5.23487
534F4C31,9894,86298587,0,2994,2791,203,0.00000,5.23487
534F4C31,9895,86303922,0,2990,2791,199,0.00000,5.13172
534F4C31,9896,86308548,0,2989,2792,197,0.00000,5.08015
534F4C31,9896,86313523,0,2993,2791,202,0.00000,5.20908
534F4C31,9897,86318892,0,2994,2791,203,0.00000,5.23487
534F4C31,9898,86323928,0,2993,2790,203,0.00000,5.23487
534F4C31,9898,86328617,0,2996,2794,202,0.00000,5.20908
534F4C31,9898,86333520,0,2994,2792,202,0.00000,5.20908
534F4C31,9899,86338540,0,2995,2791,204,0.00000,5.26066
534F4C31,9900,86343554,0,2992,2791,201,0.00000,5.18330
534F4C31,9901,86348538,0,2994,2791,203,0.00000,5.23487
534F4C31,9902,86354356,0,2999,2791,208,0.00000,5.36381
534F4C31,9902,86359248,0,2995,2793,202,0.00000,5.20908
534F4C31,9902,86363570,0,2994,2790,204,0.00000,5.26066
534F4C31,9902,86368518,0,2996,2793,203,0.00000,5.23487
534F4C31,9902,86373536,0,2995,2789,206,0.00000,5.31223
534F4C31,9902,86378546,0,2991,2793,198,0.00000,5.10593
534F4C31,9903,86383951,0,2997,2789,208,0.00000,5.36381
534F4C31,9904,86388518,0,2994,2792,202,0.00000,5.20908
534F4C31,9904,86393526,0,2994,2794,200,0.00000,5.15751
534F4C31,9904,86398546,0,2995,2794,201,0.00000,5.18330
534F4C31,9905,86403553,0,2992,2794,198,0.00000,5.10593
534F4C31,9906,86408573,0,2995,2791,204,0.00000,5.26066
534F4C31,9907,86414557,0,2985,2792,193,0.00000,4.97700
534F4C31,9907,86419151,0,2990,2789,201,0.00000,5.18330
534F4C31,9907,86423551,0,2989,2792,197,0.00000,5.08015
534F4C31,9908,86428569,0,2995,2792,203,0.00000,5.23487
534F4C31,9908,86433730,0,2994,2789,205,0.00000,5.28645
534F4C31,9909,86438536,0,2995,2790,205,0.00000,5.28645
534F4C31,9910,86444464,0,2993,2794,199,0.00000,5.13172
534F4C31,9911,86449840,0,2998,2790,208,0.00000,5.36381
534F4C31,9911,86454758,0,2996,2791,205,0.00000,5.28645
534F4C31,9912,86458634,0,3002,2791,211,0.00000,5.44117
534F4C31,9913,86464073,0,2988,2790,198,0.00000,5.10593
534F4C31,9913,86469452,0,2990,2791,199,0.00000,5.13172
534F4C31,9914,86473563,0,2995,2792,203,0.00000,5.23487
534F4C31,9914,86478521,0,2993,2794,199,0.00000,5.13172
534F4C31,9914,86483525,0,2988,2793,195,0.00000,5.02857
534F4C31,9915,86488890,0,2993,2790,203,0.00000,5.23487
534F4C31,9916,86493554,0,2992,2789,203,0.00000,5.23487
534F4C31,9917,86498799,0,2991,2793,198,0.00000,5.10593
534F4C31,9918,86503518,0,2996,2792,204,0.00000,5.26066
534F4C31,9918,86508618,0,2992,2791,201,0.00000,5.18330
534F4C31,9919,86513535,0,2992,2793,199,0.00000,5.13172
534F4C31,9919,86518538,0,2991,2790,201,0.00000,5.18330
534F4C31,9920,86523525,0,2993,2791,202,0.00000,5.20908
534F4C31,9921,86528738,0,2990,2789,201,0.00000,5.18330
534F4C31,9922,86533535,0,2996,2791,205,0.00000,5.28645
534F4C31,9922,86538529,0,2999,2793,206,0.00000,5.31223
534F4C31,9923,86543538,0,2991,2794,197,0.00000,5.08015
534F4C31,9923,86548813,0,2991,2792,199,0.00000,5.13172
534F4C31,9924,86553538,0,2992,2793,199,0.00000,5.13172
534F4C31,9924,86558519,0,2994,2790,204,0.00000,5.26066
534F4C31,9925,86563529,0,2993,2789,204,0.00000,5.26066
534F4C31,9926,86568528,0,2993,2793,200,0.00000,5.15751
534F4C31,9926,86573521,0,2992,2792,200,0.00000,5.15751
534F4C31,9926,86578726,0,2989,2794,195,0.00000,5.02857
534F4C31,9926,86583545,0,2995,2791,204,0.00000,5.26066
534F4C31,9927,86588570,0,2990,2793,197,0.00000,5.08015
534F4C31,9927,86593903,0,2992,2790,202,0.00000,5.20908
534F4C31,9928,86598564,0,2994,2791,203,0.00000,5.23487
534F4C31,9929,86603552,0,2990,2789,201,0.00000,5.18330
534F4C31,9930,86610481,0,2991,2789,202,0.00000,5.20908
534F4C31,9930,86616424,0,2993,2790,203,0.00000,5.23487
534F4C31,9930,86618616,0,2991,2790,201,0.00000,5.18330
534F4C31,9930,86623534,0,2993,2788,205,0.00000,5.28645
534F4C31,9930,86628529,0,2995,2790,205,0.00000,5.28645
534F4C31,9930,86633518,0,2987,2791,196,0.00000,5.05436
534F4C31,9931,86638814,0,2989,2793,196,0.00000,5.05436
534F4C31,9931,86643525,0,2995,2791,204,0.00000,5.26066
534F4C31,9931,86648522,0,2994,2793,201,0.00000,5.18330
534F4C31,9931,86653520,0,2989,2790,199,0.00000,5.13172
534F4C31,9932,86658726,0,2990,2793,197,0.00000,5.08015
534F4C31,9933,86663534,0,2994,2790,204,0.00000,5.26066
534F4C31,9934,86668534,0,2994,2792,202,0.00000,5.20908
534F4C31,9934,86673728,0,2990,2792,198,0.00000,5.10593
534F4C31,9935,86678524,0,2994,2791,203,0.00000,5.23487
534F4C31,9936,86683529,0,2995,2791,204,0.00000,5.26066
534F4C31,9936,86688529,0,2992,2791,201,0.00000,5.18330
534F4C31,9937,86693957,0,2996,2791,205,0.00000,5.28645
534F4C31,9937,86698520,0,2993,2792,201,0.00000,5.18330
534F4C31,9938,86703566,0,2990,2791,199,0.00000,5.13172
534F4C31,9938,86708528,0,2991,2792,199,0.00000,5.13172
534F4C31,9938,86713528,0,2991,2792,199,0.00000,5.13172
534F4C31,9938,86718527,0,2992,2792,200,0.00000,5.15751
534F4C31,9939,86723533,0,2991,2788,203,0.00000,5.23487
534F4C31,9940,86728680,0,2997,2788,209,0.00000,5.38960
534F4C31,9941,86734024,0,2986,2792,194,0.00000,5.00278
534F4C31,9942,86738991,0,2991,2788,203,0.00000,5.23487
534F4C31,9942,86743913,0,2991,2786,205,0.00000,5.28645
534F4C31,9942,86748520,0,2993,2789,204,0.00000,5.26066
534F4C31,9943,86753529,0,2993,2787,206,0.00000,5.31223
534F4C31,9944,86758613,0,2996,2787,209,0.00000,5.38960
534F4C31,9944,86763536,0,2995,2787,208,0.00000,5.36381
534F4C31,9944,86768611,0,2992,2789,203,0.00000,5.23487
534F4C31,9944,86773531,0,2991,2787,204,0.00000,5.26066
534F4C31,9945,86778621,0,2992,2786,206,0.00000,5.31223
534F4C31,9946,86783622,0,2998,2786,212,0.00000,5.46696
534F4C31,9947,86788586,0,2993,2788,205,0.00000,5.28645
534F4C31,9947,86793584,0,2991,2788,203,0.00000,5.23487
534F4C31,9948,86798529,0,2992,2789,203,0.00000,5.23487
534F4C31,9948,86803524,0,2991,2787,204,0.00000,5.26066
534F4C31,9949,86808538,0,2995,2787,208,0.00000,5.36381
534F4C31,9950,86813519,0,2990,2787,203,0.00000,5.23487
534F4C31,9951,86818566,0,2990,2791,199,0.00000,5.13172
534F4C31,9951,86824226,0,2993,2783,210,0.00000,5.41538
534F4C31,9951,86828596,0,2993,2788,205,0.00000,5.28645
534F4C31,9951,86833574,0,2993,2788,205,0.00000,5.28645
534F4C31,9951,86838537,0,2994,2786,208,0.00000,5.36381
534F4C31,9952,86844167,0,2993,2790,203,0.00000,5.23487
534F4C31,9953,86848530,0,2993,2791,202,0.00000,5.20908
534F4C31,9953,86854040,0,2991,2790,201,0.00000,5.18330
534F4C31,9954,86858520,0,2993,2790,203,0.00000,5.23487
534F4C31,9954,86863527,0,2992,2787,205,0.00000,5.28645
534F4C31,9955,86868516,0,2992,2785,207,0.00000,5.33802
534F4C31,9956,86873595,0,2988,2790,198,0.00000,5.10593
534F4C31,9957,86878605,0,3000,2791,209,0.00000,5.38960
534F4C31,9958,86883552,0,2995,2789,206,0.00000,5.31223
534F4C31,9959,86888522,0,2992,2786,206,0.00000,5.31223
534F4C31,9959,86893707,0,2991,2789,202,0.00000,5.20908
534F4C31,9960,86898537,0,2995,2787,208,0.00000,5.36381
534F4C31,9961,86903725,0,2997,2790,207,0.00000,5.33802
534F4C31,9962,86908601,0,2995,2790,205,0.00000,5.28645
534F4C31,9963,86913518,0,2995,2788,207,0.00000,5.33802
534F4C31,9964,86918569,0,2989,2793,196,0.00000,5.05436
534F4C31,9965,86923982,0,2997,2789,208,0.00000,5.36381
534F4C31,9966,86928552,0,2999,2790,209,0.00000,5.38960
534F4C31,9966,86934567,0,2994,2789,205,0.00000,5.28645
534F4C31,9967,86938556,0,2995,2789,206,0.00000,5.31223
534F4C31,9968,86943557,0,2995,2789,206,0.00000,5.31223
534F4C31,9968,86948538,0,2998,2788,210,0.00000,5.41538
534F4C31,9969,86953547,0,2993,2785,208,0.00000,5.36381
534F4C31,9969,86959739,0,2995,2787,208,0.00000,5.36381
534F4C31,9969,86963527,0,2992,2788,204,0.00000,5.26066
534F4C31,9969,86968519,0,2992,2790,202,0.00000,5.20908
534F4C31,9970,86973570,0,3001,2785,216,0.00000,5.57011
534F4C31,9970,86978536,0,2991,2788,203,0.00000,5.23487
534F4C31,9971,86983663,0,2991,2789,202,0.00000,5.20908
534F4C31,9971,86988518,0,2995,2789,206,0.00000,5.31223
534F4C31,9972,86993567,0,2990,2790,200,0.00000,5.15751
534F4C31,9973,86998981,0,2988,2792,196,0.00000,5.05436
534F4C31,9974,87004207,0,2997,2790,207,0.00000,5.33802
534F4C31,9974,87009743,0,2994,2786,208,0.00000,5.36381
534F4C31,9974,87013523,0,2990,2788,202,0.00000,5.20908
534F4C31,9974,87018539,0,2997,2790,207,0.00000,5.33802
534F4C31,9974,87023531,0,2991,2789,202,0.00000,5.20908
534F4C31,9975,87028572,0,2995,2783,212,0.00000,5.46696
534F4C31,9976,87033517,0,2995,2792,203,0.00000,5.23487
534F4C31,9977,87038719,0,2992,2790,202,0.00000,5.20908
534F4C31,9978,87043694,0,2996,2790,206,0.00000,5.31223
534F4C31,9978,87048535,0,2994,2783,211,0.00000,5.44117
534F4C31,9978,87053554,0,2994,2791,203,0.00000,5.23487
534F4C31,9978,87059383,0,2992,2786,206,0.00000,5.31223
534F4C31,9978,87063520,0,2995,2787,208,0.00000,5.36381
534F4C31,9979,87068545,0,2994,2788,206,0.00000,5.31223
534F4C31,9980,87073536,0,2995,2785,210,0.00000,5.41538
534F4C31,9981,87078544,0,2999,2792,207,0.00000,5.33802
534F4C31,9981,87084346,0,2990,2788,202,0.00000,5.20908
534F4C31,9981,87088544,0,2992,2785,207,0.00000,5.33802
534F4C31,9982,87093555,0,2997,2787,210,0.00000,5.41538
534F4C31,9983,87099285,0,2996,2789,207,0.00000,5.33802
534F4C31,9983,87104207,0,2996,2786,210,0.00000,5.41538
534F4C31,9983,87108571,0,2989,2788,201,0.00000,5.18330
534F4C31,9983,87113528,0,2993,2790,203,0.00000,5.23487
534F4C31,9984,87118562,0,2993,2790,203,0.00000,5.23487
534F4C31,9985,87123525,0,2998,2790,208,0.00000,5.36381
534F4C31,9985,87128610,0,2996,2787,209,0.00000,5.38960
534F4C31,9985,87133527,0,2993,2787,206,0.00000,5.31223
534F4C31,9985,87138556,0,2994,2788,206,0.00000,5.31223
534F4C31,9986,87143950,0,2997,2790,207,0.00000,5.33802
534F4C31,9986,87148828,0,2995,2789,206,0.00000,5.31223
534F4C31,9986,87153703,0,2996,2791,205,0.00000,5.28645
534F4C31,9987,87158538,0,2994,2787,207,0.00000,5.33802
534F4C31,9988,87163589,0,2994,2791,203,0.00000,5.23487
534F4C31,9989,87168708,0,2990,2791,199,0.00000,5.13172
534F4C31,9990,87175326,0,2996,2790,206,0.00000,5.31223
534F4C31,9990,87180002,0,2992,2788,204,0.00000,5.26066
534F4C31,9990,87183516,0,2994,2789,205,0.00000,5.28645
534F4C31,9991,87188524,0,2991,2789,202,0.00000,5.20908
534F4C31,9991,87193540,0,2994,2791,203,0.00000,5.23487
534F4C31,9991,87198519,0,2997,2791,206,0.00000,5.31223
534F4C31,9991,87204030,0,2993,2788,205,0.00000,5.28645
534F4C31,9991,87208527,0,2994,2789,205,0.00000,5.28645
534F4C31,9991,87213553,0,2996,2788,208,0.00000,5.36381
534F4C31,9992,87218771,0,2994,2789,205,0.00000,5.28645
534F4C31,9992,87223538,0,2992,2787,205,0.00000,5.28645
534F4C31,9992,87228770,0,2996,2787,209,0.00000,5.38960
534F4C31,9993,87233794,0,2994,2789,205,0.00000,5.28645
534F4C31,9994,87238522,0,2999,2791,208,0.00000,5.36381
534F4C31,9995,87243573,0,2991,2787,204,0.00000,5.26066
534F4C31,9996,87249720,0,2993,2788,205,0.00000,5.28645
534F4C31,9996,87253535,0,2996,2790,206,0.00000,5.31223
534F4C31,9997,87258560,0,2995,2790,205,0.00000,5.28645
534F4C31,9998,87263536,0,2992,2789,203,0.00000,5.23487
534F4C31,9999,87268952,0,2994,2786,208,0.00000,5.36381
534F4C31,10000,87273525,0,2989,2789,200,0.00000,5.15751
534F4C31,10000,87279265,0,2994,2788,206,0.00000,5.31223
534F4C31,10001,87283526,0,2995,2790,205,0.00000,5.28645
534F4C31,10001,87288568,0,2989,2784,205,0.00000,5.28645
534F4C31,10001,87293532,0,2992,2782,210,0.00000,5.41538
534F4C31,10002,87298535,0,2992,2786,206,0.00000,5.31223
534F4C31,10002,87304147,0,2992,2785,207,0.00000,5.33802
534F4C31,10002,87308526,0,2995,2785,210,0.00000,5.41538
534F4C31,10002,87313520,0,2994,2785,209,0.00000,5.38960
534F4C31,10003,87318541,0,2990,2786,204,0.00000,5.26066
534F4C31,10004,87323513,0,2996,2786,210,0.00000,5.41538
534F4C31,10004,87328790,0,2995,2786,209,0.00000,5.38960
534F4C31,10004,87333536,0,2994,2780,214,0.00000,5.51853
534F4C31,10005,87338558,0,2996,2785,211,0.00000,5.44117
534F4C31,10005,87344028,0,2994,2783,211,0.00000,5.44117
534F4C31,10005,87348533,0,2994,2784,210,0.00000,5.41538
534F4C31,10006,87353534,0,2993,2785,208,0.00000,5.36381
534F4C31,10006,87358549,0,2990,2783,207,0.00000,5.33802
534F4C31,10007,87363554,0,2993,2787,206,0.00000,5.31223
534F4C31,10008,87369088,0,2991,2780,211,0.00000,5.44117
534F4C31,10008,87374642,0,2990,2786,204,0.00000,5.26066
534F4C31,10009,87378535,0,2989,2786,203,0.00000,5.23487
534F4C31,10009,87384077,0,2993,2784,209,0.00000,5.38960
534F4C31,10010,87388520,0,2996,2788,208,0.00000,5.36381
534F4C31,10011,87393947,0,2996,2783,213,0.00000,5.49275
534F4C31,10012,87398525,0,2996,2784,212,0.00000,5.46696
534F4C31,10012,87403535,0,2996,2784,212,0.00000,5.46696
534F4C31,10012,87408676,0,2989,2784,205,0.00000,5.28645
534F4C31,10012,87413518,0,2994,2784,210,0.00000,5.41538
534F4C31,10013,87418547,0,2996,2783,213,0.00000,5.49275
534F4C31,10014,87423597,0,2995,2783,212,0.00000,5.46696
534F4C31,10015,87428532,0,2997,2786,211,0.00000,5.44117
534F4C31,10016,87433532,0,2992,2780,212,0.00000,5.46696
534F4C31,10017,87438521,0,2993,2783,210,0.00000,5.41538
534F4C31,10017,87444318,0,2992,2783,209,0.00000,5.38960
534F4C31,10017,87448811,0,2992,2784,208,0.00000,5.36381
534F4C31,10017,87453519,0,2991,2783,208,0.00000,5.36381
534F4C31,10018,87458536,0,2994,2782,212,0.00000,5.46696
534F4C31,10018,87463533,0,2993,2782,211,0.00000,5.44117
534F4C31,10019,87469008,0,2991,2783,208,0.00000,5.36381
534F4C31,10019,87473531,0,2994,2783,211,0.00000,5.44117
534F4C31,10019,87478525,0,2997,2784,213,0.00000,5.49275
534F4C31,10019,87483557,0,2994,2784,210,0.00000,5.41538
534F4C31,10020,87488936,0,2991,2784,207,0.00000,5.33802
534F4C31,10021,87493516,0,2993,2783,210,0.00000,5.41538
534F4C31,10022,87498819,0,2994,2786,208,0.00000,5.36381
534F4C31,10023,87503518,0,2991,2785,206,0.00000,5.31223
534F4C31,10024,87508533,0,2991,2786,205,0.00000,5.28645
534F4C31,10025,87514651,0,2995,2781,214,0.00000,5.51853
534F4C31,10025,87519482,0,2990,2785,205,0.00000,5.28645
534F4C31,10026,87523547,0,2993,2785,208,0.00000,5.36381
534F4C31,10027,87529461,0,2993,2784,209,0.00000,5.38960
534F4C31,10027,87534021,0,2993,2785,208,0.00000,5.36381
534F4C31,10027,87538518,0,2989,2785,204,0.00000,5.26066
534F4C31,10028,87543532,0,2994,2785,209,0.00000,5.38960
534F4C31,10029,87548535,0,2991,2787,204,0.00000,5.26066
534F4C31,10030,87553518,0,2999,2786,213,0.00000,5.49275
534F4C31,10030,87558536,0,2990,2786,204,0.00000,5.26066
534F4C31,10030,87563530,0,3000,2785,215,0.00000,5.54432
534F4C31,10030,87568531,0,2996,2786,210,0.00000,5.41538
534F4C31,10031,87574604,0,2991,2785,206,0.00000,5.31223
534F4C31,10032,87579093,0,2997,2783,214,0.00000,5.51853
534F4C31,10032,87584131,0,2993,2787,206,0.00000,5.31223
534F4C31,10032,87588537,0,2993,2787,206,0.00000,5.31223
534F4C31,10033,87593576,0,2995,2786,209,0.00000,5.38960
534F4C31,10034,87598519,0,2995,2787,208,0.00000,5.36381
534F4C31,10035,87603531,0,2994,2785,209,0.00000,5.38960
534F4C31,10036,87609269,0,2997,2785,212,0.00000,5.46696
534F4C31,10037,87613532,0,2997,2787,210,0.00000,5.41538
534F4C31,10037,87619419,0,2993,2787,206,0.00000,5.31223
534F4C31,10037,87623529,0,2986,2788,198,0.00000,5.10593
534F4C31,10038,87628523,0,2998,2783,215,0.00000,5.54432
534F4C31,10038,87633530,0,2994,2785,209,0.00000,5.38960
534F4C31,10038,87638519,0,2996,2784,212,0.00000,5.46696
534F4C31,10038,87643554,0,2995,2781,214,0.00000,5.51853
534F4C31,10038,87648522,0,2996,2785,211,0.00000,5.44117
534F4C31,10038,87653525,0,2993,2786,207,0.00000,5.33802
534F4C31,10039,87658521,0,2988,2788,200,0.00000,5.15751
534F4C31,10039,87663521,0,2994,2784,210,0.00000,5.41538
534F4C31,10040,87668538,0,2989,2785,204,0.00000,5.26066
534F4C31,10041,87673537,0,2991,2783,208,0.00000,5.36381
534F4C31,10042,87678722,0,2997,2784,213,0.00000,5.49275
534F4C31,10042,87683661,0,2993,2785,208,0.00000,5.36381
534F4C31,10043,87688532,0,2993,2783,210,0.00000,5.41538
534F4C31,10044,87693535,0,2991,2787,204,0.00000,5.26066
534F4C31,10044,87698650,0,2993,2787,206,0.00000,5.31223
534F4C31,10044,87703524,0,2997,2784,213,0.00000,5.49275
534F4C31,10044,87708534,0,2991,2785,206,0.00000,5.31223
534F4C31,10044,87713527,0,2994,2787,207,0.00000,5.33802
534F4C31,10045,87718567,0,2994,2783,211,0.00000,5.44117
534F4C31,10046,87723551,0,2995,2785,210,0.00000,5.41538
534F4C31,10047,87728580,0,2996,2788,208,0.00000,5.36381
534F4C31,10048,87733798,0,2995,2783,212,0.00000,5.46696
534F4C31,10048,87738518,0,2997,2787,210,0.00000,5.41538
534F4C31,10049,87743625,0,2996,2783,213,0.00000,5.49275
534F4C31,10049,87748784,0,2994,2784,210,0.00000,5.41538
534F4C31,10050,87753644,0,2989,2783,206,0.00000,5.31223
534F4C31,10051,87758909,0,2992,2784,208,0.00000,5.36381
534F4C31,10052,87764134,0,2997,2786,211,0.00000,5.44117
534F4C31,10053,87769091,0,2997,2785,212,0.00000,5.46696
534F4C31,10053,87773530,0,2988,2785,203,0.00000,5.23487
534F4C31,10053,87778532,0,2996,2784,212,0.00000,5.46696
534F4C31,10054,87783527,0,2995,2782,213,0.00000,5.49275
534F4C31,10055,87788531,0,2996,2784,212,0.00000,5.46696
534F4C31,10056,87794800,0,2994,2785,209,0.00000,5.38960
534F4C31,10056,87798814,0,2993,2783,210,0.00000,5.41538
534F4C31,10057,87803738,0,3000,2788,212,0.00000,5.46696
534F4C31,10057,87808663,0,2994,2784,210,0.00000,5.41538
534F4C31,10057,87813521,0,2998,2789,209,0.00000,5.38960
534F4C31,10057,87818531,0,2996,2786,210,0.00000,5.41538
534F4C31,10057,87823518,0,2995,2785,210,0.00000,5.41538
534F4C31,10057,87828532,0,2996,2784,212,0.00000,5.46696
534F4C31,10058,87833522,0,2993,2787,206,0.00000,5.31223
534F4C31,10058,87838519,0,2993,2786,207,0.00000,5.33802
534F4C31,10059,87843550,0,2992,2785,207,0.00000,5.33802
534F4C31,10060,87848525,0,2994,2782,212,0.00000,5.46696
534F4C31,10061,87853564,0,2996,2788,208,0.00000,5.36381
534F4C31,10061,87858572,0,2992,2786,206,0.00000,5.31223
534F4C31,10062,87863575,0,2998,2784,214,0.00000,5.51853
534F4C31,10063,87868526,0,3000,2784,216,0.00000,5.57011
534F4C31,10064,87873754,0,2995,2783,212,0.00000,5.46696
534F4C31,10064,87878977,0,2994,2786,208,0.00000,5.36381
534F4C31,10065,87883557,0,3000,2786,214,0.00000,5.51853
534F4C31,10065,87888516,0,2994,2784,210,0.00000,5.41538
534F4C31,10066,87894359,0,2989,2786,203,0.00000,5.23487
534F4C31,10066,87898516,0,2989,2786,203,0.00000,5.23487
534F4C31,10067,87903663,0,2995,2786,209,0.00000,5.38960
534F4C31,10067,87909126,0,2990,2787,203,0.00000,5.23487
534F4C31,10067,87913941,0,2997,2785,212,0.00000,5.46696
534F4C31,10068,87918724,0,2988,2784,204,0.00000,5.26066
534F4C31,10069,87923528,0,2994,2782,212,0.00000,5.46696
534F4C31,10069,87929012,0,2992,2788,204,0.00000,5.26066
534F4C31,10070,87933545,0,2996,2784,212,0.00000,5.46696
534F4C31,10070,87939843,0,2997,2784,213,0.00000,5.49275
534F4C31,10071,87943522,0,2994,2786,208,0.00000,5.36381
534F4C31,10072,87949718,0,2998,2786,212,0.00000,5.46696
534F4C31,10072,87953519,0,2994,2787,207,0.00000,5.33802
534F4C31,10073,87958570,0,3001,2787,214,0.00000,5.51853
534F4C31,10073,87963522,0,2989,2782,207,0.00000,5.33802
534F4C31,10074,87968557,0,2992,2784,208,0.00000,5.36381
534F4C31,10074,87973741,0,2990,2785,205,0.00000,5.28645
534F4C31,10075,87978515,0,2991,2785,206,0.00000,5.31223
534F4C31,10076,87984414,0,3004,2785,219,0.00000,5.64747
534F4C31,10076,87988516,0,2989,2784,205,0.00000,5.28645
534F4C31,10076,87994350,0,3000,2783,217,0.00000,5.59590
534F4C31,10076,87998525,0,2991,2779,212,0.00000,5.46696
534F4C31,10077,88003761,0,2994,2785,209,0.00000,5.38960
534F4C31,10078,88008659,0,2988,2786,202,0.00000,5.20908
534F4C31,10079,88014665,0,2998,2786,212,0.00000,5.46696
534F4C31,10079,88019485,0,2993,2784,209,0.00000,5.38960
534F4C31,10080,88023843,0,2986,2783,203,0.00000,5.23487
534F4C31,10081,88028868,0,2992,2785,207,0.00000,5.33802
534F4C31,10082,88033533,0,2991,2784,207,0.00000,5.33802
534F4C31,10083,88039643,0,2994,2784,210,0.00000,5.41538
534F4C31,10083,88043605,0,2992,2788,204,0.00000,5.26066
534F4C31,10083,88048548,0,2998,2785,213,0.00000,5.49275
534F4C31,10084,88053526,0,2988,2787,201,0.00000,5.18330
534F4C31,10084,88058793,0,2992,2784,208,0.00000,5.36381
534F4C31,10085,88063520,0,2991,2783,208,0.00000,5.36381
534F4C31,10085,88068515,0,2991,2788,203,0.00000,5.23487
534F4C31,10086,88073518,0,2991,2784,207,0.00000,5.33802
534F4C31,10087,88078894,0,2989,2781,208,0.00000,5.36381
534F4C31,10087,88083523,0,2991,2784,207,0.00000,5.33802
534F4C31,10087,88089081,0,2990,2784,206,0.00000,5.31223
534F4C31,10088,88093955,0,2997,2784,213,0.00000,5.49275
534F4C31,10089,88098519,0,2999,2785,214,0.00000,5.51853
534F4C31,10089,88103533,0,2997,2783,214,0.00000,5.51853
534F4C31,10089,88108531,0,2993,2787,206,0.00000,5.31223
534F4C31,10090,88113519,0,2993,2786,207,0.00000,5.33802
534F4C31,10090,88118606,0,2995,2780,215,0.00000,5.54432
534F4C31,10090,88123752,0,2999,2783,216,0.00000,5.57011
534F4C31,10090,88128523,0,3000,2782,218,0.00000,5.62168
534F4C31,10090,88133523,0,2996,2783,213,0.00000,5.49275
534F4C31,10090,88138541,0,2988,2782,206,0.00000,5.31223
534F4C31,10091,88143839,0,2996,2787,209,0.00000,5.38960
534F4C31,10091,88148520,0,2998,2785,213,0.00000,5.49275
534F4C31,10091,88153535,0,2996,2783,213,0.00000,5.49275
534F4C31,10092,88159071,0,2993,2785,208,0.00000,5.36381
534F4C31,10093,88163527,0,2993,2781,212,0.00000,5.46696
534F4C31,10093,88168554,0,2995,2785,210,0.00000,5.41538
534F4C31,10094,88173782,0,2997,2784,213,0.00000,5.49275
534F4C31,10094,88178529,0,2992,2782,210,0.00000,5.41538
534F4C31,10094,88183564,0,2991,2783,208,0.00000,5.36381
534F4C31,10094,88188534,0,2991,2786,205,0.00000,5.28645
534F4C31,10095,88193553,0,2992,2784,208,0.00000,5.36381
534F4C31,10096,88198673,0,2991,2784,207,0.00000,5.33802
534F4C31,10097,88203565,0,2997,2787,210,0.00000,5.41538
534F4C31,10098,88208760,0,2996,2782,214,0.00000,5.51853
534F4C31,10099,88213527,0,2990,2790,200,0.00000,5.15751
534F4C31,10099,88218843,0,2990,2785,205,0.00000,5.28645
534F4C31,10099,88223523,0,2992,2786,206,0.00000,5.31223
534F4C31,10100,88228616,0,2998,2784,214,0.00000,5.51853
534F4C31,10100,88233528,0,2993,2786,207,0.00000,5.33802
534F4C31,10100,88238539,0,2990,2785,205,0.00000,5.28645
534F4C31,10100,88243520,0,2990,2784,206,0.00000,5.31223
534F4C31,10101,88248852,0,2993,2787,206,0.00000,5.31223
534F4C31,10102,88253553,0,2997,2782,215,0.00000,5.54432
534F4C31,10102,88258903,0,2994,2784,210,0.00000,5.41538
534F4C31,10103,88263523,0,2997,2785,212,0.00000,5.46696
534F4C31,10104,88269263,0,2995,2789,206,0.00000,5.31223
534F4C31,10105,88273575,0,2992,2784,208,0.00000,5.36381
534F4C31,10105,88278526,0,2995,2788,207,0.00000,5.33802
534F4C31,10106,88283537,0,2996,2783,213,0.00000,5.49275
534F4C31,10107,88288658,0,2991,2783,208,0.00000,5.36381
534F4C31,10107,88294076,0,2996,2787,209,0.00000,5.38960
534F4C31,10108,88298544,0,2996,2787,209,0.00000,5.38960
534F4C31,10108,88303843,0,2995,2784,211,0.00000,5.44117
534F4C31,10109,88308528,0,2995,2782,213,0.00000,5.49275
534F4C31,10109,88313604,0,2991,2785,206,0.00000,5.31223
534F4C31,10110,88318521,0,2991,2786,205,0.00000,5.28645
534F4C31,10110,88323520,0,2993,2786,207,0.00000,5.33802
534F4C31,10110,88328573,0,3003,2786,217,0.00000,5.59590
534F4C31,10111,88333521,0,2997,2783,214,0.00000,5.51853
534F4C31,10112,88338647,0,2997,2787,210,0.00000,5.41538
534F4C31,10113,88343544,0,2993,2786,207,0.00000,5.33802
534F4C31,10113,88349230,0,2997,2784,213,0.00000,5.49275
534F4C31,10113,88353522,0,2993,2788,205,0.00000,5.28645
534F4C31,10113,88358522,0,2990,2786,204,0.00000,5.26066
534F4C31,10113,88363524,0,2997,2787,210,0.00000,5.41538
534F4C31,10114,88368542,0,2995,2784,211,0.00000,5.44117
534F4C31,10115,88373532,0,2993,2785,208,0.00000,5.36381
534F4C31,10116,88378545,0,2996,2784,212,0.00000,5.46696
534F4C31,10117,88384188,0,2999,2784,215,0.00000,5.54432
534F4C31,10117,88389205,0,2987,2782,205,0.00000,5.28645
534F4C31,10118,88393536,0,2994,2787,207,0.00000,5.33802
534F4C31,10118,88398520,0,2991,2785,206,0.00000,5.31223
534F4C31,10118,88403541,0,3002,2787,215,0.00000,5.54432
534F4C31,10119,88408548,0,2993,2786,207,0.00000,5.33802
534F4C31,10119,88413523,0,2992,2785,207,0.00000,5.33802
534F4C31,10119,88418518,0,2997,2787,210,0.00000,5.41538
534F4C31,10120,88423523,0,2991,2786,205,0.00000,5.28645
534F4C31,10120,88428584,0,2992,2783,209,0.00000,5.38960
534F4C31,10121,88434347,0,2994,2784,210,0.00000,5.41538
534F4C31,10122,88438515,0,2990,2785,205,0.00000,5.28645
534F4C31,10122,88443529,0,2990,2783,207,0.00000,5.33802
534F4C31,10123,88448987,0,2995,2782,213,0.00000,5.49275
534F4C31,10124,88453535,0,2994,2786,208,0.00000,5.36381
534F4C31,10125,88458561,0,2989,2784,205,0.00000,5.28645
534F4C31,10125,88463689,0,3000,2786,214,0.00000,5.51853
534F4C31,10125,88468517,0,2988,2786,202,0.00000,5.20908
534F4C31,10125,88473522,0,2992,2784,208,0.00000,5.36381
534F4C31,10125,88478531,0,2992,2787,205,0.00000,5.28645
534F4C31,10125,88483521,0,2990,2783,207,0.00000,5.33802
534F4C31,10126,88488575,0,3000,2786,214,0.00000,5.51853
534F4C31,10127,88493782,0,2991,2784,207,0.00000,5.33802
534F4C31,10128,88499077,0,2997,2782,215,0.00000,5.54432
534F4C31,10129,88504548,0,2989,2780,209,0.00000,5.38960
534F4C31,10130,88508716,0,2988,2783,205,0.00000,5.28645
534F4C31,10131,88513518,0,2990,2781,209,0.00000,5.38960
534F4C31,10131,88520383,0,2992,2784,208,0.00000,5.36381
534F4C31,10131,88523530,0,2994,2784,210,0.00000,5.41538
534F4C31,10132,88528947,0,2994,2785,209,0.00000,5.38960
534F4C31,10132,88533519,0,2993,2785,208,0.00000,5.36381
534F4C31,10133,88539045,0,2997,2787,210,0.00000,5.41538
534F4C31,10134,88543524,0,2996,2784,212,0.00000,5.46696
534F4C31,10134,88548535,0,2992,2784,208,0.00000,5.36381
534F4C31,10134,88553515,0,2991,2787,204,0.00000,5.26066
534F4C31,10134,88558574,0,2994,2782,212,0.00000,5.46696
534F4C31,10134,88563522,0,2998,2784,214,0.00000,5.51853
534F4C31,10134,88568531,0,2997,2782,215,0.00000,5.54432
534F4C31,10135,88573540,0,2992,2787,205,0.00000,5.28645
534F4C31,10136,88578543,0,2996,2781,215,0.00000,5.54432
534F4C31,10137,88583897,0,2996,2784,212,0.00000,5.46696
534F4C31,10137,88588519,0,3001,2782,219,0.00000,5.64747
534F4C31,10138,88594152,0,2999,2785,214,0.00000,5.51853
534F4C31,10139,88598521,0,2989,2785,204,0.00000,5.26066
534F4C31,10140,88603740,0,2987,2783,204,0.00000,5.26066
534F4C31,10140,88608523,0,2998,2783,215,0.00000,5.54432
534F4C31,10141,88613645,0,3000,2786,214,0.00000,5.51853
534F4C31,10142,88619793,0,2995,2786,209,0.00000,5.38960
534F4C31,10143,88623524,0,2992,2784,208,0.00000,5.36381
534F4C31,10143,88629011,0,2996,2780,216,0.00000,5.57011
534F4C31,10143,88633519,0,2991,2788,203,0.00000,5.23487
534F4C31,10143,88638520,0,2995,2784,211,0.00000,5.44117
534F4C31,10143,88643524,0,2995,2784,211,0.00000,5.44117
534F4C31,10143,88648520,0,2995,2786,209,0.00000,5.38960
534F4C31,10144,88653601,0,2992,2782,210,0.00000,5.41538
534F4C31,10145,88658747,0,2998,2786,212,0.00000,5.46696
534F4C31,10145,88663522,0,2986,2787,199,0.00000,5.13172
534F4C31,10145,88668523,0,2993,2784,209,0.00000,5.38960
534F4C31,10146,88673567,0,2982,2786,196,0.00000,5.05436
534F4C31,10147,88678674,0,2987,2787,200,0.00000,5.15751
534F4C31,10147,88683521,0,2998,2788,210,0.00000,5.41538
534F4C31,10148,88688958,0,2996,2785,211,0.00000,5.44117
534F4C31,10149,88693531,0,2992,2783,209,0.00000,5.38960
534F4C31,10150,88698518,0,2989,2785,204,0.00000,5.26066
534F4C31,10150,88703701,0,3001,2781,220,0.00000,5.67326
534F4C31,10150,88708556,0,2996,2783,213,0.00000,5.49275
534F4C31,10151,88713885,0,2994,2782,212,0.00000,5.46696
534F4C31,10151,88718518,0,2996,2784,212,0.00000,5.46696
534F4C31,10151,88723530,0,2998,2784,214,0.00000,5.51853
534F4C31,10151,88728534,0,2991,2783,208,0.00000,5.36381
534F4C31,10152,88733551,0,2999,2784,215,0.00000,5.54432
534F4C31,10153,88738736,0,2997,2785,212,0.00000,5.46696
534F4C31,10154,88743527,0,2990,2782,208,0.00000,5.36381
534F4C31,10155,88748842,0,2999,2785,214,0.00000,5.51853
534F4C31,10155,88753527,0,2993,2784,209,0.00000,5.38960
534F4C31,10156,88758536,0,2993,2786,207,0.00000,5.33802
534F4C31,10157,88763532,0,2993,2783,210,0.00000,5.41538
534F4C31,10157,88768656,0,2992,2785,207,0.00000,5.33802
534F4C31,10157,88773520,0,2992,2783,209,0.00000,5.38960
534F4C31,10157,88778528,0,2999,2783,216,0.00000,5.57011
534F4C31,10158,88784190,0,2996,2784,212,0.00000,5.46696
534F4C31,10158,88788732,0,2989,2783,206,0.00000,5.31223
534F4C31,10159,88793758,0,2989,2789,200,0.00000,5.15751
534F4C31,10160,88798513,0,2995,2783,212,0.00000,5.46696
534F4C31,10160,88803882,0,2995,2781,214,0.00000,5.51853
534F4C31,10160,88808880,0,2993,2786,207,0.00000,5.33802
534F4C31,10161,88813547,0,2993,2784,209,0.00000,5.38960
534F4C31,10161,88818533,0,2992,2787,205,0.00000,5.28645
534F4C31,10162,88823548,0,2995,2782,213,0.00000,5.49275
534F4C31,10162,88828518,0,2993,2787,206,0.00000,5.31223
534F4C31,10163,88833538,0,2993,2784,209,0.00000,5.38960
534F4C31,10163,88838530,0,2991,2783,208,0.00000,5.36381
534F4C31,10164,88843528,0,2998,2783,215,0.00000,5.54432
534F4C31,10165,88848524,0,2994,2781,213,0.00000,5.49275
534F4C31,10165,88854911,0,2992,2782,210,0.00000,5.41538
534F4C31,10165,88858538,0,2994,2783,211,0.00000,5.44117
534F4C31,10166,88863519,0,2999,2785,214,0.00000,5.51853
534F4C31,10167,88869053,0,2996,2783,213,0.00000,5.49275
534F4C31,10168,88873517,0,2993,2788,205,0.00000,5.28645
534F4C31,10168,88879061,0,2995,2790,205,0.00000,5.28645
534F4C31,10168,88883528,0,2993,2782,211,0.00000,5.44117
534F4C31,10168,88888518,0,2996,2787,209,0.00000,5.38960
534F4C31,10168,88893522,0,2991,2784,207,0.00000,5.33802
534F4C31,10169,88898536,0,2992,2783,209,0.00000,5.38960
534F4C31,10170,88903576,0,2995,2787,208,0.00000,5.36381
534F4C31,10171,88908586,0,2999,2782,217,0.00000,5.59590
534F4C31,10171,88913819,0,2999,2785,214,0.00000,5.51853
534F4C31,10172,88918616,0,2994,2787,207,0.00000,5.33802
534F4C31,10173,88923840,0,2998,2784,214,0.00000,5.51853
534F4C31,10174,88928527,0,2999,2787,212,0.00000,5.46696
534F4C31,10175,88933528,0,2997,2784,213,0.00000,5.49275
534F4C31,10176,88940251,0,3002,2787,215,0.00000,5.54432
534F4C31,10176,88943879,0,2993,2790,203,0.00000,5.23487
534F4C31,10176,88948522,0,2992,2780,212,0.00000,5.46696
534F4C31,10177,88953538,0,2991,2785,206,0.00000,5.31223
534F4C31,10178,88958618,0,2999,2784,215,0.00000,5.54432
534F4C31,10179,88963544,0,2987,2786,201,0.00000,5.18330
534F4C31,10180,88968824,0,2989,2786,203,0.00000,5.23487
534F4C31,10180,88973529,0,2999,2786,213,0.00000,5.49275
534F4C31,10180,88978541,0,2992,2784,208,0.00000,5.36381
534F4C31,10180,88983522,0,2993,2782,211,0.00000,5.44117
534F4C31,10181,88988760,0,2998,2784,214,0.00000,5.51853
534F4C31,10182,88993747,0,2994,2783,211,0.00000,5.44117
534F4C31,10182,88999069,0,2995,2784,211,0.00000,5.44117
534F4C31,10182,89003523,0,2989,2786,203,0.00000,5.23487
534F4C31,10183,89008526,0,2988,2783,205,0.00000,5.28645
