device_id,seq,timestamp_us,vbus_raw,iout_raw,iref_raw,i_diff,v_volts,i_amps
534F4C31,5853,40021659,0,2997,2944,53,0.00000,1.36674
534F4C31,5854,40028022,0,2997,2945,52,0.00000,1.34095
534F4C31,5854,40030551,0,2995,2944,51,0.00000,1.31516
534F4C31,5854,40036409,0,2999,2943,56,0.00000,1.44410
534F4C31,5854,40038953,0,2995,2943,52,0.00000,1.34095
534F4C31,5854,40041176,0,2994,2938,56,0.00000,1.44410
534F4C31,5854,40043961,0,2994,2941,53,0.00000,1.36674
534F4C31,5854,40046464,0,2993,2941,52,0.00000,1.34095
534F4C31,5854,40048626,0,2993,2945,48,0.00000,1.23780
534F4C31,5854,40050725,0,2993,2941,52,0.00000,1.34095
534F4C31,5854,40052815,0,2998,2942,56,0.00000,1.44410
534F4C31,5854,40054962,0,2998,2942,56,0.00000,1.44410
534F4C31,5854,40057137,0,2998,2945,53,0.00000,1.36674
534F4C31,5855,40059297,0,2993,2944,49,0.00000,1.26359
534F4C31,5856,40063948,0,2995,2948,47,0.00000,1.21201
534F4C31,5857,40070075,0,2997,2939,58,0.00000,1.49568
534F4C31,5857,40073731,0,2996,2940,56,0.00000,1.44410
534F4C31,5857,40076792,0,3000,2945,55,0.00000,1.41832
534F4C31,5858,40079656,0,2999,2939,60,0.00000,1.54725
534F4C31,5859,40084381,0,2995,2941,54,0.00000,1.39253
534F4C31,5859,40087704,0,2995,2943,52,0.00000,1.34095
534F4C31,5859,40092687,0,2996,2941,55,0.00000,1.41832
534F4C31,5859,40095586,0,2998,2943,55,0.00000,1.41832
534F4C31,5859,40098566,0,2995,2944,51,0.00000,1.31516
534F4C31,5860,40100829,0,2997,2942,55,0.00000,1.41832
534F4C31,5861,40105550,0,2995,2945,50,0.00000,1.28938
534F4C31,5862,40108863,0,2998,2944,54,0.00000,1.39253
534F4C31,5862,40115694,0,2997,2945,52,0.00000,1.34095
534F4C31,5862,40117884,0,2996,2944,52,0.00000,1.34095
534F4C31,5862,40121131,0,2997,2942,55,0.00000,1.41832
534F4C31,5862,40123792,0,2998,2943,55,0.00000,1.41832
534F4C31,5862,40125869,0,2997,2942,55,0.00000,1.41832
534F4C31,5862,40127961,0,2998,2942,56,0.00000,1.44410
534F4C31,5862,40130143,0,2997,2943,54,0.00000,1.39253
534F4C31,5862,40132869,0,2994,2941,53,0.00000,1.36674
534F4C31,5863,40136785,0,2997,2942,55,0.00000,1.41832
534F4C31,5864,40141278,0,2998,2941,57,0.00000,1.46989
534F4C31,5865,40145738,0,2994,2941,53,0.00000,1.36674
534F4C31,5865,40150836,0,3000,2943,57,0.00000,1.46989
534F4C31,5865,40153931,0,2998,2941,57,0.00000,1.46989
534F4C31,5865,40156970,0,2992,2939,53,0.00000,1.36674
534F4C31,5865,40159254,0,2994,2941,53,0.00000,1.36674
534F4C31,5866,40161490,0,2996,2938,58,0.00000,1.49568
534F4C31,5866,40165788,0,2993,2940,53,0.00000,1.36674
534F4C31,5866,40168143,0,2997,2943,54,0.00000,1.39253
534F4C31,5867,40171397,0,2999,2944,55,0.00000,1.41832
534F4C31,5867,40175564,0,2999,2940,59,0.00000,1.52147
534F4C31,5867,40178152,0,2996,2944,52,0.00000,1.34095
534F4C31,5868,40181167,0,2995,2944,51,0.00000,1.31516
534F4C31,5869,40184337,0,2996,2941,55,0.00000,1.41832
534F4C31,5870,40188624,0,2996,2941,55,0.00000,1.41832
534F4C31,5871,40194076,0,2997,2944,53,0.00000,1.36674
534F4C31,5871,40200011,0,2999,2941,58,0.00000,1.49568
534F4C31,5871,40202175,0,2996,2941,55,0.00000,1.41832
534F4C31,5871,40206865,0,2998,2943,55,0.00000,1.41832
534F4C31,5871,40209187,0,2993,2942,51,0.00000,1.31516
534F4C31,5872,40211342,0,2998,2947,51,0.00000,1.31516
534F4C31,5873,40216870,0,2993,2941,52,0.00000,1.34095
534F4C31,5874,40220552,0,2997,2939,58,0.00000,1.49568
534F4C31,5874,40227161,0,2996,2941,55,0.00000,1.41832
534F4C31,5875,40229760,0,2995,2947,48,0.00000,1.23780
534F4C31,5876,40235384,0,2999,2943,56,0.00000,1.44410
534F4C31,5877,40240428,0,2996,2943,53,0.00000,1.36674
534F4C31,5877,40245746,0,2993,2943,50,0.00000,1.28938
534F4C31,5878,40249617,0,2997,2940,57,0.00000,1.46989
534F4C31,5878,40252893,0,3002,2943,59,0.00000,1.52147
534F4C31,5878,40257016,0,2998,2943,55,0.00000,1.41832
534F4C31,5878,40259201,0,2997,2938,59,0.00000,1.52147
534F4C31,5879,40262798,0,2997,2946,51,0.00000,1.31516
534F4C31,5880,40267440,0,2999,2940,59,0.00000,1.52147
534F4C31,5880,40270354,0,2994,2947,47,0.00000,1.21201
534F4C31,5880,40275450,0,2996,2943,53,0.00000,1.36674
534F4C31,5880,40279173,0,2994,2940,54,0.00000,1.39253
534F4C31,5880,40281365,0,2999,2945,54,0.00000,1.39253
534F4C31,5880,40284172,0,2993,2942,51,0.00000,1.31516
534F4C31,5880,40286849,0,2997,2942,55,0.00000,1.41832
534F4C31,5880,40288931,0,2996,2942,54,0.00000,1.39253
534F4C31,5880,40291080,0,2999,2944,55,0.00000,1.41832
534F4C31,5881,40293273,0,2993,2943,50,0.00000,1.28938
534F4C31,5882,40297644,0,2999,2940,59,0.00000,1.52147
534F4C31,5882,40301802,0,2997,2942,55,0.00000,1.41832
534F4C31,5882,40306021,0,2997,2941,56,0.00000,1.44410
534F4C31,5882,40308718,0,2994,2943,51,0.00000,1.31516
534F4C31,5882,40310856,0,2999,2948,51,0.00000,1.31516
534F4C31,5883,40313656,0,2996,2944,52,0.00000,1.34095
534F4C31,5884,40319395,0,2998,2940,58,0.00000,1.49568
534F4C31,5885,40323724,0,2997,2946,51,0.00000,1.31516
534F4C31,5885,40326233,0,3000,2948,52,0.00000,1.34095
534F4C31,5885,40331552,0,2996,2942,54,0.00000,1.39253
534F4C31,5885,40334461,0,2995,2942,53,0.00000,1.36674
534F4C31,5885,40337235,0,3001,2941,60,0.00000,1.54725
534F4C31,5885,40340704,0,3001,2944,57,0.00000,1.46989
534F4C31,5885,40342932,0,2996,2942,54,0.00000,1.39253
534F4C31,5885,40345047,0,2995,2942,53,0.00000,1.36674
534F4C31,5885,40347210,0,2996,2942,54,0.00000,1.39253
534F4C31,5886,40349436,0,2993,2943,50,0.00000,1.28938
534F4C31,5886,40353824,0,3000,2944,56,0.00000,1.44410
534F4C31,5886,40356119,0,2996,2944,52,0.00000,1.34095
534F4C31,5887,40359329,0,2996,2942,54,0.00000,1.39253
534F4C31,5887,40363371,0,3000,2946,54,0.00000,1.39253
534F4C31,5887,40366566,0,2999,2941,58,0.00000,1.49568
534F4C31,5888,40369939,0,2998,2944,54,0.00000,1.39253
534F4C31,5888,40374702,0,2996,2945,51,0.00000,1.31516
534F4C31,5888,40377248,0,3003,2942,61,0.00000,1.57304
534F4C31,5889,40380692,0,2996,2947,49,0.00000,1.26359
534F4C31,5890,40384892,0,2998,2942,56,0.00000,1.44410
534F4C31,5891,40388480,0,3000,2943,57,0.00000,1.46989
534F4C31,5892,40393810,0,2994,2944,50,0.00000,1.28938
534F4C31,5893,40398710,0,2997,2946,51,0.00000,1.31516
534F4C31,5893,40403468,0,3001,2943,58,0.00000,1.49568
534F4C31,5893,40406374,0,2997,2947,50,0.00000,1.28938
534F4C31,5893,40408465,0,2997,2946,51,0.00000,1.31516
534F4C31,5893,40411326,0,2999,2942,57,0.00000,1.46989
534F4C31,5893,40413877,0,2995,2943,52,0.00000,1.34095
534F4C31,5893,40416100,0,3000,2941,59,0.00000,1.52147
534F4C31,5893,40418212,0,2994,2944,50,0.00000,1.28938
534F4C31,5893,40420272,0,2995,2943,52,0.00000,1.34095
534F4C31,5893,40422376,0,2997,2944,53,0.00000,1.36674
534F4C31,5893,40424628,0,2996,2941,55,0.00000,1.41832
534F4C31,5893,40426830,0,2991,2943,48,0.00000,1.23780
534F4C31,5893,40428917,0,2995,2947,48,0.00000,1.23780
534F4C31,5893,40431023,0,2997,2941,56,0.00000,1.44410
534F4C31,5893,40433236,0,2993,2942,51,0.00000,1.31516
534F4C31,5893,40435472,0,2996,2946,50,0.00000,1.28938
534F4C31,5893,40437579,0,2998,2944,54,0.00000,1.39253
534F4C31,5893,40440047,0,2996,2945,51,0.00000,1.31516
534F4C31,5893,40442184,0,2997,2943,54,0.00000,1.39253
534F4C31,5893,40444476,0,2997,2944,53,0.00000,1.36674
534F4C31,5893,40446584,0,2998,2943,55,0.00000,1.41832
534F4C31,5894,40448820,0,2999,2946,53,0.00000,1.36674
534F4C31,5895,40453661,0,2998,2944,54,0.00000,1.39253
534F4C31,5896,40457516,0,2996,2945,51,0.00000,1.31516
534F4C31,5897,40463264,0,3000,2943,57,0.00000,1.46989
534F4C31,5897,40467297,0,2996,2942,54,0.00000,1.39253
534F4C31,5897,40470078,0,2993,2941,52,0.00000,1.34095
534F4C31,5897,40473149,0,2998,2944,54,0.00000,1.39253
534F4C31,5897,40476625,0,2996,2944,52,0.00000,1.34095
534F4C31,5897,40478723,0,2995,2947,48,0.00000,1.23780
534F4C31,5897,40481648,0,2997,2944,53,0.00000,1.36674
534F4C31,5897,40484047,0,3000,2942,58,0.00000,1.49568
534F4C31,5897,40486154,0,3000,2942,58,0.00000,1.49568
534F4C31,5897,40488395,0,2997,2944,53,0.00000,1.36674
534F4C31,5897,40490562,0,3001,2944,57,0.00000,1.46989
534F4C31,5897,40492776,0,2999,2942,57,0.00000,1.46989
534F4C31,5898,40494825,0,2997,2940,57,0.00000,1.46989
534F4C31,5899,40498681,0,2996,2943,53,0.00000,1.36674
534F4C31,5900,40503806,0,3001,2939,62,0.00000,1.59883
534F4C31,5900,40509264,0,2994,2944,50,0.00000,1.28938
534F4C31,5900,40513921,0,2996,2941,55,0.00000,1.41832
534F4C31,5900,40516256,0,2998,2949,49,0.00000,1.26359
534F4C31,5900,40518350,0,2998,2942,56,0.00000,1.44410
534F4C31,5900,40521259,0,2998,2950,48,0.00000,1.23780
534F4C31,5900,40523449,0,3000,2941,59,0.00000,1.52147
534F4C31,5900,40525578,0,2998,2943,55,0.00000,1.41832
534F4C31,5900,40527670,0,2999,2944,55,0.00000,1.41832
534F4C31,5900,40529867,0,2997,2939,58,0.00000,1.49568
534F4C31,5901,40532136,0,3001,2940,61,0.00000,1.57304
534F4C31,5902,40536412,0,2999,2944,55,0.00000,1.41832
534F4C31,5903,40539857,0,2997,2944,53,0.00000,1.36674
534F4C31,5904,40545660,0,2998,2942,56,0.00000,1.44410
534F4C31,5905,40550697,0,2993,2942,51,0.00000,1.31516
534F4C31,5905,40554383,0,2996,2944,52,0.00000,1.34095
534F4C31,5906,40556524,0,2997,2944,53,0.00000,1.36674
534F4C31,5906,40561802,0,2996,2948,48,0.00000,1.23780
534F4C31,5906,40564914,0,2997,2944,53,0.00000,1.36674
534F4C31,5906,40569323,0,2998,2944,54,0.00000,1.39253
534F4C31,5906,40571605,0,2999,2941,58,0.00000,1.49568
534F4C31,5906,40574333,0,2994,2945,49,0.00000,1.26359
534F4C31,5906,40577343,0,2994,2942,52,0.00000,1.34095
534F4C31,5906,40579654,0,3002,2948,54,0.00000,1.39253
534F4C31,5906,40581888,0,3000,2945,55,0.00000,1.41832
534F4C31,5906,40583939,0,2997,2943,54,0.00000,1.39253
534F4C31,5906,40585905,0,2998,2945,53,0.00000,1.36674
534F4C31,5907,40588182,0,3000,2944,56,0.00000,1.44410
534F4C31,5908,40592893,0,2998,2944,54,0.00000,1.39253
534F4C31,5909,40596605,0,2993,2943,50,0.00000,1.28938
534F4C31,5909,40602458,0,2994,2942,52,0.00000,1.34095
534F4C31,5909,40604846,0,2994,2941,53,0.00000,1.36674
534F4C31,5909,40608416,0,3000,2943,57,0.00000,1.46989
534F4C31,5909,40610600,0,2994,2943,51,0.00000,1.31516
534F4C31,5909,40612641,0,2995,2940,55,0.00000,1.41832
534F4C31,5909,40614833,0,2998,2940,58,0.00000,1.49568
534F4C31,5910,40617145,0,2999,2940,59,0.00000,1.52147
534F4C31,5911,40621290,0,2997,2938,59,0.00000,1.52147
534F4C31,5912,40625845,0,2997,2940,57,0.00000,1.46989
534F4C31,5913,40631447,0,2994,2939,55,0.00000,1.41832
534F4C31,5913,40635698,0,2997,2939,58,0.00000,1.49568
534F4C31,5913,40638639,0,2994,2937,57,0.00000,1.46989
534F4C31,5914,40641783,0,2997,2943,54,0.00000,1.39253
534F4C31,5915,40646835,0,3002,2936,66,0.00000,1.70198
534F4C31,5915,40651542,0,2996,2939,57,0.00000,1.46989
534F4C31,5915,40654860,0,2995,2939,56,0.00000,1.44410
534F4C31,5915,40657695,0,2996,2937,59,0.00000,1.52147
534F4C31,5915,40660009,0,2994,2940,54,0.00000,1.39253
534F4C31,5915,40663301,0,2997,2936,61,0.00000,1.57304
534F4C31,5915,40665472,0,2994,2938,56,0.00000,1.44410
534F4C31,5915,40667505,0,2997,2936,61,0.00000,1.57304
534F4C31,5915,40669697,0,2997,2937,60,0.00000,1.54725
534F4C31,5915,40671897,0,2997,2937,60,0.00000,1.54725
534F4C31,5915,40674080,0,2996,2936,60,0.00000,1.54725
534F4C31,5916,40676320,0,2997,2935,62,0.00000,1.59883
534F4C31,5917,40680145,0,2999,2934,65,0.00000,1.67619
534F4C31,5918,40683478,0,2998,2938,60,0.00000,1.54725
534F4C31,5919,40689779,0,2996,2938,58,0.00000,1.49568
534F4C31,5919,40693869,0,2995,2939,56,0.00000,1.44410
534F4C31,5919,40696183,0,2996,2940,56,0.00000,1.44410
534F4C31,5919,40699027,0,2995,2939,56,0.00000,1.44410
534F4C31,5919,40702975,0,2998,2940,58,0.00000,1.49568
534F4C31,5919,40705191,0,2995,2937,58,0.00000,1.49568
534F4C31,5919,40707918,0,3001,2938,63,0.00000,1.62462
534F4C31,5919,40710564,0,2997,2937,60,0.00000,1.54725
534F4C31,5919,40713790,0,2996,2937,59,0.00000,1.52147
534F4C31,5919,40716258,0,2995,2938,57,0.00000,1.46989
534F4C31,5919,40718332,0,2997,2935,62,0.00000,1.59883
534F4C31,5919,40721543,0,2997,2938,59,0.00000,1.52147
534F4C31,5919,40723710,0,2995,2938,57,0.00000,1.46989
534F4C31,5919,40725925,0,2997,2935,62,0.00000,1.59883
534F4C31,5920,40728227,0,2994,2939,55,0.00000,1.41832
534F4C31,5921,40732283,0,2997,2939,58,0.00000,1.49568
534F4C31,5922,40736771,0,2997,2938,59,0.00000,1.52147
534F4C31,5922,40742354,0,2995,2937,58,0.00000,1.49568
534F4C31,5922,40744683,0,2993,2937,56,0.00000,1.44410
534F4C31,5923,40747239,0,2999,2935,64,0.00000,1.65040
534F4C31,5924,40752994,0,2996,2937,59,0.00000,1.52147
534F4C31,5925,40757065,0,2996,2941,55,0.00000,1.41832
534F4C31,5925,40762678,0,2995,2937,58,0.00000,1.49568
534F4C31,5926,40766308,0,2996,2939,57,0.00000,1.46989
534F4C31,5926,40769873,0,2997,2939,58,0.00000,1.49568
534F4C31,5927,40773805,0,3001,2937,64,0.00000,1.65040
534F4C31,5927,40778359,0,3001,2937,64,0.00000,1.65040
534F4C31,5927,40783337,0,2995,2940,55,0.00000,1.41832
534F4C31,5927,40785494,0,2998,2940,58,0.00000,1.49568
534F4C31,5927,40787857,0,2994,2937,57,0.00000,1.46989
534F4C31,5927,40790617,0,2996,2937,59,0.00000,1.52147
534F4C31,5927,40793081,0,2997,2937,60,0.00000,1.54725
534F4C31,5927,40795260,0,2999,2940,59,0.00000,1.52147
534F4C31,5927,40797432,0,2994,2939,55,0.00000,1.41832
534F4C31,5927,40799516,0,2997,2938,59,0.00000,1.52147
534F4C31,5927,40801572,0,2998,2936,62,0.00000,1.59883
534F4C31,5927,40803724,0,2994,2935,59,0.00000,1.52147
534F4C31,5928,40805961,0,2992,2937,55,0.00000,1.41832
534F4C31,5929,40810421,0,2994,2942,52,0.00000,1.34095
534F4C31,5930,40814777,0,2996,2939,57,0.00000,1.46989
534F4C31,5930,40820072,0,2996,2938,58,0.00000,1.49568
534F4C31,5930,40822272,0,2995,2937,58,0.00000,1.49568
534F4C31,5931,40825134,0,3001,2934,67,0.00000,1.72777
534F4C31,5931,40828727,0,2993,2940,53,0.00000,1.36674
534F4C31,5931,40832590,0,2996,2938,58,0.00000,1.49568
534F4C31,5932,40834895,0,2998,2938,60,0.00000,1.54725
534F4C31,5933,40840253,0,2994,2939,55,0.00000,1.41832
534F4C31,5933,40844908,0,2997,2938,59,0.00000,1.52147
534F4C31,5933,40848712,0,2991,2938,53,0.00000,1.36674
534F4C31,5934,40851846,0,2995,2938,57,0.00000,1.46989
534F4C31,5935,40857285,0,2996,2938,58,0.00000,1.49568
534F4C31,5935,40861619,0,2991,2935,56,0.00000,1.44410
534F4C31,5935,40865902,0,2993,2938,55,0.00000,1.41832
534F4C31,5936,40868948,0,2995,2936,59,0.00000,1.52147
534F4C31,5936,40874247,0,2994,2938,56,0.00000,1.44410
534F4C31,5936,40877297,0,2995,2936,59,0.00000,1.52147
534F4C31,5936,40879724,0,2999,2938,61,0.00000,1.57304
534F4C31,5936,40881955,0,2994,2939,55,0.00000,1.41832
534F4C31,5936,40884058,0,2997,2937,60,0.00000,1.54725
534F4C31,5936,40886181,0,2993,2937,56,0.00000,1.44410
534F4C31,5936,40888262,0,2993,2938,55,0.00000,1.41832
534F4C31,5936,40890463,0,2998,2935,63,0.00000,1.62462
534F4C31,5936,40892651,0,2996,2938,58,0.00000,1.49568
534F4C31,5936,40894771,0,2997,2939,58,0.00000,1.49568
534F4C31,5936,40896892,0,2994,2935,59,0.00000,1.52147
534F4C31,5937,40899176,0,2994,2936,58,0.00000,1.49568
534F4C31,5938,40903736,0,2996,2938,58,0.00000,1.49568
534F4C31,5939,40907678,0,2993,2938,55,0.00000,1.41832
534F4C31,5940,40914057,0,2994,2938,56,0.00000,1.44410
534F4C31,5940,40917060,0,2997,2939,58,0.00000,1.49568
534F4C31,5940,40921778,0,2999,2941,58,0.00000,1.49568
534F4C31,5940,40924609,0,2996,2938,58,0.00000,1.49568
534F4C31,5940,40926742,0,2997,2936,61,0.00000,1.57304
534F4C31,5941,40929619,0,2995,2936,59,0.00000,1.52147
534F4C31,5942,40934230,0,2994,2936,58,0.00000,1.49568
534F4C31,5943,40938211,0,3000,2940,60,0.00000,1.54725
534F4C31,5943,40944357,0,2994,2940,54,0.00000,1.39253
534F4C31,5943,40946815,0,2996,2939,57,0.00000,1.46989
534F4C31,5943,40950189,0,2992,2939,53,0.00000,1.36674
534F4C31,5943,40952821,0,2994,2939,55,0.00000,1.41832
534F4C31,5943,40955020,0,2997,2940,57,0.00000,1.46989
534F4C31,5943,40957178,0,2997,2938,59,0.00000,1.52147
534F4C31,5943,40959413,0,2994,2939,55,0.00000,1.41832
534F4C31,5943,40961665,0,2997,2938,59,0.00000,1.52147
534F4C31,5944,40964924,0,2999,2940,59,0.00000,1.52147
534F4C31,5945,40968978,0,3000,2940,60,0.00000,1.54725
534F4C31,5946,40973898,0,2994,2938,56,0.00000,1.44410
534F4C31,5947,40980421,0,2999,2938,61,0.00000,1.57304
534F4C31,5947,40985477,0,2997,2938,59,0.00000,1.52147
534F4C31,5948,40989821,0,2997,2935,62,0.00000,1.59883
534F4C31,5948,40992851,0,2995,2938,57,0.00000,1.46989
534F4C31,5948,40996274,0,2995,2938,57,0.00000,1.46989
534F4C31,5948,40998709,0,2997,2940,57,0.00000,1.46989
534F4C31,5948,41001616,0,2997,2940,57,0.00000,1.46989
534F4C31,5948,41004045,0,2995,2939,56,0.00000,1.44410
534F4C31,5948,41006088,0,2991,2942,49,0.00000,1.26359
534F4C31,5948,41008246,0,3001,2938,63,0.00000,1.62462
534F4C31,5948,41010327,0,2998,2937,61,0.00000,1.57304
534F4C31,5948,41012482,0,2997,2939,58,0.00000,1.49568
534F4C31,5949,41014713,0,3000,2938,62,0.00000,1.59883
534F4C31,5950,41018838,0,2995,2937,58,0.00000,1.49568
534F4C31,5951,41023915,0,2998,2937,61,0.00000,1.57304
534F4C31,5951,41029068,0,2997,2940,57,0.00000,1.46989
534F4C31,5952,41032679,0,2995,2939,56,0.00000,1.44410
534F4C31,5952,41036299,0,3001,2937,64,0.00000,1.65040
534F4C31,5952,41040095,0,2998,2936,62,0.00000,1.59883
534F4C31,5952,41042966,0,2998,2938,60,0.00000,1.54725
534F4C31,5953,41045595,0,2997,2940,57,0.00000,1.46989
534F4C31,5954,41050453,0,2992,2940,52,0.00000,1.34095
534F4C31,5954,41054161,0,2996,2942,54,0.00000,1.39253
534F4C31,5955,41060885,0,2998,2940,58,0.00000,1.49568
534F4C31,5955,41065944,0,3000,2940,60,0.00000,1.54725
534F4C31,5955,41068157,0,2999,2938,61,0.00000,1.57304
534F4C31,5956,41070303,0,2995,2943,52,0.00000,1.34095
534F4C31,5957,41076283,0,2997,2938,59,0.00000,1.52147
534F4C31,5958,41080969,0,2997,2940,57,0.00000,1.46989
534F4C31,5958,41085589,0,2998,2938,60,0.00000,1.54725
534F4C31,5958,41088409,0,2999,2939,60,0.00000,1.54725
534F4C31,5958,41090592,0,2998,2939,59,0.00000,1.52147
534F4C31,5958,41093847,0,2997,2939,58,0.00000,1.49568
534F4C31,5959,41096250,0,2994,2938,56,0.00000,1.44410
534F4C31,5960,41100826,0,2994,2937,57,0.00000,1.46989
534F4C31,5960,41105643,0,2998,2937,61,0.00000,1.57304
534F4C31,5961,41110963,0,2999,2938,61,0.00000,1.57304
534F4C31,5962,41114595,0,2997,2938,59,0.00000,1.52147
534F4C31,5963,41119929,0,2995,2940,55,0.00000,1.41832
534F4C31,5963,41123476,0,2998,2936,62,0.00000,1.59883
534F4C31,5963,41128274,0,2995,2938,57,0.00000,1.46989
534F4C31,5963,41131165,0,2995,2935,60,0.00000,1.54725
534F4C31,5963,41134202,0,2996,2936,60,0.00000,1.54725
534F4C31,5963,41137189,0,2997,2936,61,0.00000,1.57304
534F4C31,5963,41139421,0,2994,2934,60,0.00000,1.54725
534F4C31,5963,41141735,0,2998,2935,63,0.00000,1.62462
534F4C31,5963,41143798,0,2997,2933,64,0.00000,1.65040
534F4C31,5963,41145910,0,2995,2934,61,0.00000,1.57304
534F4C31,5963,41148052,0,2995,2933,62,0.00000,1.59883
534F4C31,5963,41150234,0,2993,2933,60,0.00000,1.54725
534F4C31,5963,41152458,0,3000,2935,65,0.00000,1.67619
534F4C31,5963,41154699,0,2993,2936,57,0.00000,1.46989
534F4C31,5963,41157239,0,2996,2936,60,0.00000,1.54725
534F4C31,5963,41159575,0,2993,2938,55,0.00000,1.41832
534F4C31,5963,41161680,0,2996,2937,59,0.00000,1.52147
534F4C31,5963,41163779,0,2997,2937,60,0.00000,1.54725
534F4C31,5963,41165786,0,2997,2934,63,0.00000,1.62462
534F4C31,5963,41167916,0,2997,2932,65,0.00000,1.67619
534F4C31,5963,41169943,0,2996,2935,61,0.00000,1.57304
534F4C31,5964,41172007,0,2995,2934,61,0.00000,1.57304
534F4C31,5965,41175005,0,2995,2935,60,0.00000,1.54725
534F4C31,5966,41178009,0,2996,2939,57,0.00000,1.46989
534F4C31,5967,41182979,0,2995,2935,60,0.00000,1.54725
534F4C31,5968,41187869,0,2994,2934,60,0.00000,1.54725
534F4C31,5968,41193365,0,2996,2932,64,0.00000,1.65040
534F4C31,5968,41195653,0,2995,2934,61,0.00000,1.57304
534F4C31,5969,41200025,0,2996,2936,60,0.00000,1.54725
534F4C31,5970,41204026,0,2995,2935,60,0.00000,1.54725
534F4C31,5971,41210092,0,2992,2934,58,0.00000,1.49568
534F4C31,5971,41213585,0,2991,2933,58,0.00000,1.49568
534F4C31,5971,41218643,0,2994,2934,60,0.00000,1.54725
534F4C31,5971,41220906,0,2995,2935,60,0.00000,1.54725
534F4C31,5971,41223082,0,2994,2933,61,0.00000,1.57304
534F4C31,5971,41226272,0,2995,2933,62,0.00000,1.59883
534F4C31,5971,41228487,0,2994,2934,60,0.00000,1.54725
534F4C31,5972,41230671,0,2991,2935,56,0.00000,1.44410
534F4C31,5972,41235746,0,2995,2933,62,0.00000,1.59883
534F4C31,5972,41237918,0,2996,2932,64,0.00000,1.65040
534F4C31,5973,41240658,0,2991,2933,58,0.00000,1.49568
534F4C31,5973,41245860,0,2999,2934,65,0.00000,1.67619
534F4C31,5973,41248091,0,2994,2937,57,0.00000,1.46989
534F4C31,5973,41251055,0,2998,2931,67,0.00000,1.72777
534F4C31,5973,41253554,0,2990,2934,56,0.00000,1.44410
534F4C31,5973,41255559,0,2995,2934,61,0.00000,1.57304
534F4C31,5973,41257704,0,2994,2929,65,0.00000,1.67619
534F4C31,5973,41260204,0,2995,2935,60,0.00000,1.54725
534F4C31,5973,41262506,0,2993,2932,61,0.00000,1.57304
534F4C31,5973,41264695,0,2994,2934,60,0.00000,1.54725
534F4C31,5973,41266861,0,2995,2934,61,0.00000,1.57304
534F4C31,5973,41268994,0,2990,2938,52,0.00000,1.34095
534F4C31,5974,41271087,0,2999,2933,66,0.00000,1.70198
534F4C31,5975,41275856,0,2995,2932,63,0.00000,1.62462
534F4C31,5976,41280086,0,2997,2936,61,0.00000,1.57304
534F4C31,5977,41285361,0,2996,2935,61,0.00000,1.57304
534F4C31,5977,41288891,0,2997,2936,61,0.00000,1.57304
534F4C31,5977,41293932,0,2996,2935,61,0.00000,1.57304
534F4C31,5978,41296960,0,2995,2936,59,0.00000,1.52147
534F4C31,5979,41302234,0,2995,2935,60,0.00000,1.54725
534F4C31,5980,41306088,0,2995,2935,60,0.00000,1.54725
534F4C31,5980,41311879,0,2991,2933,58,0.00000,1.49568
534F4C31,5980,41314264,0,2996,2933,63,0.00000,1.62462
534F4C31,5980,41317101,0,2995,2935,60,0.00000,1.54725
534F4C31,5980,41319640,0,2995,2930,65,0.00000,1.67619
534F4C31,5980,41321838,0,2999,2933,66,0.00000,1.70198
534F4C31,5980,41324013,0,2997,2935,62,0.00000,1.59883
534F4C31,5980,41326256,0,2995,2935,60,0.00000,1.54725
534F4C31,5980,41328468,0,2991,2935,56,0.00000,1.44410
534F4C31,5980,41330529,0,2996,2934,62,0.00000,1.59883
534F4C31,5980,41332693,0,2997,2935,62,0.00000,1.59883
534F4C31,5980,41334927,0,2994,2933,61,0.00000,1.57304
534F4C31,5981,41337050,0,2995,2934,61,0.00000,1.57304
534F4C31,5982,41342016,0,2993,2929,64,0.00000,1.65040
534F4C31,5983,41345736,0,2994,2934,60,0.00000,1.54725
534F4C31,5984,41349452,0,2993,2934,59,0.00000,1.52147
534F4C31,5985,41353126,0,2995,2933,62,0.00000,1.59883
534F4C31,5986,41356769,0,2995,2932,63,0.00000,1.62462
534F4C31,5987,41360648,0,2997,2933,64,0.00000,1.65040
534F4C31,5988,41364587,0,2995,2933,62,0.00000,1.59883
534F4C31,5989,41368296,0,2997,2935,62,0.00000,1.59883
534F4C31,5990,41371931,0,2994,2930,64,0.00000,1.65040
534F4C31,5991,41375622,0,2996,2933,63,0.00000,1.62462
534F4C31,5992,41379332,0,2993,2934,59,0.00000,1.52147
534F4C31,5993,41382983,0,2992,2931,61,0.00000,1.57304
534F4C31,5994,41386689,0,2996,2935,61,0.00000,1.57304
534F4C31,5995,41390400,0,2991,2934,57,0.00000,1.46989
534F4C31,5996,41394057,0,2995,2934,61,0.00000,1.57304
534F4C31,5997,41397864,0,2996,2935,61,0.00000,1.57304
534F4C31,5998,41401589,0,2993,2934,59,0.00000,1.52147
534F4C31,5999,41405281,0,2998,2931,67,0.00000,1.72777
534F4C31,6000,41408944,0,2993,2932,61,0.00000,1.57304
534F4C31,6001,41412607,0,2994,2932,62,0.00000,1.59883
534F4C31,6002,41416288,0,2995,2933,62,0.00000,1.59883
534F4C31,6003,41420580,0,2994,2933,61,0.00000,1.57304
534F4C31,6004,41424572,0,2996,2935,61,0.00000,1.57304
534F4C31,6005,41431248,0,2991,2933,58,0.00000,1.49568
534F4C31,6006,41436546,0,2995,2935,60,0.00000,1.54725
534F4C31,6007,41440240,0,2998,2934,64,0.00000,1.65040
534F4C31,6008,41446074,0,2993,2934,59,0.00000,1.52147
534F4C31,6009,41450754,0,2992,2932,60,0.00000,1.54725
534F4C31,6010,41456568,0,2997,2936,61,0.00000,1.57304
534F4C31,6011,41460795,0,2995,2935,60,0.00000,1.54725
534F4C31,6012,41467195,0,2991,2933,58,0.00000,1.49568
534F4C31,6013,41471453,0,2995,2935,60,0.00000,1.54725
534F4C31,6014,41478303,0,2994,2935,59,0.00000,1.52147
534F4C31,6015,41482475,0,2997,2931,66,0.00000,1.70198
534F4C31,6016,41488529,0,2994,2933,61,0.00000,1.57304
534F4C31,6017,41499259,0,2993,2935,58,0.00000,1.49568
534F4C31,6018,41503254,0,2998,2933,65,0.00000,1.67619
534F4C31,6018,41508051,0,2994,2935,59,0.00000,1.52147
534F4C31,6018,41512091,0,2995,2933,62,0.00000,1.59883
534F4C31,6018,41515653,0,2992,2934,58,0.00000,1.49568
534F4C31,6018,41518279,0,2990,2933,57,0.00000,1.46989
534F4C31,6018,41520489,0,2993,2936,57,0.00000,1.46989
534F4C31,6018,41522754,0,2994,2933,61,0.00000,1.57304
534F4C31,6018,41526069,0,2998,2935,63,0.00000,1.62462
534F4C31,6018,41528162,0,2996,2935,61,0.00000,1.57304
534F4C31,6018,41530157,0,2994,2934,60,0.00000,1.54725
534F4C31,6018,41532284,0,2994,2934,60,0.00000,1.54725
534F4C31,6018,41534492,0,2995,2934,61,0.00000,1.57304
534F4C31,6018,41536603,0,2998,2935,63,0.00000,1.62462
534F4C31,6018,41538813,0,2991,2932,59,0.00000,1.52147
534F4C31,6018,41540850,0,2995,2934,61,0.00000,1.57304
534F4C31,6018,41542989,0,2994,2934,60,0.00000,1.54725
534F4C31,6018,41546135,0,2993,2934,59,0.00000,1.52147
534F4C31,6018,41548283,0,2994,2934,60,0.00000,1.54725
534F4C31,6018,41550418,0,2994,2931,63,0.00000,1.62462
534F4C31,6018,41552519,0,2995,2937,58,0.00000,1.49568
534F4C31,6018,41554674,0,2991,2934,57,0.00000,1.46989
534F4C31,6018,41556887,0,2993,2934,59,0.00000,1.52147
534F4C31,6018,41558917,0,2992,2933,59,0.00000,1.52147
534F4C31,6018,41561003,0,2995,2934,61,0.00000,1.57304
534F4C31,6018,41563054,0,2997,2933,64,0.00000,1.65040
534F4C31,6018,41565568,0,2999,2936,63,0.00000,1.62462
534F4C31,6018,41567690,0,2994,2935,59,0.00000,1.52147
534F4C31,6018,41569963,0,2999,2936,63,0.00000,1.62462
534F4C31,6018,41572157,0,2995,2931,64,0.00000,1.65040
534F4C31,6018,41574361,0,2998,2933,65,0.00000,1.67619
534F4C31,6018,41576559,0,2994,2932,62,0.00000,1.59883
534F4C31,6018,41578734,0,2995,2932,63,0.00000,1.62462
534F4C31,6018,41580804,0,2997,2934,63,0.00000,1.62462
534F4C31,6018,41582842,0,2992,2935,57,0.00000,1.46989
534F4C31,6018,41584858,0,2997,2934,63,0.00000,1.62462
534F4C31,6018,41586990,0,2996,2933,63,0.00000,1.62462
534F4C31,6018,41589137,0,2993,2937,56,0.00000,1.44410
534F4C31,6018,41591287,0,2994,2934,60,0.00000,1.54725
534F4C31,6018,41593461,0,2994,2936,58,0.00000,1.49568
534F4C31,6018,41595560,0,2996,2937,59,0.00000,1.52147
534F4C31,6018,41597642,0,2996,2934,62,0.00000,1.59883
534F4C31,6018,41599799,0,2997,2936,61,0.00000,1.57304
534F4C31,6018,41601938,0,2993,2933,60,0.00000,1.54725
534F4C31,6018,41604131,0,2994,2936,58,0.00000,1.49568
534F4C31,6018,41606308,0,2998,2933,65,0.00000,1.67619
534F4C31,6018,41608514,0,2996,2936,60,0.00000,1.54725
534F4C31,6018,41610675,0,2994,2935,59,0.00000,1.52147
534F4C31,6018,41612746,0,2997,2933,64,0.00000,1.65040
534F4C31,6018,41614815,0,2994,2934,60,0.00000,1.54725
534F4C31,6018,41616813,0,2996,2935,61,0.00000,1.57304
534F4C31,6018,41618893,0,2997,2935,62,0.00000,1.59883
534F4C31,6018,41620886,0,2995,2935,60,0.00000,1.54725
534F4C31,6018,41622966,0,2996,2936,60,0.00000,1.54725
534F4C31,6018,41625045,0,2992,2934,58,0.00000,1.49568
534F4C31,6018,41627046,0,2994,2934,60,0.00000,1.54725
534F4C31,6018,41629171,0,2995,2933,62,0.00000,1.59883
534F4C31,6018,41631247,0,2999,2935,64,0.00000,1.65040
534F4C31,6018,41633430,0,2995,2936,59,0.00000,1.52147
534F4C31,6018,41635621,0,2997,2930,67,0.00000,1.72777
534F4C31,6018,41637703,0,2990,2937,53,0.00000,1.36674
534F4C31,6018,41639798,0,2998,2933,65,0.00000,1.67619
534F4C31,6018,41641879,0,2996,2935,61,0.00000,1.57304
534F4C31,6018,41644000,0,2993,2931,62,0.00000,1.59883
534F4C31,6018,41646168,0,2998,2936,62,0.00000,1.59883
534F4C31,6018,41648377,0,2994,2931,63,0.00000,1.62462
534F4C31,6018,41650585,0,2997,2937,60,0.00000,1.54725
534F4C31,6018,41652731,0,2994,2936,58,0.00000,1.49568
534F4C31,6018,41654807,0,2991,2933,58,0.00000,1.49568
534F4C31,6018,41656848,0,2994,2933,61,0.00000,1.57304
534F4C31,6018,41658869,0,2995,2934,61,0.00000,1.57304
534F4C31,6018,41661052,0,3000,2931,69,0.00000,1.77934
534F4C31,6018,41663259,0,2992,2932,60,0.00000,1.54725
534F4C31,6018,41665346,0,2996,2934,62,0.00000,1.59883
534F4C31,6018,41667495,0,2997,2935,62,0.00000,1.59883
534F4C31,6018,41669975,0,2996,2934,62,0.00000,1.59883
534F4C31,6018,41672316,0,2996,2932,64,0.00000,1.65040
534F4C31,6018,41674419,0,2997,2932,65,0.00000,1.67619
534F4C31,6018,41676537,0,2996,2931,65,0.00000,1.67619
534F4C31,6018,41678612,0,2994,2929,65,0.00000,1.67619
534F4C31,6018,41680700,0,2997,2932,65,0.00000,1.67619
534F4C31,6019,41683038,0,2997,2929,68,0.00000,1.75355
534F4C31,6020,41686341,0,2992,2929,63,0.00000,1.62462
534F4C31,6020,41689454,0,2995,2931,64,0.00000,1.65040
534F4C31,6020,41693911,0,2994,2930,64,0.00000,1.65040
534F4C31,6020,41697734,0,2996,2932,64,0.00000,1.65040
534F4C31,6020,41700404,0,2994,2931,63,0.00000,1.62462
534F4C31,6020,41703230,0,2999,2928,71,0.00000,1.83092
534F4C31,6021,41705710,0,2997,2929,68,0.00000,1.75355
534F4C31,6021,41710017,0,2997,2929,68,0.00000,1.75355
534F4C31,6021,41712290,0,2997,2930,67,0.00000,1.72777
534F4C31,6022,41715399,0,2997,2930,67,0.00000,1.72777
534F4C31,6023,41719967,0,2992,2932,60,0.00000,1.54725
534F4C31,6024,41723940,0,2995,2928,67,0.00000,1.72777
534F4C31,6024,41730009,0,2995,2931,64,0.00000,1.65040
534F4C31,6024,41732296,0,2996,2930,66,0.00000,1.70198
534F4C31,6024,41734323,0,2994,2929,65,0.00000,1.67619
534F4C31,6024,41737751,0,2995,2928,67,0.00000,1.72777
534F4C31,6024,41740018,0,2995,2932,63,0.00000,1.62462
534F4C31,6024,41742132,0,2994,2931,63,0.00000,1.62462
534F4C31,6024,41744294,0,2996,2930,66,0.00000,1.70198
534F4C31,6024,41746512,0,2996,2934,62,0.00000,1.59883
534F4C31,6024,41748821,0,2995,2931,64,0.00000,1.65040
534F4C31,6024,41750870,0,2997,2930,67,0.00000,1.72777
534F4C31,6024,41752961,0,2995,2930,65,0.00000,1.67619
534F4C31,6025,41755178,0,2990,2930,60,0.00000,1.54725
534F4C31,6026,41759723,0,2991,2928,63,0.00000,1.62462
534F4C31,6027,41763529,0,2995,2932,63,0.00000,1.62462
534F4C31,6027,41769428,0,2993,2931,62,0.00000,1.59883
534F4C31,6027,41772691,0,2999,2929,70,0.00000,1.80513
534F4C31,6027,41775847,0,2997,2934,63,0.00000,1.62462
534F4C31,6027,41778395,0,2994,2931,63,0.00000,1.62462
534F4C31,6027,41780471,0,2994,2929,65,0.00000,1.67619
534F4C31,6027,41782620,0,2998,2927,71,0.00000,1.83092
534F4C31,6028,41784938,0,2999,2930,69,0.00000,1.77934
534F4C31,6029,41789393,0,2994,2930,64,0.00000,1.65040
534F4C31,6030,41794843,0,2994,2931,63,0.00000,1.62462
534F4C31,6030,41800833,0,2993,2931,62,0.00000,1.59883
534F4C31,6030,41803799,0,2996,2930,66,0.00000,1.70198
534F4C31,6031,41806609,0,2994,2933,61,0.00000,1.57304
534F4C31,6032,41812086,0,2998,2932,66,0.00000,1.70198
534F4C31,6032,41817621,0,2990,2930,60,0.00000,1.54725
534F4C31,6032,41819924,0,2995,2932,63,0.00000,1.62462
534F4C31,6032,41822899,0,2996,2929,67,0.00000,1.72777
534F4C31,6032,41825877,0,2996,2931,65,0.00000,1.67619
534F4C31,6032,41828063,0,2997,2932,65,0.00000,1.67619
534F4C31,6032,41830140,0,2992,2931,61,0.00000,1.57304
534F4C31,6032,41832292,0,2992,2929,63,0.00000,1.62462
534F4C31,6032,41834525,0,2996,2930,66,0.00000,1.70198
534F4C31,6032,41836752,0,2993,2932,61,0.00000,1.57304
534F4C31,6032,41838942,0,2996,2932,64,0.00000,1.65040
534F4C31,6033,41840931,0,2995,2930,65,0.00000,1.67619
534F4C31,6034,41843830,0,2997,2931,66,0.00000,1.70198
534F4C31,6035,41848716,0,2998,2930,68,0.00000,1.75355
534F4C31,6035,41854023,0,2995,2930,65,0.00000,1.67619
534F4C31,6035,41857764,0,2992,2930,62,0.00000,1.59883
534F4C31,6036,41860220,0,2999,2932,67,0.00000,1.72777
534F4C31,6037,41865501,0,2996,2931,65,0.00000,1.67619
534F4C31,6038,41871158,0,2994,2928,66,0.00000,1.70198
534F4C31,6038,41876871,0,2991,2929,62,0.00000,1.59883
534F4C31,6039,41880255,0,2998,2931,67,0.00000,1.72777
534F4C31,6039,41884986,0,2994,2931,63,0.00000,1.62462
534F4C31,6039,41887818,0,2996,2933,63,0.00000,1.62462
534F4C31,6040,41890679,0,2992,2931,61,0.00000,1.57304
534F4C31,6040,41894105,0,2993,2934,59,0.00000,1.52147
534F4C31,6040,41898519,0,2994,2932,62,0.00000,1.59883
534F4C31,6040,41902277,0,2993,2930,63,0.00000,1.62462
534F4C31,6040,41904538,0,2995,2932,63,0.00000,1.62462
534F4C31,6040,41907636,0,2992,2931,61,0.00000,1.57304
534F4C31,6040,41909835,0,2993,2935,58,0.00000,1.49568
534F4C31,6040,41911936,0,2997,2933,64,0.00000,1.65040
534F4C31,6040,41914139,0,2994,2930,64,0.00000,1.65040
534F4C31,6040,41916309,0,2996,2929,67,0.00000,1.72777
534F4C31,6040,41918369,0,2991,2929,62,0.00000,1.59883
534F4C31,6040,41920537,0,2993,2931,62,0.00000,1.59883
534F4C31,6041,41922898,0,2995,2930,65,0.00000,1.67619
534F4C31,6042,41927335,0,2995,2930,65,0.00000,1.67619
534F4C31,6043,41931794,0,2996,2930,66,0.00000,1.70198
534F4C31,6043,41937220,0,2997,2928,69,0.00000,1.77934
534F4C31,6043,41939446,0,2993,2928,65,0.00000,1.67619
534F4C31,6044,41941602,0,2996,2933,63,0.00000,1.62462
534F4C31,6044,41946146,0,2995,2930,65,0.00000,1.67619
534F4C31,6044,41949325,0,2995,2930,65,0.00000,1.67619
534F4C31,6045,41951558,0,2994,2930,64,0.00000,1.65040
534F4C31,6045,41954396,0,2994,2930,64,0.00000,1.65040
534F4C31,6045,41959471,0,2999,2930,69,0.00000,1.77934
534F4C31,6045,41961721,0,2999,2929,70,0.00000,1.80513
534F4C31,6045,41963935,0,2996,2930,66,0.00000,1.70198
534F4C31,6045,41967338,0,2990,2932,58,0.00000,1.49568
534F4C31,6045,41969529,0,2998,2933,65,0.00000,1.67619
534F4C31,6045,41971769,0,2997,2930,67,0.00000,1.72777
534F4C31,6046,41973942,0,2994,2931,63,0.00000,1.62462
534F4C31,6047,41978294,0,2993,2932,61,0.00000,1.57304
534F4C31,6048,41983175,0,2994,2931,63,0.00000,1.62462
534F4C31,6049,41989450,0,3001,2930,71,0.00000,1.83092
534F4C31,6049,41994094,0,2995,2933,62,0.00000,1.59883
534F4C31,6049,41997455,0,2997,2933,64,0.00000,1.65040
534F4C31,6049,42000277,0,2995,2933,62,0.00000,1.59883
534F4C31,6049,42002533,0,2995,2929,66,0.00000,1.70198
534F4C31,6050,42005370,0,2995,2933,62,0.00000,1.59883
534F4C31,6050,42010539,0,2992,2930,62,0.00000,1.59883
534F4C31,6050,42014266,0,2995,2932,63,0.00000,1.62462
534F4C31,6050,42016535,0,2998,2932,66,0.00000,1.70198
534F4C31,6050,42018758,0,2997,2932,65,0.00000,1.67619
534F4C31,6051,42021521,0,2998,2931,67,0.00000,1.72777
534F4C31,6051,42025526,0,2995,2929,66,0.00000,1.70198
534F4C31,6051,42028920,0,2997,2933,64,0.00000,1.65040
534F4C31,6052,42031140,0,2999,2930,69,0.00000,1.77934
534F4C31,6053,42035883,0,2993,2932,61,0.00000,1.57304
534F4C31,6054,42039885,0,2996,2936,60,0.00000,1.54725
534F4C31,6055,42045512,0,2996,2927,69,0.00000,1.77934
534F4C31,6055,42051246,0,2998,2933,65,0.00000,1.67619
534F4C31,6055,42053432,0,2997,2931,66,0.00000,1.70198
534F4C31,6055,42058121,0,2994,2930,64,0.00000,1.65040
534F4C31,6055,42060385,0,2994,2928,66,0.00000,1.70198
534F4C31,6055,42062520,0,3000,2931,69,0.00000,1.77934
534F4C31,6055,42065347,0,2997,2933,64,0.00000,1.65040
534F4C31,6056,42067892,0,3000,2928,72,0.00000,1.85670
534F4C31,6057,42072477,0,2995,2931,64,0.00000,1.65040
534F4C31,6058,42075931,0,3000,2928,72,0.00000,1.85670
534F4C31,6058,42083728,0,2998,2934,64,0.00000,1.65040
534F4C31,6058,42086933,0,2994,2932,62,0.00000,1.59883
534F4C31,6058,42089241,0,2993,2931,62,0.00000,1.59883
534F4C31,6058,42091250,0,2994,2930,64,0.00000,1.65040
534F4C31,6058,42093442,0,2996,2933,63,0.00000,1.62462
534F4C31,6058,42095659,0,2996,2930,66,0.00000,1.70198
534F4C31,6058,42097754,0,2997,2934,63,0.00000,1.62462
534F4C31,6058,42099873,0,2995,2933,62,0.00000,1.59883
534F4C31,6059,42102125,0,2996,2930,66,0.00000,1.70198
534F4C31,6060,42106664,0,3000,2934,66,0.00000,1.70198
534F4C31,6061,42110198,0,3000,2932,68,0.00000,1.75355
534F4C31,6062,42115873,0,2993,2932,61,0.00000,1.57304
534F4C31,6062,42121093,0,2997,2931,66,0.00000,1.70198
534F4C31,6062,42125289,0,2999,2932,67,0.00000,1.72777
534F4C31,6063,42127591,0,2995,2935,60,0.00000,1.54725
534F4C31,6063,42133700,0,2994,2930,64,0.00000,1.65040
534F4C31,6063,42135866,0,3002,2934,68,0.00000,1.75355
534F4C31,6063,42138831,0,2998,2933,65,0.00000,1.67619
534F4C31,6063,42141239,0,2995,2932,63,0.00000,1.62462
534F4C31,6063,42143304,0,2999,2932,67,0.00000,1.72777
534F4C31,6063,42145464,0,2993,2932,61,0.00000,1.57304
534F4C31,6064,42147647,0,2996,2931,65,0.00000,1.67619
534F4C31,6064,42152120,0,2996,2934,62,0.00000,1.59883
534F4C31,6064,42154316,0,2996,2929,67,0.00000,1.72777
534F4C31,6065,42157101,0,2996,2930,66,0.00000,1.70198
534F4C31,6065,42161715,0,2993,2929,64,0.00000,1.65040
534F4C31,6065,42164226,0,2995,2933,62,0.00000,1.59883
534F4C31,6065,42167254,0,2999,2931,68,0.00000,1.75355
534F4C31,6065,42170125,0,2993,2932,61,0.00000,1.57304
534F4C31,6065,42172458,0,2995,2933,62,0.00000,1.59883
534F4C31,6065,42174592,0,2999,2929,70,0.00000,1.80513
534F4C31,6065,42176706,0,2994,2931,63,0.00000,1.62462
534F4C31,6066,42178774,0,2997,2934,63,0.00000,1.62462
534F4C31,6067,42183901,0,2995,2930,65,0.00000,1.67619
534F4C31,6068,42189382,0,2993,2926,67,0.00000,1.72777
534F4C31,6069,42194340,0,2996,2925,71,0.00000,1.83092
534F4C31,6069,42200426,0,2992,2928,64,0.00000,1.65040
534F4C31,6069,42203127,0,2995,2927,68,0.00000,1.75355
534F4C31,6070,42206241,0,2997,2924,73,0.00000,1.88249
534F4C31,6071,42210928,0,2995,2926,69,0.00000,1.77934
534F4C31,6071,42213930,0,2997,2929,68,0.00000,1.75355
534F4C31,6071,42218046,0,2990,2928,62,0.00000,1.59883
534F4C31,6072,42221250,0,2992,2925,67,0.00000,1.72777
534F4C31,6072,42225754,0,2998,2927,71,0.00000,1.83092
534F4C31,6072,42229435,0,2994,2926,68,0.00000,1.75355
534F4C31,6072,42232198,0,2995,2927,68,0.00000,1.75355
534F4C31,6072,42235028,0,2997,2927,70,0.00000,1.80513
534F4C31,6072,42237482,0,2995,2925,70,0.00000,1.80513
534F4C31,6072,42239733,0,2995,2924,71,0.00000,1.83092
534F4C31,6072,42241781,0,2997,2926,71,0.00000,1.83092
534F4C31,6072,42243919,0,2995,2925,70,0.00000,1.80513
534F4C31,6072,42246068,0,2998,2925,73,0.00000,1.88249
534F4C31,6072,42248218,0,2993,2927,66,0.00000,1.70198
534F4C31,6072,42250300,0,2998,2926,72,0.00000,1.85670
534F4C31,6073,42252372,0,2995,2928,67,0.00000,1.72777
534F4C31,6074,42256121,0,2996,2926,70,0.00000,1.80513
534F4C31,6075,42261168,0,2997,2925,72,0.00000,1.85670
534F4C31,6076,42264896,0,2995,2925,70,0.00000,1.80513
534F4C31,6077,42271856,0,2995,2927,68,0.00000,1.75355
534F4C31,6077,42275455,0,2999,2926,73,0.00000,1.88249
534F4C31,6078,42279157,0,2995,2929,66,0.00000,1.70198
534F4C31,6079,42282829,0,2997,2925,72,0.00000,1.85670
534F4C31,6080,42287907,0,2997,2925,72,0.00000,1.85670
534F4C31,6081,42292656,0,2996,2926,70,0.00000,1.80513
534F4C31,6082,42298213,0,2995,2928,67,0.00000,1.72777
534F4C31,6082,42302748,0,2996,2926,70,0.00000,1.80513
534F4C31,6082,42307164,0,2996,2924,72,0.00000,1.85670
534F4C31,6082,42309422,0,2995,2931,64,0.00000,1.65040
534F4C31,6082,42311487,0,2995,2926,69,0.00000,1.77934
534F4C31,6082,42314338,0,2998,2927,71,0.00000,1.83092
534F4C31,6082,42316571,0,2995,2928,67,0.00000,1.72777
534F4C31,6082,42318652,0,2992,2925,67,0.00000,1.72777
534F4C31,6082,42320829,0,2994,2924,70,0.00000,1.80513
534F4C31,6082,42323037,0,2998,2927,71,0.00000,1.83092
534F4C31,6082,42325279,0,2996,2924,72,0.00000,1.85670
534F4C31,6082,42327462,0,3000,2926,74,0.00000,1.90828
534F4C31,6082,42329514,0,2994,2925,69,0.00000,1.77934
534F4C31,6082,42331640,0,2999,2928,71,0.00000,1.83092
534F4C31,6082,42333866,0,2994,2927,67,0.00000,1.72777
534F4C31,6082,42335906,0,2994,2929,65,0.00000,1.67619
534F4C31,6082,42337769,0,2995,2926,69,0.00000,1.77934
534F4C31,6082,42339804,0,2996,2928,68,0.00000,1.75355
534F4C31,6082,42341964,0,2996,2927,69,0.00000,1.77934
534F4C31,6082,42344219,0,2996,2929,67,0.00000,1.72777
534F4C31,6082,42346361,0,2994,2928,66,0.00000,1.70198
534F4C31,6082,42348455,0,3000,2928,72,0.00000,1.85670
534F4C31,6083,42350575,0,2998,2927,71,0.00000,1.83092
534F4C31,6084,42355449,0,2997,2930,67,0.00000,1.72777
534F4C31,6085,42359172,0,2997,2925,72,0.00000,1.85670
534F4C31,6086,42365384,0,2998,2927,71,0.00000,1.83092
534F4C31,6086,42368794,0,2996,2928,68,0.00000,1.75355
534F4C31,6087,42372306,0,2997,2928,69,0.00000,1.77934
534F4C31,6087,42376433,0,2995,2928,67,0.00000,1.72777
534F4C31,6087,42380737,0,2998,2928,70,0.00000,1.80513
534F4C31,6088,42385343,0,2997,2928,69,0.00000,1.77934
534F4C31,6089,42387786,0,2996,2926,70,0.00000,1.80513
534F4C31,6089,42394008,0,2993,2925,68,0.00000,1.75355
534F4C31,6089,42397723,0,2995,2926,69,0.00000,1.77934
534F4C31,6090,42401744,0,2993,2925,68,0.00000,1.75355
534F4C31,6091,42404165,0,2995,2925,70,0.00000,1.80513
534F4C31,6092,42409150,0,2995,2927,68,0.00000,1.75355
534F4C31,6093,42414246,0,2994,2929,65,0.00000,1.67619
534F4C31,6093,42419395,0,2994,2926,68,0.00000,1.75355
534F4C31,6093,42422760,0,2996,2926,70,0.00000,1.80513
534F4C31,6093,42425502,0,2994,2927,67,0.00000,1.72777
534F4C31,6093,42428557,0,2996,2924,72,0.00000,1.85670
534F4C31,6093,42430912,0,2997,2930,67,0.00000,1.72777
534F4C31,6093,42433102,0,2998,2929,69,0.00000,1.77934
534F4C31,6093,42435167,0,2998,2927,71,0.00000,1.83092
534F4C31,6093,42437305,0,2993,2928,65,0.00000,1.67619
534F4C31,6093,42439541,0,2998,2925,73,0.00000,1.88249
534F4C31,6093,42441614,0,2997,2927,70,0.00000,1.80513
534F4C31,6093,42443705,0,2998,2926,72,0.00000,1.85670
534F4C31,6093,42445804,0,2991,2929,62,0.00000,1.59883
534F4C31,6093,42448089,0,2995,2926,69,0.00000,1.77934
534F4C31,6094,42450386,0,2998,2928,70,0.00000,1.80513
534F4C31,6095,42454275,0,2999,2926,73,0.00000,1.88249
534F4C31,6096,42457899,0,2996,2927,69,0.00000,1.77934
534F4C31,6097,42464547,0,2998,2929,69,0.00000,1.77934
534F4C31,6097,42466752,0,2996,2925,71,0.00000,1.83092
534F4C31,6097,42471344,0,2999,2927,72,0.00000,1.85670
534F4C31,6098,42475792,0,2995,2927,68,0.00000,1.75355
534F4C31,6099,42479537,0,2993,2930,63,0.00000,1.62462
534F4C31,6099,42483207,0,2998,2930,68,0.00000,1.75355
534F4C31,6099,42488009,0,2997,2927,70,0.00000,1.80513
534F4C31,6099,42490180,0,2996,2928,68,0.00000,1.75355
534F4C31,6100,42493421,0,2996,2925,71,0.00000,1.83092
534F4C31,6100,42496965,0,2996,2927,69,0.00000,1.77934
534F4C31,6100,42500042,0,2994,2927,67,0.00000,1.72777
534F4C31,6100,42502404,0,2996,2928,68,0.00000,1.75355
534F4C31,6100,42505852,0,2995,2928,67,0.00000,1.72777
534F4C31,6100,42508069,0,2997,2927,70,0.00000,1.80513
534F4C31,6100,42510203,0,2996,2929,67,0.00000,1.72777
534F4C31,6100,42512479,0,2996,2926,70,0.00000,1.80513
534F4C31,6100,42514734,0,2996,2927,69,0.00000,1.77934
534F4C31,6100,42516867,0,2997,2927,70,0.00000,1.80513
534F4C31,6100,42518937,0,2996,2928,68,0.00000,1.75355
534F4C31,6100,42521086,0,2996,2930,66,0.00000,1.70198
534F4C31,6100,42523287,0,2999,2927,72,0.00000,1.85670
534F4C31,6100,42525444,0,2995,2927,68,0.00000,1.75355
534F4C31,6100,42527593,0,2996,2928,68,0.00000,1.75355
534F4C31,6101,42529603,0,2993,2927,66,0.00000,1.70198
534F4C31,6102,42533375,0,3000,2929,71,0.00000,1.83092
534F4C31,6103,42538543,0,2999,2927,72,0.00000,1.85670
534F4C31,6104,42543810,0,2998,2928,70,0.00000,1.80513
534F4C31,6105,42549535,0,3002,2929,73,0.00000,1.88249
534F4C31,6106,42553983,0,2997,2928,69,0.00000,1.77934
534F4C31,6106,42558901,0,2993,2924,69,0.00000,1.77934
534F4C31,6106,42562172,0,2997,2927,70,0.00000,1.80513
534F4C31,6106,42564399,0,2998,2927,71,0.00000,1.83092
534F4C31,6106,42567501,0,2999,2928,71,0.00000,1.83092
534F4C31,6106,42569732,0,2998,2929,69,0.00000,1.77934
534F4C31,6106,42571879,0,2999,2928,71,0.00000,1.83092
534F4C31,6106,42574100,0,2998,2924,74,0.00000,1.90828
534F4C31,6106,42576250,0,2999,2926,73,0.00000,1.88249
534F4C31,6106,42578416,0,2996,2925,71,0.00000,1.83092
534F4C31,6106,42580515,0,2996,2927,69,0.00000,1.77934
534F4C31,6106,42582601,0,2996,2928,68,0.00000,1.75355
534F4C31,6106,42584804,0,2995,2929,66,0.00000,1.70198
534F4C31,6107,42587085,0,2996,2929,67,0.00000,1.72777
534F4C31,6108,42591458,0,2996,2926,70,0.00000,1.80513
534F4C31,6109,42594920,0,2997,2929,68,0.00000,1.75355
534F4C31,6110,42600468,0,2996,2927,69,0.00000,1.77934
534F4C31,6110,42605424,0,2996,2929,67,0.00000,1.72777
534F4C31,6110,42607654,0,2995,2928,67,0.00000,1.72777
534F4C31,6110,42611607,0,2999,2927,72,0.00000,1.85670
534F4C31,6110,42613942,0,2996,2928,68,0.00000,1.75355
534F4C31,6110,42616175,0,3001,2926,75,0.00000,1.93407
534F4C31,6110,42618989,0,3001,2927,74,0.00000,1.90828
534F4C31,6110,42621386,0,2997,2927,70,0.00000,1.80513
534F4C31,6110,42623522,0,3000,2931,69,0.00000,1.77934
534F4C31,6110,42625646,0,2999,2927,72,0.00000,1.85670
534F4C31,6110,42627721,0,2995,2927,68,0.00000,1.75355
534F4C31,6110,42629809,0,2995,2925,70,0.00000,1.80513
534F4C31,6111,42632034,0,2998,2928,70,0.00000,1.80513
534F4C31,6112,42636286,0,2997,2925,72,0.00000,1.85670
534F4C31,6113,42639942,0,2994,2928,66,0.00000,1.70198
534F4C31,6114,42644453,0,2996,2929,67,0.00000,1.72777
534F4C31,6115,42650331,0,2999,2927,72,0.00000,1.85670
534F4C31,6115,42653964,0,2998,2929,69,0.00000,1.77934
534F4C31,6115,42656863,0,2996,2930,66,0.00000,1.70198
534F4C31,6116,42660725,0,2997,2929,68,0.00000,1.75355
534F4C31,6117,42665354,0,2996,2928,68,0.00000,1.75355
534F4C31,6117,42669282,0,2993,2929,64,0.00000,1.65040
534F4C31,6117,42673072,0,2995,2929,66,0.00000,1.70198
534F4C31,6117,42675994,0,2996,2926,70,0.00000,1.80513
534F4C31,6117,42678335,0,3001,2928,73,0.00000,1.88249
534F4C31,6117,42680557,0,2997,2926,71,0.00000,1.83092
534F4C31,6117,42682733,0,3000,2921,79,0.00000,2.03722
534F4C31,6117,42684730,0,2997,2924,73,0.00000,1.88249
534F4C31,6117,42686866,0,2997,2925,72,0.00000,1.85670
534F4C31,6117,42688968,0,2995,2925,70,0.00000,1.80513
534F4C31,6117,42691156,0,2998,2925,73,0.00000,1.88249
534F4C31,6117,42693701,0,2999,2924,75,0.00000,1.93407
534F4C31,6117,42695954,0,2997,2924,73,0.00000,1.88249
534F4C31,6117,42698197,0,2995,2924,71,0.00000,1.83092
534F4C31,6118,42700385,0,2998,2921,77,0.00000,1.98564
534F4C31,6119,42705700,0,2994,2923,71,0.00000,1.83092
534F4C31,6120,42711735,0,2999,2923,76,0.00000,1.95985
534F4C31,6120,42715362,0,2995,2926,69,0.00000,1.77934
534F4C31,6121,42720044,0,2998,2924,74,0.00000,1.90828
534F4C31,6122,42725506,0,2998,2925,73,0.00000,1.88249
534F4C31,6122,42729029,0,2998,2924,74,0.00000,1.90828
534F4C31,6122,42731517,0,2996,2923,73,0.00000,1.88249
534F4C31,6123,42735563,0,2997,2925,72,0.00000,1.85670
534F4C31,6124,42739309,0,2997,2923,74,0.00000,1.90828
534F4C31,6124,42746936,0,2994,2923,71,0.00000,1.83092
534F4C31,6124,42749281,0,3003,2922,81,0.00000,2.08879
534F4C31,6124,42751532,0,2997,2923,74,0.00000,1.90828
534F4C31,6124,42754877,0,2994,2922,72,0.00000,1.85670
534F4C31,6124,42757069,0,3000,2926,74,0.00000,1.90828
534F4C31,6124,42759299,0,2998,2925,73,0.00000,1.88249
534F4C31,6124,42761534,0,2996,2923,73,0.00000,1.88249
534F4C31,6124,42763763,0,2995,2924,71,0.00000,1.83092
534F4C31,6125,42765827,0,2999,2925,74,0.00000,1.90828
534F4C31,6126,42769963,0,2998,2921,77,0.00000,1.98564
534F4C31,6127,42773355,0,2999,2923,76,0.00000,1.95985
534F4C31,6128,42779336,0,2994,2923,71,0.00000,1.83092
534F4C31,6129,42785200,0,2998,2922,76,0.00000,1.95985
534F4C31,6129,42789784,0,2997,2923,74,0.00000,1.90828
534F4C31,6130,42794993,0,2996,2923,73,0.00000,1.88249
534F4C31,6131,42799194,0,2999,2926,73,0.00000,1.88249
534F4C31,6132,42803660,0,2995,2923,72,0.00000,1.85670
534F4C31,6133,42810516,0,2996,2924,72,0.00000,1.85670
534F4C31,6133,42815411,0,2997,2923,74,0.00000,1.90828
534F4C31,6134,42817685,0,2993,2924,69,0.00000,1.77934
534F4C31,6134,42822615,0,2995,2921,74,0.00000,1.90828
534F4C31,6135,42828105,0,2996,2925,71,0.00000,1.83092
534F4C31,6135,42832317,0,2996,2925,71,0.00000,1.83092
534F4C31,6135,42835675,0,2994,2921,73,0.00000,1.88249
534F4C31,6135,42837911,0,3001,2924,77,0.00000,1.98564
534F4C31,6135,42840061,0,2992,2920,72,0.00000,1.85670
534F4C31,6135,42842309,0,2997,2924,73,0.00000,1.88249
534F4C31,6136,42845700,0,2994,2924,70,0.00000,1.80513
534F4C31,6137,42850473,0,2995,2925,70,0.00000,1.80513
534F4C31,6137,42855727,0,2994,2920,74,0.00000,1.90828
534F4C31,6137,42859130,0,2996,2921,75,0.00000,1.93407
534F4C31,6137,42861189,0,2998,2921,77,0.00000,1.98564
534F4C31,6137,42864041,0,2997,2922,75,0.00000,1.93407
534F4C31,6138,42866325,0,2993,2923,70,0.00000,1.80513
534F4C31,6139,42871124,0,2995,2924,71,0.00000,1.83092
534F4C31,6139,42875338,0,2994,2923,71,0.00000,1.83092
534F4C31,6139,42879711,0,2996,2923,73,0.00000,1.88249
534F4C31,6139,42881796,0,2998,2923,75,0.00000,1.93407
534F4C31,6139,42884654,0,2997,2923,74,0.00000,1.90828
534F4C31,6139,42886912,0,2994,2923,71,0.00000,1.83092
534F4C31,6139,42888912,0,2996,2922,74,0.00000,1.90828
534F4C31,6139,42890974,0,2998,2923,75,0.00000,1.93407
534F4C31,6139,42893152,0,2994,2924,70,0.00000,1.80513
534F4C31,6139,42895348,0,2997,2922,75,0.00000,1.93407
534F4C31,6139,42897808,0,2995,2923,72,0.00000,1.85670
534F4C31,6139,42900271,0,2996,2922,74,0.00000,1.90828
534F4C31,6139,42902389,0,2996,2921,75,0.00000,1.93407
534F4C31,6139,42904478,0,2993,2923,70,0.00000,1.80513
534F4C31,6139,42906557,0,2996,2924,72,0.00000,1.85670
534F4C31,6139,42908838,0,2995,2925,70,0.00000,1.80513
534F4C31,6139,42911090,0,2996,2926,70,0.00000,1.80513
534F4C31,6139,42913229,0,2995,2922,73,0.00000,1.88249
534F4C31,6139,42915237,0,3002,2921,81,0.00000,2.08879
534F4C31,6139,42917448,0,2997,2925,72,0.00000,1.85670
534F4C31,6139,42919698,0,2996,2923,73,0.00000,1.88249
534F4C31,6140,42921807,0,2997,2924,73,0.00000,1.88249
534F4C31,6141,42926445,0,2999,2925,74,0.00000,1.90828
534F4C31,6142,42930177,0,2999,2921,78,0.00000,2.01143
534F4C31,6143,42936486,0,3000,2924,76,0.00000,1.95985
534F4C31,6143,42940423,0,2997,2925,72,0.00000,1.85670
534F4C31,6143,42944247,0,3000,2923,77,0.00000,1.98564
534F4C31,6143,42946953,0,2996,2924,72,0.00000,1.85670
534F4C31,6143,42949108,0,2995,2924,71,0.00000,1.83092
534F4C31,6144,42952207,0,3000,2922,78,0.00000,2.01143
534F4C31,6145,42956812,0,2997,2922,75,0.00000,1.93407
534F4C31,6145,42960725,0,2995,2923,72,0.00000,1.85670
534F4C31,6145,42966401,0,2994,2921,73,0.00000,1.88249
534F4C31,6145,42969956,0,3001,2924,77,0.00000,1.98564
534F4C31,6145,42972280,0,2994,2922,72,0.00000,1.85670
534F4C31,6145,42974343,0,2995,2922,73,0.00000,1.88249
534F4C31,6145,42976531,0,2995,2923,72,0.00000,1.85670
534F4C31,6145,42978789,0,2996,2925,71,0.00000,1.83092
534F4C31,6145,42980935,0,2990,2922,68,0.00000,1.75355
534F4C31,6146,42982996,0,2995,2924,71,0.00000,1.83092
534F4C31,6147,42986923,0,2997,2925,72,0.00000,1.85670
534F4C31,6148,42991168,0,2999,2924,75,0.00000,1.93407
534F4C31,6149,42997394,0,2997,2925,72,0.00000,1.85670
534F4C31,6149,43001849,0,2998,2922,76,0.00000,1.95985
534F4C31,6149,43004957,0,2997,2923,74,0.00000,1.90828
534F4C31,6149,43008913,0,2997,2924,73,0.00000,1.88249
534F4C31,6149,43011003,0,2991,2922,69,0.00000,1.77934
534F4C31,6150,43013859,0,2998,2923,75,0.00000,1.93407
534F4C31,6151,43018230,0,2994,2924,70,0.00000,1.80513
534F4C31,6152,43023003,0,2998,2923,75,0.00000,1.93407
534F4C31,6152,43027758,0,2996,2923,73,0.00000,1.88249
534F4C31,6152,43030462,0,2994,2926,68,0.00000,1.75355
534F4C31,6153,43034198,0,2999,2923,76,0.00000,1.95985
534F4C31,6154,43039775,0,2997,2923,74,0.00000,1.90828
534F4C31,6154,43042221,0,2995,2924,71,0.00000,1.83092
534F4C31,6155,43047803,0,2997,2925,72,0.00000,1.85670
534F4C31,6155,43050835,0,2997,2923,74,0.00000,1.90828
534F4C31,6155,43055379,0,2995,2922,73,0.00000,1.88249
534F4C31,6155,43058173,0,2997,2922,75,0.00000,1.93407
534F4C31,6155,43061013,0,2996,2924,72,0.00000,1.85670
534F4C31,6155,43063198,0,2995,2925,70,0.00000,1.80513
534F4C31,6155,43066481,0,2996,2926,70,0.00000,1.80513
534F4C31,6155,43068595,0,2994,2923,71,0.00000,1.83092
534F4C31,6155,43070687,0,2999,2923,76,0.00000,1.95985
534F4C31,6155,43072789,0,2994,2923,71,0.00000,1.83092
534F4C31,6156,43075159,0,2999,2924,75,0.00000,1.93407
534F4C31,6156,43079893,0,2999,2922,77,0.00000,1.98564
534F4C31,6156,43082989,0,3000,2925,75,0.00000,1.93407
534F4C31,6156,43085653,0,2998,2925,73,0.00000,1.88249
534F4C31,6156,43088830,0,2997,2923,74,0.00000,1.90828
534F4C31,6156,43091137,0,3000,2924,76,0.00000,1.95985
534F4C31,6156,43093349,0,2997,2925,72,0.00000,1.85670
534F4C31,6156,43095445,0,2996,2923,73,0.00000,1.88249
534F4C31,6157,43097792,0,2999,2923,76,0.00000,1.95985
534F4C31,6158,43102810,0,2997,2923,74,0.00000,1.90828
534F4C31,6159,43110406,0,2997,2921,76,0.00000,1.95985
534F4C31,6159,43115289,0,2998,2923,75,0.00000,1.93407
534F4C31,6159,43117830,0,2999,2925,74,0.00000,1.90828
534F4C31,6159,43119973,0,2998,2925,73,0.00000,1.88249
534F4C31,6160,43122707,0,2998,2925,73,0.00000,1.88249
534F4C31,6161,43125690,0,2996,2923,73,0.00000,1.88249
534F4C31,6162,43130345,0,2997,2921,76,0.00000,1.95985
534F4C31,6163,43134226,0,2997,2925,72,0.00000,1.85670
534F4C31,6164,43138911,0,2996,2925,71,0.00000,1.83092
534F4C31,6164,43142091,0,2999,2924,75,0.00000,1.93407
534F4C31,6164,43146571,0,2997,2920,77,0.00000,1.98564
534F4C31,6164,43148748,0,2997,2925,72,0.00000,1.85670
534F4C31,6164,43152996,0,2999,2927,72,0.00000,1.85670
534F4C31,6164,43155619,0,2998,2925,73,0.00000,1.88249
534F4C31,6164,43157876,0,3001,2922,79,0.00000,2.03722
534F4C31,6164,43160866,0,2995,2926,69,0.00000,1.77934
534F4C31,6164,43163180,0,2993,2921,72,0.00000,1.85670
534F4C31,6164,43165453,0,3000,2925,75,0.00000,1.93407
534F4C31,6164,43167575,0,2999,2925,74,0.00000,1.90828
534F4C31,6164,43169752,0,2995,2926,69,0.00000,1.77934
534F4C31,6164,43171829,0,2997,2925,72,0.00000,1.85670
534F4C31,6164,43173880,0,2997,2924,73,0.00000,1.88249
534F4C31,6165,43175976,0,2995,2920,75,0.00000,1.93407
534F4C31,6166,43180745,0,2996,2918,78,0.00000,2.01143
534F4C31,6167,43184446,0,2994,2921,73,0.00000,1.88249
534F4C31,6168,43190625,0,2995,2921,74,0.00000,1.90828
534F4C31,6168,43194804,0,2994,2920,74,0.00000,1.90828
534F4C31,6168,43198607,0,2998,2921,77,0.00000,1.98564
534F4C31,6168,43200642,0,2996,2920,76,0.00000,1.95985
534F4C31,6168,43204163,0,3000,2918,82,0.00000,2.11458
534F4C31,6168,43206471,0,2996,2922,74,0.00000,1.90828
534F4C31,6168,43208846,0,2997,2920,77,0.00000,1.98564
534F4C31,6168,43211120,0,2996,2918,78,0.00000,2.01143
534F4C31,6168,43213277,0,2995,2921,74,0.00000,1.90828
534F4C31,6169,43216454,0,2997,2921,76,0.00000,1.95985
534F4C31,6170,43220242,0,2997,2918,79,0.00000,2.03722
534F4C31,6171,43224709,0,2997,2918,79,0.00000,2.03722
534F4C31,6172,43230103,0,2998,2920,78,0.00000,2.01143
534F4C31,6173,43236068,0,2998,2918,80,0.00000,2.06300
534F4C31,6174,43240380,0,2999,2919,80,0.00000,2.06300
534F4C31,6174,43244235,0,2996,2920,76,0.00000,1.95985
534F4C31,6174,43248491,0,2997,2921,76,0.00000,1.95985
534F4C31,6174,43251690,0,2997,2919,78,0.00000,2.01143
534F4C31,6174,43253962,0,2998,2920,78,0.00000,2.01143
534F4C31,6174,43256284,0,2996,2921,75,0.00000,1.93407
534F4C31,6174,43258523,0,2998,2922,76,0.00000,1.95985
534F4C31,6174,43260623,0,2996,2918,78,0.00000,2.01143
534F4C31,6174,43262659,0,2995,2921,74,0.00000,1.90828
534F4C31,6174,43264785,0,2995,2919,76,0.00000,1.95985
534F4C31,6174,43266993,0,2999,2921,78,0.00000,2.01143
534F4C31,6174,43269228,0,2997,2918,79,0.00000,2.03722
534F4C31,6175,43271233,0,2998,2919,79,0.00000,2.03722
534F4C31,6176,43276007,0,2995,2919,76,0.00000,1.95985
534F4C31,6177,43280419,0,2995,2920,75,0.00000,1.93407
534F4C31,6177,43285722,0,2995,2919,76,0.00000,1.95985
534F4C31,6177,43287989,0,2995,2920,75,0.00000,1.93407
534F4C31,6177,43290807,0,3000,2918,82,0.00000,2.11458
534F4C31,6177,43293167,0,2999,2919,80,0.00000,2.06300
534F4C31,6177,43295367,0,2995,2920,75,0.00000,1.93407
534F4C31,6177,43297551,0,2996,2919,77,0.00000,1.98564
534F4C31,6178,43299568,0,2998,2918,80,0.00000,2.06300
534F4C31,6179,43303556,0,2998,2922,76,0.00000,1.95985
534F4C31,6180,43308733,0,2996,2917,79,0.00000,2.03722
534F4C31,6181,43314837,0,2993,2921,72,0.00000,1.85670
534F4C31,6181,43318590,0,2997,2923,74,0.00000,1.90828
534F4C31,6181,43323595,0,2997,2919,78,0.00000,2.01143
534F4C31,6181,43325865,0,2997,2922,75,0.00000,1.93407
534F4C31,6181,43328839,0,2997,2921,76,0.00000,1.95985
534F4C31,6181,43331386,0,2996,2919,77,0.00000,1.98564
534F4C31,6181,43333649,0,2999,2921,78,0.00000,2.01143
534F4C31,6182,43335646,0,2997,2919,78,0.00000,2.01143
534F4C31,6183,43341221,0,2999,2921,78,0.00000,2.01143
534F4C31,6184,43345127,0,3000,2921,79,0.00000,2.03722
534F4C31,6184,43350661,0,3002,2919,83,0.00000,2.14037
534F4C31,6184,43353101,0,2998,2917,81,0.00000,2.08879
534F4C31,6184,43355144,0,2997,2920,77,0.00000,1.98564
534F4C31,6184,43358335,0,2995,2922,73,0.00000,1.88249
534F4C31,6184,43360818,0,2996,2920,76,0.00000,1.95985
534F4C31,6184,43363014,0,2994,2918,76,0.00000,1.95985
534F4C31,6184,43365126,0,2997,2918,79,0.00000,2.03722
534F4C31,6184,43367163,0,2997,2921,76,0.00000,1.95985
534F4C31,6184,43369352,0,2999,2921,78,0.00000,2.01143
534F4C31,6185,43371581,0,2999,2922,77,0.00000,1.98564
534F4C31,6186,43376060,0,2998,2921,77,0.00000,1.98564
534F4C31,6187,43379908,0,2994,2917,77,0.00000,1.98564
534F4C31,6188,43386149,0,2997,2919,78,0.00000,2.01143
534F4C31,6188,43388326,0,2998,2919,79,0.00000,2.03722
534F4C31,6188,43393075,0,2999,2919,80,0.00000,2.06300
534F4C31,6188,43396661,0,3002,2922,80,0.00000,2.06300
534F4C31,6188,43399584,0,2994,2919,75,0.00000,1.93407
534F4C31,6188,43401843,0,2996,2920,76,0.00000,1.95985
534F4C31,6188,43404999,0,3000,2920,80,0.00000,2.06300
534F4C31,6188,43407197,0,2999,2920,79,0.00000,2.03722
534F4C31,6188,43409852,0,2995,2918,77,0.00000,1.98564
534F4C31,6188,43412219,0,2999,2917,82,0.00000,2.11458
534F4C31,6188,43414397,0,2996,2919,77,0.00000,1.98564
534F4C31,6189,43416699,0,2997,2920,77,0.00000,1.98564
534F4C31,6190,43420965,0,2996,2922,74,0.00000,1.90828
534F4C31,6191,43424887,0,2995,2919,76,0.00000,1.95985
534F4C31,6192,43431182,0,2998,2922,76,0.00000,1.95985
534F4C31,6192,43433346,0,2995,2920,75,0.00000,1.93407
534F4C31,6193,43439241,0,2996,2920,76,0.00000,1.95985
534F4C31,6194,43443915,0,2998,2924,74,0.00000,1.90828
534F4C31,6195,43448461,0,2995,2921,74,0.00000,1.90828
534F4C31,6195,43453999,0,2997,2922,75,0.00000,1.93407
534F4C31,6195,43457800,0,2999,2921,78,0.00000,2.01143
534F4C31,6195,43460818,0,2997,2921,76,0.00000,1.95985
534F4C31,6195,43463690,0,2998,2920,78,0.00000,2.01143
534F4C31,6196,43466814,0,2995,2917,78,0.00000,2.01143
534F4C31,6196,43472221,0,2994,2918,76,0.00000,1.95985
534F4C31,6196,43475234,0,2996,2919,77,0.00000,1.98564
534F4C31,6196,43477920,0,2996,2917,79,0.00000,2.03722
534F4C31,6196,43480975,0,2996,2919,77,0.00000,1.98564
534F4C31,6196,43483068,0,2993,2921,72,0.00000,1.85670
534F4C31,6196,43485323,0,2996,2920,76,0.00000,1.95985
534F4C31,6196,43487610,0,2996,2919,77,0.00000,1.98564
534F4C31,6196,43489703,0,2996,2919,77,0.00000,1.98564
534F4C31,6196,43491843,0,2995,2918,77,0.00000,1.98564
534F4C31,6196,43493961,0,2995,2919,76,0.00000,1.95985
534F4C31,6196,43496165,0,2995,2920,75,0.00000,1.93407
534F4C31,6197,43498422,0,3000,2921,79,0.00000,2.03722
534F4C31,6198,43502255,0,2993,2921,72,0.00000,1.85670
534F4C31,6199,43506576,0,2997,2920,77,0.00000,1.98564
534F4C31,6200,43513707,0,3004,2920,84,0.00000,2.16615
534F4C31,6200,43516659,0,2996,2920,76,0.00000,1.95985
534F4C31,6201,43520613,0,2997,2918,79,0.00000,2.03722
534F4C31,6202,43523004,0,2997,2920,77,0.00000,1.98564
534F4C31,6202,43528285,0,2997,2922,75,0.00000,1.93407
534F4C31,6202,43531873,0,2998,2920,78,0.00000,2.01143
534F4C31,6202,43534249,0,2996,2922,74,0.00000,1.90828
534F4C31,6203,43537753,0,2997,2923,74,0.00000,1.90828
534F4C31,6204,43542632,0,2999,2919,80,0.00000,2.06300
534F4C31,6204,43546854,0,3002,2917,85,0.00000,2.19194
534F4C31,6204,43550326,0,2995,2920,75,0.00000,1.93407
534F4C31,6205,43553353,0,2998,2921,77,0.00000,1.98564
534F4C31,6205,43557855,0,2996,2922,74,0.00000,1.90828
534F4C31,6205,43561339,0,2999,2922,77,0.00000,1.98564
534F4C31,6205,43564040,0,2999,2921,78,0.00000,2.01143
534F4C31,6205,43567756,0,2996,2920,76,0.00000,1.95985
534F4C31,6205,43569888,0,2996,2920,76,0.00000,1.95985
534F4C31,6205,43571699,0,3000,2920,80,0.00000,2.06300
534F4C31,6205,43574689,0,2997,2923,74,0.00000,1.90828
534F4C31,6205,43577034,0,3000,2920,80,0.00000,2.06300
534F4C31,6205,43579052,0,2998,2921,77,0.00000,1.98564
534F4C31,6205,43581152,0,2998,2921,77,0.00000,1.98564
534F4C31,6205,43583248,0,2996,2922,74,0.00000,1.90828
534F4C31,6205,43585549,0,2997,2922,75,0.00000,1.93407
534F4C31,6205,43587791,0,2993,2922,71,0.00000,1.83092
534F4C31,6205,43589986,0,2995,2923,72,0.00000,1.85670
534F4C31,6205,43592057,0,2997,2919,78,0.00000,2.01143
534F4C31,6205,43594227,0,2997,2920,77,0.00000,1.98564
534F4C31,6205,43596429,0,2997,2919,78,0.00000,2.01143
534F4C31,6206,43598605,0,2998,2920,78,0.00000,2.01143
534F4C31,6207,43603324,0,3000,2920,80,0.00000,2.06300
534F4C31,6208,43609549,0,2996,2923,73,0.00000,1.88249
534F4C31,6208,43613770,0,3000,2922,78,0.00000,2.01143
534F4C31,6209,43615931,0,2998,2919,79,0.00000,2.03722
534F4C31,6209,43619087,0,3001,2922,79,0.00000,2.03722
534F4C31,6209,43623745,0,2995,2921,74,0.00000,1.90828
534F4C31,6209,43626034,0,2999,2918,81,0.00000,2.08879
534F4C31,6210,43628809,0,2998,2920,78,0.00000,2.01143
534F4C31,6211,43633890,0,2998,2921,77,0.00000,1.98564
534F4C31,6211,43639950,0,2997,2923,74,0.00000,1.90828
534F4C31,6211,43642089,0,2999,2920,79,0.00000,2.03722
534F4C31,6212,43644795,0,2998,2920,78,0.00000,2.01143
534F4C31,6213,43650585,0,2997,2921,76,0.00000,1.95985
534F4C31,6214,43654679,0,2999,2922,77,0.00000,1.98564
534F4C31,6214,43659685,0,2996,2922,74,0.00000,1.90828
534F4C31,6214,43663043,0,2995,2922,73,0.00000,1.88249
534F4C31,6214,43666438,0,2995,2921,74,0.00000,1.90828
534F4C31,6214,43668591,0,2999,2923,76,0.00000,1.95985
534F4C31,6214,43670657,0,3001,2921,80,0.00000,2.06300
534F4C31,6214,43672899,0,2999,2920,79,0.00000,2.03722
534F4C31,6214,43675158,0,2998,2922,76,0.00000,1.95985
534F4C31,6214,43677329,0,2995,2920,75,0.00000,1.93407
534F4C31,6214,43679446,0,2994,2920,74,0.00000,1.90828
534F4C31,6214,43681518,0,2997,2921,76,0.00000,1.95985
534F4C31,6214,43683704,0,2997,2922,75,0.00000,1.93407
534F4C31,6215,43685910,0,2999,2920,79,0.00000,2.03722
534F4C31,6216,43690562,0,2999,2921,78,0.00000,2.01143
534F4C31,6217,43696166,0,2994,2918,76,0.00000,1.95985
534F4C31,6217,43700220,0,2994,2918,76,0.00000,1.95985
534F4C31,6217,43704582,0,2999,2917,82,0.00000,2.11458
534F4C31,6217,43706899,0,2998,2918,80,0.00000,2.06300
534F4C31,6217,43709618,0,2994,2916,78,0.00000,2.01143
534F4C31,6217,43711938,0,2996,2914,82,0.00000,2.11458
534F4C31,6217,43714142,0,2998,2914,84,0.00000,2.16615
534F4C31,6218,43716584,0,3000,2917,83,0.00000,2.14037
534F4C31,6219,43721763,0,2995,2917,78,0.00000,2.01143
534F4C31,6220,43725544,0,2999,2915,84,0.00000,2.16615
534F4C31,6221,43729898,0,2995,2916,79,0.00000,2.03722
534F4C31,6221,43735364,0,2999,2916,83,0.00000,2.14037
534F4C31,6221,43737844,0,2999,2919,80,0.00000,2.06300
534F4C31,6221,43741017,0,2997,2920,77,0.00000,1.98564
534F4C31,6221,43743225,0,2999,2916,83,0.00000,2.14037
534F4C31,6222,43745456,0,3000,2918,82,0.00000,2.11458
534F4C31,6222,43749945,0,3000,2919,81,0.00000,2.08879
534F4C31,6222,43752212,0,2998,2916,82,0.00000,2.11458
534F4C31,6223,43755193,0,2998,2914,84,0.00000,2.16615
534F4C31,6223,43759936,0,2997,2917,80,0.00000,2.06300
534F4C31,6223,43762457,0,3002,2915,87,0.00000,2.24352
534F4C31,6224,43766153,0,3001,2917,84,0.00000,2.16615
534F4C31,6224,43770332,0,2997,2916,81,0.00000,2.08879
534F4C31,6224,43772775,0,2995,2916,79,0.00000,2.03722
534F4C31,6224,43775001,0,2997,2917,80,0.00000,2.06300
534F4C31,6224,43778770,0,2997,2916,81,0.00000,2.08879
534F4C31,6224,43780898,0,2998,2919,79,0.00000,2.03722
534F4C31,6224,43782961,0,2998,2918,80,0.00000,2.06300
534F4C31,6224,43785098,0,2998,2920,78,0.00000,2.01143
534F4C31,6224,43787453,0,2998,2915,83,0.00000,2.14037
534F4C31,6224,43789591,0,2997,2917,80,0.00000,2.06300
534F4C31,6225,43791635,0,2998,2918,80,0.00000,2.06300
534F4C31,6226,43796010,0,2998,2918,80,0.00000,2.06300
534F4C31,6227,43800186,0,2998,2918,80,0.00000,2.06300
534F4C31,6228,43806389,0,2999,2916,83,0.00000,2.14037
534F4C31,6228,43810361,0,2996,2916,80,0.00000,2.06300
534F4C31,6229,43815449,0,2995,2915,80,0.00000,2.06300
534F4C31,6230,43817901,0,2997,2918,79,0.00000,2.03722
534F4C31,6230,43823486,0,2997,2916,81,0.00000,2.08879
534F4C31,6230,43828085,0,2997,2916,81,0.00000,2.08879
534F4C31,6231,43830582,0,2996,2916,80,0.00000,2.06300
534F4C31,6232,43833756,0,2993,2917,76,0.00000,1.95985
534F4C31,6232,43839156,0,2997,2917,80,0.00000,2.06300
534F4C31,6232,43842035,0,2996,2916,80,0.00000,2.06300
534F4C31,6232,43845164,0,2998,2917,81,0.00000,2.08879
534F4C31,6232,43847474,0,2999,2914,85,0.00000,2.19194
534F4C31,6232,43849576,0,2995,2916,79,0.00000,2.03722
534F4C31,6232,43851625,0,2997,2917,80,0.00000,2.06300
534F4C31,6232,43853852,0,2997,2916,81,0.00000,2.08879
534F4C31,6232,43856140,0,2999,2916,83,0.00000,2.14037
534F4C31,6232,43858361,0,2997,2917,80,0.00000,2.06300
534F4C31,6232,43860444,0,2996,2918,78,0.00000,2.01143
534F4C31,6232,43862536,0,2997,2916,81,0.00000,2.08879
534F4C31,6232,43864539,0,2996,2916,80,0.00000,2.06300
534F4C31,6233,43866889,0,2999,2919,80,0.00000,2.06300
534F4C31,6234,43871290,0,2997,2917,80,0.00000,2.06300
534F4C31,6235,43875036,0,2998,2915,83,0.00000,2.14037
534F4C31,6236,43880983,0,2996,2916,80,0.00000,2.06300
534F4C31,6236,43883225,0,2997,2919,78,0.00000,2.01143
534F4C31,6236,43889075,0,2998,2918,80,0.00000,2.06300
534F4C31,6236,43891381,0,2997,2917,80,0.00000,2.06300
534F4C31,6236,43893687,0,2998,2918,80,0.00000,2.06300
534F4C31,6236,43896566,0,2998,2917,81,0.00000,2.08879
534F4C31,6236,43898899,0,2994,2919,75,0.00000,1.93407
534F4C31,6236,43901156,0,3000,2916,84,0.00000,2.16615
534F4C31,6236,43903398,0,2994,2915,79,0.00000,2.03722
534F4C31,6236,43905479,0,3000,2919,81,0.00000,2.08879
534F4C31,6236,43907530,0,2997,2917,80,0.00000,2.06300
534F4C31,6236,43909543,0,2995,2918,77,0.00000,1.98564
534F4C31,6237,43911947,0,2996,2916,80,0.00000,2.06300
534F4C31,6238,43916225,0,2999,2919,80,0.00000,2.06300
534F4C31,6239,43919878,0,2999,2916,83,0.00000,2.14037
534F4C31,6240,43926270,0,2999,2915,84,0.00000,2.16615
534F4C31,6240,43929855,0,2999,2916,83,0.00000,2.14037
534F4C31,6240,43934279,0,2995,2917,78,0.00000,2.01143
534F4C31,6240,43937202,0,2997,2917,80,0.00000,2.06300
534F4C31,6240,43939534,0,2994,2918,76,0.00000,1.95985
534F4C31,6241,43942211,0,2996,2917,79,0.00000,2.03722
534F4C31,6241,43946492,0,2989,2918,71,0.00000,1.83092
534F4C31,6241,43949001,0,2994,2918,76,0.00000,1.95985
534F4C31,6241,43951203,0,2998,2917,81,0.00000,2.08879
534F4C31,6241,43954132,0,2993,2918,75,0.00000,1.93407
534F4C31,6241,43957078,0,2999,2917,82,0.00000,2.11458
534F4C31,6241,43959250,0,2995,2915,80,0.00000,2.06300
534F4C31,6241,43961446,0,2994,2917,77,0.00000,1.98564
534F4C31,6242,43963604,0,2997,2914,83,0.00000,2.14037
534F4C31,6243,43968307,0,2997,2918,79,0.00000,2.03722
534F4C31,6243,43974314,0,2994,2917,77,0.00000,1.98564
534F4C31,6244,43976446,0,2998,2915,83,0.00000,2.14037
534F4C31,6244,43981865,0,2994,2914,80,0.00000,2.06300
534F4C31,6244,43984131,0,2999,2916,83,0.00000,2.14037
534F4C31,6244,43987365,0,3000,2921,79,0.00000,2.03722
534F4C31,6244,43989577,0,2994,2914,80,0.00000,2.06300
534F4C31,6244,43991815,0,2994,2918,76,0.00000,1.95985
534F4C31,6245,43994073,0,2996,2915,81,0.00000,2.08879
534F4C31,6246,43998319,0,2998,2917,81,0.00000,2.08879
534F4C31,6247,44002903,0,2999,2915,84,0.00000,2.16615
534F4C31,6247,44008954,0,2997,2917,80,0.00000,2.06300
534F4C31,6247,44011931,0,2994,2917,77,0.00000,1.98564
534F4C31,6248,44015098,0,2999,2916,83,0.00000,2.14037
534F4C31,6249,44021027,0,2996,2917,79,0.00000,2.03722
534F4C31,6249,44026316,0,2999,2913,86,0.00000,2.21773
534F4C31,6249,44029722,0,2995,2916,79,0.00000,2.03722
534F4C31,6249,44032510,0,2996,2914,82,0.00000,2.11458
534F4C31,6249,44034665,0,3001,2915,86,0.00000,2.21773
534F4C31,6249,44037602,0,2998,2913,85,0.00000,2.19194
534F4C31,6249,44039761,0,2994,2918,76,0.00000,1.95985
534F4C31,6249,44041850,0,2994,2916,78,0.00000,2.01143
534F4C31,6249,44044176,0,2998,2918,80,0.00000,2.06300
534F4C31,6250,44046434,0,2998,2917,81,0.00000,2.08879
534F4C31,6251,44049763,0,2999,2916,83,0.00000,2.14037
534F4C31,6252,44052854,0,2994,2917,77,0.00000,1.98564
534F4C31,6253,44056811,0,2996,2917,79,0.00000,2.03722
534F4C31,6254,44062838,0,2997,2916,81,0.00000,2.08879
534F4C31,6254,44067088,0,2997,2915,82,0.00000,2.11458
534F4C31,6254,44070190,0,2995,2918,77,0.00000,1.98564
534F4C31,6254,44074228,0,2997,2919,78,0.00000,2.01143
534F4C31,6254,44076425,0,2994,2916,78,0.00000,2.01143
534F4C31,6255,44078617,0,2998,2917,81,0.00000,2.08879
534F4C31,6255,44083704,0,2998,2917,81,0.00000,2.08879
534F4C31,6255,44086191,0,2996,2915,81,0.00000,2.08879
534F4C31,6255,44089219,0,2994,2916,78,0.00000,2.01143
534F4C31,6255,44091532,0,2993,2916,77,0.00000,1.98564
534F4C31,6255,44093625,0,2998,2912,86,0.00000,2.21773
534F4C31,6255,44095834,0,2995,2918,77,0.00000,1.98564
534F4C31,6255,44098072,0,2996,2915,81,0.00000,2.08879
534F4C31,6255,44100101,0,2994,2919,75,0.00000,1.93407
534F4C31,6255,44102260,0,2998,2918,80,0.00000,2.06300
534F4C31,6256,44104482,0,2997,2917,80,0.00000,2.06300
534F4C31,6257,44108743,0,2999,2916,83,0.00000,2.14037
534F4C31,6258,44113046,0,2996,2919,77,0.00000,1.98564
534F4C31,6259,44117764,0,2998,2919,79,0.00000,2.03722
534F4C31,6259,44123391,0,3001,2915,86,0.00000,2.21773
534F4C31,6259,44127474,0,2998,2918,80,0.00000,2.06300
534F4C31,6259,44131595,0,2998,2918,80,0.00000,2.06300
534F4C31,6260,44133880,0,2997,2916,81,0.00000,2.08879
534F4C31,6261,44136805,0,2999,2915,84,0.00000,2.16615
534F4C31,6262,44141459,0,3000,2917,83,0.00000,2.14037
534F4C31,6262,44147348,0,2998,2918,80,0.00000,2.06300
534F4C31,6262,44149786,0,2996,2917,79,0.00000,2.03722
534F4C31,6262,44151938,0,2999,2917,82,0.00000,2.11458
534F4C31,6262,44154172,0,2996,2916,80,0.00000,2.06300
534F4C31,6262,44156289,0,2998,2918,80,0.00000,2.06300
534F4C31,6262,44159885,0,2996,2917,79,0.00000,2.03722
534F4C31,6262,44162188,0,2998,2915,83,0.00000,2.14037
534F4C31,6262,44164300,0,3001,2916,85,0.00000,2.19194
534F4C31,6262,44166546,0,2996,2920,76,0.00000,1.95985
534F4C31,6263,44169323,0,2996,2917,79,0.00000,2.03722
534F4C31,6264,44173992,0,2997,2915,82,0.00000,2.11458
534F4C31,6265,44177661,0,2996,2917,79,0.00000,2.03722
534F4C31,6266,44183853,0,2997,2917,80,0.00000,2.06300
534F4C31,6266,44187280,0,3001,2916,85,0.00000,2.19194
534F4C31,6266,44190693,0,2995,2917,78,0.00000,2.01143
534F4C31,6267,44195049,0,3000,2918,82,0.00000,2.11458
534F4C31,6267,44198225,0,3002,2918,84,0.00000,2.16615
534F4C31,6267,44200879,0,2997,2918,79,0.00000,2.03722
534F4C31,6267,44203103,0,3000,2914,86,0.00000,2.21773
534F4C31,6267,44205380,0,2999,2917,82,0.00000,2.11458
534F4C31,6268,44209797,0,2997,2919,78,0.00000,2.01143
534F4C31,6269,44213804,0,2994,2912,82,0.00000,2.11458
534F4C31,6270,44220124,0,2997,2913,84,0.00000,2.16615
534F4C31,6270,44222309,0,2993,2916,77,0.00000,1.98564
534F4C31,6270,44227962,0,2995,2911,84,0.00000,2.16615
534F4C31,6270,44230818,0,2997,2916,81,0.00000,2.08879
534F4C31,6270,44234171,0,2995,2915,80,0.00000,2.06300
534F4C31,6270,44236517,0,3000,2912,88,0.00000,2.26930
534F4C31,6270,44238605,0,2997,2913,84,0.00000,2.16615
534F4C31,6270,44240711,0,2998,2909,89,0.00000,2.29509
534F4C31,6270,44242856,0,2999,2913,86,0.00000,2.21773
534F4C31,6270,44245133,0,2997,2911,86,0.00000,2.21773
534F4C31,6270,44247357,0,2994,2913,81,0.00000,2.08879
534F4C31,6270,44249434,0,2995,2914,81,0.00000,2.08879
534F4C31,6270,44251520,0,2995,2915,80,0.00000,2.06300
534F4C31,6270,44253597,0,2999,2914,85,0.00000,2.19194
534F4C31,6271,44255955,0,3000,2913,87,0.00000,2.24352
534F4C31,6272,44260821,0,2999,2911,88,0.00000,2.26930
534F4C31,6273,44264582,0,3001,2918,83,0.00000,2.14037
534F4C31,6274,44270841,0,2998,2913,85,0.00000,2.19194
534F4C31,6274,44274818,0,2996,2914,82,0.00000,2.11458
534F4C31,6274,44278677,0,2998,2912,86,0.00000,2.21773
534F4C31,6275,44281698,0,3000,2912,88,0.00000,2.26930
534F4C31,6276,44286023,0,2996,2912,84,0.00000,2.16615
534F4C31,6277,44291588,0,2999,2916,83,0.00000,2.14037
534F4C31,6277,44298334,0,2998,2912,86,0.00000,2.21773
534F4C31,6277,44301096,0,2996,2912,84,0.00000,2.16615
534F4C31,6277,44303903,0,2995,2908,87,0.00000,2.24352
534F4C31,6278,44307367,0,2997,2912,85,0.00000,2.19194
534F4C31,6278,44311127,0,2995,2908,87,0.00000,2.24352
534F4C31,6278,44314520,0,2997,2911,86,0.00000,2.21773
534F4C31,6278,44317775,0,2995,2910,85,0.00000,2.19194
534F4C31,6278,44320033,0,2998,2910,88,0.00000,2.26930
534F4C31,6278,44322088,0,2997,2913,84,0.00000,2.16615
534F4C31,6278,44324327,0,2995,2911,84,0.00000,2.16615
534F4C31,6278,44326558,0,2996,2915,81,0.00000,2.08879
534F4C31,6278,44328596,0,2993,2914,79,0.00000,2.03722
534F4C31,6278,44331020,0,2993,2913,80,0.00000,2.06300
534F4C31,6278,44333254,0,2998,2912,86,0.00000,2.21773
534F4C31,6278,44335554,0,3000,2912,88,0.00000,2.26930
534F4C31,6279,44337824,0,2996,2911,85,0.00000,2.19194
534F4C31,6280,44341734,0,2996,2911,85,0.00000,2.19194
534F4C31,6281,44345602,0,2997,2914,83,0.00000,2.14037
534F4C31,6282,44351069,0,2996,2913,83,0.00000,2.14037
534F4C31,6283,44356722,0,2995,2916,79,0.00000,2.03722
534F4C31,6283,44361881,0,2994,2914,80,0.00000,2.06300
534F4C31,6283,44364147,0,3000,2915,85,0.00000,2.19194
534F4C31,6283,44367123,0,2995,2911,84,0.00000,2.16615
534F4C31,6283,44370185,0,2997,2913,84,0.00000,2.16615
534F4C31,6283,44372230,0,3000,2911,89,0.00000,2.29509
534F4C31,6283,44374408,0,2996,2913,83,0.00000,2.14037
534F4C31,6284,44376639,0,2997,2913,84,0.00000,2.16615
534F4C31,6284,44381084,0,2995,2911,84,0.00000,2.16615
534F4C31,6284,44383337,0,2995,2912,83,0.00000,2.14037
534F4C31,6285,44385490,0,2997,2913,84,0.00000,2.16615
534F4C31,6285,44391136,0,2997,2913,84,0.00000,2.16615
534F4C31,6285,44393623,0,2996,2913,83,0.00000,2.14037
534F4C31,6286,44396513,0,2995,2909,86,0.00000,2.21773
534F4C31,6286,44400069,0,2994,2911,83,0.00000,2.14037
534F4C31,6286,44403471,0,2995,2911,84,0.00000,2.16615
534F4C31,6286,44406029,0,2999,2912,87,0.00000,2.24352
534F4C31,6286,44408174,0,2996,2910,86,0.00000,2.21773
534F4C31,6286,44411648,0,2997,2913,84,0.00000,2.16615
534F4C31,6286,44413838,0,2996,2914,82,0.00000,2.11458
534F4C31,6286,44415914,0,2998,2911,87,0.00000,2.24352
534F4C31,6287,44418055,0,3001,2910,91,0.00000,2.34667
534F4C31,6288,44422659,0,2996,2910,86,0.00000,2.21773
534F4C31,6289,44426545,0,2995,2911,84,0.00000,2.16615
534F4C31,6290,44432854,0,2998,2912,86,0.00000,2.21773
534F4C31,6290,44435771,0,2996,2914,82,0.00000,2.11458
534F4C31,6290,44439888,0,2998,2912,86,0.00000,2.21773
534F4C31,6291,44443787,0,3002,2913,89,0.00000,2.29509
534F4C31,6292,44447234,0,2996,2912,84,0.00000,2.16615
534F4C31,6292,44453249,0,3001,2912,89,0.00000,2.29509
534F4C31,6292,44456062,0,2993,2909,84,0.00000,2.16615
534F4C31,6292,44459180,0,2998,2912,86,0.00000,2.21773
534F4C31,6292,44461613,0,2999,2911,88,0.00000,2.26930
534F4C31,6292,44463637,0,3000,2911,89,0.00000,2.29509
534F4C31,6292,44465671,0,2996,2910,86,0.00000,2.21773
534F4C31,6292,44467782,0,2995,2912,83,0.00000,2.14037
534F4C31,6292,44471583,0,2994,2915,79,0.00000,2.03722
534F4C31,6293,44473916,0,2998,2911,87,0.00000,2.24352
534F4C31,6293,44479167,0,2991,2912,79,0.00000,2.03722
534F4C31,6293,44482533,0,2997,2911,86,0.00000,2.21773
534F4C31,6293,44485725,0,2997,2912,85,0.00000,2.19194
534F4C31,6293,44487934,0,2997,2908,89,0.00000,2.29509
534F4C31,6294,44489973,0,2996,2913,83,0.00000,2.14037
534F4C31,6295,44493005,0,2999,2912,87,0.00000,2.24352
534F4C31,6296,44497190,0,2996,2912,84,0.00000,2.16615
534F4C31,6297,44502892,0,2998,2911,87,0.00000,2.24352
534F4C31,6297,44508371,0,2997,2911,86,0.00000,2.21773
534F4C31,6297,44511806,0,2994,2910,84,0.00000,2.16615
534F4C31,6298,44513939,0,2995,2913,82,0.00000,2.11458
534F4C31,6298,44518702,0,2996,2909,87,0.00000,2.24352
534F4C31,6298,44520993,0,2998,2911,87,0.00000,2.24352
534F4C31,6299,44524049,0,2996,2913,83,0.00000,2.14037
534F4C31,6299,44528323,0,2999,2914,85,0.00000,2.19194
534F4C31,6299,44530660,0,2998,2913,85,0.00000,2.19194
534F4C31,6299,44532900,0,2994,2912,82,0.00000,2.11458
534F4C31,6299,44536542,0,2996,2914,82,0.00000,2.11458
534F4C31,6299,44538936,0,2996,2916,80,0.00000,2.06300
534F4C31,6299,44541073,0,3000,2913,87,0.00000,2.24352
534F4C31,6299,44543119,0,2996,2913,83,0.00000,2.14037
534F4C31,6299,44545239,0,2997,2911,86,0.00000,2.21773
534F4C31,6299,44547512,0,2999,2913,86,0.00000,2.21773
534F4C31,6300,44549634,0,2999,2911,88,0.00000,2.26930
534F4C31,6301,44554357,0,2997,2912,85,0.00000,2.19194
534F4C31,6302,44559504,0,3000,2911,89,0.00000,2.29509
534F4C31,6302,44563791,0,3002,2915,87,0.00000,2.24352
534F4C31,6302,44566328,0,3000,2912,88,0.00000,2.26930
534F4C31,6302,44571350,0,2998,2915,83,0.00000,2.14037
534F4C31,6302,44573793,0,2996,2916,80,0.00000,2.06300
534F4C31,6302,44575945,0,2997,2914,83,0.00000,2.14037
534F4C31,6303,44579833,0,2994,2908,86,0.00000,2.21773
534F4C31,6303,44583774,0,2998,2914,84,0.00000,2.16615
534F4C31,6303,44586603,0,2998,2913,85,0.00000,2.19194
534F4C31,6303,44589241,0,2996,2913,83,0.00000,2.14037
534F4C31,6303,44591362,0,2994,2913,81,0.00000,2.08879
534F4C31,6303,44593405,0,3000,2911,89,0.00000,2.29509
534F4C31,6303,44595678,0,2996,2912,84,0.00000,2.16615
534F4C31,6304,44597948,0,2999,2914,85,0.00000,2.19194
534F4C31,6305,44602232,0,2997,2911,86,0.00000,2.21773
534F4C31,6306,44606092,0,2994,2911,83,0.00000,2.14037
534F4C31,6307,44611576,0,2996,2914,82,0.00000,2.11458
534F4C31,6307,44616591,0,2999,2911,88,0.00000,2.26930
534F4C31,6307,44621340,0,2995,2912,83,0.00000,2.14037
534F4C31,6307,44623850,0,2996,2913,83,0.00000,2.14037
534F4C31,6307,44625958,0,2996,2913,83,0.00000,2.14037
534F4C31,6308,44628831,0,2997,2914,83,0.00000,2.14037
534F4C31,6309,44633322,0,2999,2910,89,0.00000,2.29509
534F4C31,6309,44636723,0,2994,2912,82,0.00000,2.11458
534F4C31,6309,44643278,0,2996,2910,86,0.00000,2.21773
534F4C31,6309,44645435,0,2998,2911,87,0.00000,2.24352
534F4C31,6309,44648949,0,2996,2913,83,0.00000,2.14037
534F4C31,6309,44651308,0,2997,2913,84,0.00000,2.16615
534F4C31,6309,44653552,0,2999,2913,86,0.00000,2.21773
534F4C31,6309,44655645,0,2994,2912,82,0.00000,2.11458
534F4C31,6309,44657698,0,2997,2912,85,0.00000,2.19194
534F4C31,6309,44659817,0,2998,2913,85,0.00000,2.19194
534F4C31,6310,44662174,0,2994,2912,82,0.00000,2.11458
534F4C31,6311,44667281,0,2996,2913,83,0.00000,2.14037
534F4C31,6312,44671796,0,3000,2913,87,0.00000,2.24352
534F4C31,6313,44677358,0,2997,2911,86,0.00000,2.21773
534F4C31,6313,44681263,0,2998,2916,82,0.00000,2.11458
534F4C31,6314,44686516,0,3000,2913,87,0.00000,2.24352
534F4C31,6314,44688861,0,2999,2912,87,0.00000,2.24352
534F4C31,6314,44692526,0,2998,2909,89,0.00000,2.29509
534F4C31,6315,44694732,0,3000,2909,91,0.00000,2.34667
534F4C31,6316,44697068,0,2997,2907,90,0.00000,2.32088
534F4C31,6317,44701422,0,2997,2908,89,0.00000,2.29509
534F4C31,6318,44704373,0,3001,2909,92,0.00000,2.37245
534F4C31,6319,44707812,0,2994,2907,87,0.00000,2.24352
534F4C31,6320,44712463,0,2997,2910,87,0.00000,2.24352
534F4C31,6320,44719251,0,2998,2910,88,0.00000,2.26930
534F4C31,6320,44721517,0,2995,2909,86,0.00000,2.21773
534F4C31,6320,44724594,0,3002,2911,91,0.00000,2.34667
534F4C31,6320,44726908,0,2995,2909,86,0.00000,2.21773
534F4C31,6320,44728947,0,2992,2908,84,0.00000,2.16615
534F4C31,6320,44731136,0,3000,2910,90,0.00000,2.32088
534F4C31,6321,44733423,0,2996,2907,89,0.00000,2.29509
534F4C31,6322,44737536,0,2996,2908,88,0.00000,2.26930
534F4C31,6323,44741797,0,2997,2906,91,0.00000,2.34667
534F4C31,6324,44747852,0,2997,2909,88,0.00000,2.26930
534F4C31,6324,44751621,0,2996,2908,88,0.00000,2.26930
534F4C31,6324,44753896,0,2995,2910,85,0.00000,2.19194
534F4C31,6324,44757572,0,2998,2908,90,0.00000,2.32088
534F4C31,6324,44759903,0,2998,2906,92,0.00000,2.37245
534F4C31,6324,44761995,0,2997,2911,86,0.00000,2.21773
534F4C31,6324,44764044,0,2995,2909,86,0.00000,2.21773
534F4C31,6324,44766141,0,2998,2909,89,0.00000,2.29509
534F4C31,6324,44768293,0,3000,2910,90,0.00000,2.32088
534F4C31,6324,44770468,0,2999,2913,86,0.00000,2.21773
534F4C31,6324,44772692,0,2997,2908,89,0.00000,2.29509
534F4C31,6324,44774859,0,2996,2908,88,0.00000,2.26930
534F4C31,6324,44777019,0,2994,2909,85,0.00000,2.19194
534F4C31,6324,44779058,0,2995,2909,86,0.00000,2.21773
534F4C31,6324,44781146,0,2996,2908,88,0.00000,2.26930
534F4C31,6324,44783157,0,2997,2910,87,0.00000,2.24352
534F4C31,6324,44785411,0,3000,2910,90,0.00000,2.32088
534F4C31,6324,44787648,0,3001,2909,92,0.00000,2.37245
534F4C31,6325,44789820,0,2998,2911,87,0.00000,2.24352
534F4C31,6326,44794546,0,3001,2910,91,0.00000,2.34667
534F4C31,6327,44798435,0,3000,2911,89,0.00000,2.29509
534F4C31,6328,44804402,0,2998,2908,90,0.00000,2.32088
534F4C31,6328,44807448,0,3003,2907,96,0.00000,2.47560
534F4C31,6328,44812441,0,2998,2909,89,0.00000,2.29509
534F4C31,6328,44815445,0,2998,2905,93,0.00000,2.39824
534F4C31,6328,44817901,0,2998,2909,89,0.00000,2.29509
534F4C31,6328,44820101,0,2997,2909,88,0.00000,2.26930
534F4C31,6328,44822308,0,2998,2907,91,0.00000,2.34667
534F4C31,6328,44824376,0,3000,2907,93,0.00000,2.39824
534F4C31,6328,44826446,0,2997,2912,85,0.00000,2.19194
534F4C31,6328,44828566,0,2997,2909,88,0.00000,2.26930
534F4C31,6328,44830812,0,2994,2910,84,0.00000,2.16615
534F4C31,6328,44833017,0,3000,2907,93,0.00000,2.39824
534F4C31,6328,44835101,0,2998,2908,90,0.00000,2.32088
534F4C31,6328,44837157,0,2999,2906,93,0.00000,2.39824
534F4C31,6329,44839271,0,2996,2908,88,0.00000,2.26930
534F4C31,6330,44844361,0,2993,2905,88,0.00000,2.26930
534F4C31,6331,44848238,0,2997,2907,90,0.00000,2.32088
534F4C31,6331,44854354,0,2996,2909,87,0.00000,2.24352
534F4C31,6331,44857274,0,2997,2909,88,0.00000,2.26930
534F4C31,6332,44859819,0,3001,2910,91,0.00000,2.34667
534F4C31,6333,44864555,0,2993,2910,83,0.00000,2.14037
534F4C31,6334,44868288,0,2998,2907,91,0.00000,2.34667
534F4C31,6334,44873527,0,2995,2908,87,0.00000,2.24352
534F4C31,6334,44876409,0,2997,2909,88,0.00000,2.26930
534F4C31,6335,44879571,0,2993,2905,88,0.00000,2.26930
534F4C31,6335,44884800,0,2993,2906,87,0.00000,2.24352
534F4C31,6335,44887020,0,2995,2907,88,0.00000,2.26930
534F4C31,6335,44889941,0,2997,2908,89,0.00000,2.29509
534F4C31,6335,44892192,0,2994,2907,87,0.00000,2.24352
534F4C31,6335,44894359,0,2996,2907,89,0.00000,2.29509
534F4C31,6335,44896610,0,2996,2909,87,0.00000,2.24352
534F4C31,6335,44898769,0,2994,2910,84,0.00000,2.16615
534F4C31,6335,44900905,0,2994,2908,86,0.00000,2.21773
534F4C31,6335,44902978,0,2995,2906,89,0.00000,2.29509
534F4C31,6335,44905160,0,2996,2909,87,0.00000,2.24352
534F4C31,6335,44907375,0,2995,2907,88,0.00000,2.26930
534F4C31,6336,44909512,0,2997,2908,89,0.00000,2.29509
534F4C31,6337,44914867,0,2991,2910,81,0.00000,2.08879
534F4C31,6338,44918630,0,2999,2908,91,0.00000,2.34667
534F4C31,6339,44924362,0,2992,2910,82,0.00000,2.11458
534F4C31,6339,44928823,0,2996,2906,90,0.00000,2.32088
534F4C31,6339,44933179,0,2997,2908,89,0.00000,2.29509
534F4C31,6339,44936131,0,2997,2908,89,0.00000,2.29509
534F4C31,6339,44939021,0,2996,2908,88,0.00000,2.26930
534F4C31,6339,44941218,0,2999,2908,91,0.00000,2.34667
534F4C31,6339,44943387,0,2996,2908,88,0.00000,2.26930
534F4C31,6340,44945899,0,2996,2909,87,0.00000,2.24352
534F4C31,6341,44950426,0,2998,2907,91,0.00000,2.34667
534F4C31,6342,44954231,0,2998,2910,88,0.00000,2.26930
534F4C31,6342,44958295,0,2998,2907,91,0.00000,2.34667
534F4C31,6342,44962708,0,2995,2909,86,0.00000,2.21773
534F4C31,6342,44964974,0,2998,2904,94,0.00000,2.42403
534F4C31,6342,44968310,0,2995,2908,87,0.00000,2.24352
534F4C31,6342,44971308,0,2994,2906,88,0.00000,2.26930
534F4C31,6342,44974272,0,2996,2910,86,0.00000,2.21773
534F4C31,6343,44976639,0,2999,2906,93,0.00000,2.39824
534F4C31,6344,44981365,0,2993,2909,84,0.00000,2.16615
534F4C31,6344,44985270,0,2997,2905,92,0.00000,2.37245
534F4C31,6344,44989887,0,2997,2909,88,0.00000,2.26930
534F4C31,6345,44993105,0,2995,2907,88,0.00000,2.26930
534F4C31,6346,44998383,0,2998,2906,92,0.00000,2.37245
534F4C31,6346,45002988,0,2996,2909,87,0.00000,2.24352
534F4C31,6346,45007512,0,2998,2908,90,0.00000,2.32088
534F4C31,6347,45010509,0,2999,2911,88,0.00000,2.26930
534F4C31,6348,45014348,0,2999,2909,90,0.00000,2.32088
534F4C31,6348,45018042,0,3001,2908,93,0.00000,2.39824
534F4C31,6348,45021974,0,3000,2912,88,0.00000,2.26930
534F4C31,6348,45025188,0,2997,2908,89,0.00000,2.29509
534F4C31,6348,45027409,0,2996,2907,89,0.00000,2.29509
534F4C31,6349,45030490,0,2993,2907,86,0.00000,2.21773
534F4C31,6349,45034908,0,3000,2907,93,0.00000,2.39824
534F4C31,6349,45037248,0,2997,2911,86,0.00000,2.21773
534F4C31,6350,45039463,0,2998,2908,90,0.00000,2.32088
534F4C31,6351,45045094,0,2996,2908,88,0.00000,2.26930
534F4C31,6351,45049694,0,2998,2908,90,0.00000,2.32088
534F4C31,6352,45054307,0,2996,2907,89,0.00000,2.29509
534F4C31,6353,45057918,0,2996,2906,90,0.00000,2.32088
534F4C31,6353,45062051,0,2998,2907,91,0.00000,2.34667
534F4C31,6353,45066399,0,2995,2908,87,0.00000,2.24352
534F4C31,6354,45069396,0,3001,2908,93,0.00000,2.39824
534F4C31,6355,45071909,0,3000,2909,91,0.00000,2.34667
534F4C31,6355,45076951,0,2995,2908,87,0.00000,2.24352
534F4C31,6355,45080357,0,2999,2908,91,0.00000,2.34667
534F4C31,6355,45083198,0,2998,2908,90,0.00000,2.32088
534F4C31,6355,45086977,0,2999,2906,93,0.00000,2.39824
534F4C31,6355,45089292,0,2997,2912,85,0.00000,2.19194
534F4C31,6355,45091359,0,2996,2907,89,0.00000,2.29509
534F4C31,6355,45094543,0,2995,2909,86,0.00000,2.21773
534F4C31,6355,45096920,0,2997,2907,90,0.00000,2.32088
534F4C31,6355,45099132,0,2997,2907,90,0.00000,2.32088
534F4C31,6355,45101227,0,2999,2909,90,0.00000,2.32088
534F4C31,6355,45103291,0,2997,2907,90,0.00000,2.32088
534F4C31,6355,45105436,0,2995,2907,88,0.00000,2.26930
534F4C31,6355,45107638,0,2995,2908,87,0.00000,2.24352
534F4C31,6355,45109917,0,2995,2908,87,0.00000,2.24352
534F4C31,6355,45112022,0,2996,2908,88,0.00000,2.26930
534F4C31,6355,45114132,0,2999,2908,91,0.00000,2.34667
534F4C31,6356,45116253,0,2998,2908,90,0.00000,2.32088
534F4C31,6357,45121038,0,2994,2910,84,0.00000,2.16615
534F4C31,6358,45124914,0,2998,2908,90,0.00000,2.32088
534F4C31,6359,45131505,0,2997,2910,87,0.00000,2.24352
534F4C31,6359,45135564,0,2995,2906,89,0.00000,2.29509
534F4C31,6359,45139154,0,2994,2908,86,0.00000,2.21773
534F4C31,6359,45141300,0,2996,2907,89,0.00000,2.29509
534F4C31,6359,45144534,0,2994,2908,86,0.00000,2.21773
534F4C31,6359,45146903,0,3001,2911,90,0.00000,2.32088
534F4C31,6359,45149126,0,2995,2910,85,0.00000,2.19194
534F4C31,6360,45151782,0,3000,2911,89,0.00000,2.29509
534F4C31,6361,45156434,0,2996,2907,89,0.00000,2.29509
534F4C31,6362,45161027,0,2994,2908,86,0.00000,2.21773
534F4C31,6362,45166505,0,2992,2906,86,0.00000,2.21773
534F4C31,6362,45168711,0,2998,2908,90,0.00000,2.32088
534F4C31,6362,45171805,0,2994,2910,84,0.00000,2.16615
534F4C31,6362,45174138,0,2996,2908,88,0.00000,2.26930
534F4C31,6362,45176210,0,2997,2909,88,0.00000,2.26930
534F4C31,6362,45178364,0,2997,2907,90,0.00000,2.32088
534F4C31,6363,45180644,0,2997,2908,89,0.00000,2.29509
534F4C31,6364,45184965,0,2999,2905,94,0.00000,2.42403
534F4C31,6365,45188804,0,2996,2907,89,0.00000,2.29509
534F4C31,6366,45195260,0,2997,2906,91,0.00000,2.34667
534F4C31,6366,45197562,0,2992,2909,83,0.00000,2.14037
534F4C31,6366,45201373,0,2995,2911,84,0.00000,2.16615
534F4C31,6366,45204548,0,2999,2907,92,0.00000,2.37245
534F4C31,6366,45206595,0,2995,2908,87,0.00000,2.24352
534F4C31,6366,45209470,0,2994,2912,82,0.00000,2.11458
534F4C31,6366,45212042,0,2996,2905,91,0.00000,2.34667
534F4C31,6366,45214126,0,2995,2906,89,0.00000,2.29509
534F4C31,6366,45216219,0,2996,2908,88,0.00000,2.26930
534F4C31,6366,45218358,0,2998,2905,93,0.00000,2.39824
534F4C31,6366,45220584,0,2996,2905,91,0.00000,2.34667
534F4C31,6366,45224442,0,2997,2903,94,0.00000,2.42403
534F4C31,6367,45226523,0,2996,2905,91,0.00000,2.34667
534F4C31,6368,45231871,0,3000,2905,95,0.00000,2.44982
534F4C31,6368,45236432,0,3000,2905,95,0.00000,2.44982
534F4C31,6368,45239864,0,2999,2903,96,0.00000,2.47560
534F4C31,6369,45242603,0,2996,2907,89,0.00000,2.29509
534F4C31,6370,45248542,0,2995,2906,89,0.00000,2.29509
534F4C31,6371,45253608,0,2998,2904,94,0.00000,2.42403
534F4C31,6371,45258841,0,2999,2904,95,0.00000,2.44982
534F4C31,6371,45261212,0,2997,2904,93,0.00000,2.39824
534F4C31,6371,45264522,0,2999,2905,94,0.00000,2.42403
534F4C31,6371,45266825,0,2994,2904,90,0.00000,2.32088
534F4C31,6371,45269051,0,3001,2904,97,0.00000,2.50139
534F4C31,6371,45271269,0,2999,2904,95,0.00000,2.44982
534F4C31,6372,45273336,0,2998,2903,95,0.00000,2.44982
534F4C31,6373,45276297,0,3002,2908,94,0.00000,2.42403
534F4C31,6374,45281076,0,3000,2907,93,0.00000,2.39824
534F4C31,6375,45287594,0,2996,2902,94,0.00000,2.42403
534F4C31,6376,45291659,0,3000,2904,96,0.00000,2.47560
534F4C31,6376,45295918,0,3001,2906,95,0.00000,2.44982
534F4C31,6376,45298637,0,2999,2906,93,0.00000,2.39824
534F4C31,6376,45300826,0,2996,2905,91,0.00000,2.34667
534F4C31,6377,45303259,0,2998,2906,92,0.00000,2.37245
534F4C31,6378,45306589,0,2997,2905,92,0.00000,2.37245
534F4C31,6379,45310023,0,2994,2904,90,0.00000,2.32088
534F4C31,6380,45313231,0,2997,2905,92,0.00000,2.37245
534F4C31,6381,45318058,0,2996,2904,92,0.00000,2.37245
534F4C31,6382,45321812,0,2998,2905,93,0.00000,2.39824
534F4C31,6383,45325431,0,2998,2903,95,0.00000,2.44982
534F4C31,6384,45328550,0,2996,2904,92,0.00000,2.37245
534F4C31,6385,45332034,0,2997,2905,92,0.00000,2.37245
534F4C31,6386,45335519,0,2998,2902,96,0.00000,2.47560
534F4C31,6387,45339359,0,2993,2903,90,0.00000,2.32088
534F4C31,6388,45342531,0,2997,2903,94,0.00000,2.42403
534F4C31,6389,45346058,0,2996,2906,90,0.00000,2.32088
534F4C31,6390,45350016,0,2995,2904,91,0.00000,2.34667
534F4C31,6391,45353720,0,2995,2904,91,0.00000,2.34667
534F4C31,6392,45357164,0,3001,2903,98,0.00000,2.52718
534F4C31,6393,45360750,0,2997,2904,93,0.00000,2.39824
534F4C31,6394,45365590,0,2994,2903,91,0.00000,2.34667
534F4C31,6394,45372758,0,2997,2903,94,0.00000,2.42403
534F4C31,6395,45376608,0,2998,2906,92,0.00000,2.37245
534F4C31,6395,45381189,0,2998,2903,95,0.00000,2.44982
534F4C31,6395,45383474,0,2998,2906,92,0.00000,2.37245
534F4C31,6396,45385646,0,2998,2904,94,0.00000,2.42403
534F4C31,6397,45391351,0,2996,2904,92,0.00000,2.37245
534F4C31,6397,45396020,0,2997,2903,94,0.00000,2.42403
534F4C31,6397,45399996,0,2995,2903,92,0.00000,2.37245
534F4C31,6398,45402929,0,2997,2903,94,0.00000,2.42403
534F4C31,6398,45408790,0,2996,2905,91,0.00000,2.34667
534F4C31,6398,45411214,0,2996,2904,92,0.00000,2.37245
534F4C31,6398,45413305,0,2994,2905,89,0.00000,2.29509
534F4C31,6398,45416215,0,3000,2903,97,0.00000,2.50139
534F4C31,6398,45418615,0,2998,2903,95,0.00000,2.44982
534F4C31,6398,45420832,0,2997,2902,95,0.00000,2.44982
534F4C31,6398,45423000,0,2995,2906,89,0.00000,2.29509
534F4C31,6398,45425183,0,2996,2904,92,0.00000,2.37245
534F4C31,6398,45427240,0,2996,2906,90,0.00000,2.32088
534F4C31,6398,45429351,0,3002,2905,97,0.00000,2.50139
534F4C31,6398,45431355,0,2994,2903,91,0.00000,2.34667
534F4C31,6398,45433517,0,2996,2904,92,0.00000,2.37245
534F4C31,6398,45435591,0,2997,2906,91,0.00000,2.34667
534F4C31,6398,45437802,0,2997,2908,89,0.00000,2.29509
534F4C31,6398,45439982,0,3000,2903,97,0.00000,2.50139
534F4C31,6398,45442032,0,2996,2903,93,0.00000,2.39824
534F4C31,6398,45444097,0,2997,2901,96,0.00000,2.47560
534F4C31,6398,45446204,0,2997,2903,94,0.00000,2.42403
534F4C31,6398,45448323,0,2994,2903,91,0.00000,2.34667
534F4C31,6399,45450502,0,2998,2905,93,0.00000,2.39824
534F4C31,6399,45454990,0,2996,2902,94,0.00000,2.42403
534F4C31,6399,45457570,0,2995,2905,90,0.00000,2.32088
534F4C31,6399,45459695,0,2997,2903,94,0.00000,2.42403
534F4C31,6399,45462855,0,2994,2902,92,0.00000,2.37245
534F4C31,6399,45465240,0,2995,2903,92,0.00000,2.37245
534F4C31,6399,45467433,0,2999,2905,94,0.00000,2.42403
534F4C31,6399,45469500,0,2996,2904,92,0.00000,2.37245
534F4C31,6399,45471591,0,2994,2902,92,0.00000,2.37245
534F4C31,6399,45475165,0,2995,2903,92,0.00000,2.37245
534F4C31,6399,45477397,0,2993,2901,92,0.00000,2.37245
534F4C31,6399,45479563,0,2996,2906,90,0.00000,2.32088
534F4C31,6399,45482249,0,2999,2902,97,0.00000,2.50139
534F4C31,6399,45484497,0,3000,2903,97,0.00000,2.50139
534F4C31,6400,45486655,0,3001,2903,98,0.00000,2.52718
534F4C31,6400,45491618,0,2992,2907,85,0.00000,2.19194
534F4C31,6400,45493853,0,2996,2907,89,0.00000,2.29509
534F4C31,6400,45495933,0,2996,2905,91,0.00000,2.34667
534F4C31,6400,45499430,0,2999,2906,93,0.00000,2.39824
534F4C31,6400,45501603,0,3000,2904,96,0.00000,2.47560
534F4C31,6400,45503700,0,2994,2906,88,0.00000,2.26930
534F4C31,6400,45505717,0,3000,2904,96,0.00000,2.47560
534F4C31,6400,45507870,0,2995,2905,90,0.00000,2.32088
534F4C31,6400,45510068,0,2996,2905,91,0.00000,2.34667
534F4C31,6400,45512152,0,2998,2906,92,0.00000,2.37245
534F4C31,6400,45514403,0,2996,2905,91,0.00000,2.34667
534F4C31,6400,45516474,0,2994,2905,89,0.00000,2.29509
534F4C31,6400,45518676,0,3000,2904,96,0.00000,2.47560
534F4C31,6401,45521000,0,2997,2906,91,0.00000,2.34667
534F4C31,6402,45525144,0,2998,2907,91,0.00000,2.34667
534F4C31,6402,45531268,0,2998,2908,90,0.00000,2.32088
534F4C31,6402,45534407,0,3002,2907,95,0.00000,2.44982
534F4C31,6403,45537201,0,2997,2908,89,0.00000,2.29509
534F4C31,6403,45542605,0,2995,2903,92,0.00000,2.37245
534F4C31,6403,45544887,0,2998,2902,96,0.00000,2.47560
534F4C31,6403,45547094,0,2999,2905,94,0.00000,2.42403
534F4C31,6403,45550028,0,2997,2905,92,0.00000,2.37245
534F4C31,6403,45552376,0,2995,2906,89,0.00000,2.29509
534F4C31,6403,45554616,0,2997,2905,92,0.00000,2.37245
534F4C31,6403,45556819,0,2998,2903,95,0.00000,2.44982
534F4C31,6403,45559327,0,2997,2904,93,0.00000,2.39824
534F4C31,6403,45561562,0,2998,2904,94,0.00000,2.42403
534F4C31,6403,45563803,0,3004,2906,98,0.00000,2.52718
534F4C31,6403,45566050,0,2995,2906,89,0.00000,2.29509
534F4C31,6403,45568059,0,2999,2907,92,0.00000,2.37245
534F4C31,6403,45570027,0,2998,2905,93,0.00000,2.39824
534F4C31,6403,45572175,0,2996,2906,90,0.00000,2.32088
534F4C31,6403,45574377,0,2998,2905,93,0.00000,2.39824
534F4C31,6404,45577889,0,2995,2907,88,0.00000,2.26930
534F4C31,6405,45581663,0,2997,2905,92,0.00000,2.37245
534F4C31,6406,45587604,0,2991,2907,84,0.00000,2.16615
534F4C31,6406,45592373,0,2997,2905,92,0.00000,2.37245
534F4C31,6407,45594782,0,2990,2903,87,0.00000,2.24352
534F4C31,6407,45599353,0,2996,2906,90,0.00000,2.32088
534F4C31,6407,45602877,0,2996,2904,92,0.00000,2.37245
534F4C31,6407,45605021,0,2994,2903,91,0.00000,2.34667
534F4C31,6408,45608141,0,2999,2905,94,0.00000,2.42403
534F4C31,6409,45613419,0,2998,2905,93,0.00000,2.39824
534F4C31,6409,45618478,0,2998,2904,94,0.00000,2.42403
534F4C31,6409,45621258,0,2994,2903,91,0.00000,2.34667
534F4C31,6409,45624149,0,2996,2901,95,0.00000,2.44982
534F4C31,6409,45627147,0,2996,2902,94,0.00000,2.42403
534F4C31,6409,45629312,0,2993,2904,89,0.00000,2.29509
534F4C31,6409,45631361,0,2995,2903,92,0.00000,2.37245
534F4C31,6410,45633489,0,2997,2904,93,0.00000,2.39824
534F4C31,6410,45637841,0,2997,2903,94,0.00000,2.42403
534F4C31,6410,45640100,0,2999,2901,98,0.00000,2.52718
534F4C31,6411,45642281,0,3003,2903,100,0.00000,2.57875
534F4C31,6412,45647813,0,2998,2903,95,0.00000,2.44982
534F4C31,6413,45651418,0,2998,2905,93,0.00000,2.39824
534F4C31,6414,45656957,0,2998,2904,94,0.00000,2.42403
534F4C31,6414,45661092,0,2995,2904,91,0.00000,2.34667
534F4C31,6415,45666099,0,2998,2904,94,0.00000,2.42403
534F4C31,6415,45668658,0,2993,2905,88,0.00000,2.26930
534F4C31,6415,45672303,0,2996,2906,90,0.00000,2.32088
534F4C31,6416,45675439,0,2994,2903,91,0.00000,2.34667
534F4C31,6416,45678974,0,2990,2907,83,0.00000,2.14037
534F4C31,6416,45682360,0,2999,2901,98,0.00000,2.52718
534F4C31,6416,45684536,0,2994,2905,89,0.00000,2.29509
534F4C31,6416,45687827,0,2995,2903,92,0.00000,2.37245
534F4C31,6416,45690531,0,2996,2903,93,0.00000,2.39824
534F4C31,6416,45692547,0,2997,2905,92,0.00000,2.37245
534F4C31,6416,45694716,0,2997,2904,93,0.00000,2.39824
534F4C31,6417,45697107,0,2998,2902,96,0.00000,2.47560
534F4C31,6418,45701480,0,2999,2902,97,0.00000,2.50139
534F4C31,6418,45705903,0,2991,2901,90,0.00000,2.32088
534F4C31,6418,45709676,0,2995,2903,92,0.00000,2.37245
534F4C31,6418,45712596,0,2991,2900,91,0.00000,2.34667
534F4C31,6418,45715513,0,2997,2901,96,0.00000,2.47560
534F4C31,6418,45718152,0,2999,2899,100,0.00000,2.57875
534F4C31,6418,45720356,0,2998,2900,98,0.00000,2.52718
534F4C31,6418,45722428,0,2994,2898,96,0.00000,2.47560
534F4C31,6418,45725847,0,2995,2900,95,0.00000,2.44982
534F4C31,6418,45728094,0,2996,2902,94,0.00000,2.42403
534F4C31,6418,45730365,0,2994,2900,94,0.00000,2.42403
534F4C31,6418,45733617,0,2995,2900,95,0.00000,2.44982
534F4C31,6418,45735765,0,2992,2900,92,0.00000,2.37245
534F4C31,6418,45737931,0,2994,2899,95,0.00000,2.44982
534F4C31,6419,45740226,0,2995,2904,91,0.00000,2.34667
534F4C31,6420,45744135,0,2993,2901,92,0.00000,2.37245
534F4C31,6421,45748163,0,2994,2901,93,0.00000,2.39824
534F4C31,6422,45753725,0,2997,2900,97,0.00000,2.50139
534F4C31,6422,45758951,0,2993,2902,91,0.00000,2.34667
534F4C31,6423,45763039,0,2993,2901,92,0.00000,2.37245
534F4C31,6424,45767883,0,2995,2902,93,0.00000,2.39824
534F4C31,6425,45772549,0,2995,2899,96,0.00000,2.47560
534F4C31,6426,45777307,0,2998,2900,98,0.00000,2.52718
534F4C31,6426,45783615,0,2996,2902,94,0.00000,2.42403
534F4C31,6426,45785877,0,2994,2899,95,0.00000,2.44982
534F4C31,6427,45790050,0,2992,2899,93,0.00000,2.39824
534F4C31,6428,45793308,0,2995,2900,95,0.00000,2.44982
534F4C31,6429,45798813,0,2998,2903,95,0.00000,2.44982
534F4C31,6429,45805274,0,2992,2898,94,0.00000,2.42403
534F4C31,6429,45808054,0,2996,2901,95,0.00000,2.44982
534F4C31,6429,45810210,0,2997,2900,97,0.00000,2.50139
534F4C31,6429,45813566,0,2993,2901,92,0.00000,2.37245
534F4C31,6429,45816091,0,2997,2899,98,0.00000,2.52718
534F4C31,6429,45818365,0,2997,2900,97,0.00000,2.50139
534F4C31,6429,45820443,0,2996,2898,98,0.00000,2.52718
534F4C31,6429,45822531,0,2996,2901,95,0.00000,2.44982
534F4C31,6429,45824540,0,2995,2900,95,0.00000,2.44982
534F4C31,6429,45826726,0,2995,2898,97,0.00000,2.50139
534F4C31,6429,45828991,0,2992,2904,88,0.00000,2.26930
534F4C31,6429,45831044,0,2994,2898,96,0.00000,2.47560
534F4C31,6429,45833167,0,2994,2898,96,0.00000,2.47560
534F4C31,6429,45835589,0,2993,2900,93,0.00000,2.39824
534F4C31,6429,45837937,0,2993,2901,92,0.00000,2.37245
534F4C31,6429,45840151,0,2995,2900,95,0.00000,2.44982
534F4C31,6429,45842359,0,2999,2898,101,0.00000,2.60454
534F4C31,6430,45844581,0,2997,2896,101,0.00000,2.60454
534F4C31,6431,45848840,0,2995,2901,94,0.00000,2.42403
534F4C31,6432,45853147,0,2992,2900,92,0.00000,2.37245
534F4C31,6433,45859542,0,2998,2901,97,0.00000,2.50139
534F4C31,6433,45863482,0,2997,2899,98,0.00000,2.52718
534F4C31,6433,45868076,0,2996,2898,98,0.00000,2.52718
534F4C31,6433,45870504,0,2995,2899,96,0.00000,2.47560
534F4C31,6433,45873872,0,2994,2899,95,0.00000,2.44982
534F4C31,6433,45876012,0,2990,2898,92,0.00000,2.37245
534F4C31,6433,45878170,0,2995,2900,95,0.00000,2.44982
534F4C31,6434,45880393,0,2994,2899,95,0.00000,2.44982
534F4C31,6435,45884392,0,2993,2896,97,0.00000,2.50139
534F4C31,6435,45888880,0,2994,2902,92,0.00000,2.37245
534F4C31,6435,45893321,0,2992,2899,93,0.00000,2.39824
534F4C31,6435,45896195,0,2994,2899,95,0.00000,2.44982
534F4C31,6435,45898400,0,2999,2899,100,0.00000,2.57875
534F4C31,6436,45901238,0,2993,2901,92,0.00000,2.37245
534F4C31,6437,45905509,0,2994,2900,94,0.00000,2.42403
534F4C31,6438,45908895,0,2996,2897,99,0.00000,2.55297
534F4C31,6438,45914723,0,2995,2896,99,0.00000,2.55297
534F4C31,6438,45918785,0,2995,2901,94,0.00000,2.42403
534F4C31,6438,45921359,0,2994,2898,96,0.00000,2.47560
534F4C31,6438,45923499,0,2999,2900,99,0.00000,2.55297
534F4C31,6438,45926463,0,2993,2901,92,0.00000,2.37245
534F4C31,6438,45928527,0,2997,2898,99,0.00000,2.55297
534F4C31,6438,45930663,0,2994,2903,91,0.00000,2.34667
534F4C31,6439,45932975,0,2999,2901,98,0.00000,2.52718
534F4C31,6440,45937634,0,2990,2903,87,0.00000,2.24352
534F4C31,6441,45941491,0,2996,2900,96,0.00000,2.47560
534F4C31,6442,45947458,0,2991,2901,90,0.00000,2.32088
534F4C31,6442,45951219,0,2997,2898,99,0.00000,2.55297
534F4C31,6442,45953555,0,2995,2898,97,0.00000,2.50139
534F4C31,6442,45956390,0,2996,2899,97,0.00000,2.50139
534F4C31,6442,45959380,0,2997,2898,99,0.00000,2.55297
534F4C31,6442,45961552,0,2998,2901,97,0.00000,2.50139
534F4C31,6442,45963710,0,2995,2897,98,0.00000,2.52718
534F4C31,6443,45965996,0,2997,2901,96,0.00000,2.47560
534F4C31,6444,45970514,0,2996,2901,95,0.00000,2.44982
534F4C31,6445,45974493,0,2997,2900,97,0.00000,2.50139
534F4C31,6446,45980385,0,2993,2901,92,0.00000,2.37245
534F4C31,6446,45984201,0,2991,2899,92,0.00000,2.37245
534F4C31,6446,45988083,0,2995,2899,96,0.00000,2.47560
534F4C31,6446,45991435,0,2994,2898,96,0.00000,2.47560
534F4C31,6446,45994384,0,2995,2900,95,0.00000,2.44982
534F4C31,6447,45996895,0,2994,2901,93,0.00000,2.39824
534F4C31,6448,46001656,0,2997,2901,96,0.00000,2.47560
534F4C31,6448,46005303,0,2996,2903,93,0.00000,2.39824
534F4C31,6448,46010189,0,2998,2899,99,0.00000,2.55297
534F4C31,6448,46012483,0,2992,2900,92,0.00000,2.37245
534F4C31,6448,46015455,0,2995,2900,95,0.00000,2.44982
534F4C31,6449,46017650,0,2995,2901,94,0.00000,2.42403
534F4C31,6449,46022888,0,2991,2900,91,0.00000,2.34667
534F4C31,6449,46025201,0,2999,2900,99,0.00000,2.55297
534F4C31,6449,46028104,0,2991,2901,90,0.00000,2.32088
534F4C31,6449,46030432,0,2995,2899,96,0.00000,2.47560
534F4C31,6449,46032630,0,2990,2901,89,0.00000,2.29509
534F4C31,6449,46034831,0,2994,2899,95,0.00000,2.44982
534F4C31,6449,46036898,0,2993,2901,92,0.00000,2.37245
534F4C31,6449,46038893,0,2995,2901,94,0.00000,2.42403
534F4C31,6449,46041008,0,2995,2903,92,0.00000,2.37245
534F4C31,6449,46043137,0,2994,2899,95,0.00000,2.44982
534F4C31,6449,46045212,0,2994,2903,91,0.00000,2.34667
534F4C31,6449,46047351,0,2992,2902,90,0.00000,2.32088
534F4C31,6450,46049689,0,2995,2901,94,0.00000,2.42403
534F4C31,6451,46054134,0,2992,2897,95,0.00000,2.44982
534F4C31,6452,46058387,0,2994,2899,95,0.00000,2.44982
534F4C31,6452,46064227,0,2996,2902,94,0.00000,2.42403
534F4C31,6452,46067417,0,2995,2896,99,0.00000,2.55297
534F4C31,6452,46069583,0,2995,2900,95,0.00000,2.44982
534F4C31,6452,46072230,0,2995,2902,93,0.00000,2.39824
534F4C31,6453,46074524,0,2993,2898,95,0.00000,2.44982
534F4C31,6454,46080380,0,2995,2898,97,0.00000,2.50139
534F4C31,6455,46084037,0,2991,2900,91,0.00000,2.34667
534F4C31,6456,46090059,0,2988,2899,89,0.00000,2.29509
534F4C31,6456,46093844,0,2995,2899,96,0.00000,2.47560
534F4C31,6456,46097682,0,2994,2902,92,0.00000,2.37245
534F4C31,6456,46100389,0,2993,2896,97,0.00000,2.50139
534F4C31,6456,46103686,0,2995,2898,97,0.00000,2.50139
534F4C31,6457,46106060,0,2994,2900,94,0.00000,2.42403
534F4C31,6458,46110674,0,2990,2900,90,0.00000,2.32088
534F4C31,6459,46115193,0,2994,2901,93,0.00000,2.39824
534F4C31,6459,46121593,0,2998,2901,97,0.00000,2.50139
534F4C31,6459,46124024,0,2994,2899,95,0.00000,2.44982
534F4C31,6459,46127033,0,2997,2900,97,0.00000,2.50139
534F4C31,6459,46129495,0,2994,2899,95,0.00000,2.44982
534F4C31,6459,46131577,0,3000,2902,98,0.00000,2.52718
534F4C31,6459,46133781,0,2997,2902,95,0.00000,2.44982
534F4C31,6459,46135798,0,2993,2902,91,0.00000,2.34667
534F4C31,6459,46138061,0,2994,2897,97,0.00000,2.50139
534F4C31,6459,46140292,0,2998,2902,96,0.00000,2.47560
534F4C31,6459,46142489,0,2995,2898,97,0.00000,2.50139
534F4C31,6460,46144557,0,2996,2900,96,0.00000,2.47560
534F4C31,6461,46147582,0,2995,2901,94,0.00000,2.42403
534F4C31,6462,46152475,0,2997,2901,96,0.00000,2.47560
534F4C31,6463,46156354,0,3002,2901,101,0.00000,2.60454
534F4C31,6464,46163000,0,2997,2903,94,0.00000,2.42403
534F4C31,6464,46167933,0,2997,2900,97,0.00000,2.50139
534F4C31,6464,46171125,0,2995,2901,94,0.00000,2.42403
534F4C31,6464,46173310,0,2998,2898,100,0.00000,2.57875
534F4C31,6464,46177035,0,2997,2901,96,0.00000,2.47560
534F4C31,6464,46179179,0,2996,2897,99,0.00000,2.55297
534F4C31,6464,46181276,0,2993,2896,97,0.00000,2.50139
534F4C31,6465,46183513,0,2997,2900,97,0.00000,2.50139
534F4C31,6466,46187998,0,2995,2900,95,0.00000,2.44982
534F4C31,6467,46191821,0,2998,2901,97,0.00000,2.50139
534F4C31,6467,46196079,0,2996,2900,96,0.00000,2.47560
534F4C31,6467,46200160,0,2997,2901,96,0.00000,2.47560
534F4C31,6468,46203692,0,2992,2901,91,0.00000,2.34667
534F4C31,6468,46208985,0,2997,2902,95,0.00000,2.44982
534F4C31,6468,46211236,0,2992,2896,96,0.00000,2.47560
534F4C31,6468,46214623,0,2998,2896,102,0.00000,2.63033
534F4C31,6468,46216865,0,2995,2895,100,0.00000,2.57875
534F4C31,6468,46218888,0,2998,2895,103,0.00000,2.65612
534F4C31,6468,46221050,0,2994,2894,100,0.00000,2.57875
534F4C31,6469,46223319,0,3002,2895,107,0.00000,2.75927
534F4C31,6470,46229250,0,2995,2899,96,0.00000,2.47560
534F4C31,6471,46233225,0,2992,2900,92,0.00000,2.37245
534F4C31,6472,46239341,0,2992,2899,93,0.00000,2.39824
534F4C31,6472,46244325,0,2998,2896,102,0.00000,2.63033
534F4C31,6472,46247559,0,2998,2898,100,0.00000,2.57875
534F4C31,6472,46251740,0,2995,2893,102,0.00000,2.63033
534F4C31,6472,46253884,0,2994,2893,101,0.00000,2.60454
534F4C31,6472,46255931,0,2996,2893,103,0.00000,2.65612
534F4C31,6472,46258700,0,2995,2894,101,0.00000,2.60454
534F4C31,6472,46260982,0,2996,2896,100,0.00000,2.57875
534F4C31,6472,46263096,0,2995,2896,99,0.00000,2.55297
534F4C31,6472,46265202,0,2995,2899,96,0.00000,2.47560
534F4C31,6472,46267422,0,2995,2900,95,0.00000,2.44982
534F4C31,6472,46269768,0,2993,2897,96,0.00000,2.47560
534F4C31,6472,46272020,0,2995,2896,99,0.00000,2.55297
534F4C31,6472,46274221,0,2993,2895,98,0.00000,2.52718
534F4C31,6472,46276706,0,2994,2897,97,0.00000,2.50139
534F4C31,6473,46278873,0,2997,2896,101,0.00000,2.60454
534F4C31,6474,46281998,0,2996,2898,98,0.00000,2.52718
534F4C31,6475,46286277,0,2998,2898,100,0.00000,2.57875
534F4C31,6476,46291353,0,2996,2897,99,0.00000,2.55297
534F4C31,6477,46296088,0,2997,2897,100,0.00000,2.57875
534F4C31,6477,46302147,0,2997,2898,99,0.00000,2.55297
534F4C31,6477,46304473,0,2997,2895,102,0.00000,2.63033
534F4C31,6477,46307724,0,2998,2897,101,0.00000,2.60454
534F4C31,6477,46309970,0,2993,2897,96,0.00000,2.47560
534F4C31,6477,46312153,0,2996,2895,101,0.00000,2.60454
534F4C31,6477,46314442,0,2996,2900,96,0.00000,2.47560
534F4C31,6477,46316688,0,2995,2896,99,0.00000,2.55297
534F4C31,6477,46318799,0,2994,2896,98,0.00000,2.52718
534F4C31,6478,46320863,0,2995,2898,97,0.00000,2.50139
534F4C31,6479,46325243,0,2991,2895,96,0.00000,2.47560
534F4C31,6480,46328812,0,2992,2895,97,0.00000,2.50139
534F4C31,6481,46335370,0,2993,2898,95,0.00000,2.44982
534F4C31,6482,46339142,0,2996,2896,100,0.00000,2.57875
534F4C31,6482,46343722,0,2996,2898,98,0.00000,2.52718
534F4C31,6482,46347471,0,3000,2900,100,0.00000,2.57875
534F4C31,6482,46350157,0,3001,2897,104,0.00000,2.68190
534F4C31,6482,46353152,0,2996,2896,100,0.00000,2.57875
534F4C31,6482,46355307,0,2992,2897,95,0.00000,2.44982
534F4C31,6482,46357521,0,2992,2894,98,0.00000,2.52718
534F4C31,6482,46359827,0,2994,2900,94,0.00000,2.42403
534F4C31,6482,46362004,0,2994,2900,94,0.00000,2.42403
534F4C31,6482,46364120,0,2994,2898,96,0.00000,2.47560
534F4C31,6482,46366180,0,2995,2896,99,0.00000,2.55297
534F4C31,6483,46368212,0,2997,2898,99,0.00000,2.55297
534F4C31,6484,46371129,0,2997,2897,100,0.00000,2.57875
534F4C31,6485,46375577,0,2996,2896,100,0.00000,2.57875
534F4C31,6486,46381861,0,2999,2901,98,0.00000,2.52718
534F4C31,6487,46387170,0,2993,2896,97,0.00000,2.50139
534F4C31,6487,46390420,0,2995,2898,97,0.00000,2.50139
534F4C31,6488,46393936,0,2997,2894,103,0.00000,2.65612
534F4C31,6489,46397444,0,2998,2897,101,0.00000,2.60454
534F4C31,6490,46402747,0,2997,2895,102,0.00000,2.63033
534F4C31,6491,46409555,0,2996,2900,96,0.00000,2.47560
534F4C31,6491,46413606,0,2995,2895,100,0.00000,2.57875
534F4C31,6491,46418403,0,2995,2898,97,0.00000,2.50139
534F4C31,6491,46421398,0,2996,2899,97,0.00000,2.50139
534F4C31,6491,46423793,0,2994,2898,96,0.00000,2.47560
534F4C31,6491,46426941,0,2999,2899,100,0.00000,2.57875
534F4C31,6491,46429133,0,2995,2898,97,0.00000,2.50139
534F4C31,6491,46431219,0,2997,2894,103,0.00000,2.65612
534F4C31,6491,46433435,0,3001,2900,101,0.00000,2.60454
534F4C31,6491,46435603,0,2994,2896,98,0.00000,2.52718
534F4C31,6491,46437749,0,2996,2897,99,0.00000,2.55297
534F4C31,6491,46439812,0,2998,2896,102,0.00000,2.63033
534F4C31,6491,46441900,0,2999,2896,103,0.00000,2.65612
534F4C31,6491,46444096,0,2996,2895,101,0.00000,2.60454
534F4C31,6491,46446278,0,2995,2898,97,0.00000,2.50139
534F4C31,6491,46448519,0,2997,2899,98,0.00000,2.52718
534F4C31,6491,46450621,0,2993,2897,96,0.00000,2.47560
534F4C31,6491,46452727,0,2996,2895,101,0.00000,2.60454
534F4C31,6491,46454823,0,2994,2898,96,0.00000,2.47560
534F4C31,6492,46457164,0,2993,2894,99,0.00000,2.55297
534F4C31,6493,46461608,0,2996,2898,98,0.00000,2.52718
534F4C31,6494,46464990,0,2997,2894,103,0.00000,2.65612
534F4C31,6495,46470424,0,2996,2895,101,0.00000,2.60454
534F4C31,6495,46473413,0,2993,2894,99,0.00000,2.55297
534F4C31,6495,46479396,0,2996,2897,99,0.00000,2.55297
534F4C31,6495,46481992,0,2998,2894,104,0.00000,2.68190
534F4C31,6495,46484971,0,2990,2895,95,0.00000,2.44982
534F4C31,6495,46488186,0,2994,2893,101,0.00000,2.60454
534F4C31,6495,46490533,0,3000,2894,106,0.00000,2.73348
534F4C31,6495,46492621,0,2993,2897,96,0.00000,2.47560
534F4C31,6495,46494739,0,2998,2895,103,0.00000,2.65612
534F4C31,6495,46496893,0,2996,2893,103,0.00000,2.65612
534F4C31,6495,46499043,0,2994,2897,97,0.00000,2.50139
534F4C31,6496,46501300,0,2991,2896,95,0.00000,2.44982
534F4C31,6497,46505508,0,2994,2898,96,0.00000,2.47560
534F4C31,6498,46509251,0,2994,2897,97,0.00000,2.50139
534F4C31,6499,46515422,0,2995,2897,98,0.00000,2.52718
534F4C31,6499,46518906,0,2995,2898,97,0.00000,2.50139
534F4C31,6499,46524077,0,2993,2896,97,0.00000,2.50139
534F4C31,6499,46526871,0,2997,2896,101,0.00000,2.60454
534F4C31,6499,46529027,0,2992,2898,94,0.00000,2.42403
534F4C31,6500,46531914,0,2992,2898,94,0.00000,2.42403
534F4C31,6500,46536243,0,2995,2898,97,0.00000,2.50139
534F4C31,6500,46538615,0,2992,2895,97,0.00000,2.50139
534F4C31,6500,46540765,0,2998,2897,101,0.00000,2.60454
534F4C31,6500,46544196,0,2992,2898,94,0.00000,2.42403
534F4C31,6500,46547334,0,2991,2897,94,0.00000,2.42403
534F4C31,6500,46549546,0,2993,2894,99,0.00000,2.55297
534F4C31,6501,46551828,0,2995,2896,99,0.00000,2.55297
534F4C31,6502,46555774,0,2993,2899,94,0.00000,2.42403
534F4C31,6503,46559574,0,2996,2895,101,0.00000,2.60454
534F4C31,6504,46565510,0,2993,2896,97,0.00000,2.50139
534F4C31,6505,46568940,0,2995,2892,103,0.00000,2.65612
534F4C31,6505,46574971,0,2995,2896,99,0.00000,2.55297
534F4C31,6505,46577914,0,2992,2894,98,0.00000,2.52718
534F4C31,6506,46580949,0,2990,2894,96,0.00000,2.47560
534F4C31,6506,46586787,0,2990,2894,96,0.00000,2.47560
534F4C31,6506,46589316,0,2992,2895,97,0.00000,2.50139
534F4C31,6506,46591529,0,3000,2893,107,0.00000,2.75927
534F4C31,6506,46596219,0,2997,2896,101,0.00000,2.60454
534F4C31,6506,46598416,0,2994,2893,101,0.00000,2.60454
534F4C31,6506,46600557,0,2995,2895,100,0.00000,2.57875
534F4C31,6506,46602688,0,2996,2893,103,0.00000,2.65612
534F4C31,6506,46604845,0,2992,2896,96,0.00000,2.47560
534F4C31,6506,46607481,0,2993,2897,96,0.00000,2.47560
534F4C31,6507,46610132,0,2992,2894,98,0.00000,2.52718
534F4C31,6507,46614705,0,2995,2895,100,0.00000,2.57875
534F4C31,6507,46616878,0,2993,2893,100,0.00000,2.57875
534F4C31,6507,46618939,0,2996,2897,99,0.00000,2.55297
534F4C31,6507,46622422,0,2994,2895,99,0.00000,2.55297
534F4C31,6507,46624624,0,2995,2894,101,0.00000,2.60454
534F4C31,6507,46626674,0,2992,2897,95,0.00000,2.44982
534F4C31,6507,46628821,0,2993,2893,100,0.00000,2.57875
534F4C31,6508,46631194,0,2995,2896,99,0.00000,2.55297
534F4C31,6509,46635515,0,2994,2894,100,0.00000,2.57875
534F4C31,6510,46639214,0,2991,2898,93,0.00000,2.39824
534F4C31,6511,46645058,0,2995,2898,97,0.00000,2.50139
534F4C31,6511,46647316,0,2994,2897,97,0.00000,2.50139
534F4C31,6511,46652469,0,2991,2897,94,0.00000,2.42403
534F4C31,6511,46654705,0,2996,2897,99,0.00000,2.55297
534F4C31,6511,46657395,0,2991,2896,95,0.00000,2.44982
534F4C31,6512,46660735,0,2993,2893,100,0.00000,2.57875
534F4C31,6513,46664942,0,2994,2894,100,0.00000,2.57875
534F4C31,6514,46668684,0,2995,2895,100,0.00000,2.57875
534F4C31,6515,46674703,0,2994,2896,98,0.00000,2.52718
534F4C31,6515,46678866,0,2991,2894,97,0.00000,2.50139
534F4C31,6515,46682334,0,2999,2892,107,0.00000,2.75927
534F4C31,6515,46685731,0,2997,2898,99,0.00000,2.55297
534F4C31,6515,46688092,0,2991,2894,97,0.00000,2.50139
534F4C31,6515,46690440,0,2997,2896,101,0.00000,2.60454
534F4C31,6515,46692734,0,2993,2894,99,0.00000,2.55297
534F4C31,6515,46694783,0,2997,2897,100,0.00000,2.57875
534F4C31,6515,46696916,0,2992,2898,94,0.00000,2.42403
534F4C31,6515,46699127,0,2994,2894,100,0.00000,2.57875
534F4C31,6515,46701345,0,2998,2893,105,0.00000,2.70769
534F4C31,6515,46703529,0,2995,2895,100,0.00000,2.57875
534F4C31,6515,46705622,0,2992,2895,97,0.00000,2.50139
534F4C31,6515,46707727,0,2996,2895,101,0.00000,2.60454
534F4C31,6516,46710020,0,2993,2897,96,0.00000,2.47560
534F4C31,6517,46714735,0,2994,2896,98,0.00000,2.52718
534F4C31,6518,46719562,0,2995,2897,98,0.00000,2.52718
534F4C31,6518,46725055,0,2996,2898,98,0.00000,2.52718
534F4C31,6518,46727310,0,2999,2896,103,0.00000,2.65612
534F4C31,6519,46730269,0,2996,2894,102,0.00000,2.63033
534F4C31,6520,46734305,0,2997,2895,102,0.00000,2.63033
534F4C31,6521,46738563,0,2998,2898,100,0.00000,2.57875
534F4C31,6521,46745097,0,2995,2896,99,0.00000,2.55297
534F4C31,6521,46747459,0,2994,2894,100,0.00000,2.57875
534F4C31,6521,46749540,0,2989,2896,93,0.00000,2.39824
534F4C31,6521,46752861,0,2993,2892,101,0.00000,2.60454
534F4C31,6521,46755174,0,2996,2891,105,0.00000,2.70769
534F4C31,6521,46757350,0,2995,2890,105,0.00000,2.70769
534F4C31,6521,46759461,0,2991,2891,100,0.00000,2.57875
534F4C31,6521,46761556,0,2997,2891,106,0.00000,2.73348
534F4C31,6521,46763671,0,2994,2893,101,0.00000,2.60454
534F4C31,6522,46766027,0,2993,2894,99,0.00000,2.55297
534F4C31,6523,46770391,0,2992,2892,100,0.00000,2.57875
534F4C31,6524,46774166,0,2997,2891,106,0.00000,2.73348
534F4C31,6525,46780998,0,2995,2895,100,0.00000,2.57875
534F4C31,6525,46786004,0,2997,2890,107,0.00000,2.75927
534F4C31,6525,46789222,0,2996,2894,102,0.00000,2.63033
534F4C31,6525,46791509,0,2994,2892,102,0.00000,2.63033
534F4C31,6525,46794578,0,2996,2893,103,0.00000,2.65612
534F4C31,6525,46796740,0,2994,2889,105,0.00000,2.70769
534F4C31,6525,46798830,0,2997,2890,107,0.00000,2.75927
534F4C31,6525,46801053,0,2997,2892,105,0.00000,2.70769
534F4C31,6525,46803296,0,2996,2889,107,0.00000,2.75927
534F4C31,6525,46805347,0,2995,2891,104,0.00000,2.68190
534F4C31,6525,46807440,0,2994,2890,104,0.00000,2.68190
534F4C31,6525,46809438,0,2994,2891,103,0.00000,2.65612
534F4C31,6526,46812301,0,2996,2891,105,0.00000,2.70769
534F4C31,6527,46816226,0,2991,2895,96,0.00000,2.47560
534F4C31,6528,46819930,0,2995,2889,106,0.00000,2.73348
534F4C31,6529,46826192,0,2995,2890,105,0.00000,2.70769
534F4C31,6529,46831338,0,2993,2891,102,0.00000,2.63033
534F4C31,6529,46834211,0,2996,2891,105,0.00000,2.70769
534F4C31,6529,46837341,0,2997,2890,107,0.00000,2.75927
534F4C31,6529,46839623,0,2995,2892,103,0.00000,2.65612
534F4C31,6529,46841842,0,2995,2891,104,0.00000,2.68190
534F4C31,6529,46844082,0,2993,2892,101,0.00000,2.60454
534F4C31,6529,46846127,0,2996,2889,107,0.00000,2.75927
534F4C31,6529,46848209,0,2992,2892,100,0.00000,2.57875
534F4C31,6529,46850240,0,2993,2891,102,0.00000,2.63033
534F4C31,6530,46852595,0,2997,2892,105,0.00000,2.70769
534F4C31,6531,46856320,0,2995,2891,104,0.00000,2.68190
534F4C31,6532,46860197,0,2995,2895,100,0.00000,2.57875
534F4C31,6533,46864574,0,2996,2892,104,0.00000,2.68190
534F4C31,6533,46870867,0,2997,2892,105,0.00000,2.70769
534F4C31,6533,46873187,0,2999,2894,105,0.00000,2.70769
534F4C31,6534,46876604,0,2995,2895,100,0.00000,2.57875
534F4C31,6535,46880462,0,2996,2895,101,0.00000,2.60454
534F4C31,6535,46884722,0,2995,2892,103,0.00000,2.65612
534F4C31,6535,46887016,0,2994,2891,103,0.00000,2.65612
534F4C31,6536,46890035,0,2995,2893,102,0.00000,2.63033
534F4C31,6536,46895921,0,2997,2891,106,0.00000,2.73348
534F4C31,6536,46898553,0,2990,2898,92,0.00000,2.37245
534F4C31,6536,46901846,0,2994,2892,102,0.00000,2.63033
534F4C31,6536,46904863,0,2992,2893,99,0.00000,2.55297
534F4C31,6536,46906967,0,2993,2890,103,0.00000,2.65612
534F4C31,6536,46909042,0,2995,2895,100,0.00000,2.57875
534F4C31,6537,46911337,0,2992,2893,99,0.00000,2.55297
534F4C31,6538,46915630,0,2992,2891,101,0.00000,2.60454
534F4C31,6538,46920180,0,2994,2890,104,0.00000,2.68190
534F4C31,6538,46924778,0,2995,2890,105,0.00000,2.70769
534F4C31,6539,46927000,0,2996,2894,102,0.00000,2.63033
534F4C31,6540,46930692,0,2993,2892,101,0.00000,2.60454
534F4C31,6541,46936551,0,2994,2891,103,0.00000,2.65612
534F4C31,6541,46940643,0,2996,2891,105,0.00000,2.70769
534F4C31,6541,46944434,0,2997,2893,104,0.00000,2.68190
534F4C31,6541,46947137,0,2993,2890,103,0.00000,2.65612
534F4C31,6541,46950150,0,2994,2890,104,0.00000,2.68190
534F4C31,6542,46952559,0,2995,2892,103,0.00000,2.65612
534F4C31,6543,46956605,0,2999,2890,109,0.00000,2.81084
534F4C31,6543,46960624,0,2998,2894,104,0.00000,2.68190
534F4C31,6544,46964917,0,2995,2891,104,0.00000,2.68190
534F4C31,6545,46969556,0,2995,2893,102,0.00000,2.63033
534F4C31,6546,46972561,0,2994,2890,104,0.00000,2.68190
534F4C31,6546,46977066,0,2992,2896,96,0.00000,2.47560
534F4C31,6546,46981924,0,2992,2891,101,0.00000,2.60454
534F4C31,6546,46984154,0,2996,2893,103,0.00000,2.65612
534F4C31,6546,46986957,0,2992,2890,102,0.00000,2.63033
534F4C31,6546,46989904,0,2996,2893,103,0.00000,2.65612
534F4C31,6547,46992171,0,2989,2891,98,0.00000,2.52718
534F4C31,6547,46996963,0,2997,2890,107,0.00000,2.75927
534F4C31,6547,46999088,0,2996,2891,105,0.00000,2.70769
534F4C31,6547,47002187,0,2995,2892,103,0.00000,2.65612
534F4C31,6547,47004363,0,2996,2890,106,0.00000,2.73348
534F4C31,6547,47006438,0,2996,2893,103,0.00000,2.65612
534F4C31,6547,47008761,0,2995,2892,103,0.00000,2.65612
534F4C31,6548,47010985,0,2994,2891,103,0.00000,2.65612
534F4C31,6548,47015254,0,2995,2891,104,0.00000,2.68190
534F4C31,6548,47017732,0,2991,2891,100,0.00000,2.57875
534F4C31,6548,47019958,0,2995,2891,104,0.00000,2.68190
534F4C31,6548,47023464,0,2998,2893,105,0.00000,2.70769
534F4C31,6549,47025778,0,2998,2891,107,0.00000,2.75927
534F4C31,6550,47028982,0,2995,2889,106,0.00000,2.73348
534F4C31,6551,47032694,0,2993,2890,103,0.00000,2.65612
534F4C31,6552,47037615,0,2996,2897,99,0.00000,2.55297
534F4C31,6552,47042791,0,2995,2891,104,0.00000,2.68190
534F4C31,6552,47046372,0,2993,2890,103,0.00000,2.65612
534F4C31,6552,47050581,0,2996,2893,103,0.00000,2.65612
534F4C31,6552,47052750,0,3000,2894,106,0.00000,2.73348
534F4C31,6553,47054970,0,3001,2893,108,0.00000,2.78505
534F4C31,6554,47059017,0,2994,2890,104,0.00000,2.68190
534F4C31,6555,47063880,0,2994,2892,102,0.00000,2.63033
534F4C31,6555,47068145,0,2995,2893,102,0.00000,2.63033
534F4C31,6555,47072621,0,2993,2889,104,0.00000,2.68190
534F4C31,6555,47075573,0,2998,2892,106,0.00000,2.73348
534F4C31,6555,47077730,0,2995,2889,106,0.00000,2.73348
534F4C31,6555,47080932,0,2996,2892,104,0.00000,2.68190
534F4C31,6555,47083172,0,2995,2893,102,0.00000,2.63033
534F4C31,6555,47085223,0,2991,2895,96,0.00000,2.47560
534F4C31,6555,47087364,0,2993,2893,100,0.00000,2.57875
534F4C31,6555,47089500,0,2997,2891,106,0.00000,2.73348
534F4C31,6555,47091684,0,2992,2892,100,0.00000,2.57875
534F4C31,6555,47093875,0,2995,2892,103,0.00000,2.65612
534F4C31,6555,47096248,0,2998,2894,104,0.00000,2.68190
534F4C31,6555,47099522,0,2996,2889,107,0.00000,2.75927
534F4C31,6555,47101853,0,2992,2891,101,0.00000,2.60454
534F4C31,6555,47104201,0,2996,2893,103,0.00000,2.65612
534F4C31,6556,47106300,0,2992,2892,100,0.00000,2.57875
534F4C31,6557,47110974,0,2995,2893,102,0.00000,2.63033
534F4C31,6558,47114710,0,2996,2892,104,0.00000,2.68190
534F4C31,6559,47120733,0,2997,2894,103,0.00000,2.65612
534F4C31,6559,47124328,0,2992,2892,100,0.00000,2.57875
534F4C31,6560,47128563,0,2994,2892,102,0.00000,2.63033
534F4C31,6561,47133736,0,2996,2892,104,0.00000,2.68190
534F4C31,6562,47137781,0,3000,2896,104,0.00000,2.68190
534F4C31,6562,47143889,0,2999,2894,105,0.00000,2.70769
534F4C31,6562,47146833,0,2996,2892,104,0.00000,2.68190
534F4C31,6563,47149406,0,2996,2893,103,0.00000,2.65612
534F4C31,6564,47154273,0,2995,2891,104,0.00000,2.68190
534F4C31,6564,47156500,0,2997,2894,103,0.00000,2.65612
534F4C31,6564,47160366,0,2996,2892,104,0.00000,2.68190
534F4C31,6564,47163735,0,3000,2892,108,0.00000,2.78505
534F4C31,6564,47165919,0,2990,2888,102,0.00000,2.63033
534F4C31,6565,47168699,0,2992,2896,96,0.00000,2.47560
534F4C31,6565,47173625,0,2999,2891,108,0.00000,2.78505
534F4C31,6565,47176050,0,2995,2890,105,0.00000,2.70769
534F4C31,6565,47179808,0,2996,2892,104,0.00000,2.68190
534F4C31,6565,47182044,0,2999,2893,106,0.00000,2.73348
534F4C31,6565,47184849,0,2997,2895,102,0.00000,2.63033
534F4C31,6565,47187448,0,2995,2891,104,0.00000,2.68190
534F4C31,6565,47189480,0,2993,2891,102,0.00000,2.63033
534F4C31,6565,47191645,0,2995,2893,102,0.00000,2.63033
534F4C31,6565,47193745,0,2996,2891,105,0.00000,2.70769
534F4C31,6565,47195937,0,2995,2890,105,0.00000,2.70769
534F4C31,6565,47198553,0,2995,2892,103,0.00000,2.65612
534F4C31,6565,47200951,0,2997,2892,105,0.00000,2.70769
534F4C31,6565,47203303,0,2994,2891,103,0.00000,2.65612
534F4C31,6565,47205365,0,2993,2892,101,0.00000,2.60454
534F4C31,6565,47207434,0,2995,2893,102,0.00000,2.63033
534F4C31,6566,47209688,0,2997,2890,107,0.00000,2.75927
534F4C31,6567,47213246,0,2994,2894,100,0.00000,2.57875
534F4C31,6568,47218372,0,3000,2890,110,0.00000,2.83663
534F4C31,6569,47222179,0,2995,2892,103,0.00000,2.65612
534F4C31,6570,47228347,0,2996,2891,105,0.00000,2.70769
534F4C31,6570,47232337,0,2994,2891,103,0.00000,2.65612
534F4C31,6570,47236918,0,2994,2894,100,0.00000,2.57875
534F4C31,6570,47239822,0,2994,2890,104,0.00000,2.68190
534F4C31,6570,47242074,0,2993,2889,104,0.00000,2.68190
534F4C31,6571,47245315,0,2994,2894,100,0.00000,2.57875
534F4C31,6571,47249847,0,2998,2892,106,0.00000,2.73348
534F4C31,6571,47252443,0,2996,2892,104,0.00000,2.68190
534F4C31,6571,47254942,0,2995,2893,102,0.00000,2.63033
534F4C31,6571,47257550,0,2995,2894,101,0.00000,2.60454
534F4C31,6571,47260447,0,2993,2893,100,0.00000,2.57875
534F4C31,6571,47262609,0,2999,2894,105,0.00000,2.70769
534F4C31,6571,47264851,0,3000,2894,106,0.00000,2.73348
534F4C31,6571,47267021,0,2996,2893,103,0.00000,2.65612
534F4C31,6572,47269060,0,2994,2890,104,0.00000,2.68190
534F4C31,6573,47271957,0,2992,2892,100,0.00000,2.57875
534F4C31,6574,47277366,0,2996,2892,104,0.00000,2.68190
534F4C31,6575,47284391,0,2996,2890,106,0.00000,2.73348
534F4C31,6575,47290511,0,2996,2890,106,0.00000,2.73348
534F4C31,6576,47292912,0,2992,2891,101,0.00000,2.60454
534F4C31,6576,47298678,0,2996,2890,106,0.00000,2.73348
534F4C31,6576,47301422,0,2993,2890,103,0.00000,2.65612
534F4C31,6577,47303871,0,2996,2892,104,0.00000,2.68190
534F4C31,6577,47308509,0,2993,2889,104,0.00000,2.68190
534F4C31,6577,47311853,0,2990,2893,97,0.00000,2.50139
534F4C31,6577,47313980,0,2999,2891,108,0.00000,2.78505
534F4C31,6577,47317590,0,2997,2892,105,0.00000,2.70769
534F4C31,6577,47319910,0,2997,2889,108,0.00000,2.78505
534F4C31,6577,47322137,0,2994,2892,102,0.00000,2.63033
534F4C31,6577,47324380,0,2998,2893,105,0.00000,2.70769
534F4C31,6577,47326441,0,2996,2891,105,0.00000,2.70769
534F4C31,6577,47328508,0,2998,2890,108,0.00000,2.78505
534F4C31,6578,47330661,0,2993,2895,98,0.00000,2.52718
534F4C31,6579,47334709,0,2996,2892,104,0.00000,2.68190
534F4C31,6580,47337838,0,2993,2893,100,0.00000,2.57875
534F4C31,6581,47341891,0,2995,2896,99,0.00000,2.55297
534F4C31,6582,47345792,0,2995,2896,99,0.00000,2.55297
534F4C31,6582,47351669,0,2995,2893,102,0.00000,2.63033
534F4C31,6582,47354540,0,2996,2891,105,0.00000,2.70769
534F4C31,6583,47357348,0,2999,2891,108,0.00000,2.78505
534F4C31,6583,47361741,0,2996,2892,104,0.00000,2.68190
534F4C31,6583,47364494,0,2991,2893,98,0.00000,2.52718
534F4C31,6584,47367374,0,2999,2890,109,0.00000,2.81084
534F4C31,6584,47371295,0,2995,2887,108,0.00000,2.78505
534F4C31,6584,47375105,0,2995,2884,111,0.00000,2.86242
534F4C31,6585,47377420,0,2995,2889,106,0.00000,2.73348
534F4C31,6585,47382958,0,3000,2887,113,0.00000,2.91399
534F4C31,6585,47385268,0,2996,2888,108,0.00000,2.78505
534F4C31,6586,47388027,0,2993,2889,104,0.00000,2.68190
534F4C31,6587,47392370,0,2995,2889,106,0.00000,2.73348
534F4C31,6588,47396920,0,2995,2885,110,0.00000,2.83663
534F4C31,6589,47403512,0,2994,2888,106,0.00000,2.73348
534F4C31,6589,47406534,0,2996,2884,112,0.00000,2.88821
534F4C31,6590,47410094,0,3000,2888,112,0.00000,2.88821
534F4C31,6591,47414201,0,2994,2889,105,0.00000,2.70769
534F4C31,6592,47418603,0,2995,2888,107,0.00000,2.75927
534F4C31,6592,47425197,0,2997,2887,110,0.00000,2.83663
534F4C31,6592,47428163,0,2991,2889,102,0.00000,2.63033
534F4C31,6592,47431438,0,2997,2890,107,0.00000,2.75927
534F4C31,6592,47433681,0,2992,2891,101,0.00000,2.60454
534F4C31,6592,47435971,0,2994,2891,103,0.00000,2.65612
534F4C31,6592,47438173,0,2992,2887,105,0.00000,2.70769
534F4C31,6592,47440261,0,2993,2893,100,0.00000,2.57875
534F4C31,6592,47442366,0,2994,2890,104,0.00000,2.68190
534F4C31,6592,47444544,0,2993,2887,106,0.00000,2.73348
534F4C31,6592,47446711,0,2992,2886,106,0.00000,2.73348
534F4C31,6592,47448849,0,2998,2888,110,0.00000,2.83663
534F4C31,6592,47450938,0,2993,2888,105,0.00000,2.70769
534F4C31,6592,47453159,0,2999,2883,116,0.00000,2.99136
534F4C31,6593,47455404,0,2992,2890,102,0.00000,2.63033
534F4C31,6593,47459675,0,2997,2886,111,0.00000,2.86242
534F4C31,6593,47462588,0,2992,2887,105,0.00000,2.70769
534F4C31,6593,47465433,0,2993,2888,105,0.00000,2.70769
534F4C31,6593,47468478,0,2996,2890,106,0.00000,2.73348
534F4C31,6593,47470824,0,2996,2889,107,0.00000,2.75927
534F4C31,6593,47472870,0,2994,2888,106,0.00000,2.73348
534F4C31,6593,47474977,0,2995,2889,106,0.00000,2.73348
534F4C31,6593,47478381,0,2993,2888,105,0.00000,2.70769
534F4C31,6593,47480688,0,2996,2889,107,0.00000,2.75927
534F4C31,6593,47483096,0,3000,2887,113,0.00000,2.91399
534F4C31,6593,47485734,0,2995,2885,110,0.00000,2.83663
534F4C31,6593,47487973,0,2997,2887,110,0.00000,2.83663
534F4C31,6593,47490277,0,2996,2889,107,0.00000,2.75927
534F4C31,6594,47492545,0,2993,2887,106,0.00000,2.73348
534F4C31,6595,47495824,0,2996,2888,108,0.00000,2.78505
534F4C31,6596,47500380,0,2996,2890,106,0.00000,2.73348
534F4C31,6597,47506687,0,2992,2891,101,0.00000,2.60454
534F4C31,6597,47511474,0,2994,2889,105,0.00000,2.70769
534F4C31,6597,47513770,0,2996,2888,108,0.00000,2.78505
534F4C31,6598,47518425,0,2998,2887,111,0.00000,2.86242
534F4C31,6599,47522379,0,2994,2887,107,0.00000,2.75927
534F4C31,6600,47528288,0,2989,2888,101,0.00000,2.60454
534F4C31,6600,47532404,0,2989,2885,104,0.00000,2.68190
534F4C31,6600,47536564,0,2994,2882,112,0.00000,2.88821
534F4C31,6600,47539587,0,2994,2884,110,0.00000,2.83663
534F4C31,6600,47541813,0,2994,2889,105,0.00000,2.70769
534F4C31,6600,47544329,0,2992,2889,103,0.00000,2.65612
534F4C31,6600,47546844,0,2992,2889,103,0.00000,2.65612
534F4C31,6600,47549149,0,2998,2892,106,0.00000,2.73348
534F4C31,6600,47551333,0,2993,2889,104,0.00000,2.68190
534F4C31,6600,47553422,0,2992,2890,102,0.00000,2.63033
534F4C31,6600,47555498,0,2995,2888,107,0.00000,2.75927
534F4C31,6600,47557579,0,2996,2888,108,0.00000,2.78505
534F4C31,6601,47559960,0,2992,2892,100,0.00000,2.57875
534F4C31,6602,47564316,0,2989,2888,101,0.00000,2.60454
534F4C31,6603,47568099,0,2995,2887,108,0.00000,2.78505
534F4C31,6604,47574191,0,2993,2890,103,0.00000,2.65612
534F4C31,6604,47577185,0,2990,2886,104,0.00000,2.68190
534F4C31,6604,47582004,0,2999,2887,112,0.00000,2.88821
534F4C31,6604,47584252,0,2990,2887,103,0.00000,2.65612
534F4C31,6604,47588550,0,2998,2886,112,0.00000,2.88821
534F4C31,6604,47590748,0,2995,2887,108,0.00000,2.78505
534F4C31,6604,47592852,0,2996,2889,107,0.00000,2.75927
534F4C31,6604,47595043,0,2993,2894,99,0.00000,2.55297
534F4C31,6604,47597272,0,2998,2892,106,0.00000,2.73348
534F4C31,6605,47599407,0,2995,2886,109,0.00000,2.81084
534F4C31,6606,47604029,0,2997,2889,108,0.00000,2.78505
534F4C31,6607,47607701,0,2993,2885,108,0.00000,2.78505
534F4C31,6608,47612963,0,2998,2890,108,0.00000,2.78505
534F4C31,6608,47617896,0,2995,2890,105,0.00000,2.70769
534F4C31,6608,47620192,0,2996,2887,109,0.00000,2.81084
534F4C31,6609,47624590,0,2996,2889,107,0.00000,2.75927
534F4C31,6610,47627860,0,2995,2887,108,0.00000,2.78505
534F4C31,6611,47634081,0,2993,2886,107,0.00000,2.75927
534F4C31,6612,47639897,0,2996,2891,105,0.00000,2.70769
534F4C31,6612,47644141,0,2993,2890,103,0.00000,2.65612
534F4C31,6612,47646946,0,2996,2886,110,0.00000,2.83663
534F4C31,6613,47650051,0,2996,2890,106,0.00000,2.73348
534F4C31,6614,47654940,0,2994,2887,107,0.00000,2.75927
534F4C31,6614,47659408,0,2995,2886,109,0.00000,2.81084
534F4C31,6614,47661765,0,2999,2886,113,0.00000,2.91399
534F4C31,6614,47666233,0,2998,2887,111,0.00000,2.86242
534F4C31,6614,47668459,0,2992,2885,107,0.00000,2.75927
534F4C31,6614,47671272,0,2993,2889,104,0.00000,2.68190
534F4C31,6614,47673656,0,2996,2885,111,0.00000,2.86242
534F4C31,6614,47675797,0,2995,2890,105,0.00000,2.70769
534F4C31,6614,47677972,0,2994,2887,107,0.00000,2.75927
534F4C31,6614,47680059,0,2995,2892,103,0.00000,2.65612
534F4C31,6614,47682227,0,2992,2883,109,0.00000,2.81084
534F4C31,6614,47684403,0,2995,2889,106,0.00000,2.73348
534F4C31,6614,47686578,0,2995,2889,106,0.00000,2.73348
534F4C31,6614,47688684,0,2995,2887,108,0.00000,2.78505
534F4C31,6614,47690814,0,2996,2886,110,0.00000,2.83663
534F4C31,6614,47692885,0,2996,2888,108,0.00000,2.78505
534F4C31,6614,47695018,0,2995,2886,109,0.00000,2.81084
534F4C31,6614,47697188,0,2996,2888,108,0.00000,2.78505
534F4C31,6614,47699328,0,2997,2886,111,0.00000,2.86242
534F4C31,6614,47701381,0,2992,2888,104,0.00000,2.68190
534F4C31,6615,47703508,0,2993,2892,101,0.00000,2.60454
534F4C31,6616,47708911,0,2998,2888,110,0.00000,2.83663
534F4C31,6617,47713266,0,2995,2889,106,0.00000,2.73348
534F4C31,6618,47719501,0,2998,2887,111,0.00000,2.86242
534F4C31,6618,47722689,0,2997,2886,111,0.00000,2.86242
534F4C31,6618,47725239,0,2997,2890,107,0.00000,2.75927
534F4C31,6619,47729479,0,2997,2889,108,0.00000,2.78505
534F4C31,6619,47733145,0,2995,2892,103,0.00000,2.65612
534F4C31,6619,47738210,0,2994,2889,105,0.00000,2.70769
534F4C31,6619,47740458,0,2991,2887,104,0.00000,2.68190
534F4C31,6619,47743377,0,2995,2889,106,0.00000,2.73348
534F4C31,6619,47746408,0,2997,2888,109,0.00000,2.81084
534F4C31,6619,47748683,0,2995,2888,107,0.00000,2.75927
534F4C31,6619,47750708,0,2994,2888,106,0.00000,2.73348
534F4C31,6619,47752857,0,2998,2888,110,0.00000,2.83663
534F4C31,6619,47755091,0,2995,2889,106,0.00000,2.73348
534F4C31,6620,47757237,0,3000,2888,112,0.00000,2.88821
534F4C31,6621,47761877,0,2997,2884,113,0.00000,2.91399
534F4C31,6622,47765555,0,2997,2890,107,0.00000,2.75927
534F4C31,6623,47771826,0,2995,2885,110,0.00000,2.83663
534F4C31,6623,47776617,0,2993,2887,106,0.00000,2.73348
534F4C31,6623,47778790,0,2996,2883,113,0.00000,2.91399
534F4C31,6624,47783052,0,2992,2888,104,0.00000,2.68190
534F4C31,6624,47786712,0,2996,2887,109,0.00000,2.81084
534F4C31,6624,47788924,0,2996,2888,108,0.00000,2.78505
534F4C31,6625,47793382,0,2995,2888,107,0.00000,2.75927
534F4C31,6625,47796796,0,2997,2887,110,0.00000,2.83663
534F4C31,6625,47800146,0,2994,2889,105,0.00000,2.70769
534F4C31,6626,47804645,0,2996,2886,110,0.00000,2.83663
534F4C31,6627,47808322,0,2994,2884,110,0.00000,2.83663
534F4C31,6628,47814628,0,2993,2886,107,0.00000,2.75927
534F4C31,6628,47818518,0,2989,2887,102,0.00000,2.63033
534F4C31,6629,47821486,0,2995,2882,113,0.00000,2.91399
534F4C31,6629,47825586,0,2995,2886,109,0.00000,2.81084
534F4C31,6629,47828966,0,2996,2888,108,0.00000,2.78505
534F4C31,6629,47833274,0,2997,2886,111,0.00000,2.86242
534F4C31,6629,47836233,0,2991,2888,103,0.00000,2.65612
534F4C31,6629,47839256,0,2992,2888,104,0.00000,2.68190
534F4C31,6629,47841437,0,2996,2888,108,0.00000,2.78505
534F4C31,6629,47843632,0,2994,2888,106,0.00000,2.73348
534F4C31,6629,47845897,0,3000,2885,115,0.00000,2.96557
534F4C31,6629,47848123,0,2994,2889,105,0.00000,2.70769
534F4C31,6629,47850245,0,2995,2886,109,0.00000,2.81084
534F4C31,6629,47852315,0,2997,2887,110,0.00000,2.83663
534F4C31,6629,47854353,0,2995,2888,107,0.00000,2.75927
534F4C31,6629,47856505,0,2997,2885,112,0.00000,2.88821
534F4C31,6629,47858716,0,2993,2888,105,0.00000,2.70769
534F4C31,6630,47860846,0,2995,2887,108,0.00000,2.78505
534F4C31,6631,47865938,0,2996,2885,111,0.00000,2.86242
534F4C31,6632,47870540,0,2997,2890,107,0.00000,2.75927
534F4C31,6632,47874589,0,2998,2889,109,0.00000,2.81084
534F4C31,6632,47877317,0,2994,2889,105,0.00000,2.70769
534F4C31,6633,47879393,0,2996,2887,109,0.00000,2.81084
534F4C31,6633,47885413,0,2991,2891,100,0.00000,2.57875
534F4C31,6633,47887606,0,2994,2889,105,0.00000,2.70769
534F4C31,6634,47890405,0,2994,2888,106,0.00000,2.73348
534F4C31,6634,47895413,0,2998,2888,110,0.00000,2.83663
534F4C31,6634,47898251,0,2993,2884,109,0.00000,2.81084
534F4C31,6635,47901812,0,2995,2890,105,0.00000,2.70769
534F4C31,6636,47906008,0,2992,2886,106,0.00000,2.73348
534F4C31,6637,47910313,0,2998,2888,110,0.00000,2.83663
534F4C31,6637,47915229,0,2995,2885,110,0.00000,2.83663
534F4C31,6637,47918147,0,2995,2888,107,0.00000,2.75927
534F4C31,6637,47920905,0,2994,2889,105,0.00000,2.70769
534F4C31,6637,47923919,0,2993,2886,107,0.00000,2.75927
534F4C31,6637,47926175,0,2996,2886,110,0.00000,2.83663
534F4C31,6637,47928478,0,2992,2889,103,0.00000,2.65612
534F4C31,6637,47930746,0,2995,2888,107,0.00000,2.75927
534F4C31,6637,47932871,0,2997,2892,105,0.00000,2.70769
534F4C31,6638,47934909,0,2997,2888,109,0.00000,2.81084
534F4C31,6639,47937786,0,2995,2886,109,0.00000,2.81084
534F4C31,6640,47942154,0,2994,2893,101,0.00000,2.60454
534F4C31,6641,47947980,0,2996,2891,105,0.00000,2.70769
534F4C31,6641,47952845,0,2995,2887,108,0.00000,2.78505
534F4C31,6641,47957439,0,3000,2887,113,0.00000,2.91399
534F4C31,6641,47960159,0,2994,2890,104,0.00000,2.68190
534F4C31,6641,47962636,0,2995,2888,107,0.00000,2.75927
534F4C31,6642,47965863,0,2996,2892,104,0.00000,2.68190
534F4C31,6643,47970861,0,2989,2886,103,0.00000,2.65612
534F4C31,6644,47974633,0,2995,2881,114,0.00000,2.93978
534F4C31,6644,47980028,0,2994,2882,112,0.00000,2.88821
534F4C31,6644,47982687,0,2997,2886,111,0.00000,2.86242
534F4C31,6644,47985829,0,2994,2885,109,0.00000,2.81084
534F4C31,6645,47988834,0,2994,2887,107,0.00000,2.75927
534F4C31,6645,47992225,0,2996,2884,112,0.00000,2.88821
534F4C31,6645,47995773,0,2998,2885,113,0.00000,2.91399
534F4C31,6645,47998679,0,2993,2885,108,0.00000,2.78505
534F4C31,6645,48001366,0,2995,2880,115,0.00000,2.96557
534F4C31,6645,48004069,0,2997,2881,116,0.00000,2.99136
534F4C31,6645,48006277,0,2993,2881,112,0.00000,2.88821
534F4C31,6645,48008604,0,2999,2878,121,0.00000,3.12029
534F4C31,6645,48010797,0,2995,2887,108,0.00000,2.78505
534F4C31,6645,48012989,0,2995,2884,111,0.00000,2.86242
534F4C31,6645,48015013,0,2993,2884,109,0.00000,2.81084
534F4C31,6645,48017523,0,2995,2884,111,0.00000,2.86242
534F4C31,6646,48019719,0,2993,2879,114,0.00000,2.93978
534F4C31,6647,48023680,0,2991,2879,112,0.00000,2.88821
534F4C31,6648,48028143,0,2994,2879,115,0.00000,2.96557
534F4C31,6649,48034736,0,2993,2884,109,0.00000,2.81084
534F4C31,6649,48039955,0,2994,2884,110,0.00000,2.83663
534F4C31,6649,48042173,0,2997,2882,115,0.00000,2.96557
534F4C31,6650,48045664,0,2993,2878,115,0.00000,2.96557
534F4C31,6650,48050602,0,2993,2882,111,0.00000,2.86242
534F4C31,6650,48052821,0,2990,2880,110,0.00000,2.83663
534F4C31,6650,48054970,0,3000,2883,117,0.00000,3.01714
534F4C31,6650,48058729,0,2994,2882,112,0.00000,2.88821
534F4C31,6650,48061100,0,2997,2881,116,0.00000,2.99136
534F4C31,6650,48063274,0,2995,2884,111,0.00000,2.86242
534F4C31,6650,48065382,0,2994,2886,108,0.00000,2.78505
534F4C31,6650,48067457,0,2996,2880,116,0.00000,2.99136
534F4C31,6650,48069645,0,2992,2885,107,0.00000,2.75927
534F4C31,6651,48071871,0,2993,2882,111,0.00000,2.86242
534F4C31,6652,48076611,0,2996,2878,118,0.00000,3.04293
534F4C31,6653,48080313,0,2996,2884,112,0.00000,2.88821
534F4C31,6654,48086740,0,2998,2878,120,0.00000,3.09451
534F4C31,6654,48090423,0,2997,2883,114,0.00000,2.93978
534F4C31,6654,48094962,0,2995,2882,113,0.00000,2.91399
534F4C31,6654,48097742,0,2994,2883,111,0.00000,2.86242
534F4C31,6654,48099947,0,2993,2884,109,0.00000,2.81084
534F4C31,6655,48103228,0,2995,2883,112,0.00000,2.88821
534F4C31,6655,48108208,0,2994,2880,114,0.00000,2.93978
534F4C31,6655,48110476,0,2996,2887,109,0.00000,2.81084
534F4C31,6655,48113350,0,2997,2885,112,0.00000,2.88821
534F4C31,6655,48115821,0,2994,2884,110,0.00000,2.83663
534F4C31,6655,48117872,0,2996,2885,111,0.00000,2.86242
534F4C31,6655,48120393,0,2990,2884,106,0.00000,2.73348
534F4C31,6656,48123692,0,2998,2881,117,0.00000,3.01714
534F4C31,6657,48128173,0,2997,2884,113,0.00000,2.91399
534F4C31,6658,48131965,0,2996,2881,115,0.00000,2.96557
534F4C31,6659,48137572,0,2994,2881,113,0.00000,2.91399
534F4C31,6660,48142527,0,2992,2883,109,0.00000,2.81084
534F4C31,6660,48148331,0,2993,2882,111,0.00000,2.86242
534F4C31,6660,48150969,0,2992,2885,107,0.00000,2.75927
534F4C31,6660,48154153,0,2994,2884,110,0.00000,2.83663
534F4C31,6660,48156617,0,2997,2885,112,0.00000,2.88821
534F4C31,6660,48158638,0,2990,2881,109,0.00000,2.81084
534F4C31,6660,48160707,0,2996,2880,116,0.00000,2.99136
534F4C31,6660,48162893,0,2995,2885,110,0.00000,2.83663
534F4C31,6660,48165137,0,2993,2885,108,0.00000,2.78505
534F4C31,6661,48167402,0,2993,2885,108,0.00000,2.78505
534F4C31,6662,48171714,0,2998,2886,112,0.00000,2.88821
534F4C31,6663,48176292,0,2992,2879,113,0.00000,2.91399
534F4C31,6664,48183343,0,2999,2882,117,0.00000,3.01714
534F4C31,6664,48187548,0,2993,2885,108,0.00000,2.78505
534F4C31,6665,48190745,0,2995,2884,111,0.00000,2.86242
534F4C31,6666,48194773,0,2991,2884,107,0.00000,2.75927
534F4C31,6666,48198737,0,2995,2881,114,0.00000,2.93978
534F4C31,6666,48203819,0,2994,2885,109,0.00000,2.81084
534F4C31,6667,48207234,0,2995,2883,112,0.00000,2.88821
534F4C31,6668,48211147,0,2998,2884,114,0.00000,2.93978
534F4C31,6668,48216799,0,3000,2885,115,0.00000,2.96557
534F4C31,6668,48218979,0,2998,2887,111,0.00000,2.86242
534F4C31,6669,48223964,0,3000,2882,118,0.00000,3.04293
534F4C31,6669,48227636,0,3000,2881,119,0.00000,3.06872
534F4C31,6670,48230084,0,2994,2883,111,0.00000,2.86242
534F4C31,6670,48234948,0,2997,2885,112,0.00000,2.88821
534F4C31,6670,48238688,0,2995,2885,110,0.00000,2.83663
534F4C31,6670,48240940,0,2995,2879,116,0.00000,2.99136
534F4C31,6671,48243935,0,2998,2884,114,0.00000,2.93978
534F4C31,6672,48249563,0,3000,2882,118,0.00000,3.04293
534F4C31,6672,48253002,0,3000,2885,115,0.00000,2.96557
534F4C31,6672,48257107,0,2999,2885,114,0.00000,2.93978
534F4C31,6672,48259977,0,2992,2886,106,0.00000,2.73348
534F4C31,6672,48262341,0,2998,2880,118,0.00000,3.04293
534F4C31,6672,48264596,0,2995,2884,111,0.00000,2.86242
534F4C31,6672,48267808,0,2992,2880,112,0.00000,2.88821
534F4C31,6672,48269915,0,2995,2879,116,0.00000,2.99136
534F4C31,6672,48272073,0,2996,2884,112,0.00000,2.88821
534F4C31,6672,48274356,0,2994,2880,114,0.00000,2.93978
534F4C31,6672,48276455,0,2995,2879,116,0.00000,2.99136
534F4C31,6672,48278529,0,2994,2879,115,0.00000,2.96557
534F4C31,6672,48280619,0,2996,2884,112,0.00000,2.88821
534F4C31,6672,48282931,0,2993,2882,111,0.00000,2.86242
534F4C31,6672,48285220,0,2998,2886,112,0.00000,2.88821
534F4C31,6672,48287394,0,2994,2883,111,0.00000,2.86242
534F4C31,6672,48289487,0,2995,2882,113,0.00000,2.91399
534F4C31,6672,48291580,0,2998,2884,114,0.00000,2.93978
534F4C31,6672,48293659,0,2995,2879,116,0.00000,2.99136
534F4C31,6673,48296013,0,2995,2885,110,0.00000,2.83663
534F4C31,6674,48300405,0,2995,2881,114,0.00000,2.93978
534F4C31,6675,48305921,0,2997,2883,114,0.00000,2.93978
534F4C31,6675,48308654,0,2996,2885,111,0.00000,2.86242
534F4C31,6675,48312723,0,2995,2879,116,0.00000,2.99136
534F4C31,6676,48316510,0,2997,2879,118,0.00000,3.04293
534F4C31,6677,48321385,0,2992,2881,111,0.00000,2.86242
534F4C31,6677,48326938,0,2995,2884,111,0.00000,2.86242
534F4C31,6677,48329777,0,2992,2881,111,0.00000,2.86242
534F4C31,6677,48332504,0,2995,2883,112,0.00000,2.88821
534F4C31,6677,48334787,0,2990,2885,105,0.00000,2.70769
534F4C31,6677,48337987,0,2997,2883,114,0.00000,2.93978
534F4C31,6677,48340182,0,2996,2880,116,0.00000,2.99136
534F4C31,6677,48342194,0,2997,2884,113,0.00000,2.91399
534F4C31,6677,48344347,0,2992,2885,107,0.00000,2.75927
534F4C31,6678,48346573,0,2998,2882,116,0.00000,2.99136
534F4C31,6679,48350974,0,2995,2886,109,0.00000,2.81084
534F4C31,6680,48354906,0,2995,2882,113,0.00000,2.91399
534F4C31,6681,48360729,0,2995,2880,115,0.00000,2.96557
534F4C31,6681,48364356,0,2993,2882,111,0.00000,2.86242
534F4C31,6681,48368844,0,2996,2883,113,0.00000,2.91399
534F4C31,6682,48371714,0,2995,2882,113,0.00000,2.91399
534F4C31,6682,48375909,0,2995,2884,111,0.00000,2.86242
534F4C31,6682,48379099,0,2995,2884,111,0.00000,2.86242
534F4C31,6682,48381378,0,2995,2881,114,0.00000,2.93978
534F4C31,6682,48384422,0,2993,2881,112,0.00000,2.88821
534F4C31,6682,48386697,0,2996,2885,111,0.00000,2.86242
534F4C31,6682,48388846,0,2993,2880,113,0.00000,2.91399
534F4C31,6682,48390960,0,2995,2884,111,0.00000,2.86242
534F4C31,6682,48393037,0,2995,2884,111,0.00000,2.86242
534F4C31,6682,48395216,0,2996,2885,111,0.00000,2.86242
534F4C31,6683,48397288,0,2994,2885,109,0.00000,2.81084
534F4C31,6684,48402196,0,2995,2885,110,0.00000,2.83663
534F4C31,6685,48405937,0,2992,2882,110,0.00000,2.83663
534F4C31,6686,48412148,0,2999,2885,114,0.00000,2.93978
534F4C31,6686,48415697,0,2996,2883,113,0.00000,2.91399
534F4C31,6686,48420928,0,2994,2885,109,0.00000,2.81084
534F4C31,6686,48424283,0,2999,2881,118,0.00000,3.04293
534F4C31,6687,48427643,0,2997,2885,112,0.00000,2.88821
534F4C31,6687,48433066,0,2995,2882,113,0.00000,2.91399
534F4C31,6687,48435263,0,2990,2882,108,0.00000,2.78505
534F4C31,6688,48438525,0,2995,2886,109,0.00000,2.81084
534F4C31,6688,48442057,0,2996,2883,113,0.00000,2.91399
534F4C31,6688,48446122,0,2994,2881,113,0.00000,2.91399
534F4C31,6688,48448183,0,2999,2886,113,0.00000,2.91399
534F4C31,6688,48451580,0,2997,2884,113,0.00000,2.91399
534F4C31,6688,48454016,0,2990,2883,107,0.00000,2.75927
534F4C31,6688,48456275,0,2994,2882,112,0.00000,2.88821
534F4C31,6688,48458410,0,3001,2883,118,0.00000,3.04293
534F4C31,6689,48460514,0,2992,2884,108,0.00000,2.78505
534F4C31,6690,48465199,0,2993,2883,110,0.00000,2.83663
534F4C31,6691,48468859,0,2994,2885,109,0.00000,2.81084
534F4C31,6692,48475200,0,2993,2884,109,0.00000,2.81084
534F4C31,6692,48478351,0,2999,2884,115,0.00000,2.96557
534F4C31,6692,48484240,0,2997,2884,113,0.00000,2.91399
534F4C31,6692,48486440,0,2996,2885,111,0.00000,2.86242
534F4C31,6692,48489426,0,2992,2879,113,0.00000,2.91399
534F4C31,6693,48491751,0,2993,2877,116,0.00000,2.99136
534F4C31,6693,48496882,0,2997,2882,115,0.00000,2.96557
534F4C31,6693,48499502,0,2999,2883,116,0.00000,2.99136
534F4C31,6693,48501662,0,2996,2878,118,0.00000,3.04293
534F4C31,6693,48504682,0,2995,2879,116,0.00000,2.99136
534F4C31,6693,48506936,0,2996,2883,113,0.00000,2.91399
534F4C31,6693,48509145,0,2999,2881,118,0.00000,3.04293
534F4C31,6694,48511340,0,2995,2885,110,0.00000,2.83663
534F4C31,6695,48514451,0,2997,2883,114,0.00000,2.93978
534F4C31,6696,48518922,0,2990,2884,106,0.00000,2.73348
534F4C31,6697,48525862,0,2995,2884,111,0.00000,2.86242
534F4C31,6697,48531136,0,2997,2880,117,0.00000,3.01714
534F4C31,6698,48533623,0,2997,2878,119,0.00000,3.06872
534F4C31,6698,48540888,0,2998,2877,121,0.00000,3.12029
534F4C31,6698,48543073,0,2998,2876,122,0.00000,3.14608
534F4C31,6699,48546676,0,2996,2881,115,0.00000,2.96557
534F4C31,6700,48552547,0,2997,2876,121,0.00000,3.12029
534F4C31,6701,48558419,0,2998,2879,119,0.00000,3.06872
534F4C31,6701,48562173,0,2992,2882,110,0.00000,2.83663
534F4C31,6701,48567230,0,2999,2881,118,0.00000,3.04293
534F4C31,6701,48569407,0,2997,2876,121,0.00000,3.12029
534F4C31,6701,48571489,0,2995,2877,118,0.00000,3.04293
534F4C31,6701,48574903,0,2994,2874,120,0.00000,3.09451
534F4C31,6701,48577085,0,2997,2878,119,0.00000,3.06872
534F4C31,6701,48579152,0,2994,2877,117,0.00000,3.01714
534F4C31,6701,48581360,0,2996,2881,115,0.00000,2.96557
534F4C31,6702,48583605,0,2997,2877,120,0.00000,3.09451
534F4C31,6702,48588045,0,2996,2876,120,0.00000,3.09451
534F4C31,6702,48590315,0,2996,2881,115,0.00000,2.96557
534F4C31,6702,48593512,0,2991,2880,111,0.00000,2.86242
534F4C31,6702,48595794,0,2998,2877,121,0.00000,3.12029
534F4C31,6702,48597786,0,2993,2879,114,0.00000,2.93978
534F4C31,6702,48599972,0,2996,2882,114,0.00000,2.93978
534F4C31,6702,48602271,0,2999,2879,120,0.00000,3.09451
534F4C31,6703,48604292,0,2995,2877,118,0.00000,3.04293
534F4C31,6704,48609196,0,2994,2875,119,0.00000,3.06872
534F4C31,6705,48612800,0,2995,2879,116,0.00000,2.99136
534F4C31,6705,48618504,0,2999,2876,123,0.00000,3.17187
534F4C31,6705,48621635,0,2993,2879,114,0.00000,2.93978
534F4C31,6706,48624680,0,2995,2878,117,0.00000,3.01714
534F4C31,6707,48628855,0,2995,2882,113,0.00000,2.91399
534F4C31,6707,48633907,0,2996,2879,117,0.00000,3.01714
534F4C31,6707,48636441,0,2995,2878,117,0.00000,3.01714
534F4C31,6708,48641337,0,2997,2883,114,0.00000,2.93978
534F4C31,6708,48644597,0,2995,2877,118,0.00000,3.04293
534F4C31,6708,48647159,0,2991,2880,111,0.00000,2.86242
534F4C31,6708,48651758,0,2998,2877,121,0.00000,3.12029
534F4C31,6708,48654522,0,2997,2880,117,0.00000,3.01714
534F4C31,6708,48656774,0,2996,2875,121,0.00000,3.12029
534F4C31,6708,48659743,0,2996,2879,117,0.00000,3.01714
534F4C31,6708,48662058,0,2994,2879,115,0.00000,2.96557
534F4C31,6708,48664229,0,2995,2878,117,0.00000,3.01714
534F4C31,6708,48666414,0,2997,2880,117,0.00000,3.01714
534F4C31,6708,48668525,0,2997,2879,118,0.00000,3.04293
534F4C31,6708,48670621,0,2999,2882,117,0.00000,3.01714
534F4C31,6709,48672817,0,2992,2878,114,0.00000,2.93978
534F4C31,6710,48677295,0,2996,2879,117,0.00000,3.01714
534F4C31,6711,48681187,0,2998,2877,121,0.00000,3.12029
534F4C31,6712,48687860,0,2995,2876,119,0.00000,3.06872
534F4C31,6712,48692614,0,2998,2879,119,0.00000,3.06872
534F4C31,6712,48694912,0,2994,2879,115,0.00000,2.96557
534F4C31,6712,48697061,0,2996,2879,117,0.00000,3.01714
534F4C31,6712,48699972,0,2994,2883,111,0.00000,2.86242
534F4C31,6713,48702348,0,2997,2879,118,0.00000,3.04293
534F4C31,6714,48706834,0,2992,2880,112,0.00000,2.88821
534F4C31,6715,48712203,0,2999,2877,122,0.00000,3.14608
534F4C31,6715,48716710,0,2990,2880,110,0.00000,2.83663
534F4C31,6715,48718884,0,2995,2876,119,0.00000,3.06872
534F4C31,6715,48721856,0,2996,2877,119,0.00000,3.06872
534F4C31,6715,48724333,0,2995,2879,116,0.00000,2.99136
534F4C31,6715,48726437,0,2994,2876,118,0.00000,3.04293
534F4C31,6715,48728612,0,2996,2875,121,0.00000,3.12029
534F4C31,6715,48730645,0,2993,2877,116,0.00000,2.99136
534F4C31,6715,48734366,0,2994,2879,115,0.00000,2.96557
534F4C31,6716,48736899,0,2997,2879,118,0.00000,3.04293
534F4C31,6717,48741935,0,2995,2877,118,0.00000,3.04293
534F4C31,6718,48745573,0,2996,2877,119,0.00000,3.06872
534F4C31,6719,48751789,0,2996,2877,119,0.00000,3.06872
534F4C31,6719,48755572,0,2995,2878,117,0.00000,3.01714
534F4C31,6719,48759418,0,2997,2879,118,0.00000,3.04293
534F4C31,6719,48762336,0,2991,2879,112,0.00000,2.88821
534F4C31,6719,48764516,0,3001,2879,122,0.00000,3.14608
534F4C31,6720,48767620,0,3000,2876,124,0.00000,3.19766
534F4C31,6720,48771916,0,2994,2881,113,0.00000,2.91399
534F4C31,6720,48775275,0,2995,2877,118,0.00000,3.04293
534F4C31,6720,48777348,0,3000,2880,120,0.00000,3.09451
534F4C31,6720,48779512,0,2991,2878,113,0.00000,2.91399
534F4C31,6720,48782941,0,2999,2877,122,0.00000,3.14608
534F4C31,6720,48785145,0,2996,2879,117,0.00000,3.01714
534F4C31,6720,48787213,0,2998,2879,119,0.00000,3.06872
534F4C31,6720,48789524,0,2997,2876,121,0.00000,3.12029
534F4C31,6720,48791741,0,2994,2876,118,0.00000,3.04293
534F4C31,6721,48793826,0,2989,2874,115,0.00000,2.96557
534F4C31,6722,48798558,0,2993,2876,117,0.00000,3.01714
534F4C31,6723,48802286,0,2992,2879,113,0.00000,2.91399
534F4C31,6724,48808499,0,2996,2879,117,0.00000,3.01714
534F4C31,6724,48812390,0,2998,2879,119,0.00000,3.06872
534F4C31,6724,48816089,0,2994,2877,117,0.00000,3.01714
534F4C31,6724,48818746,0,2997,2876,121,0.00000,3.12029
534F4C31,6724,48820938,0,2998,2878,120,0.00000,3.09451
534F4C31,6724,48824122,0,2995,2883,112,0.00000,2.88821
534F4C31,6724,48826354,0,2990,2877,113,0.00000,2.91399
534F4C31,6724,48828417,0,2993,2878,115,0.00000,2.96557
534F4C31,6724,48830472,0,2991,2879,112,0.00000,2.88821
534F4C31,6724,48832574,0,2996,2878,118,0.00000,3.04293
534F4C31,6725,48834864,0,2994,2877,117,0.00000,3.01714
534F4C31,6726,48839619,0,2994,2882,112,0.00000,2.88821
534F4C31,6727,48845506,0,2992,2880,112,0.00000,2.88821
534F4C31,6727,48849710,0,2993,2885,108,0.00000,2.78505
534F4C31,6727,48852122,0,2994,2879,115,0.00000,2.96557
534F4C31,6728,48856233,0,2993,2880,113,0.00000,2.91399
534F4C31,6728,48860106,0,2993,2875,118,0.00000,3.04293
534F4C31,6728,48863153,0,2994,2878,116,0.00000,2.99136
534F4C31,6729,48868375,0,2995,2876,119,0.00000,3.06872
534F4C31,6729,48872106,0,2997,2883,114,0.00000,2.93978
534F4C31,6729,48874817,0,2995,2878,117,0.00000,3.01714
534F4C31,6730,48879269,0,2994,2877,117,0.00000,3.01714
534F4C31,6730,48883765,0,2994,2880,114,0.00000,2.93978
534F4C31,6730,48888323,0,2992,2878,114,0.00000,2.93978
534F4C31,6730,48891393,0,2995,2876,119,0.00000,3.06872
534F4C31,6731,48893545,0,2991,2877,114,0.00000,2.93978
534F4C31,6732,48895804,0,2999,2881,118,0.00000,3.04293
534F4C31,6733,48902135,0,2993,2877,116,0.00000,2.99136
534F4C31,6734,48906642,0,2994,2880,114,0.00000,2.93978
534F4C31,6735,48912039,0,2995,2879,116,0.00000,2.99136
534F4C31,6735,48917362,0,2994,2880,114,0.00000,2.93978
534F4C31,6736,48921820,0,2998,2874,124,0.00000,3.19766
534F4C31,6737,48925030,0,2995,2876,119,0.00000,3.06872
534F4C31,6737,48930334,0,2994,2875,119,0.00000,3.06872
534F4C31,6737,48934021,0,2996,2878,118,0.00000,3.04293
534F4C31,6738,48936853,0,2992,2880,112,0.00000,2.88821
534F4C31,6738,48941831,0,2995,2880,115,0.00000,2.96557
534F4C31,6738,48944831,0,2992,2881,111,0.00000,2.86242
534F4C31,6738,48947152,0,2995,2878,117,0.00000,3.01714
534F4C31,6738,48949971,0,2995,2879,116,0.00000,2.99136
534F4C31,6738,48952491,0,2994,2876,118,0.00000,3.04293
534F4C31,6738,48954723,0,2995,2880,115,0.00000,2.96557
534F4C31,6738,48956984,0,2994,2879,115,0.00000,2.96557
534F4C31,6738,48959129,0,2996,2882,114,0.00000,2.93978
534F4C31,6738,48961269,0,2993,2879,114,0.00000,2.93978
534F4C31,6738,48963382,0,2996,2877,119,0.00000,3.06872
534F4C31,6738,48965590,0,2990,2880,110,0.00000,2.83663
534F4C31,6738,48967803,0,2992,2876,116,0.00000,2.99136
534F4C31,6738,48969989,0,2993,2878,115,0.00000,2.96557
534F4C31,6738,48972099,0,2993,2878,115,0.00000,2.96557
534F4C31,6738,48974213,0,2993,2876,117,0.00000,3.01714
534F4C31,6738,48976286,0,2998,2876,122,0.00000,3.14608
534F4C31,6739,48978655,0,2996,2878,118,0.00000,3.04293
534F4C31,6740,48983024,0,2995,2878,117,0.00000,3.01714
534F4C31,6741,48986735,0,2991,2877,114,0.00000,2.93978
534F4C31,6742,48992606,0,2994,2880,114,0.00000,2.93978
534F4C31,6742,48997139,0,2997,2882,115,0.00000,2.96557
534F4C31,6742,49000892,0,2995,2877,118,0.00000,3.04293
534F4C31,6742,49003936,0,2993,2876,117,0.00000,3.01714
534F4C31,6742,49006764,0,3000,2877,123,0.00000,3.17187
534F4C31,6742,49009461,0,2996,2877,119,0.00000,3.06872
534F4C31,6742,49011622,0,2993,2875,118,0.00000,3.04293
534F4C31,6742,49013827,0,2993,2882,111,0.00000,2.86242
534F4C31,6742,49016053,0,2996,2879,117,0.00000,3.01714
534F4C31,6743,49018346,0,2993,2877,116,0.00000,2.99136
534F4C31,6744,49022260,0,2994,2880,114,0.00000,2.93978
534F4C31,6745,49025638,0,2995,2881,114,0.00000,2.93978
534F4C31,6746,49030185,0,2994,2877,117,0.00000,3.01714
534F4C31,6747,49036458,0,2992,2876,116,0.00000,2.99136
534F4C31,6747,49041285,0,2998,2879,119,0.00000,3.06872
534F4C31,6747,49045964,0,2996,2880,116,0.00000,2.99136
534F4C31,6747,49048868,0,2997,2879,118,0.00000,3.04293
534F4C31,6747,49051434,0,2996,2878,118,0.00000,3.04293
534F4C31,6747,49053544,0,2996,2879,117,0.00000,3.01714
534F4C31,6747,49055630,0,2995,2876,119,0.00000,3.06872
534F4C31,6747,49057709,0,2993,2880,113,0.00000,2.91399
534F4C31,6747,49059854,0,2996,2881,115,0.00000,2.96557
534F4C31,6747,49062015,0,2992,2876,116,0.00000,2.99136
534F4C31,6747,49064208,0,2996,2877,119,0.00000,3.06872
534F4C31,6748,49066434,0,2996,2880,116,0.00000,2.99136
534F4C31,6749,49070047,0,2995,2876,119,0.00000,3.06872
534F4C31,6750,49073665,0,2994,2882,112,0.00000,2.88821
534F4C31,6751,49079618,0,2999,2881,118,0.00000,3.04293
534F4C31,6751,49083881,0,2998,2880,118,0.00000,3.04293
534F4C31,6751,49086710,0,2998,2879,119,0.00000,3.06872
534F4C31,6751,49090751,0,2992,2876,116,0.00000,2.99136
534F4C31,6751,49092913,0,2993,2880,113,0.00000,2.91399
534F4C31,6752,49095772,0,2991,2875,116,0.00000,2.99136
534F4C31,6753,49099777,0,2997,2876,121,0.00000,3.12029
534F4C31,6754,49103918,0,2995,2881,114,0.00000,2.93978
534F4C31,6755,49110216,0,2992,2877,115,0.00000,2.96557
534F4C31,6755,49113412,0,2995,2876,119,0.00000,3.06872
534F4C31,6755,49117280,0,2994,2874,120,0.00000,3.09451
534F4C31,6755,49119659,0,2996,2872,124,0.00000,3.19766
534F4C31,6756,49122598,0,2994,2874,120,0.00000,3.09451
534F4C31,6757,49126031,0,2997,2872,125,0.00000,3.22344
534F4C31,6758,49130278,0,2995,2873,122,0.00000,3.14608
534F4C31,6759,49135349,0,2996,2873,123,0.00000,3.17187
534F4C31,6759,49140738,0,2996,2872,124,0.00000,3.19766
534F4C31,6760,49144198,0,2996,2875,121,0.00000,3.12029
534F4C31,6760,49148978,0,2993,2876,117,0.00000,3.01714
534F4C31,6760,49152332,0,2994,2875,119,0.00000,3.06872
534F4C31,6760,49155790,0,2995,2877,118,0.00000,3.04293
534F4C31,6761,49158003,0,2999,2872,127,0.00000,3.27502
534F4C31,6761,49162764,0,2992,2873,119,0.00000,3.06872
534F4C31,6761,49165097,0,2994,2878,116,0.00000,2.99136
534F4C31,6761,49167785,0,2994,2874,120,0.00000,3.09451
534F4C31,6761,49170664,0,2996,2873,123,0.00000,3.17187
534F4C31,6762,49173058,0,2997,2877,120,0.00000,3.09451
534F4C31,6763,49177581,0,2995,2872,123,0.00000,3.17187
534F4C31,6763,49181502,0,2999,2876,123,0.00000,3.17187
534F4C31,6763,49186004,0,2997,2874,123,0.00000,3.17187
534F4C31,6763,49188897,0,2998,2872,126,0.00000,3.24923
534F4C31,6763,49191176,0,2998,2876,122,0.00000,3.14608
534F4C31,6764,49194442,0,2995,2877,118,0.00000,3.04293
534F4C31,6764,49198503,0,2996,2875,121,0.00000,3.12029
534F4C31,6764,49201036,0,2999,2877,122,0.00000,3.14608
534F4C31,6764,49203258,0,2995,2874,121,0.00000,3.12029
534F4C31,6764,49206580,0,2998,2874,124,0.00000,3.19766
534F4C31,6764,49208701,0,2999,2876,123,0.00000,3.17187
534F4C31,6764,49210816,0,2994,2876,118,0.00000,3.04293
534F4C31,6764,49213121,0,2995,2872,123,0.00000,3.17187
534F4C31,6764,49215184,0,2993,2872,121,0.00000,3.12029
534F4C31,6764,49217323,0,2993,2872,121,0.00000,3.12029
534F4C31,6764,49219414,0,2996,2874,122,0.00000,3.14608
534F4C31,6764,49221599,0,2992,2876,116,0.00000,2.99136
534F4C31,6764,49223866,0,3000,2874,126,0.00000,3.24923
534F4C31,6764,49226045,0,2997,2878,119,0.00000,3.06872
534F4C31,6764,49228132,0,2993,2876,117,0.00000,3.01714
534F4C31,6764,49230198,0,2995,2874,121,0.00000,3.12029
534F4C31,6764,49232355,0,2995,2876,119,0.00000,3.06872
534F4C31,6765,49235783,0,2996,2875,121,0.00000,3.12029
534F4C31,6766,49240703,0,2992,2874,118,0.00000,3.04293
534F4C31,6767,49245305,0,2995,2872,123,0.00000,3.17187
534F4C31,6767,49249595,0,2996,2873,123,0.00000,3.17187
534F4C31,6767,49253591,0,2996,2877,119,0.00000,3.06872
534F4C31,6768,49255794,0,2991,2872,119,0.00000,3.06872
534F4C31,6769,49261379,0,2995,2875,120,0.00000,3.09451
534F4C31,6769,49264943,0,2994,2874,120,0.00000,3.09451
534F4C31,6770,49269543,0,2996,2876,120,0.00000,3.09451
534F4C31,6770,49272364,0,2998,2874,124,0.00000,3.19766
534F4C31,6770,49277560,0,2992,2876,116,0.00000,2.99136
534F4C31,6770,49281891,0,2995,2871,124,0.00000,3.19766
534F4C31,6770,49284149,0,2995,2873,122,0.00000,3.14608
534F4C31,6770,49286261,0,2997,2875,122,0.00000,3.14608
534F4C31,6770,49288949,0,2995,2873,122,0.00000,3.14608
534F4C31,6770,49291241,0,2997,2874,123,0.00000,3.17187
534F4C31,6771,49293431,0,2994,2873,121,0.00000,3.12029
534F4C31,6771,49296983,0,2998,2873,125,0.00000,3.22344
534F4C31,6771,49300057,0,2997,2872,125,0.00000,3.22344
534F4C31,6772,49302503,0,2994,2873,121,0.00000,3.12029
534F4C31,6773,49306534,0,2997,2875,122,0.00000,3.14608
534F4C31,6773,49310997,0,2995,2877,118,0.00000,3.04293
534F4C31,6773,49313786,0,2999,2874,125,0.00000,3.22344
534F4C31,6773,49318438,0,2991,2873,118,0.00000,3.04293
534F4C31,6773,49321510,0,2995,2875,120,0.00000,3.09451
534F4C31,6774,49323836,0,2998,2874,124,0.00000,3.19766
534F4C31,6775,49327713,0,2997,2876,121,0.00000,3.12029
534F4C31,6775,49332562,0,2992,2876,116,0.00000,2.99136
534F4C31,6775,49335803,0,2995,2876,119,0.00000,3.06872
534F4C31,6776,49339975,0,2995,2876,119,0.00000,3.06872
534F4C31,6777,49344232,0,2997,2875,122,0.00000,3.14608
534F4C31,6778,49349134,0,2994,2874,120,0.00000,3.09451
534F4C31,6778,49355067,0,2993,2874,119,0.00000,3.06872
534F4C31,6778,49357400,0,2994,2876,118,0.00000,3.04293
534F4C31,6778,49360266,0,3001,2878,123,0.00000,3.17187
534F4C31,6778,49362800,0,2996,2875,121,0.00000,3.12029
534F4C31,6778,49365020,0,2994,2873,121,0.00000,3.12029
534F4C31,6778,49367337,0,3001,2876,125,0.00000,3.22344
534F4C31,6779,49369592,0,2994,2875,119,0.00000,3.06872
534F4C31,6780,49373467,0,2997,2875,122,0.00000,3.14608
534F4C31,6781,49377014,0,2995,2875,120,0.00000,3.09451
534F4C31,6782,49382593,0,2994,2877,117,0.00000,3.01714
534F4C31,6782,49387106,0,2997,2877,120,0.00000,3.09451
534F4C31,6782,49389317,0,2996,2877,119,0.00000,3.06872
534F4C31,6783,49394133,0,2996,2879,117,0.00000,3.01714
534F4C31,6784,49397977,0,2993,2874,119,0.00000,3.06872
534F4C31,6784,49404201,0,2993,2875,118,0.00000,3.04293
534F4C31,6784,49406432,0,2995,2875,120,0.00000,3.09451
534F4C31,6784,49408606,0,3001,2876,125,0.00000,3.22344
534F4C31,6784,49411692,0,2992,2877,115,0.00000,2.96557
534F4C31,6784,49413898,0,2998,2876,122,0.00000,3.14608
534F4C31,6784,49416056,0,2995,2873,122,0.00000,3.14608
534F4C31,6784,49418297,0,2995,2875,120,0.00000,3.09451
534F4C31,6784,49420506,0,3000,2874,126,0.00000,3.24923
534F4C31,6784,49422631,0,2998,2872,126,0.00000,3.24923
534F4C31,6784,49424687,0,2996,2874,122,0.00000,3.14608
534F4C31,6784,49426723,0,2993,2874,119,0.00000,3.06872
534F4C31,6784,49428949,0,2995,2875,120,0.00000,3.09451
534F4C31,6784,49431165,0,2994,2878,116,0.00000,2.99136
534F4C31,6785,49433188,0,2993,2874,119,0.00000,3.06872
534F4C31,6786,49438001,0,2995,2873,122,0.00000,3.14608
534F4C31,6787,49441337,0,2993,2876,117,0.00000,3.01714
534F4C31,6788,49448188,0,2995,2875,120,0.00000,3.09451
534F4C31,6788,49453447,0,2997,2872,125,0.00000,3.22344
534F4C31,6788,49456274,0,2996,2872,124,0.00000,3.19766
534F4C31,6788,49458408,0,2995,2874,121,0.00000,3.12029
534F4C31,6788,49461956,0,3000,2874,126,0.00000,3.24923
534F4C31,6789,49464388,0,2997,2873,124,0.00000,3.19766
534F4C31,6790,49468770,0,2995,2874,121,0.00000,3.12029
534F4C31,6790,49471903,0,2994,2874,120,0.00000,3.09451
534F4C31,6791,49476388,0,2992,2871,121,0.00000,3.12029
534F4C31,6792,49479265,0,2996,2874,122,0.00000,3.14608
534F4C31,6793,49484878,0,2997,2871,126,0.00000,3.24923
534F4C31,6794,49489785,0,2995,2876,119,0.00000,3.06872
534F4C31,6795,49495795,0,2994,2876,118,0.00000,3.04293
534F4C31,6796,49500056,0,2994,2873,121,0.00000,3.12029
534F4C31,6796,49505768,0,2996,2874,122,0.00000,3.14608
534F4C31,6796,49508624,0,2994,2876,118,0.00000,3.04293
534F4C31,6796,49510765,0,2994,2870,124,0.00000,3.19766
534F4C31,6796,49512846,0,2994,2872,122,0.00000,3.14608
534F4C31,6796,49515863,0,2995,2876,119,0.00000,3.06872
534F4C31,6796,49518055,0,2993,2878,115,0.00000,2.96557
534F4C31,6796,49520153,0,2993,2874,119,0.00000,3.06872
534F4C31,6796,49522457,0,2992,2876,116,0.00000,2.99136
534F4C31,6796,49524719,0,2992,2873,119,0.00000,3.06872
534F4C31,6796,49526841,0,2995,2872,123,0.00000,3.17187
534F4C31,6796,49528866,0,2994,2876,118,0.00000,3.04293
534F4C31,6796,49531072,0,2995,2873,122,0.00000,3.14608
534F4C31,6796,49533350,0,2995,2872,123,0.00000,3.17187
534F4C31,6796,49535495,0,2995,2874,121,0.00000,3.12029
534F4C31,6796,49537686,0,2996,2874,122,0.00000,3.14608
534F4C31,6796,49539761,0,2996,2876,120,0.00000,3.09451
534F4C31,6796,49541926,0,2992,2874,118,0.00000,3.04293
534F4C31,6796,49544125,0,2997,2873,124,0.00000,3.19766
534F4C31,6796,49546263,0,2998,2875,123,0.00000,3.17187
534F4C31,6797,49548448,0,3000,2873,127,0.00000,3.27502
534F4C31,6798,49553020,0,2996,2874,122,0.00000,3.14608
534F4C31,6799,49557104,0,2990,2870,120,0.00000,3.09451
534F4C31,6800,49563035,0,2993,2873,120,0.00000,3.09451
534F4C31,6800,49567919,0,2995,2874,121,0.00000,3.12029
534F4C31,6800,49570692,0,2994,2873,121,0.00000,3.12029
534F4C31,6800,49572896,0,2997,2874,123,0.00000,3.17187
534F4C31,6800,49574998,0,2994,2872,122,0.00000,3.14608
534F4C31,6800,49577878,0,2992,2873,119,0.00000,3.06872
534F4C31,6800,49580170,0,2995,2876,119,0.00000,3.06872
534F4C31,6801,49582188,0,2995,2878,117,0.00000,3.01714
534F4C31,6802,49586887,0,2993,2876,117,0.00000,3.01714
534F4C31,6803,49591351,0,2993,2874,119,0.00000,3.06872
534F4C31,6804,49596575,0,2998,2874,124,0.00000,3.19766
534F4C31,6804,49600888,0,2996,2875,121,0.00000,3.12029
534F4C31,6804,49604769,0,2994,2875,119,0.00000,3.06872
534F4C31,6804,49607505,0,2992,2873,119,0.00000,3.06872
534F4C31,6804,49609726,0,2995,2874,121,0.00000,3.12029
534F4C31,6805,49612873,0,2996,2874,122,0.00000,3.14608
534F4C31,6806,49617207,0,2997,2871,126,0.00000,3.24923
534F4C31,6807,49621680,0,2994,2873,121,0.00000,3.12029
534F4C31,6808,49626956,0,2996,2875,121,0.00000,3.12029
534F4C31,6808,49631878,0,2995,2874,121,0.00000,3.12029
534F4C31,6808,49635616,0,2997,2872,125,0.00000,3.22344
534F4C31,6809,49638352,0,2993,2871,122,0.00000,3.14608
534F4C31,6810,49644200,0,2996,2875,121,0.00000,3.12029
534F4C31,6810,49647521,0,2992,2876,116,0.00000,2.99136
534F4C31,6810,49650942,0,2996,2871,125,0.00000,3.22344
534F4C31,6811,49654476,0,2992,2870,122,0.00000,3.14608
534F4C31,6812,49660954,0,2995,2873,122,0.00000,3.14608
534F4C31,6812,49664490,0,2996,2872,124,0.00000,3.19766
534F4C31,6812,49668822,0,2994,2869,125,0.00000,3.22344
534F4C31,6812,49671841,0,2998,2869,129,0.00000,3.32659
534F4C31,6812,49674046,0,2994,2869,125,0.00000,3.22344
534F4C31,6812,49677294,0,2991,2871,120,0.00000,3.09451
534F4C31,6812,49679408,0,2996,2873,123,0.00000,3.17187
534F4C31,6812,49681470,0,3000,2871,129,0.00000,3.32659
534F4C31,6812,49683714,0,2993,2871,122,0.00000,3.14608
534F4C31,6812,49685922,0,2996,2872,124,0.00000,3.19766
534F4C31,6812,49688159,0,2995,2870,125,0.00000,3.22344
534F4C31,6812,49690219,0,2994,2870,124,0.00000,3.19766
534F4C31,6812,49692300,0,2996,2872,124,0.00000,3.19766
534F4C31,6812,49694338,0,2997,2868,129,0.00000,3.32659
534F4C31,6812,49696548,0,2991,2872,119,0.00000,3.06872
534F4C31,6812,49698658,0,2993,2871,122,0.00000,3.14608
534F4C31,6812,49700810,0,2995,2869,126,0.00000,3.24923
534F4C31,6812,49702951,0,2996,2871,125,0.00000,3.22344
534F4C31,6812,49705059,0,2995,2870,125,0.00000,3.22344
534F4C31,6812,49707201,0,2991,2872,119,0.00000,3.06872
534F4C31,6812,49709439,0,2991,2868,123,0.00000,3.17187
534F4C31,6812,49711620,0,2990,2872,118,0.00000,3.04293
534F4C31,6813,49713709,0,2996,2870,126,0.00000,3.24923
534F4C31,6814,49716666,0,2997,2871,126,0.00000,3.24923
534F4C31,6815,49721243,0,2994,2871,123,0.00000,3.17187
534F4C31,6816,49726130,0,2997,2871,126,0.00000,3.24923
534F4C31,6816,49728989,0,2994,2870,124,0.00000,3.19766
534F4C31,6816,49731153,0,2997,2872,125,0.00000,3.22344
534F4C31,6816,49733230,0,2992,2872,120,0.00000,3.09451
534F4C31,6817,49735582,0,2995,2871,124,0.00000,3.19766
534F4C31,6817,49739183,0,2994,2867,127,0.00000,3.27502
534F4C31,6818,49742036,0,2993,2874,119,0.00000,3.06872
534F4C31,6819,49746836,0,3001,2869,132,0.00000,3.40396
534F4C31,6820,49752330,0,2997,2870,127,0.00000,3.27502
534F4C31,6821,49756634,0,2994,2869,125,0.00000,3.22344
534F4C31,6822,49763050,0,2993,2872,121,0.00000,3.12029
534F4C31,6822,49767998,0,2996,2869,127,0.00000,3.27502
534F4C31,6823,49772340,0,2996,2868,128,0.00000,3.30081
534F4C31,6823,49775292,0,2997,2872,125,0.00000,3.22344
534F4C31,6823,49780022,0,2996,2867,129,0.00000,3.32659
534F4C31,6823,49782649,0,2995,2870,125,0.00000,3.22344
534F4C31,6823,49785417,0,2993,2869,124,0.00000,3.19766
534F4C31,6823,49788199,0,2996,2870,126,0.00000,3.24923
534F4C31,6823,49790463,0,2996,2872,124,0.00000,3.19766
534F4C31,6823,49792596,0,2993,2869,124,0.00000,3.19766
534F4C31,6823,49794720,0,2995,2872,123,0.00000,3.17187
534F4C31,6823,49796771,0,2993,2871,122,0.00000,3.14608
534F4C31,6823,49798941,0,2994,2869,125,0.00000,3.22344
534F4C31,6823,49801122,0,2995,2868,127,0.00000,3.27502
534F4C31,6823,49803304,0,2996,2869,127,0.00000,3.27502
534F4C31,6823,49805319,0,2990,2872,118,0.00000,3.04293
534F4C31,6823,49807588,0,2989,2870,119,0.00000,3.06872
534F4C31,6823,49809696,0,2994,2870,124,0.00000,3.19766
534F4C31,6823,49811773,0,2996,2872,124,0.00000,3.19766
534F4C31,6823,49813861,0,2997,2867,130,0.00000,3.35238
534F4C31,6823,49816043,0,2997,2872,125,0.00000,3.22344
534F4C31,6823,49818282,0,2994,2870,124,0.00000,3.19766
534F4C31,6823,49820557,0,2996,2871,125,0.00000,3.22344
534F4C31,6824,49822646,0,2996,2869,127,0.00000,3.27502
534F4C31,6825,49825618,0,2994,2871,123,0.00000,3.17187
534F4C31,6826,49829206,0,2996,2872,124,0.00000,3.19766
534F4C31,6827,49831876,0,2996,2869,127,0.00000,3.27502
534F4C31,6828,49834307,0,2993,2864,129,0.00000,3.32659
534F4C31,6829,49837038,0,2993,2869,124,0.00000,3.19766
534F4C31,6830,49839752,0,2996,2871,125,0.00000,3.22344
534F4C31,6831,49846103,0,2997,2869,128,0.00000,3.30081
534F4C31,6832,49851225,0,2994,2869,125,0.00000,3.22344
534F4C31,6833,49857287,0,2997,2871,126,0.00000,3.24923
534F4C31,6833,49862303,0,2997,2871,126,0.00000,3.24923
534F4C31,6833,49864788,0,2997,2870,127,0.00000,3.27502
534F4C31,6833,49870465,0,2994,2871,123,0.00000,3.17187
534F4C31,6833,49872844,0,2999,2871,128,0.00000,3.30081
534F4C31,6833,49875132,0,2995,2871,124,0.00000,3.19766
534F4C31,6834,49877378,0,2996,2870,126,0.00000,3.24923
534F4C31,6834,49882175,0,2998,2868,130,0.00000,3.35238
534F4C31,6834,49884890,0,2996,2869,127,0.00000,3.27502
534F4C31,6835,49887066,0,2997,2868,129,0.00000,3.32659
534F4C31,6835,49892387,0,2996,2868,128,0.00000,3.30081
534F4C31,6835,49894809,0,2998,2873,125,0.00000,3.22344
534F4C31,6836,49897647,0,2992,2870,122,0.00000,3.14608
534F4C31,6836,49901438,0,2994,2870,124,0.00000,3.19766
534F4C31,6836,49904695,0,2990,2871,119,0.00000,3.06872
534F4C31,6836,49906768,0,2998,2870,128,0.00000,3.30081
534F4C31,6836,49909579,0,2996,2870,126,0.00000,3.24923
534F4C31,6836,49912069,0,2997,2872,125,0.00000,3.22344
534F4C31,6836,49914315,0,2992,2870,122,0.00000,3.14608
534F4C31,6836,49916490,0,2998,2873,125,0.00000,3.22344
534F4C31,6836,49918526,0,2996,2870,126,0.00000,3.24923
534F4C31,6836,49920662,0,2992,2871,121,0.00000,3.12029
534F4C31,6837,49922956,0,2994,2870,124,0.00000,3.19766
534F4C31,6838,49927601,0,2992,2870,122,0.00000,3.14608
534F4C31,6839,49931396,0,2994,2872,122,0.00000,3.14608
534F4C31,6839,49936840,0,2993,2866,127,0.00000,3.27502
534F4C31,6839,49939639,0,2994,2866,128,0.00000,3.30081
534F4C31,6839,49941788,0,2996,2869,127,0.00000,3.27502
534F4C31,6839,49945526,0,2998,2870,128,0.00000,3.30081
534F4C31,6840,49947664,0,2997,2868,129,0.00000,3.32659
534F4C31,6841,49952728,0,2992,2869,123,0.00000,3.17187
534F4C31,6841,49955724,0,2994,2869,125,0.00000,3.22344
534F4C31,6841,49960324,0,2996,2870,126,0.00000,3.24923
534F4C31,6842,49963731,0,2991,2867,124,0.00000,3.19766
534F4C31,6843,49969141,0,2995,2871,124,0.00000,3.19766
534F4C31,6843,49971364,0,2998,2865,133,0.00000,3.42974
534F4C31,6843,49976669,0,2992,2871,121,0.00000,3.12029
534F4C31,6843,49978843,0,2991,2868,123,0.00000,3.17187
534F4C31,6843,49981680,0,2996,2870,126,0.00000,3.24923
534F4C31,6844,49985341,0,2996,2871,125,0.00000,3.22344
534F4C31,6844,49989824,0,2993,2871,122,0.00000,3.14608
534F4C31,6844,49993234,0,2995,2872,123,0.00000,3.17187
534F4C31,6845,49996410,0,2997,2869,128,0.00000,3.30081
534F4C31,6846,50001360,0,2996,2867,129,0.00000,3.32659
534F4C31,6846,50005005,0,2996,2870,126,0.00000,3.24923
534F4C31,6846,50007394,0,2999,2871,128,0.00000,3.30081
534F4C31,6847,50011626,0,2994,2870,124,0.00000,3.19766
534F4C31,6848,50015091,0,2995,2873,122,0.00000,3.14608
534F4C31,6849,50021180,0,2993,2871,122,0.00000,3.14608
534F4C31,6849,50025983,0,2990,2873,117,0.00000,3.01714
534F4C31,6849,50029376,0,2991,2875,116,0.00000,2.99136
534F4C31,6850,50032150,0,2995,2871,124,0.00000,3.19766
534F4C31,6850,50036457,0,2992,2869,123,0.00000,3.17187
534F4C31,6850,50040310,0,2995,2871,124,0.00000,3.19766
534F4C31,6850,50042522,0,2997,2873,124,0.00000,3.19766
534F4C31,6850,50044731,0,2992,2870,122,0.00000,3.14608
534F4C31,6850,50047401,0,2995,2870,125,0.00000,3.22344
534F4C31,6850,50049568,0,2992,2868,124,0.00000,3.19766
534F4C31,6850,50051654,0,2998,2874,124,0.00000,3.19766
534F4C31,6850,50053940,0,2996,2872,124,0.00000,3.19766
534F4C31,6850,50056152,0,2999,2874,125,0.00000,3.22344
534F4C31,6850,50058345,0,2992,2874,118,0.00000,3.04293
534F4C31,6850,50060390,0,2995,2871,124,0.00000,3.19766
534F4C31,6850,50062509,0,2996,2872,124,0.00000,3.19766
534F4C31,6851,50065054,0,3000,2872,128,0.00000,3.30081
534F4C31,6852,50067409,0,2996,2872,124,0.00000,3.19766
534F4C31,6853,50073437,0,2996,2869,127,0.00000,3.27502
534F4C31,6854,50077665,0,2997,2869,128,0.00000,3.30081
534F4C31,6855,50081799,0,2994,2869,125,0.00000,3.22344
534F4C31,6856,50086226,0,2997,2870,127,0.00000,3.27502
534F4C31,6857,50090439,0,2994,2873,121,0.00000,3.12029
534F4C31,6858,50094737,0,2995,2871,124,0.00000,3.19766
534F4C31,6859,50098498,0,2999,2871,128,0.00000,3.30081
534F4C31,6860,50103027,0,2992,2870,122,0.00000,3.14608
534F4C31,6861,50107445,0,2996,2871,125,0.00000,3.22344
534F4C31,6862,50111181,0,2996,2868,128,0.00000,3.30081
534F4C31,6863,50115088,0,2993,2869,124,0.00000,3.19766
534F4C31,6864,50119442,0,2994,2869,125,0.00000,3.22344
534F4C31,6865,50123295,0,2997,2872,125,0.00000,3.22344
534F4C31,6866,50128331,0,2995,2871,124,0.00000,3.19766
534F4C31,6867,50132416,0,2996,2870,126,0.00000,3.24923
534F4C31,6868,50136053,0,2998,2867,131,0.00000,3.37817
534F4C31,6869,50140554,0,2996,2872,124,0.00000,3.19766
534F4C31,6870,50146255,0,2996,2873,123,0.00000,3.17187
534F4C31,6871,50150661,0,2997,2868,129,0.00000,3.32659
534F4C31,6872,50156912,0,2999,2869,130,0.00000,3.35238
534F4C31,6872,50160846,0,2997,2871,126,0.00000,3.24923
534F4C31,6873,50163690,0,2998,2872,126,0.00000,3.24923
534F4C31,6874,50170183,0,2997,2871,126,0.00000,3.24923
534F4C31,6875,50175413,0,2995,2872,123,0.00000,3.17187
534F4C31,6876,50182913,0,2996,2872,124,0.00000,3.19766
534F4C31,6877,50187471,0,2996,2871,125,0.00000,3.22344
534F4C31,6877,50193371,0,2991,2871,120,0.00000,3.09451
534F4C31,6877,50195705,0,2998,2874,124,0.00000,3.19766
534F4C31,6877,50197748,0,2997,2866,131,0.00000,3.37817
534F4C31,6877,50201021,0,2995,2868,127,0.00000,3.27502
534F4C31,6877,50203263,0,2998,2864,134,0.00000,3.45553
534F4C31,6877,50205412,0,2995,2868,127,0.00000,3.27502
534F4C31,6877,50207598,0,2996,2867,129,0.00000,3.32659
534F4C31,6877,50209761,0,2996,2868,128,0.00000,3.30081
534F4C31,6877,50211851,0,2994,2869,125,0.00000,3.22344
534F4C31,6877,50213940,0,2991,2868,123,0.00000,3.17187
534F4C31,6877,50215949,0,2995,2869,126,0.00000,3.24923
534F4C31,6877,50217908,0,2993,2866,127,0.00000,3.27502
534F4C31,6877,50219998,0,2991,2865,126,0.00000,3.24923
534F4C31,6877,50222187,0,2996,2867,129,0.00000,3.32659
534F4C31,6877,50224396,0,2997,2863,134,0.00000,3.45553
534F4C31,6877,50226425,0,2996,2865,131,0.00000,3.37817
534F4C31,6877,50228496,0,2997,2869,128,0.00000,3.30081
534F4C31,6877,50230520,0,2993,2869,124,0.00000,3.19766
534F4C31,6877,50232656,0,2998,2868,130,0.00000,3.35238
534F4C31,6877,50234759,0,2993,2869,124,0.00000,3.19766
534F4C31,6878,50238351,0,2993,2863,130,0.00000,3.35238
534F4C31,6879,50244307,0,2996,2868,128,0.00000,3.30081
534F4C31,6879,50248729,0,3000,2865,135,0.00000,3.48132
534F4C31,6879,50252542,0,2993,2868,125,0.00000,3.22344
534F4C31,6879,50255551,0,2998,2868,130,0.00000,3.35238
534F4C31,6879,50258070,0,2999,2866,133,0.00000,3.42974
534F4C31,6879,50260173,0,2993,2867,126,0.00000,3.24923
534F4C31,6879,50262309,0,2994,2866,128,0.00000,3.30081
534F4C31,6879,50264460,0,2996,2865,131,0.00000,3.37817
534F4C31,6879,50266555,0,2993,2866,127,0.00000,3.27502
534F4C31,6879,50268657,0,2996,2869,127,0.00000,3.27502
534F4C31,6879,50271188,0,2996,2868,128,0.00000,3.30081
534F4C31,6879,50273475,0,2995,2870,125,0.00000,3.22344
534F4C31,6879,50275649,0,2993,2865,128,0.00000,3.30081
534F4C31,6880,50277949,0,2999,2866,133,0.00000,3.42974
534F4C31,6881,50282377,0,2995,2865,130,0.00000,3.35238
534F4C31,6882,50285790,0,2996,2866,130,0.00000,3.35238
534F4C31,6882,50291671,0,2996,2865,131,0.00000,3.37817
534F4C31,6882,50293974,0,2997,2867,130,0.00000,3.35238
534F4C31,6882,50296000,0,2995,2863,132,0.00000,3.40396
534F4C31,6882,50298166,0,2997,2870,127,0.00000,3.27502
534F4C31,6882,50300260,0,2997,2865,132,0.00000,3.40396
534F4C31,6882,50302489,0,2994,2866,128,0.00000,3.30081
534F4C31,6882,50304679,0,2997,2866,131,0.00000,3.37817
534F4C31,6882,50306855,0,2994,2870,124,0.00000,3.19766
534F4C31,6882,50308969,0,2993,2864,129,0.00000,3.32659
534F4C31,6882,50311141,0,2993,2862,131,0.00000,3.37817
534F4C31,6882,50313125,0,2992,2868,124,0.00000,3.19766
534F4C31,6882,50315296,0,2992,2865,127,0.00000,3.27502
534F4C31,6882,50317347,0,2993,2863,130,0.00000,3.35238
534F4C31,6882,50319532,0,2993,2867,126,0.00000,3.24923
534F4C31,6882,50321748,0,2996,2862,134,0.00000,3.45553
534F4C31,6882,50323880,0,2991,2866,125,0.00000,3.22344
534F4C31,6882,50326075,0,2996,2866,130,0.00000,3.35238
534F4C31,6882,50328132,0,2996,2864,132,0.00000,3.40396
534F4C31,6882,50330184,0,2995,2868,127,0.00000,3.27502
534F4C31,6882,50332247,0,2997,2866,131,0.00000,3.37817
534F4C31,6882,50334416,0,2995,2866,129,0.00000,3.32659
534F4C31,6883,50336584,0,2997,2866,131,0.00000,3.37817
534F4C31,6884,50339956,0,2992,2864,128,0.00000,3.30081
534F4C31,6885,50343884,0,2995,2865,130,0.00000,3.35238
534F4C31,6886,50348211,0,2996,2864,132,0.00000,3.40396
534F4C31,6886,50352130,0,2993,2866,127,0.00000,3.27502
534F4C31,6886,50355038,0,2993,2865,128,0.00000,3.30081
534F4C31,6886,50357312,0,2994,2865,129,0.00000,3.32659
534F4C31,6886,50359557,0,2990,2862,128,0.00000,3.30081
534F4C31,6886,50361812,0,2994,2867,127,0.00000,3.27502
534F4C31,6886,50364638,0,2996,2865,131,0.00000,3.37817
534F4C31,6886,50369671,0,2994,2866,128,0.00000,3.30081
534F4C31,6886,50372407,0,2995,2866,129,0.00000,3.32659
534F4C31,6886,50374658,0,2993,2865,128,0.00000,3.30081
534F4C31,6886,50376834,0,2994,2866,128,0.00000,3.30081
534F4C31,6886,50378975,0,2996,2864,132,0.00000,3.40396
534F4C31,6886,50381761,0,2990,2869,121,0.00000,3.12029
534F4C31,6887,50383991,0,2995,2865,130,0.00000,3.35238
534F4C31,6888,50388783,0,2988,2867,121,0.00000,3.12029
534F4C31,6888,50392125,0,2992,2869,123,0.00000,3.17187
534F4C31,6888,50396945,0,2995,2865,130,0.00000,3.35238
534F4C31,6888,50399540,0,2997,2866,131,0.00000,3.37817
534F4C31,6888,50402771,0,2995,2866,129,0.00000,3.32659
534F4C31,6888,50404996,0,2997,2867,130,0.00000,3.35238
534F4C31,6888,50407881,0,2995,2866,129,0.00000,3.32659
534F4C31,6888,50410205,0,2995,2864,131,0.00000,3.37817
534F4C31,6888,50412489,0,2992,2868,124,0.00000,3.19766
534F4C31,6888,50414701,0,2995,2868,127,0.00000,3.27502
534F4C31,6888,50416812,0,2997,2866,131,0.00000,3.37817
534F4C31,6888,50418922,0,2998,2864,134,0.00000,3.45553
534F4C31,6888,50420972,0,2995,2864,131,0.00000,3.37817
534F4C31,6888,50423051,0,2999,2867,132,0.00000,3.40396
534F4C31,6888,50425259,0,2998,2867,131,0.00000,3.37817
534F4C31,6888,50427422,0,2993,2866,127,0.00000,3.27502
534F4C31,6888,50429498,0,2996,2866,130,0.00000,3.35238
534F4C31,6888,50431705,0,2997,2866,131,0.00000,3.37817
534F4C31,6888,50433747,0,2994,2865,129,0.00000,3.32659
534F4C31,6888,50435849,0,2997,2865,132,0.00000,3.40396
534F4C31,6888,50437965,0,2994,2865,129,0.00000,3.32659
534F4C31,6888,50440232,0,2997,2864,133,0.00000,3.42974
534F4C31,6889,50442510,0,2996,2867,129,0.00000,3.32659
534F4C31,6890,50446500,0,2992,2869,123,0.00000,3.17187
534F4C31,6891,50451302,0,2996,2868,128,0.00000,3.30081
534F4C31,6892,50458248,0,2997,2867,130,0.00000,3.35238
534F4C31,6892,50461605,0,2994,2868,126,0.00000,3.24923
534F4C31,6892,50464748,0,2993,2869,124,0.00000,3.19766
534F4C31,6892,50468622,0,2995,2864,131,0.00000,3.37817
534F4C31,6892,50470929,0,2993,2866,127,0.00000,3.27502
534F4C31,6893,50472981,0,2995,2864,131,0.00000,3.37817
534F4C31,6893,50478307,0,2993,2867,126,0.00000,3.24923
534F4C31,6893,50481756,0,2995,2863,132,0.00000,3.40396
534F4C31,6893,50483894,0,2996,2865,131,0.00000,3.37817
534F4C31,6893,50486061,0,2992,2863,129,0.00000,3.32659
534F4C31,6893,50489625,0,2996,2866,130,0.00000,3.35238
534F4C31,6893,50491747,0,2995,2867,128,0.00000,3.30081
534F4C31,6893,50493903,0,2996,2865,131,0.00000,3.37817
534F4C31,6894,50496095,0,2999,2869,130,0.00000,3.35238
534F4C31,6895,50500709,0,2997,2868,129,0.00000,3.32659
534F4C31,6896,50505045,0,3000,2865,135,0.00000,3.48132
534F4C31,6896,50510458,0,2996,2866,130,0.00000,3.35238
534F4C31,6896,50513617,0,2995,2867,128,0.00000,3.30081
534F4C31,6896,50516055,0,2991,2866,125,0.00000,3.22344
534F4C31,6896,50518435,0,2995,2867,128,0.00000,3.30081
534F4C31,6897,50520773,0,2998,2867,131,0.00000,3.37817
534F4C31,6898,50524955,0,2996,2865,131,0.00000,3.37817
534F4C31,6899,50528865,0,2995,2866,129,0.00000,3.32659
534F4C31,6900,50534643,0,2999,2865,134,0.00000,3.45553
534F4C31,6900,50538766,0,2995,2866,129,0.00000,3.32659
534F4C31,6900,50542195,0,2997,2865,132,0.00000,3.40396
534F4C31,6900,50544934,0,2999,2866,133,0.00000,3.42974
534F4C31,6900,50547075,0,2995,2864,131,0.00000,3.37817
534F4C31,6900,50549953,0,2994,2865,129,0.00000,3.32659
534F4C31,6900,50552217,0,2994,2866,128,0.00000,3.30081
534F4C31,6900,50554261,0,2995,2869,126,0.00000,3.24923
534F4C31,6900,50556389,0,2998,2867,131,0.00000,3.37817
534F4C31,6900,50558613,0,2999,2870,129,0.00000,3.32659
534F4C31,6900,50560766,0,2996,2869,127,0.00000,3.27502
534F4C31,6900,50562953,0,2996,2869,127,0.00000,3.27502
534F4C31,6901,50565020,0,2999,2865,134,0.00000,3.45553
534F4C31,6902,50569983,0,2996,2868,128,0.00000,3.30081
534F4C31,6903,50575489,0,2999,2867,132,0.00000,3.40396
534F4C31,6903,50580459,0,2999,2865,134,0.00000,3.45553
534F4C31,6903,50582732,0,2999,2868,131,0.00000,3.37817
534F4C31,6904,50586450,0,2996,2868,128,0.00000,3.30081
534F4C31,6905,50590763,0,2994,2870,124,0.00000,3.19766
534F4C31,6905,50594100,0,2997,2868,129,0.00000,3.32659
534F4C31,6905,50598592,0,2995,2867,128,0.00000,3.30081
534F4C31,6905,50600857,0,2999,2871,128,0.00000,3.30081
534F4C31,6905,50604440,0,3005,2869,136,0.00000,3.50711
534F4C31,6906,50606826,0,2995,2871,124,0.00000,3.19766
534F4C31,6906,50611438,0,2996,2868,128,0.00000,3.30081
534F4C31,6906,50613773,0,2996,2869,127,0.00000,3.27502
534F4C31,6906,50616814,0,2999,2868,131,0.00000,3.37817
534F4C31,6906,50619324,0,3000,2867,133,0.00000,3.42974
534F4C31,6906,50621566,0,2996,2869,127,0.00000,3.27502
534F4C31,6906,50623766,0,3003,2866,137,0.00000,3.53289
534F4C31,6906,50625821,0,2999,2867,132,0.00000,3.40396
534F4C31,6907,50628364,0,3000,2868,132,0.00000,3.40396
534F4C31,6908,50633351,0,3001,2870,131,0.00000,3.37817
534F4C31,6909,50638441,0,3001,2869,132,0.00000,3.40396
534F4C31,6909,50643891,0,2996,2867,129,0.00000,3.32659
534F4C31,6909,50647170,0,2997,2868,129,0.00000,3.32659
534F4C31,6909,50649576,0,2994,2864,130,0.00000,3.35238
534F4C31,6909,50651746,0,2996,2867,129,0.00000,3.32659
534F4C31,6910,50653986,0,3000,2867,133,0.00000,3.42974
534F4C31,6911,50658167,0,2998,2864,134,0.00000,3.45553
534F4C31,6912,50662100,0,2997,2867,130,0.00000,3.35238
534F4C31,6913,50668079,0,2996,2869,127,0.00000,3.27502
534F4C31,6913,50672214,0,2998,2866,132,0.00000,3.40396
534F4C31,6913,50675905,0,3000,2865,135,0.00000,3.48132
534F4C31,6913,50679986,0,2998,2864,134,0.00000,3.45553
534F4C31,6913,50682940,0,2996,2867,129,0.00000,3.32659
534F4C31,6913,50685100,0,2998,2868,130,0.00000,3.35238
534F4C31,6913,50687084,0,2998,2867,131,0.00000,3.37817
534F4C31,6913,50689286,0,2997,2866,131,0.00000,3.37817
534F4C31,6913,50691586,0,2994,2869,125,0.00000,3.22344
534F4C31,6913,50693632,0,2997,2864,133,0.00000,3.42974
534F4C31,6913,50695730,0,3000,2868,132,0.00000,3.40396
534F4C31,6913,50697837,0,2997,2866,131,0.00000,3.37817
534F4C31,6913,50700035,0,2998,2868,130,0.00000,3.35238
534F4C31,6914,50702288,0,2998,2867,131,0.00000,3.37817
534F4C31,6915,50706605,0,2993,2869,124,0.00000,3.19766
534F4C31,6916,50710614,0,2997,2868,129,0.00000,3.32659
534F4C31,6917,50716756,0,2997,2866,131,0.00000,3.37817
534F4C31,6917,50720917,0,2996,2862,134,0.00000,3.45553
534F4C31,6917,50724163,0,2997,2862,135,0.00000,3.48132
534F4C31,6917,50726232,0,2992,2860,132,0.00000,3.40396
534F4C31,6917,50729410,0,2997,2862,135,0.00000,3.48132
534F4C31,6917,50731751,0,2997,2863,134,0.00000,3.45553
534F4C31,6917,50733964,0,2996,2863,133,0.00000,3.42974
534F4C31,6917,50736174,0,2993,2863,130,0.00000,3.35238
534F4C31,6917,50739354,0,2997,2862,135,0.00000,3.48132
534F4C31,6917,50741489,0,2997,2861,136,0.00000,3.50711
534F4C31,6918,50744263,0,2994,2865,129,0.00000,3.32659
534F4C31,6919,50749024,0,2999,2865,134,0.00000,3.45553
534F4C31,6919,50752635,0,2999,2863,136,0.00000,3.50711
534F4C31,6919,50757738,0,2996,2861,135,0.00000,3.48132
534F4C31,6919,50759884,0,2998,2864,134,0.00000,3.45553
534F4C31,6919,50761954,0,2995,2862,133,0.00000,3.42974
534F4C31,6920,50765360,0,2997,2861,136,0.00000,3.50711
534F4C31,6921,50769157,0,2997,2865,132,0.00000,3.40396
534F4C31,6922,50773502,0,2994,2861,133,0.00000,3.42974
534F4C31,6923,50777538,0,2996,2864,132,0.00000,3.40396
534F4C31,6924,50784473,0,2993,2863,130,0.00000,3.35238
534F4C31,6924,50788878,0,2996,2862,134,0.00000,3.45553
534F4C31,6925,50793777,0,2997,2864,133,0.00000,3.42974
534F4C31,6926,50797149,0,2997,2863,134,0.00000,3.45553
534F4C31,6926,50803399,0,2997,2864,133,0.00000,3.42974
534F4C31,6926,50805678,0,2997,2862,135,0.00000,3.48132
534F4C31,6927,50809133,0,2994,2864,130,0.00000,3.35238
534F4C31,6928,50813741,0,2998,2864,134,0.00000,3.45553
534F4C31,6928,50817736,0,2994,2862,132,0.00000,3.40396
534F4C31,6929,50821949,0,2995,2864,131,0.00000,3.37817
534F4C31,6929,50825299,0,2992,2864,128,0.00000,3.30081
534F4C31,6930,50829457,0,2997,2863,134,0.00000,3.45553
534F4C31,6931,50834608,0,2990,2860,130,0.00000,3.35238
534F4C31,6931,50838009,0,2995,2861,134,0.00000,3.45553
534F4C31,6931,50842669,0,2995,2861,134,0.00000,3.45553
534F4C31,6931,50845479,0,2994,2861,133,0.00000,3.42974
534F4C31,6931,50847732,0,2996,2865,131,0.00000,3.37817
534F4C31,6931,50849822,0,2994,2863,131,0.00000,3.37817
534F4C31,6931,50851992,0,2995,2861,134,0.00000,3.45553
534F4C31,6932,50854213,0,2992,2864,128,0.00000,3.30081
534F4C31,6932,50858616,0,2995,2862,133,0.00000,3.42974
534F4C31,6932,50861798,0,2994,2863,131,0.00000,3.37817
534F4C31,6932,50864137,0,2996,2865,131,0.00000,3.37817
534F4C31,6932,50866376,0,2998,2862,136,0.00000,3.50711
534F4C31,6932,50869552,0,2995,2860,135,0.00000,3.48132
534F4C31,6932,50871752,0,2996,2863,133,0.00000,3.42974
534F4C31,6932,50874039,0,2998,2864,134,0.00000,3.45553
534F4C31,6932,50876180,0,3002,2861,141,0.00000,3.63604
534F4C31,6932,50878341,0,2997,2861,136,0.00000,3.50711
534F4C31,6932,50880401,0,2998,2862,136,0.00000,3.50711
534F4C31,6932,50882516,0,2995,2862,133,0.00000,3.42974
534F4C31,6933,50885041,0,2996,2861,135,0.00000,3.48132
534F4C31,6934,50888989,0,3000,2863,137,0.00000,3.53289
534F4C31,6935,50892197,0,2995,2864,131,0.00000,3.37817
534F4C31,6936,50895426,0,2994,2863,131,0.00000,3.37817
534F4C31,6936,50900301,0,2999,2861,138,0.00000,3.55868
534F4C31,6936,50902459,0,2992,2859,133,0.00000,3.42974
534F4C31,6936,50906878,0,3000,2862,138,0.00000,3.55868
534F4C31,6936,50909405,0,2995,2861,134,0.00000,3.45553
534F4C31,6936,50911443,0,2993,2863,130,0.00000,3.35238
534F4C31,6936,50914507,0,2999,2863,136,0.00000,3.50711
534F4C31,6936,50916880,0,2996,2862,134,0.00000,3.45553
534F4C31,6936,50919133,0,2994,2862,132,0.00000,3.40396
534F4C31,6937,50921302,0,2999,2862,137,0.00000,3.53289
534F4C31,6938,50925577,0,2997,2865,132,0.00000,3.40396
534F4C31,6939,50929220,0,2995,2865,130,0.00000,3.35238
534F4C31,6940,50935737,0,2992,2863,129,0.00000,3.32659
534F4C31,6940,50939187,0,2996,2864,132,0.00000,3.40396
534F4C31,6940,50941586,0,2994,2865,129,0.00000,3.32659
534F4C31,6940,50945145,0,2994,2863,131,0.00000,3.37817
534F4C31,6940,50948160,0,3001,2862,139,0.00000,3.58447
534F4C31,6940,50950254,0,2992,2862,130,0.00000,3.35238
534F4C31,6940,50952475,0,2993,2863,130,0.00000,3.35238
534F4C31,6941,50955559,0,2998,2863,135,0.00000,3.48132
534F4C31,6942,50959879,0,2998,2859,139,0.00000,3.58447
534F4C31,6942,50963651,0,2995,2860,135,0.00000,3.48132
534F4C31,6942,50967844,0,2993,2862,131,0.00000,3.37817
534F4C31,6943,50971129,0,2996,2863,133,0.00000,3.42974
534F4C31,6943,50976538,0,2996,2863,133,0.00000,3.42974
534F4C31,6943,50978953,0,2994,2863,131,0.00000,3.37817
534F4C31,6944,50982091,0,2996,2861,135,0.00000,3.48132
534F4C31,6944,50986754,0,2994,2861,133,0.00000,3.42974
534F4C31,6944,50989209,0,2990,2859,131,0.00000,3.37817
534F4C31,6945,50991566,0,2992,2864,128,0.00000,3.30081
534F4C31,6946,50996721,0,2998,2864,134,0.00000,3.45553
534F4C31,6946,51001464,0,2999,2863,136,0.00000,3.50711
534F4C31,6946,51004297,0,2992,2859,133,0.00000,3.42974
534F4C31,6946,51008031,0,2991,2860,131,0.00000,3.37817
534F4C31,6946,51010285,0,2997,2864,133,0.00000,3.42974
534F4C31,6947,51013101,0,2999,2858,141,0.00000,3.63604
534F4C31,6948,51016608,0,2997,2861,136,0.00000,3.50711
534F4C31,6949,51020786,0,2994,2862,132,0.00000,3.40396
534F4C31,6950,51027039,0,2997,2859,138,0.00000,3.55868
534F4C31,6950,51031493,0,2996,2860,136,0.00000,3.50711
534F4C31,6950,51034453,0,2998,2862,136,0.00000,3.50711
534F4C31,6951,51038156,0,2998,2862,136,0.00000,3.50711
534F4C31,6952,51042343,0,2995,2861,134,0.00000,3.45553
534F4C31,6953,51047479,0,2993,2863,130,0.00000,3.35238
534F4C31,6953,51052518,0,2995,2862,133,0.00000,3.42974
534F4C31,6953,51055712,0,2997,2862,135,0.00000,3.48132
534F4C31,6953,51057932,0,2996,2861,135,0.00000,3.48132
534F4C31,6953,51060235,0,2994,2863,131,0.00000,3.37817
534F4C31,6953,51063555,0,2993,2863,130,0.00000,3.35238
534F4C31,6953,51066062,0,2996,2862,134,0.00000,3.45553
534F4C31,6953,51068194,0,2998,2860,138,0.00000,3.55868
534F4C31,6953,51070431,0,2993,2861,132,0.00000,3.40396
534F4C31,6953,51072695,0,2992,2864,128,0.00000,3.30081
534F4C31,6953,51074832,0,3000,2863,137,0.00000,3.53289
534F4C31,6953,51076874,0,2996,2861,135,0.00000,3.48132
534F4C31,6953,51079024,0,2997,2863,134,0.00000,3.45553
534F4C31,6953,51081237,0,2990,2863,127,0.00000,3.27502
534F4C31,6953,51083335,0,2994,2864,130,0.00000,3.35238
534F4C31,6953,51085484,0,2995,2863,132,0.00000,3.40396
534F4C31,6953,51087574,0,2995,2861,134,0.00000,3.45553
534F4C31,6953,51090178,0,2994,2861,133,0.00000,3.42974
534F4C31,6953,51092498,0,2993,2862,131,0.00000,3.37817
534F4C31,6953,51094750,0,2992,2861,131,0.00000,3.37817
534F4C31,6954,51097022,0,2994,2861,133,0.00000,3.42974
534F4C31,6955,51101332,0,2996,2861,135,0.00000,3.48132
534F4C31,6956,51105234,0,2996,2862,134,0.00000,3.45553
534F4C31,6957,51109728,0,2995,2862,133,0.00000,3.42974
534F4C31,6958,51115166,0,2991,2864,127,0.00000,3.27502
534F4C31,6958,51120498,0,2993,2863,130,0.00000,3.35238
534F4C31,6958,51123414,0,2995,2860,135,0.00000,3.48132
534F4C31,6958,51126777,0,2997,2863,134,0.00000,3.45553
534F4C31,6958,51128820,0,2995,2862,133,0.00000,3.42974
534F4C31,6958,51130911,0,2992,2864,128,0.00000,3.30081
534F4C31,6958,51133242,0,2995,2862,133,0.00000,3.42974
534F4C31,6958,51135526,0,2995,2864,131,0.00000,3.37817
534F4C31,6958,51137734,0,2996,2861,135,0.00000,3.48132
534F4C31,6958,51139763,0,2999,2863,136,0.00000,3.50711
534F4C31,6958,51141878,0,2995,2866,129,0.00000,3.32659
534F4C31,6958,51143944,0,2998,2865,133,0.00000,3.42974
534F4C31,6958,51146153,0,2993,2865,128,0.00000,3.30081
534F4C31,6958,51148413,0,3001,2860,141,0.00000,3.63604
534F4C31,6959,51150386,0,2993,2860,133,0.00000,3.42974
534F4C31,6960,51155139,0,2994,2864,130,0.00000,3.35238
534F4C31,6961,51158862,0,2996,2863,133,0.00000,3.42974
534F4C31,6962,51165136,0,2995,2864,131,0.00000,3.37817
534F4C31,6962,51168230,0,2995,2862,133,0.00000,3.42974
534F4C31,6963,51172703,0,2996,2862,134,0.00000,3.45553
534F4C31,6964,51175879,0,2993,2863,130,0.00000,3.35238
534F4C31,6965,51181388,0,2997,2861,136,0.00000,3.50711
534F4C31,6966,51186916,0,2993,2863,130,0.00000,3.35238
534F4C31,6966,51193230,0,2997,2861,136,0.00000,3.50711
534F4C31,6966,51197829,0,2996,2860,136,0.00000,3.50711
534F4C31,6967,51200010,0,2995,2858,137,0.00000,3.53289
534F4C31,6967,51205246,0,2995,2862,133,0.00000,3.42974
534F4C31,6967,51207503,0,2997,2860,137,0.00000,3.53289
534F4C31,6967,51210609,0,2995,2861,134,0.00000,3.45553
534F4C31,6967,51213472,0,3000,2862,138,0.00000,3.55868
534F4C31,6967,51215710,0,2997,2861,136,0.00000,3.50711
534F4C31,6967,51218041,0,2992,2861,131,0.00000,3.37817
534F4C31,6967,51220194,0,2996,2864,132,0.00000,3.40396
534F4C31,6967,51222252,0,2996,2865,131,0.00000,3.37817
534F4C31,6967,51224338,0,3002,2864,138,0.00000,3.55868
534F4C31,6967,51226482,0,3000,2862,138,0.00000,3.55868
534F4C31,6967,51228705,0,3001,2864,137,0.00000,3.53289
534F4C31,6967,51230900,0,2999,2860,139,0.00000,3.58447
534F4C31,6967,51233027,0,2998,2864,134,0.00000,3.45553
534F4C31,6967,51235107,0,2996,2862,134,0.00000,3.45553
534F4C31,6967,51238332,0,2996,2859,137,0.00000,3.53289
534F4C31,6968,51240783,0,2996,2861,135,0.00000,3.48132
534F4C31,6969,51246046,0,2999,2860,139,0.00000,3.58447
534F4C31,6969,51249258,0,2998,2861,137,0.00000,3.53289
534F4C31,6970,51253992,0,3000,2857,143,0.00000,3.68762
534F4C31,6971,51257672,0,2997,2863,134,0.00000,3.45553
534F4C31,6972,51263084,0,2998,2862,136,0.00000,3.50711
534F4C31,6973,51268535,0,2995,2861,134,0.00000,3.45553
534F4C31,6974,51273414,0,2997,2859,138,0.00000,3.55868
534F4C31,6974,51278014,0,2996,2859,137,0.00000,3.53289
534F4C31,6974,51280591,0,2994,2857,137,0.00000,3.53289
534F4C31,6974,51283607,0,2999,2861,138,0.00000,3.55868
534F4C31,6974,51286615,0,2999,2856,143,0.00000,3.68762
534F4C31,6974,51288844,0,2996,2857,139,0.00000,3.58447
534F4C31,6974,51291030,0,2995,2859,136,0.00000,3.50711
534F4C31,6974,51293239,0,2994,2859,135,0.00000,3.48132
534F4C31,6974,51295825,0,2991,2858,133,0.00000,3.42974
534F4C31,6975,51298263,0,2994,2859,135,0.00000,3.48132
534F4C31,6976,51302750,0,2996,2860,136,0.00000,3.50711
534F4C31,6977,51306702,0,2997,2860,137,0.00000,3.53289
534F4C31,6978,51312398,0,2998,2856,142,0.00000,3.66183
534F4C31,6978,51317919,0,2998,2859,139,0.00000,3.58447
534F4C31,6978,51322341,0,2995,2858,137,0.00000,3.53289
534F4C31,6978,51325350,0,2996,2856,140,0.00000,3.61026
534F4C31,6978,51327510,0,2993,2860,133,0.00000,3.42974
534F4C31,6978,51330301,0,2991,2859,132,0.00000,3.40396
534F4C31,6978,51332674,0,2996,2857,139,0.00000,3.58447
534F4C31,6978,51334877,0,2995,2858,137,0.00000,3.53289
534F4C31,6978,51337180,0,2995,2861,134,0.00000,3.45553
534F4C31,6978,51339262,0,2991,2859,132,0.00000,3.40396
534F4C31,6978,51341324,0,2997,2859,138,0.00000,3.55868
534F4C31,6978,51343403,0,2998,2858,140,0.00000,3.61026
534F4C31,6978,51345613,0,2992,2857,135,0.00000,3.48132
534F4C31,6979,51347837,0,2994,2858,136,0.00000,3.50711
534F4C31,6980,51351929,0,2996,2856,140,0.00000,3.61026
534F4C31,6981,51355455,0,2993,2857,136,0.00000,3.50711
534F4C31,6982,51359686,0,2998,2854,144,0.00000,3.71341
534F4C31,6983,51365086,0,2994,2858,136,0.00000,3.50711
534F4C31,6983,51369068,0,2993,2856,137,0.00000,3.53289
534F4C31,6983,51373650,0,2994,2855,139,0.00000,3.58447
534F4C31,6984,51375854,0,2998,2858,140,0.00000,3.61026
534F4C31,6984,51380677,0,2991,2859,132,0.00000,3.40396
534F4C31,6985,51385006,0,2993,2856,137,0.00000,3.53289
534F4C31,6986,51388206,0,2992,2857,135,0.00000,3.48132
534F4C31,6987,51392684,0,2999,2860,139,0.00000,3.58447
534F4C31,6987,51398912,0,2993,2858,135,0.00000,3.48132
534F4C31,6987,51401857,0,2994,2859,135,0.00000,3.48132
534F4C31,6987,51404791,0,2996,2858,138,0.00000,3.55868
534F4C31,6987,51407669,0,2994,2859,135,0.00000,3.48132
534F4C31,6987,51409877,0,2995,2855,140,0.00000,3.61026
534F4C31,6987,51412000,0,2997,2858,139,0.00000,3.58447
534F4C31,6988,51414305,0,2996,2858,138,0.00000,3.55868
534F4C31,6989,51418519,0,2994,2855,139,0.00000,3.58447
534F4C31,6989,51423065,0,2993,2857,136,0.00000,3.50711
534F4C31,6989,51425303,0,2995,2858,137,0.00000,3.53289
534F4C31,6989,51429093,0,2996,2858,138,0.00000,3.55868
534F4C31,6989,51431950,0,2996,2861,135,0.00000,3.48132
534F4C31,6989,51434160,0,2993,2858,135,0.00000,3.48132
534F4C31,6989,51437009,0,2996,2857,139,0.00000,3.58447
534F4C31,6989,51439498,0,2999,2859,140,0.00000,3.61026
534F4C31,6989,51441688,0,3000,2857,143,0.00000,3.68762
534F4C31,6989,51443762,0,2997,2859,138,0.00000,3.55868
534F4C31,6989,51445965,0,2997,2857,140,0.00000,3.61026
534F4C31,6989,51448221,0,2997,2860,137,0.00000,3.53289
534F4C31,6989,51450289,0,2993,2859,134,0.00000,3.45553
534F4C31,6989,51452390,0,2994,2859,135,0.00000,3.48132
534F4C31,6990,51454578,0,2993,2859,134,0.00000,3.45553
534F4C31,6991,51459257,0,3001,2856,145,0.00000,3.73919
534F4C31,6992,51463025,0,2998,2859,139,0.00000,3.58447
534F4C31,6993,51469273,0,2993,2859,134,0.00000,3.45553
534F4C31,6993,51472004,0,2994,2856,138,0.00000,3.55868
534F4C31,6993,51476301,0,2995,2857,138,0.00000,3.55868
534F4C31,6994,51479940,0,2995,2860,135,0.00000,3.48132
534F4C31,6994,51483677,0,2994,2857,137,0.00000,3.53289
534F4C31,6995,51488361,0,2999,2858,141,0.00000,3.63604
534F4C31,6996,51491690,0,2997,2858,139,0.00000,3.58447
534F4C31,6997,51498049,0,2998,2861,137,0.00000,3.53289
534F4C31,6997,51503624,0,2997,2857,140,0.00000,3.61026
534F4C31,6998,51508718,0,2997,2859,138,0.00000,3.55868
534F4C31,6998,51510988,0,2991,2861,130,0.00000,3.35238
534F4C31,6998,51514534,0,3001,2860,141,0.00000,3.63604
534F4C31,6998,51519185,0,2994,2856,138,0.00000,3.55868
534F4C31,6998,51521392,0,2996,2858,138,0.00000,3.55868
534F4C31,6998,51523441,0,2996,2862,134,0.00000,3.45553
534F4C31,6999,51526645,0,2993,2858,135,0.00000,3.48132
534F4C31,6999,51531213,0,2996,2860,136,0.00000,3.50711
534F4C31,6999,51533534,0,3000,2859,141,0.00000,3.63604
534F4C31,7000,51535605,0,2996,2859,137,0.00000,3.53289
534F4C31,7001,51541286,0,3000,2859,141,0.00000,3.63604
534F4C31,7002,51547578,0,3000,2859,141,0.00000,3.63604
534F4C31,7002,51552154,0,2996,2864,132,0.00000,3.40396
534F4C31,7002,51554506,0,2999,2860,139,0.00000,3.58447
534F4C31,7002,51557239,0,2995,2858,137,0.00000,3.53289
534F4C31,7002,51559698,0,2999,2859,140,0.00000,3.61026
534F4C31,7002,51561751,0,3000,2858,142,0.00000,3.66183
534F4C31,7002,51563882,0,2998,2860,138,0.00000,3.55868
534F4C31,7002,51566054,0,2997,2861,136,0.00000,3.50711
534F4C31,7002,51568314,0,2996,2860,136,0.00000,3.50711
534F4C31,7002,51570634,0,2994,2860,134,0.00000,3.45553
534F4C31,7002,51572786,0,2996,2860,136,0.00000,3.50711
534F4C31,7002,51574820,0,2996,2859,137,0.00000,3.53289
534F4C31,7002,51576948,0,2995,2858,137,0.00000,3.53289
534F4C31,7002,51579293,0,2997,2861,136,0.00000,3.50711
534F4C31,7003,51581386,0,2996,2859,137,0.00000,3.53289
534F4C31,7004,51586050,0,2998,2861,137,0.00000,3.53289
534F4C31,7005,51589738,0,2999,2858,141,0.00000,3.63604
534F4C31,7006,51595334,0,3001,2861,140,0.00000,3.61026
534F4C31,7007,51601785,0,2996,2858,138,0.00000,3.55868
534F4C31,7007,51606091,0,2999,2860,139,0.00000,3.58447
534F4C31,7007,51608538,0,3001,2861,140,0.00000,3.61026
534F4C31,7007,51612076,0,3000,2861,139,0.00000,3.58447
534F4C31,7007,51614734,0,2998,2862,136,0.00000,3.50711
534F4C31,7007,51616841,0,3002,2860,142,0.00000,3.66183
534F4C31,7007,51618970,0,2999,2858,141,0.00000,3.63604
534F4C31,7007,51621214,0,2999,2858,141,0.00000,3.63604
534F4C31,7007,51623469,0,2997,2860,137,0.00000,3.53289
534F4C31,7007,51625556,0,2997,2859,138,0.00000,3.55868
534F4C31,7007,51627575,0,2995,2861,134,0.00000,3.45553
534F4C31,7008,51629686,0,2999,2860,139,0.00000,3.58447
534F4C31,7009,51634506,0,2997,2860,137,0.00000,3.53289
534F4C31,7010,51638472,0,3000,2859,141,0.00000,3.63604
534F4C31,7010,51644023,0,3000,2861,139,0.00000,3.58447
534F4C31,7010,51646773,0,3000,2860,140,0.00000,3.61026
534F4C31,7010,51648870,0,2994,2860,134,0.00000,3.45553
534F4C31,7010,51653364,0,2998,2860,138,0.00000,3.55868
534F4C31,7010,51655614,0,3001,2861,140,0.00000,3.61026
534F4C31,7010,51657723,0,2999,2859,140,0.00000,3.61026
534F4C31,7010,51660477,0,2998,2859,139,0.00000,3.58447
534F4C31,7010,51663049,0,2994,2859,135,0.00000,3.48132
534F4C31,7010,51665274,0,2999,2858,141,0.00000,3.63604
534F4C31,7010,51667335,0,2998,2859,139,0.00000,3.58447
534F4C31,7010,51669446,0,3000,2858,142,0.00000,3.66183
534F4C31,7010,51671577,0,2996,2859,137,0.00000,3.53289
534F4C31,7011,51673798,0,2997,2859,138,0.00000,3.55868
534F4C31,7012,51677915,0,3004,2860,144,0.00000,3.71341
534F4C31,7013,51681609,0,3000,2861,139,0.00000,3.58447
534F4C31,7014,51686140,0,3000,2859,141,0.00000,3.63604
534F4C31,7014,51690814,0,3002,2859,143,0.00000,3.68762
534F4C31,7014,51693823,0,2997,2859,138,0.00000,3.55868
534F4C31,7015,51697251,0,2999,2860,139,0.00000,3.58447
534F4C31,7016,51701776,0,3000,2861,139,0.00000,3.58447
534F4C31,7016,51706072,0,2999,2862,137,0.00000,3.53289
534F4C31,7017,51711654,0,3000,2861,139,0.00000,3.58447
534F4C31,7017,51714107,0,3001,2857,144,0.00000,3.71341
534F4C31,7017,51718381,0,3001,2858,143,0.00000,3.68762
534F4C31,7017,51721959,0,3000,2860,140,0.00000,3.61026
534F4C31,7017,51724716,0,2998,2860,138,0.00000,3.55868
534F4C31,7017,51727656,0,2997,2859,138,0.00000,3.55868
534F4C31,7017,51730069,0,2996,2861,135,0.00000,3.48132
534F4C31,7017,51732217,0,3005,2857,148,0.00000,3.81656
534F4C31,7017,51734333,0,3001,2860,141,0.00000,3.63604
534F4C31,7017,51736483,0,3002,2858,144,0.00000,3.71341
534F4C31,7017,51740053,0,3000,2859,141,0.00000,3.63604
534F4C31,7017,51742421,0,2998,2862,136,0.00000,3.50711
534F4C31,7018,51744578,0,2999,2860,139,0.00000,3.58447
534F4C31,7018,51749088,0,3000,2860,140,0.00000,3.61026
534F4C31,7018,51752596,0,2997,2862,135,0.00000,3.48132
534F4C31,7018,51755566,0,2999,2861,138,0.00000,3.55868
534F4C31,7019,51758537,0,2997,2856,141,0.00000,3.63604
534F4C31,7019,51762876,0,2997,2858,139,0.00000,3.58447
534F4C31,7019,51765555,0,2998,2856,142,0.00000,3.66183
534F4C31,7020,51768944,0,3000,2856,144,0.00000,3.71341
534F4C31,7021,51774358,0,3000,2857,143,0.00000,3.68762
534F4C31,7021,51777722,0,3004,2858,146,0.00000,3.76498
534F4C31,7021,51782837,0,2998,2857,141,0.00000,3.63604
534F4C31,7022,51785880,0,3001,2858,143,0.00000,3.68762
534F4C31,7023,51791435,0,2998,2854,144,0.00000,3.71341
534F4C31,7024,51795148,0,3001,2856,145,0.00000,3.73919
534F4C31,7024,51800606,0,3001,2861,140,0.00000,3.61026
534F4C31,7024,51802942,0,2999,2857,142,0.00000,3.66183
534F4C31,7024,51806276,0,2998,2858,140,0.00000,3.61026
534F4C31,7024,51808538,0,2996,2857,139,0.00000,3.58447
534F4C31,7024,51810796,0,3000,2859,141,0.00000,3.63604
534F4C31,7024,51813058,0,2999,2859,140,0.00000,3.61026
534F4C31,7025,51815355,0,2997,2857,140,0.00000,3.61026
534F4C31,7026,51819565,0,2994,2857,137,0.00000,3.53289
534F4C31,7027,51823013,0,3002,2858,144,0.00000,3.71341
534F4C31,7028,51828843,0,2996,2858,138,0.00000,3.55868
534F4C31,7029,51833991,0,2999,2859,140,0.00000,3.61026
534F4C31,7029,51838942,0,2997,2857,140,0.00000,3.61026
534F4C31,7029,51842195,0,2998,2857,141,0.00000,3.63604
534F4C31,7029,51844404,0,2998,2856,142,0.00000,3.66183
534F4C31,7029,51847152,0,2997,2857,140,0.00000,3.61026
534F4C31,7030,51849492,0,2997,2858,139,0.00000,3.58447
534F4C31,7031,51853988,0,2996,2861,135,0.00000,3.48132
534F4C31,7032,51858031,0,2994,2858,136,0.00000,3.50711
534F4C31,7032,51863814,0,2996,2853,143,0.00000,3.68762
534F4C31,7032,51866126,0,2997,2855,142,0.00000,3.66183
534F4C31,7032,51869133,0,2996,2857,139,0.00000,3.58447
534F4C31,7032,51871550,0,2995,2856,139,0.00000,3.58447
534F4C31,7032,51873679,0,3000,2854,146,0.00000,3.76498
534F4C31,7032,51875848,0,2996,2854,142,0.00000,3.66183
534F4C31,7032,51877986,0,3000,2857,143,0.00000,3.68762
534F4C31,7032,51880145,0,2994,2856,138,0.00000,3.55868
534F4C31,7033,51882313,0,2997,2856,141,0.00000,3.63604
534F4C31,7033,51886908,0,3001,2857,144,0.00000,3.71341
534F4C31,7033,51889120,0,3001,2855,146,0.00000,3.76498
534F4C31,7033,51892037,0,2998,2857,141,0.00000,3.63604
534F4C31,7033,51894657,0,2999,2856,143,0.00000,3.68762
534F4C31,7033,51896770,0,2996,2855,141,0.00000,3.63604
534F4C31,7033,51898903,0,2995,2857,138,0.00000,3.55868
534F4C31,7033,51901079,0,2999,2856,143,0.00000,3.68762
534F4C31,7033,51903265,0,2995,2855,140,0.00000,3.61026
534F4C31,7033,51905420,0,2998,2855,143,0.00000,3.68762
534F4C31,7034,51907461,0,2995,2857,138,0.00000,3.55868
534F4C31,7035,51912885,0,2998,2858,140,0.00000,3.61026
534F4C31,7036,51916661,0,2999,2857,142,0.00000,3.66183
534F4C31,7037,51923686,0,2999,2857,142,0.00000,3.66183
534F4C31,7037,51927384,0,2995,2856,139,0.00000,3.58447
534F4C31,7037,51932420,0,2998,2856,142,0.00000,3.66183
534F4C31,7037,51934620,0,2998,2857,141,0.00000,3.63604
534F4C31,7037,51936703,0,2997,2855,142,0.00000,3.66183
534F4C31,7038,51940000,0,2996,2855,141,0.00000,3.63604
534F4C31,7038,51944691,0,2997,2855,142,0.00000,3.66183
534F4C31,7038,51946940,0,3000,2855,145,0.00000,3.73919
534F4C31,7038,51950072,0,2997,2856,141,0.00000,3.63604
534F4C31,7038,51952283,0,2994,2857,137,0.00000,3.53289
534F4C31,7039,51954562,0,2997,2854,143,0.00000,3.68762
534F4C31,7039,51959021,0,3002,2857,145,0.00000,3.73919
534F4C31,7039,51961295,0,3003,2858,145,0.00000,3.73919
534F4C31,7040,51964062,0,2999,2856,143,0.00000,3.68762
534F4C31,7040,51969488,0,2997,2855,142,0.00000,3.66183
534F4C31,7040,51972491,0,3000,2856,144,0.00000,3.71341
534F4C31,7041,51974853,0,3000,2853,147,0.00000,3.79077
534F4C31,7042,51980133,0,2995,2858,137,0.00000,3.53289
534F4C31,7042,51983634,0,2998,2856,142,0.00000,3.66183
534F4C31,7042,51987586,0,2999,2858,141,0.00000,3.63604
534F4C31,7042,51991216,0,2998,2855,143,0.00000,3.68762
534F4C31,7042,51993393,0,2999,2855,144,0.00000,3.71341
534F4C31,7042,51996214,0,2998,2852,146,0.00000,3.76498
534F4C31,7042,51998480,0,2999,2856,143,0.00000,3.68762
534F4C31,7042,52000616,0,2996,2856,140,0.00000,3.61026
534F4C31,7043,52002923,0,2993,2855,138,0.00000,3.55868
534F4C31,7044,52006918,0,2996,2854,142,0.00000,3.66183
534F4C31,7045,52011467,0,2995,2852,143,0.00000,3.68762
534F4C31,7046,52017081,0,2993,2853,140,0.00000,3.61026
534F4C31,7046,52021671,0,2995,2856,139,0.00000,3.58447
534F4C31,7046,52025720,0,2997,2854,143,0.00000,3.68762
534F4C31,7046,52028472,0,2996,2858,138,0.00000,3.55868
534F4C31,7046,52031550,0,2993,2857,136,0.00000,3.50711
534F4C31,7046,52033843,0,2994,2855,139,0.00000,3.58447
534F4C31,7046,52036152,0,3000,2855,145,0.00000,3.73919
534F4C31,7046,52038344,0,2999,2854,145,0.00000,3.73919
534F4C31,7046,52040505,0,2996,2856,140,0.00000,3.61026
534F4C31,7047,52042616,0,2996,2855,141,0.00000,3.63604
534F4C31,7048,52046951,0,2996,2853,143,0.00000,3.68762
534F4C31,7049,52050673,0,2993,2853,140,0.00000,3.61026
534F4C31,7050,52056472,0,2995,2856,139,0.00000,3.58447
534F4C31,7050,52062269,0,2994,2857,137,0.00000,3.53289
534F4C31,7050,52064706,0,2998,2856,142,0.00000,3.66183
534F4C31,7050,52066750,0,2994,2856,138,0.00000,3.55868
534F4C31,7050,52068854,0,2996,2857,139,0.00000,3.58447
534F4C31,7051,52071104,0,2998,2859,139,0.00000,3.58447
534F4C31,7052,52073978,0,2995,2855,140,0.00000,3.61026
534F4C31,7053,52078761,0,2995,2856,139,0.00000,3.58447
534F4C31,7054,52083309,0,2996,2856,140,0.00000,3.61026
534F4C31,7054,52088187,0,2995,2858,137,0.00000,3.53289
534F4C31,7054,52091440,0,2997,2856,141,0.00000,3.63604
534F4C31,7055,52093642,0,2996,2854,142,0.00000,3.66183
534F4C31,7055,52099715,0,2995,2854,141,0.00000,3.63604
534F4C31,7055,52102475,0,3000,2856,144,0.00000,3.71341
534F4C31,7056,52104888,0,2994,2855,139,0.00000,3.58447
534F4C31,7057,52109728,0,2997,2852,145,0.00000,3.73919
534F4C31,7057,52114232,0,3001,2854,147,0.00000,3.79077
534F4C31,7057,52119198,0,2998,2857,141,0.00000,3.63604
534F4C31,7057,52122198,0,2996,2858,138,0.00000,3.55868
534F4C31,7058,52125072,0,3001,2857,144,0.00000,3.71341
534F4C31,7059,52128068,0,2996,2856,140,0.00000,3.61026
534F4C31,7060,52132287,0,2997,2858,139,0.00000,3.58447
534F4C31,7061,52136592,0,2998,2855,143,0.00000,3.68762
534F4C31,7061,52141209,0,2997,2857,140,0.00000,3.61026
534F4C31,7061,52145237,0,2999,2856,143,0.00000,3.68762
534F4C31,7061,52149463,0,2996,2858,138,0.00000,3.55868
534F4C31,7061,52151687,0,2997,2858,139,0.00000,3.58447
534F4C31,7062,52154787,0,2997,2856,141,0.00000,3.63604
534F4C31,7063,52159167,0,3001,2855,146,0.00000,3.76498
534F4C31,7063,52165201,0,2995,2856,139,0.00000,3.58447
534F4C31,7063,52169138,0,2997,2855,142,0.00000,3.66183
534F4C31,7063,52171814,0,2997,2856,141,0.00000,3.63604
534F4C31,7063,52174072,0,3001,2856,145,0.00000,3.73919
534F4C31,7063,52176218,0,3000,2855,145,0.00000,3.73919
534F4C31,7063,52178339,0,2998,2858,140,0.00000,3.61026
534F4C31,7064,52181384,0,3002,2858,144,0.00000,3.71341
534F4C31,7064,52185708,0,2999,2857,142,0.00000,3.66183
534F4C31,7064,52188007,0,2997,2858,139,0.00000,3.58447
534F4C31,7065,52191049,0,3002,2856,146,0.00000,3.76498
534F4C31,7065,52194530,0,3000,2859,141,0.00000,3.63604
534F4C31,7065,52198219,0,3000,2855,145,0.00000,3.73919
534F4C31,7065,52201176,0,2999,2855,144,0.00000,3.71341
534F4C31,7066,52204717,0,2998,2855,143,0.00000,3.68762
534F4C31,7067,52207876,0,3002,2858,144,0.00000,3.71341
534F4C31,7067,52211298,0,3000,2858,142,0.00000,3.66183
534F4C31,7067,52216157,0,2998,2857,141,0.00000,3.63604
534F4C31,7067,52219231,0,2999,2855,144,0.00000,3.71341
534F4C31,7067,52221410,0,2997,2857,140,0.00000,3.61026
534F4C31,7067,52224155,0,2996,2857,139,0.00000,3.58447
534F4C31,7067,52226398,0,2998,2859,139,0.00000,3.58447
534F4C31,7068,52228640,0,3000,2858,142,0.00000,3.66183
534F4C31,7068,52233807,0,2994,2854,140,0.00000,3.61026
534F4C31,7068,52236031,0,2999,2858,141,0.00000,3.63604
534F4C31,7069,52240935,0,2994,2858,136,0.00000,3.50711
534F4C31,7070,52245752,0,2998,2856,142,0.00000,3.66183
534F4C31,7071,52251027,0,2995,2857,138,0.00000,3.55868
534F4C31,7071,52255978,0,2998,2858,140,0.00000,3.61026
534F4C31,7071,52258835,0,2996,2856,140,0.00000,3.61026
534F4C31,7071,52262216,0,2998,2856,142,0.00000,3.66183
534F4C31,7071,52264490,0,2998,2856,142,0.00000,3.66183
534F4C31,7071,52266724,0,2997,2855,142,0.00000,3.66183
534F4C31,7071,52268941,0,2999,2857,142,0.00000,3.66183
534F4C31,7071,52271028,0,2999,2859,140,0.00000,3.61026
534F4C31,7071,52273098,0,2999,2856,143,0.00000,3.68762
534F4C31,7071,52275238,0,2999,2857,142,0.00000,3.66183
534F4C31,7071,52277478,0,2996,2855,141,0.00000,3.63604
534F4C31,7071,52279702,0,2997,2856,141,0.00000,3.63604
534F4C31,7071,52281772,0,2999,2854,145,0.00000,3.73919
534F4C31,7071,52283931,0,2999,2858,141,0.00000,3.63604
534F4C31,7072,52286167,0,2997,2856,141,0.00000,3.63604
534F4C31,7073,52290717,0,3004,2856,148,0.00000,3.81656
534F4C31,7073,52294655,0,2996,2855,141,0.00000,3.63604
534F4C31,7073,52298357,0,2999,2857,142,0.00000,3.66183
534F4C31,7074,52302064,0,2999,2858,141,0.00000,3.63604
534F4C31,7075,52307868,0,2998,2858,140,0.00000,3.61026
534F4C31,7076,52312375,0,2997,2857,140,0.00000,3.61026
534F4C31,7076,52315327,0,3002,2859,143,0.00000,3.68762
534F4C31,7076,52320247,0,3003,2858,145,0.00000,3.73919
534F4C31,7076,52322583,0,2997,2855,142,0.00000,3.66183
534F4C31,7076,52324838,0,2997,2857,140,0.00000,3.61026
534F4C31,7076,52327683,0,2998,2856,142,0.00000,3.66183
534F4C31,7076,52330010,0,2995,2856,139,0.00000,3.58447
534F4C31,7076,52332291,0,2999,2853,146,0.00000,3.76498
534F4C31,7076,52334501,0,2999,2849,150,0.00000,3.86813
534F4C31,7076,52336614,0,2999,2854,145,0.00000,3.73919
534F4C31,7076,52338660,0,3001,2852,149,0.00000,3.84234
534F4C31,7076,52340834,0,2997,2852,145,0.00000,3.73919
534F4C31,7077,52342959,0,2996,2853,143,0.00000,3.68762
534F4C31,7078,52347879,0,2998,2853,145,0.00000,3.73919
534F4C31,7079,52353750,0,2998,2849,149,0.00000,3.84234
534F4C31,7079,52358147,0,2997,2851,146,0.00000,3.76498
534F4C31,7080,52362825,0,3001,2851,150,0.00000,3.86813
534F4C31,7081,52366156,0,2999,2850,149,0.00000,3.84234
534F4C31,7082,52371728,0,3001,2856,145,0.00000,3.73919
534F4C31,7082,52375933,0,3000,2855,145,0.00000,3.73919
534F4C31,7082,52379006,0,3001,2856,145,0.00000,3.73919
534F4C31,7083,52383286,0,2998,2851,147,0.00000,3.79077
534F4C31,7083,52386606,0,2999,2851,148,0.00000,3.81656
534F4C31,7083,52391152,0,2997,2852,145,0.00000,3.73919
534F4C31,7083,52394084,0,2999,2853,146,0.00000,3.76498
534F4C31,7083,52397008,0,3000,2853,147,0.00000,3.79077
534F4C31,7083,52399497,0,2996,2849,147,0.00000,3.79077
534F4C31,7083,52401653,0,2999,2853,146,0.00000,3.76498
534F4C31,7083,52403860,0,3003,2851,152,0.00000,3.91971
534F4C31,7083,52405994,0,3001,2852,149,0.00000,3.84234
534F4C31,7083,52408216,0,2999,2852,147,0.00000,3.79077
534F4C31,7083,52410296,0,3002,2853,149,0.00000,3.84234
534F4C31,7083,52412443,0,2997,2848,149,0.00000,3.84234
534F4C31,7084,52414726,0,3002,2856,146,0.00000,3.76498
534F4C31,7085,52419621,0,2997,2851,146,0.00000,3.76498
534F4C31,7085,52426022,0,2997,2854,143,0.00000,3.68762
534F4C31,7085,52428986,0,2997,2852,145,0.00000,3.73919
534F4C31,7085,52431199,0,2997,2854,143,0.00000,3.68762
534F4C31,7085,52434344,0,2996,2854,142,0.00000,3.66183
534F4C31,7085,52436749,0,2997,2851,146,0.00000,3.76498
534F4C31,7085,52438954,0,3001,2849,152,0.00000,3.91971
534F4C31,7086,52441100,0,2996,2853,143,0.00000,3.68762
534F4C31,7087,52445450,0,2996,2853,143,0.00000,3.68762
534F4C31,7088,52449101,0,2998,2851,147,0.00000,3.79077
534F4C31,7089,52454857,0,2997,2855,142,0.00000,3.66183
534F4C31,7090,52459630,0,3001,2854,147,0.00000,3.79077
534F4C31,7090,52465869,0,2998,2853,145,0.00000,3.73919
534F4C31,7090,52468176,0,3000,2853,147,0.00000,3.79077
534F4C31,7090,52470267,0,2996,2851,145,0.00000,3.73919
534F4C31,7090,52473630,0,2996,2852,144,0.00000,3.71341
534F4C31,7090,52475730,0,2995,2852,143,0.00000,3.68762
534F4C31,7090,52477832,0,2998,2853,145,0.00000,3.73919
534F4C31,7090,52479914,0,2998,2849,149,0.00000,3.84234
534F4C31,7090,52482088,0,2998,2850,148,0.00000,3.81656
534F4C31,7091,52484371,0,3002,2850,152,0.00000,3.91971
534F4C31,7092,52488287,0,2998,2850,148,0.00000,3.81656
534F4C31,7093,52494083,0,2998,2852,146,0.00000,3.76498
534F4C31,7094,52499674,0,3000,2852,148,0.00000,3.81656
534F4C31,7094,52502828,0,2996,2853,143,0.00000,3.68762
534F4C31,7094,52507626,0,2999,2852,147,0.00000,3.79077
534F4C31,7094,52509881,0,2993,2850,143,0.00000,3.68762
534F4C31,7094,52512729,0,2997,2850,147,0.00000,3.79077
534F4C31,7094,52515100,0,2994,2849,145,0.00000,3.73919
534F4C31,7094,52517341,0,2996,2849,147,0.00000,3.79077
534F4C31,7094,52519464,0,2996,2851,145,0.00000,3.73919
534F4C31,7094,52521544,0,2997,2851,146,0.00000,3.76498
534F4C31,7094,52524090,0,2996,2850,146,0.00000,3.76498
534F4C31,7094,52526402,0,2994,2850,144,0.00000,3.71341
534F4C31,7094,52528496,0,2995,2851,144,0.00000,3.71341
534F4C31,7095,52531427,0,2995,2851,144,0.00000,3.71341
534F4C31,7096,52535134,0,2996,2852,144,0.00000,3.71341
534F4C31,7097,52541808,0,2998,2851,147,0.00000,3.79077
534F4C31,7097,52546234,0,2999,2851,148,0.00000,3.81656
534F4C31,7097,52548468,0,2995,2853,142,0.00000,3.66183
534F4C31,7097,52550700,0,2997,2851,146,0.00000,3.76498
534F4C31,7097,52552904,0,2997,2854,143,0.00000,3.68762
534F4C31,7098,52554993,0,2999,2850,149,0.00000,3.84234
534F4C31,7099,52560002,0,2993,2852,141,0.00000,3.63604
534F4C31,7100,52565893,0,2994,2853,141,0.00000,3.63604
534F4C31,7100,52569886,0,2999,2852,147,0.00000,3.79077
534F4C31,7100,52573381,0,2996,2852,144,0.00000,3.71341
534F4C31,7100,52575555,0,2997,2854,143,0.00000,3.68762
534F4C31,7100,52577696,0,2996,2851,145,0.00000,3.73919
534F4C31,7100,52580487,0,2995,2852,143,0.00000,3.68762
534F4C31,7100,52582865,0,2996,2852,144,0.00000,3.71341
534F4C31,7101,52584907,0,2997,2852,145,0.00000,3.73919
534F4C31,7102,52589481,0,2998,2850,148,0.00000,3.81656
534F4C31,7103,52593964,0,2997,2849,148,0.00000,3.81656
534F4C31,7103,52599153,0,2994,2850,144,0.00000,3.71341
534F4C31,7103,52602015,0,2997,2851,146,0.00000,3.76498
534F4C31,7104,52604697,0,2999,2853,146,0.00000,3.76498
534F4C31,7105,52609417,0,2997,2853,144,0.00000,3.71341
534F4C31,7105,52613137,0,2994,2852,142,0.00000,3.66183
534F4C31,7105,52617147,0,2999,2852,147,0.00000,3.79077
534F4C31,7105,52620001,0,3002,2852,150,0.00000,3.86813
534F4C31,7105,52622288,0,3002,2849,153,0.00000,3.94549
534F4C31,7105,52625346,0,2996,2851,145,0.00000,3.73919
534F4C31,7105,52627815,0,2997,2852,145,0.00000,3.73919
534F4C31,7105,52630056,0,2997,2853,144,0.00000,3.71341
534F4C31,7105,52632291,0,2997,2853,144,0.00000,3.71341
534F4C31,7105,52634419,0,2995,2853,142,0.00000,3.66183
534F4C31,7105,52636508,0,2997,2852,145,0.00000,3.73919
534F4C31,7105,52638617,0,2996,2852,144,0.00000,3.71341
534F4C31,7106,52640949,0,2996,2852,144,0.00000,3.71341
534F4C31,7107,52645383,0,2999,2852,147,0.00000,3.79077
534F4C31,7108,52649336,0,2996,2852,144,0.00000,3.71341
534F4C31,7108,52654771,0,2998,2853,145,0.00000,3.73919
534F4C31,7108,52657414,0,2998,2853,145,0.00000,3.73919
534F4C31,7108,52661628,0,3002,2854,148,0.00000,3.81656
534F4C31,7108,52663824,0,3000,2852,148,0.00000,3.81656
534F4C31,7108,52665933,0,3001,2852,149,0.00000,3.84234
534F4C31,7109,52669155,0,2997,2855,142,0.00000,3.66183
534F4C31,7110,52673880,0,2997,2852,145,0.00000,3.73919
534F4C31,7110,52677672,0,2998,2853,145,0.00000,3.73919
534F4C31,7110,52682026,0,2997,2851,146,0.00000,3.76498
534F4C31,7111,52684466,0,2997,2851,146,0.00000,3.76498
534F4C31,7111,52689806,0,2997,2851,146,0.00000,3.76498
534F4C31,7111,52692304,0,2998,2853,145,0.00000,3.73919
534F4C31,7111,52695064,0,3001,2854,147,0.00000,3.79077
534F4C31,7111,52697910,0,2995,2849,146,0.00000,3.76498
534F4C31,7111,52700421,0,2997,2852,145,0.00000,3.73919
534F4C31,7111,52702670,0,2996,2855,141,0.00000,3.63604
534F4C31,7111,52704723,0,3001,2853,148,0.00000,3.81656
534F4C31,7111,52706859,0,2995,2850,145,0.00000,3.73919
534F4C31,7111,52709082,0,2994,2851,143,0.00000,3.68762
534F4C31,7112,52711303,0,2997,2850,147,0.00000,3.79077
534F4C31,7113,52716069,0,2998,2852,146,0.00000,3.76498
534F4C31,7114,52720378,0,2997,2855,142,0.00000,3.66183
534F4C31,7115,52726595,0,3000,2852,148,0.00000,3.81656
534F4C31,7115,52732901,0,3000,2850,150,0.00000,3.86813
534F4C31,7115,52735936,0,2997,2852,145,0.00000,3.73919
534F4C31,7115,52738313,0,2996,2849,147,0.00000,3.79077
534F4C31,7116,52740530,0,2996,2851,145,0.00000,3.73919
534F4C31,7116,52744823,0,2998,2851,147,0.00000,3.79077
534F4C31,7116,52749438,0,3000,2854,146,0.00000,3.76498
534F4C31,7116,52751696,0,2996,2852,144,0.00000,3.71341
534F4C31,7116,52754589,0,3001,2852,149,0.00000,3.84234
534F4C31,7116,52757088,0,2998,2854,144,0.00000,3.71341
534F4C31,7116,52759164,0,2997,2852,145,0.00000,3.73919
534F4C31,7116,52761273,0,2997,2852,145,0.00000,3.73919
534F4C31,7117,52763479,0,2996,2855,141,0.00000,3.63604
534F4C31,7118,52767645,0,2996,2852,144,0.00000,3.71341
534F4C31,7119,52771859,0,2997,2854,143,0.00000,3.68762
534F4C31,7120,52777913,0,2998,2850,148,0.00000,3.81656
534F4C31,7120,52781952,0,2993,2854,139,0.00000,3.58447
534F4C31,7120,52786745,0,2998,2854,144,0.00000,3.71341
534F4C31,7120,52789669,0,2997,2852,145,0.00000,3.73919
534F4C31,7120,52792058,0,3001,2855,146,0.00000,3.76498
534F4C31,7120,52795058,0,3000,2851,149,0.00000,3.84234
534F4C31,7120,52797254,0,3000,2853,147,0.00000,3.79077
534F4C31,7120,52799410,0,2994,2852,142,0.00000,3.66183
534F4C31,7120,52801627,0,2994,2853,141,0.00000,3.63604
534F4C31,7121,52803845,0,2997,2851,146,0.00000,3.76498
534F4C31,7122,52807625,0,3000,2852,148,0.00000,3.81656
534F4C31,7123,52812196,0,2999,2853,146,0.00000,3.76498
534F4C31,7124,52816663,0,2999,2853,146,0.00000,3.76498
534F4C31,7124,52821187,0,2997,2854,143,0.00000,3.68762
534F4C31,7124,52825277,0,3000,2854,146,0.00000,3.76498
534F4C31,7124,52827731,0,3000,2850,150,0.00000,3.86813
534F4C31,7124,52830839,0,2999,2852,147,0.00000,3.79077
534F4C31,7125,52833310,0,2996,2852,144,0.00000,3.71341
534F4C31,7126,52837659,0,2995,2853,142,0.00000,3.66183
534F4C31,7127,52841519,0,2995,2852,143,0.00000,3.68762
534F4C31,7128,52847624,0,3000,2854,146,0.00000,3.76498
534F4C31,7128,52852399,0,2996,2853,143,0.00000,3.68762
534F4C31,7128,52855045,0,2998,2854,144,0.00000,3.71341
534F4C31,7128,52857102,0,2998,2853,145,0.00000,3.73919
534F4C31,7128,52859854,0,3002,2854,148,0.00000,3.81656
534F4C31,7128,52862761,0,3001,2852,149,0.00000,3.84234
534F4C31,7128,52865165,0,2998,2854,144,0.00000,3.71341
534F4C31,7128,52867308,0,2998,2854,144,0.00000,3.71341
534F4C31,7128,52869393,0,2998,2853,145,0.00000,3.73919
534F4C31,7128,52871503,0,3000,2853,147,0.00000,3.79077
534F4C31,7128,52873704,0,2996,2853,143,0.00000,3.68762
534F4C31,7128,52875925,0,2998,2855,143,0.00000,3.68762
534F4C31,7128,52878000,0,3001,2849,152,0.00000,3.91971
534F4C31,7128,52880043,0,2996,2852,144,0.00000,3.71341
534F4C31,7129,52882161,0,2999,2852,147,0.00000,3.79077
534F4C31,7130,52886431,0,2996,2850,146,0.00000,3.76498
534F4C31,7131,52890593,0,2996,2848,148,0.00000,3.81656
534F4C31,7132,52896754,0,2999,2849,150,0.00000,3.86813
534F4C31,7132,52901852,0,2993,2848,145,0.00000,3.73919
534F4C31,7132,52904708,0,2998,2848,150,0.00000,3.86813
534F4C31,7132,52906852,0,2998,2849,149,0.00000,3.84234
534F4C31,7132,52910020,0,2998,2849,149,0.00000,3.84234
534F4C31,7132,52912478,0,2999,2847,152,0.00000,3.91971
534F4C31,7132,52914699,0,2995,2847,148,0.00000,3.81656
534F4C31,7132,52916777,0,2996,2848,148,0.00000,3.81656
534F4C31,7132,52918834,0,3001,2846,155,0.00000,3.99707
534F4C31,7133,52920854,0,3000,2846,154,0.00000,3.97128
534F4C31,7134,52923795,0,2997,2849,148,0.00000,3.81656
534F4C31,7135,52928067,0,2995,2851,144,0.00000,3.71341
534F4C31,7136,52933917,0,2999,2850,149,0.00000,3.84234
534F4C31,7136,52938664,0,2999,2846,153,0.00000,3.94549
534F4C31,7136,52941384,0,2997,2849,148,0.00000,3.81656
534F4C31,7137,52945783,0,2997,2848,149,0.00000,3.84234
534F4C31,7138,52950480,0,3000,2849,151,0.00000,3.89392
534F4C31,7139,52955755,0,2997,2847,150,0.00000,3.86813
534F4C31,7139,52960279,0,2998,2847,151,0.00000,3.89392
534F4C31,7139,52963855,0,3000,2849,151,0.00000,3.89392
534F4C31,7139,52966795,0,2997,2850,147,0.00000,3.79077
534F4C31,7139,52969733,0,2998,2847,151,0.00000,3.89392
534F4C31,7140,52971836,0,2997,2850,147,0.00000,3.79077
534F4C31,7140,52976662,0,2996,2850,146,0.00000,3.76498
534F4C31,7140,52979613,0,2996,2848,148,0.00000,3.81656
534F4C31,7141,52982618,0,2993,2849,144,0.00000,3.71341
534F4C31,7142,52988192,0,3000,2850,150,0.00000,3.86813
534F4C31,7142,52993871,0,2998,2851,147,0.00000,3.79077
534F4C31,7142,52997253,0,2998,2850,148,0.00000,3.81656
534F4C31,7142,53000241,0,3003,2847,156,0.00000,4.02286
534F4C31,7142,53003070,0,2998,2849,149,0.00000,3.84234
534F4C31,7143,53005541,0,2999,2847,152,0.00000,3.91971
534F4C31,7144,53009949,0,3000,2849,151,0.00000,3.89392
534F4C31,7144,53014570,0,2995,2848,147,0.00000,3.79077
534F4C31,7144,53017766,0,2992,2850,142,0.00000,3.66183
534F4C31,7144,53020746,0,2998,2850,148,0.00000,3.81656
534F4C31,7144,53023560,0,2997,2850,147,0.00000,3.79077
534F4C31,7144,53025933,0,2999,2846,153,0.00000,3.94549
534F4C31,7144,53028166,0,2998,2848,150,0.00000,3.86813
534F4C31,7145,53030336,0,3001,2848,153,0.00000,3.94549
534F4C31,7145,53034029,0,3000,2846,154,0.00000,3.97128
534F4C31,7145,53037867,0,2996,2849,147,0.00000,3.79077
534F4C31,7145,53042305,0,3001,2849,152,0.00000,3.91971
534F4C31,7145,53044745,0,2997,2848,149,0.00000,3.84234
534F4C31,7145,53046986,0,2997,2847,150,0.00000,3.86813
534F4C31,7145,53049170,0,2996,2849,147,0.00000,3.79077
534F4C31,7145,53051218,0,3000,2847,153,0.00000,3.94549
534F4C31,7145,53053374,0,2998,2849,149,0.00000,3.84234
534F4C31,7145,53055640,0,3000,2850,150,0.00000,3.86813
534F4C31,7146,53057652,0,3001,2848,153,0.00000,3.94549
534F4C31,7147,53062423,0,3000,2849,151,0.00000,3.89392
534F4C31,7148,53066132,0,2996,2849,147,0.00000,3.79077
534F4C31,7149,53072145,0,3002,2846,156,0.00000,4.02286
534F4C31,7149,53077000,0,2993,2847,146,0.00000,3.76498
534F4C31,7149,53081449,0,2997,2848,149,0.00000,3.84234
534F4C31,7149,53083767,0,2999,2847,152,0.00000,3.91971
534F4C31,7149,53087004,0,2997,2847,150,0.00000,3.86813
534F4C31,7149,53089246,0,3000,2848,152,0.00000,3.91971
534F4C31,7149,53091528,0,2998,2845,153,0.00000,3.94549
534F4C31,7149,53093712,0,2997,2849,148,0.00000,3.81656
534F4C31,7149,53095799,0,2997,2848,149,0.00000,3.84234
534F4C31,7150,53097854,0,3001,2847,154,0.00000,3.97128
534F4C31,7151,53100856,0,2998,2848,150,0.00000,3.86813
534F4C31,7152,53105678,0,2999,2848,151,0.00000,3.89392
534F4C31,7153,53111046,0,2997,2848,149,0.00000,3.84234
534F4C31,7153,53116401,0,3003,2848,155,0.00000,3.99707
534F4C31,7153,53120247,0,2999,2847,152,0.00000,3.91971
534F4C31,7154,53123279,0,2999,2848,151,0.00000,3.89392
534F4C31,7155,53128562,0,2996,2847,149,0.00000,3.84234
534F4C31,7155,53132219,0,2999,2850,149,0.00000,3.84234
534F4C31,7155,53138405,0,2997,2848,149,0.00000,3.84234
534F4C31,7155,53141451,0,2998,2847,151,0.00000,3.89392
534F4C31,7155,53143759,0,2998,2851,147,0.00000,3.79077
534F4C31,7155,53146523,0,3000,2848,152,0.00000,3.91971
534F4C31,7155,53148810,0,2997,2851,146,0.00000,3.76498
534F4C31,7155,53151081,0,2997,2845,152,0.00000,3.91971
534F4C31,7155,53153197,0,2995,2849,146,0.00000,3.76498
534F4C31,7155,53155438,0,3000,2847,153,0.00000,3.94549
534F4C31,7155,53157456,0,2998,2846,152,0.00000,3.91971
534F4C31,7155,53159551,0,2998,2850,148,0.00000,3.81656
534F4C31,7156,53161828,0,2994,2852,142,0.00000,3.66183
534F4C31,7157,53166585,0,2998,2846,152,0.00000,3.91971
534F4C31,7158,53170460,0,2996,2845,151,0.00000,3.89392
534F4C31,7158,53176761,0,2996,2848,148,0.00000,3.81656
534F4C31,7158,53180396,0,2997,2850,147,0.00000,3.79077
534F4C31,7159,53182643,0,2997,2850,147,0.00000,3.79077
534F4C31,7160,53187173,0,2999,2848,151,0.00000,3.89392
534F4C31,7160,53192242,0,2997,2850,147,0.00000,3.79077
534F4C31,7161,53194679,0,3000,2846,154,0.00000,3.97128
534F4C31,7162,53199562,0,2997,2847,150,0.00000,3.86813
534F4C31,7162,53203216,0,2998,2848,150,0.00000,3.86813
534F4C31,7162,53206288,0,2999,2848,151,0.00000,3.89392
534F4C31,7162,53210728,0,2998,2851,147,0.00000,3.79077
534F4C31,7162,53212991,0,3000,2850,150,0.00000,3.86813
534F4C31,7162,53215024,0,2997,2850,147,0.00000,3.79077
534F4C31,7162,53218147,0,2999,2850,149,0.00000,3.84234
534F4C31,7162,53220466,0,3000,2850,150,0.00000,3.86813
534F4C31,7162,53222646,0,2998,2848,150,0.00000,3.86813
534F4C31,7162,53224711,0,3002,2849,153,0.00000,3.94549
534F4C31,7162,53226792,0,2998,2849,149,0.00000,3.84234
534F4C31,7162,53228907,0,3001,2850,151,0.00000,3.89392
534F4C31,7163,53231154,0,2996,2848,148,0.00000,3.81656
534F4C31,7164,53235671,0,2994,2849,145,0.00000,3.73919
534F4C31,7165,53241063,0,2995,2850,145,0.00000,3.73919
534F4C31,7165,53246843,0,3000,2851,149,0.00000,3.84234
534F4C31,7165,53249135,0,2995,2851,144,0.00000,3.71341
534F4C31,7166,53252053,0,2997,2849,148,0.00000,3.81656
534F4C31,7167,53256297,0,2999,2849,150,0.00000,3.86813
534F4C31,7167,53261007,0,2999,2852,147,0.00000,3.79077
534F4C31,7167,53263317,0,3000,2850,150,0.00000,3.86813
534F4C31,7168,53267653,0,2998,2851,147,0.00000,3.79077
534F4C31,7168,53271210,0,2999,2850,149,0.00000,3.84234
534F4C31,7168,53275177,0,2997,2848,149,0.00000,3.84234
534F4C31,7168,53279883,0,2998,2851,147,0.00000,3.79077
534F4C31,7168,53282866,0,2997,2849,148,0.00000,3.81656
534F4C31,7168,53285062,0,2997,2851,146,0.00000,3.76498
534F4C31,7168,53287232,0,3002,2846,156,0.00000,4.02286
534F4C31,7169,53290363,0,3000,2847,153,0.00000,3.94549
534F4C31,7170,53295010,0,3000,2848,152,0.00000,3.91971
534F4C31,7170,53298699,0,2997,2848,149,0.00000,3.84234
534F4C31,7170,53300983,0,3001,2849,152,0.00000,3.91971
534F4C31,7171,53305560,0,3001,2848,153,0.00000,3.94549
534F4C31,7171,53309397,0,3001,2849,152,0.00000,3.91971
534F4C31,7171,53311655,0,2999,2847,152,0.00000,3.91971
534F4C31,7172,53315793,0,2999,2851,148,0.00000,3.81656
534F4C31,7172,53319971,0,2999,2848,151,0.00000,3.89392
534F4C31,7172,53322284,0,2999,2849,150,0.00000,3.86813
534F4C31,7173,53326427,0,2996,2848,148,0.00000,3.81656
534F4C31,7174,53330617,0,2993,2847,146,0.00000,3.76498
534F4C31,7175,53336122,0,2997,2846,151,0.00000,3.89392
534F4C31,7175,53340324,0,2999,2848,151,0.00000,3.89392
534F4C31,7176,53343795,0,2999,2848,151,0.00000,3.89392
534F4C31,7176,53347884,0,3000,2848,152,0.00000,3.91971
534F4C31,7176,53351236,0,2996,2847,149,0.00000,3.84234
534F4C31,7176,53353382,0,2996,2852,144,0.00000,3.71341
534F4C31,7177,53358188,0,2997,2849,148,0.00000,3.81656
534F4C31,7178,53362625,0,2998,2848,150,0.00000,3.86813
534F4C31,7178,53366425,0,2999,2848,151,0.00000,3.89392
534F4C31,7179,53371108,0,2999,2851,148,0.00000,3.81656
534F4C31,7179,53375294,0,2996,2848,148,0.00000,3.81656
534F4C31,7179,53380255,0,2999,2849,150,0.00000,3.86813
534F4C31,7180,53382561,0,2997,2847,150,0.00000,3.86813
534F4C31,7181,53388360,0,2995,2850,145,0.00000,3.73919
534F4C31,7182,53392427,0,2995,2846,149,0.00000,3.84234
534F4C31,7182,53397771,0,2996,2849,147,0.00000,3.79077
534F4C31,7182,53400191,0,2998,2848,150,0.00000,3.86813
534F4C31,7182,53402280,0,3000,2849,151,0.00000,3.89392
534F4C31,7182,53404614,0,2997,2850,147,0.00000,3.79077
534F4C31,7183,53407807,0,2997,2850,147,0.00000,3.79077
534F4C31,7184,53412312,0,2995,2847,148,0.00000,3.81656
534F4C31,7185,53416231,0,2997,2849,148,0.00000,3.81656
534F4C31,7185,53421988,0,2998,2843,155,0.00000,3.99707
534F4C31,7186,53424368,0,2998,2850,148,0.00000,3.81656
534F4C31,7186,53426614,0,2996,2849,147,0.00000,3.79077
534F4C31,7187,53431832,0,2998,2842,156,0.00000,4.02286
534F4C31,7188,53437291,0,3002,2842,160,0.00000,4.12601
534F4C31,7189,53442079,0,2998,2845,153,0.00000,3.94549
534F4C31,7189,53446837,0,2996,2843,153,0.00000,3.94549
534F4C31,7189,53450854,0,2997,2846,151,0.00000,3.89392
534F4C31,7189,53453786,0,2996,2849,147,0.00000,3.79077
534F4C31,7189,53457054,0,2999,2843,156,0.00000,4.02286
534F4C31,7189,53459283,0,2998,2844,154,0.00000,3.97128
534F4C31,7189,53461446,0,2996,2846,150,0.00000,3.86813
534F4C31,7189,53463656,0,3001,2845,156,0.00000,4.02286
534F4C31,7189,53465861,0,3000,2844,156,0.00000,4.02286
534F4C31,7189,53467966,0,2999,2845,154,0.00000,3.97128
534F4C31,7189,53470098,0,2997,2842,155,0.00000,3.99707
534F4C31,7190,53472296,0,2999,2844,155,0.00000,3.99707
534F4C31,7191,53476999,0,2999,2846,153,0.00000,3.94549
534F4C31,7191,53480720,0,2996,2847,149,0.00000,3.84234
534F4C31,7191,53486008,0,3001,2846,155,0.00000,3.99707
534F4C31,7191,53488294,0,3002,2847,155,0.00000,3.99707
534F4C31,7191,53490466,0,3000,2844,156,0.00000,4.02286
534F4C31,7192,53493653,0,3001,2846,155,0.00000,3.99707
534F4C31,7193,53497957,0,2997,2844,153,0.00000,3.94549
534F4C31,7194,53502722,0,2998,2845,153,0.00000,3.94549
534F4C31,7194,53506031,0,2998,2844,154,0.00000,3.97128
534F4C31,7194,53511533,0,2998,2844,154,0.00000,3.97128
534F4C31,7194,53513677,0,2997,2845,152,0.00000,3.91971
534F4C31,7194,53517194,0,2999,2844,155,0.00000,3.99707
534F4C31,7195,53519614,0,2995,2848,147,0.00000,3.79077
534F4C31,7195,53524235,0,2998,2848,150,0.00000,3.86813
534F4C31,7195,53526432,0,2999,2845,154,0.00000,3.97128
534F4C31,7195,53529526,0,2997,2847,150,0.00000,3.86813
534F4C31,7195,53531963,0,3001,2846,155,0.00000,3.99707
534F4C31,7195,53534062,0,3000,2846,154,0.00000,3.97128
534F4C31,7195,53536379,0,3000,2842,158,0.00000,4.07443
534F4C31,7195,53538571,0,2996,2847,149,0.00000,3.84234
534F4C31,7195,53540776,0,2998,2847,151,0.00000,3.89392
534F4C31,7195,53542917,0,2998,2846,152,0.00000,3.91971
534F4C31,7195,53545018,0,2999,2844,155,0.00000,3.99707
534F4C31,7195,53547549,0,2998,2844,154,0.00000,3.97128
534F4C31,7195,53549741,0,2999,2845,154,0.00000,3.97128
534F4C31,7195,53552055,0,3001,2845,156,0.00000,4.02286
534F4C31,7195,53554201,0,2997,2844,153,0.00000,3.94549
534F4C31,7195,53556297,0,3003,2841,162,0.00000,4.17758
534F4C31,7195,53558416,0,2997,2842,155,0.00000,3.99707
534F4C31,7195,53560586,0,2997,2843,154,0.00000,3.97128
534F4C31,7195,53562834,0,3002,2845,157,0.00000,4.04864
534F4C31,7195,53565010,0,2996,2846,150,0.00000,3.86813
534F4C31,7196,53567213,0,3003,2847,156,0.00000,4.02286
534F4C31,7197,53571137,0,2998,2843,155,0.00000,3.99707
534F4C31,7198,53575296,0,2995,2844,151,0.00000,3.89392
534F4C31,7199,53580978,0,2998,2844,154,0.00000,3.97128
534F4C31,7199,53585769,0,3000,2844,156,0.00000,4.02286
534F4C31,7199,53589016,0,2998,2844,154,0.00000,3.97128
534F4C31,7200,53591723,0,2997,2844,153,0.00000,3.94549
534F4C31,7200,53597197,0,2997,2845,152,0.00000,3.91971
534F4C31,7200,53599452,0,2998,2845,153,0.00000,3.94549
534F4C31,7200,53602361,0,3000,2846,154,0.00000,3.97128
534F4C31,7200,53604976,0,3001,2840,161,0.00000,4.15179
534F4C31,7200,53607056,0,2998,2843,155,0.00000,3.99707
534F4C31,7200,53609249,0,2999,2844,155,0.00000,3.99707
534F4C31,7200,53611336,0,2998,2844,154,0.00000,3.97128
534F4C31,7200,53613503,0,2998,2842,156,0.00000,4.02286
534F4C31,7200,53615608,0,2997,2846,151,0.00000,3.89392
534F4C31,7201,53617704,0,2999,2845,154,0.00000,3.97128
534F4C31,7202,53621994,0,3000,2848,152,0.00000,3.91971
534F4C31,7203,53625887,0,2996,2845,151,0.00000,3.89392
534F4C31,7204,53631849,0,2998,2845,153,0.00000,3.94549
534F4C31,7204,53636643,0,2997,2844,153,0.00000,3.94549
534F4C31,7204,53639847,0,2998,2845,153,0.00000,3.94549
534F4C31,7204,53642810,0,2999,2845,154,0.00000,3.97128
534F4C31,7204,53645184,0,2999,2844,155,0.00000,3.99707
534F4C31,7205,53647399,0,3000,2847,153,0.00000,3.94549
534F4C31,7206,53652676,0,2994,2843,151,0.00000,3.89392
534F4C31,7207,53657539,0,3000,2846,154,0.00000,3.97128
534F4C31,7208,53662265,0,2996,2845,151,0.00000,3.89392
534F4C31,7209,53668034,0,2997,2843,154,0.00000,3.97128
534F4C31,7209,53672397,0,3002,2843,159,0.00000,4.10022
534F4C31,7209,53675880,0,2995,2845,150,0.00000,3.86813
534F4C31,7209,53678725,0,3000,2845,155,0.00000,3.99707
534F4C31,7209,53681143,0,2997,2844,153,0.00000,3.94549
534F4C31,7209,53683256,0,2999,2846,153,0.00000,3.94549
534F4C31,7209,53685415,0,3000,2846,154,0.00000,3.97128
534F4C31,7209,53687621,0,3001,2845,156,0.00000,4.02286
534F4C31,7209,53689872,0,2998,2843,155,0.00000,3.99707
534F4C31,7209,53691956,0,2998,2847,151,0.00000,3.89392
534F4C31,7209,53694015,0,2999,2844,155,0.00000,3.99707
534F4C31,7209,53696228,0,2998,2846,152,0.00000,3.91971
534F4C31,7209,53698407,0,2998,2845,153,0.00000,3.94549
534F4C31,7209,53700547,0,2998,2843,155,0.00000,3.99707
534F4C31,7209,53702618,0,3000,2844,156,0.00000,4.02286
534F4C31,7209,53704735,0,2997,2845,152,0.00000,3.91971
534F4C31,7210,53706981,0,2998,2845,153,0.00000,3.94549
534F4C31,7211,53711613,0,3001,2846,155,0.00000,3.99707
534F4C31,7211,53715476,0,3002,2843,159,0.00000,4.10022
534F4C31,7211,53720087,0,3002,2846,156,0.00000,4.02286
534F4C31,7211,53722852,0,2999,2846,153,0.00000,3.94549
534F4C31,7211,53725022,0,2998,2844,154,0.00000,3.97128
534F4C31,7212,53728272,0,3000,2847,153,0.00000,3.94549
534F4C31,7212,53732957,0,3000,2843,157,0.00000,4.04864
534F4C31,7212,53735265,0,3000,2845,155,0.00000,3.99707
534F4C31,7213,53738153,0,2995,2843,152,0.00000,3.91971
534F4C31,7213,53743180,0,2995,2844,151,0.00000,3.89392
534F4C31,7213,53745622,0,2997,2844,153,0.00000,3.94549
534F4C31,7214,53749539,0,2997,2846,151,0.00000,3.89392
534F4C31,7214,53754220,0,3001,2845,156,0.00000,4.02286
534F4C31,7214,53757172,0,2998,2849,149,0.00000,3.84234
534F4C31,7215,53759446,0,2997,2846,151,0.00000,3.89392
534F4C31,7215,53765082,0,2991,2845,146,0.00000,3.76498
534F4C31,7215,53767543,0,2999,2846,153,0.00000,3.94549
534F4C31,7216,53769698,0,3001,2845,156,0.00000,4.02286
534F4C31,7216,53773884,0,2996,2846,150,0.00000,3.86813
534F4C31,7216,53777610,0,3000,2844,156,0.00000,4.02286
534F4C31,7216,53779871,0,2998,2847,151,0.00000,3.89392
534F4C31,7217,53783268,0,3000,2847,153,0.00000,3.94549
534F4C31,7217,53788377,0,3001,2846,155,0.00000,3.99707
534F4C31,7217,53790570,0,2995,2845,150,0.00000,3.86813
534F4C31,7218,53792625,0,2998,2845,153,0.00000,3.94549
534F4C31,7219,53795596,0,2997,2842,155,0.00000,3.99707
534F4C31,7220,53801793,0,3001,2844,157,0.00000,4.04864
534F4C31,7220,53808810,0,2997,2844,153,0.00000,3.94549
534F4C31,7220,53811076,0,2999,2847,152,0.00000,3.91971
534F4C31,7220,53813930,0,2999,2844,155,0.00000,3.99707
534F4C31,7220,53818046,0,2998,2844,154,0.00000,3.97128
534F4C31,7220,53820343,0,3000,2844,156,0.00000,4.02286
534F4C31,7220,53822555,0,2998,2845,153,0.00000,3.94549
534F4C31,7220,53824704,0,2996,2843,153,0.00000,3.94549
534F4C31,7221,53826798,0,2998,2843,155,0.00000,3.99707
534F4C31,7222,53830807,0,3000,2842,158,0.00000,4.07443
534F4C31,7223,53834668,0,2998,2842,156,0.00000,4.02286
534F4C31,7224,53840854,0,2999,2846,153,0.00000,3.94549
534F4C31,7224,53845321,0,2999,2842,157,0.00000,4.04864
534F4C31,7224,53848967,0,2999,2848,151,0.00000,3.89392
534F4C31,7224,53851855,0,2995,2846,149,0.00000,3.84234
534F4C31,7224,53855008,0,3000,2843,157,0.00000,4.04864
534F4C31,7224,53857682,0,2999,2844,155,0.00000,3.99707
534F4C31,7224,53860031,0,3002,2846,156,0.00000,4.02286
534F4C31,7224,53862127,0,2999,2844,155,0.00000,3.99707
534F4C31,7224,53864225,0,2999,2844,155,0.00000,3.99707
534F4C31,7224,53866283,0,2995,2846,149,0.00000,3.84234
534F4C31,7225,53868652,0,2999,2845,154,0.00000,3.97128
534F4C31,7226,53873811,0,2997,2842,155,0.00000,3.99707
534F4C31,7227,53880138,0,2996,2846,150,0.00000,3.86813
534F4C31,7227,53882311,0,2994,2843,151,0.00000,3.89392
534F4C31,7228,53886431,0,3000,2843,157,0.00000,4.04864
534F4C31,7228,53890562,0,2999,2845,154,0.00000,3.97128
534F4C31,7228,53895105,0,2997,2844,153,0.00000,3.94549
534F4C31,7228,53898924,0,3000,2844,156,0.00000,4.02286
534F4C31,7228,53901861,0,2997,2843,154,0.00000,3.97128
534F4C31,7228,53904545,0,3000,2843,157,0.00000,4.04864
534F4C31,7228,53906742,0,2995,2844,151,0.00000,3.89392
534F4C31,7228,53908978,0,2999,2842,157,0.00000,4.04864
534F4C31,7229,53911259,0,2998,2843,155,0.00000,3.99707
534F4C31,7230,53915072,0,2998,2845,153,0.00000,3.94549
534F4C31,7231,53919775,0,2999,2844,155,0.00000,3.99707
534F4C31,7232,53925942,0,3004,2846,158,0.00000,4.07443
534F4C31,7232,53929558,0,2996,2846,150,0.00000,3.86813
534F4C31,7232,53932609,0,2995,2844,151,0.00000,3.89392
534F4C31,7233,53935534,0,3001,2845,156,0.00000,4.02286
534F4C31,7233,53940310,0,2999,2843,156,0.00000,4.02286
534F4C31,7233,53942649,0,2997,2844,153,0.00000,3.94549
534F4C31,7234,53944661,0,2996,2844,152,0.00000,3.91971
534F4C31,7235,53950329,0,3005,2846,159,0.00000,4.10022
534F4C31,7236,53954886,0,3001,2844,157,0.00000,4.04864
534F4C31,7236,53960557,0,2997,2844,153,0.00000,3.94549
534F4C31,7236,53963758,0,3000,2844,156,0.00000,4.02286
534F4C31,7236,53966762,0,2996,2845,151,0.00000,3.89392
534F4C31,7236,53969060,0,3000,2842,158,0.00000,4.07443
534F4C31,7236,53971212,0,3003,2842,161,0.00000,4.15179
534F4C31,7236,53973460,0,2994,2843,151,0.00000,3.89392
534F4C31,7236,53975564,0,2996,2844,152,0.00000,3.91971
534F4C31,7236,53977665,0,2997,2846,151,0.00000,3.89392
534F4C31,7236,53979742,0,2996,2843,153,0.00000,3.94549
534F4C31,7236,53981939,0,2995,2845,150,0.00000,3.86813
534F4C31,7237,53984300,0,2998,2844,154,0.00000,3.97128
534F4C31,7238,53988087,0,2997,2845,152,0.00000,3.91971
534F4C31,7239,53992944,0,2997,2842,155,0.00000,3.99707
534F4C31,7240,53999351,0,2999,2842,157,0.00000,4.04864
534F4C31,7240,54003201,0,2998,2841,157,0.00000,4.04864
534F4C31,7240,54007453,0,3001,2841,160,0.00000,4.12601
534F4C31,7240,54010345,0,2997,2840,157,0.00000,4.04864
534F4C31,7240,54012693,0,2998,2842,156,0.00000,4.02286
534F4C31,7240,54015397,0,3001,2839,162,0.00000,4.17758
534F4C31,7240,54017694,0,3002,2839,163,0.00000,4.20337
534F4C31,7240,54020073,0,2999,2843,156,0.00000,4.02286
534F4C31,7240,54022441,0,2996,2839,157,0.00000,4.04864
534F4C31,7240,54024615,0,2999,2842,157,0.00000,4.04864
534F4C31,7240,54026783,0,2997,2841,156,0.00000,4.02286
534F4C31,7241,54028837,0,2996,2841,155,0.00000,3.99707
534F4C31,7242,54032827,0,3000,2839,161,0.00000,4.15179
534F4C31,7243,54036611,0,2998,2841,157,0.00000,4.04864
534F4C31,7244,54041236,0,2999,2840,159,0.00000,4.10022
534F4C31,7245,54047026,0,2997,2844,153,0.00000,3.94549
534F4C31,7245,54050682,0,2996,2842,154,0.00000,3.97128
534F4C31,7245,54055660,0,2999,2840,159,0.00000,4.10022
534F4C31,7245,54057914,0,2998,2840,158,0.00000,4.07443
534F4C31,7246,54061855,0,2999,2842,157,0.00000,4.04864
534F4C31,7246,54067448,0,3000,2841,159,0.00000,4.10022
534F4C31,7246,54069767,0,3002,2841,161,0.00000,4.15179
534F4C31,7246,54072497,0,2998,2841,157,0.00000,4.04864
534F4C31,7246,54075030,0,3000,2841,159,0.00000,4.10022
534F4C31,7246,54077234,0,2997,2842,155,0.00000,3.99707
534F4C31,7246,54079270,0,3001,2841,160,0.00000,4.12601
534F4C31,7246,54081473,0,3001,2841,160,0.00000,4.12601
534F4C31,7247,54083708,0,2995,2840,155,0.00000,3.99707
534F4C31,7247,54087898,0,2997,2839,158,0.00000,4.07443
534F4C31,7247,54090184,0,3000,2839,161,0.00000,4.15179
534F4C31,7248,54092422,0,2997,2843,154,0.00000,3.97128
534F4C31,7248,54097959,0,2998,2840,158,0.00000,4.07443
534F4C31,7248,54100276,0,3003,2843,160,0.00000,4.12601
534F4C31,7249,54103476,0,2998,2841,157,0.00000,4.04864
534F4C31,7250,54106453,0,2996,2841,155,0.00000,3.99707
534F4C31,7251,54112020,0,3000,2841,159,0.00000,4.10022
534F4C31,7252,54116701,0,2998,2842,156,0.00000,4.02286
534F4C31,7252,54122386,0,3000,2842,158,0.00000,4.07443
534F4C31,7252,54124810,0,3001,2839,162,0.00000,4.17758
534F4C31,7252,54127424,0,2998,2839,159,0.00000,4.10022
534F4C31,7252,54130035,0,2999,2838,161,0.00000,4.15179
534F4C31,7252,54132305,0,2997,2840,157,0.00000,4.04864
534F4C31,7252,54134468,0,2995,2840,155,0.00000,3.99707
534F4C31,7253,54136507,0,2996,2841,155,0.00000,3.99707
534F4C31,7254,54139408,0,2996,2839,157,0.00000,4.04864
534F4C31,7255,54143944,0,2995,2840,155,0.00000,3.99707
534F4C31,7256,54150789,0,2998,2841,157,0.00000,4.04864
534F4C31,7256,54156292,0,3000,2840,160,0.00000,4.12601
534F4C31,7256,54160206,0,2997,2841,156,0.00000,4.02286
534F4C31,7256,54163626,0,2999,2841,158,0.00000,4.07443
534F4C31,7256,54166275,0,2998,2840,158,0.00000,4.07443
534F4C31,7256,54168384,0,2996,2840,156,0.00000,4.02286
534F4C31,7256,54170586,0,2997,2841,156,0.00000,4.02286
534F4C31,7257,54172635,0,3000,2841,159,0.00000,4.10022
534F4C31,7258,54176747,0,2995,2839,156,0.00000,4.02286
534F4C31,7258,54181065,0,2998,2842,156,0.00000,4.02286
534F4C31,7258,54183310,0,2998,2839,159,0.00000,4.10022
534F4C31,7258,54187504,0,2996,2841,155,0.00000,3.99707
534F4C31,7258,54189733,0,2996,2842,154,0.00000,3.97128
534F4C31,7258,54191856,0,2996,2842,154,0.00000,3.97128
534F4C31,7258,54194091,0,2996,2844,152,0.00000,3.91971
534F4C31,7258,54197238,0,2996,2840,156,0.00000,4.02286
534F4C31,7258,54199349,0,2994,2842,152,0.00000,3.91971
534F4C31,7258,54201417,0,2996,2839,157,0.00000,4.04864
534F4C31,7258,54203664,0,2999,2841,158,0.00000,4.07443
534F4C31,7258,54205844,0,2997,2842,155,0.00000,3.99707
534F4C31,7259,54207893,0,2997,2840,157,0.00000,4.04864
534F4C31,7260,54212796,0,3000,2842,158,0.00000,4.07443
534F4C31,7261,54216489,0,2996,2841,155,0.00000,3.99707
534F4C31,7262,54222610,0,2998,2841,157,0.00000,4.04864
534F4C31,7262,54228023,0,2999,2841,158,0.00000,4.07443
534F4C31,7262,54231675,0,2998,2841,157,0.00000,4.04864
534F4C31,7262,54234569,0,2996,2842,154,0.00000,3.97128
534F4C31,7262,54237589,0,3001,2841,160,0.00000,4.12601
534F4C31,7263,54239916,0,2997,2838,159,0.00000,4.10022
534F4C31,7264,54246713,0,3000,2841,159,0.00000,4.10022
534F4C31,7264,54252417,0,2999,2842,157,0.00000,4.04864
534F4C31,7264,54254736,0,2995,2841,154,0.00000,3.97128
534F4C31,7264,54257748,0,2997,2841,156,0.00000,4.02286
534F4C31,7264,54260063,0,2998,2840,158,0.00000,4.07443
534F4C31,7264,54262057,0,2997,2841,156,0.00000,4.02286
534F4C31,7264,54264643,0,2995,2840,155,0.00000,3.99707
534F4C31,7264,54266977,0,2998,2841,157,0.00000,4.04864
534F4C31,7264,54269282,0,2999,2843,156,0.00000,4.02286
534F4C31,7265,54271561,0,2999,2840,159,0.00000,4.10022
534F4C31,7266,54275881,0,2995,2840,155,0.00000,3.99707
534F4C31,7267,54279845,0,3000,2839,161,0.00000,4.15179
534F4C31,7268,54286776,0,2996,2839,157,0.00000,4.04864
534F4C31,7268,54290969,0,2992,2841,151,0.00000,3.89392
534F4C31,7268,54295481,0,2998,2842,156,0.00000,4.02286
534F4C31,7268,54299071,0,3000,2839,161,0.00000,4.15179
534F4C31,7269,54301407,0,2998,2842,156,0.00000,4.02286
534F4C31,7270,54305179,0,2993,2839,154,0.00000,3.97128
534F4C31,7271,54309469,0,2997,2839,158,0.00000,4.07443
534F4C31,7272,54314611,0,2996,2838,158,0.00000,4.07443
534F4C31,7272,54319191,0,2993,2842,151,0.00000,3.89392
534F4C31,7272,54322433,0,2998,2841,157,0.00000,4.04864
534F4C31,7273,54327328,0,3001,2841,160,0.00000,4.12601
534F4C31,7274,54331188,0,2998,2841,157,0.00000,4.04864
534F4C31,7274,54335760,0,2997,2842,155,0.00000,3.99707
534F4C31,7274,54339765,0,2997,2841,156,0.00000,4.02286
534F4C31,7274,54343297,0,2995,2840,155,0.00000,3.99707
534F4C31,7274,54345877,0,3000,2840,160,0.00000,4.12601
534F4C31,7275,54347971,0,2996,2838,158,0.00000,4.07443
534F4C31,7275,54352670,0,2995,2841,154,0.00000,3.97128
534F4C31,7275,54355022,0,2999,2840,159,0.00000,4.10022
534F4C31,7275,54358754,0,2996,2840,156,0.00000,4.02286
534F4C31,7275,54360962,0,2996,2841,155,0.00000,3.99707
534F4C31,7275,54363034,0,2997,2841,156,0.00000,4.02286
534F4C31,7275,54365255,0,2998,2841,157,0.00000,4.04864
534F4C31,7275,54367884,0,2997,2841,156,0.00000,4.02286
534F4C31,7275,54370256,0,2995,2840,155,0.00000,3.99707
534F4C31,7276,54372520,0,2994,2842,152,0.00000,3.91971
534F4C31,7276,54376372,0,2998,2840,158,0.00000,4.07443
534F4C31,7276,54379602,0,2994,2840,154,0.00000,3.97128
534F4C31,7277,54382061,0,3001,2840,161,0.00000,4.15179
534F4C31,7278,54385272,0,2997,2840,157,0.00000,4.04864
534F4C31,7279,54391381,0,2999,2841,158,0.00000,4.07443
534F4C31,7279,54395664,0,2998,2840,158,0.00000,4.07443
534F4C31,7279,54398737,0,2996,2840,156,0.00000,4.02286
534F4C31,7280,54401892,0,2997,2841,156,0.00000,4.02286
534F4C31,7281,54405630,0,2997,2840,157,0.00000,4.04864
534F4C31,7281,54411058,0,2997,2840,157,0.00000,4.04864
534F4C31,7281,54413366,0,2997,2840,157,0.00000,4.04864
534F4C31,7281,54416888,0,2995,2841,154,0.00000,3.97128
534F4C31,7281,54419049,0,2997,2840,157,0.00000,4.04864
534F4C31,7281,54421155,0,2999,2840,159,0.00000,4.10022
534F4C31,7281,54423356,0,2999,2839,160,0.00000,4.12601
534F4C31,7282,54425627,0,2997,2843,154,0.00000,3.97128
534F4C31,7282,54429921,0,2999,2838,161,0.00000,4.15179
534F4C31,7282,54432230,0,2996,2841,155,0.00000,3.99707
534F4C31,7283,54434406,0,2997,2840,157,0.00000,4.04864
534F4C31,7284,54440135,0,2993,2840,153,0.00000,3.94549
534F4C31,7285,54444783,0,2995,2841,154,0.00000,3.97128
534F4C31,7286,54450179,0,2996,2842,154,0.00000,3.97128
534F4C31,7286,54454147,0,2997,2841,156,0.00000,4.02286
534F4C31,7286,54458823,0,2998,2840,158,0.00000,4.07443
534F4C31,7286,54461867,0,2996,2840,156,0.00000,4.02286
534F4C31,7286,54464313,0,2997,2840,157,0.00000,4.04864
534F4C31,7286,54466387,0,2997,2840,157,0.00000,4.04864
534F4C31,7286,54468833,0,2996,2840,156,0.00000,4.02286
534F4C31,7286,54471081,0,2995,2840,155,0.00000,3.99707
534F4C31,7286,54473475,0,2999,2839,160,0.00000,4.12601
534F4C31,7286,54475824,0,2996,2841,155,0.00000,3.99707
534F4C31,7286,54478004,0,2995,2841,154,0.00000,3.97128
534F4C31,7286,54480101,0,3000,2841,159,0.00000,4.10022
534F4C31,7286,54482227,0,2994,2840,154,0.00000,3.97128
534F4C31,7286,54484346,0,2996,2839,157,0.00000,4.04864
534F4C31,7286,54486551,0,2997,2842,155,0.00000,3.99707
534F4C31,7286,54488731,0,2996,2840,156,0.00000,4.02286
534F4C31,7287,54490781,0,3000,2840,160,0.00000,4.12601
534F4C31,7288,54495887,0,2999,2839,160,0.00000,4.12601
534F4C31,7289,54500406,0,2992,2842,150,0.00000,3.86813
534F4C31,7289,54505913,0,2999,2837,162,0.00000,4.17758
534F4C31,7289,54509420,0,2998,2841,157,0.00000,4.04864
534F4C31,7290,54511663,0,2999,2839,160,0.00000,4.12601
534F4C31,7291,54516917,0,2997,2837,160,0.00000,4.12601
534F4C31,7291,54520851,0,2998,2835,163,0.00000,4.20337
534F4C31,7292,54526312,0,2997,2838,159,0.00000,4.10022
534F4C31,7292,54529345,0,2996,2838,158,0.00000,4.07443
534F4C31,7292,54534367,0,2999,2837,162,0.00000,4.17758
534F4C31,7292,54537103,0,2996,2836,160,0.00000,4.12601
534F4C31,7292,54539548,0,2999,2839,160,0.00000,4.12601
534F4C31,7292,54542726,0,3000,2835,165,0.00000,4.25495
534F4C31,7292,54544939,0,2995,2839,156,0.00000,4.02286
534F4C31,7292,54547165,0,2997,2839,158,0.00000,4.07443
534F4C31,7292,54549297,0,3001,2837,164,0.00000,4.22916
534F4C31,7292,54551390,0,3001,2835,166,0.00000,4.28073
534F4C31,7293,54553475,0,2998,2837,161,0.00000,4.15179
534F4C31,7294,54557956,0,3001,2839,162,0.00000,4.17758
534F4C31,7295,54562176,0,2997,2838,159,0.00000,4.10022
534F4C31,7296,54568629,0,2999,2838,161,0.00000,4.15179
534F4C31,7296,54574385,0,2999,2839,160,0.00000,4.12601
534F4C31,7296,54576689,0,2997,2834,163,0.00000,4.20337
534F4C31,7296,54578881,0,2995,2837,158,0.00000,4.07443
534F4C31,7296,54581971,0,2998,2838,160,0.00000,4.12601
534F4C31,7297,54584239,0,3000,2837,163,0.00000,4.20337
534F4C31,7298,54589065,0,2998,2835,163,0.00000,4.20337
534F4C31,7299,54593272,0,2996,2838,158,0.00000,4.07443
534F4C31,7299,54599362,0,2995,2837,158,0.00000,4.07443
534F4C31,7300,54602198,0,2997,2835,162,0.00000,4.17758
534F4C31,7301,54607312,0,2998,2835,163,0.00000,4.20337
534F4C31,7301,54611214,0,2999,2838,161,0.00000,4.15179
534F4C31,7301,54614844,0,2997,2837,160,0.00000,4.12601
534F4C31,7302,54618207,0,2996,2836,160,0.00000,4.12601
534F4C31,7302,54620740,0,2995,2835,160,0.00000,4.12601
534F4C31,7302,54626219,0,2998,2834,164,0.00000,4.22916
534F4C31,7303,54628576,0,2997,2838,159,0.00000,4.10022
534F4C31,7303,54633812,0,3002,2836,166,0.00000,4.28073
534F4C31,7303,54636326,0,2995,2837,158,0.00000,4.07443
534F4C31,7303,54638578,0,2996,2836,160,0.00000,4.12601
534F4C31,7303,54641944,0,2994,2832,162,0.00000,4.17758
534F4C31,7303,54644198,0,2993,2838,155,0.00000,3.99707
534F4C31,7303,54646276,0,2996,2836,160,0.00000,4.12601
534F4C31,7303,54648558,0,2995,2837,158,0.00000,4.07443
534F4C31,7303,54650648,0,2996,2837,159,0.00000,4.10022
534F4C31,7303,54652740,0,2999,2836,163,0.00000,4.20337
534F4C31,7303,54655016,0,3001,2834,167,0.00000,4.30652
534F4C31,7303,54657261,0,2995,2837,158,0.00000,4.07443
534F4C31,7303,54659371,0,2995,2835,160,0.00000,4.12601
534F4C31,7303,54661440,0,3002,2836,166,0.00000,4.28073
534F4C31,7303,54663621,0,2995,2835,160,0.00000,4.12601
534F4C31,7304,54665836,0,2995,2836,159,0.00000,4.10022
534F4C31,7305,54670976,0,3000,2838,162,0.00000,4.17758
534F4C31,7306,54676076,0,2995,2840,155,0.00000,3.99707
534F4C31,7306,54680819,0,2995,2837,158,0.00000,4.07443
534F4C31,7306,54683756,0,2995,2834,161,0.00000,4.15179
534F4C31,7307,54687045,0,2995,2835,160,0.00000,4.12601
534F4C31,7308,54691826,0,2998,2836,162,0.00000,4.17758
534F4C31,7309,54695467,0,3000,2835,165,0.00000,4.25495
534F4C31,7309,54700985,0,2996,2837,159,0.00000,4.10022
534F4C31,7309,54703888,0,2996,2835,161,0.00000,4.15179
534F4C31,7309,54706946,0,2995,2837,158,0.00000,4.07443
534F4C31,7309,54709241,0,2998,2837,161,0.00000,4.15179
534F4C31,7309,54711296,0,2998,2835,163,0.00000,4.20337
534F4C31,7309,54713467,0,2994,2835,159,0.00000,4.10022
534F4C31,7310,54715594,0,2999,2836,163,0.00000,4.20337
534F4C31,7310,54720690,0,2994,2835,159,0.00000,4.10022
534F4C31,7310,54722844,0,2998,2835,163,0.00000,4.20337
534F4C31,7311,54726631,0,2995,2836,159,0.00000,4.10022
534F4C31,7311,54731527,0,2996,2837,159,0.00000,4.10022
534F4C31,7311,54734361,0,2994,2835,159,0.00000,4.10022
534F4C31,7311,54736426,0,2999,2836,163,0.00000,4.20337
534F4C31,7311,54739449,0,2997,2839,158,0.00000,4.07443
534F4C31,7311,54741786,0,2997,2837,160,0.00000,4.12601
534F4C31,7311,54745324,0,2995,2836,159,0.00000,4.10022
534F4C31,7311,54747443,0,2995,2834,161,0.00000,4.15179
534F4C31,7311,54749626,0,2992,2837,155,0.00000,3.99707
534F4C31,7311,54752834,0,2997,2836,161,0.00000,4.15179
534F4C31,7311,54755050,0,2995,2837,158,0.00000,4.07443
534F4C31,7311,54757288,0,2998,2838,160,0.00000,4.12601
534F4C31,7312,54759590,0,2997,2839,158,0.00000,4.07443
534F4C31,7313,54763889,0,2997,2839,158,0.00000,4.07443
534F4C31,7314,54768372,0,2999,2838,161,0.00000,4.15179
534F4C31,7314,54774404,0,2995,2836,159,0.00000,4.10022
534F4C31,7314,54777140,0,2993,2836,157,0.00000,4.04864
534F4C31,7315,54781013,0,2998,2837,161,0.00000,4.15179
534F4C31,7316,54785854,0,2996,2837,159,0.00000,4.10022
534F4C31,7317,54789610,0,2998,2837,161,0.00000,4.15179
534F4C31,7318,54795906,0,2993,2836,157,0.00000,4.04864
534F4C31,7318,54801772,0,2997,2836,161,0.00000,4.15179
534F4C31,7318,54804061,0,2997,2836,161,0.00000,4.15179
534F4C31,7318,54807406,0,2996,2837,159,0.00000,4.10022
534F4C31,7318,54810022,0,2999,2837,162,0.00000,4.17758
534F4C31,7318,54812104,0,2992,2838,154,0.00000,3.97128
534F4C31,7318,54814286,0,3001,2837,164,0.00000,4.22916
534F4C31,7318,54816534,0,2994,2837,157,0.00000,4.04864
534F4C31,7318,54818766,0,3000,2837,163,0.00000,4.20337
534F4C31,7318,54820822,0,2996,2838,158,0.00000,4.07443
534F4C31,7318,54822884,0,2996,2835,161,0.00000,4.15179
534F4C31,7318,54824948,0,2997,2837,160,0.00000,4.12601
534F4C31,7319,54827306,0,2999,2839,160,0.00000,4.12601
534F4C31,7320,54831562,0,2996,2839,157,0.00000,4.04864
534F4C31,7321,54835753,0,2996,2837,159,0.00000,4.10022
534F4C31,7321,54841673,0,2998,2838,160,0.00000,4.12601
534F4C31,7321,54844780,0,2999,2837,162,0.00000,4.17758
534F4C31,7322,54847913,0,2996,2835,161,0.00000,4.15179
534F4C31,7322,54851959,0,2999,2838,161,0.00000,4.15179
534F4C31,7322,54855143,0,2996,2837,159,0.00000,4.10022
534F4C31,7323,54857260,0,2996,2836,160,0.00000,4.12601
534F4C31,7324,54861798,0,2998,2837,161,0.00000,4.15179
534F4C31,7325,54866774,0,2997,2837,160,0.00000,4.12601
534F4C31,7325,54872448,0,3000,2837,163,0.00000,4.20337
534F4C31,7325,54875332,0,2999,2834,165,0.00000,4.25495
534F4C31,7325,54877411,0,2998,2835,163,0.00000,4.20337
534F4C31,7325,54880954,0,2996,2838,158,0.00000,4.07443
534F4C31,7325,54883272,0,2997,2837,160,0.00000,4.12601
534F4C31,7325,54885434,0,3000,2839,161,0.00000,4.15179
534F4C31,7325,54887741,0,2999,2836,163,0.00000,4.20337
534F4C31,7325,54889917,0,2999,2839,160,0.00000,4.12601
534F4C31,7325,54891978,0,2998,2836,162,0.00000,4.17758
534F4C31,7325,54894070,0,3000,2838,162,0.00000,4.17758
534F4C31,7326,54896082,0,2998,2837,161,0.00000,4.15179
534F4C31,7327,54899016,0,3002,2838,164,0.00000,4.22916
534F4C31,7328,54903929,0,3000,2834,166,0.00000,4.28073
534F4C31,7329,54908927,0,2999,2835,164,0.00000,4.22916
534F4C31,7330,54913760,0,2995,2838,157,0.00000,4.04864
534F4C31,7331,54917892,0,2996,2839,157,0.00000,4.04864
534F4C31,7332,54922228,0,2997,2838,159,0.00000,4.10022
534F4C31,7332,54927036,0,2997,2840,157,0.00000,4.04864
534F4C31,7332,54930281,0,2996,2840,156,0.00000,4.02286
534F4C31,7332,54933452,0,2995,2837,158,0.00000,4.07443
534F4C31,7332,54935795,0,2997,2839,158,0.00000,4.07443
534F4C31,7332,54938100,0,3000,2840,160,0.00000,4.12601
534F4C31,7332,54940335,0,2993,2837,156,0.00000,4.02286
534F4C31,7332,54942400,0,3004,2837,167,0.00000,4.30652
534F4C31,7332,54944486,0,3002,2837,165,0.00000,4.25495
534F4C31,7332,54946501,0,2997,2837,160,0.00000,4.12601
534F4C31,7332,54948726,0,2999,2839,160,0.00000,4.12601
534F4C31,7332,54951029,0,2997,2836,161,0.00000,4.15179
534F4C31,7333,54953076,0,2997,2836,161,0.00000,4.15179
534F4C31,7334,54957694,0,3000,2835,165,0.00000,4.25495
534F4C31,7335,54961872,0,2996,2840,156,0.00000,4.02286
534F4C31,7335,54968261,0,2996,2839,157,0.00000,4.04864
534F4C31,7335,54970564,0,2999,2838,161,0.00000,4.15179
534F4C31,7335,54972717,0,2999,2838,161,0.00000,4.15179
534F4C31,7335,54974909,0,2995,2837,158,0.00000,4.07443
534F4C31,7335,54976931,0,2997,2835,162,0.00000,4.17758
534F4C31,7335,54979043,0,2997,2837,160,0.00000,4.12601
534F4C31,7336,54981492,0,2998,2839,159,0.00000,4.10022
534F4C31,7337,54984925,0,2995,2835,160,0.00000,4.12601
534F4C31,7338,54991628,0,3001,2838,163,0.00000,4.20337
534F4C31,7338,54995977,0,2997,2836,161,0.00000,4.15179
534F4C31,7339,55000078,0,2994,2837,157,0.00000,4.04864
534F4C31,7340,55003099,0,2995,2837,158,0.00000,4.07443
534F4C31,7340,55010000,0,2995,2835,160,0.00000,4.12601
534F4C31,7340,55013473,0,2992,2837,155,0.00000,3.99707
534F4C31,7340,55015867,0,2996,2836,160,0.00000,4.12601
534F4C31,7340,55017936,0,2999,2835,164,0.00000,4.22916
534F4C31,7340,55022398,0,2996,2838,158,0.00000,4.07443
534F4C31,7340,55024624,0,2997,2836,161,0.00000,4.15179
534F4C31,7340,55026846,0,2994,2838,156,0.00000,4.02286
534F4C31,7340,55029617,0,2998,2839,159,0.00000,4.10022
534F4C31,7340,55031875,0,2995,2837,158,0.00000,4.07443
534F4C31,7340,55034065,0,2995,2837,158,0.00000,4.07443
534F4C31,7340,55036269,0,2997,2837,160,0.00000,4.12601
534F4C31,7340,55038380,0,2995,2837,158,0.00000,4.07443
534F4C31,7340,55040406,0,2996,2838,158,0.00000,4.07443
534F4C31,7340,55042599,0,2995,2835,160,0.00000,4.12601
534F4C31,7341,55044800,0,2995,2838,157,0.00000,4.04864
534F4C31,7342,55049768,0,2998,2835,163,0.00000,4.20337
534F4C31,7343,55056654,0,3001,2838,163,0.00000,4.20337
534F4C31,7343,55061603,0,2991,2836,155,0.00000,3.99707
534F4C31,7344,55064035,0,2997,2838,159,0.00000,4.10022
534F4C31,7344,55068734,0,3002,2837,165,0.00000,4.25495
534F4C31,7344,55071858,0,2995,2835,160,0.00000,4.12601
534F4C31,7345,55074174,0,2999,2835,164,0.00000,4.22916
534F4C31,7346,55077066,0,2998,2841,157,0.00000,4.04864
534F4C31,7347,55083422,0,2999,2838,161,0.00000,4.15179
534F4C31,7347,55088542,0,2996,2831,165,0.00000,4.25495
534F4C31,7347,55094684,0,2999,2832,167,0.00000,4.30652
534F4C31,7347,55097291,0,2996,2831,165,0.00000,4.25495
534F4C31,7347,55099405,0,2995,2833,162,0.00000,4.17758
534F4C31,7347,55102102,0,2998,2832,166,0.00000,4.28073
534F4C31,7347,55104749,0,2997,2830,167,0.00000,4.30652
534F4C31,7347,55107016,0,2994,2833,161,0.00000,4.15179
534F4C31,7347,55109054,0,2994,2833,161,0.00000,4.15179
534F4C31,7347,55111255,0,2991,2832,159,0.00000,4.10022
534F4C31,7347,55113374,0,2994,2833,161,0.00000,4.15179
534F4C31,7348,55115567,0,2997,2834,163,0.00000,4.20337
534F4C31,7349,55120094,0,2994,2830,164,0.00000,4.22916
534F4C31,7350,55124382,0,2997,2831,166,0.00000,4.28073
534F4C31,7350,55129717,0,2994,2833,161,0.00000,4.15179
534F4C31,7350,55131945,0,2997,2832,165,0.00000,4.25495
534F4C31,7351,55135052,0,2993,2834,159,0.00000,4.10022
534F4C31,7352,55140437,0,2997,2832,165,0.00000,4.25495
534F4C31,7352,55144230,0,2997,2831,166,0.00000,4.28073
534F4C31,7352,55148514,0,2996,2834,162,0.00000,4.17758
534F4C31,7352,55151421,0,2991,2832,159,0.00000,4.10022
534F4C31,7352,55153679,0,2996,2832,164,0.00000,4.22916
534F4C31,7353,55156579,0,2992,2833,159,0.00000,4.10022
534F4C31,7354,55160090,0,2996,2831,165,0.00000,4.25495
534F4C31,7355,55164688,0,2994,2832,162,0.00000,4.17758
534F4C31,7356,55170082,0,2999,2835,164,0.00000,4.22916
534F4C31,7356,55174755,0,2995,2835,160,0.00000,4.12601
534F4C31,7356,55177075,0,2993,2833,160,0.00000,4.12601
534F4C31,7356,55182825,0,2995,2830,165,0.00000,4.25495
534F4C31,7356,55185710,0,2997,2832,165,0.00000,4.25495
534F4C31,7356,55187939,0,2993,2832,161,0.00000,4.15179
534F4C31,7356,55190781,0,2997,2827,170,0.00000,4.38388
534F4C31,7356,55193173,0,2994,2832,162,0.00000,4.17758
534F4C31,7356,55195445,0,2995,2832,163,0.00000,4.20337
534F4C31,7356,55197559,0,2994,2831,163,0.00000,4.20337
534F4C31,7356,55199648,0,2996,2833,163,0.00000,4.20337
534F4C31,7356,55201757,0,2995,2833,162,0.00000,4.17758
534F4C31,7356,55203924,0,3001,2833,168,0.00000,4.33231
534F4C31,7356,55206103,0,2994,2836,158,0.00000,4.07443
534F4C31,7357,55208206,0,2993,2833,160,0.00000,4.12601
534F4C31,7358,55212991,0,2996,2833,163,0.00000,4.20337
534F4C31,7359,55219002,0,2996,2830,166,0.00000,4.28073
534F4C31,7359,55223712,0,2995,2833,162,0.00000,4.17758
534F4C31,7360,55226102,0,2996,2831,165,0.00000,4.25495
534F4C31,7360,55230942,0,2997,2833,164,0.00000,4.22916
534F4C31,7360,55234698,0,2994,2833,161,0.00000,4.15179
534F4C31,7361,55236940,0,2995,2832,163,0.00000,4.20337
534F4C31,7362,55242380,0,2994,2830,164,0.00000,4.22916
534F4C31,7363,55244896,0,2993,2833,160,0.00000,4.12601
534F4C31,7363,55250589,0,2999,2831,168,0.00000,4.33231
534F4C31,7363,55253402,0,2994,2835,159,0.00000,4.10022
534F4C31,7363,55256883,0,2996,2830,166,0.00000,4.28073
534F4C31,7363,55259502,0,2998,2828,170,0.00000,4.38388
534F4C31,7363,55261591,0,2996,2835,161,0.00000,4.15179
534F4C31,7363,55263686,0,2996,2835,161,0.00000,4.15179
534F4C31,7363,55265908,0,2993,2834,159,0.00000,4.10022
534F4C31,7363,55268171,0,2998,2833,165,0.00000,4.25495
534F4C31,7363,55270390,0,2999,2834,165,0.00000,4.25495
534F4C31,7364,55272457,0,2994,2833,161,0.00000,4.15179
534F4C31,7365,55276473,0,2991,2834,157,0.00000,4.04864
534F4C31,7366,55279855,0,2994,2833,161,0.00000,4.15179
534F4C31,7367,55286311,0,2995,2828,167,0.00000,4.30652
534F4C31,7367,55291202,0,2997,2832,165,0.00000,4.25495
534F4C31,7367,55295453,0,2994,2832,162,0.00000,4.17758
534F4C31,7367,55298417,0,2992,2829,163,0.00000,4.20337
534F4C31,7367,55300461,0,2992,2829,163,0.00000,4.20337
534F4C31,7368,55303322,0,2998,2831,167,0.00000,4.30652
534F4C31,7368,55307164,0,2999,2833,166,0.00000,4.28073
534F4C31,7368,55310259,0,2996,2834,162,0.00000,4.17758
534F4C31,7368,55312360,0,2991,2833,158,0.00000,4.07443
534F4C31,7368,55314435,0,2998,2832,166,0.00000,4.28073
534F4C31,7368,55317265,0,2989,2831,158,0.00000,4.07443
534F4C31,7368,55319778,0,2998,2833,165,0.00000,4.25495
534F4C31,7368,55321905,0,2994,2834,160,0.00000,4.12601
534F4C31,7368,55323984,0,2995,2832,163,0.00000,4.20337
534F4C31,7368,55326212,0,2997,2832,165,0.00000,4.25495
534F4C31,7369,55328464,0,2998,2832,166,0.00000,4.28073
534F4C31,7370,55332356,0,2994,2832,162,0.00000,4.17758
534F4C31,7371,55336076,0,2996,2832,164,0.00000,4.22916
534F4C31,7372,55341645,0,2990,2832,158,0.00000,4.07443
534F4C31,7373,55347046,0,2997,2832,165,0.00000,4.25495
534F4C31,7374,55351590,0,2993,2830,163,0.00000,4.20337
534F4C31,7374,55355391,0,2995,2832,163,0.00000,4.20337
534F4C31,7374,55360521,0,2993,2832,161,0.00000,4.15179
534F4C31,7374,55362902,0,2998,2831,167,0.00000,4.30652
534F4C31,7374,55365923,0,2999,2834,165,0.00000,4.25495
534F4C31,7374,55368207,0,2993,2835,158,0.00000,4.07443
534F4C31,7374,55370368,0,2995,2832,163,0.00000,4.20337
534F4C31,7375,55372602,0,2996,2830,166,0.00000,4.28073
534F4C31,7375,55377020,0,2992,2831,161,0.00000,4.15179
534F4C31,7375,55379279,0,2992,2832,160,0.00000,4.12601
534F4C31,7376,55382020,0,2999,2832,167,0.00000,4.30652
534F4C31,7376,55387682,0,2999,2834,165,0.00000,4.25495
534F4C31,7376,55390263,0,2994,2832,162,0.00000,4.17758
534F4C31,7377,55393735,0,2996,2833,163,0.00000,4.20337
534F4C31,7377,55398778,0,2996,2832,164,0.00000,4.22916
534F4C31,7377,55401013,0,2997,2830,167,0.00000,4.30652
534F4C31,7377,55403967,0,2996,2833,163,0.00000,4.20337
534F4C31,7377,55406521,0,2997,2832,165,0.00000,4.25495
534F4C31,7377,55408722,0,2991,2830,161,0.00000,4.15179
534F4C31,7377,55410923,0,2996,2832,164,0.00000,4.22916
534F4C31,7377,55412945,0,2998,2831,167,0.00000,4.30652
534F4C31,7377,55415160,0,2994,2835,159,0.00000,4.10022
534F4C31,7377,55417467,0,2996,2833,163,0.00000,4.20337
534F4C31,7378,55419462,0,2998,2832,166,0.00000,4.28073
534F4C31,7379,55424139,0,2996,2833,163,0.00000,4.20337
534F4C31,7380,55427840,0,2997,2834,163,0.00000,4.20337
534F4C31,7381,55433915,0,2993,2831,162,0.00000,4.17758
534F4C31,7381,55439038,0,2997,2829,168,0.00000,4.33231
534F4C31,7381,55441830,0,2999,2831,168,0.00000,4.33231
534F4C31,7381,55444829,0,2995,2832,163,0.00000,4.20337
534F4C31,7381,55447305,0,2992,2829,163,0.00000,4.20337
534F4C31,7381,55449450,0,2996,2832,164,0.00000,4.22916
534F4C31,7381,55451738,0,2995,2833,162,0.00000,4.17758
534F4C31,7381,55453966,0,2991,2832,159,0.00000,4.10022
534F4C31,7381,55456233,0,2997,2832,165,0.00000,4.25495
534F4C31,7382,55458380,0,2997,2833,164,0.00000,4.22916
534F4C31,7383,55462722,0,2995,2830,165,0.00000,4.25495
534F4C31,7384,55466399,0,2992,2832,160,0.00000,4.12601
534F4C31,7385,55472055,0,2996,2832,164,0.00000,4.22916
534F4C31,7386,55476367,0,2994,2830,164,0.00000,4.22916
534F4C31,7386,55482483,0,2992,2834,158,0.00000,4.07443
534F4C31,7387,55486129,0,2996,2833,163,0.00000,4.20337
534F4C31,7388,55488390,0,2994,2830,164,0.00000,4.22916
534F4C31,7389,55495155,0,2994,2831,163,0.00000,4.20337
534F4C31,7389,55502142,0,2998,2832,166,0.00000,4.28073
534F4C31,7389,55504450,0,2994,2833,161,0.00000,4.15179
534F4C31,7389,55507348,0,2992,2828,164,0.00000,4.22916
534F4C31,7389,55509848,0,2996,2831,165,0.00000,4.25495
534F4C31,7389,55512003,0,2995,2832,163,0.00000,4.20337
534F4C31,7389,55514181,0,2993,2832,161,0.00000,4.15179
534F4C31,7389,55516222,0,2994,2830,164,0.00000,4.22916
534F4C31,7389,55518318,0,2991,2827,164,0.00000,4.22916
534F4C31,7389,55520515,0,2995,2831,164,0.00000,4.22916
534F4C31,7389,55522667,0,2996,2834,162,0.00000,4.17758
534F4C31,7389,55524799,0,2997,2832,165,0.00000,4.25495
534F4C31,7389,55526874,0,2995,2832,163,0.00000,4.20337
534F4C31,7389,55529032,0,2990,2833,157,0.00000,4.04864
534F4C31,7390,55531263,0,2997,2833,164,0.00000,4.22916
534F4C31,7391,55535872,0,2995,2833,162,0.00000,4.17758
534F4C31,7392,55539773,0,3000,2834,166,0.00000,4.28073
534F4C31,7393,55546211,0,2997,2833,164,0.00000,4.22916
534F4C31,7393,55549170,0,2997,2831,166,0.00000,4.28073
534F4C31,7393,55553832,0,2993,2831,162,0.00000,4.17758
534F4C31,7393,55556004,0,2998,2832,166,0.00000,4.28073
534F4C31,7393,55558103,0,2998,2832,166,0.00000,4.28073
534F4C31,7393,55560218,0,2998,2829,169,0.00000,4.35810
534F4C31,7393,55563530,0,2995,2832,163,0.00000,4.20337
534F4C31,7393,55565862,0,2999,2831,168,0.00000,4.33231
534F4C31,7393,55568071,0,2995,2832,163,0.00000,4.20337
534F4C31,7393,55570096,0,2995,2829,166,0.00000,4.28073
534F4C31,7393,55572236,0,2993,2834,159,0.00000,4.10022
534F4C31,7393,55574349,0,2999,2833,166,0.00000,4.28073
534F4C31,7394,55576515,0,2996,2831,165,0.00000,4.25495
534F4C31,7395,55581288,0,2995,2834,161,0.00000,4.15179
534F4C31,7396,55585646,0,2995,2836,159,0.00000,4.10022
534F4C31,7397,55590644,0,2997,2835,162,0.00000,4.17758
534F4C31,7398,55595586,0,2994,2832,162,0.00000,4.17758
534F4C31,7398,55600990,0,2997,2834,163,0.00000,4.20337
534F4C31,7398,55603801,0,2997,2833,164,0.00000,4.22916
534F4C31,7399,55607653,0,2994,2832,162,0.00000,4.17758
534F4C31,7399,55611390,0,2997,2834,163,0.00000,4.20337
534F4C31,7399,55613599,0,2992,2834,158,0.00000,4.07443
534F4C31,7399,55617042,0,2997,2835,162,0.00000,4.17758
534F4C31,7399,55619187,0,2999,2831,168,0.00000,4.33231
534F4C31,7399,55621257,0,2998,2833,165,0.00000,4.25495
534F4C31,7399,55623424,0,2993,2831,162,0.00000,4.17758
534F4C31,7400,55625657,0,2996,2833,163,0.00000,4.20337
534F4C31,7400,55630270,0,2996,2834,162,0.00000,4.17758
534F4C31,7400,55632585,0,2996,2832,164,0.00000,4.22916
534F4C31,7401,55636431,0,2997,2835,162,0.00000,4.17758
534F4C31,7401,55640974,0,2998,2833,165,0.00000,4.25495
534F4C31,7401,55643211,0,2997,2830,167,0.00000,4.30652
534F4C31,7401,55646174,0,2994,2835,159,0.00000,4.10022
534F4C31,7401,55648488,0,2996,2833,163,0.00000,4.20337
534F4C31,7401,55650514,0,2996,2836,160,0.00000,4.12601
534F4C31,7401,55652635,0,2996,2833,163,0.00000,4.20337
534F4C31,7401,55654869,0,2998,2834,164,0.00000,4.22916
534F4C31,7402,55656940,0,2999,2831,168,0.00000,4.33231
534F4C31,7403,55661927,0,2997,2832,165,0.00000,4.25495
534F4C31,7404,55666152,0,2996,2833,163,0.00000,4.20337
534F4C31,7404,55670656,0,3000,2833,167,0.00000,4.30652
534F4C31,7404,55674315,0,2995,2831,164,0.00000,4.22916
534F4C31,7404,55676803,0,3000,2833,167,0.00000,4.30652
534F4C31,7404,55679692,0,2994,2829,165,0.00000,4.25495
534F4C31,7404,55682067,0,2991,2833,158,0.00000,4.07443
534F4C31,7405,55685378,0,2996,2831,165,0.00000,4.25495
534F4C31,7406,55689255,0,2997,2831,166,0.00000,4.28073
534F4C31,7407,55693227,0,2994,2828,166,0.00000,4.28073
534F4C31,7408,55696684,0,2997,2830,167,0.00000,4.30652
534F4C31,7409,55700247,0,2997,2830,167,0.00000,4.30652
534F4C31,7410,55706628,0,2995,2828,167,0.00000,4.30652
534F4C31,7410,55709966,0,2996,2828,168,0.00000,4.33231
534F4C31,7410,55714673,0,3000,2827,173,0.00000,4.46125
534F4C31,7410,55717648,0,2995,2828,167,0.00000,4.30652
534F4C31,7410,55719983,0,3002,2828,174,0.00000,4.48703
534F4C31,7410,55722100,0,2996,2829,167,0.00000,4.30652
534F4C31,7410,55724414,0,2998,2829,169,0.00000,4.35810
534F4C31,7410,55726703,0,3001,2828,173,0.00000,4.46125
534F4C31,7410,55728914,0,2995,2831,164,0.00000,4.22916
534F4C31,7410,55730990,0,2997,2831,166,0.00000,4.28073
534F4C31,7410,55733100,0,2995,2829,166,0.00000,4.28073
534F4C31,7410,55735170,0,2996,2827,169,0.00000,4.35810
534F4C31,7410,55737356,0,3001,2827,174,0.00000,4.48703
534F4C31,7410,55739549,0,2999,2826,173,0.00000,4.46125
534F4C31,7410,55741663,0,3001,2829,172,0.00000,4.43546
534F4C31,7410,55744872,0,2997,2827,170,0.00000,4.38388
534F4C31,7410,55747155,0,2998,2832,166,0.00000,4.28073
534F4C31,7410,55749297,0,2997,2829,168,0.00000,4.33231
534F4C31,7411,55752212,0,2994,2831,163,0.00000,4.20337
534F4C31,7411,55755493,0,2994,2829,165,0.00000,4.25495
534F4C31,7411,55759035,0,2997,2831,166,0.00000,4.28073
534F4C31,7412,55762344,0,2999,2827,172,0.00000,4.43546
534F4C31,7413,55766368,0,2998,2832,166,0.00000,4.28073
534F4C31,7414,55773055,0,2998,2828,170,0.00000,4.38388
534F4C31,7414,55776886,0,2997,2827,170,0.00000,4.38388
534F4C31,7414,55780078,0,2997,2830,167,0.00000,4.30652
534F4C31,7415,55783906,0,2999,2831,168,0.00000,4.33231
534F4C31,7416,55787760,0,2997,2829,168,0.00000,4.33231
534F4C31,7417,55794002,0,2997,2830,167,0.00000,4.30652
534F4C31,7417,55799120,0,2999,2829,170,0.00000,4.38388
534F4C31,7417,55801881,0,2996,2829,167,0.00000,4.30652
534F4C31,7417,55804084,0,2996,2829,167,0.00000,4.30652
534F4C31,7417,55807157,0,2997,2829,168,0.00000,4.33231
534F4C31,7417,55809362,0,2999,2829,170,0.00000,4.38388
534F4C31,7417,55811594,0,2993,2828,165,0.00000,4.25495
534F4C31,7417,55813814,0,2995,2827,168,0.00000,4.33231
534F4C31,7417,55816081,0,2998,2827,171,0.00000,4.40967
534F4C31,7417,55818180,0,2991,2828,163,0.00000,4.20337
534F4C31,7417,55820284,0,2994,2829,165,0.00000,4.25495
534F4C31,7417,55822314,0,2999,2828,171,0.00000,4.40967
534F4C31,7418,55824710,0,2998,2831,167,0.00000,4.30652
534F4C31,7419,55829420,0,2993,2829,164,0.00000,4.22916
534F4C31,7420,55833124,0,2993,2827,166,0.00000,4.28073
534F4C31,7421,55839564,0,2998,2827,171,0.00000,4.40967
534F4C31,7421,55843464,0,2995,2830,165,0.00000,4.25495
534F4C31,7421,55847276,0,2997,2826,171,0.00000,4.40967
534F4C31,7421,55849379,0,2996,2828,168,0.00000,4.33231
534F4C31,7421,55852940,0,2996,2828,168,0.00000,4.33231
534F4C31,7421,55855285,0,2996,2829,167,0.00000,4.30652
534F4C31,7421,55857592,0,3000,2830,170,0.00000,4.38388
534F4C31,7421,55859820,0,2996,2829,167,0.00000,4.30652
534F4C31,7421,55861956,0,2998,2830,168,0.00000,4.33231
534F4C31,7422,55863997,0,3000,2831,169,0.00000,4.35810
534F4C31,7423,55867022,0,2996,2827,169,0.00000,4.35810
534F4C31,7424,55872446,0,2996,2826,170,0.00000,4.38388
534F4C31,7424,55878825,0,2999,2830,169,0.00000,4.35810
534F4C31,7424,55881423,0,2997,2829,168,0.00000,4.33231
534F4C31,7425,55884525,0,2994,2830,164,0.00000,4.22916
534F4C31,7426,55889476,0,2997,2833,164,0.00000,4.22916
534F4C31,7426,55893313,0,2998,2827,171,0.00000,4.40967
534F4C31,7426,55898231,0,2998,2831,167,0.00000,4.30652
534F4C31,7426,55901981,0,2995,2832,163,0.00000,4.20337
534F4C31,7426,55904382,0,3000,2831,169,0.00000,4.35810
534F4C31,7426,55906556,0,2998,2830,168,0.00000,4.33231
534F4C31,7426,55908702,0,2994,2829,165,0.00000,4.25495
534F4C31,7426,55910810,0,3001,2828,173,0.00000,4.46125
534F4C31,7426,55912981,0,2999,2830,169,0.00000,4.35810
534F4C31,7427,55915278,0,3000,2830,170,0.00000,4.38388
534F4C31,7428,55919276,0,3000,2831,169,0.00000,4.35810
534F4C31,7429,55923773,0,2997,2828,169,0.00000,4.35810
534F4C31,7430,55930294,0,2995,2826,169,0.00000,4.35810
534F4C31,7430,55934835,0,2999,2829,170,0.00000,4.38388
534F4C31,7431,55937955,0,2993,2826,167,0.00000,4.30652
534F4C31,7432,55942229,0,2999,2830,169,0.00000,4.35810
534F4C31,7432,55946609,0,2999,2826,173,0.00000,4.46125
534F4C31,7432,55951415,0,2991,2827,164,0.00000,4.22916
534F4C31,7432,55953564,0,2994,2828,166,0.00000,4.28073
534F4C31,7432,55956476,0,2997,2829,168,0.00000,4.33231
534F4C31,7432,55958847,0,2999,2829,170,0.00000,4.38388
534F4C31,7432,55960935,0,2995,2830,165,0.00000,4.25495
534F4C31,7432,55963022,0,2996,2828,168,0.00000,4.33231
534F4C31,7432,55965179,0,2994,2830,164,0.00000,4.22916
534F4C31,7432,55967434,0,2998,2829,169,0.00000,4.35810
534F4C31,7433,55969675,0,2999,2828,171,0.00000,4.40967
534F4C31,7434,55973910,0,2995,2828,167,0.00000,4.30652
534F4C31,7435,55977553,0,2999,2829,170,0.00000,4.38388
534F4C31,7436,55983678,0,2996,2829,167,0.00000,4.30652
534F4C31,7436,55988068,0,2998,2827,171,0.00000,4.40967
534F4C31,7436,55991876,0,2992,2829,163,0.00000,4.20337
534F4C31,7436,55994805,0,2995,2830,165,0.00000,4.25495
534F4C31,7436,55997668,0,2996,2828,168,0.00000,4.33231
534F4C31,7436,56000255,0,3001,2826,175,0.00000,4.51282
534F4C31,7436,56002428,0,2997,2828,169,0.00000,4.35810
534F4C31,7436,56004841,0,2993,2826,167,0.00000,4.30652
534F4C31,7436,56006986,0,2992,2826,166,0.00000,4.28073
534F4C31,7436,56009289,0,2993,2828,165,0.00000,4.25495
534F4C31,7436,56011530,0,2994,2828,166,0.00000,4.28073
534F4C31,7436,56013568,0,2995,2827,168,0.00000,4.33231
534F4C31,7437,56015710,0,2995,2829,166,0.00000,4.28073
534F4C31,7438,56020150,0,2997,2827,170,0.00000,4.38388
534F4C31,7439,56024745,0,2998,2829,169,0.00000,4.35810
534F4C31,7440,56029720,0,2994,2831,163,0.00000,4.20337
534F4C31,7440,56033922,0,2996,2827,169,0.00000,4.35810
534F4C31,7440,56038874,0,2999,2830,169,0.00000,4.35810
534F4C31,7440,56042010,0,2997,2827,170,0.00000,4.38388
534F4C31,7440,56044768,0,2995,2829,166,0.00000,4.28073
534F4C31,7440,56046935,0,2999,2830,169,0.00000,4.35810
534F4C31,7440,56049202,0,2997,2826,171,0.00000,4.40967
534F4C31,7440,56051394,0,2997,2827,170,0.00000,4.38388
534F4C31,7440,56053446,0,2998,2831,167,0.00000,4.30652
534F4C31,7440,56055632,0,2999,2828,171,0.00000,4.40967
534F4C31,7441,56057805,0,2999,2829,170,0.00000,4.38388
534F4C31,7442,56062568,0,2996,2830,166,0.00000,4.28073
534F4C31,7443,56066776,0,2992,2829,163,0.00000,4.20337
534F4C31,7444,56072007,0,2997,2831,166,0.00000,4.28073
534F4C31,7445,56077963,0,2996,2830,166,0.00000,4.28073
534F4C31,7445,56082352,0,2996,2833,163,0.00000,4.20337
534F4C31,7445,56084746,0,2999,2828,171,0.00000,4.40967
534F4C31,7445,56086907,0,3000,2828,172,0.00000,4.43546
534F4C31,7445,56088986,0,2996,2828,168,0.00000,4.33231
534F4C31,7445,56091131,0,2997,2828,169,0.00000,4.35810
534F4C31,7445,56094025,0,2994,2829,165,0.00000,4.25495
534F4C31,7446,56096434,0,2995,2829,166,0.00000,4.28073
534F4C31,7446,56100929,0,3000,2826,174,0.00000,4.48703
534F4C31,7446,56104045,0,2997,2829,168,0.00000,4.33231
534F4C31,7447,56107401,0,2997,2830,167,0.00000,4.30652
534F4C31,7447,56113152,0,2994,2827,167,0.00000,4.30652
534F4C31,7447,56115976,0,2997,2828,169,0.00000,4.35810
534F4C31,7447,56118934,0,2997,2830,167,0.00000,4.30652
534F4C31,7447,56121294,0,2999,2828,171,0.00000,4.40967
534F4C31,7447,56123343,0,2999,2830,169,0.00000,4.35810
534F4C31,7447,56125517,0,2996,2827,169,0.00000,4.35810
534F4C31,7448,56127807,0,2999,2829,170,0.00000,4.38388
534F4C31,7449,56132330,0,3002,2829,173,0.00000,4.46125
534F4C31,7450,56136257,0,2994,2827,167,0.00000,4.30652
534F4C31,7451,56142465,0,2996,2828,168,0.00000,4.33231
534F4C31,7451,56144672,0,2996,2829,167,0.00000,4.30652
534F4C31,7451,56150310,0,2994,2830,164,0.00000,4.22916
534F4C31,7451,56152401,0,2994,2830,164,0.00000,4.22916
534F4C31,7451,56155796,0,2994,2828,166,0.00000,4.28073
534F4C31,7451,56158357,0,2997,2832,165,0.00000,4.25495
534F4C31,7451,56160535,0,2995,2830,165,0.00000,4.25495
534F4C31,7451,56162592,0,2999,2828,171,0.00000,4.40967
534F4C31,7451,56164656,0,3001,2828,173,0.00000,4.46125
534F4C31,7451,56166761,0,2999,2828,171,0.00000,4.40967
534F4C31,7452,56169071,0,2997,2830,167,0.00000,4.30652
534F4C31,7453,56173402,0,2994,2827,167,0.00000,4.30652
534F4C31,7454,56177715,0,2999,2827,172,0.00000,4.43546
534F4C31,7455,56183611,0,2996,2826,170,0.00000,4.38388
534F4C31,7455,56186606,0,2995,2828,167,0.00000,4.30652
534F4C31,7455,56192333,0,2990,2828,162,0.00000,4.17758
534F4C31,7455,56194568,0,2991,2825,166,0.00000,4.28073
534F4C31,7455,56197949,0,2992,2826,166,0.00000,4.28073
534F4C31,7455,56200074,0,2997,2832,165,0.00000,4.25495
534F4C31,7455,56202168,0,2994,2828,166,0.00000,4.28073
534F4C31,7455,56204288,0,2994,2827,167,0.00000,4.30652
534F4C31,7455,56206498,0,2999,2827,172,0.00000,4.43546
534F4C31,7456,56208720,0,2994,2829,165,0.00000,4.25495
534F4C31,7457,56212725,0,2993,2827,166,0.00000,4.28073
534F4C31,7458,56217134,0,2996,2832,164,0.00000,4.22916
534F4C31,7459,56223231,0,2994,2830,164,0.00000,4.22916
534F4C31,7459,56225405,0,2996,2830,166,0.00000,4.28073
534F4C31,7459,56231375,0,2998,2828,170,0.00000,4.38388
534F4C31,7459,56234332,0,3005,2831,174,0.00000,4.48703
534F4C31,7459,56236640,0,2996,2830,166,0.00000,4.28073
534F4C31,7460,56239772,0,3000,2829,171,0.00000,4.40967
534F4C31,7460,56244611,0,2996,2831,165,0.00000,4.25495
534F4C31,7460,56246875,0,2997,2826,171,0.00000,4.40967
534F4C31,7461,56250192,0,2995,2827,168,0.00000,4.33231
534F4C31,7462,56254269,0,2996,2827,169,0.00000,4.35810
534F4C31,7462,56258860,0,2996,2830,166,0.00000,4.28073
534F4C31,7462,56262689,0,2993,2828,165,0.00000,4.25495
534F4C31,7463,56265488,0,2997,2827,170,0.00000,4.38388
534F4C31,7463,56270466,0,2998,2829,169,0.00000,4.35810
534F4C31,7463,56273308,0,2995,2823,172,0.00000,4.43546
534F4C31,7464,56276175,0,2992,2824,168,0.00000,4.33231
534F4C31,7464,56281573,0,2997,2825,172,0.00000,4.43546
534F4C31,7464,56284081,0,2999,2827,172,0.00000,4.43546
534F4C31,7465,56287121,0,2999,2826,173,0.00000,4.46125
534F4C31,7465,56290172,0,2998,2824,174,0.00000,4.48703
534F4C31,7465,56294382,0,2992,2824,168,0.00000,4.33231
534F4C31,7465,56296541,0,2994,2822,172,0.00000,4.43546
534F4C31,7465,56299468,0,2996,2822,174,0.00000,4.48703
534F4C31,7465,56302017,0,2998,2824,174,0.00000,4.48703
534F4C31,7465,56304148,0,2999,2826,173,0.00000,4.46125
534F4C31,7465,56306196,0,2998,2824,174,0.00000,4.48703
534F4C31,7465,56308305,0,2999,2824,175,0.00000,4.51282
534F4C31,7465,56310592,0,2994,2827,167,0.00000,4.30652
534F4C31,7466,56313285,0,2997,2826,171,0.00000,4.40967
534F4C31,7467,56317980,0,2999,2826,173,0.00000,4.46125
534F4C31,7468,56321860,0,3001,2826,175,0.00000,4.51282
534F4C31,7469,56327529,0,2995,2825,170,0.00000,4.38388
534F4C31,7469,56333073,0,2997,2826,171,0.00000,4.40967
534F4C31,7469,56337019,0,2992,2825,167,0.00000,4.30652
534F4C31,7469,56339720,0,2995,2827,168,0.00000,4.33231
534F4C31,7469,56341904,0,3001,2824,177,0.00000,4.56440
534F4C31,7470,56344068,0,2998,2825,173,0.00000,4.46125
534F4C31,7471,56349657,0,2992,2822,170,0.00000,4.38388
534F4C31,7472,56354536,0,2994,2822,172,0.00000,4.43546
534F4C31,7472,56360131,0,2996,2824,172,0.00000,4.43546
534F4C31,7472,56362398,0,2997,2823,174,0.00000,4.48703
534F4C31,7472,56365143,0,2997,2821,176,0.00000,4.53861
534F4C31,7472,56368255,0,2998,2820,178,0.00000,4.59018
534F4C31,7472,56370507,0,3001,2825,176,0.00000,4.53861
534F4C31,7472,56372573,0,2997,2824,173,0.00000,4.46125
534F4C31,7472,56374671,0,2995,2825,170,0.00000,4.38388
534F4C31,7472,56376946,0,2998,2821,177,0.00000,4.56440
534F4C31,7473,56379268,0,2996,2825,171,0.00000,4.40967
534F4C31,7474,56383603,0,2995,2823,172,0.00000,4.43546
534F4C31,7475,56387427,0,2993,2827,166,0.00000,4.28073
534F4C31,7476,56392943,0,2995,2823,172,0.00000,4.43546
534F4C31,7476,56397454,0,2998,2822,176,0.00000,4.53861
534F4C31,7476,56399612,0,2994,2826,168,0.00000,4.33231
534F4C31,7476,56403730,0,3001,2823,178,0.00000,4.59018
534F4C31,7476,56406249,0,2997,2824,173,0.00000,4.46125
534F4C31,7476,56408266,0,2998,2819,179,0.00000,4.61597
534F4C31,7476,56410354,0,2994,2822,172,0.00000,4.43546
534F4C31,7477,56413866,0,2996,2822,174,0.00000,4.48703
534F4C31,7478,56418198,0,2995,2823,172,0.00000,4.43546
534F4C31,7478,56422770,0,3000,2826,174,0.00000,4.48703
534F4C31,7478,56425043,0,2995,2826,169,0.00000,4.35810
534F4C31,7478,56429134,0,2995,2826,169,0.00000,4.35810
534F4C31,7478,56431966,0,2995,2823,172,0.00000,4.43546
534F4C31,7478,56434900,0,2995,2824,171,0.00000,4.40967
534F4C31,7478,56437487,0,2993,2827,166,0.00000,4.28073
534F4C31,7478,56439724,0,2999,2823,176,0.00000,4.53861
534F4C31,7478,56441931,0,2995,2823,172,0.00000,4.43546
534F4C31,7479,56443943,0,2995,2820,175,0.00000,4.51282
534F4C31,7480,56446846,0,2994,2826,168,0.00000,4.33231
534F4C31,7481,56451246,0,2996,2825,171,0.00000,4.40967
534F4C31,7482,56456414,0,2995,2822,173,0.00000,4.46125
534F4C31,7483,56461050,0,2996,2824,172,0.00000,4.43546
534F4C31,7484,56466899,0,2992,2823,169,0.00000,4.35810
534F4C31,7485,56471122,0,2995,2825,170,0.00000,4.38388
534F4C31,7485,56477356,0,2992,2823,169,0.00000,4.35810
534F4C31,7485,56479647,0,2991,2821,170,0.00000,4.38388
534F4C31,7485,56481775,0,2991,2825,166,0.00000,4.28073
534F4C31,7485,56485047,0,2995,2825,170,0.00000,4.38388
534F4C31,7485,56487211,0,2996,2821,175,0.00000,4.51282
534F4C31,7485,56489378,0,2997,2826,171,0.00000,4.40967
534F4C31,7485,56491433,0,2996,2826,170,0.00000,4.38388
534F4C31,7485,56493560,0,2996,2824,172,0.00000,4.43546
534F4C31,7485,56497130,0,2995,2823,172,0.00000,4.43546
534F4C31,7485,56499475,0,2999,2827,172,0.00000,4.43546
534F4C31,7486,56501608,0,3000,2825,175,0.00000,4.51282
534F4C31,7487,56507246,0,2995,2823,172,0.00000,4.43546
534F4C31,7487,56509902,0,2992,2822,170,0.00000,4.38388
534F4C31,7487,56515605,0,2993,2824,169,0.00000,4.35810
534F4C31,7487,56519031,0,2994,2819,175,0.00000,4.51282
534F4C31,7487,56521736,0,2995,2819,176,0.00000,4.53861
534F4C31,7487,56523819,0,2998,2825,173,0.00000,4.46125
534F4C31,7487,56525940,0,2996,2825,171,0.00000,4.40967
534F4C31,7487,56527943,0,2997,2825,172,0.00000,4.43546
534F4C31,7487,56530144,0,2995,2821,174,0.00000,4.48703
534F4C31,7487,56532451,0,2994,2821,173,0.00000,4.46125
534F4C31,7488,56534561,0,2995,2823,172,0.00000,4.43546
534F4C31,7489,56539458,0,2989,2821,168,0.00000,4.33231
534F4C31,7490,56543146,0,2993,2826,167,0.00000,4.30652
534F4C31,7491,56549352,0,2987,2823,164,0.00000,4.22916
534F4C31,7491,56555363,0,2992,2823,169,0.00000,4.35810
534F4C31,7491,56557961,0,2995,2823,172,0.00000,4.43546
534F4C31,7491,56561151,0,2997,2824,173,0.00000,4.46125
534F4C31,7491,56563485,0,3001,2825,176,0.00000,4.53861
534F4C31,7491,56565670,0,2997,2823,174,0.00000,4.48703
534F4C31,7491,56567861,0,2994,2825,169,0.00000,4.35810
534F4C31,7491,56569876,0,2998,2824,174,0.00000,4.48703
534F4C31,7491,56571954,0,2998,2825,173,0.00000,4.46125
534F4C31,7492,56574068,0,2997,2822,175,0.00000,4.51282
534F4C31,7493,56578356,0,2996,2825,171,0.00000,4.40967
534F4C31,7494,56583301,0,2999,2825,174,0.00000,4.48703
534F4C31,7494,56588451,0,2992,2826,166,0.00000,4.28073
534F4C31,7494,56591285,0,2996,2823,173,0.00000,4.46125
534F4C31,7495,56593862,0,2998,2826,172,0.00000,4.43546
534F4C31,7495,56598825,0,2996,2827,169,0.00000,4.35810
534F4C31,7495,56601164,0,2999,2824,175,0.00000,4.51282
534F4C31,7495,56604420,0,2996,2822,174,0.00000,4.48703
534F4C31,7495,56607464,0,2995,2823,172,0.00000,4.43546
534F4C31,7495,56609509,0,2998,2822,176,0.00000,4.53861
534F4C31,7495,56611658,0,2993,2825,168,0.00000,4.33231
534F4C31,7495,56613815,0,3001,2822,179,0.00000,4.61597
534F4C31,7496,56615950,0,2999,2825,174,0.00000,4.48703
534F4C31,7497,56621026,0,2998,2824,174,0.00000,4.48703
534F4C31,7498,56626666,0,2997,2823,174,0.00000,4.48703
534F4C31,7498,56630642,0,2996,2824,172,0.00000,4.43546
534F4C31,7499,56633022,0,3000,2821,179,0.00000,4.61597
534F4C31,7499,56635756,0,2997,2826,171,0.00000,4.40967
534F4C31,7500,56640402,0,3000,2822,178,0.00000,4.59018
534F4C31,7500,56644257,0,3000,2824,176,0.00000,4.53861
534F4C31,7500,56648247,0,2996,2827,169,0.00000,4.35810
534F4C31,7500,56651338,0,2997,2826,171,0.00000,4.40967
534F4C31,7500,56653640,0,3000,2825,175,0.00000,4.51282
534F4C31,7501,56656249,0,2995,2825,170,0.00000,4.38388
534F4C31,7502,56661245,0,3004,2822,182,0.00000,4.69333
534F4C31,7502,56664997,0,2998,2826,172,0.00000,4.43546
534F4C31,7502,56669712,0,3000,2826,174,0.00000,4.48703
534F4C31,7503,56672601,0,2997,2821,176,0.00000,4.53861
534F4C31,7504,56676941,0,2996,2826,170,0.00000,4.38388
534F4C31,7505,56682928,0,2995,2826,169,0.00000,4.35810
534F4C31,7505,56688325,0,2994,2822,172,0.00000,4.43546
534F4C31,7505,56691556,0,2996,2827,169,0.00000,4.35810
534F4C31,7505,56694828,0,2991,2825,166,0.00000,4.28073
534F4C31,7505,56697149,0,2997,2824,173,0.00000,4.46125
534F4C31,7505,56700064,0,2996,2819,177,0.00000,4.56440
534F4C31,7505,56702206,0,2995,2821,174,0.00000,4.48703
534F4C31,7505,56704286,0,2996,2823,173,0.00000,4.46125
534F4C31,7505,56706525,0,2994,2825,169,0.00000,4.35810
534F4C31,7505,56708798,0,2994,2829,165,0.00000,4.25495
534F4C31,7505,56710897,0,2996,2826,170,0.00000,4.38388
534F4C31,7506,56712922,0,2995,2824,171,0.00000,4.40967
534F4C31,7506,56715760,0,2997,2827,170,0.00000,4.38388
534F4C31,7507,56719417,0,2997,2824,173,0.00000,4.46125
534F4C31,7508,56723580,0,2997,2823,174,0.00000,4.48703
534F4C31,7509,56730254,0,2995,2828,167,0.00000,4.30652
534F4C31,7509,56732505,0,2991,2829,162,0.00000,4.17758
534F4C31,7509,56736650,0,3000,2825,175,0.00000,4.51282
534F4C31,7509,56741776,0,2996,2828,168,0.00000,4.33231
534F4C31,7509,56744004,0,2996,2827,169,0.00000,4.35810
534F4C31,7509,56747067,0,2996,2824,172,0.00000,4.43546
534F4C31,7509,56749441,0,2996,2826,170,0.00000,4.38388
534F4C31,7509,56751506,0,2994,2824,170,0.00000,4.38388
534F4C31,7509,56753667,0,2996,2819,177,0.00000,4.56440
534F4C31,7510,56756020,0,2997,2821,176,0.00000,4.53861
534F4C31,7511,56760392,0,2995,2822,173,0.00000,4.46125
534F4C31,7511,56764256,0,3001,2817,184,0.00000,4.74491
534F4C31,7511,56769102,0,2998,2820,178,0.00000,4.59018
534F4C31,7511,56771960,0,2995,2823,172,0.00000,4.43546
534F4C31,7511,56774839,0,2999,2823,176,0.00000,4.53861
534F4C31,7511,56777370,0,2997,2822,175,0.00000,4.51282
534F4C31,7511,56779572,0,2996,2820,176,0.00000,4.53861
534F4C31,7511,56781591,0,2997,2823,174,0.00000,4.48703
534F4C31,7511,56783742,0,2995,2820,175,0.00000,4.51282
534F4C31,7511,56786036,0,2998,2823,175,0.00000,4.51282
534F4C31,7512,56788099,0,2995,2822,173,0.00000,4.46125
534F4C31,7513,56792971,0,2994,2821,173,0.00000,4.46125
534F4C31,7514,56797313,0,3001,2819,182,0.00000,4.69333
534F4C31,7514,56802163,0,2999,2825,174,0.00000,4.48703
534F4C31,7514,56805765,0,3000,2818,182,0.00000,4.69333
534F4C31,7515,56807940,0,3000,2821,179,0.00000,4.61597
534F4C31,7516,56813689,0,3001,2821,180,0.00000,4.64176
534F4C31,7517,56817991,0,2994,2819,175,0.00000,4.51282
534F4C31,7517,56824446,0,2998,2821,177,0.00000,4.56440
534F4C31,7517,56826904,0,2998,2818,180,0.00000,4.64176
534F4C31,7517,56829959,0,2994,2822,172,0.00000,4.43546
534F4C31,7517,56832285,0,3000,2820,180,0.00000,4.64176
534F4C31,7517,56834455,0,2996,2818,178,0.00000,4.59018
534F4C31,7517,56836751,0,2995,2819,176,0.00000,4.53861
534F4C31,7517,56838750,0,2994,2819,175,0.00000,4.51282
534F4C31,7517,56840884,0,2995,2823,172,0.00000,4.43546
534F4C31,7518,56843106,0,3000,2821,179,0.00000,4.61597
534F4C31,7519,56847741,0,2996,2823,173,0.00000,4.46125
534F4C31,7520,56851371,0,2993,2820,173,0.00000,4.46125
534F4C31,7521,56857440,0,2997,2822,175,0.00000,4.51282
534F4C31,7521,56862174,0,2997,2820,177,0.00000,4.56440
534F4C31,7521,56864800,0,2997,2819,178,0.00000,4.59018
534F4C31,7521,56867647,0,2993,2818,175,0.00000,4.51282
534F4C31,7521,56869940,0,2998,2821,177,0.00000,4.56440
534F4C31,7521,56872143,0,3000,2822,178,0.00000,4.59018
534F4C31,7521,56874310,0,2999,2821,178,0.00000,4.59018
534F4C31,7521,56876414,0,2995,2822,173,0.00000,4.46125
534F4C31,7521,56878491,0,2998,2818,180,0.00000,4.64176
534F4C31,7521,56880656,0,2995,2818,177,0.00000,4.56440
534F4C31,7521,56882794,0,2995,2821,174,0.00000,4.48703
534F4C31,7521,56884994,0,2998,2820,178,0.00000,4.59018
534F4C31,7522,56887032,0,2996,2823,173,0.00000,4.46125
534F4C31,7523,56891854,0,2999,2816,183,0.00000,4.71912
534F4C31,7524,56896256,0,2998,2821,177,0.00000,4.56440
534F4C31,7524,56901829,0,3000,2822,178,0.00000,4.59018
534F4C31,7524,56904238,0,2999,2823,176,0.00000,4.53861
534F4C31,7525,56907944,0,2999,2820,179,0.00000,4.61597
534F4C31,7525,56912618,0,2997,2819,178,0.00000,4.59018
534F4C31,7525,56914889,0,2991,2821,170,0.00000,4.38388
534F4C31,7526,56917911,0,2993,2817,176,0.00000,4.53861
534F4C31,7527,56922889,0,2992,2819,173,0.00000,4.46125
534F4C31,7527,56929540,0,2999,2822,177,0.00000,4.56440
534F4C31,7527,56931949,0,2995,2818,177,0.00000,4.56440
534F4C31,7527,56934052,0,2992,2819,173,0.00000,4.46125
534F4C31,7527,56937392,0,2998,2824,174,0.00000,4.48703
534F4C31,7527,56939552,0,2998,2819,179,0.00000,4.61597
534F4C31,7527,56941770,0,2993,2819,174,0.00000,4.48703
534F4C31,7527,56944087,0,3001,2818,183,0.00000,4.71912
534F4C31,7527,56946223,0,3002,2815,187,0.00000,4.82227
534F4C31,7527,56948505,0,2993,2819,174,0.00000,4.48703
534F4C31,7528,56950528,0,2997,2817,180,0.00000,4.64176
534F4C31,7529,56955335,0,2994,2820,174,0.00000,4.48703
534F4C31,7530,56961387,0,2995,2820,175,0.00000,4.51282
534F4C31,7530,56964477,0,2995,2821,174,0.00000,4.48703
534F4C31,7530,56968662,0,2993,2820,173,0.00000,4.46125
534F4C31,7531,56971315,0,2998,2818,180,0.00000,4.64176
534F4C31,7531,56976265,0,2994,2819,175,0.00000,4.51282
534F4C31,7531,56978517,0,2995,2817,178,0.00000,4.59018
534F4C31,7532,56982306,0,2994,2815,179,0.00000,4.61597
534F4C31,7532,56987079,0,2994,2820,174,0.00000,4.48703
534F4C31,7532,56989368,0,2998,2818,180,0.00000,4.64176
534F4C31,7532,56992163,0,2999,2819,180,0.00000,4.64176
534F4C31,7532,56994688,0,2998,2818,180,0.00000,4.64176
534F4C31,7532,56999262,0,2999,2818,181,0.00000,4.66755
534F4C31,7532,57001480,0,2993,2816,177,0.00000,4.56440
534F4C31,7533,57003670,0,2993,2819,174,0.00000,4.48703
534F4C31,7533,57007870,0,2990,2817,173,0.00000,4.46125
534F4C31,7533,57011558,0,2995,2818,177,0.00000,4.56440
534F4C31,7534,57014638,0,2996,2818,178,0.00000,4.59018
534F4C31,7535,57019255,0,2999,2817,182,0.00000,4.69333
534F4C31,7536,57023026,0,2996,2816,180,0.00000,4.64176
534F4C31,7537,57028905,0,2992,2820,172,0.00000,4.43546
534F4C31,7537,57033456,0,2992,2815,177,0.00000,4.56440
534F4C31,7537,57037619,0,2996,2820,176,0.00000,4.53861
534F4C31,7537,57039647,0,2993,2818,175,0.00000,4.51282
534F4C31,7537,57041763,0,2999,2820,179,0.00000,4.61597
534F4C31,7538,57045302,0,2996,2818,178,0.00000,4.59018
534F4C31,7539,57049159,0,2992,2816,176,0.00000,4.53861
534F4C31,7540,57054855,0,2992,2819,173,0.00000,4.46125
534F4C31,7540,57060257,0,2994,2822,172,0.00000,4.43546
534F4C31,7540,57063307,0,2996,2818,178,0.00000,4.59018
534F4C31,7541,57066467,0,2993,2814,179,0.00000,4.61597
534F4C31,7542,57071079,0,2998,2818,180,0.00000,4.64176
534F4C31,7542,57074329,0,2993,2818,175,0.00000,4.51282
534F4C31,7542,57079160,0,2999,2819,180,0.00000,4.64176
534F4C31,7542,57081888,0,2991,2820,171,0.00000,4.40967
534F4C31,7542,57084384,0,2995,2820,175,0.00000,4.51282
534F4C31,7542,57086494,0,2995,2816,179,0.00000,4.61597
534F4C31,7542,57089531,0,2995,2816,179,0.00000,4.61597
534F4C31,7542,57091899,0,2994,2823,171,0.00000,4.40967
534F4C31,7542,57094134,0,2999,2819,180,0.00000,4.64176
534F4C31,7542,57096232,0,2994,2819,175,0.00000,4.51282
534F4C31,7542,57098260,0,3000,2820,180,0.00000,4.64176
534F4C31,7542,57100328,0,3000,2824,176,0.00000,4.53861
534F4C31,7542,57102535,0,2993,2815,178,0.00000,4.59018
534F4C31,7542,57104753,0,2998,2820,178,0.00000,4.59018
534F4C31,7543,57106771,0,2998,2820,178,0.00000,4.59018
534F4C31,7544,57111967,0,2998,2820,178,0.00000,4.59018
534F4C31,7545,57116250,0,2998,2820,178,0.00000,4.59018
534F4C31,7546,57122603,0,2997,2818,179,0.00000,4.61597
534F4C31,7546,57126563,0,2997,2819,178,0.00000,4.59018
534F4C31,7546,57131168,0,2998,2822,176,0.00000,4.53861
534F4C31,7546,57135636,0,2993,2817,176,0.00000,4.53861
534F4C31,7547,57139012,0,2998,2823,175,0.00000,4.51282
534F4C31,7547,57142487,0,2994,2817,177,0.00000,4.56440
534F4C31,7547,57146069,0,2997,2815,182,0.00000,4.69333
534F4C31,7547,57148265,0,2994,2823,171,0.00000,4.40967
534F4C31,7547,57151308,0,2998,2821,177,0.00000,4.56440
534F4C31,7547,57153618,0,2989,2822,167,0.00000,4.30652
534F4C31,7547,57155638,0,2996,2819,177,0.00000,4.56440
534F4C31,7547,57157797,0,3002,2820,182,0.00000,4.69333
534F4C31,7548,57160071,0,2996,2818,178,0.00000,4.59018
534F4C31,7549,57164120,0,2994,2820,174,0.00000,4.48703
534F4C31,7550,57167910,0,2996,2820,176,0.00000,4.53861
534F4C31,7551,57173915,0,3002,2820,182,0.00000,4.69333
534F4C31,7551,57177981,0,2999,2823,176,0.00000,4.53861
534F4C31,7551,57181913,0,2997,2818,179,0.00000,4.61597
534F4C31,7551,57184675,0,2996,2819,177,0.00000,4.56440
534F4C31,7551,57187590,0,2997,2819,178,0.00000,4.59018
534F4C31,7551,57190066,0,2997,2817,180,0.00000,4.64176
534F4C31,7551,57192312,0,2999,2819,180,0.00000,4.64176
534F4C31,7551,57194410,0,2995,2815,180,0.00000,4.64176
534F4C31,7551,57196448,0,2997,2822,175,0.00000,4.51282
534F4C31,7551,57198484,0,2999,2817,182,0.00000,4.69333
534F4C31,7552,57200828,0,2996,2821,175,0.00000,4.51282
534F4C31,7553,57205136,0,3000,2822,178,0.00000,4.59018
534F4C31,7554,57208905,0,2994,2818,176,0.00000,4.53861
534F4C31,7555,57216061,0,2997,2820,177,0.00000,4.56440
534F4C31,7555,57220470,0,2996,2821,175,0.00000,4.51282
534F4C31,7556,57225550,0,2996,2818,178,0.00000,4.59018
534F4C31,7557,57229397,0,2997,2822,175,0.00000,4.51282
534F4C31,7557,57235790,0,2996,2820,176,0.00000,4.53861
534F4C31,7557,57239657,0,2990,2813,177,0.00000,4.56440
534F4C31,7557,57241792,0,2992,2818,174,0.00000,4.48703
534F4C31,7557,57243918,0,2996,2819,177,0.00000,4.56440
534F4C31,7557,57247751,0,2995,2820,175,0.00000,4.51282
534F4C31,7557,57250617,0,2994,2820,174,0.00000,4.48703
534F4C31,7557,57252661,0,2998,2819,179,0.00000,4.61597
534F4C31,7557,57255446,0,2997,2818,179,0.00000,4.61597
534F4C31,7558,57258023,0,2998,2818,180,0.00000,4.64176
534F4C31,7559,57262416,0,2994,2818,176,0.00000,4.53861
534F4C31,7559,57266872,0,2996,2817,179,0.00000,4.61597
534F4C31,7559,57271028,0,2993,2812,181,0.00000,4.66755
534F4C31,7560,57274732,0,2995,2816,179,0.00000,4.61597
534F4C31,7561,57279103,0,2995,2817,178,0.00000,4.59018
534F4C31,7562,57282934,0,2993,2815,178,0.00000,4.59018
534F4C31,7562,57289550,0,2996,2812,184,0.00000,4.74491
534F4C31,7562,57291758,0,2995,2813,182,0.00000,4.69333
534F4C31,7562,57295130,0,2992,2812,180,0.00000,4.64176
534F4C31,7562,57297595,0,2991,2816,175,0.00000,4.51282
534F4C31,7562,57299694,0,2995,2815,180,0.00000,4.64176
534F4C31,7562,57301818,0,2994,2816,178,0.00000,4.59018
534F4C31,7562,57304031,0,2996,2818,178,0.00000,4.59018
534F4C31,7562,57306298,0,2994,2813,181,0.00000,4.66755
534F4C31,7563,57308437,0,2994,2812,182,0.00000,4.69333
534F4C31,7564,57312427,0,2994,2814,180,0.00000,4.64176
534F4C31,7565,57316651,0,2994,2817,177,0.00000,4.56440
534F4C31,7565,57322572,0,3000,2814,186,0.00000,4.79648
534F4C31,7565,57325529,0,2991,2814,177,0.00000,4.56440
534F4C31,7565,57328513,0,2998,2811,187,0.00000,4.82227
534F4C31,7565,57330762,0,2997,2815,182,0.00000,4.69333
534F4C31,7565,57332968,0,2994,2813,181,0.00000,4.66755
534F4C31,7565,57335411,0,2999,2815,184,0.00000,4.74491
534F4C31,7566,57337762,0,2995,2814,181,0.00000,4.66755
534F4C31,7567,57341219,0,2995,2812,183,0.00000,4.71912
534F4C31,7568,57345584,0,3000,2815,185,0.00000,4.77070
534F4C31,7569,57351697,0,3002,2817,185,0.00000,4.77070
534F4C31,7569,57356379,0,2997,2814,183,0.00000,4.71912
534F4C31,7569,57359232,0,3001,2817,184,0.00000,4.74491
534F4C31,7570,57361625,0,2995,2813,182,0.00000,4.69333
534F4C31,7570,57366294,0,2995,2812,183,0.00000,4.71912
534F4C31,7570,57368519,0,2998,2817,181,0.00000,4.66755
534F4C31,7570,57372356,0,2998,2813,185,0.00000,4.77070
534F4C31,7570,57374593,0,2993,2815,178,0.00000,4.59018
534F4C31,7570,57376656,0,2994,2813,181,0.00000,4.66755
534F4C31,7570,57378900,0,2999,2814,185,0.00000,4.77070
534F4C31,7570,57381137,0,2996,2819,177,0.00000,4.56440
534F4C31,7570,57383318,0,2998,2817,181,0.00000,4.66755
534F4C31,7571,57385513,0,2997,2814,183,0.00000,4.71912
534F4C31,7572,57389316,0,2998,2812,186,0.00000,4.79648
534F4C31,7573,57392558,0,2995,2817,178,0.00000,4.59018
534F4C31,7574,57396166,0,2999,2814,185,0.00000,4.77070
534F4C31,7574,57399363,0,2995,2817,178,0.00000,4.59018
534F4C31,7574,57401790,0,2999,2815,184,0.00000,4.74491
534F4C31,7575,57404104,0,2994,2813,181,0.00000,4.66755
534F4C31,7576,57406844,0,2995,2813,182,0.00000,4.69333
534F4C31,7577,57411438,0,2997,2813,184,0.00000,4.74491
534F4C31,7578,57417105,0,2999,2814,185,0.00000,4.77070
534F4C31,7578,57421786,0,2998,2814,184,0.00000,4.74491
534F4C31,7578,57424923,0,3000,2813,187,0.00000,4.82227
534F4C31,7579,57427677,0,2991,2815,176,0.00000,4.53861
534F4C31,7579,57432684,0,2996,2810,186,0.00000,4.79648
534F4C31,7579,57435105,0,3001,2809,192,0.00000,4.95121
534F4C31,7580,57437381,0,3000,2809,191,0.00000,4.92542
534F4C31,7580,57443097,0,2995,2808,187,0.00000,4.82227
534F4C31,7580,57445526,0,2996,2810,186,0.00000,4.79648
534F4C31,7580,57447605,0,2996,2810,186,0.00000,4.79648
534F4C31,7580,57450793,0,2992,2810,182,0.00000,4.69333
534F4C31,7580,57453164,0,2995,2812,183,0.00000,4.71912
534F4C31,7580,57455236,0,2997,2810,187,0.00000,4.82227
534F4C31,7580,57457397,0,2996,2811,185,0.00000,4.77070
534F4C31,7580,57459414,0,2993,2811,182,0.00000,4.69333
534F4C31,7580,57461503,0,2995,2809,186,0.00000,4.79648
534F4C31,7580,57463597,0,2995,2808,187,0.00000,4.82227
534F4C31,7580,57465787,0,2998,2814,184,0.00000,4.74491
534F4C31,7580,57467916,0,2997,2811,186,0.00000,4.79648
534F4C31,7580,57470102,0,2997,2809,188,0.00000,4.84806
534F4C31,7581,57472187,0,2997,2808,189,0.00000,4.87385
534F4C31,7581,57476615,0,2993,2809,184,0.00000,4.74491
534F4C31,7581,57479066,0,2993,2809,184,0.00000,4.74491
534F4C31,7581,57481385,0,2995,2809,186,0.00000,4.79648
534F4C31,7581,57484796,0,2994,2810,184,0.00000,4.74491
534F4C31,7581,57487030,0,2994,2809,185,0.00000,4.77070
534F4C31,7581,57489203,0,2997,2809,188,0.00000,4.84806
534F4C31,7581,57491469,0,2991,2809,182,0.00000,4.69333
534F4C31,7582,57493650,0,2995,2810,185,0.00000,4.77070
534F4C31,7583,57498467,0,2993,2809,184,0.00000,4.74491
534F4C31,7584,57502798,0,2995,2813,182,0.00000,4.69333
534F4C31,7585,57506295,0,2992,2808,184,0.00000,4.74491
534F4C31,7586,57512892,0,2995,2808,187,0.00000,4.82227
534F4C31,7586,57519724,0,2997,2811,186,0.00000,4.79648
534F4C31,7586,57522751,0,2994,2807,187,0.00000,4.82227
534F4C31,7586,57525092,0,2999,2810,189,0.00000,4.87385
534F4C31,7586,57527318,0,2993,2810,183,0.00000,4.71912
534F4C31,7586,57529511,0,2994,2813,181,0.00000,4.66755
534F4C31,7586,57531657,0,2999,2810,189,0.00000,4.87385
534F4C31,7586,57533741,0,2991,2809,182,0.00000,4.69333
534F4C31,7586,57535793,0,2990,2810,180,0.00000,4.64176
534F4C31,7586,57537937,0,2994,2806,188,0.00000,4.84806
534F4C31,7586,57540412,0,2996,2810,186,0.00000,4.79648
534F4C31,7587,57542782,0,2995,2808,187,0.00000,4.82227
534F4C31,7588,57547260,0,2993,2809,184,0.00000,4.74491
534F4C31,7589,57550983,0,2996,2808,188,0.00000,4.84806
534F4C31,7590,57557365,0,2996,2808,188,0.00000,4.84806
534F4C31,7590,57561622,0,2992,2809,183,0.00000,4.71912
534F4C31,7590,57564915,0,2994,2810,184,0.00000,4.74491
534F4C31,7590,57567025,0,2995,2810,185,0.00000,4.77070
534F4C31,7590,57570294,0,3002,2809,193,0.00000,4.97700
534F4C31,7590,57572606,0,2998,2811,187,0.00000,4.82227
534F4C31,7590,57574849,0,2996,2809,187,0.00000,4.82227
534F4C31,7590,57576978,0,2997,2808,189,0.00000,4.87385
534F4C31,7590,57579041,0,2992,2805,187,0.00000,4.82227
534F4C31,7590,57581058,0,2992,2813,179,0.00000,4.61597
534F4C31,7591,57583430,0,2997,2808,189,0.00000,4.87385
534F4C31,7592,57587808,0,2995,2809,186,0.00000,4.79648
534F4C31,7593,57593874,0,2989,2809,180,0.00000,4.64176
534F4C31,7593,57598001,0,2998,2810,188,0.00000,4.84806
534F4C31,7594,57601356,0,2997,2808,189,0.00000,4.87385
534F4C31,7594,57606617,0,2993,2807,186,0.00000,4.79648
534F4C31,7594,57608918,0,3001,2813,188,0.00000,4.84806
534F4C31,7594,57610988,0,2993,2813,180,0.00000,4.64176
534F4C31,7595,57614045,0,2994,2810,184,0.00000,4.74491
534F4C31,7596,57619672,0,2994,2812,182,0.00000,4.69333
534F4C31,7596,57624156,0,2995,2811,184,0.00000,4.74491
534F4C31,7596,57626970,0,2996,2810,186,0.00000,4.79648
534F4C31,7596,57630515,0,2993,2809,184,0.00000,4.74491
534F4C31,7596,57633749,0,2994,2809,185,0.00000,4.77070
534F4C31,7596,57635904,0,2990,2811,179,0.00000,4.61597
534F4C31,7596,57638031,0,2993,2809,184,0.00000,4.74491
534F4C31,7597,57640285,0,2995,2809,186,0.00000,4.79648
534F4C31,7597,57644981,0,2998,2810,188,0.00000,4.84806
534F4C31,7597,57647384,0,2995,2810,185,0.00000,4.77070
534F4C31,7598,57650365,0,2994,2809,185,0.00000,4.77070
534F4C31,7599,57654020,0,2992,2810,182,0.00000,4.69333
534F4C31,7600,57658189,0,2995,2807,188,0.00000,4.84806
534F4C31,7600,57661790,0,2994,2811,183,0.00000,4.71912
534F4C31,7600,57666982,0,2996,2812,184,0.00000,4.74491
534F4C31,7601,57669368,0,2997,2811,186,0.00000,4.79648
534F4C31,7602,57673405,0,2994,2808,186,0.00000,4.79648
534F4C31,7602,57677709,0,2999,2808,191,0.00000,4.92542
534F4C31,7602,57680195,0,2996,2812,184,0.00000,4.74491
534F4C31,7603,57685025,0,2991,2809,182,0.00000,4.69333
534F4C31,7604,57688498,0,2997,2810,187,0.00000,4.82227
534F4C31,7604,57693820,0,2993,2808,185,0.00000,4.77070
534F4C31,7604,57696702,0,2994,2813,181,0.00000,4.66755
534F4C31,7605,57700203,0,3004,2809,195,0.00000,5.02857
534F4C31,7606,57704209,0,2994,2812,182,0.00000,4.69333
534F4C31,7606,57708606,0,3001,2813,188,0.00000,4.84806
534F4C31,7606,57712950,0,2993,2808,185,0.00000,4.77070
534F4C31,7607,57716085,0,2997,2811,186,0.00000,4.79648
534F4C31,7608,57719909,0,2999,2809,190,0.00000,4.89963
534F4C31,7609,57725228,0,2997,2809,188,0.00000,4.84806
534F4C31,7609,57729571,0,2995,2811,184,0.00000,4.74491
534F4C31,7609,57732967,0,2997,2811,186,0.00000,4.79648
534F4C31,7609,57735046,0,2997,2810,187,0.00000,4.82227
534F4C31,7609,57738925,0,2999,2811,188,0.00000,4.84806
534F4C31,7609,57741577,0,2999,2811,188,0.00000,4.84806
534F4C31,7609,57743677,0,2996,2810,186,0.00000,4.79648
534F4C31,7609,57746821,0,3001,2808,193,0.00000,4.97700
534F4C31,7609,57750455,0,2993,2815,178,0.00000,4.59018
534F4C31,7609,57752698,0,2999,2811,188,0.00000,4.84806
534F4C31,7609,57754747,0,3000,2815,185,0.00000,4.77070
534F4C31,7609,57756971,0,2993,2810,183,0.00000,4.71912
534F4C31,7610,57760091,0,3000,2809,191,0.00000,4.92542
534F4C31,7611,57764580,0,2996,2810,186,0.00000,4.79648
534F4C31,7611,57769329,0,2994,2812,182,0.00000,4.69333
534F4C31,7611,57773383,0,3000,2809,191,0.00000,4.92542
534F4C31,7611,57776081,0,2998,2812,186,0.00000,4.79648
534F4C31,7611,57779021,0,2995,2808,187,0.00000,4.82227
534F4C31,7611,57781506,0,2998,2808,190,0.00000,4.89963
534F4C31,7611,57783704,0,2995,2812,183,0.00000,4.71912
534F4C31,7611,57785888,0,2998,2809,189,0.00000,4.87385
534F4C31,7611,57787981,0,2998,2812,186,0.00000,4.79648
534F4C31,7611,57790053,0,3001,2809,192,0.00000,4.95121
534F4C31,7611,57792162,0,2997,2810,187,0.00000,4.82227
534F4C31,7611,57794392,0,2999,2809,190,0.00000,4.89963
534F4C31,7611,57796611,0,2998,2809,189,0.00000,4.87385
534F4C31,7611,57798785,0,2997,2810,187,0.00000,4.82227
534F4C31,7611,57800884,0,3002,2810,192,0.00000,4.95121
534F4C31,7611,57802911,0,2998,2811,187,0.00000,4.82227
534F4C31,7611,57805068,0,3002,2808,194,0.00000,5.00278
534F4C31,7612,57807248,0,2996,2809,187,0.00000,4.82227
534F4C31,7613,57811884,0,2999,2810,189,0.00000,4.87385
534F4C31,7614,57816550,0,2996,2810,186,0.00000,4.79648
534F4C31,7614,57821543,0,2998,2810,188,0.00000,4.84806
534F4C31,7614,57824236,0,2999,2808,191,0.00000,4.92542
534F4C31,7615,57827144,0,2996,2809,187,0.00000,4.82227
534F4C31,7616,57832180,0,3001,2808,193,0.00000,4.97700
534F4C31,7617,57836331,0,2998,2809,189,0.00000,4.87385
534F4C31,7617,57842088,0,2999,2810,189,0.00000,4.87385
534F4C31,7617,57844316,0,2999,2810,189,0.00000,4.87385
534F4C31,7617,57847869,0,2997,2809,188,0.00000,4.84806
534F4C31,7617,57850449,0,2999,2812,187,0.00000,4.82227
534F4C31,7617,57852678,0,2998,2810,188,0.00000,4.84806
534F4C31,7617,57854879,0,3000,2812,188,0.00000,4.84806
534F4C31,7617,57856973,0,3000,2810,190,0.00000,4.89963
534F4C31,7617,57859096,0,2998,2811,187,0.00000,4.82227
534F4C31,7618,57861327,0,3001,2811,190,0.00000,4.89963
534F4C31,7619,57865626,0,2995,2811,184,0.00000,4.74491
534F4C31,7620,57869717,0,2994,2811,183,0.00000,4.71912
534F4C31,7621,57876458,0,2999,2810,189,0.00000,4.87385
534F4C31,7621,57880554,0,2996,2811,185,0.00000,4.77070
534F4C31,7622,57883616,0,3002,2812,190,0.00000,4.89963
534F4C31,7622,57886667,0,2995,2810,185,0.00000,4.77070
534F4C31,7622,57890977,0,2996,2810,186,0.00000,4.79648
534F4C31,7622,57893044,0,2995,2809,186,0.00000,4.79648
534F4C31,7622,57896384,0,2996,2812,184,0.00000,4.74491
534F4C31,7622,57898597,0,2993,2810,183,0.00000,4.71912
534F4C31,7622,57900623,0,2993,2807,186,0.00000,4.79648
534F4C31,7622,57902858,0,2995,2808,187,0.00000,4.82227
534F4C31,7622,57905048,0,3001,2811,190,0.00000,4.89963
534F4C31,7622,57907278,0,2997,2809,188,0.00000,4.84806
534F4C31,7622,57909527,0,2998,2809,189,0.00000,4.87385
534F4C31,7622,57911707,0,3000,2808,192,0.00000,4.95121
534F4C31,7623,57913757,0,2998,2809,189,0.00000,4.87385
534F4C31,7624,57918077,0,2997,2811,186,0.00000,4.79648
534F4C31,7625,57921606,0,3001,2813,188,0.00000,4.84806
534F4C31,7626,57927945,0,2996,2810,186,0.00000,4.79648
534F4C31,7627,57933753,0,2998,2811,187,0.00000,4.82227
534F4C31,7627,57938334,0,2996,2810,186,0.00000,4.79648
534F4C31,7627,57941496,0,2995,2812,183,0.00000,4.71912
534F4C31,7627,57943903,0,3000,2809,191,0.00000,4.92542
534F4C31,7627,57946144,0,2996,2811,185,0.00000,4.77070
534F4C31,7627,57948261,0,3000,2811,189,0.00000,4.87385
534F4C31,7627,57950669,0,2997,2811,186,0.00000,4.79648
534F4C31,7627,57952844,0,3000,2806,194,0.00000,5.00278
534F4C31,7627,57955084,0,2995,2807,188,0.00000,4.84806
534F4C31,7628,57957287,0,2998,2806,192,0.00000,4.95121
534F4C31,7629,57961876,0,2998,2807,191,0.00000,4.92542
534F4C31,7630,57965800,0,2996,2807,189,0.00000,4.87385
534F4C31,7630,57972046,0,2999,2808,191,0.00000,4.92542
534F4C31,7630,57975033,0,2994,2807,187,0.00000,4.82227
534F4C31,7631,57977174,0,2996,2807,189,0.00000,4.87385
534F4C31,7631,57982816,0,2996,2808,188,0.00000,4.84806
534F4C31,7631,57984993,0,2997,2808,189,0.00000,4.87385
534F4C31,7631,57987917,0,2999,2806,193,0.00000,4.97700
534F4C31,7631,57991561,0,3003,2807,196,0.00000,5.05436
534F4C31,7631,57993911,0,2995,2809,186,0.00000,4.79648
534F4C31,7631,57996899,0,2991,2804,187,0.00000,4.82227
534F4C31,7632,58000292,0,2995,2807,188,0.00000,4.84806
534F4C31,7633,58003866,0,2999,2808,191,0.00000,4.92542
534F4C31,7633,58008223,0,2994,2808,186,0.00000,4.79648
534F4C31,7633,58010667,0,2997,2805,192,0.00000,4.95121
534F4C31,7634,58015359,0,2990,2804,186,0.00000,4.79648
534F4C31,7635,58017769,0,2999,2809,190,0.00000,4.89963
534F4C31,7635,58023982,0,2997,2805,192,0.00000,4.95121
534F4C31,7635,58026513,0,2994,2806,188,0.00000,4.84806
534F4C31,7635,58028683,0,2995,2805,190,0.00000,4.89963
534F4C31,7635,58031774,0,2995,2809,186,0.00000,4.79648
534F4C31,7635,58034179,0,2994,2809,185,0.00000,4.77070
534F4C31,7635,58036317,0,3000,2807,193,0.00000,4.97700
534F4C31,7635,58038375,0,2994,2808,186,0.00000,4.79648
534F4C31,7636,58040486,0,2995,2808,187,0.00000,4.82227
534F4C31,7637,58044677,0,3000,2808,192,0.00000,4.95121
534F4C31,7638,58048527,0,3000,2806,194,0.00000,5.00278
534F4C31,7639,58055032,0,2998,2805,193,0.00000,4.97700
534F4C31,7639,58061062,0,3001,2807,194,0.00000,5.00278
534F4C31,7639,58064953,0,3004,2808,196,0.00000,5.05436
534F4C31,7639,58068288,0,2997,2806,191,0.00000,4.92542
534F4C31,7640,58071422,0,2996,2804,192,0.00000,4.95121
534F4C31,7640,58075781,0,2998,2807,191,0.00000,4.92542
534F4C31,7640,58078081,0,2995,2806,189,0.00000,4.87385
534F4C31,7640,58080342,0,2998,2809,189,0.00000,4.87385
534F4C31,7640,58083287,0,2997,2808,189,0.00000,4.87385
534F4C31,7640,58085620,0,2995,2807,188,0.00000,4.84806
534F4C31,7640,58087762,0,2996,2806,190,0.00000,4.89963
534F4C31,7640,58090022,0,2997,2806,191,0.00000,4.92542
534F4C31,7640,58092120,0,2993,2805,188,0.00000,4.84806
534F4C31,7640,58094225,0,2999,2806,193,0.00000,4.97700
534F4C31,7641,58096345,0,2996,2807,189,0.00000,4.87385
534F4C31,7642,58101026,0,2996,2805,191,0.00000,4.92542
534F4C31,7643,58104772,0,2994,2807,187,0.00000,4.82227
534F4C31,7644,58110565,0,2993,2805,188,0.00000,4.84806
534F4C31,7644,58113665,0,2998,2807,191,0.00000,4.92542
534F4C31,7644,58118881,0,2999,2806,193,0.00000,4.97700
534F4C31,7644,58122481,0,2995,2804,191,0.00000,4.92542
534F4C31,7644,58124890,0,2995,2806,189,0.00000,4.87385
534F4C31,7645,58127054,0,2997,2808,189,0.00000,4.87385
534F4C31,7646,58132385,0,2992,2807,185,0.00000,4.77070
534F4C31,7647,58136538,0,2997,2808,189,0.00000,4.87385
534F4C31,7647,58139892,0,2992,2805,187,0.00000,4.82227
534F4C31,7648,58143080,0,3000,2806,194,0.00000,5.00278
534F4C31,7649,58147191,0,2997,2807,190,0.00000,4.89963
534F4C31,7650,58152163,0,2996,2807,189,0.00000,4.87385
534F4C31,7651,58158514,0,2996,2806,190,0.00000,4.89963
534F4C31,7652,58164458,0,2996,2803,193,0.00000,4.97700
534F4C31,7652,58168357,0,2997,2808,189,0.00000,4.87385
534F4C31,7652,58170759,0,3000,2808,192,0.00000,4.95121
534F4C31,7652,58174589,0,2997,2808,189,0.00000,4.87385
534F4C31,7652,58177500,0,3002,2808,194,0.00000,5.00278
534F4C31,7652,58179725,0,2996,2808,188,0.00000,4.84806
534F4C31,7652,58182568,0,2996,2807,189,0.00000,4.87385
534F4C31,7652,58184857,0,2994,2808,186,0.00000,4.79648
534F4C31,7652,58187034,0,2997,2807,190,0.00000,4.89963
534F4C31,7652,58189277,0,2995,2806,189,0.00000,4.87385
534F4C31,7652,58191328,0,2998,2808,190,0.00000,4.89963
534F4C31,7652,58193379,0,2998,2808,190,0.00000,4.89963
534F4C31,7652,58195467,0,2996,2807,189,0.00000,4.87385
534F4C31,7652,58197745,0,2997,2806,191,0.00000,4.92542
534F4C31,7652,58199890,0,2995,2808,187,0.00000,4.82227
534F4C31,7652,58202039,0,2997,2805,192,0.00000,4.95121
534F4C31,7652,58204171,0,3000,2803,197,0.00000,5.08015
534F4C31,7652,58206256,0,2996,2808,188,0.00000,4.84806
534F4C31,7652,58208401,0,2996,2807,189,0.00000,4.87385
534F4C31,7652,58210639,0,2998,2805,193,0.00000,4.97700
534F4C31,7652,58212875,0,3001,2806,195,0.00000,5.02857
534F4C31,7653,58214994,0,2999,2806,193,0.00000,4.97700
534F4C31,7654,58219758,0,2993,2807,186,0.00000,4.79648
534F4C31,7655,58223887,0,2997,2806,191,0.00000,4.92542
534F4C31,7655,58229373,0,2997,2806,191,0.00000,4.92542
534F4C31,7655,58231625,0,2998,2807,191,0.00000,4.92542
534F4C31,7656,58233717,0,2997,2807,190,0.00000,4.89963
534F4C31,7657,58239536,0,2995,2807,188,0.00000,4.84806
534F4C31,7657,58243468,0,2993,2808,185,0.00000,4.77070
534F4C31,7657,58246534,0,2995,2804,191,0.00000,4.92542
534F4C31,7658,58250173,0,2999,2805,194,0.00000,5.00278
534F4C31,7659,58254164,0,2996,2810,186,0.00000,4.79648
534F4C31,7659,58260093,0,2992,2807,185,0.00000,4.77070
534F4C31,7659,58263463,0,2996,2806,190,0.00000,4.89963
534F4C31,7659,58265625,0,2995,2809,186,0.00000,4.79648
534F4C31,7659,58267708,0,3000,2806,194,0.00000,5.00278
534F4C31,7659,58270941,0,2998,2806,192,0.00000,4.95121
534F4C31,7659,58273142,0,3003,2809,194,0.00000,5.00278
534F4C31,7659,58275198,0,2996,2807,189,0.00000,4.87385
534F4C31,7659,58277293,0,2996,2809,187,0.00000,4.82227
534F4C31,7659,58279559,0,2999,2807,192,0.00000,4.95121
534F4C31,7660,58281731,0,2999,2809,190,0.00000,4.89963
534F4C31,7661,58286347,0,2992,2806,186,0.00000,4.79648
534F4C31,7662,58290369,0,2998,2807,191,0.00000,4.92542
534F4C31,7663,58296510,0,2998,2809,189,0.00000,4.87385
534F4C31,7663,58301513,0,2995,2809,186,0.00000,4.79648
534F4C31,7663,58305378,0,2998,2808,190,0.00000,4.89963
534F4C31,7663,58308020,0,2996,2808,188,0.00000,4.84806
534F4C31,7663,58310802,0,3000,2807,193,0.00000,4.97700
534F4C31,7663,58312930,0,3000,2807,193,0.00000,4.97700
534F4C31,7663,58315002,0,2997,2806,191,0.00000,4.92542
534F4C31,7663,58317144,0,2997,2806,191,0.00000,4.92542
534F4C31,7663,58319441,0,2994,2805,189,0.00000,4.87385
534F4C31,7663,58321696,0,2995,2806,189,0.00000,4.87385
534F4C31,7663,58323813,0,2997,2807,190,0.00000,4.89963
534F4C31,7664,58325891,0,2994,2805,189,0.00000,4.87385
534F4C31,7665,58329813,0,2998,2810,188,0.00000,4.84806
534F4C31,7666,58334246,0,2997,2804,193,0.00000,4.97700
534F4C31,7667,58339057,0,2995,2807,188,0.00000,4.84806
534F4C31,7668,58343897,0,2995,2807,188,0.00000,4.84806
534F4C31,7668,58349425,0,2999,2807,192,0.00000,4.95121
534F4C31,7668,58351947,0,2998,2806,192,0.00000,4.95121
534F4C31,7668,58354829,0,2998,2809,189,0.00000,4.87385
534F4C31,7668,58357193,0,2997,2807,190,0.00000,4.89963
534F4C31,7668,58359733,0,2993,2807,186,0.00000,4.79648
534F4C31,7668,58362129,0,2994,2808,186,0.00000,4.79648
534F4C31,7668,58364293,0,2993,2808,185,0.00000,4.77070
534F4C31,7668,58366500,0,2999,2805,194,0.00000,5.00278
534F4C31,7668,58368542,0,2999,2806,193,0.00000,4.97700
534F4C31,7668,58370661,0,3002,2808,194,0.00000,5.00278
534F4C31,7668,58372718,0,2997,2808,189,0.00000,4.87385
534F4C31,7669,58375096,0,2997,2806,191,0.00000,4.92542
534F4C31,7670,58379449,0,2997,2807,190,0.00000,4.89963
534F4C31,7671,58385330,0,2997,2808,189,0.00000,4.87385
534F4C31,7671,58388362,0,2995,2806,189,0.00000,4.87385
534F4C31,7671,58392193,0,3001,2807,194,0.00000,5.00278
534F4C31,7672,58395819,0,3000,2807,193,0.00000,4.97700
534F4C31,7672,58399756,0,3002,2808,194,0.00000,5.00278
534F4C31,7672,58402800,0,2997,2806,191,0.00000,4.92542
534F4C31,7672,58405744,0,2995,2807,188,0.00000,4.84806
534F4C31,7672,58407962,0,3001,2805,196,0.00000,5.05436
534F4C31,7673,58410274,0,2995,2811,184,0.00000,4.74491
534F4C31,7673,58415080,0,2994,2806,188,0.00000,4.84806
534F4C31,7673,58417304,0,2997,2808,189,0.00000,4.87385
534F4C31,7674,58419930,0,3000,2807,193,0.00000,4.97700
534F4C31,7675,58424694,0,2996,2804,192,0.00000,4.95121
534F4C31,7675,58429442,0,2999,2803,196,0.00000,5.05436
534F4C31,7675,58431780,0,3000,2806,194,0.00000,5.00278
534F4C31,7676,58436605,0,2995,2806,189,0.00000,4.87385
534F4C31,7677,58440627,0,2997,2806,191,0.00000,4.92542
534F4C31,7677,58444500,0,2996,2807,189,0.00000,4.87385
534F4C31,7677,58447773,0,2998,2807,191,0.00000,4.92542
534F4C31,7677,58450815,0,3001,2807,194,0.00000,5.00278
534F4C31,7677,58453893,0,3002,2808,194,0.00000,5.00278
534F4C31,7677,58456148,0,2996,2806,190,0.00000,4.89963
534F4C31,7677,58458449,0,2997,2807,190,0.00000,4.89963
534F4C31,7678,58460710,0,2998,2807,191,0.00000,4.92542
534F4C31,7679,58465092,0,2995,2808,187,0.00000,4.82227
534F4C31,7680,58469841,0,2998,2808,190,0.00000,4.89963
534F4C31,7681,58475612,0,2999,2807,192,0.00000,4.95121
534F4C31,7682,58480233,0,2997,2808,189,0.00000,4.87385
534F4C31,7682,58485879,0,2998,2809,189,0.00000,4.87385
534F4C31,7682,58488158,0,2999,2807,192,0.00000,4.95121
534F4C31,7682,58490915,0,3000,2809,191,0.00000,4.92542
534F4C31,7682,58494009,0,2996,2806,190,0.00000,4.89963
534F4C31,7682,58496287,0,2999,2810,189,0.00000,4.87385
534F4C31,7682,58498550,0,2997,2811,186,0.00000,4.79648
534F4C31,7682,58501549,0,3000,2807,193,0.00000,4.97700
534F4C31,7682,58503924,0,3000,2807,193,0.00000,4.97700
534F4C31,7682,58506136,0,3000,2805,195,0.00000,5.02857
534F4C31,7682,58509332,0,2994,2807,187,0.00000,4.82227
534F4C31,7682,58511470,0,2999,2806,193,0.00000,4.97700
534F4C31,7682,58513562,0,2994,2808,186,0.00000,4.79648
534F4C31,7682,58515732,0,3002,2807,195,0.00000,5.02857
534F4C31,7682,58517837,0,2997,2806,191,0.00000,4.92542
534F4C31,7682,58520010,0,2999,2808,191,0.00000,4.92542
534F4C31,7683,58522031,0,2994,2806,188,0.00000,4.84806
534F4C31,7684,58526476,0,2996,2808,188,0.00000,4.84806
534F4C31,7685,58531403,0,2997,2808,189,0.00000,4.87385
534F4C31,7685,58536990,0,2999,2808,191,0.00000,4.92542
534F4C31,7685,58539239,0,2996,2805,191,0.00000,4.92542
534F4C31,7686,58542833,0,3000,2806,194,0.00000,5.00278
534F4C31,7687,58547625,0,2997,2805,192,0.00000,4.95121
534F4C31,7688,58551315,0,2996,2804,192,0.00000,4.95121
534F4C31,7689,58557550,0,2996,2804,192,0.00000,4.95121
534F4C31,7689,58560335,0,2994,2805,189,0.00000,4.87385
534F4C31,7689,58565724,0,3002,2806,196,0.00000,5.05436
534F4C31,7689,58569195,0,2999,2809,190,0.00000,4.89963
534F4C31,7689,58571438,0,2990,2807,183,0.00000,4.71912
534F4C31,7689,58574412,0,2999,2807,192,0.00000,4.95121
534F4C31,7689,58576661,0,2995,2806,189,0.00000,4.87385
534F4C31,7689,58578828,0,2997,2807,190,0.00000,4.89963
534F4C31,7689,58581092,0,2996,2805,191,0.00000,4.92542
534F4C31,7689,58583284,0,2997,2807,190,0.00000,4.89963
534F4C31,7689,58585445,0,2995,2806,189,0.00000,4.87385
534F4C31,7690,58587501,0,2996,2808,188,0.00000,4.84806
534F4C31,7691,58591436,0,2998,2809,189,0.00000,4.87385
534F4C31,7692,58595863,0,2995,2807,188,0.00000,4.84806
534F4C31,7693,58601652,0,2996,2805,191,0.00000,4.92542
534F4C31,7693,58605949,0,2996,2808,188,0.00000,4.84806
534F4C31,7693,58610755,0,2995,2806,189,0.00000,4.87385
534F4C31,7693,58612970,0,2993,2805,188,0.00000,4.84806
534F4C31,7693,58615084,0,2999,2805,194,0.00000,5.00278
534F4C31,7694,58618179,0,2996,2804,192,0.00000,4.95121
534F4C31,7695,58622313,0,2999,2804,195,0.00000,5.02857
534F4C31,7695,58625687,0,2997,2805,192,0.00000,4.95121
534F4C31,7695,58630067,0,2993,2806,187,0.00000,4.82227
534F4C31,7695,58633431,0,2994,2806,188,0.00000,4.84806
534F4C31,7695,58635875,0,2993,2803,190,0.00000,4.89963
534F4C31,7695,58638049,0,2996,2808,188,0.00000,4.84806
534F4C31,7695,58641202,0,2995,2804,191,0.00000,4.92542
534F4C31,7695,58643437,0,2994,2805,189,0.00000,4.87385
534F4C31,7695,58645677,0,2993,2804,189,0.00000,4.87385
534F4C31,7695,58647871,0,2997,2806,191,0.00000,4.92542
534F4C31,7696,58649910,0,2997,2806,191,0.00000,4.92542
534F4C31,7697,58654774,0,2995,2806,189,0.00000,4.87385
534F4C31,7698,58660680,0,2995,2808,187,0.00000,4.82227
534F4C31,7698,58664525,0,2998,2808,190,0.00000,4.89963
534F4C31,7698,58667791,0,2996,2807,189,0.00000,4.87385
534F4C31,7698,58670595,0,2997,2804,193,0.00000,4.97700
534F4C31,7698,58673555,0,2990,2806,184,0.00000,4.74491
534F4C31,7699,58675767,0,2996,2807,189,0.00000,4.87385
534F4C31,7700,58680619,0,3001,2807,194,0.00000,5.00278
534F4C31,7701,58684315,0,2998,2806,192,0.00000,4.95121
534F4C31,7702,58690215,0,2992,2807,185,0.00000,4.77070
534F4C31,7702,58695517,0,2998,2807,191,0.00000,4.92542
534F4C31,7702,58698034,0,2997,2808,189,0.00000,4.87385
534F4C31,7702,58700715,0,2996,2806,190,0.00000,4.89963
534F4C31,7702,58703635,0,2998,2807,191,0.00000,4.92542
534F4C31,7702,58705840,0,2998,2807,191,0.00000,4.92542
534F4C31,7702,58708178,0,2995,2807,188,0.00000,4.84806
534F4C31,7702,58710443,0,2992,2808,184,0.00000,4.74491
534F4C31,7702,58712690,0,2990,2806,184,0.00000,4.74491
534F4C31,7702,58714784,0,2997,2807,190,0.00000,4.89963
534F4C31,7702,58716898,0,2995,2806,189,0.00000,4.87385
534F4C31,7702,58718960,0,2992,2805,187,0.00000,4.82227
534F4C31,7703,58721352,0,2998,2806,192,0.00000,4.95121
534F4C31,7704,58725866,0,2996,2806,190,0.00000,4.89963
534F4C31,7705,58732278,0,2995,2807,188,0.00000,4.84806
534F4C31,7705,58736541,0,2999,2808,191,0.00000,4.92542
534F4C31,7705,58740033,0,2997,2805,192,0.00000,4.95121
534F4C31,7705,58744304,0,2996,2807,189,0.00000,4.87385
534F4C31,7705,58746743,0,2994,2808,186,0.00000,4.79648
534F4C31,7706,58748832,0,2999,2809,190,0.00000,4.89963
534F4C31,7706,58753927,0,2996,2807,189,0.00000,4.87385
534F4C31,7706,58757618,0,2996,2805,191,0.00000,4.92542
534F4C31,7706,58759702,0,3000,2806,194,0.00000,5.00278
534F4C31,7707,58761965,0,2997,2808,189,0.00000,4.87385
534F4C31,7707,58767303,0,2996,2806,190,0.00000,4.89963
534F4C31,7707,58770586,0,3001,2805,196,0.00000,5.05436
534F4C31,7707,58772953,0,2998,2809,189,0.00000,4.87385
534F4C31,7707,58775854,0,2999,2806,193,0.00000,4.97700
534F4C31,7708,58778891,0,2996,2808,188,0.00000,4.84806
534F4C31,7708,58781844,0,2998,2807,191,0.00000,4.92542
534F4C31,7708,58785388,0,2997,2808,189,0.00000,4.87385
534F4C31,7708,58787661,0,2995,2807,188,0.00000,4.84806
534F4C31,7709,58790915,0,2998,2809,189,0.00000,4.87385
534F4C31,7710,58795772,0,2995,2807,188,0.00000,4.84806
534F4C31,7711,58800126,0,2999,2806,193,0.00000,4.97700
534F4C31,7711,58805633,0,2995,2806,189,0.00000,4.87385
534F4C31,7711,58808507,0,3003,2805,198,0.00000,5.10593
534F4C31,7711,58811324,0,2999,2806,193,0.00000,4.97700
534F4C31,7711,58813617,0,2998,2807,191,0.00000,4.92542
534F4C31,7711,58815653,0,2995,2807,188,0.00000,4.84806
534F4C31,7711,58817870,0,2998,2804,194,0.00000,5.00278
534F4C31,7712,58820077,0,2997,2805,192,0.00000,4.95121
534F4C31,7713,58824427,0,2997,2810,187,0.00000,4.82227
534F4C31,7714,58828287,0,3001,2806,195,0.00000,5.02857
534F4C31,7714,58834390,0,2995,2805,190,0.00000,4.89963
534F4C31,7714,58836621,0,3001,2807,194,0.00000,5.00278
534F4C31,7714,58839387,0,2992,2806,186,0.00000,4.79648
534F4C31,7714,58841714,0,2994,2807,187,0.00000,4.82227
534F4C31,7714,58843920,0,2998,2807,191,0.00000,4.92542
534F4C31,7714,58846168,0,3000,2805,195,0.00000,5.02857
534F4C31,7715,58848246,0,3000,2809,191,0.00000,4.92542
534F4C31,7716,58851620,0,2996,2810,186,0.00000,4.79648
534F4C31,7717,58855347,0,2998,2806,192,0.00000,4.95121
534F4C31,7718,58859773,0,3000,2808,192,0.00000,4.95121
534F4C31,7718,58865020,0,2998,2808,190,0.00000,4.89963
534F4C31,7718,58867409,0,3001,2809,192,0.00000,4.95121
534F4C31,7719,58872303,0,2995,2801,194,0.00000,5.00278
534F4C31,7719,58875767,0,3000,2804,196,0.00000,5.05436
534F4C31,7719,58879033,0,2997,2802,195,0.00000,5.02857
534F4C31,7720,58882763,0,3000,2803,197,0.00000,5.08015
534F4C31,7721,58887232,0,2999,2800,199,0.00000,5.13172
534F4C31,7721,58892819,0,2993,2800,193,0.00000,4.97700
534F4C31,7721,58895759,0,2996,2803,193,0.00000,4.97700
534F4C31,7721,58898797,0,2995,2803,192,0.00000,4.95121
534F4C31,7721,58901013,0,2992,2805,187,0.00000,4.82227
534F4C31,7721,58903104,0,3000,2804,196,0.00000,5.05436
534F4C31,7721,58905328,0,2999,2803,196,0.00000,5.05436
534F4C31,7721,58907539,0,3000,2802,198,0.00000,5.10593
534F4C31,7721,58909780,0,2998,2805,193,0.00000,4.97700
534F4C31,7721,58911882,0,2996,2803,193,0.00000,4.97700
534F4C31,7721,58913964,0,2995,2801,194,0.00000,5.00278
534F4C31,7721,58916170,0,3001,2803,198,0.00000,5.10593
534F4C31,7722,58918279,0,2998,2800,198,0.00000,5.10593
534F4C31,7723,58922869,0,2995,2802,193,0.00000,4.97700
534F4C31,7724,58926592,0,3000,2803,197,0.00000,5.08015
534F4C31,7725,58932602,0,2994,2800,194,0.00000,5.00278
534F4C31,7725,58937670,0,2994,2802,192,0.00000,4.95121
534F4C31,7725,58940696,0,2993,2800,193,0.00000,4.97700
534F4C31,7725,58943008,0,2997,2802,195,0.00000,5.02857
534F4C31,7725,58946490,0,2996,2801,195,0.00000,5.02857
534F4C31,7726,58948722,0,2998,2802,196,0.00000,5.05436
534F4C31,7727,58954410,0,2998,2801,197,0.00000,5.08015
534F4C31,7727,58959685,0,2999,2800,199,0.00000,5.13172
534F4C31,7727,58963894,0,2996,2801,195,0.00000,5.02857
534F4C31,7727,58965970,0,2995,2805,190,0.00000,4.89963
534F4C31,7727,58968903,0,2993,2802,191,0.00000,4.92542
534F4C31,7727,58971177,0,2995,2802,193,0.00000,4.97700
534F4C31,7727,58973337,0,2997,2800,197,0.00000,5.08015
534F4C31,7727,58975910,0,2997,2803,194,0.00000,5.00278
534F4C31,7727,58978134,0,2997,2805,192,0.00000,4.95121
534F4C31,7727,58980265,0,3002,2804,198,0.00000,5.10593
534F4C31,7727,58982486,0,2997,2804,193,0.00000,4.97700
534F4C31,7728,58984765,0,2998,2804,194,0.00000,5.00278
534F4C31,7729,58989073,0,2998,2804,194,0.00000,5.00278
534F4C31,7730,58994751,0,2999,2804,195,0.00000,5.02857
534F4C31,7731,58999282,0,2995,2802,193,0.00000,4.97700
534F4C31,7731,59005239,0,2998,2804,194,0.00000,5.00278
534F4C31,7731,59007866,0,2999,2804,195,0.00000,5.02857
534F4C31,7731,59010802,0,3000,2803,197,0.00000,5.08015
534F4C31,7732,59013699,0,2995,2801,194,0.00000,5.00278
534F4C31,7733,59017594,0,2998,2801,197,0.00000,5.08015
534F4C31,7734,59020382,0,2997,2801,196,0.00000,5.05436
534F4C31,7734,59027005,0,2997,2804,193,0.00000,4.97700
534F4C31,7734,59030158,0,2996,2803,193,0.00000,4.97700
534F4C31,7734,59032439,0,2997,2803,194,0.00000,5.00278
534F4C31,7734,59036740,0,2995,2804,191,0.00000,4.92542
534F4C31,7734,59039781,0,2996,2799,197,0.00000,5.08015
534F4C31,7734,59042028,0,2994,2801,193,0.00000,4.97700
534F4C31,7734,59044609,0,2996,2798,198,0.00000,5.10593
534F4C31,7734,59047123,0,3000,2800,200,0.00000,5.15751
534F4C31,7734,59049498,0,2996,2801,195,0.00000,5.02857
534F4C31,7734,59051603,0,2995,2800,195,0.00000,5.02857
534F4C31,7734,59053631,0,2999,2797,202,0.00000,5.20908
534F4C31,7735,59055792,0,2993,2798,195,0.00000,5.02857
534F4C31,7736,59060313,0,2993,2802,191,0.00000,4.92542
534F4C31,7737,59064510,0,2996,2797,199,0.00000,5.13172
534F4C31,7738,59070602,0,2996,2798,198,0.00000,5.10593
534F4C31,7738,59074329,0,2992,2798,194,0.00000,5.00278
534F4C31,7738,59079205,0,2994,2800,194,0.00000,5.00278
534F4C31,7738,59083433,0,2997,2801,196,0.00000,5.05436
534F4C31,7738,59086319,0,2996,2801,195,0.00000,5.02857
534F4C31,7739,59089298,0,2994,2798,196,0.00000,5.05436
534F4C31,7740,59093510,0,2995,2798,197,0.00000,5.08015
534F4C31,7740,59096161,0,2998,2795,203,0.00000,5.23487
534F4C31,7740,59100801,0,2998,2797,201,0.00000,5.18330
534F4C31,7740,59103448,0,2996,2799,197,0.00000,5.08015
534F4C31,7740,59106403,0,3000,2800,200,0.00000,5.15751
534F4C31,7740,59109290,0,2996,2800,196,0.00000,5.05436
534F4C31,7740,59111590,0,2995,2801,194,0.00000,5.00278
534F4C31,7740,59113775,0,2994,2801,193,0.00000,4.97700
534F4C31,7740,59116022,0,2997,2799,198,0.00000,5.10593
534F4C31,7741,59118179,0,2995,2800,195,0.00000,5.02857
534F4C31,7742,59121121,0,2994,2797,197,0.00000,5.08015
534F4C31,7743,59125448,0,2995,2801,194,0.00000,5.00278
534F4C31,7744,59132431,0,2994,2800,194,0.00000,5.00278
534F4C31,7744,59137392,0,2997,2801,196,0.00000,5.05436
534F4C31,7745,59140225,0,2995,2798,197,0.00000,5.08015
534F4C31,7746,59143907,0,3000,2796,204,0.00000,5.26066
534F4C31,7747,59149001,0,2997,2799,198,0.00000,5.10593
534F4C31,7747,59153813,0,2997,2797,200,0.00000,5.15751
534F4C31,7747,59157340,0,2997,2799,198,0.00000,5.10593
534F4C31,7748,59160093,0,2992,2801,191,0.00000,4.92542
534F4C31,7749,59163880,0,2994,2800,194,0.00000,5.00278
534F4C31,7749,59168163,0,2994,2797,197,0.00000,5.08015
534F4C31,7749,59171220,0,2998,2796,202,0.00000,5.20908
534F4C31,7749,59175759,0,2998,2798,200,0.00000,5.15751
534F4C31,7749,59178057,0,2993,2799,194,0.00000,5.00278
534F4C31,7749,59181310,0,2992,2798,194,0.00000,5.00278
534F4C31,7749,59183739,0,2994,2799,195,0.00000,5.02857
534F4C31,7749,59185980,0,2997,2797,200,0.00000,5.15751
534F4C31,7749,59188089,0,2993,2795,198,0.00000,5.10593
534F4C31,7749,59190265,0,2993,2797,196,0.00000,5.05436
534F4C31,7749,59192275,0,2996,2795,201,0.00000,5.18330
534F4C31,7749,59194483,0,2996,2798,198,0.00000,5.10593
534F4C31,7749,59196702,0,2995,2797,198,0.00000,5.10593
534F4C31,7749,59198869,0,2993,2796,197,0.00000,5.08015
534F4C31,7749,59201010,0,2996,2795,201,0.00000,5.18330
534F4C31,7749,59203136,0,2995,2800,195,0.00000,5.02857
534F4C31,7749,59205238,0,2995,2799,196,0.00000,5.05436
534F4C31,7750,59207642,0,2996,2799,197,0.00000,5.08015
534F4C31,7751,59211974,0,2993,2795,198,0.00000,5.10593
534F4C31,7752,59215680,0,2995,2799,196,0.00000,5.05436
534F4C31,7753,59222198,0,2999,2798,201,0.00000,5.18330
534F4C31,7753,59227491,0,2996,2799,197,0.00000,5.08015
534F4C31,7754,59230136,0,2994,2796,198,0.00000,5.10593
534F4C31,7754,59236137,0,2998,2797,201,0.00000,5.18330
534F4C31,7754,59238616,0,2995,2795,200,0.00000,5.15751
534F4C31,7755,59240859,0,2988,2799,189,0.00000,4.87385
534F4C31,7756,59244323,0,2993,2797,196,0.00000,5.05436
534F4C31,7756,59249158,0,2993,2798,195,0.00000,5.02857
534F4C31,7756,59252687,0,2994,2798,196,0.00000,5.05436
534F4C31,7756,59255152,0,2995,2802,193,0.00000,4.97700
534F4C31,7756,59259529,0,2994,2795,199,0.00000,5.13172
534F4C31,7756,59261837,0,2991,2798,193,0.00000,4.97700
534F4C31,7756,59264636,0,2994,2794,200,0.00000,5.15751
534F4C31,7756,59267035,0,2994,2796,198,0.00000,5.10593
534F4C31,7756,59269301,0,2996,2799,197,0.00000,5.08015
534F4C31,7756,59271582,0,2996,2796,200,0.00000,5.15751
534F4C31,7756,59273778,0,2994,2795,199,0.00000,5.13172
534F4C31,7756,59275957,0,2992,2798,194,0.00000,5.00278
534F4C31,7757,59278041,0,2992,2798,194,0.00000,5.00278
534F4C31,7758,59282555,0,2997,2797,200,0.00000,5.15751
534F4C31,7759,59286485,0,2994,2797,197,0.00000,5.08015
534F4C31,7760,59291960,0,2996,2797,199,0.00000,5.13172
534F4C31,7760,59296792,0,2994,2795,199,0.00000,5.13172
534F4C31,7760,59300609,0,2991,2798,193,0.00000,4.97700
534F4C31,7761,59304100,0,2995,2798,197,0.00000,5.08015
534F4C31,7761,59307850,0,2996,2796,200,0.00000,5.15751
534F4C31,7761,59311395,0,2992,2796,196,0.00000,5.05436
534F4C31,7762,59314757,0,2996,2796,200,0.00000,5.15751
534F4C31,7763,59319197,0,2995,2798,197,0.00000,5.08015
534F4C31,7763,59324520,0,2992,2797,195,0.00000,5.02857
534F4C31,7763,59327402,0,2993,2797,196,0.00000,5.05436
534F4C31,7764,59330603,0,2995,2799,196,0.00000,5.05436
534F4C31,7765,59335379,0,2997,2797,200,0.00000,5.15751
534F4C31,7765,59339177,0,2996,2797,199,0.00000,5.13172
534F4C31,7765,59343860,0,2997,2799,198,0.00000,5.10593
534F4C31,7765,59346601,0,2997,2797,200,0.00000,5.15751
534F4C31,7765,59348728,0,2998,2796,202,0.00000,5.20908
534F4C31,7765,59351539,0,2997,2798,199,0.00000,5.13172
534F4C31,7765,59354211,0,2992,2799,193,0.00000,4.97700
534F4C31,7765,59356285,0,2996,2800,196,0.00000,5.05436
534F4C31,7765,59358489,0,2993,2797,196,0.00000,5.05436
534F4C31,7766,59360709,0,2999,2796,203,0.00000,5.23487
534F4C31,7766,59365169,0,2993,2798,195,0.00000,5.02857
534F4C31,7766,59367398,0,2997,2798,199,0.00000,5.13172
534F4C31,7766,59370271,0,2997,2798,199,0.00000,5.13172
534F4C31,7766,59372977,0,2998,2800,198,0.00000,5.10593
534F4C31,7766,59375032,0,2995,2795,200,0.00000,5.15751
534F4C31,7766,59377159,0,2997,2798,199,0.00000,5.13172
534F4C31,7766,59379480,0,2995,2800,195,0.00000,5.02857
534F4C31,7767,59381709,0,2994,2797,197,0.00000,5.08015
534F4C31,7768,59386589,0,2997,2802,195,0.00000,5.02857
534F4C31,7769,59392568,0,2998,2797,201,0.00000,5.18330
534F4C31,7769,59396952,0,2994,2797,197,0.00000,5.08015
534F4C31,7769,59399151,0,2994,2797,197,0.00000,5.08015
534F4C31,7770,59402824,0,2994,2797,197,0.00000,5.08015
534F4C31,7770,59407255,0,2999,2799,200,0.00000,5.15751
534F4C31,7770,59409440,0,2994,2798,196,0.00000,5.05436
534F4C31,7771,59412415,0,2997,2799,198,0.00000,5.10593
534F4C31,7771,59417612,0,3001,2798,203,0.00000,5.23487
534F4C31,7771,59419965,0,2998,2797,201,0.00000,5.18330
534F4C31,7772,59423647,0,2995,2798,197,0.00000,5.08015
534F4C31,7772,59428556,0,2998,2800,198,0.00000,5.10593
534F4C31,7772,59430832,0,2997,2801,196,0.00000,5.05436
534F4C31,7772,59434016,0,2996,2799,197,0.00000,5.08015
534F4C31,7772,59436476,0,2995,2798,197,0.00000,5.08015
534F4C31,7772,59438713,0,2999,2797,202,0.00000,5.20908
534F4C31,7772,59440843,0,2997,2799,198,0.00000,5.10593
534F4C31,7773,59442917,0,2996,2800,196,0.00000,5.05436
534F4C31,7774,59445853,0,2996,2799,197,0.00000,5.08015
534F4C31,7775,59450776,0,2994,2798,196,0.00000,5.05436
534F4C31,7776,59457095,0,2997,2800,197,0.00000,5.08015
534F4C31,7776,59462090,0,2995,2800,195,0.00000,5.02857
534F4C31,7776,59465413,0,2999,2800,199,0.00000,5.13172
534F4C31,7776,59467560,0,2996,2798,198,0.00000,5.10593
534F4C31,7776,59470989,0,2996,2801,195,0.00000,5.02857
534F4C31,7776,59473200,0,2993,2797,196,0.00000,5.05436
534F4C31,7776,59475291,0,2996,2799,197,0.00000,5.08015
534F4C31,7776,59477366,0,3000,2803,197,0.00000,5.08015
534F4C31,7776,59479549,0,2994,2800,194,0.00000,5.00278
534F4C31,7776,59481786,0,2998,2801,197,0.00000,5.08015
534F4C31,7777,59483855,0,2994,2799,195,0.00000,5.02857
534F4C31,7778,59488829,0,2997,2799,198,0.00000,5.10593
534F4C31,7779,59494401,0,2997,2799,198,0.00000,5.10593
534F4C31,7779,59498822,0,2997,2795,202,0.00000,5.20908
534F4C31,7780,59502930,0,2996,2797,199,0.00000,5.13172
534F4C31,7780,59506888,0,2998,2796,202,0.00000,5.20908
534F4C31,7780,59510919,0,2998,2801,197,0.00000,5.08015
534F4C31,7780,59514426,0,2997,2797,200,0.00000,5.15751
534F4C31,7781,59516758,0,2995,2803,192,0.00000,4.95121
534F4C31,7782,59521311,0,2994,2800,194,0.00000,5.00278
534F4C31,7782,59523618,0,2996,2802,194,0.00000,5.00278
534F4C31,7782,59529559,0,2992,2800,192,0.00000,4.95121
534F4C31,7782,59532575,0,3000,2800,200,0.00000,5.15751
534F4C31,7782,59535495,0,2995,2798,197,0.00000,5.08015
534F4C31,7782,59537838,0,2997,2798,199,0.00000,5.13172
534F4C31,7782,59540757,0,2998,2798,200,0.00000,5.15751
534F4C31,7782,59542923,0,2997,2799,198,0.00000,5.10593
534F4C31,7782,59545063,0,2993,2799,194,0.00000,5.00278
534F4C31,7783,59547158,0,2994,2797,197,0.00000,5.08015
534F4C31,7784,59552032,0,2998,2801,197,0.00000,5.08015
534F4C31,7785,59556380,0,2993,2799,194,0.00000,5.00278
534F4C31,7785,59562241,0,2995,2800,195,0.00000,5.02857
534F4C31,7785,59564731,0,2995,2796,199,0.00000,5.13172
534F4C31,7786,59568659,0,2998,2797,201,0.00000,5.18330
534F4C31,7787,59574230,0,2997,2798,199,0.00000,5.13172
534F4C31,7787,59578262,0,2993,2798,195,0.00000,5.02857
534F4C31,7787,59581905,0,2996,2799,197,0.00000,5.08015
534F4C31,7787,59585070,0,2998,2796,202,0.00000,5.20908
534F4C31,7787,59587095,0,2996,2798,198,0.00000,5.10593
534F4C31,7787,59590246,0,2996,2800,196,0.00000,5.05436
534F4C31,7787,59592890,0,2997,2798,199,0.00000,5.13172
534F4C31,7787,59594968,0,2996,2802,194,0.00000,5.00278
534F4C31,7787,59597097,0,2991,2797,194,0.00000,5.00278
534F4C31,7788,59599346,0,2991,2798,193,0.00000,4.97700
534F4C31,7789,59603869,0,2994,2800,194,0.00000,5.00278
534F4C31,7790,59607763,0,2998,2797,201,0.00000,5.18330
534F4C31,7791,59613688,0,2997,2797,200,0.00000,5.15751
534F4C31,7791,59618032,0,2996,2798,198,0.00000,5.10593
534F4C31,7791,59621971,0,2991,2800,191,0.00000,4.92542
534F4C31,7791,59624772,0,2998,2799,199,0.00000,5.13172
534F4C31,7791,59627189,0,2995,2797,198,0.00000,5.10593
534F4C31,7792,59629993,0,2992,2798,194,0.00000,5.00278
534F4C31,7793,59634150,0,2997,2798,199,0.00000,5.13172
534F4C31,7794,59637670,0,2995,2799,196,0.00000,5.05436
534F4C31,7794,59644052,0,2996,2799,197,0.00000,5.08015
534F4C31,7794,59646909,0,2996,2798,198,0.00000,5.10593
534F4C31,7794,59649206,0,2995,2796,199,0.00000,5.13172
534F4C31,7794,59652208,0,2994,2798,196,0.00000,5.05436
534F4C31,7794,59654413,0,2995,2796,199,0.00000,5.13172
534F4C31,7794,59656568,0,2995,2796,199,0.00000,5.13172
534F4C31,7794,59658829,0,2995,2797,198,0.00000,5.10593
534F4C31,7794,59661061,0,2996,2797,199,0.00000,5.13172
534F4C31,7795,59663146,0,2997,2799,198,0.00000,5.10593
534F4C31,7796,59667146,0,2998,2796,202,0.00000,5.20908
534F4C31,7797,59670909,0,2999,2798,201,0.00000,5.18330
534F4C31,7798,59675374,0,2996,2797,199,0.00000,5.13172
534F4C31,7798,59681327,0,2996,2795,201,0.00000,5.18330
534F4C31,7798,59683624,0,2994,2799,195,0.00000,5.02857
534F4C31,7798,59685738,0,2994,2798,196,0.00000,5.05436
534F4C31,7798,59687939,0,2998,2799,199,0.00000,5.13172
534F4C31,7799,59692127,0,2996,2798,198,0.00000,5.10593
534F4C31,7799,59696509,0,2999,2798,201,0.00000,5.18330
534F4C31,7799,59698731,0,3000,2796,204,0.00000,5.26066
534F4C31,7800,59701725,0,2996,2798,198,0.00000,5.10593
534F4C31,7801,59706467,0,2996,2796,200,0.00000,5.15751
534F4C31,7802,59711329,0,2995,2795,200,0.00000,5.15751
534F4C31,7803,59716690,0,3001,2798,203,0.00000,5.23487
534F4C31,7803,59721257,0,2998,2799,199,0.00000,5.13172
534F4C31,7803,59725213,0,2998,2798,200,0.00000,5.15751
534F4C31,7803,59728125,0,2994,2796,198,0.00000,5.10593
534F4C31,7803,59730595,0,2997,2802,195,0.00000,5.02857
534F4C31,7803,59732673,0,3002,2797,205,0.00000,5.28645
534F4C31,7803,59734931,0,2999,2798,201,0.00000,5.18330
534F4C31,7803,59737261,0,2994,2797,197,0.00000,5.08015
534F4C31,7803,59739432,0,3003,2797,206,0.00000,5.31223
534F4C31,7803,59741585,0,2995,2797,198,0.00000,5.10593
534F4C31,7803,59743783,0,2994,2798,196,0.00000,5.05436
534F4C31,7803,59746087,0,2997,2797,200,0.00000,5.15751
534F4C31,7803,59748267,0,2995,2798,197,0.00000,5.08015
534F4C31,7803,59750482,0,2998,2797,201,0.00000,5.18330
534F4C31,7803,59752552,0,2995,2797,198,0.00000,5.10593
534F4C31,7803,59756161,0,2998,2795,203,0.00000,5.23487
534F4C31,7804,59758382,0,2996,2797,199,0.00000,5.13172
534F4C31,7805,59763572,0,2995,2800,195,0.00000,5.02857
534F4C31,7806,59769678,0,2995,2796,199,0.00000,5.13172
534F4C31,7807,59773558,0,2999,2797,202,0.00000,5.20908
534F4C31,7807,59778939,0,2993,2796,197,0.00000,5.08015
534F4C31,7807,59781741,0,2994,2795,199,0.00000,5.13172
534F4C31,7807,59784781,0,2994,2796,198,0.00000,5.10593
534F4C31,7807,59788617,0,2995,2799,196,0.00000,5.05436
534F4C31,7807,59790874,0,2991,2797,194,0.00000,5.00278
534F4C31,7807,59793296,0,2997,2796,201,0.00000,5.18330
534F4C31,7807,59796622,0,3001,2800,201,0.00000,5.18330
534F4C31,7807,59798920,0,2996,2800,196,0.00000,5.05436
534F4C31,7807,59801245,0,2994,2799,195,0.00000,5.02857
534F4C31,7808,59803487,0,2996,2799,197,0.00000,5.08015
534F4C31,7808,59807986,0,2994,2798,196,0.00000,5.05436
534F4C31,7808,59810318,0,2998,2797,201,0.00000,5.18330
534F4C31,7809,59812515,0,2994,2797,197,0.00000,5.08015
534F4C31,7810,59815834,0,2993,2796,197,0.00000,5.08015
534F4C31,7811,59820559,0,2997,2796,201,0.00000,5.18330
534F4C31,7812,59824674,0,2995,2800,195,0.00000,5.02857
534F4C31,7813,59828260,0,2995,2798,197,0.00000,5.08015
534F4C31,7814,59832240,0,2992,2797,195,0.00000,5.02857
534F4C31,7815,59836031,0,2992,2799,193,0.00000,4.97700
534F4C31,7816,59839612,0,2997,2796,201,0.00000,5.18330
534F4C31,7817,59842808,0,2991,2798,193,0.00000,4.97700
534F4C31,7818,59846223,0,2992,2797,195,0.00000,5.02857
534F4C31,7819,59849314,0,2991,2797,194,0.00000,5.00278
534F4C31,7820,59853030,0,2996,2797,199,0.00000,5.13172
534F4C31,7821,59856922,0,2997,2797,200,0.00000,5.15751
534F4C31,7822,59860736,0,2997,2798,199,0.00000,5.13172
534F4C31,7823,59864453,0,3002,2798,204,0.00000,5.26066
534F4C31,7824,59868269,0,2994,2798,196,0.00000,5.05436
534F4C31,7825,59871861,0,2995,2798,197,0.00000,5.08015
534F4C31,7826,59875504,0,2992,2798,194,0.00000,5.00278
534F4C31,7827,59879052,0,2998,2798,200,0.00000,5.15751
534F4C31,7828,59882383,0,2999,2796,203,0.00000,5.23487
534F4C31,7829,59886150,0,2995,2796,199,0.00000,5.13172
534F4C31,7829,59891580,0,2993,2794,199,0.00000,5.13172
534F4C31,7830,59894965,0,2995,2798,197,0.00000,5.08015
534F4C31,7831,59902146,0,2994,2799,195,0.00000,5.02857
534F4C31,7832,59906018,0,2992,2797,195,0.00000,5.02857
534F4C31,7832,59912276,0,2994,2797,197,0.00000,5.08015
534F4C31,7832,59914787,0,2991,2797,194,0.00000,5.00278
534F4C31,7832,59917626,0,2993,2797,196,0.00000,5.05436
534F4C31,7832,59920122,0,2998,2796,202,0.00000,5.20908
534F4C31,7833,59922325,0,2994,2797,197,0.00000,5.08015
534F4C31,7833,59926985,0,2995,2798,197,0.00000,5.08015
534F4C31,7833,59929209,0,2993,2798,195,0.00000,5.02857
534F4C31,7833,59932141,0,2993,2796,197,0.00000,5.08015
534F4C31,7833,59934666,0,2997,2795,202,0.00000,5.20908
534F4C31,7833,59936792,0,2994,2796,198,0.00000,5.10593
534F4C31,7833,59938907,0,2993,2800,193,0.00000,4.97700
534F4C31,7833,59940898,0,2995,2799,196,0.00000,5.05436
534F4C31,7833,59943042,0,2993,2796,197,0.00000,5.08015
534F4C31,7833,59945133,0,3000,2796,204,0.00000,5.26066
534F4C31,7833,59947336,0,2988,2799,189,0.00000,4.87385
534F4C31,7833,59949571,0,2995,2801,194,0.00000,5.00278
534F4C31,7833,59951689,0,2992,2798,194,0.00000,5.00278
534F4C31,7833,59953834,0,2994,2798,196,0.00000,5.05436
534F4C31,7833,59955890,0,3001,2796,205,0.00000,5.28645
534F4C31,7833,59957941,0,2997,2795,202,0.00000,5.20908
534F4C31,7833,59960080,0,2996,2796,200,0.00000,5.15751
534F4C31,7833,59962291,0,2992,2800,192,0.00000,4.95121
534F4C31,7833,59964494,0,2993,2800,193,0.00000,4.97700
534F4C31,7833,59966702,0,2994,2798,196,0.00000,5.05436
534F4C31,7833,59968817,0,2995,2799,196,0.00000,5.05436
534F4C31,7833,59970899,0,2994,2799,195,0.00000,5.02857
534F4C31,7833,59972911,0,2990,2797,193,0.00000,4.97700
534F4C31,7833,59975047,0,2992,2799,193,0.00000,4.97700
534F4C31,7833,59977077,0,2997,2799,198,0.00000,5.10593
534F4C31,7833,59979266,0,2995,2799,196,0.00000,5.05436
534F4C31,7833,59981470,0,2993,2797,196,0.00000,5.05436
534F4C31,7833,59983550,0,2996,2799,197,0.00000,5.08015
534F4C31,7833,59985680,0,2991,2799,192,0.00000,4.95121
534F4C31,7833,59987785,0,2996,2801,195,0.00000,5.02857
534F4C31,7833,59989864,0,2996,2800,196,0.00000,5.05436
534F4C31,7833,59992022,0,2994,2796,198,0.00000,5.10593
534F4C31,7833,59994236,0,2988,2794,194,0.00000,5.00278
534F4C31,7833,59996384,0,2996,2799,197,0.00000,5.08015
534F4C31,7833,59998775,0,2996,2798,198,0.00000,5.10593
534F4C31,7833,60000908,0,2993,2797,196,0.00000,5.05436
534F4C31,7833,60003213,0,2998,2798,200,0.00000,5.15751
534F4C31,7833,60006872,0,2992,2797,195,0.00000,5.02857
534F4C31,7833,60009146,0,2994,2796,198,0.00000,5.10593
534F4C31,7833,60011351,0,2996,2798,198,0.00000,5.10593
534F4C31,7833,60014091,0,2995,2799,196,0.00000,5.05436
534F4C31,7833,60016368,0,2994,2798,196,0.00000,5.05436
534F4C31,7834,60018477,0,2997,2800,197,0.00000,5.08015
534F4C31,7834,60023001,0,2993,2798,195,0.00000,5.02857
534F4C31,7834,60025260,0,2995,2797,198,0.00000,5.10593
534F4C31,7834,60027344,0,2999,2801,198,0.00000,5.10593
534F4C31,7834,60030422,0,2999,2798,201,0.00000,5.18330
534F4C31,7834,60033102,0,3000,2796,204,0.00000,5.26066
534F4C31,7834,60035386,0,2994,2797,197,0.00000,5.08015
534F4C31,7834,60037593,0,2999,2799,200,0.00000,5.15751
534F4C31,7834,60039733,0,2994,2796,198,0.00000,5.10593
534F4C31,7834,60041863,0,2998,2799,199,0.00000,5.13172
534F4C31,7834,60043949,0,2996,2798,198,0.00000,5.10593
534F4C31,7834,60046128,0,2994,2797,197,0.00000,5.08015
534F4C31,7835,60048400,0,2996,2798,198,0.00000,5.10593
534F4C31,7835,60052631,0,2995,2798,197,0.00000,5.08015
534F4C31,7835,60055106,0,2995,2798,197,0.00000,5.08015
534F4C31,7836,60057374,0,2996,2796,200,0.00000,5.15751
534F4C31,7836,60062211,0,2995,2798,197,0.00000,5.08015
534F4C31,7836,60065501,0,2999,2798,201,0.00000,5.18330
534F4C31,7836,60068278,0,2997,2801,196,0.00000,5.05436
534F4C31,7837,60071490,0,2998,2798,200,0.00000,5.15751
534F4C31,7837,60076343,0,2994,2798,196,0.00000,5.05436
534F4C31,7837,60078741,0,2998,2800,198,0.00000,5.10593
534F4C31,7838,60080831,0,2992,2796,196,0.00000,5.05436
534F4C31,7839,60087126,0,2995,2797,198,0.00000,5.10593
534F4C31,7839,60091842,0,2995,2798,197,0.00000,5.08015
534F4C31,7840,60095911,0,2997,2795,202,0.00000,5.20908
534F4C31,7841,60099045,0,2996,2798,198,0.00000,5.10593
534F4C31,7842,60107476,0,2993,2799,194,0.00000,5.00278
534F4C31,7842,60114144,0,2996,2799,197,0.00000,5.08015
534F4C31,7842,60116633,0,2995,2798,197,0.00000,5.08015
534F4C31,7843,60119970,0,3000,2801,199,0.00000,5.13172
534F4C31,7844,60125032,0,2995,2796,199,0.00000,5.13172
534F4C31,7844,60127244,0,3000,2799,201,0.00000,5.18330
534F4C31,7844,60132337,0,2994,2800,194,0.00000,5.00278
534F4C31,7844,60135599,0,2993,2799,194,0.00000,5.00278
534F4C31,7844,60138594,0,2997,2801,196,0.00000,5.05436
534F4C31,7844,60140702,0,2995,2799,196,0.00000,5.05436
534F4C31,7844,60143631,0,2994,2798,196,0.00000,5.05436
534F4C31,7844,60145896,0,2997,2799,198,0.00000,5.10593
534F4C31,7844,60148018,0,2993,2800,193,0.00000,4.97700
534F4C31,7844,60150012,0,2993,2798,195,0.00000,5.02857
534F4C31,7844,60152216,0,2996,2798,198,0.00000,5.10593
534F4C31,7844,60154524,0,2993,2795,198,0.00000,5.10593
534F4C31,7845,60156597,0,2994,2800,194,0.00000,5.00278
534F4C31,7846,60161371,0,2997,2798,199,0.00000,5.13172
534F4C31,7847,60165039,0,2993,2800,193,0.00000,4.97700
534F4C31,7848,60171105,0,2994,2794,200,0.00000,5.15751
534F4C31,7848,60175948,0,2994,2795,199,0.00000,5.13172
534F4C31,7848,60178548,0,2998,2792,206,0.00000,5.31223
534F4C31,7848,60180667,0,2993,2792,201,0.00000,5.18330
534F4C31,7848,60182706,0,2994,2794,200,0.00000,5.15751
534F4C31,7848,60186088,0,2995,2794,201,0.00000,5.18330
534F4C31,7848,60188446,0,2992,2793,199,0.00000,5.13172
534F4C31,7848,60190578,0,2996,2796,200,0.00000,5.15751
534F4C31,7848,60192722,0,3002,2794,208,0.00000,5.36381
534F4C31,7849,60194706,0,2994,2794,200,0.00000,5.15751
534F4C31,7850,60197665,0,2994,2796,198,0.00000,5.10593
534F4C31,7851,60202375,0,2997,2795,202,0.00000,5.20908
534F4C31,7852,60209576,0,2999,2794,205,0.00000,5.28645
534F4C31,7853,60213696,0,2993,2795,198,0.00000,5.10593
534F4C31,7853,60219521,0,2998,2797,201,0.00000,5.18330
534F4C31,7853,60222444,0,2996,2796,200,0.00000,5.15751
534F4C31,7853,60225325,0,2998,2794,204,0.00000,5.26066
534F4C31,7853,60227429,0,2994,2796,198,0.00000,5.10593
534F4C31,7854,60230318,0,2996,2797,199,0.00000,5.13172
534F4C31,7854,60235347,0,2994,2796,198,0.00000,5.10593
534F4C31,7854,60237699,0,2996,2795,201,0.00000,5.18330
534F4C31,7854,60240454,0,2992,2793,199,0.00000,5.13172
534F4C31,7854,60243412,0,2995,2794,201,0.00000,5.18330
534F4C31,7854,60245582,0,2994,2794,200,0.00000,5.15751
534F4C31,7854,60247892,0,2997,2792,205,0.00000,5.28645
534F4C31,7854,60250192,0,2992,2793,199,0.00000,5.13172
534F4C31,7854,60252375,0,2995,2793,202,0.00000,5.20908
534F4C31,7855,60254487,0,2996,2796,200,0.00000,5.15751
534F4C31,7856,60258595,0,2993,2793,200,0.00000,5.15751
534F4C31,7857,60263383,0,2994,2794,200,0.00000,5.15751
534F4C31,7858,60268011,0,2994,2795,199,0.00000,5.13172
534F4C31,7858,60273695,0,2994,2796,198,0.00000,5.10593
534F4C31,7858,60276657,0,2995,2792,203,0.00000,5.23487
534F4C31,7858,60280525,0,2997,2793,204,0.00000,5.26066
534F4C31,7858,60282785,0,2993,2794,199,0.00000,5.13172
534F4C31,7858,60284964,0,2994,2792,202,0.00000,5.20908
534F4C31,7859,60288857,0,2998,2796,202,0.00000,5.20908
534F4C31,7859,60292658,0,2995,2796,199,0.00000,5.13172
534F4C31,7859,60294835,0,2996,2795,201,0.00000,5.18330
534F4C31,7859,60297536,0,3001,2794,207,0.00000,5.33802
534F4C31,7859,60300395,0,2992,2796,196,0.00000,5.05436
534F4C31,7860,60302665,0,2994,2793,201,0.00000,5.18330
534F4C31,7860,60307034,0,2999,2794,205,0.00000,5.28645
534F4C31,7860,60309534,0,2994,2794,200,0.00000,5.15751
534F4C31,7861,60312696,0,2998,2794,204,0.00000,5.26066
534F4C31,7861,60317446,0,2995,2795,200,0.00000,5.15751
534F4C31,7861,60319822,0,2994,2794,200,0.00000,5.15751
534F4C31,7862,60322910,0,2998,2796,202,0.00000,5.20908
534F4C31,7863,60326752,0,2994,2796,198,0.00000,5.10593
534F4C31,7864,60331163,0,2996,2794,202,0.00000,5.20908
534F4C31,7864,60337355,0,2995,2794,201,0.00000,5.18330
534F4C31,7864,60339551,0,2995,2793,202,0.00000,5.20908
534F4C31,7864,60343141,0,2998,2795,203,0.00000,5.23487
534F4C31,7864,60345617,0,2995,2794,201,0.00000,5.18330
534F4C31,7864,60347762,0,2996,2794,202,0.00000,5.20908
534F4C31,7864,60349841,0,2995,2793,202,0.00000,5.20908
534F4C31,7864,60351953,0,2993,2793,200,0.00000,5.15751
534F4C31,7865,60354305,0,2996,2795,201,0.00000,5.18330
534F4C31,7866,60359035,0,2993,2792,201,0.00000,5.18330
534F4C31,7867,60363543,0,2995,2798,197,0.00000,5.08015
534F4C31,7867,60368950,0,2999,2794,205,0.00000,5.28645
534F4C31,7867,60372781,0,2999,2795,204,0.00000,5.26066
534F4C31,7868,60375411,0,2991,2795,196,0.00000,5.05436
534F4C31,7868,60379907,0,2995,2791,204,0.00000,5.26066
534F4C31,7868,60382094,0,2996,2791,205,0.00000,5.28645
534F4C31,7868,60384401,0,2996,2795,201,0.00000,5.18330
534F4C31,7868,60387404,0,2994,2794,200,0.00000,5.15751
534F4C31,7868,60389747,0,2996,2794,202,0.00000,5.20908
534F4C31,7868,60391991,0,2998,2792,206,0.00000,5.31223
534F4C31,7869,60394215,0,2994,2795,199,0.00000,5.13172
534F4C31,7870,60398689,0,2990,2794,196,0.00000,5.05436
534F4C31,7871,60402498,0,2995,2793,202,0.00000,5.20908
534F4C31,7872,60408833,0,2995,2792,203,0.00000,5.23487
534F4C31,7872,60413028,0,2995,2795,200,0.00000,5.15751
534F4C31,7872,60416865,0,2994,2795,199,0.00000,5.13172
534F4C31,7872,60419107,0,2990,2792,198,0.00000,5.10593
534F4C31,7872,60422390,0,2993,2793,200,0.00000,5.15751
534F4C31,7873,60424625,0,2993,2795,198,0.00000,5.10593
534F4C31,7874,60428981,0,2991,2795,196,0.00000,5.05436
534F4C31,7874,60433401,0,2993,2792,201,0.00000,5.18330
534F4C31,7874,60435658,0,2996,2793,203,0.00000,5.23487
534F4C31,7874,60440011,0,2991,2795,196,0.00000,5.05436
534F4C31,7874,60442327,0,2997,2794,203,0.00000,5.23487
534F4C31,7874,60444382,0,2996,2794,202,0.00000,5.20908
534F4C31,7874,60447310,0,2996,2794,202,0.00000,5.20908
534F4C31,7874,60449646,0,2995,2793,202,0.00000,5.20908
534F4C31,7874,60451757,0,2996,2792,204,0.00000,5.26066
534F4C31,7874,60453882,0,2999,2796,203,0.00000,5.23487
534F4C31,7874,60456035,0,2994,2793,201,0.00000,5.18330
534F4C31,7874,60458195,0,2994,2794,200,0.00000,5.15751
534F4C31,7875,60460258,0,2995,2792,203,0.00000,5.23487
534F4C31,7876,60465321,0,2994,2796,198,0.00000,5.10593
534F4C31,7877,60469017,0,2997,2795,202,0.00000,5.20908
534F4C31,7878,60474851,0,3001,2795,206,0.00000,5.31223
534F4C31,7878,60479594,0,2993,2797,196,0.00000,5.05436
534F4C31,7878,60482451,0,2991,2794,197,0.00000,5.08015
534F4C31,7878,60484498,0,2995,2794,201,0.00000,5.18330
534F4C31,7878,60487392,0,2995,2795,200,0.00000,5.15751
534F4C31,7878,60489973,0,2993,2796,197,0.00000,5.08015
534F4C31,7878,60492246,0,2997,2797,200,0.00000,5.15751
534F4C31,7878,60494247,0,2996,2796,200,0.00000,5.15751
534F4C31,7878,60496352,0,2991,2795,196,0.00000,5.05436
534F4C31,7878,60498501,0,2997,2794,203,0.00000,5.23487
534F4C31,7879,60500690,0,2991,2793,198,0.00000,5.10593
534F4C31,7880,60505281,0,2994,2793,201,0.00000,5.18330
534F4C31,7881,60509280,0,2999,2796,203,0.00000,5.23487
534F4C31,7882,60515815,0,2993,2798,195,0.00000,5.02857
534F4C31,7882,60521784,0,2996,2794,202,0.00000,5.20908
534F4C31,7882,60524594,0,2993,2794,199,0.00000,5.13172
534F4C31,7882,60527323,0,2998,2794,204,0.00000,5.26066
534F4C31,7882,60530449,0,2998,2793,205,0.00000,5.28645
534F4C31,7882,60532617,0,2996,2796,200,0.00000,5.15751
534F4C31,7882,60534715,0,2996,2795,201,0.00000,5.18330
534F4C31,7883,60536973,0,2994,2794,200,0.00000,5.15751
534F4C31,7884,60541470,0,2995,2797,198,0.00000,5.10593
534F4C31,7885,60545368,0,2993,2799,194,0.00000,5.00278
534F4C31,7885,60550942,0,3002,2792,210,0.00000,5.41538
534F4C31,7885,60554100,0,2995,2795,200,0.00000,5.15751
534F4C31,7885,60556332,0,2998,2792,206,0.00000,5.31223
534F4C31,7885,60559163,0,2994,2795,199,0.00000,5.13172
534F4C31,7885,60561742,0,2995,2794,201,0.00000,5.18330
534F4C31,7885,60564134,0,2994,2796,198,0.00000,5.10593
534F4C31,7886,60566458,0,2996,2794,202,0.00000,5.20908
534F4C31,7887,60570732,0,2997,2792,205,0.00000,5.28645
534F4C31,7888,60574535,0,2994,2794,200,0.00000,5.15751
534F4C31,7889,60579477,0,2997,2795,202,0.00000,5.20908
534F4C31,7889,60584145,0,2998,2794,204,0.00000,5.26066
534F4C31,7889,60586477,0,2998,2794,204,0.00000,5.26066
534F4C31,7889,60588494,0,3000,2793,207,0.00000,5.33802
534F4C31,7889,60593101,0,3002,2796,206,0.00000,5.31223
534F4C31,7889,60595366,0,2997,2794,203,0.00000,5.23487
534F4C31,7889,60597589,0,2996,2794,202,0.00000,5.20908
534F4C31,7890,60600422,0,2996,2797,199,0.00000,5.13172
534F4C31,7891,60603386,0,2995,2794,201,0.00000,5.18330
534F4C31,7892,60607995,0,2996,2792,204,0.00000,5.26066
534F4C31,7893,60614618,0,2998,2795,203,0.00000,5.23487
534F4C31,7894,60618543,0,2991,2795,196,0.00000,5.05436
534F4C31,7894,60623280,0,2993,2795,198,0.00000,5.10593
534F4C31,7894,60625567,0,2993,2793,200,0.00000,5.15751
534F4C31,7894,60629941,0,2994,2794,200,0.00000,5.15751
534F4C31,7894,60632811,0,2998,2793,205,0.00000,5.28645
534F4C31,7894,60634949,0,2996,2792,204,0.00000,5.26066
534F4C31,7894,60637127,0,2994,2794,200,0.00000,5.15751
534F4C31,7895,60640250,0,2996,2795,201,0.00000,5.18330
534F4C31,7896,60644491,0,2999,2793,206,0.00000,5.31223
534F4C31,7896,60648368,0,2996,2793,203,0.00000,5.23487
534F4C31,7896,60653422,0,2992,2796,196,0.00000,5.05436
534F4C31,7896,60655670,0,2998,2796,202,0.00000,5.20908
534F4C31,7896,60657964,0,2995,2796,199,0.00000,5.13172
534F4C31,7896,60661061,0,2993,2796,197,0.00000,5.08015
534F4C31,7896,60663218,0,2994,2794,200,0.00000,5.15751
534F4C31,7896,60665187,0,2995,2792,203,0.00000,5.23487
534F4C31,7896,60667408,0,2995,2794,201,0.00000,5.18330
534F4C31,7896,60669676,0,2995,2796,199,0.00000,5.13172
534F4C31,7896,60671747,0,2997,2794,203,0.00000,5.23487
534F4C31,7896,60673904,0,2998,2793,205,0.00000,5.28645
534F4C31,7896,60675963,0,2994,2795,199,0.00000,5.13172
534F4C31,7896,60678162,0,2995,2793,202,0.00000,5.20908
534F4C31,7897,60680435,0,2996,2793,203,0.00000,5.23487
534F4C31,7898,60684498,0,2994,2792,202,0.00000,5.20908
534F4C31,7899,60688974,0,3000,2794,206,0.00000,5.31223
534F4C31,7900,60692745,0,2992,2801,191,0.00000,4.92542
534F4C31,7900,60698576,0,2996,2794,202,0.00000,5.20908
534F4C31,7900,60702264,0,2994,2794,200,0.00000,5.15751
534F4C31,7901,60704448,0,2996,2796,200,0.00000,5.15751
534F4C31,7902,60709319,0,2996,2795,201,0.00000,5.18330
534F4C31,7902,60712529,0,2996,2795,201,0.00000,5.18330
534F4C31,7902,60717539,0,2994,2796,198,0.00000,5.10593
534F4C31,7902,60720574,0,2993,2796,197,0.00000,5.08015
534F4C31,7902,60722952,0,3000,2792,208,0.00000,5.36381
534F4C31,7903,60726078,0,2993,2794,199,0.00000,5.13172
534F4C31,7904,60731629,0,2996,2795,201,0.00000,5.18330
534F4C31,7904,60735972,0,2992,2793,199,0.00000,5.13172
534F4C31,7904,60739560,0,2995,2797,198,0.00000,5.10593
534F4C31,7904,60743477,0,2992,2796,196,0.00000,5.05436
534F4C31,7905,60746160,0,2995,2798,197,0.00000,5.08015
534F4C31,7906,60750643,0,2995,2794,201,0.00000,5.18330
534F4C31,7906,60754503,0,2999,2791,208,0.00000,5.36381
534F4C31,7906,60758519,0,2993,2790,203,0.00000,5.23487
534F4C31,7907,60761674,0,2996,2792,204,0.00000,5.26066
534F4C31,7908,60765711,0,2996,2792,204,0.00000,5.26066
534F4C31,7908,60771226,0,2993,2791,202,0.00000,5.20908
534F4C31,7908,60773479,0,2998,2792,206,0.00000,5.31223
534F4C31,7908,60777742,0,2991,2791,200,0.00000,5.15751
534F4C31,7908,60780091,0,2993,2792,201,0.00000,5.18330
534F4C31,7908,60782972,0,2993,2792,201,0.00000,5.18330
534F4C31,7908,60785200,0,2993,2792,201,0.00000,5.18330
534F4C31,7908,60787282,0,2997,2792,205,0.00000,5.28645
534F4C31,7908,60789601,0,2996,2790,206,0.00000,5.31223
534F4C31,7908,60793392,0,2996,2792,204,0.00000,5.26066
534F4C31,7908,60795566,0,2995,2790,205,0.00000,5.28645
534F4C31,7909,60797660,0,2994,2792,202,0.00000,5.20908
534F4C31,7909,60802858,0,2998,2792,206,0.00000,5.31223
534F4C31,7909,60805193,0,3000,2791,209,0.00000,5.38960
534F4C31,7910,60807835,0,2999,2792,207,0.00000,5.33802
534F4C31,7911,60813555,0,2998,2792,206,0.00000,5.31223
534F4C31,7911,60819123,0,2994,2794,200,0.00000,5.15751
534F4C31,7911,60824421,0,2995,2793,202,0.00000,5.20908
534F4C31,7911,60826564,0,2995,2792,203,0.00000,5.23487
534F4C31,7911,60828692,0,2995,2789,206,0.00000,5.31223
534F4C31,7911,60830875,0,2998,2792,206,0.00000,5.31223
534F4C31,7911,60834162,0,3001,2792,209,0.00000,5.38960
534F4C31,7911,60836348,0,2999,2789,210,0.00000,5.41538
534F4C31,7911,60838627,0,2995,2790,205,0.00000,5.28645
534F4C31,7911,60840813,0,2997,2793,204,0.00000,5.26066
534F4C31,7911,60842883,0,2996,2792,204,0.00000,5.26066
534F4C31,7911,60844962,0,2996,2793,203,0.00000,5.23487
534F4C31,7912,60847362,0,2997,2791,206,0.00000,5.31223
534F4C31,7913,60851685,0,3001,2792,209,0.00000,5.38960
534F4C31,7914,60855384,0,2991,2792,199,0.00000,5.13172
534F4C31,7915,60861014,0,2994,2791,203,0.00000,5.23487
534F4C31,7915,60865660,0,2994,2793,201,0.00000,5.18330
534F4C31,7915,60869298,0,2996,2791,205,0.00000,5.28645
534F4C31,7916,60872244,0,2998,2792,206,0.00000,5.31223
534F4C31,7917,60876950,0,2996,2791,205,0.00000,5.28645
534F4C31,7917,60881787,0,2995,2788,207,0.00000,5.33802
534F4C31,7917,60884794,0,2992,2788,204,0.00000,5.26066
534F4C31,7917,60887176,0,2991,2789,202,0.00000,5.20908
534F4C31,7917,60891724,0,2994,2792,202,0.00000,5.20908
534F4C31,7917,60893969,0,2995,2792,203,0.00000,5.23487
534F4C31,7917,60896028,0,2997,2791,206,0.00000,5.31223
534F4C31,7917,60898848,0,2992,2790,202,0.00000,5.20908
534F4C31,7917,60901103,0,2995,2789,206,0.00000,5.31223
534F4C31,7917,60903262,0,2993,2790,203,0.00000,5.23487
534F4C31,7917,60905359,0,2995,2792,203,0.00000,5.23487
534F4C31,7917,60907564,0,2995,2788,207,0.00000,5.33802
534F4C31,7918,60909827,0,2990,2788,202,0.00000,5.20908
534F4C31,7919,60913885,0,2989,2792,197,0.00000,5.08015
534F4C31,7920,60917720,0,2994,2788,206,0.00000,5.31223
534F4C31,7921,60923582,0,2996,2790,206,0.00000,5.31223
534F4C31,7921,60928809,0,2994,2788,206,0.00000,5.31223
534F4C31,7921,60932408,0,2998,2789,209,0.00000,5.38960
534F4C31,7921,60935788,0,2992,2791,201,0.00000,5.18330
534F4C31,7921,60938020,0,2992,2790,202,0.00000,5.20908
534F4C31,7922,60940091,0,2993,2792,201,0.00000,5.18330
534F4C31,7922,60945689,0,2993,2788,205,0.00000,5.28645
534F4C31,7922,60947966,0,2992,2790,202,0.00000,5.20908
534F4C31,7922,60951446,0,2998,2789,209,0.00000,5.38960
534F4C31,7922,60953766,0,2995,2792,203,0.00000,5.23487
534F4C31,7922,60955792,0,2995,2790,205,0.00000,5.28645
534F4C31,7922,60957910,0,2994,2791,203,0.00000,5.23487
534F4C31,7922,60960097,0,2996,2789,207,0.00000,5.33802
534F4C31,7923,60962330,0,2989,2789,200,0.00000,5.15751
534F4C31,7924,60966882,0,2992,2790,202,0.00000,5.20908
534F4C31,7925,60971337,0,2994,2789,205,0.00000,5.28645
534F4C31,7925,60976214,0,2991,2789,202,0.00000,5.20908
534F4C31,7925,60979819,0,2999,2790,209,0.00000,5.38960
534F4C31,7925,60982499,0,2996,2790,206,0.00000,5.31223
534F4C31,7925,60984738,0,2999,2789,210,0.00000,5.41538
534F4C31,7926,60986984,0,2993,2791,202,0.00000,5.20908
534F4C31,7927,60991243,0,2993,2789,204,0.00000,5.26066
534F4C31,7928,60996122,0,2992,2791,201,0.00000,5.18330
534F4C31,7928,61002072,0,2997,2792,205,0.00000,5.28645
534F4C31,7928,61004528,0,2995,2790,205,0.00000,5.28645
534F4C31,7928,61008858,0,2991,2791,200,0.00000,5.15751
534F4C31,7928,61011067,0,2997,2789,208,0.00000,5.36381
534F4C31,7928,61013172,0,2994,2792,202,0.00000,5.20908
534F4C31,7928,61016183,0,2994,2789,205,0.00000,5.28645
534F4C31,7928,61018453,0,2995,2789,206,0.00000,5.31223
534F4C31,7928,61020516,0,2994,2789,205,0.00000,5.28645
534F4C31,7928,61023040,0,2998,2791,207,0.00000,5.33802
534F4C31,7928,61025206,0,2995,2789,206,0.00000,5.31223
534F4C31,7928,61027427,0,2992,2790,202,0.00000,5.20908
534F4C31,7929,61029805,0,2995,2791,204,0.00000,5.26066
534F4C31,7930,61034053,0,2996,2792,204,0.00000,5.26066
534F4C31,7931,61040878,0,2996,2791,205,0.00000,5.28645
534F4C31,7931,61044065,0,2993,2790,203,0.00000,5.23487
534F4C31,7931,61046590,0,2995,2793,202,0.00000,5.20908
534F4C31,7932,61050314,0,2996,2789,207,0.00000,5.33802
534F4C31,7933,61055159,0,2996,2790,206,0.00000,5.31223
534F4C31,7934,61058829,0,2992,2790,202,0.00000,5.20908
534F4C31,7935,61064772,0,2995,2790,205,0.00000,5.28645
534F4C31,7936,61070600,0,2998,2787,211,0.00000,5.44117
534F4C31,7936,61073971,0,2997,2789,208,0.00000,5.36381
534F4C31,7936,61077318,0,2992,2791,201,0.00000,5.18330
534F4C31,7936,61082254,0,2995,2791,204,0.00000,5.26066
534F4C31,7936,61084536,0,2994,2791,203,0.00000,5.23487
534F4C31,7936,61086721,0,2992,2792,200,0.00000,5.15751
534F4C31,7936,61088933,0,2997,2791,206,0.00000,5.31223
534F4C31,7936,61091479,0,2997,2792,205,0.00000,5.28645
534F4C31,7936,61093946,0,2995,2792,203,0.00000,5.23487
534F4C31,7936,61096097,0,2994,2791,203,0.00000,5.23487
534F4C31,7936,61098223,0,2998,2791,207,0.00000,5.33802
534F4C31,7936,61100340,0,2994,2790,204,0.00000,5.26066
534F4C31,7936,61102473,0,2995,2793,202,0.00000,5.20908
534F4C31,7936,61104634,0,2998,2787,211,0.00000,5.44117
534F4C31,7937,61106738,0,2997,2790,207,0.00000,5.33802
534F4C31,7938,61111669,0,2995,2792,203,0.00000,5.23487
534F4C31,7939,61116059,0,2994,2793,201,0.00000,5.18330
534F4C31,7940,61121563,0,2997,2789,208,0.00000,5.36381
534F4C31,7940,61125854,0,2994,2793,201,0.00000,5.18330
534F4C31,7940,61131249,0,2995,2790,205,0.00000,5.28645
534F4C31,7940,61133481,0,2994,2791,203,0.00000,5.23487
534F4C31,7940,61136164,0,2996,2792,204,0.00000,5.26066
534F4C31,7941,61138668,0,2993,2792,201,0.00000,5.18330
534F4C31,7942,61143237,0,3000,2790,210,0.00000,5.41538
534F4C31,7942,61146747,0,2995,2793,202,0.00000,5.20908
534F4C31,7942,61151953,0,2999,2791,208,0.00000,5.36381
534F4C31,7943,61154069,0,2995,2790,205,0.00000,5.28645
534F4C31,7944,61158417,0,2995,2795,200,0.00000,5.15751
534F4C31,7945,61164039,0,2997,2789,208,0.00000,5.36381
534F4C31,7945,61167363,0,2992,2790,202,0.00000,5.20908
534F4C31,7945,61171773,0,2996,2793,203,0.00000,5.23487
534F4C31,7945,61174848,0,2998,2789,209,0.00000,5.38960
534F4C31,7945,61177910,0,2995,2792,203,0.00000,5.23487
534F4C31,7945,61180147,0,2994,2789,205,0.00000,5.28645
534F4C31,7945,61182298,0,2993,2792,201,0.00000,5.18330
534F4C31,7945,61184552,0,2997,2790,207,0.00000,5.33802
534F4C31,7945,61186736,0,2996,2790,206,0.00000,5.31223
534F4C31,7945,61188796,0,3001,2791,210,0.00000,5.41538
534F4C31,7945,61190913,0,2989,2787,202,0.00000,5.20908
534F4C31,7945,61193162,0,2998,2791,207,0.00000,5.33802
534F4C31,7946,61195343,0,2991,2790,201,0.00000,5.18330
534F4C31,7947,61199998,0,2995,2792,203,0.00000,5.23487
534F4C31,7948,61203750,0,2995,2791,204,0.00000,5.26066
534F4C31,7949,61209932,0,2989,2792,197,0.00000,5.08015
534F4C31,7949,61213738,0,2995,2791,204,0.00000,5.26066
534F4C31,7949,61217759,0,2995,2792,203,0.00000,5.23487
534F4C31,7949,61220603,0,2995,2789,206,0.00000,5.31223
534F4C31,7949,61223981,0,2995,2790,205,0.00000,5.28645
534F4C31,7949,61226182,0,2997,2789,208,0.00000,5.36381
534F4C31,7949,61228812,0,2996,2790,206,0.00000,5.31223
534F4C31,7950,61231220,0,2997,2790,207,0.00000,5.33802
534F4C31,7951,61236329,0,2995,2789,206,0.00000,5.31223
534F4C31,7952,61239922,0,2995,2792,203,0.00000,5.23487
534F4C31,7952,61243358,0,2993,2794,199,0.00000,5.13172
534F4C31,7953,61248588,0,2993,2790,203,0.00000,5.23487
534F4C31,7954,61250879,0,2998,2790,208,0.00000,5.36381
534F4C31,7955,61257076,0,2995,2790,205,0.00000,5.28645
534F4C31,7956,61262534,0,2994,2788,206,0.00000,5.31223
534F4C31,7956,61267080,0,2996,2790,206,0.00000,5.31223
534F4C31,7956,61269361,0,2996,2792,204,0.00000,5.26066
534F4C31,7957,61273540,0,2994,2793,201,0.00000,5.18330
534F4C31,7957,61277934,0,2996,2791,205,0.00000,5.28645
534F4C31,7957,61281215,0,2992,2789,203,0.00000,5.23487
534F4C31,7957,61285425,0,2993,2791,202,0.00000,5.20908
534F4C31,7957,61287715,0,2995,2790,205,0.00000,5.28645
534F4C31,7957,61290433,0,2996,2791,205,0.00000,5.28645
534F4C31,7957,61293138,0,2993,2788,205,0.00000,5.28645
534F4C31,7957,61295294,0,2998,2792,206,0.00000,5.31223
534F4C31,7957,61297461,0,2991,2790,201,0.00000,5.18330
534F4C31,7957,61299662,0,2997,2790,207,0.00000,5.33802
534F4C31,7957,61301800,0,2992,2792,200,0.00000,5.15751
534F4C31,7957,61303855,0,2997,2793,204,0.00000,5.26066
534F4C31,7957,61305977,0,2996,2789,207,0.00000,5.33802
534F4C31,7957,61308290,0,2994,2789,205,0.00000,5.28645
534F4C31,7957,61310565,0,2995,2789,206,0.00000,5.31223
534F4C31,7957,61312772,0,2994,2789,205,0.00000,5.28645
534F4C31,7957,61314897,0,2993,2792,201,0.00000,5.18330
534F4C31,7957,61316976,0,2994,2788,206,0.00000,5.31223
534F4C31,7957,61319106,0,2994,2790,204,0.00000,5.26066
534F4C31,7958,61321495,0,2995,2792,203,0.00000,5.23487
534F4C31,7959,61326568,0,2994,2792,202,0.00000,5.20908
534F4C31,7960,61333061,0,2997,2789,208,0.00000,5.36381
534F4C31,7960,61337150,0,2992,2788,204,0.00000,5.26066
534F4C31,7960,61340477,0,2994,2789,205,0.00000,5.28645
534F4C31,7961,61342728,0,2996,2790,206,0.00000,5.31223
534F4C31,7962,61347732,0,2992,2790,202,0.00000,5.20908
534F4C31,7962,61350865,0,2995,2791,204,0.00000,5.26066
534F4C31,7962,61355431,0,2997,2792,205,0.00000,5.28645
534F4C31,7962,61357719,0,2996,2791,205,0.00000,5.28645
534F4C31,7962,61361041,0,2997,2791,206,0.00000,5.31223
534F4C31,7962,61363279,0,2997,2788,209,0.00000,5.38960
534F4C31,7962,61365441,0,2993,2791,202,0.00000,5.20908
534F4C31,7962,61367689,0,2993,2792,201,0.00000,5.18330
534F4C31,7962,61369885,0,2996,2790,206,0.00000,5.31223
534F4C31,7963,61371962,0,2993,2788,205,0.00000,5.28645
534F4C31,7964,61374975,0,2995,2792,203,0.00000,5.23487
534F4C31,7965,61379169,0,2991,2788,203,0.00000,5.23487
534F4C31,7966,61384838,0,2993,2787,206,0.00000,5.31223
534F4C31,7967,61388983,0,2992,2788,204,0.00000,5.26066
534F4C31,7967,61394085,0,2995,2784,211,0.00000,5.44117
534F4C31,7967,61398661,0,2993,2787,206,0.00000,5.31223
534F4C31,7968,61400751,0,2992,2785,207,0.00000,5.33802
534F4C31,7968,61404545,0,2996,2787,209,0.00000,5.38960
534F4C31,7968,61408297,0,2992,2785,207,0.00000,5.33802
534F4C31,7969,61410620,0,2997,2787,210,0.00000,5.41538
534F4C31,7970,61414202,0,2994,2785,209,0.00000,5.38960
534F4C31,7971,61417996,0,2994,2788,206,0.00000,5.31223
534F4C31,7972,61424168,0,2992,2784,208,0.00000,5.36381
534F4C31,7972,61427467,0,2994,2787,207,0.00000,5.33802
534F4C31,7972,61429940,0,2997,2785,212,0.00000,5.46696
534F4C31,7972,61432985,0,2994,2786,208,0.00000,5.36381
534F4C31,7972,61437199,0,2995,2788,207,0.00000,5.33802
534F4C31,7972,61440089,0,2995,2789,206,0.00000,5.31223
534F4C31,7972,61442955,0,2993,2790,203,0.00000,5.23487
534F4C31,7972,61445253,0,2992,2789,203,0.00000,5.23487
534F4C31,7972,61447468,0,2992,2789,203,0.00000,5.23487
534F4C31,7972,61449710,0,2996,2787,209,0.00000,5.38960
534F4C31,7972,61451898,0,2993,2788,205,0.00000,5.28645
534F4C31,7972,61453964,0,2995,2788,207,0.00000,5.33802
534F4C31,7972,61455912,0,2993,2790,203,0.00000,5.23487
534F4C31,7972,61458071,0,2997,2787,210,0.00000,5.41538
534F4C31,7973,61460233,0,2991,2789,202,0.00000,5.20908
534F4C31,7973,61464479,0,2997,2788,209,0.00000,5.38960
534F4C31,7973,61467168,0,2997,2789,208,0.00000,5.36381
534F4C31,7973,61469296,0,2996,2791,205,0.00000,5.28645
534F4C31,7973,61471484,0,2995,2789,206,0.00000,5.31223
534F4C31,7974,61473696,0,2992,2788,204,0.00000,5.26066
534F4C31,7975,61478496,0,2996,2788,208,0.00000,5.36381
534F4C31,7975,61482250,0,2996,2790,206,0.00000,5.31223
534F4C31,7975,61486310,0,2996,2786,210,0.00000,5.41538
534F4C31,7975,61488930,0,2991,2785,206,0.00000,5.31223
534F4C31,7975,61491616,0,2994,2791,203,0.00000,5.23487
534F4C31,7975,61494424,0,2995,2789,206,0.00000,5.31223
534F4C31,7975,61496845,0,2996,2785,211,0.00000,5.44117
534F4C31,7975,61499121,0,2993,2786,207,0.00000,5.33802
534F4C31,7976,61501260,0,2995,2788,207,0.00000,5.33802
534F4C31,7977,61504463,0,2997,2786,211,0.00000,5.44117
534F4C31,7978,61508488,0,2994,2789,205,0.00000,5.28645
534F4C31,7979,61514868,0,2994,2789,205,0.00000,5.28645
534F4C31,7980,61518525,0,2990,2789,201,0.00000,5.18330
534F4C31,7980,61522206,0,2999,2788,211,0.00000,5.44117
534F4C31,7980,61526685,0,2996,2786,210,0.00000,5.41538
534F4C31,7980,61529461,0,2995,2788,207,0.00000,5.33802
534F4C31,7980,61531666,0,2994,2788,206,0.00000,5.31223
534F4C31,7981,61535092,0,2997,2789,208,0.00000,5.36381
534F4C31,7982,61540038,0,2995,2787,208,0.00000,5.36381
534F4C31,7982,61543308,0,2996,2786,210,0.00000,5.41538
534F4C31,7983,61549234,0,2994,2788,206,0.00000,5.31223
534F4C31,7984,61552936,0,2998,2788,210,0.00000,5.41538
534F4C31,7984,61559306,0,2997,2788,209,0.00000,5.38960
534F4C31,7984,61561619,0,2998,2790,208,0.00000,5.36381
534F4C31,7984,61564330,0,3001,2788,213,0.00000,5.49275
534F4C31,7984,61567228,0,2996,2790,206,0.00000,5.31223
534F4C31,7984,61569497,0,2998,2786,212,0.00000,5.46696
534F4C31,7984,61571713,0,2994,2786,208,0.00000,5.36381
534F4C31,7984,61573809,0,2997,2788,209,0.00000,5.38960
534F4C31,7984,61575896,0,2997,2789,208,0.00000,5.36381
534F4C31,7984,61578009,0,2996,2786,210,0.00000,5.41538
534F4C31,7984,61580248,0,2998,2790,208,0.00000,5.36381
534F4C31,7984,61582460,0,2997,2790,207,0.00000,5.33802
534F4C31,7985,61584536,0,2999,2788,211,0.00000,5.44117
534F4C31,7986,61589281,0,2994,2790,204,0.00000,5.26066
534F4C31,7987,61593934,0,2992,2789,203,0.00000,5.23487
534F4C31,7987,61597966,0,2997,2789,208,0.00000,5.36381
534F4C31,7988,61600392,0,2994,2787,207,0.00000,5.33802
534F4C31,7988,61603808,0,2994,2791,203,0.00000,5.23487
534F4C31,7988,61609707,0,2998,2786,212,0.00000,5.46696
534F4C31,7988,61612694,0,2997,2787,210,0.00000,5.41538
534F4C31,7988,61615491,0,2997,2788,209,0.00000,5.38960
534F4C31,7988,61618603,0,2999,2790,209,0.00000,5.38960
534F4C31,7989,61620927,0,3003,2791,212,0.00000,5.46696
534F4C31,7990,61626306,0,2996,2791,205,0.00000,5.28645
534F4C31,7990,61630518,0,2997,2789,208,0.00000,5.36381
534F4C31,7990,61634715,0,2998,2791,207,0.00000,5.33802
534F4C31,7990,61638028,0,2999,2789,210,0.00000,5.41538
534F4C31,7990,61640347,0,2996,2791,205,0.00000,5.28645
534F4C31,7990,61643538,0,2994,2790,204,0.00000,5.26066
534F4C31,7990,61645785,0,2994,2789,205,0.00000,5.28645
534F4C31,7990,61647897,0,2998,2787,211,0.00000,5.44117
534F4C31,7990,61650040,0,2998,2788,210,0.00000,5.41538
534F4C31,7991,61652282,0,2998,2787,211,0.00000,5.44117
534F4C31,7992,61656795,0,2996,2790,206,0.00000,5.31223
534F4C31,7993,61660724,0,2999,2789,210,0.00000,5.41538
534F4C31,7994,61666416,0,2998,2792,206,0.00000,5.31223
534F4C31,7994,61669997,0,2999,2790,209,0.00000,5.38960
534F4C31,7994,61673315,0,3000,2791,209,0.00000,5.38960
534F4C31,7994,61676606,0,2995,2790,205,0.00000,5.28645
534F4C31,7994,61678699,0,2992,2789,203,0.00000,5.23487
534F4C31,7995,61681613,0,2997,2789,208,0.00000,5.36381
534F4C31,7996,61686206,0,3001,2789,212,0.00000,5.46696
534F4C31,7997,61691141,0,2996,2788,208,0.00000,5.36381
534F4C31,7998,61695940,0,2999,2787,212,0.00000,5.46696
534F4C31,7998,61700815,0,2998,2788,210,0.00000,5.41538
534F4C31,7998,61704554,0,2999,2785,214,0.00000,5.51853
534F4C31,7998,61707389,0,2995,2790,205,0.00000,5.28645
534F4C31,7998,61709637,0,2991,2788,203,0.00000,5.23487
534F4C31,7998,61712729,0,2999,2788,211,0.00000,5.44117
534F4C31,7998,61714947,0,2993,2790,203,0.00000,5.23487
534F4C31,7999,61717207,0,2994,2788,206,0.00000,5.31223
534F4C31,7999,61721942,0,3000,2788,212,0.00000,5.46696
534F4C31,7999,61724183,0,2994,2791,203,0.00000,5.23487
534F4C31,7999,61727161,0,2997,2787,210,0.00000,5.41538
534F4C31,7999,61729632,0,2995,2787,208,0.00000,5.36381
534F4C31,7999,61731711,0,3001,2790,211,0.00000,5.44117
534F4C31,7999,61733851,0,2999,2789,210,0.00000,5.41538
534F4C31,7999,61735835,0,2993,2789,204,0.00000,5.26066
534F4C31,7999,61737902,0,2994,2790,204,0.00000,5.26066
534F4C31,7999,61740516,0,2994,2789,205,0.00000,5.28645
534F4C31,8000,61743018,0,2999,2791,208,0.00000,5.36381
534F4C31,8001,61747741,0,2995,2788,207,0.00000,5.33802
534F4C31,8002,61753801,0,2997,2788,209,0.00000,5.38960
534F4C31,8002,61757922,0,2996,2785,211,0.00000,5.44117
534F4C31,8002,61761681,0,2998,2788,210,0.00000,5.41538
534F4C31,8003,61764696,0,2999,2788,211,0.00000,5.44117
534F4C31,8003,61769762,0,2993,2786,207,0.00000,5.33802
534F4C31,8003,61772052,0,2995,2788,207,0.00000,5.33802
534F4C31,8003,61775064,0,2993,2787,206,0.00000,5.31223
534F4C31,8003,61777982,0,3003,2789,214,0.00000,5.51853
534F4C31,8003,61780326,0,2992,2789,203,0.00000,5.23487
534F4C31,8003,61782566,0,2998,2789,209,0.00000,5.38960
534F4C31,8004,61784760,0,2992,2789,203,0.00000,5.23487
534F4C31,8005,61787664,0,2992,2784,208,0.00000,5.36381
534F4C31,8006,61792582,0,2993,2788,205,0.00000,5.28645
534F4C31,8007,61796975,0,2996,2787,209,0.00000,5.38960
534F4C31,8008,61802767,0,2993,2790,203,0.00000,5.23487
534F4C31,8009,61808048,0,2995,2789,206,0.00000,5.31223
534F4C31,8009,61814951,0,2996,2786,210,0.00000,5.41538
534F4C31,8009,61818600,0,2996,2788,208,0.00000,5.36381
534F4C31,8009,61823235,0,2994,2785,209,0.00000,5.38960
534F4C31,8009,61825605,0,2999,2787,212,0.00000,5.46696
534F4C31,8009,61827816,0,2994,2783,211,0.00000,5.44117
534F4C31,8009,61830092,0,2993,2786,207,0.00000,5.33802
534F4C31,8009,61833142,0,2993,2784,209,0.00000,5.38960
534F4C31,8009,61835375,0,2993,2787,206,0.00000,5.31223
534F4C31,8009,61837560,0,2995,2785,210,0.00000,5.41538
534F4C31,8009,61839701,0,2998,2786,212,0.00000,5.46696
534F4C31,8009,61842082,0,2992,2788,204,0.00000,5.26066
534F4C31,8009,61844226,0,2996,2789,207,0.00000,5.33802
534F4C31,8009,61846571,0,2992,2787,205,0.00000,5.28645
534F4C31,8009,61848788,0,2995,2787,208,0.00000,5.36381
534F4C31,8009,61850996,0,2995,2788,207,0.00000,5.33802
534F4C31,8010,61853325,0,2997,2789,208,0.00000,5.36381
534F4C31,8011,61856696,0,2995,2786,209,0.00000,5.38960
534F4C31,8012,61861249,0,2993,2786,207,0.00000,5.33802
534F4C31,8013,61865598,0,2993,2789,204,0.00000,5.26066
534F4C31,8013,61871644,0,2997,2787,210,0.00000,5.41538
534F4C31,8013,61874215,0,2993,2788,205,0.00000,5.28645
534F4C31,8014,61876312,0,2995,2786,209,0.00000,5.38960
534F4C31,8015,61881752,0,2996,2787,209,0.00000,5.38960
534F4C31,8015,61886237,0,2999,2787,212,0.00000,5.46696
534F4C31,8015,61889537,0,2995,2788,207,0.00000,5.33802
534F4C31,8016,61893611,0,2992,2788,204,0.00000,5.26066
534F4C31,8017,61897333,0,2991,2786,205,0.00000,5.28645
534F4C31,8017,61902753,0,2995,2787,208,0.00000,5.36381
534F4C31,8017,61906039,0,2991,2787,204,0.00000,5.26066
534F4C31,8017,61908912,0,2997,2789,208,0.00000,5.36381
534F4C31,8017,61911409,0,2996,2786,210,0.00000,5.41538
534F4C31,8017,61913503,0,2995,2791,204,0.00000,5.26066
534F4C31,8017,61915687,0,2993,2784,209,0.00000,5.38960
534F4C31,8017,61917965,0,2991,2789,202,0.00000,5.20908
534F4C31,8017,61920256,0,2995,2784,211,0.00000,5.44117
534F4C31,8017,61922377,0,2994,2786,208,0.00000,5.36381
534F4C31,8017,61924435,0,2998,2787,211,0.00000,5.44117
534F4C31,8017,61926574,0,2995,2784,211,0.00000,5.44117
534F4C31,8018,61928810,0,3000,2788,212,0.00000,5.46696
534F4C31,8019,61933419,0,2994,2792,202,0.00000,5.20908
534F4C31,8020,61937419,0,2995,2786,209,0.00000,5.38960
534F4C31,8021,61941794,0,2996,2786,210,0.00000,5.41538
534F4C31,8021,61947648,0,2994,2784,210,0.00000,5.41538
534F4C31,8022,61950786,0,2999,2786,213,0.00000,5.49275
534F4C31,8023,61954812,0,2995,2783,212,0.00000,5.46696
534F4C31,8023,61957810,0,2992,2784,208,0.00000,5.36381
534F4C31,8023,61961378,0,2999,2782,217,0.00000,5.59590
534F4C31,8024,61965212,0,2996,2781,215,0.00000,5.54432
534F4C31,8025,61967816,0,2993,2784,209,0.00000,5.38960
534F4C31,8026,61974222,0,2995,2780,215,0.00000,5.54432
534F4C31,8027,61978643,0,2993,2780,213,0.00000,5.49275
534F4C31,8027,61983291,0,2993,2784,209,0.00000,5.38960
534F4C31,8027,61987634,0,3000,2782,218,0.00000,5.62168
534F4C31,8027,61990714,0,2998,2780,218,0.00000,5.62168
534F4C31,8027,61993198,0,2994,2784,210,0.00000,5.41538
534F4C31,8027,61995296,0,2995,2784,211,0.00000,5.44117
534F4C31,8027,61997444,0,2995,2782,213,0.00000,5.49275
534F4C31,8027,61999448,0,2994,2781,213,0.00000,5.49275
534F4C31,8027,62001553,0,2993,2785,208,0.00000,5.36381
534F4C31,8027,62003656,0,2995,2785,210,0.00000,5.41538
534F4C31,8027,62005884,0,2994,2782,212,0.00000,5.46696
534F4C31,8027,62008137,0,2992,2783,209,0.00000,5.38960
534F4C31,8027,62011353,0,2990,2782,208,0.00000,5.36381
534F4C31,8027,62013550,0,2996,2784,212,0.00000,5.46696
534F4C31,8028,62016466,0,2995,2783,212,0.00000,5.46696
534F4C31,8029,62021039,0,2993,2781,212,0.00000,5.46696
534F4C31,8029,62025176,0,2996,2782,214,0.00000,5.51853
534F4C31,8029,62030464,0,2998,2782,216,0.00000,5.57011
534F4C31,8029,62032645,0,2993,2781,212,0.00000,5.46696
534F4C31,8029,62034764,0,2996,2783,213,0.00000,5.49275
534F4C31,8029,62038070,0,2998,2782,216,0.00000,5.57011
534F4C31,8029,62040320,0,2997,2783,214,0.00000,5.51853
534F4C31,8029,62042400,0,2991,2781,210,0.00000,5.41538
534F4C31,8029,62044585,0,2995,2783,212,0.00000,5.46696
534F4C31,8029,62047147,0,2996,2782,214,0.00000,5.51853
534F4C31,8029,62050704,0,2988,2782,206,0.00000,5.31223
534F4C31,8030,62053169,0,2994,2785,209,0.00000,5.38960
534F4C31,8031,62057222,0,2994,2783,211,0.00000,5.44117
534F4C31,8032,62061059,0,2995,2783,212,0.00000,5.46696
534F4C31,8033,62067031,0,2995,2781,214,0.00000,5.51853
534F4C31,8034,62071885,0,2999,2782,217,0.00000,5.59590
534F4C31,8034,62075418,0,2993,2783,210,0.00000,5.41538
534F4C31,8035,62078610,0,2996,2780,216,0.00000,5.57011
534F4C31,8036,62083767,0,2991,2783,208,0.00000,5.36381
534F4C31,8036,62087650,0,2996,2781,215,0.00000,5.54432
534F4C31,8036,62090195,0,2992,2781,211,0.00000,5.44117
534F4C31,8037,62092364,0,2992,2782,210,0.00000,5.41538
534F4C31,8037,62097278,0,2992,2781,211,0.00000,5.44117
534F4C31,8037,62100514,0,2996,2783,213,0.00000,5.49275
534F4C31,8037,62103483,0,2992,2781,211,0.00000,5.44117
534F4C31,8037,62107139,0,2991,2781,210,0.00000,5.41538
534F4C31,8037,62109337,0,2998,2783,215,0.00000,5.54432
534F4C31,8037,62111450,0,2992,2782,210,0.00000,5.41538
534F4C31,8037,62114707,0,2997,2780,217,0.00000,5.59590
534F4C31,8037,62116982,0,2994,2781,213,0.00000,5.49275
534F4C31,8037,62119163,0,2997,2779,218,0.00000,5.62168
534F4C31,8037,62121401,0,3000,2784,216,0.00000,5.57011
534F4C31,8037,62123583,0,2998,2783,215,0.00000,5.54432
534F4C31,8037,62125696,0,2994,2778,216,0.00000,5.57011
534F4C31,8037,62127791,0,2998,2784,214,0.00000,5.51853
534F4C31,8037,62129862,0,2996,2782,214,0.00000,5.51853
534F4C31,8038,62132780,0,3000,2782,218,0.00000,5.62168
534F4C31,8039,62136510,0,2998,2785,213,0.00000,5.49275
534F4C31,8040,62142559,0,2997,2785,212,0.00000,5.46696
534F4C31,8040,62146094,0,2991,2781,210,0.00000,5.41538
534F4C31,8041,62150886,0,2991,2780,211,0.00000,5.44117
534F4C31,8041,62155417,0,3001,2779,222,0.00000,5.72484
534F4C31,8041,62157917,0,2994,2784,210,0.00000,5.41538
534F4C31,8042,62160000,0,2998,2784,214,0.00000,5.51853
534F4C31,8042,62164397,0,2998,2782,216,0.00000,5.57011
534F4C31,8042,62167803,0,2992,2783,209,0.00000,5.38960
534F4C31,8042,62169968,0,2995,2779,216,0.00000,5.57011
534F4C31,8042,62173021,0,2995,2785,210,0.00000,5.41538
534F4C31,8042,62175411,0,2996,2784,212,0.00000,5.46696
534F4C31,8042,62177482,0,2994,2784,210,0.00000,5.41538
534F4C31,8042,62179680,0,2994,2784,210,0.00000,5.41538
534F4C31,8043,62181944,0,2990,2781,209,0.00000,5.38960
534F4C31,8044,62186462,0,2995,2784,211,0.00000,5.44117
534F4C31,8045,62191153,0,2993,2781,212,0.00000,5.46696
534F4C31,8046,62196487,0,2997,2782,215,0.00000,5.54432
534F4C31,8046,62201554,0,2993,2783,210,0.00000,5.41538
534F4C31,8046,62204016,0,2996,2786,210,0.00000,5.41538
534F4C31,8046,62206316,0,2994,2788,206,0.00000,5.31223
534F4C31,8046,62209709,0,3000,2787,213,0.00000,5.49275
534F4C31,8046,62211923,0,2994,2783,211,0.00000,5.44117
534F4C31,8046,62214203,0,2996,2782,214,0.00000,5.51853
534F4C31,8046,62216450,0,2996,2783,213,0.00000,5.49275
534F4C31,8046,62218500,0,2995,2783,212,0.00000,5.46696
534F4C31,8046,62220596,0,2993,2782,211,0.00000,5.44117
534F4C31,8047,62222820,0,2994,2783,211,0.00000,5.44117
534F4C31,8048,62227876,0,2994,2783,211,0.00000,5.44117
534F4C31,8049,62231634,0,2998,2780,218,0.00000,5.62168
534F4C31,8050,62235372,0,2992,2783,209,0.00000,5.38960
534F4C31,8051,62241393,0,2992,2782,210,0.00000,5.41538
534F4C31,8051,62245201,0,2994,2782,212,0.00000,5.46696
534F4C31,8051,62249209,0,2993,2785,208,0.00000,5.36381
534F4C31,8052,62251728,0,2992,2784,208,0.00000,5.36381
534F4C31,8053,62257365,0,2993,2780,213,0.00000,5.49275
534F4C31,8053,62261006,0,2994,2785,209,0.00000,5.38960
534F4C31,8053,62265829,0,2991,2782,209,0.00000,5.38960
534F4C31,8053,62269200,0,2994,2783,211,0.00000,5.44117
534F4C31,8053,62271751,0,2995,2785,210,0.00000,5.41538
534F4C31,8053,62273912,0,2993,2782,211,0.00000,5.44117
534F4C31,8053,62276065,0,2995,2783,212,0.00000,5.46696
534F4C31,8054,62279092,0,2996,2781,215,0.00000,5.54432
534F4C31,8054,62284121,0,2995,2781,214,0.00000,5.51853
534F4C31,8054,62286421,0,2995,2784,211,0.00000,5.44117
534F4C31,8054,62289050,0,2992,2782,210,0.00000,5.41538
534F4C31,8054,62291710,0,2994,2786,208,0.00000,5.36381
534F4C31,8054,62293903,0,2993,2784,209,0.00000,5.38960
534F4C31,8054,62295971,0,2991,2785,206,0.00000,5.31223
534F4C31,8054,62298141,0,2999,2783,216,0.00000,5.57011
534F4C31,8054,62300397,0,2995,2784,211,0.00000,5.44117
534F4C31,8054,62302569,0,2995,2780,215,0.00000,5.54432
534F4C31,8055,62304675,0,2989,2784,205,0.00000,5.28645
534F4C31,8056,62309590,0,2992,2782,210,0.00000,5.41538
534F4C31,8057,62313696,0,2994,2780,214,0.00000,5.51853
534F4C31,8058,62318313,0,2995,2785,210,0.00000,5.41538
534F4C31,8058,62323449,0,2995,2779,216,0.00000,5.57011
534F4C31,8058,62325849,0,3002,2784,218,0.00000,5.62168
534F4C31,8059,62328852,0,2988,2784,204,0.00000,5.26066
534F4C31,8059,62333944,0,2995,2783,212,0.00000,5.46696
534F4C31,8059,62336182,0,2995,2780,215,0.00000,5.54432
534F4C31,8060,62339546,0,2999,2782,217,0.00000,5.59590
534F4C31,8061,62343499,0,2992,2780,212,0.00000,5.46696
534F4C31,8062,62346963,0,2994,2783,211,0.00000,5.44117
534F4C31,8063,62353841,0,2991,2785,206,0.00000,5.31223
534F4C31,8063,62358874,0,2991,2783,208,0.00000,5.36381
534F4C31,8063,62361935,0,2998,2784,214,0.00000,5.51853
534F4C31,8063,62365086,0,2991,2784,207,0.00000,5.33802
534F4C31,8063,62367308,0,2995,2781,214,0.00000,5.51853
534F4C31,8063,62369497,0,2993,2786,207,0.00000,5.33802
534F4C31,8063,62371751,0,2989,2781,208,0.00000,5.36381
534F4C31,8064,62374959,0,2997,2785,212,0.00000,5.46696
534F4C31,8065,62379891,0,2999,2784,215,0.00000,5.54432
534F4C31,8065,62383086,0,2994,2781,213,0.00000,5.49275
534F4C31,8065,62388294,0,2999,2785,214,0.00000,5.51853
534F4C31,8065,62391123,0,2994,2784,210,0.00000,5.41538
534F4C31,8065,62393325,0,2993,2783,210,0.00000,5.41538
534F4C31,8065,62396146,0,2992,2785,207,0.00000,5.33802
534F4C31,8065,62398737,0,2992,2784,208,0.00000,5.36381
534F4C31,8066,62400870,0,2996,2782,214,0.00000,5.51853
534F4C31,8067,62404915,0,2993,2784,209,0.00000,5.38960
534F4C31,8068,62410223,0,2997,2783,214,0.00000,5.51853
534F4C31,8068,62416846,0,2992,2780,212,0.00000,5.46696
534F4C31,8068,62419224,0,2998,2781,217,0.00000,5.59590
534F4C31,8068,62421326,0,2991,2787,204,0.00000,5.26066
534F4C31,8068,62424557,0,2997,2784,213,0.00000,5.49275
534F4C31,8068,62426732,0,2995,2783,212,0.00000,5.46696
534F4C31,8068,62428840,0,2997,2783,214,0.00000,5.51853
534F4C31,8068,62430941,0,2998,2782,216,0.00000,5.57011
534F4C31,8068,62433158,0,2995,2785,210,0.00000,5.41538
534F4C31,8068,62435403,0,2991,2782,209,0.00000,5.38960
534F4C31,8068,62437554,0,2996,2784,212,0.00000,5.46696
534F4C31,8069,62439640,0,3001,2782,219,0.00000,5.64747
534F4C31,8070,62442673,0,2996,2782,214,0.00000,5.51853
534F4C31,8071,62447251,0,2994,2784,210,0.00000,5.41538
534F4C31,8072,62451457,0,2994,2784,210,0.00000,5.41538
534F4C31,8073,62456737,0,3001,2783,218,0.00000,5.62168
534F4C31,8073,62462840,0,2992,2784,208,0.00000,5.36381
534F4C31,8073,62465001,0,2995,2784,211,0.00000,5.44117
534F4C31,8074,62468480,0,2995,2784,211,0.00000,5.44117
534F4C31,8074,62472555,0,2991,2783,208,0.00000,5.36381
534F4C31,8074,62474887,0,2994,2785,209,0.00000,5.38960
534F4C31,8074,62477134,0,2995,2784,211,0.00000,5.44117
534F4C31,8074,62480671,0,2995,2783,212,0.00000,5.46696
534F4C31,8074,62482750,0,2995,2786,209,0.00000,5.38960
534F4C31,8074,62484919,0,2994,2782,212,0.00000,5.46696
534F4C31,8074,62487150,0,2996,2784,212,0.00000,5.46696
534F4C31,8074,62489291,0,2996,2784,212,0.00000,5.46696
534F4C31,8074,62491451,0,2998,2784,214,0.00000,5.51853
534F4C31,8074,62493516,0,2996,2782,214,0.00000,5.51853
534F4C31,8074,62495696,0,2988,2782,206,0.00000,5.31223
534F4C31,8074,62497887,0,2991,2782,209,0.00000,5.38960
534F4C31,8074,62500074,0,2995,2784,211,0.00000,5.44117
534F4C31,8075,62502283,0,2993,2784,209,0.00000,5.38960
534F4C31,8076,62506435,0,2995,2787,208,0.00000,5.36381
534F4C31,8077,62510249,0,2999,2782,217,0.00000,5.59590
534F4C31,8078,62516440,0,2992,2783,209,0.00000,5.38960
534F4C31,8079,62520812,0,2993,2781,212,0.00000,5.46696
534F4C31,8079,62525806,0,2993,2782,211,0.00000,5.44117
534F4C31,8079,62528721,0,2995,2784,211,0.00000,5.44117
534F4C31,8079,62531574,0,2994,2781,213,0.00000,5.49275
534F4C31,8079,62534880,0,2993,2786,207,0.00000,5.33802
534F4C31,8079,62537071,0,2995,2782,213,0.00000,5.49275
534F4C31,8079,62539220,0,2993,2786,207,0.00000,5.33802
534F4C31,8079,62541429,0,2991,2783,208,0.00000,5.36381
534F4C31,8079,62543590,0,2994,2783,211,0.00000,5.44117
534F4C31,8080,62545725,0,3000,2784,216,0.00000,5.57011
534F4C31,8081,62550005,0,2992,2780,212,0.00000,5.46696
534F4C31,8082,62553702,0,2997,2784,213,0.00000,5.49275
534F4C31,8083,62560989,0,2990,2786,204,0.00000,5.26066
534F4C31,8083,62564712,0,2988,2785,203,0.00000,5.23487
534F4C31,8083,62568120,0,2998,2780,218,0.00000,5.62168
534F4C31,8083,62570867,0,2996,2779,217,0.00000,5.59590
534F4C31,8084,62573928,0,2994,2787,207,0.00000,5.33802
534F4C31,8084,62579576,0,2996,2781,215,0.00000,5.54432
534F4C31,8084,62582040,0,2992,2784,208,0.00000,5.36381
534F4C31,8084,62585466,0,2991,2784,207,0.00000,5.33802
534F4C31,8084,62587657,0,2994,2784,210,0.00000,5.41538
534F4C31,8084,62589735,0,2993,2782,211,0.00000,5.44117
534F4C31,8084,62591935,0,3000,2781,219,0.00000,5.64747
534F4C31,8084,62594026,0,2994,2780,214,0.00000,5.51853
534F4C31,8084,62596177,0,2997,2781,216,0.00000,5.57011
534F4C31,8084,62598468,0,2995,2785,210,0.00000,5.41538
534F4C31,8085,62600453,0,2992,2783,209,0.00000,5.38960
534F4C31,8086,62605444,0,2997,2783,214,0.00000,5.51853
534F4C31,8087,62611665,0,2990,2784,206,0.00000,5.31223
534F4C31,8087,62615847,0,2994,2783,211,0.00000,5.44117
534F4C31,8088,62619843,0,2994,2782,212,0.00000,5.46696
534F4C31,8088,62622773,0,2993,2785,208,0.00000,5.36381
534F4C31,8088,62626910,0,2998,2786,212,0.00000,5.46696
534F4C31,8088,62629755,0,2998,2786,212,0.00000,5.46696
534F4C31,8089,62632186,0,2995,2784,211,0.00000,5.44117
534F4C31,8089,62636086,0,2993,2783,210,0.00000,5.41538
534F4C31,8089,62638331,0,3000,2783,217,0.00000,5.59590
534F4C31,8089,62641348,0,2997,2783,214,0.00000,5.51853
534F4C31,8089,62643427,0,2996,2783,213,0.00000,5.49275
534F4C31,8090,62645509,0,2996,2786,210,0.00000,5.41538
534F4C31,8091,62651363,0,2990,2783,207,0.00000,5.33802
534F4C31,8092,62655282,0,2994,2783,211,0.00000,5.44117
534F4C31,8092,62661720,0,3000,2786,214,0.00000,5.51853
534F4C31,8092,62665012,0,2998,2782,216,0.00000,5.57011
534F4C31,8092,62667951,0,2991,2786,205,0.00000,5.28645
534F4C31,8092,62670273,0,2994,2782,212,0.00000,5.46696
534F4C31,8092,62672369,0,2994,2784,210,0.00000,5.41538
534F4C31,8092,62674660,0,2995,2784,211,0.00000,5.44117
534F4C31,8093,62676916,0,2993,2781,212,0.00000,5.46696
534F4C31,8094,62681155,0,3000,2782,218,0.00000,5.62168
534F4C31,8095,62685005,0,2991,2782,209,0.00000,5.38960
534F4C31,8096,62690213,0,2994,2786,208,0.00000,5.36381
534F4C31,8096,62694579,0,2994,2783,211,0.00000,5.44117
534F4C31,8096,62699154,0,2994,2782,212,0.00000,5.46696
534F4C31,8096,62702069,0,2997,2784,213,0.00000,5.49275
534F4C31,8096,62704833,0,2996,2781,215,0.00000,5.54432
534F4C31,8096,62707367,0,2997,2782,215,0.00000,5.54432
534F4C31,8096,62709593,0,2996,2786,210,0.00000,5.41538
534F4C31,8096,62711661,0,2992,2781,211,0.00000,5.44117
534F4C31,8096,62713841,0,2992,2785,207,0.00000,5.33802
534F4C31,8096,62715957,0,2994,2781,213,0.00000,5.49275
534F4C31,8096,62718171,0,2994,2785,209,0.00000,5.38960
534F4C31,8096,62720420,0,2991,2784,207,0.00000,5.33802
534F4C31,8097,62722437,0,2992,2787,205,0.00000,5.28645
534F4C31,8098,62727201,0,2996,2786,210,0.00000,5.41538
534F4C31,8099,62730964,0,2994,2781,213,0.00000,5.49275
534F4C31,8100,62737068,0,2993,2785,208,0.00000,5.36381
534F4C31,8100,62739976,0,2994,2781,213,0.00000,5.49275
534F4C31,8100,62745385,0,2990,2782,208,0.00000,5.36381
534F4C31,8100,62747630,0,2993,2782,211,0.00000,5.44117
534F4C31,8100,62750601,0,2997,2784,213,0.00000,5.49275
534F4C31,8101,62753032,0,2993,2782,211,0.00000,5.44117
534F4C31,8102,62757460,0,2993,2785,208,0.00000,5.36381
534F4C31,8102,62764010,0,2997,2782,215,0.00000,5.54432
534F4C31,8102,62766540,0,2995,2782,213,0.00000,5.49275
534F4C31,8103,62769501,0,2996,2782,214,0.00000,5.51853
534F4C31,8103,62774751,0,2993,2781,212,0.00000,5.46696
534F4C31,8103,62777069,0,2999,2785,214,0.00000,5.51853
534F4C31,8103,62779146,0,2993,2785,208,0.00000,5.36381
534F4C31,8103,62782399,0,2992,2785,207,0.00000,5.33802
534F4C31,8103,62784721,0,2991,2781,210,0.00000,5.41538
534F4C31,8103,62786863,0,2997,2784,213,0.00000,5.49275
534F4C31,8103,62789124,0,2999,2785,214,0.00000,5.51853
534F4C31,8103,62791394,0,2993,2783,210,0.00000,5.41538
534F4C31,8103,62793550,0,2994,2782,212,0.00000,5.46696
534F4C31,8104,62795600,0,2993,2787,206,0.00000,5.31223
534F4C31,8105,62800398,0,2996,2785,211,0.00000,5.44117
534F4C31,8106,62805398,0,2990,2784,206,0.00000,5.31223
534F4C31,8106,62810355,0,2995,2784,211,0.00000,5.44117
534F4C31,8106,62813956,0,2989,2782,207,0.00000,5.33802
534F4C31,8107,62817525,0,2992,2783,209,0.00000,5.38960
534F4C31,8108,62821390,0,2994,2783,211,0.00000,5.44117
534F4C31,8109,62825522,0,2992,2784,208,0.00000,5.36381
534F4C31,8110,62830597,0,2998,2783,215,0.00000,5.54432
534F4C31,8111,62836188,0,2993,2786,207,0.00000,5.33802
534F4C31,8112,62840942,0,2997,2782,215,0.00000,5.54432
534F4C31,8112,62843731,0,2992,2786,206,0.00000,5.31223
534F4C31,8112,62849105,0,2998,2783,215,0.00000,5.54432
534F4C31,8112,62851261,0,2997,2785,212,0.00000,5.46696
534F4C31,8112,62854253,0,2996,2787,209,0.00000,5.38960
534F4C31,8112,62856755,0,2990,2784,206,0.00000,5.31223
534F4C31,8112,62858904,0,2995,2785,210,0.00000,5.41538
534F4C31,8112,62861031,0,2997,2783,214,0.00000,5.51853
534F4C31,8112,62863149,0,2997,2783,214,0.00000,5.51853
534F4C31,8112,62865513,0,2998,2784,214,0.00000,5.51853
534F4C31,8112,62867745,0,2993,2783,210,0.00000,5.41538
534F4C31,8112,62870075,0,2997,2786,211,0.00000,5.44117
534F4C31,8112,62872260,0,2991,2782,209,0.00000,5.38960
534F4C31,8112,62874382,0,2998,2784,214,0.00000,5.51853
534F4C31,8112,62876494,0,2996,2785,211,0.00000,5.44117
534F4C31,8112,62878583,0,2992,2786,206,0.00000,5.31223
534F4C31,8112,62880723,0,2988,2783,205,0.00000,5.28645
534F4C31,8112,62882902,0,2993,2783,210,0.00000,5.41538
534F4C31,8113,62885191,0,2994,2780,214,0.00000,5.51853
534F4C31,8114,62888418,0,2993,2786,207,0.00000,5.33802
534F4C31,8115,62892881,0,2997,2781,216,0.00000,5.57011
534F4C31,8116,62900323,0,2997,2784,213,0.00000,5.49275
534F4C31,8116,62903777,0,2994,2784,210,0.00000,5.41538
534F4C31,8117,62906712,0,2997,2783,214,0.00000,5.51853
534F4C31,8118,62911004,0,2994,2785,209,0.00000,5.38960
534F4C31,8119,62916767,0,2997,2785,212,0.00000,5.46696
534F4C31,8120,62921318,0,2991,2786,205,0.00000,5.28645
534F4C31,8120,62926906,0,2997,2780,217,0.00000,5.59590
534F4C31,8120,62930449,0,2994,2783,211,0.00000,5.44117
534F4C31,8120,62932589,0,2992,2784,208,0.00000,5.36381
534F4C31,8120,62936055,0,2991,2785,206,0.00000,5.31223
534F4C31,8120,62938294,0,2998,2786,212,0.00000,5.46696
534F4C31,8120,62940394,0,2993,2781,212,0.00000,5.46696
534F4C31,8120,62942470,0,2994,2782,212,0.00000,5.46696
534F4C31,8120,62944693,0,2995,2783,212,0.00000,5.46696
534F4C31,8120,62946955,0,2992,2785,207,0.00000,5.33802
534F4C31,8120,62949058,0,2992,2787,205,0.00000,5.28645
534F4C31,8120,62951166,0,2990,2783,207,0.00000,5.33802
534F4C31,8120,62953264,0,2994,2784,210,0.00000,5.41538
534F4C31,8120,62955557,0,2995,2785,210,0.00000,5.41538
534F4C31,8120,62957791,0,2993,2782,211,0.00000,5.44117
534F4C31,8120,62959976,0,2990,2782,208,0.00000,5.36381
534F4C31,8121,62962060,0,2997,2782,215,0.00000,5.54432
534F4C31,8122,62965004,0,3001,2785,216,0.00000,5.57011
534F4C31,8123,62969902,0,2994,2783,211,0.00000,5.44117
534F4C31,8124,62974661,0,2996,2785,211,0.00000,5.44117
534F4C31,8124,62979597,0,2996,2784,212,0.00000,5.46696
534F4C31,8124,62982819,0,2995,2782,213,0.00000,5.49275
534F4C31,8124,62985765,0,2994,2783,211,0.00000,5.44117
534F4C31,8124,62988269,0,2999,2784,215,0.00000,5.54432
534F4C31,8125,62990539,0,2996,2782,214,0.00000,5.51853
534F4C31,8125,62994691,0,3001,2783,218,0.00000,5.62168
534F4C31,8125,62997216,0,2996,2783,213,0.00000,5.49275
534F4C31,8126,63000510,0,2999,2786,213,0.00000,5.49275
534F4C31,8127,63004700,0,2996,2781,215,0.00000,5.54432
534F4C31,8127,63008510,0,2993,2785,208,0.00000,5.36381
534F4C31,8127,63011081,0,2992,2785,207,0.00000,5.33802
534F4C31,8127,63015769,0,2992,2784,208,0.00000,5.36381
534F4C31,8127,63017999,0,2992,2783,209,0.00000,5.38960
534F4C31,8127,63019952,0,2993,2781,212,0.00000,5.46696
534F4C31,8127,63023074,0,2994,2784,210,0.00000,5.41538
534F4C31,8127,63025330,0,2995,2785,210,0.00000,5.41538
534F4C31,8127,63027463,0,2997,2785,212,0.00000,5.46696
534F4C31,8127,63029553,0,2996,2785,211,0.00000,5.44117
534F4C31,8127,63031602,0,2994,2785,209,0.00000,5.38960
534F4C31,8127,63033847,0,2996,2784,212,0.00000,5.46696
534F4C31,8128,63036147,0,2994,2780,214,0.00000,5.51853
534F4C31,8129,63040431,0,2993,2784,209,0.00000,5.38960
534F4C31,8130,63044145,0,2993,2782,211,0.00000,5.44117
534F4C31,8131,63049596,0,2994,2785,209,0.00000,5.38960
534F4C31,8132,63054028,0,2995,2781,214,0.00000,5.51853
534F4C31,8132,63059845,0,2993,2785,208,0.00000,5.36381
534F4C31,8132,63062155,0,2995,2783,212,0.00000,5.46696
534F4C31,8132,63065721,0,2994,2784,210,0.00000,5.41538
534F4C31,8132,63068124,0,2993,2784,209,0.00000,5.38960
534F4C31,8132,63070490,0,2994,2783,211,0.00000,5.44117
534F4C31,8132,63072732,0,2994,2781,213,0.00000,5.49275
534F4C31,8132,63076346,0,2995,2782,213,0.00000,5.49275
534F4C31,8132,63078593,0,2993,2782,211,0.00000,5.44117
534F4C31,8133,63080618,0,2991,2783,208,0.00000,5.36381
534F4C31,8134,63085393,0,2990,2783,207,0.00000,5.33802
534F4C31,8135,63089062,0,2994,2781,213,0.00000,5.49275
534F4C31,8136,63095409,0,2992,2782,210,0.00000,5.41538
534F4C31,8136,63098796,0,2995,2782,213,0.00000,5.49275
534F4C31,8136,63101133,0,2997,2786,211,0.00000,5.44117
534F4C31,8136,63106015,0,2993,2783,210,0.00000,5.41538
534F4C31,8136,63109573,0,2991,2781,210,0.00000,5.41538
534F4C31,8136,63111735,0,2997,2779,218,0.00000,5.62168
534F4C31,8136,63113838,0,2996,2783,213,0.00000,5.49275
534F4C31,8137,63117126,0,2990,2783,207,0.00000,5.33802
534F4C31,8137,63122215,0,2993,2784,209,0.00000,5.38960
534F4C31,8138,63124384,0,2991,2785,206,0.00000,5.31223
534F4C31,8138,63128350,0,2993,2784,209,0.00000,5.38960
534F4C31,8139,63132141,0,2996,2780,216,0.00000,5.57011
534F4C31,8139,63135938,0,2995,2782,213,0.00000,5.49275
534F4C31,8139,63138253,0,2992,2780,212,0.00000,5.46696
534F4C31,8140,63142979,0,2994,2780,214,0.00000,5.51853
534F4C31,8140,63146724,0,2995,2784,211,0.00000,5.44117
534F4C31,8140,63151215,0,2991,2784,207,0.00000,5.33802
534F4C31,8141,63154367,0,2994,2783,211,0.00000,5.44117
534F4C31,8142,63160569,0,2994,2784,210,0.00000,5.41538
534F4C31,8142,63164858,0,2993,2782,211,0.00000,5.44117
534F4C31,8142,63168169,0,2990,2783,207,0.00000,5.33802
534F4C31,8142,63170392,0,2998,2783,215,0.00000,5.54432
534F4C31,8142,63173080,0,2996,2783,213,0.00000,5.49275
534F4C31,8142,63175413,0,2998,2784,214,0.00000,5.51853
534F4C31,8142,63177777,0,2991,2781,210,0.00000,5.41538
534F4C31,8142,63179830,0,2989,2782,207,0.00000,5.33802
534F4C31,8142,63181966,0,2993,2786,207,0.00000,5.33802
534F4C31,8143,63184258,0,2992,2781,211,0.00000,5.44117
534F4C31,8144,63188394,0,2993,2787,206,0.00000,5.31223
534F4C31,8145,63192576,0,2992,2781,211,0.00000,5.44117
534F4C31,8146,63198525,0,2992,2782,210,0.00000,5.41538
534F4C31,8146,63202053,0,2998,2785,213,0.00000,5.49275
534F4C31,8146,63206661,0,2996,2785,211,0.00000,5.44117
534F4C31,8147,63209424,0,2996,2785,211,0.00000,5.44117
534F4C31,8148,63214781,0,2993,2784,209,0.00000,5.38960
534F4C31,8149,63219498,0,2995,2783,212,0.00000,5.46696
534F4C31,8149,63224180,0,2998,2785,213,0.00000,5.49275
534F4C31,8149,63227042,0,2992,2782,210,0.00000,5.41538
534F4C31,8149,63230381,0,2992,2784,208,0.00000,5.36381
534F4C31,8149,63233390,0,2995,2784,211,0.00000,5.44117
534F4C31,8149,63235483,0,2994,2784,210,0.00000,5.41538
534F4C31,8149,63237597,0,2995,2782,213,0.00000,5.49275
534F4C31,8149,63239690,0,2997,2781,216,0.00000,5.57011
534F4C31,8149,63241852,0,2994,2783,211,0.00000,5.44117
534F4C31,8149,63244121,0,2997,2783,214,0.00000,5.51853
534F4C31,8149,63246301,0,2995,2785,210,0.00000,5.41538
534F4C31,8149,63248331,0,2994,2782,212,0.00000,5.46696
534F4C31,8149,63250433,0,2992,2785,207,0.00000,5.33802
534F4C31,8149,63252689,0,2995,2780,215,0.00000,5.54432
534F4C31,8150,63254822,0,2997,2790,207,0.00000,5.33802
534F4C31,8151,63259721,0,2999,2781,218,0.00000,5.62168
534F4C31,8152,63264329,0,2993,2786,207,0.00000,5.33802
534F4C31,8153,63269635,0,2992,2781,211,0.00000,5.44117
534F4C31,8154,63275241,0,2994,2785,209,0.00000,5.38960
534F4C31,8154,63278764,0,2995,2783,212,0.00000,5.46696
534F4C31,8155,63283518,0,2997,2783,214,0.00000,5.51853
534F4C31,8156,63288052,0,2992,2783,209,0.00000,5.38960
534F4C31,8156,63293745,0,2995,2782,213,0.00000,5.49275
534F4C31,8156,63296745,0,2994,2782,212,0.00000,5.46696
534F4C31,8157,63300418,0,2993,2785,208,0.00000,5.36381
534F4C31,8157,63304383,0,2993,2781,212,0.00000,5.46696
534F4C31,8157,63306618,0,2996,2785,211,0.00000,5.44117
534F4C31,8157,63309828,0,2996,2781,215,0.00000,5.54432
534F4C31,8157,63312052,0,2991,2784,207,0.00000,5.33802
534F4C31,8157,63314157,0,2993,2784,209,0.00000,5.38960
534F4C31,8157,63316325,0,2992,2782,210,0.00000,5.41538
