device_id,seq,timestamp_us,vbus_raw,iout_raw,iref_raw,i_diff,v_volts,i_amps
534F4C31,5772,41242754,0,2998,2946,52,0.00000,1.34095
534F4C31,5772,41246530,0,2999,2947,52,0.00000,1.34095
534F4C31,5772,41250245,0,2997,2947,50,0.00000,1.28938
534F4C31,5773,41253505,0,2999,2943,56,0.00000,1.44410
534F4C31,5774,41259207,0,2999,2945,54,0.00000,1.39253
534F4C31,5774,41264357,0,3005,2943,62,0.00000,1.59883
534F4C31,5774,41266800,0,2999,2947,52,0.00000,1.34095
534F4C31,5774,41271348,0,2998,2944,54,0.00000,1.39253
534F4C31,5774,41273610,0,2999,2946,53,0.00000,1.36674
534F4C31,5774,41275793,0,3000,2945,55,0.00000,1.41832
534F4C31,5774,41278904,0,2999,2949,50,0.00000,1.28938
534F4C31,5775,41281064,0,2993,2944,49,0.00000,1.26359
534F4C31,5775,41285892,0,2998,2944,54,0.00000,1.39253
534F4C31,5775,41288100,0,3004,2943,61,0.00000,1.57304
534F4C31,5775,41291462,0,2997,2945,52,0.00000,1.34095
534F4C31,5775,41293709,0,2996,2946,50,0.00000,1.28938
534F4C31,5775,41295840,0,2997,2946,51,0.00000,1.31516
534F4C31,5775,41298092,0,2997,2948,49,0.00000,1.26359
534F4C31,5775,41300368,0,3000,2945,55,0.00000,1.41832
534F4C31,5775,41302486,0,3001,2946,55,0.00000,1.41832
534F4C31,5775,41304542,0,2994,2946,48,0.00000,1.23780
534F4C31,5775,41307691,0,2998,2944,54,0.00000,1.39253
534F4C31,5776,41311589,0,3001,2948,53,0.00000,1.36674
534F4C31,5777,41314928,0,2997,2945,52,0.00000,1.34095
534F4C31,5778,41319394,0,2995,2941,54,0.00000,1.39253
534F4C31,5779,41324805,0,3004,2942,62,0.00000,1.59883
534F4C31,5779,41328222,0,2995,2943,52,0.00000,1.34095
534F4C31,5779,41332409,0,2995,2939,56,0.00000,1.44410
534F4C31,5780,41335845,0,2995,2944,51,0.00000,1.31516
534F4C31,5781,41339696,0,2998,2942,56,0.00000,1.44410
534F4C31,5781,41344343,0,2995,2939,56,0.00000,1.44410
534F4C31,5781,41347287,0,2996,2941,55,0.00000,1.41832
534F4C31,5781,41350173,0,2999,2939,60,0.00000,1.54725
534F4C31,5781,41354035,0,2998,2940,58,0.00000,1.49568
534F4C31,5781,41356721,0,2998,2942,56,0.00000,1.44410
534F4C31,5781,41358845,0,3002,2941,61,0.00000,1.57304
534F4C31,5781,41361386,0,2999,2945,54,0.00000,1.39253
534F4C31,5781,41363571,0,2995,2941,54,0.00000,1.39253
534F4C31,5782,41365756,0,2997,2941,56,0.00000,1.44410
534F4C31,5783,41370144,0,2998,2941,57,0.00000,1.46989
534F4C31,5784,41373642,0,2997,2944,53,0.00000,1.36674
534F4C31,5785,41381124,0,2996,2941,55,0.00000,1.41832
534F4C31,5785,41384416,0,2998,2939,59,0.00000,1.52147
534F4C31,5785,41388046,0,2999,2940,59,0.00000,1.52147
534F4C31,5785,41390220,0,2999,2945,54,0.00000,1.39253
534F4C31,5785,41392995,0,2996,2944,52,0.00000,1.34095
534F4C31,5785,41395183,0,2993,2941,52,0.00000,1.34095
534F4C31,5785,41397432,0,2996,2943,53,0.00000,1.36674
534F4C31,5786,41399463,0,2999,2941,58,0.00000,1.49568
534F4C31,5787,41404442,0,3005,2943,62,0.00000,1.59883
534F4C31,5788,41408301,0,2998,2942,56,0.00000,1.44410
534F4C31,5789,41412762,0,2998,2939,59,0.00000,1.52147
534F4C31,5789,41418274,0,2999,2943,56,0.00000,1.44410
534F4C31,5790,41423186,0,3003,2941,62,0.00000,1.59883
534F4C31,5791,41427124,0,2996,2943,53,0.00000,1.36674
534F4C31,5791,41431076,0,2996,2945,51,0.00000,1.31516
534F4C31,5791,41435674,0,2994,2943,51,0.00000,1.31516
534F4C31,5791,41438585,0,3000,2942,58,0.00000,1.49568
534F4C31,5791,41440752,0,2999,2939,60,0.00000,1.54725
534F4C31,5791,41443699,0,3006,2943,63,0.00000,1.62462
534F4C31,5792,41445887,0,2996,2942,54,0.00000,1.39253
534F4C31,5793,41450411,0,2997,2940,57,0.00000,1.46989
534F4C31,5793,41453671,0,2997,2938,59,0.00000,1.52147
534F4C31,5793,41458791,0,3006,2944,62,0.00000,1.59883
534F4C31,5793,41462460,0,2997,2942,55,0.00000,1.41832
534F4C31,5793,41464789,0,3001,2939,62,0.00000,1.59883
534F4C31,5793,41466945,0,2992,2942,50,0.00000,1.28938
534F4C31,5793,41469871,0,2998,2944,54,0.00000,1.39253
534F4C31,5794,41472098,0,2995,2942,53,0.00000,1.36674
534F4C31,5795,41476068,0,3002,2940,62,0.00000,1.59883
534F4C31,5796,41480357,0,3000,2941,59,0.00000,1.52147
534F4C31,5797,41485603,0,2996,2943,53,0.00000,1.36674
534F4C31,5797,41491262,0,2995,2940,55,0.00000,1.41832
534F4C31,5797,41495239,0,2998,2942,56,0.00000,1.44410
534F4C31,5798,41498014,0,2996,2940,56,0.00000,1.44410
534F4C31,5799,41503213,0,2996,2945,51,0.00000,1.31516
534F4C31,5799,41507527,0,3000,2945,55,0.00000,1.41832
534F4C31,5800,41512712,0,2998,2941,57,0.00000,1.46989
534F4C31,5801,41516821,0,2993,2947,46,0.00000,1.18623
534F4C31,5801,41522240,0,3000,2942,58,0.00000,1.49568
534F4C31,5801,41524935,0,2998,2941,57,0.00000,1.46989
534F4C31,5801,41527040,0,2997,2942,55,0.00000,1.41832
534F4C31,5801,41530099,0,2999,2943,56,0.00000,1.44410
534F4C31,5801,41532537,0,3000,2941,59,0.00000,1.52147
534F4C31,5802,41534598,0,3001,2944,57,0.00000,1.46989
534F4C31,5803,41539759,0,2994,2942,52,0.00000,1.34095
534F4C31,5803,41542739,0,2998,2943,55,0.00000,1.41832
534F4C31,5803,41547988,0,3000,2941,59,0.00000,1.52147
534F4C31,5803,41550809,0,3000,2939,61,0.00000,1.57304
534F4C31,5803,41553137,0,2999,2940,59,0.00000,1.52147
534F4C31,5803,41555215,0,2999,2940,59,0.00000,1.52147
534F4C31,5803,41557411,0,2997,2941,56,0.00000,1.44410
534F4C31,5804,41560781,0,3002,2942,60,0.00000,1.54725
534F4C31,5805,41565477,0,2992,2939,53,0.00000,1.36674
534F4C31,5805,41569033,0,3000,2943,57,0.00000,1.46989
534F4C31,5805,41572761,0,2994,2939,55,0.00000,1.41832
534F4C31,5805,41577317,0,2993,2941,52,0.00000,1.34095
534F4C31,5805,41580163,0,2994,2940,54,0.00000,1.39253
534F4C31,5805,41583128,0,2999,2939,60,0.00000,1.54725
534F4C31,5805,41585503,0,2993,2941,52,0.00000,1.34095
534F4C31,5805,41587590,0,2999,2938,61,0.00000,1.57304
534F4C31,5805,41589880,0,2994,2940,54,0.00000,1.39253
534F4C31,5805,41592159,0,2997,2942,55,0.00000,1.41832
534F4C31,5805,41594358,0,3001,2943,58,0.00000,1.49568
534F4C31,5805,41596393,0,2998,2944,54,0.00000,1.39253
534F4C31,5805,41598520,0,2999,2941,58,0.00000,1.49568
534F4C31,5805,41600617,0,2994,2942,52,0.00000,1.34095
534F4C31,5805,41602856,0,2993,2940,53,0.00000,1.36674
534F4C31,5805,41605068,0,2995,2942,53,0.00000,1.36674
534F4C31,5805,41607098,0,3000,2941,59,0.00000,1.52147
534F4C31,5805,41609253,0,3000,2939,61,0.00000,1.57304
534F4C31,5806,41611507,0,3001,2942,59,0.00000,1.52147
534F4C31,5806,41615275,0,2996,2940,56,0.00000,1.44410
534F4C31,5806,41618568,0,3005,2940,65,0.00000,1.67619
534F4C31,5806,41620793,0,3002,2941,61,0.00000,1.57304
534F4C31,5806,41624437,0,2992,2942,50,0.00000,1.28938
534F4C31,5806,41626946,0,2992,2938,54,0.00000,1.39253
534F4C31,5806,41629224,0,2994,2942,52,0.00000,1.34095
534F4C31,5807,41631365,0,2997,2940,57,0.00000,1.46989
534F4C31,5808,41635589,0,2996,2944,52,0.00000,1.34095
534F4C31,5809,41639169,0,2998,2943,55,0.00000,1.41832
534F4C31,5810,41644832,0,2995,2944,51,0.00000,1.31516
534F4C31,5810,41650648,0,2995,2938,57,0.00000,1.46989
534F4C31,5810,41654148,0,2997,2942,55,0.00000,1.41832
534F4C31,5811,41656899,0,2995,2940,55,0.00000,1.41832
534F4C31,5811,41661802,0,2994,2940,54,0.00000,1.39253
534F4C31,5812,41665575,0,3001,2944,57,0.00000,1.46989
534F4C31,5813,41670222,0,2999,2941,58,0.00000,1.49568
534F4C31,5814,41676850,0,2993,2941,52,0.00000,1.34095
534F4C31,5814,41680587,0,3000,2939,61,0.00000,1.57304
534F4C31,5814,41684683,0,2996,2940,56,0.00000,1.44410
534F4C31,5814,41687455,0,2996,2942,54,0.00000,1.39253
534F4C31,5814,41690289,0,3003,2939,64,0.00000,1.65040
534F4C31,5814,41692658,0,2999,2942,57,0.00000,1.46989
534F4C31,5814,41694767,0,2997,2939,58,0.00000,1.49568
534F4C31,5814,41696894,0,2994,2938,56,0.00000,1.44410
534F4C31,5814,41699103,0,2998,2941,57,0.00000,1.46989
534F4C31,5814,41701266,0,3002,2940,62,0.00000,1.59883
534F4C31,5814,41703311,0,2994,2939,55,0.00000,1.41832
534F4C31,5814,41705458,0,3001,2941,60,0.00000,1.54725
534F4C31,5815,41707665,0,3001,2943,58,0.00000,1.49568
534F4C31,5815,41711219,0,2997,2940,57,0.00000,1.46989
534F4C31,5815,41714395,0,3003,2942,61,0.00000,1.57304
534F4C31,5816,41716464,0,2998,2942,56,0.00000,1.44410
534F4C31,5817,41721865,0,3002,2943,59,0.00000,1.52147
534F4C31,5817,41725529,0,3000,2941,59,0.00000,1.52147
534F4C31,5817,41729584,0,3006,2941,65,0.00000,1.67619
534F4C31,5817,41732982,0,2997,2938,59,0.00000,1.52147
534F4C31,5817,41735410,0,2997,2941,56,0.00000,1.44410
534F4C31,5818,41737578,0,3000,2943,57,0.00000,1.46989
534F4C31,5818,41741984,0,2999,2944,55,0.00000,1.41832
534F4C31,5818,41745539,0,2993,2938,55,0.00000,1.41832
534F4C31,5818,41747812,0,2995,2940,55,0.00000,1.41832
534F4C31,5819,41750975,0,2998,2940,58,0.00000,1.49568
534F4C31,5820,41755360,0,2990,2940,50,0.00000,1.28938
534F4C31,5820,41759307,0,2999,2942,57,0.00000,1.46989
534F4C31,5820,41761661,0,2998,2940,58,0.00000,1.49568
534F4C31,5821,41764830,0,3000,2941,59,0.00000,1.52147
534F4C31,5822,41770174,0,2995,2940,55,0.00000,1.41832
534F4C31,5822,41776186,0,2998,2940,58,0.00000,1.49568
534F4C31,5822,41778359,0,2999,2942,57,0.00000,1.46989
534F4C31,5822,41780525,0,2992,2939,53,0.00000,1.36674
534F4C31,5822,41782863,0,2992,2945,47,0.00000,1.21201
534F4C31,5823,41786170,0,2996,2940,56,0.00000,1.44410
534F4C31,5823,41790885,0,2997,2940,57,0.00000,1.46989
534F4C31,5823,41793176,0,2996,2940,56,0.00000,1.44410
534F4C31,5824,41796123,0,3000,2941,59,0.00000,1.52147
534F4C31,5824,41800741,0,3003,2940,63,0.00000,1.62462
534F4C31,5824,41803622,0,3002,2938,64,0.00000,1.65040
534F4C31,5824,41806488,0,2998,2935,63,0.00000,1.62462
534F4C31,5824,41808827,0,2988,2939,49,0.00000,1.26359
534F4C31,5824,41811775,0,3000,2939,61,0.00000,1.57304
534F4C31,5824,41813929,0,2999,2939,60,0.00000,1.54725
534F4C31,5824,41815972,0,2994,2944,50,0.00000,1.28938
534F4C31,5825,41818376,0,2993,2943,50,0.00000,1.28938
534F4C31,5826,41822864,0,2996,2943,53,0.00000,1.36674
534F4C31,5827,41826818,0,2998,2943,55,0.00000,1.41832
534F4C31,5828,41832347,0,2998,2939,59,0.00000,1.52147
534F4C31,5828,41836427,0,2999,2939,60,0.00000,1.54725
534F4C31,5828,41839890,0,2999,2943,56,0.00000,1.44410
534F4C31,5828,41842066,0,2995,2939,56,0.00000,1.44410
534F4C31,5828,41845356,0,2998,2940,58,0.00000,1.49568
534F4C31,5828,41847705,0,2998,2940,58,0.00000,1.49568
534F4C31,5828,41849866,0,2995,2940,55,0.00000,1.41832
534F4C31,5828,41851925,0,2997,2944,53,0.00000,1.36674
534F4C31,5828,41854301,0,3004,2943,61,0.00000,1.57304
534F4C31,5829,41857638,0,2994,2944,50,0.00000,1.28938
534F4C31,5830,41862931,0,3001,2943,58,0.00000,1.49568
534F4C31,5831,41868668,0,2996,2938,58,0.00000,1.49568
534F4C31,5831,41873736,0,2999,2941,58,0.00000,1.49568
534F4C31,5832,41876143,0,2995,2944,51,0.00000,1.31516
534F4C31,5833,41881212,0,2997,2941,56,0.00000,1.44410
534F4C31,5833,41884723,0,3002,2940,62,0.00000,1.59883
534F4C31,5833,41887807,0,2992,2939,53,0.00000,1.36674
534F4C31,5833,41892317,0,2998,2942,56,0.00000,1.44410
534F4C31,5833,41894704,0,2990,2941,49,0.00000,1.26359
534F4C31,5833,41896713,0,3002,2941,61,0.00000,1.57304
534F4C31,5833,41899570,0,2994,2943,51,0.00000,1.31516
534F4C31,5833,41901939,0,2995,2940,55,0.00000,1.41832
534F4C31,5833,41903849,0,2992,2943,49,0.00000,1.26359
534F4C31,5833,41906047,0,2993,2941,52,0.00000,1.34095
534F4C31,5833,41908327,0,2997,2944,53,0.00000,1.36674
534F4C31,5834,41911555,0,2994,2938,56,0.00000,1.44410
534F4C31,5835,41915099,0,2996,2941,55,0.00000,1.41832
534F4C31,5836,41921068,0,2995,2940,55,0.00000,1.41832
534F4C31,5836,41925080,0,3002,2938,64,0.00000,1.65040
534F4C31,5836,41927526,0,3001,2939,62,0.00000,1.59883
534F4C31,5836,41929629,0,2994,2943,51,0.00000,1.31516
534F4C31,5836,41933573,0,2994,2940,54,0.00000,1.39253
534F4C31,5837,41935740,0,2998,2941,57,0.00000,1.46989
534F4C31,5838,41940940,0,2996,2940,56,0.00000,1.44410
534F4C31,5839,41944704,0,2998,2941,57,0.00000,1.46989
534F4C31,5840,41951023,0,3001,2940,61,0.00000,1.57304
534F4C31,5840,41956028,0,2996,2942,54,0.00000,1.39253
534F4C31,5841,41959638,0,3000,2941,59,0.00000,1.52147
534F4C31,5841,41963379,0,2996,2939,57,0.00000,1.46989
534F4C31,5841,41968596,0,2993,2939,54,0.00000,1.39253
534F4C31,5841,41970963,0,2996,2938,58,0.00000,1.49568
534F4C31,5841,41974310,0,2999,2938,61,0.00000,1.57304
534F4C31,5841,41976547,0,3005,2941,64,0.00000,1.65040
534F4C31,5841,41978811,0,2996,2939,57,0.00000,1.46989
534F4C31,5842,41982246,0,2998,2941,57,0.00000,1.46989
534F4C31,5843,41986181,0,2995,2939,56,0.00000,1.44410
534F4C31,5843,41990393,0,3000,2945,55,0.00000,1.41832
534F4C31,5843,41995840,0,2994,2941,53,0.00000,1.36674
534F4C31,5843,41999052,0,2993,2940,53,0.00000,1.36674
534F4C31,5843,42001295,0,2994,2946,48,0.00000,1.23780
534F4C31,5843,42004493,0,2999,2942,57,0.00000,1.46989
534F4C31,5843,42006631,0,2999,2947,52,0.00000,1.34095
534F4C31,5843,42008794,0,2998,2940,58,0.00000,1.49568
534F4C31,5843,42011107,0,2988,2940,48,0.00000,1.23780
534F4C31,5844,42013100,0,2997,2943,54,0.00000,1.39253
534F4C31,5845,42018030,0,3003,2941,62,0.00000,1.59883
534F4C31,5846,42021732,0,2999,2936,63,0.00000,1.62462
534F4C31,5847,42028168,0,2996,2939,57,0.00000,1.46989
534F4C31,5847,42031994,0,2998,2936,62,0.00000,1.59883
534F4C31,5848,42035132,0,2990,2935,55,0.00000,1.41832
534F4C31,5849,42038071,0,2997,2935,62,0.00000,1.59883
534F4C31,5850,42043062,0,2997,2939,58,0.00000,1.49568
534F4C31,5851,42048009,0,2997,2938,59,0.00000,1.52147
534F4C31,5851,42052497,0,2997,2938,59,0.00000,1.52147
534F4C31,5851,42057235,0,2996,2936,60,0.00000,1.54725
534F4C31,5851,42059323,0,2998,2938,60,0.00000,1.54725
534F4C31,5851,42061394,0,2997,2937,60,0.00000,1.54725
534F4C31,5852,42064597,0,3002,2937,65,0.00000,1.67619
534F4C31,5852,42068549,0,2991,2938,53,0.00000,1.36674
534F4C31,5852,42071395,0,2996,2935,61,0.00000,1.57304
534F4C31,5853,42073613,0,2998,2939,59,0.00000,1.52147
534F4C31,5853,42079104,0,2998,2940,58,0.00000,1.49568
534F4C31,5853,42082196,0,2998,2937,61,0.00000,1.57304
534F4C31,5853,42085010,0,3003,2938,65,0.00000,1.67619
534F4C31,5853,42088021,0,2998,2933,65,0.00000,1.67619
534F4C31,5853,42090538,0,2999,2937,62,0.00000,1.59883
534F4C31,5853,42092726,0,2999,2936,63,0.00000,1.62462
534F4C31,5853,42094827,0,2993,2936,57,0.00000,1.46989
534F4C31,5853,42096875,0,3001,2936,65,0.00000,1.67619
534F4C31,5853,42098986,0,2998,2938,60,0.00000,1.54725
534F4C31,5853,42101261,0,2997,2939,58,0.00000,1.49568
534F4C31,5853,42103483,0,2996,2937,59,0.00000,1.52147
534F4C31,5853,42105592,0,3001,2938,63,0.00000,1.62462
534F4C31,5853,42107657,0,2999,2936,63,0.00000,1.62462
534F4C31,5854,42109786,0,2998,2938,60,0.00000,1.54725
534F4C31,5855,42114549,0,2997,2938,59,0.00000,1.52147
534F4C31,5856,42118055,0,2995,2934,61,0.00000,1.57304
534F4C31,5857,42124483,0,3001,2936,65,0.00000,1.67619
534F4C31,5857,42128973,0,2992,2937,55,0.00000,1.41832
534F4C31,5857,42132845,0,2994,2938,56,0.00000,1.44410
534F4C31,5857,42137237,0,2998,2938,60,0.00000,1.54725
534F4C31,5858,42139716,0,3000,2936,64,0.00000,1.65040
534F4C31,5859,42143700,0,2994,2941,53,0.00000,1.36674
534F4C31,5860,42149342,0,3001,2936,65,0.00000,1.67619
534F4C31,5861,42155768,0,2998,2936,62,0.00000,1.59883
534F4C31,5861,42159073,0,2994,2938,56,0.00000,1.44410
534F4C31,5861,42162729,0,3001,2937,64,0.00000,1.65040
534F4C31,5861,42167254,0,2994,2937,57,0.00000,1.46989
534F4C31,5861,42169586,0,3003,2937,66,0.00000,1.70198
534F4C31,5861,42171827,0,2994,2937,57,0.00000,1.46989
534F4C31,5861,42174990,0,2993,2932,61,0.00000,1.57304
534F4C31,5861,42177241,0,2997,2936,61,0.00000,1.57304
534F4C31,5861,42180007,0,2997,2938,59,0.00000,1.52147
534F4C31,5862,42183615,0,2992,2939,53,0.00000,1.36674
534F4C31,5862,42188879,0,2994,2937,57,0.00000,1.46989
534F4C31,5862,42191187,0,2997,2937,60,0.00000,1.54725
534F4C31,5863,42194223,0,2995,2937,58,0.00000,1.49568
534F4C31,5863,42198195,0,2993,2936,57,0.00000,1.46989
534F4C31,5863,42200879,0,2995,2936,59,0.00000,1.52147
534F4C31,5863,42203047,0,3002,2937,65,0.00000,1.67619
534F4C31,5863,42205887,0,2995,2935,60,0.00000,1.54725
534F4C31,5863,42208357,0,3002,2938,64,0.00000,1.65040
534F4C31,5863,42210407,0,2998,2938,60,0.00000,1.54725
534F4C31,5863,42212487,0,3000,2937,63,0.00000,1.62462
534F4C31,5864,42214688,0,2990,2938,52,0.00000,1.34095
534F4C31,5865,42219252,0,2990,2940,50,0.00000,1.28938
534F4C31,5866,42223456,0,2995,2939,56,0.00000,1.44410
534F4C31,5866,42227661,0,3005,2937,68,0.00000,1.75355
534F4C31,5866,42231311,0,2999,2937,62,0.00000,1.59883
534F4C31,5867,42233542,0,2999,2936,63,0.00000,1.62462
534F4C31,5868,42237925,0,2996,2936,60,0.00000,1.54725
534F4C31,5868,42243069,0,3003,2939,64,0.00000,1.65040
534F4C31,5868,42245398,0,2993,2934,59,0.00000,1.52147
534F4C31,5868,42249991,0,2999,2936,63,0.00000,1.62462
534F4C31,5868,42252288,0,2999,2938,61,0.00000,1.57304
534F4C31,5868,42254374,0,3001,2939,62,0.00000,1.59883
534F4C31,5868,42257197,0,2997,2937,60,0.00000,1.54725
534F4C31,5868,42259516,0,2995,2936,59,0.00000,1.52147
534F4C31,5868,42261643,0,2997,2937,60,0.00000,1.54725
534F4C31,5868,42263740,0,2997,2937,60,0.00000,1.54725
534F4C31,5869,42266061,0,3003,2939,64,0.00000,1.65040
534F4C31,5870,42270597,0,2996,2939,57,0.00000,1.46989
534F4C31,5871,42274632,0,3002,2936,66,0.00000,1.70198
534F4C31,5872,42280824,0,2996,2939,57,0.00000,1.46989
534F4C31,5872,42285308,0,3000,2936,64,0.00000,1.65040
534F4C31,5872,42289546,0,3002,2936,66,0.00000,1.70198
534F4C31,5872,42292444,0,2996,2937,59,0.00000,1.52147
534F4C31,5872,42294607,0,3000,2937,63,0.00000,1.62462
534F4C31,5873,42297916,0,3000,2937,63,0.00000,1.62462
534F4C31,5873,42302781,0,2994,2939,55,0.00000,1.41832
534F4C31,5873,42305096,0,2999,2936,63,0.00000,1.62462
534F4C31,5873,42307150,0,2997,2939,58,0.00000,1.49568
534F4C31,5873,42310210,0,3000,2938,62,0.00000,1.59883
534F4C31,5874,42312570,0,2996,2937,59,0.00000,1.52147
534F4C31,5874,42316724,0,2998,2937,61,0.00000,1.57304
534F4C31,5874,42319143,0,2992,2938,54,0.00000,1.39253
534F4C31,5875,42322204,0,3000,2939,61,0.00000,1.57304
534F4C31,5875,42325251,0,2999,2937,62,0.00000,1.59883
534F4C31,5875,42328746,0,2992,2937,55,0.00000,1.41832
534F4C31,5875,42330880,0,3000,2937,63,0.00000,1.62462
534F4C31,5876,42334668,0,2998,2939,59,0.00000,1.52147
534F4C31,5876,42338770,0,2997,2938,59,0.00000,1.52147
534F4C31,5876,42340983,0,2998,2935,63,0.00000,1.62462
534F4C31,5877,42344399,0,2998,2940,58,0.00000,1.49568
534F4C31,5877,42348969,0,3000,2937,63,0.00000,1.62462
534F4C31,5877,42351707,0,3003,2934,69,0.00000,1.77934
534F4C31,5878,42355061,0,3002,2936,66,0.00000,1.70198
534F4C31,5879,42360260,0,2996,2938,58,0.00000,1.49568
534F4C31,5879,42365290,0,3001,2937,64,0.00000,1.65040
534F4C31,5879,42367978,0,2995,2937,58,0.00000,1.49568
534F4C31,5879,42370795,0,2999,2938,61,0.00000,1.57304
534F4C31,5879,42373760,0,3000,2936,64,0.00000,1.65040
534F4C31,5879,42376094,0,2992,2937,55,0.00000,1.41832
534F4C31,5879,42378339,0,2990,2936,54,0.00000,1.39253
534F4C31,5880,42380507,0,2996,2939,57,0.00000,1.46989
534F4C31,5881,42384750,0,2998,2938,60,0.00000,1.54725
534F4C31,5882,42388972,0,2999,2938,61,0.00000,1.57304
534F4C31,5883,42393399,0,3000,2935,65,0.00000,1.67619
534F4C31,5884,42398429,0,2997,2938,59,0.00000,1.52147
534F4C31,5885,42402213,0,3002,2940,62,0.00000,1.59883
534F4C31,5885,42404366,0,2998,2937,61,0.00000,1.57304
534F4C31,5885,42409671,0,2999,2939,60,0.00000,1.54725
534F4C31,5885,42411886,0,2999,2938,61,0.00000,1.57304
534F4C31,5885,42413939,0,2997,2938,59,0.00000,1.52147
534F4C31,5886,42416954,0,2996,2939,57,0.00000,1.46989
534F4C31,5886,42421683,0,2998,2939,59,0.00000,1.52147
534F4C31,5886,42424486,0,3000,2938,62,0.00000,1.59883
534F4C31,5886,42427276,0,2992,2937,55,0.00000,1.41832
534F4C31,5886,42430442,0,2995,2935,60,0.00000,1.54725
534F4C31,5886,42433409,0,2995,2936,59,0.00000,1.52147
534F4C31,5886,42436245,0,2996,2936,60,0.00000,1.54725
534F4C31,5886,42438438,0,2999,2938,61,0.00000,1.57304
534F4C31,5886,42440519,0,3002,2939,63,0.00000,1.62462
534F4C31,5886,42443266,0,2996,2936,60,0.00000,1.54725
534F4C31,5886,42445787,0,3001,2934,67,0.00000,1.72777
534F4C31,5886,42447929,0,2997,2936,61,0.00000,1.57304
534F4C31,5886,42449954,0,2989,2937,52,0.00000,1.34095
534F4C31,5886,42452101,0,2996,2938,58,0.00000,1.49568
534F4C31,5886,42454357,0,2998,2939,59,0.00000,1.52147
534F4C31,5887,42457606,0,2995,2936,59,0.00000,1.52147
534F4C31,5888,42461186,0,2995,2938,57,0.00000,1.46989
534F4C31,5889,42467780,0,2998,2936,62,0.00000,1.59883
534F4C31,5889,42472299,0,3001,2939,62,0.00000,1.59883
534F4C31,5889,42476736,0,2999,2938,61,0.00000,1.57304
534F4C31,5890,42480326,0,3004,2936,68,0.00000,1.75355
534F4C31,5891,42484460,0,2999,2939,60,0.00000,1.54725
534F4C31,5892,42489533,0,3000,2935,65,0.00000,1.67619
534F4C31,5892,42493962,0,3005,2940,65,0.00000,1.67619
534F4C31,5892,42496155,0,3002,2939,63,0.00000,1.62462
534F4C31,5893,42498480,0,2997,2937,60,0.00000,1.54725
534F4C31,5893,42503735,0,2998,2935,63,0.00000,1.62462
534F4C31,5893,42506628,0,2997,2938,59,0.00000,1.52147
534F4C31,5894,42508915,0,3000,2940,60,0.00000,1.54725
534F4C31,5895,42514138,0,2996,2939,57,0.00000,1.46989
534F4C31,5896,42517867,0,3003,2935,68,0.00000,1.75355
534F4C31,5896,42524079,0,2999,2939,60,0.00000,1.54725
534F4C31,5896,42526344,0,2997,2935,62,0.00000,1.59883
534F4C31,5896,42529695,0,2998,2937,61,0.00000,1.57304
534F4C31,5896,42531979,0,3001,2938,63,0.00000,1.62462
534F4C31,5896,42534198,0,3000,2938,62,0.00000,1.59883
534F4C31,5896,42536242,0,2995,2938,57,0.00000,1.46989
534F4C31,5896,42538461,0,2992,2938,54,0.00000,1.39253
534F4C31,5896,42540524,0,2997,2937,60,0.00000,1.54725
534F4C31,5896,42542702,0,3003,2940,63,0.00000,1.62462
534F4C31,5896,42544781,0,3002,2938,64,0.00000,1.65040
534F4C31,5896,42546951,0,2993,2938,55,0.00000,1.41832
534F4C31,5896,42549209,0,3000,2938,62,0.00000,1.59883
534F4C31,5896,42551439,0,2998,2935,63,0.00000,1.62462
534F4C31,5897,42554232,0,2993,2934,59,0.00000,1.52147
534F4C31,5898,42558744,0,2999,2939,60,0.00000,1.54725
534F4C31,5899,42562713,0,3000,2937,63,0.00000,1.62462
534F4C31,5900,42568556,0,2996,2936,60,0.00000,1.54725
534F4C31,5900,42572996,0,3001,2936,65,0.00000,1.67619
534F4C31,5900,42575144,0,2994,2938,56,0.00000,1.44410
534F4C31,5900,42579413,0,3003,2937,66,0.00000,1.70198
534F4C31,5900,42582053,0,2998,2933,65,0.00000,1.67619
534F4C31,5900,42584278,0,2998,2938,60,0.00000,1.54725
534F4C31,5900,42587243,0,2992,2936,56,0.00000,1.44410
534F4C31,5900,42589968,0,2998,2940,58,0.00000,1.49568
534F4C31,5900,42592221,0,2994,2940,54,0.00000,1.39253
534F4C31,5901,42594368,0,2996,2937,59,0.00000,1.52147
534F4C31,5902,42598527,0,2999,2935,64,0.00000,1.65040
534F4C31,5902,42602282,0,2997,2938,59,0.00000,1.52147
534F4C31,5902,42604421,0,2996,2937,59,0.00000,1.52147
534F4C31,5903,42609210,0,2999,2939,60,0.00000,1.54725
534F4C31,5903,42612672,0,3000,2937,63,0.00000,1.62462
534F4C31,5903,42617497,0,3000,2935,65,0.00000,1.67619
534F4C31,5904,42620514,0,2997,2936,61,0.00000,1.57304
534F4C31,5904,42625040,0,3000,2937,63,0.00000,1.62462
534F4C31,5904,42627854,0,3000,2937,63,0.00000,1.62462
534F4C31,5904,42630969,0,3001,2937,64,0.00000,1.65040
534F4C31,5904,42633218,0,2994,2938,56,0.00000,1.44410
534F4C31,5904,42635436,0,3001,2938,63,0.00000,1.62462
534F4C31,5904,42637618,0,3001,2937,64,0.00000,1.65040
534F4C31,5905,42640889,0,2997,2938,59,0.00000,1.52147
534F4C31,5906,42644785,0,2997,2938,59,0.00000,1.52147
534F4C31,5907,42649522,0,2999,2942,57,0.00000,1.46989
534F4C31,5908,42655041,0,3003,2936,67,0.00000,1.72777
534F4C31,5909,42660030,0,2996,2941,55,0.00000,1.41832
534F4C31,5909,42663834,0,2998,2936,62,0.00000,1.59883
534F4C31,5909,42667760,0,2997,2936,61,0.00000,1.57304
534F4C31,5909,42669915,0,2999,2938,61,0.00000,1.57304
534F4C31,5909,42672818,0,3003,2939,64,0.00000,1.65040
534F4C31,5910,42676013,0,2996,2938,58,0.00000,1.49568
534F4C31,5911,42681096,0,2996,2938,58,0.00000,1.49568
534F4C31,5912,42684951,0,2998,2939,59,0.00000,1.52147
534F4C31,5912,42689129,0,2999,2938,61,0.00000,1.57304
534F4C31,5912,42693430,0,2995,2935,60,0.00000,1.54725
534F4C31,5912,42697507,0,2998,2937,61,0.00000,1.57304
534F4C31,5913,42700440,0,2998,2938,60,0.00000,1.54725
534F4C31,5913,42704165,0,2999,2934,65,0.00000,1.67619
534F4C31,5913,42707805,0,2996,2937,59,0.00000,1.52147
534F4C31,5913,42710068,0,2996,2936,60,0.00000,1.54725
534F4C31,5913,42713452,0,3000,2935,65,0.00000,1.67619
534F4C31,5913,42715663,0,3002,2936,66,0.00000,1.70198
534F4C31,5913,42717783,0,2994,2931,63,0.00000,1.62462
534F4C31,5913,42719976,0,3001,2933,68,0.00000,1.75355
534F4C31,5913,42722155,0,2997,2933,64,0.00000,1.65040
534F4C31,5913,42724290,0,2997,2936,61,0.00000,1.57304
534F4C31,5913,42726338,0,3003,2936,67,0.00000,1.72777
534F4C31,5913,42728414,0,2997,2933,64,0.00000,1.65040
534F4C31,5914,42730901,0,2998,2934,64,0.00000,1.65040
534F4C31,5915,42735672,0,2997,2931,66,0.00000,1.70198
534F4C31,5916,42740070,0,2997,2932,65,0.00000,1.67619
534F4C31,5916,42744914,0,2994,2934,60,0.00000,1.54725
534F4C31,5916,42748217,0,2998,2933,65,0.00000,1.67619
534F4C31,5917,42751513,0,2996,2934,62,0.00000,1.59883
534F4C31,5918,42755595,0,2996,2934,62,0.00000,1.59883
534F4C31,5918,42760340,0,3001,2932,69,0.00000,1.77934
534F4C31,5919,42763178,0,2998,2935,63,0.00000,1.62462
534F4C31,5920,42765522,0,3000,2933,67,0.00000,1.72777
534F4C31,5921,42771436,0,2996,2934,62,0.00000,1.59883
534F4C31,5922,42776464,0,2998,2934,64,0.00000,1.65040
534F4C31,5922,42781469,0,2998,2930,68,0.00000,1.75355
534F4C31,5922,42784532,0,2990,2931,59,0.00000,1.52147
534F4C31,5923,42788752,0,3000,2933,67,0.00000,1.72777
534F4C31,5923,42791994,0,2995,2935,60,0.00000,1.54725
534F4C31,5923,42796760,0,3002,2932,70,0.00000,1.80513
534F4C31,5923,42800362,0,3001,2935,66,0.00000,1.70198
534F4C31,5923,42803029,0,2997,2933,64,0.00000,1.65040
534F4C31,5923,42805363,0,3004,2934,70,0.00000,1.80513
534F4C31,5923,42808640,0,2997,2934,63,0.00000,1.62462
534F4C31,5923,42810704,0,2997,2936,61,0.00000,1.57304
534F4C31,5923,42812809,0,2994,2932,62,0.00000,1.59883
534F4C31,5923,42814963,0,3001,2933,68,0.00000,1.75355
534F4C31,5923,42817122,0,2996,2934,62,0.00000,1.59883
534F4C31,5923,42819307,0,3001,2934,67,0.00000,1.72777
534F4C31,5923,42821374,0,3002,2933,69,0.00000,1.77934
534F4C31,5923,42823512,0,2997,2934,63,0.00000,1.62462
534F4C31,5923,42825713,0,2999,2934,65,0.00000,1.67619
534F4C31,5923,42827923,0,2993,2931,62,0.00000,1.59883
534F4C31,5924,42830878,0,2994,2931,63,0.00000,1.62462
534F4C31,5925,42835353,0,2997,2934,63,0.00000,1.62462
534F4C31,5926,42839751,0,2993,2934,59,0.00000,1.52147
534F4C31,5927,42846279,0,3002,2932,70,0.00000,1.80513
534F4C31,5927,42848505,0,3002,2935,67,0.00000,1.72777
534F4C31,5927,42852492,0,3002,2935,67,0.00000,1.72777
534F4C31,5927,42856143,0,2997,2931,66,0.00000,1.70198
534F4C31,5927,42858237,0,3003,2933,70,0.00000,1.80513
534F4C31,5928,42861322,0,2997,2930,67,0.00000,1.72777
534F4C31,5928,42864721,0,2996,2929,67,0.00000,1.72777
534F4C31,5928,42867859,0,2992,2933,59,0.00000,1.52147
534F4C31,5928,42870097,0,2999,2932,67,0.00000,1.72777
534F4C31,5928,42872260,0,3001,2933,68,0.00000,1.75355
534F4C31,5928,42875503,0,3003,2933,70,0.00000,1.80513
534F4C31,5928,42877710,0,3001,2932,69,0.00000,1.77934
534F4C31,5929,42880866,0,2989,2936,53,0.00000,1.36674
534F4C31,5930,42884275,0,2994,2932,62,0.00000,1.59883
534F4C31,5931,42888480,0,2999,2931,68,0.00000,1.75355
534F4C31,5932,42893937,0,2997,2932,65,0.00000,1.67619
534F4C31,5932,42898710,0,2997,2933,64,0.00000,1.65040
534F4C31,5933,42902335,0,2997,2934,63,0.00000,1.62462
534F4C31,5933,42907006,0,3004,2933,71,0.00000,1.83092
534F4C31,5933,42910352,0,2997,2934,63,0.00000,1.62462
534F4C31,5933,42912481,0,2998,2930,68,0.00000,1.75355
534F4C31,5934,42917001,0,3002,2933,69,0.00000,1.77934
534F4C31,5934,42920364,0,3004,2936,68,0.00000,1.75355
534F4C31,5934,42924216,0,3000,2933,67,0.00000,1.72777
534F4C31,5934,42926885,0,3001,2934,67,0.00000,1.72777
534F4C31,5934,42929021,0,2998,2933,65,0.00000,1.67619
534F4C31,5935,42932568,0,2996,2937,59,0.00000,1.52147
534F4C31,5936,42938371,0,2998,2933,65,0.00000,1.67619
534F4C31,5936,42942355,0,2997,2936,61,0.00000,1.57304
534F4C31,5936,42947684,0,2996,2933,63,0.00000,1.62462
534F4C31,5936,42949909,0,3002,2933,69,0.00000,1.77934
534F4C31,5936,42952092,0,2995,2932,63,0.00000,1.62462
534F4C31,5937,42955133,0,3000,2931,69,0.00000,1.77934
534F4C31,5937,42958446,0,2994,2929,65,0.00000,1.67619
534F4C31,5937,42961209,0,2996,2931,65,0.00000,1.67619
534F4C31,5937,42963824,0,3000,2934,66,0.00000,1.70198
534F4C31,5937,42966745,0,3002,2935,67,0.00000,1.72777
534F4C31,5937,42969275,0,2998,2935,63,0.00000,1.62462
534F4C31,5937,42971393,0,2990,2931,59,0.00000,1.52147
534F4C31,5937,42973451,0,3001,2935,66,0.00000,1.70198
534F4C31,5938,42975546,0,2998,2931,67,0.00000,1.72777
534F4C31,5939,42979890,0,2996,2934,62,0.00000,1.59883
534F4C31,5940,42983380,0,2992,2938,54,0.00000,1.39253
534F4C31,5941,42987986,0,2996,2931,65,0.00000,1.67619
534F4C31,5941,42992819,0,2993,2935,58,0.00000,1.49568
534F4C31,5941,42996141,0,2997,2932,65,0.00000,1.67619
534F4C31,5942,42999523,0,3003,2933,70,0.00000,1.80513
534F4C31,5943,43004262,0,2999,2935,64,0.00000,1.65040
534F4C31,5943,43006806,0,2994,2938,56,0.00000,1.44410
534F4C31,5944,43011136,0,3004,2937,67,0.00000,1.72777
534F4C31,5945,43015036,0,3001,2934,67,0.00000,1.72777
534F4C31,5945,43019871,0,2996,2933,63,0.00000,1.62462
534F4C31,5945,43022831,0,2992,2931,61,0.00000,1.57304
534F4C31,5945,43025909,0,2997,2933,64,0.00000,1.65040
534F4C31,5945,43028213,0,2998,2934,64,0.00000,1.65040
534F4C31,5945,43030424,0,3000,2932,68,0.00000,1.75355
534F4C31,5945,43035038,0,2995,2933,62,0.00000,1.59883
534F4C31,5945,43037328,0,2997,2935,62,0.00000,1.59883
534F4C31,5945,43039825,0,2998,2934,64,0.00000,1.65040
534F4C31,5945,43042483,0,2997,2933,64,0.00000,1.65040
534F4C31,5945,43044626,0,3004,2935,69,0.00000,1.77934
534F4C31,5945,43046717,0,2999,2934,65,0.00000,1.67619
534F4C31,5946,43048866,0,2996,2934,62,0.00000,1.59883
534F4C31,5947,43053864,0,3000,2934,66,0.00000,1.70198
534F4C31,5948,43057561,0,2995,2936,59,0.00000,1.52147
534F4C31,5949,43063288,0,3004,2933,71,0.00000,1.83092
534F4C31,5949,43067580,0,3003,2931,72,0.00000,1.85670
534F4C31,5949,43072126,0,2994,2934,60,0.00000,1.54725
534F4C31,5949,43074350,0,3000,2934,66,0.00000,1.70198
534F4C31,5949,43077292,0,2998,2934,64,0.00000,1.65040
534F4C31,5949,43079528,0,3005,2935,70,0.00000,1.80513
534F4C31,5949,43081672,0,2996,2930,66,0.00000,1.70198
534F4C31,5949,43083884,0,2998,2930,68,0.00000,1.75355
534F4C31,5949,43085935,0,2996,2932,64,0.00000,1.65040
534F4C31,5949,43087810,0,2995,2933,62,0.00000,1.59883
534F4C31,5949,43090844,0,2998,2932,66,0.00000,1.70198
534F4C31,5950,43094184,0,2999,2932,67,0.00000,1.72777
534F4C31,5951,43097566,0,2993,2931,62,0.00000,1.59883
534F4C31,5952,43102189,0,3000,2936,64,0.00000,1.65040
534F4C31,5953,43106121,0,2995,2933,62,0.00000,1.59883
534F4C31,5953,43112694,0,2997,2932,65,0.00000,1.67619
534F4C31,5954,43115848,0,2996,2932,64,0.00000,1.65040
534F4C31,5955,43119584,0,2989,2933,56,0.00000,1.44410
534F4C31,5956,43123194,0,2993,2937,56,0.00000,1.44410
534F4C31,5956,43129617,0,3002,2930,72,0.00000,1.85670
534F4C31,5956,43133515,0,2992,2933,59,0.00000,1.52147
534F4C31,5956,43136928,0,2992,2935,57,0.00000,1.46989
534F4C31,5956,43141526,0,2997,2930,67,0.00000,1.72777
534F4C31,5956,43144717,0,2997,2935,62,0.00000,1.59883
534F4C31,5956,43146877,0,3000,2933,67,0.00000,1.72777
534F4C31,5957,43149696,0,3000,2933,67,0.00000,1.72777
534F4C31,5957,43154334,0,2989,2934,55,0.00000,1.41832
534F4C31,5957,43156992,0,2997,2936,61,0.00000,1.57304
534F4C31,5958,43160049,0,2997,2933,64,0.00000,1.65040
534F4C31,5958,43163851,0,3007,2935,72,0.00000,1.85670
534F4C31,5958,43166644,0,3001,2932,69,0.00000,1.77934
534F4C31,5958,43169975,0,3003,2934,69,0.00000,1.77934
534F4C31,5958,43173456,0,3001,2932,69,0.00000,1.77934
534F4C31,5958,43175549,0,3006,2936,70,0.00000,1.80513
534F4C31,5958,43178496,0,3003,2934,69,0.00000,1.77934
534F4C31,5958,43180636,0,3000,2935,65,0.00000,1.67619
534F4C31,5958,43182841,0,2999,2933,66,0.00000,1.70198
534F4C31,5958,43186229,0,2996,2933,63,0.00000,1.62462
534F4C31,5959,43188466,0,2995,2933,62,0.00000,1.59883
534F4C31,5960,43192270,0,3005,2931,74,0.00000,1.90828
534F4C31,5961,43196612,0,2994,2929,65,0.00000,1.67619
534F4C31,5962,43204292,0,3003,2933,70,0.00000,1.80513
534F4C31,5962,43208422,0,2994,2933,61,0.00000,1.57304
534F4C31,5962,43212940,0,3004,2935,69,0.00000,1.77934
534F4C31,5962,43215228,0,2995,2934,61,0.00000,1.57304
534F4C31,5962,43218103,0,2992,2932,60,0.00000,1.54725
534F4C31,5963,43220267,0,2994,2935,59,0.00000,1.52147
534F4C31,5964,43225460,0,3001,2934,67,0.00000,1.72777
534F4C31,5965,43230252,0,2999,2933,66,0.00000,1.70198
534F4C31,5965,43233844,0,2997,2934,63,0.00000,1.62462
534F4C31,5965,43238395,0,2995,2930,65,0.00000,1.67619
534F4C31,5965,43241740,0,2998,2935,63,0.00000,1.62462
534F4C31,5965,43243987,0,3000,2933,67,0.00000,1.72777
534F4C31,5965,43246220,0,2995,2932,63,0.00000,1.62462
534F4C31,5965,43249093,0,2996,2935,61,0.00000,1.57304
534F4C31,5966,43251398,0,2997,2931,66,0.00000,1.70198
534F4C31,5966,43255188,0,2996,2936,60,0.00000,1.54725
534F4C31,5966,43259065,0,2994,2937,57,0.00000,1.46989
534F4C31,5967,43261254,0,3000,2933,67,0.00000,1.72777
534F4C31,5968,43264971,0,3002,2931,71,0.00000,1.83092
534F4C31,5969,43268388,0,3002,2933,69,0.00000,1.77934
534F4C31,5970,43274483,0,3000,2935,65,0.00000,1.67619
534F4C31,5970,43279934,0,2998,2931,67,0.00000,1.72777
534F4C31,5970,43283758,0,2997,2929,68,0.00000,1.75355
534F4C31,5970,43287495,0,2998,2929,69,0.00000,1.77934
534F4C31,5970,43289559,0,2993,2926,67,0.00000,1.72777
534F4C31,5970,43291649,0,2997,2930,67,0.00000,1.72777
534F4C31,5970,43293792,0,2992,2928,64,0.00000,1.65040
534F4C31,5971,43297001,0,2991,2929,62,0.00000,1.59883
534F4C31,5972,43302024,0,2996,2928,68,0.00000,1.75355
534F4C31,5972,43304256,0,3004,2930,74,0.00000,1.90828
534F4C31,5972,43310301,0,3002,2934,68,0.00000,1.75355
534F4C31,5972,43313216,0,2997,2929,68,0.00000,1.75355
534F4C31,5972,43315517,0,3000,2932,68,0.00000,1.75355
534F4C31,5972,43318631,0,3001,2931,70,0.00000,1.80513
534F4C31,5972,43320932,0,2991,2927,64,0.00000,1.65040
534F4C31,5972,43322928,0,3001,2925,76,0.00000,1.95985
534F4C31,5972,43325025,0,3003,2930,73,0.00000,1.88249
534F4C31,5972,43327236,0,2996,2929,67,0.00000,1.72777
534F4C31,5972,43329513,0,2987,2931,56,0.00000,1.44410
534F4C31,5973,43331659,0,3005,2930,75,0.00000,1.93407
534F4C31,5974,43334585,0,2993,2931,62,0.00000,1.59883
534F4C31,5975,43339003,0,3000,2933,67,0.00000,1.72777
534F4C31,5976,43342654,0,2998,2928,70,0.00000,1.80513
534F4C31,5977,43346350,0,3000,2926,74,0.00000,1.90828
534F4C31,5977,43352084,0,2996,2933,63,0.00000,1.62462
534F4C31,5977,43355288,0,2991,2931,60,0.00000,1.54725
534F4C31,5978,43358691,0,2999,2927,72,0.00000,1.85670
534F4C31,5979,43362736,0,2998,2931,67,0.00000,1.72777
534F4C31,5979,43367989,0,2997,2926,71,0.00000,1.83092
534F4C31,5980,43372262,0,2998,2929,69,0.00000,1.77934
534F4C31,5981,43376320,0,2999,2928,71,0.00000,1.83092
534F4C31,5982,43380370,0,2999,2930,69,0.00000,1.77934
534F4C31,5983,43385507,0,3008,2932,76,0.00000,1.95985
534F4C31,5984,43390580,0,3000,2930,70,0.00000,1.80513
534F4C31,5984,43396324,0,2996,2927,69,0.00000,1.77934
534F4C31,5984,43398659,0,2996,2929,67,0.00000,1.72777
534F4C31,5984,43401748,0,2999,2930,69,0.00000,1.77934
534F4C31,5984,43403946,0,2998,2928,70,0.00000,1.80513
534F4C31,5984,43405869,0,2994,2926,68,0.00000,1.75355
534F4C31,5984,43408378,0,3004,2930,74,0.00000,1.90828
534F4C31,5984,43410616,0,2993,2928,65,0.00000,1.67619
534F4C31,5984,43412801,0,2998,2931,67,0.00000,1.72777
534F4C31,5984,43414996,0,2997,2930,67,0.00000,1.72777
534F4C31,5984,43417030,0,2995,2929,66,0.00000,1.70198
534F4C31,5984,43419173,0,2997,2930,67,0.00000,1.72777
534F4C31,5984,43421397,0,2998,2929,69,0.00000,1.77934
534F4C31,5984,43423607,0,3000,2928,72,0.00000,1.85670
534F4C31,5984,43425730,0,3004,2927,77,0.00000,1.98564
534F4C31,5984,43427801,0,3001,2929,72,0.00000,1.85670
534F4C31,5984,43429911,0,2998,2928,70,0.00000,1.80513
534F4C31,5984,43432099,0,2996,2930,66,0.00000,1.70198
534F4C31,5985,43434325,0,2994,2933,61,0.00000,1.57304
534F4C31,5986,43439205,0,2998,2929,69,0.00000,1.77934
534F4C31,5987,43443528,0,2994,2928,66,0.00000,1.70198
534F4C31,5987,43448997,0,3001,2929,72,0.00000,1.85670
534F4C31,5987,43453084,0,2995,2928,67,0.00000,1.72777
534F4C31,5987,43455119,0,3001,2930,71,0.00000,1.83092
534F4C31,5987,43458800,0,3003,2925,78,0.00000,2.01143
534F4C31,5987,43461092,0,2996,2929,67,0.00000,1.72777
534F4C31,5987,43463271,0,2998,2929,69,0.00000,1.77934
534F4C31,5987,43465500,0,2998,2930,68,0.00000,1.75355
534F4C31,5987,43467566,0,2996,2931,65,0.00000,1.67619
534F4C31,5987,43469652,0,2995,2928,67,0.00000,1.72777
534F4C31,5988,43471754,0,2990,2931,59,0.00000,1.52147
534F4C31,5989,43476500,0,2997,2931,66,0.00000,1.70198
534F4C31,5990,43480244,0,2993,2930,63,0.00000,1.62462
534F4C31,5990,43484231,0,2997,2934,63,0.00000,1.62462
534F4C31,5990,43488523,0,2997,2928,69,0.00000,1.77934
534F4C31,5990,43491578,0,3000,2929,71,0.00000,1.83092
534F4C31,5990,43494417,0,2996,2926,70,0.00000,1.80513
534F4C31,5990,43496825,0,3000,2929,71,0.00000,1.83092
534F4C31,5990,43499777,0,2992,2927,65,0.00000,1.67619
534F4C31,5990,43502068,0,2995,2930,65,0.00000,1.67619
534F4C31,5991,43504172,0,2998,2932,66,0.00000,1.70198
534F4C31,5992,43509278,0,2999,2927,72,0.00000,1.85670
534F4C31,5993,43515622,0,2999,2927,72,0.00000,1.85670
534F4C31,5993,43518982,0,2993,2927,66,0.00000,1.70198
534F4C31,5993,43524220,0,3003,2929,74,0.00000,1.90828
534F4C31,5993,43526417,0,2993,2931,62,0.00000,1.59883
534F4C31,5993,43528493,0,2991,2927,64,0.00000,1.65040
534F4C31,5993,43530691,0,2998,2929,69,0.00000,1.77934
534F4C31,5993,43532915,0,3004,2929,75,0.00000,1.93407
534F4C31,5994,43535873,0,2997,2927,70,0.00000,1.80513
534F4C31,5994,43540710,0,2995,2926,69,0.00000,1.77934
534F4C31,5994,43542984,0,2993,2926,67,0.00000,1.72777
534F4C31,5994,43544994,0,2993,2930,63,0.00000,1.62462
534F4C31,5994,43548319,0,2997,2929,68,0.00000,1.75355
534F4C31,5995,43550796,0,3004,2930,74,0.00000,1.90828
534F4C31,5996,43555127,0,2998,2932,66,0.00000,1.70198
534F4C31,5997,43558906,0,2995,2929,66,0.00000,1.70198
534F4C31,5998,43565045,0,2994,2928,66,0.00000,1.70198
534F4C31,5998,43568311,0,2997,2931,66,0.00000,1.70198
534F4C31,5998,43573386,0,2998,2929,69,0.00000,1.77934
534F4C31,5998,43575698,0,2999,2933,66,0.00000,1.70198
534F4C31,5998,43578809,0,2998,2931,67,0.00000,1.72777
534F4C31,5998,43581043,0,2999,2931,68,0.00000,1.75355
534F4C31,5998,43583194,0,3001,2933,68,0.00000,1.75355
534F4C31,5998,43585468,0,2998,2931,67,0.00000,1.72777
534F4C31,5998,43587741,0,3001,2930,71,0.00000,1.83092
534F4C31,5998,43590793,0,2999,2928,71,0.00000,1.83092
534F4C31,5999,43594145,0,2999,2931,68,0.00000,1.75355
534F4C31,6000,43598389,0,2994,2930,64,0.00000,1.65040
534F4C31,6001,43602077,0,3005,2929,76,0.00000,1.95985
534F4C31,6002,43607590,0,2997,2926,71,0.00000,1.83092
534F4C31,6002,43613177,0,2993,2930,63,0.00000,1.62462
534F4C31,6002,43617157,0,3004,2929,75,0.00000,1.93407
534F4C31,6002,43620603,0,3001,2928,73,0.00000,1.88249
534F4C31,6002,43622757,0,3001,2927,74,0.00000,1.90828
534F4C31,6003,43625585,0,3000,2930,70,0.00000,1.80513
534F4C31,6004,43629768,0,3001,2928,73,0.00000,1.88249
534F4C31,6004,43634622,0,2997,2929,68,0.00000,1.75355
534F4C31,6004,43638652,0,2993,2928,65,0.00000,1.67619
534F4C31,6004,43641497,0,2999,2931,68,0.00000,1.75355
534F4C31,6004,43643645,0,3002,2929,73,0.00000,1.88249
534F4C31,6005,43646428,0,2995,2928,67,0.00000,1.72777
534F4C31,6005,43651188,0,2997,2929,68,0.00000,1.75355
534F4C31,6005,43654032,0,2991,2929,62,0.00000,1.59883
534F4C31,6005,43656327,0,2993,2929,64,0.00000,1.65040
534F4C31,6005,43659982,0,2992,2933,59,0.00000,1.52147
534F4C31,6005,43662024,0,2996,2929,67,0.00000,1.72777
534F4C31,6005,43664143,0,2997,2931,66,0.00000,1.70198
534F4C31,6005,43666443,0,3002,2932,70,0.00000,1.80513
534F4C31,6006,43668473,0,2998,2931,67,0.00000,1.72777
534F4C31,6007,43673536,0,2994,2930,64,0.00000,1.65040
534F4C31,6008,43679719,0,3002,2930,72,0.00000,1.85670
534F4C31,6008,43683448,0,2997,2926,71,0.00000,1.83092
534F4C31,6008,43685738,0,2994,2930,64,0.00000,1.65040
534F4C31,6009,43689695,0,2993,2930,63,0.00000,1.62462
534F4C31,6009,43694810,0,2998,2930,68,0.00000,1.75355
534F4C31,6009,43697079,0,2996,2927,69,0.00000,1.77934
534F4C31,6010,43699129,0,2999,2930,69,0.00000,1.77934
534F4C31,6010,43704517,0,2997,2928,69,0.00000,1.77934
534F4C31,6010,43707822,0,2999,2928,71,0.00000,1.83092
534F4C31,6010,43710546,0,2997,2925,72,0.00000,1.85670
534F4C31,6010,43713085,0,2997,2927,70,0.00000,1.80513
534F4C31,6011,43716051,0,3000,2930,70,0.00000,1.80513
534F4C31,6012,43719488,0,3001,2929,72,0.00000,1.85670
534F4C31,6013,43722990,0,2999,2929,70,0.00000,1.80513
534F4C31,6013,43726126,0,2991,2930,61,0.00000,1.57304
534F4C31,6013,43732417,0,2996,2929,67,0.00000,1.72777
534F4C31,6014,43734615,0,2997,2931,66,0.00000,1.70198
534F4C31,6014,43740027,0,2992,2931,61,0.00000,1.57304
534F4C31,6014,43742692,0,3004,2932,72,0.00000,1.85670
534F4C31,6014,43745840,0,2992,2931,61,0.00000,1.57304
534F4C31,6014,43748369,0,3000,2929,71,0.00000,1.83092
534F4C31,6014,43750430,0,3002,2931,71,0.00000,1.83092
534F4C31,6014,43752542,0,2998,2929,69,0.00000,1.77934
534F4C31,6014,43754689,0,2991,2932,59,0.00000,1.52147
534F4C31,6014,43756888,0,2989,2927,62,0.00000,1.59883
534F4C31,6014,43759079,0,2993,2927,66,0.00000,1.70198
534F4C31,6015,43761060,0,2995,2930,65,0.00000,1.67619
534F4C31,6016,43766078,0,3002,2931,71,0.00000,1.83092
534F4C31,6017,43770506,0,2997,2930,67,0.00000,1.72777
534F4C31,6017,43776349,0,3005,2932,73,0.00000,1.88249
534F4C31,6018,43779098,0,3002,2929,73,0.00000,1.88249
534F4C31,6019,43781435,0,2999,2930,69,0.00000,1.77934
534F4C31,6019,43787006,0,3004,2927,77,0.00000,1.98564
534F4C31,6019,43791065,0,2998,2929,69,0.00000,1.77934
534F4C31,6019,43794872,0,2993,2930,63,0.00000,1.62462
534F4C31,6019,43797594,0,3000,2932,68,0.00000,1.75355
534F4C31,6019,43800331,0,3001,2931,70,0.00000,1.80513
534F4C31,6019,43802882,0,2990,2935,55,0.00000,1.41832
534F4C31,6019,43805092,0,2990,2932,58,0.00000,1.49568
534F4C31,6019,43807177,0,2995,2933,62,0.00000,1.59883
534F4C31,6019,43809277,0,2994,2934,60,0.00000,1.54725
534F4C31,6019,43811364,0,2998,2931,67,0.00000,1.72777
534F4C31,6020,43814356,0,2991,2929,62,0.00000,1.59883
534F4C31,6021,43818662,0,3006,2933,73,0.00000,1.88249
534F4C31,6022,43822409,0,2997,2930,67,0.00000,1.72777
534F4C31,6023,43829007,0,2996,2929,67,0.00000,1.72777
534F4C31,6023,43831918,0,2999,2930,69,0.00000,1.77934
534F4C31,6023,43834868,0,2992,2932,60,0.00000,1.54725
534F4C31,6024,43839526,0,2997,2932,65,0.00000,1.67619
534F4C31,6025,43843528,0,2994,2929,65,0.00000,1.67619
534F4C31,6025,43848491,0,3004,2929,75,0.00000,1.93407
534F4C31,6025,43850900,0,2992,2933,59,0.00000,1.52147
534F4C31,6025,43854802,0,2998,2932,66,0.00000,1.70198
534F4C31,6025,43857316,0,2996,2931,65,0.00000,1.67619
534F4C31,6025,43859657,0,2999,2929,70,0.00000,1.80513
534F4C31,6025,43861802,0,2999,2932,67,0.00000,1.72777
534F4C31,6025,43863856,0,3004,2930,74,0.00000,1.90828
534F4C31,6025,43865896,0,2993,2930,63,0.00000,1.62462
534F4C31,6026,43868156,0,2998,2928,70,0.00000,1.80513
534F4C31,6027,43872434,0,3000,2931,69,0.00000,1.77934
534F4C31,6028,43876172,0,2995,2930,65,0.00000,1.67619
534F4C31,6029,43882462,0,3001,2929,72,0.00000,1.85670
534F4C31,6029,43885428,0,2999,2928,71,0.00000,1.83092
534F4C31,6029,43890545,0,3003,2928,75,0.00000,1.93407
534F4C31,6029,43893229,0,3001,2929,72,0.00000,1.85670
534F4C31,6029,43895504,0,2997,2930,67,0.00000,1.72777
534F4C31,6029,43898787,0,2993,2932,61,0.00000,1.57304
534F4C31,6029,43901022,0,2994,2928,66,0.00000,1.70198
534F4C31,6030,43903248,0,2994,2931,63,0.00000,1.62462
534F4C31,6031,43907781,0,3000,2931,69,0.00000,1.77934
534F4C31,6031,43911122,0,2995,2929,66,0.00000,1.70198
534F4C31,6031,43915255,0,2994,2927,67,0.00000,1.72777
534F4C31,6031,43918198,0,3002,2933,69,0.00000,1.77934
534F4C31,6031,43921450,0,3000,2925,75,0.00000,1.93407
534F4C31,6031,43923651,0,2993,2926,67,0.00000,1.72777
534F4C31,6031,43926921,0,2997,2926,71,0.00000,1.83092
534F4C31,6031,43929085,0,3001,2926,75,0.00000,1.93407
534F4C31,6031,43931161,0,3001,2924,77,0.00000,1.98564
534F4C31,6032,43934101,0,2994,2925,69,0.00000,1.77934
534F4C31,6033,43938328,0,3002,2923,79,0.00000,2.03722
534F4C31,6034,43941995,0,2998,2925,73,0.00000,1.88249
534F4C31,6035,43949034,0,2996,2924,72,0.00000,1.85670
534F4C31,6035,43952660,0,2999,2923,76,0.00000,1.95985
534F4C31,6035,43957407,0,2998,2927,71,0.00000,1.83092
534F4C31,6035,43960576,0,2991,2925,66,0.00000,1.70198
534F4C31,6035,43962982,0,3005,2925,80,0.00000,2.06300
534F4C31,6035,43965986,0,2992,2927,65,0.00000,1.67619
534F4C31,6035,43968254,0,2997,2927,70,0.00000,1.80513
534F4C31,6035,43970196,0,2996,2927,69,0.00000,1.77934
534F4C31,6035,43972212,0,2998,2927,71,0.00000,1.83092
534F4C31,6035,43974276,0,2996,2925,71,0.00000,1.83092
534F4C31,6036,43977807,0,2996,2926,70,0.00000,1.80513
534F4C31,6037,43982271,0,2995,2923,72,0.00000,1.85670
534F4C31,6038,43986028,0,2998,2930,68,0.00000,1.75355
534F4C31,6039,43991947,0,2995,2928,67,0.00000,1.72777
534F4C31,6039,43995873,0,2997,2930,67,0.00000,1.72777
534F4C31,6039,43999831,0,2997,2924,73,0.00000,1.88249
534F4C31,6039,44001830,0,2994,2925,69,0.00000,1.77934
534F4C31,6039,44004667,0,3002,2927,75,0.00000,1.93407
534F4C31,6039,44007144,0,2995,2927,68,0.00000,1.75355
534F4C31,6039,44009356,0,2997,2923,74,0.00000,1.90828
534F4C31,6039,44011398,0,2994,2927,67,0.00000,1.72777
534F4C31,6039,44014086,0,3003,2928,75,0.00000,1.93407
534F4C31,6040,44017433,0,3006,2926,80,0.00000,2.06300
534F4C31,6041,44022418,0,2998,2927,71,0.00000,1.83092
534F4C31,6042,44026189,0,3000,2927,73,0.00000,1.88249
534F4C31,6043,44032484,0,2994,2928,66,0.00000,1.70198
534F4C31,6043,44036889,0,3002,2926,76,0.00000,1.95985
534F4C31,6043,44040265,0,2998,2924,74,0.00000,1.90828
534F4C31,6043,44042976,0,3000,2923,77,0.00000,1.98564
534F4C31,6043,44045773,0,3000,2927,73,0.00000,1.88249
534F4C31,6043,44048384,0,2999,2922,77,0.00000,1.98564
534F4C31,6043,44050641,0,3000,2926,74,0.00000,1.90828
534F4C31,6043,44052700,0,2994,2927,67,0.00000,1.72777
534F4C31,6043,44054838,0,2998,2927,71,0.00000,1.83092
534F4C31,6044,44057434,0,2991,2926,65,0.00000,1.67619
534F4C31,6045,44061492,0,2997,2925,72,0.00000,1.85670
534F4C31,6046,44065763,0,2998,2925,73,0.00000,1.88249
534F4C31,6047,44072090,0,2995,2924,71,0.00000,1.83092
534F4C31,6047,44076987,0,2995,2929,66,0.00000,1.70198
534F4C31,6047,44080560,0,2998,2924,74,0.00000,1.90828
534F4C31,6047,44083574,0,3000,2926,74,0.00000,1.90828
534F4C31,6047,44085830,0,3002,2928,74,0.00000,1.90828
534F4C31,6047,44088016,0,3002,2926,76,0.00000,1.95985
534F4C31,6047,44090293,0,2990,2925,65,0.00000,1.67619
534F4C31,6047,44092354,0,2992,2927,65,0.00000,1.67619
534F4C31,6047,44094453,0,2993,2926,67,0.00000,1.72777
534F4C31,6048,44097424,0,3001,2923,78,0.00000,2.01143
534F4C31,6049,44102317,0,2996,2924,72,0.00000,1.85670
534F4C31,6050,44106999,0,2999,2923,76,0.00000,1.95985
534F4C31,6051,44112691,0,3001,2928,73,0.00000,1.88249
534F4C31,6051,44117176,0,2996,2924,72,0.00000,1.85670
534F4C31,6051,44120862,0,3000,2929,71,0.00000,1.83092
534F4C31,6051,44123626,0,3002,2923,79,0.00000,2.03722
534F4C31,6051,44127015,0,2999,2927,72,0.00000,1.85670
534F4C31,6051,44129272,0,3002,2926,76,0.00000,1.95985
534F4C31,6051,44131343,0,2992,2925,67,0.00000,1.72777
534F4C31,6051,44133467,0,2997,2925,72,0.00000,1.85670
534F4C31,6051,44135589,0,2997,2929,68,0.00000,1.75355
534F4C31,6051,44137727,0,2996,2929,67,0.00000,1.72777
534F4C31,6052,44140772,0,2992,2925,67,0.00000,1.72777
534F4C31,6053,44145130,0,2995,2928,67,0.00000,1.72777
534F4C31,6054,44149374,0,3001,2927,74,0.00000,1.90828
534F4C31,6055,44154430,0,2999,2924,75,0.00000,1.93407
534F4C31,6056,44159860,0,3002,2925,77,0.00000,1.98564
534F4C31,6056,44163805,0,3001,2924,77,0.00000,1.98564
534F4C31,6056,44167975,0,2991,2926,65,0.00000,1.67619
534F4C31,6056,44170896,0,3006,2927,79,0.00000,2.03722
534F4C31,6057,44173750,0,3003,2927,76,0.00000,1.95985
534F4C31,6058,44177407,0,2993,2929,64,0.00000,1.65040
534F4C31,6059,44181890,0,2996,2928,68,0.00000,1.75355
534F4C31,6060,44187018,0,3003,2925,78,0.00000,2.01143
534F4C31,6060,44192281,0,2997,2929,68,0.00000,1.75355
534F4C31,6060,44196378,0,2990,2925,65,0.00000,1.67619
534F4C31,6061,44199847,0,3005,2926,79,0.00000,2.03722
534F4C31,6061,44204213,0,3001,2925,76,0.00000,1.95985
534F4C31,6061,44208007,0,2999,2923,76,0.00000,1.95985
534F4C31,6061,44210768,0,2996,2925,71,0.00000,1.83092
534F4C31,6061,44213032,0,2997,2925,72,0.00000,1.85670
534F4C31,6062,44216061,0,3005,2928,77,0.00000,1.98564
534F4C31,6063,44219288,0,3001,2926,75,0.00000,1.93407
534F4C31,6063,44223358,0,2993,2924,69,0.00000,1.77934
534F4C31,6063,44226086,0,3003,2924,79,0.00000,2.03722
534F4C31,6064,44230794,0,2998,2924,74,0.00000,1.90828
534F4C31,6064,44235527,0,3004,2924,80,0.00000,2.06300
534F4C31,6064,44238850,0,2999,2928,71,0.00000,1.83092
534F4C31,6064,44241747,0,2994,2923,71,0.00000,1.83092
534F4C31,6064,44245373,0,3005,2925,80,0.00000,2.06300
534F4C31,6064,44248423,0,3000,2925,75,0.00000,1.93407
534F4C31,6064,44251308,0,2996,2924,72,0.00000,1.85670
534F4C31,6065,44253826,0,3000,2925,75,0.00000,1.93407
534F4C31,6066,44257243,0,2997,2926,71,0.00000,1.83092
534F4C31,6067,44261323,0,3000,2922,78,0.00000,2.01143
534F4C31,6068,44268754,0,3002,2927,75,0.00000,1.93407
534F4C31,6068,44273678,0,2998,2924,74,0.00000,1.90828
534F4C31,6069,44276784,0,2996,2925,71,0.00000,1.83092
534F4C31,6070,44281629,0,2995,2926,69,0.00000,1.77934
534F4C31,6071,44285367,0,2999,2927,72,0.00000,1.85670
534F4C31,6072,44290487,0,2998,2927,71,0.00000,1.83092
534F4C31,6073,44296163,0,2998,2925,73,0.00000,1.88249
534F4C31,6073,44301407,0,2996,2926,70,0.00000,1.80513
534F4C31,6073,44303532,0,3003,2925,78,0.00000,2.01143
534F4C31,6073,44305704,0,3000,2927,73,0.00000,1.88249
534F4C31,6073,44309136,0,3000,2928,72,0.00000,1.85670
534F4C31,6073,44311337,0,2997,2926,71,0.00000,1.83092
534F4C31,6073,44313475,0,3003,2920,83,0.00000,2.14037
534F4C31,6073,44315755,0,3003,2924,79,0.00000,2.03722
534F4C31,6073,44317945,0,2998,2926,72,0.00000,1.85670
534F4C31,6073,44320024,0,2994,2927,67,0.00000,1.72777
534F4C31,6073,44322155,0,2998,2925,73,0.00000,1.88249
534F4C31,6073,44324285,0,3002,2923,79,0.00000,2.03722
534F4C31,6073,44326560,0,2998,2925,73,0.00000,1.88249
534F4C31,6073,44328733,0,2998,2925,73,0.00000,1.88249
534F4C31,6073,44331295,0,2997,2928,69,0.00000,1.77934
534F4C31,6073,44333517,0,2991,2924,67,0.00000,1.72777
534F4C31,6073,44335571,0,3003,2928,75,0.00000,1.93407
534F4C31,6073,44337663,0,2997,2927,70,0.00000,1.80513
534F4C31,6074,44339918,0,2996,2924,72,0.00000,1.85670
534F4C31,6075,44344773,0,3003,2929,74,0.00000,1.90828
534F4C31,6076,44348971,0,3000,2927,73,0.00000,1.88249
534F4C31,6076,44355198,0,3003,2927,76,0.00000,1.95985
534F4C31,6076,44357481,0,3000,2922,78,0.00000,2.01143
534F4C31,6076,44360539,0,2999,2926,73,0.00000,1.88249
534F4C31,6076,44362762,0,2992,2927,65,0.00000,1.67619
534F4C31,6076,44364860,0,2994,2926,68,0.00000,1.75355
534F4C31,6076,44367703,0,2996,2928,68,0.00000,1.75355
534F4C31,6076,44369949,0,2995,2923,72,0.00000,1.85670
534F4C31,6076,44371996,0,2999,2924,75,0.00000,1.93407
534F4C31,6076,44374055,0,2997,2929,68,0.00000,1.75355
534F4C31,6076,44376259,0,2994,2926,68,0.00000,1.75355
534F4C31,6076,44378435,0,2996,2924,72,0.00000,1.85670
534F4C31,6076,44380614,0,3002,2924,78,0.00000,2.01143
534F4C31,6077,44382715,0,2997,2925,72,0.00000,1.85670
534F4C31,6078,44385697,0,2998,2925,73,0.00000,1.88249
534F4C31,6079,44390139,0,2994,2929,65,0.00000,1.67619
534F4C31,6080,44393589,0,2998,2929,69,0.00000,1.77934
534F4C31,6081,44399731,0,2994,2924,70,0.00000,1.80513
534F4C31,6081,44402739,0,2996,2923,73,0.00000,1.88249
534F4C31,6081,44405166,0,3003,2930,73,0.00000,1.88249
534F4C31,6081,44407847,0,2998,2927,71,0.00000,1.83092
534F4C31,6081,44410161,0,3000,2923,77,0.00000,1.98564
534F4C31,6082,44412904,0,2994,2923,71,0.00000,1.83092
534F4C31,6083,44417252,0,2997,2929,68,0.00000,1.75355
534F4C31,6084,44420997,0,2999,2927,72,0.00000,1.85670
534F4C31,6084,44427208,0,2998,2926,72,0.00000,1.85670
534F4C31,6085,44429342,0,2998,2924,74,0.00000,1.90828
534F4C31,6085,44435171,0,2995,2929,66,0.00000,1.70198
534F4C31,6085,44439363,0,3002,2925,77,0.00000,1.98564
534F4C31,6085,44442581,0,3001,2925,76,0.00000,1.95985
534F4C31,6085,44444786,0,2998,2927,71,0.00000,1.83092
534F4C31,6085,44446880,0,2994,2927,67,0.00000,1.72777
534F4C31,6085,44448916,0,3005,2927,78,0.00000,2.01143
534F4C31,6085,44451049,0,3002,2923,79,0.00000,2.03722
534F4C31,6086,44453283,0,2996,2927,69,0.00000,1.77934
534F4C31,6086,44457353,0,3001,2925,76,0.00000,1.95985
534F4C31,6086,44460650,0,3000,2926,74,0.00000,1.90828
534F4C31,6086,44462920,0,3003,2926,77,0.00000,1.98564
534F4C31,6086,44465183,0,2999,2925,74,0.00000,1.90828
534F4C31,6087,44468130,0,2996,2925,71,0.00000,1.83092
534F4C31,6087,44472371,0,3002,2928,74,0.00000,1.90828
534F4C31,6087,44475041,0,2996,2927,69,0.00000,1.77934
534F4C31,6088,44478230,0,3000,2927,73,0.00000,1.88249
534F4C31,6089,44482610,0,2995,2924,71,0.00000,1.83092
534F4C31,6090,44486065,0,3001,2926,75,0.00000,1.93407
534F4C31,6091,44493460,0,2998,2927,71,0.00000,1.83092
534F4C31,6091,44496554,0,2998,2925,73,0.00000,1.88249
534F4C31,6091,44501170,0,2999,2926,73,0.00000,1.88249
534F4C31,6091,44503569,0,3003,2922,81,0.00000,2.08879
534F4C31,6091,44506242,0,2996,2924,72,0.00000,1.85670
534F4C31,6091,44508475,0,2997,2929,68,0.00000,1.75355
534F4C31,6091,44511719,0,3010,2926,84,0.00000,2.16615
534F4C31,6091,44513952,0,2993,2926,67,0.00000,1.72777
534F4C31,6091,44515937,0,2999,2925,74,0.00000,1.90828
534F4C31,6091,44518145,0,3000,2926,74,0.00000,1.90828
534F4C31,6091,44520710,0,3000,2922,78,0.00000,2.01143
534F4C31,6091,44524036,0,2997,2925,72,0.00000,1.85670
534F4C31,6091,44527371,0,2994,2926,68,0.00000,1.75355
534F4C31,6092,44531146,0,3005,2924,81,0.00000,2.08879
534F4C31,6093,44535453,0,3001,2924,77,0.00000,1.98564
534F4C31,6093,44538638,0,2994,2925,69,0.00000,1.77934
534F4C31,6093,44541342,0,2999,2927,72,0.00000,1.85670
534F4C31,6093,44547464,0,3000,2925,75,0.00000,1.93407
534F4C31,6093,44549633,0,3002,2926,76,0.00000,1.95985
534F4C31,6093,44551768,0,2993,2926,67,0.00000,1.72777
534F4C31,6094,44554685,0,3006,2926,80,0.00000,2.06300
534F4C31,6095,44559277,0,2991,2923,68,0.00000,1.75355
534F4C31,6096,44564232,0,3002,2922,80,0.00000,2.06300
534F4C31,6096,44569490,0,3005,2925,80,0.00000,2.06300
534F4C31,6096,44571675,0,3003,2920,83,0.00000,2.14037
534F4C31,6096,44575458,0,2995,2920,75,0.00000,1.93407
534F4C31,6096,44577619,0,2999,2923,76,0.00000,1.95985
534F4C31,6096,44579784,0,2997,2922,75,0.00000,1.93407
534F4C31,6096,44582067,0,2999,2921,78,0.00000,2.01143
534F4C31,6097,44584070,0,2995,2924,71,0.00000,1.83092
534F4C31,6098,44588836,0,3001,2921,80,0.00000,2.06300
534F4C31,6099,44593505,0,2992,2922,70,0.00000,1.80513
534F4C31,6099,44599431,0,2993,2923,70,0.00000,1.80513
534F4C31,6099,44601693,0,2992,2921,71,0.00000,1.83092
534F4C31,6099,44604734,0,2997,2920,77,0.00000,1.98564
534F4C31,6099,44607024,0,2997,2921,76,0.00000,1.95985
534F4C31,6099,44609055,0,2995,2923,72,0.00000,1.85670
534F4C31,6099,44611251,0,2999,2923,76,0.00000,1.95985
534F4C31,6100,44614040,0,3000,2920,80,0.00000,2.06300
534F4C31,6101,44618977,0,3003,2925,78,0.00000,2.01143
534F4C31,6102,44623417,0,2999,2925,74,0.00000,1.90828
534F4C31,6102,44628989,0,2995,2921,74,0.00000,1.90828
534F4C31,6102,44632280,0,2997,2923,74,0.00000,1.90828
534F4C31,6103,44634714,0,2994,2925,69,0.00000,1.77934
534F4C31,6103,44639565,0,3002,2925,77,0.00000,1.98564
534F4C31,6103,44641646,0,2993,2925,68,0.00000,1.75355
534F4C31,6103,44644674,0,2998,2927,71,0.00000,1.83092
534F4C31,6103,44646903,0,2996,2919,77,0.00000,1.98564
534F4C31,6103,44648987,0,2992,2922,70,0.00000,1.80513
534F4C31,6103,44651215,0,2996,2921,75,0.00000,1.93407
534F4C31,6103,44654024,0,2995,2920,75,0.00000,1.93407
534F4C31,6104,44657369,0,2999,2919,80,0.00000,2.06300
534F4C31,6105,44660704,0,3001,2920,81,0.00000,2.08879
534F4C31,6106,44664130,0,2995,2921,74,0.00000,1.90828
534F4C31,6107,44667949,0,2994,2922,72,0.00000,1.85670
534F4C31,6108,44674550,0,2997,2922,75,0.00000,1.93407
534F4C31,6109,44678904,0,3001,2922,79,0.00000,2.03722
534F4C31,6109,44684614,0,3003,2921,82,0.00000,2.11458
534F4C31,6109,44687026,0,2999,2924,75,0.00000,1.93407
534F4C31,6110,44690671,0,3001,2922,79,0.00000,2.03722
534F4C31,6111,44695392,0,2995,2921,74,0.00000,1.90828
534F4C31,6111,44698852,0,3000,2922,78,0.00000,2.01143
534F4C31,6112,44704202,0,2990,2921,69,0.00000,1.77934
534F4C31,6113,44707250,0,2998,2925,73,0.00000,1.88249
534F4C31,6114,44712380,0,2997,2926,71,0.00000,1.83092
534F4C31,6115,44717131,0,2997,2922,75,0.00000,1.93407
534F4C31,6116,44723350,0,3000,2923,77,0.00000,1.98564
534F4C31,6117,44727967,0,2995,2923,72,0.00000,1.85670
534F4C31,6118,44733349,0,3000,2921,79,0.00000,2.03722
534F4C31,6118,44738652,0,3001,2923,78,0.00000,2.01143
534F4C31,6118,44741728,0,2995,2922,73,0.00000,1.88249
534F4C31,6118,44744598,0,2996,2922,74,0.00000,1.90828
534F4C31,6118,44747001,0,3000,2921,79,0.00000,2.03722
534F4C31,6118,44749106,0,2999,2924,75,0.00000,1.93407
534F4C31,6118,44751302,0,2993,2921,72,0.00000,1.85670
534F4C31,6118,44753311,0,2995,2920,75,0.00000,1.93407
534F4C31,6118,44755546,0,2997,2923,74,0.00000,1.90828
534F4C31,6119,44757757,0,2992,2924,68,0.00000,1.75355
534F4C31,6119,44761216,0,3002,2921,81,0.00000,2.08879
534F4C31,6119,44764245,0,2994,2923,71,0.00000,1.83092
534F4C31,6119,44767157,0,2997,2921,76,0.00000,1.95985
534F4C31,6119,44770446,0,3001,2921,80,0.00000,2.06300
534F4C31,6120,44773555,0,2997,2925,72,0.00000,1.85670
534F4C31,6120,44777443,0,3005,2923,82,0.00000,2.11458
534F4C31,6120,44780333,0,3002,2921,81,0.00000,2.08879
534F4C31,6121,44783282,0,2998,2923,75,0.00000,1.93407
534F4C31,6122,44786070,0,2996,2922,74,0.00000,1.90828
534F4C31,6123,44790817,0,3000,2924,76,0.00000,1.95985
534F4C31,6123,44794647,0,3000,2921,79,0.00000,2.03722
534F4C31,6123,44799465,0,2991,2921,70,0.00000,1.80513
534F4C31,6123,44801821,0,2996,2923,73,0.00000,1.88249
534F4C31,6123,44804598,0,2993,2922,71,0.00000,1.83092
534F4C31,6123,44807192,0,3000,2925,75,0.00000,1.93407
534F4C31,6123,44809374,0,3001,2925,76,0.00000,1.95985
534F4C31,6123,44811444,0,3002,2925,77,0.00000,1.98564
534F4C31,6123,44813598,0,3000,2924,76,0.00000,1.95985
534F4C31,6123,44815742,0,3002,2922,80,0.00000,2.06300
534F4C31,6123,44817848,0,2999,2922,77,0.00000,1.98564
534F4C31,6123,44819992,0,2998,2921,77,0.00000,1.98564
534F4C31,6123,44822158,0,2998,2924,74,0.00000,1.90828
534F4C31,6123,44824418,0,2995,2923,72,0.00000,1.85670
534F4C31,6124,44826615,0,3001,2921,80,0.00000,2.06300
534F4C31,6125,44830568,0,2998,2925,73,0.00000,1.88249
534F4C31,6126,44834316,0,2994,2922,72,0.00000,1.85670
534F4C31,6127,44840046,0,2994,2921,73,0.00000,1.88249
534F4C31,6128,44845051,0,2996,2923,73,0.00000,1.88249
534F4C31,6128,44851286,0,2999,2922,77,0.00000,1.98564
534F4C31,6128,44854306,0,2993,2920,73,0.00000,1.88249
534F4C31,6128,44857401,0,2993,2921,72,0.00000,1.85670
534F4C31,6128,44859651,0,2994,2923,71,0.00000,1.83092
534F4C31,6128,44861771,0,2997,2921,76,0.00000,1.95985
534F4C31,6128,44863921,0,3000,2924,76,0.00000,1.95985
534F4C31,6128,44865958,0,2996,2921,75,0.00000,1.93407
534F4C31,6128,44868189,0,2993,2923,70,0.00000,1.80513
534F4C31,6128,44870452,0,2996,2922,74,0.00000,1.90828
534F4C31,6128,44872623,0,2998,2920,78,0.00000,2.01143
534F4C31,6128,44874722,0,3004,2922,82,0.00000,2.11458
534F4C31,6128,44877334,0,2999,2920,79,0.00000,2.03722
534F4C31,6128,44880665,0,3002,2924,78,0.00000,2.01143
534F4C31,6129,44884000,0,3001,2919,82,0.00000,2.11458
534F4C31,6130,44887390,0,2999,2921,78,0.00000,2.01143
534F4C31,6130,44891663,0,2999,2923,76,0.00000,1.95985
534F4C31,6130,44895829,0,2996,2921,75,0.00000,1.93407
534F4C31,6131,44899340,0,2996,2921,75,0.00000,1.93407
534F4C31,6131,44903970,0,2997,2921,76,0.00000,1.95985
534F4C31,6131,44906226,0,3004,2925,79,0.00000,2.03722
534F4C31,6131,44908847,0,2996,2922,74,0.00000,1.90828
534F4C31,6131,44911029,0,2995,2924,71,0.00000,1.83092
534F4C31,6131,44913997,0,3006,2923,83,0.00000,2.14037
534F4C31,6132,44917806,0,3003,2921,82,0.00000,2.11458
534F4C31,6132,44921227,0,2993,2920,73,0.00000,1.88249
534F4C31,6132,44924500,0,2999,2924,75,0.00000,1.93407
534F4C31,6132,44927419,0,3001,2922,79,0.00000,2.03722
534F4C31,6133,44931145,0,2999,2922,77,0.00000,1.98564
534F4C31,6134,44934586,0,2998,2921,77,0.00000,1.98564
534F4C31,6135,44939805,0,2995,2922,73,0.00000,1.88249
534F4C31,6135,44944629,0,3003,2921,82,0.00000,2.11458
534F4C31,6135,44947018,0,3001,2919,82,0.00000,2.11458
534F4C31,6135,44950702,0,2999,2922,77,0.00000,1.98564
534F4C31,6135,44953015,0,2997,2922,75,0.00000,1.93407
534F4C31,6135,44955648,0,3000,2923,77,0.00000,1.98564
534F4C31,6135,44957981,0,2997,2923,74,0.00000,1.90828
534F4C31,6136,44960657,0,3000,2923,77,0.00000,1.98564
534F4C31,6137,44966218,0,2999,2921,78,0.00000,2.01143
534F4C31,6137,44968927,0,2997,2923,74,0.00000,1.90828
534F4C31,6137,44974582,0,3002,2925,77,0.00000,1.98564
534F4C31,6137,44977421,0,2999,2920,79,0.00000,2.03722
534F4C31,6137,44980398,0,2995,2921,74,0.00000,1.90828
534F4C31,6137,44982967,0,2999,2922,77,0.00000,1.98564
534F4C31,6137,44985125,0,2998,2924,74,0.00000,1.90828
534F4C31,6137,44987320,0,2991,2923,68,0.00000,1.75355
534F4C31,6137,44990658,0,2995,2923,72,0.00000,1.85670
534F4C31,6138,44994388,0,3000,2927,73,0.00000,1.88249
534F4C31,6139,44998494,0,3003,2923,80,0.00000,2.06300
534F4C31,6140,45004064,0,2998,2922,76,0.00000,1.95985
534F4C31,6140,45008559,0,3006,2922,84,0.00000,2.16615
534F4C31,6140,45011289,0,2996,2924,72,0.00000,1.85670
534F4C31,6141,45014561,0,2998,2924,74,0.00000,1.90828
534F4C31,6141,45019272,0,2999,2923,76,0.00000,1.95985
534F4C31,6141,45021425,0,2999,2922,77,0.00000,1.98564
534F4C31,6142,45024786,0,2994,2921,73,0.00000,1.88249
534F4C31,6142,45029330,0,2998,2924,74,0.00000,1.90828
534F4C31,6142,45032242,0,3001,2923,78,0.00000,2.01143
534F4C31,6142,45036041,0,2997,2922,75,0.00000,1.93407
534F4C31,6142,45038225,0,2993,2922,71,0.00000,1.83092
534F4C31,6143,45040898,0,2999,2921,78,0.00000,2.01143
534F4C31,6143,45045699,0,2997,2922,75,0.00000,1.93407
534F4C31,6143,45048438,0,3001,2923,78,0.00000,2.01143
534F4C31,6144,45051735,0,2998,2924,74,0.00000,1.90828
534F4C31,6144,45055544,0,2999,2920,79,0.00000,2.03722
534F4C31,6144,45059081,0,2999,2923,76,0.00000,1.95985
534F4C31,6145,45061253,0,2998,2922,76,0.00000,1.95985
534F4C31,6146,45064752,0,2994,2925,69,0.00000,1.77934
534F4C31,6147,45069431,0,2997,2920,77,0.00000,1.98564
534F4C31,6148,45072907,0,3003,2922,81,0.00000,2.08879
534F4C31,6149,45076813,0,3001,2925,76,0.00000,1.95985
534F4C31,6150,45080515,0,2995,2926,69,0.00000,1.77934
534F4C31,6151,45083736,0,2997,2920,77,0.00000,1.98564
534F4C31,6152,45087206,0,3001,2922,79,0.00000,2.03722
534F4C31,6153,45090920,0,2994,2924,70,0.00000,1.80513
534F4C31,6154,45094159,0,2999,2921,78,0.00000,2.01143
534F4C31,6155,45097503,0,2996,2923,73,0.00000,1.88249
534F4C31,6156,45101091,0,2997,2921,76,0.00000,1.95985
534F4C31,6157,45104321,0,2994,2922,72,0.00000,1.85670
534F4C31,6158,45108133,0,2990,2921,69,0.00000,1.77934
534F4C31,6159,45111345,0,3001,2923,78,0.00000,2.01143
534F4C31,6160,45114867,0,3001,2922,79,0.00000,2.03722
534F4C31,6161,45118015,0,2999,2921,78,0.00000,2.01143
534F4C31,6162,45121130,0,3001,2923,78,0.00000,2.01143
534F4C31,6163,45124523,0,2999,2924,75,0.00000,1.93407
534F4C31,6164,45127614,0,2996,2920,76,0.00000,1.95985
534F4C31,6165,45131335,0,2992,2922,70,0.00000,1.80513
534F4C31,6166,45134823,0,2999,2927,72,0.00000,1.85670
534F4C31,6167,45139045,0,2997,2922,75,0.00000,1.93407
534F4C31,6167,45142206,0,2999,2922,77,0.00000,1.98564
534F4C31,6167,45144730,0,2994,2922,72,0.00000,1.85670
534F4C31,6168,45147392,0,3004,2924,80,0.00000,2.06300
534F4C31,6169,45152607,0,3003,2923,80,0.00000,2.06300
534F4C31,6170,45160366,0,3000,2920,80,0.00000,2.06300
534F4C31,6171,45166341,0,2995,2921,74,0.00000,1.90828
534F4C31,6171,45169074,0,3004,2921,83,0.00000,2.14037
534F4C31,6172,45173950,0,2997,2923,74,0.00000,1.90828
534F4C31,6172,45176624,0,2999,2924,75,0.00000,1.93407
534F4C31,6172,45182401,0,2999,2920,79,0.00000,2.03722
534F4C31,6172,45184924,0,2994,2925,69,0.00000,1.77934
534F4C31,6172,45187013,0,3000,2921,79,0.00000,2.03722
534F4C31,6172,45189895,0,2998,2920,78,0.00000,2.01143
534F4C31,6172,45192434,0,2996,2921,75,0.00000,1.93407
534F4C31,6172,45194598,0,2998,2919,79,0.00000,2.03722
534F4C31,6172,45196658,0,2997,2921,76,0.00000,1.95985
534F4C31,6172,45198791,0,2995,2921,74,0.00000,1.90828
534F4C31,6172,45200774,0,2993,2923,70,0.00000,1.80513
534F4C31,6172,45202904,0,2995,2922,73,0.00000,1.88249
534F4C31,6172,45205027,0,2994,2921,73,0.00000,1.88249
534F4C31,6172,45207199,0,3004,2923,81,0.00000,2.08879
534F4C31,6172,45209391,0,3001,2925,76,0.00000,1.95985
534F4C31,6172,45211473,0,2996,2923,73,0.00000,1.88249
534F4C31,6172,45213615,0,2997,2922,75,0.00000,1.93407
534F4C31,6172,45215656,0,2998,2923,75,0.00000,1.93407
534F4C31,6172,45217759,0,3000,2921,79,0.00000,2.03722
534F4C31,6172,45220634,0,2994,2920,74,0.00000,1.90828
534F4C31,6172,45223966,0,3000,2919,81,0.00000,2.08879
534F4C31,6172,45227302,0,2999,2920,79,0.00000,2.03722
534F4C31,6172,45230642,0,3001,2917,84,0.00000,2.16615
534F4C31,6172,45233968,0,2991,2918,73,0.00000,1.88249
534F4C31,6172,45237296,0,2999,2915,84,0.00000,2.16615
534F4C31,6172,45240651,0,2998,2918,80,0.00000,2.06300
534F4C31,6172,45243961,0,2998,2919,79,0.00000,2.03722
534F4C31,6172,45247287,0,2999,2918,81,0.00000,2.08879
534F4C31,6172,45250626,0,2997,2918,79,0.00000,2.03722
534F4C31,6172,45253980,0,2993,2916,77,0.00000,1.98564
534F4C31,6172,45257290,0,2997,2919,78,0.00000,2.01143
534F4C31,6173,45260666,0,2989,2916,73,0.00000,1.88249
534F4C31,6173,45264354,0,2996,2918,78,0.00000,2.01143
534F4C31,6173,45267292,0,2997,2916,81,0.00000,2.08879
534F4C31,6173,45270630,0,2995,2917,78,0.00000,2.01143
534F4C31,6174,45274070,0,3001,2917,84,0.00000,2.16615
534F4C31,6175,45279446,0,2994,2919,75,0.00000,1.93407
534F4C31,6175,45282629,0,3005,2917,88,0.00000,2.26930
534F4C31,6176,45285570,0,2999,2918,81,0.00000,2.08879
534F4C31,6177,45292420,0,2996,2921,75,0.00000,1.93407
534F4C31,6177,45295829,0,3001,2918,83,0.00000,2.14037
534F4C31,6177,45300204,0,2999,2915,84,0.00000,2.16615
534F4C31,6177,45303092,0,2999,2916,83,0.00000,2.14037
534F4C31,6177,45305878,0,2997,2915,82,0.00000,2.11458
534F4C31,6178,45308863,0,2995,2919,76,0.00000,1.95985
534F4C31,6179,45312925,0,2998,2918,80,0.00000,2.06300
534F4C31,6180,45316446,0,3009,2918,91,0.00000,2.34667
534F4C31,6180,45322092,0,2994,2916,78,0.00000,2.01143
534F4C31,6180,45325305,0,2992,2919,73,0.00000,1.88249
534F4C31,6181,45328351,0,3002,2919,83,0.00000,2.14037
534F4C31,6181,45332842,0,3004,2919,85,0.00000,2.19194
534F4C31,6181,45335079,0,3001,2919,82,0.00000,2.11458
534F4C31,6181,45337193,0,2994,2920,74,0.00000,1.90828
534F4C31,6181,45340307,0,2996,2919,77,0.00000,1.98564
534F4C31,6181,45342842,0,3000,2921,79,0.00000,2.03722
534F4C31,6181,45345011,0,3000,2920,80,0.00000,2.06300
534F4C31,6181,45347071,0,2998,2919,79,0.00000,2.03722
534F4C31,6181,45349149,0,2998,2917,81,0.00000,2.08879
534F4C31,6181,45351270,0,2992,2918,74,0.00000,1.90828
534F4C31,6181,45353959,0,2999,2918,81,0.00000,2.08879
534F4C31,6181,45357387,0,2996,2918,78,0.00000,2.01143
534F4C31,6181,45360623,0,2999,2918,81,0.00000,2.08879
534F4C31,6182,45364192,0,2999,2918,81,0.00000,2.08879
534F4C31,6182,45367287,0,3003,2918,85,0.00000,2.19194
534F4C31,6182,45370622,0,3003,2918,85,0.00000,2.19194
534F4C31,6182,45373952,0,2999,2919,80,0.00000,2.06300
534F4C31,6182,45377283,0,3000,2917,83,0.00000,2.14037
534F4C31,6183,45380749,0,3001,2919,82,0.00000,2.11458
534F4C31,6183,45383959,0,2993,2917,76,0.00000,1.95985
534F4C31,6184,45388364,0,3002,2920,82,0.00000,2.11458
534F4C31,6185,45391302,0,3004,2918,86,0.00000,2.21773
534F4C31,6186,45394874,0,2993,2919,74,0.00000,1.90828
534F4C31,6187,45399470,0,3001,2918,83,0.00000,2.14037
534F4C31,6188,45404206,0,2994,2917,77,0.00000,1.98564
534F4C31,6189,45408584,0,2990,2920,70,0.00000,1.80513
534F4C31,6190,45413054,0,3002,2919,83,0.00000,2.14037
534F4C31,6191,45416944,0,2998,2915,83,0.00000,2.14037
534F4C31,6192,45421479,0,3003,2918,85,0.00000,2.19194
534F4C31,6193,45425688,0,2994,2920,74,0.00000,1.90828
534F4C31,6194,45430123,0,2995,2916,79,0.00000,2.03722
534F4C31,6195,45434968,0,2999,2921,78,0.00000,2.01143
534F4C31,6196,45439844,0,2998,2920,78,0.00000,2.01143
534F4C31,6196,45443380,0,2995,2917,78,0.00000,2.01143
534F4C31,6197,45446326,0,2997,2917,80,0.00000,2.06300
534F4C31,6198,45448646,0,2999,2920,79,0.00000,2.03722
534F4C31,6199,45453617,0,2996,2918,78,0.00000,2.01143
534F4C31,6200,45458465,0,2993,2917,76,0.00000,1.95985
534F4C31,6201,45463740,0,2998,2920,78,0.00000,2.01143
534F4C31,6202,45469235,0,2998,2920,78,0.00000,2.01143
534F4C31,6203,45473973,0,2995,2917,78,0.00000,2.01143
534F4C31,6204,45478375,0,3004,2918,86,0.00000,2.21773
534F4C31,6205,45483820,0,3002,2917,85,0.00000,2.19194
534F4C31,6206,45489586,0,3001,2919,82,0.00000,2.11458
534F4C31,6207,45497401,0,2998,2919,79,0.00000,2.03722
534F4C31,6208,45505289,0,3004,2919,85,0.00000,2.19194
534F4C31,6208,45511951,0,2996,2919,77,0.00000,1.98564
534F4C31,6208,45514383,0,3003,2919,84,0.00000,2.16615
534F4C31,6208,45517421,0,2998,2916,82,0.00000,2.11458
534F4C31,6208,45520887,0,2995,2920,75,0.00000,1.93407
534F4C31,6208,45522967,0,2999,2918,81,0.00000,2.08879
534F4C31,6208,45525018,0,3001,2922,79,0.00000,2.03722
534F4C31,6208,45527949,0,2998,2919,79,0.00000,2.03722
534F4C31,6208,45530238,0,2995,2918,77,0.00000,1.98564
534F4C31,6208,45532329,0,3000,2918,82,0.00000,2.11458
534F4C31,6208,45534317,0,2999,2917,82,0.00000,2.11458
534F4C31,6208,45536470,0,2995,2921,74,0.00000,1.90828
534F4C31,6208,45538619,0,3003,2919,84,0.00000,2.16615
534F4C31,6208,45540803,0,2994,2921,73,0.00000,1.88249
534F4C31,6208,45542994,0,3000,2915,85,0.00000,2.19194
534F4C31,6208,45545059,0,2998,2919,79,0.00000,2.03722
534F4C31,6208,45547142,0,2993,2917,76,0.00000,1.95985
534F4C31,6208,45549253,0,2997,2920,77,0.00000,1.98564
534F4C31,6208,45551391,0,2995,2920,75,0.00000,1.93407
534F4C31,6209,45553581,0,2999,2918,81,0.00000,2.08879
534F4C31,6209,45558631,0,3004,2920,84,0.00000,2.16615
534F4C31,6209,45561389,0,3002,2918,84,0.00000,2.16615
534F4C31,6209,45564198,0,3001,2915,86,0.00000,2.21773
534F4C31,6209,45566602,0,2998,2920,78,0.00000,2.01143
534F4C31,6209,45569595,0,3002,2920,82,0.00000,2.11458
534F4C31,6209,45571843,0,3000,2920,80,0.00000,2.06300
534F4C31,6209,45573964,0,2994,2919,75,0.00000,1.93407
534F4C31,6209,45576137,0,2994,2918,76,0.00000,1.95985
534F4C31,6209,45578183,0,2997,2920,77,0.00000,1.98564
534F4C31,6209,45580307,0,3001,2921,80,0.00000,2.06300
534F4C31,6209,45582379,0,2995,2919,76,0.00000,1.95985
534F4C31,6209,45584521,0,2996,2918,78,0.00000,2.01143
534F4C31,6209,45586715,0,2999,2915,84,0.00000,2.16615
534F4C31,6209,45588801,0,2997,2920,77,0.00000,1.98564
534F4C31,6209,45590994,0,2996,2918,78,0.00000,2.01143
534F4C31,6209,45593066,0,3000,2917,83,0.00000,2.14037
534F4C31,6209,45595192,0,2997,2921,76,0.00000,1.95985
534F4C31,6209,45597285,0,2998,2918,80,0.00000,2.06300
534F4C31,6209,45599426,0,3000,2920,80,0.00000,2.06300
534F4C31,6210,45601627,0,2999,2920,79,0.00000,2.03722
534F4C31,6210,45605579,0,2999,2922,77,0.00000,1.98564
534F4C31,6210,45608917,0,2994,2923,71,0.00000,1.83092
534F4C31,6210,45612011,0,2999,2919,80,0.00000,2.06300
534F4C31,6210,45615376,0,2996,2917,79,0.00000,2.03722
534F4C31,6210,45618093,0,2997,2919,78,0.00000,2.01143
534F4C31,6210,45620591,0,3002,2919,83,0.00000,2.14037
534F4C31,6210,45623922,0,3001,2921,80,0.00000,2.06300
534F4C31,6210,45627263,0,3002,2919,83,0.00000,2.14037
534F4C31,6210,45630593,0,2994,2918,76,0.00000,1.95985
534F4C31,6210,45633924,0,3004,2916,88,0.00000,2.26930
534F4C31,6210,45637266,0,2999,2919,80,0.00000,2.06300
534F4C31,6210,45640591,0,2993,2919,74,0.00000,1.90828
534F4C31,6210,45643923,0,3004,2920,84,0.00000,2.16615
534F4C31,6210,45647256,0,2991,2919,72,0.00000,1.85670
534F4C31,6210,45650591,0,2997,2919,78,0.00000,2.01143
534F4C31,6210,45653933,0,2996,2919,77,0.00000,1.98564
534F4C31,6210,45657250,0,3005,2919,86,0.00000,2.21773
534F4C31,6210,45660743,0,2997,2920,77,0.00000,1.98564
534F4C31,6211,45663922,0,2999,2917,82,0.00000,2.11458
534F4C31,6211,45667848,0,2996,2916,80,0.00000,2.06300
534F4C31,6211,45670585,0,2993,2918,75,0.00000,1.93407
534F4C31,6212,45673937,0,3000,2918,82,0.00000,2.11458
534F4C31,6213,45680427,0,2999,2919,80,0.00000,2.06300
534F4C31,6213,45684097,0,3003,2918,85,0.00000,2.19194
534F4C31,6213,45687046,0,2992,2917,75,0.00000,1.93407
534F4C31,6213,45690698,0,3005,2918,87,0.00000,2.24352
534F4C31,6213,45693663,0,2991,2921,70,0.00000,1.80513
534F4C31,6213,45696521,0,2997,2920,77,0.00000,1.98564
534F4C31,6213,45699013,0,2997,2919,78,0.00000,2.01143
534F4C31,6213,45701076,0,3000,2918,82,0.00000,2.11458
534F4C31,6213,45703919,0,2996,2920,76,0.00000,1.95985
534F4C31,6214,45707287,0,2995,2921,74,0.00000,1.90828
534F4C31,6215,45712126,0,2995,2919,76,0.00000,1.95985
534F4C31,6216,45716708,0,3001,2919,82,0.00000,2.11458
534F4C31,6216,45721522,0,2998,2918,80,0.00000,2.06300
534F4C31,6216,45723809,0,2999,2919,80,0.00000,2.06300
534F4C31,6217,45726903,0,3001,2919,82,0.00000,2.11458
534F4C31,6217,45731478,0,3001,2919,82,0.00000,2.11458
534F4C31,6217,45733890,0,2999,2919,80,0.00000,2.06300
534F4C31,6218,45735956,0,2997,2918,79,0.00000,2.03722
534F4C31,6218,45740854,0,2996,2919,77,0.00000,1.98564
534F4C31,6218,45743657,0,3002,2918,84,0.00000,2.16615
534F4C31,6218,45745867,0,3000,2920,80,0.00000,2.06300
534F4C31,6218,45748049,0,3005,2920,85,0.00000,2.19194
534F4C31,6218,45751351,0,2999,2918,81,0.00000,2.08879
534F4C31,6218,45753929,0,2999,2919,80,0.00000,2.06300
534F4C31,6219,45757249,0,2996,2920,76,0.00000,1.95985
534F4C31,6220,45761356,0,3001,2919,82,0.00000,2.11458
534F4C31,6221,45765129,0,2996,2919,77,0.00000,1.98564
534F4C31,6222,45770801,0,2996,2922,74,0.00000,1.90828
534F4C31,6223,45775269,0,2993,2919,74,0.00000,1.90828
534F4C31,6223,45779176,0,2991,2919,72,0.00000,1.85670
534F4C31,6223,45783136,0,2996,2920,76,0.00000,1.95985
534F4C31,6224,45786135,0,3002,2920,82,0.00000,2.11458
534F4C31,6224,45790379,0,2999,2919,80,0.00000,2.06300
534F4C31,6224,45794961,0,2999,2918,81,0.00000,2.08879
534F4C31,6225,45797917,0,2993,2922,71,0.00000,1.83092
534F4C31,6226,45802669,0,3002,2925,77,0.00000,1.98564
534F4C31,6226,45806854,0,2994,2920,74,0.00000,1.90828
534F4C31,6226,45810121,0,3001,2917,84,0.00000,2.16615
534F4C31,6226,45812283,0,2995,2920,75,0.00000,1.93407
534F4C31,6226,45815604,0,2997,2918,79,0.00000,2.03722
534F4C31,6226,45817779,0,3001,2920,81,0.00000,2.08879
534F4C31,6226,45819832,0,2997,2919,78,0.00000,2.01143
534F4C31,6226,45821933,0,3000,2918,82,0.00000,2.11458
534F4C31,6226,45824044,0,2994,2920,74,0.00000,1.90828
534F4C31,6227,45826296,0,2999,2919,80,0.00000,2.06300
534F4C31,6228,45830455,0,3001,2919,82,0.00000,2.11458
534F4C31,6229,45835526,0,2999,2921,78,0.00000,2.01143
534F4C31,6229,45840342,0,2998,2922,76,0.00000,1.95985
534F4C31,6229,45844306,0,2996,2919,77,0.00000,1.98564
534F4C31,6230,45846959,0,2993,2918,75,0.00000,1.93407
534F4C31,6231,45852061,0,2994,2920,74,0.00000,1.90828
534F4C31,6231,45855087,0,3002,2917,85,0.00000,2.19194
534F4C31,6231,45859868,0,2998,2916,82,0.00000,2.11458
534F4C31,6231,45862043,0,3001,2918,83,0.00000,2.14037
534F4C31,6231,45864929,0,3000,2920,80,0.00000,2.06300
534F4C31,6231,45867591,0,2994,2918,76,0.00000,1.95985
534F4C31,6231,45869869,0,2996,2918,78,0.00000,2.01143
534F4C31,6231,45872168,0,2997,2919,78,0.00000,2.01143
534F4C31,6231,45874390,0,3006,2919,87,0.00000,2.24352
534F4C31,6231,45876476,0,2998,2920,78,0.00000,2.01143
534F4C31,6231,45878537,0,2999,2917,82,0.00000,2.11458
534F4C31,6231,45880598,0,3000,2918,82,0.00000,2.11458
534F4C31,6231,45883909,0,2997,2919,78,0.00000,2.01143
534F4C31,6232,45887253,0,2997,2919,78,0.00000,2.01143
534F4C31,6233,45891761,0,2999,2920,79,0.00000,2.03722
534F4C31,6234,45895503,0,3005,2918,87,0.00000,2.24352
534F4C31,6235,45901318,0,2995,2916,79,0.00000,2.03722
534F4C31,6235,45904282,0,2989,2915,74,0.00000,1.90828
534F4C31,6235,45909303,0,3000,2918,82,0.00000,2.11458
534F4C31,6235,45912048,0,2995,2915,80,0.00000,2.06300
534F4C31,6235,45914239,0,2996,2916,80,0.00000,2.06300
534F4C31,6236,45917068,0,3004,2912,92,0.00000,2.37245
534F4C31,6236,45920592,0,2998,2914,84,0.00000,2.16615
534F4C31,6236,45924733,0,3002,2913,89,0.00000,2.29509
534F4C31,6237,45927585,0,3002,2914,88,0.00000,2.26930
534F4C31,6237,45932462,0,2998,2914,84,0.00000,2.16615
534F4C31,6237,45934856,0,2995,2913,82,0.00000,2.11458
534F4C31,6237,45936898,0,2994,2914,80,0.00000,2.06300
534F4C31,6237,45939986,0,3000,2915,85,0.00000,2.19194
534F4C31,6237,45942336,0,2999,2914,85,0.00000,2.19194
534F4C31,6237,45944376,0,3003,2913,90,0.00000,2.32088
534F4C31,6237,45947231,0,2998,2915,83,0.00000,2.14037
534F4C31,6238,45950962,0,3001,2913,88,0.00000,2.26930
534F4C31,6239,45954097,0,3002,2912,90,0.00000,2.32088
534F4C31,6240,45957884,0,2993,2911,82,0.00000,2.11458
534F4C31,6241,45964022,0,2999,2916,83,0.00000,2.14037
534F4C31,6241,45967213,0,3003,2919,84,0.00000,2.16615
534F4C31,6241,45971849,0,2999,2915,84,0.00000,2.16615
534F4C31,6241,45975195,0,3008,2917,91,0.00000,2.34667
534F4C31,6241,45977403,0,2998,2918,80,0.00000,2.06300
534F4C31,6242,45980268,0,2995,2916,79,0.00000,2.03722
534F4C31,6242,45984395,0,3002,2914,88,0.00000,2.26930
534F4C31,6242,45987394,0,2997,2916,81,0.00000,2.08879
534F4C31,6242,45989708,0,2996,2917,79,0.00000,2.03722
534F4C31,6242,45993135,0,2998,2915,83,0.00000,2.14037
534F4C31,6242,45995347,0,2997,2917,80,0.00000,2.06300
534F4C31,6242,45997450,0,2999,2912,87,0.00000,2.24352
534F4C31,6243,46000554,0,2998,2914,84,0.00000,2.16615
534F4C31,6244,46003889,0,3002,2916,86,0.00000,2.21773
534F4C31,6245,46007327,0,2994,2918,76,0.00000,1.95985
534F4C31,6246,46011726,0,3001,2914,87,0.00000,2.24352
534F4C31,6247,46015862,0,2999,2914,85,0.00000,2.19194
534F4C31,6248,46021752,0,3006,2916,90,0.00000,2.32088
534F4C31,6248,46024707,0,2994,2911,83,0.00000,2.14037
534F4C31,6248,46027152,0,2998,2915,83,0.00000,2.14037
534F4C31,6249,46032275,0,3000,2918,82,0.00000,2.11458
534F4C31,6250,46036732,0,3001,2917,84,0.00000,2.16615
534F4C31,6250,46040085,0,2994,2916,78,0.00000,2.01143
534F4C31,6251,46043284,0,2996,2915,81,0.00000,2.08879
534F4C31,6252,46048146,0,2995,2918,77,0.00000,1.98564
534F4C31,6252,46051281,0,2996,2914,82,0.00000,2.11458
534F4C31,6252,46056438,0,3000,2910,90,0.00000,2.32088
534F4C31,6252,46059303,0,2995,2913,82,0.00000,2.11458
534F4C31,6252,46062278,0,2996,2914,82,0.00000,2.11458
534F4C31,6252,46064729,0,2998,2917,81,0.00000,2.08879
534F4C31,6252,46066782,0,3004,2918,86,0.00000,2.21773
534F4C31,6252,46068940,0,2998,2915,83,0.00000,2.14037
534F4C31,6252,46071445,0,2994,2914,80,0.00000,2.06300
534F4C31,6252,46073628,0,3000,2913,87,0.00000,2.24352
534F4C31,6252,46075674,0,3001,2914,87,0.00000,2.24352
534F4C31,6252,46077916,0,2994,2917,77,0.00000,1.98564
534F4C31,6252,46080558,0,2997,2917,80,0.00000,2.06300
534F4C31,6252,46083885,0,2994,2910,84,0.00000,2.16615
534F4C31,6252,46087218,0,2996,2918,78,0.00000,2.01143
534F4C31,6253,46090877,0,2999,2915,84,0.00000,2.16615
534F4C31,6254,46094504,0,2998,2916,82,0.00000,2.11458
534F4C31,6255,46098877,0,3000,2913,87,0.00000,2.24352
534F4C31,6255,46104362,0,3000,2915,85,0.00000,2.19194
534F4C31,6255,46106607,0,3001,2916,85,0.00000,2.19194
534F4C31,6255,46109716,0,3006,2914,92,0.00000,2.37245
534F4C31,6255,46112100,0,3004,2916,88,0.00000,2.26930
534F4C31,6255,46114219,0,2996,2916,80,0.00000,2.06300
534F4C31,6255,46117219,0,2995,2914,81,0.00000,2.08879
534F4C31,6256,46120875,0,3001,2912,89,0.00000,2.29509
534F4C31,6257,46124945,0,2998,2915,83,0.00000,2.14037
534F4C31,6258,46128870,0,2999,2914,85,0.00000,2.19194
534F4C31,6259,46135146,0,3000,2913,87,0.00000,2.24352
534F4C31,6259,46139010,0,2999,2916,83,0.00000,2.14037
534F4C31,6259,46142516,0,2996,2917,79,0.00000,2.03722
534F4C31,6259,46145652,0,3002,2915,87,0.00000,2.24352
534F4C31,6259,46147988,0,2998,2918,80,0.00000,2.06300
534F4C31,6259,46150793,0,2991,2915,76,0.00000,1.95985
534F4C31,6259,46153247,0,2995,2916,79,0.00000,2.03722
534F4C31,6259,46155516,0,2990,2912,78,0.00000,2.01143
534F4C31,6259,46157753,0,3000,2916,84,0.00000,2.16615
534F4C31,6259,46160553,0,3002,2919,83,0.00000,2.14037
534F4C31,6259,46163871,0,3000,2911,89,0.00000,2.29509
534F4C31,6260,46167717,0,3006,2916,90,0.00000,2.32088
534F4C31,6261,46170599,0,3000,2918,82,0.00000,2.11458
534F4C31,6262,46176151,0,3004,2915,89,0.00000,2.29509
534F4C31,6262,46180842,0,2993,2915,78,0.00000,2.01143
534F4C31,6263,46184732,0,3000,2916,84,0.00000,2.16615
534F4C31,6263,46189582,0,3006,2914,92,0.00000,2.37245
534F4C31,6263,46191856,0,3001,2916,85,0.00000,2.19194
534F4C31,6264,46194067,0,3001,2916,85,0.00000,2.19194
534F4C31,6265,46198097,0,2992,2912,80,0.00000,2.06300
534F4C31,6266,46202908,0,2996,2911,85,0.00000,2.19194
534F4C31,6266,46207703,0,2996,2918,78,0.00000,2.01143
534F4C31,6266,46211265,0,2999,2915,84,0.00000,2.16615
534F4C31,6266,46213567,0,3000,2913,87,0.00000,2.24352
534F4C31,6266,46216456,0,2994,2917,77,0.00000,1.98564
534F4C31,6266,46218724,0,3009,2915,94,0.00000,2.42403
534F4C31,6266,46220888,0,3000,2915,85,0.00000,2.19194
534F4C31,6266,46223193,0,2997,2915,82,0.00000,2.11458
534F4C31,6266,46225362,0,2998,2913,85,0.00000,2.19194
534F4C31,6266,46227474,0,3000,2917,83,0.00000,2.14037
534F4C31,6267,46230968,0,2992,2914,78,0.00000,2.01143
534F4C31,6268,46234565,0,2996,2915,81,0.00000,2.08879
534F4C31,6269,46238277,0,2996,2912,84,0.00000,2.16615
534F4C31,6270,46244182,0,2999,2916,83,0.00000,2.14037
534F4C31,6271,46248149,0,2995,2914,81,0.00000,2.08879
534F4C31,6271,46254343,0,2998,2914,84,0.00000,2.16615
534F4C31,6271,46256645,0,2999,2913,86,0.00000,2.21773
534F4C31,6271,46258928,0,2994,2917,77,0.00000,1.98564
534F4C31,6272,46262247,0,2999,2917,82,0.00000,2.11458
534F4C31,6273,46266384,0,3000,2913,87,0.00000,2.24352
534F4C31,6274,46270132,0,3000,2914,86,0.00000,2.21773
534F4C31,6274,46276779,0,3003,2914,89,0.00000,2.29509
534F4C31,6274,46279092,0,2999,2917,82,0.00000,2.11458
534F4C31,6274,46281177,0,2997,2911,86,0.00000,2.21773
534F4C31,6274,46284365,0,2996,2917,79,0.00000,2.03722
534F4C31,6274,46286838,0,2998,2914,84,0.00000,2.16615
534F4C31,6274,46288982,0,2999,2913,86,0.00000,2.21773
534F4C31,6274,46291137,0,2999,2913,86,0.00000,2.21773
534F4C31,6274,46293187,0,2996,2914,82,0.00000,2.11458
534F4C31,6274,46295270,0,2998,2914,84,0.00000,2.16615
534F4C31,6274,46297434,0,3004,2915,89,0.00000,2.29509
534F4C31,6274,46300525,0,2995,2915,80,0.00000,2.06300
534F4C31,6274,46303854,0,2994,2912,82,0.00000,2.11458
534F4C31,6275,46307203,0,3003,2914,89,0.00000,2.29509
534F4C31,6276,46311028,0,2992,2914,78,0.00000,2.01143
534F4C31,6277,46314945,0,3000,2913,87,0.00000,2.24352
534F4C31,6278,46320565,0,2999,2913,86,0.00000,2.21773
534F4C31,6278,46326006,0,2999,2913,86,0.00000,2.21773
534F4C31,6278,46328838,0,3000,2914,86,0.00000,2.21773
534F4C31,6278,46331589,0,2998,2917,81,0.00000,2.08879
534F4C31,6278,46334651,0,2997,2911,86,0.00000,2.21773
534F4C31,6278,46336870,0,2996,2912,84,0.00000,2.16615
534F4C31,6278,46338967,0,3000,2911,89,0.00000,2.29509
534F4C31,6279,46341216,0,2989,2912,77,0.00000,1.98564
534F4C31,6280,46345364,0,3006,2914,92,0.00000,2.37245
534F4C31,6280,46349142,0,3005,2916,89,0.00000,2.29509
534F4C31,6280,46353640,0,3000,2912,88,0.00000,2.26930
534F4C31,6280,46356035,0,3002,2914,88,0.00000,2.26930
534F4C31,6280,46358294,0,2998,2914,84,0.00000,2.16615
534F4C31,6280,46360546,0,3002,2918,84,0.00000,2.16615
534F4C31,6280,46363871,0,2995,2913,82,0.00000,2.11458
534F4C31,6280,46367185,0,2999,2914,85,0.00000,2.19194
534F4C31,6280,46370520,0,2996,2917,79,0.00000,2.03722
534F4C31,6281,46373857,0,2996,2918,78,0.00000,2.01143
534F4C31,6282,46377906,0,2999,2914,85,0.00000,2.19194
534F4C31,6283,46382095,0,2997,2915,82,0.00000,2.11458
534F4C31,6284,46386091,0,2998,2918,80,0.00000,2.06300
534F4C31,6285,46392369,0,3003,2919,84,0.00000,2.16615
534F4C31,6285,46396600,0,2998,2915,83,0.00000,2.14037
534F4C31,6285,46401885,0,3001,2919,82,0.00000,2.11458
534F4C31,6285,46404120,0,3002,2915,87,0.00000,2.24352
534F4C31,6285,46407599,0,2993,2914,79,0.00000,2.03722
534F4C31,6286,46409795,0,2995,2913,82,0.00000,2.11458
534F4C31,6287,46414325,0,2987,2917,70,0.00000,1.80513
534F4C31,6287,46417348,0,3002,2917,85,0.00000,2.19194
534F4C31,6287,46422399,0,3001,2916,85,0.00000,2.19194
534F4C31,6287,46424616,0,2987,2914,73,0.00000,1.88249
534F4C31,6287,46427565,0,3002,2919,83,0.00000,2.14037
534F4C31,6287,46430413,0,3005,2915,90,0.00000,2.32088
534F4C31,6287,46432622,0,2997,2913,84,0.00000,2.16615
534F4C31,6287,46434997,0,2992,2918,74,0.00000,1.90828
534F4C31,6287,46437189,0,2994,2916,78,0.00000,2.01143
534F4C31,6287,46440034,0,2995,2915,80,0.00000,2.06300
534F4C31,6287,46442661,0,2993,2918,75,0.00000,1.93407
534F4C31,6287,46444905,0,3003,2915,88,0.00000,2.26930
534F4C31,6288,46447509,0,3002,2915,87,0.00000,2.24352
534F4C31,6288,46452672,0,3002,2913,89,0.00000,2.29509
534F4C31,6288,46454881,0,2999,2912,87,0.00000,2.24352
534F4C31,6289,46457732,0,2998,2911,87,0.00000,2.24352
534F4C31,6290,46461977,0,2998,2918,80,0.00000,2.06300
534F4C31,6291,46466788,0,2996,2916,80,0.00000,2.06300
534F4C31,6292,46470992,0,3000,2915,85,0.00000,2.19194
534F4C31,6293,46477249,0,2999,2916,83,0.00000,2.14037
534F4C31,6293,46479447,0,2996,2913,83,0.00000,2.14037
534F4C31,6294,46485210,0,2999,2911,88,0.00000,2.26930
534F4C31,6295,46487529,0,3003,2911,92,0.00000,2.37245
534F4C31,6296,46493458,0,2995,2912,83,0.00000,2.14037
534F4C31,6297,46495851,0,2991,2909,82,0.00000,2.11458
534F4C31,6298,46501731,0,2993,2912,81,0.00000,2.08879
534F4C31,6298,46508189,0,3001,2914,87,0.00000,2.24352
534F4C31,6298,46510929,0,2998,2913,85,0.00000,2.19194
534F4C31,6298,46513104,0,3002,2911,91,0.00000,2.34667
534F4C31,6298,46516096,0,2994,2910,84,0.00000,2.16615
534F4C31,6299,46518506,0,2997,2914,83,0.00000,2.14037
534F4C31,6299,46522447,0,2992,2910,82,0.00000,2.11458
534F4C31,6299,46525670,0,3004,2914,90,0.00000,2.32088
534F4C31,6299,46528845,0,2998,2911,87,0.00000,2.24352
534F4C31,6300,46532384,0,3000,2912,88,0.00000,2.26930
534F4C31,6301,46536323,0,2999,2913,86,0.00000,2.21773
534F4C31,6301,46540890,0,3001,2909,92,0.00000,2.37245
534F4C31,6301,46543704,0,2996,2908,88,0.00000,2.26930
534F4C31,6301,46545854,0,2996,2913,83,0.00000,2.14037
534F4C31,6301,46548785,0,3000,2911,89,0.00000,2.29509
534F4C31,6302,46551240,0,3005,2913,92,0.00000,2.37245
534F4C31,6303,46555708,0,2999,2913,86,0.00000,2.21773
534F4C31,6304,46560387,0,2996,2911,85,0.00000,2.19194
534F4C31,6304,46565717,0,2998,2910,88,0.00000,2.26930
534F4C31,6304,46569407,0,2997,2910,87,0.00000,2.24352
534F4C31,6305,46571939,0,2995,2912,83,0.00000,2.14037
534F4C31,6305,46576333,0,2996,2911,85,0.00000,2.19194
534F4C31,6305,46578529,0,2996,2912,84,0.00000,2.16615
534F4C31,6305,46581224,0,2999,2911,88,0.00000,2.26930
534F4C31,6305,46584506,0,2996,2910,86,0.00000,2.21773
534F4C31,6305,46586580,0,3001,2909,92,0.00000,2.37245
534F4C31,6305,46588642,0,3000,2913,87,0.00000,2.24352
534F4C31,6305,46590715,0,3002,2907,95,0.00000,2.44982
534F4C31,6305,46592868,0,2999,2912,87,0.00000,2.24352
534F4C31,6305,46595103,0,3004,2913,91,0.00000,2.34667
534F4C31,6305,46597316,0,3007,2911,96,0.00000,2.47560
534F4C31,6305,46599377,0,2998,2911,87,0.00000,2.24352
534F4C31,6305,46601448,0,3000,2908,92,0.00000,2.37245
534F4C31,6305,46603574,0,3000,2911,89,0.00000,2.29509
534F4C31,6305,46605725,0,3005,2910,95,0.00000,2.44982
534F4C31,6305,46607778,0,2997,2911,86,0.00000,2.21773
534F4C31,6305,46610491,0,3000,2912,88,0.00000,2.26930
534F4C31,6305,46613828,0,3003,2910,93,0.00000,2.39824
534F4C31,6305,46617160,0,2994,2913,81,0.00000,2.08879
534F4C31,6305,46620487,0,3004,2913,91,0.00000,2.34667
534F4C31,6306,46623853,0,3002,2913,89,0.00000,2.29509
534F4C31,6306,46628084,0,3000,2913,87,0.00000,2.24352
534F4C31,6307,46630511,0,3000,2911,89,0.00000,2.29509
534F4C31,6308,46634937,0,3004,2911,93,0.00000,2.39824
534F4C31,6309,46638652,0,2997,2913,84,0.00000,2.16615
534F4C31,6310,46644819,0,2995,2910,85,0.00000,2.19194
534F4C31,6311,46647796,0,2999,2910,89,0.00000,2.29509
534F4C31,6311,46652675,0,2999,2909,90,0.00000,2.32088
534F4C31,6311,46657345,0,3001,2912,89,0.00000,2.29509
534F4C31,6311,46660347,0,2999,2914,85,0.00000,2.19194
534F4C31,6311,46662590,0,3004,2909,95,0.00000,2.44982
534F4C31,6312,46665696,0,3000,2910,90,0.00000,2.32088
534F4C31,6312,46669369,0,2993,2912,81,0.00000,2.08879
534F4C31,6312,46672704,0,2997,2909,88,0.00000,2.26930
534F4C31,6312,46674895,0,3000,2913,87,0.00000,2.24352
534F4C31,6312,46678044,0,2995,2912,83,0.00000,2.14037
534F4C31,6312,46680452,0,3005,2911,94,0.00000,2.42403
534F4C31,6312,46682550,0,2998,2911,87,0.00000,2.24352
534F4C31,6312,46684881,0,3000,2908,92,0.00000,2.37245
534F4C31,6312,46687156,0,2995,2909,86,0.00000,2.21773
534F4C31,6312,46690667,0,3003,2912,91,0.00000,2.34667
534F4C31,6312,46693816,0,2998,2911,87,0.00000,2.24352
534F4C31,6313,46697164,0,2997,2912,85,0.00000,2.19194
534F4C31,6314,46701258,0,3002,2914,88,0.00000,2.26930
534F4C31,6314,46705594,0,3009,2911,98,0.00000,2.52718
534F4C31,6314,46710234,0,2999,2915,84,0.00000,2.16615
534F4C31,6315,46713104,0,3001,2910,91,0.00000,2.34667
534F4C31,6316,46718218,0,2998,2913,85,0.00000,2.19194
534F4C31,6317,46722165,0,2996,2910,86,0.00000,2.21773
534F4C31,6318,46728279,0,3002,2910,92,0.00000,2.37245
534F4C31,6318,46732414,0,2996,2910,86,0.00000,2.21773
534F4C31,6319,46735213,0,2996,2914,82,0.00000,2.11458
534F4C31,6320,46739206,0,3001,2910,91,0.00000,2.34667
534F4C31,6321,46743608,0,3001,2912,89,0.00000,2.29509
534F4C31,6322,46747064,0,2997,2911,86,0.00000,2.21773
534F4C31,6322,46753332,0,3001,2911,90,0.00000,2.32088
534F4C31,6322,46757041,0,2991,2913,78,0.00000,2.01143
534F4C31,6322,46759942,0,2996,2912,84,0.00000,2.16615
534F4C31,6322,46762232,0,2995,2908,87,0.00000,2.24352
534F4C31,6322,46764403,0,2997,2913,84,0.00000,2.16615
534F4C31,6322,46766510,0,2999,2911,88,0.00000,2.26930
534F4C31,6322,46768586,0,2991,2906,85,0.00000,2.19194
534F4C31,6322,46770762,0,3002,2911,91,0.00000,2.34667
534F4C31,6322,46772921,0,2997,2912,85,0.00000,2.19194
534F4C31,6322,46775010,0,3000,2909,91,0.00000,2.34667
534F4C31,6322,46777213,0,2995,2911,84,0.00000,2.16615
534F4C31,6322,46779276,0,3000,2910,90,0.00000,2.32088
534F4C31,6322,46781416,0,2989,2912,77,0.00000,1.98564
534F4C31,6323,46783825,0,2995,2912,83,0.00000,2.14037
534F4C31,6324,46788721,0,2997,2910,87,0.00000,2.24352
534F4C31,6325,46792954,0,2993,2911,82,0.00000,2.11458
534F4C31,6326,46796391,0,2999,2911,88,0.00000,2.26930
534F4C31,6327,46802352,0,3003,2910,93,0.00000,2.39824
534F4C31,6327,46808235,0,3001,2913,88,0.00000,2.26930
534F4C31,6327,46811064,0,2996,2915,81,0.00000,2.08879
534F4C31,6327,46814096,0,2998,2909,89,0.00000,2.29509
534F4C31,6327,46816432,0,3004,2910,94,0.00000,2.42403
534F4C31,6327,46818449,0,2999,2911,88,0.00000,2.26930
534F4C31,6327,46820614,0,2992,2910,82,0.00000,2.11458
534F4C31,6328,46822944,0,2997,2914,83,0.00000,2.14037
534F4C31,6329,46827827,0,2998,2911,87,0.00000,2.24352
534F4C31,6330,46831613,0,2995,2907,88,0.00000,2.26930
534F4C31,6330,46837227,0,2999,2909,90,0.00000,2.32088
534F4C31,6330,46839717,0,3001,2911,90,0.00000,2.32088
534F4C31,6330,46842489,0,2997,2910,87,0.00000,2.24352
534F4C31,6330,46844892,0,2997,2914,83,0.00000,2.14037
534F4C31,6330,46847074,0,3000,2910,90,0.00000,2.32088
534F4C31,6330,46849296,0,2995,2909,86,0.00000,2.21773
534F4C31,6330,46851415,0,3001,2913,88,0.00000,2.26930
534F4C31,6330,46853802,0,2996,2911,85,0.00000,2.19194
534F4C31,6331,46857173,0,3000,2912,88,0.00000,2.26930
534F4C31,6332,46861834,0,3000,2912,88,0.00000,2.26930
534F4C31,6332,46865141,0,2995,2913,82,0.00000,2.11458
534F4C31,6332,46869898,0,3000,2914,86,0.00000,2.21773
534F4C31,6332,46872793,0,2999,2913,86,0.00000,2.21773
534F4C31,6332,46875157,0,3000,2912,88,0.00000,2.26930
534F4C31,6333,46878332,0,2997,2913,84,0.00000,2.16615
534F4C31,6334,46882791,0,3004,2914,90,0.00000,2.32088
534F4C31,6334,46886694,0,3002,2910,92,0.00000,2.37245
534F4C31,6334,46891940,0,3002,2911,91,0.00000,2.34667
534F4C31,6334,46894142,0,3002,2909,93,0.00000,2.39824
534F4C31,6334,46897296,0,2999,2910,89,0.00000,2.29509
534F4C31,6334,46899597,0,2995,2909,86,0.00000,2.21773
534F4C31,6334,46901848,0,3002,2912,90,0.00000,2.32088
534F4C31,6334,46904141,0,3005,2913,92,0.00000,2.37245
534F4C31,6334,46907154,0,3002,2911,91,0.00000,2.34667
534F4C31,6334,46910463,0,2988,2908,80,0.00000,2.06300
534F4C31,6335,46913810,0,2999,2913,86,0.00000,2.21773
534F4C31,6336,46919071,0,2998,2912,86,0.00000,2.21773
534F4C31,6337,46923298,0,3005,2909,96,0.00000,2.47560
534F4C31,6338,46929551,0,3000,2908,92,0.00000,2.37245
534F4C31,6338,46933470,0,2994,2908,86,0.00000,2.21773
534F4C31,6338,46937051,0,3000,2910,90,0.00000,2.32088
534F4C31,6338,46939078,0,3001,2908,93,0.00000,2.39824
534F4C31,6338,46941390,0,3004,2913,91,0.00000,2.34667
534F4C31,6339,46944096,0,3001,2908,93,0.00000,2.39824
534F4C31,6340,46948409,0,2996,2911,85,0.00000,2.19194
534F4C31,6341,46955139,0,3000,2912,88,0.00000,2.26930
534F4C31,6341,46958129,0,2998,2913,85,0.00000,2.19194
534F4C31,6341,46960939,0,3002,2911,91,0.00000,2.34667
534F4C31,6341,46964826,0,3005,2911,94,0.00000,2.42403
534F4C31,6341,46968195,0,2997,2910,87,0.00000,2.24352
534F4C31,6341,46970372,0,2995,2910,85,0.00000,2.19194
534F4C31,6341,46972492,0,3002,2912,90,0.00000,2.32088
534F4C31,6342,46975510,0,3006,2908,98,0.00000,2.52718
534F4C31,6342,46979079,0,3001,2911,90,0.00000,2.32088
534F4C31,6342,46982605,0,2997,2909,88,0.00000,2.26930
534F4C31,6342,46984823,0,2992,2909,83,0.00000,2.14037
534F4C31,6342,46987743,0,2994,2910,84,0.00000,2.16615
534F4C31,6342,46990296,0,3001,2909,92,0.00000,2.37245
534F4C31,6342,46992798,0,3004,2910,94,0.00000,2.42403
534F4C31,6343,46994955,0,3000,2908,92,0.00000,2.37245
534F4C31,6344,46999295,0,2996,2912,84,0.00000,2.16615
534F4C31,6345,47002867,0,3001,2913,88,0.00000,2.26930
534F4C31,6345,47009927,0,3005,2912,93,0.00000,2.39824
534F4C31,6345,47012307,0,2997,2910,87,0.00000,2.24352
534F4C31,6346,47015213,0,2999,2910,89,0.00000,2.29509
534F4C31,6346,47020395,0,3001,2911,90,0.00000,2.32088
534F4C31,6346,47022602,0,3001,2910,91,0.00000,2.34667
534F4C31,6347,47025977,0,3000,2913,87,0.00000,2.24352
534F4C31,6348,47030600,0,2993,2910,83,0.00000,2.14037
534F4C31,6348,47035029,0,3003,2910,93,0.00000,2.39824
534F4C31,6349,47040147,0,2999,2910,89,0.00000,2.29509
534F4C31,6349,47043085,0,3006,2908,98,0.00000,2.52718
534F4C31,6349,47047395,0,2994,2909,85,0.00000,2.19194
534F4C31,6349,47049979,0,3004,2909,95,0.00000,2.44982
534F4C31,6349,47052685,0,3002,2910,92,0.00000,2.37245
534F4C31,6349,47054902,0,3001,2911,90,0.00000,2.32088
534F4C31,6349,47056948,0,2994,2913,81,0.00000,2.08879
534F4C31,6349,47059232,0,2993,2910,83,0.00000,2.14037
534F4C31,6350,47061493,0,2996,2907,89,0.00000,2.29509
534F4C31,6351,47064749,0,3000,2904,96,0.00000,2.47560
534F4C31,6352,47068540,0,3003,2906,97,0.00000,2.50139
534F4C31,6353,47073872,0,2994,2905,89,0.00000,2.29509
534F4C31,6353,47079744,0,2999,2907,92,0.00000,2.37245
534F4C31,6353,47082211,0,2998,2908,90,0.00000,2.32088
534F4C31,6353,47084280,0,2997,2909,88,0.00000,2.26930
534F4C31,6353,47087905,0,3005,2908,97,0.00000,2.50139
534F4C31,6353,47090046,0,3000,2904,96,0.00000,2.47560
534F4C31,6353,47092216,0,3000,2907,93,0.00000,2.39824
534F4C31,6354,47094858,0,3000,2907,93,0.00000,2.39824
534F4C31,6355,47099075,0,2997,2908,89,0.00000,2.29509
534F4C31,6356,47103809,0,3000,2909,91,0.00000,2.34667
534F4C31,6357,47107743,0,2992,2907,85,0.00000,2.19194
534F4C31,6358,47113888,0,3000,2909,91,0.00000,2.34667
534F4C31,6358,47118432,0,3000,2905,95,0.00000,2.44982
534F4C31,6358,47121854,0,2996,2905,91,0.00000,2.34667
534F4C31,6358,47124073,0,3001,2907,94,0.00000,2.42403
534F4C31,6358,47127018,0,2998,2909,89,0.00000,2.29509
534F4C31,6359,47129714,0,2995,2905,90,0.00000,2.32088
534F4C31,6360,47134711,0,3007,2909,98,0.00000,2.52718
534F4C31,6360,47138569,0,2998,2909,89,0.00000,2.29509
534F4C31,6360,47142293,0,2997,2909,88,0.00000,2.26930
534F4C31,6361,47145585,0,2999,2908,91,0.00000,2.34667
534F4C31,6362,47150623,0,2990,2904,86,0.00000,2.21773
534F4C31,6362,47152875,0,3000,2907,93,0.00000,2.39824
534F4C31,6362,47158416,0,3002,2910,92,0.00000,2.37245
534F4C31,6362,47160655,0,3004,2907,97,0.00000,2.50139
534F4C31,6362,47163890,0,2996,2905,91,0.00000,2.34667
534F4C31,6362,47166152,0,3002,2906,96,0.00000,2.47560
534F4C31,6362,47168365,0,3000,2909,91,0.00000,2.34667
534F4C31,6363,47170522,0,3000,2911,89,0.00000,2.29509
534F4C31,6364,47174517,0,3002,2904,98,0.00000,2.52718
534F4C31,6364,47178600,0,3001,2909,92,0.00000,2.37245
534F4C31,6364,47183808,0,2996,2906,90,0.00000,2.32088
534F4C31,6364,47186032,0,3000,2908,92,0.00000,2.37245
534F4C31,6364,47188778,0,2998,2908,90,0.00000,2.32088
534F4C31,6365,47192174,0,3002,2905,97,0.00000,2.50139
534F4C31,6365,47197041,0,2992,2909,83,0.00000,2.14037
534F4C31,6365,47200200,0,2999,2911,88,0.00000,2.26930
534F4C31,6365,47202328,0,2998,2908,90,0.00000,2.32088
534F4C31,6365,47205310,0,3003,2911,92,0.00000,2.37245
534F4C31,6365,47208390,0,3000,2907,93,0.00000,2.39824
534F4C31,6365,47210581,0,2998,2907,91,0.00000,2.34667
534F4C31,6365,47212622,0,2994,2907,87,0.00000,2.24352
534F4C31,6365,47214806,0,2996,2909,87,0.00000,2.24352
534F4C31,6365,47217144,0,2997,2905,92,0.00000,2.37245
534F4C31,6365,47219308,0,2999,2904,95,0.00000,2.44982
534F4C31,6365,47221349,0,2998,2909,89,0.00000,2.29509
534F4C31,6365,47223426,0,2993,2906,87,0.00000,2.24352
534F4C31,6365,47225671,0,3004,2906,98,0.00000,2.52718
534F4C31,6366,47227947,0,2995,2909,86,0.00000,2.21773
534F4C31,6367,47232359,0,2987,2909,78,0.00000,2.01143
534F4C31,6368,47236318,0,2994,2911,83,0.00000,2.14037
534F4C31,6369,47242276,0,3000,2906,94,0.00000,2.42403
534F4C31,6369,47245202,0,2991,2908,83,0.00000,2.14037
534F4C31,6369,47249363,0,3003,2908,95,0.00000,2.44982
534F4C31,6369,47252126,0,2997,2908,89,0.00000,2.29509
534F4C31,6369,47254964,0,3000,2906,94,0.00000,2.42403
534F4C31,6370,47258106,0,2999,2905,94,0.00000,2.42403
534F4C31,6371,47261444,0,3003,2908,95,0.00000,2.44982
534F4C31,6372,47265710,0,2998,2907,91,0.00000,2.34667
534F4C31,6373,47271215,0,2994,2909,85,0.00000,2.19194
534F4C31,6373,47274447,0,3000,2910,90,0.00000,2.32088
534F4C31,6373,47278989,0,2999,2906,93,0.00000,2.39824
534F4C31,6374,47282818,0,3000,2906,94,0.00000,2.42403
534F4C31,6374,47286846,0,2999,2910,89,0.00000,2.29509
534F4C31,6374,47290995,0,2999,2906,93,0.00000,2.39824
534F4C31,6375,47294070,0,3002,2907,95,0.00000,2.44982
534F4C31,6375,47298472,0,2996,2909,87,0.00000,2.24352
534F4C31,6375,47302311,0,3007,2908,99,0.00000,2.55297
534F4C31,6375,47304967,0,2998,2908,90,0.00000,2.32088
534F4C31,6375,47307186,0,2997,2908,89,0.00000,2.29509
534F4C31,6376,47309405,0,2999,2908,91,0.00000,2.34667
534F4C31,6376,47313270,0,3004,2909,95,0.00000,2.44982
534F4C31,6376,47316659,0,2997,2905,92,0.00000,2.37245
534F4C31,6376,47318793,0,2994,2908,86,0.00000,2.21773
534F4C31,6376,47320852,0,2996,2909,87,0.00000,2.24352
534F4C31,6376,47324136,0,3001,2909,92,0.00000,2.37245
534F4C31,6376,47326496,0,3002,2906,96,0.00000,2.47560
534F4C31,6376,47328687,0,3007,2907,100,0.00000,2.57875
534F4C31,6376,47330779,0,2996,2908,88,0.00000,2.26930
534F4C31,6376,47332895,0,2995,2908,87,0.00000,2.24352
534F4C31,6376,47335106,0,2996,2905,91,0.00000,2.34667
534F4C31,6376,47337393,0,2996,2909,87,0.00000,2.24352
534F4C31,6377,47340437,0,2995,2907,88,0.00000,2.26930
534F4C31,6378,47345209,0,2994,2906,88,0.00000,2.26930
534F4C31,6379,47349912,0,3000,2908,92,0.00000,2.37245
534F4C31,6379,47355208,0,2995,2911,84,0.00000,2.16615
534F4C31,6379,47357715,0,3001,2908,93,0.00000,2.39824
534F4C31,6380,47360929,0,3003,2910,93,0.00000,2.39824
534F4C31,6381,47364662,0,3002,2905,97,0.00000,2.50139
534F4C31,6381,47369174,0,2999,2907,92,0.00000,2.37245
534F4C31,6381,47371446,0,3001,2904,97,0.00000,2.50139
534F4C31,6382,47374581,0,2998,2907,91,0.00000,2.34667
534F4C31,6382,47379074,0,3001,2907,94,0.00000,2.42403
534F4C31,6382,47381923,0,2997,2907,90,0.00000,2.32088
534F4C31,6382,47384958,0,2999,2907,92,0.00000,2.37245
534F4C31,6382,47387462,0,3002,2908,94,0.00000,2.42403
534F4C31,6382,47389591,0,3000,2908,92,0.00000,2.37245
534F4C31,6382,47391737,0,3000,2905,95,0.00000,2.44982
534F4C31,6382,47393880,0,2998,2906,92,0.00000,2.37245
534F4C31,6383,47397435,0,3000,2908,92,0.00000,2.37245
534F4C31,6384,47400709,0,3000,2909,91,0.00000,2.34667
534F4C31,6385,47406898,0,2999,2906,93,0.00000,2.39824
534F4C31,6385,47411460,0,3006,2907,99,0.00000,2.55297
534F4C31,6385,47413733,0,3000,2908,92,0.00000,2.37245
534F4C31,6385,47418190,0,2996,2907,89,0.00000,2.29509
534F4C31,6386,47421019,0,2994,2908,86,0.00000,2.21773
534F4C31,6387,47424482,0,2997,2908,89,0.00000,2.29509
534F4C31,6388,47428882,0,2997,2908,89,0.00000,2.29509
534F4C31,6389,47433871,0,3002,2908,94,0.00000,2.42403
534F4C31,6389,47439091,0,3004,2905,99,0.00000,2.55297
534F4C31,6389,47443369,0,2996,2908,88,0.00000,2.26930
534F4C31,6389,47445589,0,3004,2910,94,0.00000,2.42403
534F4C31,6389,47448556,0,2999,2906,93,0.00000,2.39824
534F4C31,6389,47450821,0,3000,2906,94,0.00000,2.42403
534F4C31,6389,47452984,0,3001,2907,94,0.00000,2.42403
534F4C31,6389,47455247,0,3007,2906,101,0.00000,2.60454
534F4C31,6389,47457361,0,2997,2908,89,0.00000,2.29509
534F4C31,6389,47459507,0,3000,2906,94,0.00000,2.42403
534F4C31,6389,47461579,0,2992,2908,84,0.00000,2.16615
534F4C31,6389,47463747,0,2993,2905,88,0.00000,2.26930
534F4C31,6390,47467560,0,2998,2907,91,0.00000,2.34667
534F4C31,6391,47471669,0,2997,2909,88,0.00000,2.26930
534F4C31,6392,47474512,0,3005,2905,100,0.00000,2.57875
534F4C31,6393,47479711,0,2997,2907,90,0.00000,2.32088
534F4C31,6393,47484897,0,2997,2910,87,0.00000,2.24352
534F4C31,6393,47487735,0,3002,2907,95,0.00000,2.44982
534F4C31,6394,47490412,0,2997,2908,89,0.00000,2.29509
534F4C31,6394,47495061,0,2995,2907,88,0.00000,2.26930
534F4C31,6394,47497220,0,2995,2905,90,0.00000,2.32088
534F4C31,6394,47500172,0,2992,2909,83,0.00000,2.14037
534F4C31,6394,47502673,0,2998,2907,91,0.00000,2.34667
534F4C31,6394,47505223,0,3001,2906,95,0.00000,2.44982
534F4C31,6394,47507484,0,2997,2905,92,0.00000,2.37245
534F4C31,6394,47510422,0,2997,2907,90,0.00000,2.32088
534F4C31,6394,47513733,0,2996,2907,89,0.00000,2.29509
534F4C31,6394,47517064,0,2996,2905,91,0.00000,2.34667
534F4C31,6395,47520430,0,2994,2909,85,0.00000,2.19194
534F4C31,6396,47524202,0,2994,2909,85,0.00000,2.19194
534F4C31,6397,47527855,0,2995,2906,89,0.00000,2.29509
534F4C31,6397,47533320,0,3001,2911,90,0.00000,2.32088
534F4C31,6397,47536227,0,3002,2905,97,0.00000,2.50139
534F4C31,6398,47539573,0,2997,2909,88,0.00000,2.26930
534F4C31,6398,47543666,0,2999,2905,94,0.00000,2.42403
534F4C31,6398,47546126,0,3002,2906,96,0.00000,2.47560
534F4C31,6399,47548389,0,2989,2907,82,0.00000,2.11458
534F4C31,6400,47552291,0,3000,2904,96,0.00000,2.47560
534F4C31,6401,47557765,0,2999,2904,95,0.00000,2.44982
534F4C31,6402,47562647,0,2994,2908,86,0.00000,2.21773
534F4C31,6402,47568799,0,2989,2906,83,0.00000,2.14037
534F4C31,6403,47572736,0,2996,2907,89,0.00000,2.29509
534F4C31,6403,47576003,0,3003,2908,95,0.00000,2.44982
534F4C31,6403,47580945,0,3001,2907,94,0.00000,2.42403
534F4C31,6403,47583908,0,2997,2907,90,0.00000,2.32088
534F4C31,6403,47586027,0,2991,2906,85,0.00000,2.19194
534F4C31,6403,47588922,0,3000,2906,94,0.00000,2.42403
534F4C31,6403,47591340,0,2996,2909,87,0.00000,2.24352
534F4C31,6403,47593447,0,2997,2907,90,0.00000,2.32088
534F4C31,6403,47595566,0,2996,2903,93,0.00000,2.39824
534F4C31,6403,47597693,0,2987,2905,82,0.00000,2.11458
534F4C31,6403,47599908,0,2994,2906,88,0.00000,2.26930
534F4C31,6403,47602101,0,3005,2906,99,0.00000,2.55297
534F4C31,6403,47604163,0,2999,2908,91,0.00000,2.34667
534F4C31,6403,47607063,0,2995,2908,87,0.00000,2.24352
534F4C31,6404,47610429,0,2997,2908,89,0.00000,2.29509
534F4C31,6404,47614008,0,3001,2908,93,0.00000,2.39824
534F4C31,6405,47617679,0,3001,2911,90,0.00000,2.32088
534F4C31,6405,47621526,0,3006,2909,97,0.00000,2.50139
534F4C31,6405,47624818,0,3000,2909,91,0.00000,2.34667
534F4C31,6406,47627066,0,3004,2908,96,0.00000,2.47560
534F4C31,6406,47631377,0,2992,2909,83,0.00000,2.14037
534F4C31,6406,47634379,0,2998,2903,95,0.00000,2.44982
534F4C31,6407,47638395,0,2999,2906,93,0.00000,2.39824
534F4C31,6407,47641838,0,2996,2909,87,0.00000,2.24352
534F4C31,6407,47644497,0,3003,2905,98,0.00000,2.52718
534F4C31,6408,47647507,0,3007,2908,99,0.00000,2.55297
534F4C31,6408,47650761,0,2998,2905,93,0.00000,2.39824
534F4C31,6408,47655429,0,2998,2904,94,0.00000,2.42403
534F4C31,6408,47657725,0,2999,2903,96,0.00000,2.47560
534F4C31,6409,47661488,0,3004,2906,98,0.00000,2.52718
534F4C31,6409,47665365,0,3001,2903,98,0.00000,2.52718
534F4C31,6409,47668939,0,2995,2906,89,0.00000,2.29509
534F4C31,6410,47671085,0,3000,2904,96,0.00000,2.47560
534F4C31,6411,47676433,0,2995,2901,94,0.00000,2.42403
534F4C31,6411,47679668,0,2999,2901,98,0.00000,2.52718
534F4C31,6411,47685035,0,2996,2906,90,0.00000,2.32088
534F4C31,6411,47687769,0,2997,2901,96,0.00000,2.47560
534F4C31,6411,47690612,0,2997,2902,95,0.00000,2.44982
534F4C31,6412,47693137,0,2996,2905,91,0.00000,2.34667
534F4C31,6412,47696046,0,2998,2904,94,0.00000,2.42403
534F4C31,6412,47699772,0,2997,2904,93,0.00000,2.39824
534F4C31,6412,47702054,0,2993,2901,92,0.00000,2.37245
534F4C31,6413,47705037,0,2999,2902,97,0.00000,2.50139
534F4C31,6414,47710206,0,2995,2902,93,0.00000,2.39824
534F4C31,6415,47717317,0,3000,2903,97,0.00000,2.50139
534F4C31,6415,47721490,0,3003,2902,101,0.00000,2.60454
534F4C31,6415,47723692,0,2993,2904,89,0.00000,2.29509
534F4C31,6415,47725936,0,2995,2902,93,0.00000,2.39824
534F4C31,6415,47729217,0,3000,2903,97,0.00000,2.50139
534F4C31,6415,47731329,0,2999,2902,97,0.00000,2.50139
534F4C31,6415,47733434,0,3004,2903,101,0.00000,2.60454
534F4C31,6416,47735709,0,2998,2902,96,0.00000,2.47560
534F4C31,6417,47740912,0,3000,2903,97,0.00000,2.50139
534F4C31,6418,47747414,0,2996,2900,96,0.00000,2.47560
534F4C31,6418,47751210,0,2997,2902,95,0.00000,2.44982
534F4C31,6419,47754731,0,2996,2902,94,0.00000,2.42403
534F4C31,6420,47758273,0,2999,2903,96,0.00000,2.47560
534F4C31,6421,47763398,0,3003,2902,101,0.00000,2.60454
534F4C31,6422,47769778,0,2987,2903,84,0.00000,2.16615
534F4C31,6422,47773784,0,2999,2902,97,0.00000,2.50139
534F4C31,6422,47777616,0,3000,2906,94,0.00000,2.42403
534F4C31,6422,47780521,0,2998,2903,95,0.00000,2.44982
534F4C31,6422,47782796,0,3005,2905,100,0.00000,2.57875
534F4C31,6422,47785032,0,3003,2906,97,0.00000,2.50139
534F4C31,6422,47787254,0,3002,2902,100,0.00000,2.57875
534F4C31,6422,47789360,0,3001,2904,97,0.00000,2.50139
534F4C31,6423,47792265,0,2996,2903,93,0.00000,2.39824
534F4C31,6424,47795950,0,3009,2902,107,0.00000,2.75927
534F4C31,6424,47799017,0,3000,2904,96,0.00000,2.47560
534F4C31,6424,47804138,0,3003,2903,100,0.00000,2.57875
534F4C31,6424,47807081,0,3007,2902,105,0.00000,2.70769
534F4C31,6424,47810177,0,2991,2904,87,0.00000,2.24352
534F4C31,6424,47813428,0,3003,2904,99,0.00000,2.55297
534F4C31,6424,47815624,0,2996,2901,95,0.00000,2.44982
534F4C31,6424,47817651,0,3002,2899,103,0.00000,2.65612
534F4C31,6424,47819788,0,2998,2905,93,0.00000,2.39824
534F4C31,6425,47822083,0,2998,2903,95,0.00000,2.44982
534F4C31,6425,47826790,0,2997,2903,94,0.00000,2.42403
534F4C31,6425,47829031,0,2999,2905,94,0.00000,2.42403
534F4C31,6426,47831986,0,2995,2904,91,0.00000,2.34667
534F4C31,6426,47835805,0,3003,2905,98,0.00000,2.52718
534F4C31,6426,47839291,0,2999,2906,93,0.00000,2.39824
534F4C31,6426,47841624,0,3005,2902,103,0.00000,2.65612
534F4C31,6426,47844685,0,3002,2904,98,0.00000,2.52718
534F4C31,6426,47846990,0,2997,2902,95,0.00000,2.44982
534F4C31,6426,47849163,0,2999,2904,95,0.00000,2.44982
534F4C31,6426,47851354,0,2995,2902,93,0.00000,2.39824
534F4C31,6427,47853718,0,2999,2903,96,0.00000,2.47560
534F4C31,6428,47858531,0,2997,2904,93,0.00000,2.39824
534F4C31,6429,47862735,0,2999,2902,97,0.00000,2.50139
534F4C31,6430,47867424,0,3000,2903,97,0.00000,2.50139
534F4C31,6431,47872360,0,2994,2904,90,0.00000,2.32088
534F4C31,6431,47876156,0,2995,2903,92,0.00000,2.37245
534F4C31,6431,47879637,0,3001,2904,97,0.00000,2.50139
534F4C31,6431,47881899,0,3002,2901,101,0.00000,2.60454
534F4C31,6431,47884805,0,3002,2903,99,0.00000,2.55297
534F4C31,6431,47887328,0,2995,2902,93,0.00000,2.39824
534F4C31,6431,47889534,0,2998,2903,95,0.00000,2.44982
534F4C31,6431,47891614,0,2996,2903,93,0.00000,2.39824
534F4C31,6431,47893712,0,2999,2904,95,0.00000,2.44982
534F4C31,6432,47897042,0,2999,2903,96,0.00000,2.47560
534F4C31,6433,47901907,0,2995,2901,94,0.00000,2.42403
534F4C31,6434,47905617,0,2991,2901,90,0.00000,2.32088
534F4C31,6434,47911753,0,3000,2905,95,0.00000,2.44982
534F4C31,6434,47914428,0,2997,2900,97,0.00000,2.50139
534F4C31,6435,47917690,0,2995,2903,92,0.00000,2.37245
534F4C31,6436,47922466,0,3001,2904,97,0.00000,2.50139
534F4C31,6436,47925681,0,3006,2900,106,0.00000,2.73348
534F4C31,6436,47930453,0,2996,2903,93,0.00000,2.39824
534F4C31,6436,47932809,0,2996,2900,96,0.00000,2.47560
534F4C31,6436,47936294,0,2997,2904,93,0.00000,2.39824
534F4C31,6436,47938472,0,2995,2902,93,0.00000,2.39824
534F4C31,6436,47941227,0,2989,2901,88,0.00000,2.26930
534F4C31,6436,47945012,0,2998,2900,98,0.00000,2.52718
534F4C31,6436,47947394,0,2995,2900,95,0.00000,2.44982
534F4C31,6436,47949621,0,2995,2902,93,0.00000,2.39824
534F4C31,6436,47951875,0,2995,2902,93,0.00000,2.39824
534F4C31,6437,47953945,0,3001,2900,101,0.00000,2.60454
534F4C31,6438,47957039,0,2999,2901,98,0.00000,2.52718
534F4C31,6439,47960385,0,3002,2902,100,0.00000,2.57875
534F4C31,6440,47963710,0,3001,2902,99,0.00000,2.55297
534F4C31,6441,47967037,0,3006,2902,104,0.00000,2.68190
534F4C31,6441,47971021,0,2997,2903,94,0.00000,2.42403
534F4C31,6441,47974834,0,3002,2904,98,0.00000,2.52718
534F4C31,6442,47977092,0,2994,2903,91,0.00000,2.34667
534F4C31,6443,47982629,0,2996,2906,90,0.00000,2.32088
534F4C31,6444,47986162,0,3000,2907,93,0.00000,2.39824
534F4C31,6445,47992961,0,2998,2906,92,0.00000,2.37245
534F4C31,6445,47995948,0,3000,2905,95,0.00000,2.44982
534F4C31,6446,47999376,0,2998,2903,95,0.00000,2.44982
534F4C31,6446,48003763,0,2994,2902,92,0.00000,2.37245
534F4C31,6446,48007218,0,2994,2904,90,0.00000,2.32088
534F4C31,6446,48009514,0,2998,2903,95,0.00000,2.44982
534F4C31,6447,48012838,0,3001,2902,99,0.00000,2.55297
534F4C31,6447,48017911,0,2998,2904,94,0.00000,2.42403
534F4C31,6447,48020623,0,3010,2902,108,0.00000,2.78505
534F4C31,6447,48024498,0,2999,2902,97,0.00000,2.50139
534F4C31,6447,48026763,0,2992,2904,88,0.00000,2.26930
534F4C31,6447,48029552,0,2995,2904,91,0.00000,2.34667
534F4C31,6447,48031858,0,3000,2903,97,0.00000,2.50139
534F4C31,6447,48034025,0,3004,2905,99,0.00000,2.55297
534F4C31,6447,48036202,0,3003,2904,99,0.00000,2.55297
534F4C31,6447,48038219,0,2991,2906,85,0.00000,2.19194
534F4C31,6447,48040427,0,2998,2905,93,0.00000,2.39824
534F4C31,6448,48044004,0,2998,2903,95,0.00000,2.44982
534F4C31,6449,48047414,0,3003,2906,97,0.00000,2.50139
534F4C31,6449,48051058,0,3009,2903,106,0.00000,2.73348
534F4C31,6449,48057067,0,3000,2907,93,0.00000,2.39824
534F4C31,6449,48059553,0,3001,2903,98,0.00000,2.52718
534F4C31,6450,48062794,0,2991,2903,88,0.00000,2.26930
534F4C31,6451,48067316,0,3000,2905,95,0.00000,2.44982
534F4C31,6452,48071623,0,3002,2900,102,0.00000,2.63033
534F4C31,6452,48074322,0,2999,2905,94,0.00000,2.42403
534F4C31,6452,48077255,0,2998,2906,92,0.00000,2.37245
534F4C31,6453,48080127,0,2997,2902,95,0.00000,2.44982
534F4C31,6453,48083182,0,2997,2902,95,0.00000,2.44982
534F4C31,6453,48085794,0,2997,2903,94,0.00000,2.42403
534F4C31,6453,48088588,0,2998,2904,94,0.00000,2.42403
534F4C31,6453,48090766,0,3000,2902,98,0.00000,2.52718
534F4C31,6454,48095712,0,2997,2905,92,0.00000,2.37245
534F4C31,6455,48099596,0,2997,2902,95,0.00000,2.44982
534F4C31,6456,48103103,0,2998,2903,95,0.00000,2.44982
534F4C31,6457,48109421,0,2997,2901,96,0.00000,2.47560
534F4C31,6457,48113983,0,2998,2906,92,0.00000,2.37245
534F4C31,6458,48118448,0,2998,2905,93,0.00000,2.39824
534F4C31,6459,48123981,0,3002,2902,100,0.00000,2.57875
534F4C31,6459,48128018,0,2999,2902,97,0.00000,2.50139
534F4C31,6459,48131951,0,2998,2903,95,0.00000,2.44982
534F4C31,6459,48134699,0,2998,2902,96,0.00000,2.47560
534F4C31,6459,48137531,0,2998,2904,94,0.00000,2.42403
534F4C31,6459,48140009,0,2997,2902,95,0.00000,2.44982
534F4C31,6459,48142236,0,2997,2902,95,0.00000,2.44982
534F4C31,6459,48144456,0,2996,2905,91,0.00000,2.34667
534F4C31,6459,48146604,0,2997,2904,93,0.00000,2.39824
534F4C31,6459,48148640,0,2996,2902,94,0.00000,2.42403
534F4C31,6459,48150753,0,2997,2904,93,0.00000,2.39824
534F4C31,6459,48152902,0,2994,2902,92,0.00000,2.37245
534F4C31,6459,48155153,0,2994,2903,91,0.00000,2.34667
534F4C31,6459,48157423,0,2998,2902,96,0.00000,2.47560
534F4C31,6459,48160338,0,2993,2902,91,0.00000,2.34667
534F4C31,6459,48163667,0,3001,2903,98,0.00000,2.52718
534F4C31,6459,48167004,0,2995,2901,94,0.00000,2.42403
534F4C31,6459,48170337,0,2998,2905,93,0.00000,2.39824
534F4C31,6460,48173685,0,3003,2904,99,0.00000,2.55297
534F4C31,6461,48177896,0,3004,2902,102,0.00000,2.63033
534F4C31,6462,48182300,0,2997,2902,95,0.00000,2.44982
534F4C31,6463,48186752,0,2999,2902,97,0.00000,2.50139
534F4C31,6464,48193051,0,2998,2903,95,0.00000,2.44982
534F4C31,6464,48197091,0,3003,2904,99,0.00000,2.55297
534F4C31,6464,48200484,0,3004,2900,104,0.00000,2.68190
534F4C31,6464,48203394,0,2999,2900,99,0.00000,2.55297
534F4C31,6464,48205710,0,2993,2899,94,0.00000,2.42403
534F4C31,6465,48208788,0,2994,2899,95,0.00000,2.44982
534F4C31,6465,48213163,0,2995,2898,97,0.00000,2.50139
534F4C31,6465,48215412,0,2999,2896,103,0.00000,2.65612
534F4C31,6465,48218215,0,3007,2900,107,0.00000,2.75927
534F4C31,6465,48221264,0,2999,2899,100,0.00000,2.57875
534F4C31,6465,48223696,0,2996,2900,96,0.00000,2.47560
534F4C31,6465,48225872,0,2992,2897,95,0.00000,2.44982
534F4C31,6465,48227921,0,2997,2895,102,0.00000,2.63033
534F4C31,6465,48230337,0,2995,2898,97,0.00000,2.50139
534F4C31,6466,48233665,0,3000,2900,100,0.00000,2.57875
534F4C31,6467,48238494,0,3000,2900,100,0.00000,2.57875
534F4C31,6468,48242965,0,3000,2899,101,0.00000,2.60454
534F4C31,6468,48247834,0,3002,2899,103,0.00000,2.65612
534F4C31,6468,48250886,0,2994,2901,93,0.00000,2.39824
534F4C31,6469,48253838,0,3003,2899,104,0.00000,2.68190
534F4C31,6470,48258358,0,3005,2898,107,0.00000,2.75927
534F4C31,6470,48262868,0,3005,2901,104,0.00000,2.68190
534F4C31,6470,48266953,0,2999,2900,99,0.00000,2.55297
534F4C31,6470,48270093,0,2996,2901,95,0.00000,2.44982
534F4C31,6470,48272921,0,3000,2899,101,0.00000,2.60454
534F4C31,6470,48275415,0,2996,2901,95,0.00000,2.44982
534F4C31,6470,48277501,0,2997,2898,99,0.00000,2.55297
534F4C31,6470,48279486,0,2996,2899,97,0.00000,2.50139
534F4C31,6470,48281677,0,3004,2899,105,0.00000,2.70769
534F4C31,6470,48283946,0,2997,2898,99,0.00000,2.55297
534F4C31,6471,48287122,0,2997,2902,95,0.00000,2.44982
534F4C31,6472,48291176,0,2992,2899,93,0.00000,2.39824
534F4C31,6473,48294934,0,2996,2902,94,0.00000,2.42403
534F4C31,6474,48301208,0,3002,2901,101,0.00000,2.60454
534F4C31,6474,48305211,0,2998,2900,98,0.00000,2.52718
534F4C31,6474,48308876,0,3005,2900,105,0.00000,2.70769
534F4C31,6474,48312187,0,3005,2902,103,0.00000,2.65612
534F4C31,6474,48314944,0,2992,2900,92,0.00000,2.37245
534F4C31,6474,48317366,0,3001,2899,102,0.00000,2.63033
534F4C31,6474,48319683,0,3004,2899,105,0.00000,2.70769
534F4C31,6474,48321724,0,3000,2899,101,0.00000,2.60454
534F4C31,6474,48324348,0,3001,2900,101,0.00000,2.60454
534F4C31,6475,48326990,0,2998,2900,98,0.00000,2.52718
534F4C31,6476,48331026,0,3000,2899,101,0.00000,2.60454
534F4C31,6477,48334778,0,3002,2895,107,0.00000,2.75927
534F4C31,6478,48340217,0,2995,2901,94,0.00000,2.42403
534F4C31,6478,48345735,0,3001,2899,102,0.00000,2.63033
534F4C31,6479,48349538,0,3000,2899,101,0.00000,2.60454
534F4C31,6479,48352767,0,2999,2896,103,0.00000,2.65612
534F4C31,6479,48358290,0,3000,2900,100,0.00000,2.57875
534F4C31,6479,48360715,0,3002,2900,102,0.00000,2.63033
534F4C31,6479,48363670,0,3000,2901,99,0.00000,2.55297
534F4C31,6479,48366667,0,3005,2899,106,0.00000,2.73348
534F4C31,6480,48368986,0,3000,2898,102,0.00000,2.63033
534F4C31,6481,48372511,0,2996,2898,98,0.00000,2.52718
534F4C31,6482,48377364,0,3003,2898,105,0.00000,2.70769
534F4C31,6482,48382014,0,3002,2903,99,0.00000,2.55297
534F4C31,6483,48387279,0,3000,2897,103,0.00000,2.65612
534F4C31,6483,48390740,0,3000,2899,101,0.00000,2.60454
534F4C31,6483,48395515,0,3001,2899,102,0.00000,2.63033
534F4C31,6483,48398424,0,2999,2896,103,0.00000,2.65612
534F4C31,6483,48401468,0,2992,2900,92,0.00000,2.37245
534F4C31,6484,48404511,0,3003,2898,105,0.00000,2.70769
534F4C31,6485,48407537,0,2992,2898,94,0.00000,2.42403
534F4C31,6486,48412221,0,3004,2898,106,0.00000,2.73348
534F4C31,6486,48415991,0,2998,2902,96,0.00000,2.47560
534F4C31,6486,48421455,0,3005,2897,108,0.00000,2.78505
534F4C31,6486,48424189,0,3000,2899,101,0.00000,2.60454
534F4C31,6486,48427867,0,2993,2901,92,0.00000,2.37245
534F4C31,6487,48430468,0,2995,2898,97,0.00000,2.50139
534F4C31,6487,48435136,0,2998,2901,97,0.00000,2.50139
534F4C31,6487,48437342,0,3002,2897,105,0.00000,2.70769
534F4C31,6487,48439370,0,2996,2901,95,0.00000,2.44982
534F4C31,6487,48442335,0,2997,2898,99,0.00000,2.55297
534F4C31,6487,48446157,0,3002,2901,101,0.00000,2.60454
534F4C31,6487,48448831,0,2998,2901,97,0.00000,2.50139
534F4C31,6487,48450910,0,3003,2901,102,0.00000,2.63033
534F4C31,6487,48452996,0,2994,2902,92,0.00000,2.37245
534F4C31,6487,48456262,0,2999,2898,101,0.00000,2.60454
534F4C31,6487,48458439,0,2997,2899,98,0.00000,2.52718
534F4C31,6487,48460593,0,3001,2899,102,0.00000,2.63033
534F4C31,6487,48462719,0,2999,2895,104,0.00000,2.68190
534F4C31,6487,48464818,0,2995,2897,98,0.00000,2.52718
534F4C31,6488,48467040,0,2994,2901,93,0.00000,2.39824
534F4C31,6489,48471323,0,3001,2897,104,0.00000,2.68190
534F4C31,6490,48475209,0,3002,2894,108,0.00000,2.78505
534F4C31,6491,48480962,0,3004,2898,106,0.00000,2.73348
534F4C31,6491,48486754,0,2996,2899,97,0.00000,2.50139
534F4C31,6491,48489054,0,2998,2898,100,0.00000,2.57875
534F4C31,6492,48491061,0,2999,2902,97,0.00000,2.50139
534F4C31,6493,48497092,0,3003,2899,104,0.00000,2.68190
534F4C31,6493,48500768,0,3000,2897,103,0.00000,2.65612
534F4C31,6493,48503737,0,2995,2898,97,0.00000,2.50139
534F4C31,6493,48507128,0,3002,2898,104,0.00000,2.68190
534F4C31,6493,48510447,0,2999,2898,101,0.00000,2.60454
534F4C31,6493,48512538,0,3002,2900,102,0.00000,2.63033
534F4C31,6493,48515598,0,3002,2896,106,0.00000,2.73348
534F4C31,6493,48517777,0,2992,2898,94,0.00000,2.42403
534F4C31,6493,48519954,0,2997,2902,95,0.00000,2.44982
534F4C31,6493,48522250,0,2996,2904,92,0.00000,2.37245
534F4C31,6494,48524311,0,3002,2900,102,0.00000,2.63033
534F4C31,6495,48529757,0,2998,2899,99,0.00000,2.55297
534F4C31,6496,48533904,0,2996,2902,94,0.00000,2.42403
534F4C31,6496,48538991,0,2997,2900,97,0.00000,2.50139
534F4C31,6496,48542058,0,2999,2901,98,0.00000,2.52718
534F4C31,6497,48544236,0,3006,2901,105,0.00000,2.70769
534F4C31,6498,48550135,0,2998,2901,97,0.00000,2.50139
534F4C31,6499,48555170,0,3000,2898,102,0.00000,2.63033
534F4C31,6500,48559986,0,3005,2901,104,0.00000,2.68190
534F4C31,6500,48564183,0,2995,2904,91,0.00000,2.34667
534F4C31,6500,48567953,0,2997,2900,97,0.00000,2.50139
534F4C31,6500,48570912,0,2998,2897,101,0.00000,2.60454
534F4C31,6500,48573785,0,2997,2899,98,0.00000,2.52718
534F4C31,6501,48576295,0,2995,2898,97,0.00000,2.50139
534F4C31,6502,48580328,0,3000,2899,101,0.00000,2.60454
534F4C31,6503,48585215,0,3007,2896,111,0.00000,2.86242
534F4C31,6503,48589563,0,3000,2900,100,0.00000,2.57875
534F4C31,6503,48593960,0,3002,2901,101,0.00000,2.60454
534F4C31,6503,48596815,0,3001,2898,103,0.00000,2.65612
534F4C31,6503,48599789,0,2998,2903,95,0.00000,2.44982
534F4C31,6503,48602073,0,3011,2902,109,0.00000,2.81084
534F4C31,6503,48604311,0,2997,2901,96,0.00000,2.47560
534F4C31,6503,48606288,0,2994,2897,97,0.00000,2.50139
534F4C31,6503,48608426,0,2997,2902,95,0.00000,2.44982
534F4C31,6503,48610559,0,3001,2901,100,0.00000,2.57875
534F4C31,6503,48612839,0,2999,2901,98,0.00000,2.52718
534F4C31,6503,48615057,0,2999,2900,99,0.00000,2.55297
534F4C31,6503,48617290,0,2998,2900,98,0.00000,2.52718
534F4C31,6503,48619334,0,2998,2899,99,0.00000,2.55297
534F4C31,6503,48621482,0,2993,2902,91,0.00000,2.34667
534F4C31,6503,48623745,0,3002,2901,101,0.00000,2.60454
534F4C31,6504,48625870,0,3003,2903,100,0.00000,2.57875
534F4C31,6505,48631037,0,2999,2901,98,0.00000,2.52718
534F4C31,6506,48634462,0,3005,2899,106,0.00000,2.73348
534F4C31,6507,48640882,0,2996,2897,99,0.00000,2.55297
534F4C31,6507,48645861,0,2998,2900,98,0.00000,2.52718
534F4C31,6507,48648876,0,3003,2899,104,0.00000,2.68190
534F4C31,6507,48652992,0,2995,2899,96,0.00000,2.47560
534F4C31,6507,48655416,0,2996,2901,95,0.00000,2.44982
534F4C31,6507,48658315,0,2995,2898,97,0.00000,2.50139
534F4C31,6507,48660699,0,3001,2897,104,0.00000,2.68190
534F4C31,6507,48662860,0,3001,2900,101,0.00000,2.60454
534F4C31,6507,48664940,0,2991,2901,90,0.00000,2.32088
534F4C31,6507,48667039,0,2992,2903,89,0.00000,2.29509
534F4C31,6507,48669180,0,2995,2897,98,0.00000,2.52718
534F4C31,6508,48671403,0,3002,2902,100,0.00000,2.57875
534F4C31,6509,48674822,0,2999,2899,100,0.00000,2.57875
534F4C31,6510,48679511,0,3004,2898,106,0.00000,2.73348
534F4C31,6511,48683672,0,2996,2898,98,0.00000,2.52718
534F4C31,6512,48688617,0,3002,2898,104,0.00000,2.68190
534F4C31,6512,48693893,0,2999,2900,99,0.00000,2.55297
534F4C31,6512,48696102,0,2996,2899,97,0.00000,2.50139
534F4C31,6513,48699873,0,3001,2896,105,0.00000,2.70769
534F4C31,6514,48704430,0,2995,2901,94,0.00000,2.42403
534F4C31,6514,48708507,0,2996,2901,95,0.00000,2.44982
534F4C31,6514,48713011,0,2994,2898,96,0.00000,2.47560
534F4C31,6514,48715269,0,3004,2897,107,0.00000,2.75927
534F4C31,6514,48718014,0,2989,2898,91,0.00000,2.34667
534F4C31,6515,48720445,0,2992,2900,92,0.00000,2.37245
534F4C31,6515,48725409,0,2998,2901,97,0.00000,2.50139
534F4C31,6515,48728215,0,3001,2899,102,0.00000,2.63033
534F4C31,6516,48731008,0,3003,2901,102,0.00000,2.63033
534F4C31,6517,48735952,0,3001,2898,103,0.00000,2.65612
534F4C31,6517,48741065,0,3001,2902,99,0.00000,2.55297
534F4C31,6517,48747053,0,3001,2902,99,0.00000,2.55297
534F4C31,6517,48749847,0,3001,2897,104,0.00000,2.68190
534F4C31,6517,48752122,0,2997,2901,96,0.00000,2.47560
534F4C31,6517,48755214,0,2995,2900,95,0.00000,2.44982
534F4C31,6517,48757467,0,2998,2900,98,0.00000,2.52718
534F4C31,6517,48759580,0,2997,2901,96,0.00000,2.47560
534F4C31,6517,48761691,0,3006,2899,107,0.00000,2.75927
534F4C31,6517,48763747,0,2998,2897,101,0.00000,2.60454
534F4C31,6517,48765989,0,3004,2898,106,0.00000,2.73348
534F4C31,6517,48768281,0,2997,2897,100,0.00000,2.57875
534F4C31,6517,48770463,0,3003,2903,100,0.00000,2.57875
534F4C31,6518,48772540,0,2999,2897,102,0.00000,2.63033
534F4C31,6519,48776555,0,2999,2901,98,0.00000,2.52718
534F4C31,6520,48780444,0,2999,2898,101,0.00000,2.60454
534F4C31,6521,48785762,0,2999,2901,98,0.00000,2.52718
534F4C31,6521,48790769,0,3002,2900,102,0.00000,2.63033
534F4C31,6521,48793425,0,3000,2897,103,0.00000,2.65612
534F4C31,6522,48795497,0,2996,2895,101,0.00000,2.60454
534F4C31,6523,48801350,0,2999,2900,99,0.00000,2.55297
534F4C31,6524,48805218,0,2995,2897,98,0.00000,2.52718
534F4C31,6524,48807383,0,2993,2899,94,0.00000,2.42403
534F4C31,6524,48813087,0,2997,2898,99,0.00000,2.55297
534F4C31,6524,48815289,0,2998,2899,99,0.00000,2.55297
534F4C31,6524,48818094,0,2998,2901,97,0.00000,2.50139
534F4C31,6525,48820568,0,2999,2895,104,0.00000,2.68190
534F4C31,6525,48824594,0,2997,2894,103,0.00000,2.65612
534F4C31,6525,48826943,0,2999,2894,105,0.00000,2.70769
534F4C31,6526,48829182,0,2997,2893,104,0.00000,2.68190
534F4C31,6526,48833653,0,2998,2894,104,0.00000,2.68190
534F4C31,6526,48837218,0,2997,2896,101,0.00000,2.60454
534F4C31,6526,48839465,0,2990,2893,97,0.00000,2.50139
534F4C31,6526,48842345,0,3000,2897,103,0.00000,2.65612
534F4C31,6526,48844733,0,2998,2893,105,0.00000,2.70769
534F4C31,6526,48846942,0,2997,2894,103,0.00000,2.65612
534F4C31,6526,48849209,0,3000,2895,105,0.00000,2.70769
534F4C31,6526,48851281,0,2995,2896,99,0.00000,2.55297
534F4C31,6526,48853610,0,3003,2898,105,0.00000,2.70769
534F4C31,6527,48857424,0,3002,2894,108,0.00000,2.78505
534F4C31,6527,48860444,0,2993,2898,95,0.00000,2.44982
534F4C31,6528,48863778,0,2998,2897,101,0.00000,2.60454
534F4C31,6529,48867530,0,2996,2896,100,0.00000,2.57875
534F4C31,6530,48872346,0,3003,2893,110,0.00000,2.83663
534F4C31,6531,48876860,0,3004,2896,108,0.00000,2.78505
534F4C31,6532,48881792,0,2997,2897,100,0.00000,2.57875
534F4C31,6532,48886193,0,2992,2894,98,0.00000,2.52718
534F4C31,6532,48890269,0,2998,2892,106,0.00000,2.73348
534F4C31,6533,48892527,0,2998,2895,103,0.00000,2.65612
534F4C31,6533,48897719,0,2993,2894,99,0.00000,2.55297
534F4C31,6533,48900002,0,3003,2897,106,0.00000,2.73348
534F4C31,6533,48902001,0,2997,2895,102,0.00000,2.63033
534F4C31,6533,48905757,0,2989,2895,94,0.00000,2.42403
534F4C31,6533,48908062,0,2999,2894,105,0.00000,2.70769
534F4C31,6533,48910320,0,3005,2897,108,0.00000,2.78505
534F4C31,6533,48912528,0,2993,2894,99,0.00000,2.55297
534F4C31,6533,48914699,0,2998,2892,106,0.00000,2.73348
534F4C31,6533,48916927,0,3004,2894,110,0.00000,2.83663
534F4C31,6533,48920257,0,2998,2897,101,0.00000,2.60454
534F4C31,6533,48923603,0,2994,2894,100,0.00000,2.57875
534F4C31,6534,48927292,0,2998,2894,104,0.00000,2.68190
534F4C31,6535,48930870,0,3001,2897,104,0.00000,2.68190
534F4C31,6536,48934805,0,2999,2894,105,0.00000,2.70769
534F4C31,6537,48940519,0,3007,2894,113,0.00000,2.91399
534F4C31,6537,48944101,0,2993,2896,97,0.00000,2.50139
534F4C31,6537,48947417,0,2996,2895,101,0.00000,2.60454
534F4C31,6538,48950987,0,2992,2893,99,0.00000,2.55297
534F4C31,6538,48954387,0,3000,2897,103,0.00000,2.65612
534F4C31,6538,48957199,0,3002,2894,108,0.00000,2.78505
534F4C31,6539,48960595,0,2994,2895,99,0.00000,2.55297
534F4C31,6539,48965211,0,2999,2897,102,0.00000,2.63033
534F4C31,6539,48968053,0,3000,2897,103,0.00000,2.65612
534F4C31,6540,48972565,0,3000,2895,105,0.00000,2.70769
534F4C31,6541,48976195,0,2999,2894,105,0.00000,2.70769
534F4C31,6542,48982502,0,2997,2894,103,0.00000,2.65612
534F4C31,6542,48986978,0,2991,2892,99,0.00000,2.55297
534F4C31,6542,48990738,0,3002,2897,105,0.00000,2.70769
534F4C31,6542,48993534,0,2995,2895,100,0.00000,2.57875
534F4C31,6542,48996347,0,3001,2894,107,0.00000,2.75927
534F4C31,6543,48998873,0,2996,2892,104,0.00000,2.68190
534F4C31,6544,49002272,0,3004,2895,109,0.00000,2.81084
534F4C31,6545,49006697,0,3001,2892,109,0.00000,2.81084
534F4C31,6546,49013030,0,2998,2897,101,0.00000,2.60454
534F4C31,6546,49017775,0,3002,2897,105,0.00000,2.70769
534F4C31,6547,49020997,0,2999,2896,103,0.00000,2.65612
534F4C31,6547,49025068,0,2997,2896,101,0.00000,2.60454
534F4C31,6547,49028208,0,3001,2897,104,0.00000,2.68190
534F4C31,6547,49031260,0,3001,2895,106,0.00000,2.73348
534F4C31,6547,49033595,0,2996,2893,103,0.00000,2.65612
534F4C31,6547,49035817,0,2997,2898,99,0.00000,2.55297
534F4C31,6547,49037925,0,3001,2893,108,0.00000,2.78505
534F4C31,6547,49040456,0,2998,2897,101,0.00000,2.60454
534F4C31,6547,49042623,0,2998,2896,102,0.00000,2.63033
534F4C31,6547,49044887,0,3002,2893,109,0.00000,2.81084
534F4C31,6547,49047189,0,2996,2894,102,0.00000,2.63033
534F4C31,6547,49049444,0,2998,2894,104,0.00000,2.68190
534F4C31,6547,49051611,0,2996,2896,100,0.00000,2.57875
534F4C31,6547,49053723,0,2995,2897,98,0.00000,2.52718
534F4C31,6547,49055845,0,2996,2896,100,0.00000,2.57875
534F4C31,6547,49058017,0,3000,2895,105,0.00000,2.70769
534F4C31,6547,49060248,0,3004,2894,110,0.00000,2.83663
534F4C31,6547,49063583,0,2997,2893,104,0.00000,2.68190
534F4C31,6548,49067311,0,3005,2895,110,0.00000,2.83663
534F4C31,6549,49071260,0,3002,2894,108,0.00000,2.78505
534F4C31,6550,49075104,0,2997,2896,101,0.00000,2.60454
534F4C31,6551,49081254,0,2998,2895,103,0.00000,2.65612
534F4C31,6551,49085193,0,3002,2896,106,0.00000,2.73348
534F4C31,6551,49088795,0,3000,2895,105,0.00000,2.70769
534F4C31,6551,49091998,0,3003,2894,109,0.00000,2.81084
534F4C31,6551,49094213,0,2999,2898,101,0.00000,2.60454
534F4C31,6552,49096308,0,2996,2897,99,0.00000,2.55297
534F4C31,6552,49101563,0,2994,2898,96,0.00000,2.47560
534F4C31,6552,49103954,0,2999,2896,103,0.00000,2.65612
534F4C31,6552,49106155,0,3006,2895,111,0.00000,2.86242
534F4C31,6552,49109528,0,3002,2894,108,0.00000,2.78505
534F4C31,6552,49111622,0,3000,2898,102,0.00000,2.63033
534F4C31,6552,49113773,0,3000,2895,105,0.00000,2.70769
534F4C31,6553,49116908,0,2996,2895,101,0.00000,2.60454
534F4C31,6554,49120945,0,2993,2893,100,0.00000,2.57875
534F4C31,6555,49125591,0,2998,2893,105,0.00000,2.70769
534F4C31,6556,49132017,0,2998,2896,102,0.00000,2.63033
534F4C31,6556,49137401,0,2995,2893,102,0.00000,2.63033
534F4C31,6557,49139920,0,2992,2897,95,0.00000,2.44982
534F4C31,6558,49145481,0,2999,2898,101,0.00000,2.60454
534F4C31,6559,49150003,0,3001,2897,104,0.00000,2.68190
534F4C31,6559,49154799,0,2995,2895,100,0.00000,2.57875
534F4C31,6559,49158139,0,3000,2895,105,0.00000,2.70769
534F4C31,6559,49160801,0,3002,2895,107,0.00000,2.75927
534F4C31,6559,49163690,0,2993,2896,97,0.00000,2.50139
534F4C31,6559,49166064,0,2997,2893,104,0.00000,2.68190
534F4C31,6559,49168239,0,2997,2897,100,0.00000,2.57875
534F4C31,6559,49170237,0,2995,2898,97,0.00000,2.50139
534F4C31,6559,49172372,0,2998,2896,102,0.00000,2.63033
534F4C31,6559,49174468,0,3000,2894,106,0.00000,2.73348
534F4C31,6559,49176631,0,3005,2892,113,0.00000,2.91399
534F4C31,6559,49178783,0,3000,2898,102,0.00000,2.63033
534F4C31,6560,49180842,0,3000,2894,106,0.00000,2.73348
534F4C31,6561,49185689,0,2998,2896,102,0.00000,2.63033
534F4C31,6562,49189485,0,3003,2897,106,0.00000,2.73348
534F4C31,6563,49195600,0,3001,2896,105,0.00000,2.70769
534F4C31,6563,49200106,0,3000,2897,103,0.00000,2.65612
534F4C31,6563,49204350,0,3006,2896,110,0.00000,2.83663
534F4C31,6564,49206746,0,3000,2894,106,0.00000,2.73348
534F4C31,6565,49211286,0,3004,2897,107,0.00000,2.75927
534F4C31,6565,49216323,0,3000,2897,103,0.00000,2.65612
534F4C31,6565,49218575,0,2995,2895,100,0.00000,2.57875
534F4C31,6565,49221610,0,2997,2895,102,0.00000,2.63033
534F4C31,6565,49223903,0,3000,2897,103,0.00000,2.65612
534F4C31,6565,49226007,0,3004,2897,107,0.00000,2.75927
534F4C31,6565,49228184,0,2994,2892,102,0.00000,2.63033
534F4C31,6565,49230415,0,2993,2891,102,0.00000,2.63033
534F4C31,6565,49232566,0,2998,2894,104,0.00000,2.68190
534F4C31,6565,49234696,0,3000,2895,105,0.00000,2.70769
534F4C31,6565,49236924,0,3001,2898,103,0.00000,2.65612
534F4C31,6566,49240245,0,2993,2892,101,0.00000,2.60454
534F4C31,6567,49244244,0,2999,2894,105,0.00000,2.70769
534F4C31,6568,49249133,0,2995,2898,97,0.00000,2.50139
534F4C31,6569,49254616,0,3003,2901,102,0.00000,2.63033
534F4C31,6569,49259261,0,2998,2893,105,0.00000,2.70769
534F4C31,6569,49261440,0,2997,2897,100,0.00000,2.57875
534F4C31,6569,49264806,0,3004,2896,108,0.00000,2.78505
534F4C31,6569,49267799,0,3003,2894,109,0.00000,2.81084
534F4C31,6569,49270134,0,2999,2898,101,0.00000,2.60454
534F4C31,6569,49272343,0,3003,2896,107,0.00000,2.75927
534F4C31,6570,49274440,0,3011,2895,116,0.00000,2.99136
534F4C31,6571,49279146,0,2997,2892,105,0.00000,2.70769
534F4C31,6572,49282766,0,2995,2897,98,0.00000,2.52718
534F4C31,6573,49288478,0,2994,2895,99,0.00000,2.55297
534F4C31,6573,49292827,0,3000,2898,102,0.00000,2.63033
534F4C31,6573,49294959,0,2992,2897,95,0.00000,2.44982
534F4C31,6573,49299477,0,2994,2894,100,0.00000,2.57875
534F4C31,6573,49302504,0,3001,2896,105,0.00000,2.70769
534F4C31,6573,49304709,0,3001,2896,105,0.00000,2.70769
534F4C31,6573,49306832,0,2999,2896,103,0.00000,2.65612
534F4C31,6573,49310177,0,2996,2896,100,0.00000,2.57875
534F4C31,6573,49312363,0,2995,2892,103,0.00000,2.65612
534F4C31,6573,49314470,0,2996,2893,103,0.00000,2.65612
534F4C31,6573,49316891,0,2995,2896,99,0.00000,2.55297
534F4C31,6573,49320222,0,3001,2897,104,0.00000,2.68190
534F4C31,6574,49323564,0,2996,2897,99,0.00000,2.55297
534F4C31,6575,49329338,0,2999,2897,102,0.00000,2.63033
534F4C31,6576,49332813,0,2993,2895,98,0.00000,2.52718
534F4C31,6577,49338874,0,2997,2896,101,0.00000,2.60454
534F4C31,6577,49342079,0,2996,2895,101,0.00000,2.60454
534F4C31,6577,49345084,0,3001,2895,106,0.00000,2.73348
534F4C31,6578,49349891,0,2992,2894,98,0.00000,2.52718
534F4C31,6579,49354787,0,3005,2896,109,0.00000,2.81084
534F4C31,6579,49360233,0,2989,2897,92,0.00000,2.37245
534F4C31,6579,49362489,0,2996,2895,101,0.00000,2.60454
534F4C31,6579,49365431,0,3002,2895,107,0.00000,2.75927
534F4C31,6579,49368268,0,2998,2894,104,0.00000,2.68190
534F4C31,6580,49370618,0,3008,2897,111,0.00000,2.86242
534F4C31,6581,49375202,0,2996,2893,103,0.00000,2.65612
534F4C31,6581,49378218,0,2998,2896,102,0.00000,2.63033
534F4C31,6582,49384063,0,3006,2897,109,0.00000,2.81084
534F4C31,6582,49388278,0,3002,2898,104,0.00000,2.68190
534F4C31,6582,49393425,0,3000,2897,103,0.00000,2.65612
534F4C31,6582,49396421,0,3002,2896,106,0.00000,2.73348
534F4C31,6582,49399291,0,3001,2895,106,0.00000,2.73348
534F4C31,6582,49401898,0,2998,2898,100,0.00000,2.57875
534F4C31,6582,49403951,0,2996,2896,100,0.00000,2.57875
534F4C31,6582,49405752,0,3003,2897,106,0.00000,2.73348
534F4C31,6583,49408127,0,2999,2895,104,0.00000,2.68190
534F4C31,6584,49412274,0,2999,2895,104,0.00000,2.68190
534F4C31,6584,49416618,0,2996,2895,101,0.00000,2.60454
534F4C31,6584,49421092,0,2997,2897,100,0.00000,2.57875
534F4C31,6584,49423268,0,2999,2891,108,0.00000,2.78505
534F4C31,6584,49426310,0,2993,2892,101,0.00000,2.60454
534F4C31,6584,49428602,0,2995,2891,104,0.00000,2.68190
534F4C31,6584,49430641,0,3000,2892,108,0.00000,2.78505
534F4C31,6584,49432801,0,2997,2891,106,0.00000,2.73348
534F4C31,6584,49434941,0,2995,2888,107,0.00000,2.75927
534F4C31,6584,49437093,0,3003,2890,113,0.00000,2.91399
534F4C31,6585,49439160,0,2996,2893,103,0.00000,2.65612
534F4C31,6586,49443785,0,2998,2889,109,0.00000,2.81084
534F4C31,6587,49447535,0,2994,2890,104,0.00000,2.68190
534F4C31,6588,49453790,0,2993,2892,101,0.00000,2.60454
534F4C31,6588,49457513,0,3000,2890,110,0.00000,2.83663
534F4C31,6588,49462050,0,3005,2894,111,0.00000,2.86242
534F4C31,6588,49464855,0,3009,2892,117,0.00000,3.01714
534F4C31,6588,49467579,0,3000,2891,109,0.00000,2.81084
534F4C31,6588,49470098,0,2987,2892,95,0.00000,2.44982
534F4C31,6588,49472366,0,2992,2894,98,0.00000,2.52718
534F4C31,6588,49474602,0,2994,2888,106,0.00000,2.73348
534F4C31,6588,49476776,0,2987,2892,95,0.00000,2.44982
534F4C31,6589,49478835,0,3004,2889,115,0.00000,2.96557
534F4C31,6590,49481842,0,2991,2890,101,0.00000,2.60454
534F4C31,6591,49486133,0,3003,2894,109,0.00000,2.81084
534F4C31,6592,49491003,0,3001,2894,107,0.00000,2.75927
534F4C31,6592,49497120,0,3000,2890,110,0.00000,2.83663
534F4C31,6592,49500397,0,2998,2895,103,0.00000,2.65612
534F4C31,6593,49503787,0,2995,2893,102,0.00000,2.63033
534F4C31,6594,49507156,0,2999,2894,105,0.00000,2.70769
534F4C31,6595,49513259,0,3002,2892,110,0.00000,2.83663
534F4C31,6595,49517445,0,2998,2892,106,0.00000,2.73348
534F4C31,6595,49520655,0,2994,2892,102,0.00000,2.63033
534F4C31,6595,49524746,0,2999,2892,107,0.00000,2.75927
534F4C31,6595,49527219,0,3001,2891,110,0.00000,2.83663
534F4C31,6595,49529369,0,2995,2890,105,0.00000,2.70769
534F4C31,6595,49532204,0,2995,2889,106,0.00000,2.73348
534F4C31,6595,49534840,0,3002,2891,111,0.00000,2.86242
534F4C31,6595,49537107,0,2997,2891,106,0.00000,2.73348
534F4C31,6595,49539229,0,2999,2891,108,0.00000,2.78505
534F4C31,6595,49541323,0,2993,2893,100,0.00000,2.57875
534F4C31,6595,49543498,0,3000,2889,111,0.00000,2.86242
534F4C31,6595,49545671,0,2994,2891,103,0.00000,2.65612
534F4C31,6595,49547891,0,3003,2889,114,0.00000,2.93978
534F4C31,6596,49550220,0,2995,2889,106,0.00000,2.73348
534F4C31,6597,49555163,0,3000,2890,110,0.00000,2.83663
534F4C31,6598,49558061,0,3005,2890,115,0.00000,2.96557
534F4C31,6599,49563553,0,2997,2892,105,0.00000,2.70769
534F4C31,6600,49568592,0,2999,2891,108,0.00000,2.78505
534F4C31,6600,49573408,0,2996,2892,104,0.00000,2.68190
534F4C31,6600,49576349,0,3002,2891,111,0.00000,2.86242
534F4C31,6600,49578537,0,2997,2895,102,0.00000,2.63033
534F4C31,6600,49581831,0,3002,2891,111,0.00000,2.86242
534F4C31,6600,49584023,0,2996,2892,104,0.00000,2.68190
534F4C31,6600,49586310,0,2995,2893,102,0.00000,2.63033
534F4C31,6600,49588523,0,3002,2889,113,0.00000,2.91399
534F4C31,6600,49590718,0,2999,2890,109,0.00000,2.81084
534F4C31,6600,49593540,0,2994,2890,104,0.00000,2.68190
534F4C31,6601,49596868,0,2992,2890,102,0.00000,2.63033
534F4C31,6602,49600449,0,2997,2893,104,0.00000,2.68190
534F4C31,6603,49604708,0,2995,2893,102,0.00000,2.63033
534F4C31,6604,49611556,0,2998,2892,106,0.00000,2.73348
534F4C31,6604,49615286,0,3004,2890,114,0.00000,2.93978
534F4C31,6604,49617479,0,3000,2891,109,0.00000,2.81084
534F4C31,6604,49620547,0,2995,2890,105,0.00000,2.70769
534F4C31,6604,49624429,0,3003,2891,112,0.00000,2.88821
534F4C31,6604,49626593,0,2993,2892,101,0.00000,2.60454
534F4C31,6604,49628652,0,3000,2891,109,0.00000,2.81084
534F4C31,6605,49631590,0,3002,2893,109,0.00000,2.81084
534F4C31,6605,49635633,0,2995,2890,105,0.00000,2.70769
534F4C31,6605,49638572,0,2991,2890,101,0.00000,2.60454
534F4C31,6606,49640898,0,2999,2890,109,0.00000,2.81084
534F4C31,6607,49646062,0,2996,2892,104,0.00000,2.68190
534F4C31,6607,49650449,0,2995,2891,104,0.00000,2.68190
534F4C31,6607,49653591,0,3001,2892,109,0.00000,2.81084
534F4C31,6607,49658062,0,2997,2890,107,0.00000,2.75927
534F4C31,6607,49660973,0,2998,2891,107,0.00000,2.75927
534F4C31,6607,49663061,0,3004,2894,110,0.00000,2.83663
534F4C31,6607,49666088,0,2993,2892,101,0.00000,2.60454
534F4C31,6607,49668405,0,3004,2894,110,0.00000,2.83663
534F4C31,6607,49670471,0,2995,2891,104,0.00000,2.68190
534F4C31,6608,49673519,0,3000,2896,104,0.00000,2.68190
534F4C31,6609,49677876,0,3000,2892,108,0.00000,2.78505
534F4C31,6610,49681654,0,3001,2888,113,0.00000,2.91399
534F4C31,6611,49687412,0,2999,2890,109,0.00000,2.81084
534F4C31,6611,49692330,0,2994,2891,103,0.00000,2.65612
534F4C31,6611,49695147,0,2997,2892,105,0.00000,2.70769
534F4C31,6611,49697953,0,3004,2888,116,0.00000,2.99136
534F4C31,6611,49701036,0,2995,2889,106,0.00000,2.73348
534F4C31,6611,49703283,0,2998,2892,106,0.00000,2.73348
534F4C31,6611,49705465,0,3001,2892,109,0.00000,2.81084
534F4C31,6611,49707744,0,2992,2893,99,0.00000,2.55297
534F4C31,6611,49710182,0,2999,2889,110,0.00000,2.83663
534F4C31,6612,49713516,0,2998,2897,101,0.00000,2.60454
534F4C31,6613,49717694,0,2999,2895,104,0.00000,2.68190
534F4C31,6614,49722526,0,2996,2889,107,0.00000,2.75927
534F4C31,6615,49726316,0,3002,2893,109,0.00000,2.81084
534F4C31,6616,49732048,0,2996,2892,104,0.00000,2.68190
534F4C31,6616,49734965,0,3002,2893,109,0.00000,2.81084
534F4C31,6616,49739280,0,2997,2888,109,0.00000,2.81084
534F4C31,6616,49742120,0,2994,2892,102,0.00000,2.63033
534F4C31,6616,49744834,0,2994,2892,102,0.00000,2.63033
534F4C31,6617,49747820,0,2997,2893,104,0.00000,2.68190
534F4C31,6618,49752149,0,3003,2895,108,0.00000,2.78505
534F4C31,6619,49756211,0,2999,2894,105,0.00000,2.70769
534F4C31,6619,49762065,0,3002,2889,113,0.00000,2.91399
534F4C31,6619,49765545,0,2995,2888,107,0.00000,2.75927
534F4C31,6619,49768187,0,2998,2893,105,0.00000,2.70769
534F4C31,6619,49770297,0,3003,2888,115,0.00000,2.96557
534F4C31,6619,49773058,0,2995,2891,104,0.00000,2.68190
534F4C31,6619,49775611,0,2999,2894,105,0.00000,2.70769
534F4C31,6619,49777819,0,2999,2893,106,0.00000,2.73348
534F4C31,6619,49779958,0,3001,2891,110,0.00000,2.83663
534F4C31,6619,49782240,0,2995,2891,104,0.00000,2.68190
534F4C31,6619,49784468,0,3004,2893,111,0.00000,2.86242
534F4C31,6620,49786848,0,2999,2888,111,0.00000,2.86242
534F4C31,6621,49791186,0,2996,2889,107,0.00000,2.75927
534F4C31,6622,49794572,0,3000,2894,106,0.00000,2.73348
534F4C31,6623,49800368,0,2996,2892,104,0.00000,2.68190
534F4C31,6623,49805185,0,3003,2892,111,0.00000,2.86242
534F4C31,6623,49809704,0,3002,2891,111,0.00000,2.86242
534F4C31,6624,49811856,0,2996,2891,105,0.00000,2.70769
534F4C31,6624,49814995,0,2996,2890,106,0.00000,2.73348
534F4C31,6624,49819125,0,3000,2890,110,0.00000,2.83663
534F4C31,6625,49821521,0,2999,2892,107,0.00000,2.75927
534F4C31,6626,49824958,0,3005,2890,115,0.00000,2.96557
534F4C31,6627,49830967,0,2993,2892,101,0.00000,2.60454
534F4C31,6627,49835575,0,2996,2891,105,0.00000,2.70769
534F4C31,6627,49837798,0,2995,2892,103,0.00000,2.65612
534F4C31,6627,49841918,0,2993,2895,98,0.00000,2.52718
534F4C31,6627,49844273,0,3003,2891,112,0.00000,2.88821
534F4C31,6627,49846371,0,2995,2889,106,0.00000,2.73348
534F4C31,6627,49848451,0,2996,2891,105,0.00000,2.70769
534F4C31,6627,49851578,0,2995,2891,104,0.00000,2.68190
534F4C31,6627,49853937,0,2997,2890,107,0.00000,2.75927
534F4C31,6627,49856021,0,2998,2886,112,0.00000,2.88821
534F4C31,6627,49858134,0,3000,2891,109,0.00000,2.81084
534F4C31,6627,49860625,0,3000,2891,109,0.00000,2.81084
534F4C31,6627,49863501,0,2998,2892,106,0.00000,2.73348
534F4C31,6627,49866833,0,2997,2892,105,0.00000,2.70769
534F4C31,6628,49870174,0,2995,2889,106,0.00000,2.73348
534F4C31,6629,49874433,0,2992,2892,100,0.00000,2.57875
534F4C31,6630,49878460,0,2997,2889,108,0.00000,2.78505
534F4C31,6631,49885126,0,3002,2892,110,0.00000,2.83663
534F4C31,6631,49889780,0,2994,2892,102,0.00000,2.63033
534F4C31,6632,49892103,0,3000,2892,108,0.00000,2.78505
534F4C31,6633,49896844,0,2996,2891,105,0.00000,2.70769
534F4C31,6634,49900496,0,3004,2892,112,0.00000,2.88821
534F4C31,6634,49904747,0,2998,2890,108,0.00000,2.78505
534F4C31,6634,49909861,0,3002,2888,114,0.00000,2.93978
534F4C31,6635,49912273,0,2998,2891,107,0.00000,2.75927
534F4C31,6636,49916095,0,2999,2893,106,0.00000,2.73348
534F4C31,6637,49921836,0,3001,2892,109,0.00000,2.81084
534F4C31,6638,49926514,0,2996,2894,102,0.00000,2.63033
534F4C31,6638,49931169,0,2996,2890,106,0.00000,2.73348
534F4C31,6638,49934093,0,2993,2887,106,0.00000,2.73348
534F4C31,6638,49936376,0,2995,2891,104,0.00000,2.68190
534F4C31,6638,49939836,0,3000,2892,108,0.00000,2.78505
534F4C31,6638,49942001,0,2997,2891,106,0.00000,2.73348
534F4C31,6638,49944181,0,2999,2894,105,0.00000,2.70769
534F4C31,6638,49947764,0,2997,2893,104,0.00000,2.68190
534F4C31,6638,49950099,0,3000,2889,111,0.00000,2.86242
534F4C31,6638,49952201,0,2996,2893,103,0.00000,2.65612
534F4C31,6638,49955041,0,2998,2892,106,0.00000,2.73348
534F4C31,6638,49957398,0,2992,2891,101,0.00000,2.60454
534F4C31,6638,49959645,0,2995,2892,103,0.00000,2.65612
534F4C31,6638,49962292,0,2998,2891,107,0.00000,2.75927
534F4C31,6638,49964530,0,3003,2890,113,0.00000,2.91399
534F4C31,6638,49966653,0,2998,2891,107,0.00000,2.75927
534F4C31,6638,49968790,0,2992,2892,100,0.00000,2.57875
534F4C31,6638,49970957,0,2999,2891,108,0.00000,2.78505
534F4C31,6638,49973509,0,2994,2888,106,0.00000,2.73348
534F4C31,6639,49976820,0,2996,2889,107,0.00000,2.75927
534F4C31,6640,49981054,0,2996,2891,105,0.00000,2.70769
534F4C31,6640,49984276,0,2997,2893,104,0.00000,2.68190
534F4C31,6640,49990465,0,3002,2893,109,0.00000,2.81084
534F4C31,6640,49992885,0,2999,2892,107,0.00000,2.75927
534F4C31,6640,49995799,0,2998,2891,107,0.00000,2.75927
534F4C31,6641,49998125,0,3002,2892,110,0.00000,2.83663
534F4C31,6642,50001152,0,2999,2886,113,0.00000,2.91399
534F4C31,6643,50005603,0,2994,2891,103,0.00000,2.65612
534F4C31,6644,50010525,0,3000,2886,114,0.00000,2.93978
534F4C31,6644,50016625,0,2991,2886,105,0.00000,2.70769
534F4C31,6644,50018819,0,3002,2889,113,0.00000,2.91399
534F4C31,6645,50023639,0,2996,2883,113,0.00000,2.91399
534F4C31,6646,50027064,0,2999,2891,108,0.00000,2.78505
534F4C31,6647,50033044,0,3000,2885,115,0.00000,2.96557
534F4C31,6647,50037701,0,2995,2887,108,0.00000,2.78505
534F4C31,6647,50041321,0,3002,2889,113,0.00000,2.91399
534F4C31,6647,50044104,0,2997,2883,114,0.00000,2.93978
534F4C31,6647,50047021,0,2997,2888,109,0.00000,2.81084
534F4C31,6647,50049584,0,2999,2883,116,0.00000,2.99136
534F4C31,6647,50051806,0,2997,2887,110,0.00000,2.83663
534F4C31,6647,50053926,0,2996,2889,107,0.00000,2.75927
534F4C31,6647,50056127,0,2998,2889,109,0.00000,2.81084
534F4C31,6647,50058264,0,3003,2885,118,0.00000,3.04293
534F4C31,6647,50060430,0,2998,2889,109,0.00000,2.81084
534F4C31,6647,50062691,0,2993,2889,104,0.00000,2.68190
534F4C31,6647,50065065,0,3009,2888,121,0.00000,3.12029
534F4C31,6647,50067408,0,2998,2881,117,0.00000,3.01714
534F4C31,6648,50070548,0,3003,2886,117,0.00000,3.01714
534F4C31,6649,50074611,0,3010,2890,120,0.00000,3.09451
534F4C31,6650,50078320,0,3002,2888,114,0.00000,2.93978
534F4C31,6651,50084461,0,3002,2885,117,0.00000,3.01714
534F4C31,6651,50087482,0,2998,2887,111,0.00000,2.86242
534F4C31,6651,50092485,0,2995,2885,110,0.00000,2.83663
534F4C31,6652,50094708,0,2998,2886,112,0.00000,2.88821
534F4C31,6652,50099582,0,2995,2885,110,0.00000,2.83663
534F4C31,6652,50103256,0,2994,2887,107,0.00000,2.75927
534F4C31,6652,50106034,0,3001,2882,119,0.00000,3.06872
534F4C31,6652,50108884,0,3000,2886,114,0.00000,2.93978
534F4C31,6653,50111456,0,2999,2886,113,0.00000,2.91399
534F4C31,6654,50114794,0,2992,2886,106,0.00000,2.73348
534F4C31,6655,50117173,0,2997,2886,111,0.00000,2.86242
534F4C31,6656,50121284,0,3004,2885,119,0.00000,3.06872
534F4C31,6657,50125292,0,3001,2889,112,0.00000,2.88821
534F4C31,6658,50131746,0,2995,2886,109,0.00000,2.81084
534F4C31,6658,50136443,0,2999,2887,112,0.00000,2.88821
534F4C31,6659,50141691,0,2998,2886,112,0.00000,2.88821
534F4C31,6660,50145191,0,2995,2888,107,0.00000,2.75927
534F4C31,6661,50150559,0,3001,2887,114,0.00000,2.93978
534F4C31,6661,50154733,0,2997,2888,109,0.00000,2.81084
534F4C31,6661,50158106,0,3001,2885,116,0.00000,2.99136
534F4C31,6661,50160403,0,2998,2891,107,0.00000,2.75927
534F4C31,6661,50162638,0,3000,2887,113,0.00000,2.91399
534F4C31,6662,50167273,0,2995,2887,108,0.00000,2.78505
534F4C31,6663,50171174,0,2993,2889,104,0.00000,2.68190
534F4C31,6663,50176550,0,2988,2890,98,0.00000,2.52718
534F4C31,6663,50179570,0,2995,2889,106,0.00000,2.73348
534F4C31,6663,50182723,0,3000,2885,115,0.00000,2.96557
534F4C31,6663,50184985,0,3000,2886,114,0.00000,2.93978
534F4C31,6663,50186995,0,2996,2889,107,0.00000,2.75927
534F4C31,6663,50189149,0,2996,2883,113,0.00000,2.91399
534F4C31,6664,50191292,0,2998,2888,110,0.00000,2.83663
534F4C31,6665,50195983,0,2999,2886,113,0.00000,2.91399
534F4C31,6666,50199463,0,2994,2891,103,0.00000,2.65612
534F4C31,6667,50206486,0,3001,2886,115,0.00000,2.96557
534F4C31,6667,50210578,0,2998,2887,111,0.00000,2.86242
534F4C31,6667,50212866,0,2997,2888,109,0.00000,2.81084
534F4C31,6667,50214935,0,2995,2890,105,0.00000,2.70769
534F4C31,6667,50219389,0,2992,2889,103,0.00000,2.65612
534F4C31,6667,50221675,0,2994,2888,106,0.00000,2.73348
534F4C31,6667,50223978,0,2996,2890,106,0.00000,2.73348
534F4C31,6667,50226654,0,2998,2888,110,0.00000,2.83663
534F4C31,6667,50229010,0,2998,2889,109,0.00000,2.81084
534F4C31,6668,50231206,0,3005,2888,117,0.00000,3.01714
534F4C31,6668,50234592,0,3003,2886,117,0.00000,3.01714
534F4C31,6668,50237654,0,3000,2886,114,0.00000,2.93978
534F4C31,6668,50239795,0,2997,2889,108,0.00000,2.78505
534F4C31,6668,50242806,0,3002,2889,113,0.00000,2.91399
534F4C31,6668,50245284,0,2999,2885,114,0.00000,2.93978
534F4C31,6668,50247455,0,2997,2886,111,0.00000,2.86242
534F4C31,6668,50249599,0,3006,2887,119,0.00000,3.06872
534F4C31,6668,50251678,0,3007,2885,122,0.00000,3.14608
534F4C31,6668,50253771,0,3001,2887,114,0.00000,2.93978
534F4C31,6669,50256260,0,2997,2885,112,0.00000,2.88821
534F4C31,6670,50260951,0,3004,2887,117,0.00000,3.01714
534F4C31,6670,50266206,0,3000,2889,111,0.00000,2.86242
534F4C31,6670,50269194,0,3001,2885,116,0.00000,2.99136
534F4C31,6671,50272458,0,3010,2884,126,0.00000,3.24923
534F4C31,6671,50277192,0,2999,2888,111,0.00000,2.86242
534F4C31,6671,50279521,0,2995,2887,108,0.00000,2.78505
534F4C31,6672,50282823,0,3001,2889,112,0.00000,2.88821
534F4C31,6673,50287734,0,2992,2890,102,0.00000,2.63033
534F4C31,6674,50291485,0,2998,2885,113,0.00000,2.91399
534F4C31,6674,50297592,0,2996,2890,106,0.00000,2.73348
534F4C31,6674,50299856,0,2998,2886,112,0.00000,2.88821
534F4C31,6674,50301938,0,2998,2890,108,0.00000,2.78505
534F4C31,6674,50304139,0,3000,2884,116,0.00000,2.99136
534F4C31,6674,50307233,0,2997,2889,108,0.00000,2.78505
534F4C31,6674,50309491,0,3005,2887,118,0.00000,3.04293
534F4C31,6675,50311721,0,2997,2889,108,0.00000,2.78505
534F4C31,6676,50315683,0,2999,2888,111,0.00000,2.86242
534F4C31,6676,50320021,0,3000,2888,112,0.00000,2.88821
534F4C31,6676,50323244,0,3001,2887,114,0.00000,2.93978
534F4C31,6676,50327040,0,2998,2888,110,0.00000,2.83663
534F4C31,6676,50330902,0,2997,2887,110,0.00000,2.83663
534F4C31,6676,50333081,0,3000,2887,113,0.00000,2.91399
534F4C31,6676,50335253,0,2999,2890,109,0.00000,2.81084
534F4C31,6677,50338671,0,3001,2888,113,0.00000,2.91399
534F4C31,6678,50342671,0,2994,2888,106,0.00000,2.73348
534F4C31,6679,50347143,0,2996,2889,107,0.00000,2.75927
534F4C31,6680,50352986,0,2997,2886,111,0.00000,2.86242
534F4C31,6680,50356495,0,2994,2890,104,0.00000,2.68190
534F4C31,6680,50360222,0,2995,2884,111,0.00000,2.86242
534F4C31,6680,50363705,0,3003,2889,114,0.00000,2.93978
534F4C31,6680,50365990,0,2997,2887,110,0.00000,2.83663
534F4C31,6680,50368693,0,3002,2888,114,0.00000,2.93978
534F4C31,6680,50371434,0,3003,2886,117,0.00000,3.01714
534F4C31,6680,50373718,0,3005,2884,121,0.00000,3.12029
534F4C31,6680,50377402,0,2997,2884,113,0.00000,2.91399
534F4C31,6680,50379625,0,3001,2886,115,0.00000,2.96557
534F4C31,6680,50381823,0,3006,2887,119,0.00000,3.06872
534F4C31,6680,50383973,0,3008,2885,123,0.00000,3.17187
534F4C31,6680,50386093,0,2999,2886,113,0.00000,2.91399
534F4C31,6681,50388184,0,3000,2887,113,0.00000,2.91399
534F4C31,6682,50393007,0,2997,2889,108,0.00000,2.78505
534F4C31,6683,50396892,0,3003,2889,114,0.00000,2.93978
534F4C31,6684,50402193,0,2998,2887,111,0.00000,2.86242
534F4C31,6684,50407218,0,3003,2888,115,0.00000,2.96557
534F4C31,6685,50411211,0,2996,2889,107,0.00000,2.75927
534F4C31,6685,50413638,0,2995,2887,108,0.00000,2.78505
534F4C31,6685,50419921,0,2998,2889,109,0.00000,2.81084
534F4C31,6685,50422220,0,3001,2888,113,0.00000,2.91399
534F4C31,6685,50424290,0,2999,2884,115,0.00000,2.96557
534F4C31,6685,50427498,0,2999,2886,113,0.00000,2.91399
534F4C31,6685,50429778,0,2999,2886,113,0.00000,2.91399
534F4C31,6685,50431957,0,2999,2886,113,0.00000,2.91399
534F4C31,6685,50434066,0,2988,2890,98,0.00000,2.52718
534F4C31,6685,50436196,0,3003,2884,119,0.00000,3.06872
534F4C31,6686,50438317,0,3000,2891,109,0.00000,2.81084
534F4C31,6686,50442835,0,2994,2884,110,0.00000,2.83663
534F4C31,6686,50445081,0,2999,2888,111,0.00000,2.86242
534F4C31,6686,50447283,0,2996,2885,111,0.00000,2.86242
534F4C31,6686,50450272,0,2996,2886,110,0.00000,2.83663
534F4C31,6686,50453444,0,2995,2887,108,0.00000,2.78505
534F4C31,6686,50456774,0,3004,2886,118,0.00000,3.04293
534F4C31,6687,50460145,0,2997,2889,108,0.00000,2.78505
534F4C31,6688,50463636,0,2999,2884,115,0.00000,2.96557
534F4C31,6689,50467357,0,2998,2886,112,0.00000,2.88821
534F4C31,6690,50473102,0,2994,2887,107,0.00000,2.75927
534F4C31,6691,50477170,0,2995,2883,112,0.00000,2.88821
534F4C31,6691,50483527,0,3000,2887,113,0.00000,2.91399
534F4C31,6691,50485820,0,3002,2885,117,0.00000,3.01714
534F4C31,6691,50489135,0,2997,2886,111,0.00000,2.86242
534F4C31,6691,50491639,0,2996,2886,110,0.00000,2.83663
534F4C31,6691,50493800,0,2996,2887,109,0.00000,2.81084
534F4C31,6691,50495870,0,2991,2889,102,0.00000,2.63033
534F4C31,6691,50497947,0,3002,2884,118,0.00000,3.04293
534F4C31,6691,50500101,0,2995,2887,108,0.00000,2.78505
534F4C31,6692,50503471,0,2992,2885,107,0.00000,2.75927
534F4C31,6693,50507730,0,3004,2883,121,0.00000,3.12029
534F4C31,6694,50512127,0,2995,2893,102,0.00000,2.63033
534F4C31,6694,50517857,0,3001,2893,108,0.00000,2.78505
534F4C31,6695,50520376,0,2991,2886,105,0.00000,2.70769
534F4C31,6696,50523547,0,2994,2886,108,0.00000,2.78505
534F4C31,6697,50528798,0,2994,2889,105,0.00000,2.70769
534F4C31,6698,50535046,0,2998,2887,111,0.00000,2.86242
534F4C31,6699,50541340,0,2994,2889,105,0.00000,2.70769
534F4C31,6699,50546155,0,2999,2885,114,0.00000,2.93978
534F4C31,6699,50549014,0,3000,2883,117,0.00000,3.01714
534F4C31,6699,50552044,0,3004,2887,117,0.00000,3.01714
534F4C31,6699,50554322,0,2993,2885,108,0.00000,2.78505
534F4C31,6700,50557368,0,2992,2888,104,0.00000,2.68190
534F4C31,6701,50561622,0,3002,2888,114,0.00000,2.93978
534F4C31,6701,50566688,0,3002,2885,117,0.00000,3.01714
534F4C31,6701,50569040,0,2993,2887,106,0.00000,2.73348
534F4C31,6701,50571291,0,3005,2884,121,0.00000,3.12029
534F4C31,6701,50576237,0,2999,2886,113,0.00000,2.91399
534F4C31,6701,50578492,0,2995,2886,109,0.00000,2.81084
534F4C31,6701,50580609,0,2999,2884,115,0.00000,2.96557
534F4C31,6701,50582833,0,2997,2881,116,0.00000,2.99136
534F4C31,6701,50585847,0,2998,2887,111,0.00000,2.86242
534F4C31,6701,50588172,0,2999,2892,107,0.00000,2.75927
534F4C31,6701,50590374,0,2999,2885,114,0.00000,2.93978
534F4C31,6701,50592473,0,2995,2888,107,0.00000,2.75927
534F4C31,6701,50594570,0,2996,2890,106,0.00000,2.73348
534F4C31,6701,50596599,0,2999,2888,111,0.00000,2.86242
534F4C31,6701,50598819,0,2998,2889,109,0.00000,2.81084
534F4C31,6701,50601107,0,2998,2883,115,0.00000,2.96557
534F4C31,6701,50603429,0,3004,2882,122,0.00000,3.14608
534F4C31,6702,50606759,0,2993,2882,111,0.00000,2.86242
534F4C31,6703,50610540,0,2989,2880,109,0.00000,2.81084
534F4C31,6704,50614211,0,2992,2881,111,0.00000,2.86242
534F4C31,6705,50620733,0,3002,2882,120,0.00000,3.09451
534F4C31,6706,50624947,0,3002,2882,120,0.00000,3.09451
534F4C31,6706,50628965,0,3002,2880,122,0.00000,3.14608
534F4C31,6706,50633644,0,3000,2883,117,0.00000,3.01714
534F4C31,6706,50635966,0,2998,2882,116,0.00000,2.99136
534F4C31,6706,50638168,0,2999,2884,115,0.00000,2.96557
534F4C31,6707,50640220,0,2998,2879,119,0.00000,3.06872
534F4C31,6708,50645460,0,3002,2887,115,0.00000,2.96557
534F4C31,6709,50650287,0,2997,2883,114,0.00000,2.93978
534F4C31,6709,50656377,0,2998,2881,117,0.00000,3.01714
534F4C31,6709,50659461,0,2997,2883,114,0.00000,2.93978
534F4C31,6709,50661600,0,2993,2883,110,0.00000,2.83663
534F4C31,6709,50665121,0,2995,2885,110,0.00000,2.83663
534F4C31,6709,50667285,0,3000,2882,118,0.00000,3.04293
534F4C31,6709,50669353,0,3004,2880,124,0.00000,3.19766
534F4C31,6709,50671456,0,3005,2884,121,0.00000,3.12029
534F4C31,6709,50673623,0,2999,2883,116,0.00000,2.99136
534F4C31,6709,50675858,0,2998,2883,115,0.00000,2.96557
534F4C31,6709,50678081,0,3000,2882,118,0.00000,3.04293
534F4C31,6710,50680653,0,3001,2885,116,0.00000,2.99136
534F4C31,6711,50685616,0,2997,2879,118,0.00000,3.04293
534F4C31,6712,50690211,0,3000,2882,118,0.00000,3.04293
534F4C31,6713,50696008,0,3001,2885,116,0.00000,2.99136
534F4C31,6713,50701653,0,2998,2878,120,0.00000,3.09451
534F4C31,6713,50705241,0,2998,2885,113,0.00000,2.91399
534F4C31,6714,50708152,0,2998,2880,118,0.00000,3.04293
534F4C31,6715,50713905,0,2997,2877,120,0.00000,3.09451
534F4C31,6716,50718784,0,2995,2887,108,0.00000,2.78505
534F4C31,6716,50724205,0,3000,2883,117,0.00000,3.01714
534F4C31,6717,50726603,0,3007,2884,123,0.00000,3.17187
534F4C31,6718,50732689,0,2998,2880,118,0.00000,3.04293
534F4C31,6719,50738024,0,2997,2884,113,0.00000,2.91399
534F4C31,6719,50742593,0,3000,2883,117,0.00000,3.01714
534F4C31,6719,50745746,0,2999,2882,117,0.00000,3.01714
534F4C31,6720,50750661,0,2999,2885,114,0.00000,2.93978
534F4C31,6720,50755333,0,2998,2882,116,0.00000,2.99136
534F4C31,6720,50758020,0,2996,2884,112,0.00000,2.88821
534F4C31,6720,50760508,0,2996,2883,113,0.00000,2.91399
534F4C31,6720,50763733,0,2997,2884,113,0.00000,2.91399
534F4C31,6720,50765915,0,3004,2878,126,0.00000,3.24923
534F4C31,6720,50768807,0,2992,2885,107,0.00000,2.75927
534F4C31,6720,50770883,0,3002,2882,120,0.00000,3.09451
534F4C31,6720,50773019,0,2998,2886,112,0.00000,2.88821
534F4C31,6720,50775228,0,2997,2885,112,0.00000,2.88821
534F4C31,6720,50777431,0,2997,2883,114,0.00000,2.93978
534F4C31,6720,50779522,0,3002,2883,119,0.00000,3.06872
534F4C31,6720,50782101,0,3002,2879,123,0.00000,3.17187
534F4C31,6720,50784293,0,2999,2884,115,0.00000,2.96557
534F4C31,6720,50786456,0,2994,2883,111,0.00000,2.86242
534F4C31,6720,50788695,0,2999,2884,115,0.00000,2.96557
534F4C31,6720,50790939,0,2990,2884,106,0.00000,2.73348
534F4C31,6720,50793088,0,3003,2882,121,0.00000,3.12029
534F4C31,6720,50795326,0,3003,2887,116,0.00000,2.99136
534F4C31,6720,50797545,0,2999,2885,114,0.00000,2.93978
534F4C31,6720,50799594,0,2997,2886,111,0.00000,2.86242
534F4C31,6720,50801642,0,3000,2881,119,0.00000,3.06872
534F4C31,6721,50803843,0,2997,2883,114,0.00000,2.93978
534F4C31,6722,50807390,0,2997,2881,116,0.00000,2.99136
534F4C31,6723,50812067,0,2993,2885,108,0.00000,2.78505
534F4C31,6724,50818171,0,3000,2879,121,0.00000,3.12029
534F4C31,6724,50820358,0,2996,2884,112,0.00000,2.88821
534F4C31,6725,50826189,0,2996,2884,112,0.00000,2.88821
534F4C31,6726,50829727,0,2994,2885,109,0.00000,2.81084
534F4C31,6727,50834012,0,2996,2884,112,0.00000,2.88821
534F4C31,6728,50839200,0,2999,2886,113,0.00000,2.91399
534F4C31,6729,50844866,0,2994,2883,111,0.00000,2.86242
534F4C31,6730,50849086,0,2994,2882,112,0.00000,2.88821
534F4C31,6730,50851292,0,2996,2883,113,0.00000,2.91399
534F4C31,6730,50855694,0,2991,2878,113,0.00000,2.91399
534F4C31,6730,50859050,0,2997,2881,116,0.00000,2.99136
534F4C31,6730,50862031,0,3001,2883,118,0.00000,3.04293
534F4C31,6730,50864675,0,3007,2882,125,0.00000,3.22344
534F4C31,6730,50867175,0,2995,2881,114,0.00000,2.93978
534F4C31,6730,50869369,0,2999,2882,117,0.00000,3.01714
534F4C31,6730,50871450,0,2998,2881,117,0.00000,3.01714
534F4C31,6730,50873600,0,3000,2885,115,0.00000,2.96557
534F4C31,6730,50875796,0,2997,2882,115,0.00000,2.96557
534F4C31,6730,50877974,0,2997,2878,119,0.00000,3.06872
534F4C31,6730,50880021,0,2998,2883,115,0.00000,2.96557
534F4C31,6730,50882142,0,3002,2879,123,0.00000,3.17187
534F4C31,6731,50884702,0,3001,2884,117,0.00000,3.01714
534F4C31,6731,50888965,0,3000,2879,121,0.00000,3.12029
534F4C31,6731,50891780,0,3000,2883,117,0.00000,3.01714
534F4C31,6731,50894494,0,2997,2883,114,0.00000,2.93978
534F4C31,6731,50896889,0,2997,2883,114,0.00000,2.93978
534F4C31,6731,50900061,0,2998,2880,118,0.00000,3.04293
534F4C31,6731,50903397,0,3010,2884,126,0.00000,3.24923
534F4C31,6732,50907184,0,2999,2884,115,0.00000,2.96557
534F4C31,6732,50910523,0,2993,2885,108,0.00000,2.78505
534F4C31,6733,50913406,0,2994,2881,113,0.00000,2.91399
534F4C31,6734,50919342,0,2999,2880,119,0.00000,3.06872
534F4C31,6734,50924664,0,2998,2881,117,0.00000,3.01714
534F4C31,6734,50927461,0,2998,2879,119,0.00000,3.06872
534F4C31,6734,50930444,0,2997,2879,118,0.00000,3.04293
534F4C31,6734,50933241,0,2996,2880,116,0.00000,2.99136
534F4C31,6734,50935763,0,3000,2881,119,0.00000,3.06872
534F4C31,6734,50937922,0,2998,2880,118,0.00000,3.04293
534F4C31,6734,50940066,0,2999,2877,122,0.00000,3.14608
534F4C31,6735,50944211,0,2999,2881,118,0.00000,3.04293
534F4C31,6736,50947381,0,2999,2885,114,0.00000,2.93978
534F4C31,6737,50953101,0,2998,2881,117,0.00000,3.01714
534F4C31,6737,50955937,0,2997,2879,118,0.00000,3.04293
534F4C31,6737,50960618,0,3003,2882,121,0.00000,3.12029
534F4C31,6738,50964193,0,2998,2881,117,0.00000,3.01714
534F4C31,6738,50968843,0,2995,2875,120,0.00000,3.09451
534F4C31,6738,50971795,0,2993,2882,111,0.00000,2.86242
534F4C31,6739,50976131,0,3004,2884,120,0.00000,3.09451
534F4C31,6739,50979889,0,3004,2880,124,0.00000,3.19766
534F4C31,6739,50983848,0,2995,2881,114,0.00000,2.93978
534F4C31,6740,50986996,0,2998,2883,115,0.00000,2.96557
534F4C31,6740,50992452,0,3003,2885,118,0.00000,3.04293
534F4C31,6740,50994743,0,3000,2887,113,0.00000,2.91399
534F4C31,6740,50998719,0,3003,2882,121,0.00000,3.12029
534F4C31,6740,51001004,0,2995,2885,110,0.00000,2.83663
534F4C31,6741,51002992,0,3005,2882,123,0.00000,3.17187
534F4C31,6742,51008349,0,3001,2882,119,0.00000,3.06872
534F4C31,6743,51013728,0,3001,2883,118,0.00000,3.04293
534F4C31,6743,51019288,0,2994,2883,111,0.00000,2.86242
534F4C31,6743,51021655,0,3002,2883,119,0.00000,3.06872
534F4C31,6743,51024951,0,3000,2880,120,0.00000,3.09451
534F4C31,6743,51027683,0,2992,2885,107,0.00000,2.75927
534F4C31,6743,51029860,0,2998,2879,119,0.00000,3.06872
534F4C31,6743,51032163,0,3001,2884,117,0.00000,3.01714
534F4C31,6744,51034450,0,2999,2885,114,0.00000,2.93978
534F4C31,6745,51038238,0,3001,2884,117,0.00000,3.01714
534F4C31,6746,51042029,0,2999,2884,115,0.00000,2.96557
534F4C31,6747,51047755,0,2986,2881,105,0.00000,2.70769
534F4C31,6748,51053303,0,3001,2880,121,0.00000,3.12029
534F4C31,6748,51059507,0,3004,2881,123,0.00000,3.17187
534F4C31,6748,51061958,0,3006,2883,123,0.00000,3.17187
534F4C31,6748,51065390,0,3002,2879,123,0.00000,3.17187
534F4C31,6748,51067511,0,2996,2881,115,0.00000,2.96557
534F4C31,6748,51069615,0,2997,2881,116,0.00000,2.99136
534F4C31,6748,51071938,0,3004,2883,121,0.00000,3.12029
534F4C31,6748,51074023,0,3003,2882,121,0.00000,3.12029
534F4C31,6748,51076108,0,2999,2883,116,0.00000,2.99136
534F4C31,6748,51078245,0,3000,2885,115,0.00000,2.96557
534F4C31,6748,51080418,0,2996,2883,113,0.00000,2.91399
534F4C31,6749,51082658,0,2992,2883,109,0.00000,2.81084
534F4C31,6750,51086649,0,2995,2886,109,0.00000,2.81084
534F4C31,6751,51090667,0,3001,2881,120,0.00000,3.09451
534F4C31,6752,51093957,0,2999,2882,117,0.00000,3.01714
534F4C31,6753,51100319,0,3003,2881,122,0.00000,3.14608
534F4C31,6753,51103147,0,2993,2879,114,0.00000,2.93978
534F4C31,6753,51108506,0,2996,2879,117,0.00000,3.01714
534F4C31,6753,51110771,0,2999,2878,121,0.00000,3.12029
534F4C31,6753,51113908,0,2993,2880,113,0.00000,2.91399
534F4C31,6753,51116141,0,3002,2880,122,0.00000,3.14608
534F4C31,6753,51118285,0,2997,2881,116,0.00000,2.99136
534F4C31,6753,51120516,0,3000,2878,122,0.00000,3.14608
534F4C31,6753,51122720,0,3003,2881,122,0.00000,3.14608
534F4C31,6753,51124807,0,3006,2883,123,0.00000,3.17187
534F4C31,6753,51126853,0,3004,2879,125,0.00000,3.22344
534F4C31,6753,51128915,0,2994,2883,111,0.00000,2.86242
534F4C31,6753,51131061,0,2995,2881,114,0.00000,2.93978
534F4C31,6753,51133374,0,2995,2879,116,0.00000,2.99136
534F4C31,6754,51136731,0,3002,2883,119,0.00000,3.06872
534F4C31,6755,51140437,0,3006,2879,127,0.00000,3.27502
534F4C31,6756,51145900,0,2995,2882,113,0.00000,2.91399
534F4C31,6756,51149082,0,2989,2886,103,0.00000,2.65612
534F4C31,6757,51152293,0,2996,2883,113,0.00000,2.91399
534F4C31,6757,51157273,0,3001,2880,121,0.00000,3.12029
534F4C31,6757,51160312,0,2997,2878,119,0.00000,3.06872
534F4C31,6758,51163995,0,2998,2875,123,0.00000,3.17187
534F4C31,6759,51166394,0,2994,2876,118,0.00000,3.04293
534F4C31,6759,51172235,0,2993,2874,119,0.00000,3.06872
534F4C31,6759,51175311,0,2990,2878,112,0.00000,2.88821
534F4C31,6759,51177668,0,3000,2878,122,0.00000,3.14608
534F4C31,6759,51179884,0,3000,2877,123,0.00000,3.17187
534F4C31,6759,51183185,0,3005,2879,126,0.00000,3.24923
534F4C31,6759,51185365,0,2995,2876,119,0.00000,3.06872
534F4C31,6759,51187493,0,3004,2880,124,0.00000,3.19766
534F4C31,6760,51190036,0,2997,2878,119,0.00000,3.06872
534F4C31,6761,51195565,0,3002,2880,122,0.00000,3.14608
534F4C31,6762,51199908,0,2994,2879,115,0.00000,2.96557
534F4C31,6762,51205223,0,3000,2880,120,0.00000,3.09451
534F4C31,6762,51207438,0,2996,2881,115,0.00000,2.96557
534F4C31,6763,51210832,0,2998,2875,123,0.00000,3.17187
534F4C31,6764,51215630,0,3000,2878,122,0.00000,3.14608
534F4C31,6765,51219452,0,2993,2881,112,0.00000,2.88821
534F4C31,6765,51224238,0,2995,2878,117,0.00000,3.01714
534F4C31,6765,51226575,0,2999,2877,122,0.00000,3.14608
534F4C31,6765,51230800,0,3003,2874,129,0.00000,3.32659
534F4C31,6765,51233050,0,3003,2876,127,0.00000,3.27502
534F4C31,6766,51235201,0,2998,2878,120,0.00000,3.09451
534F4C31,6766,51239145,0,2995,2878,117,0.00000,3.01714
534F4C31,6766,51242508,0,2993,2876,117,0.00000,3.01714
534F4C31,6766,51245703,0,3000,2875,125,0.00000,3.22344
534F4C31,6766,51248601,0,3008,2878,130,0.00000,3.35238
534F4C31,6766,51251487,0,2996,2877,119,0.00000,3.06872
534F4C31,6766,51253875,0,3001,2876,125,0.00000,3.22344
534F4C31,6766,51256301,0,2988,2880,108,0.00000,2.78505
534F4C31,6766,51258558,0,2994,2879,115,0.00000,2.96557
534F4C31,6766,51260604,0,2998,2877,121,0.00000,3.12029
534F4C31,6766,51263367,0,3000,2876,124,0.00000,3.19766
534F4C31,6767,51267024,0,2998,2876,122,0.00000,3.14608
534F4C31,6768,51270627,0,2998,2877,121,0.00000,3.12029
534F4C31,6769,51274325,0,3003,2878,125,0.00000,3.22344
534F4C31,6769,51280384,0,3011,2876,135,0.00000,3.48132
534F4C31,6769,51283119,0,3004,2878,126,0.00000,3.24923
534F4C31,6770,51286042,0,3004,2877,127,0.00000,3.27502
534F4C31,6771,51290958,0,2997,2875,122,0.00000,3.14608
534F4C31,6772,51296729,0,3002,2876,126,0.00000,3.24923
534F4C31,6772,51301331,0,3012,2877,135,0.00000,3.48132
534F4C31,6773,51304657,0,2995,2875,120,0.00000,3.09451
534F4C31,6774,51308603,0,3001,2881,120,0.00000,3.09451
534F4C31,6774,51312235,0,2993,2879,114,0.00000,2.93978
534F4C31,6774,51316232,0,3000,2880,120,0.00000,3.09451
534F4C31,6774,51318560,0,2998,2875,123,0.00000,3.17187
534F4C31,6774,51321666,0,3000,2873,127,0.00000,3.27502
534F4C31,6774,51323732,0,2996,2878,118,0.00000,3.04293
534F4C31,6774,51325922,0,2993,2876,117,0.00000,3.01714
534F4C31,6774,51328682,0,2994,2879,115,0.00000,2.96557
534F4C31,6774,51331084,0,3004,2874,130,0.00000,3.35238
534F4C31,6774,51333317,0,3002,2876,126,0.00000,3.24923
534F4C31,6775,51335495,0,3001,2879,122,0.00000,3.14608
534F4C31,6776,51339295,0,3000,2880,120,0.00000,3.09451
534F4C31,6777,51343500,0,2997,2876,121,0.00000,3.12029
534F4C31,6777,51349848,0,2998,2880,118,0.00000,3.04293
534F4C31,6777,51352837,0,3001,2881,120,0.00000,3.09451
534F4C31,6777,51355051,0,2995,2876,119,0.00000,3.06872
534F4C31,6777,51358195,0,3000,2878,122,0.00000,3.14608
534F4C31,6777,51360496,0,2998,2879,119,0.00000,3.06872
534F4C31,6777,51362743,0,3004,2882,122,0.00000,3.14608
534F4C31,6777,51364891,0,3003,2878,125,0.00000,3.22344
534F4C31,6777,51367022,0,2994,2879,115,0.00000,2.96557
534F4C31,6778,51370017,0,2999,2873,126,0.00000,3.24923
534F4C31,6779,51374806,0,2999,2877,122,0.00000,3.14608
534F4C31,6780,51378450,0,2994,2875,119,0.00000,3.06872
534F4C31,6781,51384452,0,2997,2877,120,0.00000,3.09451
534F4C31,6781,51387756,0,3005,2877,128,0.00000,3.30081
534F4C31,6781,51392457,0,2996,2878,118,0.00000,3.04293
534F4C31,6781,51395836,0,2996,2877,119,0.00000,3.06872
534F4C31,6781,51398867,0,3001,2876,125,0.00000,3.22344
534F4C31,6781,51401125,0,2997,2880,117,0.00000,3.01714
534F4C31,6781,51403289,0,2999,2880,119,0.00000,3.06872
534F4C31,6781,51405540,0,2998,2876,122,0.00000,3.14608
534F4C31,6781,51407813,0,2996,2875,121,0.00000,3.12029
534F4C31,6781,51410012,0,3002,2878,124,0.00000,3.19766
534F4C31,6781,51413343,0,2999,2877,122,0.00000,3.14608
534F4C31,6782,51416701,0,2998,2874,124,0.00000,3.19766
534F4C31,6783,51420463,0,2998,2876,122,0.00000,3.14608
534F4C31,6784,51424296,0,3002,2876,126,0.00000,3.24923
534F4C31,6785,51430302,0,2995,2873,122,0.00000,3.14608
534F4C31,6785,51435525,0,2995,2877,118,0.00000,3.04293
534F4C31,6785,51438481,0,2999,2877,122,0.00000,3.14608
534F4C31,6785,51441265,0,2997,2874,123,0.00000,3.17187
534F4C31,6785,51444139,0,2998,2876,122,0.00000,3.14608
534F4C31,6785,51446499,0,3002,2879,123,0.00000,3.17187
534F4C31,6785,51450135,0,2997,2880,117,0.00000,3.01714
534F4C31,6785,51452363,0,2994,2879,115,0.00000,2.96557
534F4C31,6785,51454405,0,3003,2879,124,0.00000,3.19766
534F4C31,6785,51457216,0,3004,2877,127,0.00000,3.27502
534F4C31,6786,51460469,0,3000,2879,121,0.00000,3.12029
534F4C31,6787,51464542,0,2990,2880,110,0.00000,2.83663
534F4C31,6787,51469991,0,2998,2876,122,0.00000,3.14608
534F4C31,6787,51472560,0,2998,2875,123,0.00000,3.17187
534F4C31,6787,51474537,0,2998,2880,118,0.00000,3.04293
534F4C31,6787,51477591,0,3001,2876,125,0.00000,3.22344
534F4C31,6788,51480073,0,3002,2879,123,0.00000,3.17187
534F4C31,6789,51483573,0,3002,2877,125,0.00000,3.22344
534F4C31,6790,51488393,0,3003,2876,127,0.00000,3.27502
534F4C31,6791,51494660,0,2996,2875,121,0.00000,3.12029
534F4C31,6791,51499218,0,3000,2879,121,0.00000,3.12029
534F4C31,6792,51502232,0,2996,2880,116,0.00000,2.99136
534F4C31,6792,51507505,0,2993,2877,116,0.00000,2.99136
534F4C31,6792,51510056,0,2999,2875,124,0.00000,3.19766
534F4C31,6793,51512224,0,2990,2876,114,0.00000,2.93978
534F4C31,6793,51516714,0,2995,2877,118,0.00000,3.04293
534F4C31,6793,51520431,0,3000,2877,123,0.00000,3.17187
534F4C31,6793,51522589,0,2996,2876,120,0.00000,3.09451
534F4C31,6793,51525928,0,2998,2874,124,0.00000,3.19766
534F4C31,6793,51528223,0,2999,2871,128,0.00000,3.30081
534F4C31,6793,51530249,0,2999,2878,121,0.00000,3.12029
534F4C31,6793,51532316,0,2996,2877,119,0.00000,3.06872
534F4C31,6793,51534418,0,2999,2875,124,0.00000,3.19766
534F4C31,6793,51536682,0,2998,2878,120,0.00000,3.09451
534F4C31,6794,51540029,0,2997,2878,119,0.00000,3.06872
534F4C31,6795,51545292,0,2998,2881,117,0.00000,3.01714
534F4C31,6796,51550665,0,2991,2877,114,0.00000,2.93978
534F4C31,6796,51555206,0,2998,2878,120,0.00000,3.09451
534F4C31,6797,51558549,0,2995,2878,117,0.00000,3.01714
534F4C31,6798,51561493,0,3003,2875,128,0.00000,3.30081
534F4C31,6799,51566676,0,2995,2877,118,0.00000,3.04293
534F4C31,6800,51570594,0,2996,2876,120,0.00000,3.09451
534F4C31,6801,51577286,0,2996,2874,122,0.00000,3.14608
534F4C31,6801,51580883,0,3002,2879,123,0.00000,3.17187
534F4C31,6801,51584252,0,2998,2877,121,0.00000,3.12029
534F4C31,6801,51587058,0,3000,2881,119,0.00000,3.06872
534F4C31,6801,51591454,0,2998,2877,121,0.00000,3.12029
534F4C31,6801,51593615,0,2999,2876,123,0.00000,3.17187
534F4C31,6801,51596579,0,2993,2879,114,0.00000,2.93978
534F4C31,6801,51598743,0,2999,2875,124,0.00000,3.19766
534F4C31,6801,51601248,0,2996,2875,121,0.00000,3.12029
534F4C31,6801,51603395,0,2996,2878,118,0.00000,3.04293
534F4C31,6801,51605662,0,3001,2876,125,0.00000,3.22344
534F4C31,6802,51607874,0,2995,2878,117,0.00000,3.01714
534F4C31,6803,51612270,0,3001,2876,125,0.00000,3.22344
534F4C31,6804,51615972,0,3009,2880,129,0.00000,3.32659
534F4C31,6805,51621735,0,2999,2878,121,0.00000,3.12029
534F4C31,6806,51625618,0,2997,2877,120,0.00000,3.09451
534F4C31,6806,51631411,0,3005,2878,127,0.00000,3.27502
534F4C31,6806,51633702,0,2994,2877,117,0.00000,3.01714
534F4C31,6806,51636241,0,2988,2875,113,0.00000,2.91399
534F4C31,6806,51638953,0,2992,2877,115,0.00000,2.96557
534F4C31,6806,51641187,0,3005,2879,126,0.00000,3.24923
534F4C31,6806,51643360,0,2996,2876,120,0.00000,3.09451
534F4C31,6806,51645421,0,2993,2881,112,0.00000,2.88821
534F4C31,6806,51647600,0,2999,2878,121,0.00000,3.12029
534F4C31,6806,51649834,0,3002,2880,122,0.00000,3.14608
534F4C31,6806,51652019,0,3001,2877,124,0.00000,3.19766
534F4C31,6806,51654135,0,2997,2873,124,0.00000,3.19766
534F4C31,6806,51656655,0,2998,2878,120,0.00000,3.09451
534F4C31,6807,51660003,0,3001,2877,124,0.00000,3.19766
534F4C31,6808,51663978,0,2998,2878,120,0.00000,3.09451
534F4C31,6809,51667910,0,2999,2881,118,0.00000,3.04293
534F4C31,6810,51671739,0,2995,2879,116,0.00000,2.99136
534F4C31,6811,51677168,0,3002,2876,126,0.00000,3.24923
534F4C31,6811,51680739,0,2998,2879,119,0.00000,3.06872
534F4C31,6812,51685900,0,2993,2875,118,0.00000,3.04293
534F4C31,6813,51690620,0,3002,2876,126,0.00000,3.24923
534F4C31,6814,51694498,0,2997,2876,121,0.00000,3.12029
534F4C31,6814,51698228,0,2990,2879,111,0.00000,2.86242
534F4C31,6814,51700415,0,3000,2875,125,0.00000,3.22344
534F4C31,6814,51702792,0,3001,2880,121,0.00000,3.12029
534F4C31,6814,51704983,0,2996,2874,122,0.00000,3.14608
534F4C31,6814,51707216,0,3001,2881,120,0.00000,3.09451
534F4C31,6815,51709367,0,3002,2877,125,0.00000,3.22344
534F4C31,6816,51712897,0,3001,2874,127,0.00000,3.27502
534F4C31,6817,51716645,0,2997,2874,123,0.00000,3.17187
534F4C31,6818,51720395,0,2990,2878,112,0.00000,2.88821
534F4C31,6819,51724211,0,2997,2875,122,0.00000,3.14608
534F4C31,6820,51727951,0,3001,2879,122,0.00000,3.14608
534F4C31,6821,51731904,0,3002,2875,127,0.00000,3.27502
534F4C31,6822,51735673,0,2997,2874,123,0.00000,3.17187
534F4C31,6823,51739388,0,2995,2875,120,0.00000,3.09451
534F4C31,6824,51743155,0,3004,2874,130,0.00000,3.35238
534F4C31,6825,51746620,0,2998,2873,125,0.00000,3.22344
534F4C31,6826,51750058,0,3004,2873,131,0.00000,3.37817
534F4C31,6827,51753952,0,2993,2879,114,0.00000,2.93978
534F4C31,6828,51757735,0,2997,2873,124,0.00000,3.19766
534F4C31,6829,51764652,0,2998,2872,126,0.00000,3.24923
534F4C31,6829,51768193,0,3000,2871,129,0.00000,3.32659
534F4C31,6830,51772074,0,2996,2874,122,0.00000,3.14608
534F4C31,6830,51774979,0,3000,2874,126,0.00000,3.24923
534F4C31,6830,51779463,0,2999,2873,126,0.00000,3.24923
534F4C31,6830,51782236,0,3002,2872,130,0.00000,3.35238
534F4C31,6830,51784415,0,3004,2873,131,0.00000,3.37817
534F4C31,6830,51787527,0,3001,2872,129,0.00000,3.32659
534F4C31,6831,51789772,0,2994,2874,120,0.00000,3.09451
534F4C31,6831,51794108,0,2999,2872,127,0.00000,3.27502
534F4C31,6831,51796434,0,2999,2873,126,0.00000,3.24923
534F4C31,6831,51798616,0,2999,2872,127,0.00000,3.27502
534F4C31,6831,51801559,0,2994,2873,121,0.00000,3.12029
534F4C31,6831,51803957,0,3003,2873,130,0.00000,3.35238
534F4C31,6831,51806491,0,3000,2872,128,0.00000,3.30081
534F4C31,6831,51808703,0,2999,2872,127,0.00000,3.27502
534F4C31,6831,51810795,0,3004,2874,130,0.00000,3.35238
534F4C31,6831,51812988,0,3000,2872,128,0.00000,3.30081
534F4C31,6831,51815014,0,3000,2871,129,0.00000,3.32659
534F4C31,6831,51817165,0,2995,2875,120,0.00000,3.09451
534F4C31,6831,51819976,0,2994,2876,118,0.00000,3.04293
534F4C31,6831,51823304,0,2997,2874,123,0.00000,3.17187
534F4C31,6831,51826642,0,2994,2874,120,0.00000,3.09451
534F4C31,6832,51829994,0,2997,2877,120,0.00000,3.09451
534F4C31,6832,51833768,0,2998,2874,124,0.00000,3.19766
534F4C31,6832,51836642,0,2995,2871,124,0.00000,3.19766
534F4C31,6833,51839968,0,2999,2875,124,0.00000,3.19766
534F4C31,6833,51845171,0,2996,2876,120,0.00000,3.09451
534F4C31,6833,51847911,0,2996,2874,122,0.00000,3.14608
534F4C31,6833,51849963,0,2995,2874,121,0.00000,3.12029
534F4C31,6833,51853334,0,2999,2875,124,0.00000,3.19766
534F4C31,6833,51856630,0,2995,2875,120,0.00000,3.09451
534F4C31,6833,51859968,0,2993,2877,116,0.00000,2.99136
534F4C31,6833,51863299,0,2999,2876,123,0.00000,3.17187
534F4C31,6833,51866639,0,3001,2873,128,0.00000,3.30081
534F4C31,6833,51869966,0,2996,2873,123,0.00000,3.17187
534F4C31,6833,51873322,0,3008,2874,134,0.00000,3.45553
534F4C31,6834,51876635,0,3003,2873,130,0.00000,3.35238
534F4C31,6834,51881191,0,2995,2873,122,0.00000,3.14608
534F4C31,6834,51883497,0,2998,2873,125,0.00000,3.22344
534F4C31,6834,51886656,0,3002,2873,129,0.00000,3.32659
534F4C31,6834,51889976,0,2999,2875,124,0.00000,3.19766
534F4C31,6834,51893298,0,2996,2875,121,0.00000,3.12029
534F4C31,6834,51896629,0,2995,2873,122,0.00000,3.14608
534F4C31,6835,51899964,0,2999,2871,128,0.00000,3.30081
534F4C31,6835,51904290,0,2994,2873,121,0.00000,3.12029
534F4C31,6835,51906788,0,2995,2871,124,0.00000,3.19766
534F4C31,6835,51910453,0,3009,2873,136,0.00000,3.50711
534F4C31,6835,51913293,0,2997,2872,125,0.00000,3.22344
534F4C31,6835,51916626,0,2997,2874,123,0.00000,3.17187
534F4C31,6836,51919965,0,2992,2872,120,0.00000,3.09451
534F4C31,6836,51924383,0,3000,2873,127,0.00000,3.27502
534F4C31,6836,51926852,0,2998,2874,124,0.00000,3.19766
534F4C31,6837,51930078,0,3001,2871,130,0.00000,3.35238
534F4C31,6837,51933304,0,2993,2870,123,0.00000,3.17187
534F4C31,6837,51936624,0,3001,2875,126,0.00000,3.24923
534F4C31,6837,51939961,0,2997,2875,122,0.00000,3.14608
534F4C31,6837,51943304,0,3003,2873,130,0.00000,3.35238
534F4C31,6837,51946629,0,3001,2872,129,0.00000,3.32659
534F4C31,6837,51950024,0,2999,2870,129,0.00000,3.32659
534F4C31,6838,51953295,0,2997,2873,124,0.00000,3.19766
534F4C31,6839,51957610,0,2994,2872,122,0.00000,3.14608
534F4C31,6839,51962616,0,2997,2872,125,0.00000,3.22344
534F4C31,6840,51966006,0,2997,2873,124,0.00000,3.19766
534F4C31,6841,51968393,0,3000,2870,130,0.00000,3.35238
534F4C31,6842,51972643,0,3000,2874,126,0.00000,3.24923
534F4C31,6843,51978487,0,2998,2872,126,0.00000,3.24923
534F4C31,6844,51984366,0,2992,2873,119,0.00000,3.06872
534F4C31,6844,51987875,0,2998,2872,126,0.00000,3.24923
534F4C31,6845,51992683,0,2996,2872,124,0.00000,3.19766
534F4C31,6845,51994902,0,2999,2870,129,0.00000,3.32659
534F4C31,6845,52000515,0,3002,2873,129,0.00000,3.32659
534F4C31,6845,52002818,0,2999,2872,127,0.00000,3.27502
534F4C31,6845,52005777,0,2996,2876,120,0.00000,3.09451
534F4C31,6845,52009008,0,2997,2873,124,0.00000,3.19766
534F4C31,6845,52011652,0,2999,2871,128,0.00000,3.30081
534F4C31,6845,52013853,0,2995,2875,120,0.00000,3.09451
534F4C31,6845,52015943,0,3000,2870,130,0.00000,3.35238
534F4C31,6845,52018025,0,2997,2874,123,0.00000,3.17187
534F4C31,6845,52020071,0,2995,2871,124,0.00000,3.19766
534F4C31,6845,52022384,0,2992,2871,121,0.00000,3.12029
534F4C31,6845,52024604,0,2996,2874,122,0.00000,3.14608
534F4C31,6845,52026786,0,2998,2872,126,0.00000,3.24923
534F4C31,6846,52029972,0,2992,2873,119,0.00000,3.06872
534F4C31,6847,52035261,0,2997,2872,125,0.00000,3.22344
534F4C31,6848,52038939,0,2995,2872,123,0.00000,3.17187
534F4C31,6849,52044929,0,2999,2872,127,0.00000,3.27502
534F4C31,6850,52049517,0,2994,2871,123,0.00000,3.17187
534F4C31,6850,52054770,0,2999,2872,127,0.00000,3.27502
534F4C31,6850,52056969,0,2995,2872,123,0.00000,3.17187
534F4C31,6850,52059867,0,2999,2870,129,0.00000,3.32659
534F4C31,6850,52062460,0,2994,2872,122,0.00000,3.14608
534F4C31,6850,52064497,0,2997,2873,124,0.00000,3.19766
534F4C31,6850,52066655,0,2997,2874,123,0.00000,3.17187
534F4C31,6851,52068895,0,3002,2873,129,0.00000,3.32659
534F4C31,6852,52072739,0,2994,2873,121,0.00000,3.12029
534F4C31,6853,52077751,0,2998,2875,123,0.00000,3.17187
534F4C31,6853,52080937,0,3002,2872,130,0.00000,3.35238
534F4C31,6853,52084511,0,3003,2874,129,0.00000,3.32659
534F4C31,6854,52087828,0,2999,2872,127,0.00000,3.27502
534F4C31,6855,52092342,0,3004,2872,132,0.00000,3.40396
534F4C31,6855,52097038,0,2996,2873,123,0.00000,3.17187
534F4C31,6856,52101011,0,3000,2873,127,0.00000,3.27502
534F4C31,6857,52103856,0,2995,2872,123,0.00000,3.17187
534F4C31,6857,52109429,0,2999,2875,124,0.00000,3.19766
534F4C31,6857,52113286,0,2999,2871,128,0.00000,3.30081
534F4C31,6858,52116588,0,3000,2873,127,0.00000,3.27502
534F4C31,6859,52121806,0,2998,2870,128,0.00000,3.30081
534F4C31,6860,52126437,0,2996,2876,120,0.00000,3.09451
534F4C31,6860,52131951,0,2994,2877,117,0.00000,3.01714
534F4C31,6860,52134950,0,2995,2873,122,0.00000,3.14608
534F4C31,6860,52137169,0,2998,2873,125,0.00000,3.22344
534F4C31,6861,52140943,0,3001,2873,128,0.00000,3.30081
534F4C31,6861,52143695,0,2992,2874,118,0.00000,3.04293
534F4C31,6861,52147445,0,2992,2877,115,0.00000,2.96557
534F4C31,6861,52149618,0,3004,2876,128,0.00000,3.30081
534F4C31,6861,52151805,0,3003,2875,128,0.00000,3.30081
534F4C31,6861,52155572,0,3001,2874,127,0.00000,3.27502
534F4C31,6861,52157750,0,3003,2874,129,0.00000,3.32659
534F4C31,6861,52159760,0,3001,2874,127,0.00000,3.27502
534F4C31,6861,52161876,0,3004,2871,133,0.00000,3.42974
534F4C31,6861,52164165,0,2996,2872,124,0.00000,3.19766
534F4C31,6861,52166334,0,2990,2874,116,0.00000,2.99136
534F4C31,6861,52168390,0,3002,2871,131,0.00000,3.37817
534F4C31,6861,52170548,0,2999,2872,127,0.00000,3.27502
534F4C31,6861,52172704,0,2996,2872,124,0.00000,3.19766
534F4C31,6861,52174737,0,3000,2873,127,0.00000,3.27502
534F4C31,6861,52176863,0,3000,2875,125,0.00000,3.22344
534F4C31,6861,52179939,0,2992,2875,117,0.00000,3.01714
534F4C31,6861,52183273,0,3001,2873,128,0.00000,3.30081
534F4C31,6862,52187027,0,3000,2870,130,0.00000,3.35238
534F4C31,6863,52190941,0,2999,2874,125,0.00000,3.22344
534F4C31,6864,52194338,0,3000,2874,126,0.00000,3.24923
534F4C31,6865,52200026,0,3000,2873,127,0.00000,3.27502
534F4C31,6866,52205192,0,2993,2871,122,0.00000,3.14608
534F4C31,6866,52208782,0,2994,2875,119,0.00000,3.06872
534F4C31,6866,52213054,0,2996,2872,124,0.00000,3.19766
534F4C31,6866,52216429,0,2995,2874,121,0.00000,3.12029
534F4C31,6866,52218465,0,2996,2874,122,0.00000,3.14608
534F4C31,6867,52221730,0,3005,2870,135,0.00000,3.48132
534F4C31,6868,52226584,0,2996,2871,125,0.00000,3.22344
534F4C31,6868,52230578,0,2998,2874,124,0.00000,3.19766
534F4C31,6868,52235371,0,3003,2872,131,0.00000,3.37817
534F4C31,6869,52237597,0,3003,2873,130,0.00000,3.35238
534F4C31,6869,52241556,0,3003,2869,134,0.00000,3.45553
534F4C31,6869,52244812,0,3000,2873,127,0.00000,3.27502
534F4C31,6869,52246880,0,2993,2874,119,0.00000,3.06872
534F4C31,6869,52249783,0,2999,2874,125,0.00000,3.22344
534F4C31,6869,52252466,0,3002,2873,129,0.00000,3.32659
534F4C31,6869,52254648,0,3002,2874,128,0.00000,3.30081
534F4C31,6869,52256890,0,2993,2873,120,0.00000,3.09451
534F4C31,6869,52259062,0,2999,2876,123,0.00000,3.17187
534F4C31,6869,52261279,0,3001,2874,127,0.00000,3.27502
534F4C31,6869,52263436,0,3005,2875,130,0.00000,3.35238
534F4C31,6870,52266609,0,2997,2875,122,0.00000,3.14608
534F4C31,6871,52269968,0,2996,2874,122,0.00000,3.14608
534F4C31,6872,52274381,0,3000,2875,125,0.00000,3.22344
534F4C31,6873,52278035,0,3003,2874,129,0.00000,3.32659
534F4C31,6873,52283312,0,3000,2871,129,0.00000,3.32659
534F4C31,6873,52285637,0,3003,2871,132,0.00000,3.40396
534F4C31,6874,52288786,0,2997,2869,128,0.00000,3.30081
534F4C31,6875,52292902,0,2998,2870,128,0.00000,3.30081
534F4C31,6875,52296536,0,3000,2869,131,0.00000,3.37817
534F4C31,6875,52299056,0,2998,2873,125,0.00000,3.22344
534F4C31,6876,52301342,0,2998,2871,127,0.00000,3.27502
534F4C31,6876,52305192,0,2998,2867,131,0.00000,3.37817
534F4C31,6876,52308423,0,3004,2869,135,0.00000,3.48132
534F4C31,6876,52311026,0,3001,2873,128,0.00000,3.30081
534F4C31,6876,52313254,0,2999,2871,128,0.00000,3.30081
534F4C31,6876,52316856,0,2997,2866,131,0.00000,3.37817
534F4C31,6876,52320106,0,2999,2872,127,0.00000,3.27502
534F4C31,6876,52323274,0,2992,2870,122,0.00000,3.14608
534F4C31,6877,52326600,0,2992,2863,129,0.00000,3.32659
534F4C31,6878,52330578,0,3000,2870,130,0.00000,3.35238
534F4C31,6879,52333366,0,2999,2871,128,0.00000,3.30081
534F4C31,6880,52337367,0,3001,2872,129,0.00000,3.32659
534F4C31,6881,52343145,0,2993,2871,122,0.00000,3.14608
534F4C31,6881,52347194,0,2994,2868,126,0.00000,3.24923
534F4C31,6881,52351317,0,3008,2870,138,0.00000,3.55868
534F4C31,6882,52355199,0,2992,2870,122,0.00000,3.14608
534F4C31,6882,52360449,0,2996,2869,127,0.00000,3.27502
534F4C31,6882,52362863,0,2998,2870,128,0.00000,3.30081
534F4C31,6882,52365990,0,3004,2865,139,0.00000,3.58447
534F4C31,6882,52368443,0,2999,2868,131,0.00000,3.37817
534F4C31,6882,52370485,0,2997,2870,127,0.00000,3.27502
534F4C31,6882,52373346,0,2996,2867,129,0.00000,3.32659
534F4C31,6882,52375970,0,3001,2871,130,0.00000,3.35238
534F4C31,6882,52378198,0,2998,2871,127,0.00000,3.27502
534F4C31,6882,52380256,0,3001,2870,131,0.00000,3.37817
534F4C31,6882,52383264,0,3000,2865,135,0.00000,3.48132
534F4C31,6883,52386693,0,2993,2869,124,0.00000,3.19766
534F4C31,6883,52390329,0,2995,2871,124,0.00000,3.19766
534F4C31,6884,52393248,0,2995,2869,126,0.00000,3.24923
534F4C31,6885,52397068,0,3001,2870,131,0.00000,3.37817
534F4C31,6886,52401546,0,3004,2870,134,0.00000,3.45553
534F4C31,6887,52406078,0,2999,2868,131,0.00000,3.37817
534F4C31,6887,52411619,0,3006,2871,135,0.00000,3.48132
534F4C31,6887,52413821,0,2999,2872,127,0.00000,3.27502
534F4C31,6887,52418318,0,2998,2869,129,0.00000,3.32659
534F4C31,6887,52421051,0,2994,2868,126,0.00000,3.24923
534F4C31,6887,52423322,0,3002,2868,134,0.00000,3.45553
534F4C31,6887,52426310,0,3003,2871,132,0.00000,3.40396
534F4C31,6887,52428517,0,2999,2867,132,0.00000,3.40396
534F4C31,6887,52430745,0,2997,2868,129,0.00000,3.32659
534F4C31,6887,52433242,0,2995,2869,126,0.00000,3.24923
534F4C31,6887,52436579,0,2999,2868,131,0.00000,3.37817
534F4C31,6888,52440286,0,2990,2869,121,0.00000,3.12029
534F4C31,6889,52443799,0,3001,2869,132,0.00000,3.40396
534F4C31,6890,52450072,0,2993,2868,125,0.00000,3.22344
534F4C31,6890,52453832,0,3001,2868,133,0.00000,3.42974
534F4C31,6890,52457145,0,2997,2868,129,0.00000,3.32659
534F4C31,6891,52460712,0,2998,2869,129,0.00000,3.32659
534F4C31,6892,52463986,0,3002,2869,133,0.00000,3.42974
534F4C31,6893,52467050,0,3001,2870,131,0.00000,3.37817
534F4C31,6894,52472421,0,3003,2869,134,0.00000,3.45553
534F4C31,6894,52476351,0,2996,2870,126,0.00000,3.24923
534F4C31,6894,52478731,0,2999,2870,129,0.00000,3.32659
534F4C31,6894,52481380,0,2999,2868,131,0.00000,3.37817
534F4C31,6895,52483618,0,2993,2866,127,0.00000,3.27502
534F4C31,6896,52487824,0,3000,2870,130,0.00000,3.35238
534F4C31,6896,52491738,0,3006,2868,138,0.00000,3.55868
534F4C31,6896,52495905,0,3000,2869,131,0.00000,3.37817
534F4C31,6897,52500352,0,3000,2870,130,0.00000,3.35238
534F4C31,6898,52503906,0,2999,2870,129,0.00000,3.32659
534F4C31,6898,52508676,0,2997,2870,127,0.00000,3.27502
534F4C31,6898,52513146,0,3002,2864,138,0.00000,3.55868
534F4C31,6898,52515901,0,2993,2866,127,0.00000,3.27502
534F4C31,6898,52518660,0,2996,2871,125,0.00000,3.22344
534F4C31,6898,52521198,0,2998,2871,127,0.00000,3.27502
534F4C31,6898,52523751,0,3002,2870,132,0.00000,3.40396
534F4C31,6898,52525803,0,2995,2868,127,0.00000,3.27502
534F4C31,6898,52527878,0,2997,2871,126,0.00000,3.24923
534F4C31,6898,52530051,0,2998,2869,129,0.00000,3.32659
534F4C31,6898,52532239,0,3001,2867,134,0.00000,3.45553
534F4C31,6898,52534480,0,2996,2869,127,0.00000,3.27502
534F4C31,6898,52536593,0,3000,2873,127,0.00000,3.27502
534F4C31,6899,52539903,0,2996,2868,128,0.00000,3.30081
534F4C31,6900,52543249,0,2993,2867,126,0.00000,3.24923
534F4C31,6901,52547156,0,2996,2869,127,0.00000,3.27502
534F4C31,6902,52554127,0,3000,2867,133,0.00000,3.42974
534F4C31,6903,52557852,0,3002,2868,134,0.00000,3.45553
534F4C31,6903,52563715,0,2994,2869,125,0.00000,3.22344
534F4C31,6903,52566084,0,3005,2869,136,0.00000,3.50711
534F4C31,6903,52569684,0,3000,2869,131,0.00000,3.37817
534F4C31,6903,52572002,0,2999,2868,131,0.00000,3.37817
534F4C31,6903,52574037,0,2999,2870,129,0.00000,3.32659
534F4C31,6903,52576208,0,3000,2867,133,0.00000,3.42974
534F4C31,6903,52578432,0,2992,2870,122,0.00000,3.14608
534F4C31,6903,52580669,0,3000,2869,131,0.00000,3.37817
534F4C31,6903,52583227,0,2998,2868,130,0.00000,3.35238
534F4C31,6903,52586564,0,3007,2872,135,0.00000,3.48132
534F4C31,6904,52589911,0,2996,2871,125,0.00000,3.22344
534F4C31,6905,52593262,0,3004,2872,132,0.00000,3.40396
534F4C31,6906,52596924,0,2997,2867,130,0.00000,3.35238
534F4C31,6907,52603068,0,3001,2869,132,0.00000,3.40396
534F4C31,6907,52607670,0,3001,2870,131,0.00000,3.37817
534F4C31,6907,52609914,0,3001,2869,132,0.00000,3.40396
534F4C31,6907,52612792,0,2995,2871,124,0.00000,3.19766
534F4C31,6907,52616060,0,2995,2870,125,0.00000,3.22344
534F4C31,6907,52618677,0,3002,2875,127,0.00000,3.27502
534F4C31,6907,52620821,0,2998,2872,126,0.00000,3.24923
534F4C31,6908,52623253,0,3001,2868,133,0.00000,3.42974
534F4C31,6909,52629456,0,2995,2871,124,0.00000,3.19766
534F4C31,6909,52633161,0,3001,2868,133,0.00000,3.42974
534F4C31,6910,52636218,0,2997,2865,132,0.00000,3.40396
534F4C31,6910,52639871,0,2998,2868,130,0.00000,3.35238
534F4C31,6910,52643286,0,2993,2867,126,0.00000,3.24923
534F4C31,6910,52645459,0,3001,2866,135,0.00000,3.48132
534F4C31,6910,52649735,0,3002,2866,136,0.00000,3.50711
534F4C31,6910,52652095,0,3001,2871,130,0.00000,3.35238
534F4C31,6910,52654365,0,2994,2869,125,0.00000,3.22344
534F4C31,6910,52657584,0,3002,2872,130,0.00000,3.35238
534F4C31,6910,52659902,0,3000,2868,132,0.00000,3.40396
534F4C31,6910,52663225,0,2996,2872,124,0.00000,3.19766
534F4C31,6911,52666759,0,2994,2869,125,0.00000,3.22344
534F4C31,6912,52670134,0,2996,2869,127,0.00000,3.27502
534F4C31,6913,52675659,0,2997,2871,126,0.00000,3.24923
534F4C31,6913,52679351,0,2997,2871,126,0.00000,3.24923
534F4C31,6913,52681923,0,2997,2867,130,0.00000,3.35238
534F4C31,6914,52683965,0,2996,2869,127,0.00000,3.27502
534F4C31,6915,52690996,0,3003,2871,132,0.00000,3.40396
534F4C31,6915,52694237,0,3002,2867,135,0.00000,3.48132
534F4C31,6915,52697603,0,2995,2868,127,0.00000,3.27502
534F4C31,6916,52700004,0,3001,2871,130,0.00000,3.35238
534F4C31,6917,52705426,0,2998,2867,131,0.00000,3.37817
534F4C31,6917,52710345,0,3004,2869,135,0.00000,3.48132
534F4C31,6917,52713673,0,2997,2870,127,0.00000,3.27502
534F4C31,6917,52716106,0,2999,2871,128,0.00000,3.30081
534F4C31,6917,52720336,0,2996,2871,125,0.00000,3.22344
534F4C31,6917,52722657,0,3000,2870,130,0.00000,3.35238
534F4C31,6917,52724731,0,2997,2870,127,0.00000,3.27502
534F4C31,6917,52728006,0,3000,2868,132,0.00000,3.40396
534F4C31,6917,52730356,0,2998,2867,131,0.00000,3.37817
534F4C31,6917,52732595,0,2997,2870,127,0.00000,3.27502
534F4C31,6917,52734671,0,2999,2870,129,0.00000,3.32659
534F4C31,6917,52736718,0,3008,2870,138,0.00000,3.55868
534F4C31,6918,52740287,0,2990,2870,120,0.00000,3.09451
534F4C31,6919,52744167,0,3001,2871,130,0.00000,3.35238
534F4C31,6920,52749579,0,3003,2867,136,0.00000,3.50711
534F4C31,6920,52753409,0,2993,2867,126,0.00000,3.24923
534F4C31,6920,52756326,0,2994,2870,124,0.00000,3.19766
534F4C31,6920,52759497,0,2998,2868,130,0.00000,3.35238
534F4C31,6920,52762288,0,3000,2869,131,0.00000,3.37817
534F4C31,6920,52764398,0,2999,2869,130,0.00000,3.35238
534F4C31,6920,52766586,0,2993,2869,124,0.00000,3.19766
534F4C31,6921,52770488,0,2994,2873,121,0.00000,3.12029
534F4C31,6922,52774466,0,2993,2868,125,0.00000,3.22344
534F4C31,6923,52779734,0,3004,2870,134,0.00000,3.45553
534F4C31,6924,52784776,0,2994,2870,124,0.00000,3.19766
534F4C31,6924,52790608,0,3002,2864,138,0.00000,3.55868
534F4C31,6924,52792871,0,2999,2871,128,0.00000,3.30081
534F4C31,6924,52795017,0,3002,2868,134,0.00000,3.45553
534F4C31,6924,52798311,0,3000,2868,132,0.00000,3.40396
534F4C31,6924,52800492,0,3000,2869,131,0.00000,3.37817
534F4C31,6924,52802626,0,2999,2866,133,0.00000,3.42974
534F4C31,6925,52804909,0,3004,2866,138,0.00000,3.55868
534F4C31,6926,52809292,0,2996,2867,129,0.00000,3.32659
534F4C31,6926,52814009,0,2996,2867,129,0.00000,3.32659
534F4C31,6926,52816295,0,2998,2870,128,0.00000,3.30081
534F4C31,6927,52820605,0,2999,2869,130,0.00000,3.35238
534F4C31,6928,52824437,0,2995,2866,129,0.00000,3.32659
534F4C31,6929,52827589,0,2996,2870,126,0.00000,3.24923
534F4C31,6930,52833230,0,2993,2868,125,0.00000,3.22344
534F4C31,6930,52837386,0,2999,2869,130,0.00000,3.35238
534F4C31,6930,52839663,0,2995,2869,126,0.00000,3.24923
534F4C31,6930,52844316,0,2995,2871,124,0.00000,3.19766
534F4C31,6930,52846716,0,2996,2870,126,0.00000,3.24923
534F4C31,6930,52848852,0,3000,2869,131,0.00000,3.37817
534F4C31,6930,52851552,0,2996,2869,127,0.00000,3.27502
534F4C31,6930,52854074,0,3002,2868,134,0.00000,3.45553
534F4C31,6930,52856387,0,3001,2867,134,0.00000,3.45553
534F4C31,6930,52858501,0,3000,2871,129,0.00000,3.32659
534F4C31,6930,52860566,0,2999,2869,130,0.00000,3.35238
534F4C31,6930,52863201,0,2999,2866,133,0.00000,3.42974
534F4C31,6930,52866532,0,2993,2866,127,0.00000,3.27502
534F4C31,6931,52869885,0,3000,2868,132,0.00000,3.40396
534F4C31,6931,52873672,0,2994,2865,129,0.00000,3.32659
534F4C31,6932,52876541,0,2997,2864,133,0.00000,3.42974
534F4C31,6932,52881346,0,3001,2868,133,0.00000,3.42974
534F4C31,6932,52884418,0,2994,2866,128,0.00000,3.30081
534F4C31,6933,52886766,0,3001,2866,135,0.00000,3.48132
534F4C31,6934,52891502,0,2998,2865,133,0.00000,3.42974
534F4C31,6934,52894959,0,3002,2864,138,0.00000,3.55868
534F4C31,6934,52898973,0,2996,2864,132,0.00000,3.40396
534F4C31,6934,52903199,0,2995,2869,126,0.00000,3.24923
534F4C31,6934,52905568,0,2996,2865,131,0.00000,3.37817
534F4C31,6934,52908621,0,3000,2868,132,0.00000,3.40396
534F4C31,6934,52910838,0,2996,2867,129,0.00000,3.32659
534F4C31,6934,52913196,0,2994,2867,127,0.00000,3.27502
534F4C31,6935,52916553,0,2992,2864,128,0.00000,3.30081
534F4C31,6936,52920232,0,2999,2868,131,0.00000,3.37817
534F4C31,6937,52926606,0,3004,2866,138,0.00000,3.55868
534F4C31,6937,52930659,0,3000,2862,138,0.00000,3.55868
534F4C31,6938,52936499,0,2998,2864,134,0.00000,3.45553
534F4C31,6938,52941341,0,3001,2863,138,0.00000,3.55868
534F4C31,6938,52943804,0,3000,2867,133,0.00000,3.42974
534F4C31,6939,52947391,0,3000,2865,135,0.00000,3.48132
534F4C31,6939,52951739,0,2997,2863,134,0.00000,3.45553
534F4C31,6939,52953973,0,3000,2865,135,0.00000,3.48132
534F4C31,6940,52958850,0,3001,2867,134,0.00000,3.45553
534F4C31,6941,52962441,0,2993,2866,127,0.00000,3.27502
534F4C31,6942,52968326,0,2999,2863,136,0.00000,3.50711
534F4C31,6942,52970568,0,2996,2865,131,0.00000,3.37817
534F4C31,6942,52976143,0,2999,2867,132,0.00000,3.40396
534F4C31,6942,52978416,0,2997,2866,131,0.00000,3.37817
534F4C31,6942,52981768,0,2994,2865,129,0.00000,3.32659
534F4C31,6942,52983981,0,3002,2867,135,0.00000,3.48132
534F4C31,6942,52985873,0,2998,2865,133,0.00000,3.42974
534F4C31,6942,52987973,0,2995,2867,128,0.00000,3.30081
534F4C31,6942,52990193,0,2996,2865,131,0.00000,3.37817
534F4C31,6942,52992396,0,2998,2865,133,0.00000,3.42974
534F4C31,6942,52994430,0,2998,2867,131,0.00000,3.37817
534F4C31,6942,52996591,0,2998,2863,135,0.00000,3.48132
534F4C31,6942,52998765,0,2995,2861,134,0.00000,3.45553
534F4C31,6943,53001005,0,2999,2867,132,0.00000,3.40396
534F4C31,6944,53005894,0,2995,2865,130,0.00000,3.35238
534F4C31,6945,53009615,0,3001,2868,133,0.00000,3.42974
534F4C31,6946,53015549,0,3004,2863,141,0.00000,3.63604
534F4C31,6946,53019413,0,3000,2867,133,0.00000,3.42974
534F4C31,6946,53021952,0,3004,2864,140,0.00000,3.61026
534F4C31,6947,53025617,0,2999,2870,129,0.00000,3.32659
534F4C31,6947,53030829,0,2999,2865,134,0.00000,3.45553
534F4C31,6947,53036361,0,2996,2869,127,0.00000,3.27502
534F4C31,6947,53039190,0,2998,2865,133,0.00000,3.42974
534F4C31,6947,53041528,0,2999,2866,133,0.00000,3.42974
534F4C31,6947,53043690,0,2997,2866,131,0.00000,3.37817
534F4C31,6947,53046516,0,2995,2865,130,0.00000,3.35238
534F4C31,6947,53048780,0,2995,2863,132,0.00000,3.40396
534F4C31,6947,53051091,0,3001,2867,134,0.00000,3.45553
534F4C31,6948,53053411,0,2995,2863,132,0.00000,3.40396
534F4C31,6949,53057166,0,3000,2865,135,0.00000,3.48132
534F4C31,6950,53061242,0,2996,2865,131,0.00000,3.37817
534F4C31,6951,53067505,0,3000,2865,135,0.00000,3.48132
534F4C31,6952,53071652,0,2995,2865,130,0.00000,3.35238
534F4C31,6952,53076163,0,2995,2864,131,0.00000,3.37817
534F4C31,6952,53079946,0,3005,2869,136,0.00000,3.50711
534F4C31,6952,53083234,0,2997,2867,130,0.00000,3.35238
534F4C31,6952,53085989,0,3002,2868,134,0.00000,3.45553
534F4C31,6952,53088182,0,3000,2865,135,0.00000,3.48132
534F4C31,6952,53090337,0,2994,2864,130,0.00000,3.35238
534F4C31,6953,53092553,0,3002,2864,138,0.00000,3.55868
534F4C31,6953,53096974,0,2997,2866,131,0.00000,3.37817
534F4C31,6953,53099248,0,2996,2865,131,0.00000,3.37817
534F4C31,6954,53101358,0,2993,2868,125,0.00000,3.22344
534F4C31,6955,53105098,0,2997,2865,132,0.00000,3.40396
534F4C31,6956,53110386,0,2989,2867,122,0.00000,3.14608
534F4C31,6956,53114658,0,3004,2862,142,0.00000,3.66183
534F4C31,6956,53117621,0,2994,2863,131,0.00000,3.37817
534F4C31,6956,53120854,0,3000,2863,137,0.00000,3.53289
534F4C31,6956,53123628,0,2998,2864,134,0.00000,3.45553
534F4C31,6956,53126477,0,2996,2866,130,0.00000,3.35238
534F4C31,6956,53128733,0,3001,2868,133,0.00000,3.42974
534F4C31,6956,53131836,0,2994,2866,128,0.00000,3.30081
534F4C31,6956,53134042,0,2997,2866,131,0.00000,3.37817
534F4C31,6956,53136567,0,2997,2864,133,0.00000,3.42974
534F4C31,6956,53138831,0,2997,2866,131,0.00000,3.37817
534F4C31,6956,53141217,0,2997,2865,132,0.00000,3.40396
534F4C31,6957,53143391,0,2998,2866,132,0.00000,3.40396
534F4C31,6958,53147993,0,2997,2867,130,0.00000,3.35238
534F4C31,6959,53154657,0,3005,2863,142,0.00000,3.66183
534F4C31,6959,53158699,0,2997,2864,133,0.00000,3.42974
534F4C31,6960,53161646,0,3002,2865,137,0.00000,3.53289
534F4C31,6961,53166780,0,2996,2866,130,0.00000,3.35238
534F4C31,6961,53170524,0,2995,2867,128,0.00000,3.30081
534F4C31,6961,53175015,0,3000,2865,135,0.00000,3.48132
534F4C31,6961,53178979,0,3001,2865,136,0.00000,3.50711
534F4C31,6961,53181137,0,2995,2862,133,0.00000,3.42974
534F4C31,6962,53184466,0,2998,2863,135,0.00000,3.48132
534F4C31,6962,53188647,0,2997,2865,132,0.00000,3.40396
534F4C31,6962,53191028,0,2994,2863,131,0.00000,3.37817
534F4C31,6962,53193217,0,2988,2866,122,0.00000,3.14608
534F4C31,6962,53196261,0,3002,2866,136,0.00000,3.50711
534F4C31,6962,53198641,0,2994,2867,127,0.00000,3.27502
534F4C31,6963,53202535,0,3003,2866,137,0.00000,3.53289
534F4C31,6964,53206917,0,3001,2867,134,0.00000,3.45553
534F4C31,6964,53211505,0,3004,2867,137,0.00000,3.53289
534F4C31,6964,53215014,0,3004,2866,138,0.00000,3.55868
534F4C31,6964,53217336,0,2992,2865,127,0.00000,3.27502
534F4C31,6964,53220239,0,2997,2862,135,0.00000,3.48132
534F4C31,6965,53223053,0,3001,2867,134,0.00000,3.45553
534F4C31,6966,53227812,0,3005,2864,141,0.00000,3.63604
534F4C31,6966,53232260,0,3004,2865,139,0.00000,3.58447
534F4C31,6966,53235727,0,2994,2867,127,0.00000,3.27502
534F4C31,6967,53239264,0,2995,2866,129,0.00000,3.32659
534F4C31,6968,53242966,0,2995,2866,129,0.00000,3.32659
534F4C31,6968,53247960,0,2996,2865,131,0.00000,3.37817
534F4C31,6968,53251092,0,3000,2865,135,0.00000,3.48132
534F4C31,6969,53255454,0,3003,2866,137,0.00000,3.53289
534F4C31,6969,53259056,0,2994,2868,126,0.00000,3.24923
534F4C31,6969,53263015,0,3004,2867,137,0.00000,3.53289
534F4C31,6969,53265543,0,3002,2864,138,0.00000,3.55868
534F4C31,6969,53269160,0,2991,2864,127,0.00000,3.27502
534F4C31,6970,53271660,0,2995,2865,130,0.00000,3.35238
534F4C31,6971,53275178,0,2997,2864,133,0.00000,3.42974
534F4C31,6972,53279878,0,3000,2866,134,0.00000,3.45553
534F4C31,6973,53286405,0,2995,2868,127,0.00000,3.27502
534F4C31,6973,53289836,0,2999,2867,132,0.00000,3.40396
534F4C31,6974,53293002,0,2996,2866,130,0.00000,3.35238
534F4C31,6975,53297295,0,2999,2866,133,0.00000,3.42974
534F4C31,6976,53302330,0,3002,2863,139,0.00000,3.58447
534F4C31,6976,53307586,0,3000,2867,133,0.00000,3.42974
534F4C31,6976,53310590,0,3000,2864,136,0.00000,3.50711
534F4C31,6977,53314633,0,2996,2865,131,0.00000,3.37817
534F4C31,6978,53319559,0,2998,2865,133,0.00000,3.42974
534F4C31,6979,53323411,0,2997,2865,132,0.00000,3.40396
534F4C31,6979,53328912,0,3004,2865,139,0.00000,3.58447
534F4C31,6979,53331826,0,2995,2866,129,0.00000,3.32659
534F4C31,6979,53335215,0,2991,2862,129,0.00000,3.32659
534F4C31,6979,53337379,0,3004,2867,137,0.00000,3.53289
534F4C31,6979,53339578,0,3001,2863,138,0.00000,3.55868
534F4C31,6979,53342121,0,2995,2865,130,0.00000,3.35238
534F4C31,6980,53344355,0,3002,2866,136,0.00000,3.50711
534F4C31,6980,53348592,0,3005,2865,140,0.00000,3.61026
534F4C31,6980,53351770,0,3001,2867,134,0.00000,3.45553
534F4C31,6980,53353952,0,2990,2867,123,0.00000,3.17187
534F4C31,6980,53356218,0,3000,2867,133,0.00000,3.42974
534F4C31,6980,53359139,0,2990,2863,127,0.00000,3.27502
534F4C31,6980,53361811,0,3006,2862,144,0.00000,3.71341
534F4C31,6980,53363986,0,3005,2867,138,0.00000,3.55868
534F4C31,6980,53366188,0,2993,2864,129,0.00000,3.32659
534F4C31,6980,53368391,0,2994,2867,127,0.00000,3.27502
534F4C31,6980,53370572,0,3004,2865,139,0.00000,3.58447
534F4C31,6980,53372678,0,2996,2866,130,0.00000,3.35238
534F4C31,6980,53374737,0,3001,2865,136,0.00000,3.50711
534F4C31,6980,53376893,0,2999,2865,134,0.00000,3.45553
534F4C31,6980,53379133,0,2999,2864,135,0.00000,3.48132
534F4C31,6980,53381381,0,2997,2870,127,0.00000,3.27502
534F4C31,6981,53383511,0,2999,2865,134,0.00000,3.45553
534F4C31,6982,53387757,0,3001,2867,134,0.00000,3.45553
534F4C31,6983,53391436,0,3005,2868,137,0.00000,3.53289
534F4C31,6984,53397630,0,2999,2867,132,0.00000,3.40396
534F4C31,6985,53402244,0,3001,2864,137,0.00000,3.53289
534F4C31,6985,53406357,0,3000,2865,135,0.00000,3.48132
534F4C31,6986,53409532,0,2999,2866,133,0.00000,3.42974
534F4C31,6987,53415048,0,2998,2866,132,0.00000,3.40396
534F4C31,6987,53418425,0,3002,2869,133,0.00000,3.42974
534F4C31,6987,53423338,0,2997,2861,136,0.00000,3.50711
534F4C31,6988,53426482,0,2997,2862,135,0.00000,3.48132
534F4C31,6989,53430481,0,2996,2862,134,0.00000,3.45553
534F4C31,6989,53434933,0,2997,2860,137,0.00000,3.53289
534F4C31,6989,53438789,0,2997,2862,135,0.00000,3.48132
534F4C31,6989,53442631,0,2994,2859,135,0.00000,3.48132
534F4C31,6989,53445318,0,2996,2858,138,0.00000,3.55868
534F4C31,6990,53448792,0,2992,2861,131,0.00000,3.37817
534F4C31,6990,53454207,0,2995,2861,134,0.00000,3.45553
534F4C31,6990,53456171,0,2998,2863,135,0.00000,3.48132
534F4C31,6991,53458722,0,2998,2867,131,0.00000,3.37817
534F4C31,6991,53463433,0,3001,2863,138,0.00000,3.55868
534F4C31,6991,53465999,0,2996,2862,134,0.00000,3.45553
534F4C31,6991,53468082,0,2998,2860,138,0.00000,3.55868
534F4C31,6991,53471200,0,2997,2863,134,0.00000,3.45553
534F4C31,6991,53473547,0,2994,2860,134,0.00000,3.45553
534F4C31,6991,53475584,0,2998,2858,140,0.00000,3.61026
534F4C31,6991,53477699,0,2992,2862,130,0.00000,3.35238
534F4C31,6991,53479853,0,2997,2862,135,0.00000,3.48132
534F4C31,6991,53482103,0,2998,2863,135,0.00000,3.48132
534F4C31,6991,53484343,0,3003,2864,139,0.00000,3.58447
534F4C31,6991,53486493,0,3001,2862,139,0.00000,3.58447
534F4C31,6991,53488548,0,2997,2862,135,0.00000,3.48132
534F4C31,6991,53490755,0,3001,2859,142,0.00000,3.66183
534F4C31,6991,53492963,0,2997,2860,137,0.00000,3.53289
534F4C31,6991,53494995,0,3003,2860,143,0.00000,3.68762
534F4C31,6991,53497067,0,2998,2861,137,0.00000,3.53289
534F4C31,6992,53499329,0,2997,2862,135,0.00000,3.48132
534F4C31,6993,53503592,0,2995,2863,132,0.00000,3.40396
534F4C31,6994,53507504,0,2995,2865,130,0.00000,3.35238
534F4C31,6995,53514290,0,2994,2865,129,0.00000,3.32659
534F4C31,6995,53519034,0,2997,2862,135,0.00000,3.48132
534F4C31,6995,53522409,0,2999,2864,135,0.00000,3.48132
534F4C31,6995,53524567,0,2990,2863,127,0.00000,3.27502
534F4C31,6995,53526757,0,2998,2862,136,0.00000,3.50711
534F4C31,6996,53530220,0,2999,2860,139,0.00000,3.58447
534F4C31,6997,53534834,0,2997,2858,139,0.00000,3.58447
534F4C31,6998,53538539,0,2997,2861,136,0.00000,3.50711
534F4C31,6998,53544298,0,2997,2859,138,0.00000,3.55868
534F4C31,6998,53547035,0,2996,2860,136,0.00000,3.50711
534F4C31,6998,53550307,0,2999,2863,136,0.00000,3.50711
534F4C31,6998,53552440,0,3000,2861,139,0.00000,3.58447
534F4C31,6998,53554649,0,3002,2862,140,0.00000,3.61026
534F4C31,6998,53556868,0,2999,2864,135,0.00000,3.48132
534F4C31,6998,53558974,0,2994,2861,133,0.00000,3.42974
534F4C31,6998,53561150,0,2996,2862,134,0.00000,3.45553
534F4C31,6999,53563414,0,2993,2861,132,0.00000,3.40396
534F4C31,7000,53567618,0,3000,2861,139,0.00000,3.58447
534F4C31,7001,53571440,0,3003,2863,140,0.00000,3.61026
534F4C31,7002,53575353,0,2996,2861,135,0.00000,3.48132
534F4C31,7002,53580648,0,2998,2861,137,0.00000,3.53289
534F4C31,7002,53584241,0,3000,2863,137,0.00000,3.53289
534F4C31,7002,53586462,0,3000,2862,138,0.00000,3.55868
534F4C31,7002,53588539,0,3001,2861,140,0.00000,3.61026
534F4C31,7002,53590627,0,3003,2864,139,0.00000,3.58447
534F4C31,7002,53592819,0,2995,2860,135,0.00000,3.48132
534F4C31,7003,53595093,0,2993,2865,128,0.00000,3.30081
534F4C31,7004,53599458,0,2998,2864,134,0.00000,3.45553
534F4C31,7005,53602935,0,3001,2860,141,0.00000,3.63604
534F4C31,7006,53610749,0,3004,2863,141,0.00000,3.63604
534F4C31,7006,53613580,0,2998,2861,137,0.00000,3.53289
534F4C31,7006,53615698,0,2995,2863,132,0.00000,3.40396
534F4C31,7006,53620326,0,3002,2862,140,0.00000,3.61026
534F4C31,7006,53622531,0,2997,2861,136,0.00000,3.50711
534F4C31,7006,53624704,0,2996,2864,132,0.00000,3.40396
534F4C31,7006,53627781,0,3005,2862,143,0.00000,3.68762
534F4C31,7006,53629971,0,3003,2860,143,0.00000,3.68762
534F4C31,7006,53632196,0,2996,2860,136,0.00000,3.50711
534F4C31,7006,53634427,0,3003,2862,141,0.00000,3.63604
534F4C31,7006,53636627,0,3001,2860,141,0.00000,3.63604
534F4C31,7006,53639790,0,2994,2861,133,0.00000,3.42974
534F4C31,7007,53643133,0,3001,2863,138,0.00000,3.55868
534F4C31,7008,53647696,0,2996,2865,131,0.00000,3.37817
534F4C31,7009,53652314,0,3007,2861,146,0.00000,3.76498
534F4C31,7010,53658787,0,3000,2864,136,0.00000,3.50711
534F4C31,7010,53664996,0,2997,2861,136,0.00000,3.50711
534F4C31,7010,53667197,0,2997,2861,136,0.00000,3.50711
534F4C31,7010,53670369,0,2992,2858,134,0.00000,3.45553
534F4C31,7010,53673081,0,2998,2860,138,0.00000,3.55868
534F4C31,7010,53675212,0,3002,2861,141,0.00000,3.63604
534F4C31,7010,53677356,0,3003,2860,143,0.00000,3.68762
534F4C31,7011,53679571,0,2998,2859,139,0.00000,3.58447
534F4C31,7011,53683583,0,2995,2863,132,0.00000,3.40396
534F4C31,7011,53686849,0,3000,2862,138,0.00000,3.55868
534F4C31,7012,53688905,0,3000,2860,140,0.00000,3.61026
534F4C31,7013,53695003,0,3005,2860,145,0.00000,3.73919
534F4C31,7013,53700687,0,2994,2866,128,0.00000,3.30081
534F4C31,7013,53702966,0,2997,2864,133,0.00000,3.42974
534F4C31,7013,53706308,0,2995,2863,132,0.00000,3.40396
534F4C31,7013,53708663,0,2995,2859,136,0.00000,3.50711
534F4C31,7013,53710703,0,3005,2861,144,0.00000,3.71341
534F4C31,7014,53713208,0,3005,2861,144,0.00000,3.71341
534F4C31,7014,53717508,0,2990,2860,130,0.00000,3.35238
534F4C31,7014,53720218,0,2997,2861,136,0.00000,3.50711
534F4C31,7015,53724438,0,2997,2863,134,0.00000,3.45553
534F4C31,7016,53726716,0,2999,2862,137,0.00000,3.53289
534F4C31,7016,53731810,0,2996,2863,133,0.00000,3.42974
534F4C31,7016,53735126,0,2995,2860,135,0.00000,3.48132
534F4C31,7017,53739914,0,3004,2859,145,0.00000,3.73919
534F4C31,7018,53743419,0,2996,2859,137,0.00000,3.53289
534F4C31,7019,53749403,0,2997,2861,136,0.00000,3.50711
534F4C31,7019,53755130,0,2996,2862,134,0.00000,3.45553
534F4C31,7019,53757893,0,3002,2864,138,0.00000,3.55868
534F4C31,7019,53760798,0,2995,2862,133,0.00000,3.42974
534F4C31,7019,53763875,0,3001,2862,139,0.00000,3.58447
534F4C31,7019,53766135,0,2998,2862,136,0.00000,3.50711
534F4C31,7019,53768183,0,2995,2864,131,0.00000,3.37817
534F4C31,7019,53770317,0,2998,2861,137,0.00000,3.53289
534F4C31,7019,53772393,0,2997,2859,138,0.00000,3.55868
534F4C31,7019,53774486,0,2995,2861,134,0.00000,3.45553
534F4C31,7019,53776543,0,3001,2861,140,0.00000,3.61026
534F4C31,7019,53778829,0,2993,2862,131,0.00000,3.37817
534F4C31,7019,53781031,0,3001,2858,143,0.00000,3.68762
534F4C31,7019,53783234,0,2993,2858,135,0.00000,3.48132
534F4C31,7020,53786459,0,2997,2863,134,0.00000,3.45553
534F4C31,7021,53791478,0,2998,2862,136,0.00000,3.50711
534F4C31,7022,53795233,0,2994,2862,132,0.00000,3.40396
534F4C31,7023,53801409,0,2997,2861,136,0.00000,3.50711
534F4C31,7023,53805303,0,2999,2864,135,0.00000,3.48132
534F4C31,7023,53808319,0,3005,2863,142,0.00000,3.66183
534F4C31,7023,53811542,0,2998,2862,136,0.00000,3.50711
534F4C31,7023,53813740,0,2993,2861,132,0.00000,3.40396
534F4C31,7024,53816026,0,3005,2862,143,0.00000,3.68762
534F4C31,7024,53821124,0,3002,2864,138,0.00000,3.55868
534F4C31,7024,53823641,0,2992,2864,128,0.00000,3.30081
534F4C31,7024,53825859,0,3000,2863,137,0.00000,3.53289
534F4C31,7024,53828915,0,3002,2862,140,0.00000,3.61026
534F4C31,7024,53831139,0,2991,2861,130,0.00000,3.35238
534F4C31,7024,53833319,0,2997,2860,137,0.00000,3.53289
534F4C31,7025,53836449,0,3003,2861,142,0.00000,3.66183
534F4C31,7026,53840802,0,2993,2861,132,0.00000,3.40396
534F4C31,7027,53845776,0,2995,2863,132,0.00000,3.40396
534F4C31,7028,53851150,0,2996,2863,133,0.00000,3.42974
534F4C31,7028,53854539,0,2996,2861,135,0.00000,3.48132
534F4C31,7028,53857238,0,2999,2864,135,0.00000,3.48132
534F4C31,7029,53862187,0,2996,2860,136,0.00000,3.50711
534F4C31,7030,53866296,0,3001,2862,139,0.00000,3.58447
534F4C31,7030,53871409,0,3000,2860,140,0.00000,3.61026
534F4C31,7030,53874528,0,2994,2860,134,0.00000,3.45553
534F4C31,7030,53878094,0,2997,2861,136,0.00000,3.50711
534F4C31,7030,53880395,0,2993,2859,134,0.00000,3.45553
534F4C31,7030,53882426,0,2999,2863,136,0.00000,3.50711
534F4C31,7030,53884594,0,2990,2862,128,0.00000,3.30081
534F4C31,7030,53886774,0,2997,2860,137,0.00000,3.53289
534F4C31,7030,53888987,0,2996,2861,135,0.00000,3.48132
534F4C31,7031,53891124,0,3001,2859,142,0.00000,3.66183
534F4C31,7032,53895437,0,3004,2860,144,0.00000,3.71341
534F4C31,7033,53901251,0,3002,2859,143,0.00000,3.68762
534F4C31,7033,53905894,0,2995,2865,130,0.00000,3.35238
534F4C31,7033,53908662,0,3000,2859,141,0.00000,3.63604
534F4C31,7034,53912504,0,2997,2862,135,0.00000,3.48132
534F4C31,7035,53917003,0,2996,2863,133,0.00000,3.42974
534F4C31,7036,53921461,0,3000,2863,137,0.00000,3.53289
534F4C31,7036,53927151,0,2994,2860,134,0.00000,3.45553
534F4C31,7036,53929401,0,3001,2861,140,0.00000,3.61026
534F4C31,7036,53932671,0,2999,2859,140,0.00000,3.61026
534F4C31,7036,53935270,0,3001,2859,142,0.00000,3.66183
534F4C31,7036,53937326,0,2998,2860,138,0.00000,3.55868
534F4C31,7036,53939476,0,3002,2861,141,0.00000,3.63604
534F4C31,7036,53941769,0,2997,2862,135,0.00000,3.48132
534F4C31,7036,53943935,0,2998,2862,136,0.00000,3.50711
534F4C31,7037,53946045,0,3002,2862,140,0.00000,3.61026
534F4C31,7038,53949961,0,3001,2861,140,0.00000,3.61026
534F4C31,7039,53953418,0,2995,2862,133,0.00000,3.42974
534F4C31,7040,53959364,0,2995,2861,134,0.00000,3.45553
534F4C31,7041,53964123,0,2996,2861,135,0.00000,3.48132
534F4C31,7042,53969960,0,2997,2861,136,0.00000,3.50711
534F4C31,7042,53975130,0,2998,2862,136,0.00000,3.50711
534F4C31,7042,53978896,0,2999,2860,139,0.00000,3.58447
534F4C31,7042,53981882,0,3000,2860,140,0.00000,3.61026
534F4C31,7042,53984425,0,3000,2861,139,0.00000,3.58447
534F4C31,7042,53986472,0,2991,2862,129,0.00000,3.32659
534F4C31,7042,53988505,0,3001,2861,140,0.00000,3.61026
534F4C31,7043,53990555,0,2995,2857,138,0.00000,3.55868
534F4C31,7043,53994649,0,2999,2860,139,0.00000,3.58447
534F4C31,7043,53998099,0,2994,2860,134,0.00000,3.45553
534F4C31,7043,54002323,0,2998,2861,137,0.00000,3.53289
534F4C31,7043,54004893,0,2996,2860,136,0.00000,3.50711
534F4C31,7043,54006969,0,3002,2859,143,0.00000,3.68762
534F4C31,7043,54009769,0,2997,2858,139,0.00000,3.58447
534F4C31,7043,54011956,0,2999,2865,134,0.00000,3.45553
534F4C31,7043,54014101,0,2999,2864,135,0.00000,3.48132
534F4C31,7044,54016252,0,2997,2861,136,0.00000,3.50711
534F4C31,7045,54019904,0,2998,2863,135,0.00000,3.48132
534F4C31,7045,54024070,0,2999,2857,142,0.00000,3.66183
534F4C31,7045,54027431,0,3003,2857,146,0.00000,3.76498
534F4C31,7045,54031770,0,2995,2858,137,0.00000,3.53289
534F4C31,7045,54034052,0,2993,2858,135,0.00000,3.48132
534F4C31,7046,54036969,0,2992,2858,134,0.00000,3.45553
534F4C31,7046,54042343,0,2999,2858,141,0.00000,3.63604
534F4C31,7046,54044615,0,2993,2858,135,0.00000,3.48132
534F4C31,7047,54047704,0,2993,2860,133,0.00000,3.42974
534F4C31,7047,54052594,0,3003,2856,147,0.00000,3.79077
534F4C31,7047,54055944,0,2994,2861,133,0.00000,3.42974
534F4C31,7047,54059167,0,3001,2857,144,0.00000,3.71341
534F4C31,7047,54061626,0,3000,2859,141,0.00000,3.63604
534F4C31,7047,54063933,0,2992,2857,135,0.00000,3.48132
534F4C31,7047,54066898,0,2995,2857,138,0.00000,3.55868
534F4C31,7048,54068931,0,2997,2860,137,0.00000,3.53289
534F4C31,7049,54071890,0,3000,2856,144,0.00000,3.71341
534F4C31,7050,54076071,0,2995,2858,137,0.00000,3.53289
534F4C31,7051,54081385,0,3004,2858,146,0.00000,3.76498
534F4C31,7052,54086881,0,3002,2858,144,0.00000,3.71341
534F4C31,7052,54091983,0,3005,2857,148,0.00000,3.81656
534F4C31,7052,54094478,0,3002,2858,144,0.00000,3.71341
534F4C31,7052,54097383,0,3004,2854,150,0.00000,3.86813
534F4C31,7052,54099679,0,2999,2859,140,0.00000,3.61026
534F4C31,7052,54101953,0,2993,2855,138,0.00000,3.55868
534F4C31,7052,54104171,0,3000,2855,145,0.00000,3.73919
534F4C31,7052,54106238,0,2997,2857,140,0.00000,3.61026
534F4C31,7052,54108320,0,2993,2858,135,0.00000,3.48132
534F4C31,7052,54110368,0,3001,2859,142,0.00000,3.66183
534F4C31,7053,54113323,0,2994,2859,135,0.00000,3.48132
534F4C31,7054,54117520,0,3002,2857,145,0.00000,3.73919
534F4C31,7055,54121289,0,3000,2856,144,0.00000,3.71341
534F4C31,7056,54127817,0,2999,2859,140,0.00000,3.61026
534F4C31,7056,54131901,0,2999,2856,143,0.00000,3.68762
534F4C31,7056,54134129,0,3000,2857,143,0.00000,3.68762
534F4C31,7056,54136198,0,2994,2857,137,0.00000,3.53289
534F4C31,7056,54138336,0,3002,2857,145,0.00000,3.73919
534F4C31,7057,54141760,0,2999,2857,142,0.00000,3.66183
534F4C31,7058,54146867,0,2996,2859,137,0.00000,3.53289
534F4C31,7058,54149825,0,3000,2858,142,0.00000,3.66183
534F4C31,7058,54154852,0,2996,2855,141,0.00000,3.63604
534F4C31,7058,54157757,0,3000,2857,143,0.00000,3.68762
534F4C31,7058,54160806,0,2998,2858,140,0.00000,3.61026
534F4C31,7059,54163506,0,3004,2858,146,0.00000,3.76498
534F4C31,7059,54168451,0,2999,2859,140,0.00000,3.61026
534F4C31,7059,54170731,0,3003,2859,144,0.00000,3.71341
534F4C31,7060,54173660,0,2998,2857,141,0.00000,3.63604
534F4C31,7061,54179267,0,2995,2859,136,0.00000,3.50711
534F4C31,7061,54183556,0,2998,2859,139,0.00000,3.58447
534F4C31,7061,54187819,0,3000,2858,142,0.00000,3.66183
534F4C31,7061,54189907,0,2998,2860,138,0.00000,3.55868
534F4C31,7061,54191715,0,2994,2857,137,0.00000,3.53289
534F4C31,7061,54194852,0,2998,2858,140,0.00000,3.61026
534F4C31,7061,54197074,0,3001,2857,144,0.00000,3.71341
534F4C31,7061,54199141,0,2999,2859,140,0.00000,3.61026
534F4C31,7062,54202638,0,2998,2861,137,0.00000,3.53289
534F4C31,7062,54207149,0,2996,2859,137,0.00000,3.53289
534F4C31,7062,54210332,0,2991,2855,136,0.00000,3.50711
534F4C31,7063,54214147,0,2993,2858,135,0.00000,3.48132
534F4C31,7064,54218452,0,2995,2860,135,0.00000,3.48132
534F4C31,7064,54222386,0,2994,2857,137,0.00000,3.53289
534F4C31,7064,54224618,0,2999,2856,143,0.00000,3.68762
534F4C31,7064,54228648,0,3004,2859,145,0.00000,3.73919
534F4C31,7064,54231128,0,3001,2854,147,0.00000,3.79077
534F4C31,7064,54233336,0,2994,2859,135,0.00000,3.48132
534F4C31,7064,54236266,0,2990,2858,132,0.00000,3.40396
534F4C31,7064,54238601,0,3001,2859,142,0.00000,3.66183
534F4C31,7064,54240833,0,2998,2855,143,0.00000,3.68762
534F4C31,7064,54243056,0,2999,2859,140,0.00000,3.61026
534F4C31,7065,54246457,0,2998,2858,140,0.00000,3.61026
534F4C31,7066,54250389,0,2999,2856,143,0.00000,3.68762
534F4C31,7067,54256309,0,2997,2857,140,0.00000,3.61026
534F4C31,7067,54260547,0,3002,2858,144,0.00000,3.71341
534F4C31,7068,54263992,0,3007,2856,151,0.00000,3.89392
534F4C31,7069,54268282,0,3000,2856,144,0.00000,3.71341
534F4C31,7070,54271761,0,2996,2858,138,0.00000,3.55868
534F4C31,7071,54277159,0,2993,2855,138,0.00000,3.55868
534F4C31,7071,54282170,0,3006,2859,147,0.00000,3.79077
534F4C31,7072,54286400,0,2995,2857,138,0.00000,3.55868
534F4C31,7073,54290107,0,2997,2858,139,0.00000,3.58447
534F4C31,7074,54294720,0,3002,2859,143,0.00000,3.68762
534F4C31,7074,54300620,0,2992,2858,134,0.00000,3.45553
534F4C31,7074,54305796,0,3001,2854,147,0.00000,3.79077
534F4C31,7074,54308342,0,2996,2855,141,0.00000,3.63604
534F4C31,7074,54310486,0,2995,2857,138,0.00000,3.55868
534F4C31,7074,54312542,0,3003,2855,148,0.00000,3.81656
534F4C31,7074,54315409,0,3002,2857,145,0.00000,3.73919
534F4C31,7074,54317859,0,2998,2859,139,0.00000,3.58447
534F4C31,7074,54319904,0,2996,2858,138,0.00000,3.55868
534F4C31,7074,54322003,0,3000,2860,140,0.00000,3.61026
534F4C31,7074,54324168,0,3001,2859,142,0.00000,3.66183
534F4C31,7074,54326342,0,2999,2856,143,0.00000,3.68762
534F4C31,7074,54328557,0,2998,2858,140,0.00000,3.61026
534F4C31,7074,54330779,0,2999,2857,142,0.00000,3.66183
534F4C31,7074,54332860,0,3000,2859,141,0.00000,3.63604
534F4C31,7074,54334947,0,2991,2857,134,0.00000,3.45553
534F4C31,7074,54337188,0,2997,2856,141,0.00000,3.63604
534F4C31,7074,54339723,0,2996,2859,137,0.00000,3.53289
534F4C31,7075,54343053,0,2998,2858,140,0.00000,3.61026
534F4C31,7076,54347575,0,2998,2855,143,0.00000,3.68762
534F4C31,7077,54351413,0,2999,2858,141,0.00000,3.63604
534F4C31,7077,54357639,0,2998,2857,141,0.00000,3.63604
534F4C31,7077,54360652,0,3005,2856,149,0.00000,3.84234
534F4C31,7078,54363979,0,3000,2857,143,0.00000,3.68762
534F4C31,7078,54369025,0,3000,2856,144,0.00000,3.71341
534F4C31,7078,54371325,0,2996,2858,138,0.00000,3.55868
534F4C31,7079,54375234,0,3001,2858,143,0.00000,3.68762
534F4C31,7080,54380065,0,2999,2858,141,0.00000,3.63604
534F4C31,7080,54382299,0,2999,2861,138,0.00000,3.55868
534F4C31,7080,54387482,0,2992,2858,134,0.00000,3.45553
534F4C31,7080,54390217,0,3001,2859,142,0.00000,3.66183
534F4C31,7080,54392921,0,3006,2858,148,0.00000,3.81656
534F4C31,7080,54395647,0,2998,2857,141,0.00000,3.63604
534F4C31,7080,54398176,0,2996,2860,136,0.00000,3.50711
534F4C31,7080,54400312,0,3003,2856,147,0.00000,3.79077
534F4C31,7080,54402417,0,2995,2858,137,0.00000,3.53289
534F4C31,7080,54404541,0,2999,2858,141,0.00000,3.63604
534F4C31,7081,54406862,0,2991,2856,135,0.00000,3.48132
534F4C31,7082,54411209,0,3003,2858,145,0.00000,3.73919
534F4C31,7083,54415491,0,3003,2858,145,0.00000,3.73919
534F4C31,7083,54420997,0,3004,2858,146,0.00000,3.76498
534F4C31,7083,54423240,0,2997,2859,138,0.00000,3.55868
534F4C31,7084,54426798,0,2995,2856,139,0.00000,3.58447
534F4C31,7084,54430532,0,2993,2857,136,0.00000,3.50711
534F4C31,7084,54433635,0,3002,2858,144,0.00000,3.71341
534F4C31,7085,54436621,0,2996,2855,141,0.00000,3.63604
534F4C31,7086,54441895,0,3001,2858,143,0.00000,3.68762
534F4C31,7087,54445677,0,2999,2856,143,0.00000,3.68762
534F4C31,7088,54451685,0,2998,2858,140,0.00000,3.61026
534F4C31,7089,54457904,0,2995,2859,136,0.00000,3.50711
534F4C31,7089,54462086,0,2996,2856,140,0.00000,3.61026
534F4C31,7090,54465012,0,2999,2857,142,0.00000,3.66183
534F4C31,7090,54468836,0,2997,2858,139,0.00000,3.58447
534F4C31,7090,54472072,0,2997,2862,135,0.00000,3.48132
534F4C31,7090,54474189,0,3000,2858,142,0.00000,3.66183
534F4C31,7090,54477136,0,2995,2855,140,0.00000,3.61026
534F4C31,7090,54479727,0,2997,2856,141,0.00000,3.63604
534F4C31,7090,54481850,0,3004,2856,148,0.00000,3.81656
534F4C31,7090,54483960,0,3008,2855,153,0.00000,3.94549
534F4C31,7091,54486163,0,2996,2858,138,0.00000,3.55868
534F4C31,7092,54490341,0,3002,2857,145,0.00000,3.73919
534F4C31,7093,54494358,0,2998,2856,142,0.00000,3.66183
534F4C31,7093,54498421,0,2994,2857,137,0.00000,3.53289
534F4C31,7093,54502920,0,2988,2860,128,0.00000,3.30081
534F4C31,7093,54505199,0,2996,2856,140,0.00000,3.61026
534F4C31,7093,54507410,0,2996,2858,138,0.00000,3.55868
534F4C31,7093,54510182,0,2995,2859,136,0.00000,3.50711
534F4C31,7093,54512584,0,3001,2855,146,0.00000,3.76498
534F4C31,7093,54514782,0,2996,2860,136,0.00000,3.50711
534F4C31,7093,54516908,0,3002,2858,144,0.00000,3.71341
534F4C31,7093,54519040,0,2990,2858,132,0.00000,3.40396
534F4C31,7093,54521087,0,3001,2857,144,0.00000,3.71341
534F4C31,7093,54523239,0,2991,2858,133,0.00000,3.42974
534F4C31,7093,54526368,0,2994,2856,138,0.00000,3.55868
534F4C31,7094,54529719,0,2998,2860,138,0.00000,3.55868
534F4C31,7095,54534966,0,2998,2857,141,0.00000,3.63604
534F4C31,7096,54538856,0,2995,2858,137,0.00000,3.53289
534F4C31,7097,54544782,0,3001,2856,145,0.00000,3.73919
534F4C31,7097,54548008,0,2997,2853,144,0.00000,3.71341
534F4C31,7097,54553634,0,3002,2859,143,0.00000,3.68762
534F4C31,7097,54556342,0,2998,2855,143,0.00000,3.68762
534F4C31,7097,54558609,0,3004,2857,147,0.00000,3.79077
534F4C31,7097,54561605,0,2997,2857,140,0.00000,3.61026
534F4C31,7097,54563735,0,3002,2854,148,0.00000,3.81656
534F4C31,7097,54565802,0,2994,2858,136,0.00000,3.50711
534F4C31,7097,54568088,0,2997,2858,139,0.00000,3.58447
534F4C31,7097,54570640,0,2996,2858,138,0.00000,3.55868
534F4C31,7097,54573036,0,3000,2859,141,0.00000,3.63604
534F4C31,7098,54576399,0,2999,2859,140,0.00000,3.61026
534F4C31,7099,54580663,0,2995,2854,141,0.00000,3.63604
534F4C31,7100,54585932,0,3003,2859,144,0.00000,3.71341
534F4C31,7100,54590185,0,3000,2860,140,0.00000,3.61026
534F4C31,7100,54592632,0,2997,2858,139,0.00000,3.58447
534F4C31,7101,54595538,0,2994,2858,136,0.00000,3.50711
534F4C31,7101,54599907,0,3000,2856,144,0.00000,3.71341
534F4C31,7101,54602813,0,3000,2856,144,0.00000,3.71341
534F4C31,7102,54605889,0,2998,2859,139,0.00000,3.58447
534F4C31,7102,54610371,0,2993,2858,135,0.00000,3.48132
534F4C31,7102,54612781,0,2995,2856,139,0.00000,3.58447
534F4C31,7102,54615930,0,2996,2859,137,0.00000,3.53289
534F4C31,7102,54618324,0,2996,2860,136,0.00000,3.50711
534F4C31,7102,54620549,0,2998,2856,142,0.00000,3.66183
534F4C31,7102,54623023,0,2997,2858,139,0.00000,3.58447
534F4C31,7103,54626357,0,2995,2859,136,0.00000,3.50711
534F4C31,7104,54629935,0,2994,2856,138,0.00000,3.55868
534F4C31,7105,54634585,0,2998,2857,141,0.00000,3.63604
534F4C31,7106,54639313,0,3004,2858,146,0.00000,3.76498
534F4C31,7106,54644172,0,2994,2856,138,0.00000,3.55868
534F4C31,7106,54646536,0,2991,2859,132,0.00000,3.40396
534F4C31,7107,54650164,0,2996,2856,140,0.00000,3.61026
534F4C31,7108,54655309,0,2997,2859,138,0.00000,3.55868
534F4C31,7108,54659708,0,2997,2859,138,0.00000,3.55868
534F4C31,7108,54664042,0,2998,2856,142,0.00000,3.66183
534F4C31,7108,54666977,0,2993,2859,134,0.00000,3.45553
534F4C31,7108,54670017,0,2992,2853,139,0.00000,3.58447
534F4C31,7109,54672680,0,2998,2858,140,0.00000,3.61026
534F4C31,7110,54677229,0,2994,2857,137,0.00000,3.53289
534F4C31,7110,54681601,0,2996,2855,141,0.00000,3.63604
534F4C31,7111,54685423,0,3001,2854,147,0.00000,3.79077
534F4C31,7112,54688355,0,2997,2855,142,0.00000,3.66183
534F4C31,7112,54695072,0,2997,2854,143,0.00000,3.68762
534F4C31,7112,54698252,0,3001,2854,147,0.00000,3.79077
534F4C31,7113,54702753,0,2998,2852,146,0.00000,3.76498
534F4C31,7114,54705857,0,3002,2852,150,0.00000,3.86813
534F4C31,7115,54708681,0,2992,2854,138,0.00000,3.55868
534F4C31,7116,54714705,0,3002,2853,149,0.00000,3.84234
534F4C31,7117,54720338,0,2993,2849,144,0.00000,3.71341
534F4C31,7117,54725728,0,2993,2855,138,0.00000,3.55868
534F4C31,7117,54728186,0,2999,2854,145,0.00000,3.73919
534F4C31,7118,54732179,0,2996,2856,140,0.00000,3.61026
534F4C31,7119,54735783,0,2996,2857,139,0.00000,3.58447
534F4C31,7120,54741134,0,2996,2854,142,0.00000,3.66183
534F4C31,7120,54745081,0,2999,2855,144,0.00000,3.71341
534F4C31,7120,54748182,0,3004,2854,150,0.00000,3.86813
534F4C31,7121,54752263,0,3002,2852,150,0.00000,3.86813
534F4C31,7121,54756055,0,3004,2852,152,0.00000,3.91971
534F4C31,7121,54758612,0,3003,2850,153,0.00000,3.94549
534F4C31,7122,54761244,0,2997,2854,143,0.00000,3.68762
534F4C31,7122,54764651,0,3000,2853,147,0.00000,3.79077
534F4C31,7122,54767193,0,3004,2854,150,0.00000,3.86813
534F4C31,7122,54769308,0,2996,2853,143,0.00000,3.68762
534F4C31,7122,54771994,0,2996,2857,139,0.00000,3.58447
534F4C31,7122,54774597,0,3001,2855,146,0.00000,3.76498
534F4C31,7122,54776832,0,2998,2853,145,0.00000,3.73919
534F4C31,7122,54779032,0,2999,2852,147,0.00000,3.79077
534F4C31,7122,54781188,0,2997,2855,142,0.00000,3.66183
534F4C31,7122,54783323,0,2998,2854,144,0.00000,3.71341
534F4C31,7122,54785390,0,3000,2855,145,0.00000,3.73919
534F4C31,7122,54787482,0,3000,2854,146,0.00000,3.76498
534F4C31,7122,54789770,0,3005,2852,153,0.00000,3.94549
534F4C31,7122,54791918,0,3004,2851,153,0.00000,3.94549
534F4C31,7122,54793991,0,3004,2850,154,0.00000,3.97128
534F4C31,7122,54796185,0,2994,2855,139,0.00000,3.58447
534F4C31,7122,54798344,0,3003,2856,147,0.00000,3.79077
534F4C31,7122,54800485,0,2997,2855,142,0.00000,3.66183
534F4C31,7122,54802646,0,2994,2855,139,0.00000,3.58447
534F4C31,7123,54804698,0,2997,2851,146,0.00000,3.76498
534F4C31,7124,54808343,0,2997,2855,142,0.00000,3.66183
534F4C31,7125,54812060,0,3001,2855,146,0.00000,3.76498
534F4C31,7126,54816444,0,2994,2853,141,0.00000,3.63604
534F4C31,7127,54820447,0,2997,2853,144,0.00000,3.71341
534F4C31,7128,54825327,0,3000,2853,147,0.00000,3.79077
534F4C31,7129,54828896,0,3003,2855,148,0.00000,3.81656
534F4C31,7130,54833445,0,2999,2852,147,0.00000,3.79077
534F4C31,7131,54836650,0,2994,2852,142,0.00000,3.66183
534F4C31,7132,54841449,0,2999,2855,144,0.00000,3.71341
534F4C31,7133,54845430,0,3005,2855,150,0.00000,3.86813
534F4C31,7134,54849799,0,2999,2852,147,0.00000,3.79077
534F4C31,7135,54854216,0,3002,2852,150,0.00000,3.86813
534F4C31,7136,54857512,0,2992,2852,140,0.00000,3.61026
534F4C31,7137,54861390,0,2996,2855,141,0.00000,3.63604
534F4C31,7138,54865330,0,3004,2855,149,0.00000,3.84234
534F4C31,7139,54871005,0,2998,2854,144,0.00000,3.71341
534F4C31,7140,54875516,0,2999,2858,141,0.00000,3.63604
534F4C31,7126,54816444,0,2994,2853,141,0.00000,3.63604
534F4C31,7141,54881803,0,2993,2853,140,0.00000,3.61026
534F4C31,7142,54886236,0,2998,2854,144,0.00000,3.71341
534F4C31,7142,54891359,0,2995,2854,141,0.00000,3.63604
534F4C31,7142,54894484,0,3002,2855,147,0.00000,3.79077
534F4C31,7143,54901025,0,2990,2851,139,0.00000,3.58447
534F4C31,7126,54816444,0,2994,2853,141,0.00000,3.63604
534F4C31,7144,54906523,0,3001,2856,145,0.00000,3.73919
534F4C31,7126,54816444,0,2994,2853,141,0.00000,3.63604
534F4C31,7145,54914210,0,2996,2855,141,0.00000,3.63604
534F4C31,7145,54919092,0,2993,2852,141,0.00000,3.63604
534F4C31,7145,54921731,0,2996,2853,143,0.00000,3.68762
534F4C31,7145,54923988,0,3000,2854,146,0.00000,3.76498
534F4C31,7146,54927833,0,2999,2853,146,0.00000,3.76498
534F4C31,7146,54932546,0,2997,2853,144,0.00000,3.71341
534F4C31,7146,54935553,0,2991,2855,136,0.00000,3.50711
534F4C31,7146,54938852,0,2999,2857,142,0.00000,3.66183
534F4C31,7126,54816444,0,2994,2853,141,0.00000,3.63604
534F4C31,7126,54816444,0,2994,2853,141,0.00000,3.63604
534F4C31,7147,54941707,0,2997,2853,144,0.00000,3.71341
534F4C31,7126,54816444,0,2994,2853,141,0.00000,3.63604
534F4C31,7126,54816444,0,2994,2853,141,0.00000,3.63604
534F4C31,7126,54816444,0,2994,2853,141,0.00000,3.63604
534F4C31,7126,54816444,0,2994,2853,141,0.00000,3.63604
534F4C31,7126,54816444,0,2994,2853,141,0.00000,3.63604
534F4C31,7148,54945431,0,3000,2856,144,0.00000,3.71341
534F4C31,7148,54950921,0,2995,2855,140,0.00000,3.61026
534F4C31,7148,54953099,0,2999,2855,144,0.00000,3.71341
534F4C31,7148,54955538,0,2999,2854,145,0.00000,3.73919
534F4C31,7148,54960154,0,2993,2854,139,0.00000,3.58447
534F4C31,7148,54962396,0,3000,2853,147,0.00000,3.79077
534F4C31,7149,54964755,0,2998,2854,144,0.00000,3.71341
534F4C31,7149,54969209,0,2998,2854,144,0.00000,3.71341
534F4C31,7149,54971975,0,3004,2853,151,0.00000,3.89392
534F4C31,7149,54975282,0,3000,2853,147,0.00000,3.79077
534F4C31,7149,54978939,0,3002,2855,147,0.00000,3.79077
534F4C31,7149,54981508,0,2998,2855,143,0.00000,3.68762
534F4C31,7149,54983546,0,2998,2855,143,0.00000,3.68762
534F4C31,7149,54985806,0,3003,2854,149,0.00000,3.84234
534F4C31,7149,54990090,0,3007,2851,156,0.00000,4.02286
534F4C31,7149,54992493,0,2992,2854,138,0.00000,3.55868
534F4C31,7149,54994691,0,2994,2854,140,0.00000,3.61026
534F4C31,7149,54997338,0,2993,2853,140,0.00000,3.61026
534F4C31,7149,54999976,0,2998,2854,144,0.00000,3.71341
534F4C31,7149,55002144,0,2994,2854,140,0.00000,3.61026
534F4C31,7149,55004275,0,2993,2854,139,0.00000,3.58447
534F4C31,7149,55006458,0,3001,2855,146,0.00000,3.76498
534F4C31,7149,55008599,0,2996,2855,141,0.00000,3.63604
534F4C31,7149,55010798,0,2999,2854,145,0.00000,3.73919
534F4C31,7149,55013018,0,2997,2853,144,0.00000,3.71341
534F4C31,7149,55015196,0,2999,2855,144,0.00000,3.71341
534F4C31,7149,55017380,0,3000,2854,146,0.00000,3.76498
534F4C31,7149,55019439,0,3000,2851,149,0.00000,3.84234
534F4C31,7149,55021517,0,2992,2854,138,0.00000,3.55868
534F4C31,7149,55023510,0,3005,2854,151,0.00000,3.89392
534F4C31,7149,55025660,0,3000,2852,148,0.00000,3.81656
534F4C31,7149,55027761,0,2996,2852,144,0.00000,3.71341
534F4C31,7149,55029945,0,2998,2855,143,0.00000,3.68762
534F4C31,7149,55032097,0,2995,2855,140,0.00000,3.61026
534F4C31,7149,55034146,0,2995,2855,140,0.00000,3.61026
534F4C31,7149,55036167,0,2994,2855,139,0.00000,3.58447
534F4C31,7149,55038287,0,3005,2849,156,0.00000,4.02286
534F4C31,7149,55040440,0,2998,2853,145,0.00000,3.73919
534F4C31,7150,55042624,0,2995,2852,143,0.00000,3.68762
534F4C31,7150,55046066,0,3000,2849,151,0.00000,3.89392
534F4C31,7150,55048507,0,2998,2854,144,0.00000,3.71341
534F4C31,7151,55050721,0,2995,2851,144,0.00000,3.71341
534F4C31,7151,55053504,0,2997,2852,145,0.00000,3.73919
534F4C31,7151,55057363,0,3002,2857,145,0.00000,3.73919
534F4C31,7151,55059679,0,2995,2855,140,0.00000,3.61026
534F4C31,7151,55062980,0,3001,2850,151,0.00000,3.89392
534F4C31,7151,55066317,0,2999,2852,147,0.00000,3.79077
534F4C31,7151,55069652,0,3002,2855,147,0.00000,3.79077
534F4C31,7152,55072975,0,3004,2855,149,0.00000,3.84234
534F4C31,7152,55076323,0,2995,2853,142,0.00000,3.66183
534F4C31,7152,55079651,0,2999,2852,147,0.00000,3.79077
534F4C31,7152,55083288,0,3000,2855,145,0.00000,3.73919
534F4C31,7152,55086316,0,2993,2855,138,0.00000,3.55868
534F4C31,7153,55089657,0,3003,2854,149,0.00000,3.84234
534F4C31,7153,55092999,0,3005,2852,153,0.00000,3.94549
534F4C31,7153,55096308,0,3001,2854,147,0.00000,3.79077
534F4C31,7153,55099647,0,3002,2852,150,0.00000,3.86813
534F4C31,7153,55102976,0,2996,2852,144,0.00000,3.71341
534F4C31,7153,55106312,0,2998,2854,144,0.00000,3.71341
534F4C31,7153,55109644,0,2997,2851,146,0.00000,3.76498
534F4C31,7153,55112974,0,2996,2849,147,0.00000,3.79077
534F4C31,7153,55116308,0,2992,2849,143,0.00000,3.68762
534F4C31,7153,55119642,0,2999,2851,148,0.00000,3.81656
534F4C31,7153,55122975,0,2992,2851,141,0.00000,3.63604
534F4C31,7153,55126308,0,2998,2856,142,0.00000,3.66183
534F4C31,7154,55129682,0,2992,2856,136,0.00000,3.50711
534F4C31,7154,55133240,0,3001,2853,148,0.00000,3.81656
534F4C31,7154,55136332,0,2999,2851,148,0.00000,3.81656
534F4C31,7155,55139666,0,2996,2856,140,0.00000,3.61026
534F4C31,7156,55143317,0,2999,2853,146,0.00000,3.76498
534F4C31,7157,55147720,0,3002,2852,150,0.00000,3.86813
534F4C31,7158,55154355,0,3003,2852,151,0.00000,3.89392
534F4C31,7158,55158271,0,2999,2854,145,0.00000,3.73919
534F4C31,7158,55163586,0,2999,2853,146,0.00000,3.76498
534F4C31,7158,55165812,0,3001,2854,147,0.00000,3.79077
534F4C31,7158,55167868,0,2996,2854,142,0.00000,3.66183
534F4C31,7159,55170709,0,2995,2853,142,0.00000,3.66183
534F4C31,7160,55175954,0,2997,2855,142,0.00000,3.66183
534F4C31,7161,55184985,0,3002,2856,146,0.00000,3.76498
534F4C31,7162,55188716,0,3000,2853,147,0.00000,3.79077
534F4C31,7163,55194853,0,2995,2854,141,0.00000,3.63604
534F4C31,7163,55197926,0,3004,2856,148,0.00000,3.81656
534F4C31,7163,55202518,0,2993,2857,136,0.00000,3.50711
534F4C31,7164,55205413,0,2994,2853,141,0.00000,3.63604
534F4C31,7165,55210376,0,2997,2855,142,0.00000,3.66183
534F4C31,7166,55215393,0,2995,2855,140,0.00000,3.61026
534F4C31,7166,55220473,0,2995,2854,141,0.00000,3.63604
534F4C31,7166,55222753,0,2995,2855,140,0.00000,3.61026
534F4C31,7166,55224797,0,3004,2851,153,0.00000,3.94549
534F4C31,7166,55228171,0,2997,2853,144,0.00000,3.71341
534F4C31,7166,55230353,0,2989,2854,135,0.00000,3.48132
534F4C31,7166,55232441,0,2998,2854,144,0.00000,3.71341
534F4C31,7166,55234507,0,2994,2853,141,0.00000,3.63604
534F4C31,7166,55236540,0,3003,2853,150,0.00000,3.86813
534F4C31,7166,55238538,0,3002,2855,147,0.00000,3.79077
534F4C31,7166,55240693,0,2996,2855,141,0.00000,3.63604
534F4C31,7166,55242865,0,3005,2851,154,0.00000,3.97128
534F4C31,7166,55245099,0,3003,2850,153,0.00000,3.94549
534F4C31,7166,55247293,0,2998,2854,144,0.00000,3.71341
534F4C31,7166,55249484,0,2998,2855,143,0.00000,3.68762
534F4C31,7166,55251579,0,2998,2852,146,0.00000,3.76498
534F4C31,7166,55253662,0,3001,2853,148,0.00000,3.81656
534F4C31,7166,55255906,0,2996,2853,143,0.00000,3.68762
534F4C31,7166,55258050,0,2996,2853,143,0.00000,3.68762
534F4C31,7166,55260081,0,3004,2854,150,0.00000,3.86813
534F4C31,7166,55262961,0,2998,2852,146,0.00000,3.76498
534F4C31,7166,55266291,0,3001,2852,149,0.00000,3.84234
534F4C31,7166,55269634,0,3007,2852,155,0.00000,3.99707
534F4C31,7167,55272959,0,2998,2853,145,0.00000,3.73919
534F4C31,7167,55276923,0,2996,2850,146,0.00000,3.76498
534F4C31,7167,55280075,0,3003,2855,148,0.00000,3.81656
534F4C31,7167,55282971,0,3003,2853,150,0.00000,3.86813
534F4C31,7167,55286626,0,2997,2854,143,0.00000,3.68762
534F4C31,7168,55289625,0,3002,2853,149,0.00000,3.84234
534F4C31,7168,55293625,0,2998,2852,146,0.00000,3.76498
534F4C31,7168,55296291,0,2995,2853,142,0.00000,3.66183
534F4C31,7168,55299621,0,3006,2852,154,0.00000,3.97128
534F4C31,7169,55303103,0,2995,2854,141,0.00000,3.63604
534F4C31,7170,55307594,0,3000,2854,146,0.00000,3.76498
534F4C31,7170,55311395,0,2994,2854,140,0.00000,3.61026
534F4C31,7170,55316391,0,3005,2856,149,0.00000,3.84234
534F4C31,7171,55319501,0,2993,2853,140,0.00000,3.61026
534F4C31,7171,55323172,0,3004,2848,156,0.00000,4.02286
534F4C31,7172,55327532,0,2993,2851,142,0.00000,3.66183
534F4C31,7172,55331353,0,2992,2850,142,0.00000,3.66183
534F4C31,7173,55334606,0,2997,2846,151,0.00000,3.89392
534F4C31,7174,55339947,0,2999,2851,148,0.00000,3.81656
534F4C31,7174,55344696,0,2995,2848,147,0.00000,3.79077
534F4C31,7174,55348096,0,2996,2850,146,0.00000,3.76498
534F4C31,7174,55350322,0,2997,2850,147,0.00000,3.79077
534F4C31,7174,55353569,0,2999,2850,149,0.00000,3.84234
534F4C31,7175,55355720,0,2995,2848,147,0.00000,3.79077
534F4C31,7175,55360409,0,3000,2849,151,0.00000,3.89392
534F4C31,7175,55362674,0,2999,2848,151,0.00000,3.89392
534F4C31,7175,55364779,0,2999,2848,151,0.00000,3.89392
534F4C31,7175,55367815,0,2997,2846,151,0.00000,3.89392
534F4C31,7175,55370213,0,3001,2850,151,0.00000,3.89392
534F4C31,7175,55372347,0,2998,2848,150,0.00000,3.86813
534F4C31,7175,55374412,0,3005,2849,156,0.00000,4.02286
534F4C31,7175,55376652,0,3002,2849,153,0.00000,3.94549
534F4C31,7175,55379619,0,3001,2849,152,0.00000,3.91971
534F4C31,7175,55382955,0,2999,2851,148,0.00000,3.81656
534F4C31,7175,55386283,0,2992,2849,143,0.00000,3.68762
534F4C31,7175,55389614,0,2993,2848,145,0.00000,3.73919
534F4C31,7176,55392944,0,2998,2848,150,0.00000,3.86813
534F4C31,7177,55396727,0,2995,2849,146,0.00000,3.76498
534F4C31,7178,55399908,0,3001,2851,150,0.00000,3.86813
534F4C31,7178,55404137,0,2997,2849,148,0.00000,3.81656
534F4C31,7178,55407358,0,2998,2852,146,0.00000,3.76498
534F4C31,7178,55411683,0,2999,2848,151,0.00000,3.89392
534F4C31,7178,55413846,0,2994,2844,150,0.00000,3.86813
534F4C31,7179,55416773,0,3001,2848,153,0.00000,3.94549
534F4C31,7180,55420722,0,3001,2850,151,0.00000,3.89392
534F4C31,7181,55424959,0,3003,2848,155,0.00000,3.99707
534F4C31,7182,55429602,0,3000,2847,153,0.00000,3.94549
534F4C31,7182,55435390,0,2999,2850,149,0.00000,3.84234
534F4C31,7182,55437793,0,2997,2847,150,0.00000,3.86813
534F4C31,7182,55440893,0,3001,2849,152,0.00000,3.91971
534F4C31,7182,55443066,0,2993,2849,144,0.00000,3.71341
534F4C31,7182,55445174,0,2997,2850,147,0.00000,3.79077
534F4C31,7182,55447485,0,2995,2847,148,0.00000,3.81656
534F4C31,7182,55449686,0,2997,2850,147,0.00000,3.79077
534F4C31,7182,55452967,0,2994,2849,145,0.00000,3.73919
534F4C31,7182,55456288,0,2993,2848,145,0.00000,3.73919
534F4C31,7183,55459609,0,2994,2849,145,0.00000,3.73919
534F4C31,7183,55463776,0,3001,2848,153,0.00000,3.94549
534F4C31,7183,55466969,0,3005,2849,156,0.00000,4.02286
534F4C31,7183,55469619,0,2998,2850,148,0.00000,3.81656
534F4C31,7183,55473288,0,2997,2851,146,0.00000,3.76498
534F4C31,7183,55476275,0,2993,2847,146,0.00000,3.76498
534F4C31,7183,55479605,0,2993,2849,144,0.00000,3.71341
534F4C31,7184,55482945,0,2998,2845,153,0.00000,3.94549
534F4C31,7185,55487264,0,3003,2853,150,0.00000,3.86813
534F4C31,7186,55491647,0,2995,2848,147,0.00000,3.79077
534F4C31,7186,55497151,0,2998,2847,151,0.00000,3.89392
534F4C31,7186,55499378,0,2996,2851,145,0.00000,3.73919
534F4C31,7187,55502677,0,2997,2852,145,0.00000,3.73919
534F4C31,7188,55507615,0,2997,2847,150,0.00000,3.86813
534F4C31,7189,55512284,0,3004,2852,152,0.00000,3.91971
534F4C31,7190,55517152,0,2995,2850,145,0.00000,3.73919
534F4C31,7190,55523926,0,2995,2853,142,0.00000,3.66183
534F4C31,7191,55527088,0,2996,2850,146,0.00000,3.76498
534F4C31,7192,55531090,0,3001,2846,155,0.00000,3.99707
534F4C31,7192,55536328,0,2994,2847,147,0.00000,3.79077
534F4C31,7192,55538601,0,2995,2848,147,0.00000,3.79077
534F4C31,7192,55540759,0,3001,2852,149,0.00000,3.84234
534F4C31,7192,55544592,0,3001,2848,153,0.00000,3.94549
534F4C31,7192,55547334,0,2996,2847,149,0.00000,3.84234
534F4C31,7192,55549379,0,2999,2848,151,0.00000,3.89392
534F4C31,7192,55552051,0,2998,2850,148,0.00000,3.81656
534F4C31,7193,55554675,0,3005,2851,154,0.00000,3.97128
534F4C31,7194,55558665,0,2998,2852,146,0.00000,3.76498
534F4C31,7194,55563474,0,2999,2846,153,0.00000,3.94549
534F4C31,7195,55567591,0,2999,2849,150,0.00000,3.86813
534F4C31,7196,55572959,0,2994,2849,145,0.00000,3.73919
534F4C31,7197,55576817,0,2996,2850,146,0.00000,3.76498
534F4C31,7198,55582686,0,3008,2849,159,0.00000,4.10022
534F4C31,7198,55587096,0,2996,2850,146,0.00000,3.76498
534F4C31,7198,55590669,0,2989,2850,139,0.00000,3.58447
534F4C31,7198,55593738,0,3003,2848,155,0.00000,3.99707
534F4C31,7198,55597147,0,2998,2848,150,0.00000,3.86813
534F4C31,7198,55599300,0,3000,2848,152,0.00000,3.91971
534F4C31,7198,55601388,0,3000,2848,152,0.00000,3.91971
534F4C31,7198,55603609,0,2996,2851,145,0.00000,3.73919
534F4C31,7198,55605915,0,3003,2847,156,0.00000,4.02286
534F4C31,7198,55608010,0,2991,2850,141,0.00000,3.63604
534F4C31,7198,55610085,0,2992,2851,141,0.00000,3.63604
534F4C31,7198,55612216,0,2996,2847,149,0.00000,3.84234
534F4C31,7198,55614419,0,3001,2849,152,0.00000,3.91971
534F4C31,7198,55616598,0,3007,2848,159,0.00000,4.10022
534F4C31,7198,55618727,0,2998,2850,148,0.00000,3.81656
534F4C31,7198,55620848,0,3005,2848,157,0.00000,4.04864
534F4C31,7199,55623134,0,3007,2849,158,0.00000,4.07443
534F4C31,7200,55627799,0,2997,2848,149,0.00000,3.84234
534F4C31,7200,55632257,0,2996,2846,150,0.00000,3.86813
534F4C31,7200,55637344,0,3003,2846,157,0.00000,4.04864
534F4C31,7200,55639634,0,2998,2849,149,0.00000,3.84234
534F4C31,7200,55641785,0,3001,2854,147,0.00000,3.79077
534F4C31,7200,55644534,0,2989,2851,138,0.00000,3.55868
534F4C31,7200,55646854,0,2996,2851,145,0.00000,3.73919
534F4C31,7200,55649151,0,3000,2849,151,0.00000,3.89392
534F4C31,7200,55651362,0,2992,2848,144,0.00000,3.71341
534F4C31,7201,55653443,0,2995,2848,147,0.00000,3.79077
534F4C31,7202,55657125,0,2999,2851,148,0.00000,3.81656
534F4C31,7203,55660977,0,2999,2847,152,0.00000,3.91971
534F4C31,7204,55666978,0,2994,2848,146,0.00000,3.76498
534F4C31,7205,55670415,0,3002,2850,152,0.00000,3.91971
534F4C31,7205,55677525,0,2996,2851,145,0.00000,3.73919
534F4C31,7205,55679968,0,2989,2847,142,0.00000,3.66183
534F4C31,7205,55682736,0,2995,2849,146,0.00000,3.76498
534F4C31,7205,55685256,0,2999,2848,151,0.00000,3.89392
534F4C31,7205,55687529,0,2999,2848,151,0.00000,3.89392
534F4C31,7205,55689747,0,3000,2848,152,0.00000,3.91971
534F4C31,7205,55691813,0,2999,2849,150,0.00000,3.86813
534F4C31,7205,55693949,0,2998,2849,149,0.00000,3.84234
534F4C31,7206,55696402,0,2996,2849,147,0.00000,3.79077
534F4C31,7207,55699593,0,3001,2851,150,0.00000,3.86813
534F4C31,7208,55705496,0,2993,2847,146,0.00000,3.76498
534F4C31,7209,55710149,0,3003,2851,152,0.00000,3.91971
534F4C31,7209,55715983,0,2991,2850,141,0.00000,3.63604
534F4C31,7209,55719176,0,2998,2851,147,0.00000,3.79077
534F4C31,7209,55721421,0,2997,2845,152,0.00000,3.91971
534F4C31,7209,55723532,0,3004,2848,156,0.00000,4.02286
534F4C31,7209,55725573,0,2994,2849,145,0.00000,3.73919
534F4C31,7209,55727977,0,2999,2846,153,0.00000,3.94549
534F4C31,7210,55730329,0,2998,2849,149,0.00000,3.84234
534F4C31,7210,55734300,0,2996,2848,148,0.00000,3.81656
534F4C31,7211,55737474,0,2999,2851,148,0.00000,3.81656
534F4C31,7212,55743664,0,2997,2849,148,0.00000,3.81656
534F4C31,7212,55745887,0,2998,2846,152,0.00000,3.91971
534F4C31,7212,55751951,0,3000,2849,151,0.00000,3.89392
534F4C31,7212,55754187,0,3000,2848,152,0.00000,3.91971
534F4C31,7212,55756383,0,2992,2848,144,0.00000,3.71341
534F4C31,7213,55759566,0,3001,2853,148,0.00000,3.81656
534F4C31,7214,55764426,0,3000,2848,152,0.00000,3.91971
534F4C31,7215,55768023,0,3003,2851,152,0.00000,3.91971
534F4C31,7215,55774096,0,2993,2848,145,0.00000,3.73919
534F4C31,7215,55776269,0,2997,2845,152,0.00000,3.91971
534F4C31,7215,55778430,0,2996,2847,149,0.00000,3.84234
534F4C31,7215,55781710,0,3003,2848,155,0.00000,3.99707
534F4C31,7215,55783916,0,2999,2852,147,0.00000,3.79077
534F4C31,7215,55786068,0,3001,2851,150,0.00000,3.86813
534F4C31,7216,55788288,0,2993,2853,140,0.00000,3.61026
534F4C31,7216,55792403,0,2991,2851,140,0.00000,3.61026
534F4C31,7216,55795235,0,2997,2850,147,0.00000,3.79077
534F4C31,7216,55797512,0,3004,2852,152,0.00000,3.91971
534F4C31,7216,55801341,0,3000,2851,149,0.00000,3.84234
534F4C31,7216,55803390,0,3001,2852,149,0.00000,3.84234
534F4C31,7216,55806240,0,2994,2848,146,0.00000,3.76498
534F4C31,7216,55809573,0,3003,2853,150,0.00000,3.86813
534F4C31,7216,55812899,0,2998,2848,150,0.00000,3.86813
534F4C31,7216,55816241,0,3004,2853,151,0.00000,3.89392
534F4C31,7217,55819594,0,2993,2849,144,0.00000,3.71341
534F4C31,7218,55823074,0,2998,2851,147,0.00000,3.79077
534F4C31,7219,55829043,0,2992,2854,138,0.00000,3.55868
534F4C31,7219,55832767,0,2999,2849,150,0.00000,3.86813
534F4C31,7219,55835838,0,2998,2849,149,0.00000,3.84234
534F4C31,7219,55837991,0,2999,2850,149,0.00000,3.84234
534F4C31,7219,55840890,0,2999,2850,149,0.00000,3.84234
534F4C31,7220,55843037,0,2995,2846,149,0.00000,3.84234
534F4C31,7221,55847596,0,2991,2851,140,0.00000,3.61026
534F4C31,7222,55851284,0,3000,2847,153,0.00000,3.94549
534F4C31,7223,55857486,0,2994,2848,146,0.00000,3.76498
534F4C31,7223,55860424,0,2997,2850,147,0.00000,3.79077
534F4C31,7223,55865060,0,2997,2854,143,0.00000,3.68762
534F4C31,7223,55867839,0,2994,2846,148,0.00000,3.81656
534F4C31,7223,55871306,0,3002,2847,155,0.00000,3.99707
534F4C31,7223,55873528,0,3001,2848,153,0.00000,3.94549
534F4C31,7223,55876224,0,2995,2848,147,0.00000,3.79077
534F4C31,7224,55878807,0,2999,2845,154,0.00000,3.97128
534F4C31,7225,55883371,0,2998,2847,151,0.00000,3.89392
534F4C31,7226,55887276,0,3004,2851,153,0.00000,3.94549
534F4C31,7226,55891321,0,3001,2850,151,0.00000,3.89392
534F4C31,7226,55894579,0,2996,2849,147,0.00000,3.79077
534F4C31,7226,55896627,0,2998,2848,150,0.00000,3.86813
534F4C31,7226,55899318,0,2996,2851,145,0.00000,3.73919
534F4C31,7226,55902163,0,3002,2848,154,0.00000,3.97128
534F4C31,7226,55904544,0,2999,2854,145,0.00000,3.73919
534F4C31,7226,55908291,0,2996,2849,147,0.00000,3.79077
534F4C31,7226,55910375,0,3004,2852,152,0.00000,3.91971
534F4C31,7227,55912917,0,3002,2850,152,0.00000,3.91971
534F4C31,7228,55917817,0,2999,2849,150,0.00000,3.86813
534F4C31,7229,55921515,0,3003,2849,154,0.00000,3.97128
534F4C31,7230,55927845,0,3004,2848,156,0.00000,4.02286
534F4C31,7230,55931596,0,2993,2849,144,0.00000,3.71341
534F4C31,7230,55935504,0,2997,2849,148,0.00000,3.81656
534F4C31,7231,55938483,0,2990,2848,142,0.00000,3.66183
534F4C31,7232,55943312,0,3002,2850,152,0.00000,3.91971
534F4C31,7233,55947933,0,3001,2851,150,0.00000,3.86813
534F4C31,7233,55953246,0,2992,2851,141,0.00000,3.63604
534F4C31,7233,55955759,0,2999,2850,149,0.00000,3.84234
534F4C31,7234,55958835,0,3003,2848,155,0.00000,3.99707
534F4C31,7234,55963635,0,2998,2851,147,0.00000,3.79077
534F4C31,7234,55966475,0,2998,2849,149,0.00000,3.84234
534F4C31,7234,55969447,0,3002,2852,150,0.00000,3.86813
534F4C31,7234,55971786,0,2989,2850,139,0.00000,3.58447
534F4C31,7234,55973833,0,3001,2844,157,0.00000,4.04864
534F4C31,7234,55975896,0,2999,2845,154,0.00000,3.97128
534F4C31,7234,55977935,0,3000,2847,153,0.00000,3.94549
534F4C31,7234,55980211,0,3002,2845,157,0.00000,4.04864
534F4C31,7234,55982452,0,2994,2845,149,0.00000,3.84234
534F4C31,7234,55984640,0,2994,2846,148,0.00000,3.81656
534F4C31,7235,55987573,0,2993,2847,146,0.00000,3.76498
534F4C31,7236,55990954,0,3000,2846,154,0.00000,3.97128
534F4C31,7237,55994627,0,2998,2844,154,0.00000,3.97128
534F4C31,7238,56000493,0,3003,2846,157,0.00000,4.04864
534F4C31,7238,56006223,0,3000,2843,157,0.00000,4.04864
534F4C31,7238,56008591,0,2992,2848,144,0.00000,3.71341
534F4C31,7238,56012800,0,2998,2846,152,0.00000,3.91971
534F4C31,7238,56015629,0,3000,2846,154,0.00000,3.97128
534F4C31,7238,56017664,0,2994,2843,151,0.00000,3.89392
534F4C31,7238,56019898,0,2994,2846,148,0.00000,3.81656
534F4C31,7239,56023045,0,2993,2845,148,0.00000,3.81656
534F4C31,7239,56026062,0,2994,2848,146,0.00000,3.76498
534F4C31,7239,56029532,0,2995,2843,152,0.00000,3.91971
534F4C31,7239,56031726,0,2999,2846,153,0.00000,3.94549
534F4C31,7239,56033854,0,2994,2844,150,0.00000,3.86813
534F4C31,7239,56037024,0,2995,2842,153,0.00000,3.94549
534F4C31,7239,56039550,0,2994,2846,148,0.00000,3.81656
534F4C31,7239,56042882,0,3000,2844,156,0.00000,4.02286
534F4C31,7239,56046216,0,2996,2846,150,0.00000,3.86813
534F4C31,7240,56049589,0,2995,2845,150,0.00000,3.86813
534F4C31,7241,56053033,0,2998,2847,151,0.00000,3.89392
534F4C31,7242,56056767,0,2998,2847,151,0.00000,3.89392
534F4C31,7243,56063365,0,3001,2844,157,0.00000,4.04864
534F4C31,7243,56066662,0,2997,2845,152,0.00000,3.91971
534F4C31,7243,56069143,0,2996,2844,152,0.00000,3.91971
534F4C31,7244,56072175,0,3004,2843,161,0.00000,4.15179
534F4C31,7244,56077494,0,3002,2845,157,0.00000,4.04864
534F4C31,7244,56079710,0,2995,2844,151,0.00000,3.89392
534F4C31,7245,56082882,0,2998,2847,151,0.00000,3.89392
534F4C31,7246,56087215,0,3002,2845,157,0.00000,4.04864
534F4C31,7247,56091173,0,2993,2844,149,0.00000,3.84234
534F4C31,7248,56097641,0,2996,2847,149,0.00000,3.84234
534F4C31,7248,56101027,0,2996,2845,151,0.00000,3.89392
534F4C31,7249,56104774,0,2994,2845,149,0.00000,3.84234
534F4C31,7249,56108420,0,2994,2846,148,0.00000,3.81656
534F4C31,7249,56111863,0,2999,2847,152,0.00000,3.91971
534F4C31,7249,56116898,0,2998,2844,154,0.00000,3.97128
534F4C31,7249,56119101,0,3004,2848,156,0.00000,4.02286
534F4C31,7249,56121216,0,3002,2846,156,0.00000,4.02286
534F4C31,7249,56124195,0,2995,2846,149,0.00000,3.84234
534F4C31,7249,56126437,0,3004,2843,161,0.00000,4.15179
534F4C31,7249,56128540,0,3001,2843,158,0.00000,4.07443
534F4C31,7249,56130771,0,2995,2845,150,0.00000,3.86813
534F4C31,7249,56133032,0,2995,2843,152,0.00000,3.91971
534F4C31,7249,56135237,0,3002,2847,155,0.00000,3.99707
534F4C31,7249,56137250,0,2991,2843,148,0.00000,3.81656
534F4C31,7249,56139553,0,2997,2847,150,0.00000,3.86813
534F4C31,7249,56142880,0,2991,2845,146,0.00000,3.76498
534F4C31,7250,56146212,0,2998,2844,154,0.00000,3.97128
534F4C31,7251,56149609,0,2998,2844,154,0.00000,3.97128
534F4C31,7252,56153464,0,2997,2847,150,0.00000,3.86813
534F4C31,7252,56158505,0,2992,2843,149,0.00000,3.84234
534F4C31,7252,56162259,0,2995,2844,151,0.00000,3.89392
534F4C31,7252,56164882,0,2994,2845,149,0.00000,3.84234
534F4C31,7253,56167630,0,3000,2847,153,0.00000,3.94549
534F4C31,7253,56172297,0,2997,2846,151,0.00000,3.89392
534F4C31,7253,56176087,0,2997,2847,150,0.00000,3.86813
534F4C31,7254,56178517,0,3000,2846,154,0.00000,3.97128
534F4C31,7255,56183272,0,2994,2844,150,0.00000,3.86813
534F4C31,7255,56185597,0,2996,2845,151,0.00000,3.89392
534F4C31,7255,56190634,0,2997,2845,152,0.00000,3.91971
534F4C31,7255,56192985,0,2993,2847,146,0.00000,3.76498
534F4C31,7255,56195223,0,3000,2846,154,0.00000,3.97128
534F4C31,7255,56197953,0,3001,2847,154,0.00000,3.97128
534F4C31,7255,56200408,0,2998,2842,156,0.00000,4.02286
534F4C31,7255,56202887,0,2995,2847,148,0.00000,3.81656
534F4C31,7255,56206748,0,2998,2847,151,0.00000,3.89392
534F4C31,7256,56209539,0,3001,2847,154,0.00000,3.97128
534F4C31,7257,56214562,0,2996,2845,151,0.00000,3.89392
534F4C31,7257,56218074,0,2999,2849,150,0.00000,3.86813
534F4C31,7257,56222819,0,2999,2848,151,0.00000,3.89392
534F4C31,7258,56226120,0,2992,2845,147,0.00000,3.79077
534F4C31,7259,56230264,0,2997,2844,153,0.00000,3.94549
534F4C31,7259,56235271,0,2993,2849,144,0.00000,3.71341
534F4C31,7259,56239127,0,2999,2844,155,0.00000,3.99707
534F4C31,7259,56242165,0,3002,2845,157,0.00000,4.04864
534F4C31,7260,56244313,0,2997,2848,149,0.00000,3.84234
534F4C31,7261,56249457,0,2997,2844,153,0.00000,3.94549
534F4C31,7261,56253153,0,2999,2845,154,0.00000,3.97128
534F4C31,7262,56256865,0,2992,2842,150,0.00000,3.86813
534F4C31,7262,56260981,0,2996,2841,155,0.00000,3.99707
534F4C31,7262,56266167,0,2992,2846,146,0.00000,3.76498
534F4C31,7262,56268504,0,2999,2846,153,0.00000,3.94549
534F4C31,7262,56270541,0,2992,2845,147,0.00000,3.79077
534F4C31,7262,56273825,0,2995,2847,148,0.00000,3.81656
534F4C31,7262,56275972,0,3001,2845,156,0.00000,4.02286
534F4C31,7262,56278077,0,3004,2845,159,0.00000,4.10022
534F4C31,7262,56280203,0,3000,2845,155,0.00000,3.99707
534F4C31,7262,56282476,0,2999,2849,150,0.00000,3.86813
534F4C31,7263,56284781,0,3000,2845,155,0.00000,3.99707
534F4C31,7264,56288769,0,2992,2845,147,0.00000,3.79077
534F4C31,7265,56292798,0,3002,2848,154,0.00000,3.97128
534F4C31,7266,56296948,0,2998,2846,152,0.00000,3.91971
534F4C31,7267,56301497,0,2999,2850,149,0.00000,3.84234
534F4C31,7268,56306919,0,3000,2845,155,0.00000,3.99707
534F4C31,7269,56311046,0,2994,2844,150,0.00000,3.86813
534F4C31,7269,56316093,0,2993,2848,145,0.00000,3.73919
534F4C31,7269,56319439,0,3000,2847,153,0.00000,3.94549
534F4C31,7269,56322389,0,2993,2845,148,0.00000,3.81656
534F4C31,7269,56324899,0,2995,2845,150,0.00000,3.86813
534F4C31,7269,56326938,0,2996,2847,149,0.00000,3.84234
534F4C31,7269,56329029,0,2993,2846,147,0.00000,3.79077
534F4C31,7269,56331201,0,3000,2845,155,0.00000,3.99707
534F4C31,7269,56333423,0,2998,2847,151,0.00000,3.89392
534F4C31,7269,56335618,0,3003,2846,157,0.00000,4.04864
534F4C31,7269,56337852,0,2999,2844,155,0.00000,3.99707
534F4C31,7269,56339925,0,3000,2849,151,0.00000,3.89392
534F4C31,7269,56342866,0,2996,2847,149,0.00000,3.84234
534F4C31,7270,56346419,0,2994,2844,150,0.00000,3.86813
534F4C31,7271,56349828,0,2990,2847,143,0.00000,3.68762
534F4C31,7272,56355537,0,2997,2845,152,0.00000,3.91971
534F4C31,7272,56360292,0,2996,2847,149,0.00000,3.84234
534F4C31,7272,56363076,0,2993,2844,149,0.00000,3.84234
534F4C31,7273,56365589,0,2995,2845,150,0.00000,3.86813
534F4C31,7273,56371639,0,2998,2844,154,0.00000,3.97128
534F4C31,7273,56373838,0,3002,2848,154,0.00000,3.97128
534F4C31,7273,56375963,0,3001,2845,156,0.00000,4.02286
534F4C31,7273,56378947,0,2993,2847,146,0.00000,3.76498
534F4C31,7273,56381452,0,2999,2845,154,0.00000,3.97128
534F4C31,7273,56383643,0,2999,2846,153,0.00000,3.94549
534F4C31,7274,56386197,0,2995,2845,150,0.00000,3.86813
534F4C31,7275,56390825,0,2998,2846,152,0.00000,3.91971
534F4C31,7276,56395963,0,2997,2847,150,0.00000,3.86813
534F4C31,7276,56399966,0,2997,2843,154,0.00000,3.97128
534F4C31,7276,56402732,0,3000,2843,157,0.00000,4.04864
534F4C31,7276,56405982,0,2993,2845,148,0.00000,3.81656
534F4C31,7276,56408726,0,2999,2846,153,0.00000,3.94549
534F4C31,7276,56410897,0,3004,2845,159,0.00000,4.10022
534F4C31,7276,56413366,0,2993,2843,150,0.00000,3.86813
534F4C31,7277,56416191,0,3000,2847,153,0.00000,3.94549
534F4C31,7278,56421020,0,2996,2842,154,0.00000,3.97128
534F4C31,7279,56424712,0,2999,2845,154,0.00000,3.97128
534F4C31,7280,56431161,0,2996,2846,150,0.00000,3.86813
534F4C31,7280,56435692,0,2996,2847,149,0.00000,3.84234
534F4C31,7280,56438412,0,3001,2843,158,0.00000,4.07443
534F4C31,7280,56442466,0,3003,2844,159,0.00000,4.10022
534F4C31,7280,56445034,0,3002,2844,158,0.00000,4.07443
534F4C31,7280,56447146,0,3002,2844,158,0.00000,4.07443
534F4C31,7280,56449283,0,2997,2845,152,0.00000,3.91971
534F4C31,7281,56452140,0,2996,2842,154,0.00000,3.97128
534F4C31,7281,56455989,0,3002,2847,155,0.00000,3.99707
534F4C31,7281,56459438,0,2996,2847,149,0.00000,3.84234
534F4C31,7282,56462645,0,2996,2845,151,0.00000,3.89392
534F4C31,7283,56468162,0,3002,2846,156,0.00000,4.02286
534F4C31,7283,56471725,0,3002,2843,159,0.00000,4.10022
534F4C31,7283,56475954,0,2994,2846,148,0.00000,3.81656
534F4C31,7284,56478297,0,2996,2844,152,0.00000,3.91971
534F4C31,7284,56484162,0,2993,2845,148,0.00000,3.81656
534F4C31,7284,56487084,0,3003,2845,158,0.00000,4.07443
534F4C31,7285,56490063,0,2995,2846,149,0.00000,3.84234
534F4C31,7286,56495772,0,2995,2845,150,0.00000,3.86813
534F4C31,7286,56498694,0,2995,2846,149,0.00000,3.84234
534F4C31,7286,56503099,0,2995,2845,150,0.00000,3.86813
534F4C31,7286,56506439,0,2999,2844,155,0.00000,3.99707
534F4C31,7286,56508846,0,3002,2844,158,0.00000,4.07443
534F4C31,7286,56510889,0,2999,2845,154,0.00000,3.97128
534F4C31,7286,56513603,0,2995,2847,148,0.00000,3.81656
534F4C31,7286,56516292,0,2996,2846,150,0.00000,3.86813
534F4C31,7286,56518517,0,2991,2844,147,0.00000,3.79077
534F4C31,7286,56520525,0,2993,2845,148,0.00000,3.81656
534F4C31,7286,56522676,0,2992,2845,147,0.00000,3.79077
534F4C31,7286,56524936,0,2996,2843,153,0.00000,3.94549
534F4C31,7287,56527062,0,2997,2845,152,0.00000,3.91971
534F4C31,7288,56531716,0,3003,2849,154,0.00000,3.97128
534F4C31,7289,56536211,0,2988,2846,142,0.00000,3.66183
534F4C31,7289,56541517,0,2994,2846,148,0.00000,3.81656
534F4C31,7289,56544606,0,3002,2845,157,0.00000,4.04864
534F4C31,7289,56547123,0,3000,2841,159,0.00000,4.10022
534F4C31,7289,56549301,0,2991,2843,148,0.00000,3.81656
534F4C31,7290,56551579,0,3004,2849,155,0.00000,3.99707
534F4C31,7291,56555631,0,3003,2845,158,0.00000,4.07443
534F4C31,7292,56560240,0,2992,2843,149,0.00000,3.84234
534F4C31,7293,56563988,0,2998,2845,153,0.00000,3.94549
534F4C31,7294,56569953,0,2995,2846,149,0.00000,3.84234
534F4C31,7294,56574718,0,2998,2844,154,0.00000,3.97128
534F4C31,7294,56577986,0,3000,2846,154,0.00000,3.97128
534F4C31,7294,56580869,0,3002,2848,154,0.00000,3.97128
534F4C31,7294,56583700,0,3001,2843,158,0.00000,4.07443
534F4C31,7295,56585986,0,3000,2844,156,0.00000,4.02286
534F4C31,7295,56590735,0,2994,2845,149,0.00000,3.84234
534F4C31,7295,56593854,0,2996,2846,150,0.00000,3.86813
534F4C31,7296,56596039,0,2996,2847,149,0.00000,3.84234
534F4C31,7296,56601681,0,3003,2845,158,0.00000,4.07443
534F4C31,7296,56603850,0,2999,2844,155,0.00000,3.99707
534F4C31,7296,56606535,0,3000,2843,157,0.00000,4.04864
534F4C31,7296,56609363,0,3003,2845,158,0.00000,4.07443
534F4C31,7296,56611740,0,3003,2845,158,0.00000,4.07443
534F4C31,7296,56613894,0,2995,2845,150,0.00000,3.86813
534F4C31,7296,56615942,0,2994,2844,150,0.00000,3.86813
534F4C31,7296,56618476,0,3004,2846,158,0.00000,4.07443
534F4C31,7296,56620781,0,2993,2845,148,0.00000,3.81656
534F4C31,7296,56622905,0,2989,2837,152,0.00000,3.91971
534F4C31,7296,56626160,0,3000,2841,159,0.00000,4.10022
534F4C31,7297,56629524,0,3005,2843,162,0.00000,4.17758
534F4C31,7298,56633218,0,2994,2840,154,0.00000,3.97128
534F4C31,7299,56639287,0,2995,2842,153,0.00000,3.94549
534F4C31,7299,56643355,0,2998,2841,157,0.00000,4.04864
534F4C31,7299,56648162,0,2992,2842,150,0.00000,3.86813
534F4C31,7299,56650478,0,2998,2842,156,0.00000,4.02286
534F4C31,7299,56652615,0,3000,2841,159,0.00000,4.10022
534F4C31,7300,56655838,0,2994,2842,152,0.00000,3.91971
534F4C31,7301,56660450,0,3001,2844,157,0.00000,4.04864
534F4C31,7302,56664277,0,2997,2842,155,0.00000,3.99707
534F4C31,7302,56669961,0,2997,2842,155,0.00000,3.99707
534F4C31,7302,56672409,0,2991,2840,151,0.00000,3.89392
534F4C31,7302,56674524,0,2991,2843,148,0.00000,3.81656
534F4C31,7302,56678028,0,2997,2843,154,0.00000,3.97128
534F4C31,7302,56680202,0,3000,2844,156,0.00000,4.02286
534F4C31,7302,56682482,0,2999,2842,157,0.00000,4.04864
534F4C31,7303,56684708,0,3001,2840,161,0.00000,4.15179
534F4C31,7304,56688683,0,2998,2844,154,0.00000,3.97128
534F4C31,7305,56692682,0,2990,2843,147,0.00000,3.79077
534F4C31,7306,56698362,0,3002,2843,159,0.00000,4.10022
534F4C31,7306,56703686,0,2997,2843,154,0.00000,3.97128
534F4C31,7306,56706196,0,2997,2841,156,0.00000,4.02286
534F4C31,7306,56709100,0,2997,2841,156,0.00000,4.02286
534F4C31,7306,56712819,0,2995,2841,154,0.00000,3.97128
534F4C31,7306,56714997,0,2993,2842,151,0.00000,3.89392
534F4C31,7306,56717202,0,3003,2841,162,0.00000,4.17758
534F4C31,7307,56720560,0,2995,2841,154,0.00000,3.97128
534F4C31,7308,56723776,0,2999,2842,157,0.00000,4.04864
534F4C31,7308,56728049,0,2994,2843,151,0.00000,3.89392
534F4C31,7308,56731811,0,2997,2842,155,0.00000,3.99707
534F4C31,7308,56735214,0,3000,2844,156,0.00000,4.02286
534F4C31,7308,56738186,0,2996,2841,155,0.00000,3.99707
534F4C31,7308,56740962,0,2999,2842,157,0.00000,4.04864
534F4C31,7309,56743302,0,3005,2843,162,0.00000,4.17758
534F4C31,7310,56748029,0,2998,2844,154,0.00000,3.97128
534F4C31,7311,56752025,0,3000,2844,156,0.00000,4.02286
534F4C31,7312,56757688,0,2997,2843,154,0.00000,3.97128
534F4C31,7312,56761987,0,2998,2841,157,0.00000,4.04864
534F4C31,7312,56765602,0,2996,2846,150,0.00000,3.86813
534F4C31,7313,56768714,0,3004,2842,162,0.00000,4.17758
534F4C31,7314,56773234,0,2999,2844,155,0.00000,3.99707
534F4C31,7314,56778154,0,2998,2840,158,0.00000,4.07443
534F4C31,7314,56781542,0,2997,2843,154,0.00000,3.97128
534F4C31,7314,56785328,0,2998,2841,157,0.00000,4.04864
534F4C31,7314,56787601,0,2999,2842,157,0.00000,4.04864
534F4C31,7314,56789711,0,2997,2842,155,0.00000,3.99707
534F4C31,7314,56792122,0,2994,2843,151,0.00000,3.89392
534F4C31,7314,56794388,0,2999,2844,155,0.00000,3.99707
534F4C31,7314,56796602,0,2988,2842,146,0.00000,3.76498
534F4C31,7314,56798686,0,3007,2840,167,0.00000,4.30652
534F4C31,7314,56800803,0,2996,2841,155,0.00000,3.99707
534F4C31,7314,56802910,0,3000,2844,156,0.00000,4.02286
534F4C31,7314,56805145,0,2996,2842,154,0.00000,3.97128
534F4C31,7314,56807385,0,2994,2840,154,0.00000,3.97128
534F4C31,7314,56809472,0,3003,2842,161,0.00000,4.15179
534F4C31,7315,56812803,0,3003,2843,160,0.00000,4.12601
534F4C31,7316,56816187,0,2997,2844,153,0.00000,3.94549
534F4C31,7317,56819865,0,2995,2843,152,0.00000,3.91971
534F4C31,7318,56826188,0,2998,2843,155,0.00000,3.99707
534F4C31,7319,56831456,0,3006,2843,163,0.00000,4.20337
534F4C31,7319,56837442,0,2997,2843,154,0.00000,3.97128
534F4C31,7319,56839972,0,3000,2843,157,0.00000,4.04864
534F4C31,7319,56842186,0,3005,2841,164,0.00000,4.22916
534F4C31,7319,56845470,0,2996,2843,153,0.00000,3.94549
534F4C31,7319,56847749,0,3000,2841,159,0.00000,4.10022
534F4C31,7319,56849953,0,3003,2843,160,0.00000,4.12601
534F4C31,7319,56852103,0,2999,2842,157,0.00000,4.04864
534F4C31,7319,56854192,0,2998,2840,158,0.00000,4.07443
534F4C31,7319,56856313,0,3004,2842,162,0.00000,4.17758
534F4C31,7319,56859474,0,2995,2840,155,0.00000,3.99707
534F4C31,7320,56862997,0,3000,2844,156,0.00000,4.02286
534F4C31,7321,56866426,0,3000,2843,157,0.00000,4.04864
534F4C31,7321,56872091,0,2995,2842,153,0.00000,3.94549
534F4C31,7322,56875358,0,2998,2841,157,0.00000,4.04864
534F4C31,7323,56879150,0,3005,2842,163,0.00000,4.20337
534F4C31,7324,56883072,0,3000,2840,160,0.00000,4.12601
534F4C31,7325,56887570,0,2997,2842,155,0.00000,3.99707
534F4C31,7325,56894532,0,3000,2843,157,0.00000,4.04864
534F4C31,7325,56897499,0,2995,2840,155,0.00000,3.99707
534F4C31,7326,56899615,0,2998,2844,154,0.00000,3.97128
534F4C31,7327,56903968,0,3002,2843,159,0.00000,4.10022
534F4C31,7327,56908271,0,3004,2842,162,0.00000,4.17758
534F4C31,7327,56911039,0,2993,2843,150,0.00000,3.86813
534F4C31,7327,56914627,0,2999,2841,158,0.00000,4.07443
534F4C31,7327,56918136,0,2993,2843,150,0.00000,3.86813
534F4C31,7327,56920460,0,3003,2843,160,0.00000,4.12601
534F4C31,7327,56922720,0,2997,2844,153,0.00000,3.94549
534F4C31,7327,56925268,0,2998,2840,158,0.00000,4.07443
534F4C31,7327,56928468,0,2997,2840,157,0.00000,4.04864
534F4C31,7327,56930747,0,2999,2842,157,0.00000,4.04864
534F4C31,7327,56932899,0,2996,2841,155,0.00000,3.99707
534F4C31,7327,56935102,0,2994,2843,151,0.00000,3.89392
534F4C31,7327,56937165,0,3000,2842,158,0.00000,4.07443
534F4C31,7327,56939474,0,2997,2841,156,0.00000,4.02286
534F4C31,7328,56942837,0,2993,2838,155,0.00000,3.99707
534F4C31,7328,56946334,0,2996,2840,156,0.00000,4.02286
534F4C31,7328,56949822,0,2995,2841,154,0.00000,3.97128
534F4C31,7329,56953482,0,2995,2840,155,0.00000,3.99707
534F4C31,7329,56957205,0,2998,2841,157,0.00000,4.04864
534F4C31,7329,56959482,0,2997,2840,157,0.00000,4.04864
534F4C31,7330,56963076,0,3002,2844,158,0.00000,4.07443
534F4C31,7330,56967258,0,3000,2845,155,0.00000,3.99707
534F4C31,7331,56971153,0,2999,2839,160,0.00000,4.12601
534F4C31,7332,56974826,0,3000,2845,155,0.00000,3.99707
534F4C31,7333,56978670,0,2997,2842,155,0.00000,3.99707
534F4C31,7333,56983061,0,3001,2843,158,0.00000,4.07443
534F4C31,7333,56986971,0,2995,2841,154,0.00000,3.97128
534F4C31,7334,56989736,0,2996,2842,154,0.00000,3.97128
534F4C31,7335,56993718,0,3002,2841,161,0.00000,4.15179
534F4C31,7336,57000457,0,3003,2841,162,0.00000,4.17758
534F4C31,7336,57003980,0,2996,2842,154,0.00000,3.97128
534F4C31,7336,57008075,0,2996,2841,155,0.00000,3.99707
534F4C31,7336,57010450,0,3003,2843,160,0.00000,4.12601
534F4C31,7336,57013205,0,2995,2840,155,0.00000,3.99707
534F4C31,7337,57015524,0,3001,2843,158,0.00000,4.07443
534F4C31,7338,57020311,0,3002,2842,160,0.00000,4.12601
534F4C31,7338,57023602,0,2997,2841,156,0.00000,4.02286
534F4C31,7338,57028594,0,2995,2841,154,0.00000,3.97128
534F4C31,7338,57031598,0,3001,2845,156,0.00000,4.02286
534F4C31,7338,57033869,0,3003,2844,159,0.00000,4.10022
534F4C31,7339,57037092,0,2996,2842,154,0.00000,3.97128
534F4C31,7339,57041903,0,2994,2845,149,0.00000,3.84234
534F4C31,7339,57044576,0,3001,2843,158,0.00000,4.07443
534F4C31,7339,57046796,0,3000,2841,159,0.00000,4.10022
534F4C31,7339,57050126,0,2988,2842,146,0.00000,3.76498
534F4C31,7339,57052309,0,2996,2843,153,0.00000,3.94549
534F4C31,7339,57054407,0,2992,2841,151,0.00000,3.89392
534F4C31,7339,57056682,0,2996,2839,157,0.00000,4.04864
534F4C31,7339,57058890,0,3000,2841,159,0.00000,4.10022
534F4C31,7339,57061008,0,2998,2843,155,0.00000,3.99707
534F4C31,7339,57063009,0,3003,2840,163,0.00000,4.20337
534F4C31,7340,57066125,0,3003,2842,161,0.00000,4.15179
534F4C31,7341,57070533,0,3003,2842,161,0.00000,4.15179
534F4C31,7342,57074149,0,2995,2841,154,0.00000,3.97128
534F4C31,7343,57080041,0,2996,2843,153,0.00000,3.94549
534F4C31,7344,57084519,0,3000,2841,159,0.00000,4.10022
534F4C31,7344,57089727,0,3006,2842,164,0.00000,4.22916
534F4C31,7344,57092562,0,3003,2841,162,0.00000,4.17758
534F4C31,7344,57095335,0,3000,2843,157,0.00000,4.04864
534F4C31,7345,57097594,0,3001,2843,158,0.00000,4.07443
534F4C31,7346,57099962,0,2994,2842,152,0.00000,3.91971
534F4C31,7347,57105450,0,2997,2839,158,0.00000,4.07443
534F4C31,7347,57110694,0,2991,2841,150,0.00000,3.86813
534F4C31,7347,57114855,0,2997,2843,154,0.00000,3.97128
534F4C31,7348,57118525,0,2997,2842,155,0.00000,3.99707
534F4C31,7349,57122104,0,3004,2842,162,0.00000,4.17758
534F4C31,7349,57127124,0,3001,2842,159,0.00000,4.10022
534F4C31,7349,57130999,0,3005,2843,162,0.00000,4.17758
534F4C31,7349,57133174,0,2996,2844,152,0.00000,3.91971
534F4C31,7349,57135251,0,3000,2844,156,0.00000,4.02286
534F4C31,7350,57138339,0,2998,2842,156,0.00000,4.02286
534F4C31,7350,57142996,0,3008,2841,167,0.00000,4.30652
534F4C31,7350,57146164,0,3001,2842,159,0.00000,4.10022
534F4C31,7351,57149024,0,2999,2840,159,0.00000,4.10022
534F4C31,7352,57154004,0,2997,2841,156,0.00000,4.02286
534F4C31,7353,57158891,0,2998,2842,156,0.00000,4.02286
534F4C31,7354,57164017,0,2999,2841,158,0.00000,4.07443
534F4C31,7354,57168081,0,2995,2843,152,0.00000,3.91971
534F4C31,7354,57171785,0,2993,2839,154,0.00000,3.97128
534F4C31,7354,57174406,0,2994,2841,153,0.00000,3.94549
534F4C31,7354,57177288,0,3000,2841,159,0.00000,4.10022
534F4C31,7355,57179623,0,2996,2841,155,0.00000,3.99707
534F4C31,7355,57184381,0,2997,2841,156,0.00000,4.02286
534F4C31,7355,57186622,0,2999,2842,157,0.00000,4.04864
534F4C31,7355,57189349,0,3002,2842,160,0.00000,4.12601
534F4C31,7355,57192419,0,2996,2841,155,0.00000,3.99707
534F4C31,7355,57194755,0,2995,2839,156,0.00000,4.02286
534F4C31,7355,57196909,0,2994,2840,154,0.00000,3.97128
534F4C31,7355,57199037,0,2999,2841,158,0.00000,4.07443
534F4C31,7355,57201179,0,2996,2838,158,0.00000,4.07443
534F4C31,7355,57203266,0,3001,2841,160,0.00000,4.12601
534F4C31,7355,57206843,0,2996,2842,154,0.00000,3.97128
534F4C31,7355,57209096,0,2998,2842,156,0.00000,4.02286
534F4C31,7355,57211125,0,3002,2841,161,0.00000,4.15179
534F4C31,7355,57214171,0,2992,2843,149,0.00000,3.84234
534F4C31,7355,57216456,0,2999,2842,157,0.00000,4.04864
534F4C31,7355,57218589,0,2998,2839,159,0.00000,4.10022
534F4C31,7355,57220703,0,2998,2843,155,0.00000,3.99707
534F4C31,7355,57222778,0,2994,2838,156,0.00000,4.02286
534F4C31,7355,57226128,0,2999,2837,162,0.00000,4.17758
534F4C31,7356,57229431,0,2997,2838,159,0.00000,4.10022
534F4C31,7357,57232966,0,2996,2841,155,0.00000,3.99707
534F4C31,7358,57236504,0,2999,2838,161,0.00000,4.15179
534F4C31,7359,57242156,0,2994,2842,152,0.00000,3.91971
534F4C31,7360,57247307,0,3000,2838,162,0.00000,4.17758
534F4C31,7361,57251969,0,3002,2837,165,0.00000,4.25495
534F4C31,7361,57258185,0,3000,2840,160,0.00000,4.12601
534F4C31,7362,57261335,0,2997,2836,161,0.00000,4.15179
534F4C31,7362,57265491,0,3000,2839,161,0.00000,4.15179
534F4C31,7362,57268824,0,2997,2839,158,0.00000,4.07443
534F4C31,7362,57270972,0,2993,2841,152,0.00000,3.91971
534F4C31,7362,57274317,0,2997,2840,157,0.00000,4.04864
534F4C31,7362,57276729,0,2993,2839,154,0.00000,3.97128
534F4C31,7362,57278900,0,3002,2836,166,0.00000,4.28073
534F4C31,7362,57281062,0,2998,2837,161,0.00000,4.15179
534F4C31,7363,57283333,0,3000,2841,159,0.00000,4.10022
534F4C31,7363,57287964,0,3000,2840,160,0.00000,4.12601
534F4C31,7363,57291238,0,2997,2838,159,0.00000,4.10022
534F4C31,7363,57294072,0,2997,2839,158,0.00000,4.07443
534F4C31,7363,57297158,0,2998,2839,159,0.00000,4.10022
534F4C31,7363,57299593,0,3000,2837,163,0.00000,4.20337
534F4C31,7363,57301903,0,2999,2835,164,0.00000,4.22916
534F4C31,7364,57304066,0,2995,2841,154,0.00000,3.97128
534F4C31,7365,57308349,0,3000,2838,162,0.00000,4.17758
534F4C31,7366,57311708,0,2999,2838,161,0.00000,4.15179
534F4C31,7367,57318806,0,3000,2838,162,0.00000,4.17758
534F4C31,7367,57322059,0,2995,2838,157,0.00000,4.04864
534F4C31,7367,57325844,0,3003,2838,165,0.00000,4.25495
534F4C31,7368,57328866,0,3004,2840,164,0.00000,4.22916
534F4C31,7369,57333548,0,3001,2838,163,0.00000,4.20337
534F4C31,7369,57337523,0,3004,2838,166,0.00000,4.28073
534F4C31,7369,57341704,0,3004,2839,165,0.00000,4.25495
534F4C31,7369,57344776,0,2993,2840,153,0.00000,3.94549
534F4C31,7369,57347231,0,2998,2840,158,0.00000,4.07443
534F4C31,7369,57350074,0,2996,2836,160,0.00000,4.12601
534F4C31,7369,57352301,0,3000,2836,164,0.00000,4.22916
534F4C31,7369,57354408,0,2995,2839,156,0.00000,4.02286
534F4C31,7369,57356640,0,2994,2840,154,0.00000,3.97128
534F4C31,7369,57358799,0,2996,2837,159,0.00000,4.10022
534F4C31,7369,57361040,0,2998,2838,160,0.00000,4.12601
534F4C31,7370,57363103,0,2993,2838,155,0.00000,3.99707
534F4C31,7371,57366543,0,2999,2838,161,0.00000,4.15179
534F4C31,7372,57370107,0,2995,2837,158,0.00000,4.07443
534F4C31,7373,57374366,0,2998,2836,162,0.00000,4.17758
534F4C31,7374,57379458,0,2997,2838,159,0.00000,4.10022
534F4C31,7375,57385514,0,2997,2840,157,0.00000,4.04864
534F4C31,7376,57389395,0,2994,2841,153,0.00000,3.94549
534F4C31,7376,57394675,0,2997,2839,158,0.00000,4.07443
534F4C31,7376,57397778,0,3003,2840,163,0.00000,4.20337
534F4C31,7376,57400987,0,2997,2840,157,0.00000,4.04864
534F4C31,7376,57403278,0,2994,2840,154,0.00000,3.97128
534F4C31,7376,57405515,0,3001,2838,163,0.00000,4.20337
534F4C31,7376,57407688,0,2992,2837,155,0.00000,3.99707
534F4C31,7376,57409761,0,2997,2836,161,0.00000,4.15179
534F4C31,7376,57411919,0,2996,2837,159,0.00000,4.10022
534F4C31,7376,57414060,0,2998,2839,159,0.00000,4.10022
534F4C31,7376,57416171,0,3000,2838,162,0.00000,4.17758
534F4C31,7377,57419412,0,2997,2840,157,0.00000,4.04864
534F4C31,7378,57423300,0,2998,2838,160,0.00000,4.12601
534F4C31,7379,57427846,0,3005,2834,171,0.00000,4.40967
534F4C31,7379,57433260,0,3003,2840,163,0.00000,4.20337
534F4C31,7379,57435455,0,3002,2838,164,0.00000,4.22916
534F4C31,7379,57437943,0,3008,2839,169,0.00000,4.35810
534F4C31,7379,57440225,0,2997,2838,159,0.00000,4.10022
534F4C31,7379,57442764,0,3001,2836,165,0.00000,4.25495
534F4C31,7379,57446083,0,2996,2836,160,0.00000,4.12601
534F4C31,7380,57449477,0,2999,2839,160,0.00000,4.12601
534F4C31,7381,57454308,0,3002,2835,167,0.00000,4.30652
534F4C31,7381,57457320,0,3001,2839,162,0.00000,4.17758
534F4C31,7381,57463561,0,2997,2838,159,0.00000,4.10022
534F4C31,7381,57465780,0,2997,2837,160,0.00000,4.12601
534F4C31,7381,57468588,0,2992,2836,156,0.00000,4.02286
534F4C31,7381,57471417,0,2995,2837,158,0.00000,4.07443
534F4C31,7381,57473749,0,2995,2839,156,0.00000,4.02286
534F4C31,7381,57476081,0,3001,2838,163,0.00000,4.20337
534F4C31,7381,57479405,0,3000,2836,164,0.00000,4.22916
534F4C31,7382,57483551,0,2996,2839,157,0.00000,4.04864
534F4C31,7383,57486167,0,2996,2835,161,0.00000,4.15179
534F4C31,7384,57489894,0,2995,2836,159,0.00000,4.10022
534F4C31,7385,57495798,0,2992,2836,156,0.00000,4.02286
534F4C31,7386,57499939,0,2999,2837,162,0.00000,4.17758
534F4C31,7386,57502452,0,2998,2838,160,0.00000,4.12601
534F4C31,7386,57507894,0,2996,2837,159,0.00000,4.10022
534F4C31,7386,57510762,0,2997,2839,158,0.00000,4.07443
534F4C31,7386,57513878,0,2996,2840,156,0.00000,4.02286
534F4C31,7386,57516068,0,3003,2839,164,0.00000,4.22916
534F4C31,7386,57518202,0,2995,2839,156,0.00000,4.02286
534F4C31,7387,57520334,0,3004,2841,163,0.00000,4.20337
534F4C31,7387,57524631,0,2999,2836,163,0.00000,4.20337
534F4C31,7387,57528564,0,2999,2839,160,0.00000,4.12601
534F4C31,7388,57531695,0,3002,2840,162,0.00000,4.17758
534F4C31,7389,57536840,0,2995,2838,157,0.00000,4.04864
534F4C31,7390,57541266,0,3002,2839,163,0.00000,4.20337
534F4C31,7390,57546871,0,3001,2839,162,0.00000,4.17758
534F4C31,7390,57549222,0,3004,2837,167,0.00000,4.30652
534F4C31,7390,57552099,0,2993,2839,154,0.00000,3.97128
534F4C31,7390,57554994,0,3000,2841,159,0.00000,4.10022
534F4C31,7390,57557168,0,2993,2837,156,0.00000,4.02286
534F4C31,7390,57559298,0,3002,2837,165,0.00000,4.25495
534F4C31,7390,57561439,0,2998,2840,158,0.00000,4.07443
534F4C31,7390,57563642,0,3001,2838,163,0.00000,4.20337
534F4C31,7391,57566063,0,2996,2838,158,0.00000,4.07443
534F4C31,7392,57570011,0,3005,2840,165,0.00000,4.25495
534F4C31,7393,57573069,0,3002,2837,165,0.00000,4.25495
534F4C31,7394,57580516,0,3004,2836,168,0.00000,4.33231
534F4C31,7394,57584921,0,3006,2839,167,0.00000,4.30652
534F4C31,7394,57588676,0,2999,2840,159,0.00000,4.10022
534F4C31,7394,57591513,0,3000,2837,163,0.00000,4.20337
534F4C31,7394,57594629,0,2988,2838,150,0.00000,3.86813
534F4C31,7395,57596903,0,2995,2838,157,0.00000,4.04864
534F4C31,7396,57600641,0,2999,2839,160,0.00000,4.12601
534F4C31,7396,57604538,0,2997,2842,155,0.00000,3.99707
534F4C31,7396,57608851,0,3002,2840,162,0.00000,4.17758
534F4C31,7397,57612714,0,3001,2839,162,0.00000,4.17758
534F4C31,7397,57616325,0,2996,2838,158,0.00000,4.07443
534F4C31,7397,57620579,0,2997,2838,159,0.00000,4.10022
534F4C31,7397,57622830,0,2998,2835,163,0.00000,4.20337
534F4C31,7397,57626033,0,2998,2837,161,0.00000,4.15179
534F4C31,7397,57628283,0,2994,2839,155,0.00000,3.99707
534F4C31,7397,57630440,0,2994,2839,155,0.00000,3.99707
534F4C31,7397,57632592,0,2992,2839,153,0.00000,3.94549
534F4C31,7397,57634774,0,2990,2838,152,0.00000,3.91971
534F4C31,7397,57637022,0,3000,2841,159,0.00000,4.10022
534F4C31,7397,57639391,0,3002,2838,164,0.00000,4.22916
534F4C31,7398,57642735,0,2997,2838,159,0.00000,4.10022
534F4C31,7399,57646248,0,2998,2837,161,0.00000,4.15179
534F4C31,7400,57650743,0,2994,2840,154,0.00000,3.97128
534F4C31,7401,57655332,0,2993,2834,159,0.00000,4.10022
534F4C31,7402,57660449,0,2996,2839,157,0.00000,4.04864
534F4C31,7402,57665811,0,2989,2838,151,0.00000,3.89392
534F4C31,7402,57668636,0,2995,2837,158,0.00000,4.07443
534F4C31,7403,57671094,0,2996,2837,159,0.00000,4.10022
534F4C31,7403,57676421,0,2999,2840,159,0.00000,4.10022
534F4C31,7403,57678704,0,2998,2839,159,0.00000,4.10022
534F4C31,7403,57681616,0,3000,2841,159,0.00000,4.10022
534F4C31,7403,57684078,0,2997,2839,158,0.00000,4.07443
534F4C31,7403,57686291,0,2998,2837,161,0.00000,4.15179
534F4C31,7403,57688422,0,3002,2840,162,0.00000,4.17758
534F4C31,7403,57690499,0,3000,2836,164,0.00000,4.22916
534F4C31,7403,57692755,0,2994,2838,156,0.00000,4.02286
534F4C31,7403,57696063,0,2998,2839,159,0.00000,4.10022
534F4C31,7404,57699394,0,2993,2839,154,0.00000,3.97128
534F4C31,7405,57703486,0,2999,2837,162,0.00000,4.17758
534F4C31,7406,57707137,0,2999,2839,160,0.00000,4.12601
534F4C31,7406,57713403,0,2996,2839,157,0.00000,4.04864
534F4C31,7406,57716479,0,2996,2836,160,0.00000,4.12601
534F4C31,7406,57719659,0,2999,2839,160,0.00000,4.12601
534F4C31,7406,57722047,0,3003,2837,166,0.00000,4.28073
534F4C31,7407,57724094,0,3009,2836,173,0.00000,4.46125
534F4C31,7408,57727145,0,2999,2841,158,0.00000,4.07443
534F4C31,7409,57730043,0,2997,2838,159,0.00000,4.10022
534F4C31,7410,57734284,0,3001,2837,164,0.00000,4.22916
534F4C31,7411,57737166,0,2997,2843,154,0.00000,3.97128
534F4C31,7412,57741593,0,3003,2840,163,0.00000,4.20337
534F4C31,7413,57746432,0,3001,2841,160,0.00000,4.12601
534F4C31,7414,57750370,0,2999,2839,160,0.00000,4.12601
534F4C31,7414,57756450,0,2995,2838,157,0.00000,4.04864
534F4C31,7414,57758660,0,3002,2840,162,0.00000,4.17758
534F4C31,7414,57760709,0,2997,2841,156,0.00000,4.02286
534F4C31,7414,57765074,0,2995,2838,157,0.00000,4.04864
534F4C31,7414,57767418,0,2995,2838,157,0.00000,4.04864
534F4C31,7414,57769495,0,2999,2836,163,0.00000,4.20337
534F4C31,7414,57772268,0,3000,2839,161,0.00000,4.15179
534F4C31,7414,57774844,0,2996,2839,157,0.00000,4.04864
534F4C31,7414,57776933,0,2996,2839,157,0.00000,4.04864
534F4C31,7414,57779378,0,2992,2840,152,0.00000,3.91971
534F4C31,7415,57783105,0,2998,2837,161,0.00000,4.15179
534F4C31,7415,57786163,0,2996,2838,158,0.00000,4.07443
534F4C31,7415,57789383,0,3000,2837,163,0.00000,4.20337
534F4C31,7415,57792709,0,3001,2841,160,0.00000,4.12601
534F4C31,7415,57796044,0,2998,2841,157,0.00000,4.04864
534F4C31,7415,57799373,0,2991,2839,152,0.00000,3.91971
534F4C31,7415,57802701,0,2990,2835,155,0.00000,3.99707
534F4C31,7415,57806040,0,3002,2835,167,0.00000,4.30652
534F4C31,7415,57809375,0,3002,2838,164,0.00000,4.22916
534F4C31,7415,57812713,0,2998,2839,159,0.00000,4.10022
534F4C31,7416,57816060,0,2995,2836,159,0.00000,4.10022
534F4C31,7417,57821142,0,2998,2839,159,0.00000,4.10022
534F4C31,7418,57825089,0,2996,2841,155,0.00000,3.99707
534F4C31,7419,57831671,0,3000,2839,161,0.00000,4.15179
534F4C31,7419,57835611,0,2997,2838,159,0.00000,4.10022
534F4C31,7419,57840091,0,2997,2839,158,0.00000,4.07443
534F4C31,7419,57843054,0,2997,2841,156,0.00000,4.02286
534F4C31,7419,57846124,0,3002,2836,166,0.00000,4.28073
534F4C31,7419,57848814,0,3005,2838,167,0.00000,4.30652
534F4C31,7419,57850977,0,3001,2839,162,0.00000,4.17758
534F4C31,7419,57853094,0,3004,2840,164,0.00000,4.22916
534F4C31,7419,57855283,0,2993,2838,155,0.00000,3.99707
534F4C31,7420,57857482,0,3000,2839,161,0.00000,4.15179
534F4C31,7421,57861138,0,2994,2838,156,0.00000,4.02286
534F4C31,7422,57865589,0,2996,2839,157,0.00000,4.04864
534F4C31,7423,57869434,0,3007,2839,168,0.00000,4.33231
534F4C31,7423,57875594,0,3000,2838,162,0.00000,4.17758
534F4C31,7423,57878787,0,3005,2837,168,0.00000,4.33231
534F4C31,7423,57881478,0,3000,2838,162,0.00000,4.17758
534F4C31,7423,57883652,0,3000,2841,159,0.00000,4.10022
534F4C31,7424,57885944,0,3004,2837,167,0.00000,4.30652
534F4C31,7425,57889923,0,2998,2840,158,0.00000,4.07443
534F4C31,7426,57893765,0,2999,2841,158,0.00000,4.07443
534F4C31,7427,57900751,0,3001,2838,163,0.00000,4.20337
534F4C31,7427,57905072,0,2998,2836,162,0.00000,4.17758
534F4C31,7427,57908650,0,3001,2837,164,0.00000,4.22916
534F4C31,7427,57910827,0,3000,2840,160,0.00000,4.12601
534F4C31,7427,57912978,0,3006,2839,167,0.00000,4.30652
534F4C31,7427,57916282,0,3004,2840,164,0.00000,4.22916
534F4C31,7427,57918434,0,2998,2838,160,0.00000,4.12601
534F4C31,7427,57920452,0,2995,2835,160,0.00000,4.12601
534F4C31,7427,57922725,0,2996,2836,160,0.00000,4.12601
534F4C31,7427,57925014,0,2994,2835,159,0.00000,4.10022
534F4C31,7427,57927230,0,2997,2835,162,0.00000,4.17758
534F4C31,7427,57929378,0,2997,2835,162,0.00000,4.17758
534F4C31,7427,57932712,0,2992,2834,158,0.00000,4.07443
534F4C31,7428,57936068,0,2996,2839,157,0.00000,4.04864
534F4C31,7429,57940278,0,2999,2837,162,0.00000,4.17758
534F4C31,7430,57944207,0,2997,2836,161,0.00000,4.15179
534F4C31,7431,57950560,0,2994,2838,156,0.00000,4.02286
534F4C31,7431,57954237,0,2994,2833,161,0.00000,4.15179
534F4C31,7431,57959300,0,3001,2832,169,0.00000,4.35810
534F4C31,7431,57961577,0,2996,2836,160,0.00000,4.12601
534F4C31,7431,57964378,0,3002,2837,165,0.00000,4.25495
534F4C31,7432,57967314,0,2994,2834,160,0.00000,4.12601
534F4C31,7432,57972279,0,3004,2836,168,0.00000,4.33231
534F4C31,7432,57974454,0,3001,2837,164,0.00000,4.22916
534F4C31,7432,57977307,0,3002,2837,165,0.00000,4.25495
534F4C31,7432,57979798,0,2999,2832,167,0.00000,4.30652
534F4C31,7433,57982000,0,3007,2836,171,0.00000,4.40967
534F4C31,7433,57986301,0,2997,2835,162,0.00000,4.17758
534F4C31,7433,57988805,0,3001,2834,167,0.00000,4.30652
534F4C31,7434,57991062,0,3006,2834,172,0.00000,4.43546
534F4C31,7435,57995569,0,2992,2838,154,0.00000,3.97128
534F4C31,7436,57999659,0,2999,2834,165,0.00000,4.25495
534F4C31,7437,58003303,0,2995,2835,160,0.00000,4.12601
534F4C31,7438,58009707,0,2993,2836,157,0.00000,4.04864
534F4C31,7438,58014641,0,2996,2835,161,0.00000,4.15179
534F4C31,7438,58017726,0,3007,2832,175,0.00000,4.51282
534F4C31,7439,58021252,0,2999,2838,161,0.00000,4.15179
534F4C31,7439,58025249,0,2995,2836,159,0.00000,4.10022
534F4C31,7439,58028200,0,3000,2836,164,0.00000,4.22916
534F4C31,7439,58030470,0,2998,2835,163,0.00000,4.20337
534F4C31,7439,58033446,0,2994,2835,159,0.00000,4.10022
534F4C31,7439,58035841,0,2999,2834,165,0.00000,4.25495
534F4C31,7439,58037972,0,3001,2831,170,0.00000,4.38388
534F4C31,7439,58040085,0,2999,2838,161,0.00000,4.15179
534F4C31,7439,58042138,0,3002,2835,167,0.00000,4.30652
534F4C31,7439,58044248,0,2992,2833,159,0.00000,4.10022
534F4C31,7440,58046478,0,3001,2834,167,0.00000,4.30652
534F4C31,7440,58050756,0,2995,2835,160,0.00000,4.12601
534F4C31,7440,58053412,0,2997,2834,163,0.00000,4.20337
534F4C31,7440,58057531,0,2997,2834,163,0.00000,4.20337
534F4C31,7440,58059942,0,3003,2836,167,0.00000,4.30652
534F4C31,7440,58062699,0,3001,2837,164,0.00000,4.22916
534F4C31,7441,58066017,0,2998,2834,164,0.00000,4.22916
534F4C31,7442,58070205,0,2999,2834,165,0.00000,4.25495
534F4C31,7443,58073676,0,2997,2836,161,0.00000,4.15179
534F4C31,7444,58080012,0,2993,2833,160,0.00000,4.12601
534F4C31,7444,58085098,0,2991,2839,152,0.00000,3.91971
534F4C31,7444,58089402,0,2999,2835,164,0.00000,4.22916
534F4C31,7445,58091521,0,3005,2836,169,0.00000,4.35810
534F4C31,7445,58096685,0,3000,2831,169,0.00000,4.35810
534F4C31,7445,58098924,0,2999,2835,164,0.00000,4.22916
534F4C31,7446,58102247,0,2999,2836,163,0.00000,4.20337
534F4C31,7446,58105911,0,2998,2838,160,0.00000,4.12601
534F4C31,7446,58110326,0,2999,2833,166,0.00000,4.28073
534F4C31,7446,58113677,0,2998,2836,162,0.00000,4.17758
534F4C31,7446,58116094,0,2998,2834,164,0.00000,4.22916
534F4C31,7447,58119050,0,2996,2838,158,0.00000,4.07443
534F4C31,7448,58123649,0,2997,2838,159,0.00000,4.10022
534F4C31,7448,58126818,0,2997,2836,161,0.00000,4.15179
534F4C31,7448,58131375,0,2995,2834,161,0.00000,4.15179
534F4C31,7448,58133980,0,3000,2836,164,0.00000,4.22916
534F4C31,7448,58137002,0,3002,2836,166,0.00000,4.28073
534F4C31,7449,58140025,0,2997,2835,162,0.00000,4.17758
534F4C31,7449,58143028,0,2995,2837,158,0.00000,4.07443
534F4C31,7449,58146526,0,2994,2836,158,0.00000,4.07443
534F4C31,7449,58148750,0,3000,2832,168,0.00000,4.33231
534F4C31,7449,58150848,0,3001,2835,166,0.00000,4.28073
534F4C31,7449,58154382,0,3001,2835,166,0.00000,4.28073
534F4C31,7449,58156592,0,2994,2837,157,0.00000,4.04864
534F4C31,7449,58158713,0,2993,2837,156,0.00000,4.02286
534F4C31,7450,58160807,0,3001,2836,165,0.00000,4.25495
534F4C31,7451,58165755,0,2994,2838,156,0.00000,4.02286
534F4C31,7452,58170131,0,2996,2834,162,0.00000,4.17758
534F4C31,7453,58175393,0,2994,2834,160,0.00000,4.12601
534F4C31,7453,58181369,0,3001,2837,164,0.00000,4.22916
534F4C31,7453,58184195,0,2998,2832,166,0.00000,4.28073
534F4C31,7453,58186984,0,2992,2837,155,0.00000,3.99707
534F4C31,7453,58189867,0,2988,2833,155,0.00000,3.99707
534F4C31,7453,58192046,0,3004,2835,169,0.00000,4.35810
534F4C31,7453,58194175,0,2997,2834,163,0.00000,4.20337
534F4C31,7453,58196389,0,3000,2833,167,0.00000,4.30652
534F4C31,7453,58198436,0,3002,2833,169,0.00000,4.35810
534F4C31,7453,58200622,0,2999,2836,163,0.00000,4.20337
534F4C31,7454,58202781,0,2998,2835,163,0.00000,4.20337
534F4C31,7455,58207625,0,2999,2835,164,0.00000,4.22916
534F4C31,7456,58212029,0,2994,2836,158,0.00000,4.07443
534F4C31,7456,58217361,0,2995,2835,160,0.00000,4.12601
534F4C31,7456,58219792,0,3007,2836,171,0.00000,4.40967
534F4C31,7457,58221834,0,3000,2835,165,0.00000,4.25495
534F4C31,7458,58227650,0,2995,2832,163,0.00000,4.20337
534F4C31,7458,58230988,0,2999,2836,163,0.00000,4.20337
534F4C31,7458,58236200,0,3000,2835,165,0.00000,4.25495
534F4C31,7458,58238453,0,2999,2835,164,0.00000,4.22916
534F4C31,7458,58241595,0,2998,2832,166,0.00000,4.28073
534F4C31,7458,58243772,0,2999,2835,164,0.00000,4.22916
534F4C31,7458,58245894,0,2997,2835,162,0.00000,4.17758
534F4C31,7458,58248081,0,2994,2837,157,0.00000,4.04864
534F4C31,7458,58250301,0,2997,2837,160,0.00000,4.12601
534F4C31,7458,58252757,0,2998,2836,162,0.00000,4.17758
534F4C31,7459,58256451,0,3002,2835,167,0.00000,4.30652
534F4C31,7460,58259639,0,2996,2832,164,0.00000,4.22916
534F4C31,7461,58264068,0,3000,2835,165,0.00000,4.25495
534F4C31,7461,58267715,0,2997,2834,163,0.00000,4.20337
534F4C31,7462,58271628,0,2995,2832,163,0.00000,4.20337
534F4C31,7463,58275737,0,2995,2833,162,0.00000,4.17758
534F4C31,7464,58281450,0,2996,2836,160,0.00000,4.12601
534F4C31,7465,58286738,0,2999,2835,164,0.00000,4.22916
534F4C31,7466,58292412,0,3004,2836,168,0.00000,4.33231
534F4C31,7466,58296915,0,2999,2834,165,0.00000,4.25495
534F4C31,7466,58299734,0,3004,2836,168,0.00000,4.33231
534F4C31,7466,58302668,0,2999,2834,165,0.00000,4.25495
534F4C31,7466,58305178,0,3000,2833,167,0.00000,4.30652
534F4C31,7466,58307395,0,2996,2831,165,0.00000,4.25495
534F4C31,7466,58309553,0,3003,2835,168,0.00000,4.33231
534F4C31,7466,58311637,0,2993,2833,160,0.00000,4.12601
534F4C31,7466,58313686,0,3004,2834,170,0.00000,4.38388
534F4C31,7466,58315841,0,3000,2835,165,0.00000,4.25495
534F4C31,7466,58317982,0,3002,2834,168,0.00000,4.33231
534F4C31,7466,58320149,0,2990,2835,155,0.00000,3.99707
534F4C31,7466,58322655,0,2999,2834,165,0.00000,4.25495
534F4C31,7466,58325984,0,2998,2836,162,0.00000,4.17758
534F4C31,7467,58329565,0,3001,2834,167,0.00000,4.30652
534F4C31,7468,58332669,0,3000,2837,163,0.00000,4.20337
534F4C31,7469,58335995,0,2995,2833,162,0.00000,4.17758
534F4C31,7470,58340474,0,2999,2835,164,0.00000,4.22916
534F4C31,7471,58347280,0,3002,2835,167,0.00000,4.30652
534F4C31,7471,58352648,0,2999,2835,164,0.00000,4.22916
534F4C31,7471,58355280,0,2992,2836,156,0.00000,4.02286
534F4C31,7471,58357418,0,2993,2834,159,0.00000,4.10022
534F4C31,7471,58360561,0,3002,2834,168,0.00000,4.33231
534F4C31,7472,58363592,0,2992,2836,156,0.00000,4.02286
534F4C31,7472,58367363,0,2998,2831,167,0.00000,4.30652
534F4C31,7472,58369550,0,2996,2834,162,0.00000,4.17758
534F4C31,7472,58372395,0,2993,2834,159,0.00000,4.10022
534F4C31,7472,58374705,0,2997,2834,163,0.00000,4.20337
534F4C31,7472,58376863,0,2995,2829,166,0.00000,4.28073
534F4C31,7472,58379328,0,2997,2838,159,0.00000,4.10022
534F4C31,7472,58382654,0,3000,2834,166,0.00000,4.28073
534F4C31,7472,58386008,0,2995,2835,160,0.00000,4.12601
534F4C31,7473,58389322,0,3000,2831,169,0.00000,4.35810
534F4C31,7474,58393728,0,2993,2833,160,0.00000,4.12601
534F4C31,7475,58398379,0,2997,2835,162,0.00000,4.17758
534F4C31,7475,58403970,0,2998,2836,162,0.00000,4.17758
534F4C31,7475,58407020,0,2994,2837,157,0.00000,4.04864
534F4C31,7476,58409062,0,2994,2834,160,0.00000,4.12601
534F4C31,7477,58415101,0,2993,2834,159,0.00000,4.10022
534F4C31,7478,58419235,0,2999,2834,165,0.00000,4.25495
534F4C31,7478,58422480,0,2993,2835,158,0.00000,4.07443
534F4C31,7478,58426999,0,2990,2834,156,0.00000,4.02286
534F4C31,7478,58429538,0,2995,2835,160,0.00000,4.12601
534F4C31,7478,58432347,0,2990,2837,153,0.00000,3.94549
534F4C31,7478,58435352,0,2997,2838,159,0.00000,4.10022
534F4C31,7478,58437606,0,3001,2836,165,0.00000,4.25495
534F4C31,7478,58439844,0,2998,2835,163,0.00000,4.20337
534F4C31,7478,58442045,0,2998,2833,165,0.00000,4.25495
534F4C31,7478,58444107,0,3001,2834,167,0.00000,4.30652
534F4C31,7478,58446230,0,2998,2831,167,0.00000,4.30652
534F4C31,7479,58449310,0,2995,2834,161,0.00000,4.15179
534F4C31,7480,58453979,0,3000,2835,165,0.00000,4.25495
534F4C31,7481,58458445,0,2998,2833,165,0.00000,4.25495
534F4C31,7482,58464636,0,2994,2832,162,0.00000,4.17758
534F4C31,7482,58468829,0,2997,2834,163,0.00000,4.20337
534F4C31,7482,58472713,0,3004,2835,169,0.00000,4.35810
534F4C31,7482,58475432,0,3008,2833,175,0.00000,4.51282
534F4C31,7482,58477711,0,2990,2831,159,0.00000,4.10022
534F4C31,7483,58480864,0,2993,2834,159,0.00000,4.10022
534F4C31,7484,58486036,0,2992,2834,158,0.00000,4.07443
534F4C31,7484,58488264,0,2994,2834,160,0.00000,4.12601
534F4C31,7484,58493812,0,3000,2834,166,0.00000,4.28073
534F4C31,7484,58495986,0,2998,2836,162,0.00000,4.17758
534F4C31,7484,58498940,0,3007,2835,172,0.00000,4.43546
534F4C31,7484,58501382,0,3003,2834,169,0.00000,4.35810
534F4C31,7484,58503608,0,2996,2834,162,0.00000,4.17758
534F4C31,7484,58505641,0,2997,2834,163,0.00000,4.20337
534F4C31,7484,58507757,0,2994,2834,160,0.00000,4.12601
534F4C31,7484,58509934,0,3004,2835,169,0.00000,4.35810
534F4C31,7485,58512991,0,2997,2836,161,0.00000,4.15179
534F4C31,7486,58516712,0,2994,2838,156,0.00000,4.02286
534F4C31,7487,58522647,0,3004,2837,167,0.00000,4.30652
534F4C31,7487,58526178,0,3001,2832,169,0.00000,4.35810
534F4C31,7487,58529692,0,2995,2836,159,0.00000,4.10022
534F4C31,7487,58531956,0,2994,2835,159,0.00000,4.10022
534F4C31,7487,58534959,0,2994,2836,158,0.00000,4.07443
534F4C31,7488,58537037,0,3003,2834,169,0.00000,4.35810
534F4C31,7489,58541746,0,2994,2833,161,0.00000,4.15179
534F4C31,7490,58545563,0,3001,2834,167,0.00000,4.30652
534F4C31,7491,58551863,0,3002,2834,168,0.00000,4.33231
534F4C31,7491,58555684,0,2992,2836,156,0.00000,4.02286
534F4C31,7491,58558860,0,2996,2833,163,0.00000,4.20337
534F4C31,7492,58562229,0,3002,2832,170,0.00000,4.38388
534F4C31,7492,58566752,0,2996,2835,161,0.00000,4.15179
534F4C31,7492,58570693,0,3001,2833,168,0.00000,4.33231
534F4C31,7492,58572969,0,2996,2836,160,0.00000,4.12601
534F4C31,7492,58575662,0,3008,2836,172,0.00000,4.43546
534F4C31,7492,58578525,0,2999,2835,164,0.00000,4.22916
534F4C31,7492,58581004,0,3000,2833,167,0.00000,4.30652
534F4C31,7493,58583221,0,3008,2831,177,0.00000,4.56440
534F4C31,7494,58586338,0,2998,2835,163,0.00000,4.20337
534F4C31,7495,58590477,0,2995,2832,163,0.00000,4.20337
534F4C31,7496,58596557,0,2999,2832,167,0.00000,4.30652
534F4C31,7497,58600606,0,3000,2831,169,0.00000,4.35810
534F4C31,7497,58603556,0,3001,2831,170,0.00000,4.38388
534F4C31,7497,58608657,0,2995,2830,165,0.00000,4.25495
534F4C31,7497,58611528,0,3004,2831,173,0.00000,4.46125
534F4C31,7497,58613741,0,2996,2830,166,0.00000,4.28073
534F4C31,7498,58616872,0,3003,2831,172,0.00000,4.43546
534F4C31,7499,58621476,0,2997,2829,168,0.00000,4.33231
534F4C31,7500,58625361,0,2999,2827,172,0.00000,4.43546
534F4C31,7500,58630975,0,2997,2831,166,0.00000,4.28073
534F4C31,7500,58633548,0,2998,2830,168,0.00000,4.33231
534F4C31,7500,58636488,0,3000,2831,169,0.00000,4.35810
534F4C31,7500,58638748,0,2997,2829,168,0.00000,4.33231
534F4C31,7500,58640999,0,3000,2832,168,0.00000,4.33231
534F4C31,7500,58643240,0,2996,2829,167,0.00000,4.30652
534F4C31,7500,58645299,0,2990,2829,161,0.00000,4.15179
534F4C31,7500,58647385,0,2998,2832,166,0.00000,4.28073
534F4C31,7500,58649497,0,2997,2830,167,0.00000,4.30652
534F4C31,7500,58651730,0,3002,2832,170,0.00000,4.38388
534F4C31,7500,58653978,0,3006,2828,178,0.00000,4.59018
534F4C31,7500,58656042,0,3002,2830,172,0.00000,4.43546
534F4C31,7501,58659292,0,2999,2829,170,0.00000,4.38388
534F4C31,7501,58663349,0,2994,2832,162,0.00000,4.17758
534F4C31,7501,58666696,0,2993,2833,160,0.00000,4.12601
534F4C31,7502,58669293,0,2994,2833,161,0.00000,4.15179
534F4C31,7502,58674164,0,3000,2832,168,0.00000,4.33231
534F4C31,7502,58677271,0,2995,2831,164,0.00000,4.22916
534F4C31,7502,58679452,0,2995,2832,163,0.00000,4.20337
534F4C31,7502,58682620,0,2997,2829,168,0.00000,4.33231
534F4C31,7502,58685957,0,2995,2831,164,0.00000,4.22916
534F4C31,7502,58689285,0,3005,2833,172,0.00000,4.43546
534F4C31,7503,58693355,0,2997,2832,165,0.00000,4.25495
534F4C31,7504,58695966,0,2991,2831,160,0.00000,4.12601
534F4C31,7505,58700477,0,2997,2832,165,0.00000,4.25495
534F4C31,7505,58705415,0,2999,2828,171,0.00000,4.40967
534F4C31,7505,58707815,0,2994,2833,161,0.00000,4.15179
534F4C31,7506,58709935,0,2997,2831,166,0.00000,4.28073
534F4C31,7506,58714508,0,3004,2829,175,0.00000,4.51282
534F4C31,7506,58717516,0,2993,2828,165,0.00000,4.25495
534F4C31,7507,58719776,0,2995,2832,163,0.00000,4.20337
534F4C31,7508,58722850,0,2987,2831,156,0.00000,4.02286
534F4C31,7508,58728723,0,2997,2830,167,0.00000,4.30652
534F4C31,7508,58732209,0,3001,2831,170,0.00000,4.38388
534F4C31,7508,58734372,0,3002,2831,171,0.00000,4.40967
534F4C31,7508,58736475,0,2995,2828,167,0.00000,4.30652
534F4C31,7509,58739279,0,2997,2832,165,0.00000,4.25495
534F4C31,7510,58742623,0,2997,2830,167,0.00000,4.30652
534F4C31,7511,58748719,0,2999,2830,169,0.00000,4.35810
534F4C31,7511,58752954,0,3000,2831,169,0.00000,4.35810
534F4C31,7511,58758064,0,2995,2830,165,0.00000,4.25495
534F4C31,7511,58760433,0,2992,2829,163,0.00000,4.20337
534F4C31,7511,58763214,0,2993,2829,164,0.00000,4.22916
534F4C31,7511,58765704,0,3000,2833,167,0.00000,4.30652
534F4C31,7511,58767812,0,2998,2835,163,0.00000,4.20337
534F4C31,7511,58770253,0,2999,2827,172,0.00000,4.43546
534F4C31,7511,58772612,0,2996,2828,168,0.00000,4.33231
534F4C31,7511,58775945,0,2996,2830,166,0.00000,4.28073
534F4C31,7512,58779279,0,3004,2828,176,0.00000,4.53861
534F4C31,7512,58783279,0,3004,2832,172,0.00000,4.43546
534F4C31,7513,58786574,0,2995,2830,165,0.00000,4.25495
534F4C31,7514,58790488,0,2996,2832,164,0.00000,4.22916
534F4C31,7515,58796799,0,3002,2832,170,0.00000,4.38388
534F4C31,7515,58799971,0,2999,2831,168,0.00000,4.33231
534F4C31,7515,58804768,0,2999,2830,169,0.00000,4.35810
534F4C31,7515,58806964,0,2998,2826,172,0.00000,4.43546
534F4C31,7515,58809009,0,3008,2829,179,0.00000,4.61597
534F4C31,7516,58811276,0,3000,2830,170,0.00000,4.38388
534F4C31,7517,58816842,0,2999,2831,168,0.00000,4.33231
534F4C31,7517,58821058,0,3003,2830,173,0.00000,4.46125
534F4C31,7518,58826821,0,3002,2832,170,0.00000,4.38388
534F4C31,7518,58829122,0,2995,2831,164,0.00000,4.22916
534F4C31,7518,58833831,0,2998,2829,169,0.00000,4.35810
534F4C31,7518,58836542,0,2999,2828,171,0.00000,4.40967
534F4C31,7518,58839225,0,2994,2830,164,0.00000,4.22916
534F4C31,7518,58842133,0,2996,2831,165,0.00000,4.25495
534F4C31,7518,58844528,0,2992,2830,162,0.00000,4.17758
534F4C31,7518,58846793,0,2988,2832,156,0.00000,4.02286
534F4C31,7518,58848940,0,3005,2831,174,0.00000,4.48703
534F4C31,7518,58851312,0,3001,2832,169,0.00000,4.35810
534F4C31,7518,58853522,0,2995,2832,163,0.00000,4.20337
534F4C31,7518,58855944,0,3002,2832,170,0.00000,4.38388
534F4C31,7519,58859279,0,2997,2830,167,0.00000,4.30652
534F4C31,7520,58864295,0,3000,2835,165,0.00000,4.25495
534F4C31,7521,58867995,0,2997,2829,168,0.00000,4.33231
534F4C31,7522,58873934,0,3001,2828,173,0.00000,4.46125
534F4C31,7522,58878028,0,3001,2832,169,0.00000,4.35810
534F4C31,7522,58880366,0,2995,2831,164,0.00000,4.22916
534F4C31,7523,58884526,0,3004,2832,172,0.00000,4.43546
534F4C31,7524,58888436,0,2992,2831,161,0.00000,4.15179
534F4C31,7524,58891865,0,3001,2832,169,0.00000,4.35810
534F4C31,7524,58896203,0,2995,2828,167,0.00000,4.30652
534F4C31,7524,58898914,0,2996,2830,166,0.00000,4.28073
534F4C31,7524,58901148,0,2999,2832,167,0.00000,4.30652
534F4C31,7525,58904121,0,3000,2832,168,0.00000,4.33231
534F4C31,7525,58908844,0,3002,2832,170,0.00000,4.38388
534F4C31,7525,58911315,0,2999,2831,168,0.00000,4.33231
534F4C31,7526,58914570,0,3000,2833,167,0.00000,4.30652
534F4C31,7527,58919004,0,2999,2832,167,0.00000,4.30652
534F4C31,7527,58922517,0,2997,2828,169,0.00000,4.35810
534F4C31,7527,58926924,0,2991,2833,158,0.00000,4.07443
534F4C31,7527,58929443,0,2993,2831,162,0.00000,4.17758
534F4C31,7527,58932428,0,2996,2831,165,0.00000,4.25495
534F4C31,7527,58935207,0,2999,2830,169,0.00000,4.35810
534F4C31,7527,58937535,0,2997,2830,167,0.00000,4.30652
534F4C31,7527,58939783,0,3004,2832,172,0.00000,4.43546
534F4C31,7527,58941868,0,3000,2833,167,0.00000,4.30652
534F4C31,7527,58943978,0,3000,2830,170,0.00000,4.38388
534F4C31,7527,58946101,0,3001,2829,172,0.00000,4.43546
534F4C31,7527,58949261,0,2996,2829,167,0.00000,4.30652
534F4C31,7528,58952619,0,2997,2831,166,0.00000,4.28073
534F4C31,7529,58956773,0,3002,2830,172,0.00000,4.43546
534F4C31,7530,58960662,0,2997,2832,165,0.00000,4.25495
534F4C31,7531,58966868,0,2998,2838,160,0.00000,4.12601
534F4C31,7531,58970741,0,2997,2833,164,0.00000,4.22916
534F4C31,7531,58974898,0,2992,2835,157,0.00000,4.04864
534F4C31,7531,58977824,0,2996,2831,165,0.00000,4.25495
534F4C31,7531,58980143,0,3000,2830,170,0.00000,4.38388
534F4C31,7532,58982225,0,2995,2834,161,0.00000,4.15179
534F4C31,7533,58986246,0,3003,2833,170,0.00000,4.38388
534F4C31,7534,58989275,0,2993,2831,162,0.00000,4.17758
534F4C31,7535,58992339,0,3001,2826,175,0.00000,4.51282
534F4C31,7536,58996315,0,3001,2828,173,0.00000,4.46125
534F4C31,7537,59000138,0,2997,2832,165,0.00000,4.25495
534F4C31,7538,59005520,0,2999,2828,171,0.00000,4.40967
534F4C31,7538,59009050,0,2998,2828,170,0.00000,4.38388
534F4C31,7538,59013776,0,2999,2828,171,0.00000,4.40967
534F4C31,7538,59016720,0,3000,2829,171,0.00000,4.40967
534F4C31,7538,59019667,0,3001,2829,172,0.00000,4.43546
534F4C31,7539,59021987,0,2999,2830,169,0.00000,4.35810
534F4C31,7540,59027209,0,3005,2829,176,0.00000,4.53861
534F4C31,7540,59029383,0,2999,2833,166,0.00000,4.28073
534F4C31,7540,59034189,0,3003,2835,168,0.00000,4.33231
534F4C31,7540,59036900,0,2997,2829,168,0.00000,4.33231
534F4C31,7540,59039636,0,2996,2830,166,0.00000,4.28073
534F4C31,7540,59042541,0,2999,2828,171,0.00000,4.40967
534F4C31,7540,59045168,0,3002,2830,172,0.00000,4.43546
534F4C31,7540,59047220,0,2992,2828,164,0.00000,4.22916
534F4C31,7540,59049350,0,2995,2831,164,0.00000,4.22916
534F4C31,7540,59051436,0,2996,2832,164,0.00000,4.22916
534F4C31,7540,59053650,0,3003,2829,174,0.00000,4.48703
534F4C31,7540,59055920,0,2996,2832,164,0.00000,4.22916
534F4C31,7540,59059241,0,3000,2831,169,0.00000,4.35810
534F4C31,7540,59062582,0,3002,2832,170,0.00000,4.38388
534F4C31,7540,59065927,0,2990,2830,160,0.00000,4.12601
534F4C31,7541,59069253,0,2996,2829,167,0.00000,4.30652
534F4C31,7541,59073548,0,3003,2832,171,0.00000,4.40967
534F4C31,7541,59076369,0,3002,2830,172,0.00000,4.43546
534F4C31,7542,59079264,0,3000,2831,169,0.00000,4.35810
534F4C31,7542,59084599,0,2995,2828,167,0.00000,4.30652
534F4C31,7542,59087538,0,2994,2830,164,0.00000,4.22916
534F4C31,7542,59090683,0,2994,2831,163,0.00000,4.20337
534F4C31,7542,59092925,0,3001,2831,170,0.00000,4.38388
534F4C31,7543,59095911,0,2996,2829,167,0.00000,4.30652
534F4C31,7544,59099532,0,2988,2831,157,0.00000,4.04864
534F4C31,7545,59104175,0,3001,2830,171,0.00000,4.40967
534F4C31,7546,59110581,0,3002,2830,172,0.00000,4.43546
534F4C31,7546,59114425,0,2999,2829,170,0.00000,4.38388
534F4C31,7547,59117495,0,3002,2831,171,0.00000,4.40967
534F4C31,7547,59121373,0,3000,2830,170,0.00000,4.38388
534F4C31,7547,59124729,0,2995,2834,161,0.00000,4.15179
534F4C31,7547,59128331,0,3002,2833,169,0.00000,4.35810
534F4C31,7547,59131782,0,2999,2829,170,0.00000,4.38388
534F4C31,7547,59133984,0,3001,2830,171,0.00000,4.40967
534F4C31,7547,59136094,0,2991,2831,160,0.00000,4.12601
534F4C31,7547,59139199,0,2992,2832,160,0.00000,4.12601
534F4C31,7547,59141411,0,3002,2830,172,0.00000,4.43546
534F4C31,7547,59143475,0,2998,2829,169,0.00000,4.35810
534F4C31,7547,59145905,0,2999,2830,169,0.00000,4.35810
534F4C31,7548,59149923,0,2997,2835,162,0.00000,4.17758
534F4C31,7549,59152621,0,2997,2831,166,0.00000,4.28073
534F4C31,7550,59158199,0,2999,2833,166,0.00000,4.28073
534F4C31,7550,59162300,0,2999,2831,168,0.00000,4.33231
534F4C31,7550,59164814,0,2990,2831,159,0.00000,4.10022
534F4C31,7551,59166874,0,2991,2830,161,0.00000,4.15179
534F4C31,7552,59172659,0,2995,2829,166,0.00000,4.28073
534F4C31,7553,59176340,0,3004,2829,175,0.00000,4.51282
534F4C31,7553,59181881,0,2999,2833,166,0.00000,4.28073
534F4C31,7553,59184767,0,3001,2828,173,0.00000,4.46125
534F4C31,7553,59187891,0,2999,2831,168,0.00000,4.33231
534F4C31,7553,59190634,0,2996,2831,165,0.00000,4.25495
534F4C31,7553,59192917,0,3003,2830,173,0.00000,4.46125
534F4C31,7553,59195237,0,2994,2833,161,0.00000,4.15179
534F4C31,7553,59197484,0,2998,2830,168,0.00000,4.33231
534F4C31,7553,59199603,0,2994,2831,163,0.00000,4.20337
534F4C31,7554,59202587,0,2995,2833,162,0.00000,4.17758
534F4C31,7555,59207134,0,2999,2830,169,0.00000,4.35810
534F4C31,7556,59210274,0,3002,2828,174,0.00000,4.48703
534F4C31,7557,59217076,0,3006,2831,175,0.00000,4.51282
534F4C31,7557,59221915,0,3001,2830,171,0.00000,4.40967
534F4C31,7557,59225759,0,2993,2831,162,0.00000,4.17758
534F4C31,7557,59228515,0,2992,2830,162,0.00000,4.17758
534F4C31,7557,59230524,0,3008,2828,180,0.00000,4.64176
534F4C31,7558,59233581,0,2997,2829,168,0.00000,4.33231
534F4C31,7559,59237793,0,3007,2835,172,0.00000,4.43546
534F4C31,7560,59241523,0,2996,2828,168,0.00000,4.33231
534F4C31,7561,59246744,0,3005,2829,176,0.00000,4.53861
534F4C31,7562,59252191,0,2998,2824,174,0.00000,4.48703
534F4C31,7562,59258087,0,3001,2824,177,0.00000,4.56440
534F4C31,7562,59260257,0,2999,2824,175,0.00000,4.51282
534F4C31,7562,59262566,0,2998,2826,172,0.00000,4.43546
534F4C31,7562,59265815,0,2995,2826,169,0.00000,4.35810
534F4C31,7562,59268036,0,3001,2827,174,0.00000,4.48703
534F4C31,7562,59270096,0,3001,2824,177,0.00000,4.56440
534F4C31,7562,59272252,0,2998,2828,170,0.00000,4.38388
534F4C31,7562,59274585,0,2996,2825,171,0.00000,4.40967
534F4C31,7562,59276769,0,2991,2828,163,0.00000,4.20337
534F4C31,7562,59278953,0,3003,2828,175,0.00000,4.51282
534F4C31,7562,59281424,0,2996,2828,168,0.00000,4.33231
534F4C31,7562,59283594,0,2993,2830,163,0.00000,4.20337
534F4C31,7562,59285890,0,3000,2824,176,0.00000,4.53861
534F4C31,7562,59289221,0,2999,2824,175,0.00000,4.51282
534F4C31,7563,59292814,0,3003,2827,176,0.00000,4.53861
534F4C31,7564,59296549,0,2992,2825,167,0.00000,4.30652
534F4C31,7565,59300712,0,2999,2825,174,0.00000,4.48703
534F4C31,7566,59306033,0,2997,2827,170,0.00000,4.38388
534F4C31,7566,59309729,0,2997,2828,169,0.00000,4.35810
534F4C31,7566,59312742,0,2990,2830,160,0.00000,4.12601
534F4C31,7566,59316932,0,3002,2829,173,0.00000,4.46125
534F4C31,7566,59319135,0,2992,2828,164,0.00000,4.22916
534F4C31,7566,59321215,0,2994,2825,169,0.00000,4.35810
534F4C31,7566,59324329,0,2994,2826,168,0.00000,4.33231
534F4C31,7566,59326511,0,3001,2829,172,0.00000,4.43546
534F4C31,7566,59329221,0,2991,2825,166,0.00000,4.28073
534F4C31,7566,59332552,0,2996,2827,169,0.00000,4.35810
534F4C31,7567,59335888,0,3003,2825,178,0.00000,4.59018
534F4C31,7568,59339283,0,2997,2827,170,0.00000,4.38388
534F4C31,7569,59342999,0,3000,2828,172,0.00000,4.43546
534F4C31,7570,59347577,0,3001,2826,175,0.00000,4.51282
534F4C31,7571,59354024,0,3002,2827,175,0.00000,4.51282
534F4C31,7571,59357393,0,2995,2826,169,0.00000,4.35810
534F4C31,7571,59362222,0,2997,2825,172,0.00000,4.43546
534F4C31,7571,59364462,0,3001,2826,175,0.00000,4.51282
534F4C31,7571,59367750,0,3000,2829,171,0.00000,4.40967
534F4C31,7572,59369985,0,2992,2829,163,0.00000,4.20337
534F4C31,7573,59375011,0,3000,2828,172,0.00000,4.43546
534F4C31,7574,59379876,0,2997,2827,170,0.00000,4.38388
534F4C31,7574,59385081,0,3006,2826,180,0.00000,4.64176
534F4C31,7574,59388759,0,2999,2825,174,0.00000,4.48703
534F4C31,7574,59391822,0,3003,2826,177,0.00000,4.56440
534F4C31,7574,59394007,0,2996,2827,169,0.00000,4.35810
534F4C31,7574,59396092,0,2996,2825,171,0.00000,4.40967
534F4C31,7574,59399292,0,2997,2829,168,0.00000,4.33231
534F4C31,7574,59401458,0,2992,2828,164,0.00000,4.22916
534F4C31,7574,59403547,0,2995,2828,167,0.00000,4.30652
534F4C31,7574,59405640,0,3000,2829,171,0.00000,4.40967
534F4C31,7574,59407905,0,3001,2828,173,0.00000,4.46125
534F4C31,7575,59410205,0,2997,2827,170,0.00000,4.38388
534F4C31,7576,59413838,0,2996,2828,168,0.00000,4.33231
534F4C31,7577,59417553,0,3000,2830,170,0.00000,4.38388
534F4C31,7578,59423047,0,2993,2824,169,0.00000,4.35810
534F4C31,7579,59428238,0,2992,2824,168,0.00000,4.33231
534F4C31,7580,59434086,0,3000,2827,173,0.00000,4.46125
534F4C31,7580,59438131,0,2995,2829,166,0.00000,4.28073
534F4C31,7580,59440262,0,2995,2831,164,0.00000,4.22916
534F4C31,7580,59444859,0,2997,2827,170,0.00000,4.38388
534F4C31,7580,59447228,0,2997,2828,169,0.00000,4.35810
534F4C31,7580,59449463,0,3001,2826,175,0.00000,4.51282
534F4C31,7580,59452339,0,2995,2829,166,0.00000,4.28073
534F4C31,7580,59454672,0,2999,2828,171,0.00000,4.40967
534F4C31,7580,59456915,0,2998,2831,167,0.00000,4.30652
534F4C31,7580,59460340,0,3008,2827,181,0.00000,4.66755
534F4C31,7580,59462974,0,2995,2826,169,0.00000,4.35810
534F4C31,7580,59465167,0,2997,2828,169,0.00000,4.35810
534F4C31,7580,59468127,0,2998,2826,172,0.00000,4.43546
534F4C31,7580,59470405,0,3001,2828,173,0.00000,4.46125
534F4C31,7580,59472590,0,2998,2826,172,0.00000,4.43546
534F4C31,7580,59475875,0,3004,2830,174,0.00000,4.48703
534F4C31,7580,59479205,0,2998,2828,170,0.00000,4.38388
534F4C31,7581,59482562,0,2994,2829,165,0.00000,4.25495
534F4C31,7582,59486410,0,2995,2829,166,0.00000,4.28073
534F4C31,7583,59490886,0,2998,2825,173,0.00000,4.46125
534F4C31,7583,59497129,0,2998,2827,171,0.00000,4.40967
534F4C31,7583,59499455,0,3000,2828,172,0.00000,4.43546
534F4C31,7584,59501630,0,3001,2823,178,0.00000,4.59018
534F4C31,7585,59507169,0,3001,2829,172,0.00000,4.43546
534F4C31,7586,59510868,0,2998,2830,168,0.00000,4.33231
534F4C31,7587,59516608,0,3004,2825,179,0.00000,4.61597
534F4C31,7587,59521537,0,3003,2824,179,0.00000,4.61597
534F4C31,7587,59525874,0,2997,2824,173,0.00000,4.46125
534F4C31,7587,59528879,0,2997,2827,170,0.00000,4.38388
534F4C31,7587,59531737,0,3006,2824,182,0.00000,4.69333
534F4C31,7587,59534045,0,2995,2824,171,0.00000,4.40967
534F4C31,7587,59536317,0,2994,2827,167,0.00000,4.30652
534F4C31,7587,59538565,0,2999,2829,170,0.00000,4.38388
534F4C31,7587,59540732,0,2996,2828,168,0.00000,4.33231
534F4C31,7587,59542779,0,2996,2826,170,0.00000,4.38388
534F4C31,7587,59544927,0,2994,2824,170,0.00000,4.38388
534F4C31,7587,59547044,0,2997,2825,172,0.00000,4.43546
534F4C31,7588,59549285,0,3002,2825,177,0.00000,4.56440
534F4C31,7589,59553884,0,2998,2828,170,0.00000,4.38388
534F4C31,7590,59559799,0,3002,2827,175,0.00000,4.51282
534F4C31,7590,59562549,0,2988,2826,162,0.00000,4.17758
534F4C31,7590,59566914,0,3001,2827,174,0.00000,4.48703
534F4C31,7591,59571565,0,3002,2824,178,0.00000,4.59018
534F4C31,7591,59574612,0,2999,2827,172,0.00000,4.43546
534F4C31,7591,59577375,0,2995,2826,169,0.00000,4.35810
534F4C31,7592,59580434,0,2997,2826,171,0.00000,4.40967
534F4C31,7592,59585608,0,3005,2828,177,0.00000,4.56440
534F4C31,7592,59588974,0,3002,2828,174,0.00000,4.48703
534F4C31,7592,59592271,0,2996,2827,169,0.00000,4.35810
534F4C31,7592,59594553,0,3000,2825,175,0.00000,4.51282
534F4C31,7592,59596614,0,3004,2823,181,0.00000,4.66755
534F4C31,7592,59598731,0,3000,2825,175,0.00000,4.51282
534F4C31,7593,59600976,0,3003,2827,176,0.00000,4.53861
534F4C31,7594,59605641,0,2996,2826,170,0.00000,4.38388
534F4C31,7595,59609837,0,3001,2828,173,0.00000,4.46125
534F4C31,7596,59615564,0,3001,2827,174,0.00000,4.48703
534F4C31,7596,59620747,0,2992,2824,168,0.00000,4.33231
534F4C31,7597,59625025,0,3000,2827,173,0.00000,4.46125
534F4C31,7598,59627289,0,2999,2828,171,0.00000,4.40967
534F4C31,7599,59632446,0,2999,2828,171,0.00000,4.40967
534F4C31,7600,59637906,0,3003,2830,173,0.00000,4.46125
534F4C31,7600,59642365,0,3001,2828,173,0.00000,4.46125
534F4C31,7600,59646467,0,2995,2828,167,0.00000,4.30652
534F4C31,7600,59649487,0,2997,2829,168,0.00000,4.33231
534F4C31,7600,59652265,0,3002,2827,175,0.00000,4.51282
534F4C31,7600,59654807,0,3000,2827,173,0.00000,4.46125
534F4C31,7600,59656931,0,2994,2831,163,0.00000,4.20337
534F4C31,7600,59658952,0,3003,2828,175,0.00000,4.51282
534F4C31,7600,59661070,0,3005,2827,178,0.00000,4.59018
534F4C31,7600,59663366,0,3002,2826,176,0.00000,4.53861
534F4C31,7600,59665500,0,3005,2828,177,0.00000,4.56440
534F4C31,7600,59667591,0,2999,2829,170,0.00000,4.38388
534F4C31,7600,59669672,0,3004,2827,177,0.00000,4.56440
534F4C31,7600,59671804,0,3005,2827,178,0.00000,4.59018
534F4C31,7601,59674074,0,2998,2829,169,0.00000,4.35810
534F4C31,7602,59678228,0,2998,2827,171,0.00000,4.40967
534F4C31,7603,59682270,0,2998,2828,170,0.00000,4.38388
534F4C31,7604,59688021,0,2999,2829,170,0.00000,4.38388
534F4C31,7604,59692180,0,2996,2827,169,0.00000,4.35810
534F4C31,7604,59695521,0,3000,2827,173,0.00000,4.46125
534F4C31,7604,59697625,0,2998,2826,172,0.00000,4.43546
534F4C31,7604,59700926,0,3001,2827,174,0.00000,4.48703
534F4C31,7604,59703054,0,3003,2826,177,0.00000,4.56440
534F4C31,7604,59705106,0,2994,2828,166,0.00000,4.28073
534F4C31,7605,59708021,0,3002,2826,176,0.00000,4.53861
534F4C31,7605,59711917,0,2998,2827,171,0.00000,4.40967
534F4C31,7605,59715695,0,2999,2825,174,0.00000,4.48703
534F4C31,7605,59717852,0,2996,2827,169,0.00000,4.35810
534F4C31,7605,59720847,0,2994,2829,165,0.00000,4.25495
534F4C31,7605,59723027,0,2994,2825,169,0.00000,4.35810
534F4C31,7605,59725849,0,2991,2826,165,0.00000,4.25495
534F4C31,7606,59729181,0,3004,2828,176,0.00000,4.53861
534F4C31,7607,59732991,0,3006,2823,183,0.00000,4.71912
534F4C31,7608,59737726,0,3001,2828,173,0.00000,4.46125
534F4C31,7609,59742361,0,2991,2827,164,0.00000,4.22916
534F4C31,7610,59748191,0,3002,2829,173,0.00000,4.46125
534F4C31,7610,59751520,0,2995,2827,168,0.00000,4.33231
534F4C31,7610,59755543,0,3004,2828,176,0.00000,4.53861
534F4C31,7610,59758976,0,3000,2829,171,0.00000,4.40967
534F4C31,7610,59761169,0,2998,2826,172,0.00000,4.43546
534F4C31,7611,59763959,0,3004,2827,177,0.00000,4.56440
534F4C31,7612,59767637,0,3002,2826,176,0.00000,4.53861
534F4C31,7613,59772682,0,2989,2828,161,0.00000,4.15179
534F4C31,7614,59778160,0,2995,2828,167,0.00000,4.30652
534F4C31,7614,59783301,0,3004,2826,178,0.00000,4.59018
534F4C31,7614,59785623,0,2999,2826,173,0.00000,4.46125
534F4C31,7614,59787831,0,2993,2829,164,0.00000,4.22916
534F4C31,7614,59792215,0,2996,2829,167,0.00000,4.30652
534F4C31,7614,59794455,0,3002,2824,178,0.00000,4.59018
534F4C31,7614,59796576,0,2999,2826,173,0.00000,4.46125
534F4C31,7614,59799315,0,3002,2827,175,0.00000,4.51282
534F4C31,7614,59801736,0,3001,2829,172,0.00000,4.43546
534F4C31,7614,59803872,0,3001,2826,175,0.00000,4.51282
534F4C31,7615,59807079,0,3001,2827,174,0.00000,4.48703
534F4C31,7615,59809693,0,2997,2826,171,0.00000,4.40967
534F4C31,7615,59813076,0,3003,2823,180,0.00000,4.64176
534F4C31,7616,59817829,0,2998,2826,172,0.00000,4.43546
534F4C31,7617,59821239,0,3000,2829,171,0.00000,4.40967
534F4C31,7617,59826253,0,2997,2825,172,0.00000,4.43546
534F4C31,7617,59829298,0,2996,2825,171,0.00000,4.40967
534F4C31,7617,59832176,0,2997,2828,169,0.00000,4.35810
534F4C31,7617,59834644,0,2998,2829,169,0.00000,4.35810
534F4C31,7617,59836709,0,2997,2828,169,0.00000,4.35810
534F4C31,7617,59838756,0,2998,2827,171,0.00000,4.40967
534F4C31,7617,59840884,0,2999,2827,172,0.00000,4.43546
534F4C31,7617,59843150,0,3002,2827,175,0.00000,4.51282
534F4C31,7617,59845834,0,3001,2829,172,0.00000,4.43546
534F4C31,7618,59849224,0,3001,2828,173,0.00000,4.46125
534F4C31,7618,59852638,0,2995,2827,168,0.00000,4.33231
534F4C31,7619,59855860,0,3002,2829,173,0.00000,4.46125
534F4C31,7620,59861025,0,2999,2828,171,0.00000,4.40967
534F4C31,7621,59865965,0,3002,2824,178,0.00000,4.59018
534F4C31,7621,59869274,0,3002,2826,176,0.00000,4.53861
534F4C31,7622,59874147,0,2998,2823,175,0.00000,4.51282
534F4C31,7622,59876886,0,3006,2822,184,0.00000,4.74491
534F4C31,7622,59881777,0,2996,2821,175,0.00000,4.51282
534F4C31,7622,59884732,0,3006,2824,182,0.00000,4.69333
534F4C31,7622,59887741,0,3002,2823,179,0.00000,4.61597
534F4C31,7622,59889972,0,3000,2821,179,0.00000,4.61597
534F4C31,7622,59892973,0,2996,2826,170,0.00000,4.38388
534F4C31,7622,59895755,0,2998,2823,175,0.00000,4.51282
534F4C31,7623,59898139,0,3001,2823,178,0.00000,4.59018
534F4C31,7624,59902748,0,2996,2823,173,0.00000,4.46125
534F4C31,7624,59906685,0,2996,2821,175,0.00000,4.51282
534F4C31,7624,59911030,0,3001,2823,178,0.00000,4.59018
534F4C31,7624,59913891,0,3001,2822,179,0.00000,4.61597
534F4C31,7624,59916137,0,2998,2823,175,0.00000,4.51282
534F4C31,7625,59919448,0,3002,2826,176,0.00000,4.53861
534F4C31,7625,59923674,0,3002,2820,182,0.00000,4.69333
534F4C31,7625,59926167,0,2999,2819,180,0.00000,4.64176
534F4C31,7625,59928408,0,2996,2822,174,0.00000,4.48703
534F4C31,7625,59932256,0,2994,2821,173,0.00000,4.46125
534F4C31,7625,59934446,0,3002,2823,179,0.00000,4.61597
534F4C31,7625,59936621,0,3002,2825,177,0.00000,4.56440
534F4C31,7625,59939163,0,2996,2824,172,0.00000,4.43546
534F4C31,7626,59942524,0,3002,2822,180,0.00000,4.64176
534F4C31,7627,59946622,0,2998,2821,177,0.00000,4.56440
534F4C31,7628,59951235,0,3002,2825,177,0.00000,4.56440
534F4C31,7628,59956962,0,2996,2823,173,0.00000,4.46125
534F4C31,7628,59959201,0,2995,2820,175,0.00000,4.51282
534F4C31,7629,59961490,0,3001,2823,178,0.00000,4.59018
534F4C31,7630,59966709,0,2992,2825,167,0.00000,4.30652
534F4C31,7630,59971127,0,3000,2822,178,0.00000,4.59018
534F4C31,7630,59974679,0,2998,2823,175,0.00000,4.51282
534F4C31,7631,59977694,0,2990,2824,166,0.00000,4.28073
534F4C31,7631,59982064,0,2999,2824,175,0.00000,4.51282
534F4C31,7631,59984345,0,3000,2823,177,0.00000,4.56440
534F4C31,7631,59988425,0,3004,2825,179,0.00000,4.61597
534F4C31,7631,59990576,0,2998,2823,175,0.00000,4.51282
534F4C31,7631,59993217,0,3002,2826,176,0.00000,4.53861
534F4C31,7631,59995833,0,2995,2824,171,0.00000,4.40967
534F4C31,7631,59998342,0,3000,2822,178,0.00000,4.59018
534F4C31,7631,60000521,0,2992,2821,171,0.00000,4.40967
534F4C31,7631,60002558,0,2994,2823,171,0.00000,4.40967
534F4C31,7632,60005839,0,3002,2820,182,0.00000,4.69333
534F4C31,7633,60009545,0,2990,2824,166,0.00000,4.28073
534F4C31,7634,60014785,0,2995,2824,171,0.00000,4.40967
534F4C31,7634,60019015,0,3000,2826,174,0.00000,4.48703
534F4C31,7635,60022403,0,3000,2822,178,0.00000,4.59018
534F4C31,7636,60024763,0,2996,2821,175,0.00000,4.51282
534F4C31,7636,60030096,0,2997,2822,175,0.00000,4.51282
534F4C31,7636,60034207,0,2998,2824,174,0.00000,4.48703
534F4C31,7637,60036315,0,2994,2820,174,0.00000,4.48703
534F4C31,7638,60041695,0,2999,2821,178,0.00000,4.59018
534F4C31,7639,60044742,0,3005,2819,186,0.00000,4.79648
534F4C31,7640,60050546,0,2995,2823,172,0.00000,4.43546
534F4C31,7640,60055739,0,3003,2825,178,0.00000,4.59018
534F4C31,7640,60058657,0,3003,2827,176,0.00000,4.53861
534F4C31,7640,60062108,0,3003,2821,182,0.00000,4.69333
534F4C31,7640,60065710,0,3001,2822,179,0.00000,4.61597
534F4C31,7640,60067948,0,3002,2823,179,0.00000,4.61597
534F4C31,7640,60070806,0,2998,2826,172,0.00000,4.43546
534F4C31,7640,60073062,0,2997,2823,174,0.00000,4.48703
534F4C31,7640,60075255,0,3006,2824,182,0.00000,4.69333
534F4C31,7640,60077503,0,3001,2817,184,0.00000,4.74491
534F4C31,7640,60079732,0,2998,2821,177,0.00000,4.56440
534F4C31,7640,60081825,0,3001,2822,179,0.00000,4.61597
534F4C31,7640,60083909,0,2998,2821,177,0.00000,4.56440
534F4C31,7640,60086042,0,2995,2821,174,0.00000,4.48703
534F4C31,7640,60089150,0,3002,2820,182,0.00000,4.69333
534F4C31,7641,60092512,0,2997,2824,173,0.00000,4.46125
534F4C31,7642,60097207,0,2997,2822,175,0.00000,4.51282
534F4C31,7643,60103697,0,3004,2825,179,0.00000,4.61597
534F4C31,7643,60107744,0,3000,2822,178,0.00000,4.59018
534F4C31,7644,60111448,0,3003,2824,179,0.00000,4.61597
534F4C31,7645,60115120,0,3003,2822,181,0.00000,4.66755
534F4C31,7646,60119397,0,3003,2825,178,0.00000,4.59018
534F4C31,7647,60123787,0,3007,2825,182,0.00000,4.69333
534F4C31,7647,60129035,0,2992,2819,173,0.00000,4.46125
534F4C31,7647,60134159,0,2998,2820,178,0.00000,4.59018
534F4C31,7648,60136622,0,2998,2818,180,0.00000,4.64176
534F4C31,7649,60140226,0,3000,2822,178,0.00000,4.59018
534F4C31,7650,60144837,0,2995,2820,175,0.00000,4.51282
534F4C31,7651,60149133,0,2996,2825,171,0.00000,4.40967
534F4C31,7651,60153837,0,2999,2823,176,0.00000,4.53861
534F4C31,7651,60158183,0,2998,2819,179,0.00000,4.61597
534F4C31,7652,60161509,0,2995,2824,171,0.00000,4.40967
534F4C31,7652,60166612,0,3000,2823,177,0.00000,4.56440
534F4C31,7652,60168802,0,2996,2824,172,0.00000,4.43546
534F4C31,7652,60172887,0,2995,2823,172,0.00000,4.43546
534F4C31,7652,60175037,0,3000,2822,178,0.00000,4.59018
534F4C31,7652,60177141,0,3002,2820,182,0.00000,4.69333
534F4C31,7652,60180124,0,2993,2819,174,0.00000,4.48703
534F4C31,7652,60182478,0,2990,2823,167,0.00000,4.30652
534F4C31,7652,60184638,0,2997,2821,176,0.00000,4.53861
534F4C31,7652,60186678,0,2999,2821,178,0.00000,4.59018
534F4C31,7652,60188890,0,3000,2824,176,0.00000,4.53861
534F4C31,7652,60191144,0,2990,2823,167,0.00000,4.30652
534F4C31,7652,60193197,0,2998,2827,171,0.00000,4.40967
534F4C31,7652,60195303,0,2997,2818,179,0.00000,4.61597
534F4C31,7652,60197525,0,2998,2818,180,0.00000,4.64176
534F4C31,7652,60199770,0,2996,2819,177,0.00000,4.56440
534F4C31,7653,60202389,0,2999,2821,178,0.00000,4.59018
534F4C31,7653,60205977,0,3000,2819,181,0.00000,4.66755
534F4C31,7653,60209013,0,2999,2822,177,0.00000,4.56440
534F4C31,7653,60211340,0,2998,2818,180,0.00000,4.64176
534F4C31,7653,60214925,0,2997,2820,177,0.00000,4.56440
534F4C31,7653,60217000,0,3001,2818,183,0.00000,4.71912
534F4C31,7653,60219145,0,3002,2818,184,0.00000,4.74491
534F4C31,7654,60222465,0,3000,2821,179,0.00000,4.61597
534F4C31,7655,60227126,0,2998,2821,177,0.00000,4.56440
534F4C31,7656,60230981,0,3001,2824,177,0.00000,4.56440
534F4C31,7657,60237484,0,2996,2822,174,0.00000,4.48703
534F4C31,7657,60241095,0,2991,2818,173,0.00000,4.46125
534F4C31,7658,60244502,0,2993,2824,169,0.00000,4.35810
534F4C31,7658,60248740,0,2996,2824,172,0.00000,4.43546
534F4C31,7658,60252348,0,3003,2823,180,0.00000,4.64176
534F4C31,7658,60256625,0,3006,2821,185,0.00000,4.77070
534F4C31,7658,60259759,0,2991,2821,170,0.00000,4.38388
534F4C31,7658,60262087,0,2993,2821,172,0.00000,4.43546
534F4C31,7658,60265375,0,2999,2824,175,0.00000,4.51282
534F4C31,7658,60267440,0,3001,2820,181,0.00000,4.66755
534F4C31,7658,60269485,0,2998,2823,175,0.00000,4.51282
534F4C31,7658,60271805,0,2995,2825,170,0.00000,4.38388
534F4C31,7659,60274083,0,3002,2822,180,0.00000,4.64176
534F4C31,7660,60277837,0,2999,2819,180,0.00000,4.64176
534F4C31,7661,60281688,0,3009,2823,186,0.00000,4.79648
534F4C31,7662,60286395,0,3001,2823,178,0.00000,4.59018
534F4C31,7662,60291888,0,2999,2822,177,0.00000,4.56440
534F4C31,7662,60294207,0,2996,2825,171,0.00000,4.40967
534F4C31,7663,60297028,0,2996,2823,173,0.00000,4.46125
534F4C31,7663,60301639,0,2996,2822,174,0.00000,4.48703
534F4C31,7663,60304416,0,3000,2820,180,0.00000,4.64176
534F4C31,7664,60309761,0,3004,2822,182,0.00000,4.69333
534F4C31,7665,60314704,0,3009,2822,187,0.00000,4.82227
534F4C31,7665,60318215,0,2996,2816,180,0.00000,4.64176
534F4C31,7665,60320503,0,2997,2821,176,0.00000,4.53861
534F4C31,7665,60322665,0,2997,2822,175,0.00000,4.51282
534F4C31,7665,60327105,0,2998,2821,177,0.00000,4.56440
534F4C31,7665,60329382,0,2997,2821,176,0.00000,4.53861
534F4C31,7665,60331527,0,2998,2825,173,0.00000,4.46125
534F4C31,7665,60333568,0,2996,2824,172,0.00000,4.43546
534F4C31,7665,60336698,0,2993,2824,169,0.00000,4.35810
534F4C31,7665,60338897,0,3001,2821,180,0.00000,4.64176
534F4C31,7665,60341259,0,3003,2821,182,0.00000,4.69333
534F4C31,7666,60343401,0,3002,2822,180,0.00000,4.64176
534F4C31,7667,60346302,0,3002,2820,182,0.00000,4.69333
534F4C31,7668,60350754,0,2997,2822,175,0.00000,4.51282
534F4C31,7669,60356887,0,3005,2822,183,0.00000,4.71912
534F4C31,7670,60361583,0,2991,2820,171,0.00000,4.40967
534F4C31,7670,60365991,0,3002,2821,181,0.00000,4.66755
534F4C31,7671,60368233,0,2992,2827,165,0.00000,4.25495
534F4C31,7672,60370508,0,2997,2824,173,0.00000,4.46125
534F4C31,7672,60375803,0,2997,2820,177,0.00000,4.56440
534F4C31,7672,60380220,0,2999,2824,175,0.00000,4.51282
534F4C31,7672,60382310,0,3002,2821,181,0.00000,4.66755
534F4C31,7673,60385558,0,3004,2824,180,0.00000,4.64176
534F4C31,7673,60389799,0,2995,2824,171,0.00000,4.40967
534F4C31,7673,60392497,0,3005,2824,181,0.00000,4.66755
534F4C31,7673,60395229,0,2998,2822,176,0.00000,4.53861
534F4C31,7673,60398044,0,3004,2822,182,0.00000,4.69333
534F4C31,7673,60400403,0,2995,2823,172,0.00000,4.43546
534F4C31,7673,60402638,0,2998,2824,174,0.00000,4.48703
534F4C31,7673,60404728,0,3003,2825,178,0.00000,4.59018
534F4C31,7673,60407186,0,2997,2824,173,0.00000,4.46125
534F4C31,7673,60409241,0,2994,2819,175,0.00000,4.51282
534F4C31,7673,60412848,0,3001,2824,177,0.00000,4.56440
534F4C31,7674,60415795,0,2995,2824,171,0.00000,4.40967
534F4C31,7675,60420875,0,2996,2822,174,0.00000,4.48703
534F4C31,7676,60424753,0,3002,2823,179,0.00000,4.61597
534F4C31,7677,60430395,0,2996,2823,173,0.00000,4.46125
534F4C31,7677,60433962,0,3002,2822,180,0.00000,4.64176
534F4C31,7677,60438540,0,2999,2821,178,0.00000,4.59018
534F4C31,7678,60440761,0,3002,2825,177,0.00000,4.56440
534F4C31,7678,60443959,0,2997,2825,172,0.00000,4.43546
534F4C31,7678,60448764,0,3003,2822,181,0.00000,4.66755
534F4C31,7678,60450934,0,3002,2821,181,0.00000,4.66755
534F4C31,7678,60453732,0,2997,2824,173,0.00000,4.46125
534F4C31,7679,60456890,0,2993,2823,170,0.00000,4.38388
534F4C31,7679,60460944,0,2999,2825,174,0.00000,4.48703
534F4C31,7679,60463458,0,2999,2820,179,0.00000,4.61597
534F4C31,7679,60465502,0,2999,2824,175,0.00000,4.51282
534F4C31,7679,60469153,0,2989,2824,165,0.00000,4.25495
534F4C31,7679,60471326,0,2999,2823,176,0.00000,4.53861
534F4C31,7679,60473533,0,2995,2826,169,0.00000,4.35810
534F4C31,7679,60475807,0,3010,2825,185,0.00000,4.77070
534F4C31,7679,60479104,0,2995,2821,174,0.00000,4.48703
534F4C31,7680,60482450,0,2995,2820,175,0.00000,4.51282
534F4C31,7681,60487367,0,3000,2824,176,0.00000,4.53861
534F4C31,7682,60491152,0,2997,2822,175,0.00000,4.51282
534F4C31,7683,60497500,0,2998,2822,176,0.00000,4.53861
534F4C31,7683,60502717,0,2998,2821,177,0.00000,4.56440
534F4C31,7683,60505612,0,2998,2820,178,0.00000,4.59018
534F4C31,7683,60508425,0,2991,2825,166,0.00000,4.28073
534F4C31,7683,60511920,0,2999,2819,180,0.00000,4.64176
534F4C31,7683,60514135,0,3004,2827,177,0.00000,4.56440
534F4C31,7683,60516289,0,3001,2824,177,0.00000,4.56440
534F4C31,7684,60518499,0,2997,2827,170,0.00000,4.38388
534F4C31,7684,60522355,0,2995,2818,177,0.00000,4.56440
534F4C31,7684,60524875,0,2996,2818,178,0.00000,4.59018
534F4C31,7685,60527137,0,3000,2817,183,0.00000,4.71912
534F4C31,7686,60531952,0,2995,2817,178,0.00000,4.59018
534F4C31,7687,60535413,0,2999,2815,184,0.00000,4.74491
534F4C31,7687,60540443,0,3001,2817,184,0.00000,4.74491
534F4C31,7687,60542911,0,2996,2820,176,0.00000,4.53861
534F4C31,7687,60544973,0,2993,2815,178,0.00000,4.59018
534F4C31,7687,60548176,0,3003,2817,186,0.00000,4.79648
534F4C31,7688,60550881,0,2992,2815,177,0.00000,4.56440
534F4C31,7688,60554956,0,3002,2818,184,0.00000,4.74491
534F4C31,7688,60559885,0,3004,2815,189,0.00000,4.87385
534F4C31,7689,60563029,0,2995,2818,177,0.00000,4.56440
534F4C31,7690,60567665,0,2997,2818,179,0.00000,4.61597
534F4C31,7690,60571804,0,2995,2820,175,0.00000,4.51282
534F4C31,7690,60576561,0,2996,2815,181,0.00000,4.66755
534F4C31,7690,60579020,0,3000,2819,181,0.00000,4.66755
534F4C31,7690,60581945,0,3005,2814,191,0.00000,4.92542
534F4C31,7690,60584305,0,3003,2817,186,0.00000,4.79648
534F4C31,7690,60586456,0,2999,2816,183,0.00000,4.71912
534F4C31,7690,60588704,0,2994,2819,175,0.00000,4.51282
534F4C31,7690,60590819,0,3000,2815,185,0.00000,4.77070
534F4C31,7690,60592867,0,3002,2816,186,0.00000,4.79648
534F4C31,7691,60595793,0,3006,2816,190,0.00000,4.89963
534F4C31,7692,60600155,0,3000,2818,182,0.00000,4.69333
534F4C31,7693,60605136,0,3000,2815,185,0.00000,4.77070
534F4C31,7693,60609989,0,2994,2818,176,0.00000,4.53861
534F4C31,7693,60613389,0,2999,2819,180,0.00000,4.64176
534F4C31,7694,60616936,0,3002,2818,184,0.00000,4.74491
534F4C31,7694,60621881,0,2995,2821,174,0.00000,4.48703
534F4C31,7695,60624170,0,2996,2815,181,0.00000,4.66755
534F4C31,7696,60626508,0,3003,2820,183,0.00000,4.71912
534F4C31,7697,60632240,0,2999,2818,181,0.00000,4.66755
534F4C31,7697,60637328,0,2994,2813,181,0.00000,4.66755
534F4C31,7697,60642153,0,2997,2822,175,0.00000,4.51282
534F4C31,7698,60645051,0,2996,2814,182,0.00000,4.69333
534F4C31,7698,60650237,0,2994,2816,178,0.00000,4.59018
534F4C31,7698,60652611,0,3004,2816,188,0.00000,4.84806
534F4C31,7698,60654838,0,2992,2818,174,0.00000,4.48703
534F4C31,7698,60658164,0,2996,2818,178,0.00000,4.59018
534F4C31,7698,60660377,0,3003,2814,189,0.00000,4.87385
534F4C31,7698,60662574,0,3000,2815,185,0.00000,4.77070
534F4C31,7698,60664836,0,2996,2819,177,0.00000,4.56440
534F4C31,7698,60666831,0,3002,2818,184,0.00000,4.74491
534F4C31,7698,60668951,0,2999,2816,183,0.00000,4.71912
534F4C31,7698,60671141,0,2996,2817,179,0.00000,4.61597
534F4C31,7698,60673416,0,2993,2821,172,0.00000,4.43546
534F4C31,7699,60675769,0,2996,2819,177,0.00000,4.56440
534F4C31,7700,60680205,0,2994,2816,178,0.00000,4.59018
534F4C31,7701,60684391,0,2997,2817,180,0.00000,4.64176
534F4C31,7702,60688750,0,2999,2817,182,0.00000,4.69333
534F4C31,7702,60693613,0,2997,2824,173,0.00000,4.46125
534F4C31,7702,60695938,0,2995,2816,179,0.00000,4.61597
534F4C31,7703,60698948,0,2995,2820,175,0.00000,4.51282
534F4C31,7703,60703394,0,2999,2818,181,0.00000,4.66755
534F4C31,7703,60706134,0,3001,2816,185,0.00000,4.77070
534F4C31,7704,60708914,0,2990,2816,174,0.00000,4.48703
534F4C31,7704,60714706,0,3004,2822,182,0.00000,4.69333
534F4C31,7704,60717501,0,2996,2818,178,0.00000,4.59018
534F4C31,7704,60720280,0,2992,2820,172,0.00000,4.43546
534F4C31,7704,60722455,0,2997,2814,183,0.00000,4.71912
534F4C31,7704,60725615,0,2995,2822,173,0.00000,4.46125
534F4C31,7704,60727855,0,2999,2820,179,0.00000,4.61597
534F4C31,7704,60729839,0,3000,2818,182,0.00000,4.69333
534F4C31,7704,60732422,0,3001,2819,182,0.00000,4.69333
534F4C31,7705,60735764,0,2997,2818,179,0.00000,4.61597
534F4C31,7706,60740600,0,2996,2816,180,0.00000,4.64176
534F4C31,7707,60745928,0,3002,2815,187,0.00000,4.82227
534F4C31,7707,60750122,0,2993,2816,177,0.00000,4.56440
534F4C31,7707,60753252,0,2999,2817,182,0.00000,4.69333
534F4C31,7708,60757499,0,2997,2818,179,0.00000,4.61597
534F4C31,7709,60761552,0,3004,2816,188,0.00000,4.84806
534F4C31,7709,60765326,0,3000,2817,183,0.00000,4.71912
534F4C31,7709,60769123,0,2999,2819,180,0.00000,4.64176
534F4C31,7709,60771228,0,3003,2818,185,0.00000,4.77070
534F4C31,7709,60774079,0,2993,2816,177,0.00000,4.56440
534F4C31,7709,60776641,0,3001,2824,177,0.00000,4.56440
534F4C31,7709,60778846,0,2999,2816,183,0.00000,4.71912
534F4C31,7709,60780975,0,3004,2817,187,0.00000,4.82227
534F4C31,7709,60783178,0,2999,2817,182,0.00000,4.69333
534F4C31,7710,60785757,0,2996,2815,181,0.00000,4.66755
534F4C31,7711,60789524,0,2986,2814,172,0.00000,4.43546
534F4C31,7712,60792872,0,2998,2816,182,0.00000,4.69333
534F4C31,7713,60796219,0,3003,2814,189,0.00000,4.87385
534F4C31,7714,60804043,0,2998,2817,181,0.00000,4.66755
534F4C31,7714,60808848,0,3000,2815,185,0.00000,4.77070
534F4C31,7714,60812299,0,3000,2816,184,0.00000,4.74491
534F4C31,7714,60815175,0,2998,2814,184,0.00000,4.74491
534F4C31,7714,60819964,0,2994,2816,178,0.00000,4.59018
534F4C31,7714,60822166,0,3000,2819,181,0.00000,4.66755
534F4C31,7714,60824184,0,2999,2816,183,0.00000,4.71912
534F4C31,7714,60826303,0,2995,2820,175,0.00000,4.51282
534F4C31,7714,60828413,0,2993,2816,177,0.00000,4.56440
534F4C31,7714,60830598,0,2989,2819,170,0.00000,4.38388
534F4C31,7714,60832805,0,2995,2815,180,0.00000,4.64176
534F4C31,7715,60835972,0,3003,2818,185,0.00000,4.77070
534F4C31,7716,60839883,0,2995,2819,176,0.00000,4.53861
534F4C31,7717,60846636,0,3005,2816,189,0.00000,4.87385
534F4C31,7717,60851310,0,3002,2818,184,0.00000,4.74491
534F4C31,7718,60855561,0,2996,2814,182,0.00000,4.69333
534F4C31,7718,60858769,0,2992,2818,174,0.00000,4.48703
534F4C31,7718,60862915,0,2994,2815,179,0.00000,4.61597
534F4C31,7718,60867948,0,2991,2814,177,0.00000,4.56440
534F4C31,7718,60870200,0,2999,2817,182,0.00000,4.69333
534F4C31,7718,60873173,0,2998,2815,183,0.00000,4.71912
534F4C31,7718,60875321,0,2998,2817,181,0.00000,4.66755
534F4C31,7718,60877345,0,2997,2814,183,0.00000,4.71912
534F4C31,7718,60879453,0,2993,2817,176,0.00000,4.53861
534F4C31,7718,60881705,0,2995,2814,181,0.00000,4.66755
534F4C31,7719,60883974,0,2995,2814,181,0.00000,4.66755
534F4C31,7720,60888227,0,3001,2820,181,0.00000,4.66755
534F4C31,7721,60892066,0,2998,2819,179,0.00000,4.61597
534F4C31,7722,60897513,0,3001,2816,185,0.00000,4.77070
534F4C31,7722,60901807,0,3004,2814,190,0.00000,4.89963
534F4C31,7722,60906312,0,3010,2815,195,0.00000,5.02857
534F4C31,7722,60909097,0,2995,2816,179,0.00000,4.61597
534F4C31,7722,60911306,0,3002,2814,188,0.00000,4.84806
534F4C31,7723,60914267,0,2994,2817,177,0.00000,4.56440
534F4C31,7723,60918899,0,3003,2820,183,0.00000,4.71912
534F4C31,7723,60921374,0,3006,2818,188,0.00000,4.84806
534F4C31,7723,60923731,0,3000,2815,185,0.00000,4.77070
534F4C31,7723,60927081,0,2995,2818,177,0.00000,4.56440
534F4C31,7723,60929197,0,2998,2820,178,0.00000,4.59018
534F4C31,7723,60931279,0,2993,2820,173,0.00000,4.46125
534F4C31,7723,60933603,0,3002,2818,184,0.00000,4.74491
534F4C31,7724,60935743,0,2997,2817,180,0.00000,4.64176
534F4C31,7725,60940295,0,2997,2819,178,0.00000,4.59018
534F4C31,7726,60944023,0,3002,2817,185,0.00000,4.77070
534F4C31,7727,60949907,0,2994,2814,180,0.00000,4.64176
534F4C31,7727,60952192,0,3003,2819,184,0.00000,4.74491
534F4C31,7727,60956581,0,2998,2816,182,0.00000,4.69333
534F4C31,7728,60959614,0,2994,2817,177,0.00000,4.56440
534F4C31,7729,60963043,0,3014,2819,195,0.00000,5.02857
534F4C31,7730,60970801,0,3000,2817,183,0.00000,4.71912
534F4C31,7730,60974467,0,3004,2820,184,0.00000,4.74491
534F4C31,7731,60978508,0,3002,2819,183,0.00000,4.71912
534F4C31,7732,60981699,0,3002,2820,182,0.00000,4.69333
534F4C31,7733,60986393,0,2999,2818,181,0.00000,4.66755
534F4C31,7734,60991432,0,3005,2817,188,0.00000,4.84806
534F4C31,7735,60996547,0,2995,2821,174,0.00000,4.48703
534F4C31,7735,61001316,0,3003,2818,185,0.00000,4.77070
534F4C31,7735,61004338,0,2996,2814,182,0.00000,4.69333
534F4C31,7735,61006545,0,2997,2813,184,0.00000,4.74491
534F4C31,7735,61009876,0,2996,2818,178,0.00000,4.59018
534F4C31,7735,61012071,0,2995,2818,177,0.00000,4.56440
534F4C31,7735,61014234,0,2998,2818,180,0.00000,4.64176
534F4C31,7736,61016435,0,3001,2817,184,0.00000,4.74491
534F4C31,7736,61020420,0,2998,2819,179,0.00000,4.61597
534F4C31,7736,61023302,0,2996,2815,181,0.00000,4.66755
534F4C31,7736,61025486,0,3003,2817,186,0.00000,4.79648
534F4C31,7736,61028907,0,2998,2819,179,0.00000,4.61597
534F4C31,7736,61031103,0,2999,2816,183,0.00000,4.71912
534F4C31,7736,61033216,0,2998,2816,182,0.00000,4.69333
534F4C31,7736,61035411,0,2997,2816,181,0.00000,4.66755
534F4C31,7736,61037551,0,2999,2817,182,0.00000,4.69333
534F4C31,7736,61039738,0,3003,2818,185,0.00000,4.77070
534F4C31,7736,61041836,0,2997,2817,180,0.00000,4.64176
534F4C31,7736,61043905,0,2999,2821,178,0.00000,4.59018
534F4C31,7736,61046078,0,2999,2822,177,0.00000,4.56440
534F4C31,7736,61049066,0,3001,2821,180,0.00000,4.64176
534F4C31,7736,61052378,0,2999,2815,184,0.00000,4.74491
534F4C31,7736,61055713,0,2998,2816,182,0.00000,4.69333
534F4C31,7737,61059053,0,3002,2817,185,0.00000,4.77070
534F4C31,7738,61062602,0,2998,2819,179,0.00000,4.61597
534F4C31,7739,61066841,0,3001,2816,185,0.00000,4.77070
534F4C31,7740,61072230,0,2995,2816,179,0.00000,4.61597
534F4C31,7741,61077624,0,2995,2815,180,0.00000,4.64176
534F4C31,7741,61080888,0,2996,2820,176,0.00000,4.53861
534F4C31,7741,61085424,0,3001,2817,184,0.00000,4.74491
534F4C31,7742,61087589,0,2998,2820,178,0.00000,4.59018
534F4C31,7742,61092582,0,2997,2819,178,0.00000,4.59018
534F4C31,7742,61096100,0,3001,2816,185,0.00000,4.77070
534F4C31,7743,61099156,0,2995,2817,178,0.00000,4.59018
534F4C31,7743,61104674,0,3001,2816,185,0.00000,4.77070
534F4C31,7743,61106947,0,3003,2821,182,0.00000,4.69333
534F4C31,7743,61109017,0,3004,2817,187,0.00000,4.82227
534F4C31,7743,61112059,0,2999,2813,186,0.00000,4.79648
534F4C31,7744,61114476,0,2996,2818,178,0.00000,4.59018
534F4C31,7744,61118500,0,3000,2817,183,0.00000,4.71912
534F4C31,7744,61122171,0,3001,2818,183,0.00000,4.71912
534F4C31,7744,61125811,0,2996,2821,175,0.00000,4.51282
534F4C31,7744,61128016,0,2997,2816,181,0.00000,4.66755
534F4C31,7744,61130145,0,2995,2817,178,0.00000,4.59018
534F4C31,7744,61132455,0,2998,2814,184,0.00000,4.74491
534F4C31,7744,61134707,0,3001,2816,185,0.00000,4.77070
534F4C31,7744,61136819,0,2997,2819,178,0.00000,4.59018
534F4C31,7745,61139048,0,3001,2821,180,0.00000,4.64176
534F4C31,7746,61142381,0,3001,2818,183,0.00000,4.71912
534F4C31,7747,61146834,0,2998,2819,179,0.00000,4.61597
534F4C31,7748,61152163,0,3001,2818,183,0.00000,4.71912
534F4C31,7748,61157727,0,3002,2819,183,0.00000,4.71912
534F4C31,7748,61161208,0,3001,2813,188,0.00000,4.84806
534F4C31,7749,61164266,0,2996,2815,181,0.00000,4.66755
534F4C31,7750,61168632,0,3001,2817,184,0.00000,4.74491
534F4C31,7751,61174051,0,2997,2818,179,0.00000,4.61597
534F4C31,7752,61179911,0,2997,2809,188,0.00000,4.84806
534F4C31,7752,61184084,0,3001,2813,188,0.00000,4.84806
534F4C31,7753,61187309,0,3000,2814,186,0.00000,4.79648
534F4C31,7753,61191603,0,2996,2813,183,0.00000,4.71912
534F4C31,7753,61195271,0,2992,2812,180,0.00000,4.64176
534F4C31,7754,61198916,0,3005,2811,194,0.00000,5.00278
534F4C31,7755,61202248,0,3002,2814,188,0.00000,4.84806
534F4C31,7756,61208811,0,2993,2814,179,0.00000,4.61597
534F4C31,7756,61213683,0,2995,2810,185,0.00000,4.77070
534F4C31,7756,61217909,0,2995,2812,183,0.00000,4.71912
534F4C31,7757,61220838,0,3000,2810,190,0.00000,4.89963
534F4C31,7758,61225210,0,2995,2812,183,0.00000,4.71912
534F4C31,7759,61230913,0,2994,2811,183,0.00000,4.71912
534F4C31,7759,61235031,0,3001,2811,190,0.00000,4.89963
534F4C31,7759,61239295,0,2999,2813,186,0.00000,4.79648
534F4C31,7759,61241515,0,3001,2813,188,0.00000,4.84806
534F4C31,7759,61244358,0,2998,2814,184,0.00000,4.74491
534F4C31,7759,61246697,0,3004,2811,193,0.00000,4.97700
534F4C31,7759,61248937,0,2999,2814,185,0.00000,4.77070
534F4C31,7759,61251102,0,2996,2811,185,0.00000,4.77070
534F4C31,7759,61253305,0,2999,2811,188,0.00000,4.84806
534F4C31,7759,61255458,0,3007,2811,196,0.00000,5.05436
534F4C31,7759,61257511,0,2998,2815,183,0.00000,4.71912
534F4C31,7759,61259607,0,2998,2815,183,0.00000,4.71912
534F4C31,7759,61261836,0,2996,2817,179,0.00000,4.61597
534F4C31,7759,61264264,0,2993,2813,180,0.00000,4.64176
534F4C31,7759,61266442,0,2994,2808,186,0.00000,4.79648
534F4C31,7759,61268528,0,2995,2812,183,0.00000,4.71912
534F4C31,7759,61270629,0,2997,2811,186,0.00000,4.79648
534F4C31,7759,61272777,0,3006,2813,193,0.00000,4.97700
534F4C31,7759,61275030,0,2999,2809,190,0.00000,4.89963
534F4C31,7759,61277223,0,2996,2815,181,0.00000,4.66755
534F4C31,7759,61279324,0,3000,2810,190,0.00000,4.89963
534F4C31,7759,61281358,0,2990,2812,178,0.00000,4.59018
534F4C31,7759,61283516,0,3003,2811,192,0.00000,4.95121
534F4C31,7760,61285738,0,2997,2816,181,0.00000,4.66755
534F4C31,7761,61290522,0,2998,2816,182,0.00000,4.69333
534F4C31,7762,61294349,0,2991,2815,176,0.00000,4.53861
534F4C31,7763,61300007,0,3003,2812,191,0.00000,4.92542
534F4C31,7763,61304781,0,2997,2812,185,0.00000,4.77070
534F4C31,7763,61309192,0,3000,2813,187,0.00000,4.82227
534F4C31,7763,61311391,0,2994,2809,185,0.00000,4.77070
534F4C31,7763,61313528,0,3004,2812,192,0.00000,4.95121
534F4C31,7763,61316367,0,2995,2815,180,0.00000,4.64176
534F4C31,7763,61318882,0,2996,2811,185,0.00000,4.77070
534F4C31,7763,61321141,0,3000,2813,187,0.00000,4.82227
534F4C31,7763,61323299,0,3002,2811,191,0.00000,4.92542
534F4C31,7763,61325689,0,3005,2811,194,0.00000,5.00278
534F4C31,7763,61329041,0,2999,2812,187,0.00000,4.82227
534F4C31,7764,61332388,0,3000,2808,192,0.00000,4.95121
534F4C31,7765,61335982,0,3000,2814,186,0.00000,4.79648
534F4C31,7766,61340179,0,3003,2814,189,0.00000,4.87385
534F4C31,7767,61344711,0,2996,2811,185,0.00000,4.77070
534F4C31,7767,61351250,0,2998,2815,183,0.00000,4.71912
534F4C31,7767,61355240,0,2992,2816,176,0.00000,4.53861
534F4C31,7768,61357439,0,3001,2815,186,0.00000,4.79648
534F4C31,7769,61362858,0,2998,2814,184,0.00000,4.74491
534F4C31,7769,61366587,0,2996,2817,179,0.00000,4.61597
534F4C31,7769,61370482,0,3003,2815,188,0.00000,4.84806
534F4C31,7769,61373837,0,3002,2812,190,0.00000,4.89963
534F4C31,7769,61376015,0,2998,2811,187,0.00000,4.82227
534F4C31,7770,61379290,0,2999,2812,187,0.00000,4.82227
534F4C31,7771,61383600,0,2996,2814,182,0.00000,4.69333
534F4C31,7771,61388144,0,2998,2811,187,0.00000,4.82227
534F4C31,7771,61392299,0,2999,2814,185,0.00000,4.77070
534F4C31,7771,61394501,0,3001,2812,189,0.00000,4.87385
534F4C31,7771,61398253,0,2996,2813,183,0.00000,4.71912
534F4C31,7771,61400307,0,3003,2811,192,0.00000,4.95121
534F4C31,7771,61403158,0,2999,2811,188,0.00000,4.84806
534F4C31,7772,61405722,0,2998,2821,177,0.00000,4.56440
534F4C31,7772,61410255,0,2999,2815,184,0.00000,4.74491
534F4C31,7772,61413476,0,3000,2814,186,0.00000,4.79648
534F4C31,7772,61415607,0,3000,2811,189,0.00000,4.87385
534F4C31,7772,61418753,0,3002,2814,188,0.00000,4.84806
534F4C31,7772,61421358,0,2997,2813,184,0.00000,4.74491
534F4C31,7772,61423550,0,2999,2814,185,0.00000,4.77070
534F4C31,7773,61425598,0,3001,2813,188,0.00000,4.84806
534F4C31,7774,61428465,0,3004,2812,192,0.00000,4.95121
534F4C31,7775,61433614,0,2999,2815,184,0.00000,4.74491
534F4C31,7776,61438436,0,3004,2812,192,0.00000,4.95121
534F4C31,7776,61443020,0,2997,2811,186,0.00000,4.79648
534F4C31,7776,61446624,0,2996,2811,185,0.00000,4.77070
534F4C31,7776,61450723,0,2999,2813,186,0.00000,4.79648
534F4C31,7776,61453048,0,3002,2811,191,0.00000,4.92542
534F4C31,7777,61455293,0,2988,2814,174,0.00000,4.48703
534F4C31,7778,61459960,0,3000,2808,192,0.00000,4.95121
534F4C31,7779,61463828,0,2999,2813,186,0.00000,4.79648
534F4C31,7779,61469025,0,2995,2811,184,0.00000,4.74491
534F4C31,7779,61472427,0,2997,2813,184,0.00000,4.74491
534F4C31,7779,61474591,0,2992,2813,179,0.00000,4.61597
534F4C31,7779,61477435,0,2993,2814,179,0.00000,4.61597
534F4C31,7779,61479843,0,2999,2812,187,0.00000,4.82227
534F4C31,7779,61481931,0,2996,2813,183,0.00000,4.71912
534F4C31,7779,61484086,0,2993,2813,180,0.00000,4.64176
534F4C31,7779,61486271,0,2997,2812,185,0.00000,4.77070
534F4C31,7779,61488509,0,3012,2810,202,0.00000,5.20908
534F4C31,7780,61490588,0,2998,2813,185,0.00000,4.77070
534F4C31,7781,61495078,0,2997,2811,186,0.00000,4.79648
534F4C31,7782,61498817,0,2994,2810,184,0.00000,4.74491
534F4C31,7783,61504759,0,2999,2815,184,0.00000,4.74491
534F4C31,7783,61509071,0,3000,2813,187,0.00000,4.82227
534F4C31,7783,61513172,0,2993,2812,181,0.00000,4.66755
534F4C31,7783,61515333,0,2999,2809,190,0.00000,4.89963
534F4C31,7783,61518263,0,2999,2813,186,0.00000,4.79648
534F4C31,7784,61521462,0,2998,2814,184,0.00000,4.74491
534F4C31,7784,61526126,0,3000,2810,190,0.00000,4.89963
534F4C31,7784,61528452,0,2996,2809,187,0.00000,4.82227
534F4C31,7784,61531057,0,2995,2811,184,0.00000,4.74491
534F4C31,7784,61534343,0,2998,2812,186,0.00000,4.79648
534F4C31,7784,61536702,0,2992,2813,179,0.00000,4.61597
534F4C31,7784,61538907,0,3001,2814,187,0.00000,4.82227
534F4C31,7784,61541145,0,3001,2812,189,0.00000,4.87385
534F4C31,7784,61543321,0,2996,2812,184,0.00000,4.74491
534F4C31,7785,61545686,0,2995,2814,181,0.00000,4.66755
534F4C31,7786,61550061,0,2997,2811,186,0.00000,4.79648
534F4C31,7787,61553907,0,3002,2811,191,0.00000,4.92542
534F4C31,7787,61559537,0,3005,2816,189,0.00000,4.87385
534F4C31,7787,61562277,0,2994,2814,180,0.00000,4.64176
534F4C31,7788,61565301,0,2999,2812,187,0.00000,4.82227
534F4C31,7788,61568606,0,2997,2814,183,0.00000,4.71912
534F4C31,7788,61572246,0,2994,2816,178,0.00000,4.59018
534F4C31,7788,61574491,0,2997,2814,183,0.00000,4.71912
534F4C31,7789,61577714,0,2997,2815,182,0.00000,4.69333
534F4C31,7789,61582559,0,3003,2810,193,0.00000,4.97700
534F4C31,7789,61586283,0,3001,2815,186,0.00000,4.79648
534F4C31,7789,61588457,0,3000,2817,183,0.00000,4.71912
534F4C31,7789,61590486,0,3001,2813,188,0.00000,4.84806
534F4C31,7790,61593413,0,2991,2819,172,0.00000,4.43546
534F4C31,7791,61597992,0,2997,2811,186,0.00000,4.79648
534F4C31,7792,61603242,0,2999,2812,187,0.00000,4.82227
534F4C31,7792,61607997,0,3001,2815,186,0.00000,4.79648
534F4C31,7792,61610934,0,2995,2812,183,0.00000,4.71912
534F4C31,7792,61614069,0,2998,2812,186,0.00000,4.79648
534F4C31,7792,61616306,0,2998,2812,186,0.00000,4.79648
534F4C31,7792,61618332,0,3001,2813,188,0.00000,4.84806
534F4C31,7792,61620536,0,2996,2813,183,0.00000,4.71912
534F4C31,7793,61622802,0,3003,2814,189,0.00000,4.87385
534F4C31,7794,61627070,0,2995,2814,181,0.00000,4.66755
534F4C31,7795,61631028,0,3004,2820,184,0.00000,4.74491
534F4C31,7796,61637302,0,3005,2816,189,0.00000,4.87385
534F4C31,7796,61642978,0,3000,2814,186,0.00000,4.79648
534F4C31,7796,61647210,0,3003,2811,192,0.00000,4.95121
534F4C31,7796,61650183,0,2998,2812,186,0.00000,4.79648
534F4C31,7796,61652387,0,2996,2815,181,0.00000,4.66755
534F4C31,7796,61655160,0,2997,2813,184,0.00000,4.74491
534F4C31,7796,61657667,0,3000,2812,188,0.00000,4.84806
534F4C31,7796,61659760,0,2999,2817,182,0.00000,4.69333
534F4C31,7796,61661846,0,3003,2814,189,0.00000,4.87385
534F4C31,7796,61663935,0,3002,2809,193,0.00000,4.97700
534F4C31,7796,61666073,0,2996,2812,184,0.00000,4.74491
534F4C31,7797,61669010,0,2998,2813,185,0.00000,4.77070
534F4C31,7798,61673648,0,3001,2816,185,0.00000,4.77070
534F4C31,7799,61677472,0,2994,2814,180,0.00000,4.64176
534F4C31,7799,61683725,0,3003,2816,187,0.00000,4.82227
534F4C31,7799,61686828,0,2994,2814,180,0.00000,4.64176
534F4C31,7799,61689024,0,3001,2811,190,0.00000,4.89963
534F4C31,7799,61691207,0,3000,2811,189,0.00000,4.87385
534F4C31,7800,61693463,0,3001,2815,186,0.00000,4.79648
534F4C31,7801,61697525,0,2994,2815,179,0.00000,4.61597
534F4C31,7802,61702775,0,2993,2809,184,0.00000,4.74491
534F4C31,7803,61708379,0,2990,2813,177,0.00000,4.56440
534F4C31,7803,61713602,0,2991,2812,179,0.00000,4.61597
534F4C31,7803,61717699,0,3004,2816,188,0.00000,4.84806
534F4C31,7803,61720507,0,2999,2813,186,0.00000,4.79648
534F4C31,7803,61722758,0,2995,2813,182,0.00000,4.69333
534F4C31,7803,61725544,0,2995,2812,183,0.00000,4.71912
534F4C31,7803,61727822,0,3001,2812,189,0.00000,4.87385
534F4C31,7803,61730025,0,2998,2814,184,0.00000,4.74491
534F4C31,7803,61732259,0,3003,2814,189,0.00000,4.87385
534F4C31,7803,61734373,0,3002,2809,193,0.00000,4.97700
534F4C31,7803,61736449,0,3005,2815,190,0.00000,4.89963
534F4C31,7804,61739008,0,3001,2811,190,0.00000,4.89963
534F4C31,7805,61742515,0,3003,2808,195,0.00000,5.02857
534F4C31,7806,61746912,0,2996,2813,183,0.00000,4.71912
534F4C31,7807,61752436,0,2999,2808,191,0.00000,4.92542
534F4C31,7808,61756910,0,2996,2809,187,0.00000,4.82227
534F4C31,7809,61763169,0,2993,2808,185,0.00000,4.77070
534F4C31,7809,61766327,0,3002,2810,192,0.00000,4.95121
534F4C31,7809,61770694,0,2997,2810,187,0.00000,4.82227
534F4C31,7809,61773953,0,3001,2809,192,0.00000,4.95121
534F4C31,7809,61776696,0,3002,2810,192,0.00000,4.95121
534F4C31,7809,61779389,0,2994,2809,185,0.00000,4.77070
534F4C31,7809,61781584,0,2993,2809,184,0.00000,4.74491
534F4C31,7809,61783723,0,2996,2809,187,0.00000,4.82227
534F4C31,7809,61785861,0,2994,2808,186,0.00000,4.79648
534F4C31,7809,61788013,0,2997,2806,191,0.00000,4.92542
534F4C31,7810,61790078,0,2998,2810,188,0.00000,4.84806
534F4C31,7811,61794204,0,2991,2808,183,0.00000,4.71912
534F4C31,7812,61798471,0,2995,2808,187,0.00000,4.82227
534F4C31,7812,61800717,0,2989,2809,180,0.00000,4.64176
534F4C31,7812,61806762,0,2994,2812,182,0.00000,4.69333
534F4C31,7812,61809009,0,3004,2807,197,0.00000,5.08015
534F4C31,7812,61811713,0,2997,2815,182,0.00000,4.69333
534F4C31,7812,61814605,0,3000,2809,191,0.00000,4.92542
534F4C31,7812,61817173,0,2999,2810,189,0.00000,4.87385
534F4C31,7812,61819428,0,3001,2809,192,0.00000,4.95121
534F4C31,7812,61822325,0,2996,2812,184,0.00000,4.74491
534F4C31,7813,61826047,0,2996,2810,186,0.00000,4.79648
534F4C31,7814,61829712,0,3001,2810,191,0.00000,4.92542
534F4C31,7815,61833878,0,2997,2805,192,0.00000,4.95121
534F4C31,7815,61839764,0,3004,2808,196,0.00000,5.05436
534F4C31,7815,61842518,0,2990,2809,181,0.00000,4.66755
534F4C31,7816,61845733,0,2999,2810,189,0.00000,4.87385
534F4C31,7817,61851548,0,2994,2808,186,0.00000,4.79648
534F4C31,7817,61855147,0,3004,2808,196,0.00000,5.05436
534F4C31,7817,61860420,0,2994,2809,185,0.00000,4.77070
534F4C31,7817,61862663,0,3003,2810,193,0.00000,4.97700
534F4C31,7817,61865566,0,3001,2811,190,0.00000,4.89963
534F4C31,7817,61867807,0,3002,2808,194,0.00000,5.00278
534F4C31,7817,61869945,0,3002,2810,192,0.00000,4.95121
534F4C31,7817,61872062,0,2999,2809,190,0.00000,4.89963
534F4C31,7817,61874281,0,3002,2811,191,0.00000,4.92542
534F4C31,7818,61876455,0,2998,2808,190,0.00000,4.89963
534F4C31,7818,61879689,0,2993,2810,183,0.00000,4.71912
534F4C31,7818,61882848,0,2998,2809,189,0.00000,4.87385
534F4C31,7818,61885632,0,2999,2809,190,0.00000,4.89963
534F4C31,7819,61889552,0,3002,2809,193,0.00000,4.97700
534F4C31,7819,61893161,0,3003,2809,194,0.00000,5.00278
534F4C31,7819,61896056,0,2995,2807,188,0.00000,4.84806
534F4C31,7820,61900429,0,2994,2806,188,0.00000,4.84806
534F4C31,7820,61903381,0,2996,2810,186,0.00000,4.79648
534F4C31,7820,61905860,0,3001,2809,192,0.00000,4.95121
534F4C31,7820,61910577,0,2987,2810,177,0.00000,4.56440
534F4C31,7820,61912905,0,2995,2810,185,0.00000,4.77070
534F4C31,7820,61916036,0,2992,2806,186,0.00000,4.79648
534F4C31,7820,61918963,0,2994,2809,185,0.00000,4.77070
534F4C31,7821,61922316,0,2997,2809,188,0.00000,4.84806
534F4C31,7822,61927128,0,2998,2811,187,0.00000,4.82227
534F4C31,7823,61931623,0,2995,2810,185,0.00000,4.77070
534F4C31,7823,61936484,0,2995,2810,185,0.00000,4.77070
534F4C31,7823,61939581,0,2996,2806,190,0.00000,4.89963
534F4C31,7823,61942792,0,2996,2807,189,0.00000,4.87385
534F4C31,7823,61945014,0,3000,2807,193,0.00000,4.97700
534F4C31,7824,61947164,0,3002,2811,191,0.00000,4.92542
534F4C31,7825,61951766,0,2995,2812,183,0.00000,4.71912
534F4C31,7826,61955537,0,2994,2809,185,0.00000,4.77070
534F4C31,7827,61960875,0,3001,2808,193,0.00000,4.97700
534F4C31,7827,61966158,0,2992,2807,185,0.00000,4.77070
534F4C31,7827,61968484,0,3002,2808,194,0.00000,5.00278
534F4C31,7827,61970661,0,2996,2807,189,0.00000,4.87385
534F4C31,7827,61974369,0,2997,2807,190,0.00000,4.89963
534F4C31,7827,61977032,0,2998,2811,187,0.00000,4.82227
534F4C31,7827,61979184,0,2996,2813,183,0.00000,4.71912
534F4C31,7828,61982134,0,2994,2808,186,0.00000,4.79648
534F4C31,7828,61986603,0,2996,2809,187,0.00000,4.82227
534F4C31,7828,61989119,0,3001,2806,195,0.00000,5.02857
534F4C31,7829,61991245,0,2997,2807,190,0.00000,4.89963
534F4C31,7830,61996462,0,3003,2807,196,0.00000,5.05436
534F4C31,7831,62000148,0,3001,2812,189,0.00000,4.87385
534F4C31,7831,62004067,0,2994,2808,186,0.00000,4.79648
534F4C31,7831,62006267,0,2991,2808,183,0.00000,4.71912
534F4C31,7831,62008347,0,3001,2808,193,0.00000,4.97700
534F4C31,7831,62011100,0,2997,2811,186,0.00000,4.79648
534F4C31,7832,62013899,0,2997,2811,186,0.00000,4.79648
534F4C31,7833,62017583,0,2998,2807,191,0.00000,4.92542
534F4C31,7834,62021082,0,2999,2813,186,0.00000,4.79648
534F4C31,7835,62024678,0,2999,2811,188,0.00000,4.84806
534F4C31,7836,62027907,0,2994,2808,186,0.00000,4.79648
534F4C31,7837,62031090,0,2999,2808,191,0.00000,4.92542
534F4C31,7838,62034537,0,3000,2809,191,0.00000,4.92542
534F4C31,7839,62038046,0,3004,2808,196,0.00000,5.05436
534F4C31,7840,62041579,0,3001,2813,188,0.00000,4.84806
534F4C31,7841,62045462,0,2993,2809,184,0.00000,4.74491
534F4C31,7842,62049065,0,2996,2808,188,0.00000,4.84806
534F4C31,7843,62052872,0,2997,2811,186,0.00000,4.79648
534F4C31,7844,62056340,0,3006,2810,196,0.00000,5.05436
534F4C31,7845,62059440,0,2990,2812,178,0.00000,4.59018
534F4C31,7846,62063439,0,2996,2809,187,0.00000,4.82227
534F4C31,7847,62066301,0,2997,2810,187,0.00000,4.82227
534F4C31,7848,62070049,0,3005,2810,195,0.00000,5.02857
534F4C31,7849,62074241,0,2998,2810,188,0.00000,4.84806
534F4C31,7849,62078493,0,2998,2810,188,0.00000,4.84806
534F4C31,7849,62081771,0,2994,2810,184,0.00000,4.74491
534F4C31,7850,62083840,0,2994,2809,185,0.00000,4.77070
534F4C31,7850,62090581,0,2994,2810,184,0.00000,4.74491
534F4C31,7851,62092781,0,2997,2809,188,0.00000,4.84806
534F4C31,7852,62096464,0,2999,2808,191,0.00000,4.92542
534F4C31,7853,62101191,0,2999,2808,191,0.00000,4.92542
534F4C31,7854,62105567,0,3002,2808,194,0.00000,5.00278
534F4C31,7855,62109140,0,2999,2809,190,0.00000,4.89963
534F4C31,7855,62115366,0,2998,2810,188,0.00000,4.84806
534F4C31,7855,62117738,0,2996,2813,183,0.00000,4.71912
534F4C31,7855,62120422,0,2997,2809,188,0.00000,4.84806
534F4C31,7855,62123272,0,2997,2810,187,0.00000,4.82227
534F4C31,7855,62125601,0,2994,2808,186,0.00000,4.79648
534F4C31,7855,62127845,0,2998,2807,191,0.00000,4.92542
534F4C31,7855,62130029,0,3000,2810,190,0.00000,4.89963
534F4C31,7855,62132246,0,2999,2808,191,0.00000,4.92542
534F4C31,7855,62134433,0,2994,2811,183,0.00000,4.71912
534F4C31,7855,62136578,0,2997,2812,185,0.00000,4.77070
534F4C31,7855,62138637,0,3005,2810,195,0.00000,5.02857
534F4C31,7855,62140711,0,2995,2809,186,0.00000,4.79648
534F4C31,7855,62142761,0,3009,2811,198,0.00000,5.10593
534F4C31,7855,62145606,0,2996,2811,185,0.00000,4.77070
534F4C31,7856,62148964,0,2999,2807,192,0.00000,4.95121
534F4C31,7857,62153834,0,2995,2810,185,0.00000,4.77070
534F4C31,7857,62156704,0,2995,2807,188,0.00000,4.84806
534F4C31,7857,62159574,0,2996,2813,183,0.00000,4.71912
534F4C31,7857,62164530,0,2997,2809,188,0.00000,4.84806
534F4C31,7857,62166928,0,2998,2809,189,0.00000,4.87385
534F4C31,7857,62169056,0,2993,2810,183,0.00000,4.71912
534F4C31,7857,62172270,0,3002,2809,193,0.00000,4.97700
534F4C31,7857,62175604,0,2998,2808,190,0.00000,4.89963
534F4C31,7858,62178949,0,2994,2808,186,0.00000,4.79648
534F4C31,7859,62184025,0,3003,2807,196,0.00000,5.05436
534F4C31,7859,62187211,0,3003,2808,195,0.00000,5.02857
534F4C31,7860,62191544,0,2998,2810,188,0.00000,4.84806
534F4C31,7861,62195872,0,2998,2806,192,0.00000,4.95121
534F4C31,7862,62199877,0,3000,2809,191,0.00000,4.92542
534F4C31,7862,62205174,0,3000,2808,192,0.00000,4.95121
534F4C31,7862,62208096,0,2997,2809,188,0.00000,4.84806
534F4C31,7862,62211726,0,2992,2806,186,0.00000,4.79648
534F4C31,7862,62214942,0,2996,2809,187,0.00000,4.82227
534F4C31,7862,62217045,0,2992,2810,182,0.00000,4.69333
534F4C31,7862,62219214,0,2998,2808,190,0.00000,4.89963
534F4C31,7862,62222062,0,3000,2810,190,0.00000,4.89963
534F4C31,7862,62224383,0,2995,2812,183,0.00000,4.71912
534F4C31,7862,62226572,0,2998,2809,189,0.00000,4.87385
534F4C31,7862,62228932,0,2999,2809,190,0.00000,4.89963
534F4C31,7862,62232261,0,2999,2810,189,0.00000,4.87385
534F4C31,7863,62235596,0,3001,2806,195,0.00000,5.02857
534F4C31,7863,62239001,0,3002,2809,193,0.00000,4.97700
534F4C31,7863,62242258,0,2998,2809,189,0.00000,4.87385
534F4C31,7863,62245737,0,2992,2809,183,0.00000,4.71912
534F4C31,7863,62248933,0,3001,2811,190,0.00000,4.89963
534F4C31,7863,62252266,0,3000,2808,192,0.00000,4.95121
534F4C31,7864,62255822,0,2993,2809,184,0.00000,4.74491
534F4C31,7864,62259375,0,3000,2808,192,0.00000,4.95121
534F4C31,7864,62262260,0,3000,2809,191,0.00000,4.92542
534F4C31,7865,62265620,0,3002,2809,193,0.00000,4.97700
534F4C31,7866,62268926,0,2999,2810,189,0.00000,4.87385
534F4C31,7866,62272271,0,3006,2810,196,0.00000,5.05436
534F4C31,7866,62275601,0,2999,2809,190,0.00000,4.89963
534F4C31,7867,62278942,0,2998,2810,188,0.00000,4.84806
534F4C31,7867,62283173,0,2998,2811,187,0.00000,4.82227
534F4C31,7867,62285594,0,3001,2808,193,0.00000,4.97700
534F4C31,7867,62288947,0,2998,2808,190,0.00000,4.89963
534F4C31,7868,62292689,0,3006,2808,198,0.00000,5.10593
534F4C31,7868,62296497,0,3001,2809,192,0.00000,4.95121
534F4C31,7868,62298933,0,2998,2807,191,0.00000,4.92542
534F4C31,7868,62302261,0,3000,2811,189,0.00000,4.87385
534F4C31,7868,62305592,0,3002,2808,194,0.00000,5.00278
534F4C31,7869,62308932,0,2992,2811,181,0.00000,4.66755
534F4C31,7870,62312384,0,2998,2807,191,0.00000,4.92542
534F4C31,7871,62316533,0,3003,2808,195,0.00000,5.02857
534F4C31,7872,62320988,0,3001,2809,192,0.00000,4.95121
534F4C31,7873,62325483,0,2996,2806,190,0.00000,4.89963
534F4C31,7874,62329273,0,2997,2809,188,0.00000,4.84806
534F4C31,7875,62333463,0,2993,2808,185,0.00000,4.77070
534F4C31,7876,62337687,0,2997,2805,192,0.00000,4.95121
534F4C31,7877,62342077,0,3002,2809,193,0.00000,4.97700
534F4C31,7878,62345874,0,3000,2805,195,0.00000,5.02857
534F4C31,7879,62350521,0,3000,2810,190,0.00000,4.89963
534F4C31,7880,62355778,0,2997,2807,190,0.00000,4.89963
534F4C31,7881,62360078,0,3003,2810,193,0.00000,4.97700
534F4C31,7881,62366307,0,2997,2808,189,0.00000,4.87385
534F4C31,7881,62368657,0,2994,2809,185,0.00000,4.77070
534F4C31,7882,62372724,0,2995,2808,187,0.00000,4.82227
534F4C31,7883,62377268,0,2996,2808,188,0.00000,4.84806
534F4C31,7884,62383377,0,2996,2806,190,0.00000,4.89963
534F4C31,7885,62389216,0,3003,2806,197,0.00000,5.08015
534F4C31,7886,62395096,0,2994,2805,189,0.00000,4.87385
534F4C31,7886,62398567,0,3000,2804,196,0.00000,5.05436
534F4C31,7886,62401336,0,3005,2805,200,0.00000,5.15751
534F4C31,7887,62405471,0,2996,2806,190,0.00000,4.89963
534F4C31,7887,62409615,0,2999,2806,193,0.00000,4.97700
534F4C31,7887,62411893,0,2990,2804,186,0.00000,4.79648
534F4C31,7887,62416803,0,2999,2805,194,0.00000,5.00278
534F4C31,7887,62419186,0,2996,2802,194,0.00000,5.00278
534F4C31,7887,62421236,0,2991,2800,191,0.00000,4.92542
534F4C31,7887,62424221,0,3000,2808,192,0.00000,4.95121
534F4C31,7887,62426442,0,2997,2807,190,0.00000,4.89963
534F4C31,7887,62428626,0,2995,2806,189,0.00000,4.87385
534F4C31,7887,62430863,0,2997,2805,192,0.00000,4.95121
534F4C31,7887,62433029,0,2997,2803,194,0.00000,5.00278
534F4C31,7888,62435151,0,3005,2805,200,0.00000,5.15751
534F4C31,7888,62439355,0,2994,2806,188,0.00000,4.84806
534F4C31,7888,62443135,0,2994,2805,189,0.00000,4.87385
534F4C31,7888,62445274,0,3003,2808,195,0.00000,5.02857
534F4C31,7888,62448177,0,2999,2809,190,0.00000,4.89963
534F4C31,7889,62451466,0,2999,2809,190,0.00000,4.89963
534F4C31,7889,62456535,0,2989,2808,181,0.00000,4.66755
534F4C31,7889,62459961,0,2992,2808,184,0.00000,4.74491
534F4C31,7889,62464134,0,3002,2808,194,0.00000,5.00278
534F4C31,7889,62466633,0,3003,2809,194,0.00000,5.00278
534F4C31,7889,62468763,0,3000,2806,194,0.00000,5.00278
534F4C31,7889,62471701,0,3001,2807,194,0.00000,5.00278
534F4C31,7889,62473924,0,2997,2808,189,0.00000,4.87385
534F4C31,7889,62476053,0,2998,2809,189,0.00000,4.87385
534F4C31,7890,62478237,0,2998,2809,189,0.00000,4.87385
534F4C31,7891,62482609,0,2999,2807,192,0.00000,4.95121
534F4C31,7891,62486507,0,3009,2808,201,0.00000,5.18330
534F4C31,7891,62491437,0,2999,2811,188,0.00000,4.84806
534F4C31,7891,62493655,0,3005,2811,194,0.00000,5.00278
534F4C31,7891,62495693,0,3001,2810,191,0.00000,4.92542
534F4C31,7892,62498624,0,2994,2807,187,0.00000,4.82227
534F4C31,7892,62502682,0,3003,2809,194,0.00000,5.00278
534F4C31,7892,62505138,0,2996,2812,184,0.00000,4.74491
534F4C31,7892,62507318,0,2999,2810,189,0.00000,4.87385
534F4C31,7892,62510535,0,3000,2808,192,0.00000,4.95121
534F4C31,7892,62512810,0,3001,2809,192,0.00000,4.95121
534F4C31,7892,62514926,0,2999,2810,189,0.00000,4.87385
534F4C31,7892,62517038,0,3002,2807,195,0.00000,5.02857
534F4C31,7892,62518879,0,2999,2810,189,0.00000,4.87385
534F4C31,7892,62520982,0,2999,2809,190,0.00000,4.89963
534F4C31,7892,62523157,0,2999,2810,189,0.00000,4.87385
534F4C31,7892,62525340,0,2988,2807,181,0.00000,4.66755
534F4C31,7893,62527487,0,2992,2808,184,0.00000,4.74491
534F4C31,7894,62530320,0,2990,2809,181,0.00000,4.66755
534F4C31,7895,62534077,0,3000,2811,189,0.00000,4.87385
534F4C31,7896,62537553,0,3003,2807,196,0.00000,5.05436
534F4C31,7896,62542667,0,2998,2805,193,0.00000,4.97700
534F4C31,7897,62545536,0,2989,2807,182,0.00000,4.69333
534F4C31,7897,62548414,0,2996,2806,190,0.00000,4.89963
534F4C31,7897,62551335,0,2998,2810,188,0.00000,4.84806
534F4C31,7897,62553344,0,3000,2806,194,0.00000,5.00278
534F4C31,7897,62555573,0,2998,2808,190,0.00000,4.89963
534F4C31,7897,62558908,0,2988,2805,183,0.00000,4.71912
534F4C31,7897,62562246,0,2995,2809,186,0.00000,4.79648
534F4C31,7898,62565862,0,3002,2810,192,0.00000,4.95121
534F4C31,7898,62568898,0,3000,2809,191,0.00000,4.92542
534F4C31,7898,62572225,0,3006,2806,200,0.00000,5.15751
534F4C31,7898,62575569,0,2996,2811,185,0.00000,4.77070
534F4C31,7898,62578913,0,2995,2811,184,0.00000,4.74491
534F4C31,7898,62582227,0,3000,2807,193,0.00000,4.97700
534F4C31,7898,62585562,0,3000,2810,190,0.00000,4.89963
534F4C31,7898,62588892,0,2995,2807,188,0.00000,4.84806
534F4C31,7898,62592228,0,2993,2811,182,0.00000,4.69333
534F4C31,7898,62595562,0,3000,2809,191,0.00000,4.92542
534F4C31,7899,62598916,0,2999,2810,189,0.00000,4.87385
534F4C31,7900,62602472,0,3006,2809,197,0.00000,5.08015
534F4C31,7901,62606422,0,3001,2805,196,0.00000,5.05436
534F4C31,7902,62610906,0,2999,2809,190,0.00000,4.89963
534F4C31,7903,62614326,0,3000,2810,190,0.00000,4.89963
534F4C31,7904,62618626,0,2992,2811,181,0.00000,4.66755
534F4C31,7905,62622448,0,2999,2810,189,0.00000,4.87385
534F4C31,7906,62626227,0,3003,2809,194,0.00000,5.00278
534F4C31,7907,62630547,0,3004,2809,195,0.00000,5.02857
534F4C31,7908,62636127,0,2996,2806,190,0.00000,4.89963
534F4C31,7909,62639906,0,2998,2806,192,0.00000,4.95121
534F4C31,7910,62646140,0,2996,2807,189,0.00000,4.87385
534F4C31,7910,62651021,0,2996,2810,186,0.00000,4.79648
534F4C31,7910,62657607,0,2998,2810,188,0.00000,4.84806
534F4C31,7910,62660648,0,2997,2806,191,0.00000,4.92542
534F4C31,7910,62664640,0,3002,2809,193,0.00000,4.97700
534F4C31,7910,62666821,0,2996,2810,186,0.00000,4.79648
534F4C31,7910,62668950,0,2991,2807,184,0.00000,4.74491
534F4C31,7910,62671120,0,2998,2808,190,0.00000,4.89963
534F4C31,7910,62673280,0,2999,2808,191,0.00000,4.92542
534F4C31,7911,62675399,0,2994,2808,186,0.00000,4.79648
534F4C31,7911,62678600,0,2994,2808,186,0.00000,4.79648
534F4C31,7911,62681530,0,3000,2805,195,0.00000,5.02857
534F4C31,7911,62683617,0,3000,2809,191,0.00000,4.92542
534F4C31,7911,62686453,0,2995,2809,186,0.00000,4.79648
534F4C31,7911,62689317,0,2999,2807,192,0.00000,4.95121
534F4C31,7911,62691476,0,3001,2807,194,0.00000,5.00278
534F4C31,7911,62693740,0,2996,2808,188,0.00000,4.84806
534F4C31,7911,62695770,0,2992,2806,186,0.00000,4.79648
534F4C31,7911,62697934,0,3002,2806,196,0.00000,5.05436
534F4C31,7911,62699933,0,3001,2806,195,0.00000,5.02857
534F4C31,7911,62702235,0,3002,2809,193,0.00000,4.97700
534F4C31,7911,62705547,0,3000,2805,195,0.00000,5.02857
534F4C31,7911,62708882,0,3001,2806,195,0.00000,5.02857
534F4C31,7911,62712214,0,2995,2811,184,0.00000,4.74491
534F4C31,7911,62715801,0,3000,2807,193,0.00000,4.97700
534F4C31,7912,62718882,0,2999,2805,194,0.00000,5.00278
534F4C31,7912,62722472,0,2990,2807,183,0.00000,4.71912
534F4C31,7912,62726008,0,3000,2808,192,0.00000,4.95121
534F4C31,7912,62728888,0,2993,2807,186,0.00000,4.79648
534F4C31,7912,62732246,0,3002,2809,193,0.00000,4.97700
534F4C31,7912,62735548,0,2996,2810,186,0.00000,4.79648
534F4C31,7912,62738889,0,2998,2808,190,0.00000,4.89963
534F4C31,7913,62742220,0,2997,2808,189,0.00000,4.87385
534F4C31,7913,62745622,0,2993,2808,185,0.00000,4.77070
534F4C31,7913,62749612,0,2999,2807,192,0.00000,4.95121
534F4C31,7913,62752209,0,3009,2807,202,0.00000,5.20908
534F4C31,7913,62755642,0,3003,2808,195,0.00000,5.02857
534F4C31,7913,62758878,0,3005,2808,197,0.00000,5.08015
534F4C31,7913,62762212,0,2994,2808,186,0.00000,4.79648
534F4C31,7913,62765542,0,2998,2806,192,0.00000,4.95121
534F4C31,7914,62768922,0,3002,2808,194,0.00000,5.00278
534F4C31,7914,62772524,0,3001,2807,194,0.00000,5.00278
534F4C31,7914,62775550,0,2999,2811,188,0.00000,4.84806
534F4C31,7914,62779166,0,3003,2808,195,0.00000,5.02857
534F4C31,7914,62782209,0,2996,2808,188,0.00000,4.84806
534F4C31,7914,62785551,0,2993,2809,184,0.00000,4.74491
534F4C31,7914,62788869,0,2993,2809,184,0.00000,4.74491
534F4C31,7915,62792717,0,2994,2807,187,0.00000,4.82227
534F4C31,7916,62796369,0,3001,2808,193,0.00000,4.97700
534F4C31,7917,62802190,0,2993,2808,185,0.00000,4.77070
534F4C31,7917,62806133,0,2994,2809,185,0.00000,4.77070
534F4C31,7917,62809215,0,2997,2809,188,0.00000,4.84806
534F4C31,7917,62812047,0,2994,2809,185,0.00000,4.77070
534F4C31,7917,62814400,0,2996,2808,188,0.00000,4.84806
534F4C31,7918,62816455,0,3003,2806,197,0.00000,5.08015
534F4C31,7919,62821297,0,2996,2809,187,0.00000,4.82227
534F4C31,7920,62825051,0,3002,2810,192,0.00000,4.95121
534F4C31,7921,62830387,0,3005,2808,197,0.00000,5.08015
534F4C31,7921,62834266,0,2999,2807,192,0.00000,4.95121
534F4C31,7921,62837937,0,2996,2806,190,0.00000,4.89963
534F4C31,7921,62840919,0,3000,2808,192,0.00000,4.95121
534F4C31,7921,62843076,0,2994,2808,186,0.00000,4.79648
534F4C31,7921,62845188,0,2995,2809,186,0.00000,4.79648
534F4C31,7921,62847492,0,2998,2808,190,0.00000,4.89963
534F4C31,7922,62849769,0,3000,2807,193,0.00000,4.97700
534F4C31,7923,62853729,0,2991,2808,183,0.00000,4.71912
534F4C31,7924,62858033,0,2999,2809,190,0.00000,4.89963
534F4C31,7924,62863945,0,2998,2807,191,0.00000,4.92542
534F4C31,7924,62867310,0,2998,2806,192,0.00000,4.95121
534F4C31,7924,62869605,0,2997,2810,187,0.00000,4.82227
534F4C31,7924,62872683,0,2992,2812,180,0.00000,4.64176
534F4C31,7924,62874854,0,2993,2807,186,0.00000,4.79648
534F4C31,7924,62876995,0,3002,2807,195,0.00000,5.02857
534F4C31,7925,62879197,0,3002,2806,196,0.00000,5.05436
534F4C31,7926,62883459,0,2991,2811,180,0.00000,4.64176
534F4C31,7927,62887178,0,3001,2807,194,0.00000,5.00278
534F4C31,7928,62892481,0,2999,2810,189,0.00000,4.87385
534F4C31,7928,62897994,0,3000,2807,193,0.00000,4.97700
534F4C31,7928,62901713,0,3003,2809,194,0.00000,5.00278
534F4C31,7928,62904910,0,2994,2807,187,0.00000,4.82227
534F4C31,7928,62906980,0,3000,2809,191,0.00000,4.92542
534F4C31,7928,62910541,0,2989,2807,182,0.00000,4.69333
534F4C31,7929,62913832,0,3000,2808,192,0.00000,4.95121
534F4C31,7930,62917709,0,2997,2809,188,0.00000,4.84806
534F4C31,7930,62923423,0,3003,2807,196,0.00000,5.05436
534F4C31,7930,62926315,0,2999,2808,191,0.00000,4.92542
534F4C31,7930,62928443,0,2995,2807,188,0.00000,4.84806
534F4C31,7930,62931392,0,3002,2810,192,0.00000,4.95121
534F4C31,7931,62934151,0,2999,2808,191,0.00000,4.92542
534F4C31,7931,62938466,0,2995,2810,185,0.00000,4.77070
534F4C31,7932,62941929,0,2997,2811,186,0.00000,4.79648
534F4C31,7932,62945176,0,3004,2810,194,0.00000,5.00278
534F4C31,7932,62948884,0,2998,2808,190,0.00000,4.89963
534F4C31,7932,62951295,0,2995,2809,186,0.00000,4.79648
534F4C31,7932,62954262,0,2996,2809,187,0.00000,4.82227
534F4C31,7932,62957322,0,2997,2811,186,0.00000,4.79648
534F4C31,7933,62959487,0,2996,2806,190,0.00000,4.89963
534F4C31,7933,62964045,0,2997,2809,188,0.00000,4.84806
534F4C31,7933,62966277,0,2998,2808,190,0.00000,4.89963
534F4C31,7933,62969788,0,3005,2812,193,0.00000,4.97700
534F4C31,7933,62972322,0,3005,2811,194,0.00000,5.00278
534F4C31,7933,62974511,0,2995,2810,185,0.00000,4.77070
534F4C31,7933,62976598,0,2996,2810,186,0.00000,4.79648
534F4C31,7933,62978856,0,2999,2809,190,0.00000,4.89963
534F4C31,7933,62982205,0,3006,2808,198,0.00000,5.10593
534F4C31,7933,62985531,0,3001,2808,193,0.00000,4.97700
534F4C31,7934,62988867,0,2998,2810,188,0.00000,4.84806
534F4C31,7935,62993855,0,2989,2807,182,0.00000,4.69333
534F4C31,7936,62998428,0,2996,2806,190,0.00000,4.89963
534F4C31,7937,63004727,0,2993,2806,187,0.00000,4.82227
534F4C31,7937,63009013,0,2997,2804,193,0.00000,4.97700
534F4C31,7937,63012084,0,2996,2804,192,0.00000,4.95121
534F4C31,7937,63014897,0,2995,2804,191,0.00000,4.92542
534F4C31,7937,63017826,0,2999,2803,196,0.00000,5.05436
534F4C31,7937,63020460,0,3000,2809,191,0.00000,4.92542
534F4C31,7937,63022599,0,2993,2804,189,0.00000,4.87385
534F4C31,7937,63024771,0,3000,2805,195,0.00000,5.02857
534F4C31,7937,63027011,0,3000,2806,194,0.00000,5.00278
534F4C31,7938,63029291,0,3002,2805,197,0.00000,5.08015
534F4C31,7939,63032699,0,3004,2807,197,0.00000,5.08015
534F4C31,7940,63037090,0,2994,2805,189,0.00000,4.87385
534F4C31,7941,63042983,0,2998,2804,194,0.00000,5.00278
534F4C31,7942,63048335,0,3002,2802,200,0.00000,5.15751
534F4C31,7942,63052068,0,3001,2809,192,0.00000,4.95121
534F4C31,7943,63056213,0,2993,2803,190,0.00000,4.89963
534F4C31,7944,63060470,0,2998,2805,193,0.00000,4.97700
534F4C31,7945,63065661,0,3003,2805,198,0.00000,5.10593
534F4C31,7946,63071449,0,2997,2806,191,0.00000,4.92542
534F4C31,7946,63074047,0,2992,2804,188,0.00000,4.84806
534F4C31,7946,63079390,0,2994,2809,185,0.00000,4.77070
534F4C31,7946,63082354,0,2995,2808,187,0.00000,4.82227
534F4C31,7946,63085611,0,2992,2802,190,0.00000,4.89963
534F4C31,7946,63087789,0,2993,2806,187,0.00000,4.82227
534F4C31,7946,63089876,0,2999,2804,195,0.00000,5.02857
534F4C31,7947,63092160,0,2993,2805,188,0.00000,4.84806
534F4C31,7948,63097504,0,2997,2806,191,0.00000,4.92542
534F4C31,7948,63103606,0,3004,2807,197,0.00000,5.08015
534F4C31,7948,63105729,0,2987,2807,180,0.00000,4.64176
534F4C31,7948,63107886,0,2998,2807,191,0.00000,4.92542
534F4C31,7948,63111134,0,2993,2805,188,0.00000,4.84806
534F4C31,7949,63113330,0,3002,2807,195,0.00000,5.02857
534F4C31,7950,63117778,0,2996,2807,189,0.00000,4.87385
534F4C31,7950,63121594,0,2997,2806,191,0.00000,4.92542
534F4C31,7951,63125437,0,2995,2805,190,0.00000,4.89963
534F4C31,7952,63130764,0,2998,2808,190,0.00000,4.89963
534F4C31,7952,63134845,0,2995,2803,192,0.00000,4.95121
534F4C31,7952,63141820,0,2995,2803,192,0.00000,4.95121
534F4C31,7952,63144966,0,2993,2803,190,0.00000,4.89963
534F4C31,7952,63147506,0,2997,2804,193,0.00000,4.97700
534F4C31,7952,63149661,0,3002,2803,199,0.00000,5.13172
534F4C31,7952,63151738,0,3003,2806,197,0.00000,5.08015
534F4C31,7952,63153849,0,2997,2805,192,0.00000,4.95121
534F4C31,7952,63156057,0,3006,2804,202,0.00000,5.20908
534F4C31,7952,63158221,0,3001,2807,194,0.00000,5.00278
534F4C31,7952,63160398,0,3003,2804,199,0.00000,5.13172
534F4C31,7952,63162429,0,2996,2805,191,0.00000,4.92542
534F4C31,7952,63164615,0,3007,2803,204,0.00000,5.26066
534F4C31,7952,63166897,0,2995,2807,188,0.00000,4.84806
534F4C31,7952,63169089,0,2995,2807,188,0.00000,4.84806
534F4C31,7953,63171197,0,3000,2804,196,0.00000,5.05436
534F4C31,7954,63174723,0,3001,2803,198,0.00000,5.10593
534F4C31,7955,63178522,0,3000,2804,196,0.00000,5.05436
534F4C31,7956,63183710,0,2999,2804,195,0.00000,5.02857
534F4C31,7957,63189307,0,2997,2805,192,0.00000,4.95121
534F4C31,7957,63193618,0,2995,2805,190,0.00000,4.89963
534F4C31,7957,63197252,0,3005,2805,200,0.00000,5.15751
534F4C31,7957,63200063,0,2999,2803,196,0.00000,5.05436
534F4C31,7957,63202395,0,2995,2802,193,0.00000,4.97700
534F4C31,7957,63204641,0,3007,2804,203,0.00000,5.23487
534F4C31,7957,63206849,0,2995,2803,192,0.00000,4.95121
534F4C31,7957,63208968,0,2999,2802,197,0.00000,5.08015
534F4C31,7957,63211062,0,2999,2806,193,0.00000,4.97700
534F4C31,7957,63213245,0,2994,2811,183,0.00000,4.71912
534F4C31,7958,63216667,0,2994,2805,189,0.00000,4.87385
534F4C31,7958,63222245,0,2997,2803,194,0.00000,5.00278
534F4C31,7959,63225203,0,3003,2803,200,0.00000,5.15751
534F4C31,7960,63229642,0,2996,2801,195,0.00000,5.02857
534F4C31,7961,63232694,0,3000,2803,197,0.00000,5.08015
534F4C31,7961,63236878,0,2998,2806,192,0.00000,4.95121
534F4C31,7961,63242404,0,2999,2803,196,0.00000,5.05436
534F4C31,7961,63244634,0,2997,2803,194,0.00000,5.00278
534F4C31,7961,63247676,0,2997,2804,193,0.00000,4.97700
534F4C31,7961,63250245,0,2991,2807,184,0.00000,4.74491
534F4C31,7961,63252492,0,3000,2805,195,0.00000,5.02857
534F4C31,7961,63254526,0,2997,2808,189,0.00000,4.87385
534F4C31,7961,63256832,0,2993,2804,189,0.00000,4.87385
534F4C31,7961,63259095,0,3001,2802,199,0.00000,5.13172
534F4C31,7962,63261274,0,2998,2806,192,0.00000,4.95121
534F4C31,7963,63266059,0,3009,2804,205,0.00000,5.28645
534F4C31,7964,63272065,0,3000,2803,197,0.00000,5.08015
534F4C31,7964,63276155,0,2998,2806,192,0.00000,4.95121
534F4C31,7964,63279034,0,2991,2805,186,0.00000,4.79648
534F4C31,7965,63281611,0,2995,2804,191,0.00000,4.92542
534F4C31,7966,63287129,0,2990,2805,185,0.00000,4.77070
534F4C31,7966,63290097,0,2998,2807,191,0.00000,4.92542
534F4C31,7966,63294927,0,3000,2803,197,0.00000,5.08015
534F4C31,7966,63298033,0,2997,2807,190,0.00000,4.89963
534F4C31,7966,63300292,0,2999,2804,195,0.00000,5.02857
534F4C31,7966,63303016,0,2999,2806,193,0.00000,4.97700
534F4C31,7966,63305724,0,3001,2806,195,0.00000,5.02857
534F4C31,7966,63308266,0,3005,2804,201,0.00000,5.18330
534F4C31,7966,63310484,0,2993,2805,188,0.00000,4.84806
534F4C31,7967,63312725,0,2996,2806,190,0.00000,4.89963
534F4C31,7967,63316651,0,3003,2803,200,0.00000,5.15751
534F4C31,7967,63319504,0,2988,2806,182,0.00000,4.69333
534F4C31,7968,63322575,0,2999,2805,194,0.00000,5.00278
534F4C31,7968,63327049,0,3002,2803,199,0.00000,5.13172
534F4C31,7968,63330460,0,3000,2803,197,0.00000,5.08015
534F4C31,7969,63333553,0,2995,2804,191,0.00000,4.92542
534F4C31,7969,63336637,0,2995,2810,185,0.00000,4.77070
534F4C31,7969,63340383,0,2995,2807,188,0.00000,4.84806
534F4C31,7970,63343398,0,2995,2808,187,0.00000,4.82227
534F4C31,7971,63345718,0,3004,2804,200,0.00000,5.15751
534F4C31,7971,63351703,0,2996,2804,192,0.00000,4.95121
534F4C31,7971,63355834,0,2990,2806,184,0.00000,4.74491
534F4C31,7972,63358726,0,2995,2802,193,0.00000,4.97700
534F4C31,7972,63362181,0,3002,2807,195,0.00000,5.02857
534F4C31,7972,63365377,0,2997,2809,188,0.00000,4.84806
534F4C31,7972,63370047,0,2995,2803,192,0.00000,4.95121
534F4C31,7972,63372213,0,2998,2807,191,0.00000,4.92542
534F4C31,7972,63375229,0,3001,2802,199,0.00000,5.13172
534F4C31,7973,63378427,0,3000,2804,196,0.00000,5.05436
534F4C31,7974,63382198,0,2999,2807,192,0.00000,4.95121
534F4C31,7975,63387395,0,2993,2806,187,0.00000,4.82227
534F4C31,7975,63390547,0,3003,2806,197,0.00000,5.08015
534F4C31,7975,63395475,0,3005,2807,198,0.00000,5.10593
534F4C31,7976,63398298,0,2988,2807,181,0.00000,4.66755
534F4C31,7976,63403834,0,2995,2807,188,0.00000,4.84806
534F4C31,7976,63406214,0,2997,2806,191,0.00000,4.92542
534F4C31,7976,63408841,0,3003,2806,197,0.00000,5.08015
534F4C31,7976,63411762,0,2996,2804,192,0.00000,4.95121
534F4C31,7976,63414314,0,2996,2806,190,0.00000,4.89963
534F4C31,7976,63416467,0,3001,2806,195,0.00000,5.02857
534F4C31,7976,63418559,0,2998,2802,196,0.00000,5.05436
534F4C31,7976,63420761,0,2994,2801,193,0.00000,4.97700
534F4C31,7976,63422915,0,2997,2806,191,0.00000,4.92542
534F4C31,7977,63425088,0,2998,2803,195,0.00000,5.02857
534F4C31,7978,63429869,0,3001,2806,195,0.00000,5.02857
534F4C31,7979,63434035,0,3003,2806,197,0.00000,5.08015
534F4C31,7979,63438672,0,2999,2808,191,0.00000,4.92542
534F4C31,7979,63441977,0,3006,2807,199,0.00000,5.13172
534F4C31,7980,63444869,0,3000,2808,192,0.00000,4.95121
534F4C31,7981,63449120,0,3000,2806,194,0.00000,5.00278
534F4C31,7982,63453612,0,2994,2803,191,0.00000,4.92542
534F4C31,7982,63459244,0,2992,2804,188,0.00000,4.84806
534F4C31,7982,63461561,0,2999,2807,192,0.00000,4.95121
534F4C31,7983,63464488,0,3003,2805,198,0.00000,5.10593
534F4C31,7984,63470708,0,2992,2806,186,0.00000,4.79648
534F4C31,7985,63476095,0,3004,2806,198,0.00000,5.10593
534F4C31,7985,63481545,0,2997,2803,194,0.00000,5.00278
534F4C31,7985,63484619,0,2996,2807,189,0.00000,4.87385
534F4C31,7986,63487765,0,3008,2806,202,0.00000,5.20908
534F4C31,7986,63491616,0,2997,2807,190,0.00000,4.89963
534F4C31,7986,63494565,0,2995,2805,190,0.00000,4.89963
534F4C31,7987,63496721,0,3000,2804,196,0.00000,5.05436
534F4C31,7988,63501922,0,2999,2804,195,0.00000,5.02857
534F4C31,7988,63504906,0,3000,2805,195,0.00000,5.02857
534F4C31,7988,63510256,0,3005,2805,200,0.00000,5.15751
534F4C31,7988,63513216,0,2998,2803,195,0.00000,5.02857
534F4C31,7988,63516036,0,3004,2802,202,0.00000,5.20908
534F4C31,7989,63518343,0,3001,2803,198,0.00000,5.10593
534F4C31,7990,63522912,0,3005,2804,201,0.00000,5.18330
534F4C31,7990,63526981,0,2995,2802,193,0.00000,4.97700
534F4C31,7990,63530675,0,2993,2805,188,0.00000,4.84806
534F4C31,7990,63533634,0,2993,2805,188,0.00000,4.84806
534F4C31,7990,63536520,0,3002,2807,195,0.00000,5.02857
534F4C31,7990,63539274,0,2997,2805,192,0.00000,4.95121
534F4C31,7990,63541500,0,3004,2804,200,0.00000,5.15751
534F4C31,7990,63543661,0,2995,2805,190,0.00000,4.89963
534F4C31,7990,63545890,0,2999,2803,196,0.00000,5.05436
534F4C31,7990,63548162,0,2998,2804,194,0.00000,5.00278
534F4C31,7990,63550370,0,2999,2803,196,0.00000,5.05436
534F4C31,7990,63552428,0,2999,2805,194,0.00000,5.00278
534F4C31,7990,63554533,0,2998,2806,192,0.00000,4.95121
534F4C31,7990,63556798,0,2996,2804,192,0.00000,4.95121
534F4C31,7990,63558927,0,2999,2807,192,0.00000,4.95121
534F4C31,7990,63561027,0,2993,2803,190,0.00000,4.89963
534F4C31,7990,63563129,0,2993,2805,188,0.00000,4.84806
534F4C31,7990,63565373,0,2997,2806,191,0.00000,4.92542
534F4C31,7991,63567702,0,3001,2807,194,0.00000,5.00278
534F4C31,7992,63571827,0,3005,2805,200,0.00000,5.15751
534F4C31,7993,63575272,0,2997,2806,191,0.00000,4.92542
534F4C31,7994,63582371,0,2997,2805,192,0.00000,4.95121
534F4C31,7994,63585407,0,3001,2803,198,0.00000,5.10593
534F4C31,7994,63590142,0,2995,2803,192,0.00000,4.95121
534F4C31,7994,63592809,0,2997,2803,194,0.00000,5.00278
534F4C31,7994,63595758,0,2999,2806,193,0.00000,4.97700
534F4C31,7995,63598485,0,2995,2804,191,0.00000,4.92542
534F4C31,7995,63602862,0,3002,2805,197,0.00000,5.08015
534F4C31,7995,63605239,0,3001,2805,196,0.00000,5.05436
534F4C31,7995,63607388,0,2996,2803,193,0.00000,4.97700
534F4C31,7995,63610463,0,2998,2805,193,0.00000,4.97700
534F4C31,7995,63612760,0,3001,2806,195,0.00000,5.02857
534F4C31,7995,63614942,0,3003,2805,198,0.00000,5.10593
534F4C31,7995,63617201,0,2992,2804,188,0.00000,4.84806
534F4C31,7996,63619228,0,2999,2802,197,0.00000,5.08015
534F4C31,7997,63624064,0,3003,2804,199,0.00000,5.13172
534F4C31,7998,63627773,0,2993,2805,188,0.00000,4.84806
534F4C31,7999,63633828,0,3003,2802,201,0.00000,5.18330
534F4C31,7999,63639139,0,3001,2808,193,0.00000,4.97700
534F4C31,7999,63642499,0,2995,2800,195,0.00000,5.02857
534F4C31,7999,63645418,0,3001,2800,201,0.00000,5.18330
534F4C31,7999,63647831,0,2996,2801,195,0.00000,5.02857
534F4C31,8000,63651024,0,2998,2801,197,0.00000,5.08015
534F4C31,8001,63655823,0,3000,2802,198,0.00000,5.10593
534F4C31,8002,63660409,0,3003,2803,200,0.00000,5.15751
534F4C31,8002,63665928,0,2997,2799,198,0.00000,5.10593
534F4C31,8002,63668200,0,2996,2803,193,0.00000,4.97700
534F4C31,8002,63671130,0,3000,2800,200,0.00000,5.15751
534F4C31,8002,63673610,0,2995,2801,194,0.00000,5.00278
534F4C31,8003,63676450,0,2999,2800,199,0.00000,5.13172
534F4C31,8003,63680629,0,3000,2801,199,0.00000,5.13172
534F4C31,8003,63684188,0,3000,2800,200,0.00000,5.15751
534F4C31,8003,63686373,0,3004,2804,200,0.00000,5.15751
534F4C31,8003,63688548,0,3002,2801,201,0.00000,5.18330
534F4C31,8003,63690793,0,3001,2802,199,0.00000,5.13172
534F4C31,8003,63693076,0,2998,2803,195,0.00000,5.02857
534F4C31,8003,63695176,0,3002,2801,201,0.00000,5.18330
534F4C31,8003,63697258,0,3007,2802,205,0.00000,5.28645
534F4C31,8003,63699315,0,3002,2804,198,0.00000,5.10593
534F4C31,8004,63702290,0,2996,2804,192,0.00000,4.95121
534F4C31,8005,63705995,0,2997,2798,199,0.00000,5.13172
534F4C31,8006,63711962,0,3002,2801,201,0.00000,5.18330
534F4C31,8006,63714227,0,3004,2801,203,0.00000,5.23487
534F4C31,8006,63719188,0,2992,2801,191,0.00000,4.92542
534F4C31,8007,63723310,0,2998,2803,195,0.00000,5.02857
534F4C31,8007,63727087,0,2988,2800,188,0.00000,4.84806
534F4C31,8007,63731975,0,3000,2800,200,0.00000,5.15751
534F4C31,8008,63734388,0,2993,2802,191,0.00000,4.92542
534F4C31,8008,63740059,0,3000,2800,200,0.00000,5.15751
534F4C31,8008,63743740,0,3011,2802,209,0.00000,5.38960
534F4C31,8008,63745926,0,2998,2801,197,0.00000,5.08015
534F4C31,8008,63748755,0,3000,2798,202,0.00000,5.20908
534F4C31,8009,63751943,0,3001,2801,200,0.00000,5.15751
534F4C31,8009,63756635,0,2998,2797,201,0.00000,5.18330
534F4C31,8009,63758966,0,2997,2798,199,0.00000,5.13172
534F4C31,8010,63761873,0,2999,2799,200,0.00000,5.15751
534F4C31,8010,63767072,0,2999,2800,199,0.00000,5.13172
534F4C31,8010,63769258,0,2999,2800,199,0.00000,5.13172
534F4C31,8011,63772095,0,3000,2800,200,0.00000,5.15751
534F4C31,8012,63776964,0,3001,2802,199,0.00000,5.13172
534F4C31,8013,63782698,0,2996,2800,196,0.00000,5.05436
534F4C31,8014,63789076,0,2996,2801,195,0.00000,5.02857
534F4C31,8014,63794737,0,2999,2799,200,0.00000,5.15751
534F4C31,8014,63799233,0,2993,2800,193,0.00000,4.97700
534F4C31,8014,63801486,0,2995,2800,195,0.00000,5.02857
534F4C31,8014,63804358,0,2996,2802,194,0.00000,5.00278
534F4C31,8015,63806581,0,3001,2799,202,0.00000,5.20908
534F4C31,8016,63811316,0,3001,2801,200,0.00000,5.15751
534F4C31,8016,63815632,0,2999,2804,195,0.00000,5.02857
534F4C31,8016,63819692,0,3009,2801,208,0.00000,5.36381
534F4C31,8016,63822927,0,3004,2804,200,0.00000,5.15751
534F4C31,8016,63825950,0,2995,2800,195,0.00000,5.02857
534F4C31,8016,63828301,0,3000,2801,199,0.00000,5.13172
534F4C31,8016,63830574,0,2998,2801,197,0.00000,5.08015
534F4C31,8016,63832830,0,2997,2799,198,0.00000,5.10593
534F4C31,8016,63835066,0,2988,2801,187,0.00000,4.82227
534F4C31,8016,63837145,0,2996,2802,194,0.00000,5.00278
534F4C31,8016,63839284,0,3001,2802,199,0.00000,5.13172
534F4C31,8016,63841471,0,2993,2803,190,0.00000,4.89963
534F4C31,8017,63843604,0,2997,2799,198,0.00000,5.10593
534F4C31,8018,63848241,0,2997,2801,196,0.00000,5.05436
534F4C31,8019,63851624,0,2999,2799,200,0.00000,5.15751
534F4C31,8020,63857268,0,2997,2800,197,0.00000,5.08015
534F4C31,8020,63862628,0,3001,2801,200,0.00000,5.15751
534F4C31,8020,63866383,0,2996,2802,194,0.00000,5.00278
534F4C31,8020,63868981,0,2997,2800,197,0.00000,5.08015
534F4C31,8020,63872556,0,2999,2799,200,0.00000,5.15751
534F4C31,8021,63874910,0,2995,2799,196,0.00000,5.05436
534F4C31,8021,63879246,0,2998,2801,197,0.00000,5.08015
534F4C31,8021,63881491,0,2996,2801,195,0.00000,5.02857
534F4C31,8021,63884422,0,2997,2800,197,0.00000,5.08015
534F4C31,8021,63886917,0,2998,2803,195,0.00000,5.02857
534F4C31,8021,63889449,0,2998,2803,195,0.00000,5.02857
534F4C31,8021,63891708,0,2992,2803,189,0.00000,4.87385
534F4C31,8021,63893784,0,3001,2801,200,0.00000,5.15751
534F4C31,8022,63896628,0,2998,2801,197,0.00000,5.08015
534F4C31,8023,63900554,0,3000,2804,196,0.00000,5.05436
534F4C31,8024,63904585,0,3005,2800,205,0.00000,5.28645
534F4C31,8024,63910352,0,2999,2803,196,0.00000,5.05436
534F4C31,8024,63912575,0,3000,2801,199,0.00000,5.13172
534F4C31,8025,63914629,0,2992,2801,191,0.00000,4.92542
534F4C31,8025,63920312,0,2995,2802,193,0.00000,4.97700
534F4C31,8025,63922792,0,2999,2803,196,0.00000,5.05436
534F4C31,8026,63925075,0,3002,2799,203,0.00000,5.23487
534F4C31,8026,63929162,0,2997,2803,194,0.00000,5.00278
534F4C31,8026,63932959,0,3001,2804,197,0.00000,5.08015
534F4C31,8026,63935178,0,2990,2802,188,0.00000,4.84806
534F4C31,8026,63937359,0,2996,2802,194,0.00000,5.00278
534F4C31,8026,63940557,0,2997,2802,195,0.00000,5.02857
534F4C31,8026,63942706,0,3001,2802,199,0.00000,5.13172
534F4C31,8026,63944721,0,2995,2801,194,0.00000,5.00278
534F4C31,8026,63946857,0,2997,2804,193,0.00000,4.97700
534F4C31,8026,63949137,0,2998,2798,200,0.00000,5.15751
534F4C31,8027,63951406,0,2998,2799,199,0.00000,5.13172
534F4C31,8028,63954792,0,3000,2805,195,0.00000,5.02857
534F4C31,8029,63958926,0,2996,2802,194,0.00000,5.00278
534F4C31,8030,63963745,0,2992,2800,192,0.00000,4.95121
534F4C31,8030,63969496,0,2996,2799,197,0.00000,5.08015
534F4C31,8030,63973257,0,3003,2802,201,0.00000,5.18330
534F4C31,8030,63976404,0,2992,2801,191,0.00000,4.92542
534F4C31,8030,63978638,0,2997,2799,198,0.00000,5.10593
534F4C31,8031,63980684,0,2995,2803,192,0.00000,4.95121
534F4C31,8032,63986323,0,2999,2801,198,0.00000,5.10593
534F4C31,8033,63992852,0,3001,2803,198,0.00000,5.10593
534F4C31,8033,63997004,0,2999,2803,196,0.00000,5.05436
534F4C31,8034,63999538,0,2991,2803,188,0.00000,4.84806
534F4C31,8035,64004707,0,3000,2802,198,0.00000,5.10593
534F4C31,8035,64008503,0,3002,2800,202,0.00000,5.20908
534F4C31,8035,64011545,0,2996,2805,191,0.00000,4.92542
534F4C31,8035,64015781,0,3002,2802,200,0.00000,5.15751
534F4C31,8035,64018070,0,2999,2803,196,0.00000,5.05436
534F4C31,8036,64020293,0,3004,2800,204,0.00000,5.26066
534F4C31,8036,64024429,0,2991,2799,192,0.00000,4.95121
534F4C31,8036,64026931,0,2998,2799,199,0.00000,5.13172
534F4C31,8036,64029022,0,2997,2799,198,0.00000,5.10593
534F4C31,8036,64033246,0,3002,2803,199,0.00000,5.13172
534F4C31,8036,64035624,0,2993,2800,193,0.00000,4.97700
534F4C31,8036,64037816,0,2998,2803,195,0.00000,5.02857
534F4C31,8036,64039927,0,3001,2802,199,0.00000,5.13172
534F4C31,8036,64042043,0,2996,2804,192,0.00000,4.95121
534F4C31,8036,64044168,0,2998,2802,196,0.00000,5.05436
534F4C31,8036,64046383,0,2994,2803,191,0.00000,4.92542
534F4C31,8036,64048629,0,2998,2804,194,0.00000,5.00278
534F4C31,8037,64050694,0,2995,2803,192,0.00000,4.95121
534F4C31,8038,64055506,0,2994,2800,194,0.00000,5.00278
534F4C31,8039,64059365,0,2990,2802,188,0.00000,4.84806
534F4C31,8040,64065062,0,2995,2802,193,0.00000,4.97700
534F4C31,8041,64069418,0,2996,2801,195,0.00000,5.02857
534F4C31,8041,64073980,0,2995,2801,194,0.00000,5.00278
534F4C31,8042,64076945,0,2997,2802,195,0.00000,5.02857
534F4C31,8043,64079269,0,2996,2799,197,0.00000,5.08015
534F4C31,8044,64084495,0,2987,2801,186,0.00000,4.79648
534F4C31,8044,64089414,0,2998,2801,197,0.00000,5.08015
534F4C31,8044,64093618,0,2997,2799,198,0.00000,5.10593
534F4C31,8044,64097328,0,3001,2800,201,0.00000,5.18330
534F4C31,8044,64100274,0,2998,2804,194,0.00000,5.00278
534F4C31,8045,64103459,0,3002,2801,201,0.00000,5.18330
534F4C31,8046,64107331,0,2990,2801,189,0.00000,4.87385
534F4C31,8047,64110997,0,2999,2799,200,0.00000,5.15751
534F4C31,8048,64116008,0,2992,2801,191,0.00000,4.92542
534F4C31,8048,64121608,0,2992,2801,191,0.00000,4.92542
534F4C31,8048,64123984,0,3000,2800,200,0.00000,5.15751
534F4C31,8048,64126075,0,3000,2800,200,0.00000,5.15751
534F4C31,8048,64130091,0,3002,2802,200,0.00000,5.15751
534F4C31,8048,64132912,0,2997,2801,196,0.00000,5.05436
534F4C31,8048,64135023,0,2995,2804,191,0.00000,4.92542
534F4C31,8048,64137219,0,2998,2800,198,0.00000,5.10593
534F4C31,8048,64140414,0,3000,2800,200,0.00000,5.15751
534F4C31,8048,64142645,0,3000,2800,200,0.00000,5.15751
534F4C31,8048,64144712,0,2996,2800,196,0.00000,5.05436
534F4C31,8048,64146832,0,2998,2797,201,0.00000,5.18330
534F4C31,8048,64148987,0,2997,2797,200,0.00000,5.15751
534F4C31,8048,64151244,0,3000,2799,201,0.00000,5.18330
534F4C31,8048,64153284,0,3006,2801,205,0.00000,5.28645
534F4C31,8048,64155375,0,2995,2800,195,0.00000,5.02857
534F4C31,8048,64157547,0,2996,2804,192,0.00000,4.95121
534F4C31,8048,64159799,0,2994,2801,193,0.00000,4.97700
534F4C31,8049,64162092,0,2994,2802,192,0.00000,4.95121
534F4C31,8050,64166308,0,2993,2801,192,0.00000,4.95121
534F4C31,8050,64170942,0,3003,2801,202,0.00000,5.20908
534F4C31,8050,64175513,0,3002,2800,202,0.00000,5.20908
534F4C31,8050,64178320,0,2996,2802,194,0.00000,5.00278
534F4C31,8050,64180495,0,3003,2803,200,0.00000,5.15751
534F4C31,8051,64183647,0,2996,2802,194,0.00000,5.00278
534F4C31,8051,64188149,0,2996,2799,197,0.00000,5.08015
534F4C31,8051,64190436,0,2999,2800,199,0.00000,5.13172
534F4C31,8052,64192678,0,3001,2798,203,0.00000,5.23487
534F4C31,8052,64198136,0,3001,2799,202,0.00000,5.20908
534F4C31,8052,64201268,0,2998,2801,197,0.00000,5.08015
534F4C31,8053,64203802,0,2998,2802,196,0.00000,5.05436
534F4C31,8054,64208887,0,3000,2800,200,0.00000,5.15751
534F4C31,8055,64212287,0,3002,2803,199,0.00000,5.13172
534F4C31,8055,64218150,0,2994,2800,194,0.00000,5.00278
534F4C31,8055,64220661,0,2997,2803,194,0.00000,5.00278
534F4C31,8055,64222898,0,2999,2801,198,0.00000,5.10593
534F4C31,8055,64225921,0,3002,2800,202,0.00000,5.20908
534F4C31,8055,64228416,0,2994,2799,195,0.00000,5.02857
534F4C31,8055,64230494,0,3001,2799,202,0.00000,5.20908
534F4C31,8055,64232581,0,2997,2801,196,0.00000,5.05436
534F4C31,8056,64235422,0,2995,2802,193,0.00000,4.97700
534F4C31,8057,64240823,0,2997,2798,199,0.00000,5.13172
534F4C31,8058,64246560,0,2996,2798,198,0.00000,5.10593
534F4C31,8058,64251264,0,3001,2795,206,0.00000,5.31223
534F4C31,8058,64254379,0,2992,2799,193,0.00000,4.97700
534F4C31,8059,64257500,0,2996,2798,198,0.00000,5.10593
534F4C31,8060,64261322,0,2998,2799,199,0.00000,5.13172
534F4C31,8060,64265694,0,2999,2796,203,0.00000,5.23487
534F4C31,8060,64269155,0,3000,2798,202,0.00000,5.20908
534F4C31,8060,64271980,0,2994,2797,197,0.00000,5.08015
534F4C31,8060,64274291,0,2998,2799,199,0.00000,5.13172
534F4C31,8060,64276500,0,2996,2800,196,0.00000,5.05436
534F4C31,8060,64279277,0,2996,2795,201,0.00000,5.18330
534F4C31,8060,64281762,0,3000,2798,202,0.00000,5.20908
534F4C31,8060,64283938,0,2997,2798,199,0.00000,5.13172
534F4C31,8060,64286047,0,3002,2794,208,0.00000,5.36381
534F4C31,8060,64288726,0,2996,2797,199,0.00000,5.13172
534F4C31,8061,64292062,0,2997,2800,197,0.00000,5.08015
534F4C31,8062,64296911,0,2998,2798,200,0.00000,5.15751
534F4C31,8063,64300793,0,2999,2798,201,0.00000,5.18330
534F4C31,8064,64307350,0,2994,2799,195,0.00000,5.02857
534F4C31,8064,64310904,0,3000,2797,203,0.00000,5.23487
534F4C31,8064,64315710,0,2998,2795,203,0.00000,5.23487
534F4C31,8064,64318586,0,2999,2797,202,0.00000,5.20908
534F4C31,8064,64321008,0,3000,2797,203,0.00000,5.23487
534F4C31,8065,64323767,0,2998,2794,204,0.00000,5.26066
534F4C31,8066,64328316,0,2997,2798,199,0.00000,5.13172
534F4C31,8067,64332479,0,2997,2799,198,0.00000,5.10593
534F4C31,8067,64336599,0,2992,2796,196,0.00000,5.05436
534F4C31,8068,64341124,0,2993,2796,197,0.00000,5.08015
534F4C31,8069,64346703,0,2999,2798,201,0.00000,5.18330
534F4C31,8069,64350943,0,2995,2796,199,0.00000,5.13172
534F4C31,8069,64353249,0,2998,2799,199,0.00000,5.13172
534F4C31,8069,64355261,0,3004,2798,206,0.00000,5.31223
534F4C31,8069,64359791,0,3005,2796,209,0.00000,5.38960
534F4C31,8069,64362123,0,2999,2798,201,0.00000,5.18330
534F4C31,8069,64364358,0,3000,2797,203,0.00000,5.23487
534F4C31,8069,64367520,0,2996,2793,203,0.00000,5.23487
534F4C31,8069,64369729,0,2999,2796,203,0.00000,5.23487
534F4C31,8069,64371885,0,2998,2795,203,0.00000,5.23487
534F4C31,8069,64374050,0,3001,2796,205,0.00000,5.28645
534F4C31,8069,64376208,0,2994,2798,196,0.00000,5.05436
534F4C31,8069,64378277,0,2994,2795,199,0.00000,5.13172
534F4C31,8069,64380427,0,2991,2798,193,0.00000,4.97700
534F4C31,8070,64382715,0,3000,2797,203,0.00000,5.23487
534F4C31,8071,64386055,0,3000,2798,202,0.00000,5.20908
534F4C31,8072,64390583,0,3000,2797,203,0.00000,5.23487
534F4C31,8073,64397307,0,2999,2795,204,0.00000,5.26066
534F4C31,8073,64401928,0,2995,2794,201,0.00000,5.18330
534F4C31,8073,64405425,0,2998,2798,200,0.00000,5.15751
534F4C31,8073,64408522,0,2997,2797,200,0.00000,5.15751
534F4C31,8073,64410826,0,2991,2796,195,0.00000,5.02857
534F4C31,8073,64413050,0,2990,2797,193,0.00000,4.97700
534F4C31,8073,64415257,0,3002,2796,206,0.00000,5.31223
534F4C31,8073,64417389,0,3001,2799,202,0.00000,5.20908
534F4C31,8073,64419445,0,2995,2795,200,0.00000,5.15751
534F4C31,8074,64422054,0,2993,2798,195,0.00000,5.02857
534F4C31,8075,64426365,0,2995,2795,200,0.00000,5.15751
534F4C31,8076,64430014,0,3001,2797,204,0.00000,5.26066
534F4C31,8076,64435822,0,2998,2798,200,0.00000,5.15751
534F4C31,8076,64438622,0,2998,2799,199,0.00000,5.13172
534F4C31,8077,64441616,0,3003,2796,207,0.00000,5.33802
534F4C31,8078,64445704,0,2995,2795,200,0.00000,5.15751
534F4C31,8079,64448567,0,3004,2795,209,0.00000,5.38960
534F4C31,8080,64453387,0,2992,2797,195,0.00000,5.02857
534F4C31,8080,64459351,0,2997,2796,201,0.00000,5.18330
534F4C31,8080,64462283,0,2998,2799,199,0.00000,5.13172
534F4C31,8081,64464675,0,3000,2798,202,0.00000,5.20908
534F4C31,8082,64469184,0,3000,2797,203,0.00000,5.23487
534F4C31,8082,64472659,0,2997,2798,199,0.00000,5.13172
534F4C31,8082,64474893,0,2993,2795,198,0.00000,5.10593
534F4C31,8083,64478573,0,2995,2796,199,0.00000,5.13172
534F4C31,8083,64481828,0,2996,2795,201,0.00000,5.18330
534F4C31,8084,64485179,0,3000,2797,203,0.00000,5.23487
534F4C31,8085,64489131,0,2998,2794,204,0.00000,5.26066
534F4C31,8086,64496404,0,2992,2799,193,0.00000,4.97700
534F4C31,8087,64502190,0,3000,2796,204,0.00000,5.26066
534F4C31,8087,64507142,0,2999,2795,204,0.00000,5.26066
534F4C31,8087,64509945,0,2995,2797,198,0.00000,5.10593
534F4C31,8087,64512178,0,2998,2797,201,0.00000,5.18330
534F4C31,8087,64515479,0,2994,2799,195,0.00000,5.02857
534F4C31,8087,64517676,0,3000,2795,205,0.00000,5.28645
534F4C31,8087,64519785,0,2998,2794,204,0.00000,5.26066
534F4C31,8087,64521971,0,2996,2797,199,0.00000,5.13172
534F4C31,8087,64524141,0,2999,2796,203,0.00000,5.23487
534F4C31,8087,64526250,0,2997,2795,202,0.00000,5.20908
534F4C31,8087,64528375,0,3001,2797,204,0.00000,5.26066
534F4C31,8087,64530439,0,3003,2799,204,0.00000,5.26066
534F4C31,8087,64532623,0,2996,2795,201,0.00000,5.18330
534F4C31,8087,64534806,0,2995,2795,200,0.00000,5.15751
534F4C31,8087,64536903,0,2994,2795,199,0.00000,5.13172
534F4C31,8087,64538987,0,2990,2794,196,0.00000,5.05436
534F4C31,8087,64542034,0,2997,2796,201,0.00000,5.18330
534F4C31,8087,64545392,0,2995,2798,197,0.00000,5.08015
534F4C31,8088,64548709,0,2998,2797,201,0.00000,5.18330
534F4C31,8089,64552801,0,2997,2795,202,0.00000,5.20908
534F4C31,8090,64556759,0,2999,2798,201,0.00000,5.18330
534F4C31,8091,64562938,0,2994,2795,199,0.00000,5.13172
534F4C31,8091,64567565,0,2996,2795,201,0.00000,5.18330
534F4C31,8091,64571072,0,2999,2797,202,0.00000,5.20908
534F4C31,8092,64574099,0,3002,2797,205,0.00000,5.28645
534F4C31,8092,64579584,0,2994,2794,200,0.00000,5.15751
534F4C31,8092,64581899,0,2995,2794,201,0.00000,5.18330
534F4C31,8092,64584681,0,2994,2795,199,0.00000,5.13172
534F4C31,8092,64587018,0,2999,2794,205,0.00000,5.28645
534F4C31,8092,64589224,0,2990,2796,194,0.00000,5.00278
534F4C31,8092,64591400,0,2998,2794,204,0.00000,5.26066
534F4C31,8092,64593430,0,3001,2795,206,0.00000,5.31223
534F4C31,8092,64595572,0,3000,2798,202,0.00000,5.20908
534F4C31,8092,64598700,0,2995,2800,195,0.00000,5.02857
534F4C31,8092,64602029,0,3004,2794,210,0.00000,5.41538
534F4C31,8093,64605693,0,2991,2798,193,0.00000,4.97700
534F4C31,8094,64609160,0,2995,2795,200,0.00000,5.15751
534F4C31,8095,64612920,0,2999,2796,203,0.00000,5.23487
534F4C31,8096,64619269,0,2999,2798,201,0.00000,5.18330
534F4C31,8096,64623292,0,2995,2797,198,0.00000,5.10593
534F4C31,8096,64627780,0,2998,2798,200,0.00000,5.15751
534F4C31,8096,64630706,0,3002,2796,206,0.00000,5.31223
534F4C31,8096,64632826,0,2996,2796,200,0.00000,5.15751
534F4C31,8097,64635687,0,2998,2796,202,0.00000,5.20908
534F4C31,8098,64640218,0,2997,2799,198,0.00000,5.10593
534F4C31,8099,64644721,0,2991,2795,196,0.00000,5.05436
534F4C31,8099,64650818,0,2997,2795,202,0.00000,5.20908
534F4C31,8099,64653100,0,2995,2798,197,0.00000,5.08015
534F4C31,8099,64656015,0,2993,2796,197,0.00000,5.08015
534F4C31,8099,64658500,0,3001,2798,203,0.00000,5.23487
534F4C31,8099,64660585,0,2997,2797,200,0.00000,5.15751
534F4C31,8099,64662790,0,3001,2796,205,0.00000,5.28645
534F4C31,8099,64665055,0,3003,2796,207,0.00000,5.33802
534F4C31,8099,64667241,0,2996,2795,201,0.00000,5.18330
534F4C31,8100,64669269,0,3002,2801,201,0.00000,5.18330
534F4C31,8101,64672712,0,2999,2798,201,0.00000,5.18330
534F4C31,8102,64676572,0,2997,2796,201,0.00000,5.18330
534F4C31,8103,64681944,0,2998,2799,199,0.00000,5.13172
534F4C31,8104,64686490,0,2995,2795,200,0.00000,5.15751
534F4C31,8105,64692165,0,3001,2795,206,0.00000,5.31223
534F4C31,8105,64696099,0,3000,2795,205,0.00000,5.28645
534F4C31,8105,64699658,0,2995,2798,197,0.00000,5.08015
534F4C31,8105,64702798,0,2996,2800,196,0.00000,5.05436
534F4C31,8105,64705725,0,2995,2797,198,0.00000,5.10593
534F4C31,8105,64709735,0,3000,2798,202,0.00000,5.20908
534F4C31,8105,64711985,0,3000,2796,204,0.00000,5.26066
534F4C31,8105,64714050,0,2999,2794,205,0.00000,5.28645
534F4C31,8105,64718132,0,3001,2794,207,0.00000,5.33802
534F4C31,8105,64720939,0,2999,2796,203,0.00000,5.23487
534F4C31,8105,64723107,0,2996,2796,200,0.00000,5.15751
534F4C31,8105,64725189,0,2996,2796,200,0.00000,5.15751
534F4C31,8105,64728405,0,2992,2796,196,0.00000,5.05436
534F4C31,8105,64730644,0,2995,2794,201,0.00000,5.18330
534F4C31,8105,64732848,0,3001,2799,202,0.00000,5.20908
534F4C31,8105,64735345,0,3003,2798,205,0.00000,5.28645
534F4C31,8105,64738680,0,3001,2798,203,0.00000,5.23487
534F4C31,8106,64742040,0,2993,2796,197,0.00000,5.08015
534F4C31,8107,64745581,0,2999,2799,200,0.00000,5.15751
534F4C31,8108,64750011,0,3000,2799,201,0.00000,5.18330
534F4C31,8108,64755616,0,2992,2800,192,0.00000,4.95121
534F4C31,8108,64757886,0,2997,2799,198,0.00000,5.10593
534F4C31,8109,64761393,0,2993,2796,197,0.00000,5.08015
534F4C31,8110,64766179,0,2996,2800,196,0.00000,5.05436
534F4C31,8111,64770126,0,2994,2799,195,0.00000,5.02857
534F4C31,8112,64773940,0,2998,2794,204,0.00000,5.26066
534F4C31,8112,64779866,0,2992,2799,193,0.00000,4.97700
534F4C31,8113,64783301,0,2997,2794,203,0.00000,5.23487
534F4C31,8113,64786332,0,2997,2795,202,0.00000,5.20908
534F4C31,8114,64791040,0,2997,2798,199,0.00000,5.13172
534F4C31,8115,64795701,0,2996,2797,199,0.00000,5.13172
534F4C31,8115,64801258,0,3006,2797,209,0.00000,5.38960
534F4C31,8115,64803478,0,2996,2793,203,0.00000,5.23487
534F4C31,8115,64806464,0,2998,2794,204,0.00000,5.26066
534F4C31,8115,64809043,0,2992,2796,196,0.00000,5.05436
534F4C31,8115,64811583,0,2999,2796,203,0.00000,5.23487
534F4C31,8115,64813819,0,3000,2798,202,0.00000,5.20908
534F4C31,8115,64815873,0,3006,2796,210,0.00000,5.41538
534F4C31,8115,64818002,0,2998,2794,204,0.00000,5.26066
534F4C31,8115,64820202,0,3006,2796,210,0.00000,5.41538
534F4C31,8115,64822379,0,3001,2801,200,0.00000,5.15751
534F4C31,8115,64824568,0,2998,2794,204,0.00000,5.26066
534F4C31,8115,64826778,0,3002,2793,209,0.00000,5.38960
534F4C31,8116,64828840,0,2995,2794,201,0.00000,5.18330
534F4C31,8117,64832016,0,2994,2793,201,0.00000,5.18330
534F4C31,8118,64837625,0,3000,2794,206,0.00000,5.31223
534F4C31,8119,64843650,0,2999,2793,206,0.00000,5.31223
534F4C31,8120,64849507,0,2994,2791,203,0.00000,5.23487
534F4C31,8120,64853615,0,2996,2792,204,0.00000,5.26066
534F4C31,8120,64857400,0,3003,2791,212,0.00000,5.46696
534F4C31,8120,64860004,0,2996,2793,203,0.00000,5.23487
534F4C31,8120,64863186,0,3000,2792,208,0.00000,5.36381
534F4C31,8120,64865446,0,2991,2790,201,0.00000,5.18330
534F4C31,8120,64867772,0,2999,2793,206,0.00000,5.31223
534F4C31,8120,64870007,0,2995,2794,201,0.00000,5.18330
534F4C31,8120,64872212,0,2994,2793,201,0.00000,5.18330
534F4C31,8120,64874320,0,3005,2794,211,0.00000,5.44117
534F4C31,8120,64876384,0,2998,2793,205,0.00000,5.28645
534F4C31,8120,64878666,0,2999,2792,207,0.00000,5.33802
534F4C31,8120,64882007,0,3004,2795,209,0.00000,5.38960
534F4C31,8121,64885762,0,2999,2793,206,0.00000,5.31223
534F4C31,8122,64889567,0,2998,2795,203,0.00000,5.23487
534F4C31,8123,64893279,0,3002,2792,210,0.00000,5.41538
534F4C31,8124,64899720,0,2997,2794,203,0.00000,5.23487
534F4C31,8124,64903821,0,2992,2794,198,0.00000,5.10593
534F4C31,8124,64907385,0,3000,2793,207,0.00000,5.33802
534F4C31,8124,64910046,0,3002,2794,208,0.00000,5.36381
534F4C31,8124,64913737,0,2995,2792,203,0.00000,5.23487
534F4C31,8124,64915987,0,2997,2793,204,0.00000,5.26066
534F4C31,8124,64918261,0,2997,2792,205,0.00000,5.28645
534F4C31,8124,64920449,0,2997,2794,203,0.00000,5.23487
534F4C31,8125,64923594,0,2992,2793,199,0.00000,5.13172
534F4C31,8126,64927534,0,3005,2793,212,0.00000,5.46696
534F4C31,8127,64933769,0,3000,2792,208,0.00000,5.36381
534F4C31,8127,64936257,0,2999,2791,208,0.00000,5.36381
534F4C31,8127,64941644,0,2994,2792,202,0.00000,5.20908
534F4C31,8127,64943912,0,3002,2794,208,0.00000,5.36381
534F4C31,8127,64947575,0,3002,2796,206,0.00000,5.31223
534F4C31,8128,64949752,0,2997,2793,204,0.00000,5.26066
534F4C31,8129,64954573,0,2995,2795,200,0.00000,5.15751
534F4C31,8129,64956750,0,2999,2794,205,0.00000,5.28645
534F4C31,8129,64962803,0,3001,2792,209,0.00000,5.38960
534F4C31,8129,64965635,0,2995,2793,202,0.00000,5.20908
534F4C31,8129,64968548,0,3000,2794,206,0.00000,5.31223
534F4C31,8129,64970931,0,3000,2796,204,0.00000,5.26066
534F4C31,8129,64973178,0,2999,2796,203,0.00000,5.23487
534F4C31,8129,64975409,0,2994,2793,201,0.00000,5.18330
534F4C31,8129,64977586,0,2997,2792,205,0.00000,5.28645
534F4C31,8129,64979650,0,3001,2793,208,0.00000,5.36381
534F4C31,8129,64981994,0,3002,2793,209,0.00000,5.38960
534F4C31,8130,64985324,0,2997,2793,204,0.00000,5.26066
534F4C31,8131,64989638,0,2997,2795,202,0.00000,5.20908
534F4C31,8132,64993897,0,3006,2800,206,0.00000,5.31223
534F4C31,8133,65000005,0,2997,2794,203,0.00000,5.23487
534F4C31,8133,65004246,0,2995,2794,201,0.00000,5.18330
534F4C31,8134,65007002,0,3000,2794,206,0.00000,5.31223
534F4C31,8135,65010722,0,2999,2792,207,0.00000,5.33802
534F4C31,8135,65015896,0,3010,2795,215,0.00000,5.54432
534F4C31,8135,65018766,0,2997,2790,207,0.00000,5.33802
534F4C31,8136,65022330,0,2993,2796,197,0.00000,5.08015
534F4C31,8136,65026209,0,2999,2796,203,0.00000,5.23487
534F4C31,8136,65030346,0,2996,2795,201,0.00000,5.18330
534F4C31,8136,65034286,0,3004,2796,208,0.00000,5.36381
534F4C31,8136,65036488,0,2997,2795,202,0.00000,5.20908
534F4C31,8136,65039443,0,2998,2795,203,0.00000,5.23487
534F4C31,8136,65041567,0,3001,2792,209,0.00000,5.38960
534F4C31,8136,65043617,0,2995,2795,200,0.00000,5.15751
534F4C31,8136,65045836,0,2997,2792,205,0.00000,5.28645
534F4C31,8136,65048029,0,2999,2796,203,0.00000,5.23487
534F4C31,8136,65050273,0,3001,2794,207,0.00000,5.33802
534F4C31,8136,65052488,0,3000,2795,205,0.00000,5.28645
534F4C31,8137,65055316,0,2999,2791,208,0.00000,5.36381
534F4C31,8138,65059700,0,3005,2795,210,0.00000,5.41538
534F4C31,8139,65063957,0,2998,2795,203,0.00000,5.23487
534F4C31,8140,65070052,0,2996,2795,201,0.00000,5.18330
534F4C31,8140,65074371,0,3005,2792,213,0.00000,5.49275
534F4C31,8140,65077794,0,3001,2794,207,0.00000,5.33802
534F4C31,8140,65079912,0,2999,2796,203,0.00000,5.23487
534F4C31,8140,65082840,0,3005,2794,211,0.00000,5.44117
534F4C31,8140,65085412,0,2998,2793,205,0.00000,5.28645
534F4C31,8140,65087621,0,2991,2791,200,0.00000,5.15751
534F4C31,8140,65089728,0,2998,2794,204,0.00000,5.26066
534F4C31,8140,65091981,0,2992,2792,200,0.00000,5.15751
534F4C31,8141,65095320,0,2997,2797,200,0.00000,5.15751
534F4C31,8142,65100178,0,3000,2794,206,0.00000,5.31223
534F4C31,8143,65104514,0,2998,2795,203,0.00000,5.23487
534F4C31,8144,65110525,0,3006,2795,211,0.00000,5.44117
534F4C31,8144,65114222,0,2998,2796,202,0.00000,5.20908
534F4C31,8145,65118871,0,3004,2795,209,0.00000,5.38960
534F4C31,8146,65121164,0,3006,2794,212,0.00000,5.46696
534F4C31,8147,65126254,0,3003,2794,209,0.00000,5.38960
534F4C31,8148,65131191,0,2997,2794,203,0.00000,5.23487
534F4C31,8149,65137103,0,3000,2794,206,0.00000,5.31223
534F4C31,8149,65142130,0,3007,2793,214,0.00000,5.51853
534F4C31,8149,65146515,0,3002,2793,209,0.00000,5.38960
534F4C31,8149,65148736,0,2994,2794,200,0.00000,5.15751
534F4C31,8149,65151672,0,2996,2793,203,0.00000,5.23487
534F4C31,8149,65154050,0,2999,2793,206,0.00000,5.31223
534F4C31,8149,65156301,0,2999,2794,205,0.00000,5.28645
534F4C31,8149,65158556,0,2996,2793,203,0.00000,5.23487
534F4C31,8149,65160739,0,3000,2792,208,0.00000,5.36381
534F4C31,8149,65162794,0,3005,2794,211,0.00000,5.44117
534F4C31,8149,65164956,0,2994,2792,202,0.00000,5.20908
534F4C31,8149,65167202,0,2998,2795,203,0.00000,5.23487
534F4C31,8149,65169291,0,3003,2793,210,0.00000,5.41538
534F4C31,8149,65171437,0,3002,2793,209,0.00000,5.38960
534F4C31,8149,65173492,0,3003,2795,208,0.00000,5.36381
534F4C31,8149,65175637,0,2997,2795,202,0.00000,5.20908
534F4C31,8150,65179150,0,2995,2792,203,0.00000,5.23487
534F4C31,8150,65182593,0,3006,2795,211,0.00000,5.44117
534F4C31,8151,65185307,0,3003,2793,210,0.00000,5.41538
534F4C31,8152,65189045,0,2999,2795,204,0.00000,5.26066
534F4C31,8153,65193376,0,2999,2795,204,0.00000,5.26066
534F4C31,8154,65199837,0,3003,2794,209,0.00000,5.38960
534F4C31,8154,65204164,0,2994,2795,199,0.00000,5.13172
534F4C31,8154,65208768,0,2994,2790,204,0.00000,5.26066
534F4C31,8155,65212328,0,3006,2794,212,0.00000,5.46696
534F4C31,8156,65215686,0,3003,2794,209,0.00000,5.38960
534F4C31,8157,65222100,0,3003,2792,211,0.00000,5.44117
534F4C31,8157,65226012,0,2999,2793,206,0.00000,5.31223
534F4C31,8158,65228940,0,2998,2793,205,0.00000,5.28645
534F4C31,8158,65233187,0,2997,2793,204,0.00000,5.26066
534F4C31,8158,65236744,0,3000,2793,207,0.00000,5.33802
534F4C31,8158,65241027,0,3000,2790,210,0.00000,5.41538
534F4C31,8158,65244015,0,3005,2794,211,0.00000,5.44117
534F4C31,8158,65246791,0,3001,2795,206,0.00000,5.31223
534F4C31,8158,65249409,0,2999,2795,204,0.00000,5.26066
534F4C31,8158,65251677,0,3001,2795,206,0.00000,5.31223
534F4C31,8158,65253899,0,3000,2792,208,0.00000,5.36381
534F4C31,8158,65256149,0,3000,2793,207,0.00000,5.33802
534F4C31,8158,65258422,0,3007,2795,212,0.00000,5.46696
534F4C31,8158,65260581,0,3007,2793,214,0.00000,5.51853
534F4C31,8158,65262693,0,2995,2792,203,0.00000,5.23487
534F4C31,8158,65264928,0,2996,2795,201,0.00000,5.18330
534F4C31,8158,65267160,0,2995,2796,199,0.00000,5.13172
534F4C31,8158,65269222,0,2998,2795,203,0.00000,5.23487
534F4C31,8158,65271960,0,2998,2797,201,0.00000,5.18330
534F4C31,8159,65275642,0,2994,2794,200,0.00000,5.15751
534F4C31,8160,65278810,0,2997,2794,203,0.00000,5.23487
534F4C31,8161,65283250,0,2996,2794,202,0.00000,5.20908
534F4C31,8161,65288228,0,3000,2795,205,0.00000,5.28645
534F4C31,8161,65291266,0,3000,2793,207,0.00000,5.33802
534F4C31,8162,65294886,0,2999,2794,205,0.00000,5.28645
534F4C31,8162,65299706,0,2995,2792,203,0.00000,5.23487
534F4C31,8162,65301982,0,2995,2794,201,0.00000,5.18330
534F4C31,8163,65304037,0,2991,2796,195,0.00000,5.02857
534F4C31,8163,65309630,0,3000,2794,206,0.00000,5.31223
534F4C31,8163,65312815,0,2999,2793,206,0.00000,5.31223
534F4C31,8163,65316021,0,2998,2791,207,0.00000,5.33802
534F4C31,8163,65319014,0,2994,2794,200,0.00000,5.15751
534F4C31,8163,65321331,0,2996,2795,201,0.00000,5.18330
534F4C31,8163,65324011,0,2996,2793,203,0.00000,5.23487
534F4C31,8164,65327626,0,2995,2793,202,0.00000,5.20908
534F4C31,8165,65332467,0,2998,2791,207,0.00000,5.33802
534F4C31,8166,65335849,0,3003,2796,207,0.00000,5.33802
534F4C31,8167,65341737,0,3002,2793,209,0.00000,5.38960
534F4C31,8167,65345396,0,2997,2795,202,0.00000,5.20908
534F4C31,8167,65350087,0,2999,2795,204,0.00000,5.26066
534F4C31,8167,65352992,0,2999,2792,207,0.00000,5.33802
534F4C31,8167,65355247,0,2999,2794,205,0.00000,5.28645
534F4C31,8168,65358133,0,3002,2794,208,0.00000,5.36381
534F4C31,8169,65361976,0,2997,2793,204,0.00000,5.26066
534F4C31,8169,65365908,0,2999,2792,207,0.00000,5.33802
534F4C31,8169,65368289,0,3006,2795,211,0.00000,5.44117
534F4C31,8169,65372327,0,3004,2796,208,0.00000,5.36381
534F4C31,8169,65376242,0,2995,2793,202,0.00000,5.20908
534F4C31,8169,65378560,0,3005,2794,211,0.00000,5.44117
534F4C31,8169,65380784,0,2992,2793,199,0.00000,5.13172
534F4C31,8169,65383633,0,2996,2793,203,0.00000,5.23487
534F4C31,8170,65386145,0,2999,2795,204,0.00000,5.26066
534F4C31,8170,65390762,0,3002,2795,207,0.00000,5.33802
534F4C31,8170,65393292,0,2998,2793,205,0.00000,5.28645
534F4C31,8171,65395456,0,2996,2792,204,0.00000,5.26066
534F4C31,8172,65401178,0,3000,2795,205,0.00000,5.28645
534F4C31,8172,65406512,0,3000,2796,204,0.00000,5.26066
534F4C31,8172,65409368,0,3001,2794,207,0.00000,5.33802
534F4C31,8172,65411471,0,2998,2794,204,0.00000,5.26066
534F4C31,8172,65414600,0,2995,2794,201,0.00000,5.18330
534F4C31,8172,65417017,0,2995,2793,202,0.00000,5.20908
534F4C31,8172,65419038,0,2996,2794,202,0.00000,5.20908
534F4C31,8172,65421186,0,3005,2794,211,0.00000,5.44117
534F4C31,8173,65423489,0,2990,2795,195,0.00000,5.02857
534F4C31,8174,65429449,0,2995,2794,201,0.00000,5.18330
534F4C31,8175,65433159,0,2994,2798,196,0.00000,5.05436
534F4C31,8176,65439414,0,3000,2794,206,0.00000,5.31223
534F4C31,8176,65444427,0,2999,2795,204,0.00000,5.26066
534F4C31,8176,65448830,0,3006,2794,212,0.00000,5.46696
534F4C31,8176,65451103,0,3003,2794,209,0.00000,5.38960
534F4C31,8176,65453947,0,2998,2793,205,0.00000,5.28645
534F4C31,8176,65456184,0,2997,2796,201,0.00000,5.18330
534F4C31,8176,65458259,0,2991,2795,196,0.00000,5.05436
534F4C31,8176,65460366,0,2998,2790,208,0.00000,5.36381
534F4C31,8176,65462532,0,2992,2793,199,0.00000,5.13172
534F4C31,8177,65464799,0,2994,2787,207,0.00000,5.33802
534F4C31,8178,65468999,0,2997,2791,206,0.00000,5.31223
534F4C31,8179,65472790,0,3003,2792,211,0.00000,5.44117
534F4C31,8180,65479486,0,3000,2791,209,0.00000,5.38960
534F4C31,8180,65484403,0,2989,2790,199,0.00000,5.13172
534F4C31,8181,65486565,0,2997,2790,207,0.00000,5.33802
534F4C31,8182,65491260,0,3000,2793,207,0.00000,5.33802
534F4C31,8182,65496214,0,2998,2790,208,0.00000,5.36381
534F4C31,8182,65501227,0,2992,2792,200,0.00000,5.15751
534F4C31,8182,65504330,0,2999,2789,210,0.00000,5.41538
534F4C31,8182,65506720,0,2997,2793,204,0.00000,5.26066
534F4C31,8182,65508863,0,3005,2791,214,0.00000,5.51853
534F4C31,8182,65511933,0,2998,2791,207,0.00000,5.33802
534F4C31,8182,65514145,0,3004,2792,212,0.00000,5.46696
534F4C31,8182,65516336,0,3002,2791,211,0.00000,5.44117
534F4C31,8182,65518490,0,3001,2790,211,0.00000,5.44117
534F4C31,8183,65520579,0,3003,2792,211,0.00000,5.44117
534F4C31,8184,65525429,0,3001,2794,207,0.00000,5.33802
534F4C31,8185,65529182,0,2998,2791,207,0.00000,5.33802
534F4C31,8186,65533120,0,3001,2792,209,0.00000,5.38960
534F4C31,8187,65537265,0,3001,2791,210,0.00000,5.41538
534F4C31,8188,65541272,0,2993,2789,204,0.00000,5.26066
534F4C31,8189,65545093,0,2995,2792,203,0.00000,5.23487
534F4C31,8190,65548820,0,2999,2790,209,0.00000,5.38960
534F4C31,8191,65552766,0,3003,2787,216,0.00000,5.57011
534F4C31,8192,65556523,0,2998,2791,207,0.00000,5.33802
534F4C31,8193,65560247,0,2998,2794,204,0.00000,5.26066
534F4C31,8194,65564146,0,2996,2792,204,0.00000,5.26066
534F4C31,8195,65567863,0,2997,2790,207,0.00000,5.33802
534F4C31,8196,65571500,0,2998,2791,207,0.00000,5.33802
534F4C31,8197,65575289,0,3000,2791,209,0.00000,5.38960
534F4C31,8198,65579219,0,3005,2789,216,0.00000,5.57011
534F4C31,8199,65582961,0,2997,2792,205,0.00000,5.28645
534F4C31,8200,65586921,0,3003,2792,211,0.00000,5.44117
534F4C31,8201,65590806,0,2994,2791,203,0.00000,5.23487
534F4C31,8202,65594562,0,3001,2792,209,0.00000,5.38960
534F4C31,8203,65598340,0,3000,2793,207,0.00000,5.33802
534F4C31,8204,65602289,0,2993,2790,203,0.00000,5.23487
534F4C31,8205,65611065,0,2997,2789,208,0.00000,5.36381
534F4C31,8205,65614327,0,3002,2789,213,0.00000,5.49275
534F4C31,8205,65618920,0,3000,2788,212,0.00000,5.46696
534F4C31,8205,65622407,0,2989,2787,202,0.00000,5.20908
534F4C31,8205,65624611,0,3002,2789,213,0.00000,5.49275
534F4C31,8205,65626911,0,3000,2793,207,0.00000,5.33802
534F4C31,8206,65630320,0,2998,2790,208,0.00000,5.36381
534F4C31,8206,65633756,0,3005,2789,216,0.00000,5.57011
534F4C31,8206,65636772,0,2997,2791,206,0.00000,5.31223
534F4C31,8206,65639014,0,3003,2792,211,0.00000,5.44117
534F4C31,8206,65642051,0,2997,2789,208,0.00000,5.36381
534F4C31,8206,65644425,0,2999,2790,209,0.00000,5.38960
534F4C31,8206,65646611,0,2998,2788,210,0.00000,5.41538
534F4C31,8206,65648833,0,2996,2789,207,0.00000,5.33802
534F4C31,8206,65650845,0,2999,2789,210,0.00000,5.41538
534F4C31,8206,65652893,0,3001,2792,209,0.00000,5.38960
534F4C31,8206,65654981,0,3000,2787,213,0.00000,5.49275
534F4C31,8206,65657182,0,3002,2792,210,0.00000,5.41538
534F4C31,8207,65659343,0,3003,2790,213,0.00000,5.49275
534F4C31,8207,65663804,0,2995,2787,208,0.00000,5.36381
534F4C31,8207,65666035,0,2997,2789,208,0.00000,5.36381
534F4C31,8207,65668187,0,2994,2788,206,0.00000,5.31223
534F4C31,8207,65670634,0,3001,2789,212,0.00000,5.46696
534F4C31,8207,65673830,0,2997,2791,206,0.00000,5.31223
534F4C31,8207,65676003,0,2992,2789,203,0.00000,5.23487
534F4C31,8207,65678017,0,3000,2790,210,0.00000,5.41538
534F4C31,8207,65680201,0,2999,2790,209,0.00000,5.38960
534F4C31,8207,65682209,0,2996,2792,204,0.00000,5.26066
534F4C31,8207,65684407,0,3001,2792,209,0.00000,5.38960
534F4C31,8207,65686614,0,2999,2789,210,0.00000,5.41538
534F4C31,8207,65688736,0,3000,2791,209,0.00000,5.38960
534F4C31,8207,65691915,0,3000,2789,211,0.00000,5.44117
534F4C31,8207,65695248,0,3000,2789,211,0.00000,5.44117
534F4C31,8207,65698588,0,3004,2789,215,0.00000,5.54432
534F4C31,8207,65701918,0,2999,2789,210,0.00000,5.41538
534F4C31,8207,65705249,0,3003,2791,212,0.00000,5.46696
534F4C31,8207,65708581,0,2998,2790,208,0.00000,5.36381
534F4C31,8207,65711916,0,2996,2790,206,0.00000,5.31223
534F4C31,8207,65715257,0,2991,2791,200,0.00000,5.15751
534F4C31,8207,65718638,0,3002,2789,213,0.00000,5.49275
534F4C31,8207,65721923,0,3000,2789,211,0.00000,5.44117
534F4C31,8207,65725251,0,3001,2788,213,0.00000,5.49275
534F4C31,8207,65728576,0,2999,2792,207,0.00000,5.33802
534F4C31,8207,65731915,0,2998,2788,210,0.00000,5.41538
534F4C31,8207,65735262,0,3006,2788,218,0.00000,5.62168
534F4C31,8208,65738620,0,2996,2790,206,0.00000,5.31223
534F4C31,8209,65742382,0,3000,2790,210,0.00000,5.41538
534F4C31,8209,65745259,0,3003,2789,214,0.00000,5.51853
534F4C31,8209,65751058,0,2995,2792,203,0.00000,5.23487
534F4C31,8209,65753942,0,2996,2787,209,0.00000,5.38960
534F4C31,8209,65757141,0,2997,2789,208,0.00000,5.36381
534F4C31,8209,65759263,0,2999,2789,210,0.00000,5.41538
534F4C31,8209,65761913,0,2993,2787,206,0.00000,5.31223
534F4C31,8209,65765242,0,2998,2789,209,0.00000,5.38960
534F4C31,8210,65768592,0,3000,2788,212,0.00000,5.46696
534F4C31,8211,65773262,0,3003,2789,214,0.00000,5.51853
534F4C31,8212,65777713,0,3002,2790,212,0.00000,5.46696
534F4C31,8213,65783131,0,2996,2789,207,0.00000,5.33802
534F4C31,8214,65787476,0,2996,2792,204,0.00000,5.26066
534F4C31,8214,65792668,0,2999,2791,208,0.00000,5.36381
534F4C31,8214,65795830,0,3005,2791,214,0.00000,5.51853
534F4C31,8215,65798708,0,2997,2788,209,0.00000,5.38960
534F4C31,8215,65803459,0,3002,2790,212,0.00000,5.46696
534F4C31,8215,65805722,0,2991,2791,200,0.00000,5.15751
534F4C31,8216,65809609,0,2997,2789,208,0.00000,5.36381
534F4C31,8217,65814314,0,2998,2790,208,0.00000,5.36381
534F4C31,8217,65817506,0,2991,2793,198,0.00000,5.10593
534F4C31,8218,65820909,0,2995,2790,205,0.00000,5.28645
534F4C31,8219,65826191,0,2998,2788,210,0.00000,5.41538
534F4C31,8220,65830496,0,2991,2790,201,0.00000,5.18330
534F4C31,8220,65836467,0,2997,2790,207,0.00000,5.33802
534F4C31,8220,65842060,0,3001,2789,212,0.00000,5.46696
534F4C31,8220,65844428,0,3000,2788,212,0.00000,5.46696
534F4C31,8220,65846598,0,2999,2791,208,0.00000,5.36381
534F4C31,8220,65848672,0,3000,2791,209,0.00000,5.38960
534F4C31,8220,65851824,0,2998,2789,209,0.00000,5.38960
534F4C31,8220,65854160,0,2992,2791,201,0.00000,5.18330
534F4C31,8220,65856397,0,3002,2789,213,0.00000,5.49275
534F4C31,8220,65858478,0,2995,2787,208,0.00000,5.36381
534F4C31,8220,65860547,0,3003,2791,212,0.00000,5.46696
534F4C31,8220,65862690,0,2999,2791,208,0.00000,5.36381
534F4C31,8220,65864807,0,3004,2789,215,0.00000,5.54432
534F4C31,8220,65866946,0,3001,2791,210,0.00000,5.41538
534F4C31,8220,65868993,0,3003,2788,215,0.00000,5.54432
534F4C31,8220,65871177,0,2998,2789,209,0.00000,5.38960
534F4C31,8221,65873393,0,2995,2793,202,0.00000,5.20908
534F4C31,8221,65877785,0,2995,2791,204,0.00000,5.26066
534F4C31,8221,65880073,0,3008,2790,218,0.00000,5.62168
534F4C31,8222,65882760,0,2998,2788,210,0.00000,5.41538
534F4C31,8222,65887995,0,2990,2790,200,0.00000,5.15751
534F4C31,8222,65890481,0,2994,2788,206,0.00000,5.31223
534F4C31,8222,65893374,0,2999,2787,212,0.00000,5.46696
534F4C31,8223,65896456,0,3001,2791,210,0.00000,5.41538
534F4C31,8223,65900279,0,2997,2789,208,0.00000,5.36381
534F4C31,8223,65902814,0,2995,2789,206,0.00000,5.31223
534F4C31,8224,65906233,0,2998,2791,207,0.00000,5.33802
534F4C31,8224,65911421,0,3004,2790,214,0.00000,5.51853
534F4C31,8225,65913659,0,2998,2788,210,0.00000,5.41538
534F4C31,8226,65915973,0,3002,2789,213,0.00000,5.49275
534F4C31,8226,65921601,0,3007,2789,218,0.00000,5.62168
534F4C31,8227,65926019,0,2999,2791,208,0.00000,5.36381
534F4C31,8228,65931821,0,2992,2792,200,0.00000,5.15751
534F4C31,8229,65935696,0,2997,2788,209,0.00000,5.38960
534F4C31,8229,65942075,0,2995,2792,203,0.00000,5.23487
534F4C31,8229,65944511,0,3000,2792,208,0.00000,5.36381
534F4C31,8229,65947348,0,3002,2791,211,0.00000,5.44117
534F4C31,8229,65949671,0,2997,2790,207,0.00000,5.33802
534F4C31,8229,65951995,0,3000,2791,209,0.00000,5.38960
534F4C31,8229,65954240,0,2996,2790,206,0.00000,5.31223
534F4C31,8229,65956341,0,3001,2789,212,0.00000,5.46696
534F4C31,8229,65958347,0,3003,2790,213,0.00000,5.49275
534F4C31,8229,65960512,0,2997,2793,204,0.00000,5.26066
534F4C31,8229,65962633,0,3003,2789,214,0.00000,5.51853
534F4C31,8229,65965227,0,2996,2791,205,0.00000,5.28645
534F4C31,8229,65968567,0,3005,2790,215,0.00000,5.54432
534F4C31,8230,65972379,0,2999,2791,208,0.00000,5.36381
534F4C31,8231,65977962,0,3001,2791,210,0.00000,5.41538
534F4C31,8231,65982555,0,2996,2789,207,0.00000,5.33802
534F4C31,8231,65988547,0,3001,2790,211,0.00000,5.44117
534F4C31,8231,65990937,0,2995,2789,206,0.00000,5.31223
534F4C31,8232,65993089,0,3001,2790,211,0.00000,5.44117
534F4C31,8233,65997203,0,2993,2788,205,0.00000,5.28645
534F4C31,8234,66000411,0,2999,2791,208,0.00000,5.36381
534F4C31,8234,66006290,0,2991,2791,200,0.00000,5.15751
534F4C31,8234,66008574,0,2991,2790,201,0.00000,5.18330
534F4C31,8235,66011506,0,2999,2789,210,0.00000,5.41538
534F4C31,8236,66016307,0,2995,2790,205,0.00000,5.28645
534F4C31,8236,66019670,0,2994,2789,205,0.00000,5.28645
534F4C31,8236,66023890,0,2996,2788,208,0.00000,5.36381
534F4C31,8237,66027384,0,2998,2787,211,0.00000,5.44117
534F4C31,8238,66031025,0,2990,2787,203,0.00000,5.23487
534F4C31,8239,66037167,0,2998,2786,212,0.00000,5.46696
534F4C31,8240,66042909,0,2997,2792,205,0.00000,5.28645
534F4C31,8241,66048151,0,3006,2787,219,0.00000,5.64747
534F4C31,8241,66053904,0,3006,2789,217,0.00000,5.59590
534F4C31,8242,66056415,0,2997,2783,214,0.00000,5.51853
534F4C31,8242,66060432,0,3009,2785,224,0.00000,5.77641
534F4C31,8242,66062715,0,2992,2785,207,0.00000,5.33802
534F4C31,8243,66067534,0,2997,2788,209,0.00000,5.38960
534F4C31,8243,66070789,0,2991,2787,204,0.00000,5.26066
534F4C31,8243,66073240,0,2997,2786,211,0.00000,5.44117
534F4C31,8243,66075421,0,2997,2787,210,0.00000,5.41538
534F4C31,8243,66078338,0,2999,2787,212,0.00000,5.46696
534F4C31,8244,66081895,0,2998,2785,213,0.00000,5.49275
534F4C31,8245,66085329,0,3006,2787,219,0.00000,5.64747
534F4C31,8246,66088789,0,3001,2787,214,0.00000,5.51853
534F4C31,8247,66095899,0,3002,2786,216,0.00000,5.57011
534F4C31,8247,66098806,0,2995,2788,207,0.00000,5.33802
534F4C31,8247,66103927,0,3000,2786,214,0.00000,5.51853
534F4C31,8247,66106736,0,2994,2789,205,0.00000,5.28645
534F4C31,8247,66109630,0,2999,2786,213,0.00000,5.49275
534F4C31,8247,66112004,0,2998,2784,214,0.00000,5.51853
534F4C31,8247,66114306,0,2996,2788,208,0.00000,5.36381
534F4C31,8247,66116559,0,2998,2786,212,0.00000,5.46696
534F4C31,8247,66118728,0,3002,2787,215,0.00000,5.54432
534F4C31,8247,66120751,0,2994,2787,207,0.00000,5.33802
534F4C31,8247,66122917,0,2997,2784,213,0.00000,5.49275
534F4C31,8247,66124991,0,3004,2787,217,0.00000,5.59590
534F4C31,8247,66127180,0,2992,2784,208,0.00000,5.36381
534F4C31,8247,66129449,0,3002,2784,218,0.00000,5.62168
534F4C31,8247,66131502,0,2995,2785,210,0.00000,5.41538
534F4C31,8247,66133634,0,2998,2785,213,0.00000,5.49275
534F4C31,8248,66135868,0,2993,2788,205,0.00000,5.28645
534F4C31,8249,66140395,0,3005,2785,220,0.00000,5.67326
534F4C31,8250,66146317,0,3005,2787,218,0.00000,5.62168
534F4C31,8250,66150672,0,3002,2788,214,0.00000,5.51853
534F4C31,8251,66153598,0,2997,2783,214,0.00000,5.51853
534F4C31,8252,66158040,0,3004,2783,221,0.00000,5.69905
534F4C31,8253,66162381,0,2997,2787,210,0.00000,5.41538
534F4C31,8254,66168952,0,2994,2787,207,0.00000,5.33802
534F4C31,8254,66175170,0,3001,2784,217,0.00000,5.59590
534F4C31,8254,66178444,0,3004,2787,217,0.00000,5.59590
534F4C31,8254,66180571,0,2997,2784,213,0.00000,5.49275
534F4C31,8254,66183684,0,2997,2789,208,0.00000,5.36381
534F4C31,8254,66185868,0,3003,2786,217,0.00000,5.59590
534F4C31,8254,66188002,0,2995,2783,212,0.00000,5.46696
534F4C31,8255,66190259,0,2999,2784,215,0.00000,5.54432
534F4C31,8255,66193913,0,3001,2787,214,0.00000,5.51853
534F4C31,8255,66197444,0,3001,2784,217,0.00000,5.59590
534F4C31,8255,66200588,0,3003,2785,218,0.00000,5.62168
534F4C31,8255,66202820,0,3002,2783,219,0.00000,5.64747
534F4C31,8255,66205734,0,2998,2787,211,0.00000,5.44117
534F4C31,8255,66208597,0,3000,2785,215,0.00000,5.54432
534F4C31,8255,66210850,0,2999,2786,213,0.00000,5.49275
534F4C31,8255,66213044,0,3002,2788,214,0.00000,5.51853
534F4C31,8255,66215262,0,3001,2787,214,0.00000,5.51853
534F4C31,8255,66217259,0,3004,2788,216,0.00000,5.57011
534F4C31,8255,66219441,0,2996,2786,210,0.00000,5.41538
534F4C31,8255,66222643,0,3000,2786,214,0.00000,5.51853
534F4C31,8255,66224981,0,3003,2787,216,0.00000,5.57011
534F4C31,8255,66227203,0,3002,2786,216,0.00000,5.57011
534F4C31,8256,66230259,0,3003,2786,217,0.00000,5.59590
534F4C31,8257,66235256,0,2996,2786,210,0.00000,5.41538
534F4C31,8257,66238550,0,2999,2784,215,0.00000,5.54432
534F4C31,8257,66244178,0,2998,2789,209,0.00000,5.38960
534F4C31,8257,66247212,0,2996,2787,209,0.00000,5.38960
534F4C31,8257,66249416,0,2996,2785,211,0.00000,5.44117
534F4C31,8258,66252563,0,3006,2788,218,0.00000,5.62168
534F4C31,8259,66257042,0,3002,2785,217,0.00000,5.59590
534F4C31,8259,66261974,0,2998,2784,214,0.00000,5.51853
534F4C31,8259,66265866,0,2994,2786,208,0.00000,5.36381
534F4C31,8259,66268610,0,3004,2788,216,0.00000,5.57011
534F4C31,8259,66270748,0,2996,2788,208,0.00000,5.36381
534F4C31,8259,66273976,0,3003,2784,219,0.00000,5.64747
534F4C31,8259,66276324,0,2996,2788,208,0.00000,5.36381
534F4C31,8259,66278455,0,3003,2786,217,0.00000,5.59590
534F4C31,8259,66280545,0,3001,2788,213,0.00000,5.49275
534F4C31,8259,66282664,0,2997,2787,210,0.00000,5.41538
534F4C31,8260,66284997,0,2995,2786,209,0.00000,5.38960
534F4C31,8261,66289539,0,2998,2785,213,0.00000,5.49275
534F4C31,8262,66294730,0,2998,2785,213,0.00000,5.49275
534F4C31,8262,66298933,0,2997,2784,213,0.00000,5.49275
534F4C31,8262,66301496,0,2994,2784,210,0.00000,5.41538
534F4C31,8263,66304732,0,2994,2787,207,0.00000,5.33802
534F4C31,8263,66309235,0,2997,2786,211,0.00000,5.44117
534F4C31,8263,66312676,0,2997,2788,209,0.00000,5.38960
534F4C31,8264,66316371,0,2995,2787,208,0.00000,5.36381
534F4C31,8265,66321565,0,2998,2784,214,0.00000,5.51853
534F4C31,8265,66327438,0,2991,2786,205,0.00000,5.28645
534F4C31,8266,66329896,0,2997,2789,208,0.00000,5.36381
534F4C31,8266,66332084,0,3003,2787,216,0.00000,5.57011
534F4C31,8266,66337617,0,2990,2787,203,0.00000,5.23487
534F4C31,8266,66340663,0,2996,2788,208,0.00000,5.36381
534F4C31,8267,66343327,0,2994,2789,205,0.00000,5.28645
534F4C31,8267,66348367,0,2994,2788,206,0.00000,5.31223
534F4C31,8267,66350668,0,2995,2787,208,0.00000,5.36381
534F4C31,8267,66353581,0,3003,2785,218,0.00000,5.62168
534F4C31,8267,66356074,0,2999,2788,211,0.00000,5.44117
534F4C31,8268,66358352,0,2998,2787,211,0.00000,5.44117
534F4C31,8268,66362210,0,2993,2791,202,0.00000,5.20908
534F4C31,8268,66365015,0,2993,2785,208,0.00000,5.36381
534F4C31,8269,66367167,0,2998,2786,212,0.00000,5.46696
534F4C31,8269,66371383,0,2997,2786,211,0.00000,5.44117
534F4C31,8269,66374653,0,2996,2788,208,0.00000,5.36381
534F4C31,8269,66376701,0,3000,2788,212,0.00000,5.46696
534F4C31,8269,66380035,0,2997,2787,210,0.00000,5.41538
534F4C31,8269,66382613,0,2995,2785,210,0.00000,5.41538
534F4C31,8269,66384645,0,2998,2785,213,0.00000,5.49275
534F4C31,8269,66386766,0,2998,2786,212,0.00000,5.46696
534F4C31,8270,66389034,0,2994,2784,210,0.00000,5.41538
534F4C31,8271,66393502,0,2999,2785,214,0.00000,5.51853
534F4C31,8272,66397407,0,3004,2785,219,0.00000,5.64747
534F4C31,8272,66403042,0,3002,2788,214,0.00000,5.51853
534F4C31,8272,66406106,0,2991,2785,206,0.00000,5.31223
534F4C31,8273,66408378,0,2997,2786,211,0.00000,5.44117
534F4C31,8274,66411735,0,2998,2787,211,0.00000,5.44117
534F4C31,8275,66417878,0,2988,2789,199,0.00000,5.13172
534F4C31,8275,66422328,0,2994,2787,207,0.00000,5.33802
534F4C31,8275,66426736,0,2997,2787,210,0.00000,5.41538
534F4C31,8275,66428991,0,3000,2785,215,0.00000,5.54432
534F4C31,8275,66431735,0,3000,2788,212,0.00000,5.46696
534F4C31,8275,66434384,0,2999,2782,217,0.00000,5.59590
534F4C31,8275,66437135,0,2987,2787,200,0.00000,5.15751
534F4C31,8275,66439335,0,2995,2790,205,0.00000,5.28645
534F4C31,8275,66441545,0,2997,2785,212,0.00000,5.46696
534F4C31,8275,66443772,0,3005,2785,220,0.00000,5.67326
534F4C31,8275,66445941,0,2994,2789,205,0.00000,5.28645
534F4C31,8276,66448064,0,2994,2782,212,0.00000,5.46696
534F4C31,8277,66452168,0,2995,2788,207,0.00000,5.33802
534F4C31,8278,66456406,0,2995,2786,209,0.00000,5.38960
534F4C31,8279,66462480,0,2995,2789,206,0.00000,5.31223
534F4C31,8280,66467322,0,2997,2789,208,0.00000,5.36381
534F4C31,8280,66472560,0,2999,2786,213,0.00000,5.49275
534F4C31,8280,66475293,0,2994,2786,208,0.00000,5.36381
534F4C31,8280,66478334,0,3005,2787,218,0.00000,5.62168
534F4C31,8280,66481035,0,2997,2788,209,0.00000,5.38960
534F4C31,8280,66483165,0,2998,2787,211,0.00000,5.44117
534F4C31,8280,66485359,0,2997,2786,211,0.00000,5.44117
534F4C31,8281,66487546,0,2997,2786,211,0.00000,5.44117
534F4C31,8281,66491866,0,3001,2787,214,0.00000,5.51853
534F4C31,8281,66494164,0,2994,2782,212,0.00000,5.46696
534F4C31,8282,66496335,0,2995,2788,207,0.00000,5.33802
534F4C31,8283,66501786,0,3001,2785,216,0.00000,5.57011
534F4C31,8283,66505445,0,2996,2787,209,0.00000,5.38960
534F4C31,8283,66510733,0,2994,2787,207,0.00000,5.33802
534F4C31,8283,66513044,0,3007,2788,219,0.00000,5.64747
534F4C31,8283,66516082,0,2999,2788,211,0.00000,5.44117
534F4C31,8284,66519548,0,3001,2785,216,0.00000,5.57011
534F4C31,8284,66523833,0,2998,2787,211,0.00000,5.44117
534F4C31,8284,66526295,0,2995,2785,210,0.00000,5.41538
534F4C31,8284,66528516,0,2999,2789,210,0.00000,5.41538
534F4C31,8284,66530740,0,2995,2789,206,0.00000,5.31223
534F4C31,8284,66533973,0,3003,2788,215,0.00000,5.54432
534F4C31,8284,66536261,0,2997,2788,209,0.00000,5.38960
534F4C31,8284,66538578,0,2996,2785,211,0.00000,5.44117
534F4C31,8285,66540575,0,3000,2785,215,0.00000,5.54432
534F4C31,8286,66545249,0,2998,2786,212,0.00000,5.46696
534F4C31,8287,66551434,0,3001,2787,214,0.00000,5.51853
534F4C31,8287,66554974,0,2995,2789,206,0.00000,5.31223
534F4C31,8288,66559249,0,2992,2785,207,0.00000,5.33802
534F4C31,8289,66562096,0,3003,2787,216,0.00000,5.57011
534F4C31,8289,66567570,0,3001,2784,217,0.00000,5.59590
534F4C31,8289,66570091,0,2998,2788,210,0.00000,5.41538
534F4C31,8290,66573121,0,2999,2790,209,0.00000,5.38960
534F4C31,8291,66576965,0,2995,2784,211,0.00000,5.44117
534F4C31,8291,66581507,0,2993,2785,208,0.00000,5.36381
534F4C31,8291,66587454,0,2991,2787,204,0.00000,5.26066
534F4C31,8291,66589754,0,2993,2785,208,0.00000,5.36381
534F4C31,8291,66591925,0,3000,2787,213,0.00000,5.49275
534F4C31,8292,66594858,0,2992,2784,208,0.00000,5.36381
534F4C31,8293,66599200,0,2999,2787,212,0.00000,5.46696
534F4C31,8294,66602496,0,2995,2787,208,0.00000,5.36381
534F4C31,8294,66609538,0,2995,2787,208,0.00000,5.36381
534F4C31,8294,66612455,0,2995,2782,213,0.00000,5.49275
534F4C31,8294,66615535,0,2994,2785,209,0.00000,5.38960
534F4C31,8294,66617815,0,2995,2784,211,0.00000,5.44117
534F4C31,8295,66620034,0,2997,2783,214,0.00000,5.51853
534F4C31,8295,66624694,0,2992,2786,206,0.00000,5.31223
534F4C31,8295,66627408,0,2991,2783,208,0.00000,5.36381
534F4C31,8295,66629496,0,3000,2784,216,0.00000,5.57011
534F4C31,8295,66632511,0,3002,2785,217,0.00000,5.59590
534F4C31,8295,66635029,0,2995,2787,208,0.00000,5.36381
534F4C31,8295,66637233,0,3002,2787,215,0.00000,5.54432
534F4C31,8295,66639281,0,3003,2787,216,0.00000,5.57011
534F4C31,8295,66641461,0,2994,2785,209,0.00000,5.38960
534F4C31,8295,66643755,0,2997,2786,211,0.00000,5.44117
534F4C31,8295,66645860,0,2999,2786,213,0.00000,5.49275
534F4C31,8295,66648038,0,3003,2785,218,0.00000,5.62168
534F4C31,8296,66650072,0,2997,2787,210,0.00000,5.41538
534F4C31,8297,66655200,0,3000,2784,216,0.00000,5.57011
534F4C31,8298,66659340,0,2999,2786,213,0.00000,5.49275
534F4C31,8299,66665600,0,2998,2787,211,0.00000,5.44117
534F4C31,8299,66667933,0,2999,2786,213,0.00000,5.49275
534F4C31,8299,66673702,0,2996,2788,208,0.00000,5.36381
534F4C31,8299,66675905,0,2996,2787,209,0.00000,5.38960
534F4C31,8299,66677939,0,2997,2785,212,0.00000,5.46696
534F4C31,8300,66680936,0,2998,2783,215,0.00000,5.54432
534F4C31,8301,66685296,0,2996,2788,208,0.00000,5.36381
534F4C31,8301,66688662,0,2997,2785,212,0.00000,5.46696
534F4C31,8301,66692898,0,2994,2787,207,0.00000,5.33802
534F4C31,8302,66696486,0,2990,2786,204,0.00000,5.26066
534F4C31,8303,66700047,0,2996,2787,209,0.00000,5.38960
534F4C31,8304,66705806,0,3000,2785,215,0.00000,5.54432
534F4C31,8304,66709646,0,3000,2787,213,0.00000,5.49275
534F4C31,8304,66711952,0,2998,2787,211,0.00000,5.44117
534F4C31,8304,66716767,0,2996,2785,211,0.00000,5.44117
534F4C31,8304,66719025,0,2998,2786,212,0.00000,5.46696
534F4C31,8305,66721176,0,2997,2785,212,0.00000,5.46696
534F4C31,8305,66726308,0,2992,2783,209,0.00000,5.38960
534F4C31,8305,66729098,0,2996,2788,208,0.00000,5.36381
534F4C31,8305,66732356,0,2993,2785,208,0.00000,5.36381
534F4C31,8305,66734573,0,3000,2788,212,0.00000,5.46696
534F4C31,8305,66737444,0,2995,2784,211,0.00000,5.44117
534F4C31,8305,66740013,0,2997,2786,211,0.00000,5.44117
534F4C31,8305,66742228,0,2992,2785,207,0.00000,5.33802
534F4C31,8305,66744424,0,2993,2786,207,0.00000,5.33802
534F4C31,8305,66746715,0,2995,2786,209,0.00000,5.38960
534F4C31,8305,66748802,0,2998,2787,211,0.00000,5.44117
534F4C31,8305,66750879,0,2998,2784,214,0.00000,5.51853
534F4C31,8306,66752978,0,2994,2783,211,0.00000,5.44117
534F4C31,8307,66757913,0,2997,2783,214,0.00000,5.51853
534F4C31,8308,66761661,0,3003,2784,219,0.00000,5.64747
534F4C31,8309,66767302,0,3003,2787,216,0.00000,5.57011
534F4C31,8309,66773216,0,2994,2786,208,0.00000,5.36381
534F4C31,8309,66776428,0,2999,2787,212,0.00000,5.46696
534F4C31,8310,66779129,0,2999,2786,213,0.00000,5.49275
534F4C31,8311,66784140,0,3000,2786,214,0.00000,5.51853
534F4C31,8311,66786320,0,2996,2783,213,0.00000,5.49275
534F4C31,8311,66790330,0,2994,2787,207,0.00000,5.33802
534F4C31,8312,66794128,0,3007,2784,223,0.00000,5.75062
534F4C31,8313,66798359,0,2999,2784,215,0.00000,5.54432
534F4C31,8313,66804634,0,2998,2786,212,0.00000,5.46696
534F4C31,8313,66807074,0,2996,2783,213,0.00000,5.49275
534F4C31,8313,66810696,0,2996,2786,210,0.00000,5.41538
534F4C31,8313,66812968,0,2998,2788,210,0.00000,5.41538
534F4C31,8313,66815023,0,3000,2785,215,0.00000,5.54432
534F4C31,8313,66817245,0,3000,2785,215,0.00000,5.54432
534F4C31,8313,66819470,0,2998,2787,211,0.00000,5.44117
534F4C31,8313,66821690,0,2997,2787,210,0.00000,5.41538
534F4C31,8313,66823765,0,3002,2786,216,0.00000,5.57011
534F4C31,8313,66825883,0,2994,2783,211,0.00000,5.44117
534F4C31,8313,66828094,0,2999,2785,214,0.00000,5.51853
534F4C31,8314,66830275,0,2992,2787,205,0.00000,5.28645
534F4C31,8315,66835398,0,3000,2784,216,0.00000,5.57011
534F4C31,8316,66839262,0,3002,2786,216,0.00000,5.57011
534F4C31,8317,66843015,0,3000,2785,215,0.00000,5.54432
534F4C31,8317,66848778,0,3003,2782,221,0.00000,5.69905
534F4C31,8317,66851012,0,3000,2782,218,0.00000,5.62168
534F4C31,8317,66853852,0,2998,2783,215,0.00000,5.54432
534F4C31,8317,66856807,0,2997,2782,215,0.00000,5.54432
534F4C31,8317,66859344,0,2995,2783,212,0.00000,5.46696
534F4C31,8317,66861537,0,2996,2783,213,0.00000,5.49275
534F4C31,8318,66863634,0,2996,2787,209,0.00000,5.38960
534F4C31,8319,66868423,0,3000,2786,214,0.00000,5.51853
534F4C31,8320,66871979,0,2996,2787,209,0.00000,5.38960
534F4C31,8321,66878151,0,2997,2786,211,0.00000,5.44117
534F4C31,8321,66882454,0,2998,2785,213,0.00000,5.49275
534F4C31,8322,66886163,0,2995,2787,208,0.00000,5.36381
534F4C31,8323,66889719,0,2996,2785,211,0.00000,5.44117
534F4C31,8324,66895309,0,2996,2785,211,0.00000,5.44117
534F4C31,8325,66900308,0,3001,2785,216,0.00000,5.57011
534F4C31,8326,66905832,0,2999,2784,215,0.00000,5.54432
534F4C31,8326,66911658,0,3003,2785,218,0.00000,5.62168
534F4C31,8326,66914674,0,2996,2785,211,0.00000,5.44117
534F4C31,8326,66917959,0,3000,2789,211,0.00000,5.44117
534F4C31,8326,66920163,0,3000,2784,216,0.00000,5.57011
534F4C31,8326,66922293,0,2992,2786,206,0.00000,5.31223
534F4C31,8326,66924522,0,3001,2785,216,0.00000,5.57011
534F4C31,8326,66926767,0,2999,2789,210,0.00000,5.41538
534F4C31,8326,66928916,0,2999,2787,212,0.00000,5.46696
534F4C31,8326,66931080,0,3000,2784,216,0.00000,5.57011
534F4C31,8326,66933290,0,2997,2783,214,0.00000,5.51853
534F4C31,8326,66935488,0,2993,2786,207,0.00000,5.33802
534F4C31,8326,66937517,0,2996,2786,210,0.00000,5.41538
534F4C31,8326,66939639,0,2996,2787,209,0.00000,5.38960
534F4C31,8326,66941866,0,2997,2786,211,0.00000,5.44117
534F4C31,8326,66944123,0,3000,2787,213,0.00000,5.49275
534F4C31,8327,66946262,0,2997,2783,214,0.00000,5.51853
534F4C31,8327,66950613,0,2996,2785,211,0.00000,5.44117
534F4C31,8327,66953345,0,2996,2784,212,0.00000,5.46696
534F4C31,8327,66957248,0,2996,2786,210,0.00000,5.41538
534F4C31,8327,66959692,0,2996,2785,211,0.00000,5.44117
534F4C31,8327,66962356,0,2995,2782,213,0.00000,5.49275
534F4C31,8327,66965437,0,3001,2785,216,0.00000,5.57011
534F4C31,8327,66968458,0,2996,2785,211,0.00000,5.44117
534F4C31,8327,66971785,0,2997,2788,209,0.00000,5.38960
534F4C31,8327,66975410,0,3002,2786,216,0.00000,5.57011
534F4C31,8327,66978453,0,2998,2787,211,0.00000,5.44117
534F4C31,8328,66982096,0,3002,2787,215,0.00000,5.54432
534F4C31,8328,66986943,0,3000,2786,214,0.00000,5.51853
534F4C31,8328,66989246,0,2998,2785,213,0.00000,5.49275
534F4C31,8329,66992602,0,3002,2786,216,0.00000,5.57011
534F4C31,8330,66997415,0,2998,2785,213,0.00000,5.49275
534F4C31,8331,67003601,0,2999,2787,212,0.00000,5.46696
534F4C31,8331,67008495,0,2998,2787,211,0.00000,5.44117
534F4C31,8332,67011563,0,2998,2787,211,0.00000,5.44117
534F4C31,8332,67015652,0,3004,2788,216,0.00000,5.57011
534F4C31,8332,67019348,0,2995,2790,205,0.00000,5.28645
534F4C31,8333,67022306,0,2994,2786,208,0.00000,5.36381
534F4C31,8333,67025853,0,2999,2787,212,0.00000,5.46696
534F4C31,8333,67029985,0,2997,2787,210,0.00000,5.41538
534F4C31,8333,67034908,0,2998,2790,208,0.00000,5.36381
534F4C31,8333,67037303,0,2994,2782,212,0.00000,5.46696
534F4C31,8333,67039541,0,2999,2785,214,0.00000,5.51853
534F4C31,8334,67042632,0,3002,2786,216,0.00000,5.57011
534F4C31,8334,67047470,0,3000,2787,213,0.00000,5.49275
534F4C31,8334,67050161,0,3001,2788,213,0.00000,5.49275
534F4C31,8335,67052714,0,2995,2784,211,0.00000,5.44117
534F4C31,8336,67058644,0,2995,2787,208,0.00000,5.36381
534F4C31,8336,67062145,0,2997,2787,210,0.00000,5.41538
534F4C31,8337,67066493,0,2997,2786,211,0.00000,5.44117
534F4C31,8337,67069712,0,3000,2788,212,0.00000,5.46696
534F4C31,8337,67073765,0,2999,2786,213,0.00000,5.49275
534F4C31,8338,67077064,0,2998,2787,211,0.00000,5.44117
534F4C31,8339,67081046,0,3001,2787,214,0.00000,5.51853
534F4C31,8340,67086355,0,2997,2786,211,0.00000,5.44117
534F4C31,8341,67091579,0,2994,2787,207,0.00000,5.33802
534F4C31,8342,67096186,0,2998,2787,211,0.00000,5.44117
534F4C31,8343,67100386,0,2997,2788,209,0.00000,5.38960
534F4C31,8343,67106564,0,2998,2786,212,0.00000,5.46696
534F4C31,8343,67110404,0,2993,2786,207,0.00000,5.33802
534F4C31,8343,67112806,0,3000,2785,215,0.00000,5.54432
534F4C31,8343,67115070,0,2995,2787,208,0.00000,5.36381
534F4C31,8343,67118050,0,2996,2786,210,0.00000,5.41538
534F4C31,8343,67120429,0,2998,2787,211,0.00000,5.44117
534F4C31,8343,67122559,0,2992,2786,206,0.00000,5.31223
534F4C31,8343,67124612,0,2998,2787,211,0.00000,5.44117
534F4C31,8343,67126687,0,2999,2786,213,0.00000,5.49275
534F4C31,8343,67128781,0,2998,2789,209,0.00000,5.38960
534F4C31,8344,67131045,0,2995,2785,210,0.00000,5.41538
534F4C31,8345,67135504,0,2995,2787,208,0.00000,5.36381
534F4C31,8346,67138981,0,2991,2784,207,0.00000,5.33802
534F4C31,8347,67145089,0,2992,2785,207,0.00000,5.33802
534F4C31,8347,67150254,0,2992,2787,205,0.00000,5.28645
534F4C31,8347,67154185,0,2996,2786,210,0.00000,5.41538
534F4C31,8347,67156340,0,2996,2786,210,0.00000,5.41538
534F4C31,8347,67158427,0,2997,2785,212,0.00000,5.46696
534F4C31,8347,67161699,0,2990,2786,204,0.00000,5.26066
534F4C31,8347,67163911,0,2997,2788,209,0.00000,5.38960
534F4C31,8347,67166244,0,2998,2784,214,0.00000,5.51853
534F4C31,8347,67168441,0,2999,2785,214,0.00000,5.51853
534F4C31,8347,67171850,0,2999,2787,212,0.00000,5.46696
534F4C31,8347,67174182,0,3003,2785,218,0.00000,5.62168
534F4C31,8347,67176285,0,3001,2785,216,0.00000,5.57011
534F4C31,8347,67178443,0,3000,2785,215,0.00000,5.54432
534F4C31,8347,67180501,0,2996,2785,211,0.00000,5.44117
534F4C31,8347,67182627,0,2993,2787,206,0.00000,5.31223
534F4C31,8348,67184922,0,2994,2784,210,0.00000,5.41538
534F4C31,8349,67188984,0,2993,2783,210,0.00000,5.41538
534F4C31,8350,67192913,0,3001,2787,214,0.00000,5.51853
534F4C31,8351,67199466,0,2997,2788,209,0.00000,5.38960
534F4C31,8351,67204050,0,2996,2788,208,0.00000,5.36381
534F4C31,8351,67207522,0,2996,2786,210,0.00000,5.41538
534F4C31,8351,67210509,0,2995,2786,209,0.00000,5.38960
534F4C31,8351,67212777,0,3002,2784,218,0.00000,5.62168
534F4C31,8352,67215556,0,2997,2783,214,0.00000,5.51853
534F4C31,8353,67219900,0,2997,2786,211,0.00000,5.44117
534F4C31,8354,67223768,0,3001,2786,215,0.00000,5.54432
534F4C31,8354,67227550,0,2999,2785,214,0.00000,5.51853
534F4C31,8354,67231379,0,2998,2784,214,0.00000,5.51853
534F4C31,8355,67234702,0,2994,2785,209,0.00000,5.38960
534F4C31,8356,67238869,0,2998,2786,212,0.00000,5.46696
534F4C31,8357,67244728,0,2997,2786,211,0.00000,5.44117
534F4C31,8358,67250510,0,2997,2788,209,0.00000,5.38960
534F4C31,8358,67255517,0,2996,2787,209,0.00000,5.38960
534F4C31,8358,67258732,0,2997,2787,210,0.00000,5.41538
534F4C31,8358,67262100,0,2999,2784,215,0.00000,5.54432
534F4C31,8358,67264382,0,2995,2783,212,0.00000,5.46696
534F4C31,8358,67266585,0,2996,2786,210,0.00000,5.41538
534F4C31,8358,67269252,0,2994,2784,210,0.00000,5.41538
534F4C31,8358,67271547,0,3003,2787,216,0.00000,5.57011
534F4C31,8358,67273666,0,3001,2787,214,0.00000,5.51853
534F4C31,8358,67275753,0,3002,2784,218,0.00000,5.62168
534F4C31,8358,67277863,0,3001,2787,214,0.00000,5.51853
534F4C31,8358,67280047,0,2995,2785,210,0.00000,5.41538
534F4C31,8358,67282234,0,2993,2783,210,0.00000,5.41538
534F4C31,8358,67284318,0,3002,2782,220,0.00000,5.67326
534F4C31,8358,67286409,0,2994,2786,208,0.00000,5.36381
534F4C31,8358,67288563,0,3002,2785,217,0.00000,5.59590
534F4C31,8359,67290756,0,3001,2788,213,0.00000,5.49275
534F4C31,8360,67295394,0,2990,2787,203,0.00000,5.23487
534F4C31,8361,67300021,0,3000,2783,217,0.00000,5.59590
534F4C31,8361,67305368,0,2995,2783,212,0.00000,5.46696
534F4C31,8361,67307788,0,2997,2783,214,0.00000,5.51853
534F4C31,8362,67311134,0,2997,2787,210,0.00000,5.41538
534F4C31,8363,67315899,0,3000,2786,214,0.00000,5.51853
534F4C31,8363,67318893,0,3000,2790,210,0.00000,5.41538
534F4C31,8363,67324061,0,2996,2789,207,0.00000,5.33802
534F4C31,8363,67326342,0,3000,2787,213,0.00000,5.49275
534F4C31,8363,67329848,0,2993,2783,210,0.00000,5.41538
534F4C31,8363,67332053,0,2995,2787,208,0.00000,5.36381
534F4C31,8363,67334232,0,2996,2785,211,0.00000,5.44117
534F4C31,8363,67336481,0,2999,2784,215,0.00000,5.54432
534F4C31,8363,67338621,0,2997,2785,212,0.00000,5.46696
534F4C31,8363,67340770,0,2996,2784,212,0.00000,5.46696
534F4C31,8363,67342869,0,2997,2786,211,0.00000,5.44117
534F4C31,8363,67344960,0,3001,2785,216,0.00000,5.57011
534F4C31,8364,67347323,0,2992,2783,209,0.00000,5.38960
534F4C31,8365,67351864,0,3000,2785,215,0.00000,5.54432
534F4C31,8366,67356306,0,2994,2785,209,0.00000,5.38960
534F4C31,8366,67362011,0,2997,2784,213,0.00000,5.49275
534F4C31,8367,67365274,0,3001,2786,215,0.00000,5.54432
534F4C31,8368,67367587,0,3001,2786,215,0.00000,5.54432
534F4C31,8369,67374201,0,2997,2786,211,0.00000,5.44117
534F4C31,8370,67380366,0,2999,2789,210,0.00000,5.41538
534F4C31,8370,67385759,0,3002,2785,217,0.00000,5.59590
534F4C31,8370,67388022,0,2998,2785,213,0.00000,5.49275
534F4C31,8370,67390219,0,3001,2784,217,0.00000,5.59590
534F4C31,8370,67393540,0,2995,2786,209,0.00000,5.38960
534F4C31,8370,67395848,0,2998,2787,211,0.00000,5.44117
534F4C31,8370,67398125,0,2996,2785,211,0.00000,5.44117
534F4C31,8370,67400407,0,2998,2786,212,0.00000,5.46696
534F4C31,8370,67402577,0,3001,2785,216,0.00000,5.57011
534F4C31,8370,67404650,0,2994,2791,203,0.00000,5.23487
534F4C31,8370,67406770,0,2998,2789,209,0.00000,5.38960
534F4C31,8370,67408850,0,2998,2787,211,0.00000,5.44117
534F4C31,8371,67411182,0,2998,2787,211,0.00000,5.44117
534F4C31,8372,67415519,0,3004,2788,216,0.00000,5.57011
534F4C31,8373,67419212,0,2997,2789,208,0.00000,5.36381
534F4C31,8374,67425880,0,3000,2784,216,0.00000,5.57011
534F4C31,8374,67429452,0,2996,2788,208,0.00000,5.36381
534F4C31,8374,67433568,0,3002,2788,214,0.00000,5.51853
534F4C31,8374,67435900,0,2997,2788,209,0.00000,5.38960
534F4C31,8374,67438670,0,3002,2787,215,0.00000,5.54432
534F4C31,8374,67441433,0,2995,2786,209,0.00000,5.38960
534F4C31,8374,67443720,0,3000,2787,213,0.00000,5.49275
534F4C31,8374,67445984,0,2996,2788,208,0.00000,5.36381
534F4C31,8374,67448190,0,2999,2785,214,0.00000,5.51853
534F4C31,8374,67450309,0,2995,2784,211,0.00000,5.44117
534F4C31,8374,67452411,0,2998,2787,211,0.00000,5.44117
534F4C31,8375,67455074,0,2998,2785,213,0.00000,5.49275
534F4C31,8376,67458927,0,2997,2786,211,0.00000,5.44117
534F4C31,8377,67462895,0,3000,2787,213,0.00000,5.49275
534F4C31,8378,67466459,0,3002,2788,214,0.00000,5.51853
534F4C31,8379,67473061,0,3005,2787,218,0.00000,5.62168
534F4C31,8379,67478245,0,2997,2787,210,0.00000,5.41538
534F4C31,8379,67481973,0,2998,2787,211,0.00000,5.44117
534F4C31,8379,67485069,0,2998,2787,211,0.00000,5.44117
534F4C31,8379,67487801,0,3002,2785,217,0.00000,5.59590
534F4C31,8379,67490104,0,2998,2783,215,0.00000,5.54432
534F4C31,8379,67492389,0,3000,2787,213,0.00000,5.49275
534F4C31,8379,67494580,0,2999,2788,211,0.00000,5.44117
534F4C31,8379,67496717,0,2994,2787,207,0.00000,5.33802
534F4C31,8379,67498760,0,2995,2786,209,0.00000,5.38960
534F4C31,8379,67501742,0,2999,2789,210,0.00000,5.41538
534F4C31,8380,67505244,0,3002,2788,214,0.00000,5.51853
534F4C31,8381,67508900,0,2999,2785,214,0.00000,5.51853
534F4C31,8382,67514809,0,2997,2784,213,0.00000,5.49275
534F4C31,8382,67518690,0,3001,2786,215,0.00000,5.54432
534F4C31,8382,67521617,0,2995,2786,209,0.00000,5.38960
534F4C31,8383,67524865,0,2993,2788,205,0.00000,5.28645
534F4C31,8383,67529131,0,2995,2786,209,0.00000,5.38960
534F4C31,8383,67531449,0,3001,2786,215,0.00000,5.54432
534F4C31,8384,67534531,0,3001,2785,216,0.00000,5.57011
534F4C31,8385,67539889,0,2994,2789,205,0.00000,5.28645
534F4C31,8386,67543627,0,2998,2787,211,0.00000,5.44117
534F4C31,8386,67549372,0,3001,2786,215,0.00000,5.54432
534F4C31,8386,67552035,0,2993,2782,211,0.00000,5.44117
534F4C31,8386,67555046,0,2992,2785,207,0.00000,5.33802
534F4C31,8386,67558199,0,2997,2783,214,0.00000,5.51853
534F4C31,8386,67560259,0,2993,2786,207,0.00000,5.33802
534F4C31,8386,67562367,0,3004,2783,221,0.00000,5.69905
534F4C31,8386,67564565,0,3001,2784,217,0.00000,5.59590
534F4C31,8386,67566791,0,2995,2787,208,0.00000,5.36381
534F4C31,8387,67568909,0,3000,2785,215,0.00000,5.54432
534F4C31,8388,67573204,0,3000,2788,212,0.00000,5.46696
534F4C31,8389,67577009,0,2999,2788,211,0.00000,5.44117
534F4C31,8390,67582820,0,2997,2785,212,0.00000,5.46696
534F4C31,8391,67586598,0,2996,2787,209,0.00000,5.38960
534F4C31,8392,67592971,0,2993,2787,206,0.00000,5.31223
534F4C31,8392,67595911,0,2995,2787,208,0.00000,5.36381
534F4C31,8392,67600927,0,3001,2787,214,0.00000,5.51853
534F4C31,8392,67603715,0,2997,2786,211,0.00000,5.44117
534F4C31,8392,67605981,0,3001,2787,214,0.00000,5.51853
534F4C31,8393,67608889,0,3005,2783,222,0.00000,5.72484
534F4C31,8394,67613148,0,2999,2787,212,0.00000,5.46696
534F4C31,8395,67617533,0,3001,2785,216,0.00000,5.57011
534F4C31,8395,67623282,0,3000,2789,211,0.00000,5.44117
534F4C31,8395,67626273,0,2999,2786,213,0.00000,5.49275
534F4C31,8395,67628365,0,3001,2784,217,0.00000,5.59590
534F4C31,8395,67631315,0,2998,2785,213,0.00000,5.49275
