device_id,seq,timestamp_us,vbus_raw,iout_raw,iref_raw,i_diff,v_volts,i_amps
534F4C31,4944,32260630,0,2996,2947,49,0.00000,1.26359
534F4C31,4944,32265406,0,2998,2940,58,0.00000,1.49568
534F4C31,4944,32270736,0,2996,2940,56,0.00000,1.44410
534F4C31,4945,32274514,0,2994,2939,55,0.00000,1.41832
534F4C31,4945,32277837,0,3000,2944,56,0.00000,1.44410
534F4C31,4945,32282133,0,2998,2939,59,0.00000,1.52147
534F4C31,4945,32284523,0,2993,2942,51,0.00000,1.31516
534F4C31,4945,32287878,0,2992,2940,52,0.00000,1.34095
534F4C31,4945,32290254,0,2993,2944,49,0.00000,1.26359
534F4C31,4945,32292442,0,2996,2944,52,0.00000,1.34095
534F4C31,4945,32294615,0,2996,2942,54,0.00000,1.39253
534F4C31,4945,32296794,0,2992,2940,52,0.00000,1.34095
534F4C31,4945,32298952,0,2993,2944,49,0.00000,1.26359
534F4C31,4945,32301017,0,2990,2945,45,0.00000,1.16044
534F4C31,4945,32303192,0,2999,2940,59,0.00000,1.52147
534F4C31,4946,32305710,0,2992,2941,51,0.00000,1.31516
534F4C31,4947,32309587,0,2993,2943,50,0.00000,1.28938
534F4C31,4948,32314176,0,2995,2945,50,0.00000,1.28938
534F4C31,4949,32320425,0,2991,2945,46,0.00000,1.18623
534F4C31,4949,32325145,0,2990,2943,47,0.00000,1.21201
534F4C31,4949,32328980,0,2997,2942,55,0.00000,1.41832
534F4C31,4949,32331809,0,2989,2942,47,0.00000,1.21201
534F4C31,4949,32334683,0,2994,2939,55,0.00000,1.41832
534F4C31,4949,32337340,0,2988,2942,46,0.00000,1.18623
534F4C31,4949,32339513,0,2994,2939,55,0.00000,1.41832
534F4C31,4950,32341751,0,2993,2942,51,0.00000,1.31516
534F4C31,4950,32345263,0,2997,2944,53,0.00000,1.36674
534F4C31,4950,32349225,0,2996,2943,53,0.00000,1.36674
534F4C31,4951,32351413,0,2994,2940,54,0.00000,1.39253
534F4C31,4952,32356545,0,2995,2943,52,0.00000,1.34095
534F4C31,4952,32360392,0,2989,2942,47,0.00000,1.21201
534F4C31,4952,32363807,0,2997,2944,53,0.00000,1.36674
534F4C31,4953,32369073,0,2996,2944,52,0.00000,1.34095
534F4C31,4954,32374340,0,2992,2941,51,0.00000,1.31516
534F4C31,4955,32378275,0,2998,2941,57,0.00000,1.46989
534F4C31,4956,32384535,0,2993,2944,49,0.00000,1.26359
534F4C31,4956,32387817,0,2998,2939,59,0.00000,1.52147
534F4C31,4956,32391962,0,2997,2944,53,0.00000,1.36674
534F4C31,4956,32395909,0,2987,2940,47,0.00000,1.21201
534F4C31,4956,32398323,0,2999,2947,52,0.00000,1.34095
534F4C31,4956,32400452,0,2992,2940,52,0.00000,1.34095
534F4C31,4956,32403625,0,2991,2942,49,0.00000,1.26359
534F4C31,4956,32405964,0,2991,2940,51,0.00000,1.31516
534F4C31,4956,32408448,0,2999,2942,57,0.00000,1.46989
534F4C31,4956,32410830,0,2994,2946,48,0.00000,1.23780
534F4C31,4956,32413008,0,2997,2942,55,0.00000,1.41832
534F4C31,4956,32415151,0,2995,2946,49,0.00000,1.26359
534F4C31,4956,32417301,0,2997,2945,52,0.00000,1.34095
534F4C31,4956,32419372,0,2994,2943,51,0.00000,1.31516
534F4C31,4957,32421741,0,2995,2942,53,0.00000,1.36674
534F4C31,4958,32426037,0,2993,2946,47,0.00000,1.21201
534F4C31,4959,32431542,0,2995,2944,51,0.00000,1.31516
534F4C31,4960,32437041,0,2998,2941,57,0.00000,1.46989
534F4C31,4960,32442163,0,2993,2942,51,0.00000,1.31516
534F4C31,4960,32444395,0,2994,2940,54,0.00000,1.39253
534F4C31,4960,32446473,0,2990,2941,49,0.00000,1.26359
534F4C31,4961,32448613,0,2995,2940,55,0.00000,1.41832
534F4C31,4962,32453184,0,2991,2942,49,0.00000,1.26359
534F4C31,4963,32456898,0,2991,2942,49,0.00000,1.26359
534F4C31,4963,32463185,0,2989,2939,50,0.00000,1.28938
534F4C31,4963,32467827,0,2999,2939,60,0.00000,1.54725
534F4C31,4963,32470072,0,2991,2944,47,0.00000,1.21201
534F4C31,4963,32472309,0,2996,2948,48,0.00000,1.23780
534F4C31,4964,32475306,0,2993,2939,54,0.00000,1.39253
534F4C31,4964,32478517,0,2990,2939,51,0.00000,1.31516
534F4C31,4964,32481806,0,2994,2944,50,0.00000,1.28938
534F4C31,4964,32483997,0,2997,2937,60,0.00000,1.54725
534F4C31,4964,32487305,0,2993,2939,54,0.00000,1.39253
534F4C31,4964,32489609,0,2993,2940,53,0.00000,1.36674
534F4C31,4964,32491708,0,2990,2943,47,0.00000,1.21201
534F4C31,4964,32493833,0,2995,2943,52,0.00000,1.34095
534F4C31,4964,32495943,0,2989,2941,48,0.00000,1.23780
534F4C31,4964,32498046,0,2993,2939,54,0.00000,1.39253
534F4C31,4965,32500282,0,2990,2940,50,0.00000,1.28938
534F4C31,4966,32504492,0,2991,2943,48,0.00000,1.23780
534F4C31,4967,32509782,0,2985,2942,43,0.00000,1.10886
534F4C31,4968,32514482,0,2992,2943,49,0.00000,1.26359
534F4C31,4968,32521704,0,2991,2941,50,0.00000,1.28938
534F4C31,4968,32523938,0,2998,2942,56,0.00000,1.44410
534F4C31,4968,32526137,0,2991,2940,51,0.00000,1.31516
534F4C31,4968,32529428,0,2992,2944,48,0.00000,1.23780
534F4C31,4968,32531570,0,2994,2941,53,0.00000,1.36674
534F4C31,4968,32533802,0,2994,2941,53,0.00000,1.36674
534F4C31,4968,32535986,0,2995,2939,56,0.00000,1.44410
534F4C31,4968,32538192,0,2987,2939,48,0.00000,1.23780
534F4C31,4969,32540384,0,2995,2940,55,0.00000,1.41832
534F4C31,4970,32543568,0,2992,2937,55,0.00000,1.41832
534F4C31,4971,32547605,0,2988,2945,43,0.00000,1.10886
534F4C31,4972,32551560,0,2993,2940,53,0.00000,1.36674
534F4C31,4973,32557762,0,2998,2940,58,0.00000,1.49568
534F4C31,4974,32561447,0,2998,2943,55,0.00000,1.41832
534F4C31,4974,32567252,0,2997,2943,54,0.00000,1.39253
534F4C31,4974,32569488,0,2991,2943,48,0.00000,1.23780
534F4C31,4974,32572862,0,2991,2942,49,0.00000,1.26359
534F4C31,4974,32575361,0,2996,2944,52,0.00000,1.34095
534F4C31,4974,32577392,0,2992,2944,48,0.00000,1.23780
534F4C31,4974,32579497,0,2996,2942,54,0.00000,1.39253
534F4C31,4975,32581671,0,2989,2941,48,0.00000,1.23780
534F4C31,4975,32585211,0,2995,2941,54,0.00000,1.39253
534F4C31,4975,32588531,0,2995,2940,55,0.00000,1.41832
534F4C31,4975,32590652,0,2995,2941,54,0.00000,1.39253
534F4C31,4975,32592788,0,2994,2940,54,0.00000,1.39253
534F4C31,4976,32596491,0,2996,2949,47,0.00000,1.21201
534F4C31,4976,32600334,0,2998,2948,50,0.00000,1.28938
534F4C31,4976,32603593,0,2994,2944,50,0.00000,1.28938
534F4C31,4976,32605819,0,2992,2941,51,0.00000,1.31516
534F4C31,4976,32608820,0,2995,2937,58,0.00000,1.49568
534F4C31,4976,32611161,0,2992,2944,48,0.00000,1.23780
534F4C31,4976,32613760,0,2993,2942,51,0.00000,1.31516
534F4C31,4976,32615985,0,2995,2940,55,0.00000,1.41832
534F4C31,4977,32618294,0,2994,2944,50,0.00000,1.28938
534F4C31,4978,32623033,0,2998,2943,55,0.00000,1.41832
534F4C31,4979,32626752,0,2995,2942,53,0.00000,1.36674
534F4C31,4980,32632369,0,2992,2941,51,0.00000,1.31516
534F4C31,4981,32636016,0,2993,2947,46,0.00000,1.18623
534F4C31,4981,32641233,0,2991,2942,49,0.00000,1.26359
534F4C31,4981,32644820,0,2993,2940,53,0.00000,1.36674
534F4C31,4981,32647021,0,2987,2940,47,0.00000,1.21201
534F4C31,4981,32649311,0,2991,2940,51,0.00000,1.31516
534F4C31,4982,32652533,0,2991,2943,48,0.00000,1.23780
534F4C31,4983,32657754,0,2993,2941,52,0.00000,1.34095
534F4C31,4983,32661889,0,2998,2945,53,0.00000,1.36674
534F4C31,4983,32666027,0,2995,2938,57,0.00000,1.46989
534F4C31,4983,32668353,0,2995,2942,53,0.00000,1.36674
534F4C31,4983,32671514,0,3001,2942,59,0.00000,1.52147
534F4C31,4983,32673683,0,2992,2940,52,0.00000,1.34095
534F4C31,4983,32675787,0,2993,2942,51,0.00000,1.31516
534F4C31,4983,32678003,0,2996,2941,55,0.00000,1.41832
534F4C31,4983,32680184,0,2992,2942,50,0.00000,1.28938
534F4C31,4983,32682305,0,2989,2937,52,0.00000,1.34095
534F4C31,4983,32685758,0,2993,2939,54,0.00000,1.39253
534F4C31,4983,32688042,0,2994,2940,54,0.00000,1.39253
534F4C31,4984,32691832,0,2991,2937,54,0.00000,1.39253
534F4C31,4984,32695735,0,2992,2944,48,0.00000,1.23780
534F4C31,4984,32698044,0,2992,2941,51,0.00000,1.31516
534F4C31,4985,32700099,0,2994,2945,49,0.00000,1.26359
534F4C31,4986,32705544,0,2997,2942,55,0.00000,1.41832
534F4C31,4987,32709936,0,2996,2939,57,0.00000,1.46989
534F4C31,4988,32715864,0,2992,2943,49,0.00000,1.26359
534F4C31,4988,32721129,0,2996,2942,54,0.00000,1.39253
534F4C31,4988,32724131,0,2992,2943,49,0.00000,1.26359
534F4C31,4988,32727100,0,2991,2943,48,0.00000,1.23780
534F4C31,4988,32729968,0,2990,2944,46,0.00000,1.18623
534F4C31,4988,32732130,0,2992,2942,50,0.00000,1.28938
534F4C31,4988,32734364,0,2993,2945,48,0.00000,1.23780
534F4C31,4988,32736557,0,2988,2937,51,0.00000,1.31516
534F4C31,4988,32738780,0,3001,2940,61,0.00000,1.57304
534F4C31,4989,32740926,0,2991,2944,47,0.00000,1.21201
534F4C31,4990,32745271,0,2998,2941,57,0.00000,1.46989
534F4C31,4991,32748958,0,2997,2942,55,0.00000,1.41832
534F4C31,4992,32755363,0,2993,2944,49,0.00000,1.26359
534F4C31,4992,32760608,0,2995,2942,53,0.00000,1.36674
534F4C31,4992,32763440,0,2987,2948,39,0.00000,1.00571
534F4C31,4992,32766397,0,2998,2943,55,0.00000,1.41832
534F4C31,4992,32769277,0,2987,2944,43,0.00000,1.10886
534F4C31,4992,32771529,0,2992,2942,50,0.00000,1.28938
534F4C31,4992,32773853,0,3000,2938,62,0.00000,1.59883
534F4C31,4992,32776053,0,2998,2947,51,0.00000,1.31516
534F4C31,4992,32778210,0,2990,2941,49,0.00000,1.26359
534F4C31,4993,32780237,0,2994,2943,51,0.00000,1.31516
534F4C31,4994,32784226,0,2994,2941,53,0.00000,1.36674
534F4C31,4995,32788100,0,2985,2940,45,0.00000,1.16044
534F4C31,4995,32794364,0,2991,2939,52,0.00000,1.34095
534F4C31,4995,32796701,0,2997,2940,57,0.00000,1.46989
534F4C31,4996,32800298,0,2994,2946,48,0.00000,1.23780
534F4C31,4997,32804149,0,2991,2941,50,0.00000,1.28938
534F4C31,4998,32808341,0,2994,2941,53,0.00000,1.36674
534F4C31,4999,32814019,0,2999,2946,53,0.00000,1.36674
534F4C31,5000,32818593,0,2993,2940,53,0.00000,1.36674
534F4C31,5000,32821589,0,2992,2942,50,0.00000,1.28938
534F4C31,5000,32826348,0,2992,2940,52,0.00000,1.34095
534F4C31,5000,32828467,0,2992,2943,49,0.00000,1.26359
534F4C31,5000,32831283,0,2992,2944,48,0.00000,1.23780
534F4C31,5000,32833463,0,2992,2936,56,0.00000,1.44410
534F4C31,5000,32836514,0,2999,2942,57,0.00000,1.46989
534F4C31,5000,32838902,0,2994,2942,52,0.00000,1.34095
534F4C31,5000,32841094,0,2991,2942,49,0.00000,1.26359
534F4C31,5000,32843213,0,2993,2944,49,0.00000,1.26359
534F4C31,5000,32845272,0,2991,2940,51,0.00000,1.31516
534F4C31,5000,32847469,0,2992,2944,48,0.00000,1.23780
534F4C31,5000,32849578,0,2996,2945,51,0.00000,1.31516
534F4C31,5000,32851725,0,2992,2940,52,0.00000,1.34095
534F4C31,5001,32853777,0,2992,2938,54,0.00000,1.39253
534F4C31,5002,32858585,0,2989,2939,50,0.00000,1.28938
534F4C31,5003,32864989,0,2998,2943,55,0.00000,1.41832
534F4C31,5003,32868454,0,2995,2939,56,0.00000,1.44410
534F4C31,5003,32871738,0,2992,2940,52,0.00000,1.34095
534F4C31,5003,32874504,0,2987,2942,45,0.00000,1.16044
534F4C31,5003,32876798,0,2998,2940,58,0.00000,1.49568
534F4C31,5003,32878911,0,2999,2943,56,0.00000,1.44410
534F4C31,5003,32881064,0,2992,2942,50,0.00000,1.28938
534F4C31,5004,32883334,0,2993,2941,52,0.00000,1.34095
534F4C31,5005,32887574,0,2999,2946,53,0.00000,1.36674
534F4C31,5006,32891573,0,2994,2946,48,0.00000,1.23780
534F4C31,5007,32897874,0,2992,2942,50,0.00000,1.28938
534F4C31,5007,32901548,0,3000,2944,56,0.00000,1.44410
534F4C31,5007,32905726,0,2990,2945,45,0.00000,1.16044
534F4C31,5007,32908547,0,2996,2943,53,0.00000,1.36674
534F4C31,5007,32910828,0,2992,2942,50,0.00000,1.28938
534F4C31,5007,32913655,0,2999,2944,55,0.00000,1.41832
534F4C31,5007,32915981,0,2991,2941,50,0.00000,1.28938
534F4C31,5007,32918226,0,2990,2944,46,0.00000,1.18623
534F4C31,5007,32920818,0,2995,2945,50,0.00000,1.28938
534F4C31,5007,32923180,0,2989,2941,48,0.00000,1.23780
534F4C31,5007,32925281,0,2986,2946,40,0.00000,1.03150
534F4C31,5008,32927284,0,2992,2942,50,0.00000,1.28938
534F4C31,5009,32930728,0,2994,2943,51,0.00000,1.31516
534F4C31,5010,32934890,0,2991,2941,50,0.00000,1.28938
534F4C31,5011,32940871,0,2996,2942,54,0.00000,1.39253
534F4C31,5012,32946553,0,2996,2942,54,0.00000,1.39253
534F4C31,5013,32951716,0,2994,2940,54,0.00000,1.39253
534F4C31,5014,32956960,0,2992,2941,51,0.00000,1.31516
534F4C31,5014,32962153,0,2989,2946,43,0.00000,1.10886
534F4C31,5014,32964523,0,2996,2944,52,0.00000,1.34095
534F4C31,5014,32967820,0,2994,2942,52,0.00000,1.34095
534F4C31,5014,32970044,0,2998,2945,53,0.00000,1.36674
534F4C31,5014,32972162,0,2992,2938,54,0.00000,1.39253
534F4C31,5014,32974435,0,2995,2940,55,0.00000,1.41832
534F4C31,5014,32976701,0,2994,2942,52,0.00000,1.34095
534F4C31,5014,32978923,0,2995,2944,51,0.00000,1.31516
534F4C31,5014,32981004,0,2991,2943,48,0.00000,1.23780
534F4C31,5014,32983143,0,2991,2940,51,0.00000,1.31516
534F4C31,5014,32985301,0,2992,2940,52,0.00000,1.34095
534F4C31,5014,32987401,0,2996,2943,53,0.00000,1.36674
534F4C31,5014,32989492,0,2998,2943,55,0.00000,1.41832
534F4C31,5015,32991599,0,2991,2943,48,0.00000,1.23780
534F4C31,5016,32996554,0,3004,2941,63,0.00000,1.62462
534F4C31,5017,33000843,0,3000,2944,56,0.00000,1.44410
534F4C31,5018,33005411,0,2988,2938,50,0.00000,1.28938
534F4C31,5018,33010047,0,2989,2943,46,0.00000,1.18623
534F4C31,5018,33012336,0,2997,2941,56,0.00000,1.44410
534F4C31,5018,33014423,0,2989,2942,47,0.00000,1.21201
534F4C31,5018,33016598,0,2996,2939,57,0.00000,1.46989
534F4C31,5019,33020546,0,2995,2939,56,0.00000,1.44410
534F4C31,5019,33023772,0,3001,2939,62,0.00000,1.59883
534F4C31,5019,33027553,0,2994,2939,55,0.00000,1.41832
534F4C31,5020,33029985,0,2994,2937,57,0.00000,1.46989
534F4C31,5021,33034213,0,2992,2938,54,0.00000,1.39253
534F4C31,5022,33038606,0,2998,2940,58,0.00000,1.49568
534F4C31,5022,33045226,0,2997,2938,59,0.00000,1.52147
534F4C31,5022,33047986,0,3000,2942,58,0.00000,1.49568
534F4C31,5023,33051577,0,2990,2939,51,0.00000,1.31516
534F4C31,5023,33055875,0,2993,2941,52,0.00000,1.34095
534F4C31,5023,33058568,0,3001,2940,61,0.00000,1.57304
534F4C31,5023,33060591,0,2998,2943,55,0.00000,1.41832
534F4C31,5023,33063674,0,2993,2942,51,0.00000,1.31516
534F4C31,5023,33066643,0,2995,2937,58,0.00000,1.49568
534F4C31,5023,33068804,0,2995,2939,56,0.00000,1.44410
534F4C31,5023,33070878,0,2996,2940,56,0.00000,1.44410
534F4C31,5023,33073066,0,2997,2942,55,0.00000,1.41832
534F4C31,5023,33075217,0,3003,2940,63,0.00000,1.62462
534F4C31,5023,33077380,0,2991,2936,55,0.00000,1.41832
534F4C31,5023,33079555,0,2999,2940,59,0.00000,1.52147
534F4C31,5023,33081625,0,2992,2940,52,0.00000,1.34095
534F4C31,5023,33083724,0,2996,2942,54,0.00000,1.39253
534F4C31,5024,33086052,0,2994,2939,55,0.00000,1.41832
534F4C31,5025,33090007,0,2999,2941,58,0.00000,1.49568
534F4C31,5026,33093251,0,2997,2938,59,0.00000,1.52147
534F4C31,5027,33098083,0,2996,2942,54,0.00000,1.39253
534F4C31,5028,33102232,0,2995,2942,53,0.00000,1.36674
534F4C31,5029,33108337,0,2997,2938,59,0.00000,1.52147
534F4C31,5029,33111216,0,2995,2937,58,0.00000,1.49568
534F4C31,5029,33115761,0,2992,2942,50,0.00000,1.28938
534F4C31,5029,33119175,0,2991,2939,52,0.00000,1.34095
534F4C31,5029,33121398,0,2994,2936,58,0.00000,1.49568
534F4C31,5030,33124938,0,2990,2940,50,0.00000,1.28938
534F4C31,5031,33131438,0,2997,2940,57,0.00000,1.46989
534F4C31,5031,33137431,0,2996,2937,59,0.00000,1.52147
534F4C31,5032,33141037,0,2998,2938,60,0.00000,1.54725
534F4C31,5033,33145996,0,2998,2937,61,0.00000,1.57304
534F4C31,5034,33150905,0,2986,2936,50,0.00000,1.28938
534F4C31,5034,33155800,0,2992,2940,52,0.00000,1.34095
534F4C31,5034,33158952,0,2987,2938,49,0.00000,1.26359
534F4C31,5034,33161891,0,2992,2939,53,0.00000,1.36674
534F4C31,5034,33164560,0,2991,2942,49,0.00000,1.26359
534F4C31,5034,33166796,0,2992,2936,56,0.00000,1.44410
534F4C31,5034,33168969,0,2998,2937,61,0.00000,1.57304
534F4C31,5034,33171208,0,2997,2939,58,0.00000,1.49568
534F4C31,5034,33173401,0,2989,2941,48,0.00000,1.23780
534F4C31,5034,33175476,0,2990,2938,52,0.00000,1.34095
534F4C31,5034,33177574,0,2991,2935,56,0.00000,1.44410
534F4C31,5034,33179794,0,2995,2939,56,0.00000,1.44410
534F4C31,5034,33181936,0,2994,2939,55,0.00000,1.41832
534F4C31,5034,33184060,0,2993,2936,57,0.00000,1.46989
534F4C31,5034,33187553,0,3000,2939,61,0.00000,1.57304
534F4C31,5034,33189859,0,2994,2940,54,0.00000,1.39253
534F4C31,5035,33191916,0,2994,2938,56,0.00000,1.44410
534F4C31,5036,33195977,0,2996,2941,55,0.00000,1.41832
534F4C31,5037,33200510,0,2990,2942,48,0.00000,1.23780
534F4C31,5038,33207197,0,2994,2938,56,0.00000,1.44410
534F4C31,5038,33211992,0,2995,2936,59,0.00000,1.52147
534F4C31,5038,33216163,0,2996,2938,58,0.00000,1.49568
534F4C31,5038,33219354,0,2992,2938,54,0.00000,1.39253
534F4C31,5038,33221663,0,2997,2935,62,0.00000,1.59883
534F4C31,5038,33224684,0,2991,2937,54,0.00000,1.39253
534F4C31,5038,33227202,0,2996,2941,55,0.00000,1.41832
534F4C31,5038,33229342,0,2995,2935,60,0.00000,1.54725
534F4C31,5038,33231632,0,2987,2943,44,0.00000,1.13465
534F4C31,5039,33233961,0,2998,2941,57,0.00000,1.46989
534F4C31,5040,33238291,0,2998,2942,56,0.00000,1.44410
534F4C31,5040,33242063,0,2997,2940,57,0.00000,1.46989
534F4C31,5040,33247208,0,2994,2939,55,0.00000,1.41832
534F4C31,5040,33250878,0,2993,2937,56,0.00000,1.44410
534F4C31,5040,33253266,0,2999,2939,60,0.00000,1.54725
534F4C31,5041,33255357,0,2997,2939,58,0.00000,1.49568
534F4C31,5041,33259799,0,2995,2942,53,0.00000,1.36674
534F4C31,5041,33263454,0,2993,2941,52,0.00000,1.34095
534F4C31,5041,33265821,0,2985,2937,48,0.00000,1.23780
534F4C31,5042,33268762,0,2997,2935,62,0.00000,1.59883
534F4C31,5042,33274385,0,2998,2940,58,0.00000,1.49568
534F4C31,5042,33276727,0,2989,2938,51,0.00000,1.31516
534F4C31,5043,33278736,0,2997,2940,57,0.00000,1.46989
534F4C31,5043,33284452,0,2988,2938,50,0.00000,1.28938
534F4C31,5043,33286732,0,2993,2939,54,0.00000,1.39253
534F4C31,5044,33290170,0,2999,2941,58,0.00000,1.49568
534F4C31,5045,33294168,0,2987,2937,50,0.00000,1.28938
534F4C31,5046,33297488,0,2988,2938,50,0.00000,1.28938
534F4C31,5047,33302662,0,2998,2938,60,0.00000,1.54725
534F4C31,5048,33305752,0,2989,2936,53,0.00000,1.36674
534F4C31,5049,33308800,0,3000,2937,63,0.00000,1.62462
534F4C31,5050,33311860,0,2984,2944,40,0.00000,1.03150
534F4C31,5051,33317191,0,2994,2939,55,0.00000,1.41832
534F4C31,5051,33320614,0,2995,2940,55,0.00000,1.41832
534F4C31,5051,33322970,0,2994,2941,53,0.00000,1.36674
534F4C31,5051,33325089,0,2990,2938,52,0.00000,1.34095
534F4C31,5051,33330251,0,3000,2939,61,0.00000,1.57304
534F4C31,5051,33332612,0,2993,2942,51,0.00000,1.31516
534F4C31,5051,33335581,0,2996,2936,60,0.00000,1.54725
534F4C31,5052,33337798,0,2997,2942,55,0.00000,1.41832
534F4C31,5052,33341369,0,2995,2939,56,0.00000,1.44410
534F4C31,5052,33344596,0,2997,2940,57,0.00000,1.46989
534F4C31,5052,33346724,0,2997,2941,56,0.00000,1.44410
534F4C31,5052,33348986,0,2994,2942,52,0.00000,1.34095
534F4C31,5052,33351175,0,2995,2938,57,0.00000,1.46989
534F4C31,5052,33354124,0,2992,2942,50,0.00000,1.28938
534F4C31,5052,33356413,0,2994,2936,58,0.00000,1.49568
534F4C31,5052,33358658,0,2994,2940,54,0.00000,1.39253
534F4C31,5052,33360839,0,2999,2938,61,0.00000,1.57304
534F4C31,5052,33362881,0,2987,2935,52,0.00000,1.34095
534F4C31,5052,33364945,0,2991,2936,55,0.00000,1.41832
534F4C31,5052,33367046,0,2999,2942,57,0.00000,1.46989
534F4C31,5052,33369236,0,2999,2939,60,0.00000,1.54725
534F4C31,5053,33371447,0,2993,2939,54,0.00000,1.39253
534F4C31,5053,33375811,0,2991,2941,50,0.00000,1.28938
534F4C31,5053,33378613,0,2995,2942,53,0.00000,1.36674
534F4C31,5053,33382009,0,2993,2938,55,0.00000,1.41832
534F4C31,5053,33384445,0,2996,2937,59,0.00000,1.52147
534F4C31,5053,33386693,0,2993,2938,55,0.00000,1.41832
534F4C31,5053,33388860,0,2993,2938,55,0.00000,1.41832
534F4C31,5054,33390966,0,2993,2936,57,0.00000,1.46989
534F4C31,5055,33393933,0,2987,2938,49,0.00000,1.26359
534F4C31,5056,33398547,0,3000,2937,63,0.00000,1.62462
534F4C31,5057,33402766,0,3005,2936,69,0.00000,1.77934
534F4C31,5058,33406677,0,2997,2938,59,0.00000,1.52147
534F4C31,5059,33410754,0,3002,2939,63,0.00000,1.62462
534F4C31,5060,33416338,0,2993,2937,56,0.00000,1.44410
534F4C31,5060,33421188,0,2995,2940,55,0.00000,1.41832
534F4C31,5060,33423816,0,2999,2937,62,0.00000,1.59883
534F4C31,5060,33426860,0,2989,2938,51,0.00000,1.31516
534F4C31,5060,33429276,0,2995,2937,58,0.00000,1.49568
534F4C31,5060,33431909,0,2991,2939,52,0.00000,1.34095
534F4C31,5060,33434203,0,2992,2939,53,0.00000,1.36674
534F4C31,5060,33437663,0,2993,2942,51,0.00000,1.31516
534F4C31,5060,33439863,0,2994,2936,58,0.00000,1.49568
534F4C31,5060,33441956,0,2990,2938,52,0.00000,1.34095
534F4C31,5060,33444161,0,2987,2938,49,0.00000,1.26359
534F4C31,5060,33447042,0,2995,2937,58,0.00000,1.49568
534F4C31,5061,33449329,0,2994,2940,54,0.00000,1.39253
534F4C31,5061,33453943,0,2990,2937,53,0.00000,1.36674
534F4C31,5061,33456167,0,2989,2942,47,0.00000,1.21201
534F4C31,5061,33459255,0,2993,2940,53,0.00000,1.36674
534F4C31,5061,33461432,0,2994,2939,55,0.00000,1.41832
534F4C31,5061,33463589,0,2994,2940,54,0.00000,1.39253
534F4C31,5061,33465890,0,2996,2940,56,0.00000,1.44410
534F4C31,5061,33468014,0,2995,2941,54,0.00000,1.39253
534F4C31,5061,33470136,0,2992,2939,53,0.00000,1.36674
534F4C31,5061,33472213,0,2996,2938,58,0.00000,1.49568
534F4C31,5062,33474574,0,2988,2938,50,0.00000,1.28938
534F4C31,5063,33478991,0,2990,2942,48,0.00000,1.23780
534F4C31,5064,33485357,0,2986,2938,48,0.00000,1.23780
534F4C31,5064,33489371,0,2996,2937,59,0.00000,1.52147
534F4C31,5065,33493142,0,2994,2941,53,0.00000,1.36674
534F4C31,5066,33496415,0,2996,2940,56,0.00000,1.44410
534F4C31,5067,33501530,0,2987,2940,47,0.00000,1.21201
534F4C31,5067,33507127,0,2991,2935,56,0.00000,1.44410
534F4C31,5067,33509644,0,2997,2937,60,0.00000,1.54725
534F4C31,5068,33511880,0,2995,2938,57,0.00000,1.46989
534F4C31,5068,33516771,0,3002,2936,66,0.00000,1.70198
534F4C31,5068,33520657,0,2998,2939,59,0.00000,1.52147
534F4C31,5068,33523773,0,2991,2938,53,0.00000,1.36674
534F4C31,5069,33526805,0,2991,2938,53,0.00000,1.36674
534F4C31,5070,33531862,0,2997,2939,58,0.00000,1.49568
534F4C31,5070,33536368,0,2996,2939,57,0.00000,1.46989
534F4C31,5071,33540184,0,2990,2941,49,0.00000,1.26359
534F4C31,5072,33543790,0,2986,2940,46,0.00000,1.18623
534F4C31,5073,33548716,0,2993,2936,57,0.00000,1.46989
534F4C31,5074,33554152,0,2996,2937,59,0.00000,1.52147
534F4C31,5074,33558293,0,2993,2943,50,0.00000,1.28938
534F4C31,5074,33561577,0,2994,2939,55,0.00000,1.41832
534F4C31,5074,33565906,0,2989,2938,51,0.00000,1.31516
534F4C31,5074,33569122,0,2991,2939,52,0.00000,1.34095
534F4C31,5074,33571283,0,2994,2941,53,0.00000,1.36674
534F4C31,5074,33573390,0,2991,2935,56,0.00000,1.44410
534F4C31,5074,33576522,0,2999,2936,63,0.00000,1.62462
534F4C31,5074,33578807,0,2991,2937,54,0.00000,1.39253
534F4C31,5074,33580784,0,2992,2939,53,0.00000,1.36674
534F4C31,5074,33582974,0,2988,2938,50,0.00000,1.28938
534F4C31,5074,33585279,0,2994,2940,54,0.00000,1.39253
534F4C31,5074,33587395,0,2992,2939,53,0.00000,1.36674
534F4C31,5074,33589490,0,2995,2941,54,0.00000,1.39253
534F4C31,5074,33591567,0,3001,2942,59,0.00000,1.52147
534F4C31,5074,33593759,0,2992,2944,48,0.00000,1.23780
534F4C31,5074,33595980,0,2987,2940,47,0.00000,1.21201
534F4C31,5074,33598192,0,2998,2938,60,0.00000,1.54725
534F4C31,5075,33600280,0,2993,2941,52,0.00000,1.34095
534F4C31,5076,33603937,0,2995,2940,55,0.00000,1.41832
534F4C31,5077,33607655,0,2990,2940,50,0.00000,1.28938
534F4C31,5078,33612204,0,2994,2939,55,0.00000,1.41832
534F4C31,5079,33618141,0,2994,2933,61,0.00000,1.57304
534F4C31,5080,33624365,0,2996,2933,63,0.00000,1.62462
534F4C31,5080,33629331,0,2989,2934,55,0.00000,1.41832
534F4C31,5080,33631820,0,2992,2935,57,0.00000,1.46989
534F4C31,5080,33634811,0,2989,2932,57,0.00000,1.46989
534F4C31,5080,33637468,0,2990,2936,54,0.00000,1.39253
534F4C31,5080,33639775,0,2993,2937,56,0.00000,1.44410
534F4C31,5080,33642015,0,2990,2934,56,0.00000,1.44410
534F4C31,5081,33644230,0,2995,2935,60,0.00000,1.54725
534F4C31,5082,33648257,0,2993,2935,58,0.00000,1.49568
534F4C31,5083,33653134,0,2994,2933,61,0.00000,1.57304
534F4C31,5083,33656310,0,2981,2936,45,0.00000,1.16044
534F4C31,5083,33661209,0,2991,2936,55,0.00000,1.41832
534F4C31,5083,33664016,0,2990,2929,61,0.00000,1.57304
534F4C31,5083,33666323,0,2998,2931,67,0.00000,1.72777
534F4C31,5084,33669400,0,2984,2936,48,0.00000,1.23780
534F4C31,5085,33674631,0,3002,2933,69,0.00000,1.77934
534F4C31,5085,33680144,0,2994,2932,62,0.00000,1.59883
534F4C31,5085,33683873,0,2993,2933,60,0.00000,1.54725
534F4C31,5086,33687020,0,2998,2933,65,0.00000,1.67619
534F4C31,5086,33691940,0,2989,2938,51,0.00000,1.31516
534F4C31,5086,33694134,0,2996,2934,62,0.00000,1.59883
534F4C31,5086,33696312,0,2999,2934,65,0.00000,1.67619
534F4C31,5086,33699496,0,2991,2931,60,0.00000,1.54725
534F4C31,5087,33701749,0,2990,2934,56,0.00000,1.44410
534F4C31,5087,33707177,0,2994,2932,62,0.00000,1.59883
534F4C31,5087,33710100,0,2996,2935,61,0.00000,1.57304
534F4C31,5088,33712708,0,2990,2933,57,0.00000,1.46989
534F4C31,5089,33718005,0,2989,2933,56,0.00000,1.44410
534F4C31,5089,33721860,0,2987,2935,52,0.00000,1.34095
534F4C31,5089,33724071,0,3000,2936,64,0.00000,1.65040
534F4C31,5089,33729163,0,2998,2936,62,0.00000,1.59883
534F4C31,5089,33731360,0,2988,2935,53,0.00000,1.36674
534F4C31,5089,33734247,0,2990,2933,57,0.00000,1.46989
534F4C31,5089,33736871,0,2992,2933,59,0.00000,1.52147
534F4C31,5089,33739297,0,2996,2933,63,0.00000,1.62462
534F4C31,5089,33741454,0,2994,2932,62,0.00000,1.59883
534F4C31,5089,33743664,0,2990,2934,56,0.00000,1.44410
534F4C31,5089,33745881,0,2991,2933,58,0.00000,1.49568
534F4C31,5089,33748086,0,2987,2935,52,0.00000,1.34095
534F4C31,5089,33750353,0,2993,2935,58,0.00000,1.49568
534F4C31,5090,33752404,0,2992,2937,55,0.00000,1.41832
534F4C31,5091,33755378,0,2988,2929,59,0.00000,1.52147
534F4C31,5092,33759777,0,2990,2933,57,0.00000,1.46989
534F4C31,5093,33766125,0,2991,2933,58,0.00000,1.49568
534F4C31,5094,33770471,0,2990,2931,59,0.00000,1.52147
534F4C31,5094,33777088,0,2996,2934,62,0.00000,1.59883
534F4C31,5094,33779498,0,2985,2934,51,0.00000,1.31516
534F4C31,5094,33781616,0,2999,2933,66,0.00000,1.70198
534F4C31,5094,33784658,0,2990,2935,55,0.00000,1.41832
534F4C31,5094,33786959,0,2991,2935,56,0.00000,1.44410
534F4C31,5094,33789205,0,2992,2937,55,0.00000,1.41832
534F4C31,5094,33791277,0,2996,2933,63,0.00000,1.62462
534F4C31,5094,33793442,0,2989,2935,54,0.00000,1.39253
534F4C31,5094,33795595,0,2993,2934,59,0.00000,1.52147
534F4C31,5095,33797791,0,2994,2934,60,0.00000,1.54725
534F4C31,5096,33801997,0,2995,2938,57,0.00000,1.46989
534F4C31,5097,33805799,0,2992,2936,56,0.00000,1.44410
534F4C31,5098,33811317,0,2994,2935,59,0.00000,1.52147
534F4C31,5098,33815448,0,2996,2934,62,0.00000,1.59883
534F4C31,5098,33818551,0,2996,2934,62,0.00000,1.59883
534F4C31,5098,33823545,0,2996,2934,62,0.00000,1.59883
534F4C31,5098,33825888,0,2993,2937,56,0.00000,1.44410
534F4C31,5098,33828087,0,2993,2936,57,0.00000,1.46989
534F4C31,5098,33831175,0,2993,2933,60,0.00000,1.54725
534F4C31,5098,33833452,0,2991,2933,58,0.00000,1.49568
534F4C31,5098,33835678,0,2989,2931,58,0.00000,1.49568
534F4C31,5098,33837760,0,2990,2938,52,0.00000,1.34095
534F4C31,5098,33839788,0,2997,2932,65,0.00000,1.67619
534F4C31,5099,33842436,0,2997,2934,63,0.00000,1.62462
534F4C31,5100,33847177,0,2993,2935,58,0.00000,1.49568
534F4C31,5101,33850971,0,2993,2933,60,0.00000,1.54725
534F4C31,5102,33857218,0,2992,2932,60,0.00000,1.54725
534F4C31,5102,33859388,0,2992,2936,56,0.00000,1.44410
534F4C31,5102,33864822,0,2996,2936,60,0.00000,1.54725
534F4C31,5102,33867058,0,2994,2934,60,0.00000,1.54725
534F4C31,5102,33869146,0,2994,2935,59,0.00000,1.52147
534F4C31,5103,33872054,0,2994,2936,58,0.00000,1.49568
534F4C31,5104,33876024,0,2991,2934,57,0.00000,1.46989
534F4C31,5104,33880240,0,2994,2931,63,0.00000,1.62462
534F4C31,5104,33884308,0,2994,2934,60,0.00000,1.54725
534F4C31,5104,33887099,0,2990,2935,55,0.00000,1.41832
534F4C31,5104,33889382,0,2989,2934,55,0.00000,1.41832
534F4C31,5104,33892245,0,2991,2934,57,0.00000,1.46989
534F4C31,5104,33895578,0,2991,2934,57,0.00000,1.46989
534F4C31,5105,33897741,0,2990,2936,54,0.00000,1.39253
534F4C31,5106,33900996,0,2996,2934,62,0.00000,1.59883
534F4C31,5106,33905881,0,2992,2933,59,0.00000,1.52147
534F4C31,5106,33909427,0,2999,2935,64,0.00000,1.65040
534F4C31,5107,33912175,0,2992,2934,58,0.00000,1.49568
534F4C31,5108,33918341,0,2992,2936,56,0.00000,1.44410
534F4C31,5109,33922697,0,2986,2936,50,0.00000,1.28938
534F4C31,5109,33925636,0,3003,2938,65,0.00000,1.67619
534F4C31,5109,33929464,0,2994,2940,54,0.00000,1.39253
534F4C31,5109,33933388,0,3003,2935,68,0.00000,1.75355
534F4C31,5109,33935874,0,2996,2934,62,0.00000,1.59883
534F4C31,5109,33938012,0,2992,2935,57,0.00000,1.46989
534F4C31,5109,33940823,0,2991,2935,56,0.00000,1.44410
534F4C31,5109,33943629,0,2991,2931,60,0.00000,1.54725
534F4C31,5109,33946002,0,2996,2937,59,0.00000,1.52147
534F4C31,5110,33948287,0,3000,2936,64,0.00000,1.65040
534F4C31,5111,33952083,0,2989,2934,55,0.00000,1.41832
534F4C31,5112,33955187,0,3002,2933,69,0.00000,1.77934
534F4C31,5113,33960499,0,2996,2935,61,0.00000,1.57304
534F4C31,5113,33965849,0,2997,2933,64,0.00000,1.65040
534F4C31,5113,33970189,0,2997,2935,62,0.00000,1.59883
534F4C31,5114,33973080,0,2993,2937,56,0.00000,1.44410
534F4C31,5115,33978335,0,2995,2937,58,0.00000,1.49568
534F4C31,5116,33982196,0,3001,2935,66,0.00000,1.70198
534F4C31,5117,33988125,0,2994,2933,61,0.00000,1.57304
534F4C31,5117,33992350,0,2991,2932,59,0.00000,1.52147
534F4C31,5117,33996293,0,2998,2933,65,0.00000,1.67619
534F4C31,5117,33998574,0,2996,2935,61,0.00000,1.57304
534F4C31,5117,34001312,0,2997,2935,62,0.00000,1.59883
534F4C31,5118,34004004,0,2997,2936,61,0.00000,1.57304
534F4C31,5119,34008553,0,2993,2937,56,0.00000,1.44410
534F4C31,5120,34011964,0,2998,2933,65,0.00000,1.67619
534F4C31,5120,34017519,0,2997,2936,61,0.00000,1.57304
534F4C31,5120,34020533,0,2999,2933,66,0.00000,1.70198
534F4C31,5120,34023618,0,2987,2933,54,0.00000,1.39253
534F4C31,5120,34026054,0,2994,2935,59,0.00000,1.52147
534F4C31,5120,34028140,0,2997,2934,63,0.00000,1.62462
534F4C31,5120,34030339,0,2993,2937,56,0.00000,1.44410
534F4C31,5121,34032597,0,2989,2931,58,0.00000,1.49568
534F4C31,5122,34037389,0,3003,2934,69,0.00000,1.77934
534F4C31,5122,34040832,0,2989,2937,52,0.00000,1.34095
534F4C31,5122,34045891,0,2996,2935,61,0.00000,1.57304
534F4C31,5122,34048256,0,2991,2937,54,0.00000,1.39253
534F4C31,5122,34051626,0,2992,2932,60,0.00000,1.54725
534F4C31,5122,34053961,0,2992,2935,57,0.00000,1.46989
534F4C31,5122,34056011,0,2991,2935,56,0.00000,1.44410
534F4C31,5122,34058063,0,2998,2934,64,0.00000,1.65040
534F4C31,5122,34060325,0,2992,2936,56,0.00000,1.44410
534F4C31,5122,34062604,0,2995,2938,57,0.00000,1.46989
534F4C31,5122,34064654,0,2992,2933,59,0.00000,1.52147
534F4C31,5122,34066770,0,2996,2935,61,0.00000,1.57304
534F4C31,5122,34068976,0,2993,2937,56,0.00000,1.44410
534F4C31,5122,34071243,0,2993,2932,61,0.00000,1.57304
534F4C31,5123,34073480,0,2994,2935,59,0.00000,1.52147
534F4C31,5123,34078096,0,2998,2935,63,0.00000,1.62462
534F4C31,5123,34080419,0,2991,2937,54,0.00000,1.39253
534F4C31,5123,34082590,0,2998,2936,62,0.00000,1.59883
534F4C31,5123,34084905,0,2991,2938,53,0.00000,1.36674
534F4C31,5124,34086990,0,2990,2934,56,0.00000,1.44410
534F4C31,5125,34089219,0,2990,2935,55,0.00000,1.41832
534F4C31,5126,34093242,0,2991,2936,55,0.00000,1.41832
534F4C31,5127,34097102,0,2988,2934,54,0.00000,1.39253
534F4C31,5128,34101555,0,2996,2938,58,0.00000,1.49568
534F4C31,5129,34104780,0,2996,2937,59,0.00000,1.52147
534F4C31,5130,34109028,0,2993,2935,58,0.00000,1.49568
534F4C31,5131,34112450,0,3000,2934,66,0.00000,1.70198
534F4C31,5132,34116160,0,2991,2937,54,0.00000,1.39253
534F4C31,5133,34119616,0,2990,2936,54,0.00000,1.39253
534F4C31,5134,34122800,0,2989,2933,56,0.00000,1.44410
534F4C31,5135,34125937,0,2991,2931,60,0.00000,1.54725
534F4C31,5136,34129503,0,2989,2931,58,0.00000,1.49568
534F4C31,5137,34132955,0,2990,2933,57,0.00000,1.46989
534F4C31,5138,34136877,0,2998,2938,60,0.00000,1.54725
534F4C31,5139,34140540,0,3000,2935,65,0.00000,1.67619
534F4C31,5140,34144245,0,3001,2935,66,0.00000,1.70198
534F4C31,5141,34148251,0,2996,2937,59,0.00000,1.52147
534F4C31,5142,34151081,0,2993,2936,57,0.00000,1.46989
534F4C31,5143,34154955,0,2990,2941,49,0.00000,1.26359
534F4C31,5144,34159053,0,2991,2936,55,0.00000,1.41832
534F4C31,5145,34162609,0,2999,2935,64,0.00000,1.65040
534F4C31,5146,34166634,0,2991,2935,56,0.00000,1.44410
534F4C31,5147,34170464,0,2998,2934,64,0.00000,1.65040
534F4C31,5148,34175987,0,2991,2937,54,0.00000,1.39253
534F4C31,5148,34183983,0,2992,2933,59,0.00000,1.52147
534F4C31,5148,34186284,0,2998,2933,65,0.00000,1.67619
534F4C31,5148,34189523,0,2990,2932,58,0.00000,1.49568
534F4C31,5148,34191850,0,2997,2937,60,0.00000,1.54725
534F4C31,5148,34193931,0,2993,2935,58,0.00000,1.49568
534F4C31,5148,34196070,0,2994,2932,62,0.00000,1.59883
534F4C31,5148,34198312,0,2992,2930,62,0.00000,1.59883
534F4C31,5148,34200478,0,2992,2933,59,0.00000,1.52147
534F4C31,5148,34202593,0,3002,2932,70,0.00000,1.80513
534F4C31,5148,34204685,0,3000,2929,71,0.00000,1.83092
534F4C31,5148,34206784,0,2996,2928,68,0.00000,1.75355
534F4C31,5148,34208922,0,2998,2931,67,0.00000,1.72777
534F4C31,5148,34211092,0,2988,2929,59,0.00000,1.52147
534F4C31,5148,34213333,0,2990,2933,57,0.00000,1.46989
534F4C31,5148,34215534,0,2998,2933,65,0.00000,1.67619
534F4C31,5148,34217678,0,2991,2930,61,0.00000,1.57304
534F4C31,5148,34219702,0,2993,2930,63,0.00000,1.62462
534F4C31,5148,34221775,0,2994,2932,62,0.00000,1.59883
534F4C31,5148,34223804,0,2992,2931,61,0.00000,1.57304
534F4C31,5148,34225959,0,2994,2931,63,0.00000,1.62462
534F4C31,5148,34228069,0,2996,2934,62,0.00000,1.59883
534F4C31,5148,34230230,0,2989,2933,56,0.00000,1.44410
534F4C31,5148,34232440,0,2997,2933,64,0.00000,1.65040
534F4C31,5148,34234480,0,2992,2937,55,0.00000,1.41832
534F4C31,5148,34236498,0,2995,2934,61,0.00000,1.57304
534F4C31,5148,34238544,0,2990,2933,57,0.00000,1.46989
534F4C31,5148,34240735,0,2989,2934,55,0.00000,1.41832
534F4C31,5148,34242895,0,2992,2932,60,0.00000,1.54725
534F4C31,5148,34245031,0,2991,2931,60,0.00000,1.54725
534F4C31,5148,34247129,0,2994,2933,61,0.00000,1.57304
534F4C31,5148,34249247,0,2990,2928,62,0.00000,1.59883
534F4C31,5148,34251688,0,2995,2932,63,0.00000,1.62462
534F4C31,5148,34253926,0,3000,2931,69,0.00000,1.77934
534F4C31,5148,34256093,0,3000,2935,65,0.00000,1.67619
534F4C31,5148,34258219,0,2998,2928,70,0.00000,1.80513
534F4C31,5148,34260263,0,2986,2930,56,0.00000,1.44410
534F4C31,5148,34262457,0,2991,2931,60,0.00000,1.54725
534F4C31,5148,34264799,0,2989,2934,55,0.00000,1.41832
534F4C31,5148,34266842,0,2996,2933,63,0.00000,1.62462
534F4C31,5148,34268946,0,2994,2931,63,0.00000,1.62462
534F4C31,5148,34271051,0,3003,2932,71,0.00000,1.83092
534F4C31,5148,34273239,0,2999,2929,70,0.00000,1.80513
534F4C31,5148,34275409,0,2995,2933,62,0.00000,1.59883
534F4C31,5148,34277639,0,2997,2929,68,0.00000,1.75355
534F4C31,5149,34279981,0,2995,2931,64,0.00000,1.65040
534F4C31,5150,34283819,0,2986,2931,55,0.00000,1.41832
534F4C31,5150,34287729,0,2995,2931,64,0.00000,1.65040
534F4C31,5151,34291926,0,2997,2932,65,0.00000,1.67619
534F4C31,5151,34296996,0,2989,2933,56,0.00000,1.44410
534F4C31,5152,34300966,0,2993,2931,62,0.00000,1.59883
534F4C31,5153,34304397,0,2989,2929,60,0.00000,1.54725
534F4C31,5153,34309501,0,2995,2932,63,0.00000,1.62462
534F4C31,5153,34314406,0,2992,2933,59,0.00000,1.52147
534F4C31,5154,34317478,0,2996,2931,65,0.00000,1.67619
534F4C31,5154,34322289,0,2993,2932,61,0.00000,1.57304
534F4C31,5154,34325042,0,2992,2928,64,0.00000,1.65040
534F4C31,5155,34327193,0,2994,2932,62,0.00000,1.59883
534F4C31,5156,34331481,0,2997,2934,63,0.00000,1.62462
534F4C31,5157,34336774,0,3000,2933,67,0.00000,1.72777
534F4C31,5158,34341346,0,2995,2927,68,0.00000,1.75355
534F4C31,5158,34346803,0,2999,2930,69,0.00000,1.77934
534F4C31,5158,34348938,0,2995,2934,61,0.00000,1.57304
534F4C31,5158,34351841,0,2992,2931,61,0.00000,1.57304
534F4C31,5158,34354701,0,2987,2932,55,0.00000,1.41832
534F4C31,5158,34356825,0,2993,2928,65,0.00000,1.67619
534F4C31,5158,34358959,0,2994,2931,63,0.00000,1.62462
534F4C31,5158,34361048,0,2998,2933,65,0.00000,1.67619
534F4C31,5158,34363206,0,2988,2933,55,0.00000,1.41832
534F4C31,5159,34365424,0,2994,2931,63,0.00000,1.62462
534F4C31,5159,34370086,0,2989,2934,55,0.00000,1.41832
534F4C31,5159,34372372,0,2986,2934,52,0.00000,1.34095
534F4C31,5159,34376176,0,2990,2932,58,0.00000,1.49568
534F4C31,5159,34378566,0,2995,2932,63,0.00000,1.62462
534F4C31,5159,34380715,0,2989,2928,61,0.00000,1.57304
534F4C31,5159,34382924,0,2995,2932,63,0.00000,1.62462
534F4C31,5159,34384947,0,2992,2936,56,0.00000,1.44410
534F4C31,5159,34387121,0,2987,2931,56,0.00000,1.44410
534F4C31,5159,34389397,0,2998,2933,65,0.00000,1.67619
534F4C31,5159,34391515,0,3001,2929,72,0.00000,1.85670
534F4C31,5159,34393670,0,2988,2930,58,0.00000,1.49568
534F4C31,5159,34395716,0,2994,2930,64,0.00000,1.65040
534F4C31,5159,34397912,0,2992,2929,63,0.00000,1.62462
534F4C31,5160,34400206,0,2997,2929,68,0.00000,1.75355
534F4C31,5160,34405027,0,2993,2932,61,0.00000,1.57304
534F4C31,5160,34407289,0,2994,2931,63,0.00000,1.62462
534F4C31,5161,34409471,0,2990,2931,59,0.00000,1.52147
534F4C31,5162,34414862,0,2989,2932,57,0.00000,1.46989
534F4C31,5162,34419381,0,2993,2929,64,0.00000,1.65040
534F4C31,5162,34423134,0,2999,2935,64,0.00000,1.65040
534F4C31,5163,34426496,0,2997,2930,67,0.00000,1.72777
534F4C31,5163,34429982,0,3001,2930,71,0.00000,1.83092
534F4C31,5163,34432992,0,2994,2929,65,0.00000,1.67619
534F4C31,5163,34435244,0,3002,2929,73,0.00000,1.88249
534F4C31,5163,34439260,0,2992,2931,61,0.00000,1.57304
534F4C31,5164,34441771,0,2993,2934,59,0.00000,1.52147
534F4C31,5164,34447317,0,2997,2929,68,0.00000,1.75355
534F4C31,5164,34451088,0,2999,2928,71,0.00000,1.83092
534F4C31,5165,34454090,0,2998,2930,68,0.00000,1.75355
534F4C31,5165,34460600,0,2996,2933,63,0.00000,1.62462
534F4C31,5165,34463702,0,2991,2931,60,0.00000,1.54725
534F4C31,5166,34466619,0,2994,2932,62,0.00000,1.59883
534F4C31,5167,34471301,0,2992,2930,62,0.00000,1.59883
534F4C31,5167,34473727,0,2995,2931,64,0.00000,1.65040
534F4C31,5168,34479718,0,2993,2926,67,0.00000,1.72777
534F4C31,5168,34483911,0,2992,2927,65,0.00000,1.67619
534F4C31,5168,34487862,0,2995,2931,64,0.00000,1.65040
534F4C31,5168,34490878,0,2993,2933,60,0.00000,1.54725
534F4C31,5168,34493837,0,2998,2930,68,0.00000,1.75355
534F4C31,5168,34496120,0,2999,2930,69,0.00000,1.77934
534F4C31,5168,34498322,0,2992,2934,58,0.00000,1.49568
534F4C31,5168,34500605,0,2989,2930,59,0.00000,1.52147
534F4C31,5168,34502657,0,2994,2930,64,0.00000,1.65040
534F4C31,5168,34504873,0,2999,2930,69,0.00000,1.77934
534F4C31,5169,34507263,0,2990,2933,57,0.00000,1.46989
534F4C31,5170,34511684,0,2991,2930,61,0.00000,1.57304
534F4C31,5170,34515397,0,2991,2935,56,0.00000,1.44410
534F4C31,5170,34517889,0,2994,2931,63,0.00000,1.62462
534F4C31,5171,34522350,0,2989,2934,55,0.00000,1.41832
534F4C31,5171,34527160,0,2992,2934,58,0.00000,1.49568
534F4C31,5172,34530288,0,2992,2932,60,0.00000,1.54725
534F4C31,5173,34534162,0,2996,2930,66,0.00000,1.70198
534F4C31,5174,34538586,0,2994,2935,59,0.00000,1.52147
534F4C31,5175,34543536,0,2994,2927,67,0.00000,1.72777
534F4C31,5175,34549147,0,2995,2930,65,0.00000,1.67619
534F4C31,5175,34553691,0,2996,2932,64,0.00000,1.65040
534F4C31,5176,34556814,0,2994,2933,61,0.00000,1.57304
534F4C31,5176,34562759,0,2996,2935,61,0.00000,1.57304
534F4C31,5176,34565107,0,2998,2931,67,0.00000,1.72777
534F4C31,5176,34567766,0,2993,2933,60,0.00000,1.54725
534F4C31,5176,34570818,0,2997,2932,65,0.00000,1.67619
534F4C31,5176,34573330,0,2992,2931,61,0.00000,1.57304
534F4C31,5176,34575542,0,2993,2929,64,0.00000,1.65040
534F4C31,5176,34577565,0,2995,2931,64,0.00000,1.65040
534F4C31,5176,34579721,0,2998,2933,65,0.00000,1.67619
534F4C31,5176,34582036,0,2996,2931,65,0.00000,1.67619
534F4C31,5176,34584160,0,2994,2931,63,0.00000,1.62462
534F4C31,5176,34586285,0,2995,2929,66,0.00000,1.70198
534F4C31,5176,34588336,0,2994,2931,63,0.00000,1.62462
534F4C31,5176,34590454,0,2995,2931,64,0.00000,1.65040
534F4C31,5176,34592621,0,2997,2928,69,0.00000,1.77934
534F4C31,5176,34594872,0,2991,2932,59,0.00000,1.52147
534F4C31,5177,34597057,0,2991,2930,61,0.00000,1.57304
534F4C31,5178,34601215,0,2996,2932,64,0.00000,1.65040
534F4C31,5179,34604801,0,2993,2933,60,0.00000,1.54725
534F4C31,5180,34610487,0,2995,2930,65,0.00000,1.67619
534F4C31,5180,34614360,0,2995,2932,63,0.00000,1.62462
534F4C31,5180,34619477,0,2995,2935,60,0.00000,1.54725
534F4C31,5180,34622225,0,2992,2933,59,0.00000,1.52147
534F4C31,5180,34625203,0,2991,2932,59,0.00000,1.52147
534F4C31,5181,34627442,0,2992,2933,59,0.00000,1.52147
534F4C31,5182,34632483,0,2997,2932,65,0.00000,1.67619
534F4C31,5182,34637707,0,2995,2931,64,0.00000,1.65040
534F4C31,5183,34641126,0,2990,2932,58,0.00000,1.49568
534F4C31,5184,34644812,0,2990,2931,59,0.00000,1.52147
534F4C31,5185,34650695,0,2998,2934,64,0.00000,1.65040
534F4C31,5185,34656902,0,2990,2934,56,0.00000,1.44410
534F4C31,5185,34659456,0,2990,2931,59,0.00000,1.52147
534F4C31,5186,34663127,0,2995,2933,62,0.00000,1.59883
534F4C31,5187,34667997,0,2996,2933,63,0.00000,1.62462
534F4C31,5188,34673722,0,2996,2934,62,0.00000,1.59883
534F4C31,5188,34678151,0,2996,2932,64,0.00000,1.65040
534F4C31,5189,34681021,0,3002,2933,69,0.00000,1.77934
534F4C31,5190,34684799,0,3001,2931,70,0.00000,1.80513
534F4C31,5191,34690288,0,3000,2932,68,0.00000,1.75355
534F4C31,5192,34695508,0,2988,2931,57,0.00000,1.46989
534F4C31,5192,34700878,0,2997,2932,65,0.00000,1.67619
534F4C31,5192,34703921,0,2991,2932,59,0.00000,1.52147
534F4C31,5192,34706177,0,2992,2928,64,0.00000,1.65040
534F4C31,5192,34709008,0,2992,2931,61,0.00000,1.57304
534F4C31,5192,34711319,0,3003,2933,70,0.00000,1.80513
534F4C31,5192,34713530,0,2993,2931,62,0.00000,1.59883
534F4C31,5192,34715771,0,2988,2932,56,0.00000,1.44410
534F4C31,5192,34717815,0,2998,2927,71,0.00000,1.83092
534F4C31,5192,34719895,0,2995,2929,66,0.00000,1.70198
534F4C31,5192,34722096,0,2992,2927,65,0.00000,1.67619
534F4C31,5192,34724335,0,3004,2928,76,0.00000,1.95985
534F4C31,5192,34726463,0,2990,2929,61,0.00000,1.57304
534F4C31,5192,34728536,0,2995,2929,66,0.00000,1.70198
534F4C31,5192,34730637,0,2985,2933,52,0.00000,1.34095
534F4C31,5192,34732896,0,2989,2930,59,0.00000,1.52147
534F4C31,5192,34735226,0,2996,2932,64,0.00000,1.65040
534F4C31,5192,34737282,0,2985,2930,55,0.00000,1.41832
534F4C31,5192,34739469,0,2993,2930,63,0.00000,1.62462
534F4C31,5193,34741736,0,3000,2929,71,0.00000,1.83092
534F4C31,5193,34746408,0,2988,2931,57,0.00000,1.46989
534F4C31,5193,34748699,0,2998,2929,69,0.00000,1.77934
534F4C31,5193,34750914,0,2987,2932,55,0.00000,1.41832
534F4C31,5193,34753867,0,2997,2930,67,0.00000,1.72777
534F4C31,5193,34756278,0,2992,2931,61,0.00000,1.57304
534F4C31,5193,34758474,0,2996,2930,66,0.00000,1.70198
534F4C31,5193,34760756,0,2996,2931,65,0.00000,1.67619
534F4C31,5193,34763219,0,2990,2930,60,0.00000,1.54725
534F4C31,5193,34765500,0,3002,2931,71,0.00000,1.83092
534F4C31,5194,34767629,0,2996,2932,64,0.00000,1.65040
534F4C31,5195,34772384,0,2996,2933,63,0.00000,1.62462
534F4C31,5196,34776130,0,2999,2933,66,0.00000,1.70198
534F4C31,5197,34782411,0,2997,2929,68,0.00000,1.75355
534F4C31,5197,34785356,0,2990,2930,60,0.00000,1.54725
534F4C31,5198,34791137,0,3000,2933,67,0.00000,1.72777
534F4C31,5199,34795567,0,2995,2928,67,0.00000,1.72777
534F4C31,5200,34800255,0,2993,2927,66,0.00000,1.70198
534F4C31,5201,34805441,0,2998,2927,71,0.00000,1.83092
534F4C31,5201,34810294,0,2995,2930,65,0.00000,1.67619
534F4C31,5201,34814704,0,2996,2929,67,0.00000,1.72777
534F4C31,5201,34817621,0,2993,2928,65,0.00000,1.67619
534F4C31,5201,34820480,0,2990,2929,61,0.00000,1.57304
534F4C31,5202,34822770,0,2991,2925,66,0.00000,1.70198
534F4C31,5203,34827786,0,2992,2931,61,0.00000,1.57304
534F4C31,5203,34832058,0,2997,2924,73,0.00000,1.88249
534F4C31,5203,34835881,0,2998,2927,71,0.00000,1.83092
534F4C31,5203,34838713,0,2998,2926,72,0.00000,1.85670
534F4C31,5203,34841049,0,2999,2929,70,0.00000,1.80513
534F4C31,5203,34844333,0,2988,2927,61,0.00000,1.57304
534F4C31,5203,34846539,0,2992,2926,66,0.00000,1.70198
534F4C31,5203,34848681,0,2997,2927,70,0.00000,1.80513
534F4C31,5203,34850908,0,2994,2931,63,0.00000,1.62462
534F4C31,5203,34853143,0,3000,2930,70,0.00000,1.80513
534F4C31,5203,34855347,0,2994,2929,65,0.00000,1.67619
534F4C31,5203,34857432,0,2990,2928,62,0.00000,1.59883
534F4C31,5203,34859499,0,2992,2928,64,0.00000,1.65040
534F4C31,5203,34861637,0,2992,2927,65,0.00000,1.67619
534F4C31,5203,34863880,0,2997,2930,67,0.00000,1.72777
534F4C31,5203,34866535,0,2995,2929,66,0.00000,1.70198
534F4C31,5204,34868828,0,2993,2930,63,0.00000,1.62462
534F4C31,5205,34873300,0,2995,2927,68,0.00000,1.75355
534F4C31,5206,34877621,0,2998,2928,70,0.00000,1.80513
534F4C31,5207,34883316,0,2993,2930,63,0.00000,1.62462
534F4C31,5207,34885658,0,3000,2930,70,0.00000,1.80513
534F4C31,5207,34890369,0,2993,2927,66,0.00000,1.70198
534F4C31,5207,34892887,0,2989,2929,60,0.00000,1.54725
534F4C31,5207,34895693,0,2992,2924,68,0.00000,1.75355
534F4C31,5208,34898452,0,2999,2929,70,0.00000,1.80513
534F4C31,5208,34902831,0,2993,2927,66,0.00000,1.70198
534F4C31,5208,34905581,0,2995,2927,68,0.00000,1.75355
534F4C31,5209,34908502,0,2992,2929,63,0.00000,1.62462
534F4C31,5210,34913467,0,3007,2929,78,0.00000,2.01143
534F4C31,5211,34919213,0,2996,2933,63,0.00000,1.62462
534F4C31,5212,34924321,0,2995,2928,67,0.00000,1.72777
534F4C31,5212,34930268,0,2997,2928,69,0.00000,1.77934
534F4C31,5212,34932680,0,2992,2926,66,0.00000,1.70198
534F4C31,5212,34935476,0,2998,2925,73,0.00000,1.88249
534F4C31,5212,34938609,0,2998,2925,73,0.00000,1.88249
534F4C31,5212,34940881,0,2992,2927,65,0.00000,1.67619
534F4C31,5212,34942964,0,2992,2931,61,0.00000,1.57304
534F4C31,5212,34945062,0,2996,2925,71,0.00000,1.83092
534F4C31,5212,34947261,0,2991,2930,61,0.00000,1.57304
534F4C31,5212,34949520,0,2998,2925,73,0.00000,1.88249
534F4C31,5212,34951716,0,2999,2930,69,0.00000,1.77934
534F4C31,5213,34953758,0,2995,2927,68,0.00000,1.75355
534F4C31,5214,34956779,0,2993,2929,64,0.00000,1.65040
534F4C31,5215,34961145,0,2991,2928,63,0.00000,1.62462
534F4C31,5216,34967795,0,2988,2929,59,0.00000,1.52147
534F4C31,5217,34971413,0,2994,2934,60,0.00000,1.54725
534F4C31,5218,34977936,0,2993,2929,64,0.00000,1.65040
534F4C31,5218,34982428,0,2987,2925,62,0.00000,1.59883
534F4C31,5218,34984867,0,2992,2926,66,0.00000,1.70198
534F4C31,5218,34987885,0,2993,2925,68,0.00000,1.75355
534F4C31,5218,34990329,0,3004,2927,77,0.00000,1.98564
534F4C31,5218,34992355,0,2996,2930,66,0.00000,1.70198
534F4C31,5218,34995425,0,3000,2928,72,0.00000,1.85670
534F4C31,5218,34997892,0,3000,2929,71,0.00000,1.83092
534F4C31,5218,35000021,0,2992,2932,60,0.00000,1.54725
534F4C31,5218,35002043,0,2992,2928,64,0.00000,1.65040
534F4C31,5218,35004173,0,2995,2928,67,0.00000,1.72777
534F4C31,5218,35006255,0,2996,2930,66,0.00000,1.70198
534F4C31,5218,35008404,0,3000,2929,71,0.00000,1.83092
534F4C31,5218,35010589,0,2996,2929,67,0.00000,1.72777
534F4C31,5218,35012703,0,2992,2926,66,0.00000,1.70198
534F4C31,5218,35014831,0,3002,2925,77,0.00000,1.98564
534F4C31,5219,35017092,0,2993,2933,60,0.00000,1.54725
534F4C31,5220,35021251,0,2998,2927,71,0.00000,1.83092
534F4C31,5221,35025944,0,2993,2931,62,0.00000,1.59883
534F4C31,5222,35032378,0,2993,2925,68,0.00000,1.75355
534F4C31,5222,35035545,0,2999,2924,75,0.00000,1.93407
534F4C31,5223,35038971,0,2994,2930,64,0.00000,1.65040
534F4C31,5224,35041321,0,2996,2929,67,0.00000,1.72777
534F4C31,5225,35046838,0,2994,2925,69,0.00000,1.77934
534F4C31,5226,35051891,0,2987,2931,56,0.00000,1.44410
534F4C31,5227,35057650,0,2987,2932,55,0.00000,1.41832
534F4C31,5228,35062011,0,2994,2929,65,0.00000,1.67619
534F4C31,5228,35066124,0,2992,2929,63,0.00000,1.62462
534F4C31,5228,35070189,0,2990,2925,65,0.00000,1.67619
534F4C31,5228,35072432,0,2994,2926,68,0.00000,1.75355
534F4C31,5228,35075454,0,2996,2929,67,0.00000,1.72777
534F4C31,5228,35077775,0,2992,2928,64,0.00000,1.65040
534F4C31,5228,35079955,0,3000,2931,69,0.00000,1.77934
534F4C31,5228,35082160,0,2995,2928,67,0.00000,1.72777
534F4C31,5228,35084315,0,2998,2926,72,0.00000,1.85670
534F4C31,5228,35086392,0,2992,2926,66,0.00000,1.70198
534F4C31,5228,35088466,0,2992,2928,64,0.00000,1.65040
534F4C31,5228,35090614,0,2988,2928,60,0.00000,1.54725
534F4C31,5228,35092841,0,2989,2929,60,0.00000,1.54725
534F4C31,5228,35095020,0,2993,2926,67,0.00000,1.72777
534F4C31,5228,35097078,0,2991,2924,67,0.00000,1.72777
534F4C31,5228,35099188,0,2999,2927,72,0.00000,1.85670
534F4C31,5229,35101366,0,2997,2926,71,0.00000,1.83092
534F4C31,5230,35105538,0,2999,2924,75,0.00000,1.93407
534F4C31,5231,35109124,0,3009,2927,82,0.00000,2.11458
534F4C31,5232,35115265,0,2994,2929,65,0.00000,1.67619
534F4C31,5233,35121469,0,2996,2926,70,0.00000,1.80513
534F4C31,5233,35125575,0,2993,2928,65,0.00000,1.67619
534F4C31,5234,35129178,0,3000,2923,77,0.00000,1.98564
534F4C31,5234,35132234,0,2996,2928,68,0.00000,1.75355
534F4C31,5234,35136488,0,2998,2925,73,0.00000,1.88249
534F4C31,5234,35138706,0,2994,2927,67,0.00000,1.72777
534F4C31,5234,35140865,0,2993,2926,67,0.00000,1.72777
534F4C31,5235,35145725,0,2994,2922,72,0.00000,1.85670
534F4C31,5235,35149909,0,2992,2925,67,0.00000,1.72777
534F4C31,5235,35152145,0,2987,2930,57,0.00000,1.46989
534F4C31,5235,35155397,0,3001,2931,70,0.00000,1.80513
534F4C31,5235,35157659,0,3001,2927,74,0.00000,1.90828
534F4C31,5235,35159697,0,2992,2928,64,0.00000,1.65040
534F4C31,5235,35161897,0,2995,2928,67,0.00000,1.72777
534F4C31,5235,35164104,0,2996,2926,70,0.00000,1.80513
534F4C31,5235,35166371,0,3002,2929,73,0.00000,1.88249
534F4C31,5235,35168473,0,2993,2929,64,0.00000,1.65040
534F4C31,5235,35170544,0,2991,2928,63,0.00000,1.62462
534F4C31,5235,35173057,0,2992,2928,64,0.00000,1.65040
534F4C31,5235,35175284,0,2998,2930,68,0.00000,1.75355
534F4C31,5236,35178930,0,2992,2928,64,0.00000,1.65040
534F4C31,5237,35182717,0,2998,2926,72,0.00000,1.85670
534F4C31,5238,35186643,0,2996,2928,68,0.00000,1.75355
534F4C31,5239,35191400,0,2996,2923,73,0.00000,1.88249
534F4C31,5239,35197178,0,2995,2925,70,0.00000,1.80513
534F4C31,5240,35200346,0,2998,2927,71,0.00000,1.83092
534F4C31,5240,35203978,0,2989,2924,65,0.00000,1.67619
534F4C31,5241,35207458,0,2991,2926,65,0.00000,1.67619
534F4C31,5241,35213736,0,2993,2925,68,0.00000,1.75355
534F4C31,5241,35216307,0,2993,2932,61,0.00000,1.57304
534F4C31,5241,35219705,0,2990,2929,61,0.00000,1.57304
534F4C31,5241,35221923,0,2990,2927,63,0.00000,1.62462
534F4C31,5241,35224046,0,2993,2926,67,0.00000,1.72777
534F4C31,5241,35226297,0,2994,2927,67,0.00000,1.72777
534F4C31,5242,35228471,0,2996,2928,68,0.00000,1.75355
534F4C31,5242,35232484,0,2997,2926,71,0.00000,1.83092
534F4C31,5242,35235018,0,2994,2925,69,0.00000,1.77934
534F4C31,5242,35237212,0,2998,2924,74,0.00000,1.90828
534F4C31,5242,35240279,0,2990,2927,63,0.00000,1.62462
534F4C31,5242,35242609,0,2994,2925,69,0.00000,1.77934
534F4C31,5242,35244852,0,2996,2927,69,0.00000,1.77934
534F4C31,5242,35247072,0,2996,2927,69,0.00000,1.77934
534F4C31,5243,35249086,0,2994,2925,69,0.00000,1.77934
534F4C31,5244,35253764,0,2995,2927,68,0.00000,1.75355
534F4C31,5245,35257742,0,2992,2925,67,0.00000,1.72777
534F4C31,5246,35264159,0,2991,2928,63,0.00000,1.62462
534F4C31,5246,35268084,0,2989,2928,61,0.00000,1.57304
534F4C31,5246,35271711,0,2991,2927,64,0.00000,1.65040
534F4C31,5246,35274468,0,2989,2929,60,0.00000,1.54725
534F4C31,5246,35277482,0,2990,2928,62,0.00000,1.59883
534F4C31,5247,35280392,0,2992,2926,66,0.00000,1.70198
534F4C31,5247,35285062,0,2995,2927,68,0.00000,1.75355
534F4C31,5247,35287331,0,2995,2926,69,0.00000,1.77934
534F4C31,5248,35290381,0,3000,2927,73,0.00000,1.88249
534F4C31,5249,35295136,0,2999,2930,69,0.00000,1.77934
534F4C31,5249,35300589,0,2996,2926,70,0.00000,1.80513
534F4C31,5249,35304597,0,2996,2927,69,0.00000,1.77934
534F4C31,5249,35307372,0,2995,2927,68,0.00000,1.75355
534F4C31,5249,35310249,0,2989,2928,61,0.00000,1.57304
534F4C31,5249,35312641,0,2993,2928,65,0.00000,1.67619
534F4C31,5249,35314821,0,2997,2928,69,0.00000,1.77934
534F4C31,5249,35317082,0,3001,2927,74,0.00000,1.90828
534F4C31,5249,35319208,0,3000,2926,74,0.00000,1.90828
534F4C31,5249,35321316,0,2993,2926,67,0.00000,1.72777
534F4C31,5250,35323433,0,2991,2925,66,0.00000,1.70198
534F4C31,5251,35327250,0,2996,2927,69,0.00000,1.77934
534F4C31,5252,35331399,0,2998,2926,72,0.00000,1.85670
534F4C31,5253,35337429,0,2997,2929,68,0.00000,1.75355
534F4C31,5254,35340698,0,2995,2928,67,0.00000,1.72777
534F4C31,5255,35347083,0,2996,2928,68,0.00000,1.75355
534F4C31,5256,35351038,0,3000,2925,75,0.00000,1.93407
534F4C31,5256,35356970,0,2999,2930,69,0.00000,1.77934
534F4C31,5256,35359261,0,2993,2925,68,0.00000,1.75355
534F4C31,5256,35362835,0,2994,2928,66,0.00000,1.70198
534F4C31,5256,35365232,0,2996,2925,71,0.00000,1.83092
534F4C31,5256,35367374,0,2991,2930,61,0.00000,1.57304
534F4C31,5256,35369592,0,3002,2930,72,0.00000,1.85670
534F4C31,5256,35371640,0,2994,2929,65,0.00000,1.67619
534F4C31,5256,35373753,0,2993,2926,67,0.00000,1.72777
534F4C31,5256,35375926,0,2994,2930,64,0.00000,1.65040
534F4C31,5256,35378551,0,3001,2925,76,0.00000,1.95985
534F4C31,5256,35380698,0,2996,2926,70,0.00000,1.80513
534F4C31,5256,35382895,0,2999,2923,76,0.00000,1.95985
534F4C31,5256,35385125,0,2996,2924,72,0.00000,1.85670
534F4C31,5256,35387293,0,2992,2924,68,0.00000,1.75355
534F4C31,5257,35389410,0,2985,2923,62,0.00000,1.59883
534F4C31,5258,35393261,0,3001,2923,78,0.00000,2.01143
534F4C31,5259,35396939,0,2998,2923,75,0.00000,1.93407
534F4C31,5260,35403473,0,2994,2926,68,0.00000,1.75355
534F4C31,5261,35407652,0,2996,2922,74,0.00000,1.90828
534F4C31,5261,35412596,0,2995,2922,73,0.00000,1.88249
534F4C31,5261,35415958,0,2997,2922,75,0.00000,1.93407
534F4C31,5261,35419275,0,2986,2927,59,0.00000,1.52147
534F4C31,5261,35421542,0,2994,2925,69,0.00000,1.77934
534F4C31,5261,35423795,0,3004,2923,81,0.00000,2.08879
534F4C31,5261,35426026,0,2995,2924,71,0.00000,1.83092
534F4C31,5261,35428063,0,2996,2926,70,0.00000,1.80513
534F4C31,5261,35430194,0,2998,2924,74,0.00000,1.90828
534F4C31,5261,35432418,0,2992,2921,71,0.00000,1.83092
534F4C31,5261,35434563,0,2994,2923,71,0.00000,1.83092
534F4C31,5261,35436768,0,2997,2926,71,0.00000,1.83092
534F4C31,5262,35439921,0,2997,2923,74,0.00000,1.90828
534F4C31,5263,35444875,0,2988,2924,64,0.00000,1.65040
534F4C31,5264,35449369,0,2996,2926,70,0.00000,1.80513
534F4C31,5264,35454459,0,2993,2925,68,0.00000,1.75355
534F4C31,5264,35458425,0,2992,2924,68,0.00000,1.75355
534F4C31,5264,35460695,0,2992,2927,65,0.00000,1.67619
534F4C31,5264,35462794,0,2998,2924,74,0.00000,1.90828
534F4C31,5265,35465821,0,2990,2926,64,0.00000,1.65040
534F4C31,5265,35470661,0,2994,2924,70,0.00000,1.80513
534F4C31,5265,35472923,0,2999,2924,75,0.00000,1.93407
534F4C31,5266,35474938,0,2994,2924,70,0.00000,1.80513
534F4C31,5267,35481143,0,2999,2924,75,0.00000,1.93407
534F4C31,5268,35486056,0,2997,2924,73,0.00000,1.88249
534F4C31,5268,35490615,0,2998,2922,76,0.00000,1.95985
534F4C31,5268,35494212,0,2994,2925,69,0.00000,1.77934
534F4C31,5268,35497013,0,2990,2924,66,0.00000,1.70198
534F4C31,5268,35499548,0,2998,2925,73,0.00000,1.88249
534F4C31,5268,35501676,0,2997,2926,71,0.00000,1.83092
534F4C31,5268,35503795,0,2992,2922,70,0.00000,1.80513
534F4C31,5268,35505963,0,2996,2923,73,0.00000,1.88249
534F4C31,5268,35508237,0,3001,2924,77,0.00000,1.98564
534F4C31,5269,35510505,0,2985,2922,63,0.00000,1.62462
534F4C31,5270,35514723,0,2991,2922,69,0.00000,1.77934
534F4C31,5271,35518461,0,2992,2922,70,0.00000,1.80513
534F4C31,5272,35523850,0,3002,2925,77,0.00000,1.98564
534F4C31,5273,35529065,0,2998,2926,72,0.00000,1.85670
534F4C31,5273,35534766,0,2998,2925,73,0.00000,1.88249
534F4C31,5273,35537071,0,2995,2923,72,0.00000,1.85670
534F4C31,5273,35540256,0,2990,2924,66,0.00000,1.70198
534F4C31,5273,35543106,0,2996,2922,74,0.00000,1.90828
534F4C31,5273,35545248,0,2989,2922,67,0.00000,1.72777
534F4C31,5273,35547348,0,3000,2924,76,0.00000,1.95985
534F4C31,5273,35549586,0,2990,2922,68,0.00000,1.75355
534F4C31,5273,35551843,0,2993,2922,71,0.00000,1.83092
534F4C31,5273,35553925,0,2996,2923,73,0.00000,1.88249
534F4C31,5273,35556006,0,2990,2923,67,0.00000,1.72777
534F4C31,5274,35558033,0,2994,2923,71,0.00000,1.83092
534F4C31,5275,35560951,0,2994,2924,70,0.00000,1.80513
534F4C31,5276,35565385,0,2999,2924,75,0.00000,1.93407
534F4C31,5277,35571580,0,2988,2923,65,0.00000,1.67619
534F4C31,5277,35575361,0,2990,2921,69,0.00000,1.77934
534F4C31,5277,35580128,0,2993,2923,70,0.00000,1.80513
534F4C31,5277,35583741,0,2989,2923,66,0.00000,1.70198
534F4C31,5277,35585901,0,2992,2924,68,0.00000,1.75355
534F4C31,5277,35588968,0,3001,2925,76,0.00000,1.95985
534F4C31,5277,35591246,0,2995,2922,73,0.00000,1.88249
534F4C31,5277,35593402,0,2993,2923,70,0.00000,1.80513
534F4C31,5277,35595486,0,2998,2924,74,0.00000,1.90828
534F4C31,5277,35597555,0,2992,2925,67,0.00000,1.72777
534F4C31,5277,35599774,0,2994,2925,69,0.00000,1.77934
534F4C31,5277,35601997,0,2997,2925,72,0.00000,1.85670
534F4C31,5278,35604134,0,2989,2925,64,0.00000,1.65040
534F4C31,5279,35608797,0,2992,2926,66,0.00000,1.70198
534F4C31,5280,35613655,0,2988,2922,66,0.00000,1.70198
534F4C31,5281,35617912,0,2987,2926,61,0.00000,1.57304
534F4C31,5281,35621753,0,2991,2929,62,0.00000,1.59883
534F4C31,5281,35624605,0,2993,2923,70,0.00000,1.80513
534F4C31,5282,35628852,0,2990,2921,69,0.00000,1.77934
534F4C31,5283,35632672,0,2995,2925,70,0.00000,1.80513
534F4C31,5283,35637859,0,2995,2922,73,0.00000,1.88249
534F4C31,5283,35641300,0,2991,2923,68,0.00000,1.75355
534F4C31,5283,35643432,0,2994,2922,72,0.00000,1.85670
534F4C31,5283,35646719,0,2992,2921,71,0.00000,1.83092
534F4C31,5283,35648885,0,2998,2926,72,0.00000,1.85670
534F4C31,5283,35651039,0,2989,2924,65,0.00000,1.67619
534F4C31,5283,35653174,0,2991,2922,69,0.00000,1.77934
534F4C31,5283,35655282,0,2990,2928,62,0.00000,1.59883
534F4C31,5284,35657563,0,2992,2928,64,0.00000,1.65040
534F4C31,5285,35661776,0,2999,2921,78,0.00000,2.01143
534F4C31,5286,35666340,0,2996,2922,74,0.00000,1.90828
534F4C31,5287,35671428,0,2995,2925,70,0.00000,1.80513
534F4C31,5287,35676977,0,2992,2924,68,0.00000,1.75355
534F4C31,5287,35679406,0,2990,2924,66,0.00000,1.70198
534F4C31,5287,35682213,0,2996,2925,71,0.00000,1.83092
534F4C31,5287,35684990,0,2995,2924,71,0.00000,1.83092
534F4C31,5288,35687311,0,2993,2926,67,0.00000,1.72777
534F4C31,5288,35690819,0,2990,2927,63,0.00000,1.62462
534F4C31,5288,35694603,0,2997,2924,73,0.00000,1.88249
534F4C31,5289,35697662,0,2990,2922,68,0.00000,1.75355
534F4C31,5289,35702184,0,2998,2923,75,0.00000,1.93407
534F4C31,5289,35704928,0,2997,2925,72,0.00000,1.85670
534F4C31,5289,35707033,0,3000,2925,75,0.00000,1.93407
534F4C31,5289,35710325,0,2994,2923,71,0.00000,1.83092
534F4C31,5289,35712604,0,2997,2926,71,0.00000,1.83092
534F4C31,5289,35714747,0,2991,2928,63,0.00000,1.62462
534F4C31,5289,35716942,0,2999,2924,75,0.00000,1.93407
534F4C31,5289,35719003,0,2995,2926,69,0.00000,1.77934
534F4C31,5289,35721189,0,2988,2926,62,0.00000,1.59883
534F4C31,5290,35723455,0,3000,2925,75,0.00000,1.93407
534F4C31,5291,35727817,0,2992,2927,65,0.00000,1.67619
534F4C31,5292,35731317,0,3002,2922,80,0.00000,2.06300
534F4C31,5293,35737891,0,2999,2922,77,0.00000,1.98564
534F4C31,5294,35742665,0,2999,2924,75,0.00000,1.93407
534F4C31,5294,35747830,0,2993,2925,68,0.00000,1.75355
534F4C31,5294,35750086,0,2994,2928,66,0.00000,1.70198
534F4C31,5294,35753490,0,2991,2923,68,0.00000,1.75355
534F4C31,5294,35755755,0,2991,2924,67,0.00000,1.72777
534F4C31,5294,35757813,0,2997,2923,74,0.00000,1.90828
534F4C31,5294,35760017,0,3003,2926,77,0.00000,1.98564
534F4C31,5295,35762186,0,2991,2923,68,0.00000,1.75355
534F4C31,5296,35766414,0,2987,2922,65,0.00000,1.67619
534F4C31,5296,35770858,0,2994,2924,70,0.00000,1.80513
534F4C31,5296,35775963,0,2990,2923,67,0.00000,1.72777
534F4C31,5296,35778277,0,2993,2928,65,0.00000,1.67619
534F4C31,5296,35781093,0,2994,2924,70,0.00000,1.80513
534F4C31,5296,35783370,0,2992,2924,68,0.00000,1.75355
534F4C31,5296,35785590,0,2995,2924,71,0.00000,1.83092
534F4C31,5296,35788275,0,2996,2927,69,0.00000,1.77934
534F4C31,5296,35790648,0,2995,2922,73,0.00000,1.88249
534F4C31,5297,35792733,0,2993,2925,68,0.00000,1.75355
534F4C31,5298,35796655,0,2999,2925,74,0.00000,1.90828
534F4C31,5299,35799295,0,2991,2925,66,0.00000,1.70198
534F4C31,5300,35805531,0,3005,2927,78,0.00000,2.01143
534F4C31,5300,35809714,0,2994,2927,67,0.00000,1.72777
534F4C31,5300,35812650,0,2997,2921,76,0.00000,1.95985
534F4C31,5301,35818035,0,3000,2923,77,0.00000,1.98564
534F4C31,5302,35821804,0,3000,2924,76,0.00000,1.95985
534F4C31,5302,35827917,0,2999,2921,78,0.00000,2.01143
534F4C31,5302,35830713,0,2991,2922,69,0.00000,1.77934
534F4C31,5302,35833819,0,2996,2921,75,0.00000,1.93407
534F4C31,5302,35836221,0,3002,2924,78,0.00000,2.01143
534F4C31,5302,35838370,0,3000,2925,75,0.00000,1.93407
534F4C31,5302,35840573,0,2994,2923,71,0.00000,1.83092
534F4C31,5302,35842636,0,2993,2927,66,0.00000,1.70198
534F4C31,5302,35844820,0,2989,2923,66,0.00000,1.70198
534F4C31,5303,35847102,0,2993,2926,67,0.00000,1.72777
534F4C31,5304,35850493,0,2990,2927,63,0.00000,1.62462
534F4C31,5305,35854796,0,2998,2927,71,0.00000,1.83092
534F4C31,5306,35859568,0,2999,2923,76,0.00000,1.95985
534F4C31,5306,35864586,0,2996,2922,74,0.00000,1.90828
534F4C31,5306,35866920,0,2989,2921,68,0.00000,1.75355
534F4C31,5306,35870860,0,2993,2925,68,0.00000,1.75355
534F4C31,5306,35873085,0,2992,2923,69,0.00000,1.77934
534F4C31,5306,35875212,0,2999,2924,75,0.00000,1.93407
534F4C31,5306,35878153,0,2992,2923,69,0.00000,1.77934
534F4C31,5307,35880429,0,2999,2926,73,0.00000,1.88249
534F4C31,5308,35884560,0,2995,2922,73,0.00000,1.88249
534F4C31,5309,35888438,0,2992,2922,70,0.00000,1.80513
534F4C31,5310,35895071,0,2994,2925,69,0.00000,1.77934
534F4C31,5310,35899672,0,2996,2922,74,0.00000,1.90828
534F4C31,5310,35902435,0,2994,2921,73,0.00000,1.88249
534F4C31,5310,35904503,0,2996,2923,73,0.00000,1.88249
534F4C31,5310,35907432,0,2988,2926,62,0.00000,1.59883
534F4C31,5310,35909858,0,2995,2927,68,0.00000,1.75355
534F4C31,5310,35912129,0,2996,2923,73,0.00000,1.88249
534F4C31,5310,35914387,0,2996,2925,71,0.00000,1.83092
534F4C31,5310,35916545,0,2995,2923,72,0.00000,1.85670
534F4C31,5310,35918682,0,2996,2925,71,0.00000,1.83092
534F4C31,5310,35920773,0,2993,2923,70,0.00000,1.80513
534F4C31,5310,35923014,0,2993,2925,68,0.00000,1.75355
534F4C31,5310,35925145,0,3001,2923,78,0.00000,2.01143
534F4C31,5310,35927334,0,2992,2926,66,0.00000,1.70198
534F4C31,5311,35929375,0,2992,2926,66,0.00000,1.70198
534F4C31,5312,35934284,0,2998,2923,75,0.00000,1.93407
534F4C31,5313,35938022,0,2998,2918,80,0.00000,2.06300
534F4C31,5314,35943526,0,2995,2920,75,0.00000,1.93407
534F4C31,5314,35947990,0,2995,2923,72,0.00000,1.85670
534F4C31,5314,35951784,0,2996,2922,74,0.00000,1.90828
534F4C31,5314,35953926,0,2997,2919,78,0.00000,2.01143
534F4C31,5314,35955987,0,2992,2921,71,0.00000,1.83092
534F4C31,5314,35959083,0,2994,2923,71,0.00000,1.83092
534F4C31,5314,35961433,0,2994,2921,73,0.00000,1.88249
534F4C31,5315,35963646,0,2991,2921,70,0.00000,1.80513
534F4C31,5315,35968212,0,2995,2919,76,0.00000,1.95985
534F4C31,5315,35972249,0,3000,2919,81,0.00000,2.08879
534F4C31,5316,35974748,0,2989,2921,68,0.00000,1.75355
534F4C31,5317,35980160,0,2994,2919,75,0.00000,1.93407
534F4C31,5317,35984735,0,2991,2920,71,0.00000,1.83092
534F4C31,5318,35989149,0,2991,2921,70,0.00000,1.80513
534F4C31,5319,35991989,0,2996,2922,74,0.00000,1.90828
534F4C31,5320,35997562,0,2991,2921,70,0.00000,1.80513
534F4C31,5321,36001972,0,2999,2920,79,0.00000,2.03722
534F4C31,5321,36008148,0,2996,2919,77,0.00000,1.98564
534F4C31,5321,36012592,0,3000,2920,80,0.00000,2.06300
534F4C31,5321,36015291,0,2995,2922,73,0.00000,1.88249
534F4C31,5321,36018064,0,2996,2921,75,0.00000,1.93407
534F4C31,5321,36020267,0,2996,2922,74,0.00000,1.90828
534F4C31,5321,36022569,0,2994,2919,75,0.00000,1.93407
534F4C31,5322,36025463,0,3000,2922,78,0.00000,2.01143
534F4C31,5322,36030142,0,2991,2920,71,0.00000,1.83092
534F4C31,5322,36032366,0,2993,2919,74,0.00000,1.90828
534F4C31,5323,36035299,0,2990,2923,67,0.00000,1.72777
534F4C31,5323,36039128,0,2998,2921,77,0.00000,1.98564
534F4C31,5323,36043183,0,2999,2919,80,0.00000,2.06300
534F4C31,5324,36045458,0,2993,2922,71,0.00000,1.83092
534F4C31,5325,36050615,0,2991,2917,74,0.00000,1.90828
534F4C31,5326,36054031,0,2996,2918,78,0.00000,2.01143
534F4C31,5326,36059439,0,3000,2922,78,0.00000,2.01143
534F4C31,5326,36062417,0,2993,2919,74,0.00000,1.90828
534F4C31,5326,36065467,0,2997,2921,76,0.00000,1.95985
534F4C31,5326,36068173,0,2992,2924,68,0.00000,1.75355
534F4C31,5326,36070180,0,2994,2922,72,0.00000,1.85670
534F4C31,5326,36072312,0,2987,2920,67,0.00000,1.72777
534F4C31,5326,36074554,0,2993,2920,73,0.00000,1.88249
534F4C31,5326,36076690,0,2997,2922,75,0.00000,1.93407
534F4C31,5326,36078773,0,2990,2919,71,0.00000,1.83092
534F4C31,5326,36080919,0,2985,2920,65,0.00000,1.67619
534F4C31,5326,36083203,0,3000,2918,82,0.00000,2.11458
534F4C31,5327,36085502,0,2996,2920,76,0.00000,1.95985
534F4C31,5328,36089828,0,2995,2922,73,0.00000,1.88249
534F4C31,5329,36094278,0,2995,2922,73,0.00000,1.88249
534F4C31,5330,36100453,0,2996,2923,73,0.00000,1.88249
534F4C31,5330,36105462,0,2995,2919,76,0.00000,1.95985
534F4C31,5330,36109379,0,3003,2921,82,0.00000,2.11458
534F4C31,5330,36111549,0,2993,2919,74,0.00000,1.90828
534F4C31,5330,36113575,0,2993,2919,74,0.00000,1.90828
534F4C31,5330,36116963,0,2999,2920,79,0.00000,2.03722
534F4C31,5330,36119090,0,2998,2918,80,0.00000,2.06300
534F4C31,5330,36121196,0,2996,2920,76,0.00000,1.95985
534F4C31,5330,36123477,0,2991,2920,71,0.00000,1.83092
534F4C31,5330,36125710,0,2996,2921,75,0.00000,1.93407
534F4C31,5330,36127868,0,2990,2920,70,0.00000,1.80513
534F4C31,5331,36130031,0,2991,2923,68,0.00000,1.75355
534F4C31,5332,36134211,0,2998,2925,73,0.00000,1.88249
534F4C31,5333,36137757,0,2988,2920,68,0.00000,1.75355
534F4C31,5334,36144001,0,2991,2919,72,0.00000,1.85670
534F4C31,5335,36148120,0,2994,2921,73,0.00000,1.88249
534F4C31,5335,36153431,0,2999,2924,75,0.00000,1.93407
534F4C31,5335,36156792,0,2997,2923,74,0.00000,1.90828
534F4C31,5335,36158993,0,2991,2920,71,0.00000,1.83092
534F4C31,5335,36161320,0,2994,2920,74,0.00000,1.90828
534F4C31,5336,36164597,0,2991,2920,71,0.00000,1.83092
534F4C31,5337,36169287,0,3002,2923,79,0.00000,2.03722
534F4C31,5337,36174312,0,3001,2922,79,0.00000,2.03722
534F4C31,5337,36177396,0,2998,2924,74,0.00000,1.90828
534F4C31,5337,36179523,0,2994,2919,75,0.00000,1.93407
534F4C31,5337,36181737,0,2997,2921,76,0.00000,1.95985
534F4C31,5338,36185083,0,2996,2919,77,0.00000,1.98564
534F4C31,5339,36188399,0,2993,2921,72,0.00000,1.85670
534F4C31,5339,36192593,0,2999,2918,81,0.00000,2.08879
534F4C31,5339,36198441,0,2997,2923,74,0.00000,1.90828
534F4C31,5339,36201361,0,2987,2922,65,0.00000,1.67619
534F4C31,5339,36203683,0,2988,2923,65,0.00000,1.67619
534F4C31,5340,36206731,0,2992,2920,72,0.00000,1.85670
534F4C31,5340,36211686,0,2988,2919,69,0.00000,1.77934
534F4C31,5340,36214054,0,2991,2920,71,0.00000,1.83092
534F4C31,5340,36217053,0,2998,2922,76,0.00000,1.95985
534F4C31,5340,36220267,0,2995,2920,75,0.00000,1.93407
534F4C31,5340,36222452,0,2996,2919,77,0.00000,1.98564
534F4C31,5340,36224683,0,2993,2921,72,0.00000,1.85670
534F4C31,5340,36226989,0,2994,2920,74,0.00000,1.90828
534F4C31,5340,36228988,0,2995,2919,76,0.00000,1.95985
534F4C31,5340,36231098,0,3002,2922,80,0.00000,2.06300
534F4C31,5341,36233351,0,2993,2920,73,0.00000,1.88249
534F4C31,5342,36236917,0,2993,2921,72,0.00000,1.85670
534F4C31,5343,36241411,0,2991,2921,70,0.00000,1.80513
534F4C31,5344,36245790,0,2994,2922,72,0.00000,1.85670
534F4C31,5344,36251495,0,2996,2923,73,0.00000,1.88249
534F4C31,5344,36253729,0,3003,2921,82,0.00000,2.11458
534F4C31,5344,36255841,0,2997,2920,77,0.00000,1.98564
534F4C31,5344,36258901,0,2995,2921,74,0.00000,1.90828
534F4C31,5345,36261198,0,2995,2923,72,0.00000,1.85670
534F4C31,5346,36265785,0,2996,2924,72,0.00000,1.85670
534F4C31,5347,36270343,0,2995,2919,76,0.00000,1.95985
534F4C31,5348,36276145,0,3004,2922,82,0.00000,2.11458
534F4C31,5348,36279437,0,3002,2922,80,0.00000,2.06300
534F4C31,5348,36284262,0,2991,2919,72,0.00000,1.85670
534F4C31,5348,36287152,0,2987,2922,65,0.00000,1.67619
534F4C31,5348,36289328,0,2998,2921,77,0.00000,1.98564
534F4C31,5349,36292504,0,3002,2923,79,0.00000,2.03722
534F4C31,5349,36297417,0,2998,2918,80,0.00000,2.06300
534F4C31,5349,36300019,0,2995,2919,76,0.00000,1.95985
534F4C31,5349,36304143,0,2990,2917,73,0.00000,1.88249
534F4C31,5349,36306774,0,2987,2920,67,0.00000,1.72777
534F4C31,5349,36308868,0,2996,2922,74,0.00000,1.90828
534F4C31,5349,36310997,0,2994,2918,76,0.00000,1.95985
534F4C31,5349,36313157,0,2996,2920,76,0.00000,1.95985
534F4C31,5349,36315417,0,3001,2920,81,0.00000,2.08879
534F4C31,5349,36317641,0,2996,2923,73,0.00000,1.88249
534F4C31,5349,36319844,0,2998,2921,77,0.00000,1.98564
534F4C31,5350,36321896,0,3004,2922,82,0.00000,2.11458
534F4C31,5351,36324743,0,2997,2919,78,0.00000,2.01143
534F4C31,5352,36329719,0,2994,2920,74,0.00000,1.90828
534F4C31,5352,36335573,0,2990,2922,68,0.00000,1.75355
534F4C31,5353,36338180,0,2994,2918,76,0.00000,1.95985
534F4C31,5353,36343767,0,2988,2920,68,0.00000,1.75355
534F4C31,5354,36346011,0,2995,2917,78,0.00000,2.01143
534F4C31,5355,36351280,0,3003,2920,83,0.00000,2.14037
534F4C31,5356,36355970,0,2997,2923,74,0.00000,1.90828
534F4C31,5357,36360581,0,2988,2922,66,0.00000,1.70198
534F4C31,5357,36366548,0,2998,2920,78,0.00000,2.01143
534F4C31,5357,36368915,0,3002,2923,79,0.00000,2.03722
534F4C31,5357,36372406,0,2993,2920,73,0.00000,1.88249
534F4C31,5357,36374810,0,2996,2920,76,0.00000,1.95985
534F4C31,5357,36376889,0,3002,2922,80,0.00000,2.06300
534F4C31,5357,36379048,0,2991,2921,70,0.00000,1.80513
534F4C31,5358,36381215,0,2996,2922,74,0.00000,1.90828
534F4C31,5359,36385578,0,2998,2920,78,0.00000,2.01143
534F4C31,5360,36389049,0,2992,2921,71,0.00000,1.83092
534F4C31,5361,36394983,0,2997,2920,77,0.00000,1.98564
534F4C31,5362,36402031,0,2995,2921,74,0.00000,1.90828
534F4C31,5362,36405867,0,2994,2920,74,0.00000,1.90828
534F4C31,5362,36410166,0,2993,2922,71,0.00000,1.83092
534F4C31,5362,36412851,0,2989,2923,66,0.00000,1.70198
534F4C31,5362,36416033,0,2999,2920,79,0.00000,2.03722
534F4C31,5362,36418308,0,2992,2921,71,0.00000,1.83092
534F4C31,5362,36420567,0,2988,2922,66,0.00000,1.70198
534F4C31,5362,36422729,0,2996,2920,76,0.00000,1.95985
534F4C31,5362,36424778,0,2993,2922,71,0.00000,1.83092
534F4C31,5362,36426876,0,2991,2920,71,0.00000,1.83092
534F4C31,5362,36428997,0,3001,2921,80,0.00000,2.06300
534F4C31,5362,36431153,0,2996,2920,76,0.00000,1.95985
534F4C31,5362,36433419,0,2995,2923,72,0.00000,1.85670
534F4C31,5362,36435672,0,2996,2920,76,0.00000,1.95985
534F4C31,5362,36437831,0,2994,2921,73,0.00000,1.88249
534F4C31,5362,36439862,0,2992,2928,64,0.00000,1.65040
534F4C31,5362,36443332,0,2996,2920,76,0.00000,1.95985
534F4C31,5362,36445680,0,2992,2918,74,0.00000,1.90828
534F4C31,5362,36447757,0,2990,2919,71,0.00000,1.83092
534F4C31,5362,36450960,0,2995,2922,73,0.00000,1.88249
534F4C31,5362,36453135,0,3000,2919,81,0.00000,2.08879
534F4C31,5362,36455362,0,2994,2921,73,0.00000,1.88249
534F4C31,5362,36457593,0,2991,2925,66,0.00000,1.70198
534F4C31,5362,36459788,0,2991,2920,71,0.00000,1.83092
534F4C31,5363,36461843,0,2995,2923,72,0.00000,1.85670
534F4C31,5364,36464809,0,2993,2920,73,0.00000,1.88249
534F4C31,5365,36469633,0,2998,2921,77,0.00000,1.98564
534F4C31,5366,36473186,0,2989,2917,72,0.00000,1.85670
534F4C31,5367,36479023,0,2995,2915,80,0.00000,2.06300
534F4C31,5367,36483369,0,2997,2914,83,0.00000,2.14037
534F4C31,5368,36487380,0,2997,2917,80,0.00000,2.06300
534F4C31,5369,36491828,0,2992,2917,75,0.00000,1.93407
534F4C31,5370,36495671,0,2995,2915,80,0.00000,2.06300
534F4C31,5371,36500426,0,2996,2918,78,0.00000,2.01143
534F4C31,5371,36505994,0,3002,2916,86,0.00000,2.21773
534F4C31,5371,36510378,0,2998,2914,84,0.00000,2.16615
534F4C31,5371,36513203,0,2989,2917,72,0.00000,1.85670
534F4C31,5371,36516040,0,2998,2915,83,0.00000,2.14037
534F4C31,5371,36519322,0,3000,2914,86,0.00000,2.21773
534F4C31,5371,36521484,0,2997,2914,83,0.00000,2.14037
534F4C31,5371,36523488,0,2989,2914,75,0.00000,1.93407
534F4C31,5371,36525783,0,2994,2917,77,0.00000,1.98564
534F4C31,5371,36528057,0,2996,2918,78,0.00000,2.01143
534F4C31,5371,36530187,0,2996,2917,79,0.00000,2.03722
534F4C31,5371,36532413,0,2995,2919,76,0.00000,1.95985
534F4C31,5371,36534465,0,2992,2915,77,0.00000,1.98564
534F4C31,5371,36536602,0,2996,2917,79,0.00000,2.03722
534F4C31,5372,36538888,0,2993,2914,79,0.00000,2.03722
534F4C31,5373,36543299,0,2997,2917,80,0.00000,2.06300
534F4C31,5373,36547233,0,2997,2916,81,0.00000,2.08879
534F4C31,5373,36551567,0,3002,2920,82,0.00000,2.11458
534F4C31,5373,36554537,0,2992,2917,75,0.00000,1.93407
534F4C31,5373,36556780,0,2992,2918,74,0.00000,1.90828
534F4C31,5374,36559949,0,2991,2918,73,0.00000,1.88249
534F4C31,5374,36563866,0,2990,2917,73,0.00000,1.88249
534F4C31,5374,36566814,0,2996,2917,79,0.00000,2.03722
534F4C31,5375,36569871,0,2999,2914,85,0.00000,2.19194
534F4C31,5375,36575977,0,2994,2916,78,0.00000,2.01143
534F4C31,5375,36578290,0,2995,2915,80,0.00000,2.06300
534F4C31,5376,36582183,0,2992,2916,76,0.00000,1.95985
534F4C31,5377,36586476,0,2996,2919,77,0.00000,1.98564
534F4C31,5377,36590431,0,2992,2919,73,0.00000,1.88249
534F4C31,5377,36595474,0,2998,2914,84,0.00000,2.16615
534F4C31,5378,36598556,0,2993,2917,76,0.00000,1.95985
534F4C31,5378,36603858,0,2997,2918,79,0.00000,2.03722
534F4C31,5378,36606504,0,3000,2917,83,0.00000,2.14037
534F4C31,5378,36608700,0,2993,2918,75,0.00000,1.93407
534F4C31,5378,36611959,0,2999,2915,84,0.00000,2.16615
534F4C31,5378,36614161,0,2995,2918,77,0.00000,1.98564
534F4C31,5378,36616318,0,2991,2917,74,0.00000,1.90828
534F4C31,5378,36618529,0,2998,2918,80,0.00000,2.06300
534F4C31,5379,36620629,0,2995,2916,79,0.00000,2.03722
534F4C31,5380,36625055,0,2991,2918,73,0.00000,1.88249
534F4C31,5381,36630794,0,2997,2916,81,0.00000,2.08879
534F4C31,5381,36634605,0,2993,2918,75,0.00000,1.93407
534F4C31,5381,36636923,0,2996,2914,82,0.00000,2.11458
534F4C31,5382,36640441,0,2997,2916,81,0.00000,2.08879
534F4C31,5383,36645228,0,2999,2913,86,0.00000,2.21773
534F4C31,5384,36649063,0,2988,2915,73,0.00000,1.88249
534F4C31,5384,36654577,0,2995,2916,79,0.00000,2.03722
534F4C31,5384,36657353,0,2987,2916,71,0.00000,1.83092
534F4C31,5384,36660162,0,2997,2919,78,0.00000,2.01143
534F4C31,5384,36662631,0,3001,2917,84,0.00000,2.16615
534F4C31,5384,36665387,0,2991,2920,71,0.00000,1.83092
534F4C31,5384,36667607,0,2990,2916,74,0.00000,1.90828
534F4C31,5384,36669613,0,3001,2914,87,0.00000,2.24352
534F4C31,5384,36671861,0,2995,2917,78,0.00000,2.01143
534F4C31,5385,36674131,0,2994,2916,78,0.00000,2.01143
534F4C31,5386,36678394,0,2996,2915,81,0.00000,2.08879
534F4C31,5387,36682298,0,2990,2914,76,0.00000,1.95985
534F4C31,5388,36687886,0,2995,2917,78,0.00000,2.01143
534F4C31,5389,36693918,0,2994,2916,78,0.00000,2.01143
534F4C31,5389,36697754,0,2995,2913,82,0.00000,2.11458
534F4C31,5389,36700707,0,2994,2915,79,0.00000,2.03722
534F4C31,5390,36703122,0,2990,2912,78,0.00000,2.01143
534F4C31,5390,36708452,0,2989,2917,72,0.00000,1.85670
534F4C31,5390,36710582,0,2996,2913,83,0.00000,2.14037
534F4C31,5390,36713630,0,3004,2919,85,0.00000,2.19194
534F4C31,5390,36716041,0,2989,2918,71,0.00000,1.83092
534F4C31,5390,36718137,0,2994,2916,78,0.00000,2.01143
534F4C31,5390,36720318,0,2995,2913,82,0.00000,2.11458
534F4C31,5391,36722547,0,3000,2914,86,0.00000,2.21773
534F4C31,5391,36726540,0,2994,2917,77,0.00000,1.98564
534F4C31,5391,36728990,0,2991,2918,73,0.00000,1.88249
534F4C31,5391,36731279,0,2990,2914,76,0.00000,1.95985
534F4C31,5391,36734285,0,2994,2917,77,0.00000,1.98564
534F4C31,5391,36736612,0,2993,2919,74,0.00000,1.90828
534F4C31,5391,36738777,0,2995,2920,75,0.00000,1.93407
534F4C31,5391,36741083,0,2995,2918,77,0.00000,1.98564
534F4C31,5391,36743181,0,2995,2918,77,0.00000,1.98564
534F4C31,5391,36745284,0,2995,2918,77,0.00000,1.98564
534F4C31,5392,36747376,0,3000,2918,82,0.00000,2.11458
534F4C31,5393,36751756,0,3001,2914,87,0.00000,2.24352
534F4C31,5394,36754864,0,2998,2919,79,0.00000,2.03722
534F4C31,5395,36759420,0,2999,2916,83,0.00000,2.14037
534F4C31,5395,36762520,0,2995,2917,78,0.00000,2.01143
534F4C31,5395,36764934,0,2998,2921,77,0.00000,1.98564
534F4C31,5396,36766989,0,2989,2915,74,0.00000,1.90828
534F4C31,5397,36769282,0,2991,2919,72,0.00000,1.85670
534F4C31,5398,36773653,0,2999,2919,80,0.00000,2.06300
534F4C31,5399,36776869,0,2994,2916,78,0.00000,2.01143
534F4C31,5400,36781217,0,2988,2919,69,0.00000,1.77934
534F4C31,5401,36788426,0,2999,2913,86,0.00000,2.21773
534F4C31,5401,36791689,0,3000,2916,84,0.00000,2.16615
534F4C31,5402,36795522,0,2992,2918,74,0.00000,1.90828
534F4C31,5402,36798758,0,2998,2913,85,0.00000,2.19194
534F4C31,5402,36804133,0,2994,2919,75,0.00000,1.93407
534F4C31,5402,36807050,0,2991,2918,73,0.00000,1.88249
534F4C31,5402,36809920,0,2991,2914,77,0.00000,1.98564
534F4C31,5402,36813210,0,2993,2919,74,0.00000,1.90828
534F4C31,5402,36815482,0,2997,2918,79,0.00000,2.03722
534F4C31,5402,36817559,0,2994,2916,78,0.00000,2.01143
534F4C31,5402,36819663,0,2995,2916,79,0.00000,2.03722
534F4C31,5402,36821809,0,2988,2917,71,0.00000,1.83092
534F4C31,5403,36824087,0,2997,2920,77,0.00000,1.98564
534F4C31,5404,36828813,0,2997,2918,79,0.00000,2.03722
534F4C31,5404,36832679,0,2990,2920,70,0.00000,1.80513
534F4C31,5404,36837552,0,2988,2914,74,0.00000,1.90828
534F4C31,5405,36840548,0,2989,2919,70,0.00000,1.80513
534F4C31,5406,36843888,0,2995,2919,76,0.00000,1.95985
534F4C31,5407,36849435,0,2999,2915,84,0.00000,2.16615
534F4C31,5407,36853437,0,2988,2916,72,0.00000,1.85670
534F4C31,5407,36859061,0,2992,2915,77,0.00000,1.98564
534F4C31,5407,36861378,0,3001,2916,85,0.00000,2.19194
534F4C31,5407,36864685,0,3000,2916,84,0.00000,2.16615
534F4C31,5407,36866889,0,2999,2918,81,0.00000,2.08879
534F4C31,5407,36868925,0,3001,2917,84,0.00000,2.16615
534F4C31,5407,36871092,0,2992,2917,75,0.00000,1.93407
534F4C31,5407,36873330,0,2993,2918,75,0.00000,1.93407
534F4C31,5407,36875417,0,2997,2918,79,0.00000,2.03722
534F4C31,5407,36877487,0,2991,2918,73,0.00000,1.88249
534F4C31,5407,36879537,0,2996,2917,79,0.00000,2.03722
534F4C31,5407,36881871,0,3001,2921,80,0.00000,2.06300
534F4C31,5407,36884169,0,2996,2918,78,0.00000,2.01143
534F4C31,5407,36886345,0,3001,2918,83,0.00000,2.14037
534F4C31,5407,36888427,0,2999,2916,83,0.00000,2.14037
534F4C31,5407,36890626,0,2997,2916,81,0.00000,2.08879
534F4C31,5407,36892737,0,2995,2915,80,0.00000,2.06300
534F4C31,5407,36894840,0,2991,2919,72,0.00000,1.85670
534F4C31,5407,36897049,0,2994,2917,77,0.00000,1.98564
534F4C31,5408,36899083,0,2994,2916,78,0.00000,2.01143
534F4C31,5409,36903803,0,2994,2918,76,0.00000,1.95985
534F4C31,5410,36907587,0,2994,2917,77,0.00000,1.98564
534F4C31,5411,36912201,0,2993,2919,74,0.00000,1.90828
534F4C31,5412,36917400,0,2990,2918,72,0.00000,1.85670
534F4C31,5412,36923304,0,2997,2917,80,0.00000,2.06300
534F4C31,5412,36925545,0,2996,2919,77,0.00000,1.98564
534F4C31,5412,36928281,0,2998,2917,81,0.00000,2.08879
534F4C31,5412,36931443,0,2998,2917,81,0.00000,2.08879
534F4C31,5412,36933657,0,3001,2919,82,0.00000,2.11458
534F4C31,5412,36935680,0,2990,2918,72,0.00000,1.85670
534F4C31,5412,36937798,0,2997,2913,84,0.00000,2.16615
534F4C31,5412,36939972,0,2991,2919,72,0.00000,1.85670
534F4C31,5413,36942787,0,2993,2917,76,0.00000,1.95985
534F4C31,5414,36946444,0,2993,2917,76,0.00000,1.95985
534F4C31,5415,36951333,0,3003,2919,84,0.00000,2.16615
534F4C31,5416,36956608,0,2992,2918,74,0.00000,1.90828
534F4C31,5417,36960895,0,2998,2917,81,0.00000,2.08879
534F4C31,5417,36964830,0,2991,2917,74,0.00000,1.90828
534F4C31,5417,36968806,0,2995,2918,77,0.00000,1.98564
534F4C31,5417,36972181,0,2992,2916,76,0.00000,1.95985
534F4C31,5417,36974386,0,2993,2916,77,0.00000,1.98564
534F4C31,5417,36977574,0,3000,2917,83,0.00000,2.14037
534F4C31,5417,36979699,0,2995,2916,79,0.00000,2.03722
534F4C31,5417,36981834,0,2996,2917,79,0.00000,2.03722
534F4C31,5417,36983962,0,2990,2917,73,0.00000,1.88249
534F4C31,5417,36986091,0,2998,2916,82,0.00000,2.11458
534F4C31,5417,36988199,0,2997,2917,80,0.00000,2.06300
534F4C31,5417,36990334,0,3000,2917,83,0.00000,2.14037
534F4C31,5418,36992574,0,2990,2921,69,0.00000,1.77934
534F4C31,5419,36997159,0,2990,2917,73,0.00000,1.88249
534F4C31,5420,37000664,0,2992,2919,73,0.00000,1.88249
534F4C31,5421,37007389,0,3001,2919,82,0.00000,2.11458
534F4C31,5421,37010602,0,2996,2915,81,0.00000,2.08879
534F4C31,5421,37013871,0,3000,2920,80,0.00000,2.06300
534F4C31,5421,37018294,0,3005,2916,89,0.00000,2.29509
534F4C31,5421,37020646,0,2986,2917,69,0.00000,1.77934
534F4C31,5421,37023513,0,2999,2915,84,0.00000,2.16615
534F4C31,5421,37025797,0,2997,2918,79,0.00000,2.03722
534F4C31,5422,37028095,0,2991,2918,73,0.00000,1.88249
534F4C31,5423,37032748,0,2992,2917,75,0.00000,1.93407
534F4C31,5423,37037230,0,2997,2912,85,0.00000,2.19194
534F4C31,5423,37041387,0,2992,2913,79,0.00000,2.03722
534F4C31,5423,37044371,0,2993,2914,79,0.00000,2.03722
534F4C31,5423,37047000,0,2993,2914,79,0.00000,2.03722
534F4C31,5423,37049598,0,2999,2913,86,0.00000,2.21773
534F4C31,5423,37051810,0,2995,2913,82,0.00000,2.11458
534F4C31,5423,37053837,0,2997,2914,83,0.00000,2.14037
534F4C31,5423,37055967,0,2992,2912,80,0.00000,2.06300
534F4C31,5423,37058199,0,2993,2914,79,0.00000,2.03722
534F4C31,5424,37060330,0,2998,2911,87,0.00000,2.24352
534F4C31,5425,37064982,0,2998,2913,85,0.00000,2.19194
534F4C31,5426,37068660,0,2999,2910,89,0.00000,2.29509
534F4C31,5427,37074860,0,2997,2911,86,0.00000,2.21773
534F4C31,5427,37080143,0,2991,2911,80,0.00000,2.06300
534F4C31,5427,37083040,0,2995,2912,83,0.00000,2.14037
534F4C31,5427,37085875,0,2994,2911,83,0.00000,2.14037
534F4C31,5427,37088276,0,2991,2912,79,0.00000,2.03722
534F4C31,5428,37091355,0,2995,2912,83,0.00000,2.14037
534F4C31,5429,37096026,0,2991,2908,83,0.00000,2.14037
534F4C31,5430,37100023,0,2997,2908,89,0.00000,2.29509
534F4C31,5430,37105789,0,2992,2913,79,0.00000,2.03722
534F4C31,5430,37107944,0,3001,2911,90,0.00000,2.32088
534F4C31,5430,37110029,0,2998,2912,86,0.00000,2.21773
534F4C31,5430,37113225,0,2989,2910,79,0.00000,2.03722
534F4C31,5430,37115331,0,2992,2913,79,0.00000,2.03722
534F4C31,5430,37117813,0,2996,2913,83,0.00000,2.14037
534F4C31,5430,37119992,0,2991,2912,79,0.00000,2.03722
534F4C31,5430,37123668,0,2990,2913,77,0.00000,1.98564
534F4C31,5431,37125838,0,2990,2914,76,0.00000,1.95985
534F4C31,5432,37130572,0,2993,2911,82,0.00000,2.11458
534F4C31,5433,37134242,0,2994,2911,83,0.00000,2.14037
534F4C31,5434,37140427,0,2995,2909,86,0.00000,2.21773
534F4C31,5434,37144243,0,2991,2910,81,0.00000,2.08879
534F4C31,5434,37148086,0,2998,2912,86,0.00000,2.21773
534F4C31,5434,37151517,0,2989,2912,77,0.00000,1.98564
534F4C31,5434,37153623,0,3002,2911,91,0.00000,2.34667
534F4C31,5435,37155798,0,2985,2911,74,0.00000,1.90828
534F4C31,5436,37160203,0,2999,2909,90,0.00000,2.32088
534F4C31,5437,37164207,0,2994,2910,84,0.00000,2.16615
534F4C31,5437,37169914,0,2998,2914,84,0.00000,2.16615
534F4C31,5437,37172471,0,2997,2913,84,0.00000,2.16615
534F4C31,5437,37175275,0,3012,2911,101,0.00000,2.60454
534F4C31,5437,37177680,0,2995,2911,84,0.00000,2.16615
534F4C31,5437,37179894,0,2990,2911,79,0.00000,2.03722
534F4C31,5437,37182088,0,2990,2912,78,0.00000,2.01143
534F4C31,5437,37184271,0,2995,2910,85,0.00000,2.19194
534F4C31,5437,37186373,0,2996,2911,85,0.00000,2.19194
534F4C31,5437,37188473,0,2992,2913,79,0.00000,2.03722
534F4C31,5437,37190699,0,2993,2909,84,0.00000,2.16615
534F4C31,5437,37192980,0,2994,2914,80,0.00000,2.06300
534F4C31,5438,37196393,0,2999,2909,90,0.00000,2.32088
534F4C31,5439,37201167,0,2998,2912,86,0.00000,2.21773
534F4C31,5440,37206385,0,2990,2913,77,0.00000,1.98564
534F4C31,5441,37211717,0,2995,2913,82,0.00000,2.11458
534F4C31,5441,37216841,0,2998,2914,84,0.00000,2.16615
534F4C31,5441,37219374,0,2989,2912,77,0.00000,1.98564
534F4C31,5441,37222632,0,2995,2911,84,0.00000,2.16615
534F4C31,5441,37225768,0,3001,2910,91,0.00000,2.34667
534F4C31,5441,37227905,0,2989,2911,78,0.00000,2.01143
534F4C31,5441,37230002,0,2993,2909,84,0.00000,2.16615
534F4C31,5442,37232240,0,2998,2914,84,0.00000,2.16615
534F4C31,5442,37236997,0,2998,2909,89,0.00000,2.29509
534F4C31,5442,37239292,0,3000,2909,91,0.00000,2.34667
534F4C31,5442,37242012,0,2991,2912,79,0.00000,2.03722
534F4C31,5442,37245323,0,2993,2914,79,0.00000,2.03722
534F4C31,5443,37247590,0,2994,2912,82,0.00000,2.11458
534F4C31,5443,37252615,0,2994,2912,82,0.00000,2.11458
534F4C31,5443,37254908,0,2993,2910,83,0.00000,2.14037
534F4C31,5444,37258106,0,2993,2912,81,0.00000,2.08879
534F4C31,5445,37262386,0,2997,2916,81,0.00000,2.08879
534F4C31,5446,37266107,0,2987,2915,72,0.00000,1.85670
534F4C31,5447,37271458,0,2992,2916,76,0.00000,1.95985
534F4C31,5448,37276731,0,2989,2915,74,0.00000,1.90828
534F4C31,5448,37281702,0,2991,2917,74,0.00000,1.90828
534F4C31,5448,37285051,0,2989,2908,81,0.00000,2.08879
534F4C31,5448,37288141,0,2993,2913,80,0.00000,2.06300
534F4C31,5448,37290393,0,2992,2912,80,0.00000,2.06300
534F4C31,5448,37292535,0,2990,2910,80,0.00000,2.06300
534F4C31,5448,37294855,0,2988,2913,75,0.00000,1.93407
534F4C31,5448,37296936,0,2996,2913,83,0.00000,2.14037
534F4C31,5448,37299055,0,2996,2914,82,0.00000,2.11458
534F4C31,5448,37301156,0,2993,2914,79,0.00000,2.03722
534F4C31,5448,37303309,0,2998,2912,86,0.00000,2.21773
534F4C31,5448,37305507,0,2995,2915,80,0.00000,2.06300
534F4C31,5449,37307629,0,2991,2914,77,0.00000,1.98564
534F4C31,5450,37311606,0,2990,2914,76,0.00000,1.95985
534F4C31,5451,37315725,0,2995,2910,85,0.00000,2.19194
534F4C31,5452,37319987,0,2994,2909,85,0.00000,2.19194
534F4C31,5453,37325497,0,2995,2910,85,0.00000,2.19194
534F4C31,5454,37329619,0,2993,2911,82,0.00000,2.11458
534F4C31,5454,37333249,0,2991,2910,81,0.00000,2.08879
534F4C31,5455,37337364,0,2989,2911,78,0.00000,2.01143
534F4C31,5456,37340229,0,2998,2915,83,0.00000,2.14037
534F4C31,5457,37345428,0,2996,2915,81,0.00000,2.08879
534F4C31,5458,37351587,0,2992,2913,79,0.00000,2.03722
534F4C31,5459,37358095,0,2990,2911,79,0.00000,2.03722
534F4C31,5459,37363892,0,2992,2914,78,0.00000,2.01143
534F4C31,5459,37366720,0,2993,2915,78,0.00000,2.01143
534F4C31,5460,37369741,0,2990,2915,75,0.00000,1.93407
534F4C31,5460,37375262,0,2992,2915,77,0.00000,1.98564
534F4C31,5460,37377490,0,2994,2913,81,0.00000,2.08879
534F4C31,5460,37380248,0,2998,2911,87,0.00000,2.24352
534F4C31,5460,37382936,0,2999,2911,88,0.00000,2.26930
534F4C31,5460,37385067,0,2996,2914,82,0.00000,2.11458
534F4C31,5460,37387173,0,2997,2911,86,0.00000,2.21773
534F4C31,5460,37389181,0,2991,2912,79,0.00000,2.03722
534F4C31,5460,37391310,0,3000,2911,89,0.00000,2.29509
534F4C31,5460,37393481,0,2996,2914,82,0.00000,2.11458
534F4C31,5460,37395603,0,2999,2911,88,0.00000,2.26930
534F4C31,5460,37397739,0,3003,2912,91,0.00000,2.34667
534F4C31,5460,37399787,0,2996,2913,83,0.00000,2.14037
534F4C31,5460,37401911,0,2993,2913,80,0.00000,2.06300
534F4C31,5460,37404142,0,2990,2912,78,0.00000,2.01143
534F4C31,5460,37406391,0,2991,2915,76,0.00000,1.95985
534F4C31,5461,37408539,0,2987,2913,74,0.00000,1.90828
534F4C31,5462,37412746,0,2995,2913,82,0.00000,2.11458
534F4C31,5463,37416328,0,2994,2917,77,0.00000,1.98564
534F4C31,5463,37421854,0,3000,2907,93,0.00000,2.39824
534F4C31,5463,37425789,0,2992,2913,79,0.00000,2.03722
534F4C31,5463,37428095,0,2999,2910,89,0.00000,2.29509
534F4C31,5463,37431232,0,2994,2912,82,0.00000,2.11458
534F4C31,5463,37433508,0,2995,2912,83,0.00000,2.14037
534F4C31,5463,37435646,0,2998,2913,85,0.00000,2.19194
534F4C31,5464,37437954,0,3002,2914,88,0.00000,2.26930
534F4C31,5465,37442379,0,2999,2912,87,0.00000,2.24352
534F4C31,5465,37446255,0,2993,2914,79,0.00000,2.03722
534F4C31,5465,37450670,0,2997,2915,82,0.00000,2.11458
534F4C31,5466,37453900,0,3005,2910,95,0.00000,2.44982
534F4C31,5466,37459331,0,2993,2913,80,0.00000,2.06300
534F4C31,5466,37462422,0,2992,2912,80,0.00000,2.06300
534F4C31,5466,37464907,0,2992,2915,77,0.00000,1.98564
534F4C31,5466,37467155,0,2993,2911,82,0.00000,2.11458
534F4C31,5466,37469262,0,3000,2913,87,0.00000,2.24352
534F4C31,5466,37471361,0,2997,2913,84,0.00000,2.16615
534F4C31,5466,37473531,0,2995,2912,83,0.00000,2.14037
534F4C31,5466,37475652,0,2993,2911,82,0.00000,2.11458
534F4C31,5466,37477815,0,3001,2916,85,0.00000,2.19194
534F4C31,5466,37479938,0,2994,2913,81,0.00000,2.08879
534F4C31,5466,37482027,0,2995,2913,82,0.00000,2.11458
534F4C31,5466,37484254,0,2995,2913,82,0.00000,2.11458
534F4C31,5466,37486472,0,2994,2910,84,0.00000,2.16615
534F4C31,5466,37488596,0,2997,2910,87,0.00000,2.24352
534F4C31,5466,37490685,0,2993,2911,82,0.00000,2.11458
534F4C31,5466,37492827,0,2991,2913,78,0.00000,2.01143
534F4C31,5467,37495201,0,2991,2911,80,0.00000,2.06300
534F4C31,5468,37499660,0,3000,2912,88,0.00000,2.26930
534F4C31,5469,37502789,0,3000,2911,89,0.00000,2.29509
534F4C31,5470,37508675,0,3000,2912,88,0.00000,2.26930
534F4C31,5470,37513669,0,2998,2910,88,0.00000,2.26930
534F4C31,5470,37516669,0,3001,2910,91,0.00000,2.34667
534F4C31,5470,37519586,0,2988,2914,74,0.00000,1.90828
534F4C31,5470,37521875,0,2993,2908,85,0.00000,2.19194
534F4C31,5470,37524094,0,3000,2912,88,0.00000,2.26930
534F4C31,5470,37526277,0,2992,2912,80,0.00000,2.06300
534F4C31,5470,37528824,0,3003,2912,91,0.00000,2.34667
534F4C31,5470,37531134,0,2995,2915,80,0.00000,2.06300
534F4C31,5471,37533263,0,2992,2914,78,0.00000,2.01143
534F4C31,5472,37537585,0,2994,2910,84,0.00000,2.16615
534F4C31,5473,37541202,0,2996,2911,85,0.00000,2.19194
534F4C31,5474,37547865,0,2994,2913,81,0.00000,2.08879
534F4C31,5474,37553563,0,2996,2910,86,0.00000,2.21773
534F4C31,5474,37555987,0,2996,2912,84,0.00000,2.16615
534F4C31,5474,37558131,0,2996,2914,82,0.00000,2.11458
534F4C31,5474,37560281,0,2998,2913,85,0.00000,2.19194
534F4C31,5475,37562404,0,2994,2912,82,0.00000,2.11458
534F4C31,5476,37565794,0,2988,2909,79,0.00000,2.03722
534F4C31,5477,37568928,0,2987,2913,74,0.00000,1.90828
534F4C31,5478,37575040,0,2984,2914,70,0.00000,1.80513
534F4C31,5478,37579931,0,2997,2913,84,0.00000,2.16615
534F4C31,5479,37582936,0,2991,2911,80,0.00000,2.06300
534F4C31,5479,37588574,0,2992,2912,80,0.00000,2.06300
534F4C31,5479,37591077,0,2994,2908,86,0.00000,2.21773
534F4C31,5479,37593231,0,2992,2912,80,0.00000,2.06300
534F4C31,5479,37596387,0,2999,2917,82,0.00000,2.11458
534F4C31,5479,37600138,0,2996,2913,83,0.00000,2.14037
534F4C31,5479,37602415,0,3000,2914,86,0.00000,2.21773
534F4C31,5479,37604680,0,2993,2915,78,0.00000,2.01143
534F4C31,5480,37607736,0,2994,2910,84,0.00000,2.16615
534F4C31,5480,37612634,0,2987,2916,71,0.00000,1.83092
534F4C31,5480,37614961,0,2994,2912,82,0.00000,2.11458
534F4C31,5480,37617712,0,2992,2909,83,0.00000,2.14037
534F4C31,5480,37620549,0,2998,2911,87,0.00000,2.24352
534F4C31,5480,37622842,0,2991,2907,84,0.00000,2.16615
534F4C31,5480,37625129,0,2997,2907,90,0.00000,2.32088
534F4C31,5480,37627356,0,2996,2907,89,0.00000,2.29509
534F4C31,5480,37629767,0,2999,2909,90,0.00000,2.32088
534F4C31,5481,37631975,0,2995,2909,86,0.00000,2.21773
534F4C31,5482,37636272,0,3000,2908,92,0.00000,2.37245
534F4C31,5483,37639832,0,2990,2909,81,0.00000,2.08879
534F4C31,5484,37645203,0,2996,2907,89,0.00000,2.29509
534F4C31,5484,37650389,0,2992,2908,84,0.00000,2.16615
534F4C31,5484,37654779,0,2997,2909,88,0.00000,2.26930
534F4C31,5484,37658189,0,2993,2910,83,0.00000,2.14037
534F4C31,5484,37660416,0,3000,2912,88,0.00000,2.26930
534F4C31,5485,37662457,0,2995,2909,86,0.00000,2.21773
534F4C31,5485,37666999,0,2999,2910,89,0.00000,2.29509
534F4C31,5485,37669996,0,2987,2909,78,0.00000,2.01143
534F4C31,5485,37672335,0,2990,2907,83,0.00000,2.14037
534F4C31,5485,37674490,0,2990,2908,82,0.00000,2.11458
534F4C31,5485,37677681,0,2997,2905,92,0.00000,2.37245
534F4C31,5485,37679896,0,2985,2905,80,0.00000,2.06300
534F4C31,5485,37682059,0,2985,2906,79,0.00000,2.03722
534F4C31,5486,37684229,0,2993,2908,85,0.00000,2.19194
534F4C31,5487,37689326,0,2985,2910,75,0.00000,1.93407
534F4C31,5488,37693453,0,2995,2906,89,0.00000,2.29509
534F4C31,5489,37700214,0,2990,2906,84,0.00000,2.16615
534F4C31,5489,37704217,0,2992,2908,84,0.00000,2.16615
534F4C31,5489,37706508,0,2999,2906,93,0.00000,2.39824
534F4C31,5490,37709841,0,2995,2909,86,0.00000,2.21773
534F4C31,5490,37714773,0,2989,2907,82,0.00000,2.11458
534F4C31,5490,37717945,0,2997,2906,91,0.00000,2.34667
534F4C31,5491,37720247,0,2987,2908,79,0.00000,2.03722
534F4C31,5492,37726371,0,2992,2908,84,0.00000,2.16615
534F4C31,5492,37730302,0,2995,2907,88,0.00000,2.26930
534F4C31,5493,37734865,0,2991,2908,83,0.00000,2.14037
534F4C31,5493,37737416,0,2997,2910,87,0.00000,2.24352
534F4C31,5493,37742813,0,2994,2909,85,0.00000,2.19194
534F4C31,5493,37747307,0,2992,2906,86,0.00000,2.21773
534F4C31,5493,37749673,0,2989,2908,81,0.00000,2.08879
534F4C31,5493,37751801,0,2995,2912,83,0.00000,2.14037
534F4C31,5493,37754942,0,2992,2911,81,0.00000,2.08879
534F4C31,5493,37757256,0,2997,2910,87,0.00000,2.24352
534F4C31,5493,37759404,0,2994,2905,89,0.00000,2.29509
534F4C31,5493,37761547,0,2991,2911,80,0.00000,2.06300
534F4C31,5493,37763572,0,2993,2906,87,0.00000,2.24352
534F4C31,5493,37765811,0,2993,2908,85,0.00000,2.19194
534F4C31,5494,37768126,0,2994,2905,89,0.00000,2.29509
534F4C31,5495,37772442,0,2993,2907,86,0.00000,2.21773
534F4C31,5496,37776553,0,2994,2911,83,0.00000,2.14037
534F4C31,5497,37783200,0,2990,2911,79,0.00000,2.03722
534F4C31,5497,37786535,0,2993,2909,84,0.00000,2.16615
534F4C31,5497,37789423,0,3000,2912,88,0.00000,2.26930
534F4C31,5498,37793588,0,2995,2910,85,0.00000,2.19194
534F4C31,5498,37797047,0,3000,2907,93,0.00000,2.39824
534F4C31,5498,37800433,0,2996,2910,86,0.00000,2.21773
534F4C31,5498,37803829,0,2997,2909,88,0.00000,2.26930
534F4C31,5498,37806142,0,3000,2910,90,0.00000,2.32088
534F4C31,5499,37809240,0,2991,2911,80,0.00000,2.06300
534F4C31,5500,37812359,0,2992,2906,86,0.00000,2.21773
534F4C31,5501,37816381,0,2998,2908,90,0.00000,2.32088
534F4C31,5501,37819393,0,3000,2908,92,0.00000,2.37245
534F4C31,5501,37822209,0,2995,2907,88,0.00000,2.26930
534F4C31,5501,37826813,0,2993,2909,84,0.00000,2.16615
534F4C31,5501,37829105,0,2990,2907,83,0.00000,2.14037
534F4C31,5501,37831204,0,2990,2909,81,0.00000,2.08879
534F4C31,5501,37834005,0,2992,2909,83,0.00000,2.14037
534F4C31,5501,37836850,0,2993,2906,87,0.00000,2.24352
534F4C31,5501,37839138,0,2987,2908,79,0.00000,2.03722
534F4C31,5501,37841271,0,2985,2906,79,0.00000,2.03722
534F4C31,5502,37843352,0,2990,2910,80,0.00000,2.06300
534F4C31,5503,37848220,0,2999,2905,94,0.00000,2.42403
534F4C31,5504,37852027,0,2990,2910,80,0.00000,2.06300
534F4C31,5505,37858135,0,2997,2907,90,0.00000,2.32088
534F4C31,5505,37864039,0,2997,2907,90,0.00000,2.32088
534F4C31,5505,37866454,0,2998,2910,88,0.00000,2.26930
534F4C31,5505,37869139,0,2990,2906,84,0.00000,2.16615
534F4C31,5505,37872326,0,2990,2907,83,0.00000,2.14037
534F4C31,5505,37874483,0,3001,2909,92,0.00000,2.37245
534F4C31,5505,37876672,0,2995,2908,87,0.00000,2.24352
534F4C31,5505,37878986,0,2999,2906,93,0.00000,2.39824
534F4C31,5505,37881241,0,2999,2909,90,0.00000,2.32088
534F4C31,5505,37883429,0,2990,2909,81,0.00000,2.08879
534F4C31,5505,37885615,0,2997,2912,85,0.00000,2.19194
534F4C31,5506,37887640,0,2995,2910,85,0.00000,2.19194
534F4C31,5507,37890515,0,2990,2909,81,0.00000,2.08879
534F4C31,5508,37895645,0,2998,2909,89,0.00000,2.29509
534F4C31,5509,37899524,0,2996,2907,89,0.00000,2.29509
534F4C31,5510,37905760,0,2990,2910,80,0.00000,2.06300
534F4C31,5511,37909457,0,2995,2908,87,0.00000,2.24352
534F4C31,5511,37913450,0,2999,2910,89,0.00000,2.29509
534F4C31,5511,37917515,0,2995,2911,84,0.00000,2.16615
534F4C31,5511,37919672,0,2991,2908,83,0.00000,2.14037
534F4C31,5511,37922839,0,2999,2909,90,0.00000,2.32088
534F4C31,5511,37925894,0,2989,2909,80,0.00000,2.06300
534F4C31,5511,37928345,0,2998,2909,89,0.00000,2.29509
534F4C31,5512,37930551,0,2999,2908,91,0.00000,2.34667
534F4C31,5513,37934319,0,2989,2906,83,0.00000,2.14037
534F4C31,5513,37939179,0,2996,2907,89,0.00000,2.29509
534F4C31,5513,37941508,0,2990,2907,83,0.00000,2.14037
534F4C31,5513,37945181,0,2992,2910,82,0.00000,2.11458
534F4C31,5513,37948397,0,2990,2910,80,0.00000,2.06300
534F4C31,5513,37950640,0,2999,2910,89,0.00000,2.29509
534F4C31,5513,37953591,0,2998,2907,91,0.00000,2.34667
534F4C31,5513,37955826,0,2998,2906,92,0.00000,2.37245
534F4C31,5513,37957952,0,2993,2909,84,0.00000,2.16615
534F4C31,5513,37960185,0,2992,2908,84,0.00000,2.16615
534F4C31,5513,37962327,0,2994,2906,88,0.00000,2.26930
534F4C31,5513,37964405,0,2994,2907,87,0.00000,2.24352
534F4C31,5514,37966520,0,2997,2910,87,0.00000,2.24352
534F4C31,5515,37971341,0,2996,2910,86,0.00000,2.21773
534F4C31,5516,37975877,0,2991,2909,82,0.00000,2.11458
534F4C31,5517,37981446,0,2999,2907,92,0.00000,2.37245
534F4C31,5517,37985425,0,2985,2908,77,0.00000,1.98564
534F4C31,5517,37988772,0,2997,2909,88,0.00000,2.26930
534F4C31,5517,37991515,0,2994,2905,89,0.00000,2.29509
534F4C31,5517,37994300,0,3001,2906,95,0.00000,2.44982
534F4C31,5517,37996820,0,2995,2907,88,0.00000,2.26930
534F4C31,5517,37999091,0,2995,2908,87,0.00000,2.24352
534F4C31,5517,38001143,0,2992,2910,82,0.00000,2.11458
534F4C31,5517,38003252,0,3003,2907,96,0.00000,2.47560
534F4C31,5517,38005368,0,3001,2913,88,0.00000,2.26930
534F4C31,5518,38007559,0,3001,2911,90,0.00000,2.32088
534F4C31,5519,38012079,0,2986,2907,79,0.00000,2.03722
534F4C31,5520,38015769,0,2993,2911,82,0.00000,2.11458
534F4C31,5521,38022063,0,2996,2911,85,0.00000,2.19194
534F4C31,5521,38026907,0,2993,2909,84,0.00000,2.16615
534F4C31,5521,38029687,0,2998,2907,91,0.00000,2.34667
534F4C31,5522,38032450,0,2992,2906,86,0.00000,2.21773
534F4C31,5523,38037880,0,2986,2908,78,0.00000,2.01143
534F4C31,5523,38040582,0,2995,2907,88,0.00000,2.26930
534F4C31,5523,38045829,0,2995,2908,87,0.00000,2.24352
534F4C31,5524,38048021,0,2994,2910,84,0.00000,2.16615
534F4C31,5525,38053875,0,2994,2909,85,0.00000,2.19194
534F4C31,5525,38057098,0,2995,2906,89,0.00000,2.29509
534F4C31,5525,38059657,0,3001,2905,96,0.00000,2.47560
534F4C31,5525,38064264,0,2990,2911,79,0.00000,2.03722
534F4C31,5525,38066449,0,2985,2910,75,0.00000,1.93407
534F4C31,5525,38068543,0,2993,2911,82,0.00000,2.11458
534F4C31,5525,38070863,0,2998,2909,89,0.00000,2.29509
534F4C31,5525,38074105,0,2993,2909,84,0.00000,2.16615
534F4C31,5525,38076222,0,2992,2910,82,0.00000,2.11458
534F4C31,5525,38078343,0,2996,2911,85,0.00000,2.19194
534F4C31,5525,38080591,0,2993,2910,83,0.00000,2.14037
534F4C31,5525,38082771,0,2995,2908,87,0.00000,2.24352
534F4C31,5525,38084877,0,3002,2909,93,0.00000,2.39824
534F4C31,5525,38087005,0,2995,2910,85,0.00000,2.19194
534F4C31,5526,38089277,0,2997,2905,92,0.00000,2.37245
534F4C31,5527,38093478,0,2999,2908,91,0.00000,2.34667
534F4C31,5528,38097238,0,2982,2906,76,0.00000,1.95985
534F4C31,5529,38103381,0,2994,2907,87,0.00000,2.24352
534F4C31,5530,38107670,0,2989,2908,81,0.00000,2.08879
534F4C31,5530,38112345,0,2999,2906,93,0.00000,2.39824
534F4C31,5530,38115313,0,2991,2909,82,0.00000,2.11458
534F4C31,5530,38118379,0,2998,2904,94,0.00000,2.42403
534F4C31,5530,38120624,0,2992,2909,83,0.00000,2.14037
534F4C31,5531,38122761,0,2998,2908,90,0.00000,2.32088
534F4C31,5531,38127310,0,2997,2906,91,0.00000,2.34667
534F4C31,5531,38129593,0,2997,2911,86,0.00000,2.21773
534F4C31,5532,38132621,0,2993,2908,85,0.00000,2.19194
534F4C31,5532,38137547,0,2998,2910,88,0.00000,2.26930
534F4C31,5532,38139776,0,2993,2906,87,0.00000,2.24352
534F4C31,5532,38142835,0,2997,2901,96,0.00000,2.47560
534F4C31,5532,38145950,0,2996,2904,92,0.00000,2.37245
534F4C31,5532,38148199,0,2993,2904,89,0.00000,2.29509
534F4C31,5532,38150347,0,2991,2906,85,0.00000,2.19194
534F4C31,5532,38152357,0,2995,2904,91,0.00000,2.34667
534F4C31,5532,38154514,0,2989,2906,83,0.00000,2.14037
534F4C31,5532,38156791,0,2996,2904,92,0.00000,2.37245
534F4C31,5533,38158887,0,2994,2904,90,0.00000,2.32088
534F4C31,5534,38163664,0,2999,2906,93,0.00000,2.39824
534F4C31,5535,38167964,0,2990,2904,86,0.00000,2.21773
534F4C31,5536,38173519,0,2994,2906,88,0.00000,2.26930
534F4C31,5536,38178806,0,3001,2906,95,0.00000,2.44982
534F4C31,5536,38181576,0,2995,2908,87,0.00000,2.24352
534F4C31,5536,38183769,0,2995,2905,90,0.00000,2.32088
534F4C31,5536,38187188,0,2991,2908,83,0.00000,2.14037
534F4C31,5536,38189426,0,2992,2905,87,0.00000,2.24352
534F4C31,5536,38191706,0,2998,2900,98,0.00000,2.52718
534F4C31,5536,38193880,0,3006,2902,104,0.00000,2.68190
534F4C31,5536,38197298,0,2993,2904,89,0.00000,2.29509
534F4C31,5536,38199444,0,2992,2907,85,0.00000,2.19194
534F4C31,5537,38202622,0,3000,2904,96,0.00000,2.47560
534F4C31,5538,38206562,0,3001,2904,97,0.00000,2.50139
534F4C31,5538,38211036,0,2992,2906,86,0.00000,2.21773
534F4C31,5538,38214605,0,2991,2906,85,0.00000,2.19194
534F4C31,5539,38218081,0,2996,2902,94,0.00000,2.42403
534F4C31,5540,38222931,0,2994,2905,89,0.00000,2.29509
534F4C31,5540,38227921,0,2998,2907,91,0.00000,2.34667
534F4C31,5540,38232738,0,2996,2902,94,0.00000,2.42403
534F4C31,5540,38234952,0,2992,2904,88,0.00000,2.26930
534F4C31,5540,38237877,0,2990,2903,87,0.00000,2.24352
534F4C31,5541,38240279,0,2989,2906,83,0.00000,2.14037
534F4C31,5542,38245185,0,2997,2903,94,0.00000,2.42403
534F4C31,5542,38248855,0,2996,2907,89,0.00000,2.29509
534F4C31,5542,38253408,0,2990,2902,88,0.00000,2.26930
534F4C31,5542,38256203,0,2999,2904,95,0.00000,2.44982
534F4C31,5542,38258365,0,3000,2908,92,0.00000,2.37245
534F4C31,5543,38261410,0,2997,2908,89,0.00000,2.29509
534F4C31,5543,38265753,0,2995,2905,90,0.00000,2.32088
534F4C31,5543,38268478,0,2993,2903,90,0.00000,2.32088
534F4C31,5544,38271372,0,2993,2902,91,0.00000,2.34667
534F4C31,5545,38277133,0,2992,2904,88,0.00000,2.26930
534F4C31,5546,38282730,0,2997,2907,90,0.00000,2.32088
534F4C31,5546,38288429,0,3001,2906,95,0.00000,2.44982
534F4C31,5547,38290736,0,2998,2906,92,0.00000,2.37245
534F4C31,5547,38293749,0,2988,2906,82,0.00000,2.11458
534F4C31,5547,38298530,0,2999,2903,96,0.00000,2.47560
534F4C31,5547,38300633,0,2993,2908,85,0.00000,2.19194
534F4C31,5547,38302811,0,2998,2904,94,0.00000,2.42403
534F4C31,5547,38306200,0,3000,2904,96,0.00000,2.47560
534F4C31,5547,38308394,0,2995,2904,91,0.00000,2.34667
534F4C31,5547,38310553,0,2995,2906,89,0.00000,2.29509
534F4C31,5548,38312995,0,2991,2906,85,0.00000,2.19194
534F4C31,5549,38317603,0,2991,2908,83,0.00000,2.14037
534F4C31,5550,38321082,0,2997,2903,94,0.00000,2.42403
534F4C31,5551,38326951,0,2996,2904,92,0.00000,2.37245
534F4C31,5551,38331496,0,2997,2908,89,0.00000,2.29509
534F4C31,5551,38334178,0,2992,2905,87,0.00000,2.24352
534F4C31,5551,38336924,0,2999,2905,94,0.00000,2.42403
534F4C31,5551,38340953,0,2995,2903,92,0.00000,2.37245
534F4C31,5551,38343216,0,2997,2910,87,0.00000,2.24352
534F4C31,5551,38346156,0,3000,2904,96,0.00000,2.47560
534F4C31,5551,38348777,0,2986,2903,83,0.00000,2.14037
534F4C31,5551,38352476,0,2993,2903,90,0.00000,2.32088
534F4C31,5552,38354704,0,2996,2903,93,0.00000,2.39824
534F4C31,5553,38359518,0,2998,2907,91,0.00000,2.34667
534F4C31,5553,38364632,0,2993,2903,90,0.00000,2.32088
534F4C31,5553,38367081,0,2990,2905,85,0.00000,2.19194
534F4C31,5554,38370631,0,2996,2906,90,0.00000,2.32088
534F4C31,5555,38374722,0,3001,2908,93,0.00000,2.39824
534F4C31,5556,38378952,0,2996,2903,93,0.00000,2.39824
534F4C31,5556,38385020,0,2992,2905,87,0.00000,2.24352
534F4C31,5556,38387856,0,2986,2905,81,0.00000,2.08879
534F4C31,5557,38391800,0,2993,2908,85,0.00000,2.19194
534F4C31,5557,38396027,0,2991,2904,87,0.00000,2.24352
534F4C31,5557,38398359,0,2998,2903,95,0.00000,2.44982
534F4C31,5557,38400573,0,2990,2908,82,0.00000,2.11458
534F4C31,5557,38403959,0,2995,2907,88,0.00000,2.26930
534F4C31,5557,38406180,0,2989,2906,83,0.00000,2.14037
534F4C31,5557,38408355,0,2993,2909,84,0.00000,2.16615
534F4C31,5557,38410607,0,2996,2904,92,0.00000,2.37245
534F4C31,5557,38412686,0,2990,2905,85,0.00000,2.19194
534F4C31,5557,38414841,0,2992,2904,88,0.00000,2.26930
534F4C31,5557,38417023,0,2996,2903,93,0.00000,2.39824
534F4C31,5557,38419224,0,2995,2905,90,0.00000,2.32088
534F4C31,5557,38421435,0,3001,2908,93,0.00000,2.39824
534F4C31,5557,38423546,0,2993,2902,91,0.00000,2.34667
534F4C31,5558,38425638,0,2989,2906,83,0.00000,2.14037
534F4C31,5559,38429994,0,2992,2906,86,0.00000,2.21773
534F4C31,5560,38433366,0,2998,2905,93,0.00000,2.39824
534F4C31,5561,38438955,0,2999,2904,95,0.00000,2.44982
534F4C31,5561,38443949,0,2991,2909,82,0.00000,2.11458
534F4C31,5561,38448023,0,2997,2904,93,0.00000,2.39824
534F4C31,5562,38451020,0,2992,2902,90,0.00000,2.32088
534F4C31,5562,38454786,0,2996,2904,92,0.00000,2.37245
534F4C31,5562,38459160,0,2991,2906,85,0.00000,2.19194
534F4C31,5563,38462201,0,2991,2902,89,0.00000,2.29509
534F4C31,5563,38467781,0,2997,2902,95,0.00000,2.44982
534F4C31,5563,38470005,0,2996,2904,92,0.00000,2.37245
534F4C31,5563,38474129,0,2991,2905,86,0.00000,2.21773
534F4C31,5563,38476462,0,2991,2904,87,0.00000,2.24352
534F4C31,5563,38478538,0,2995,2906,89,0.00000,2.29509
534F4C31,5563,38480718,0,2995,2903,92,0.00000,2.37245
534F4C31,5563,38482885,0,2998,2904,94,0.00000,2.42403
534F4C31,5563,38485035,0,2992,2905,87,0.00000,2.24352
534F4C31,5564,38487073,0,2998,2906,92,0.00000,2.37245
534F4C31,5565,38490927,0,2993,2901,92,0.00000,2.37245
534F4C31,5566,38495404,0,2988,2903,85,0.00000,2.19194
534F4C31,5567,38501636,0,2989,2905,84,0.00000,2.16615
534F4C31,5567,38505932,0,2997,2904,93,0.00000,2.39824
534F4C31,5567,38508587,0,2992,2904,88,0.00000,2.26930
534F4C31,5568,38512634,0,2991,2906,85,0.00000,2.19194
534F4C31,5569,38516566,0,2997,2903,94,0.00000,2.42403
534F4C31,5569,38520096,0,2991,2903,88,0.00000,2.26930
534F4C31,5569,38524365,0,2991,2905,86,0.00000,2.21773
534F4C31,5569,38527349,0,2995,2904,91,0.00000,2.34667
534F4C31,5569,38529590,0,2995,2906,89,0.00000,2.29509
534F4C31,5570,38531820,0,2989,2905,84,0.00000,2.16615
534F4C31,5571,38535949,0,2995,2903,92,0.00000,2.37245
534F4C31,5572,38539895,0,2988,2905,83,0.00000,2.14037
534F4C31,5573,38545909,0,3004,2906,98,0.00000,2.52718
534F4C31,5573,38550880,0,2999,2906,93,0.00000,2.39824
534F4C31,5574,38555547,0,2994,2905,89,0.00000,2.29509
534F4C31,5574,38559448,0,2997,2900,97,0.00000,2.50139
534F4C31,5574,38562706,0,2992,2905,87,0.00000,2.24352
534F4C31,5574,38566921,0,2992,2904,88,0.00000,2.26930
534F4C31,5574,38569107,0,2997,2904,93,0.00000,2.39824
534F4C31,5574,38571777,0,2995,2903,92,0.00000,2.37245
534F4C31,5574,38574294,0,2993,2905,88,0.00000,2.26930
534F4C31,5574,38576425,0,2991,2902,89,0.00000,2.29509
534F4C31,5574,38578490,0,2993,2904,89,0.00000,2.29509
534F4C31,5574,38580657,0,2996,2906,90,0.00000,2.32088
534F4C31,5574,38582960,0,2995,2902,93,0.00000,2.39824
534F4C31,5574,38585152,0,2996,2904,92,0.00000,2.37245
534F4C31,5574,38587229,0,2990,2900,90,0.00000,2.32088
534F4C31,5574,38589304,0,2995,2904,91,0.00000,2.34667
534F4C31,5574,38591313,0,2995,2907,88,0.00000,2.26930
534F4C31,5574,38593491,0,2999,2904,95,0.00000,2.44982
534F4C31,5574,38595751,0,2990,2906,84,0.00000,2.16615
534F4C31,5575,38597757,0,2995,2902,93,0.00000,2.39824
534F4C31,5576,38602649,0,2993,2906,87,0.00000,2.24352
534F4C31,5577,38606346,0,2995,2904,91,0.00000,2.34667
534F4C31,5578,38612602,0,2985,2902,83,0.00000,2.14037
534F4C31,5578,38615619,0,2994,2903,91,0.00000,2.34667
534F4C31,5578,38620541,0,2998,2904,94,0.00000,2.42403
534F4C31,5578,38623555,0,2993,2904,89,0.00000,2.29509
534F4C31,5578,38626328,0,2997,2903,94,0.00000,2.42403
534F4C31,5579,38628798,0,2992,2903,89,0.00000,2.29509
534F4C31,5579,38632851,0,2991,2906,85,0.00000,2.19194
534F4C31,5579,38635298,0,2998,2906,92,0.00000,2.37245
534F4C31,5579,38637467,0,2994,2904,90,0.00000,2.32088
534F4C31,5579,38640419,0,2998,2902,96,0.00000,2.47560
534F4C31,5579,38642749,0,2994,2905,89,0.00000,2.29509
534F4C31,5579,38644971,0,2995,2904,91,0.00000,2.34667
534F4C31,5579,38647191,0,2989,2905,84,0.00000,2.16615
534F4C31,5580,38649201,0,2991,2905,86,0.00000,2.21773
534F4C31,5581,38654706,0,3000,2906,94,0.00000,2.42403
534F4C31,5582,38659457,0,2995,2901,94,0.00000,2.42403
534F4C31,5582,38664940,0,2995,2904,91,0.00000,2.34667
534F4C31,5582,38668049,0,2989,2905,84,0.00000,2.16615
534F4C31,5582,38670227,0,3002,2907,95,0.00000,2.44982
534F4C31,5582,38672374,0,2997,2905,92,0.00000,2.37245
534F4C31,5583,38674657,0,2998,2903,95,0.00000,2.44982
534F4C31,5584,38678684,0,2994,2903,91,0.00000,2.34667
534F4C31,5585,38682480,0,2991,2905,86,0.00000,2.21773
534F4C31,5586,38687577,0,2996,2903,93,0.00000,2.39824
534F4C31,5586,38693276,0,2999,2907,92,0.00000,2.37245
534F4C31,5586,38696777,0,2991,2904,87,0.00000,2.24352
534F4C31,5587,38699543,0,2999,2904,95,0.00000,2.44982
534F4C31,5587,38704675,0,2993,2906,87,0.00000,2.24352
534F4C31,5587,38706942,0,2999,2904,95,0.00000,2.44982
534F4C31,5588,38709164,0,2988,2903,85,0.00000,2.19194
534F4C31,5588,38714531,0,2994,2902,92,0.00000,2.37245
534F4C31,5588,38717016,0,2995,2901,94,0.00000,2.42403
534F4C31,5588,38719283,0,2989,2903,86,0.00000,2.21773
534F4C31,5588,38722236,0,2997,2906,91,0.00000,2.34667
534F4C31,5588,38724659,0,2999,2905,94,0.00000,2.42403
534F4C31,5588,38726768,0,2998,2905,93,0.00000,2.39824
534F4C31,5588,38728948,0,2998,2906,92,0.00000,2.37245
534F4C31,5588,38731020,0,2992,2905,87,0.00000,2.24352
534F4C31,5588,38733181,0,2996,2907,89,0.00000,2.29509
534F4C31,5589,38735407,0,2991,2905,86,0.00000,2.21773
534F4C31,5589,38739618,0,2995,2907,88,0.00000,2.26930
534F4C31,5589,38742384,0,2999,2903,96,0.00000,2.47560
534F4C31,5590,38744623,0,2988,2903,85,0.00000,2.19194
534F4C31,5591,38750290,0,2994,2903,91,0.00000,2.34667
534F4C31,5591,38753768,0,2995,2903,92,0.00000,2.37245
534F4C31,5591,38758893,0,2993,2906,87,0.00000,2.24352
534F4C31,5591,38761333,0,2998,2904,94,0.00000,2.42403
534F4C31,5591,38764491,0,2992,2906,86,0.00000,2.21773
534F4C31,5591,38766764,0,2988,2905,83,0.00000,2.14037
534F4C31,5591,38768819,0,2999,2904,95,0.00000,2.44982
534F4C31,5591,38771021,0,2994,2903,91,0.00000,2.34667
534F4C31,5592,38773168,0,2991,2908,83,0.00000,2.14037
534F4C31,5593,38778101,0,2995,2906,89,0.00000,2.29509
534F4C31,5594,38784373,0,2993,2902,91,0.00000,2.34667
534F4C31,5594,38788040,0,2994,2902,92,0.00000,2.37245
534F4C31,5594,38790613,0,2993,2899,94,0.00000,2.42403
534F4C31,5595,38794788,0,2997,2900,97,0.00000,2.50139
534F4C31,5596,38799302,0,2995,2900,95,0.00000,2.44982
534F4C31,5596,38805057,0,2990,2898,92,0.00000,2.37245
534F4C31,5596,38807476,0,3001,2898,103,0.00000,2.65612
534F4C31,5596,38810175,0,2991,2897,94,0.00000,2.42403
534F4C31,5596,38812851,0,2994,2900,94,0.00000,2.42403
534F4C31,5596,38815150,0,3000,2901,99,0.00000,2.55297
534F4C31,5596,38817436,0,2992,2898,94,0.00000,2.42403
534F4C31,5597,38819621,0,2991,2899,92,0.00000,2.37245
534F4C31,5598,38822885,0,2996,2901,95,0.00000,2.44982
534F4C31,5599,38827668,0,2997,2902,95,0.00000,2.44982
534F4C31,5600,38832786,0,3001,2903,98,0.00000,2.52718
534F4C31,5600,38837916,0,2991,2900,91,0.00000,2.34667
534F4C31,5600,38840720,0,2995,2900,95,0.00000,2.44982
534F4C31,5600,38844365,0,2993,2903,90,0.00000,2.32088
534F4C31,5600,38847850,0,2994,2901,93,0.00000,2.39824
534F4C31,5600,38849926,0,2991,2898,93,0.00000,2.39824
534F4C31,5600,38853011,0,2994,2900,94,0.00000,2.42403
534F4C31,5600,38855330,0,2998,2900,98,0.00000,2.52718
534F4C31,5600,38857558,0,2998,2903,95,0.00000,2.44982
534F4C31,5600,38859956,0,2992,2903,89,0.00000,2.29509
534F4C31,5600,38862214,0,2985,2900,85,0.00000,2.19194
534F4C31,5601,38864289,0,2995,2901,94,0.00000,2.42403
534F4C31,5602,38868305,0,2999,2903,96,0.00000,2.47560
534F4C31,5603,38871872,0,2991,2905,86,0.00000,2.21773
534F4C31,5604,38878546,0,2999,2899,100,0.00000,2.57875
534F4C31,5605,38883153,0,2993,2902,91,0.00000,2.34667
534F4C31,5606,38887678,0,2994,2902,92,0.00000,2.37245
534F4C31,5606,38892614,0,2999,2900,99,0.00000,2.55297
534F4C31,5606,38895012,0,2990,2902,88,0.00000,2.26930
534F4C31,5606,38899209,0,2998,2901,97,0.00000,2.50139
534F4C31,5606,38901508,0,2992,2899,93,0.00000,2.39824
534F4C31,5606,38903629,0,2991,2902,89,0.00000,2.29509
534F4C31,5606,38906548,0,2996,2900,96,0.00000,2.47560
534F4C31,5606,38908798,0,2990,2901,89,0.00000,2.29509
534F4C31,5606,38910968,0,2998,2898,100,0.00000,2.57875
534F4C31,5606,38913164,0,2996,2897,99,0.00000,2.55297
534F4C31,5606,38915390,0,3001,2899,102,0.00000,2.63033
534F4C31,5606,38917481,0,2988,2899,89,0.00000,2.29509
534F4C31,5606,38919545,0,2993,2900,93,0.00000,2.39824
534F4C31,5606,38921570,0,3007,2903,104,0.00000,2.68190
534F4C31,5607,38923961,0,2991,2900,91,0.00000,2.34667
534F4C31,5608,38928408,0,2996,2901,95,0.00000,2.44982
534F4C31,5609,38932162,0,2997,2900,97,0.00000,2.50139
534F4C31,5610,38938245,0,2990,2903,87,0.00000,2.24352
534F4C31,5610,38940385,0,2996,2901,95,0.00000,2.44982
534F4C31,5610,38944910,0,2995,2903,92,0.00000,2.37245
534F4C31,5611,38947931,0,2993,2897,96,0.00000,2.47560
534F4C31,5612,38952770,0,2992,2900,92,0.00000,2.37245
534F4C31,5612,38958195,0,3002,2899,103,0.00000,2.65612
534F4C31,5612,38960590,0,2995,2904,91,0.00000,2.34667
534F4C31,5612,38964580,0,2998,2904,94,0.00000,2.42403
534F4C31,5612,38966989,0,2997,2901,96,0.00000,2.47560
534F4C31,5612,38969038,0,2995,2904,91,0.00000,2.34667
534F4C31,5612,38971096,0,2994,2900,94,0.00000,2.42403
534F4C31,5612,38973170,0,3004,2904,100,0.00000,2.57875
534F4C31,5612,38975466,0,2998,2899,99,0.00000,2.55297
534F4C31,5613,38977718,0,3002,2901,101,0.00000,2.60454
534F4C31,5614,38981663,0,2993,2900,93,0.00000,2.39824
534F4C31,5615,38985160,0,2994,2901,93,0.00000,2.39824
534F4C31,5616,38991322,0,2995,2900,95,0.00000,2.44982
534F4C31,5617,38997035,0,2991,2901,90,0.00000,2.32088
534F4C31,5617,39001668,0,3001,2901,100,0.00000,2.57875
534F4C31,5617,39006230,0,2998,2896,102,0.00000,2.63033
534F4C31,5617,39008484,0,2994,2898,96,0.00000,2.47560
534F4C31,5617,39011371,0,2991,2904,87,0.00000,2.24352
534F4C31,5617,39013698,0,2997,2901,96,0.00000,2.47560
534F4C31,5617,39015711,0,2997,2900,97,0.00000,2.50139
534F4C31,5617,39017919,0,2995,2900,95,0.00000,2.44982
534F4C31,5617,39020098,0,2996,2899,97,0.00000,2.50139
534F4C31,5617,39022210,0,2994,2900,94,0.00000,2.42403
534F4C31,5617,39024343,0,2997,2899,98,0.00000,2.52718
534F4C31,5618,39026390,0,3000,2904,96,0.00000,2.47560
534F4C31,5619,39031234,0,2998,2901,97,0.00000,2.50139
534F4C31,5620,39035566,0,2994,2902,92,0.00000,2.37245
534F4C31,5621,39040873,0,2986,2903,83,0.00000,2.14037
534F4C31,5622,39045579,0,2996,2900,96,0.00000,2.47560
534F4C31,5622,39050740,0,3004,2898,106,0.00000,2.73348
534F4C31,5622,39052937,0,2999,2900,99,0.00000,2.55297
534F4C31,5622,39055815,0,2996,2899,97,0.00000,2.50139
534F4C31,5622,39059080,0,2995,2901,94,0.00000,2.42403
534F4C31,5622,39061297,0,2995,2902,93,0.00000,2.39824
534F4C31,5622,39063731,0,3001,2902,99,0.00000,2.55297
534F4C31,5622,39066087,0,2995,2905,90,0.00000,2.32088
534F4C31,5622,39068394,0,2995,2903,92,0.00000,2.37245
534F4C31,5623,39070617,0,2993,2902,91,0.00000,2.34667
534F4C31,5624,39074450,0,2998,2904,94,0.00000,2.42403
534F4C31,5625,39078412,0,2994,2900,94,0.00000,2.42403
534F4C31,5626,39083837,0,2989,2901,88,0.00000,2.26930
534F4C31,5626,39089353,0,2996,2901,95,0.00000,2.44982
534F4C31,5626,39092794,0,2994,2904,90,0.00000,2.32088
534F4C31,5626,39095674,0,2992,2901,91,0.00000,2.34667
534F4C31,5626,39098188,0,2994,2900,94,0.00000,2.42403
534F4C31,5627,39100362,0,2993,2903,90,0.00000,2.32088
534F4C31,5627,39103992,0,2997,2905,92,0.00000,2.37245
534F4C31,5627,39106669,0,2994,2901,93,0.00000,2.39824
534F4C31,5627,39109620,0,2999,2901,98,0.00000,2.52718
534F4C31,5627,39111925,0,2994,2901,93,0.00000,2.39824
534F4C31,5627,39113961,0,2997,2902,95,0.00000,2.44982
534F4C31,5627,39117163,0,2998,2902,96,0.00000,2.47560
534F4C31,5627,39119533,0,2999,2902,97,0.00000,2.50139
534F4C31,5627,39121659,0,2993,2902,91,0.00000,2.34667
534F4C31,5627,39123817,0,2997,2903,94,0.00000,2.42403
534F4C31,5627,39125879,0,2996,2900,96,0.00000,2.47560
534F4C31,5627,39128095,0,2992,2900,92,0.00000,2.37245
534F4C31,5628,39130366,0,2995,2904,91,0.00000,2.34667
534F4C31,5629,39134626,0,2994,2902,92,0.00000,2.37245
534F4C31,5630,39139347,0,2995,2900,95,0.00000,2.44982
534F4C31,5630,39144495,0,2988,2901,87,0.00000,2.24352
534F4C31,5630,39146670,0,2994,2897,97,0.00000,2.50139
534F4C31,5631,39148766,0,2995,2904,91,0.00000,2.34667
534F4C31,5632,39153739,0,2991,2903,88,0.00000,2.26930
534F4C31,5632,39157672,0,2995,2903,92,0.00000,2.37245
534F4C31,5632,39162734,0,2996,2901,95,0.00000,2.44982
534F4C31,5633,39166205,0,2993,2899,94,0.00000,2.42403
534F4C31,5634,39170039,0,2991,2902,89,0.00000,2.29509
534F4C31,5634,39175706,0,2988,2899,89,0.00000,2.29509
534F4C31,5634,39178048,0,2992,2897,95,0.00000,2.44982
534F4C31,5634,39181720,0,2993,2902,91,0.00000,2.34667
534F4C31,5634,39184634,0,2996,2901,95,0.00000,2.44982
534F4C31,5634,39186824,0,2997,2901,96,0.00000,2.47560
534F4C31,5634,39188875,0,2993,2905,88,0.00000,2.26930
534F4C31,5634,39191042,0,2997,2898,99,0.00000,2.55297
534F4C31,5634,39193417,0,2991,2898,93,0.00000,2.39824
534F4C31,5635,39195816,0,2992,2902,90,0.00000,2.32088
534F4C31,5636,39199849,0,2996,2900,96,0.00000,2.47560
534F4C31,5637,39203693,0,2984,2903,81,0.00000,2.08879
534F4C31,5638,39208805,0,3000,2902,98,0.00000,2.52718
534F4C31,5638,39213553,0,3001,2900,101,0.00000,2.60454
534F4C31,5638,39218450,0,2992,2899,93,0.00000,2.39824
534F4C31,5638,39220771,0,2995,2899,96,0.00000,2.47560
534F4C31,5638,39222956,0,2991,2903,88,0.00000,2.26930
534F4C31,5638,39225771,0,2994,2901,93,0.00000,2.39824
534F4C31,5638,39228232,0,2996,2903,93,0.00000,2.39824
534F4C31,5638,39230528,0,2996,2899,97,0.00000,2.50139
534F4C31,5638,39232737,0,2990,2901,89,0.00000,2.29509
534F4C31,5638,39234768,0,2995,2898,97,0.00000,2.50139
534F4C31,5638,39236967,0,2989,2898,91,0.00000,2.34667
534F4C31,5638,39239090,0,2994,2901,93,0.00000,2.39824
534F4C31,5639,39241329,0,3007,2903,104,0.00000,2.68190
534F4C31,5640,39245882,0,2993,2901,92,0.00000,2.37245
534F4C31,5641,39249798,0,2992,2902,90,0.00000,2.32088
534F4C31,5642,39256766,0,2996,2901,95,0.00000,2.44982
534F4C31,5642,39260915,0,2995,2900,95,0.00000,2.44982
534F4C31,5642,39264044,0,2988,2901,87,0.00000,2.24352
534F4C31,5642,39266266,0,2999,2901,98,0.00000,2.52718
534F4C31,5642,39268907,0,2995,2900,95,0.00000,2.44982
534F4C31,5643,39271288,0,2998,2901,97,0.00000,2.50139
534F4C31,5644,39275717,0,2996,2901,95,0.00000,2.44982
534F4C31,5645,39279456,0,2990,2903,87,0.00000,2.24352
534F4C31,5646,39284847,0,2995,2900,95,0.00000,2.44982
534F4C31,5647,39288981,0,2992,2899,93,0.00000,2.39824
534F4C31,5647,39295146,0,2997,2900,97,0.00000,2.50139
534F4C31,5647,39297343,0,2996,2903,93,0.00000,2.39824
534F4C31,5647,39300705,0,2990,2905,85,0.00000,2.19194
534F4C31,5647,39302965,0,2992,2902,90,0.00000,2.32088
534F4C31,5647,39305056,0,2994,2899,95,0.00000,2.44982
534F4C31,5647,39307252,0,2993,2900,93,0.00000,2.39824
534F4C31,5647,39309266,0,2993,2900,93,0.00000,2.39824
534F4C31,5647,39311486,0,2998,2899,99,0.00000,2.55297
534F4C31,5647,39313751,0,2996,2902,94,0.00000,2.42403
534F4C31,5647,39315919,0,3000,2897,103,0.00000,2.65612
534F4C31,5647,39318031,0,2988,2895,93,0.00000,2.39824
534F4C31,5647,39320102,0,2993,2899,94,0.00000,2.42403
534F4C31,5647,39322168,0,2993,2897,96,0.00000,2.47560
534F4C31,5648,39324544,0,2997,2896,101,0.00000,2.60454
534F4C31,5649,39328840,0,3002,2896,106,0.00000,2.73348
534F4C31,5650,39332237,0,2991,2897,94,0.00000,2.42403
534F4C31,5651,39338760,0,3000,2899,101,0.00000,2.60454
534F4C31,5651,39343035,0,2990,2895,95,0.00000,2.44982
534F4C31,5651,39346003,0,2995,2897,98,0.00000,2.52718
534F4C31,5651,39348295,0,2999,2898,101,0.00000,2.60454
534F4C31,5651,39351084,0,2989,2899,90,0.00000,2.32088
534F4C31,5651,39353448,0,2989,2896,93,0.00000,2.39824
534F4C31,5651,39355675,0,2996,2893,103,0.00000,2.65612
534F4C31,5652,39357745,0,2991,2897,94,0.00000,2.42403
534F4C31,5653,39362286,0,2995,2901,94,0.00000,2.42403
534F4C31,5654,39365996,0,2988,2897,91,0.00000,2.34667
534F4C31,5655,39372580,0,2995,2901,94,0.00000,2.42403
534F4C31,5655,39378038,0,2997,2901,96,0.00000,2.47560
534F4C31,5655,39381150,0,2991,2899,92,0.00000,2.37245
534F4C31,5655,39384038,0,3001,2898,103,0.00000,2.65612
534F4C31,5655,39386267,0,2995,2898,97,0.00000,2.50139
534F4C31,5655,39388467,0,3000,2899,101,0.00000,2.60454
534F4C31,5655,39390563,0,2994,2898,96,0.00000,2.47560
534F4C31,5655,39392728,0,2991,2896,95,0.00000,2.44982
534F4C31,5655,39394835,0,3000,2898,102,0.00000,2.63033
534F4C31,5656,39397197,0,2993,2896,97,0.00000,2.50139
534F4C31,5657,39401865,0,2996,2896,100,0.00000,2.57875
534F4C31,5658,39405464,0,2992,2894,98,0.00000,2.52718
534F4C31,5659,39410886,0,2995,2900,95,0.00000,2.44982
534F4C31,5660,39417028,0,2998,2898,100,0.00000,2.57875
534F4C31,5661,39421261,0,2986,2897,89,0.00000,2.29509
534F4C31,5661,39425567,0,2999,2896,103,0.00000,2.65612
534F4C31,5661,39429128,0,3003,2897,106,0.00000,2.73348
534F4C31,5661,39431926,0,2993,2895,98,0.00000,2.52718
534F4C31,5661,39434141,0,2998,2899,99,0.00000,2.55297
534F4C31,5661,39437366,0,2990,2898,92,0.00000,2.37245
534F4C31,5661,39439579,0,2995,2898,97,0.00000,2.50139
534F4C31,5661,39441585,0,2998,2894,104,0.00000,2.68190
534F4C31,5661,39443838,0,2994,2897,97,0.00000,2.50139
534F4C31,5661,39446082,0,2994,2896,98,0.00000,2.52718
534F4C31,5661,39449465,0,2995,2896,99,0.00000,2.55297
534F4C31,5661,39451719,0,2991,2897,94,0.00000,2.42403
534F4C31,5661,39453863,0,2996,2894,102,0.00000,2.63033
534F4C31,5661,39455989,0,2993,2901,92,0.00000,2.37245
534F4C31,5661,39459193,0,2995,2901,94,0.00000,2.42403
534F4C31,5661,39461405,0,3000,2897,103,0.00000,2.65612
534F4C31,5661,39463471,0,2998,2897,101,0.00000,2.60454
534F4C31,5661,39465620,0,2991,2895,96,0.00000,2.47560
534F4C31,5662,39467937,0,2994,2899,95,0.00000,2.44982
534F4C31,5663,39471770,0,2989,2896,93,0.00000,2.39824
534F4C31,5663,39476472,0,2997,2896,101,0.00000,2.60454
534F4C31,5663,39478906,0,2998,2897,101,0.00000,2.60454
534F4C31,5663,39481964,0,2988,2898,90,0.00000,2.32088
534F4C31,5663,39485909,0,2992,2894,98,0.00000,2.52718
534F4C31,5663,39488120,0,2997,2898,99,0.00000,2.55297
534F4C31,5663,39491129,0,2987,2898,89,0.00000,2.29509
534F4C31,5664,39493286,0,2990,2899,91,0.00000,2.34667
534F4C31,5665,39496186,0,2992,2895,97,0.00000,2.50139
534F4C31,5666,39501517,0,2995,2898,97,0.00000,2.50139
534F4C31,5667,39508069,0,2992,2896,96,0.00000,2.47560
534F4C31,5667,39513634,0,2995,2896,99,0.00000,2.55297
534F4C31,5667,39515920,0,2996,2896,100,0.00000,2.57875
534F4C31,5667,39518530,0,3002,2897,105,0.00000,2.70769
534F4C31,5667,39521528,0,2989,2895,94,0.00000,2.42403
534F4C31,5667,39523933,0,2999,2895,104,0.00000,2.68190
534F4C31,5667,39526128,0,2997,2898,99,0.00000,2.55297
534F4C31,5667,39528224,0,2993,2898,95,0.00000,2.44982
534F4C31,5667,39530400,0,2990,2898,92,0.00000,2.37245
534F4C31,5667,39532528,0,2998,2895,103,0.00000,2.65612
534F4C31,5668,39534667,0,2994,2894,100,0.00000,2.57875
534F4C31,5669,39539370,0,2994,2898,96,0.00000,2.47560
534F4C31,5670,39545187,0,2995,2896,99,0.00000,2.55297
534F4C31,5670,39547358,0,2993,2895,98,0.00000,2.52718
534F4C31,5670,39552545,0,2996,2895,101,0.00000,2.60454
534F4C31,5670,39554789,0,2996,2899,97,0.00000,2.50139
534F4C31,5670,39557626,0,2997,2900,97,0.00000,2.50139
534F4C31,5670,39560023,0,2996,2897,99,0.00000,2.55297
534F4C31,5670,39562173,0,2987,2897,90,0.00000,2.32088
534F4C31,5670,39564364,0,2989,2895,94,0.00000,2.42403
534F4C31,5671,39566404,0,2994,2894,100,0.00000,2.57875
534F4C31,5672,39571124,0,2994,2896,98,0.00000,2.52718
534F4C31,5673,39576792,0,2997,2897,100,0.00000,2.57875
534F4C31,5673,39580868,0,2991,2897,94,0.00000,2.42403
534F4C31,5673,39583686,0,2988,2900,88,0.00000,2.26930
534F4C31,5674,39585963,0,2992,2898,94,0.00000,2.42403
534F4C31,5675,39591684,0,2997,2897,100,0.00000,2.57875
534F4C31,5676,39595835,0,2990,2896,94,0.00000,2.42403
534F4C31,5676,39599666,0,2993,2898,95,0.00000,2.44982
534F4C31,5676,39601870,0,2993,2895,98,0.00000,2.52718
534F4C31,5676,39604049,0,2997,2901,96,0.00000,2.47560
534F4C31,5676,39606342,0,2994,2896,98,0.00000,2.52718
534F4C31,5677,39609813,0,2986,2896,90,0.00000,2.32088
534F4C31,5678,39614862,0,3000,2898,102,0.00000,2.63033
534F4C31,5678,39621224,0,2998,2899,99,0.00000,2.55297
534F4C31,5678,39624626,0,2992,2895,97,0.00000,2.50139
534F4C31,5678,39627018,0,2994,2900,94,0.00000,2.42403
534F4C31,5678,39630030,0,2994,2898,96,0.00000,2.47560
534F4C31,5678,39632263,0,2998,2900,98,0.00000,2.52718
534F4C31,5678,39634435,0,2988,2900,88,0.00000,2.26930
534F4C31,5678,39636639,0,2987,2893,94,0.00000,2.42403
534F4C31,5678,39638777,0,2990,2897,93,0.00000,2.39824
534F4C31,5679,39640867,0,2994,2898,96,0.00000,2.47560
534F4C31,5680,39645924,0,2997,2893,104,0.00000,2.68190
534F4C31,5681,39649664,0,2996,2893,103,0.00000,2.65612
534F4C31,5682,39656810,0,2998,2897,101,0.00000,2.60454
534F4C31,5682,39660481,0,2998,2898,100,0.00000,2.57875
534F4C31,5683,39663651,0,3001,2898,103,0.00000,2.65612
534F4C31,5684,39668566,0,3002,2898,104,0.00000,2.68190
534F4C31,5685,39672361,0,2996,2897,99,0.00000,2.55297
534F4C31,5686,39678450,0,2998,2896,102,0.00000,2.63033
534F4C31,5687,39681889,0,2991,2898,93,0.00000,2.39824
534F4C31,5688,39688388,0,2993,2898,95,0.00000,2.44982
534F4C31,5688,39693785,0,2990,2896,94,0.00000,2.42403
534F4C31,5688,39696841,0,2994,2902,92,0.00000,2.37245
534F4C31,5688,39699595,0,2990,2898,92,0.00000,2.37245
534F4C31,5688,39702666,0,2989,2898,91,0.00000,2.34667
534F4C31,5688,39704926,0,2992,2898,94,0.00000,2.42403
534F4C31,5688,39707013,0,2996,2897,99,0.00000,2.55297
534F4C31,5688,39709125,0,3001,2895,106,0.00000,2.73348
534F4C31,5688,39711273,0,2999,2897,102,0.00000,2.63033
534F4C31,5689,39713449,0,2997,2901,96,0.00000,2.47560
534F4C31,5689,39717932,0,3001,2893,108,0.00000,2.78505
534F4C31,5689,39721025,0,2999,2894,105,0.00000,2.70769
534F4C31,5689,39723091,0,2992,2898,94,0.00000,2.42403
534F4C31,5689,39726808,0,2998,2898,100,0.00000,2.57875
534F4C31,5689,39729082,0,2991,2897,94,0.00000,2.42403
534F4C31,5689,39731305,0,2992,2900,92,0.00000,2.37245
534F4C31,5689,39733389,0,2998,2896,102,0.00000,2.63033
534F4C31,5689,39735394,0,2992,2897,95,0.00000,2.44982
534F4C31,5689,39737523,0,2995,2901,94,0.00000,2.42403
534F4C31,5689,39739728,0,2996,2897,99,0.00000,2.55297
534F4C31,5689,39741963,0,2998,2899,99,0.00000,2.55297
534F4C31,5689,39744019,0,2997,2900,97,0.00000,2.50139
534F4C31,5689,39746035,0,2994,2895,99,0.00000,2.55297
534F4C31,5689,39748180,0,2996,2893,103,0.00000,2.65612
534F4C31,5689,39750476,0,2998,2899,99,0.00000,2.55297
534F4C31,5690,39752781,0,2998,2895,103,0.00000,2.65612
534F4C31,5691,39756500,0,2997,2900,97,0.00000,2.50139
534F4C31,5692,39760366,0,2998,2901,97,0.00000,2.50139
534F4C31,5693,39763801,0,2998,2898,100,0.00000,2.57875
534F4C31,5694,39769846,0,2999,2896,103,0.00000,2.65612
534F4C31,5694,39772977,0,2996,2896,100,0.00000,2.57875
534F4C31,5695,39777532,0,2999,2895,104,0.00000,2.68190
534F4C31,5696,39781521,0,2992,2895,97,0.00000,2.50139
534F4C31,5697,39786581,0,2998,2896,102,0.00000,2.63033
534F4C31,5697,39791216,0,2991,2898,93,0.00000,2.39824
534F4C31,5697,39795106,0,2995,2898,97,0.00000,2.50139
534F4C31,5698,39800155,0,2993,2894,99,0.00000,2.55297
534F4C31,5699,39803583,0,2996,2896,100,0.00000,2.57875
534F4C31,5699,39809337,0,2997,2898,99,0.00000,2.55297
534F4C31,5700,39812883,0,2993,2895,98,0.00000,2.52718
534F4C31,5701,39815275,0,2992,2898,94,0.00000,2.42403
534F4C31,5702,39819708,0,2997,2898,99,0.00000,2.55297
534F4C31,5703,39825915,0,2995,2895,100,0.00000,2.57875
534F4C31,5703,39831556,0,2993,2896,97,0.00000,2.50139
534F4C31,5703,39834365,0,2996,2894,102,0.00000,2.63033
534F4C31,5704,39836533,0,2996,2894,102,0.00000,2.63033
534F4C31,5704,39842152,0,2998,2893,105,0.00000,2.70769
534F4C31,5704,39844285,0,2995,2889,106,0.00000,2.73348
534F4C31,5704,39846315,0,2994,2895,99,0.00000,2.55297
534F4C31,5704,39849517,0,2993,2892,101,0.00000,2.60454
534F4C31,5704,39851687,0,2994,2894,100,0.00000,2.57875
534F4C31,5704,39853816,0,2999,2889,110,0.00000,2.83663
534F4C31,5704,39856063,0,2991,2895,96,0.00000,2.47560
534F4C31,5704,39858153,0,2995,2893,102,0.00000,2.63033
534F4C31,5704,39860350,0,2993,2892,101,0.00000,2.60454
534F4C31,5704,39862418,0,2997,2891,106,0.00000,2.73348
534F4C31,5704,39864605,0,2997,2890,107,0.00000,2.75927
534F4C31,5705,39866965,0,2995,2892,103,0.00000,2.65612
534F4C31,5706,39870999,0,2997,2893,104,0.00000,2.68190
534F4C31,5707,39874908,0,2993,2894,99,0.00000,2.55297
534F4C31,5708,39879776,0,2991,2893,98,0.00000,2.52718
534F4C31,5708,39885618,0,2993,2898,95,0.00000,2.44982
534F4C31,5708,39889237,0,2990,2894,96,0.00000,2.47560
534F4C31,5708,39893398,0,2992,2894,98,0.00000,2.52718
534F4C31,5709,39895672,0,2996,2889,107,0.00000,2.75927
534F4C31,5710,39900569,0,2990,2892,98,0.00000,2.52718
534F4C31,5711,39906993,0,2996,2891,105,0.00000,2.70769
534F4C31,5712,39911844,0,2992,2894,98,0.00000,2.52718
534F4C31,5712,39917675,0,2996,2896,100,0.00000,2.57875
534F4C31,5712,39920557,0,2998,2893,105,0.00000,2.70769
534F4C31,5712,39923255,0,2994,2891,103,0.00000,2.65612
534F4C31,5712,39925455,0,2995,2894,101,0.00000,2.60454
534F4C31,5712,39927641,0,2993,2891,102,0.00000,2.63033
534F4C31,5712,39929852,0,2990,2889,101,0.00000,2.60454
534F4C31,5712,39931902,0,2996,2892,104,0.00000,2.68190
534F4C31,5712,39933978,0,2996,2894,102,0.00000,2.63033
534F4C31,5713,39936210,0,2990,2895,95,0.00000,2.44982
534F4C31,5714,39940793,0,2996,2893,103,0.00000,2.65612
534F4C31,5714,39944845,0,2996,2894,102,0.00000,2.63033
534F4C31,5714,39947212,0,3001,2893,108,0.00000,2.78505
534F4C31,5714,39949258,0,2996,2893,103,0.00000,2.65612
534F4C31,5714,39953852,0,2997,2890,107,0.00000,2.75927
534F4C31,5715,39956221,0,2990,2894,96,0.00000,2.47560
534F4C31,5715,39961255,0,2996,2890,106,0.00000,2.73348
534F4C31,5715,39964706,0,2992,2895,97,0.00000,2.50139
534F4C31,5716,39967517,0,2992,2894,98,0.00000,2.52718
534F4C31,5716,39972321,0,2999,2896,103,0.00000,2.65612
534F4C31,5716,39975131,0,2998,2895,103,0.00000,2.65612
534F4C31,5717,39977383,0,2991,2893,98,0.00000,2.52718
534F4C31,5717,39982542,0,2997,2893,104,0.00000,2.68190
534F4C31,5717,39985283,0,2994,2894,100,0.00000,2.57875
534F4C31,5717,39987715,0,2994,2894,100,0.00000,2.57875
534F4C31,5717,39990786,0,2999,2891,108,0.00000,2.78505
534F4C31,5717,39993062,0,2997,2892,105,0.00000,2.70769
534F4C31,5717,39995305,0,2993,2893,100,0.00000,2.57875
534F4C31,5717,39997493,0,2989,2891,98,0.00000,2.52718
534F4C31,5717,39999519,0,2996,2894,102,0.00000,2.63033
534F4C31,5717,40001611,0,2990,2892,98,0.00000,2.52718
534F4C31,5717,40003757,0,2986,2893,93,0.00000,2.39824
534F4C31,5717,40006065,0,2988,2889,99,0.00000,2.55297
534F4C31,5717,40008320,0,2993,2894,99,0.00000,2.55297
534F4C31,5717,40010523,0,2994,2892,102,0.00000,2.63033
534F4C31,5717,40012551,0,2997,2898,99,0.00000,2.55297
534F4C31,5717,40014708,0,2995,2892,103,0.00000,2.65612
534F4C31,5717,40016973,0,2992,2896,96,0.00000,2.47560
534F4C31,5717,40019105,0,2999,2897,102,0.00000,2.63033
534F4C31,5717,40021177,0,2992,2893,99,0.00000,2.55297
534F4C31,5717,40023308,0,2990,2890,100,0.00000,2.57875
534F4C31,5717,40025584,0,2990,2895,95,0.00000,2.44982
534F4C31,5718,40027871,0,2994,2893,101,0.00000,2.60454
534F4C31,5719,40031879,0,2991,2894,97,0.00000,2.50139
534F4C31,5720,40036990,0,2994,2894,100,0.00000,2.57875
534F4C31,5720,40041954,0,2999,2893,106,0.00000,2.73348
534F4C31,5720,40045674,0,2995,2891,104,0.00000,2.68190
534F4C31,5721,40048782,0,2993,2894,99,0.00000,2.55297
534F4C31,5721,40053991,0,2994,2892,102,0.00000,2.63033
534F4C31,5721,40056358,0,2997,2896,101,0.00000,2.60454
534F4C31,5722,40058348,0,2994,2892,102,0.00000,2.63033
534F4C31,5723,40064065,0,2995,2896,99,0.00000,2.55297
534F4C31,5724,40067961,0,2995,2890,105,0.00000,2.70769
534F4C31,5724,40073880,0,2996,2894,102,0.00000,2.63033
534F4C31,5725,40077246,0,2993,2891,102,0.00000,2.63033
534F4C31,5725,40081132,0,2998,2895,103,0.00000,2.65612
534F4C31,5726,40084459,0,2994,2896,98,0.00000,2.52718
534F4C31,5726,40089369,0,2994,2895,99,0.00000,2.55297
534F4C31,5726,40093330,0,2995,2892,103,0.00000,2.65612
534F4C31,5726,40096183,0,2994,2894,100,0.00000,2.57875
534F4C31,5726,40098348,0,2991,2895,96,0.00000,2.47560
534F4C31,5727,40101541,0,2995,2894,101,0.00000,2.60454
534F4C31,5728,40106772,0,2995,2891,104,0.00000,2.68190
534F4C31,5728,40109769,0,3000,2893,107,0.00000,2.75927
534F4C31,5728,40114676,0,2998,2894,104,0.00000,2.68190
534F4C31,5729,40117805,0,2997,2893,104,0.00000,2.68190
534F4C31,5730,40123465,0,2991,2894,97,0.00000,2.50139
534F4C31,5730,40127294,0,2993,2892,101,0.00000,2.60454
534F4C31,5730,40130411,0,2995,2894,101,0.00000,2.60454
534F4C31,5731,40134665,0,2995,2895,100,0.00000,2.57875
534F4C31,5732,40139973,0,2991,2893,98,0.00000,2.52718
534F4C31,5732,40144033,0,2994,2893,101,0.00000,2.60454
534F4C31,5733,40146985,0,2991,2895,96,0.00000,2.47560
534F4C31,5734,40150696,0,2999,2891,108,0.00000,2.78505
534F4C31,5735,40155435,0,2997,2892,105,0.00000,2.70769
534F4C31,5735,40160392,0,2994,2894,100,0.00000,2.57875
534F4C31,5735,40163180,0,2994,2897,97,0.00000,2.50139
534F4C31,5736,40167360,0,2988,2891,97,0.00000,2.50139
534F4C31,5736,40171255,0,2996,2890,106,0.00000,2.73348
534F4C31,5736,40174249,0,2991,2887,104,0.00000,2.68190
534F4C31,5737,40178434,0,2993,2891,102,0.00000,2.63033
534F4C31,5738,40182247,0,2991,2891,100,0.00000,2.57875
534F4C31,5739,40188540,0,2998,2891,107,0.00000,2.75927
534F4C31,5739,40194747,0,2993,2895,98,0.00000,2.52718
534F4C31,5740,40197712,0,2995,2892,103,0.00000,2.65612
534F4C31,5740,40203069,0,2989,2894,95,0.00000,2.44982
534F4C31,5740,40205375,0,3000,2893,107,0.00000,2.75927
534F4C31,5740,40207456,0,2996,2893,103,0.00000,2.65612
534F4C31,5740,40210558,0,2989,2894,95,0.00000,2.44982
534F4C31,5740,40212921,0,2995,2894,101,0.00000,2.60454
534F4C31,5740,40215122,0,2995,2892,103,0.00000,2.65612
534F4C31,5740,40217217,0,2996,2892,104,0.00000,2.68190
534F4C31,5740,40219425,0,2996,2892,104,0.00000,2.68190
534F4C31,5740,40221731,0,2996,2896,100,0.00000,2.57875
534F4C31,5740,40223838,0,2998,2895,103,0.00000,2.65612
534F4C31,5740,40225995,0,2998,2893,105,0.00000,2.70769
534F4C31,5740,40228053,0,2996,2894,102,0.00000,2.63033
534F4C31,5740,40230248,0,2998,2893,105,0.00000,2.70769
534F4C31,5740,40232502,0,2996,2895,101,0.00000,2.60454
534F4C31,5740,40234766,0,2996,2895,101,0.00000,2.60454
534F4C31,5740,40236879,0,3002,2889,113,0.00000,2.91399
534F4C31,5740,40238953,0,2995,2892,103,0.00000,2.65612
534F4C31,5740,40241031,0,2985,2892,93,0.00000,2.39824
534F4C31,5740,40243252,0,2994,2893,101,0.00000,2.60454
534F4C31,5740,40245511,0,2993,2895,98,0.00000,2.52718
534F4C31,5740,40247569,0,3001,2891,110,0.00000,2.83663
534F4C31,5740,40249697,0,2994,2891,103,0.00000,2.65612
534F4C31,5740,40251864,0,2985,2891,94,0.00000,2.42403
534F4C31,5740,40254087,0,2991,2892,99,0.00000,2.55297
534F4C31,5741,40256359,0,2996,2894,102,0.00000,2.63033
534F4C31,5742,40260341,0,2993,2888,105,0.00000,2.70769
534F4C31,5743,40264034,0,2990,2888,102,0.00000,2.63033
534F4C31,5744,40270029,0,3001,2894,107,0.00000,2.75927
534F4C31,5744,40275709,0,2996,2896,100,0.00000,2.57875
534F4C31,5744,40278548,0,2989,2891,98,0.00000,2.52718
534F4C31,5744,40281411,0,2994,2892,102,0.00000,2.63033
534F4C31,5744,40284562,0,2996,2889,107,0.00000,2.75927
534F4C31,5744,40286757,0,2992,2894,98,0.00000,2.52718
534F4C31,5744,40288901,0,2988,2892,96,0.00000,2.47560
534F4C31,5745,40291132,0,2993,2892,101,0.00000,2.60454
534F4C31,5746,40296689,0,2996,2890,106,0.00000,2.73348
534F4C31,5746,40299867,0,3000,2892,108,0.00000,2.78505
534F4C31,5747,40305798,0,2992,2892,100,0.00000,2.57875
534F4C31,5748,40308147,0,2994,2895,99,0.00000,2.55297
534F4C31,5749,40313629,0,2997,2891,106,0.00000,2.73348
534F4C31,5750,40319443,0,2995,2892,103,0.00000,2.65612
534F4C31,5750,40325768,0,2993,2890,103,0.00000,2.65612
534F4C31,5750,40327959,0,2996,2890,106,0.00000,2.73348
534F4C31,5750,40331947,0,2993,2892,101,0.00000,2.60454
534F4C31,5750,40334536,0,2995,2890,105,0.00000,2.70769
534F4C31,5750,40336651,0,2993,2891,102,0.00000,2.63033
534F4C31,5750,40338833,0,2991,2890,101,0.00000,2.60454
534F4C31,5750,40341821,0,2997,2891,106,0.00000,2.73348
534F4C31,5750,40344140,0,3000,2891,109,0.00000,2.81084
534F4C31,5750,40346349,0,2990,2890,100,0.00000,2.57875
534F4C31,5750,40348457,0,3001,2891,110,0.00000,2.83663
534F4C31,5750,40350560,0,2995,2892,103,0.00000,2.65612
534F4C31,5750,40352830,0,3004,2893,111,0.00000,2.86242
534F4C31,5750,40355021,0,2998,2892,106,0.00000,2.73348
534F4C31,5750,40357099,0,2993,2895,98,0.00000,2.52718
534F4C31,5750,40359200,0,2994,2890,104,0.00000,2.68190
534F4C31,5750,40361275,0,2994,2894,100,0.00000,2.57875
534F4C31,5751,40363646,0,3002,2891,111,0.00000,2.86242
534F4C31,5752,40367937,0,2992,2897,95,0.00000,2.44982
534F4C31,5753,40373302,0,2996,2891,105,0.00000,2.70769
534F4C31,5753,40376765,0,2994,2890,104,0.00000,2.68190
534F4C31,5753,40380991,0,2995,2886,109,0.00000,2.81084
534F4C31,5753,40383153,0,3002,2886,116,0.00000,2.99136
534F4C31,5753,40385970,0,3004,2887,117,0.00000,3.01714
534F4C31,5754,40388261,0,2998,2885,113,0.00000,2.91399
534F4C31,5755,40392765,0,2992,2889,103,0.00000,2.65612
534F4C31,5756,40396998,0,2995,2886,109,0.00000,2.81084
534F4C31,5757,40403247,0,3002,2889,113,0.00000,2.91399
534F4C31,5758,40406911,0,2996,2892,104,0.00000,2.68190
534F4C31,5758,40412505,0,2989,2884,105,0.00000,2.70769
534F4C31,5758,40415765,0,2992,2890,102,0.00000,2.63033
534F4C31,5758,40418039,0,2995,2889,106,0.00000,2.73348
534F4C31,5758,40421252,0,2998,2888,110,0.00000,2.83663
534F4C31,5758,40423409,0,2991,2886,105,0.00000,2.70769
534F4C31,5758,40425499,0,2989,2889,100,0.00000,2.57875
534F4C31,5758,40427681,0,2994,2886,108,0.00000,2.78505
534F4C31,5758,40429802,0,2995,2887,108,0.00000,2.78505
534F4C31,5758,40431961,0,2995,2891,104,0.00000,2.68190
534F4C31,5758,40434065,0,2993,2889,104,0.00000,2.68190
534F4C31,5758,40436171,0,2996,2891,105,0.00000,2.70769
534F4C31,5759,40438396,0,3005,2889,116,0.00000,2.99136
534F4C31,5760,40442895,0,2991,2890,101,0.00000,2.60454
534F4C31,5761,40446809,0,2991,2889,102,0.00000,2.63033
534F4C31,5762,40453312,0,2988,2889,99,0.00000,2.55297
534F4C31,5762,40455587,0,2993,2891,102,0.00000,2.63033
534F4C31,5762,40461282,0,2994,2886,108,0.00000,2.78505
534F4C31,5762,40463898,0,2991,2889,102,0.00000,2.63033
534F4C31,5762,40467080,0,2989,2888,101,0.00000,2.60454
534F4C31,5762,40469252,0,2996,2889,107,0.00000,2.75927
534F4C31,5762,40472502,0,2997,2891,106,0.00000,2.73348
534F4C31,5762,40474652,0,2994,2887,107,0.00000,2.75927
534F4C31,5762,40476909,0,2995,2891,104,0.00000,2.68190
534F4C31,5762,40479209,0,3002,2888,114,0.00000,2.93978
534F4C31,5762,40481393,0,2989,2887,102,0.00000,2.63033
534F4C31,5762,40483436,0,2987,2888,99,0.00000,2.55297
534F4C31,5762,40485545,0,2998,2889,109,0.00000,2.81084
534F4C31,5762,40487551,0,2997,2889,108,0.00000,2.78505
534F4C31,5763,40489965,0,2995,2894,101,0.00000,2.60454
534F4C31,5764,40494569,0,2996,2886,110,0.00000,2.83663
534F4C31,5765,40500516,0,2996,2889,107,0.00000,2.75927
534F4C31,5765,40504288,0,3003,2889,114,0.00000,2.93978
534F4C31,5765,40506723,0,2997,2887,110,0.00000,2.83663
534F4C31,5766,40509604,0,2994,2890,104,0.00000,2.68190
534F4C31,5767,40514840,0,2994,2893,101,0.00000,2.60454
534F4C31,5767,40519643,0,2994,2889,105,0.00000,2.70769
534F4C31,5768,40524482,0,2995,2891,104,0.00000,2.68190
534F4C31,5768,40528096,0,2994,2887,107,0.00000,2.75927
534F4C31,5768,40531780,0,2994,2889,105,0.00000,2.70769
534F4C31,5768,40533965,0,2989,2884,105,0.00000,2.70769
534F4C31,5768,40536096,0,2994,2888,106,0.00000,2.73348
534F4C31,5768,40538875,0,2995,2887,108,0.00000,2.78505
534F4C31,5768,40541132,0,2992,2888,104,0.00000,2.68190
534F4C31,5768,40543304,0,2995,2886,109,0.00000,2.81084
534F4C31,5769,40545361,0,3000,2886,114,0.00000,2.93978
534F4C31,5770,40550014,0,2991,2888,103,0.00000,2.65612
534F4C31,5771,40553720,0,2996,2891,105,0.00000,2.70769
534F4C31,5772,40560376,0,2987,2891,96,0.00000,2.47560
534F4C31,5772,40565139,0,2987,2883,104,0.00000,2.68190
534F4C31,5773,40568159,0,3000,2888,112,0.00000,2.88821
534F4C31,5773,40573908,0,2995,2892,103,0.00000,2.65612
534F4C31,5773,40576144,0,2993,2886,107,0.00000,2.75927
534F4C31,5773,40579947,0,2996,2887,109,0.00000,2.81084
534F4C31,5773,40582232,0,2993,2890,103,0.00000,2.65612
534F4C31,5773,40584852,0,2991,2886,105,0.00000,2.70769
534F4C31,5773,40586983,0,2996,2889,107,0.00000,2.75927
534F4C31,5773,40589608,0,2996,2888,108,0.00000,2.78505
534F4C31,5773,40592234,0,2987,2885,102,0.00000,2.63033
534F4C31,5773,40594335,0,2988,2885,103,0.00000,2.65612
534F4C31,5773,40596404,0,2993,2889,104,0.00000,2.68190
534F4C31,5773,40598576,0,2996,2886,110,0.00000,2.83663
534F4C31,5774,40601234,0,2990,2888,102,0.00000,2.63033
534F4C31,5775,40605805,0,2996,2889,107,0.00000,2.75927
534F4C31,5776,40609509,0,2992,2891,101,0.00000,2.60454
534F4C31,5777,40615772,0,2987,2889,98,0.00000,2.52718
534F4C31,5777,40619536,0,2991,2891,100,0.00000,2.57875
534F4C31,5777,40623459,0,2994,2891,103,0.00000,2.65612
534F4C31,5777,40626215,0,2997,2889,108,0.00000,2.78505
534F4C31,5777,40628954,0,2989,2885,104,0.00000,2.68190
534F4C31,5778,40631377,0,2995,2885,110,0.00000,2.83663
534F4C31,5778,40636034,0,2992,2891,101,0.00000,2.60454
534F4C31,5778,40638322,0,2989,2891,98,0.00000,2.52718
534F4C31,5779,40641401,0,2995,2890,105,0.00000,2.70769
534F4C31,5780,40646156,0,2994,2885,109,0.00000,2.81084
534F4C31,5781,40650732,0,2990,2888,102,0.00000,2.63033
534F4C31,5781,40653071,0,2993,2885,108,0.00000,2.78505
534F4C31,5781,40658691,0,2994,2890,104,0.00000,2.68190
534F4C31,5781,40661706,0,2993,2888,105,0.00000,2.70769
534F4C31,5781,40664668,0,2992,2890,102,0.00000,2.63033
534F4C31,5781,40666901,0,2995,2886,109,0.00000,2.81084
534F4C31,5782,40669137,0,2992,2888,104,0.00000,2.68190
534F4C31,5783,40672590,0,2999,2885,114,0.00000,2.93978
534F4C31,5784,40675835,0,2997,2887,110,0.00000,2.83663
534F4C31,5785,40679827,0,2993,2890,103,0.00000,2.65612
534F4C31,5786,40683596,0,2997,2891,106,0.00000,2.73348
534F4C31,5787,40687188,0,2993,2890,103,0.00000,2.65612
534F4C31,5788,40691093,0,2996,2891,105,0.00000,2.70769
534F4C31,5789,40694629,0,2998,2890,108,0.00000,2.78505
534F4C31,5790,40697815,0,2992,2889,103,0.00000,2.65612
534F4C31,5791,40700947,0,2991,2886,105,0.00000,2.70769
534F4C31,5792,40705194,0,2991,2891,100,0.00000,2.57875
534F4C31,5793,40708689,0,2994,2891,103,0.00000,2.65612
534F4C31,5794,40712261,0,2989,2886,103,0.00000,2.65612
534F4C31,5795,40716086,0,2996,2887,109,0.00000,2.81084
534F4C31,5796,40720018,0,2993,2887,106,0.00000,2.73348
534F4C31,5797,40723168,0,2992,2887,105,0.00000,2.70769
534F4C31,5798,40726658,0,2998,2885,113,0.00000,2.91399
534F4C31,5799,40731344,0,2994,2888,106,0.00000,2.73348
534F4C31,5800,40735159,0,2994,2891,103,0.00000,2.65612
534F4C31,5801,40742676,0,2997,2889,108,0.00000,2.78505
534F4C31,5801,40746322,0,2989,2884,105,0.00000,2.70769
534F4C31,5801,40750749,0,2995,2886,109,0.00000,2.81084
534F4C31,5801,40753977,0,2999,2885,114,0.00000,2.93978
534F4C31,5801,40756151,0,2993,2887,106,0.00000,2.73348
534F4C31,5801,40758307,0,2993,2890,103,0.00000,2.65612
534F4C31,5801,40761064,0,2993,2885,108,0.00000,2.78505
534F4C31,5802,40763387,0,2993,2891,102,0.00000,2.63033
534F4C31,5803,40768173,0,2992,2886,106,0.00000,2.73348
534F4C31,5803,40770712,0,2992,2889,103,0.00000,2.65612
534F4C31,5803,40776944,0,2988,2887,101,0.00000,2.60454
534F4C31,5803,40778905,0,2991,2889,102,0.00000,2.63033
534F4C31,5803,40782206,0,2994,2888,106,0.00000,2.73348
534F4C31,5803,40784474,0,2994,2889,105,0.00000,2.70769
534F4C31,5803,40786599,0,2990,2889,101,0.00000,2.60454
534F4C31,5803,40788714,0,2988,2889,99,0.00000,2.55297
534F4C31,5803,40790888,0,3002,2891,111,0.00000,2.86242
534F4C31,5803,40793045,0,2990,2888,102,0.00000,2.63033
534F4C31,5803,40795240,0,2999,2891,108,0.00000,2.78505
534F4C31,5803,40797290,0,2995,2892,103,0.00000,2.65612
534F4C31,5803,40799518,0,2996,2890,106,0.00000,2.73348
534F4C31,5803,40801714,0,2993,2892,101,0.00000,2.60454
534F4C31,5803,40803742,0,3004,2893,111,0.00000,2.86242
534F4C31,5803,40806291,0,2999,2889,110,0.00000,2.83663
534F4C31,5803,40808512,0,2997,2886,111,0.00000,2.86242
534F4C31,5803,40810625,0,2989,2889,100,0.00000,2.57875
534F4C31,5803,40812641,0,2992,2885,107,0.00000,2.75927
534F4C31,5803,40814810,0,2994,2890,104,0.00000,2.68190
534F4C31,5803,40816903,0,2998,2889,109,0.00000,2.81084
534F4C31,5803,40819029,0,2993,2887,106,0.00000,2.73348
534F4C31,5803,40821243,0,2989,2889,100,0.00000,2.57875
534F4C31,5803,40823320,0,2990,2889,101,0.00000,2.60454
534F4C31,5803,40825398,0,2992,2889,103,0.00000,2.65612
534F4C31,5803,40827517,0,2992,2886,106,0.00000,2.73348
534F4C31,5803,40829649,0,2993,2886,107,0.00000,2.75927
534F4C31,5804,40831967,0,2996,2890,106,0.00000,2.73348
534F4C31,5805,40836038,0,2996,2889,107,0.00000,2.75927
534F4C31,5805,40839802,0,2994,2884,110,0.00000,2.83663
534F4C31,5805,40843009,0,2995,2889,106,0.00000,2.73348
534F4C31,5806,40847092,0,2993,2888,105,0.00000,2.70769
534F4C31,5806,40851095,0,2993,2891,102,0.00000,2.63033
534F4C31,5806,40854123,0,2996,2890,106,0.00000,2.73348
534F4C31,5807,40858237,0,2999,2889,110,0.00000,2.83663
534F4C31,5807,40862145,0,2992,2888,104,0.00000,2.68190
534F4C31,5807,40866634,0,2995,2889,106,0.00000,2.73348
534F4C31,5807,40868777,0,2996,2890,106,0.00000,2.73348
534F4C31,5807,40872377,0,2993,2885,108,0.00000,2.78505
534F4C31,5808,40874602,0,2991,2889,102,0.00000,2.63033
534F4C31,5808,40878751,0,2992,2892,100,0.00000,2.57875
534F4C31,5808,40881453,0,2994,2888,106,0.00000,2.73348
534F4C31,5808,40884221,0,2996,2888,108,0.00000,2.78505
534F4C31,5808,40887317,0,2995,2886,109,0.00000,2.81084
534F4C31,5809,40889590,0,2997,2888,109,0.00000,2.81084
534F4C31,5809,40893796,0,3002,2889,113,0.00000,2.91399
534F4C31,5809,40896480,0,2990,2888,102,0.00000,2.63033
534F4C31,5809,40898547,0,2994,2889,105,0.00000,2.70769
534F4C31,5809,40901784,0,2990,2890,100,0.00000,2.57875
534F4C31,5809,40903954,0,3001,2886,115,0.00000,2.96557
534F4C31,5809,40906024,0,2998,2890,108,0.00000,2.78505
534F4C31,5809,40908661,0,3000,2890,110,0.00000,2.83663
534F4C31,5809,40910962,0,2996,2886,110,0.00000,2.83663
534F4C31,5809,40913294,0,2990,2888,102,0.00000,2.63033
534F4C31,5809,40915361,0,2997,2890,107,0.00000,2.75927
534F4C31,5809,40917460,0,2996,2887,109,0.00000,2.81084
534F4C31,5809,40919698,0,2994,2885,109,0.00000,2.81084
534F4C31,5809,40921917,0,2992,2881,111,0.00000,2.86242
534F4C31,5809,40924045,0,2996,2881,115,0.00000,2.96557
534F4C31,5809,40926121,0,2996,2885,111,0.00000,2.86242
534F4C31,5809,40928242,0,3000,2884,116,0.00000,2.99136
534F4C31,5809,40930478,0,2998,2885,113,0.00000,2.91399
534F4C31,5809,40932642,0,2996,2883,113,0.00000,2.91399
534F4C31,5810,40934735,0,2997,2887,110,0.00000,2.83663
534F4C31,5811,40939140,0,2998,2879,119,0.00000,3.06872
534F4C31,5812,40943487,0,2998,2882,116,0.00000,2.99136
534F4C31,5812,40950908,0,3001,2887,114,0.00000,2.93978
534F4C31,5812,40953909,0,2993,2887,106,0.00000,2.73348
534F4C31,5813,40956092,0,2996,2884,112,0.00000,2.88821
534F4C31,5813,40960435,0,2993,2884,109,0.00000,2.81084
534F4C31,5813,40962643,0,2994,2879,115,0.00000,2.96557
534F4C31,5813,40965499,0,2991,2883,108,0.00000,2.78505
534F4C31,5813,40967772,0,2995,2881,114,0.00000,2.93978
534F4C31,5813,40969962,0,3001,2886,115,0.00000,2.96557
534F4C31,5813,40972169,0,2996,2888,108,0.00000,2.78505
534F4C31,5813,40974269,0,2991,2882,109,0.00000,2.81084
534F4C31,5813,40976354,0,2998,2887,111,0.00000,2.86242
534F4C31,5813,40978394,0,2998,2887,111,0.00000,2.86242
534F4C31,5814,40980757,0,2992,2883,109,0.00000,2.81084
534F4C31,5815,40985055,0,2994,2884,110,0.00000,2.83663
534F4C31,5816,40991765,0,2995,2881,114,0.00000,2.93978
534F4C31,5816,40996274,0,2989,2884,105,0.00000,2.70769
534F4C31,5816,40998927,0,2987,2883,104,0.00000,2.68190
534F4C31,5816,41001732,0,2993,2884,109,0.00000,2.81084
534F4C31,5816,41004096,0,3003,2884,119,0.00000,3.06872
534F4C31,5817,41006306,0,2991,2886,105,0.00000,2.70769
534F4C31,5818,41011671,0,3001,2883,118,0.00000,3.04293
534F4C31,5819,41015362,0,2990,2882,108,0.00000,2.78505
534F4C31,5820,41021066,0,2994,2883,111,0.00000,2.86242
534F4C31,5821,41025775,0,2994,2882,112,0.00000,2.88821
534F4C31,5821,41031726,0,2992,2884,108,0.00000,2.78505
534F4C31,5822,41034509,0,2996,2882,114,0.00000,2.93978
534F4C31,5823,41038625,0,2993,2885,108,0.00000,2.78505
534F4C31,5824,41044125,0,2998,2882,116,0.00000,2.99136
534F4C31,5825,41049454,0,2987,2882,105,0.00000,2.70769
534F4C31,5825,41053865,0,2986,2886,100,0.00000,2.57875
534F4C31,5825,41056898,0,2988,2885,103,0.00000,2.65612
534F4C31,5826,41060954,0,2992,2884,108,0.00000,2.78505
534F4C31,5827,41064483,0,3000,2883,117,0.00000,3.01714
534F4C31,5827,41069934,0,2999,2885,114,0.00000,2.93978
534F4C31,5828,41073662,0,2997,2883,114,0.00000,2.93978
534F4C31,5828,41075901,0,3003,2880,123,0.00000,3.17187
534F4C31,5828,41080059,0,2997,2883,114,0.00000,2.93978
534F4C31,5828,41084083,0,2992,2880,112,0.00000,2.88821
534F4C31,5829,41086420,0,2995,2885,110,0.00000,2.83663
534F4C31,5829,41090658,0,3000,2877,123,0.00000,3.17187
534F4C31,5829,41094328,0,2992,2884,108,0.00000,2.78505
534F4C31,5829,41096398,0,2998,2884,114,0.00000,2.93978
534F4C31,5829,41099716,0,2995,2885,110,0.00000,2.83663
534F4C31,5829,41102025,0,2987,2884,103,0.00000,2.65612
534F4C31,5829,41104327,0,3006,2885,121,0.00000,3.12029
534F4C31,5829,41106397,0,2997,2883,114,0.00000,2.93978
534F4C31,5829,41108476,0,2989,2887,102,0.00000,2.63033
534F4C31,5829,41110496,0,2994,2878,116,0.00000,2.99136
534F4C31,5829,41113093,0,3000,2885,115,0.00000,2.96557
534F4C31,5829,41116503,0,3004,2887,117,0.00000,3.01714
534F4C31,5829,41118802,0,2996,2887,109,0.00000,2.81084
534F4C31,5829,41120883,0,2999,2885,114,0.00000,2.93978
534F4C31,5829,41122983,0,2990,2881,109,0.00000,2.81084
534F4C31,5829,41125097,0,2997,2883,114,0.00000,2.93978
534F4C31,5829,41127367,0,2994,2883,111,0.00000,2.86242
534F4C31,5829,41129563,0,2996,2884,112,0.00000,2.88821
534F4C31,5829,41131607,0,2996,2881,115,0.00000,2.96557
534F4C31,5829,41133664,0,2990,2888,102,0.00000,2.63033
534F4C31,5830,41135831,0,3000,2884,116,0.00000,2.99136
534F4C31,5831,41140368,0,2989,2885,104,0.00000,2.68190
534F4C31,5832,41144211,0,2999,2884,115,0.00000,2.96557
534F4C31,5832,41149403,0,2999,2884,115,0.00000,2.96557
534F4C31,5832,41153260,0,2992,2882,110,0.00000,2.83663
534F4C31,5832,41155527,0,2993,2880,113,0.00000,2.91399
534F4C31,5832,41158545,0,2985,2886,99,0.00000,2.55297
534F4C31,5832,41160800,0,2994,2891,103,0.00000,2.65612
534F4C31,5832,41163039,0,2991,2881,110,0.00000,2.83663
534F4C31,5833,41165315,0,2996,2883,113,0.00000,2.91399
534F4C31,5834,41168615,0,2995,2880,115,0.00000,2.96557
534F4C31,5835,41173183,0,2992,2887,105,0.00000,2.70769
534F4C31,5836,41179215,0,2995,2887,108,0.00000,2.78505
534F4C31,5836,41184059,0,2995,2883,112,0.00000,2.88821
534F4C31,5836,41187285,0,3001,2882,119,0.00000,3.06872
534F4C31,5837,41190830,0,2985,2884,101,0.00000,2.60454
534F4C31,5838,41195884,0,2997,2887,110,0.00000,2.83663
534F4C31,5838,41200971,0,2995,2887,108,0.00000,2.78505
534F4C31,5838,41203212,0,2991,2883,108,0.00000,2.78505
534F4C31,5838,41207028,0,2995,2886,109,0.00000,2.81084
534F4C31,5838,41209440,0,2999,2884,115,0.00000,2.96557
534F4C31,5838,41211503,0,2993,2889,104,0.00000,2.68190
534F4C31,5838,41213972,0,2994,2882,112,0.00000,2.88821
534F4C31,5838,41216080,0,2990,2883,107,0.00000,2.75927
534F4C31,5838,41218364,0,2992,2886,106,0.00000,2.73348
534F4C31,5838,41220575,0,2994,2887,107,0.00000,2.75927
534F4C31,5838,41222847,0,2997,2887,110,0.00000,2.83663
534F4C31,5839,41224999,0,2993,2882,111,0.00000,2.86242
534F4C31,5840,41227952,0,2991,2883,108,0.00000,2.78505
534F4C31,5841,41232591,0,2992,2885,107,0.00000,2.75927
534F4C31,5842,41236410,0,2989,2885,104,0.00000,2.68190
534F4C31,5843,41242518,0,2997,2885,112,0.00000,2.88821
534F4C31,5843,41245933,0,2992,2883,109,0.00000,2.81084
534F4C31,5843,41250208,0,2991,2882,109,0.00000,2.81084
534F4C31,5843,41253564,0,2996,2885,111,0.00000,2.86242
534F4C31,5843,41255973,0,2995,2883,112,0.00000,2.88821
534F4C31,5843,41258767,0,2994,2882,112,0.00000,2.88821
534F4C31,5843,41261280,0,2990,2880,110,0.00000,2.83663
534F4C31,5843,41263496,0,2991,2888,103,0.00000,2.65612
534F4C31,5843,41265652,0,2994,2884,110,0.00000,2.83663
534F4C31,5843,41267724,0,2991,2879,112,0.00000,2.88821
534F4C31,5843,41269886,0,2991,2885,106,0.00000,2.73348
534F4C31,5843,41271989,0,2991,2877,114,0.00000,2.93978
534F4C31,5843,41274199,0,2998,2881,117,0.00000,3.01714
534F4C31,5843,41276486,0,2992,2885,107,0.00000,2.75927
534F4C31,5844,41278468,0,2995,2880,115,0.00000,2.96557
534F4C31,5845,41283296,0,2996,2882,114,0.00000,2.93978
534F4C31,5846,41286964,0,3000,2886,114,0.00000,2.93978
534F4C31,5847,41293074,0,2984,2884,100,0.00000,2.57875
534F4C31,5848,41298461,0,2994,2882,112,0.00000,2.88821
534F4C31,5848,41301867,0,2992,2883,109,0.00000,2.81084
534F4C31,5849,41306297,0,3003,2880,123,0.00000,3.17187
534F4C31,5850,41310841,0,2995,2881,114,0.00000,2.93978
534F4C31,5850,41314773,0,2997,2878,119,0.00000,3.06872
534F4C31,5851,41320194,0,2992,2881,111,0.00000,2.86242
534F4C31,5852,41325369,0,2995,2886,109,0.00000,2.81084
534F4C31,5853,41327531,0,2993,2886,107,0.00000,2.75927
534F4C31,5853,41333238,0,2992,2886,106,0.00000,2.73348
534F4C31,5853,41338352,0,2991,2882,109,0.00000,2.81084
534F4C31,5854,41341361,0,2994,2883,111,0.00000,2.86242
534F4C31,5854,41343589,0,2996,2880,116,0.00000,2.99136
534F4C31,5854,41350121,0,2995,2884,111,0.00000,2.86242
534F4C31,5854,41353150,0,2995,2881,114,0.00000,2.93978
534F4C31,5854,41355651,0,3000,2879,121,0.00000,3.12029
534F4C31,5854,41357930,0,2990,2883,107,0.00000,2.75927
534F4C31,5854,41360136,0,2995,2887,108,0.00000,2.78505
534F4C31,5854,41362213,0,2995,2883,112,0.00000,2.88821
534F4C31,5854,41364361,0,2994,2885,109,0.00000,2.81084
534F4C31,5854,41366535,0,2989,2882,107,0.00000,2.75927
534F4C31,5854,41368663,0,2994,2885,109,0.00000,2.81084
534F4C31,5854,41370842,0,2995,2885,110,0.00000,2.83663
534F4C31,5854,41372933,0,2989,2889,100,0.00000,2.57875
534F4C31,5854,41375160,0,2996,2886,110,0.00000,2.83663
534F4C31,5855,41377363,0,2995,2885,110,0.00000,2.83663
534F4C31,5855,41380454,0,2991,2884,107,0.00000,2.75927
534F4C31,5855,41384953,0,2999,2884,115,0.00000,2.96557
534F4C31,5855,41387157,0,2991,2886,105,0.00000,2.70769
534F4C31,5855,41389392,0,2999,2889,110,0.00000,2.83663
534F4C31,5856,41391708,0,2995,2883,112,0.00000,2.88821
534F4C31,5857,41396978,0,2998,2884,114,0.00000,2.93978
534F4C31,5857,41400472,0,2991,2881,110,0.00000,2.83663
534F4C31,5857,41404954,0,2991,2886,105,0.00000,2.70769
534F4C31,5857,41407331,0,2987,2885,102,0.00000,2.63033
534F4C31,5857,41410450,0,2996,2885,111,0.00000,2.86242
534F4C31,5857,41412989,0,2999,2883,116,0.00000,2.99136
534F4C31,5857,41415099,0,2996,2882,114,0.00000,2.93978
534F4C31,5857,41417197,0,2995,2885,110,0.00000,2.83663
534F4C31,5858,41419719,0,2997,2885,112,0.00000,2.88821
534F4C31,5859,41424792,0,2996,2886,110,0.00000,2.83663
534F4C31,5860,41428074,0,2994,2883,111,0.00000,2.86242
534F4C31,5860,41433820,0,2996,2886,110,0.00000,2.83663
534F4C31,5860,41436783,0,2999,2885,114,0.00000,2.93978
534F4C31,5860,41440401,0,2994,2885,109,0.00000,2.81084
534F4C31,5860,41442564,0,2996,2884,112,0.00000,2.88821
534F4C31,5860,41444614,0,2993,2882,111,0.00000,2.86242
534F4C31,5861,41447463,0,2988,2885,103,0.00000,2.65612
534F4C31,5862,41451685,0,2995,2885,110,0.00000,2.83663
534F4C31,5863,41457018,0,2992,2884,108,0.00000,2.78505
534F4C31,5863,41461974,0,2999,2885,114,0.00000,2.93978
534F4C31,5863,41465226,0,2998,2883,115,0.00000,2.96557
534F4C31,5864,41467728,0,2995,2884,111,0.00000,2.86242
534F4C31,5864,41472543,0,3000,2882,118,0.00000,3.04293
534F4C31,5864,41475480,0,2993,2882,111,0.00000,2.86242
534F4C31,5864,41478456,0,2997,2880,117,0.00000,3.01714
534F4C31,5864,41480666,0,3003,2879,124,0.00000,3.19766
534F4C31,5865,41483534,0,2999,2879,120,0.00000,3.09451
534F4C31,5865,41487935,0,2998,2877,121,0.00000,3.12029
534F4C31,5865,41490279,0,2996,2878,118,0.00000,3.04293
534F4C31,5866,41493731,0,2994,2883,111,0.00000,2.86242
534F4C31,5867,41498382,0,2994,2876,118,0.00000,3.04293
534F4C31,5867,41501560,0,2993,2879,114,0.00000,2.93978
534F4C31,5868,41506558,0,2996,2878,118,0.00000,3.04293
534F4C31,5869,41509639,0,2994,2882,112,0.00000,2.88821
534F4C31,5869,41515306,0,2994,2882,112,0.00000,2.88821
534F4C31,5869,41518669,0,2990,2878,112,0.00000,2.88821
534F4C31,5869,41521954,0,2993,2874,119,0.00000,3.06872
534F4C31,5869,41524790,0,2994,2884,110,0.00000,2.83663
534F4C31,5869,41526898,0,2998,2878,120,0.00000,3.09451
534F4C31,5869,41528965,0,2991,2881,110,0.00000,2.83663
534F4C31,5869,41531186,0,2993,2878,115,0.00000,2.96557
534F4C31,5869,41533322,0,2990,2876,114,0.00000,2.93978
534F4C31,5869,41535478,0,3000,2878,122,0.00000,3.14608
534F4C31,5869,41537565,0,2998,2877,121,0.00000,3.12029
534F4C31,5869,41539739,0,2992,2881,111,0.00000,2.86242
534F4C31,5870,41542002,0,2999,2882,117,0.00000,3.01714
534F4C31,5871,41546408,0,2993,2878,115,0.00000,2.96557
534F4C31,5872,41550244,0,2996,2879,117,0.00000,3.01714
534F4C31,5873,41556987,0,2990,2881,109,0.00000,2.81084
534F4C31,5873,41560403,0,3000,2877,123,0.00000,3.17187
534F4C31,5873,41562811,0,2993,2879,114,0.00000,2.93978
534F4C31,5873,41567308,0,2991,2879,112,0.00000,2.88821
534F4C31,5873,41569687,0,2998,2878,120,0.00000,3.09451
534F4C31,5873,41571801,0,2998,2875,123,0.00000,3.17187
534F4C31,5873,41574594,0,2991,2878,113,0.00000,2.91399
534F4C31,5873,41577203,0,2988,2878,110,0.00000,2.83663
534F4C31,5873,41579399,0,2990,2878,112,0.00000,2.88821
534F4C31,5873,41581411,0,2993,2877,116,0.00000,2.99136
534F4C31,5873,41583568,0,2996,2880,116,0.00000,2.99136
534F4C31,5873,41585728,0,2989,2880,109,0.00000,2.81084
534F4C31,5874,41587935,0,2992,2880,112,0.00000,2.88821
534F4C31,5875,41592486,0,2992,2878,114,0.00000,2.93978
534F4C31,5876,41596185,0,2990,2877,113,0.00000,2.91399
534F4C31,5877,41602018,0,2996,2881,115,0.00000,2.96557
534F4C31,5878,41605488,0,2997,2881,116,0.00000,2.99136
534F4C31,5878,41608156,0,2993,2881,112,0.00000,2.88821
534F4C31,5878,41610939,0,3000,2880,120,0.00000,3.09451
534F4C31,5879,41613173,0,2993,2878,115,0.00000,2.96557
534F4C31,5880,41616393,0,2991,2878,113,0.00000,2.91399
534F4C31,5881,41620392,0,2992,2877,115,0.00000,2.96557
534F4C31,5882,41627259,0,2993,2884,109,0.00000,2.81084
534F4C31,5882,41631821,0,2987,2875,112,0.00000,2.88821
534F4C31,5883,41636271,0,2994,2878,116,0.00000,2.99136
534F4C31,5883,41639342,0,2994,2878,116,0.00000,2.99136
534F4C31,5883,41641752,0,2989,2878,111,0.00000,2.86242
534F4C31,5883,41645090,0,2995,2885,110,0.00000,2.83663
534F4C31,5883,41649289,0,2994,2880,114,0.00000,2.93978
534F4C31,5883,41651503,0,2996,2877,119,0.00000,3.06872
534F4C31,5883,41654274,0,2989,2875,114,0.00000,2.93978
534F4C31,5883,41656775,0,2997,2874,123,0.00000,3.17187
534F4C31,5883,41658881,0,2999,2880,119,0.00000,3.06872
534F4C31,5883,41661049,0,2991,2879,112,0.00000,2.88821
534F4C31,5883,41663087,0,2996,2880,116,0.00000,2.99136
534F4C31,5883,41665182,0,2996,2880,116,0.00000,2.99136
534F4C31,5883,41667324,0,2995,2877,118,0.00000,3.04293
534F4C31,5883,41669576,0,2990,2880,110,0.00000,2.83663
534F4C31,5883,41671829,0,2999,2877,122,0.00000,3.14608
534F4C31,5883,41673988,0,2992,2880,112,0.00000,2.88821
534F4C31,5883,41676076,0,2995,2883,112,0.00000,2.88821
534F4C31,5883,41678183,0,2994,2883,111,0.00000,2.86242
534F4C31,5883,41680288,0,2992,2878,114,0.00000,2.93978
534F4C31,5884,41682645,0,2992,2877,115,0.00000,2.96557
534F4C31,5885,41687764,0,2991,2880,111,0.00000,2.86242
534F4C31,5886,41691534,0,2993,2881,112,0.00000,2.88821
534F4C31,5886,41697161,0,2992,2882,110,0.00000,2.83663
534F4C31,5886,41700096,0,2987,2882,105,0.00000,2.70769
534F4C31,5887,41703325,0,2997,2879,118,0.00000,3.04293
534F4C31,5888,41708041,0,2995,2883,112,0.00000,2.88821
534F4C31,5888,41711882,0,2994,2877,117,0.00000,3.01714
534F4C31,5888,41716999,0,2998,2878,120,0.00000,3.09451
534F4C31,5888,41719233,0,2991,2875,116,0.00000,2.99136
534F4C31,5888,41722283,0,2992,2878,114,0.00000,2.93978
534F4C31,5889,41725395,0,2993,2880,113,0.00000,2.91399
534F4C31,5890,41730353,0,2991,2876,115,0.00000,2.96557
534F4C31,5890,41734037,0,2993,2880,113,0.00000,2.91399
534F4C31,5890,41736179,0,2993,2879,114,0.00000,2.93978
534F4C31,5890,41741298,0,2989,2880,109,0.00000,2.81084
534F4C31,5890,41743755,0,2999,2879,120,0.00000,3.09451
534F4C31,5890,41745852,0,2996,2877,119,0.00000,3.06872
534F4C31,5890,41748586,0,2994,2876,118,0.00000,3.04293
534F4C31,5890,41751195,0,2994,2875,119,0.00000,3.06872
534F4C31,5890,41753464,0,2990,2878,112,0.00000,2.88821
534F4C31,5891,41755495,0,2989,2874,115,0.00000,2.96557
534F4C31,5892,41759427,0,2995,2882,113,0.00000,2.91399
534F4C31,5893,41763316,0,2988,2882,106,0.00000,2.73348
534F4C31,5894,41769769,0,2994,2877,117,0.00000,3.01714
534F4C31,5895,41774268,0,2989,2879,110,0.00000,2.83663
534F4C31,5895,41780159,0,2996,2876,120,0.00000,3.09451
534F4C31,5895,41782363,0,2988,2878,110,0.00000,2.83663
534F4C31,5895,41784700,0,2992,2878,114,0.00000,2.93978
534F4C31,5895,41787076,0,2990,2881,109,0.00000,2.81084
534F4C31,5896,41789891,0,2990,2874,116,0.00000,2.99136
534F4C31,5896,41794931,0,3000,2879,121,0.00000,3.12029
534F4C31,5896,41797226,0,2997,2879,118,0.00000,3.04293
534F4C31,5896,41799370,0,2991,2883,108,0.00000,2.78505
534F4C31,5896,41802784,0,3000,2877,123,0.00000,3.17187
534F4C31,5896,41804972,0,2992,2877,115,0.00000,2.96557
534F4C31,5896,41806910,0,2996,2877,119,0.00000,3.06872
534F4C31,5896,41809076,0,2997,2873,124,0.00000,3.19766
534F4C31,5896,41811301,0,2991,2881,110,0.00000,2.83663
534F4C31,5896,41813459,0,2995,2876,119,0.00000,3.06872
534F4C31,5897,41815547,0,2991,2878,113,0.00000,2.91399
534F4C31,5898,41818578,0,2993,2873,120,0.00000,3.09451
534F4C31,5899,41823766,0,2994,2878,116,0.00000,2.99136
534F4C31,5899,41830425,0,2996,2877,119,0.00000,3.06872
534F4C31,5899,41833426,0,2996,2880,116,0.00000,2.99136
534F4C31,5900,41836062,0,2999,2877,122,0.00000,3.14608
534F4C31,5901,41840738,0,2995,2874,121,0.00000,3.12029
534F4C31,5902,41844786,0,2990,2880,110,0.00000,2.83663
534F4C31,5902,41849591,0,2991,2877,114,0.00000,2.93978
534F4C31,5902,41853509,0,2996,2879,117,0.00000,3.01714
534F4C31,5902,41855763,0,2998,2879,119,0.00000,3.06872
534F4C31,5902,41858213,0,2988,2878,110,0.00000,2.83663
534F4C31,5902,41861383,0,2992,2881,111,0.00000,2.86242
534F4C31,5902,41863691,0,2992,2879,113,0.00000,2.91399
534F4C31,5902,41865835,0,2992,2881,111,0.00000,2.86242
534F4C31,5902,41868094,0,2992,2876,116,0.00000,2.99136
534F4C31,5903,41870225,0,2997,2879,118,0.00000,3.04293
534F4C31,5904,41874383,0,2995,2882,113,0.00000,2.91399
534F4C31,5905,41877648,0,2994,2878,116,0.00000,2.99136
534F4C31,5906,41882927,0,2997,2879,118,0.00000,3.04293
534F4C31,5907,41889128,0,2989,2881,108,0.00000,2.78505
534F4C31,5907,41893444,0,2997,2877,120,0.00000,3.09451
534F4C31,5907,41896602,0,2991,2874,117,0.00000,3.01714
534F4C31,5907,41900974,0,2987,2878,109,0.00000,2.81084
534F4C31,5907,41903241,0,2996,2875,121,0.00000,3.12029
534F4C31,5907,41905315,0,2987,2875,112,0.00000,2.88821
534F4C31,5907,41908422,0,2995,2879,116,0.00000,2.99136
534F4C31,5907,41910645,0,2986,2876,110,0.00000,2.83663
534F4C31,5907,41912728,0,2998,2876,122,0.00000,3.14608
534F4C31,5907,41914845,0,2999,2880,119,0.00000,3.06872
534F4C31,5907,41916966,0,2991,2876,115,0.00000,2.96557
534F4C31,5907,41919163,0,2994,2875,119,0.00000,3.06872
534F4C31,5907,41921394,0,2991,2878,113,0.00000,2.91399
534F4C31,5908,41923652,0,2995,2880,115,0.00000,2.96557
534F4C31,5909,41926937,0,2999,2879,120,0.00000,3.09451
534F4C31,5910,41931509,0,2996,2878,118,0.00000,3.04293
534F4C31,5911,41938201,0,2992,2880,112,0.00000,2.88821
534F4C31,5911,41940356,0,2989,2878,111,0.00000,2.86242
534F4C31,5911,41943824,0,2998,2875,123,0.00000,3.17187
534F4C31,5912,41948422,0,2994,2875,119,0.00000,3.06872
534F4C31,5913,41952601,0,2993,2873,120,0.00000,3.09451
534F4C31,5913,41957130,0,2996,2879,117,0.00000,3.01714
534F4C31,5913,41960429,0,2999,2875,124,0.00000,3.19766
534F4C31,5913,41962578,0,2989,2881,108,0.00000,2.78505
534F4C31,5913,41964733,0,2988,2875,113,0.00000,2.91399
534F4C31,5913,41967977,0,3001,2879,122,0.00000,3.14608
534F4C31,5913,41970285,0,2997,2876,121,0.00000,3.12029
534F4C31,5913,41972503,0,2998,2878,120,0.00000,3.09451
534F4C31,5913,41974714,0,2992,2880,112,0.00000,2.88821
534F4C31,5914,41976760,0,2997,2877,120,0.00000,3.09451
534F4C31,5915,41979634,0,2989,2877,112,0.00000,2.88821
534F4C31,5916,41984181,0,2992,2878,114,0.00000,2.93978
534F4C31,5917,41987435,0,2996,2875,121,0.00000,3.12029
534F4C31,5918,41994380,0,2993,2882,111,0.00000,2.86242
534F4C31,5919,41998698,0,2990,2881,109,0.00000,2.81084
534F4C31,5919,42003537,0,2989,2878,111,0.00000,2.86242
534F4C31,5919,42006090,0,2997,2879,118,0.00000,3.04293
534F4C31,5919,42009766,0,2995,2873,122,0.00000,3.14608
534F4C31,5919,42011950,0,2999,2877,122,0.00000,3.14608
534F4C31,5919,42014018,0,2987,2879,108,0.00000,2.78505
534F4C31,5919,42016343,0,3000,2878,122,0.00000,3.14608
534F4C31,5919,42018547,0,2989,2878,111,0.00000,2.86242
534F4C31,5919,42020718,0,2993,2883,110,0.00000,2.83663
534F4C31,5919,42022759,0,2994,2878,116,0.00000,2.99136
534F4C31,5919,42024877,0,2990,2882,108,0.00000,2.78505
534F4C31,5919,42026992,0,2990,2879,111,0.00000,2.86242
534F4C31,5919,42029170,0,2997,2876,121,0.00000,3.12029
534F4C31,5919,42031337,0,2991,2877,114,0.00000,2.93978
534F4C31,5920,42033787,0,2992,2878,114,0.00000,2.93978
534F4C31,5921,42038861,0,2996,2880,116,0.00000,2.99136
534F4C31,5922,42042840,0,2995,2883,112,0.00000,2.88821
534F4C31,5923,42048787,0,2993,2879,114,0.00000,2.93978
534F4C31,5923,42051832,0,2990,2881,109,0.00000,2.81084
534F4C31,5923,42056792,0,2998,2877,121,0.00000,3.12029
534F4C31,5923,42060153,0,2993,2876,117,0.00000,3.01714
534F4C31,5923,42062578,0,2996,2880,116,0.00000,2.99136
534F4C31,5923,42064746,0,2993,2875,118,0.00000,3.04293
534F4C31,5923,42067768,0,2992,2878,114,0.00000,2.93978
534F4C31,5923,42070051,0,2992,2876,116,0.00000,2.99136
534F4C31,5923,42072281,0,2995,2878,117,0.00000,3.01714
534F4C31,5924,42074391,0,2996,2881,115,0.00000,2.96557
534F4C31,5924,42077638,0,2991,2876,115,0.00000,2.96557
534F4C31,5924,42080773,0,3003,2874,129,0.00000,3.32659
534F4C31,5925,42083001,0,2987,2876,111,0.00000,2.86242
534F4C31,5926,42086672,0,2992,2871,121,0.00000,3.12029
534F4C31,5926,42090533,0,2992,2874,118,0.00000,3.04293
534F4C31,5926,42093387,0,2993,2872,121,0.00000,3.12029
534F4C31,5927,42097608,0,2991,2877,114,0.00000,2.93978
534F4C31,5928,42100253,0,2994,2871,123,0.00000,3.17187
534F4C31,5928,42105836,0,2987,2873,114,0.00000,2.93978
534F4C31,5928,42110101,0,2995,2882,113,0.00000,2.91399
534F4C31,5928,42112780,0,2992,2875,117,0.00000,3.01714
534F4C31,5928,42115569,0,2998,2874,124,0.00000,3.19766
534F4C31,5928,42118052,0,2994,2873,121,0.00000,3.12029
534F4C31,5929,42120121,0,2992,2877,115,0.00000,2.96557
534F4C31,5929,42125016,0,2987,2873,114,0.00000,2.93978
534F4C31,5929,42127350,0,2995,2877,118,0.00000,3.04293
534F4C31,5930,42130164,0,2990,2876,114,0.00000,2.93978
534F4C31,5931,42136141,0,3001,2872,129,0.00000,3.32659
534F4C31,5931,42141304,0,2996,2876,120,0.00000,3.09451
534F4C31,5931,42144901,0,3002,2874,128,0.00000,3.30081
534F4C31,5931,42147838,0,2995,2877,118,0.00000,3.04293
534F4C31,5932,42150664,0,2992,2871,121,0.00000,3.12029
534F4C31,5933,42153881,0,2984,2873,111,0.00000,2.86242
534F4C31,5933,42157860,0,2991,2875,116,0.00000,2.99136
534F4C31,5933,42164870,0,2995,2873,122,0.00000,3.14608
534F4C31,5933,42167259,0,3006,2875,131,0.00000,3.37817
534F4C31,5933,42169360,0,2994,2874,120,0.00000,3.09451
534F4C31,5933,42171476,0,2994,2873,121,0.00000,3.12029
534F4C31,5933,42174814,0,2998,2871,127,0.00000,3.27502
534F4C31,5933,42176916,0,3000,2875,125,0.00000,3.22344
534F4C31,5933,42178991,0,2991,2874,117,0.00000,3.01714
534F4C31,5933,42181292,0,2992,2872,120,0.00000,3.09451
534F4C31,5934,42183530,0,2990,2872,118,0.00000,3.04293
534F4C31,5935,42187511,0,2997,2874,123,0.00000,3.17187
534F4C31,5936,42192247,0,2987,2875,112,0.00000,2.88821
534F4C31,5937,42198750,0,2993,2874,119,0.00000,3.06872
534F4C31,5937,42203704,0,2997,2873,124,0.00000,3.19766
534F4C31,5937,42206502,0,2995,2874,121,0.00000,3.12029
534F4C31,5937,42209403,0,2991,2876,115,0.00000,2.96557
534F4C31,5937,42211751,0,2990,2874,116,0.00000,2.99136
534F4C31,5937,42214041,0,2994,2876,118,0.00000,3.04293
534F4C31,5937,42216250,0,3003,2875,128,0.00000,3.30081
534F4C31,5937,42218320,0,2999,2873,126,0.00000,3.24923
534F4C31,5937,42220377,0,2999,2873,126,0.00000,3.24923
534F4C31,5937,42222449,0,3001,2874,127,0.00000,3.27502
534F4C31,5938,42224802,0,2996,2874,122,0.00000,3.14608
534F4C31,5939,42229182,0,2993,2873,120,0.00000,3.09451
534F4C31,5940,42235770,0,2995,2873,122,0.00000,3.14608
534F4C31,5940,42240659,0,2995,2874,121,0.00000,3.12029
534F4C31,5941,42243121,0,2997,2873,124,0.00000,3.19766
534F4C31,5942,42248720,0,2994,2874,120,0.00000,3.09451
534F4C31,5943,42253333,0,2993,2874,119,0.00000,3.06872
534F4C31,5943,42259275,0,2997,2875,122,0.00000,3.14608
534F4C31,5943,42261709,0,2998,2875,123,0.00000,3.17187
534F4C31,5944,42264970,0,2989,2873,116,0.00000,2.99136
534F4C31,5945,42270260,0,2992,2877,115,0.00000,2.96557
534F4C31,5945,42273189,0,2993,2877,116,0.00000,2.99136
534F4C31,5945,42277909,0,2992,2872,120,0.00000,3.09451
534F4C31,5945,42281316,0,2994,2873,121,0.00000,3.12029
534F4C31,5945,42283585,0,3001,2875,126,0.00000,3.24923
534F4C31,5945,42286482,0,2994,2875,119,0.00000,3.06872
534F4C31,5945,42288922,0,3002,2873,129,0.00000,3.32659
534F4C31,5945,42291211,0,2998,2874,124,0.00000,3.19766
534F4C31,5945,42293400,0,2996,2874,122,0.00000,3.14608
534F4C31,5945,42295519,0,2997,2876,121,0.00000,3.12029
534F4C31,5945,42297656,0,2990,2871,119,0.00000,3.06872
534F4C31,5945,42299751,0,2998,2872,126,0.00000,3.24923
534F4C31,5945,42301951,0,2997,2872,125,0.00000,3.22344
534F4C31,5945,42304182,0,2992,2873,119,0.00000,3.06872
534F4C31,5946,42306191,0,2996,2872,124,0.00000,3.19766
534F4C31,5947,42311460,0,2989,2874,115,0.00000,2.96557
534F4C31,5948,42315133,0,2989,2874,115,0.00000,2.96557
534F4C31,5949,42320975,0,2996,2876,120,0.00000,3.09451
534F4C31,5950,42324409,0,2996,2873,123,0.00000,3.17187
534F4C31,5950,42329008,0,2993,2874,119,0.00000,3.06872
534F4C31,5950,42333470,0,2991,2876,115,0.00000,2.96557
534F4C31,5951,42337518,0,2996,2869,127,0.00000,3.27502
534F4C31,5951,42341974,0,2991,2868,123,0.00000,3.17187
534F4C31,5951,42344359,0,3002,2871,131,0.00000,3.37817
534F4C31,5951,42347206,0,2993,2875,118,0.00000,3.04293
534F4C31,5951,42349728,0,3001,2874,127,0.00000,3.27502
534F4C31,5951,42351733,0,2990,2874,116,0.00000,2.99136
534F4C31,5951,42353781,0,2996,2874,122,0.00000,3.14608
534F4C31,5951,42355825,0,2993,2875,118,0.00000,3.04293
534F4C31,5951,42358102,0,2990,2873,117,0.00000,3.01714
534F4C31,5951,42360322,0,3000,2873,127,0.00000,3.27502
534F4C31,5951,42362523,0,2994,2870,124,0.00000,3.19766
534F4C31,5952,42364673,0,2988,2875,113,0.00000,2.91399
534F4C31,5953,42367595,0,2994,2875,119,0.00000,3.06872
534F4C31,5954,42372047,0,2991,2874,117,0.00000,3.01714
534F4C31,5955,42377967,0,2994,2879,115,0.00000,2.96557
534F4C31,5955,42381767,0,2993,2874,119,0.00000,3.06872
534F4C31,5955,42386283,0,2995,2877,118,0.00000,3.04293
534F4C31,5956,42389525,0,2993,2875,118,0.00000,3.04293
534F4C31,5956,42394083,0,2994,2874,120,0.00000,3.09451
534F4C31,5956,42396872,0,2996,2876,120,0.00000,3.09451
534F4C31,5957,42399029,0,2984,2876,108,0.00000,2.78505
534F4C31,5958,42404181,0,2998,2872,126,0.00000,3.24923
534F4C31,5959,42408323,0,2996,2875,121,0.00000,3.12029
534F4C31,5960,42414566,0,2996,2875,121,0.00000,3.12029
534F4C31,5960,42418664,0,2996,2874,122,0.00000,3.14608
534F4C31,5960,42422400,0,2995,2874,121,0.00000,3.12029
534F4C31,5960,42425133,0,2999,2874,125,0.00000,3.22344
534F4C31,5960,42428184,0,2991,2877,114,0.00000,2.93978
534F4C31,5960,42430468,0,2994,2873,121,0.00000,3.12029
534F4C31,5960,42432701,0,2992,2875,117,0.00000,3.01714
534F4C31,5960,42434811,0,2995,2878,117,0.00000,3.01714
534F4C31,5960,42436908,0,2990,2875,115,0.00000,2.96557
534F4C31,5960,42439069,0,2992,2872,120,0.00000,3.09451
534F4C31,5960,42441234,0,2991,2871,120,0.00000,3.09451
534F4C31,5960,42443795,0,2992,2874,118,0.00000,3.04293
534F4C31,5960,42445989,0,2989,2875,114,0.00000,2.93978
534F4C31,5960,42448324,0,2993,2872,121,0.00000,3.12029
534F4C31,5960,42450410,0,2997,2874,123,0.00000,3.17187
534F4C31,5960,42453529,0,2989,2874,115,0.00000,2.96557
534F4C31,5960,42456217,0,2990,2873,117,0.00000,3.01714
534F4C31,5961,42459973,0,2992,2874,118,0.00000,3.04293
534F4C31,5962,42464349,0,2997,2871,126,0.00000,3.24923
534F4C31,5962,42467291,0,2995,2878,117,0.00000,3.01714
534F4C31,5962,42472423,0,2995,2870,125,0.00000,3.22344
534F4C31,5963,42474723,0,3001,2871,130,0.00000,3.35238
534F4C31,5964,42480589,0,2998,2875,123,0.00000,3.17187
534F4C31,5964,42482763,0,2996,2875,121,0.00000,3.12029
534F4C31,5964,42486904,0,2994,2874,120,0.00000,3.09451
534F4C31,5965,42490250,0,2986,2876,110,0.00000,2.83663
534F4C31,5966,42495481,0,2994,2873,121,0.00000,3.12029
534F4C31,5966,42498750,0,2986,2872,114,0.00000,2.93978
534F4C31,5966,42503640,0,3001,2871,130,0.00000,3.35238
534F4C31,5966,42506406,0,2993,2875,118,0.00000,3.04293
534F4C31,5966,42508708,0,2990,2873,117,0.00000,3.01714
534F4C31,5966,42511475,0,2995,2870,125,0.00000,3.22344
534F4C31,5966,42513985,0,2994,2873,121,0.00000,3.12029
534F4C31,5967,42516185,0,2994,2872,122,0.00000,3.14608
534F4C31,5968,42519438,0,2997,2873,124,0.00000,3.19766
534F4C31,5968,42523927,0,2995,2872,123,0.00000,3.17187
534F4C31,5968,42526310,0,2990,2874,116,0.00000,2.99136
534F4C31,5969,42529938,0,2992,2874,118,0.00000,3.04293
534F4C31,5970,42534662,0,2998,2874,124,0.00000,3.19766
534F4C31,5971,42538675,0,2991,2873,118,0.00000,3.04293
534F4C31,5971,42542411,0,2991,2874,117,0.00000,3.01714
534F4C31,5971,42547401,0,2998,2872,126,0.00000,3.24923
534F4C31,5971,42549751,0,2988,2873,115,0.00000,2.96557
534F4C31,5971,42552825,0,2993,2874,119,0.00000,3.06872
534F4C31,5971,42555027,0,2991,2874,117,0.00000,3.01714
534F4C31,5971,42557201,0,2994,2874,120,0.00000,3.09451
534F4C31,5971,42559450,0,2996,2873,123,0.00000,3.17187
534F4C31,5971,42561685,0,2998,2876,122,0.00000,3.14608
534F4C31,5972,42563780,0,2996,2878,118,0.00000,3.04293
534F4C31,5973,42567646,0,2991,2872,119,0.00000,3.06872
534F4C31,5974,42571921,0,2997,2875,122,0.00000,3.14608
534F4C31,5975,42578064,0,2988,2875,113,0.00000,2.91399
534F4C31,5975,42582006,0,2989,2875,114,0.00000,2.93978
534F4C31,5975,42587577,0,2995,2873,122,0.00000,3.14608
534F4C31,5975,42589802,0,2992,2873,119,0.00000,3.06872
534F4C31,5975,42591785,0,2992,2871,121,0.00000,3.12029
534F4C31,5975,42595228,0,2999,2870,129,0.00000,3.32659
534F4C31,5975,42597719,0,2996,2871,125,0.00000,3.22344
534F4C31,5975,42599875,0,3001,2872,129,0.00000,3.32659
534F4C31,5975,42601953,0,2989,2873,116,0.00000,2.99136
534F4C31,5975,42604070,0,2992,2873,119,0.00000,3.06872
534F4C31,5975,42606348,0,2991,2875,116,0.00000,2.99136
534F4C31,5975,42608512,0,2991,2873,118,0.00000,3.04293
534F4C31,5975,42610685,0,2993,2874,119,0.00000,3.06872
534F4C31,5976,42612820,0,2996,2872,124,0.00000,3.19766
534F4C31,5977,42617147,0,2995,2872,123,0.00000,3.17187
534F4C31,5978,42620744,0,2990,2873,117,0.00000,3.01714
534F4C31,5979,42626825,0,2994,2875,119,0.00000,3.06872
534F4C31,5980,42630590,0,2996,2878,118,0.00000,3.04293
534F4C31,5980,42635970,0,2995,2875,120,0.00000,3.09451
534F4C31,5980,42639716,0,2995,2873,122,0.00000,3.14608
534F4C31,5981,42642005,0,2996,2872,124,0.00000,3.19766
534F4C31,5982,42647157,0,2993,2876,117,0.00000,3.01714
534F4C31,5982,42650969,0,2991,2870,121,0.00000,3.12029
534F4C31,5983,42655175,0,2998,2874,124,0.00000,3.19766
534F4C31,5983,42658836,0,2995,2872,123,0.00000,3.17187
534F4C31,5983,42661445,0,2994,2871,123,0.00000,3.17187
534F4C31,5983,42666336,0,2995,2871,124,0.00000,3.19766
534F4C31,5983,42668609,0,2995,2869,126,0.00000,3.24923
534F4C31,5983,42670720,0,2994,2873,121,0.00000,3.12029
534F4C31,5984,42673779,0,2997,2869,128,0.00000,3.30081
534F4C31,5984,42677809,0,2995,2869,126,0.00000,3.24923
534F4C31,5984,42680767,0,2998,2869,129,0.00000,3.32659
534F4C31,5984,42683335,0,2994,2872,122,0.00000,3.14608
534F4C31,5984,42686105,0,2992,2870,122,0.00000,3.14608
534F4C31,5984,42688578,0,3000,2872,128,0.00000,3.30081
534F4C31,5984,42690774,0,2987,2872,115,0.00000,2.96557
534F4C31,5984,42692825,0,2996,2868,128,0.00000,3.30081
534F4C31,5984,42694948,0,2991,2867,124,0.00000,3.19766
534F4C31,5984,42697152,0,2995,2867,128,0.00000,3.30081
534F4C31,5984,42699258,0,2995,2871,124,0.00000,3.19766
534F4C31,5984,42701362,0,2988,2871,117,0.00000,3.01714
534F4C31,5985,42704799,0,2996,2870,126,0.00000,3.24923
534F4C31,5986,42709086,0,2994,2873,121,0.00000,3.12029
534F4C31,5987,42714252,0,2995,2869,126,0.00000,3.24923
534F4C31,5987,42719990,0,2992,2868,124,0.00000,3.19766
534F4C31,5988,42723650,0,2992,2869,123,0.00000,3.17187
534F4C31,5989,42726655,0,2993,2873,120,0.00000,3.09451
534F4C31,5990,42733155,0,2991,2874,117,0.00000,3.01714
534F4C31,5990,42736842,0,2992,2871,121,0.00000,3.12029
534F4C31,5990,42739165,0,2992,2870,122,0.00000,3.14608
534F4C31,5991,42744158,0,2997,2873,124,0.00000,3.19766
534F4C31,5991,42747906,0,2987,2873,114,0.00000,2.93978
534F4C31,5991,42752603,0,2992,2867,125,0.00000,3.22344
534F4C31,5992,42755907,0,2996,2872,124,0.00000,3.19766
534F4C31,5992,42759756,0,3000,2873,127,0.00000,3.27502
534F4C31,5992,42763432,0,2995,2873,122,0.00000,3.14608
534F4C31,5993,42766291,0,2991,2873,118,0.00000,3.04293
534F4C31,5993,42769378,0,2992,2870,122,0.00000,3.14608
534F4C31,5993,42774071,0,2991,2874,117,0.00000,3.01714
534F4C31,5993,42777063,0,2990,2868,122,0.00000,3.14608
534F4C31,5993,42780330,0,2994,2874,120,0.00000,3.09451
534F4C31,5993,42782446,0,3006,2867,139,0.00000,3.58447
534F4C31,5993,42784585,0,2996,2867,129,0.00000,3.32659
534F4C31,5993,42786870,0,2991,2874,117,0.00000,3.01714
534F4C31,5993,42788936,0,2991,2869,122,0.00000,3.14608
534F4C31,5993,42791124,0,2993,2867,126,0.00000,3.24923
534F4C31,5993,42793372,0,2999,2873,126,0.00000,3.24923
534F4C31,5993,42795586,0,2990,2870,120,0.00000,3.09451
534F4C31,5994,42797660,0,2999,2872,127,0.00000,3.27502
534F4C31,5995,42800650,0,2996,2872,124,0.00000,3.19766
534F4C31,5996,42805468,0,3000,2869,131,0.00000,3.37817
534F4C31,5997,42809235,0,2993,2872,121,0.00000,3.12029
534F4C31,5998,42814294,0,2994,2872,122,0.00000,3.14608
534F4C31,5998,42819138,0,2994,2873,121,0.00000,3.12029
534F4C31,5999,42822288,0,2996,2868,128,0.00000,3.30081
534F4C31,6000,42827019,0,2992,2868,124,0.00000,3.19766
534F4C31,6001,42829269,0,2990,2869,121,0.00000,3.12029
534F4C31,6002,42834398,0,2997,2869,128,0.00000,3.30081
534F4C31,6003,42840145,0,2995,2868,127,0.00000,3.27502
534F4C31,6003,42846353,0,2995,2869,126,0.00000,3.24923
534F4C31,6003,42849423,0,2995,2871,124,0.00000,3.19766
534F4C31,6004,42851909,0,2994,2871,123,0.00000,3.17187
534F4C31,6005,42857504,0,2990,2870,120,0.00000,3.09451
534F4C31,6005,42861490,0,2996,2870,126,0.00000,3.24923
534F4C31,6005,42865438,0,2997,2869,128,0.00000,3.30081
534F4C31,6005,42868369,0,2990,2872,118,0.00000,3.04293
534F4C31,6005,42871388,0,2998,2869,129,0.00000,3.32659
534F4C31,6005,42873643,0,2990,2874,116,0.00000,2.99136
534F4C31,6005,42875709,0,2995,2872,123,0.00000,3.17187
534F4C31,6006,42877985,0,2993,2869,124,0.00000,3.19766
534F4C31,6007,42881493,0,2991,2868,123,0.00000,3.17187
534F4C31,6008,42885979,0,2991,2871,120,0.00000,3.09451
534F4C31,6009,42890404,0,2993,2875,118,0.00000,3.04293
534F4C31,6009,42895964,0,2994,2871,123,0.00000,3.17187
534F4C31,6009,42898191,0,2988,2870,118,0.00000,3.04293
534F4C31,6009,42900321,0,2996,2872,124,0.00000,3.19766
534F4C31,6009,42902457,0,2994,2873,121,0.00000,3.12029
534F4C31,6009,42904568,0,2993,2869,124,0.00000,3.19766
534F4C31,6009,42906698,0,2995,2871,124,0.00000,3.19766
534F4C31,6010,42909608,0,2992,2870,122,0.00000,3.14608
534F4C31,6011,42913313,0,2993,2871,122,0.00000,3.14608
534F4C31,6012,42917194,0,2996,2871,125,0.00000,3.22344
534F4C31,6013,42922691,0,2998,2869,129,0.00000,3.32659
534F4C31,6013,42927655,0,2999,2868,131,0.00000,3.37817
534F4C31,6013,42930600,0,2995,2872,123,0.00000,3.17187
534F4C31,6014,42934370,0,2995,2869,126,0.00000,3.24923
534F4C31,6015,42938177,0,2996,2874,122,0.00000,3.14608
534F4C31,6015,42943580,0,2992,2869,123,0.00000,3.17187
534F4C31,6015,42945882,0,2991,2871,120,0.00000,3.09451
534F4C31,6015,42949724,0,2998,2870,128,0.00000,3.30081
534F4C31,6015,42952269,0,2996,2870,126,0.00000,3.24923
534F4C31,6015,42955988,0,2989,2870,119,0.00000,3.06872
534F4C31,6015,42958362,0,2992,2872,120,0.00000,3.09451
534F4C31,6015,42960454,0,2993,2873,120,0.00000,3.09451
534F4C31,6015,42962681,0,2994,2868,126,0.00000,3.24923
534F4C31,6016,42965958,0,2990,2871,119,0.00000,3.06872
534F4C31,6017,42970092,0,2989,2868,121,0.00000,3.12029
534F4C31,6017,42973881,0,2992,2868,124,0.00000,3.19766
534F4C31,6017,42979955,0,2993,2870,123,0.00000,3.17187
534F4C31,6017,42982352,0,2992,2869,123,0.00000,3.17187
534F4C31,6017,42984602,0,2990,2870,120,0.00000,3.09451
534F4C31,6018,42987495,0,2989,2869,120,0.00000,3.09451
534F4C31,6019,42991724,0,2998,2871,127,0.00000,3.27502
534F4C31,6019,42995589,0,2996,2868,128,0.00000,3.30081
534F4C31,6019,43000423,0,2999,2870,129,0.00000,3.32659
534F4C31,6019,43003000,0,2994,2871,123,0.00000,3.17187
534F4C31,6019,43005871,0,2989,2870,119,0.00000,3.06872
534F4C31,6019,43008229,0,2989,2871,118,0.00000,3.04293
534F4C31,6019,43010351,0,3000,2868,132,0.00000,3.40396
534F4C31,6019,43012560,0,2987,2869,118,0.00000,3.04293
534F4C31,6019,43014655,0,2993,2869,124,0.00000,3.19766
534F4C31,6019,43016721,0,2994,2869,125,0.00000,3.22344
534F4C31,6019,43018825,0,2992,2870,122,0.00000,3.14608
534F4C31,6019,43020991,0,2996,2870,126,0.00000,3.24923
534F4C31,6019,43023185,0,2994,2874,120,0.00000,3.09451
534F4C31,6019,43025420,0,2994,2871,123,0.00000,3.17187
534F4C31,6019,43027701,0,2992,2871,121,0.00000,3.12029
534F4C31,6019,43029880,0,2988,2872,116,0.00000,2.99136
534F4C31,6019,43031997,0,2999,2867,132,0.00000,3.40396
534F4C31,6019,43034104,0,2994,2870,124,0.00000,3.19766
534F4C31,6019,43036370,0,2991,2872,119,0.00000,3.06872
534F4C31,6019,43038514,0,2996,2869,127,0.00000,3.27502
534F4C31,6019,43040558,0,2994,2873,121,0.00000,3.12029
534F4C31,6019,43042598,0,3001,2873,128,0.00000,3.30081
534F4C31,6019,43044869,0,2994,2871,123,0.00000,3.17187
534F4C31,6020,43047137,0,2999,2869,130,0.00000,3.35238
534F4C31,6021,43051367,0,2992,2869,123,0.00000,3.17187
534F4C31,6022,43055146,0,2993,2869,124,0.00000,3.19766
534F4C31,6023,43061378,0,2991,2870,121,0.00000,3.12029
534F4C31,6024,43066335,0,2990,2869,121,0.00000,3.12029
534F4C31,6024,43072107,0,2995,2872,123,0.00000,3.17187
534F4C31,6025,43075296,0,2996,2870,126,0.00000,3.24923
534F4C31,6025,43079828,0,2998,2870,128,0.00000,3.30081
534F4C31,6025,43082482,0,2990,2874,116,0.00000,2.99136
534F4C31,6025,43084545,0,2996,2872,124,0.00000,3.19766
534F4C31,6025,43088261,0,2990,2875,115,0.00000,2.96557
534F4C31,6025,43090488,0,2991,2874,117,0.00000,3.01714
534F4C31,6025,43092795,0,2997,2870,127,0.00000,3.27502
534F4C31,6025,43095128,0,2989,2869,120,0.00000,3.09451
534F4C31,6025,43097164,0,2997,2868,129,0.00000,3.32659
534F4C31,6025,43099239,0,2993,2870,123,0.00000,3.17187
534F4C31,6025,43101332,0,2997,2871,126,0.00000,3.24923
534F4C31,6025,43103628,0,2995,2873,122,0.00000,3.14608
534F4C31,6025,43105827,0,2998,2873,125,0.00000,3.22344
534F4C31,6025,43108036,0,2995,2871,124,0.00000,3.19766
534F4C31,6026,43110093,0,2992,2870,122,0.00000,3.14608
534F4C31,6027,43113121,0,2993,2875,118,0.00000,3.04293
534F4C31,6028,43118350,0,2995,2869,126,0.00000,3.24923
534F4C31,6029,43122253,0,2991,2871,120,0.00000,3.09451
534F4C31,6030,43128736,0,2986,2871,115,0.00000,2.96557
534F4C31,6030,43131953,0,3000,2871,129,0.00000,3.32659
534F4C31,6030,43135230,0,3001,2870,131,0.00000,3.37817
534F4C31,6031,43139479,0,2989,2868,121,0.00000,3.12029
534F4C31,6031,43143164,0,3001,2870,131,0.00000,3.37817
534F4C31,6031,43146245,0,2998,2870,128,0.00000,3.30081
534F4C31,6032,43150290,0,2993,2872,121,0.00000,3.12029
534F4C31,6032,43154192,0,2991,2874,117,0.00000,3.01714
534F4C31,6032,43158660,0,2999,2871,128,0.00000,3.30081
534F4C31,6032,43161900,0,2989,2873,116,0.00000,2.99136
534F4C31,6033,43166013,0,2998,2871,127,0.00000,3.27502
534F4C31,6033,43170143,0,2996,2866,130,0.00000,3.35238
534F4C31,6033,43172888,0,2989,2869,120,0.00000,3.09451
534F4C31,6033,43174998,0,2998,2870,128,0.00000,3.30081
534F4C31,6033,43177602,0,2987,2870,117,0.00000,3.01714
534F4C31,6033,43180102,0,3000,2871,129,0.00000,3.32659
534F4C31,6033,43182337,0,3000,2868,132,0.00000,3.40396
534F4C31,6033,43184495,0,3000,2871,129,0.00000,3.32659
534F4C31,6033,43186550,0,2988,2873,115,0.00000,2.96557
534F4C31,6033,43188710,0,2997,2871,126,0.00000,3.24923
534F4C31,6033,43190992,0,2992,2868,124,0.00000,3.19766
534F4C31,6034,43193045,0,2993,2872,121,0.00000,3.12029
534F4C31,6035,43197727,0,2999,2872,127,0.00000,3.27502
534F4C31,6036,43204243,0,2996,2874,122,0.00000,3.14608
534F4C31,6036,43206532,0,2993,2867,126,0.00000,3.24923
534F4C31,6036,43211139,0,2995,2867,128,0.00000,3.30081
534F4C31,6036,43213216,0,2993,2871,122,0.00000,3.14608
534F4C31,6036,43215271,0,2988,2870,118,0.00000,3.04293
534F4C31,6037,43218133,0,2993,2870,123,0.00000,3.17187
534F4C31,6038,43223041,0,2991,2872,119,0.00000,3.06872
534F4C31,6039,43226478,0,2991,2870,121,0.00000,3.12029
534F4C31,6040,43232411,0,2992,2870,122,0.00000,3.14608
534F4C31,6040,43238851,0,2991,2869,122,0.00000,3.14608
534F4C31,6040,43241696,0,3004,2869,135,0.00000,3.48132
534F4C31,6041,43245048,0,2996,2864,132,0.00000,3.40396
534F4C31,6042,43250415,0,2999,2868,131,0.00000,3.37817
534F4C31,6042,43253713,0,2987,2868,119,0.00000,3.06872
534F4C31,6042,43259246,0,2993,2866,127,0.00000,3.27502
534F4C31,6042,43261822,0,2997,2869,128,0.00000,3.30081
534F4C31,6042,43264205,0,2994,2868,126,0.00000,3.24923
534F4C31,6042,43267049,0,2992,2868,124,0.00000,3.19766
534F4C31,6042,43269727,0,2998,2868,130,0.00000,3.35238
534F4C31,6042,43271944,0,2996,2866,130,0.00000,3.35238
534F4C31,6042,43274152,0,2995,2868,127,0.00000,3.27502
534F4C31,6042,43276262,0,2993,2869,124,0.00000,3.19766
534F4C31,6042,43278366,0,2996,2869,127,0.00000,3.27502
534F4C31,6042,43280467,0,2997,2867,130,0.00000,3.35238
534F4C31,6042,43282701,0,2995,2865,130,0.00000,3.35238
534F4C31,6043,43284992,0,2994,2864,130,0.00000,3.35238
534F4C31,6044,43288741,0,2996,2868,128,0.00000,3.30081
534F4C31,6045,43292633,0,2996,2865,131,0.00000,3.37817
534F4C31,6046,43297719,0,2997,2867,130,0.00000,3.35238
534F4C31,6046,43302760,0,2996,2867,129,0.00000,3.32659
534F4C31,6046,43305124,0,2987,2869,118,0.00000,3.04293
534F4C31,6047,43308230,0,2999,2869,130,0.00000,3.35238
534F4C31,6047,43313223,0,2993,2867,126,0.00000,3.24923
534F4C31,6047,43315910,0,3002,2867,135,0.00000,3.48132
534F4C31,6048,43317904,0,2996,2866,130,0.00000,3.35238
534F4C31,6049,43323045,0,2996,2863,133,0.00000,3.42974
534F4C31,6049,43328384,0,2994,2866,128,0.00000,3.30081
534F4C31,6050,43331844,0,2990,2867,123,0.00000,3.17187
534F4C31,6051,43336277,0,2991,2866,125,0.00000,3.22344
534F4C31,6052,43340822,0,2996,2864,132,0.00000,3.40396
534F4C31,6053,43347012,0,2996,2865,131,0.00000,3.37817
534F4C31,6053,43352949,0,2992,2867,125,0.00000,3.22344
534F4C31,6053,43356167,0,2995,2867,128,0.00000,3.30081
534F4C31,6054,43358502,0,2991,2866,125,0.00000,3.22344
534F4C31,6055,43364440,0,2994,2867,127,0.00000,3.27502
534F4C31,6055,43367275,0,2999,2865,134,0.00000,3.45553
534F4C31,6055,43370058,0,2997,2865,132,0.00000,3.40396
534F4C31,6055,43372642,0,2988,2867,121,0.00000,3.12029
534F4C31,6055,43374886,0,2995,2867,128,0.00000,3.30081
534F4C31,6055,43377046,0,2990,2868,122,0.00000,3.14608
534F4C31,6055,43380088,0,2991,2868,123,0.00000,3.17187
534F4C31,6055,43384038,0,2988,2865,123,0.00000,3.17187
534F4C31,6055,43386296,0,2992,2867,125,0.00000,3.22344
534F4C31,6055,43388533,0,2998,2869,129,0.00000,3.32659
534F4C31,6055,43391409,0,2995,2868,127,0.00000,3.27502
534F4C31,6055,43393728,0,2997,2865,132,0.00000,3.40396
534F4C31,6055,43395903,0,2992,2870,122,0.00000,3.14608
534F4C31,6055,43398154,0,2995,2865,130,0.00000,3.35238
534F4C31,6055,43400178,0,2995,2867,128,0.00000,3.30081
534F4C31,6055,43402319,0,3001,2868,133,0.00000,3.42974
534F4C31,6055,43404427,0,3000,2869,131,0.00000,3.37817
534F4C31,6055,43406634,0,2999,2873,126,0.00000,3.24923
534F4C31,6055,43408871,0,2997,2868,129,0.00000,3.32659
534F4C31,6055,43410952,0,2995,2869,126,0.00000,3.24923
534F4C31,6055,43412849,0,2998,2864,134,0.00000,3.45553
534F4C31,6056,43415020,0,3001,2870,131,0.00000,3.37817
534F4C31,6057,43419260,0,2996,2863,133,0.00000,3.42974
534F4C31,6058,43423481,0,2996,2867,129,0.00000,3.32659
534F4C31,6058,43429328,0,2990,2870,120,0.00000,3.09451
534F4C31,6059,43431503,0,2994,2867,127,0.00000,3.27502
534F4C31,6059,43436736,0,2992,2865,127,0.00000,3.27502
534F4C31,6059,43439032,0,2988,2870,118,0.00000,3.04293
534F4C31,6059,43441255,0,2994,2866,128,0.00000,3.30081
534F4C31,6060,43444548,0,2991,2868,123,0.00000,3.17187
534F4C31,6061,43449703,0,2994,2866,128,0.00000,3.30081
534F4C31,6061,43452724,0,2994,2868,126,0.00000,3.24923
534F4C31,6061,43457544,0,3005,2869,136,0.00000,3.50711
534F4C31,6061,43460417,0,2993,2867,126,0.00000,3.24923
534F4C31,6061,43462667,0,3000,2866,134,0.00000,3.45553
534F4C31,6061,43465565,0,2995,2868,127,0.00000,3.27502
534F4C31,6061,43469103,0,2987,2864,123,0.00000,3.17187
534F4C31,6061,43471965,0,3005,2872,133,0.00000,3.42974
534F4C31,6062,43474292,0,2999,2865,134,0.00000,3.45553
534F4C31,6063,43478409,0,3000,2866,134,0.00000,3.45553
534F4C31,6064,43483986,0,2994,2870,124,0.00000,3.19766
534F4C31,6064,43487721,0,2992,2869,123,0.00000,3.17187
534F4C31,6064,43492514,0,2994,2870,124,0.00000,3.19766
534F4C31,6064,43494620,0,2999,2868,131,0.00000,3.37817
534F4C31,6064,43497523,0,2992,2867,125,0.00000,3.22344
534F4C31,6065,43500021,0,2991,2867,124,0.00000,3.19766
534F4C31,6066,43503367,0,2992,2866,126,0.00000,3.24923
534F4C31,6066,43507642,0,2992,2870,122,0.00000,3.14608
534F4C31,6066,43510141,0,2991,2866,125,0.00000,3.22344
534F4C31,6067,43515238,0,2996,2867,129,0.00000,3.32659
534F4C31,6067,43519806,0,2988,2867,121,0.00000,3.12029
534F4C31,6067,43522120,0,2996,2867,129,0.00000,3.32659
534F4C31,6067,43524147,0,2996,2868,128,0.00000,3.30081
534F4C31,6067,43528584,0,2995,2865,130,0.00000,3.35238
534F4C31,6067,43530894,0,2998,2865,133,0.00000,3.42974
534F4C31,6067,43533130,0,2996,2868,128,0.00000,3.30081
534F4C31,6068,43536038,0,2999,2866,133,0.00000,3.42974
534F4C31,6069,43540402,0,2994,2866,128,0.00000,3.30081
534F4C31,6070,43543782,0,2998,2867,131,0.00000,3.37817
534F4C31,6070,43548079,0,2997,2866,131,0.00000,3.37817
534F4C31,6070,43551931,0,2994,2866,128,0.00000,3.30081
534F4C31,6071,43555293,0,2998,2866,132,0.00000,3.40396
534F4C31,6072,43559595,0,2993,2866,127,0.00000,3.27502
534F4C31,6072,43564933,0,2995,2866,129,0.00000,3.32659
534F4C31,6072,43568441,0,3000,2867,133,0.00000,3.42974
534F4C31,6073,43571824,0,2997,2869,128,0.00000,3.30081
534F4C31,6074,43576830,0,3003,2864,139,0.00000,3.58447
534F4C31,6074,43580895,0,2997,2867,130,0.00000,3.35238
534F4C31,6074,43583187,0,2995,2867,128,0.00000,3.30081
534F4C31,6074,43588271,0,2995,2867,128,0.00000,3.30081
534F4C31,6074,43590585,0,2988,2866,122,0.00000,3.14608
534F4C31,6074,43592781,0,2995,2865,130,0.00000,3.35238
534F4C31,6074,43595968,0,2994,2873,121,0.00000,3.12029
534F4C31,6074,43598175,0,2999,2868,131,0.00000,3.37817
534F4C31,6074,43600288,0,3003,2869,134,0.00000,3.45553
534F4C31,6074,43602558,0,2998,2868,130,0.00000,3.35238
534F4C31,6074,43604801,0,2991,2867,124,0.00000,3.19766
534F4C31,6074,43606879,0,2998,2868,130,0.00000,3.35238
534F4C31,6074,43609031,0,2991,2866,125,0.00000,3.22344
534F4C31,6074,43611046,0,2993,2865,128,0.00000,3.30081
534F4C31,6074,43613198,0,2999,2866,133,0.00000,3.42974
534F4C31,6074,43615430,0,2999,2863,136,0.00000,3.50711
534F4C31,6075,43617528,0,2999,2865,134,0.00000,3.45553
534F4C31,6076,43622132,0,2997,2867,130,0.00000,3.35238
534F4C31,6077,43625928,0,2999,2871,128,0.00000,3.30081
534F4C31,6078,43632253,0,2991,2868,123,0.00000,3.17187
534F4C31,6078,43637285,0,2992,2867,125,0.00000,3.22344
534F4C31,6079,43640269,0,2994,2866,128,0.00000,3.30081
534F4C31,6080,43642651,0,2993,2868,125,0.00000,3.22344
534F4C31,6080,43649196,0,2992,2872,120,0.00000,3.09451
534F4C31,6080,43652131,0,2998,2869,129,0.00000,3.32659
534F4C31,6081,43657755,0,2992,2868,124,0.00000,3.19766
534F4C31,6082,43662009,0,2996,2866,130,0.00000,3.35238
534F4C31,6082,43665254,0,2993,2867,126,0.00000,3.24923
534F4C31,6082,43669788,0,2996,2867,129,0.00000,3.32659
534F4C31,6082,43673507,0,2993,2870,123,0.00000,3.17187
534F4C31,6082,43675654,0,3000,2867,133,0.00000,3.42974
534F4C31,6082,43678588,0,2994,2869,125,0.00000,3.22344
534F4C31,6082,43680814,0,2996,2866,130,0.00000,3.35238
534F4C31,6082,43682924,0,2995,2870,125,0.00000,3.22344
534F4C31,6082,43685227,0,2995,2868,127,0.00000,3.27502
534F4C31,6082,43687431,0,2991,2864,127,0.00000,3.27502
534F4C31,6082,43689585,0,2991,2870,121,0.00000,3.12029
534F4C31,6082,43691664,0,3003,2865,138,0.00000,3.55868
534F4C31,6083,43693956,0,2997,2868,129,0.00000,3.32659
534F4C31,6084,43698231,0,2993,2868,125,0.00000,3.22344
534F4C31,6085,43701568,0,2989,2867,122,0.00000,3.14608
534F4C31,6086,43707339,0,2999,2869,130,0.00000,3.35238
534F4C31,6086,43711778,0,2994,2869,125,0.00000,3.22344
534F4C31,6087,43716545,0,3005,2867,138,0.00000,3.55868
534F4C31,6088,43718956,0,2992,2864,128,0.00000,3.30081
534F4C31,6088,43723965,0,2995,2867,128,0.00000,3.30081
534F4C31,6088,43728398,0,2994,2865,129,0.00000,3.32659
534F4C31,6088,43730701,0,2989,2867,122,0.00000,3.14608
534F4C31,6088,43734015,0,2994,2865,129,0.00000,3.32659
534F4C31,6088,43736407,0,2996,2864,132,0.00000,3.40396
534F4C31,6088,43738563,0,2992,2868,124,0.00000,3.19766
534F4C31,6088,43740641,0,2987,2867,120,0.00000,3.09451
534F4C31,6088,43742728,0,2990,2868,122,0.00000,3.14608
534F4C31,6088,43744870,0,2989,2870,119,0.00000,3.06872
534F4C31,6088,43747089,0,2993,2867,126,0.00000,3.24923
534F4C31,6088,43749342,0,2998,2868,130,0.00000,3.35238
534F4C31,6089,43751570,0,2991,2866,125,0.00000,3.22344
534F4C31,6090,43755735,0,2996,2864,132,0.00000,3.40396
534F4C31,6091,43760252,0,2991,2862,129,0.00000,3.32659
534F4C31,6092,43765151,0,2995,2862,133,0.00000,3.42974
534F4C31,6092,43769542,0,2993,2865,128,0.00000,3.30081
534F4C31,6092,43773150,0,2991,2860,131,0.00000,3.37817
534F4C31,6092,43777755,0,2984,2862,122,0.00000,3.14608
534F4C31,6092,43780092,0,2993,2864,129,0.00000,3.32659
534F4C31,6092,43782234,0,2995,2860,135,0.00000,3.48132
534F4C31,6092,43785231,0,2994,2863,131,0.00000,3.37817
534F4C31,6092,43787536,0,2990,2861,129,0.00000,3.32659
534F4C31,6092,43789894,0,2994,2861,133,0.00000,3.42974
534F4C31,6092,43791944,0,2992,2867,125,0.00000,3.22344
534F4C31,6092,43794040,0,2996,2867,129,0.00000,3.32659
534F4C31,6092,43796165,0,3001,2864,137,0.00000,3.53289
534F4C31,6093,43798449,0,2987,2862,125,0.00000,3.22344
534F4C31,6094,43802870,0,2998,2862,136,0.00000,3.50711
534F4C31,6095,43807057,0,2990,2866,124,0.00000,3.19766
534F4C31,6096,43812693,0,2999,2863,136,0.00000,3.50711
534F4C31,6096,43817523,0,2996,2862,134,0.00000,3.45553
534F4C31,6096,43821216,0,2995,2867,128,0.00000,3.30081
534F4C31,6096,43824472,0,2995,2865,130,0.00000,3.35238
534F4C31,6096,43826840,0,2995,2863,132,0.00000,3.40396
534F4C31,6097,43829105,0,2993,2861,132,0.00000,3.40396
534F4C31,6097,43833578,0,2989,2863,126,0.00000,3.24923
534F4C31,6097,43836388,0,2994,2864,130,0.00000,3.35238
534F4C31,6098,43839491,0,3000,2866,134,0.00000,3.45553
534F4C31,6099,43844760,0,2998,2863,135,0.00000,3.48132
534F4C31,6100,43849247,0,2994,2864,130,0.00000,3.35238
534F4C31,6101,43854210,0,2995,2863,132,0.00000,3.40396
534F4C31,6101,43859714,0,2997,2864,133,0.00000,3.42974
534F4C31,6101,43862977,0,2993,2863,130,0.00000,3.35238
534F4C31,6101,43865149,0,2994,2861,133,0.00000,3.42974
534F4C31,6101,43867312,0,2999,2862,137,0.00000,3.53289
534F4C31,6101,43870267,0,2994,2864,130,0.00000,3.35238
534F4C31,6101,43872522,0,2997,2864,133,0.00000,3.42974
534F4C31,6101,43874699,0,2996,2867,129,0.00000,3.32659
534F4C31,6101,43877296,0,2993,2863,130,0.00000,3.35238
534F4C31,6101,43879669,0,2998,2864,134,0.00000,3.45553
534F4C31,6101,43881862,0,3000,2862,138,0.00000,3.55868
534F4C31,6101,43883999,0,2995,2860,135,0.00000,3.48132
534F4C31,6101,43886068,0,2984,2864,120,0.00000,3.09451
534F4C31,6101,43888171,0,2999,2865,134,0.00000,3.45553
534F4C31,6102,43890392,0,2991,2866,125,0.00000,3.22344
534F4C31,6103,43895247,0,2994,2860,134,0.00000,3.45553
534F4C31,6104,43900676,0,2992,2864,128,0.00000,3.30081
534F4C31,6104,43904934,0,2991,2863,128,0.00000,3.30081
534F4C31,6104,43907289,0,2994,2862,132,0.00000,3.40396
534F4C31,6105,43910528,0,2994,2863,131,0.00000,3.37817
534F4C31,6105,43915883,0,2992,2862,130,0.00000,3.35238
534F4C31,6105,43918170,0,2993,2865,128,0.00000,3.30081
534F4C31,6106,43920194,0,2991,2865,126,0.00000,3.24923
534F4C31,6107,43925903,0,2995,2860,135,0.00000,3.48132
534F4C31,6107,43930358,0,2996,2863,133,0.00000,3.42974
534F4C31,6107,43934064,0,2990,2863,127,0.00000,3.27502
534F4C31,6108,43936984,0,2998,2862,136,0.00000,3.50711
534F4C31,6108,43941953,0,3000,2861,139,0.00000,3.58447
534F4C31,6108,43944739,0,2991,2864,127,0.00000,3.27502
534F4C31,6108,43948171,0,2996,2866,130,0.00000,3.35238
534F4C31,6108,43950446,0,2999,2863,136,0.00000,3.50711
534F4C31,6108,43953160,0,3003,2866,137,0.00000,3.53289
534F4C31,6108,43955649,0,2993,2860,133,0.00000,3.42974
534F4C31,6109,43958764,0,2994,2861,133,0.00000,3.42974
534F4C31,6110,43963268,0,2992,2862,130,0.00000,3.35238
534F4C31,6111,43968489,0,2994,2861,133,0.00000,3.42974
534F4C31,6112,43973936,0,2995,2860,135,0.00000,3.48132
534F4C31,6112,43979281,0,2988,2861,127,0.00000,3.27502
534F4C31,6112,43982712,0,3000,2864,136,0.00000,3.50711
534F4C31,6112,43985550,0,2991,2864,127,0.00000,3.27502
534F4C31,6112,43988880,0,2993,2864,129,0.00000,3.32659
534F4C31,6112,43991006,0,2995,2864,131,0.00000,3.37817
534F4C31,6112,43993094,0,2992,2863,129,0.00000,3.32659
534F4C31,6112,43995317,0,2994,2865,129,0.00000,3.32659
534F4C31,6112,43997566,0,2988,2864,124,0.00000,3.19766
534F4C31,6113,43999778,0,2997,2864,133,0.00000,3.42974
534F4C31,6114,44003628,0,2995,2865,130,0.00000,3.35238
534F4C31,6115,44008141,0,2993,2864,129,0.00000,3.32659
534F4C31,6116,44011893,0,2990,2867,123,0.00000,3.17187
534F4C31,6117,44018221,0,2995,2862,133,0.00000,3.42974
534F4C31,6117,44021357,0,2994,2864,130,0.00000,3.35238
534F4C31,6117,44026015,0,3000,2866,134,0.00000,3.45553
534F4C31,6117,44028371,0,2991,2866,125,0.00000,3.22344
534F4C31,6117,44031478,0,2992,2863,129,0.00000,3.32659
534F4C31,6117,44033724,0,2995,2863,132,0.00000,3.40396
534F4C31,6117,44035867,0,3001,2864,137,0.00000,3.53289
534F4C31,6117,44038096,0,3000,2862,138,0.00000,3.55868
534F4C31,6117,44040371,0,2999,2863,136,0.00000,3.50711
534F4C31,6117,44042384,0,2997,2863,134,0.00000,3.45553
534F4C31,6117,44044471,0,2993,2862,131,0.00000,3.37817
534F4C31,6117,44046670,0,2993,2863,130,0.00000,3.35238
534F4C31,6117,44048746,0,2992,2866,126,0.00000,3.24923
534F4C31,6117,44050829,0,2995,2867,128,0.00000,3.30081
534F4C31,6118,44052909,0,2994,2864,130,0.00000,3.35238
534F4C31,6119,44057056,0,2998,2865,133,0.00000,3.42974
534F4C31,6120,44060579,0,2992,2862,130,0.00000,3.35238
534F4C31,6120,44067143,0,2994,2864,130,0.00000,3.35238
534F4C31,6121,44070858,0,2992,2864,128,0.00000,3.30081
534F4C31,6121,44074778,0,2994,2863,131,0.00000,3.37817
534F4C31,6121,44078728,0,2995,2863,132,0.00000,3.40396
534F4C31,6121,44082375,0,2992,2859,133,0.00000,3.42974
534F4C31,6121,44085340,0,2992,2865,127,0.00000,3.27502
534F4C31,6121,44087490,0,2996,2862,134,0.00000,3.45553
534F4C31,6121,44089558,0,2999,2865,134,0.00000,3.45553
534F4C31,6121,44091743,0,2998,2863,135,0.00000,3.48132
534F4C31,6122,44094042,0,2992,2861,131,0.00000,3.37817
534F4C31,6123,44098562,0,2995,2861,134,0.00000,3.45553
534F4C31,6124,44102471,0,2999,2865,134,0.00000,3.45553
534F4C31,6124,44109723,0,2995,2862,133,0.00000,3.42974
534F4C31,6125,44111880,0,2992,2865,127,0.00000,3.27502
534F4C31,6125,44115383,0,2994,2862,132,0.00000,3.40396
534F4C31,6125,44119536,0,2989,2860,129,0.00000,3.32659
534F4C31,6125,44122266,0,2995,2866,129,0.00000,3.32659
534F4C31,6126,44125082,0,2996,2864,132,0.00000,3.40396
534F4C31,6127,44130018,0,2997,2861,136,0.00000,3.50711
534F4C31,6127,44132249,0,2994,2866,128,0.00000,3.30081
534F4C31,6127,44137531,0,2997,2865,132,0.00000,3.40396
534F4C31,6127,44140600,0,2995,2866,129,0.00000,3.32659
534F4C31,6127,44143249,0,2996,2861,135,0.00000,3.48132
534F4C31,6127,44145380,0,2992,2865,127,0.00000,3.27502
534F4C31,6127,44148410,0,2995,2866,129,0.00000,3.32659
534F4C31,6128,44151284,0,2986,2864,122,0.00000,3.14608
534F4C31,6129,44155691,0,2999,2859,140,0.00000,3.61026
534F4C31,6130,44160191,0,2997,2862,135,0.00000,3.48132
534F4C31,6130,44165924,0,2990,2865,125,0.00000,3.22344
534F4C31,6130,44168204,0,2989,2861,128,0.00000,3.30081
534F4C31,6130,44171766,0,2990,2862,128,0.00000,3.30081
534F4C31,6130,44174082,0,2996,2866,130,0.00000,3.35238
534F4C31,6130,44176130,0,2998,2860,138,0.00000,3.55868
534F4C31,6130,44178340,0,2991,2865,126,0.00000,3.24923
534F4C31,6131,44180617,0,3002,2862,140,0.00000,3.61026
534F4C31,6132,44185016,0,2998,2865,133,0.00000,3.42974
534F4C31,6133,44188802,0,2997,2864,133,0.00000,3.42974
534F4C31,6134,44195210,0,2997,2865,132,0.00000,3.40396
534F4C31,6134,44198881,0,2994,2863,131,0.00000,3.37817
534F4C31,6134,44203016,0,2999,2861,138,0.00000,3.55868
534F4C31,6135,44206191,0,2999,2860,139,0.00000,3.58447
534F4C31,6135,44211257,0,2990,2864,126,0.00000,3.24923
534F4C31,6135,44214047,0,2991,2864,127,0.00000,3.27502
534F4C31,6135,44216712,0,3002,2860,142,0.00000,3.66183
534F4C31,6135,44218965,0,3004,2864,140,0.00000,3.61026
534F4C31,6136,44222288,0,2996,2861,135,0.00000,3.48132
534F4C31,6137,44225679,0,2998,2864,134,0.00000,3.45553
534F4C31,6137,44230044,0,2992,2864,128,0.00000,3.30081
534F4C31,6137,44234996,0,2990,2861,129,0.00000,3.32659
534F4C31,6137,44237546,0,2994,2865,129,0.00000,3.32659
534F4C31,6137,44240511,0,2997,2864,133,0.00000,3.42974
534F4C31,6137,44242804,0,2991,2864,127,0.00000,3.27502
534F4C31,6137,44244903,0,2996,2864,132,0.00000,3.40396
534F4C31,6137,44246739,0,2999,2861,138,0.00000,3.55868
534F4C31,6137,44248754,0,2994,2860,134,0.00000,3.45553
534F4C31,6137,44250958,0,2990,2862,128,0.00000,3.30081
534F4C31,6137,44253254,0,2997,2864,133,0.00000,3.42974
534F4C31,6137,44255386,0,2999,2862,137,0.00000,3.53289
534F4C31,6137,44257435,0,2993,2863,130,0.00000,3.35238
534F4C31,6138,44259554,0,2998,2865,133,0.00000,3.42974
534F4C31,6139,44263712,0,2988,2863,125,0.00000,3.22344
534F4C31,6140,44268088,0,2995,2865,130,0.00000,3.35238
534F4C31,6141,44273900,0,2993,2864,129,0.00000,3.32659
534F4C31,6141,44276887,0,2996,2863,133,0.00000,3.42974
534F4C31,6141,44282290,0,2993,2862,131,0.00000,3.37817
534F4C31,6141,44285044,0,2993,2864,129,0.00000,3.32659
534F4C31,6142,44287928,0,2999,2863,136,0.00000,3.50711
534F4C31,6142,44292644,0,3000,2865,135,0.00000,3.48132
534F4C31,6142,44296564,0,2997,2865,132,0.00000,3.40396
534F4C31,6142,44299250,0,2993,2858,135,0.00000,3.48132
534F4C31,6142,44302404,0,2997,2861,136,0.00000,3.50711
534F4C31,6142,44305299,0,2990,2858,132,0.00000,3.40396
534F4C31,6142,44307365,0,3001,2860,141,0.00000,3.63604
534F4C31,6142,44309455,0,2993,2862,131,0.00000,3.37817
534F4C31,6143,44311718,0,2996,2861,135,0.00000,3.48132
534F4C31,6144,44315923,0,2999,2857,142,0.00000,3.66183
534F4C31,6145,44320003,0,2993,2858,135,0.00000,3.48132
534F4C31,6146,44325810,0,3000,2861,139,0.00000,3.58447
534F4C31,6147,44329896,0,2994,2860,134,0.00000,3.45553
534F4C31,6147,44336688,0,2989,2860,129,0.00000,3.32659
534F4C31,6147,44338957,0,2995,2857,138,0.00000,3.55868
534F4C31,6147,44341021,0,2996,2858,138,0.00000,3.55868
534F4C31,6147,44343154,0,2999,2861,138,0.00000,3.55868
534F4C31,6148,44347312,0,2996,2860,136,0.00000,3.50711
534F4C31,6148,44351769,0,2997,2861,136,0.00000,3.50711
534F4C31,6148,44356337,0,2998,2858,140,0.00000,3.61026
534F4C31,6148,44358530,0,3002,2861,141,0.00000,3.63604
534F4C31,6148,44361256,0,2991,2861,130,0.00000,3.35238
534F4C31,6148,44363428,0,2990,2860,130,0.00000,3.35238
534F4C31,6148,44365630,0,2995,2865,130,0.00000,3.35238
534F4C31,6148,44367839,0,2996,2858,138,0.00000,3.55868
534F4C31,6148,44370023,0,2997,2859,138,0.00000,3.55868
534F4C31,6149,44372157,0,2999,2860,139,0.00000,3.58447
534F4C31,6150,44376332,0,2993,2857,136,0.00000,3.50711
534F4C31,6151,44379911,0,2999,2861,138,0.00000,3.55868
534F4C31,6152,44385756,0,2988,2859,129,0.00000,3.32659
534F4C31,6153,44389885,0,2992,2860,132,0.00000,3.40396
534F4C31,6154,44395202,0,2996,2859,137,0.00000,3.53289
534F4C31,6154,44400169,0,3003,2858,145,0.00000,3.73919
534F4C31,6154,44403126,0,3000,2860,140,0.00000,3.61026
534F4C31,6154,44405413,0,2998,2859,139,0.00000,3.58447
534F4C31,6154,44408427,0,2994,2857,137,0.00000,3.53289
534F4C31,6154,44410596,0,2992,2859,133,0.00000,3.42974
534F4C31,6154,44412692,0,2994,2858,136,0.00000,3.50711
534F4C31,6154,44415043,0,2990,2859,131,0.00000,3.37817
534F4C31,6154,44417271,0,2993,2861,132,0.00000,3.40396
534F4C31,6155,44419452,0,2994,2859,135,0.00000,3.48132
534F4C31,6156,44424083,0,2996,2859,137,0.00000,3.53289
534F4C31,6157,44428487,0,2993,2855,138,0.00000,3.55868
534F4C31,6158,44434611,0,2994,2860,134,0.00000,3.45553
534F4C31,6158,44437987,0,2999,2860,139,0.00000,3.58447
534F4C31,6158,44442587,0,2995,2857,138,0.00000,3.55868
534F4C31,6158,44444813,0,2999,2861,138,0.00000,3.55868
534F4C31,6158,44447699,0,2990,2859,131,0.00000,3.37817
534F4C31,6158,44450801,0,2999,2859,140,0.00000,3.61026
534F4C31,6158,44452996,0,2998,2860,138,0.00000,3.55868
534F4C31,6158,44455156,0,2998,2859,139,0.00000,3.58447
534F4C31,6158,44458133,0,2996,2859,137,0.00000,3.53289
534F4C31,6158,44460882,0,2998,2858,140,0.00000,3.61026
534F4C31,6158,44462991,0,2997,2859,138,0.00000,3.55868
534F4C31,6158,44465237,0,2996,2862,134,0.00000,3.45553
534F4C31,6158,44468231,0,2996,2862,134,0.00000,3.45553
534F4C31,6158,44470436,0,2997,2858,139,0.00000,3.58447
534F4C31,6159,44472578,0,2996,2861,135,0.00000,3.48132
534F4C31,6159,44476633,0,2991,2858,133,0.00000,3.42974
534F4C31,6159,44480206,0,2995,2857,138,0.00000,3.55868
534F4C31,6159,44482453,0,2997,2855,142,0.00000,3.66183
534F4C31,6160,44484606,0,2990,2859,131,0.00000,3.37817
534F4C31,6161,44490402,0,2995,2860,135,0.00000,3.48132
534F4C31,6162,44494695,0,2997,2861,136,0.00000,3.50711
534F4C31,6162,44499838,0,2990,2861,129,0.00000,3.32659
534F4C31,6163,44503649,0,2992,2860,132,0.00000,3.40396
534F4C31,6164,44505957,0,2990,2860,130,0.00000,3.35238
534F4C31,6164,44511184,0,2996,2862,134,0.00000,3.45553
534F4C31,6164,44514527,0,2996,2860,136,0.00000,3.50711
534F4C31,6164,44518504,0,2988,2860,128,0.00000,3.30081
534F4C31,6165,44521246,0,2997,2856,141,0.00000,3.63604
534F4C31,6165,44525479,0,2995,2859,136,0.00000,3.50711
534F4C31,6165,44527687,0,2992,2859,133,0.00000,3.42974
534F4C31,6165,44529866,0,2993,2862,131,0.00000,3.37817
534F4C31,6165,44533201,0,2991,2858,133,0.00000,3.42974
534F4C31,6165,44535409,0,2992,2856,136,0.00000,3.50711
534F4C31,6165,44537505,0,2995,2860,135,0.00000,3.48132
534F4C31,6166,44539769,0,2990,2856,134,0.00000,3.45553
534F4C31,6167,44544391,0,2998,2857,141,0.00000,3.63604
534F4C31,6168,44549084,0,2986,2861,125,0.00000,3.22344
534F4C31,6168,44554211,0,3002,2860,142,0.00000,3.66183
534F4C31,6168,44556662,0,2990,2859,131,0.00000,3.37817
534F4C31,6168,44559984,0,2993,2859,134,0.00000,3.45553
534F4C31,6168,44562594,0,2989,2861,128,0.00000,3.30081
534F4C31,6168,44564705,0,2993,2860,133,0.00000,3.42974
534F4C31,6168,44566885,0,2993,2861,132,0.00000,3.40396
534F4C31,6168,44569122,0,2991,2861,130,0.00000,3.35238
534F4C31,6168,44571295,0,2993,2857,136,0.00000,3.50711
534F4C31,6169,44573411,0,2992,2861,131,0.00000,3.37817
534F4C31,6170,44576395,0,2995,2862,133,0.00000,3.42974
534F4C31,6171,44581061,0,2988,2860,128,0.00000,3.30081
534F4C31,6172,44586587,0,2994,2859,135,0.00000,3.48132
534F4C31,6173,44591984,0,2990,2859,131,0.00000,3.37817
534F4C31,6173,44596696,0,2991,2862,129,0.00000,3.32659
534F4C31,6173,44600613,0,2998,2857,141,0.00000,3.63604
534F4C31,6173,44602823,0,2991,2856,135,0.00000,3.48132
534F4C31,6173,44606069,0,2994,2858,136,0.00000,3.50711
534F4C31,6173,44608379,0,2993,2860,133,0.00000,3.42974
534F4C31,6173,44610573,0,2996,2860,136,0.00000,3.50711
534F4C31,6174,44612617,0,2992,2854,138,0.00000,3.55868
534F4C31,6175,44617798,0,2999,2858,141,0.00000,3.63604
534F4C31,6175,44621812,0,2991,2859,132,0.00000,3.40396
534F4C31,6175,44626046,0,3003,2863,140,0.00000,3.61026
534F4C31,6175,44628993,0,2994,2857,137,0.00000,3.53289
534F4C31,6175,44631564,0,2994,2858,136,0.00000,3.50711
534F4C31,6175,44633676,0,2998,2858,140,0.00000,3.61026
534F4C31,6175,44635854,0,2995,2858,137,0.00000,3.53289
534F4C31,6175,44638026,0,2996,2859,137,0.00000,3.53289
534F4C31,6175,44640226,0,2993,2860,133,0.00000,3.42974
534F4C31,6175,44642350,0,2995,2861,134,0.00000,3.45553
534F4C31,6175,44644409,0,2998,2860,138,0.00000,3.55868
534F4C31,6175,44646532,0,2996,2861,135,0.00000,3.48132
534F4C31,6176,44648780,0,3000,2859,141,0.00000,3.63604
534F4C31,6177,44653373,0,2998,2858,140,0.00000,3.61026
534F4C31,6178,44657747,0,2994,2860,134,0.00000,3.45553
534F4C31,6179,44662846,0,2998,2857,141,0.00000,3.63604
534F4C31,6179,44665995,0,2994,2858,136,0.00000,3.50711
534F4C31,6179,44670469,0,2998,2859,139,0.00000,3.58447
534F4C31,6180,44672690,0,2996,2862,134,0.00000,3.45553
534F4C31,6180,44677616,0,2993,2856,137,0.00000,3.53289
534F4C31,6180,44681884,0,2991,2856,135,0.00000,3.48132
534F4C31,6180,44684093,0,2993,2859,134,0.00000,3.45553
534F4C31,6180,44686256,0,2999,2859,140,0.00000,3.61026
534F4C31,6180,44689455,0,2990,2859,131,0.00000,3.37817
534F4C31,6180,44691608,0,2993,2861,132,0.00000,3.40396
534F4C31,6180,44693631,0,2994,2860,134,0.00000,3.45553
534F4C31,6180,44696078,0,2997,2862,135,0.00000,3.48132
534F4C31,6180,44698331,0,2994,2859,135,0.00000,3.48132
534F4C31,6181,44701325,0,2998,2862,136,0.00000,3.50711
534F4C31,6182,44705120,0,2991,2862,129,0.00000,3.32659
534F4C31,6183,44709465,0,2998,2857,141,0.00000,3.63604
534F4C31,6183,44714896,0,3000,2860,140,0.00000,3.61026
534F4C31,6183,44718799,0,2995,2856,139,0.00000,3.58447
534F4C31,6184,44721076,0,2998,2861,137,0.00000,3.53289
534F4C31,6185,44725228,0,2988,2857,131,0.00000,3.37817
534F4C31,6186,44730256,0,2996,2858,138,0.00000,3.55868
534F4C31,6186,44735605,0,2988,2858,130,0.00000,3.35238
534F4C31,6186,44738752,0,2994,2856,138,0.00000,3.55868
534F4C31,6186,44741662,0,2992,2859,133,0.00000,3.42974
534F4C31,6186,44743941,0,2997,2859,138,0.00000,3.55868
534F4C31,6186,44746070,0,2996,2858,138,0.00000,3.55868
534F4C31,6186,44748195,0,2994,2858,136,0.00000,3.50711
534F4C31,6186,44750278,0,2998,2859,139,0.00000,3.58447
534F4C31,6186,44752477,0,2999,2857,142,0.00000,3.66183
534F4C31,6187,44754755,0,2992,2857,135,0.00000,3.48132
534F4C31,6188,44758734,0,2995,2862,133,0.00000,3.42974
534F4C31,6189,44762245,0,2997,2859,138,0.00000,3.55868
534F4C31,6190,44768466,0,2994,2859,135,0.00000,3.48132
534F4C31,6190,44773579,0,2994,2858,136,0.00000,3.50711
534F4C31,6190,44777991,0,2988,2858,130,0.00000,3.35238
534F4C31,6190,44780183,0,2994,2860,134,0.00000,3.45553
534F4C31,6190,44782416,0,2996,2860,136,0.00000,3.50711
534F4C31,6190,44785646,0,2996,2863,133,0.00000,3.42974
534F4C31,6190,44787890,0,2989,2861,128,0.00000,3.30081
534F4C31,6190,44790177,0,2999,2859,140,0.00000,3.61026
534F4C31,6190,44792397,0,2987,2858,129,0.00000,3.32659
534F4C31,6190,44794474,0,2992,2857,135,0.00000,3.48132
534F4C31,6190,44796622,0,3003,2858,145,0.00000,3.73919
534F4C31,6191,44799192,0,3000,2856,144,0.00000,3.71341
534F4C31,6192,44802225,0,2993,2863,130,0.00000,3.35238
534F4C31,6193,44806867,0,2996,2860,136,0.00000,3.50711
534F4C31,6194,44812814,0,2999,2859,140,0.00000,3.61026
534F4C31,6194,44817227,0,2998,2860,138,0.00000,3.55868
534F4C31,6194,44819464,0,2991,2855,136,0.00000,3.50711
534F4C31,6195,44822504,0,2994,2855,139,0.00000,3.58447
534F4C31,6195,44827081,0,2995,2855,140,0.00000,3.61026
534F4C31,6195,44830619,0,2991,2856,135,0.00000,3.48132
534F4C31,6195,44834680,0,2998,2855,143,0.00000,3.68762
534F4C31,6195,44836804,0,2993,2853,140,0.00000,3.61026
534F4C31,6195,44839390,0,2996,2856,140,0.00000,3.61026
534F4C31,6196,44842094,0,2998,2853,145,0.00000,3.73919
534F4C31,6197,44846974,0,2992,2854,138,0.00000,3.55868
534F4C31,6197,44849984,0,3006,2854,152,0.00000,3.91971
534F4C31,6197,44855305,0,2996,2857,139,0.00000,3.58447
534F4C31,6197,44858729,0,2992,2856,136,0.00000,3.50711
534F4C31,6197,44861010,0,2996,2851,145,0.00000,3.73919
534F4C31,6197,44863243,0,3000,2855,145,0.00000,3.73919
534F4C31,6197,44866183,0,2993,2855,138,0.00000,3.55868
534F4C31,6198,44868375,0,2998,2855,143,0.00000,3.68762
534F4C31,6199,44873566,0,2993,2856,137,0.00000,3.53289
534F4C31,6199,44879121,0,2995,2855,140,0.00000,3.61026
534F4C31,6199,44882319,0,2990,2859,131,0.00000,3.37817
534F4C31,6199,44884549,0,2998,2856,142,0.00000,3.66183
534F4C31,6199,44887622,0,2993,2855,138,0.00000,3.55868
534F4C31,6199,44889931,0,2986,2858,128,0.00000,3.30081
534F4C31,6199,44892233,0,2990,2858,132,0.00000,3.40396
534F4C31,6200,44894503,0,2996,2850,146,0.00000,3.76498
534F4C31,6201,44898696,0,2990,2854,136,0.00000,3.50711
534F4C31,6202,44903161,0,3000,2858,142,0.00000,3.66183
534F4C31,6203,44910445,0,2990,2854,136,0.00000,3.50711
534F4C31,6203,44914140,0,2999,2854,145,0.00000,3.73919
534F4C31,6204,44916278,0,3000,2858,142,0.00000,3.66183
534F4C31,6205,44921221,0,2992,2856,136,0.00000,3.50711
534F4C31,6206,44925654,0,2994,2855,139,0.00000,3.58447
534F4C31,6207,44930571,0,2998,2852,146,0.00000,3.76498
534F4C31,6207,44936180,0,2995,2857,138,0.00000,3.55868
534F4C31,6207,44938481,0,2994,2860,134,0.00000,3.45553
534F4C31,6207,44941418,0,2995,2853,142,0.00000,3.66183
534F4C31,6207,44943869,0,2991,2855,136,0.00000,3.50711
534F4C31,6207,44946059,0,2993,2856,137,0.00000,3.53289
534F4C31,6207,44948328,0,2999,2852,147,0.00000,3.79077
534F4C31,6207,44950538,0,2995,2852,143,0.00000,3.68762
534F4C31,6207,44952772,0,2992,2855,137,0.00000,3.53289
534F4C31,6207,44954888,0,2998,2854,144,0.00000,3.71341
534F4C31,6207,44956972,0,2997,2859,138,0.00000,3.55868
534F4C31,6207,44960107,0,2996,2859,137,0.00000,3.53289
534F4C31,6208,44962612,0,2991,2855,136,0.00000,3.50711
534F4C31,6209,44968080,0,3000,2859,141,0.00000,3.63604
534F4C31,6209,44971321,0,2993,2855,138,0.00000,3.55868
534F4C31,6209,44976262,0,2994,2853,141,0.00000,3.63604
534F4C31,6209,44979617,0,2996,2857,139,0.00000,3.58447
534F4C31,6209,44981923,0,2993,2854,139,0.00000,3.58447
534F4C31,6209,44984096,0,2991,2856,135,0.00000,3.48132
534F4C31,6209,44986959,0,2995,2856,139,0.00000,3.58447
534F4C31,6209,44989336,0,2996,2856,140,0.00000,3.61026
534F4C31,6209,44991550,0,2992,2856,136,0.00000,3.50711
534F4C31,6210,44993834,0,2998,2859,139,0.00000,3.58447
534F4C31,6211,44997729,0,2997,2857,140,0.00000,3.61026
534F4C31,6212,45002804,0,2995,2857,138,0.00000,3.55868
534F4C31,6213,45006698,0,2994,2855,139,0.00000,3.58447
534F4C31,6214,45012837,0,2997,2857,140,0.00000,3.61026
534F4C31,6214,45017701,0,2997,2857,140,0.00000,3.61026
534F4C31,6215,45019985,0,2989,2855,134,0.00000,3.45553
534F4C31,6216,45023733,0,2998,2856,142,0.00000,3.66183
534F4C31,6217,45028265,0,2992,2856,136,0.00000,3.50711
534F4C31,6218,45032675,0,3000,2858,142,0.00000,3.66183
534F4C31,6219,45037854,0,2994,2854,140,0.00000,3.61026
534F4C31,6219,45041678,0,2994,2856,138,0.00000,3.55868
534F4C31,6219,45045671,0,2995,2859,136,0.00000,3.50711
534F4C31,6219,45048493,0,2995,2856,139,0.00000,3.58447
534F4C31,6219,45050695,0,2994,2854,140,0.00000,3.61026
534F4C31,6220,45054042,0,2995,2857,138,0.00000,3.55868
534F4C31,6220,45058249,0,2996,2858,138,0.00000,3.55868
534F4C31,6220,45060687,0,2992,2855,137,0.00000,3.53289
534F4C31,6220,45062901,0,2997,2855,142,0.00000,3.66183
534F4C31,6220,45066354,0,3002,2855,147,0.00000,3.79077
534F4C31,6220,45068458,0,2997,2857,140,0.00000,3.61026
534F4C31,6220,45070584,0,2991,2857,134,0.00000,3.45553
534F4C31,6220,45072855,0,2997,2856,141,0.00000,3.63604
534F4C31,6220,45075015,0,2993,2858,135,0.00000,3.48132
534F4C31,6220,45077223,0,2990,2855,135,0.00000,3.48132
534F4C31,6220,45079284,0,2987,2856,131,0.00000,3.37817
534F4C31,6220,45081437,0,2995,2857,138,0.00000,3.55868
534F4C31,6221,45083664,0,2999,2855,144,0.00000,3.71341
534F4C31,6222,45087676,0,2990,2859,131,0.00000,3.37817
534F4C31,6223,45092580,0,2994,2855,139,0.00000,3.58447
534F4C31,6223,45097710,0,2996,2855,141,0.00000,3.63604
534F4C31,6223,45100804,0,2992,2857,135,0.00000,3.48132
534F4C31,6223,45102995,0,2998,2856,142,0.00000,3.66183
534F4C31,6223,45106455,0,2996,2857,139,0.00000,3.58447
534F4C31,6223,45108771,0,2993,2857,136,0.00000,3.50711
534F4C31,6223,45110882,0,2993,2856,137,0.00000,3.53289
534F4C31,6224,45113148,0,2996,2855,141,0.00000,3.63604
534F4C31,6225,45117998,0,2992,2856,136,0.00000,3.50711
534F4C31,6225,45121396,0,2992,2856,136,0.00000,3.50711
534F4C31,6225,45125807,0,2994,2856,138,0.00000,3.55868
534F4C31,6225,45129028,0,2990,2856,134,0.00000,3.45553
534F4C31,6225,45131214,0,2995,2853,142,0.00000,3.66183
534F4C31,6226,45134515,0,2995,2857,138,0.00000,3.55868
534F4C31,6226,45138910,0,2990,2856,134,0.00000,3.45553
534F4C31,6226,45141287,0,2994,2857,137,0.00000,3.53289
534F4C31,6227,45144160,0,2989,2856,133,0.00000,3.42974
534F4C31,6227,45149687,0,2997,2853,144,0.00000,3.71341
534F4C31,6227,45152003,0,2993,2856,137,0.00000,3.53289
534F4C31,6228,45155339,0,2995,2855,140,0.00000,3.61026
534F4C31,6228,45158613,0,2996,2858,138,0.00000,3.55868
534F4C31,6228,45161943,0,2997,2856,141,0.00000,3.63604
534F4C31,6229,45164946,0,2991,2856,135,0.00000,3.48132
534F4C31,6230,45168453,0,2993,2853,140,0.00000,3.61026
534F4C31,6230,45174741,0,2996,2854,142,0.00000,3.66183
534F4C31,6230,45177020,0,2997,2857,140,0.00000,3.61026
534F4C31,6230,45180017,0,2995,2856,139,0.00000,3.58447
534F4C31,6230,45182501,0,2996,2855,141,0.00000,3.63604
534F4C31,6230,45184629,0,2995,2855,140,0.00000,3.61026
534F4C31,6230,45186759,0,3001,2856,145,0.00000,3.73919
534F4C31,6230,45188832,0,2997,2857,140,0.00000,3.61026
534F4C31,6230,45191034,0,2993,2855,138,0.00000,3.55868
534F4C31,6230,45193241,0,2994,2857,137,0.00000,3.53289
534F4C31,6231,45195257,0,2992,2858,134,0.00000,3.45553
534F4C31,6232,45199764,0,3001,2855,146,0.00000,3.76498
534F4C31,6233,45203512,0,2999,2856,143,0.00000,3.68762
534F4C31,6234,45209991,0,3000,2855,145,0.00000,3.73919
534F4C31,6234,45213147,0,2999,2854,145,0.00000,3.73919
534F4C31,6234,45216841,0,2995,2856,139,0.00000,3.58447
534F4C31,6234,45219084,0,2993,2855,138,0.00000,3.55868
534F4C31,6234,45221951,0,2998,2856,142,0.00000,3.66183
534F4C31,6234,45224053,0,2996,2852,144,0.00000,3.71341
534F4C31,6234,45226254,0,2996,2853,143,0.00000,3.68762
534F4C31,6235,45228486,0,2998,2856,142,0.00000,3.66183
534F4C31,6236,45232447,0,2987,2856,131,0.00000,3.37817
534F4C31,6237,45236226,0,2998,2855,143,0.00000,3.68762
534F4C31,6238,45242017,0,2995,2853,142,0.00000,3.66183
534F4C31,6239,45246560,0,2996,2854,142,0.00000,3.66183
534F4C31,6239,45251637,0,2996,2857,139,0.00000,3.58447
534F4C31,6239,45255330,0,2995,2856,139,0.00000,3.58447
534F4C31,6239,45258261,0,2998,2855,143,0.00000,3.68762
534F4C31,6239,45260765,0,2998,2853,145,0.00000,3.73919
534F4C31,6239,45262900,0,2990,2857,133,0.00000,3.42974
534F4C31,6239,45265121,0,2990,2856,134,0.00000,3.45553
534F4C31,6239,45267206,0,2996,2857,139,0.00000,3.58447
534F4C31,6239,45269345,0,3000,2856,144,0.00000,3.71341
534F4C31,6240,45271601,0,2994,2854,140,0.00000,3.61026
534F4C31,6240,45275709,0,2992,2856,136,0.00000,3.50711
534F4C31,6240,45278137,0,2994,2855,139,0.00000,3.58447
534F4C31,6240,45280300,0,2996,2858,138,0.00000,3.55868
534F4C31,6240,45284059,0,2998,2856,142,0.00000,3.66183
534F4C31,6240,45286241,0,2997,2855,142,0.00000,3.66183
534F4C31,6240,45288330,0,2992,2855,137,0.00000,3.53289
534F4C31,6240,45290596,0,3000,2855,145,0.00000,3.73919
534F4C31,6240,45292765,0,2991,2855,136,0.00000,3.50711
534F4C31,6240,45294903,0,3003,2853,150,0.00000,3.86813
534F4C31,6241,45296933,0,2993,2853,140,0.00000,3.61026
534F4C31,6242,45301744,0,2998,2856,142,0.00000,3.66183
534F4C31,6243,45306170,0,2997,2857,140,0.00000,3.61026
534F4C31,6243,45311846,0,2995,2853,142,0.00000,3.66183
534F4C31,6244,45316698,0,2993,2857,136,0.00000,3.50711
534F4C31,6245,45319788,0,2995,2851,144,0.00000,3.71341
534F4C31,6246,45324878,0,2994,2855,139,0.00000,3.58447
534F4C31,6247,45329495,0,3000,2856,144,0.00000,3.71341
534F4C31,6248,45334644,0,3002,2856,146,0.00000,3.76498
534F4C31,6248,45338992,0,2994,2856,138,0.00000,3.55868
534F4C31,6248,45342097,0,2990,2855,135,0.00000,3.48132
534F4C31,6248,45344250,0,2999,2857,142,0.00000,3.66183
534F4C31,6248,45346927,0,2998,2856,142,0.00000,3.66183
534F4C31,6249,45349620,0,2994,2856,138,0.00000,3.55868
534F4C31,6249,45353827,0,2990,2854,136,0.00000,3.50711
534F4C31,6249,45356617,0,2991,2855,136,0.00000,3.50711
534F4C31,6249,45359418,0,2993,2852,141,0.00000,3.63604
534F4C31,6249,45362438,0,2993,2851,142,0.00000,3.66183
534F4C31,6249,45364622,0,3001,2851,150,0.00000,3.86813
534F4C31,6249,45366776,0,2996,2852,144,0.00000,3.71341
534F4C31,6249,45368868,0,2995,2851,144,0.00000,3.71341
534F4C31,6249,45371042,0,2997,2853,144,0.00000,3.71341
534F4C31,6249,45373217,0,3000,2853,147,0.00000,3.79077
534F4C31,6249,45375310,0,2991,2852,139,0.00000,3.58447
534F4C31,6249,45377474,0,2994,2853,141,0.00000,3.63604
534F4C31,6249,45379478,0,2987,2853,134,0.00000,3.45553
534F4C31,6249,45381664,0,2996,2852,144,0.00000,3.71341
534F4C31,6250,45383953,0,2993,2851,142,0.00000,3.66183
534F4C31,6251,45387844,0,2998,2853,145,0.00000,3.73919
534F4C31,6252,45391630,0,2981,2854,127,0.00000,3.27502
534F4C31,6253,45395907,0,2996,2850,146,0.00000,3.76498
534F4C31,6254,45402344,0,2995,2852,143,0.00000,3.68762
534F4C31,6254,45406340,0,2997,2851,146,0.00000,3.76498
534F4C31,6254,45411029,0,2992,2849,143,0.00000,3.68762
534F4C31,6254,45414342,0,2995,2853,142,0.00000,3.66183
534F4C31,6254,45416572,0,2995,2852,143,0.00000,3.68762
534F4C31,6255,45419591,0,2990,2851,139,0.00000,3.58447
534F4C31,6255,45424818,0,2992,2852,140,0.00000,3.61026
534F4C31,6255,45427792,0,3000,2852,148,0.00000,3.81656
534F4C31,6256,45430238,0,2992,2851,141,0.00000,3.63604
534F4C31,6257,45436248,0,2997,2850,147,0.00000,3.79077
534F4C31,6257,45441627,0,2998,2850,148,0.00000,3.81656
534F4C31,6257,45443823,0,2999,2851,148,0.00000,3.81656
534F4C31,6257,45446879,0,2998,2848,150,0.00000,3.86813
534F4C31,6257,45449373,0,2996,2852,144,0.00000,3.71341
534F4C31,6257,45451514,0,2993,2850,143,0.00000,3.68762
534F4C31,6257,45453707,0,2988,2852,136,0.00000,3.50711
534F4C31,6257,45455803,0,2995,2853,142,0.00000,3.66183
534F4C31,6257,45458006,0,3003,2851,152,0.00000,3.91971
534F4C31,6257,45461453,0,2993,2853,140,0.00000,3.61026
534F4C31,6257,45464210,0,2991,2849,142,0.00000,3.66183
534F4C31,6258,45467046,0,2999,2851,148,0.00000,3.81656
534F4C31,6259,45471477,0,2997,2851,146,0.00000,3.76498
534F4C31,6260,45476426,0,2997,2853,144,0.00000,3.71341
534F4C31,6260,45482278,0,2988,2852,136,0.00000,3.50711
534F4C31,6260,45485851,0,2996,2851,145,0.00000,3.73919
534F4C31,6261,45488264,0,2992,2853,139,0.00000,3.58447
534F4C31,6262,45492089,0,2994,2850,144,0.00000,3.71341
534F4C31,6263,45495544,0,2994,2851,143,0.00000,3.68762
534F4C31,6264,45500758,0,2998,2855,143,0.00000,3.68762
534F4C31,6264,45504974,0,2990,2854,136,0.00000,3.50711
534F4C31,6264,45509092,0,2990,2853,137,0.00000,3.53289
534F4C31,6265,45511945,0,3000,2850,150,0.00000,3.86813
534F4C31,6266,45518407,0,2994,2852,142,0.00000,3.66183
534F4C31,6266,45522303,0,2998,2853,145,0.00000,3.73919
534F4C31,6267,45525290,0,2995,2853,142,0.00000,3.66183
534F4C31,6267,45531042,0,2998,2855,143,0.00000,3.68762
534F4C31,6267,45533278,0,2994,2851,143,0.00000,3.68762
534F4C31,6267,45535367,0,2997,2854,143,0.00000,3.68762
534F4C31,6267,45539772,0,2995,2851,144,0.00000,3.71341
534F4C31,6267,45542093,0,2994,2850,144,0.00000,3.71341
534F4C31,6267,45544104,0,3000,2852,148,0.00000,3.81656
534F4C31,6267,45546766,0,2999,2851,148,0.00000,3.81656
534F4C31,6268,45549290,0,2991,2852,139,0.00000,3.58447
534F4C31,6269,45553626,0,2998,2851,147,0.00000,3.79077
534F4C31,6269,45557416,0,2994,2851,143,0.00000,3.68762
534F4C31,6269,45561819,0,2990,2850,140,0.00000,3.61026
534F4C31,6270,45564912,0,2983,2853,130,0.00000,3.35238
534F4C31,6270,45570092,0,2995,2850,145,0.00000,3.73919
534F4C31,6270,45573151,0,2991,2854,137,0.00000,3.53289
534F4C31,6271,45576741,0,2991,2852,139,0.00000,3.58447
534F4C31,6272,45580762,0,2999,2851,148,0.00000,3.81656
534F4C31,6272,45584381,0,2998,2854,144,0.00000,3.71341
534F4C31,6272,45589519,0,2996,2854,142,0.00000,3.66183
534F4C31,6272,45591775,0,2995,2852,143,0.00000,3.68762
534F4C31,6272,45594930,0,2992,2853,139,0.00000,3.58447
534F4C31,6272,45597207,0,2998,2851,147,0.00000,3.79077
534F4C31,6272,45599376,0,2990,2849,141,0.00000,3.63604
534F4C31,6272,45602162,0,2991,2851,140,0.00000,3.61026
534F4C31,6272,45604373,0,2997,2855,142,0.00000,3.66183
534F4C31,6273,45606595,0,2988,2853,135,0.00000,3.48132
534F4C31,6273,45610949,0,2994,2852,142,0.00000,3.66183
534F4C31,6273,45613324,0,2997,2852,145,0.00000,3.73919
534F4C31,6273,45615596,0,2985,2851,134,0.00000,3.45553
534F4C31,6273,45619402,0,2996,2853,143,0.00000,3.68762
534F4C31,6273,45621594,0,2997,2852,145,0.00000,3.73919
534F4C31,6273,45623705,0,2993,2850,143,0.00000,3.68762
534F4C31,6273,45625933,0,2991,2850,141,0.00000,3.63604
534F4C31,6273,45628044,0,2987,2852,135,0.00000,3.48132
534F4C31,6273,45630121,0,3000,2849,151,0.00000,3.89392
534F4C31,6273,45632256,0,2999,2848,151,0.00000,3.89392
534F4C31,6273,45634438,0,2991,2853,138,0.00000,3.55868
534F4C31,6274,45636695,0,2998,2847,151,0.00000,3.89392
534F4C31,6275,45640521,0,3000,2851,149,0.00000,3.84234
534F4C31,6276,45644477,0,2994,2853,141,0.00000,3.63604
534F4C31,6277,45647960,0,2993,2857,136,0.00000,3.50711
534F4C31,6278,45653945,0,3000,2852,148,0.00000,3.81656
534F4C31,6278,45657343,0,2997,2854,143,0.00000,3.68762
534F4C31,6279,45662473,0,2995,2850,145,0.00000,3.73919
534F4C31,6280,45664852,0,2997,2851,146,0.00000,3.76498
534F4C31,6281,45670271,0,2993,2851,142,0.00000,3.66183
534F4C31,6282,45675697,0,2994,2852,142,0.00000,3.66183
534F4C31,6282,45680717,0,2996,2850,146,0.00000,3.76498
534F4C31,6282,45683524,0,2989,2854,135,0.00000,3.48132
534F4C31,6282,45685792,0,2997,2850,147,0.00000,3.79077
534F4C31,6282,45688683,0,2990,2849,141,0.00000,3.63604
534F4C31,6282,45690999,0,2997,2854,143,0.00000,3.68762
534F4C31,6282,45693152,0,2992,2854,138,0.00000,3.55868
534F4C31,6282,45695345,0,2992,2852,140,0.00000,3.61026
534F4C31,6282,45697371,0,2994,2853,141,0.00000,3.63604
534F4C31,6282,45699457,0,2999,2854,145,0.00000,3.73919
534F4C31,6282,45701513,0,2997,2854,143,0.00000,3.68762
534F4C31,6282,45703801,0,2991,2853,138,0.00000,3.55868
534F4C31,6283,45706018,0,2996,2849,147,0.00000,3.79077
534F4C31,6284,45709409,0,2999,2856,143,0.00000,3.68762
534F4C31,6285,45713266,0,2998,2853,145,0.00000,3.73919
534F4C31,6286,45716907,0,2992,2857,135,0.00000,3.48132
534F4C31,6286,45723358,0,2990,2851,139,0.00000,3.58447
534F4C31,6286,45726439,0,2996,2846,150,0.00000,3.86813
534F4C31,6286,45729690,0,2994,2850,144,0.00000,3.71341
534F4C31,6286,45731910,0,2992,2854,138,0.00000,3.55868
534F4C31,6286,45733939,0,2996,2852,144,0.00000,3.71341
534F4C31,6286,45736093,0,2996,2849,147,0.00000,3.79077
534F4C31,6286,45738305,0,2993,2850,143,0.00000,3.68762
534F4C31,6286,45740545,0,2995,2852,143,0.00000,3.68762
534F4C31,6286,45742822,0,2993,2852,141,0.00000,3.63604
534F4C31,6286,45745027,0,2996,2853,143,0.00000,3.68762
534F4C31,6287,45747069,0,2997,2850,147,0.00000,3.79077
534F4C31,6288,45750039,0,2998,2853,145,0.00000,3.73919
534F4C31,6289,45754955,0,2987,2854,133,0.00000,3.42974
534F4C31,6290,45761549,0,2994,2853,141,0.00000,3.63604
534F4C31,6291,45766260,0,3002,2850,152,0.00000,3.91971
534F4C31,6291,45771713,0,2992,2849,143,0.00000,3.68762
534F4C31,6291,45774012,0,2990,2852,138,0.00000,3.55868
534F4C31,6291,45777383,0,2987,2854,133,0.00000,3.42974
534F4C31,6291,45779570,0,2996,2849,147,0.00000,3.79077
534F4C31,6291,45781590,0,2996,2851,145,0.00000,3.73919
534F4C31,6291,45783680,0,2991,2851,140,0.00000,3.61026
534F4C31,6292,45786024,0,2988,2848,140,0.00000,3.61026
534F4C31,6293,45790607,0,2996,2850,146,0.00000,3.76498
534F4C31,6293,45795064,0,2995,2852,143,0.00000,3.68762
534F4C31,6293,45799053,0,2995,2852,143,0.00000,3.68762
534F4C31,6293,45801943,0,3002,2854,148,0.00000,3.81656
534F4C31,6293,45804932,0,2998,2852,146,0.00000,3.76498
534F4C31,6293,45807325,0,2995,2854,141,0.00000,3.63604
534F4C31,6293,45809490,0,2998,2854,144,0.00000,3.71341
534F4C31,6293,45811516,0,2999,2851,148,0.00000,3.81656
534F4C31,6293,45813638,0,2992,2853,139,0.00000,3.58447
534F4C31,6293,45815906,0,2999,2850,149,0.00000,3.84234
534F4C31,6293,45818049,0,2999,2851,148,0.00000,3.81656
534F4C31,6293,45820281,0,2989,2853,136,0.00000,3.50711
534F4C31,6293,45822670,0,2994,2855,139,0.00000,3.58447
534F4C31,6293,45824828,0,2994,2848,146,0.00000,3.76498
534F4C31,6294,45827034,0,2995,2856,139,0.00000,3.58447
534F4C31,6295,45831370,0,2996,2851,145,0.00000,3.73919
534F4C31,6296,45836563,0,2993,2853,140,0.00000,3.61026
534F4C31,6296,45841865,0,3000,2850,150,0.00000,3.86813
534F4C31,6296,45844365,0,2996,2853,143,0.00000,3.68762
534F4C31,6297,45846412,0,2992,2853,139,0.00000,3.58447
534F4C31,6297,45852342,0,2992,2850,142,0.00000,3.66183
534F4C31,6297,45854558,0,2992,2848,144,0.00000,3.71341
534F4C31,6298,45857775,0,2994,2854,140,0.00000,3.61026
534F4C31,6298,45862690,0,3000,2851,149,0.00000,3.84234
534F4C31,6298,45864936,0,2996,2855,141,0.00000,3.63604
534F4C31,6298,45867872,0,2993,2853,140,0.00000,3.61026
534F4C31,6298,45870866,0,2995,2851,144,0.00000,3.71341
534F4C31,6298,45873009,0,2995,2856,139,0.00000,3.58447
534F4C31,6298,45875125,0,2997,2854,143,0.00000,3.68762
534F4C31,6298,45877241,0,2994,2851,143,0.00000,3.68762
534F4C31,6299,45879592,0,3000,2852,148,0.00000,3.81656
534F4C31,6300,45883938,0,2987,2851,136,0.00000,3.50711
534F4C31,6301,45887631,0,2990,2854,136,0.00000,3.50711
534F4C31,6302,45893761,0,2996,2854,142,0.00000,3.66183
534F4C31,6302,45897090,0,2990,2853,137,0.00000,3.53289
534F4C31,6302,45900401,0,2986,2846,140,0.00000,3.61026
534F4C31,6303,45904722,0,2994,2849,145,0.00000,3.73919
534F4C31,6304,45908735,0,3001,2850,151,0.00000,3.89392
534F4C31,6304,45914596,0,2996,2847,149,0.00000,3.84234
534F4C31,6304,45916784,0,2996,2849,147,0.00000,3.79077
534F4C31,6304,45918966,0,2990,2848,142,0.00000,3.66183
534F4C31,6304,45922342,0,2989,2849,140,0.00000,3.61026
534F4C31,6304,45924905,0,2987,2847,140,0.00000,3.61026
534F4C31,6304,45927232,0,2996,2850,146,0.00000,3.76498
534F4C31,6304,45929297,0,2995,2848,147,0.00000,3.79077
534F4C31,6304,45931454,0,2993,2849,144,0.00000,3.71341
534F4C31,6305,45933661,0,2995,2851,144,0.00000,3.71341
534F4C31,6306,45938400,0,2990,2851,139,0.00000,3.58447
534F4C31,6307,45942359,0,2992,2846,146,0.00000,3.76498
534F4C31,6308,45948705,0,2995,2850,145,0.00000,3.73919
534F4C31,6308,45951817,0,2994,2851,143,0.00000,3.68762
534F4C31,6308,45955123,0,2996,2851,145,0.00000,3.73919
534F4C31,6309,45958746,0,2997,2851,146,0.00000,3.76498
534F4C31,6310,45962815,0,2999,2845,154,0.00000,3.97128
534F4C31,6310,45967972,0,3001,2847,154,0.00000,3.97128
534F4C31,6310,45970724,0,2992,2848,144,0.00000,3.71341
534F4C31,6310,45973784,0,2994,2849,145,0.00000,3.73919
534F4C31,6310,45975994,0,2987,2845,142,0.00000,3.66183
534F4C31,6310,45978028,0,2992,2847,145,0.00000,3.73919
534F4C31,6310,45980314,0,2990,2848,142,0.00000,3.66183
534F4C31,6310,45982506,0,2991,2846,145,0.00000,3.73919
534F4C31,6310,45984708,0,2995,2849,146,0.00000,3.76498
534F4C31,6310,45986782,0,2992,2845,147,0.00000,3.79077
534F4C31,6310,45988942,0,2993,2849,144,0.00000,3.71341
534F4C31,6310,45991052,0,2987,2847,140,0.00000,3.61026
534F4C31,6311,45993420,0,2994,2849,145,0.00000,3.73919
534F4C31,6312,45997346,0,2994,2849,145,0.00000,3.73919
534F4C31,6313,46000948,0,2997,2852,145,0.00000,3.73919
534F4C31,6314,46004745,0,2999,2845,154,0.00000,3.97128
534F4C31,6315,46011107,0,3000,2848,152,0.00000,3.91971
534F4C31,6315,46015237,0,2991,2845,146,0.00000,3.76498
534F4C31,6315,46018756,0,2990,2850,140,0.00000,3.61026
534F4C31,6315,46021494,0,2993,2848,145,0.00000,3.73919
534F4C31,6315,46024889,0,2991,2849,142,0.00000,3.66183
534F4C31,6315,46027430,0,2996,2845,151,0.00000,3.89392
534F4C31,6315,46029696,0,2994,2850,144,0.00000,3.71341
534F4C31,6316,46032153,0,2995,2848,147,0.00000,3.79077
534F4C31,6317,46036520,0,2997,2847,150,0.00000,3.86813
534F4C31,6317,46040432,0,2988,2847,141,0.00000,3.63604
534F4C31,6317,46042709,0,2999,2845,154,0.00000,3.97128
534F4C31,6317,46045626,0,2996,2853,143,0.00000,3.68762
534F4C31,6317,46049841,0,2995,2847,148,0.00000,3.81656
534F4C31,6317,46052124,0,2996,2849,147,0.00000,3.79077
534F4C31,6317,46054332,0,2993,2850,143,0.00000,3.68762
534F4C31,6317,46057340,0,2996,2848,148,0.00000,3.81656
534F4C31,6317,46059539,0,2999,2846,153,0.00000,3.94549
534F4C31,6317,46061633,0,2998,2848,150,0.00000,3.86813
534F4C31,6317,46063902,0,2994,2848,146,0.00000,3.76498
534F4C31,6317,46066151,0,2993,2851,142,0.00000,3.66183
534F4C31,6318,46068200,0,3002,2848,154,0.00000,3.97128
534F4C31,6319,46072930,0,2989,2847,142,0.00000,3.66183
534F4C31,6320,46076638,0,2990,2850,140,0.00000,3.61026
534F4C31,6321,46083138,0,2995,2848,147,0.00000,3.79077
534F4C31,6321,46086333,0,2993,2849,144,0.00000,3.71341
534F4C31,6321,46088899,0,2999,2846,153,0.00000,3.94549
534F4C31,6322,46093364,0,2993,2851,142,0.00000,3.66183
534F4C31,6322,46097990,0,2994,2850,144,0.00000,3.71341
534F4C31,6322,46102341,0,2989,2849,140,0.00000,3.61026
534F4C31,6323,46105190,0,2989,2851,138,0.00000,3.55868
534F4C31,6324,46109674,0,2997,2850,147,0.00000,3.79077
534F4C31,6324,46114878,0,2993,2845,148,0.00000,3.81656
534F4C31,6324,46117405,0,2996,2852,144,0.00000,3.71341
534F4C31,6324,46120332,0,2992,2848,144,0.00000,3.71341
534F4C31,6324,46122566,0,2994,2852,142,0.00000,3.66183
534F4C31,6325,46124837,0,2995,2847,148,0.00000,3.81656
534F4C31,6326,46129901,0,2992,2848,144,0.00000,3.71341
534F4C31,6326,46136315,0,3004,2850,154,0.00000,3.97128
534F4C31,6326,46139545,0,2990,2845,145,0.00000,3.73919
534F4C31,6326,46143030,0,2994,2846,148,0.00000,3.81656
534F4C31,6326,46145070,0,2993,2848,145,0.00000,3.73919
534F4C31,6326,46147179,0,2989,2846,143,0.00000,3.68762
534F4C31,6326,46150161,0,2999,2849,150,0.00000,3.86813
534F4C31,6326,46152365,0,2996,2847,149,0.00000,3.84234
534F4C31,6326,46154431,0,2997,2849,148,0.00000,3.81656
534F4C31,6327,46156639,0,2998,2847,151,0.00000,3.89392
534F4C31,6327,46161178,0,2996,2845,151,0.00000,3.89392
534F4C31,6327,46163413,0,2996,2848,148,0.00000,3.81656
534F4C31,6328,46166574,0,2996,2850,146,0.00000,3.76498
534F4C31,6329,46170455,0,2993,2851,142,0.00000,3.66183
534F4C31,6330,46173889,0,2990,2847,143,0.00000,3.68762
534F4C31,6331,46178308,0,2995,2850,145,0.00000,3.73919
534F4C31,6331,46185058,0,2990,2848,142,0.00000,3.66183
534F4C31,6331,46189312,0,2997,2847,150,0.00000,3.86813
534F4C31,6331,46192196,0,2990,2844,146,0.00000,3.76498
534F4C31,6331,46194394,0,2994,2846,148,0.00000,3.81656
534F4C31,6332,46197446,0,2988,2850,138,0.00000,3.55868
534F4C31,6332,46201817,0,2988,2845,143,0.00000,3.68762
534F4C31,6332,46204588,0,2999,2848,151,0.00000,3.89392
534F4C31,6332,46207756,0,2992,2847,145,0.00000,3.73919
534F4C31,6332,46210124,0,2992,2848,144,0.00000,3.71341
534F4C31,6332,46213687,0,2993,2847,146,0.00000,3.76498
534F4C31,6332,46215835,0,2994,2846,148,0.00000,3.81656
534F4C31,6332,46218037,0,2989,2845,144,0.00000,3.71341
534F4C31,6333,46221065,0,2988,2846,142,0.00000,3.66183
534F4C31,6333,46225925,0,2999,2849,150,0.00000,3.86813
534F4C31,6333,46228289,0,3000,2847,153,0.00000,3.94549
534F4C31,6333,46232288,0,3003,2848,155,0.00000,3.99707
534F4C31,6333,46235128,0,2995,2846,149,0.00000,3.84234
534F4C31,6333,46237331,0,2994,2847,147,0.00000,3.79077
534F4C31,6333,46239457,0,2998,2846,152,0.00000,3.91971
534F4C31,6334,46241736,0,2997,2849,148,0.00000,3.81656
534F4C31,6335,46246063,0,2986,2849,137,0.00000,3.53289
534F4C31,6336,46249851,0,2996,2851,145,0.00000,3.73919
534F4C31,6337,46256145,0,2989,2848,141,0.00000,3.63604
534F4C31,6337,46260760,0,2999,2847,152,0.00000,3.91971
534F4C31,6337,46264586,0,2991,2846,145,0.00000,3.73919
534F4C31,6338,46267364,0,2998,2845,153,0.00000,3.94549
534F4C31,6338,46273095,0,2992,2845,147,0.00000,3.79077
534F4C31,6338,46275276,0,2992,2851,141,0.00000,3.63604
534F4C31,6338,46278211,0,2996,2847,149,0.00000,3.84234
534F4C31,6338,46280677,0,2994,2843,151,0.00000,3.89392
534F4C31,6338,46282956,0,2991,2846,145,0.00000,3.73919
534F4C31,6338,46285192,0,3000,2846,154,0.00000,3.97128
534F4C31,6339,46287253,0,2994,2845,149,0.00000,3.84234
534F4C31,6340,46290128,0,2988,2849,139,0.00000,3.58447
534F4C31,6341,46295125,0,2993,2847,146,0.00000,3.76498
534F4C31,6341,46300668,0,2990,2848,142,0.00000,3.66183
534F4C31,6341,46303966,0,2992,2848,144,0.00000,3.71341
534F4C31,6342,46306194,0,2996,2846,150,0.00000,3.86813
534F4C31,6343,46310142,0,2998,2847,151,0.00000,3.89392
534F4C31,6344,46314726,0,2999,2848,151,0.00000,3.89392
534F4C31,6344,46320634,0,2994,2848,146,0.00000,3.76498
534F4C31,6344,46324257,0,2992,2848,144,0.00000,3.71341
534F4C31,6344,46328558,0,2993,2847,146,0.00000,3.76498
534F4C31,6344,46330820,0,2995,2847,148,0.00000,3.81656
534F4C31,6345,46333946,0,2997,2851,146,0.00000,3.76498
534F4C31,6346,46337898,0,2993,2847,146,0.00000,3.76498
534F4C31,6347,46341723,0,2994,2845,149,0.00000,3.84234
534F4C31,6347,46346503,0,2999,2848,151,0.00000,3.89392
534F4C31,6347,46350327,0,2995,2846,149,0.00000,3.84234
534F4C31,6347,46352441,0,2999,2845,154,0.00000,3.97128
534F4C31,6347,46355492,0,2998,2847,151,0.00000,3.89392
534F4C31,6347,46357841,0,3003,2845,158,0.00000,4.07443
534F4C31,6347,46359904,0,2999,2849,150,0.00000,3.86813
534F4C31,6347,46362009,0,2994,2850,144,0.00000,3.71341
534F4C31,6347,46364255,0,2996,2848,148,0.00000,3.81656
534F4C31,6347,46366437,0,2990,2846,144,0.00000,3.71341
534F4C31,6347,46368473,0,2992,2849,143,0.00000,3.68762
534F4C31,6347,46370665,0,2993,2844,149,0.00000,3.84234
534F4C31,6348,46372967,0,2995,2847,148,0.00000,3.81656
534F4C31,6349,46377302,0,2992,2850,142,0.00000,3.66183
534F4C31,6350,46381260,0,2991,2847,144,0.00000,3.71341
534F4C31,6350,46387163,0,2996,2848,148,0.00000,3.81656
534F4C31,6350,46390134,0,2994,2849,145,0.00000,3.73919
534F4C31,6351,46392851,0,2993,2844,149,0.00000,3.84234
534F4C31,6351,46397759,0,2995,2845,150,0.00000,3.86813
534F4C31,6351,46400470,0,3005,2845,160,0.00000,4.12601
534F4C31,6351,46402637,0,2984,2849,135,0.00000,3.48132
534F4C31,6351,46405371,0,2996,2845,151,0.00000,3.89392
534F4C31,6352,46408614,0,2996,2847,149,0.00000,3.84234
534F4C31,6352,46413018,0,2996,2848,148,0.00000,3.81656
534F4C31,6352,46415338,0,2989,2847,142,0.00000,3.66183
534F4C31,6352,46418474,0,2996,2846,150,0.00000,3.86813
534F4C31,6352,46421297,0,2994,2845,149,0.00000,3.84234
534F4C31,6352,46423524,0,2997,2847,150,0.00000,3.86813
534F4C31,6352,46425604,0,3000,2850,150,0.00000,3.86813
534F4C31,6352,46427769,0,3000,2848,152,0.00000,3.91971
534F4C31,6353,46430019,0,2993,2846,147,0.00000,3.79077
534F4C31,6354,46434597,0,2995,2846,149,0.00000,3.84234
534F4C31,6355,46438694,0,2988,2846,142,0.00000,3.66183
534F4C31,6356,46444719,0,2995,2847,148,0.00000,3.81656
534F4C31,6356,46447679,0,2987,2848,139,0.00000,3.58447
534F4C31,6356,46452689,0,2996,2848,148,0.00000,3.81656
534F4C31,6356,46454834,0,3000,2846,154,0.00000,3.97128
534F4C31,6356,46457742,0,2996,2848,148,0.00000,3.81656
534F4C31,6357,46460854,0,2996,2849,147,0.00000,3.79077
534F4C31,6358,46466166,0,2991,2849,142,0.00000,3.66183
534F4C31,6358,46471575,0,2997,2848,149,0.00000,3.84234
534F4C31,6358,46474798,0,2987,2849,138,0.00000,3.55868
534F4C31,6358,46478080,0,3001,2851,150,0.00000,3.86813
534F4C31,6358,46480134,0,2991,2849,142,0.00000,3.66183
534F4C31,6358,46482231,0,2995,2846,149,0.00000,3.84234
534F4C31,6358,46485269,0,2995,2847,148,0.00000,3.81656
534F4C31,6358,46487465,0,2992,2845,147,0.00000,3.79077
534F4C31,6358,46489687,0,2997,2848,149,0.00000,3.84234
534F4C31,6358,46492050,0,2992,2848,144,0.00000,3.71341
534F4C31,6359,46494080,0,3000,2846,154,0.00000,3.97128
534F4C31,6360,46498932,0,2992,2846,146,0.00000,3.76498
534F4C31,6361,46502017,0,2992,2848,144,0.00000,3.71341
534F4C31,6361,46507589,0,2991,2847,144,0.00000,3.71341
534F4C31,6361,46511185,0,3003,2849,154,0.00000,3.97128
534F4C31,6362,46513396,0,2995,2850,145,0.00000,3.73919
534F4C31,6363,46518149,0,2998,2842,156,0.00000,4.02286
534F4C31,6364,46522918,0,2998,2846,152,0.00000,3.91971
534F4C31,6365,46528411,0,2992,2844,148,0.00000,3.81656
534F4C31,6365,46533604,0,2995,2845,150,0.00000,3.86813
534F4C31,6365,46536655,0,2995,2846,149,0.00000,3.84234
534F4C31,6365,46539744,0,2995,2844,151,0.00000,3.89392
534F4C31,6365,46542143,0,2991,2847,144,0.00000,3.71341
534F4C31,6365,46544394,0,2994,2843,151,0.00000,3.89392
534F4C31,6365,46546539,0,2993,2844,149,0.00000,3.84234
534F4C31,6365,46548571,0,2992,2843,149,0.00000,3.84234
534F4C31,6365,46550643,0,2994,2841,153,0.00000,3.94549
534F4C31,6365,46552761,0,2993,2843,150,0.00000,3.86813
534F4C31,6365,46555047,0,2991,2845,146,0.00000,3.76498
534F4C31,6366,46557357,0,3002,2845,157,0.00000,4.04864
534F4C31,6367,46561633,0,2992,2841,151,0.00000,3.89392
534F4C31,6368,46565511,0,2988,2845,143,0.00000,3.68762
534F4C31,6369,46572252,0,2996,2843,153,0.00000,3.94549
534F4C31,6369,46574608,0,2991,2842,149,0.00000,3.84234
534F4C31,6370,46579070,0,2999,2844,155,0.00000,3.99707
534F4C31,6370,46582708,0,2998,2842,156,0.00000,4.02286
534F4C31,6370,46588142,0,2997,2844,153,0.00000,3.94549
534F4C31,6370,46591849,0,2986,2844,142,0.00000,3.66183
534F4C31,6370,46594618,0,2986,2846,140,0.00000,3.61026
534F4C31,6370,46596967,0,2995,2845,150,0.00000,3.86813
534F4C31,6370,46600222,0,2997,2842,155,0.00000,3.99707
534F4C31,6370,46602377,0,2998,2848,150,0.00000,3.86813
534F4C31,6370,46604566,0,2993,2841,152,0.00000,3.91971
534F4C31,6370,46606870,0,2995,2843,152,0.00000,3.91971
534F4C31,6370,46608987,0,2993,2843,150,0.00000,3.86813
534F4C31,6370,46611177,0,2989,2844,145,0.00000,3.73919
534F4C31,6370,46613218,0,2990,2843,147,0.00000,3.79077
534F4C31,6370,46615426,0,2992,2841,151,0.00000,3.89392
534F4C31,6371,46617668,0,2990,2847,143,0.00000,3.68762
534F4C31,6372,46621832,0,2999,2846,153,0.00000,3.94549
534F4C31,6373,46625913,0,2998,2844,154,0.00000,3.97128
534F4C31,6374,46632709,0,2997,2844,153,0.00000,3.94549
534F4C31,6374,46635974,0,2990,2842,148,0.00000,3.81656
534F4C31,6374,46642161,0,2998,2844,154,0.00000,3.97128
534F4C31,6374,46644668,0,2991,2844,147,0.00000,3.79077
534F4C31,6375,46646865,0,2999,2845,154,0.00000,3.97128
534F4C31,6375,46651550,0,2996,2846,150,0.00000,3.86813
534F4C31,6375,46655134,0,2990,2843,147,0.00000,3.79077
534F4C31,6376,46658144,0,2990,2845,145,0.00000,3.73919
534F4C31,6376,46661986,0,2992,2842,150,0.00000,3.86813
534F4C31,6376,46666178,0,2995,2841,154,0.00000,3.97128
534F4C31,6376,46668253,0,2996,2845,151,0.00000,3.89392
534F4C31,6376,46671300,0,2991,2841,150,0.00000,3.86813
534F4C31,6376,46674302,0,2993,2841,152,0.00000,3.91971
534F4C31,6376,46676436,0,2993,2845,148,0.00000,3.81656
534F4C31,6376,46678523,0,2991,2842,149,0.00000,3.84234
534F4C31,6377,46680645,0,2993,2843,150,0.00000,3.86813
534F4C31,6378,46685345,0,2994,2846,148,0.00000,3.81656
534F4C31,6379,46689128,0,2990,2845,145,0.00000,3.73919
534F4C31,6380,46692886,0,2991,2842,149,0.00000,3.84234
534F4C31,6381,46698830,0,2994,2844,150,0.00000,3.86813
534F4C31,6381,46702729,0,2994,2845,149,0.00000,3.84234
534F4C31,6381,46705807,0,2990,2846,144,0.00000,3.71341
534F4C31,6381,46709754,0,2994,2843,151,0.00000,3.89392
534F4C31,6381,46712039,0,3000,2842,158,0.00000,4.07443
534F4C31,6382,46714251,0,2998,2844,154,0.00000,3.97128
534F4C31,6383,46719049,0,2988,2844,144,0.00000,3.71341
534F4C31,6383,46722465,0,2995,2845,150,0.00000,3.86813
534F4C31,6383,46724983,0,2993,2840,153,0.00000,3.94549
534F4C31,6383,46729127,0,2994,2844,150,0.00000,3.86813
534F4C31,6383,46731765,0,2996,2844,152,0.00000,3.91971
534F4C31,6383,46733765,0,2993,2843,150,0.00000,3.86813
534F4C31,6383,46736677,0,2996,2842,154,0.00000,3.97128
534F4C31,6383,46739183,0,2997,2846,151,0.00000,3.89392
534F4C31,6383,46741287,0,2996,2847,149,0.00000,3.84234
534F4C31,6383,46743798,0,2996,2843,153,0.00000,3.94549
534F4C31,6383,46745950,0,3004,2847,157,0.00000,4.04864
534F4C31,6383,46748204,0,2996,2846,150,0.00000,3.86813
534F4C31,6384,46750509,0,2992,2842,150,0.00000,3.86813
534F4C31,6385,46754762,0,2996,2845,151,0.00000,3.89392
534F4C31,6386,46758341,0,2992,2845,147,0.00000,3.79077
534F4C31,6387,46764377,0,2998,2842,156,0.00000,4.02286
534F4C31,6387,46770188,0,3001,2843,158,0.00000,4.07443
534F4C31,6388,46774050,0,2992,2845,147,0.00000,3.79077
534F4C31,6388,46776797,0,3000,2842,158,0.00000,4.07443
534F4C31,6388,46780603,0,2996,2843,153,0.00000,3.94549
534F4C31,6388,46782789,0,2990,2844,146,0.00000,3.76498
534F4C31,6388,46786090,0,2998,2845,153,0.00000,3.94549
534F4C31,6388,46788316,0,3000,2844,156,0.00000,4.02286
534F4C31,6388,46790546,0,2994,2841,153,0.00000,3.94549
534F4C31,6388,46792763,0,2991,2843,148,0.00000,3.81656
534F4C31,6388,46794770,0,2993,2845,148,0.00000,3.81656
534F4C31,6388,46796889,0,2994,2842,152,0.00000,3.91971
534F4C31,6388,46799141,0,2993,2847,146,0.00000,3.76498
534F4C31,6389,46801237,0,2995,2842,153,0.00000,3.94549
534F4C31,6390,46805832,0,2992,2846,146,0.00000,3.76498
534F4C31,6391,46809532,0,2995,2841,154,0.00000,3.97128
534F4C31,6392,46815374,0,2997,2842,155,0.00000,3.99707
534F4C31,6392,46820969,0,2994,2840,154,0.00000,3.97128
534F4C31,6392,46823288,0,2997,2845,152,0.00000,3.91971
534F4C31,6393,46826265,0,2993,2844,149,0.00000,3.84234
534F4C31,6393,46831526,0,2992,2845,147,0.00000,3.79077
534F4C31,6393,46835044,0,2999,2846,153,0.00000,3.94549
534F4C31,6393,46838485,0,2998,2846,152,0.00000,3.91971
534F4C31,6393,46840956,0,2998,2842,156,0.00000,4.02286
534F4C31,6393,46843886,0,2995,2843,152,0.00000,3.91971
534F4C31,6394,46846362,0,2991,2844,147,0.00000,3.79077
534F4C31,6395,46848721,0,3002,2844,158,0.00000,4.07443
534F4C31,6396,46855547,0,2989,2842,147,0.00000,3.79077
534F4C31,6396,46859638,0,2994,2845,149,0.00000,3.84234
534F4C31,6396,46865455,0,2994,2843,151,0.00000,3.89392
534F4C31,6396,46867712,0,2992,2843,149,0.00000,3.84234
534F4C31,6396,46869961,0,3001,2844,157,0.00000,4.04864
534F4C31,6396,46872916,0,2985,2844,141,0.00000,3.63604
534F4C31,6397,46875897,0,2996,2846,150,0.00000,3.86813
534F4C31,6398,46879983,0,2995,2844,151,0.00000,3.89392
534F4C31,6398,46885079,0,2990,2845,145,0.00000,3.73919
534F4C31,6398,46887670,0,2992,2844,148,0.00000,3.81656
534F4C31,6398,46890615,0,2997,2844,153,0.00000,3.94549
534F4C31,6398,46892912,0,2998,2844,154,0.00000,3.97128
534F4C31,6398,46895033,0,2997,2841,156,0.00000,4.02286
534F4C31,6398,46897279,0,2997,2847,150,0.00000,3.86813
534F4C31,6398,46899530,0,3000,2842,158,0.00000,4.07443
534F4C31,6398,46901730,0,2990,2842,148,0.00000,3.81656
534F4C31,6399,46903830,0,2992,2845,147,0.00000,3.79077
534F4C31,6400,46907669,0,2992,2843,149,0.00000,3.84234
534F4C31,6401,46911261,0,2996,2845,151,0.00000,3.89392
534F4C31,6402,46917781,0,2998,2842,156,0.00000,4.02286
534F4C31,6403,46921563,0,2996,2844,152,0.00000,3.91971
534F4C31,6404,46927948,0,2994,2845,149,0.00000,3.84234
534F4C31,6404,46932242,0,2998,2845,153,0.00000,3.94549
534F4C31,6404,46934491,0,2996,2847,149,0.00000,3.84234
534F4C31,6404,46938915,0,2999,2846,153,0.00000,3.94549
534F4C31,6404,46941995,0,2995,2843,152,0.00000,3.91971
534F4C31,6404,46944210,0,2993,2843,150,0.00000,3.86813
534F4C31,6404,46947075,0,3001,2843,158,0.00000,4.07443
534F4C31,6405,46950178,0,2996,2845,151,0.00000,3.89392
534F4C31,6406,46955018,0,2988,2843,145,0.00000,3.73919
534F4C31,6406,46958991,0,2992,2845,147,0.00000,3.79077
534F4C31,6406,46961200,0,2996,2842,154,0.00000,3.97128
534F4C31,6406,46964176,0,2998,2843,155,0.00000,3.99707
534F4C31,6406,46968253,0,2992,2845,147,0.00000,3.79077
534F4C31,6406,46970393,0,3001,2843,158,0.00000,4.07443
534F4C31,6406,46973120,0,2994,2844,150,0.00000,3.86813
534F4C31,6406,46975551,0,2996,2845,151,0.00000,3.89392
534F4C31,6406,46977800,0,2995,2845,150,0.00000,3.86813
534F4C31,6406,46979923,0,2993,2846,147,0.00000,3.79077
534F4C31,6406,46981995,0,2995,2845,150,0.00000,3.86813
534F4C31,6406,46984141,0,3000,2844,156,0.00000,4.02286
534F4C31,6407,46986554,0,2994,2845,149,0.00000,3.84234
534F4C31,6408,46990990,0,2998,2841,157,0.00000,4.04864
534F4C31,6409,46996866,0,2993,2846,147,0.00000,3.79077
534F4C31,6409,47000621,0,2991,2848,143,0.00000,3.68762
534F4C31,6409,47003834,0,2992,2844,148,0.00000,3.81656
534F4C31,6410,47008198,0,2995,2846,149,0.00000,3.84234
534F4C31,6411,47012095,0,2993,2846,147,0.00000,3.79077
534F4C31,6411,47017712,0,2995,2844,151,0.00000,3.89392
534F4C31,6411,47019873,0,2993,2845,148,0.00000,3.81656
534F4C31,6411,47022062,0,3002,2846,156,0.00000,4.02286
534F4C31,6411,47025393,0,2995,2846,149,0.00000,3.84234
534F4C31,6411,47027571,0,2992,2844,148,0.00000,3.81656
534F4C31,6411,47029680,0,3002,2841,161,0.00000,4.15179
534F4C31,6412,47032092,0,2994,2844,150,0.00000,3.86813
534F4C31,6413,47036754,0,2993,2844,149,0.00000,3.84234
534F4C31,6414,47041510,0,2990,2847,143,0.00000,3.68762
534F4C31,6414,47046262,0,2997,2841,156,0.00000,4.02286
534F4C31,6414,47049253,0,3002,2845,157,0.00000,4.04864
534F4C31,6415,47052889,0,2994,2842,152,0.00000,3.91971
534F4C31,6416,47057612,0,2995,2841,154,0.00000,3.97128
534F4C31,6416,47060874,0,2999,2837,162,0.00000,4.17758
534F4C31,6416,47066005,0,2994,2842,152,0.00000,3.91971
534F4C31,6417,47068412,0,2995,2838,157,0.00000,4.04864
534F4C31,6418,47072732,0,2990,2842,148,0.00000,3.81656
534F4C31,6418,47077219,0,2995,2840,155,0.00000,3.99707
534F4C31,6418,47080003,0,2991,2841,150,0.00000,3.86813
534F4C31,6418,47083468,0,2993,2841,152,0.00000,3.91971
534F4C31,6418,47086064,0,2991,2840,151,0.00000,3.89392
534F4C31,6418,47088166,0,2992,2841,151,0.00000,3.89392
534F4C31,6418,47090268,0,2999,2843,156,0.00000,4.02286
534F4C31,6418,47092331,0,2995,2841,154,0.00000,3.97128
534F4C31,6418,47094579,0,3000,2842,158,0.00000,4.07443
534F4C31,6418,47096828,0,2999,2840,159,0.00000,4.10022
534F4C31,6418,47099042,0,3001,2840,161,0.00000,4.15179
534F4C31,6419,47101105,0,2993,2840,153,0.00000,3.94549
534F4C31,6420,47103953,0,3003,2844,159,0.00000,4.10022
534F4C31,6421,47108521,0,2997,2840,157,0.00000,4.04864
534F4C31,6422,47114466,0,2991,2842,149,0.00000,3.84234
534F4C31,6422,47119363,0,2997,2844,153,0.00000,3.94549
534F4C31,6422,47122845,0,2990,2839,151,0.00000,3.89392
534F4C31,6423,47126430,0,2996,2840,156,0.00000,4.02286
534F4C31,6423,47130276,0,2991,2842,149,0.00000,3.84234
534F4C31,6423,47133429,0,3002,2841,161,0.00000,4.15179
534F4C31,6423,47136037,0,2995,2841,154,0.00000,3.97128
534F4C31,6423,47138211,0,3000,2842,158,0.00000,4.07443
534F4C31,6423,47141512,0,2992,2840,152,0.00000,3.91971
534F4C31,6423,47143766,0,2996,2843,153,0.00000,3.94549
534F4C31,6423,47145782,0,2992,2840,152,0.00000,3.91971
534F4C31,6423,47147916,0,2990,2839,151,0.00000,3.89392
534F4C31,6423,47150031,0,2996,2840,156,0.00000,4.02286
534F4C31,6423,47152254,0,3001,2840,161,0.00000,4.15179
534F4C31,6424,47154884,0,3001,2841,160,0.00000,4.12601
534F4C31,6425,47160359,0,2999,2842,157,0.00000,4.04864
534F4C31,6426,47164343,0,2995,2840,155,0.00000,3.99707
534F4C31,6427,47170794,0,2995,2843,152,0.00000,3.91971
534F4C31,6428,47175255,0,2996,2842,154,0.00000,3.97128
534F4C31,6428,47180238,0,2995,2842,153,0.00000,3.94549
534F4C31,6428,47183133,0,2999,2842,157,0.00000,4.04864
534F4C31,6428,47185919,0,2993,2844,149,0.00000,3.84234
534F4C31,6428,47188959,0,2991,2841,150,0.00000,3.86813
534F4C31,6429,47191596,0,2993,2844,149,0.00000,3.84234
534F4C31,6430,47195587,0,2996,2841,155,0.00000,3.99707
534F4C31,6431,47199638,0,3001,2842,159,0.00000,4.10022
534F4C31,6431,47203006,0,3001,2842,159,0.00000,4.10022
534F4C31,6431,47207401,0,2997,2839,158,0.00000,4.07443
534F4C31,6431,47210434,0,2991,2843,148,0.00000,3.81656
534F4C31,6431,47213158,0,2998,2843,155,0.00000,3.99707
534F4C31,6431,47215407,0,2996,2840,156,0.00000,4.02286
534F4C31,6431,47217679,0,3002,2841,161,0.00000,4.15179
534F4C31,6431,47219840,0,3000,2841,159,0.00000,4.10022
534F4C31,6431,47222008,0,2993,2841,152,0.00000,3.91971
534F4C31,6431,47224060,0,2985,2840,145,0.00000,3.73919
534F4C31,6431,47226166,0,2993,2841,152,0.00000,3.91971
534F4C31,6431,47228337,0,3000,2841,159,0.00000,4.10022
534F4C31,6432,47230534,0,2990,2841,149,0.00000,3.84234
534F4C31,6433,47235613,0,3001,2841,160,0.00000,4.12601
534F4C31,6434,47239409,0,2993,2842,151,0.00000,3.89392
534F4C31,6435,47243084,0,2996,2840,156,0.00000,4.02286
534F4C31,6436,47249323,0,2991,2839,152,0.00000,3.91971
534F4C31,6436,47252429,0,2988,2840,148,0.00000,3.81656
534F4C31,6436,47255005,0,2991,2839,152,0.00000,3.91971
534F4C31,6436,47259459,0,2996,2842,154,0.00000,3.97128
534F4C31,6436,47263626,0,3003,2842,161,0.00000,4.15179
534F4C31,6436,47265843,0,2992,2842,150,0.00000,3.86813
534F4C31,6436,47267993,0,2996,2841,155,0.00000,3.99707
534F4C31,6437,47271141,0,2991,2841,150,0.00000,3.86813
534F4C31,6438,47276196,0,2990,2840,150,0.00000,3.86813
534F4C31,6438,47280791,0,2998,2840,158,0.00000,4.07443
534F4C31,6438,47282958,0,2995,2841,154,0.00000,3.97128
534F4C31,6438,47287174,0,2989,2842,147,0.00000,3.79077
534F4C31,6438,47289552,0,2993,2841,152,0.00000,3.91971
534F4C31,6438,47291666,0,2994,2840,154,0.00000,3.97128
534F4C31,6438,47293850,0,2991,2840,151,0.00000,3.89392
534F4C31,6439,47296910,0,2996,2839,157,0.00000,4.04864
534F4C31,6440,47300649,0,2999,2840,159,0.00000,4.10022
534F4C31,6441,47305292,0,2990,2838,152,0.00000,3.91971
534F4C31,6441,47308219,0,2986,2839,147,0.00000,3.79077
534F4C31,6441,47313259,0,2994,2836,158,0.00000,4.07443
534F4C31,6441,47316135,0,2993,2839,154,0.00000,3.97128
534F4C31,6441,47319076,0,2994,2843,151,0.00000,3.89392
534F4C31,6441,47321498,0,2994,2843,151,0.00000,3.89392
534F4C31,6441,47323706,0,3001,2839,162,0.00000,4.17758
534F4C31,6441,47325827,0,2998,2838,160,0.00000,4.12601
534F4C31,6441,47327886,0,2997,2840,157,0.00000,4.04864
534F4C31,6441,47330028,0,2996,2842,154,0.00000,3.97128
534F4C31,6442,47332275,0,2992,2841,151,0.00000,3.89392
534F4C31,6443,47336819,0,3005,2841,164,0.00000,4.22916
534F4C31,6444,47342674,0,2992,2841,151,0.00000,3.89392
534F4C31,6444,47346343,0,2992,2842,150,0.00000,3.86813
534F4C31,6444,47350928,0,2993,2845,148,0.00000,3.81656
534F4C31,6444,47353085,0,2993,2839,154,0.00000,3.97128
534F4C31,6444,47355918,0,2991,2843,148,0.00000,3.81656
534F4C31,6444,47358616,0,3002,2840,162,0.00000,4.17758
534F4C31,6444,47360906,0,2993,2842,151,0.00000,3.89392
534F4C31,6444,47363237,0,2995,2846,149,0.00000,3.84234
534F4C31,6444,47365518,0,2996,2840,156,0.00000,4.02286
534F4C31,6445,47367580,0,2995,2843,152,0.00000,3.91971
534F4C31,6446,47371881,0,2994,2838,156,0.00000,4.02286
534F4C31,6447,47375552,0,2998,2842,156,0.00000,4.02286
534F4C31,6448,47381046,0,2994,2841,153,0.00000,3.94549
534F4C31,6448,47386101,0,3001,2844,157,0.00000,4.04864
534F4C31,6448,47388337,0,3000,2843,157,0.00000,4.04864
534F4C31,6449,47392489,0,2994,2842,152,0.00000,3.91971
534F4C31,6449,47395862,0,2999,2841,158,0.00000,4.07443
534F4C31,6449,47400505,0,2994,2842,152,0.00000,3.91971
534F4C31,6450,47403529,0,3000,2840,160,0.00000,4.12601
534F4C31,6450,47406960,0,3003,2840,163,0.00000,4.20337
534F4C31,6450,47411402,0,2993,2845,148,0.00000,3.81656
534F4C31,6450,47414441,0,2995,2842,153,0.00000,3.94549
534F4C31,6450,47417284,0,2995,2842,153,0.00000,3.94549
534F4C31,6450,47419963,0,2988,2842,146,0.00000,3.76498
534F4C31,6450,47422178,0,3003,2842,161,0.00000,4.15179
534F4C31,6450,47424418,0,2998,2842,156,0.00000,4.02286
534F4C31,6450,47426562,0,2991,2842,149,0.00000,3.84234
534F4C31,6450,47428597,0,3000,2839,161,0.00000,4.15179
534F4C31,6451,47430692,0,2998,2841,157,0.00000,4.04864
534F4C31,6452,47435941,0,2996,2843,153,0.00000,3.94549
534F4C31,6453,47440414,0,2997,2839,158,0.00000,4.07443
534F4C31,6453,47444956,0,2999,2840,159,0.00000,4.10022
534F4C31,6453,47448618,0,2994,2842,152,0.00000,3.91971
534F4C31,6453,47450835,0,2990,2840,150,0.00000,3.86813
534F4C31,6453,47453770,0,2994,2841,153,0.00000,3.94549
534F4C31,6454,47456162,0,2999,2842,157,0.00000,4.04864
534F4C31,6455,47461061,0,3000,2839,161,0.00000,4.15179
534F4C31,6456,47465417,0,2999,2843,156,0.00000,4.02286
534F4C31,6456,47470763,0,2993,2839,154,0.00000,3.97128
534F4C31,6456,47472993,0,2996,2839,157,0.00000,4.04864
534F4C31,6456,47475791,0,2992,2841,151,0.00000,3.89392
534F4C31,6456,47478640,0,2992,2841,151,0.00000,3.89392
534F4C31,6456,47480934,0,2991,2838,153,0.00000,3.94549
534F4C31,6456,47483250,0,2998,2840,158,0.00000,4.07443
534F4C31,6457,47485514,0,2989,2839,150,0.00000,3.86813
534F4C31,6458,47488606,0,3000,2843,157,0.00000,4.04864
534F4C31,6459,47492791,0,2999,2838,161,0.00000,4.15179
534F4C31,6460,47496584,0,2996,2836,160,0.00000,4.12601
534F4C31,6461,47502452,0,2992,2842,150,0.00000,3.86813
534F4C31,6462,47507843,0,2997,2840,157,0.00000,4.04864
534F4C31,6462,47512054,0,2990,2844,146,0.00000,3.76498
534F4C31,6462,47515857,0,2998,2841,157,0.00000,4.04864
534F4C31,6462,47519044,0,2990,2839,151,0.00000,3.89392
534F4C31,6462,47521286,0,2991,2842,149,0.00000,3.84234
534F4C31,6462,47524857,0,2992,2840,152,0.00000,3.91971
534F4C31,6462,47527052,0,3000,2840,160,0.00000,4.12601
534F4C31,6462,47529691,0,2984,2838,146,0.00000,3.76498
534F4C31,6462,47531800,0,2997,2842,155,0.00000,3.99707
534F4C31,6462,47534001,0,2994,2843,151,0.00000,3.89392
534F4C31,6462,47537303,0,2997,2841,156,0.00000,4.02286
534F4C31,6462,47539478,0,2996,2843,153,0.00000,3.94549
534F4C31,6462,47541523,0,2987,2840,147,0.00000,3.79077
534F4C31,6462,47543669,0,3003,2843,160,0.00000,4.12601
534F4C31,6462,47545637,0,2997,2842,155,0.00000,3.99707
534F4C31,6462,47547828,0,2992,2842,150,0.00000,3.86813
534F4C31,6462,47550078,0,2993,2841,152,0.00000,3.91971
534F4C31,6462,47552202,0,2998,2839,159,0.00000,4.10022
534F4C31,6462,47554313,0,3000,2842,158,0.00000,4.07443
534F4C31,6463,47556493,0,2991,2842,149,0.00000,3.84234
534F4C31,6464,47560822,0,2996,2840,156,0.00000,4.02286
534F4C31,6465,47565896,0,2996,2843,153,0.00000,3.94549
534F4C31,6466,47572326,0,2995,2841,154,0.00000,3.97128
534F4C31,6466,47576208,0,3003,2841,162,0.00000,4.17758
534F4C31,6466,47581085,0,2996,2842,154,0.00000,3.97128
534F4C31,6466,47584027,0,2996,2841,155,0.00000,3.99707
534F4C31,6466,47587003,0,2997,2842,155,0.00000,3.99707
534F4C31,6467,47589691,0,2997,2840,157,0.00000,4.04864
534F4C31,6468,47594547,0,2992,2840,152,0.00000,3.91971
534F4C31,6468,47597884,0,2991,2842,149,0.00000,3.84234
534F4C31,6468,47602297,0,2994,2839,155,0.00000,3.99707
534F4C31,6469,47605482,0,3001,2839,162,0.00000,4.17758
534F4C31,6470,47609873,0,2995,2840,155,0.00000,3.99707
534F4C31,6471,47614960,0,2995,2841,154,0.00000,3.97128
534F4C31,6471,47620062,0,2995,2840,155,0.00000,3.99707
534F4C31,6471,47622512,0,2997,2841,156,0.00000,4.02286
534F4C31,6471,47624659,0,2989,2842,147,0.00000,3.79077
534F4C31,6471,47627915,0,2999,2838,161,0.00000,4.15179
534F4C31,6471,47630256,0,2993,2841,152,0.00000,3.91971
534F4C31,6471,47632524,0,2999,2842,157,0.00000,4.04864
534F4C31,6471,47634648,0,2995,2840,155,0.00000,3.99707
534F4C31,6471,47636754,0,2997,2841,156,0.00000,4.02286
534F4C31,6471,47638894,0,2997,2838,159,0.00000,4.10022
534F4C31,6471,47641074,0,2997,2844,153,0.00000,3.94549
534F4C31,6471,47643342,0,2994,2839,155,0.00000,3.99707
534F4C31,6471,47645382,0,2995,2840,155,0.00000,3.99707
534F4C31,6471,47647471,0,2988,2839,149,0.00000,3.84234
534F4C31,6472,47649575,0,2993,2845,148,0.00000,3.81656
534F4C31,6473,47654090,0,2991,2841,150,0.00000,3.86813
534F4C31,6474,47658031,0,2992,2834,158,0.00000,4.07443
534F4C31,6475,47662541,0,2987,2838,149,0.00000,3.84234
534F4C31,6475,47668363,0,3000,2841,159,0.00000,4.10022
534F4C31,6475,47670793,0,2995,2835,160,0.00000,4.12601
534F4C31,6476,47674250,0,2994,2837,157,0.00000,4.04864
534F4C31,6477,47678991,0,2999,2836,163,0.00000,4.20337
534F4C31,6478,47683405,0,3000,2834,166,0.00000,4.28073
534F4C31,6478,47688966,0,3000,2838,162,0.00000,4.17758
534F4C31,6478,47691288,0,2991,2834,157,0.00000,4.04864
534F4C31,6478,47693478,0,2988,2835,153,0.00000,3.94549
534F4C31,6479,47696406,0,2993,2838,155,0.00000,3.99707
534F4C31,6480,47699395,0,2995,2837,158,0.00000,4.07443
534F4C31,6481,47704156,0,2997,2840,157,0.00000,4.04864
534F4C31,6481,47710530,0,2996,2834,162,0.00000,4.17758
534F4C31,6481,47712689,0,2994,2836,158,0.00000,4.07443
534F4C31,6482,47715622,0,2993,2835,158,0.00000,4.07443
534F4C31,6483,47720712,0,2992,2836,156,0.00000,4.02286
534F4C31,6484,47726008,0,2989,2837,152,0.00000,3.91971
534F4C31,6485,47730489,0,2992,2837,155,0.00000,3.99707
534F4C31,6485,47736262,0,2998,2837,161,0.00000,4.15179
534F4C31,6485,47738547,0,2998,2839,159,0.00000,4.10022
534F4C31,6485,47742157,0,2997,2839,158,0.00000,4.07443
534F4C31,6485,47744532,0,2993,2839,154,0.00000,3.97128
534F4C31,6485,47746656,0,2997,2836,161,0.00000,4.15179
534F4C31,6485,47748771,0,2995,2839,156,0.00000,4.02286
534F4C31,6486,47751130,0,2997,2836,161,0.00000,4.15179
534F4C31,6487,47755750,0,2992,2836,156,0.00000,4.02286
534F4C31,6487,47761096,0,2994,2839,155,0.00000,3.99707
534F4C31,6488,47764086,0,2993,2838,155,0.00000,3.99707
534F4C31,6489,47768049,0,2995,2839,156,0.00000,4.02286
534F4C31,6489,47773224,0,2990,2838,152,0.00000,3.91971
534F4C31,6489,47777548,0,2989,2837,152,0.00000,3.91971
534F4C31,6489,47780490,0,2991,2837,154,0.00000,3.97128
534F4C31,6489,47783423,0,2989,2835,154,0.00000,3.97128
534F4C31,6489,47785778,0,2995,2834,161,0.00000,4.15179
534F4C31,6489,47787925,0,2993,2838,155,0.00000,3.99707
534F4C31,6489,47790165,0,2996,2836,160,0.00000,4.12601
534F4C31,6489,47792276,0,2994,2838,156,0.00000,4.02286
534F4C31,6489,47794388,0,2994,2834,160,0.00000,4.12601
534F4C31,6490,47796625,0,2996,2838,158,0.00000,4.07443
534F4C31,6490,47800649,0,2989,2838,151,0.00000,3.89392
534F4C31,6490,47803793,0,3002,2839,163,0.00000,4.20337
534F4C31,6491,47806189,0,2998,2837,161,0.00000,4.15179
534F4C31,6492,47811183,0,3000,2837,163,0.00000,4.20337
534F4C31,6493,47814952,0,2995,2836,159,0.00000,4.10022
534F4C31,6494,47821276,0,2994,2837,157,0.00000,4.04864
534F4C31,6494,47826103,0,2990,2838,152,0.00000,3.91971
534F4C31,6494,47830003,0,3001,2840,161,0.00000,4.15179
534F4C31,6494,47832825,0,2992,2837,155,0.00000,3.99707
534F4C31,6494,47835698,0,2990,2838,152,0.00000,3.91971
534F4C31,6495,47838139,0,2998,2839,159,0.00000,4.10022
534F4C31,6495,47842839,0,2998,2839,159,0.00000,4.10022
534F4C31,6495,47845137,0,2997,2838,159,0.00000,4.10022
534F4C31,6495,47848068,0,3002,2838,164,0.00000,4.22916
534F4C31,6495,47850435,0,2993,2840,153,0.00000,3.94549
534F4C31,6495,47852698,0,2996,2837,159,0.00000,4.10022
534F4C31,6495,47854858,0,2991,2837,154,0.00000,3.97128
534F4C31,6495,47856960,0,2998,2837,161,0.00000,4.15179
534F4C31,6495,47859033,0,2990,2830,160,0.00000,4.12601
534F4C31,6495,47861139,0,2989,2837,152,0.00000,3.91971
534F4C31,6495,47863391,0,2999,2837,162,0.00000,4.17758
534F4C31,6495,47865556,0,2998,2840,158,0.00000,4.07443
534F4C31,6495,47867667,0,2995,2838,157,0.00000,4.04864
534F4C31,6495,47870133,0,2995,2835,160,0.00000,4.12601
534F4C31,6495,47872327,0,2991,2836,155,0.00000,3.99707
534F4C31,6495,47874703,0,2992,2838,154,0.00000,3.97128
534F4C31,6495,47876905,0,2993,2837,156,0.00000,4.02286
534F4C31,6495,47879090,0,2996,2840,156,0.00000,4.02286
534F4C31,6495,47881160,0,2997,2836,161,0.00000,4.15179
534F4C31,6495,47883283,0,2995,2840,155,0.00000,3.99707
534F4C31,6495,47885365,0,2993,2835,158,0.00000,4.07443
534F4C31,6496,47887739,0,2991,2835,156,0.00000,4.02286
534F4C31,6497,47892177,0,2997,2837,160,0.00000,4.12601
534F4C31,6498,47897328,0,2997,2838,159,0.00000,4.10022
534F4C31,6498,47902220,0,2995,2837,158,0.00000,4.07443
534F4C31,6498,47905206,0,2997,2837,160,0.00000,4.12601
534F4C31,6498,47908252,0,2995,2839,156,0.00000,4.02286
534F4C31,6498,47910543,0,2997,2838,159,0.00000,4.10022
534F4C31,6499,47912826,0,2996,2836,160,0.00000,4.12601
534F4C31,6500,47917129,0,2994,2835,159,0.00000,4.10022
534F4C31,6501,47920933,0,2992,2837,155,0.00000,3.99707
534F4C31,6502,47925397,0,2996,2834,162,0.00000,4.17758
534F4C31,6502,47929912,0,2997,2833,164,0.00000,4.22916
534F4C31,6502,47932220,0,3000,2838,162,0.00000,4.17758
534F4C31,6502,47934238,0,2994,2838,156,0.00000,4.02286
534F4C31,6502,47938884,0,3000,2837,163,0.00000,4.20337
534F4C31,6502,47941179,0,2998,2836,162,0.00000,4.17758
534F4C31,6502,47943518,0,3002,2836,166,0.00000,4.28073
534F4C31,6503,47946883,0,2992,2837,155,0.00000,3.99707
534F4C31,6504,47951164,0,2994,2836,158,0.00000,4.07443
534F4C31,6504,47954568,0,2998,2837,161,0.00000,4.15179
534F4C31,6504,47959426,0,2996,2841,155,0.00000,3.99707
534F4C31,6504,47962468,0,2998,2835,163,0.00000,4.20337
534F4C31,6504,47964818,0,2989,2839,150,0.00000,3.86813
534F4C31,6504,47967986,0,2998,2839,159,0.00000,4.10022
534F4C31,6504,47970214,0,2993,2837,156,0.00000,4.02286
534F4C31,6504,47972724,0,2996,2836,160,0.00000,4.12601
534F4C31,6504,47975030,0,2993,2839,154,0.00000,3.97128
534F4C31,6504,47977406,0,2995,2835,160,0.00000,4.12601
534F4C31,6505,47979429,0,3001,2836,165,0.00000,4.25495
534F4C31,6506,47984064,0,2996,2838,158,0.00000,4.07443
534F4C31,6507,47988595,0,2990,2840,150,0.00000,3.86813
534F4C31,6507,47992491,0,2990,2837,153,0.00000,3.94549
534F4C31,6507,47996606,0,2994,2838,156,0.00000,4.02286
534F4C31,6508,47998622,0,2989,2839,150,0.00000,3.86813
534F4C31,6509,48004731,0,2992,2840,152,0.00000,3.91971
534F4C31,6510,48008509,0,3002,2835,167,0.00000,4.30652
534F4C31,6510,48014574,0,2997,2838,159,0.00000,4.10022
534F4C31,6510,48016802,0,2995,2838,157,0.00000,4.04864
534F4C31,6510,48019714,0,2999,2837,162,0.00000,4.17758
534F4C31,6510,48022311,0,2999,2837,162,0.00000,4.17758
534F4C31,6510,48024406,0,2989,2836,153,0.00000,3.94549
534F4C31,6510,48026506,0,2994,2837,157,0.00000,4.04864
534F4C31,6510,48028690,0,2996,2837,159,0.00000,4.10022
534F4C31,6510,48030910,0,2998,2836,162,0.00000,4.17758
534F4C31,6511,48033026,0,2995,2836,159,0.00000,4.10022
534F4C31,6512,48037360,0,2997,2837,160,0.00000,4.12601
534F4C31,6513,48040962,0,3004,2837,167,0.00000,4.30652
534F4C31,6514,48046811,0,2997,2835,162,0.00000,4.17758
534F4C31,6515,48051858,0,3002,2836,166,0.00000,4.28073
534F4C31,6515,48055827,0,3004,2835,169,0.00000,4.35810
534F4C31,6515,48059602,0,2998,2839,159,0.00000,4.10022
534F4C31,6515,48061752,0,2998,2838,160,0.00000,4.12601
534F4C31,6515,48063796,0,2994,2839,155,0.00000,3.99707
534F4C31,6516,48067064,0,2989,2837,152,0.00000,3.91971
534F4C31,6516,48071821,0,2989,2837,152,0.00000,3.91971
534F4C31,6516,48074036,0,3003,2837,166,0.00000,4.28073
534F4C31,6516,48077354,0,2997,2836,161,0.00000,4.15179
534F4C31,6516,48079897,0,2999,2837,162,0.00000,4.17758
534F4C31,6516,48082078,0,2996,2837,159,0.00000,4.10022
534F4C31,6516,48084304,0,2999,2838,161,0.00000,4.15179
534F4C31,6516,48086469,0,2995,2839,156,0.00000,4.02286
534F4C31,6516,48088585,0,2995,2839,156,0.00000,4.02286
534F4C31,6516,48090661,0,2993,2837,156,0.00000,4.02286
534F4C31,6516,48092854,0,2997,2838,159,0.00000,4.10022
534F4C31,6516,48094987,0,2991,2837,154,0.00000,3.97128
534F4C31,6517,48097076,0,2997,2839,158,0.00000,4.07443
534F4C31,6518,48101458,0,2997,2835,162,0.00000,4.17758
534F4C31,6519,48105186,0,2999,2838,161,0.00000,4.15179
534F4C31,6520,48111392,0,2999,2836,163,0.00000,4.20337
534F4C31,6520,48116310,0,2993,2836,157,0.00000,4.04864
534F4C31,6520,48118789,0,2996,2839,157,0.00000,4.04864
534F4C31,6520,48121835,0,2993,2838,155,0.00000,3.99707
534F4C31,6520,48124152,0,2996,2838,158,0.00000,4.07443
534F4C31,6521,48126173,0,2998,2837,161,0.00000,4.15179
534F4C31,6522,48131385,0,2998,2838,160,0.00000,4.12601
534F4C31,6522,48136295,0,2987,2835,152,0.00000,3.91971
534F4C31,6523,48139896,0,3000,2837,163,0.00000,4.20337
534F4C31,6524,48144089,0,2994,2837,157,0.00000,4.04864
534F4C31,6525,48147625,0,3000,2838,162,0.00000,4.17758
534F4C31,6525,48153823,0,2994,2839,155,0.00000,3.99707
534F4C31,6525,48156886,0,2999,2838,161,0.00000,4.15179
534F4C31,6525,48159223,0,2992,2837,155,0.00000,3.99707
534F4C31,6525,48163183,0,2994,2838,156,0.00000,4.02286
534F4C31,6525,48166030,0,3000,2837,163,0.00000,4.20337
534F4C31,6525,48168280,0,2997,2838,159,0.00000,4.10022
534F4C31,6525,48171128,0,2997,2838,159,0.00000,4.10022
534F4C31,6525,48173488,0,2998,2838,160,0.00000,4.12601
534F4C31,6525,48175763,0,2992,2836,156,0.00000,4.02286
534F4C31,6526,48178247,0,2994,2836,158,0.00000,4.07443
534F4C31,6526,48183775,0,2990,2838,152,0.00000,3.91971
534F4C31,6526,48186050,0,2995,2836,159,0.00000,4.10022
534F4C31,6526,48188189,0,3000,2837,163,0.00000,4.20337
534F4C31,6526,48190993,0,2992,2835,157,0.00000,4.04864
534F4C31,6526,48193540,0,2992,2839,153,0.00000,3.94549
534F4C31,6526,48195717,0,2997,2838,159,0.00000,4.10022
534F4C31,6526,48197783,0,2992,2839,153,0.00000,3.94549
534F4C31,6527,48200571,0,2997,2834,163,0.00000,4.20337
534F4C31,6528,48204302,0,2997,2835,162,0.00000,4.17758
534F4C31,6529,48209599,0,2997,2831,166,0.00000,4.28073
534F4C31,6529,48213613,0,2997,2835,162,0.00000,4.17758
534F4C31,6529,48217250,0,3000,2833,167,0.00000,4.30652
534F4C31,6529,48220225,0,2992,2834,158,0.00000,4.07443
534F4C31,6529,48222447,0,2989,2834,155,0.00000,3.99707
534F4C31,6530,48224647,0,2993,2831,162,0.00000,4.17758
534F4C31,6531,48229394,0,2990,2830,160,0.00000,4.12601
534F4C31,6532,48233381,0,2999,2833,166,0.00000,4.28073
534F4C31,6533,48239161,0,2996,2835,161,0.00000,4.15179
534F4C31,6533,48245070,0,2992,2832,160,0.00000,4.12601
534F4C31,6533,48247519,0,2996,2831,165,0.00000,4.25495
534F4C31,6533,48250382,0,2993,2834,159,0.00000,4.10022
534F4C31,6533,48252717,0,3001,2834,167,0.00000,4.30652
534F4C31,6533,48254966,0,2993,2835,158,0.00000,4.07443
534F4C31,6533,48257248,0,2987,2832,155,0.00000,3.99707
534F4C31,6534,48259474,0,2992,2829,163,0.00000,4.20337
534F4C31,6535,48263419,0,2999,2833,166,0.00000,4.28073
534F4C31,6536,48267911,0,2989,2833,156,0.00000,4.02286
534F4C31,6536,48274808,0,2987,2831,156,0.00000,4.02286
534F4C31,6536,48278763,0,2997,2833,164,0.00000,4.22916
534F4C31,6536,48281456,0,2993,2829,164,0.00000,4.22916
534F4C31,6536,48283887,0,2990,2839,151,0.00000,3.89392
534F4C31,6536,48286895,0,2998,2833,165,0.00000,4.25495
534F4C31,6536,48289187,0,2985,2834,151,0.00000,3.89392
534F4C31,6536,48291367,0,2994,2834,160,0.00000,4.12601
534F4C31,6536,48293563,0,2995,2835,160,0.00000,4.12601
534F4C31,6537,48295611,0,2994,2834,160,0.00000,4.12601
534F4C31,6538,48300518,0,3001,2833,168,0.00000,4.33231
534F4C31,6539,48304203,0,2997,2835,162,0.00000,4.17758
534F4C31,6540,48309852,0,2995,2835,160,0.00000,4.12601
534F4C31,6541,48314215,0,2993,2833,160,0.00000,4.12601
534F4C31,6541,48318416,0,2996,2831,165,0.00000,4.25495
534F4C31,6541,48322628,0,2994,2831,163,0.00000,4.20337
534F4C31,6541,48324928,0,2991,2833,158,0.00000,4.07443
534F4C31,6541,48327020,0,2988,2831,157,0.00000,4.04864
534F4C31,6541,48329920,0,2997,2833,164,0.00000,4.22916
534F4C31,6541,48332315,0,2998,2830,168,0.00000,4.33231
534F4C31,6541,48334528,0,3000,2833,167,0.00000,4.30652
534F4C31,6541,48336742,0,2996,2832,164,0.00000,4.22916
534F4C31,6541,48338989,0,2993,2832,161,0.00000,4.15179
534F4C31,6541,48341261,0,2986,2834,152,0.00000,3.91971
534F4C31,6542,48343357,0,2990,2834,156,0.00000,4.02286
534F4C31,6543,48347106,0,3000,2831,169,0.00000,4.35810
534F4C31,6544,48350783,0,2997,2832,165,0.00000,4.25495
534F4C31,6545,48356128,0,2995,2833,162,0.00000,4.17758
534F4C31,6546,48361194,0,2998,2834,164,0.00000,4.22916
534F4C31,6546,48367227,0,2991,2832,159,0.00000,4.10022
534F4C31,6546,48369527,0,2995,2831,164,0.00000,4.22916
534F4C31,6546,48371662,0,2992,2833,159,0.00000,4.10022
534F4C31,6546,48375209,0,2997,2834,163,0.00000,4.20337
534F4C31,6546,48377400,0,2993,2831,162,0.00000,4.17758
534F4C31,6546,48379412,0,2995,2835,160,0.00000,4.12601
534F4C31,6546,48381495,0,2997,2831,166,0.00000,4.28073
534F4C31,6546,48384121,0,2994,2828,166,0.00000,4.28073
534F4C31,6546,48386329,0,2998,2834,164,0.00000,4.22916
534F4C31,6546,48388592,0,2995,2834,161,0.00000,4.15179
534F4C31,6547,48390884,0,2998,2834,164,0.00000,4.22916
534F4C31,6548,48394194,0,2997,2831,166,0.00000,4.28073
534F4C31,6549,48398642,0,2998,2837,161,0.00000,4.15179
534F4C31,6550,48404908,0,2994,2834,160,0.00000,4.12601
534F4C31,6551,48409297,0,2996,2833,163,0.00000,4.20337
534F4C31,6551,48415304,0,2986,2833,153,0.00000,3.94549
534F4C31,6552,48418944,0,2994,2832,162,0.00000,4.17758
534F4C31,6552,48423373,0,2998,2833,165,0.00000,4.25495
534F4C31,6552,48426362,0,2996,2833,163,0.00000,4.20337
534F4C31,6553,48430359,0,2995,2833,162,0.00000,4.17758
534F4C31,6553,48434172,0,2994,2834,160,0.00000,4.12601
534F4C31,6554,48438180,0,2995,2831,164,0.00000,4.22916
534F4C31,6554,48442950,0,2995,2835,160,0.00000,4.12601
534F4C31,6554,48445172,0,2987,2832,155,0.00000,3.99707
534F4C31,6554,48447288,0,2992,2831,161,0.00000,4.15179
534F4C31,6554,48449991,0,2989,2833,156,0.00000,4.02286
534F4C31,6554,48452991,0,2994,2830,164,0.00000,4.22916
534F4C31,6555,48455433,0,2989,2835,154,0.00000,3.97128
534F4C31,6555,48458668,0,2992,2832,160,0.00000,4.12601
534F4C31,6555,48463206,0,2998,2834,164,0.00000,4.22916
534F4C31,6555,48467064,0,2999,2838,161,0.00000,4.15179
534F4C31,6555,48469416,0,3005,2831,174,0.00000,4.48703
534F4C31,6555,48471676,0,2993,2832,161,0.00000,4.15179
534F4C31,6555,48473886,0,2994,2833,161,0.00000,4.15179
534F4C31,6555,48475975,0,2997,2832,165,0.00000,4.25495
534F4C31,6555,48478093,0,2994,2832,162,0.00000,4.17758
534F4C31,6555,48480328,0,2991,2832,159,0.00000,4.10022
534F4C31,6555,48482433,0,2989,2834,155,0.00000,3.99707
534F4C31,6555,48484992,0,2995,2832,163,0.00000,4.20337
534F4C31,6556,48487056,0,2995,2835,160,0.00000,4.12601
534F4C31,6557,48491820,0,2993,2832,161,0.00000,4.15179
534F4C31,6558,48495522,0,2994,2834,160,0.00000,4.12601
534F4C31,6559,48499294,0,2999,2834,165,0.00000,4.25495
534F4C31,6560,48503002,0,3000,2833,167,0.00000,4.30652
534F4C31,6561,48506711,0,2994,2837,157,0.00000,4.04864
534F4C31,6562,48510462,0,2997,2834,163,0.00000,4.20337
534F4C31,6563,48514396,0,2994,2832,162,0.00000,4.17758
534F4C31,6564,48518080,0,2992,2835,157,0.00000,4.04864
534F4C31,6565,48521940,0,2991,2831,160,0.00000,4.12601
534F4C31,6566,48524982,0,2993,2833,160,0.00000,4.12601
534F4C31,6567,48529202,0,2999,2834,165,0.00000,4.25495
534F4C31,6568,48532982,0,2992,2835,157,0.00000,4.04864
534F4C31,6569,48536672,0,2992,2836,156,0.00000,4.02286
534F4C31,6570,48540296,0,2989,2831,158,0.00000,4.07443
534F4C31,6571,48543966,0,3000,2831,169,0.00000,4.35810
534F4C31,6572,48551246,0,2997,2833,164,0.00000,4.22916
534F4C31,6572,48555960,0,2995,2835,160,0.00000,4.12601
534F4C31,6573,48558180,0,2993,2833,160,0.00000,4.12601
534F4C31,6573,48563099,0,2995,2832,163,0.00000,4.20337
534F4C31,6573,48567942,0,2995,2832,163,0.00000,4.20337
534F4C31,6573,48571472,0,2994,2830,164,0.00000,4.22916
534F4C31,6573,48574693,0,2994,2830,164,0.00000,4.22916
534F4C31,6573,48576807,0,2990,2835,155,0.00000,3.99707
534F4C31,6573,48578868,0,2999,2833,166,0.00000,4.28073
534F4C31,6574,48581622,0,2996,2833,163,0.00000,4.20337
534F4C31,6574,48586495,0,2987,2834,153,0.00000,3.94549
534F4C31,6574,48590446,0,2995,2835,160,0.00000,4.12601
534F4C31,6575,48592671,0,2997,2832,165,0.00000,4.25495
534F4C31,6576,48597761,0,2988,2835,153,0.00000,3.94549
534F4C31,6576,48602901,0,2997,2834,163,0.00000,4.20337
534F4C31,6576,48606329,0,2993,2833,160,0.00000,4.12601
534F4C31,6576,48609193,0,2998,2834,164,0.00000,4.22916
534F4C31,6576,48611982,0,2996,2833,163,0.00000,4.20337
534F4C31,6576,48615199,0,2989,2832,157,0.00000,4.04864
534F4C31,6576,48617313,0,2990,2835,155,0.00000,3.99707
534F4C31,6576,48619409,0,3001,2833,168,0.00000,4.33231
534F4C31,6576,48621500,0,2997,2838,159,0.00000,4.10022
534F4C31,6576,48623664,0,2990,2833,157,0.00000,4.04864
534F4C31,6576,48625882,0,2993,2833,160,0.00000,4.12601
534F4C31,6576,48628022,0,2990,2834,156,0.00000,4.02286
534F4C31,6576,48630276,0,2992,2832,160,0.00000,4.12601
534F4C31,6576,48632278,0,2997,2834,163,0.00000,4.20337
534F4C31,6576,48634415,0,2998,2829,169,0.00000,4.35810
534F4C31,6576,48636512,0,2993,2831,162,0.00000,4.17758
534F4C31,6576,48638733,0,2998,2833,165,0.00000,4.25495
534F4C31,6576,48640950,0,2998,2829,169,0.00000,4.35810
534F4C31,6576,48643165,0,2996,2830,166,0.00000,4.28073
534F4C31,6577,48645378,0,3001,2833,168,0.00000,4.33231
534F4C31,6577,48649593,0,2994,2835,159,0.00000,4.10022
534F4C31,6577,48652078,0,2991,2836,155,0.00000,3.99707
534F4C31,6577,48654302,0,2990,2834,156,0.00000,4.02286
534F4C31,6577,48657732,0,2997,2833,164,0.00000,4.22916
534F4C31,6577,48659844,0,2996,2833,163,0.00000,4.20337
534F4C31,6577,48661943,0,2993,2833,160,0.00000,4.12601
534F4C31,6577,48664021,0,2999,2833,166,0.00000,4.28073
534F4C31,6577,48666201,0,2994,2833,161,0.00000,4.15179
534F4C31,6577,48668432,0,2991,2832,159,0.00000,4.10022
534F4C31,6577,48670473,0,2994,2832,162,0.00000,4.17758
534F4C31,6577,48672527,0,2997,2832,165,0.00000,4.25495
534F4C31,6577,48674604,0,2995,2834,161,0.00000,4.15179
534F4C31,6577,48676920,0,2994,2832,162,0.00000,4.17758
534F4C31,6577,48679147,0,2997,2831,166,0.00000,4.28073
534F4C31,6577,48681357,0,2989,2835,154,0.00000,3.97128
534F4C31,6577,48683409,0,2991,2832,159,0.00000,4.10022
534F4C31,6577,48685537,0,2989,2831,158,0.00000,4.07443
534F4C31,6577,48687697,0,2995,2833,162,0.00000,4.17758
534F4C31,6577,48690121,0,2989,2835,154,0.00000,3.97128
534F4C31,6577,48692486,0,2997,2834,163,0.00000,4.20337
534F4C31,6578,48694606,0,2997,2831,166,0.00000,4.28073
534F4C31,6579,48699313,0,2996,2832,164,0.00000,4.22916
534F4C31,6580,48705481,0,3001,2833,168,0.00000,4.33231
534F4C31,6580,48708591,0,2999,2835,164,0.00000,4.22916
534F4C31,6580,48713076,0,2995,2834,161,0.00000,4.15179
534F4C31,6581,48716494,0,3000,2833,167,0.00000,4.30652
534F4C31,6581,48721388,0,3000,2832,168,0.00000,4.33231
534F4C31,6581,48725035,0,2993,2830,163,0.00000,4.20337
534F4C31,6581,48728840,0,2996,2831,165,0.00000,4.25495
534F4C31,6581,48731215,0,2998,2834,164,0.00000,4.22916
534F4C31,6581,48733299,0,2997,2834,163,0.00000,4.20337
534F4C31,6581,48735413,0,2996,2835,161,0.00000,4.15179
534F4C31,6582,48737510,0,2997,2835,162,0.00000,4.17758
534F4C31,6583,48742277,0,2998,2834,164,0.00000,4.22916
534F4C31,6584,48746710,0,2993,2832,161,0.00000,4.15179
534F4C31,6585,48752379,0,2991,2833,158,0.00000,4.07443
534F4C31,6585,48754750,0,2995,2832,163,0.00000,4.20337
534F4C31,6586,48759458,0,2997,2834,163,0.00000,4.20337
534F4C31,6587,48762241,0,2992,2832,160,0.00000,4.12601
534F4C31,6588,48768968,0,2994,2833,161,0.00000,4.15179
534F4C31,6588,48773337,0,2990,2836,154,0.00000,3.97128
534F4C31,6588,48777246,0,2993,2836,157,0.00000,4.04864
534F4C31,6588,48780787,0,2988,2833,155,0.00000,3.99707
534F4C31,6588,48783044,0,2992,2833,159,0.00000,4.10022
534F4C31,6589,48785823,0,2994,2832,162,0.00000,4.17758
534F4C31,6589,48789719,0,2993,2835,158,0.00000,4.07443
534F4C31,6589,48792919,0,2998,2835,163,0.00000,4.20337
534F4C31,6589,48795328,0,2995,2833,162,0.00000,4.17758
534F4C31,6589,48798253,0,2990,2831,159,0.00000,4.10022
534F4C31,6589,48800713,0,2991,2831,160,0.00000,4.12601
534F4C31,6589,48802772,0,2996,2831,165,0.00000,4.25495
534F4C31,6589,48804848,0,2995,2828,167,0.00000,4.30652
534F4C31,6589,48807007,0,2999,2828,171,0.00000,4.40967
534F4C31,6589,48809179,0,2995,2831,164,0.00000,4.22916
534F4C31,6590,48811413,0,2994,2827,167,0.00000,4.30652
534F4C31,6590,48815728,0,2999,2827,172,0.00000,4.43546
534F4C31,6590,48818102,0,2992,2830,162,0.00000,4.17758
534F4C31,6591,48821162,0,2995,2827,168,0.00000,4.33231
534F4C31,6592,48825693,0,3000,2828,172,0.00000,4.43546
534F4C31,6593,48829566,0,2997,2829,168,0.00000,4.33231
534F4C31,6593,48835419,0,2999,2827,172,0.00000,4.43546
534F4C31,6593,48838164,0,2993,2828,165,0.00000,4.25495
534F4C31,6594,48841318,0,2999,2830,169,0.00000,4.35810
534F4C31,6594,48846645,0,2996,2829,167,0.00000,4.30652
534F4C31,6594,48848943,0,2996,2828,168,0.00000,4.33231
534F4C31,6594,48851729,0,2994,2827,167,0.00000,4.30652
534F4C31,6594,48854270,0,2993,2827,166,0.00000,4.28073
534F4C31,6594,48856516,0,3002,2828,174,0.00000,4.48703
534F4C31,6594,48858719,0,2991,2830,161,0.00000,4.15179
534F4C31,6594,48860751,0,2993,2827,166,0.00000,4.28073
534F4C31,6594,48862913,0,2994,2829,165,0.00000,4.25495
534F4C31,6594,48865059,0,3001,2828,173,0.00000,4.46125
534F4C31,6595,48867324,0,2990,2827,163,0.00000,4.20337
534F4C31,6596,48872367,0,3001,2830,171,0.00000,4.40967
534F4C31,6597,48875794,0,2996,2827,169,0.00000,4.35810
534F4C31,6598,48881893,0,2994,2828,166,0.00000,4.28073
534F4C31,6598,48885867,0,2999,2826,173,0.00000,4.46125
534F4C31,6598,48888887,0,2990,2829,161,0.00000,4.15179
534F4C31,6599,48891165,0,2995,2829,166,0.00000,4.28073
534F4C31,6599,48896711,0,2991,2824,167,0.00000,4.30652
534F4C31,6599,48899105,0,2999,2829,170,0.00000,4.38388
534F4C31,6600,48902954,0,2988,2827,161,0.00000,4.15179
534F4C31,6600,48907075,0,2993,2826,167,0.00000,4.30652
534F4C31,6600,48909455,0,2997,2827,170,0.00000,4.38388
534F4C31,6600,48912263,0,2994,2827,167,0.00000,4.30652
534F4C31,6600,48914525,0,3001,2828,173,0.00000,4.46125
534F4C31,6601,48916641,0,2994,2823,171,0.00000,4.40967
534F4C31,6601,48921577,0,2993,2829,164,0.00000,4.22916
534F4C31,6601,48924575,0,2995,2827,168,0.00000,4.33231
534F4C31,6602,48927726,0,2993,2830,163,0.00000,4.20337
534F4C31,6602,48932826,0,2997,2827,170,0.00000,4.38388
534F4C31,6602,48934973,0,2992,2830,162,0.00000,4.17758
534F4C31,6602,48938065,0,2990,2827,163,0.00000,4.20337
534F4C31,6602,48940593,0,2993,2827,166,0.00000,4.28073
534F4C31,6602,48942734,0,2991,2833,158,0.00000,4.07443
534F4C31,6602,48944801,0,2993,2830,163,0.00000,4.20337
534F4C31,6602,48946895,0,2993,2830,163,0.00000,4.20337
534F4C31,6603,48949155,0,3000,2831,169,0.00000,4.35810
534F4C31,6604,48953647,0,2997,2830,167,0.00000,4.30652
534F4C31,6605,48957034,0,2999,2830,169,0.00000,4.35810
534F4C31,6606,48960892,0,2989,2827,162,0.00000,4.17758
534F4C31,6607,48967186,0,2993,2830,163,0.00000,4.20337
534F4C31,6607,48970221,0,2993,2833,160,0.00000,4.12601
534F4C31,6608,48975844,0,2994,2829,165,0.00000,4.25495
534F4C31,6608,48979357,0,2997,2823,174,0.00000,4.48703
534F4C31,6608,48982425,0,2991,2829,162,0.00000,4.17758
534F4C31,6608,48986454,0,2987,2829,158,0.00000,4.07443
534F4C31,6608,48989548,0,2998,2831,167,0.00000,4.30652
534F4C31,6608,48991575,0,2999,2828,171,0.00000,4.40967
534F4C31,6608,48994370,0,2992,2834,158,0.00000,4.07443
534F4C31,6608,48997330,0,2994,2825,169,0.00000,4.35810
534F4C31,6608,48999525,0,2994,2829,165,0.00000,4.25495
534F4C31,6608,49001687,0,2997,2830,167,0.00000,4.30652
534F4C31,6608,49003801,0,2993,2827,166,0.00000,4.28073
534F4C31,6608,49005906,0,2995,2828,167,0.00000,4.30652
534F4C31,6609,49008128,0,2993,2828,165,0.00000,4.25495
534F4C31,6610,49012391,0,2995,2827,168,0.00000,4.33231
534F4C31,6611,49016580,0,2991,2826,165,0.00000,4.25495
534F4C31,6612,49022598,0,2995,2828,167,0.00000,4.30652
534F4C31,6612,49027475,0,2988,2830,158,0.00000,4.07443
534F4C31,6612,49030295,0,2997,2831,166,0.00000,4.28073
534F4C31,6612,49033226,0,2995,2830,165,0.00000,4.25495
534F4C31,6612,49035501,0,2991,2831,160,0.00000,4.12601
534F4C31,6612,49037698,0,2995,2827,168,0.00000,4.33231
534F4C31,6612,49039925,0,2999,2830,169,0.00000,4.35810
534F4C31,6612,49042013,0,2991,2827,164,0.00000,4.22916
534F4C31,6612,49044164,0,2989,2831,158,0.00000,4.07443
534F4C31,6613,49046168,0,2993,2829,164,0.00000,4.22916
534F4C31,6614,49049054,0,2996,2827,169,0.00000,4.35810
534F4C31,6615,49053331,0,2996,2829,167,0.00000,4.30652
534F4C31,6616,49057344,0,2995,2826,169,0.00000,4.35810
534F4C31,6617,49062776,0,3000,2832,168,0.00000,4.33231
534F4C31,6617,49068919,0,2993,2828,165,0.00000,4.25495
534F4C31,6617,49072415,0,2995,2828,167,0.00000,4.30652
534F4C31,6617,49075300,0,2991,2825,166,0.00000,4.28073
534F4C31,6617,49077582,0,2996,2832,164,0.00000,4.22916
534F4C31,6618,49079825,0,3001,2828,173,0.00000,4.46125
534F4C31,6619,49084393,0,2997,2829,168,0.00000,4.33231
534F4C31,6619,49088273,0,2995,2828,167,0.00000,4.30652
534F4C31,6619,49091934,0,2990,2830,160,0.00000,4.12601
534F4C31,6619,49095368,0,2999,2828,171,0.00000,4.40967
534F4C31,6619,49097595,0,2997,2830,167,0.00000,4.30652
534F4C31,6620,49100850,0,2993,2830,163,0.00000,4.20337
534F4C31,6620,49105202,0,2987,2830,157,0.00000,4.04864
534F4C31,6620,49108370,0,2997,2825,172,0.00000,4.43546
534F4C31,6620,49110593,0,2996,2828,168,0.00000,4.33231
534F4C31,6620,49113730,0,2995,2827,168,0.00000,4.33231
534F4C31,6620,49115951,0,2991,2826,165,0.00000,4.25495
534F4C31,6620,49118677,0,2992,2829,163,0.00000,4.20337
534F4C31,6620,49120902,0,2994,2826,168,0.00000,4.33231
534F4C31,6620,49123124,0,2988,2826,162,0.00000,4.17758
534F4C31,6620,49125388,0,2992,2829,163,0.00000,4.20337
534F4C31,6621,49127425,0,2997,2827,170,0.00000,4.38388
534F4C31,6622,49132209,0,2996,2831,165,0.00000,4.25495
534F4C31,6623,49136016,0,2990,2828,162,0.00000,4.17758
534F4C31,6624,49142018,0,2991,2828,163,0.00000,4.20337
534F4C31,6624,49145587,0,2996,2830,166,0.00000,4.28073
534F4C31,6624,49150401,0,2996,2830,166,0.00000,4.28073
534F4C31,6624,49154143,0,2993,2826,167,0.00000,4.30652
534F4C31,6624,49156472,0,3000,2831,169,0.00000,4.35810
534F4C31,6625,49158700,0,2988,2830,158,0.00000,4.07443
534F4C31,6626,49162426,0,2991,2828,163,0.00000,4.20337
534F4C31,6626,49168332,0,2998,2825,173,0.00000,4.46125
534F4C31,6626,49171015,0,2992,2828,164,0.00000,4.22916
534F4C31,6626,49173069,0,2989,2828,161,0.00000,4.15179
534F4C31,6626,49175918,0,2997,2831,166,0.00000,4.28073
534F4C31,6626,49178388,0,2997,2825,172,0.00000,4.43546
534F4C31,6626,49180596,0,2996,2828,168,0.00000,4.33231
534F4C31,6627,49182714,0,2995,2828,167,0.00000,4.30652
534F4C31,6628,49185617,0,2992,2827,165,0.00000,4.25495
534F4C31,6629,49190210,0,2999,2827,172,0.00000,4.43546
534F4C31,6630,49194798,0,2995,2831,164,0.00000,4.22916
534F4C31,6631,49202536,0,2994,2829,165,0.00000,4.25495
534F4C31,6631,49206330,0,2993,2828,165,0.00000,4.25495
534F4C31,6632,49211804,0,2993,2830,163,0.00000,4.20337
534F4C31,6633,49216063,0,2994,2828,166,0.00000,4.28073
534F4C31,6634,49220727,0,3000,2828,172,0.00000,4.43546
534F4C31,6634,49225028,0,2992,2828,164,0.00000,4.22916
534F4C31,6634,49228474,0,2994,2829,165,0.00000,4.25495
534F4C31,6634,49232084,0,2992,2823,169,0.00000,4.35810
534F4C31,6634,49234900,0,2995,2828,167,0.00000,4.30652
534F4C31,6634,49237080,0,2991,2830,161,0.00000,4.15179
534F4C31,6634,49240267,0,2991,2831,160,0.00000,4.12601
534F4C31,6634,49242517,0,2989,2830,159,0.00000,4.10022
534F4C31,6634,49244692,0,2987,2832,155,0.00000,3.99707
534F4C31,6634,49246864,0,2997,2826,171,0.00000,4.40967
534F4C31,6634,49248975,0,2994,2829,165,0.00000,4.25495
534F4C31,6634,49251038,0,2994,2830,164,0.00000,4.22916
534F4C31,6634,49253153,0,2990,2830,160,0.00000,4.12601
534F4C31,6634,49255436,0,2997,2825,172,0.00000,4.43546
534F4C31,6634,49257545,0,2989,2829,160,0.00000,4.12601
534F4C31,6634,49259702,0,2994,2834,160,0.00000,4.12601
534F4C31,6634,49261758,0,2996,2829,167,0.00000,4.30652
534F4C31,6634,49263890,0,2992,2828,164,0.00000,4.22916
534F4C31,6635,49266143,0,2998,2830,168,0.00000,4.33231
534F4C31,6636,49270426,0,2992,2830,162,0.00000,4.17758
534F4C31,6637,49274222,0,2999,2827,172,0.00000,4.43546
534F4C31,6637,49280853,0,2997,2829,168,0.00000,4.33231
534F4C31,6638,49284009,0,2994,2831,163,0.00000,4.20337
534F4C31,6639,49289421,0,2995,2830,165,0.00000,4.25495
534F4C31,6640,49293849,0,2989,2829,160,0.00000,4.12601
534F4C31,6641,49299828,0,2995,2828,167,0.00000,4.30652
534F4C31,6641,49304634,0,2997,2829,168,0.00000,4.33231
534F4C31,6641,49309273,0,2994,2833,161,0.00000,4.15179
534F4C31,6641,49311535,0,2995,2831,164,0.00000,4.22916
534F4C31,6641,49313539,0,2995,2830,165,0.00000,4.25495
534F4C31,6642,49316576,0,3002,2829,173,0.00000,4.46125
534F4C31,6642,49320132,0,2990,2830,160,0.00000,4.12601
534F4C31,6642,49323147,0,2991,2830,161,0.00000,4.15179
534F4C31,6642,49325416,0,2998,2828,170,0.00000,4.38388
534F4C31,6642,49328313,0,2992,2833,159,0.00000,4.10022
534F4C31,6642,49330816,0,2993,2829,164,0.00000,4.22916
534F4C31,6642,49333018,0,2987,2831,156,0.00000,4.02286
534F4C31,6642,49335277,0,2996,2827,169,0.00000,4.35810
534F4C31,6642,49337351,0,2992,2830,162,0.00000,4.17758
534F4C31,6642,49339502,0,2995,2830,165,0.00000,4.25495
534F4C31,6642,49341534,0,2992,2823,169,0.00000,4.35810
534F4C31,6642,49343730,0,2995,2827,168,0.00000,4.33231
534F4C31,6643,49346006,0,3000,2830,170,0.00000,4.38388
534F4C31,6644,49350494,0,3002,2830,172,0.00000,4.43546
534F4C31,6645,49354736,0,2993,2828,165,0.00000,4.25495
534F4C31,6646,49360340,0,2992,2822,170,0.00000,4.38388
534F4C31,6646,49365699,0,2989,2827,162,0.00000,4.17758
534F4C31,6646,49368175,0,2995,2820,175,0.00000,4.51282
534F4C31,6646,49370237,0,2997,2823,174,0.00000,4.48703
534F4C31,6646,49373483,0,2995,2823,172,0.00000,4.43546
534F4C31,6647,49375617,0,2996,2826,170,0.00000,4.38388
534F4C31,6648,49379882,0,2993,2825,168,0.00000,4.33231
534F4C31,6648,49385379,0,2994,2827,167,0.00000,4.30652
534F4C31,6649,49390893,0,3000,2829,171,0.00000,4.40967
534F4C31,6649,49394766,0,2995,2826,169,0.00000,4.35810
534F4C31,6649,49397537,0,2999,2827,172,0.00000,4.43546
534F4C31,6649,49400191,0,2997,2825,172,0.00000,4.43546
534F4C31,6649,49404137,0,2997,2826,171,0.00000,4.40967
534F4C31,6649,49407193,0,2993,2824,169,0.00000,4.35810
534F4C31,6649,49409425,0,2996,2824,172,0.00000,4.43546
534F4C31,6649,49411461,0,2990,2827,163,0.00000,4.20337
534F4C31,6650,49414638,0,2998,2825,173,0.00000,4.46125
534F4C31,6651,49419361,0,2995,2826,169,0.00000,4.35810
534F4C31,6651,49421681,0,2995,2824,171,0.00000,4.40967
534F4C31,6651,49424892,0,2995,2820,175,0.00000,4.51282
534F4C31,6652,49429407,0,3000,2825,175,0.00000,4.51282
534F4C31,6653,49433413,0,2996,2824,172,0.00000,4.43546
534F4C31,6653,49438988,0,2985,2825,160,0.00000,4.12601
534F4C31,6653,49441397,0,2995,2826,169,0.00000,4.35810
534F4C31,6653,49444236,0,2995,2826,169,0.00000,4.35810
534F4C31,6653,49446539,0,2995,2820,175,0.00000,4.51282
534F4C31,6654,49448840,0,2992,2825,167,0.00000,4.30652
534F4C31,6655,49452943,0,2997,2823,174,0.00000,4.48703
534F4C31,6656,49457271,0,2987,2821,166,0.00000,4.28073
534F4C31,6656,49462716,0,3000,2825,175,0.00000,4.51282
534F4C31,6657,49465986,0,2993,2825,168,0.00000,4.33231
534F4C31,6658,49468374,0,2994,2825,169,0.00000,4.35810
534F4C31,6658,49474081,0,2996,2826,170,0.00000,4.38388
534F4C31,6658,49478099,0,2997,2826,171,0.00000,4.40967
534F4C31,6659,49482077,0,2997,2817,180,0.00000,4.64176
534F4C31,6659,49486637,0,2989,2826,163,0.00000,4.20337
534F4C31,6659,49489405,0,2999,2826,173,0.00000,4.46125
534F4C31,6659,49491520,0,2996,2826,170,0.00000,4.38388
534F4C31,6659,49495924,0,3001,2825,176,0.00000,4.53861
534F4C31,6659,49498285,0,2990,2823,167,0.00000,4.30652
534F4C31,6659,49500466,0,2999,2826,173,0.00000,4.46125
534F4C31,6659,49503242,0,2987,2825,162,0.00000,4.17758
534F4C31,6659,49505592,0,2993,2824,169,0.00000,4.35810
534F4C31,6659,49507866,0,2996,2825,171,0.00000,4.40967
534F4C31,6660,49510596,0,2991,2825,166,0.00000,4.28073
534F4C31,6660,49515201,0,2993,2821,172,0.00000,4.43546
534F4C31,6660,49517419,0,2987,2824,163,0.00000,4.20337
534F4C31,6660,49520501,0,2993,2827,166,0.00000,4.28073
534F4C31,6660,49523012,0,2990,2826,164,0.00000,4.22916
534F4C31,6660,49525153,0,2995,2824,171,0.00000,4.40967
534F4C31,6660,49527335,0,2990,2828,162,0.00000,4.17758
534F4C31,6660,49529617,0,2997,2824,173,0.00000,4.46125
534F4C31,6661,49531784,0,2988,2824,164,0.00000,4.22916
534F4C31,6662,49535416,0,2994,2825,169,0.00000,4.35810
534F4C31,6663,49540047,0,2992,2826,166,0.00000,4.28073
534F4C31,6663,49545533,0,2993,2822,171,0.00000,4.40967
534F4C31,6663,49549354,0,2994,2823,171,0.00000,4.40967
534F4C31,6664,49552949,0,2990,2825,165,0.00000,4.25495
534F4C31,6664,49557547,0,2997,2823,174,0.00000,4.48703
534F4C31,6664,49559763,0,2996,2824,172,0.00000,4.43546
534F4C31,6665,49562727,0,2997,2826,171,0.00000,4.40967
534F4C31,6666,49567626,0,2991,2823,168,0.00000,4.33231
534F4C31,6667,49572748,0,2995,2823,172,0.00000,4.43546
534F4C31,6667,49577772,0,2996,2827,169,0.00000,4.35810
534F4C31,6667,49580261,0,2994,2822,172,0.00000,4.43546
534F4C31,6667,49582399,0,2994,2826,168,0.00000,4.33231
534F4C31,6667,49585793,0,2994,2823,171,0.00000,4.40967
534F4C31,6667,49587992,0,2988,2824,164,0.00000,4.22916
534F4C31,6667,49590099,0,2991,2827,164,0.00000,4.22916
534F4C31,6668,49592340,0,2992,2824,168,0.00000,4.33231
534F4C31,6668,49596957,0,2998,2823,175,0.00000,4.51282
534F4C31,6668,49599224,0,2998,2823,175,0.00000,4.51282
534F4C31,6669,49601962,0,2999,2827,172,0.00000,4.43546
534F4C31,6670,49607091,0,2994,2826,168,0.00000,4.33231
534F4C31,6671,49611623,0,2992,2819,173,0.00000,4.46125
534F4C31,6671,49617739,0,2989,2823,166,0.00000,4.28073
534F4C31,6671,49620648,0,2993,2827,166,0.00000,4.28073
534F4C31,6672,49624589,0,2993,2822,171,0.00000,4.40967
534F4C31,6672,49628772,0,2992,2827,165,0.00000,4.25495
534F4C31,6672,49631911,0,2989,2824,165,0.00000,4.25495
534F4C31,6672,49634104,0,3000,2820,180,0.00000,4.64176
534F4C31,6673,49636971,0,2993,2823,170,0.00000,4.38388
534F4C31,6674,49640386,0,2996,2824,172,0.00000,4.43546
534F4C31,6675,49643715,0,2994,2824,170,0.00000,4.38388
534F4C31,6676,49647516,0,2997,2825,172,0.00000,4.43546
534F4C31,6676,49651063,0,2994,2825,169,0.00000,4.35810
534F4C31,6676,49656440,0,2999,2825,174,0.00000,4.48703
534F4C31,6676,49658888,0,2991,2828,163,0.00000,4.20337
534F4C31,6676,49661883,0,2991,2824,167,0.00000,4.30652
534F4C31,6676,49665202,0,2990,2822,168,0.00000,4.33231
534F4C31,6676,49667434,0,2992,2827,165,0.00000,4.25495
534F4C31,6677,49670412,0,2999,2822,177,0.00000,4.56440
534F4C31,6677,49675048,0,2988,2825,163,0.00000,4.20337
534F4C31,6677,49677793,0,2993,2822,171,0.00000,4.40967
534F4C31,6678,49680083,0,3004,2824,180,0.00000,4.64176
534F4C31,6679,49684742,0,2992,2824,168,0.00000,4.33231
534F4C31,6679,49690204,0,2994,2826,168,0.00000,4.33231
534F4C31,6679,49692588,0,2996,2825,171,0.00000,4.40967
534F4C31,6679,49694625,0,2995,2825,170,0.00000,4.38388
534F4C31,6679,49699214,0,2993,2825,168,0.00000,4.33231
534F4C31,6679,49702336,0,2992,2827,165,0.00000,4.25495
534F4C31,6679,49704576,0,2995,2824,171,0.00000,4.40967
534F4C31,6680,49706689,0,2992,2824,168,0.00000,4.33231
534F4C31,6681,49710762,0,2995,2825,170,0.00000,4.38388
534F4C31,6681,49716092,0,2997,2823,174,0.00000,4.48703
534F4C31,6681,49719300,0,2990,2822,168,0.00000,4.33231
534F4C31,6682,49723892,0,2992,2826,166,0.00000,4.28073
534F4C31,6683,49727428,0,2992,2823,169,0.00000,4.35810
534F4C31,6683,49732294,0,2993,2828,165,0.00000,4.25495
534F4C31,6683,49735788,0,2992,2825,167,0.00000,4.30652
534F4C31,6683,49738070,0,2992,2825,167,0.00000,4.30652
534F4C31,6683,49741152,0,2992,2829,163,0.00000,4.20337
534F4C31,6683,49743469,0,2992,2820,172,0.00000,4.43546
534F4C31,6683,49745654,0,2995,2825,170,0.00000,4.38388
534F4C31,6683,49747748,0,2998,2825,173,0.00000,4.46125
534F4C31,6683,49749871,0,2991,2825,166,0.00000,4.28073
534F4C31,6683,49752008,0,2989,2825,164,0.00000,4.22916
534F4C31,6683,49754168,0,2992,2824,168,0.00000,4.33231
534F4C31,6683,49756306,0,2999,2824,175,0.00000,4.51282
534F4C31,6683,49758396,0,2999,2825,174,0.00000,4.48703
534F4C31,6683,49760545,0,2999,2825,174,0.00000,4.48703
534F4C31,6684,49762870,0,2993,2827,166,0.00000,4.28073
534F4C31,6685,49766723,0,2996,2824,172,0.00000,4.43546
534F4C31,6686,49771075,0,2998,2823,175,0.00000,4.51282
534F4C31,6687,49775004,0,3000,2823,177,0.00000,4.56440
534F4C31,6688,49780419,0,2992,2825,167,0.00000,4.30652
534F4C31,6688,49785352,0,2995,2823,172,0.00000,4.43546
534F4C31,6688,49789941,0,2993,2823,170,0.00000,4.38388
534F4C31,6688,49792264,0,2989,2825,164,0.00000,4.22916
534F4C31,6688,49795074,0,2994,2823,171,0.00000,4.40967
534F4C31,6688,49797475,0,2993,2825,168,0.00000,4.33231
534F4C31,6688,49799694,0,2990,2821,169,0.00000,4.35810
534F4C31,6689,49802040,0,2995,2824,171,0.00000,4.40967
534F4C31,6690,49806341,0,2997,2824,173,0.00000,4.46125
534F4C31,6690,49810737,0,2987,2825,162,0.00000,4.17758
534F4C31,6690,49814497,0,2995,2827,168,0.00000,4.33231
534F4C31,6690,49817753,0,2996,2822,174,0.00000,4.48703
534F4C31,6690,49820022,0,2991,2825,166,0.00000,4.28073
534F4C31,6690,49823096,0,2994,2824,170,0.00000,4.38388
534F4C31,6690,49825320,0,2997,2824,173,0.00000,4.46125
534F4C31,6690,49827509,0,2990,2825,165,0.00000,4.25495
534F4C31,6690,49829645,0,2987,2823,164,0.00000,4.22916
534F4C31,6690,49831738,0,3003,2822,181,0.00000,4.66755
534F4C31,6690,49833949,0,3000,2820,180,0.00000,4.64176
534F4C31,6690,49836249,0,2999,2823,176,0.00000,4.53861
534F4C31,6691,49838295,0,2996,2821,175,0.00000,4.51282
534F4C31,6692,49842752,0,2995,2822,173,0.00000,4.46125
534F4C31,6693,49845862,0,2998,2823,175,0.00000,4.51282
534F4C31,6694,49852206,0,2996,2823,173,0.00000,4.46125
534F4C31,6694,49856373,0,2988,2828,160,0.00000,4.12601
534F4C31,6694,49859994,0,2994,2824,170,0.00000,4.38388
534F4C31,6694,49862757,0,2994,2825,169,0.00000,4.35810
534F4C31,6694,49865775,0,2992,2823,169,0.00000,4.35810
534F4C31,6695,49868102,0,2992,2827,165,0.00000,4.25495
534F4C31,6696,49872206,0,2998,2827,171,0.00000,4.40967
534F4C31,6697,49876223,0,2990,2828,162,0.00000,4.17758
534F4C31,6698,49881690,0,2993,2830,163,0.00000,4.20337
534F4C31,6698,49885889,0,2995,2825,170,0.00000,4.38388
534F4C31,6699,49889031,0,2992,2828,164,0.00000,4.22916
534F4C31,6700,49893027,0,2999,2824,175,0.00000,4.51282
534F4C31,6701,49898480,0,2995,2826,169,0.00000,4.35810
534F4C31,6701,49903484,0,2991,2823,168,0.00000,4.33231
534F4C31,6701,49906721,0,2993,2826,167,0.00000,4.30652
534F4C31,6701,49911153,0,2997,2825,172,0.00000,4.43546
534F4C31,6701,49913467,0,2995,2825,170,0.00000,4.38388
534F4C31,6701,49915536,0,3000,2824,176,0.00000,4.53861
534F4C31,6701,49917664,0,2993,2821,172,0.00000,4.43546
534F4C31,6701,49921107,0,2995,2824,171,0.00000,4.40967
534F4C31,6701,49923421,0,2996,2823,173,0.00000,4.46125
534F4C31,6701,49925482,0,2991,2825,166,0.00000,4.28073
534F4C31,6701,49927567,0,2992,2825,167,0.00000,4.30652
534F4C31,6701,49929664,0,2995,2825,170,0.00000,4.38388
534F4C31,6702,49932025,0,2989,2827,162,0.00000,4.17758
534F4C31,6703,49936424,0,2997,2822,175,0.00000,4.51282
534F4C31,6704,49939902,0,2998,2824,174,0.00000,4.48703
534F4C31,6704,49945673,0,2999,2822,177,0.00000,4.56440
534F4C31,6704,49948449,0,2997,2823,174,0.00000,4.48703
534F4C31,6704,49950641,0,2994,2820,174,0.00000,4.48703
534F4C31,6704,49953549,0,2990,2827,163,0.00000,4.20337
534F4C31,6704,49956723,0,3000,2827,173,0.00000,4.46125
534F4C31,6704,49958939,0,2992,2825,167,0.00000,4.30652
534F4C31,6704,49961132,0,2992,2823,169,0.00000,4.35810
534F4C31,6704,49964065,0,2998,2823,175,0.00000,4.51282
534F4C31,6704,49966992,0,2996,2826,170,0.00000,4.38388
534F4C31,6704,49969132,0,2995,2828,167,0.00000,4.30652
534F4C31,6704,49971323,0,3000,2825,175,0.00000,4.51282
534F4C31,6705,49974642,0,2997,2822,175,0.00000,4.51282
534F4C31,6706,49979661,0,2997,2819,178,0.00000,4.59018
534F4C31,6706,49982517,0,2993,2822,171,0.00000,4.40967
534F4C31,6706,49984986,0,2992,2821,171,0.00000,4.40967
534F4C31,6706,49990046,0,2994,2824,170,0.00000,4.38388
534F4C31,6706,49992829,0,2992,2815,177,0.00000,4.56440
534F4C31,6706,49995009,0,3001,2820,181,0.00000,4.66755
534F4C31,6706,49998133,0,2995,2817,178,0.00000,4.59018
534F4C31,6707,50000469,0,2999,2816,183,0.00000,4.71912
534F4C31,6708,50004778,0,2993,2819,174,0.00000,4.48703
534F4C31,6709,50009795,0,2998,2825,173,0.00000,4.46125
534F4C31,6710,50016145,0,2998,2823,175,0.00000,4.51282
534F4C31,6710,50021964,0,2997,2823,174,0.00000,4.48703
534F4C31,6710,50024616,0,2993,2819,174,0.00000,4.48703
534F4C31,6710,50027823,0,2991,2817,174,0.00000,4.48703
534F4C31,6711,50030123,0,2995,2819,176,0.00000,4.53861
534F4C31,6712,50032983,0,2995,2822,173,0.00000,4.46125
534F4C31,6713,50039809,0,2994,2820,174,0.00000,4.48703
534F4C31,6714,50044140,0,2999,2822,177,0.00000,4.56440
534F4C31,6715,50050161,0,2995,2818,177,0.00000,4.56440
534F4C31,6715,50052982,0,2992,2822,170,0.00000,4.38388
534F4C31,6715,50057428,0,2987,2818,169,0.00000,4.35810
534F4C31,6715,50061488,0,2996,2819,177,0.00000,4.56440
534F4C31,6715,50063705,0,3001,2820,181,0.00000,4.66755
534F4C31,6715,50065754,0,2995,2820,175,0.00000,4.51282
534F4C31,6715,50068924,0,2988,2821,167,0.00000,4.30652
534F4C31,6715,50071231,0,2993,2823,170,0.00000,4.38388
534F4C31,6715,50073468,0,2993,2821,172,0.00000,4.43546
534F4C31,6715,50075547,0,2992,2819,173,0.00000,4.46125
534F4C31,6715,50077698,0,2993,2819,174,0.00000,4.48703
534F4C31,6715,50079825,0,2990,2822,168,0.00000,4.33231
534F4C31,6715,50081946,0,2997,2819,178,0.00000,4.59018
534F4C31,6715,50084147,0,2997,2823,174,0.00000,4.48703
534F4C31,6715,50086138,0,2995,2817,178,0.00000,4.59018
534F4C31,6715,50088244,0,2999,2816,183,0.00000,4.71912
534F4C31,6716,50090347,0,2992,2820,172,0.00000,4.43546
534F4C31,6717,50094775,0,2997,2820,177,0.00000,4.56440
534F4C31,6718,50097971,0,2995,2819,176,0.00000,4.53861
534F4C31,6719,50105240,0,2998,2819,179,0.00000,4.61597
534F4C31,6719,50109175,0,2997,2821,176,0.00000,4.53861
534F4C31,6720,50111356,0,2996,2817,179,0.00000,4.61597
534F4C31,6721,50113660,0,2998,2820,178,0.00000,4.59018
534F4C31,6721,50119033,0,2995,2819,176,0.00000,4.53861
534F4C31,6721,50123531,0,2993,2823,170,0.00000,4.38388
534F4C31,6721,50128911,0,3002,2820,182,0.00000,4.69333
534F4C31,6721,50131352,0,2999,2820,179,0.00000,4.61597
534F4C31,6721,50133428,0,2991,2819,172,0.00000,4.43546
534F4C31,6721,50136316,0,3000,2824,176,0.00000,4.53861
534F4C31,6721,50138749,0,2993,2818,175,0.00000,4.51282
534F4C31,6721,50140960,0,2997,2818,179,0.00000,4.61597
534F4C31,6721,50143198,0,2991,2821,170,0.00000,4.38388
534F4C31,6721,50145230,0,2996,2818,178,0.00000,4.59018
534F4C31,6721,50147340,0,2988,2818,170,0.00000,4.38388
534F4C31,6722,50149574,0,2998,2822,176,0.00000,4.53861
534F4C31,6723,50153675,0,2993,2821,172,0.00000,4.43546
534F4C31,6724,50158410,0,2996,2818,178,0.00000,4.59018
534F4C31,6725,50165148,0,3002,2821,181,0.00000,4.66755
534F4C31,6725,50168594,0,2992,2822,170,0.00000,4.38388
534F4C31,6726,50172732,0,2997,2822,175,0.00000,4.51282
534F4C31,6727,50175362,0,2987,2822,165,0.00000,4.25495
534F4C31,6727,50179672,0,2999,2823,176,0.00000,4.53861
534F4C31,6727,50184177,0,3001,2820,181,0.00000,4.66755
534F4C31,6727,50186378,0,2995,2822,173,0.00000,4.46125
534F4C31,6727,50189442,0,2998,2819,179,0.00000,4.61597
534F4C31,6727,50191700,0,3005,2825,180,0.00000,4.64176
534F4C31,6727,50193740,0,2998,2818,180,0.00000,4.64176
534F4C31,6727,50195920,0,2996,2823,173,0.00000,4.46125
534F4C31,6727,50198106,0,2996,2820,176,0.00000,4.53861
534F4C31,6727,50200405,0,2996,2820,176,0.00000,4.53861
534F4C31,6728,50202682,0,2993,2822,171,0.00000,4.40967
534F4C31,6729,50205788,0,2999,2820,179,0.00000,4.61597
534F4C31,6730,50210007,0,2993,2821,172,0.00000,4.43546
534F4C31,6731,50214213,0,2990,2818,172,0.00000,4.43546
534F4C31,6731,50221360,0,2995,2820,175,0.00000,4.51282
534F4C31,6731,50223666,0,2991,2821,170,0.00000,4.38388
534F4C31,6731,50226935,0,2995,2823,172,0.00000,4.43546
534F4C31,6731,50229454,0,2994,2822,172,0.00000,4.43546
534F4C31,6731,50231595,0,2994,2814,180,0.00000,4.64176
534F4C31,6731,50233655,0,2992,2821,171,0.00000,4.40967
534F4C31,6732,50235872,0,2991,2820,171,0.00000,4.40967
534F4C31,6733,50240026,0,2995,2819,176,0.00000,4.53861
534F4C31,6734,50243915,0,2994,2817,177,0.00000,4.56440
534F4C31,6735,50249890,0,2994,2818,176,0.00000,4.53861
534F4C31,6735,50254347,0,2994,2821,173,0.00000,4.46125
534F4C31,6735,50258477,0,2999,2819,180,0.00000,4.64176
534F4C31,6736,50261582,0,2991,2820,171,0.00000,4.40967
534F4C31,6736,50264856,0,3001,2819,182,0.00000,4.69333
534F4C31,6736,50268091,0,2999,2820,179,0.00000,4.61597
534F4C31,6736,50272051,0,2994,2820,174,0.00000,4.48703
534F4C31,6736,50275553,0,2992,2823,169,0.00000,4.35810
534F4C31,6736,50277753,0,2989,2818,171,0.00000,4.40967
534F4C31,6736,50280030,0,2999,2819,180,0.00000,4.64176
534F4C31,6736,50282144,0,2997,2818,179,0.00000,4.61597
534F4C31,6736,50284222,0,2993,2818,175,0.00000,4.51282
534F4C31,6736,50286328,0,2993,2825,168,0.00000,4.33231
534F4C31,6736,50288428,0,2994,2822,172,0.00000,4.43546
534F4C31,6737,50290682,0,2992,2820,172,0.00000,4.43546
534F4C31,6738,50294030,0,2992,2818,174,0.00000,4.48703
534F4C31,6738,50299292,0,2991,2820,171,0.00000,4.40967
534F4C31,6738,50302660,0,2998,2820,178,0.00000,4.59018
534F4C31,6739,50306445,0,2996,2816,180,0.00000,4.64176
534F4C31,6739,50310988,0,2999,2821,178,0.00000,4.59018
534F4C31,6739,50313322,0,2999,2816,183,0.00000,4.71912
534F4C31,6740,50315619,0,2993,2817,176,0.00000,4.53861
534F4C31,6741,50319647,0,2996,2821,175,0.00000,4.51282
534F4C31,6741,50323793,0,2992,2817,175,0.00000,4.51282
534F4C31,6741,50326451,0,3000,2821,179,0.00000,4.61597
534F4C31,6742,50330996,0,2993,2820,173,0.00000,4.46125
534F4C31,6742,50335045,0,2988,2820,168,0.00000,4.33231
534F4C31,6742,50337441,0,2994,2817,177,0.00000,4.56440
534F4C31,6743,50340630,0,2993,2821,172,0.00000,4.43546
534F4C31,6744,50345593,0,2991,2820,171,0.00000,4.40967
534F4C31,6745,50350605,0,2993,2823,170,0.00000,4.38388
534F4C31,6746,50355774,0,2991,2819,172,0.00000,4.43546
534F4C31,6747,50360732,0,2999,2823,176,0.00000,4.53861
534F4C31,6747,50365780,0,2990,2821,169,0.00000,4.35810
534F4C31,6747,50368628,0,2993,2815,178,0.00000,4.59018
534F4C31,6747,50370830,0,2996,2825,171,0.00000,4.40967
534F4C31,6747,50374150,0,2993,2823,170,0.00000,4.38388
534F4C31,6747,50376350,0,2992,2821,171,0.00000,4.40967
534F4C31,6747,50378630,0,2992,2825,167,0.00000,4.30652
534F4C31,6747,50380913,0,2996,2818,178,0.00000,4.59018
534F4C31,6747,50382955,0,2991,2820,171,0.00000,4.40967
534F4C31,6747,50384880,0,2995,2818,177,0.00000,4.56440
534F4C31,6747,50387088,0,2995,2817,178,0.00000,4.59018
534F4C31,6747,50389330,0,2988,2820,168,0.00000,4.33231
534F4C31,6748,50391464,0,2997,2823,174,0.00000,4.48703
534F4C31,6748,50394785,0,2996,2822,174,0.00000,4.48703
534F4C31,6748,50397864,0,3003,2819,184,0.00000,4.74491
534F4C31,6749,50400170,0,2996,2820,176,0.00000,4.53861
534F4C31,6749,50404923,0,2990,2818,172,0.00000,4.43546
534F4C31,6749,50408183,0,2992,2825,167,0.00000,4.30652
534F4C31,6750,50411557,0,2991,2816,175,0.00000,4.51282
534F4C31,6750,50415981,0,3003,2817,186,0.00000,4.79648
534F4C31,6750,50418341,0,2992,2816,176,0.00000,4.53861
534F4C31,6750,50420565,0,2991,2821,170,0.00000,4.38388
534F4C31,6750,50423920,0,3000,2821,179,0.00000,4.61597
534F4C31,6750,50426169,0,2997,2819,178,0.00000,4.59018
534F4C31,6750,50428357,0,3000,2817,183,0.00000,4.71912
534F4C31,6750,50430966,0,2992,2820,172,0.00000,4.43546
534F4C31,6750,50433054,0,2996,2819,177,0.00000,4.56440
534F4C31,6750,50435189,0,2995,2818,177,0.00000,4.56440
534F4C31,6751,50437359,0,2997,2821,176,0.00000,4.53861
534F4C31,6752,50442218,0,3001,2820,181,0.00000,4.66755
534F4C31,6753,50445817,0,2990,2821,169,0.00000,4.35810
534F4C31,6753,50452152,0,2997,2823,174,0.00000,4.48703
534F4C31,6754,50455170,0,2994,2820,174,0.00000,4.48703
534F4C31,6754,50460144,0,3000,2816,184,0.00000,4.74491
534F4C31,6754,50462384,0,2994,2822,172,0.00000,4.43546
534F4C31,6754,50465122,0,2992,2820,172,0.00000,4.43546
534F4C31,6754,50468147,0,2997,2821,176,0.00000,4.53861
534F4C31,6754,50470383,0,2984,2821,163,0.00000,4.20337
534F4C31,6754,50472467,0,2996,2820,176,0.00000,4.53861
534F4C31,6754,50474535,0,2994,2815,179,0.00000,4.61597
534F4C31,6754,50476582,0,2989,2818,171,0.00000,4.40967
534F4C31,6755,50478917,0,3002,2823,179,0.00000,4.61597
534F4C31,6756,50483304,0,2994,2822,172,0.00000,4.43546
534F4C31,6757,50486996,0,3000,2820,180,0.00000,4.64176
534F4C31,6758,50493442,0,2990,2822,168,0.00000,4.33231
534F4C31,6758,50495609,0,2991,2821,170,0.00000,4.38388
534F4C31,6758,50501336,0,2995,2819,176,0.00000,4.53861
534F4C31,6758,50503563,0,2990,2819,171,0.00000,4.40967
534F4C31,6758,50506584,0,2990,2822,168,0.00000,4.33231
534F4C31,6758,50508879,0,2992,2817,175,0.00000,4.51282
534F4C31,6758,50510962,0,2991,2820,171,0.00000,4.40967
534F4C31,6758,50513132,0,2993,2817,176,0.00000,4.53861
534F4C31,6758,50515352,0,2994,2819,175,0.00000,4.51282
534F4C31,6758,50517590,0,2993,2816,177,0.00000,4.56440
534F4C31,6759,50519624,0,2994,2817,177,0.00000,4.56440
534F4C31,6760,50524437,0,2991,2817,174,0.00000,4.48703
534F4C31,6761,50528172,0,2991,2822,169,0.00000,4.35810
534F4C31,6762,50534684,0,2996,2820,176,0.00000,4.53861
534F4C31,6763,50539548,0,2998,2813,185,0.00000,4.77070
534F4C31,6763,50544615,0,2989,2817,172,0.00000,4.43546
534F4C31,6763,50546969,0,2988,2815,173,0.00000,4.46125
534F4C31,6763,50549357,0,2995,2819,176,0.00000,4.53861
534F4C31,6763,50552462,0,2995,2815,180,0.00000,4.64176
534F4C31,6763,50554575,0,2996,2813,183,0.00000,4.71912
534F4C31,6763,50556683,0,2991,2813,178,0.00000,4.59018
534F4C31,6763,50558797,0,2994,2813,181,0.00000,4.66755
534F4C31,6763,50560985,0,2994,2813,181,0.00000,4.66755
534F4C31,6764,50563255,0,2992,2814,178,0.00000,4.59018
534F4C31,6765,50567569,0,2993,2813,180,0.00000,4.64176
534F4C31,6766,50570433,0,2991,2813,178,0.00000,4.59018
534F4C31,6766,50576293,0,2994,2815,179,0.00000,4.61597
534F4C31,6766,50580899,0,2992,2812,180,0.00000,4.64176
534F4C31,6766,50585129,0,2995,2818,177,0.00000,4.56440
534F4C31,6766,50587360,0,2993,2814,179,0.00000,4.61597
534F4C31,6766,50589570,0,2993,2816,177,0.00000,4.56440
534F4C31,6766,50592654,0,2991,2813,178,0.00000,4.59018
534F4C31,6766,50594938,0,2988,2813,175,0.00000,4.51282
534F4C31,6766,50597178,0,2993,2815,178,0.00000,4.59018
534F4C31,6766,50599392,0,2993,2818,175,0.00000,4.51282
534F4C31,6766,50601514,0,2998,2815,183,0.00000,4.71912
534F4C31,6766,50603596,0,2998,2816,182,0.00000,4.69333
534F4C31,6766,50605616,0,2994,2815,179,0.00000,4.61597
534F4C31,6767,50608518,0,2998,2813,185,0.00000,4.77070
534F4C31,6768,50612618,0,2995,2815,180,0.00000,4.64176
534F4C31,6769,50618107,0,2993,2814,179,0.00000,4.61597
534F4C31,6769,50621851,0,2992,2812,180,0.00000,4.64176
534F4C31,6770,50625512,0,3000,2814,186,0.00000,4.79648
534F4C31,6770,50629164,0,2996,2811,185,0.00000,4.77070
534F4C31,6770,50632908,0,2996,2816,180,0.00000,4.64176
534F4C31,6770,50636373,0,3000,2816,184,0.00000,4.74491
534F4C31,6770,50638712,0,2994,2816,178,0.00000,4.59018
534F4C31,6770,50641790,0,2994,2816,178,0.00000,4.59018
534F4C31,6770,50643962,0,2990,2812,178,0.00000,4.59018
534F4C31,6770,50646009,0,2994,2811,183,0.00000,4.71912
534F4C31,6771,50648101,0,2998,2811,187,0.00000,4.82227
534F4C31,6772,50651756,0,2995,2816,179,0.00000,4.61597
534F4C31,6773,50656648,0,2996,2815,181,0.00000,4.66755
534F4C31,6774,50661950,0,2995,2814,181,0.00000,4.66755
534F4C31,6774,50667530,0,2990,2816,174,0.00000,4.48703
534F4C31,6775,50669844,0,2996,2813,183,0.00000,4.71912
534F4C31,6775,50674667,0,2989,2818,171,0.00000,4.40967
534F4C31,6775,50677418,0,2994,2814,180,0.00000,4.64176
534F4C31,6775,50679624,0,2994,2811,183,0.00000,4.71912
534F4C31,6776,50682658,0,2991,2814,177,0.00000,4.56440
534F4C31,6776,50687778,0,2996,2812,184,0.00000,4.74491
534F4C31,6776,50690081,0,2990,2816,174,0.00000,4.48703
534F4C31,6776,50692895,0,2989,2813,176,0.00000,4.53861
534F4C31,6776,50695413,0,2996,2813,183,0.00000,4.71912
534F4C31,6776,50697621,0,2996,2816,180,0.00000,4.64176
534F4C31,6776,50699794,0,2989,2812,177,0.00000,4.56440
534F4C31,6776,50702050,0,3002,2816,186,0.00000,4.79648
534F4C31,6776,50704300,0,2994,2813,181,0.00000,4.66755
534F4C31,6777,50706388,0,2994,2817,177,0.00000,4.56440
534F4C31,6778,50709409,0,2991,2815,176,0.00000,4.53861
534F4C31,6779,50714047,0,2992,2816,176,0.00000,4.53861
534F4C31,6780,50719761,0,2987,2810,177,0.00000,4.56440
534F4C31,6780,50723660,0,2994,2817,177,0.00000,4.56440
534F4C31,6780,50728340,0,2993,2813,180,0.00000,4.64176
534F4C31,6780,50731737,0,2994,2815,179,0.00000,4.61597
534F4C31,6780,50734502,0,2992,2815,177,0.00000,4.56440
534F4C31,6781,50737796,0,2998,2811,187,0.00000,4.82227
534F4C31,6782,50741355,0,2994,2814,180,0.00000,4.64176
534F4C31,6783,50745060,0,3000,2812,188,0.00000,4.84806
534F4C31,6783,50751893,0,2996,2813,183,0.00000,4.71912
534F4C31,6783,50754448,0,3003,2815,188,0.00000,4.84806
534F4C31,6783,50757983,0,2993,2816,177,0.00000,4.56440
534F4C31,6783,50760129,0,2995,2815,180,0.00000,4.64176
534F4C31,6783,50762191,0,2988,2812,176,0.00000,4.53861
534F4C31,6783,50764509,0,2993,2813,180,0.00000,4.64176
534F4C31,6783,50766742,0,2994,2813,181,0.00000,4.66755
534F4C31,6783,50768951,0,2992,2816,176,0.00000,4.53861
534F4C31,6784,50770991,0,2990,2815,175,0.00000,4.51282
534F4C31,6785,50773827,0,2992,2813,179,0.00000,4.61597
534F4C31,6786,50778502,0,2994,2817,177,0.00000,4.56440
534F4C31,6787,50784670,0,2992,2817,175,0.00000,4.51282
534F4C31,6788,50789041,0,2997,2814,183,0.00000,4.71912
534F4C31,6789,50795492,0,2992,2816,176,0.00000,4.53861
534F4C31,6789,50800532,0,2992,2818,174,0.00000,4.48703
534F4C31,6790,50804611,0,2993,2816,177,0.00000,4.56440
534F4C31,6790,50809452,0,2994,2815,179,0.00000,4.61597
534F4C31,6790,50813968,0,2992,2815,177,0.00000,4.56440
534F4C31,6791,50816917,0,3002,2814,188,0.00000,4.84806
534F4C31,6792,50820927,0,2995,2815,180,0.00000,4.64176
534F4C31,6792,50824964,0,2990,2815,175,0.00000,4.51282
534F4C31,6792,50828792,0,2990,2817,173,0.00000,4.46125
534F4C31,6792,50830926,0,2994,2815,179,0.00000,4.61597
534F4C31,6792,50833070,0,2999,2812,187,0.00000,4.82227
534F4C31,6793,50835298,0,2991,2816,175,0.00000,4.51282
534F4C31,6794,50841332,0,2992,2815,177,0.00000,4.56440
534F4C31,6794,50844882,0,2995,2814,181,0.00000,4.66755
534F4C31,6794,50848425,0,2994,2816,178,0.00000,4.59018
534F4C31,6794,50851344,0,2995,2814,181,0.00000,4.66755
534F4C31,6794,50855736,0,2991,2811,180,0.00000,4.64176
534F4C31,6794,50857814,0,2996,2812,184,0.00000,4.74491
534F4C31,6794,50860511,0,2996,2816,180,0.00000,4.64176
534F4C31,6794,50863092,0,2995,2814,181,0.00000,4.66755
534F4C31,6794,50865416,0,2999,2820,179,0.00000,4.61597
534F4C31,6795,50867764,0,2999,2818,181,0.00000,4.66755
534F4C31,6796,50871145,0,2991,2820,171,0.00000,4.40967
534F4C31,6797,50875730,0,2998,2816,182,0.00000,4.69333
534F4C31,6798,50882905,0,2993,2818,175,0.00000,4.51282
534F4C31,6798,50887194,0,2996,2817,179,0.00000,4.61597
534F4C31,6798,50890772,0,2995,2813,182,0.00000,4.69333
534F4C31,6798,50892978,0,2990,2811,179,0.00000,4.61597
534F4C31,6798,50896103,0,3001,2815,186,0.00000,4.79648
534F4C31,6799,50898458,0,2995,2815,180,0.00000,4.64176
534F4C31,6800,50902885,0,2993,2816,177,0.00000,4.56440
534F4C31,6800,50906328,0,2995,2812,183,0.00000,4.71912
534F4C31,6800,50911168,0,2997,2816,181,0.00000,4.66755
534F4C31,6800,50913354,0,2994,2818,176,0.00000,4.53861
534F4C31,6800,50915471,0,2993,2816,177,0.00000,4.56440
534F4C31,6800,50917690,0,2990,2815,175,0.00000,4.51282
534F4C31,6800,50919909,0,2990,2820,170,0.00000,4.38388
534F4C31,6800,50922598,0,2989,2814,175,0.00000,4.51282
534F4C31,6800,50924836,0,2993,2814,179,0.00000,4.61597
534F4C31,6800,50926895,0,2988,2813,175,0.00000,4.51282
534F4C31,6800,50930193,0,2993,2817,176,0.00000,4.53861
534F4C31,6800,50932519,0,2997,2817,180,0.00000,4.64176
534F4C31,6800,50934649,0,2998,2817,181,0.00000,4.66755
534F4C31,6800,50936832,0,2993,2817,176,0.00000,4.53861
534F4C31,6800,50938866,0,2995,2815,180,0.00000,4.64176
534F4C31,6800,50941070,0,3000,2819,181,0.00000,4.66755
534F4C31,6800,50943692,0,2994,2814,180,0.00000,4.64176
534F4C31,6800,50946102,0,2992,2813,179,0.00000,4.61597
534F4C31,6801,50948578,0,3001,2813,188,0.00000,4.84806
534F4C31,6802,50953019,0,2994,2812,182,0.00000,4.69333
534F4C31,6803,50957326,0,2995,2813,182,0.00000,4.69333
534F4C31,6804,50963334,0,2997,2816,181,0.00000,4.66755
534F4C31,6805,50968414,0,2996,2816,180,0.00000,4.64176
534F4C31,6806,50971531,0,2991,2814,177,0.00000,4.56440
534F4C31,6807,50975329,0,2992,2818,174,0.00000,4.48703
534F4C31,6807,50979612,0,2992,2818,174,0.00000,4.48703
534F4C31,6808,50983382,0,2997,2818,179,0.00000,4.61597
534F4C31,6809,50986129,0,2989,2816,173,0.00000,4.46125
534F4C31,6809,50992582,0,2994,2816,178,0.00000,4.59018
534F4C31,6809,50995974,0,3000,2815,185,0.00000,4.77070
534F4C31,6810,50999472,0,2998,2818,180,0.00000,4.64176
534F4C31,6811,51003264,0,2996,2816,180,0.00000,4.64176
534F4C31,6812,51008882,0,2994,2816,178,0.00000,4.59018
534F4C31,6812,51014972,0,2995,2816,179,0.00000,4.61597
534F4C31,6812,51017242,0,2994,2816,178,0.00000,4.59018
534F4C31,6812,51020121,0,3001,2816,185,0.00000,4.77070
534F4C31,6812,51022529,0,2990,2816,174,0.00000,4.48703
534F4C31,6812,51024616,0,2997,2815,182,0.00000,4.69333
534F4C31,6812,51026841,0,2990,2817,173,0.00000,4.46125
534F4C31,6812,51029085,0,2994,2814,180,0.00000,4.64176
534F4C31,6812,51031297,0,2988,2814,174,0.00000,4.48703
534F4C31,6812,51033330,0,2994,2812,182,0.00000,4.69333
534F4C31,6812,51035437,0,3002,2814,188,0.00000,4.84806
534F4C31,6812,51037422,0,2997,2815,182,0.00000,4.69333
534F4C31,6812,51039627,0,2994,2814,180,0.00000,4.64176
534F4C31,6812,51041734,0,2997,2816,181,0.00000,4.66755
534F4C31,6812,51043876,0,2998,2818,180,0.00000,4.64176
534F4C31,6812,51046577,0,2995,2813,182,0.00000,4.69333
534F4C31,6812,51048774,0,2995,2815,180,0.00000,4.64176
534F4C31,6812,51050911,0,2988,2815,173,0.00000,4.46125
534F4C31,6812,51053013,0,2998,2816,182,0.00000,4.69333
534F4C31,6812,51055188,0,2991,2821,170,0.00000,4.38388
534F4C31,6813,51057407,0,2994,2817,177,0.00000,4.56440
534F4C31,6813,51061758,0,2995,2814,181,0.00000,4.66755
534F4C31,6813,51064077,0,2995,2815,180,0.00000,4.64176
534F4C31,6814,51066876,0,2996,2811,185,0.00000,4.77070
534F4C31,6814,51071914,0,2995,2820,175,0.00000,4.51282
534F4C31,6814,51074836,0,2998,2812,186,0.00000,4.79648
534F4C31,6815,51078311,0,2998,2812,186,0.00000,4.79648
534F4C31,6815,51083779,0,2989,2811,178,0.00000,4.59018
534F4C31,6815,51086038,0,2995,2811,184,0.00000,4.74491
534F4C31,6816,51089945,0,2997,2810,187,0.00000,4.82227
534F4C31,6817,51094516,0,2991,2816,175,0.00000,4.51282
534F4C31,6817,51098709,0,2996,2810,186,0.00000,4.79648
534F4C31,6817,51104570,0,3000,2811,189,0.00000,4.87385
534F4C31,6817,51106823,0,2998,2813,185,0.00000,4.77070
534F4C31,6817,51108869,0,3000,2810,190,0.00000,4.89963
534F4C31,6818,51111019,0,2994,2809,185,0.00000,4.77070
534F4C31,6819,51116725,0,2999,2809,190,0.00000,4.89963
534F4C31,6819,51121625,0,2990,2810,180,0.00000,4.64176
534F4C31,6819,51125319,0,2992,2814,178,0.00000,4.59018
534F4C31,6819,51128191,0,2989,2809,180,0.00000,4.64176
534F4C31,6819,51130405,0,2991,2812,179,0.00000,4.61597
534F4C31,6820,51133262,0,2997,2811,186,0.00000,4.79648
534F4C31,6821,51136445,0,2989,2813,176,0.00000,4.53861
534F4C31,6822,51141012,0,2995,2809,186,0.00000,4.79648
534F4C31,6822,51148275,0,2994,2808,186,0.00000,4.79648
534F4C31,6823,51152572,0,2993,2813,180,0.00000,4.64176
534F4C31,6823,51158106,0,2998,2809,189,0.00000,4.87385
534F4C31,6823,51161218,0,2995,2809,186,0.00000,4.79648
534F4C31,6823,51163262,0,2990,2808,182,0.00000,4.69333
534F4C31,6823,51165458,0,2999,2810,189,0.00000,4.87385
534F4C31,6824,51169222,0,2991,2808,183,0.00000,4.71912
534F4C31,6825,51173610,0,3003,2810,193,0.00000,4.97700
534F4C31,6826,51177549,0,2997,2808,189,0.00000,4.87385
534F4C31,6827,51183320,0,2988,2811,177,0.00000,4.56440
534F4C31,6828,51187932,0,2997,2812,185,0.00000,4.77070
534F4C31,6828,51193439,0,2992,2811,181,0.00000,4.66755
534F4C31,6828,51195676,0,2995,2809,186,0.00000,4.79648
534F4C31,6828,51199038,0,2994,2808,186,0.00000,4.79648
534F4C31,6828,51201553,0,2992,2809,183,0.00000,4.71912
534F4C31,6828,51203668,0,2995,2813,182,0.00000,4.69333
534F4C31,6828,51205765,0,2989,2809,180,0.00000,4.64176
534F4C31,6828,51207924,0,2994,2809,185,0.00000,4.77070
534F4C31,6828,51210211,0,2992,2808,184,0.00000,4.74491
534F4C31,6828,51212450,0,2995,2815,180,0.00000,4.64176
534F4C31,6828,51215705,0,2996,2808,188,0.00000,4.84806
534F4C31,6828,51218013,0,2996,2813,183,0.00000,4.71912
534F4C31,6828,51220197,0,2999,2809,190,0.00000,4.89963
534F4C31,6828,51223152,0,2995,2808,187,0.00000,4.82227
534F4C31,6829,51225658,0,2997,2808,189,0.00000,4.87385
534F4C31,6829,51230506,0,2997,2810,187,0.00000,4.82227
534F4C31,6829,51232831,0,2994,2811,183,0.00000,4.71912
534F4C31,6829,51235526,0,2997,2812,185,0.00000,4.77070
534F4C31,6829,51238289,0,3000,2808,192,0.00000,4.95121
534F4C31,6829,51240627,0,2988,2811,177,0.00000,4.56440
534F4C31,6829,51242864,0,2991,2806,185,0.00000,4.77070
534F4C31,6830,51245006,0,2996,2809,187,0.00000,4.82227
534F4C31,6831,51247938,0,2994,2808,186,0.00000,4.79648
534F4C31,6832,51252526,0,2996,2814,182,0.00000,4.69333
534F4C31,6833,51258965,0,2996,2810,186,0.00000,4.79648
534F4C31,6833,51263386,0,2993,2811,182,0.00000,4.69333
534F4C31,6833,51265537,0,2997,2810,187,0.00000,4.82227
534F4C31,6834,51270270,0,2991,2812,179,0.00000,4.61597
534F4C31,6835,51274068,0,2991,2811,180,0.00000,4.64176
534F4C31,6835,51280500,0,2991,2807,184,0.00000,4.74491
534F4C31,6835,51283848,0,2997,2812,185,0.00000,4.77070
534F4C31,6835,51286080,0,2992,2808,184,0.00000,4.74491
534F4C31,6835,51288193,0,2999,2811,188,0.00000,4.84806
534F4C31,6835,51290369,0,3000,2814,186,0.00000,4.79648
534F4C31,6835,51292539,0,2995,2808,187,0.00000,4.82227
534F4C31,6836,51294647,0,2996,2810,186,0.00000,4.79648
534F4C31,6837,51297660,0,2992,2810,182,0.00000,4.69333
534F4C31,6838,51302383,0,2992,2811,181,0.00000,4.66755
534F4C31,6839,51307858,0,2994,2813,181,0.00000,4.66755
534F4C31,6839,51313446,0,2995,2808,187,0.00000,4.82227
534F4C31,6839,51315666,0,2992,2812,180,0.00000,4.64176
534F4C31,6839,51318719,0,2998,2812,186,0.00000,4.79648
534F4C31,6839,51320916,0,2994,2810,184,0.00000,4.74491
534F4C31,6839,51323033,0,2996,2813,183,0.00000,4.71912
534F4C31,6839,51325361,0,2996,2808,188,0.00000,4.84806
534F4C31,6840,51327636,0,2994,2809,185,0.00000,4.77070
534F4C31,6841,51331353,0,2990,2812,178,0.00000,4.59018
534F4C31,6842,51335804,0,2993,2813,180,0.00000,4.64176
534F4C31,6843,51342247,0,2992,2811,181,0.00000,4.66755
534F4C31,6843,51345219,0,2994,2810,184,0.00000,4.74491
534F4C31,6843,51350088,0,2995,2808,187,0.00000,4.82227
534F4C31,6843,51353395,0,2994,2811,183,0.00000,4.71912
534F4C31,6843,51356457,0,2998,2810,188,0.00000,4.84806
534F4C31,6843,51358626,0,2995,2812,183,0.00000,4.71912
534F4C31,6843,51360633,0,2993,2812,181,0.00000,4.66755
534F4C31,6843,51362808,0,2992,2812,180,0.00000,4.64176
534F4C31,6843,51365031,0,2991,2810,181,0.00000,4.66755
534F4C31,6844,51367270,0,2995,2817,178,0.00000,4.59018
534F4C31,6844,51371170,0,2999,2811,188,0.00000,4.84806
534F4C31,6844,51373932,0,3003,2814,189,0.00000,4.87385
534F4C31,6844,51375881,0,2995,2811,184,0.00000,4.74491
534F4C31,6844,51378762,0,2993,2808,185,0.00000,4.77070
534F4C31,6844,51381178,0,2995,2816,179,0.00000,4.61597
534F4C31,6844,51383313,0,2998,2810,188,0.00000,4.84806
534F4C31,6844,51385443,0,3003,2813,190,0.00000,4.89963
534F4C31,6844,51387551,0,2999,2811,188,0.00000,4.84806
534F4C31,6845,51389874,0,2994,2811,183,0.00000,4.71912
534F4C31,6846,51393595,0,2989,2812,177,0.00000,4.56440
534F4C31,6847,51398050,0,2996,2812,184,0.00000,4.74491
534F4C31,6848,51401454,0,2992,2807,185,0.00000,4.77070
534F4C31,6849,51407307,0,2998,2812,186,0.00000,4.79648
534F4C31,6850,51411316,0,2992,2809,183,0.00000,4.71912
534F4C31,6850,51417138,0,2998,2813,185,0.00000,4.77070
534F4C31,6850,51419276,0,2991,2807,184,0.00000,4.74491
534F4C31,6850,51421409,0,2997,2810,187,0.00000,4.82227
534F4C31,6850,51424755,0,2997,2812,185,0.00000,4.77070
534F4C31,6850,51426970,0,2989,2811,178,0.00000,4.59018
534F4C31,6850,51429120,0,3000,2811,189,0.00000,4.87385
534F4C31,6851,51431281,0,2994,2817,177,0.00000,4.56440
534F4C31,6852,51435847,0,2994,2810,184,0.00000,4.74491
534F4C31,6853,51439379,0,2993,2810,183,0.00000,4.71912
534F4C31,6854,51445172,0,2993,2810,183,0.00000,4.71912
534F4C31,6855,51450560,0,2991,2811,180,0.00000,4.64176
534F4C31,6855,51456131,0,2997,2811,186,0.00000,4.79648
534F4C31,6855,51459038,0,2993,2812,181,0.00000,4.66755
534F4C31,6855,51461721,0,3000,2806,194,0.00000,5.00278
534F4C31,6855,51463797,0,2997,2811,186,0.00000,4.79648
534F4C31,6855,51467163,0,2992,2812,180,0.00000,4.64176
534F4C31,6855,51469625,0,3000,2813,187,0.00000,4.82227
534F4C31,6855,51471690,0,2992,2813,179,0.00000,4.61597
534F4C31,6855,51474873,0,2995,2811,184,0.00000,4.74491
534F4C31,6855,51477053,0,2993,2810,183,0.00000,4.71912
534F4C31,6855,51479280,0,2996,2810,186,0.00000,4.79648
534F4C31,6855,51481564,0,2991,2810,181,0.00000,4.66755
534F4C31,6855,51483775,0,2996,2809,187,0.00000,4.82227
534F4C31,6855,51485850,0,3001,2807,194,0.00000,5.00278
534F4C31,6855,51487938,0,2995,2810,185,0.00000,4.77070
534F4C31,6855,51490064,0,2996,2811,185,0.00000,4.77070
534F4C31,6855,51492305,0,2993,2808,185,0.00000,4.77070
534F4C31,6855,51494512,0,2997,2812,185,0.00000,4.77070
534F4C31,6855,51496573,0,2992,2810,182,0.00000,4.69333
534F4C31,6855,51498656,0,2998,2812,186,0.00000,4.79648
534F4C31,6856,51500697,0,3000,2809,191,0.00000,4.92542
534F4C31,6857,51505099,0,2992,2810,182,0.00000,4.69333
534F4C31,6858,51508967,0,2999,2808,191,0.00000,4.92542
534F4C31,6859,51512362,0,2992,2811,181,0.00000,4.66755
534F4C31,6860,51518296,0,2992,2811,181,0.00000,4.66755
534F4C31,6860,51524038,0,2995,2812,183,0.00000,4.71912
534F4C31,6860,51526927,0,2997,2809,188,0.00000,4.84806
534F4C31,6861,51529677,0,2995,2812,183,0.00000,4.71912
534F4C31,6862,51535598,0,2995,2806,189,0.00000,4.87385
534F4C31,6862,51539520,0,2996,2814,182,0.00000,4.69333
534F4C31,6862,51542910,0,2995,2814,181,0.00000,4.66755
534F4C31,6862,51545643,0,2991,2812,179,0.00000,4.61597
534F4C31,6862,51547830,0,2995,2814,181,0.00000,4.66755
534F4C31,6862,51550898,0,2996,2811,185,0.00000,4.77070
534F4C31,6862,51553166,0,2999,2810,189,0.00000,4.87385
534F4C31,6862,51555412,0,2998,2812,186,0.00000,4.79648
534F4C31,6862,51557929,0,2996,2813,183,0.00000,4.71912
534F4C31,6863,51560146,0,2995,2810,185,0.00000,4.77070
534F4C31,6864,51564147,0,2992,2808,184,0.00000,4.74491
534F4C31,6864,51567694,0,2995,2811,184,0.00000,4.74491
534F4C31,6864,51572538,0,2994,2809,185,0.00000,4.77070
534F4C31,6864,51575474,0,2998,2812,186,0.00000,4.79648
534F4C31,6864,51578508,0,3000,2809,191,0.00000,4.92542
534F4C31,6864,51581641,0,2993,2810,183,0.00000,4.71912
534F4C31,6864,51583883,0,2993,2809,184,0.00000,4.74491
534F4C31,6865,51587357,0,2989,2809,180,0.00000,4.64176
534F4C31,6866,51592107,0,2992,2809,183,0.00000,4.71912
534F4C31,6867,51596617,0,2993,2811,182,0.00000,4.69333
534F4C31,6867,51602391,0,3002,2809,193,0.00000,4.97700
534F4C31,6867,51605379,0,2998,2809,189,0.00000,4.87385
534F4C31,6867,51609327,0,2992,2810,182,0.00000,4.69333
534F4C31,6867,51611516,0,2988,2808,180,0.00000,4.64176
534F4C31,6867,51613763,0,2996,2810,186,0.00000,4.79648
534F4C31,6868,51616717,0,2996,2811,185,0.00000,4.77070
534F4C31,6869,51621036,0,2988,2812,176,0.00000,4.53861
534F4C31,6870,51624904,0,2998,2811,187,0.00000,4.82227
534F4C31,6871,51630568,0,2993,2812,181,0.00000,4.66755
534F4C31,6871,51634616,0,2994,2815,179,0.00000,4.61597
534F4C31,6871,51638626,0,2996,2807,189,0.00000,4.87385
534F4C31,6871,51641823,0,2995,2809,186,0.00000,4.79648
534F4C31,6871,51643972,0,2988,2814,174,0.00000,4.48703
534F4C31,6871,51646107,0,2992,2810,182,0.00000,4.69333
534F4C31,6871,51649140,0,2992,2812,180,0.00000,4.64176
534F4C31,6871,51651423,0,2998,2808,190,0.00000,4.89963
534F4C31,6871,51653635,0,3001,2812,189,0.00000,4.87385
534F4C31,6871,51655785,0,2991,2811,180,0.00000,4.64176
534F4C31,6871,51657853,0,2997,2808,189,0.00000,4.87385
534F4C31,6871,51660322,0,2996,2813,183,0.00000,4.71912
534F4C31,6871,51662508,0,2997,2811,186,0.00000,4.79648
534F4C31,6871,51664617,0,2993,2811,182,0.00000,4.69333
534F4C31,6872,51666989,0,2995,2812,183,0.00000,4.71912
534F4C31,6873,51671279,0,3002,2807,195,0.00000,5.02857
534F4C31,6874,51675339,0,2989,2810,179,0.00000,4.61597
534F4C31,6875,51679011,0,2994,2808,186,0.00000,4.79648
534F4C31,6876,51685168,0,2988,2809,179,0.00000,4.61597
534F4C31,6876,51688728,0,2996,2808,188,0.00000,4.84806
534F4C31,6876,51691350,0,2991,2807,184,0.00000,4.74491
534F4C31,6877,51696605,0,2994,2810,184,0.00000,4.74491
534F4C31,6878,51700631,0,2997,2807,190,0.00000,4.89963
534F4C31,6878,51704140,0,2990,2807,183,0.00000,4.71912
534F4C31,6879,51706411,0,2990,2806,184,0.00000,4.74491
534F4C31,6880,51708722,0,2996,2806,190,0.00000,4.89963
534F4C31,6881,51712011,0,2996,2805,191,0.00000,4.92542
534F4C31,6882,51715925,0,2999,2810,189,0.00000,4.87385
534F4C31,6882,51722615,0,2993,2807,186,0.00000,4.79648
534F4C31,6882,51724912,0,2992,2808,184,0.00000,4.74491
534F4C31,6883,51728191,0,2988,2804,184,0.00000,4.74491
534F4C31,6884,51732970,0,2992,2810,182,0.00000,4.69333
534F4C31,6885,51737024,0,2991,2808,183,0.00000,4.71912
534F4C31,6886,51742546,0,2991,2807,184,0.00000,4.74491
534F4C31,6886,51745780,0,2990,2808,182,0.00000,4.69333
534F4C31,6886,51750139,0,3002,2808,194,0.00000,5.00278
534F4C31,6886,51753163,0,2997,2808,189,0.00000,4.87385
534F4C31,6886,51755460,0,2997,2808,189,0.00000,4.87385
534F4C31,6886,51758203,0,2994,2806,188,0.00000,4.84806
534F4C31,6886,51760514,0,2995,2806,189,0.00000,4.87385
534F4C31,6886,51763186,0,2998,2807,191,0.00000,4.92542
534F4C31,6886,51765492,0,2997,2806,191,0.00000,4.92542
534F4C31,6886,51767740,0,3001,2808,193,0.00000,4.97700
534F4C31,6886,51769869,0,2997,2806,191,0.00000,4.92542
534F4C31,6886,51771953,0,2994,2805,189,0.00000,4.87385
534F4C31,6886,51774018,0,2997,2809,188,0.00000,4.84806
534F4C31,6886,51776065,0,2993,2805,188,0.00000,4.84806
534F4C31,6886,51778195,0,2987,2808,179,0.00000,4.61597
534F4C31,6886,51780264,0,2998,2808,190,0.00000,4.89963
534F4C31,6886,51782452,0,2989,2807,182,0.00000,4.69333
534F4C31,6886,51784635,0,2992,2803,189,0.00000,4.87385
534F4C31,6886,51786706,0,2994,2804,190,0.00000,4.89963
534F4C31,6886,51788749,0,2991,2803,188,0.00000,4.84806
534F4C31,6886,51791018,0,2989,2804,185,0.00000,4.77070
534F4C31,6886,51793259,0,2992,2809,183,0.00000,4.71912
534F4C31,6886,51795370,0,2987,2806,181,0.00000,4.66755
534F4C31,6886,51797442,0,2996,2809,187,0.00000,4.82227
534F4C31,6886,51799556,0,2996,2807,189,0.00000,4.87385
534F4C31,6886,51801764,0,2991,2807,184,0.00000,4.74491
534F4C31,6886,51803973,0,2996,2808,188,0.00000,4.84806
534F4C31,6887,51806003,0,2992,2807,185,0.00000,4.77070
534F4C31,6888,51810704,0,2991,2808,183,0.00000,4.71912
534F4C31,6889,51814064,0,2992,2806,186,0.00000,4.79648
534F4C31,6890,51820366,0,2998,2806,192,0.00000,4.95121
534F4C31,6890,51823305,0,2987,2805,182,0.00000,4.69333
534F4C31,6890,51828810,0,2993,2806,187,0.00000,4.82227
534F4C31,6890,51831076,0,3003,2807,196,0.00000,5.05436
534F4C31,6890,51833304,0,2996,2807,189,0.00000,4.87385
534F4C31,6891,51836801,0,3001,2809,192,0.00000,4.95121
534F4C31,6892,51841612,0,2992,2808,184,0.00000,4.74491
534F4C31,6892,51845742,0,2997,2806,191,0.00000,4.92542
534F4C31,6892,51850187,0,2996,2806,190,0.00000,4.89963
534F4C31,6892,51852932,0,2990,2809,181,0.00000,4.66755
534F4C31,6892,51856583,0,2999,2806,193,0.00000,4.97700
534F4C31,6892,51858726,0,2999,2805,194,0.00000,5.00278
534F4C31,6892,51860863,0,2991,2807,184,0.00000,4.74491
534F4C31,6893,51864315,0,2993,2807,186,0.00000,4.79648
534F4C31,6893,51869335,0,2996,2806,190,0.00000,4.89963
534F4C31,6894,51873994,0,2994,2805,189,0.00000,4.87385
534F4C31,6894,51877958,0,2999,2807,192,0.00000,4.95121
534F4C31,6894,51881748,0,2993,2805,188,0.00000,4.84806
534F4C31,6895,51884267,0,2997,2805,192,0.00000,4.95121
534F4C31,6895,51889536,0,2997,2806,191,0.00000,4.92542
534F4C31,6895,51891870,0,2994,2808,186,0.00000,4.79648
534F4C31,6895,51893865,0,2997,2810,187,0.00000,4.82227
534F4C31,6896,51897077,0,2997,2807,190,0.00000,4.89963
534F4C31,6896,51901580,0,2998,2807,191,0.00000,4.92542
534F4C31,6896,51903885,0,3002,2810,192,0.00000,4.95121
534F4C31,6897,51906848,0,2998,2812,186,0.00000,4.79648
534F4C31,6898,51911820,0,2997,2807,190,0.00000,4.89963
534F4C31,6898,51916773,0,3001,2808,193,0.00000,4.97700
534F4C31,6899,51921539,0,2997,2806,191,0.00000,4.92542
534F4C31,6900,51923776,0,2999,2809,190,0.00000,4.89963
534F4C31,6900,51930007,0,2993,2808,185,0.00000,4.77070
534F4C31,6900,51932729,0,2999,2805,194,0.00000,5.00278
534F4C31,6900,51935645,0,2999,2808,191,0.00000,4.92542
534F4C31,6900,51940655,0,2995,2808,187,0.00000,4.82227
534F4C31,6901,51943530,0,3001,2810,191,0.00000,4.92542
534F4C31,6902,51946681,0,2993,2810,183,0.00000,4.71912
534F4C31,6903,51950084,0,2993,2808,185,0.00000,4.77070
534F4C31,6904,51956497,0,2994,2813,181,0.00000,4.66755
534F4C31,6904,51962198,0,2993,2807,186,0.00000,4.79648
534F4C31,6904,51964617,0,2990,2807,183,0.00000,4.71912
534F4C31,6904,51967921,0,2995,2808,187,0.00000,4.82227
534F4C31,6904,51970383,0,2996,2808,188,0.00000,4.84806
534F4C31,6905,51972630,0,2997,2808,189,0.00000,4.87385
534F4C31,6905,51977101,0,2996,2809,187,0.00000,4.82227
534F4C31,6905,51980306,0,2993,2807,186,0.00000,4.79648
534F4C31,6905,51982448,0,2992,2804,188,0.00000,4.84806
534F4C31,6905,51985699,0,2990,2808,182,0.00000,4.69333
534F4C31,6905,51988603,0,2995,2810,185,0.00000,4.77070
534F4C31,6905,51990815,0,2999,2808,191,0.00000,4.92542
534F4C31,6905,51993042,0,2996,2806,190,0.00000,4.89963
534F4C31,6905,51995277,0,3000,2808,192,0.00000,4.95121
534F4C31,6905,51997388,0,2996,2806,190,0.00000,4.89963
534F4C31,6905,51999439,0,2994,2807,187,0.00000,4.82227
534F4C31,6905,52001564,0,2996,2807,189,0.00000,4.87385
534F4C31,6906,52003841,0,3000,2807,193,0.00000,4.97700
534F4C31,6907,52008518,0,2991,2810,181,0.00000,4.66755
534F4C31,6908,52011903,0,2996,2804,192,0.00000,4.95121
534F4C31,6909,52017921,0,2994,2804,190,0.00000,4.89963
534F4C31,6909,52020866,0,2992,2807,185,0.00000,4.77070
534F4C31,6909,52024084,0,2995,2804,191,0.00000,4.92542
534F4C31,6910,52029186,0,2998,2808,190,0.00000,4.89963
534F4C31,6911,52033143,0,2989,2808,181,0.00000,4.66755
534F4C31,6911,52037585,0,2991,2808,183,0.00000,4.71912
534F4C31,6911,52041091,0,2989,2807,182,0.00000,4.69333
534F4C31,6911,52043908,0,2997,2808,189,0.00000,4.87385
534F4C31,6911,52046359,0,2998,2809,189,0.00000,4.87385
534F4C31,6912,52049555,0,2989,2807,182,0.00000,4.69333
534F4C31,6913,52054712,0,2994,2806,188,0.00000,4.84806
534F4C31,6913,52059164,0,3000,2812,188,0.00000,4.84806
534F4C31,6913,52062722,0,2996,2806,190,0.00000,4.89963
534F4C31,6913,52065537,0,2998,2806,192,0.00000,4.95121
534F4C31,6913,52069086,0,2993,2807,186,0.00000,4.79648
534F4C31,6913,52071229,0,2999,2806,193,0.00000,4.97700
534F4C31,6913,52073332,0,2993,2809,184,0.00000,4.74491
534F4C31,6913,52075519,0,3000,2810,190,0.00000,4.89963
534F4C31,6913,52077740,0,2995,2806,189,0.00000,4.87385
534F4C31,6913,52080001,0,2995,2805,190,0.00000,4.89963
534F4C31,6913,52082178,0,2999,2804,195,0.00000,5.02857
534F4C31,6914,52084214,0,2998,2807,191,0.00000,4.92542
534F4C31,6915,52087086,0,2989,2806,183,0.00000,4.71912
534F4C31,6916,52091375,0,2992,2811,181,0.00000,4.66755
534F4C31,6917,52097323,0,2996,2806,190,0.00000,4.89963
534F4C31,6917,52103345,0,2991,2807,184,0.00000,4.74491
534F4C31,6917,52105780,0,2993,2807,186,0.00000,4.79648
534F4C31,6917,52109136,0,2999,2808,191,0.00000,4.92542
534F4C31,6917,52111328,0,2996,2806,190,0.00000,4.89963
534F4C31,6917,52113373,0,3000,2809,191,0.00000,4.92542
534F4C31,6917,52115593,0,3002,2808,194,0.00000,5.00278
534F4C31,6917,52117841,0,2999,2805,194,0.00000,5.00278
534F4C31,6917,52119894,0,2995,2806,189,0.00000,4.87385
534F4C31,6917,52121938,0,2990,2807,183,0.00000,4.71912
534F4C31,6918,52124018,0,2999,2809,190,0.00000,4.89963
534F4C31,6919,52127735,0,2993,2808,185,0.00000,4.77070
534F4C31,6920,52130907,0,2992,2807,185,0.00000,4.77070
534F4C31,6921,52134132,0,2996,2808,188,0.00000,4.84806
534F4C31,6922,52138980,0,2997,2807,190,0.00000,4.89963
534F4C31,6923,52142781,0,3000,2806,194,0.00000,5.00278
534F4C31,6924,52149382,0,2991,2807,184,0.00000,4.74491
534F4C31,6924,52154333,0,2997,2806,191,0.00000,4.92542
534F4C31,6924,52157211,0,2992,2807,185,0.00000,4.77070
534F4C31,6924,52160096,0,2995,2807,188,0.00000,4.84806
534F4C31,6924,52162429,0,2998,2810,188,0.00000,4.84806
534F4C31,6925,52164636,0,2993,2809,184,0.00000,4.74491
534F4C31,6925,52168511,0,2995,2807,188,0.00000,4.84806
534F4C31,6925,52173165,0,2989,2805,184,0.00000,4.74491
534F4C31,6925,52176913,0,2990,2809,181,0.00000,4.66755
534F4C31,6925,52179095,0,2999,2808,191,0.00000,4.92542
534F4C31,6925,52182057,0,2991,2808,183,0.00000,4.71912
534F4C31,6925,52184642,0,2997,2806,191,0.00000,4.92542
534F4C31,6925,52186704,0,2998,2807,191,0.00000,4.92542
534F4C31,6925,52188895,0,2991,2807,184,0.00000,4.74491
534F4C31,6925,52190883,0,2997,2808,189,0.00000,4.87385
534F4C31,6925,52192981,0,2999,2808,191,0.00000,4.92542
534F4C31,6925,52195064,0,2992,2808,184,0.00000,4.74491
534F4C31,6925,52197351,0,2995,2805,190,0.00000,4.89963
534F4C31,6926,52199648,0,2993,2805,188,0.00000,4.84806
534F4C31,6927,52203862,0,2994,2810,184,0.00000,4.74491
534F4C31,6928,52208439,0,3002,2805,197,0.00000,5.08015
534F4C31,6929,52215585,0,2997,2806,191,0.00000,4.92542
534F4C31,6929,52218944,0,2995,2809,186,0.00000,4.79648
534F4C31,6929,52222798,0,2990,2809,181,0.00000,4.66755
534F4C31,6929,52226163,0,2998,2808,190,0.00000,4.89963
534F4C31,6929,52228415,0,2995,2807,188,0.00000,4.84806
534F4C31,6929,52231154,0,2995,2807,188,0.00000,4.84806
534F4C31,6930,52233562,0,2999,2810,189,0.00000,4.87385
534F4C31,6931,52237974,0,2993,2807,186,0.00000,4.79648
534F4C31,6931,52241305,0,2991,2808,183,0.00000,4.71912
534F4C31,6931,52246011,0,2994,2807,187,0.00000,4.82227
534F4C31,6931,52248710,0,2995,2806,189,0.00000,4.87385
534F4C31,6931,52251088,0,2995,2807,188,0.00000,4.84806
534F4C31,6931,52253216,0,2996,2805,191,0.00000,4.92542
534F4C31,6931,52256385,0,2996,2806,190,0.00000,4.89963
534F4C31,6931,52258828,0,2986,2804,182,0.00000,4.69333
534F4C31,6931,52261030,0,2994,2809,185,0.00000,4.77070
534F4C31,6932,52263206,0,2994,2808,186,0.00000,4.79648
534F4C31,6933,52267346,0,2993,2806,187,0.00000,4.82227
534F4C31,6934,52270865,0,3003,2808,195,0.00000,5.02857
534F4C31,6935,52277154,0,2995,2807,188,0.00000,4.84806
534F4C31,6935,52281274,0,2994,2807,187,0.00000,4.82227
534F4C31,6935,52285369,0,3003,2805,198,0.00000,5.10593
534F4C31,6935,52288458,0,2997,2803,194,0.00000,5.00278
534F4C31,6935,52290709,0,2992,2804,188,0.00000,4.84806
534F4C31,6936,52292803,0,2989,2803,186,0.00000,4.79648
534F4C31,6937,52298134,0,2995,2805,190,0.00000,4.89963
534F4C31,6937,52302410,0,2992,2802,190,0.00000,4.89963
534F4C31,6937,52307344,0,2995,2803,192,0.00000,4.95121
534F4C31,6937,52310193,0,2993,2803,190,0.00000,4.89963
534F4C31,6937,52312357,0,2992,2804,188,0.00000,4.84806
534F4C31,6938,52315446,0,2996,2805,191,0.00000,4.92542
534F4C31,6938,52319572,0,2997,2804,193,0.00000,4.97700
534F4C31,6938,52322294,0,2995,2804,191,0.00000,4.92542
534F4C31,6938,52325432,0,2991,2803,188,0.00000,4.84806
534F4C31,6938,52327734,0,3000,2804,196,0.00000,5.05436
534F4C31,6938,52329817,0,2996,2803,193,0.00000,4.97700
534F4C31,6938,52331989,0,2992,2806,186,0.00000,4.79648
534F4C31,6938,52334209,0,2992,2801,191,0.00000,4.92542
534F4C31,6939,52336256,0,3002,2803,199,0.00000,5.13172
534F4C31,6940,52340867,0,2992,2801,191,0.00000,4.92542
534F4C31,6941,52344676,0,2998,2800,198,0.00000,5.10593
534F4C31,6941,52350425,0,2991,2803,188,0.00000,4.84806
534F4C31,6941,52352701,0,2994,2801,193,0.00000,4.97700
534F4C31,6942,52354709,0,2992,2802,190,0.00000,4.89963
534F4C31,6942,52359863,0,2991,2803,188,0.00000,4.84806
534F4C31,6942,52363588,0,2995,2804,191,0.00000,4.92542
534F4C31,6943,52366359,0,2996,2805,191,0.00000,4.92542
534F4C31,6943,52371851,0,2994,2804,190,0.00000,4.89963
534F4C31,6943,52374185,0,2994,2803,191,0.00000,4.92542
534F4C31,6944,52377589,0,2997,2806,191,0.00000,4.92542
534F4C31,6945,52382146,0,2996,2807,189,0.00000,4.87385
534F4C31,6946,52387266,0,2993,2802,191,0.00000,4.92542
534F4C31,6946,52392580,0,2996,2805,191,0.00000,4.92542
534F4C31,6946,52394818,0,2992,2804,188,0.00000,4.84806
534F4C31,6946,52398815,0,3000,2806,194,0.00000,5.00278
534F4C31,6946,52401177,0,2992,2804,188,0.00000,4.84806
534F4C31,6946,52403282,0,2996,2806,190,0.00000,4.89963
534F4C31,6946,52405438,0,2998,2803,195,0.00000,5.02857
534F4C31,6946,52407673,0,3004,2804,200,0.00000,5.15751
534F4C31,6946,52409903,0,2998,2803,195,0.00000,5.02857
534F4C31,6947,52411955,0,3004,2804,200,0.00000,5.15751
534F4C31,6948,52415671,0,2996,2805,191,0.00000,4.92542
534F4C31,6949,52419647,0,2994,2801,193,0.00000,4.97700
534F4C31,6950,52424700,0,2994,2806,188,0.00000,4.84806
534F4C31,6951,52430838,0,2998,2804,194,0.00000,5.00278
534F4C31,6951,52436475,0,2996,2802,194,0.00000,5.00278
534F4C31,6952,52439350,0,2994,2806,188,0.00000,4.84806
534F4C31,6953,52444905,0,2998,2804,194,0.00000,5.00278
534F4C31,6954,52449518,0,2994,2804,190,0.00000,4.89963
534F4C31,6954,52454538,0,2997,2806,191,0.00000,4.92542
534F4C31,6954,52456795,0,2996,2806,190,0.00000,4.89963
534F4C31,6954,52458844,0,2993,2806,187,0.00000,4.82227
534F4C31,6954,52461028,0,2999,2802,197,0.00000,5.08015
534F4C31,6955,52463261,0,2991,2803,188,0.00000,4.84806
534F4C31,6956,52466810,0,2995,2802,193,0.00000,4.97700
534F4C31,6956,52471641,0,2996,2807,189,0.00000,4.87385
534F4C31,6956,52474440,0,2996,2804,192,0.00000,4.95121
534F4C31,6956,52477023,0,2994,2804,190,0.00000,4.89963
534F4C31,6956,52480397,0,2998,2804,194,0.00000,5.00278
534F4C31,6956,52482488,0,3001,2802,199,0.00000,5.13172
534F4C31,6956,52485079,0,2994,2801,193,0.00000,4.97700
534F4C31,6956,52487248,0,2989,2802,187,0.00000,4.82227
534F4C31,6957,52489951,0,2991,2800,191,0.00000,4.92542
534F4C31,6958,52493368,0,3002,2804,198,0.00000,5.10593
534F4C31,6959,52496585,0,2996,2806,190,0.00000,4.89963
534F4C31,6960,52499400,0,2992,2806,186,0.00000,4.79648
534F4C31,6961,52503094,0,2991,2805,186,0.00000,4.79648
534F4C31,6962,52506795,0,2990,2800,190,0.00000,4.89963
534F4C31,6963,52510889,0,2989,2802,187,0.00000,4.82227
534F4C31,6964,52514857,0,2997,2803,194,0.00000,5.00278
534F4C31,6965,52518036,0,3001,2802,199,0.00000,5.13172
534F4C31,6966,52522057,0,2993,2807,186,0.00000,4.79648
534F4C31,6967,52525611,0,2991,2804,187,0.00000,4.82227
534F4C31,6968,52529615,0,2999,2805,194,0.00000,5.00278
534F4C31,6969,52533713,0,3005,2806,199,0.00000,5.13172
534F4C31,6969,52537605,0,2996,2803,193,0.00000,4.97700
534F4C31,6969,52541256,0,3001,2805,196,0.00000,5.05436
534F4C31,6970,52543308,0,2998,2801,197,0.00000,5.08015
534F4C31,6971,52550102,0,2999,2804,195,0.00000,5.02857
534F4C31,6971,52554621,0,2998,2802,196,0.00000,5.05436
534F4C31,6971,52556873,0,2997,2803,194,0.00000,5.00278
534F4C31,6971,52558916,0,3004,2805,199,0.00000,5.13172
534F4C31,6971,52560980,0,2995,2805,190,0.00000,4.89963
534F4C31,6972,52565344,0,2995,2805,190,0.00000,4.89963
534F4C31,6972,52569195,0,2994,2802,192,0.00000,4.95121
534F4C31,6973,52571344,0,2993,2804,189,0.00000,4.87385
534F4C31,6974,52576750,0,2998,2803,195,0.00000,5.02857
534F4C31,6974,52579071,0,2996,2805,191,0.00000,4.92542
534F4C31,6974,52584516,0,2989,2804,185,0.00000,4.77070
534F4C31,6974,52587363,0,2990,2806,184,0.00000,4.74491
534F4C31,6974,52590245,0,2991,2805,186,0.00000,4.79648
534F4C31,6974,52593316,0,3000,2804,196,0.00000,5.05436
534F4C31,6974,52595472,0,2997,2803,194,0.00000,5.00278
534F4C31,6974,52597563,0,2991,2804,187,0.00000,4.82227
534F4C31,6974,52599653,0,2994,2803,191,0.00000,4.92542
534F4C31,6974,52601769,0,2997,2805,192,0.00000,4.95121
534F4C31,6974,52604093,0,2990,2804,186,0.00000,4.79648
534F4C31,6974,52606294,0,2992,2804,188,0.00000,4.84806
534F4C31,6974,52608449,0,2993,2803,190,0.00000,4.89963
534F4C31,6975,52611311,0,2999,2802,197,0.00000,5.08015
534F4C31,6976,52615102,0,2995,2803,192,0.00000,4.95121
534F4C31,6977,52619355,0,2994,2801,193,0.00000,4.97700
534F4C31,6977,52625137,0,2995,2805,190,0.00000,4.89963
534F4C31,6977,52627685,0,2990,2804,186,0.00000,4.79648
534F4C31,6977,52629854,0,2999,2803,196,0.00000,5.05436
534F4C31,6977,52631833,0,2996,2801,195,0.00000,5.02857
534F4C31,6977,52634720,0,2992,2801,191,0.00000,4.92542
534F4C31,6977,52637135,0,2995,2805,190,0.00000,4.89963
534F4C31,6977,52639186,0,2995,2801,194,0.00000,5.00278
534F4C31,6977,52641261,0,2997,2802,195,0.00000,5.02857
534F4C31,6977,52643335,0,2993,2805,188,0.00000,4.84806
534F4C31,6977,52645436,0,2988,2803,185,0.00000,4.77070
534F4C31,6977,52647594,0,2992,2806,186,0.00000,4.79648
534F4C31,6977,52649779,0,2998,2802,196,0.00000,5.05436
534F4C31,6978,52651962,0,2993,2803,190,0.00000,4.89963
534F4C31,6979,52655322,0,2989,2802,187,0.00000,4.82227
534F4C31,6980,52657611,0,2999,2803,196,0.00000,5.05436
534F4C31,6981,52660323,0,2997,2806,191,0.00000,4.92542
534F4C31,6981,52663093,0,2993,2805,188,0.00000,4.84806
534F4C31,6981,52665714,0,2992,2808,184,0.00000,4.74491
534F4C31,6981,52667920,0,2995,2802,193,0.00000,4.97700
534F4C31,6981,52670035,0,2995,2803,192,0.00000,4.95121
534F4C31,6981,52673293,0,2997,2803,194,0.00000,5.00278
534F4C31,6981,52675522,0,2995,2802,193,0.00000,4.97700
534F4C31,6981,52680404,0,2997,2800,197,0.00000,5.08015
534F4C31,6981,52682624,0,2996,2803,193,0.00000,4.97700
534F4C31,6981,52685246,0,2993,2802,191,0.00000,4.92542
534F4C31,6981,52688042,0,2994,2801,193,0.00000,4.97700
534F4C31,6981,52690568,0,2998,2804,194,0.00000,5.00278
534F4C31,6981,52692836,0,2994,2805,189,0.00000,4.87385
534F4C31,6981,52695070,0,2994,2804,190,0.00000,4.89963
534F4C31,6981,52697167,0,2994,2803,191,0.00000,4.92542
534F4C31,6981,52699383,0,3005,2801,204,0.00000,5.26066
534F4C31,6981,52701420,0,2998,2802,196,0.00000,5.05436
534F4C31,6981,52703572,0,2997,2804,193,0.00000,4.97700
534F4C31,6981,52705810,0,2992,2800,192,0.00000,4.95121
534F4C31,6981,52707919,0,2996,2802,194,0.00000,5.00278
534F4C31,6981,52709996,0,2997,2803,194,0.00000,5.00278
534F4C31,6981,52712077,0,2994,2803,191,0.00000,4.92542
534F4C31,6981,52714372,0,2995,2801,194,0.00000,5.00278
534F4C31,6982,52717786,0,2994,2802,192,0.00000,4.95121
534F4C31,6983,52721979,0,2991,2801,190,0.00000,4.89963
534F4C31,6983,52727423,0,2997,2804,193,0.00000,4.97700
534F4C31,6983,52730324,0,2996,2805,191,0.00000,4.92542
534F4C31,6984,52733369,0,2998,2802,196,0.00000,5.05436
534F4C31,6985,52737764,0,2996,2802,194,0.00000,5.00278
534F4C31,6986,52742417,0,2999,2803,196,0.00000,5.05436
534F4C31,6987,52747237,0,2995,2803,192,0.00000,4.95121
534F4C31,6987,52751191,0,2991,2801,190,0.00000,4.89963
534F4C31,6987,52756178,0,2999,2805,194,0.00000,5.00278
534F4C31,6987,52758440,0,2996,2801,195,0.00000,5.02857
534F4C31,6987,52760762,0,2999,2801,198,0.00000,5.10593
534F4C31,6988,52763831,0,2998,2804,194,0.00000,5.00278
534F4C31,6988,52768722,0,2991,2803,188,0.00000,4.84806
534F4C31,6988,52771068,0,2991,2803,188,0.00000,4.84806
534F4C31,6988,52773892,0,2992,2798,194,0.00000,5.00278
534F4C31,6988,52776471,0,2997,2803,194,0.00000,5.00278
534F4C31,6988,52778618,0,2994,2804,190,0.00000,4.89963
534F4C31,6988,52780745,0,2987,2806,181,0.00000,4.66755
534F4C31,6988,52783011,0,2992,2805,187,0.00000,4.82227
534F4C31,6988,52785476,0,2998,2802,196,0.00000,5.05436
534F4C31,6988,52787829,0,2992,2805,187,0.00000,4.82227
534F4C31,6988,52790047,0,2996,2806,190,0.00000,4.89963
534F4C31,6988,52792298,0,2987,2802,185,0.00000,4.77070
534F4C31,6988,52794523,0,2989,2803,186,0.00000,4.79648
534F4C31,6988,52796757,0,2991,2801,190,0.00000,4.89963
534F4C31,6988,52798814,0,2995,2805,190,0.00000,4.89963
534F4C31,6988,52800988,0,2998,2802,196,0.00000,5.05436
534F4C31,6989,52803269,0,2991,2806,185,0.00000,4.77070
534F4C31,6989,52807835,0,2993,2804,189,0.00000,4.87385
534F4C31,6989,52810132,0,2992,2804,188,0.00000,4.84806
534F4C31,6989,52812267,0,2998,2804,194,0.00000,5.00278
534F4C31,6989,52815430,0,2996,2802,194,0.00000,5.00278
534F4C31,6989,52817460,0,2992,2801,191,0.00000,4.92542
534F4C31,6989,52820308,0,2990,2802,188,0.00000,4.84806
534F4C31,6989,52822581,0,2992,2805,187,0.00000,4.82227
534F4C31,6990,52824710,0,3003,2804,199,0.00000,5.13172
534F4C31,6991,52829382,0,2997,2799,198,0.00000,5.10593
534F4C31,6992,52833054,0,2991,2806,185,0.00000,4.77070
534F4C31,6993,52839190,0,2997,2804,193,0.00000,4.97700
534F4C31,6993,52841345,0,2995,2805,190,0.00000,4.89963
534F4C31,6993,52845718,0,3000,2803,197,0.00000,5.08015
534F4C31,6993,52848964,0,3001,2802,199,0.00000,5.13172
534F4C31,6993,52851179,0,2996,2799,197,0.00000,5.08015
534F4C31,6994,52853367,0,2995,2802,193,0.00000,4.97700
534F4C31,6995,52858535,0,2997,2802,195,0.00000,5.02857
534F4C31,6996,52863732,0,2985,2804,181,0.00000,4.66755
534F4C31,6996,52866918,0,2997,2805,192,0.00000,4.95121
534F4C31,6996,52871566,0,2997,2802,195,0.00000,5.02857
534F4C31,6996,52873692,0,2997,2802,195,0.00000,5.02857
534F4C31,6996,52876522,0,2999,2801,198,0.00000,5.10593
534F4C31,6996,52878960,0,2989,2802,187,0.00000,4.82227
534F4C31,6996,52881189,0,2998,2798,200,0.00000,5.15751
534F4C31,6996,52883328,0,2994,2798,196,0.00000,5.05436
534F4C31,6996,52885392,0,2995,2801,194,0.00000,5.00278
534F4C31,6996,52887816,0,2992,2800,192,0.00000,4.95121
534F4C31,6997,52890208,0,2993,2796,197,0.00000,5.08015
534F4C31,6998,52895193,0,2994,2798,196,0.00000,5.05436
534F4C31,6999,52899522,0,2999,2800,199,0.00000,5.13172
534F4C31,6999,52903972,0,2993,2801,192,0.00000,4.95121
534F4C31,6999,52907969,0,2989,2799,190,0.00000,4.89963
534F4C31,7000,52910609,0,2988,2800,188,0.00000,4.84806
534F4C31,7001,52914773,0,2997,2802,195,0.00000,5.02857
534F4C31,7001,52918402,0,2994,2800,194,0.00000,5.00278
534F4C31,7001,52923920,0,2992,2801,191,0.00000,4.92542
534F4C31,7002,52927383,0,2997,2800,197,0.00000,5.08015
534F4C31,7002,52932856,0,2997,2798,199,0.00000,5.13172
534F4C31,7002,52935614,0,2994,2799,195,0.00000,5.02857
534F4C31,7003,52937963,0,2993,2800,193,0.00000,4.97700
534F4C31,7003,52942430,0,2996,2802,194,0.00000,5.00278
534F4C31,7003,52945934,0,3000,2798,202,0.00000,5.20908
534F4C31,7003,52949086,0,3000,2803,197,0.00000,5.08015
534F4C31,7003,52952082,0,2991,2801,190,0.00000,4.89963
534F4C31,7004,52954320,0,2999,2798,201,0.00000,5.18330
534F4C31,7005,52959121,0,2993,2798,195,0.00000,5.02857
534F4C31,7005,52962749,0,3000,2797,203,0.00000,5.23487
534F4C31,7005,52967210,0,2996,2800,196,0.00000,5.05436
534F4C31,7005,52970391,0,2989,2796,193,0.00000,4.97700
534F4C31,7005,52973389,0,2995,2797,198,0.00000,5.10593
534F4C31,7005,52975643,0,2996,2799,197,0.00000,5.08015
534F4C31,7005,52977746,0,3003,2796,207,0.00000,5.33802
534F4C31,7005,52979977,0,2991,2801,190,0.00000,4.89963
534F4C31,7005,52982088,0,2995,2798,197,0.00000,5.08015
534F4C31,7005,52984167,0,2994,2800,194,0.00000,5.00278
534F4C31,7005,52986278,0,2991,2800,191,0.00000,4.92542
534F4C31,7005,52988574,0,2993,2796,197,0.00000,5.08015
534F4C31,7006,52991145,0,2996,2801,195,0.00000,5.02857
534F4C31,7007,52995319,0,2997,2797,200,0.00000,5.15751
534F4C31,7008,52999793,0,2996,2797,199,0.00000,5.13172
534F4C31,7009,53003617,0,2995,2799,196,0.00000,5.05436
534F4C31,7010,53009748,0,2997,2797,200,0.00000,5.15751
534F4C31,7010,53013883,0,3000,2794,206,0.00000,5.31223
534F4C31,7010,53016265,0,2993,2801,192,0.00000,4.95121
534F4C31,7011,53018381,0,2991,2799,192,0.00000,4.95121
534F4C31,7012,53024066,0,2991,2797,194,0.00000,5.00278
534F4C31,7012,53027948,0,2986,2799,187,0.00000,4.82227
534F4C31,7012,53032146,0,2998,2798,200,0.00000,5.15751
534F4C31,7013,53035272,0,2998,2799,199,0.00000,5.13172
534F4C31,7014,53040585,0,2990,2797,193,0.00000,4.97700
534F4C31,7015,53044855,0,2996,2797,199,0.00000,5.13172
534F4C31,7015,53047974,0,2996,2797,199,0.00000,5.13172
534F4C31,7015,53053390,0,2990,2795,195,0.00000,5.02857
534F4C31,7015,53056440,0,2987,2798,189,0.00000,4.87385
534F4C31,7015,53058698,0,2990,2798,192,0.00000,4.95121
534F4C31,7015,53061421,0,2994,2797,197,0.00000,5.08015
534F4C31,7015,53063686,0,2989,2800,189,0.00000,4.87385
534F4C31,7015,53065832,0,2992,2798,194,0.00000,5.00278
534F4C31,7015,53068074,0,2992,2795,197,0.00000,5.08015
534F4C31,7015,53070352,0,2988,2800,188,0.00000,4.84806
534F4C31,7015,53072534,0,3000,2801,199,0.00000,5.13172
534F4C31,7015,53074586,0,2993,2799,194,0.00000,5.00278
534F4C31,7015,53076730,0,2991,2798,193,0.00000,4.97700
534F4C31,7015,53078963,0,2998,2800,198,0.00000,5.10593
534F4C31,7015,53081081,0,2992,2798,194,0.00000,5.00278
534F4C31,7015,53083200,0,2999,2801,198,0.00000,5.10593
534F4C31,7016,53085280,0,2999,2798,201,0.00000,5.18330
534F4C31,7017,53089964,0,2985,2800,185,0.00000,4.77070
534F4C31,7018,53095863,0,2994,2799,195,0.00000,5.02857
534F4C31,7018,53099926,0,2996,2798,198,0.00000,5.10593
534F4C31,7018,53102890,0,2993,2800,193,0.00000,4.97700
534F4C31,7018,53106262,0,2995,2799,196,0.00000,5.05436
534F4C31,7018,53108361,0,2988,2799,189,0.00000,4.87385
534F4C31,7018,53110429,0,2992,2799,193,0.00000,4.97700
534F4C31,7018,53112709,0,2994,2798,196,0.00000,5.05436
534F4C31,7019,53114981,0,2997,2801,196,0.00000,5.05436
534F4C31,7020,53118909,0,2995,2800,195,0.00000,5.02857
534F4C31,7021,53122613,0,2995,2799,196,0.00000,5.05436
534F4C31,7022,53128759,0,2992,2800,192,0.00000,4.95121
534F4C31,7022,53133437,0,2989,2799,190,0.00000,4.89963
534F4C31,7022,53137683,0,2993,2798,195,0.00000,5.02857
534F4C31,7022,53139938,0,2991,2800,191,0.00000,4.92542
534F4C31,7022,53142874,0,2994,2798,196,0.00000,5.05436
534F4C31,7022,53145656,0,2996,2800,196,0.00000,5.05436
534F4C31,7022,53148086,0,2991,2799,192,0.00000,4.95121
534F4C31,7022,53150359,0,2993,2801,192,0.00000,4.95121
534F4C31,7022,53152528,0,2996,2801,195,0.00000,5.02857
534F4C31,7022,53154582,0,2987,2801,186,0.00000,4.79648
534F4C31,7022,53156714,0,2994,2801,193,0.00000,4.97700
534F4C31,7022,53158812,0,2994,2800,194,0.00000,5.00278
534F4C31,7023,53160997,0,3001,2801,200,0.00000,5.15751
534F4C31,7024,53165826,0,2998,2799,199,0.00000,5.13172
534F4C31,7025,53169218,0,2995,2799,196,0.00000,5.05436
534F4C31,7026,53174826,0,2998,2795,203,0.00000,5.23487
534F4C31,7026,53180039,0,2995,2800,195,0.00000,5.02857
534F4C31,7026,53182430,0,2992,2799,193,0.00000,4.97700
534F4C31,7026,53184959,0,3001,2799,202,0.00000,5.20908
534F4C31,7026,53187890,0,2994,2800,194,0.00000,5.00278
534F4C31,7027,53190926,0,2997,2799,198,0.00000,5.10593
534F4C31,7028,53195845,0,2990,2800,190,0.00000,4.89963
534F4C31,7028,53202265,0,2998,2799,199,0.00000,5.13172
534F4C31,7029,53205886,0,2995,2800,195,0.00000,5.02857
534F4C31,7029,53209896,0,2992,2799,193,0.00000,4.97700
534F4C31,7029,53212853,0,2992,2803,189,0.00000,4.87385
534F4C31,7029,53215479,0,2991,2795,196,0.00000,5.05436
534F4C31,7029,53219239,0,2992,2798,194,0.00000,5.00278
534F4C31,7029,53221580,0,2992,2801,191,0.00000,4.92542
534F4C31,7029,53223820,0,2989,2798,191,0.00000,4.92542
534F4C31,7029,53227075,0,2995,2802,193,0.00000,4.97700
534F4C31,7029,53229277,0,2986,2799,187,0.00000,4.82227
534F4C31,7029,53231492,0,2987,2802,185,0.00000,4.77070
534F4C31,7029,53233692,0,2997,2800,197,0.00000,5.08015
534F4C31,7029,53235828,0,3003,2798,205,0.00000,5.28645
534F4C31,7030,53237863,0,2998,2800,198,0.00000,5.10593
534F4C31,7031,53241982,0,2996,2801,195,0.00000,5.02857
534F4C31,7032,53245406,0,2998,2795,203,0.00000,5.23487
534F4C31,7033,53252519,0,2989,2799,190,0.00000,4.89963
534F4C31,7034,53257036,0,2990,2797,193,0.00000,4.97700
534F4C31,7034,53261609,0,2996,2798,198,0.00000,5.10593
534F4C31,7034,53264391,0,2991,2801,190,0.00000,4.89963
534F4C31,7035,53267163,0,2997,2797,200,0.00000,5.15751
534F4C31,7035,53271777,0,2996,2797,199,0.00000,5.13172
534F4C31,7035,53274589,0,2992,2799,193,0.00000,4.97700
534F4C31,7035,53276662,0,2989,2798,191,0.00000,4.92542
534F4C31,7035,53279676,0,2991,2797,194,0.00000,5.00278
534F4C31,7035,53282270,0,2998,2798,200,0.00000,5.15751
534F4C31,7035,53284452,0,2992,2797,195,0.00000,5.02857
534F4C31,7035,53286506,0,3003,2800,203,0.00000,5.23487
534F4C31,7035,53288690,0,2992,2802,190,0.00000,4.89963
534F4C31,7035,53290895,0,2997,2802,195,0.00000,5.02857
534F4C31,7036,53293247,0,2994,2801,193,0.00000,4.97700
534F4C31,7037,53297795,0,2992,2802,190,0.00000,4.89963
534F4C31,7038,53301517,0,2994,2804,190,0.00000,4.89963
534F4C31,7039,53307529,0,2991,2801,190,0.00000,4.89963
534F4C31,7039,53311181,0,2994,2800,194,0.00000,5.00278
534F4C31,7039,53315663,0,2998,2797,201,0.00000,5.18330
534F4C31,7039,53319009,0,3001,2800,201,0.00000,5.18330
534F4C31,7039,53321625,0,3001,2798,203,0.00000,5.23487
534F4C31,7039,53323727,0,2995,2796,199,0.00000,5.13172
534F4C31,7039,53325930,0,2992,2799,193,0.00000,4.97700
534F4C31,7040,53328204,0,2995,2800,195,0.00000,5.02857
534F4C31,7041,53332830,0,2999,2799,200,0.00000,5.15751
534F4C31,7041,53335437,0,3001,2799,202,0.00000,5.20908
534F4C31,7041,53340894,0,2991,2798,193,0.00000,4.97700
534F4C31,7041,53343880,0,2991,2797,194,0.00000,5.00278
534F4C31,7041,53346331,0,2991,2797,194,0.00000,5.00278
534F4C31,7041,53349677,0,2997,2799,198,0.00000,5.10593
534F4C31,7041,53351790,0,2990,2796,194,0.00000,5.00278
534F4C31,7041,53353851,0,2992,2801,191,0.00000,4.92542
534F4C31,7042,53356266,0,2998,2799,199,0.00000,5.13172
534F4C31,7043,53360925,0,2993,2801,192,0.00000,4.95121
534F4C31,7044,53364665,0,2998,2798,200,0.00000,5.15751
534F4C31,7045,53370875,0,2997,2799,198,0.00000,5.10593
534F4C31,7045,53374237,0,2996,2798,198,0.00000,5.10593
534F4C31,7045,53378152,0,2989,2800,189,0.00000,4.87385
534F4C31,7046,53380821,0,2996,2801,195,0.00000,5.02857
534F4C31,7047,53385161,0,2999,2797,202,0.00000,5.20908
534F4C31,7047,53390868,0,2992,2797,195,0.00000,5.02857
534F4C31,7047,53393137,0,2993,2798,195,0.00000,5.02857
534F4C31,7047,53396374,0,2989,2799,190,0.00000,4.89963
534F4C31,7047,53398553,0,2988,2800,188,0.00000,4.84806
534F4C31,7047,53401058,0,2993,2804,189,0.00000,4.87385
534F4C31,7047,53403210,0,2992,2798,194,0.00000,5.00278
534F4C31,7047,53405263,0,2989,2802,187,0.00000,4.82227
534F4C31,7047,53407598,0,2995,2800,195,0.00000,5.02857
534F4C31,7048,53409871,0,2993,2799,194,0.00000,5.00278
534F4C31,7049,53413853,0,2994,2800,194,0.00000,5.00278
534F4C31,7050,53417367,0,2992,2798,194,0.00000,5.00278
534F4C31,7051,53422289,0,2997,2799,198,0.00000,5.10593
534F4C31,7051,53425885,0,2995,2800,195,0.00000,5.02857
534F4C31,7051,53429700,0,3005,2798,207,0.00000,5.33802
534F4C31,7051,53431897,0,2995,2799,196,0.00000,5.05436
534F4C31,7051,53434979,0,2994,2800,194,0.00000,5.00278
534F4C31,7052,53437465,0,2997,2799,198,0.00000,5.10593
534F4C31,7052,53441100,0,2997,2801,196,0.00000,5.05436
534F4C31,7052,53443622,0,3001,2800,201,0.00000,5.18330
534F4C31,7052,53445682,0,3001,2796,205,0.00000,5.28645
534F4C31,7053,53449258,0,2994,2798,196,0.00000,5.05436
534F4C31,7054,53454218,0,2993,2798,195,0.00000,5.02857
534F4C31,7054,53456700,0,3001,2800,201,0.00000,5.18330
534F4C31,7054,53462957,0,2991,2798,193,0.00000,4.97700
534F4C31,7054,53465190,0,3000,2799,201,0.00000,5.18330
534F4C31,7054,53467155,0,3004,2798,206,0.00000,5.31223
534F4C31,7054,53470174,0,2999,2795,204,0.00000,5.26066
534F4C31,7054,53472347,0,2996,2799,197,0.00000,5.08015
534F4C31,7054,53474410,0,2994,2798,196,0.00000,5.05436
534F4C31,7054,53476698,0,2995,2798,197,0.00000,5.08015
534F4C31,7054,53478950,0,2993,2797,196,0.00000,5.05436
534F4C31,7054,53481206,0,2993,2800,193,0.00000,4.97700
534F4C31,7055,53483258,0,3001,2799,202,0.00000,5.20908
534F4C31,7056,53486258,0,2995,2801,194,0.00000,5.00278
534F4C31,7057,53491145,0,2999,2798,201,0.00000,5.18330
534F4C31,7058,53496690,0,2992,2797,195,0.00000,5.02857
534F4C31,7058,53502396,0,2996,2798,198,0.00000,5.10593
534F4C31,7058,53504750,0,2996,2799,197,0.00000,5.08015
534F4C31,7059,53508724,0,2996,2796,200,0.00000,5.15751
534F4C31,7059,53511854,0,2992,2798,194,0.00000,5.00278
534F4C31,7059,53514903,0,2998,2799,199,0.00000,5.13172
534F4C31,7060,53517548,0,2997,2799,198,0.00000,5.10593
534F4C31,7061,53523464,0,2992,2802,190,0.00000,4.89963
534F4C31,7062,53528998,0,2995,2800,195,0.00000,5.02857
534F4C31,7062,53533808,0,2995,2801,194,0.00000,5.00278
534F4C31,7063,53536906,0,2988,2801,187,0.00000,4.82227
534F4C31,7064,53540613,0,2995,2795,200,0.00000,5.15751
534F4C31,7065,53545221,0,2992,2796,196,0.00000,5.05436
534F4C31,7065,53549738,0,3001,2794,207,0.00000,5.33802
534F4C31,7065,53555014,0,2996,2795,201,0.00000,5.18330
534F4C31,7065,53557318,0,3001,2793,208,0.00000,5.36381
534F4C31,7065,53559506,0,2997,2793,204,0.00000,5.26066
534F4C31,7066,53562608,0,2991,2796,195,0.00000,5.02857
534F4C31,7066,53567778,0,2998,2794,204,0.00000,5.26066
534F4C31,7066,53570093,0,2995,2796,199,0.00000,5.13172
534F4C31,7066,53573486,0,2988,2794,194,0.00000,5.00278
534F4C31,7066,53576185,0,2991,2797,194,0.00000,5.00278
534F4C31,7066,53578240,0,2993,2796,197,0.00000,5.08015
534F4C31,7066,53580402,0,2996,2792,204,0.00000,5.26066
534F4C31,7067,53582563,0,2994,2799,195,0.00000,5.02857
534F4C31,7067,53586903,0,2987,2795,192,0.00000,4.95121
534F4C31,7067,53589167,0,2994,2796,198,0.00000,5.10593
534F4C31,7068,53591932,0,2990,2797,193,0.00000,4.97700
534F4C31,7068,53595142,0,2996,2796,200,0.00000,5.15751
534F4C31,7068,53597687,0,2995,2795,200,0.00000,5.15751
534F4C31,7068,53599958,0,3001,2795,206,0.00000,5.31223
534F4C31,7068,53602020,0,2997,2795,202,0.00000,5.20908
534F4C31,7068,53606145,0,2997,2796,201,0.00000,5.18330
534F4C31,7068,53608376,0,2999,2797,202,0.00000,5.20908
534F4C31,7068,53610510,0,2997,2796,201,0.00000,5.18330
534F4C31,7068,53613813,0,2994,2793,201,0.00000,5.18330
534F4C31,7068,53616194,0,2997,2796,201,0.00000,5.18330
534F4C31,7068,53618424,0,2996,2793,203,0.00000,5.23487
534F4C31,7068,53620636,0,2997,2796,201,0.00000,5.18330
534F4C31,7069,53622660,0,3001,2795,206,0.00000,5.31223
534F4C31,7069,53625522,0,2996,2796,200,0.00000,5.15751
534F4C31,7070,53629391,0,2997,2795,202,0.00000,5.20908
534F4C31,7071,53634094,0,2997,2795,202,0.00000,5.20908
534F4C31,7071,53639737,0,2994,2795,199,0.00000,5.13172
534F4C31,7071,53642578,0,2999,2795,204,0.00000,5.26066
534F4C31,7072,53646524,0,2995,2798,197,0.00000,5.08015
534F4C31,7072,53650295,0,2989,2796,193,0.00000,4.97700
534F4C31,7072,53654728,0,3001,2797,204,0.00000,5.26066
534F4C31,7073,53657734,0,3002,2796,206,0.00000,5.31223
534F4C31,7074,53662576,0,2990,2795,195,0.00000,5.02857
534F4C31,7074,53667903,0,2994,2792,202,0.00000,5.20908
534F4C31,7075,53670915,0,2994,2793,201,0.00000,5.18330
534F4C31,7075,53674987,0,2996,2798,198,0.00000,5.10593
534F4C31,7075,53678503,0,3001,2796,205,0.00000,5.28645
534F4C31,7075,53680716,0,2988,2796,192,0.00000,4.95121
534F4C31,7075,53684197,0,2998,2796,202,0.00000,5.20908
534F4C31,7075,53686448,0,2993,2795,198,0.00000,5.10593
534F4C31,7075,53688606,0,2997,2794,203,0.00000,5.23487
534F4C31,7075,53690868,0,2994,2792,202,0.00000,5.20908
534F4C31,7075,53693038,0,2990,2798,192,0.00000,4.95121
534F4C31,7075,53695149,0,2992,2796,196,0.00000,5.05436
534F4C31,7075,53697249,0,2999,2795,204,0.00000,5.26066
534F4C31,7076,53699602,0,3001,2795,206,0.00000,5.31223
534F4C31,7077,53703972,0,2997,2793,204,0.00000,5.26066
534F4C31,7078,53710479,0,2999,2798,201,0.00000,5.18330
534F4C31,7078,53714252,0,3005,2797,208,0.00000,5.36381
534F4C31,7079,53717252,0,3000,2797,203,0.00000,5.23487
534F4C31,7079,53721621,0,3002,2795,207,0.00000,5.33802
534F4C31,7079,53725228,0,2993,2796,197,0.00000,5.08015
534F4C31,7079,53728993,0,3001,2797,204,0.00000,5.26066
534F4C31,7079,53732255,0,2994,2798,196,0.00000,5.05436
534F4C31,7079,53734524,0,2997,2796,201,0.00000,5.18330
534F4C31,7079,53737182,0,2994,2798,196,0.00000,5.05436
534F4C31,7079,53739612,0,2994,2798,196,0.00000,5.05436
534F4C31,7079,53741856,0,2996,2792,204,0.00000,5.26066
534F4C31,7079,53744120,0,2994,2794,200,0.00000,5.15751
534F4C31,7080,53746171,0,2991,2795,196,0.00000,5.05436
534F4C31,7081,53749056,0,2993,2797,196,0.00000,5.05436
534F4C31,7082,53753365,0,2991,2797,194,0.00000,5.00278
534F4C31,7083,53757975,0,2990,2794,196,0.00000,5.05436
534F4C31,7083,53763899,0,2996,2796,200,0.00000,5.15751
534F4C31,7083,53766091,0,2996,2797,199,0.00000,5.13172
534F4C31,7084,53770752,0,2989,2798,191,0.00000,4.92542
534F4C31,7084,53774150,0,2991,2793,198,0.00000,5.10593
534F4C31,7084,53777589,0,2999,2795,204,0.00000,5.26066
534F4C31,7085,53781403,0,2995,2795,200,0.00000,5.15751
534F4C31,7086,53785675,0,3000,2796,204,0.00000,5.26066
534F4C31,7087,53791244,0,2993,2801,192,0.00000,4.95121
534F4C31,7087,53794947,0,2992,2795,197,0.00000,5.08015
534F4C31,7087,53799944,0,2991,2794,197,0.00000,5.08015
534F4C31,7087,53802194,0,2995,2794,201,0.00000,5.18330
534F4C31,7087,53805508,0,2996,2794,202,0.00000,5.20908
534F4C31,7087,53807743,0,2989,2796,193,0.00000,4.97700
534F4C31,7087,53810294,0,3001,2794,207,0.00000,5.33802
534F4C31,7087,53812594,0,2997,2795,202,0.00000,5.20908
534F4C31,7087,53815012,0,2996,2795,201,0.00000,5.18330
534F4C31,7087,53817246,0,2998,2794,204,0.00000,5.26066
534F4C31,7087,53819462,0,2995,2797,198,0.00000,5.10593
534F4C31,7087,53821540,0,2992,2795,197,0.00000,5.08015
534F4C31,7087,53823658,0,2995,2795,200,0.00000,5.15751
534F4C31,7087,53825776,0,2996,2796,200,0.00000,5.15751
534F4C31,7088,53827978,0,2990,2797,193,0.00000,4.97700
534F4C31,7089,53832444,0,2993,2793,200,0.00000,5.15751
534F4C31,7090,53836123,0,2996,2796,200,0.00000,5.15751
534F4C31,7091,53842306,0,2993,2796,197,0.00000,5.08015
534F4C31,7091,53845587,0,2998,2794,204,0.00000,5.26066
534F4C31,7091,53850167,0,2993,2793,200,0.00000,5.15751
534F4C31,7092,53852918,0,2989,2796,193,0.00000,4.97700
534F4C31,7092,53857795,0,2991,2796,195,0.00000,5.02857
534F4C31,7092,53860536,0,2992,2796,196,0.00000,5.05436
534F4C31,7092,53862601,0,2994,2793,201,0.00000,5.18330
534F4C31,7092,53866033,0,2998,2795,203,0.00000,5.23487
534F4C31,7092,53868228,0,2999,2797,202,0.00000,5.20908
534F4C31,7092,53870311,0,2993,2797,196,0.00000,5.05436
534F4C31,7092,53872397,0,2994,2794,200,0.00000,5.15751
534F4C31,7092,53874546,0,2997,2795,202,0.00000,5.20908
534F4C31,7092,53876900,0,2991,2793,198,0.00000,5.10593
534F4C31,7093,53878918,0,2997,2795,202,0.00000,5.20908
534F4C31,7094,53883660,0,2990,2798,192,0.00000,4.95121
534F4C31,7095,53887453,0,2991,2798,193,0.00000,4.97700
534F4C31,7096,53894441,0,2997,2797,200,0.00000,5.15751
534F4C31,7096,53898620,0,2999,2795,204,0.00000,5.26066
534F4C31,7096,53900788,0,2993,2794,199,0.00000,5.13172
534F4C31,7097,53905715,0,2989,2795,194,0.00000,5.00278
534F4C31,7098,53909762,0,2994,2794,200,0.00000,5.15751
534F4C31,7098,53913375,0,2995,2794,201,0.00000,5.18330
534F4C31,7098,53918261,0,2991,2795,196,0.00000,5.05436
534F4C31,7098,53920948,0,2994,2797,197,0.00000,5.08015
534F4C31,7098,53923132,0,2992,2796,196,0.00000,5.05436
534F4C31,7098,53925335,0,2998,2796,202,0.00000,5.20908
534F4C31,7098,53928313,0,2989,2793,196,0.00000,5.05436
534F4C31,7098,53930563,0,2994,2795,199,0.00000,5.13172
534F4C31,7098,53932769,0,2998,2795,203,0.00000,5.23487
534F4C31,7099,53935010,0,2996,2798,198,0.00000,5.10593
534F4C31,7100,53938907,0,2993,2799,194,0.00000,5.00278
534F4C31,7101,53942518,0,2996,2796,200,0.00000,5.15751
534F4C31,7102,53947989,0,2998,2792,206,0.00000,5.31223
534F4C31,7103,53951847,0,2992,2796,196,0.00000,5.05436
534F4C31,7104,53957507,0,2993,2794,199,0.00000,5.13172
534F4C31,7104,53961049,0,2996,2796,200,0.00000,5.15751
534F4C31,7104,53963751,0,2994,2792,202,0.00000,5.20908
534F4C31,7104,53965852,0,2995,2797,198,0.00000,5.10593
534F4C31,7104,53969906,0,2996,2794,202,0.00000,5.20908
534F4C31,7104,53972230,0,2989,2793,196,0.00000,5.05436
534F4C31,7104,53974491,0,2995,2796,199,0.00000,5.13172
534F4C31,7104,53977445,0,2999,2796,203,0.00000,5.23487
534F4C31,7104,53979735,0,2994,2795,199,0.00000,5.13172
534F4C31,7104,53981901,0,2990,2797,193,0.00000,4.97700
534F4C31,7104,53984080,0,2990,2795,195,0.00000,5.02857
534F4C31,7104,53986337,0,2993,2795,198,0.00000,5.10593
534F4C31,7104,53988338,0,3004,2795,209,0.00000,5.38960
534F4C31,7104,53990482,0,2993,2797,196,0.00000,5.05436
534F4C31,7104,53992645,0,2993,2797,196,0.00000,5.05436
534F4C31,7104,53994891,0,3000,2795,205,0.00000,5.28645
534F4C31,7105,53997136,0,2994,2798,196,0.00000,5.05436
534F4C31,7106,54000319,0,2994,2797,197,0.00000,5.08015
534F4C31,7107,54004412,0,3002,2795,207,0.00000,5.33802
534F4C31,7108,54008301,0,2999,2792,207,0.00000,5.33802
534F4C31,7109,54014936,0,2996,2794,202,0.00000,5.20908
534F4C31,7109,54019771,0,2990,2793,197,0.00000,5.08015
534F4C31,7109,54023504,0,2992,2796,196,0.00000,5.05436
534F4C31,7109,54026417,0,2994,2796,198,0.00000,5.10593
534F4C31,7109,54029448,0,2990,2794,196,0.00000,5.05436
534F4C31,7110,54031994,0,2998,2793,205,0.00000,5.28645
534F4C31,7111,54036683,0,3000,2797,203,0.00000,5.23487
534F4C31,7112,54041261,0,2985,2796,189,0.00000,4.87385
534F4C31,7112,54047209,0,2995,2793,202,0.00000,5.20908
534F4C31,7112,54049720,0,2993,2793,200,0.00000,5.15751
534F4C31,7112,54053180,0,2997,2791,206,0.00000,5.31223
534F4C31,7112,54055283,0,2996,2794,202,0.00000,5.20908
534F4C31,7112,54057344,0,2989,2797,192,0.00000,4.95121
534F4C31,7112,54059465,0,3001,2794,207,0.00000,5.33802
534F4C31,7112,54061599,0,2992,2793,199,0.00000,5.13172
534F4C31,7112,54063793,0,2993,2792,201,0.00000,5.18330
534F4C31,7112,54065862,0,2996,2796,200,0.00000,5.15751
534F4C31,7112,54068049,0,2996,2794,202,0.00000,5.20908
534F4C31,7113,54070342,0,2993,2794,199,0.00000,5.13172
534F4C31,7114,54074656,0,2994,2795,199,0.00000,5.13172
534F4C31,7115,54078369,0,2995,2795,200,0.00000,5.15751
534F4C31,7116,54084365,0,2995,2797,198,0.00000,5.10593
534F4C31,7116,54088728,0,2996,2796,200,0.00000,5.15751
534F4C31,7116,54091136,0,2994,2797,197,0.00000,5.08015
534F4C31,7117,54095676,0,2997,2792,205,0.00000,5.28645
534F4C31,7118,54099964,0,2995,2795,200,0.00000,5.15751
534F4C31,7118,54102392,0,3000,2789,211,0.00000,5.44117
534F4C31,7118,54107335,0,2994,2791,203,0.00000,5.23487
534F4C31,7118,54110061,0,2997,2794,203,0.00000,5.23487
534F4C31,7118,54112934,0,2994,2790,204,0.00000,5.26066
534F4C31,7118,54115931,0,2988,2792,196,0.00000,5.05436
534F4C31,7118,54118689,0,2995,2791,204,0.00000,5.26066
534F4C31,7118,54120766,0,2991,2791,200,0.00000,5.15751
534F4C31,7118,54122807,0,2995,2793,202,0.00000,5.20908
534F4C31,7118,54124908,0,2996,2791,205,0.00000,5.28645
534F4C31,7118,54127220,0,2998,2792,206,0.00000,5.31223
534F4C31,7119,54129548,0,2996,2786,210,0.00000,5.41538
534F4C31,7120,54133846,0,2997,2789,208,0.00000,5.36381
534F4C31,7121,54138309,0,2990,2791,199,0.00000,5.13172
534F4C31,7122,54143460,0,2994,2791,203,0.00000,5.23487
534F4C31,7122,54148368,0,2994,2795,199,0.00000,5.13172
534F4C31,7123,54152783,0,2993,2794,199,0.00000,5.13172
534F4C31,7124,54154983,0,2996,2794,202,0.00000,5.20908
534F4C31,7124,54161065,0,2998,2794,204,0.00000,5.26066
534F4C31,7124,54164702,0,2993,2793,200,0.00000,5.15751
534F4C31,7124,54169168,0,2991,2791,200,0.00000,5.15751
534F4C31,7124,54171505,0,2996,2793,203,0.00000,5.23487
534F4C31,7124,54173611,0,2997,2790,207,0.00000,5.33802
534F4C31,7124,54176655,0,2998,2792,206,0.00000,5.31223
534F4C31,7124,54178928,0,2994,2793,201,0.00000,5.18330
534F4C31,7124,54181083,0,2993,2790,203,0.00000,5.23487
534F4C31,7124,54183298,0,2996,2792,204,0.00000,5.26066
534F4C31,7124,54185333,0,2990,2792,198,0.00000,5.10593
534F4C31,7124,54187516,0,2995,2790,205,0.00000,5.28645
534F4C31,7124,54189765,0,2991,2791,200,0.00000,5.15751
534F4C31,7124,54191954,0,2993,2791,202,0.00000,5.20908
534F4C31,7125,54194075,0,2990,2793,197,0.00000,5.08015
534F4C31,7126,54198024,0,2999,2791,208,0.00000,5.36381
534F4C31,7127,54201551,0,2993,2793,200,0.00000,5.15751
534F4C31,7128,54209168,0,2995,2792,203,0.00000,5.23487
534F4C31,7128,54212403,0,3001,2792,209,0.00000,5.38960
534F4C31,7128,54215537,0,2992,2795,197,0.00000,5.08015
534F4C31,7128,54219961,0,3001,2789,212,0.00000,5.46696
534F4C31,7128,54222191,0,2992,2792,200,0.00000,5.15751
534F4C31,7129,54224413,0,2993,2797,196,0.00000,5.05436
534F4C31,7129,54229060,0,2997,2790,207,0.00000,5.33802
534F4C31,7129,54232592,0,2994,2793,201,0.00000,5.18330
534F4C31,7129,54235390,0,2991,2791,200,0.00000,5.15751
534F4C31,7129,54238318,0,2994,2791,203,0.00000,5.23487
534F4C31,7129,54240639,0,2997,2792,205,0.00000,5.28645
534F4C31,7129,54242833,0,2996,2792,204,0.00000,5.26066
534F4C31,7129,54244972,0,2995,2794,201,0.00000,5.18330
534F4C31,7130,54247060,0,2983,2793,190,0.00000,4.89963
534F4C31,7131,54251319,0,2996,2792,204,0.00000,5.26066
534F4C31,7132,54255337,0,2995,2796,199,0.00000,5.13172
534F4C31,7133,54259054,0,2992,2793,199,0.00000,5.13172
534F4C31,7133,54265152,0,2997,2792,205,0.00000,5.28645
534F4C31,7134,54267331,0,2993,2793,200,0.00000,5.15751
534F4C31,7134,54272678,0,2992,2791,201,0.00000,5.18330
534F4C31,7134,54275393,0,2988,2789,199,0.00000,5.13172
534F4C31,7134,54278315,0,2993,2792,201,0.00000,5.18330
534F4C31,7135,54281698,0,2996,2792,204,0.00000,5.26066
534F4C31,7135,54286888,0,2988,2792,196,0.00000,5.05436
534F4C31,7135,54289898,0,2993,2793,200,0.00000,5.15751
534F4C31,7135,54292844,0,2998,2791,207,0.00000,5.33802
534F4C31,7135,54295682,0,2986,2791,195,0.00000,5.02857
534F4C31,7135,54297866,0,2993,2790,203,0.00000,5.23487
534F4C31,7135,54299941,0,2987,2792,195,0.00000,5.02857
534F4C31,7135,54302162,0,2992,2792,200,0.00000,5.15751
534F4C31,7135,54304433,0,2987,2792,195,0.00000,5.02857
534F4C31,7136,54306684,0,2998,2790,208,0.00000,5.36381
534F4C31,7137,54310871,0,2999,2792,207,0.00000,5.33802
534F4C31,7138,54314642,0,2998,2790,208,0.00000,5.36381
534F4C31,7139,54322147,0,2996,2793,203,0.00000,5.23487
534F4C31,7139,54328558,0,2994,2794,200,0.00000,5.15751
534F4C31,7140,54331909,0,2992,2790,202,0.00000,5.20908
534F4C31,7141,54336499,0,2993,2791,202,0.00000,5.20908
534F4C31,7141,54339349,0,3001,2793,208,0.00000,5.36381
534F4C31,7141,54344334,0,2993,2791,202,0.00000,5.20908
534F4C31,7141,54346354,0,2998,2792,206,0.00000,5.31223
534F4C31,7141,54350031,0,3002,2791,211,0.00000,5.44117
534F4C31,7141,54352471,0,3001,2794,207,0.00000,5.33802
534F4C31,7141,54354669,0,2995,2792,203,0.00000,5.23487
534F4C31,7141,54356689,0,2998,2793,205,0.00000,5.28645
534F4C31,7141,54358758,0,2994,2792,202,0.00000,5.20908
534F4C31,7141,54360883,0,3002,2793,209,0.00000,5.38960
534F4C31,7142,54363134,0,2997,2794,203,0.00000,5.23487
534F4C31,7143,54367587,0,2998,2792,206,0.00000,5.31223
534F4C31,7144,54372235,0,2996,2791,205,0.00000,5.28645
534F4C31,7144,54377731,0,2999,2792,207,0.00000,5.33802
534F4C31,7144,54380265,0,2996,2791,205,0.00000,5.28645
534F4C31,7145,54383987,0,2992,2793,199,0.00000,5.13172
534F4C31,7145,54388502,0,2993,2792,201,0.00000,5.18330
534F4C31,7145,54391181,0,2994,2793,201,0.00000,5.18330
534F4C31,7145,54393404,0,3000,2790,210,0.00000,5.41538
534F4C31,7145,54395668,0,2990,2791,199,0.00000,5.13172
534F4C31,7146,54398904,0,2994,2789,205,0.00000,5.28645
534F4C31,7147,54403282,0,2995,2791,204,0.00000,5.26066
534F4C31,7148,54407136,0,2990,2789,201,0.00000,5.18330
534F4C31,7148,54411558,0,2995,2792,203,0.00000,5.23487
534F4C31,7148,54415316,0,2994,2789,205,0.00000,5.28645
534F4C31,7148,54417514,0,2989,2790,199,0.00000,5.13172
534F4C31,7148,54420906,0,2995,2793,202,0.00000,5.20908
534F4C31,7148,54423131,0,2993,2795,198,0.00000,5.10593
534F4C31,7148,54425745,0,2995,2794,201,0.00000,5.18330
534F4C31,7149,54428195,0,2994,2792,202,0.00000,5.20908
534F4C31,7150,54432915,0,2994,2792,202,0.00000,5.20908
534F4C31,7151,54436622,0,2996,2793,203,0.00000,5.23487
534F4C31,7151,54442399,0,2993,2792,201,0.00000,5.18330
534F4C31,7151,54444904,0,2993,2791,202,0.00000,5.20908
534F4C31,7151,54447798,0,2994,2792,202,0.00000,5.20908
534F4C31,7151,54450162,0,2994,2793,201,0.00000,5.18330
534F4C31,7151,54452327,0,2996,2794,202,0.00000,5.20908
534F4C31,7151,54454485,0,2997,2794,203,0.00000,5.23487
534F4C31,7151,54456527,0,2991,2792,199,0.00000,5.13172
534F4C31,7151,54458627,0,2993,2791,202,0.00000,5.20908
534F4C31,7151,54460821,0,2993,2792,201,0.00000,5.18330
534F4C31,7152,54463081,0,2995,2790,205,0.00000,5.28645
534F4C31,7153,54467715,0,2995,2790,205,0.00000,5.28645
534F4C31,7154,54473174,0,2996,2790,206,0.00000,5.31223
534F4C31,7155,54478102,0,2993,2794,199,0.00000,5.13172
534F4C31,7155,54482366,0,2993,2791,202,0.00000,5.20908
534F4C31,7155,54486519,0,2989,2791,198,0.00000,5.10593
534F4C31,7155,54489864,0,2995,2792,203,0.00000,5.23487
534F4C31,7155,54492188,0,2994,2790,204,0.00000,5.26066
534F4C31,7155,54494388,0,3001,2790,211,0.00000,5.44117
534F4C31,7155,54496557,0,2997,2792,205,0.00000,5.28645
534F4C31,7155,54498601,0,2995,2790,205,0.00000,5.28645
534F4C31,7155,54500834,0,2998,2790,208,0.00000,5.36381
534F4C31,7156,54503125,0,2991,2791,200,0.00000,5.15751
534F4C31,7157,54507444,0,2994,2791,203,0.00000,5.23487
534F4C31,7158,54512174,0,2992,2791,201,0.00000,5.18330
534F4C31,7158,54517935,0,2998,2792,206,0.00000,5.31223
534F4C31,7159,54522205,0,2993,2791,202,0.00000,5.20908
534F4C31,7160,54525620,0,3000,2792,208,0.00000,5.36381
534F4C31,7161,54532192,0,3005,2792,213,0.00000,5.49275
534F4C31,7162,54535564,0,2996,2787,209,0.00000,5.38960
534F4C31,7163,54540462,0,2987,2792,195,0.00000,5.02857
534F4C31,7164,54546218,0,2998,2792,206,0.00000,5.31223
534F4C31,7164,54550808,0,2996,2793,203,0.00000,5.23487
534F4C31,7164,54554336,0,2994,2789,205,0.00000,5.28645
534F4C31,7164,54556554,0,2984,2792,192,0.00000,4.95121
534F4C31,7164,54559432,0,2993,2790,203,0.00000,5.23487
534F4C31,7164,54561778,0,2991,2794,197,0.00000,5.08015
534F4C31,7164,54563990,0,2995,2792,203,0.00000,5.23487
534F4C31,7165,54566094,0,2990,2792,198,0.00000,5.10593
534F4C31,7165,54570053,0,2991,2793,198,0.00000,5.10593
534F4C31,7165,54572902,0,2988,2792,196,0.00000,5.05436
534F4C31,7165,54575630,0,2993,2791,202,0.00000,5.20908
534F4C31,7165,54578268,0,2988,2789,199,0.00000,5.13172
534F4C31,7166,54580535,0,2986,2792,194,0.00000,5.00278
534F4C31,7167,54584076,0,2999,2791,208,0.00000,5.36381
534F4C31,7168,54588351,0,2998,2792,206,0.00000,5.31223
534F4C31,7169,54592516,0,2992,2796,196,0.00000,5.05436
534F4C31,7169,54598719,0,2993,2791,202,0.00000,5.20908
534F4C31,7169,54602053,0,2996,2791,205,0.00000,5.28645
534F4C31,7170,54605460,0,3001,2790,211,0.00000,5.44117
534F4C31,7171,54610236,0,2994,2793,201,0.00000,5.18330
534F4C31,7171,54612476,0,2997,2791,206,0.00000,5.31223
534F4C31,7171,54617828,0,2995,2791,204,0.00000,5.26066
534F4C31,7171,54620128,0,2992,2793,199,0.00000,5.13172
534F4C31,7171,54622887,0,2993,2791,202,0.00000,5.20908
534F4C31,7171,54625171,0,2992,2792,200,0.00000,5.15751
534F4C31,7171,54629011,0,2995,2791,204,0.00000,5.26066
534F4C31,7171,54631221,0,2989,2793,196,0.00000,5.05436
534F4C31,7171,54633449,0,2992,2793,199,0.00000,5.13172
534F4C31,7171,54635586,0,2998,2792,206,0.00000,5.31223
534F4C31,7171,54637804,0,2997,2793,204,0.00000,5.26066
534F4C31,7171,54639988,0,2989,2793,196,0.00000,5.05436
534F4C31,7171,54642070,0,2999,2795,204,0.00000,5.26066
534F4C31,7171,54644231,0,2999,2790,209,0.00000,5.38960
534F4C31,7171,54646513,0,2996,2790,206,0.00000,5.31223
534F4C31,7172,54649793,0,2992,2792,200,0.00000,5.15751
534F4C31,7172,54653662,0,2998,2789,209,0.00000,5.38960
534F4C31,7172,54656621,0,2992,2793,199,0.00000,5.13172
534F4C31,7173,54660584,0,2996,2791,205,0.00000,5.28645
534F4C31,7173,54664503,0,2995,2789,206,0.00000,5.31223
534F4C31,7173,54668125,0,3000,2792,208,0.00000,5.36381
534F4C31,7174,54671772,0,2988,2792,196,0.00000,5.05436
534F4C31,7174,54676219,0,3000,2791,209,0.00000,5.38960
534F4C31,7174,54679959,0,2995,2786,209,0.00000,5.38960
534F4C31,7174,54682751,0,2994,2787,207,0.00000,5.33802
534F4C31,7174,54684963,0,2996,2788,208,0.00000,5.36381
534F4C31,7175,54687861,0,2997,2785,212,0.00000,5.46696
534F4C31,7176,54691788,0,2996,2789,207,0.00000,5.33802
534F4C31,7177,54695673,0,2994,2786,208,0.00000,5.36381
534F4C31,7177,54701418,0,2996,2787,209,0.00000,5.38960
534F4C31,7177,54704436,0,2991,2785,206,0.00000,5.31223
534F4C31,7177,54707180,0,2998,2790,208,0.00000,5.36381
534F4C31,7177,54709476,0,2990,2788,202,0.00000,5.20908
534F4C31,7177,54711719,0,2996,2789,207,0.00000,5.33802
534F4C31,7177,54713902,0,2997,2789,208,0.00000,5.36381
534F4C31,7177,54716023,0,2995,2787,208,0.00000,5.36381
534F4C31,7177,54718086,0,2997,2790,207,0.00000,5.33802
534F4C31,7177,54721708,0,2994,2788,206,0.00000,5.31223
534F4C31,7177,54723946,0,2996,2790,206,0.00000,5.31223
534F4C31,7177,54725980,0,2997,2790,207,0.00000,5.33802
534F4C31,7177,54728105,0,2997,2789,208,0.00000,5.36381
534F4C31,7177,54731460,0,2993,2789,204,0.00000,5.26066
534F4C31,7177,54733956,0,2992,2786,206,0.00000,5.31223
534F4C31,7177,54736322,0,2999,2790,209,0.00000,5.38960
534F4C31,7177,54738390,0,3001,2787,214,0.00000,5.51853
534F4C31,7177,54740420,0,2999,2789,210,0.00000,5.41538
534F4C31,7177,54742483,0,2998,2787,211,0.00000,5.44117
534F4C31,7178,54744851,0,2997,2791,206,0.00000,5.31223
534F4C31,7179,54749345,0,2992,2787,205,0.00000,5.28645
534F4C31,7180,54753201,0,2995,2789,206,0.00000,5.31223
534F4C31,7181,54759829,0,2997,2789,208,0.00000,5.36381
534F4C31,7181,54764514,0,2996,2787,209,0.00000,5.38960
534F4C31,7181,54767173,0,2992,2790,202,0.00000,5.20908
534F4C31,7182,54769866,0,2992,2786,206,0.00000,5.31223
534F4C31,7183,54775387,0,2997,2787,210,0.00000,5.41538
534F4C31,7183,54779811,0,2997,2789,208,0.00000,5.36381
534F4C31,7183,54784619,0,2997,2789,208,0.00000,5.36381
534F4C31,7184,54787818,0,2992,2792,200,0.00000,5.15751
534F4C31,7184,54791524,0,2996,2791,205,0.00000,5.28645
534F4C31,7184,54794241,0,2998,2786,212,0.00000,5.46696
534F4C31,7185,54798515,0,3002,2791,211,0.00000,5.44117
534F4C31,7185,54802576,0,3001,2789,212,0.00000,5.46696
534F4C31,7185,54805198,0,2999,2787,212,0.00000,5.46696
534F4C31,7185,54807977,0,2988,2787,201,0.00000,5.18330
534F4C31,7185,54811992,0,2995,2788,207,0.00000,5.33802
534F4C31,7185,54814165,0,2992,2788,204,0.00000,5.26066
534F4C31,7185,54816420,0,2995,2788,207,0.00000,5.33802
534F4C31,7185,54819622,0,2994,2787,207,0.00000,5.33802
534F4C31,7185,54821797,0,2990,2786,204,0.00000,5.26066
534F4C31,7185,54823925,0,2994,2789,205,0.00000,5.28645
534F4C31,7186,54826096,0,2999,2787,212,0.00000,5.46696
534F4C31,7187,54831160,0,2993,2787,206,0.00000,5.31223
534F4C31,7188,54837679,0,2995,2787,208,0.00000,5.36381
534F4C31,7188,54842700,0,2996,2787,209,0.00000,5.38960
534F4C31,7188,54846575,0,2992,2788,204,0.00000,5.26066
534F4C31,7188,54849321,0,2991,2788,203,0.00000,5.23487
534F4C31,7188,54852363,0,2995,2788,207,0.00000,5.33802
534F4C31,7188,54854785,0,2993,2788,205,0.00000,5.28645
534F4C31,7188,54857069,0,2991,2788,203,0.00000,5.23487
534F4C31,7189,54859166,0,2992,2790,202,0.00000,5.20908
534F4C31,7190,54863986,0,2988,2788,200,0.00000,5.15751
534F4C31,7191,54870598,0,2992,2788,204,0.00000,5.26066
534F4C31,7191,54873078,0,2992,2787,205,0.00000,5.28645
534F4C31,7191,54878708,0,3002,2788,214,0.00000,5.51853
534F4C31,7191,54880977,0,3001,2788,213,0.00000,5.49275
534F4C31,7191,54883850,0,2995,2790,205,0.00000,5.28645
534F4C31,7192,54887039,0,2992,2787,205,0.00000,5.28645
534F4C31,7193,54891850,0,3002,2790,212,0.00000,5.46696
534F4C31,7193,54895362,0,2998,2788,210,0.00000,5.41538
534F4C31,7194,54900188,0,2995,2786,209,0.00000,5.38960
534F4C31,7194,54903105,0,2995,2790,205,0.00000,5.28645
534F4C31,7195,54907202,0,2986,2787,199,0.00000,5.13172
534F4C31,7196,54912004,0,2991,2785,206,0.00000,5.31223
534F4C31,7196,54918500,0,2996,2788,208,0.00000,5.36381
534F4C31,7196,54920769,0,2999,2789,210,0.00000,5.41538
534F4C31,7196,54923852,0,2999,2789,210,0.00000,5.41538
534F4C31,7196,54926151,0,2996,2789,207,0.00000,5.33802
534F4C31,7196,54928219,0,2999,2790,209,0.00000,5.38960
534F4C31,7196,54930467,0,2996,2789,207,0.00000,5.33802
534F4C31,7197,54932733,0,3000,2788,212,0.00000,5.46696
534F4C31,7197,54936615,0,2997,2785,212,0.00000,5.46696
534F4C31,7197,54939903,0,2994,2788,206,0.00000,5.31223
534F4C31,7197,54942009,0,2991,2786,205,0.00000,5.28645
534F4C31,7197,54945804,0,2997,2786,211,0.00000,5.44117
534F4C31,7198,54948170,0,2993,2791,202,0.00000,5.20908
534F4C31,7199,54952334,0,3000,2789,211,0.00000,5.44117
534F4C31,7199,54955958,0,2991,2793,198,0.00000,5.10593
534F4C31,7199,54960596,0,2989,2786,203,0.00000,5.23487
534F4C31,7199,54963410,0,2998,2788,210,0.00000,5.41538
534F4C31,7199,54966780,0,2998,2790,208,0.00000,5.36381
534F4C31,7199,54968917,0,2994,2786,208,0.00000,5.36381
534F4C31,7199,54972300,0,2994,2790,204,0.00000,5.26066
534F4C31,7199,54974705,0,2996,2791,205,0.00000,5.28645
534F4C31,7200,54976691,0,2998,2789,209,0.00000,5.38960
534F4C31,7201,54982490,0,2994,2788,206,0.00000,5.31223
534F4C31,7201,54987183,0,2999,2787,212,0.00000,5.46696
534F4C31,7202,54990872,0,2993,2789,204,0.00000,5.26066
534F4C31,7202,54993892,0,2993,2790,203,0.00000,5.23487
534F4C31,7203,54999147,0,3001,2784,217,0.00000,5.59590
534F4C31,7203,55002907,0,2995,2787,208,0.00000,5.36381
534F4C31,7203,55005170,0,3000,2787,213,0.00000,5.49275
534F4C31,7204,55009215,0,2993,2787,206,0.00000,5.31223
534F4C31,7204,55013793,0,2995,2788,207,0.00000,5.33802
534F4C31,7204,55016139,0,2997,2790,207,0.00000,5.33802
534F4C31,7205,55020537,0,3000,2786,214,0.00000,5.51853
534F4C31,7206,55024225,0,2992,2787,205,0.00000,5.28645
534F4C31,7206,55029720,0,2990,2786,204,0.00000,5.26066
534F4C31,7206,55032768,0,2999,2788,211,0.00000,5.44117
534F4C31,7206,55034840,0,2994,2790,204,0.00000,5.26066
534F4C31,7206,55037854,0,2999,2787,212,0.00000,5.46696
534F4C31,7206,55040497,0,2992,2790,202,0.00000,5.20908
534F4C31,7206,55042874,0,2988,2787,201,0.00000,5.18330
534F4C31,7207,55045266,0,2997,2789,208,0.00000,5.36381
534F4C31,7208,55049360,0,2994,2789,205,0.00000,5.28645
534F4C31,7209,55053125,0,3001,2786,215,0.00000,5.54432
534F4C31,7210,55059796,0,2996,2791,205,0.00000,5.28645
534F4C31,7210,55063036,0,2999,2788,211,0.00000,5.44117
534F4C31,7210,55067137,0,2997,2789,208,0.00000,5.36381
534F4C31,7210,55069708,0,2995,2789,206,0.00000,5.31223
534F4C31,7210,55072643,0,2993,2787,206,0.00000,5.31223
534F4C31,7210,55075634,0,2992,2787,205,0.00000,5.28645
534F4C31,7210,55077953,0,2997,2788,209,0.00000,5.38960
534F4C31,7211,55080213,0,2990,2790,200,0.00000,5.15751
534F4C31,7212,55083710,0,2995,2790,205,0.00000,5.28645
534F4C31,7212,55088565,0,2999,2789,210,0.00000,5.41538
534F4C31,7212,55090773,0,3001,2791,210,0.00000,5.41538
534F4C31,7213,55094952,0,2994,2789,205,0.00000,5.28645
534F4C31,7213,55099687,0,2989,2787,202,0.00000,5.20908
534F4C31,7213,55101942,0,2992,2790,202,0.00000,5.20908
534F4C31,7213,55105351,0,3001,2791,210,0.00000,5.41538
534F4C31,7213,55108590,0,2995,2790,205,0.00000,5.28645
534F4C31,7213,55110763,0,2997,2787,210,0.00000,5.41538
534F4C31,7213,55113578,0,2992,2792,200,0.00000,5.15751
534F4C31,7213,55115922,0,2999,2789,210,0.00000,5.41538
534F4C31,7213,55118127,0,2999,2789,210,0.00000,5.41538
534F4C31,7213,55120440,0,2988,2786,202,0.00000,5.20908
534F4C31,7214,55122463,0,2993,2786,207,0.00000,5.33802
534F4C31,7215,55127928,0,2993,2789,204,0.00000,5.26066
534F4C31,7216,55131734,0,2996,2787,209,0.00000,5.38960
534F4C31,7217,55137759,0,2994,2792,202,0.00000,5.20908
534F4C31,7217,55142743,0,2995,2789,206,0.00000,5.31223
534F4C31,7218,55147596,0,2994,2789,205,0.00000,5.28645
534F4C31,7219,55152652,0,2997,2787,210,0.00000,5.41538
534F4C31,7219,55156687,0,2996,2786,210,0.00000,5.41538
534F4C31,7219,55160601,0,2994,2786,208,0.00000,5.36381
534F4C31,7219,55163824,0,2999,2789,210,0.00000,5.41538
534F4C31,7219,55166195,0,2999,2788,211,0.00000,5.44117
534F4C31,7220,55168414,0,2996,2792,204,0.00000,5.26066
534F4C31,7221,55172394,0,2997,2788,209,0.00000,5.38960
534F4C31,7221,55176190,0,2991,2793,198,0.00000,5.10593
534F4C31,7221,55178514,0,3002,2789,213,0.00000,5.49275
534F4C31,7221,55180569,0,2999,2791,208,0.00000,5.36381
534F4C31,7221,55183184,0,2996,2790,206,0.00000,5.31223
534F4C31,7222,55187681,0,2994,2791,203,0.00000,5.23487
534F4C31,7223,55192006,0,3001,2789,212,0.00000,5.46696
534F4C31,7223,55196227,0,2998,2786,212,0.00000,5.46696
534F4C31,7223,55198414,0,2992,2789,203,0.00000,5.23487
534F4C31,7223,55201773,0,2996,2790,206,0.00000,5.31223
534F4C31,7223,55205705,0,2998,2788,210,0.00000,5.41538
534F4C31,7223,55207917,0,2993,2787,206,0.00000,5.31223
534F4C31,7223,55210082,0,2992,2786,206,0.00000,5.31223
534F4C31,7223,55213141,0,2996,2788,208,0.00000,5.36381
534F4C31,7223,55215500,0,2999,2788,211,0.00000,5.44117
534F4C31,7224,55217820,0,2999,2786,213,0.00000,5.49275
534F4C31,7225,55221727,0,2993,2790,203,0.00000,5.23487
534F4C31,7226,55226160,0,2996,2790,206,0.00000,5.31223
534F4C31,7227,55231301,0,2992,2790,202,0.00000,5.20908
534F4C31,7227,55236802,0,3002,2791,211,0.00000,5.44117
534F4C31,7227,55239180,0,2994,2791,203,0.00000,5.23487
534F4C31,7227,55242565,0,2996,2786,210,0.00000,5.41538
534F4C31,7227,55245137,0,2991,2786,205,0.00000,5.28645
534F4C31,7227,55247258,0,3001,2792,209,0.00000,5.38960
534F4C31,7227,55249510,0,2995,2790,205,0.00000,5.28645
534F4C31,7228,55251784,0,2995,2790,205,0.00000,5.28645
534F4C31,7229,55255966,0,2996,2787,209,0.00000,5.38960
534F4C31,7230,55259547,0,2996,2786,210,0.00000,5.41538
534F4C31,7231,55263609,0,2996,2781,215,0.00000,5.54432
534F4C31,7232,55269564,0,2991,2782,209,0.00000,5.38960
534F4C31,7232,55274364,0,2993,2786,207,0.00000,5.33802
534F4C31,7232,55278060,0,3003,2783,220,0.00000,5.67326
534F4C31,7232,55280863,0,3000,2786,214,0.00000,5.51853
534F4C31,7232,55283827,0,2991,2786,205,0.00000,5.28645
534F4C31,7232,55285987,0,2993,2784,209,0.00000,5.38960
534F4C31,7232,55288020,0,2996,2780,216,0.00000,5.57011
534F4C31,7232,55290206,0,2987,2784,203,0.00000,5.23487
534F4C31,7232,55292450,0,3003,2787,216,0.00000,5.57011
534F4C31,7232,55294693,0,2993,2785,208,0.00000,5.36381
534F4C31,7232,55296902,0,2996,2784,212,0.00000,5.46696
534F4C31,7232,55298993,0,2997,2786,211,0.00000,5.44117
534F4C31,7232,55301049,0,2992,2786,206,0.00000,5.31223
534F4C31,7232,55303072,0,3001,2783,218,0.00000,5.62168
534F4C31,7232,55305202,0,2992,2785,207,0.00000,5.33802
534F4C31,7232,55307300,0,2999,2782,217,0.00000,5.59590
534F4C31,7233,55309472,0,2995,2785,210,0.00000,5.41538
534F4C31,7234,55313994,0,2997,2786,211,0.00000,5.44117
534F4C31,7235,55317673,0,2995,2782,213,0.00000,5.49275
534F4C31,7236,55323271,0,2998,2785,213,0.00000,5.49275
534F4C31,7236,55326877,0,2992,2784,208,0.00000,5.36381
534F4C31,7236,55329292,0,2993,2786,207,0.00000,5.33802
534F4C31,7237,55333462,0,2994,2787,207,0.00000,5.33802
534F4C31,7237,55337345,0,2991,2784,207,0.00000,5.33802
534F4C31,7237,55340300,0,3001,2784,217,0.00000,5.59590
534F4C31,7237,55344993,0,2997,2782,215,0.00000,5.54432
534F4C31,7237,55347579,0,3000,2785,215,0.00000,5.54432
534F4C31,7238,55349921,0,2998,2782,216,0.00000,5.57011
534F4C31,7238,55354343,0,2990,2781,209,0.00000,5.38960
534F4C31,7238,55357567,0,2998,2784,214,0.00000,5.51853
534F4C31,7238,55359614,0,2990,2785,205,0.00000,5.28645
534F4C31,7238,55362958,0,2995,2782,213,0.00000,5.49275
534F4C31,7238,55365121,0,2996,2785,211,0.00000,5.44117
534F4C31,7238,55367247,0,2993,2782,211,0.00000,5.44117
534F4C31,7238,55369534,0,2998,2781,217,0.00000,5.59590
534F4C31,7239,55371559,0,2993,2784,209,0.00000,5.38960
534F4C31,7240,55376099,0,2996,2782,214,0.00000,5.51853
534F4C31,7241,55379972,0,2998,2782,216,0.00000,5.57011
534F4C31,7242,55386069,0,2993,2783,210,0.00000,5.41538
534F4C31,7242,55388989,0,2993,2786,207,0.00000,5.33802
534F4C31,7242,55393382,0,2994,2784,210,0.00000,5.41538
534F4C31,7243,55396677,0,3003,2788,215,0.00000,5.54432
534F4C31,7244,55400673,0,2997,2784,213,0.00000,5.49275
534F4C31,7244,55405832,0,2994,2785,209,0.00000,5.38960
534F4C31,7244,55408944,0,2996,2783,213,0.00000,5.49275
534F4C31,7244,55411099,0,2993,2782,211,0.00000,5.44117
534F4C31,7244,55414064,0,2994,2784,210,0.00000,5.41538
534F4C31,7244,55416229,0,2997,2783,214,0.00000,5.51853
534F4C31,7244,55418279,0,2995,2783,212,0.00000,5.46696
534F4C31,7244,55420417,0,2998,2786,212,0.00000,5.46696
534F4C31,7244,55422631,0,2991,2784,207,0.00000,5.33802
534F4C31,7245,55424868,0,2995,2784,211,0.00000,5.44117
534F4C31,7246,55429279,0,2991,2782,209,0.00000,5.38960
534F4C31,7247,55434626,0,2995,2784,211,0.00000,5.44117
534F4C31,7247,55439343,0,2998,2784,214,0.00000,5.51853
534F4C31,7247,55442757,0,2998,2785,213,0.00000,5.49275
534F4C31,7247,55445107,0,3000,2784,216,0.00000,5.57011
534F4C31,7247,55448246,0,3000,2788,212,0.00000,5.46696
534F4C31,7247,55450547,0,2999,2781,218,0.00000,5.62168
534F4C31,7247,55452953,0,2996,2786,210,0.00000,5.41538
534F4C31,7248,55455313,0,2996,2782,214,0.00000,5.51853
534F4C31,7249,55459641,0,2992,2782,210,0.00000,5.41538
534F4C31,7250,55463188,0,3000,2782,218,0.00000,5.62168
534F4C31,7251,55469377,0,2993,2784,209,0.00000,5.38960
534F4C31,7251,55474087,0,2998,2784,214,0.00000,5.51853
534F4C31,7251,55479430,0,2989,2783,206,0.00000,5.31223
534F4C31,7251,55481726,0,2995,2780,215,0.00000,5.54432
534F4C31,7251,55483794,0,2997,2781,216,0.00000,5.57011
534F4C31,7251,55486962,0,2994,2786,208,0.00000,5.36381
534F4C31,7251,55489293,0,3002,2785,217,0.00000,5.59590
534F4C31,7251,55491444,0,2995,2783,212,0.00000,5.46696
534F4C31,7251,55493537,0,2996,2785,211,0.00000,5.44117
534F4C31,7251,55495595,0,2994,2784,210,0.00000,5.41538
534F4C31,7251,55497767,0,2992,2785,207,0.00000,5.33802
534F4C31,7252,55500005,0,2987,2784,203,0.00000,5.23487
534F4C31,7253,55503983,0,2998,2785,213,0.00000,5.49275
534F4C31,7254,55508703,0,2993,2782,211,0.00000,5.44117
534F4C31,7255,55512492,0,2997,2783,214,0.00000,5.51853
534F4C31,7256,55518803,0,2996,2780,216,0.00000,5.57011
534F4C31,7256,55522492,0,2996,2785,211,0.00000,5.44117
534F4C31,7256,55525571,0,2999,2786,213,0.00000,5.49275
534F4C31,7257,55529559,0,2992,2785,207,0.00000,5.33802
534F4C31,7258,55533330,0,2999,2783,216,0.00000,5.57011
534F4C31,7258,55536434,0,2999,2785,214,0.00000,5.51853
534F4C31,7258,55541364,0,2993,2784,209,0.00000,5.38960
534F4C31,7258,55543619,0,2994,2783,211,0.00000,5.44117
534F4C31,7258,55546950,0,2993,2785,208,0.00000,5.36381
534F4C31,7258,55549199,0,2991,2781,210,0.00000,5.41538
534F4C31,7258,55551592,0,2993,2782,211,0.00000,5.44117
534F4C31,7258,55553898,0,2999,2781,218,0.00000,5.62168
534F4C31,7258,55556024,0,2993,2785,208,0.00000,5.36381
534F4C31,7259,55558269,0,3000,2786,214,0.00000,5.51853
534F4C31,7260,55562965,0,2991,2786,205,0.00000,5.28645
534F4C31,7260,55566748,0,2993,2785,208,0.00000,5.36381
534F4C31,7260,55571372,0,3000,2785,215,0.00000,5.54432
534F4C31,7261,55574179,0,2991,2782,209,0.00000,5.38960
534F4C31,7262,55579636,0,3000,2784,216,0.00000,5.57011
534F4C31,7262,55583928,0,2996,2783,213,0.00000,5.49275
534F4C31,7262,55588203,0,2990,2786,204,0.00000,5.26066
534F4C31,7262,55590413,0,2991,2785,206,0.00000,5.31223
534F4C31,7262,55592487,0,2999,2785,214,0.00000,5.51853
534F4C31,7262,55595817,0,2992,2785,207,0.00000,5.33802
534F4C31,7262,55598069,0,2996,2782,214,0.00000,5.51853
534F4C31,7262,55600136,0,2993,2781,212,0.00000,5.46696
534F4C31,7262,55602261,0,2995,2782,213,0.00000,5.49275
534F4C31,7262,55604470,0,2997,2785,212,0.00000,5.46696
534F4C31,7262,55606634,0,2994,2784,210,0.00000,5.41538
534F4C31,7262,55608714,0,2999,2784,215,0.00000,5.54432
534F4C31,7263,55610820,0,2992,2785,207,0.00000,5.33802
534F4C31,7264,55616030,0,2997,2783,214,0.00000,5.51853
534F4C31,7265,55621144,0,2990,2789,201,0.00000,5.18330
534F4C31,7265,55626009,0,2994,2781,213,0.00000,5.49275
534F4C31,7265,55628834,0,2995,2784,211,0.00000,5.44117
534F4C31,7265,55631523,0,2995,2783,212,0.00000,5.46696
534F4C31,7265,55634420,0,2994,2784,210,0.00000,5.41538
534F4C31,7266,55636552,0,2994,2781,213,0.00000,5.49275
534F4C31,7267,55641372,0,2989,2783,206,0.00000,5.31223
534F4C31,7268,55647157,0,2997,2784,213,0.00000,5.49275
534F4C31,7268,55651073,0,2992,2783,209,0.00000,5.38960
534F4C31,7268,55654792,0,3005,2782,223,0.00000,5.75062
534F4C31,7269,55657223,0,2986,2784,202,0.00000,5.20908
534F4C31,7270,55661797,0,2993,2784,209,0.00000,5.38960
534F4C31,7271,55665294,0,2998,2784,214,0.00000,5.51853
534F4C31,7272,55671269,0,2991,2785,206,0.00000,5.31223
534F4C31,7273,55675909,0,3004,2783,221,0.00000,5.69905
534F4C31,7273,55681520,0,3001,2783,218,0.00000,5.62168
534F4C31,7273,55684778,0,2996,2785,211,0.00000,5.44117
534F4C31,7273,55687057,0,2992,2781,211,0.00000,5.44117
534F4C31,7273,55689156,0,2993,2784,209,0.00000,5.38960
534F4C31,7273,55691270,0,2988,2783,205,0.00000,5.28645
534F4C31,7273,55694633,0,2992,2786,206,0.00000,5.31223
534F4C31,7273,55696805,0,2995,2785,210,0.00000,5.41538
534F4C31,7273,55698855,0,2990,2785,205,0.00000,5.28645
534F4C31,7273,55700975,0,2996,2784,212,0.00000,5.46696
534F4C31,7273,55703220,0,2993,2785,208,0.00000,5.36381
534F4C31,7273,55705458,0,2995,2785,210,0.00000,5.41538
534F4C31,7273,55707637,0,2996,2781,215,0.00000,5.54432
534F4C31,7273,55709707,0,2990,2786,204,0.00000,5.26066
534F4C31,7273,55711834,0,2988,2786,202,0.00000,5.20908
534F4C31,7273,55713942,0,2999,2785,214,0.00000,5.51853
534F4C31,7273,55716134,0,2994,2786,208,0.00000,5.36381
534F4C31,7273,55718343,0,2991,2783,208,0.00000,5.36381
534F4C31,7274,55720423,0,2991,2784,207,0.00000,5.33802
534F4C31,7275,55725358,0,2992,2783,209,0.00000,5.38960
534F4C31,7276,55729250,0,2990,2784,206,0.00000,5.31223
534F4C31,7277,55734865,0,2988,2783,205,0.00000,5.28645
534F4C31,7277,55738411,0,2994,2784,210,0.00000,5.41538
534F4C31,7277,55743205,0,2996,2782,214,0.00000,5.51853
534F4C31,7277,55745381,0,2992,2788,204,0.00000,5.26066
534F4C31,7277,55748303,0,2992,2781,211,0.00000,5.44117
534F4C31,7277,55750700,0,3000,2783,217,0.00000,5.59590
534F4C31,7277,55752922,0,2989,2785,204,0.00000,5.26066
534F4C31,7277,55755467,0,2993,2783,210,0.00000,5.41538
534F4C31,7277,55757828,0,3002,2786,216,0.00000,5.57011
534F4C31,7277,55760069,0,3000,2783,217,0.00000,5.59590
534F4C31,7277,55762227,0,3006,2783,223,0.00000,5.75062
534F4C31,7278,55764281,0,2993,2784,209,0.00000,5.38960
534F4C31,7279,55767279,0,2990,2784,206,0.00000,5.31223
534F4C31,7280,55771686,0,2998,2784,214,0.00000,5.51853
534F4C31,7280,55778317,0,2993,2783,210,0.00000,5.41538
534F4C31,7280,55781238,0,2998,2784,214,0.00000,5.51853
534F4C31,7281,55784984,0,2997,2787,210,0.00000,5.41538
534F4C31,7282,55788515,0,2998,2785,213,0.00000,5.49275
534F4C31,7282,55792748,0,2992,2785,207,0.00000,5.33802
534F4C31,7282,55796127,0,2993,2787,206,0.00000,5.31223
534F4C31,7282,55800299,0,2997,2786,211,0.00000,5.44117
534F4C31,7282,55802501,0,2994,2784,210,0.00000,5.41538
534F4C31,7282,55805220,0,2997,2785,212,0.00000,5.46696
534F4C31,7283,55807547,0,2987,2786,201,0.00000,5.18330
534F4C31,7283,55811670,0,2991,2786,205,0.00000,5.28645
534F4C31,7283,55814260,0,2989,2784,205,0.00000,5.28645
534F4C31,7283,55816478,0,2992,2783,209,0.00000,5.38960
534F4C31,7283,55819660,0,2990,2784,206,0.00000,5.31223
534F4C31,7283,55821934,0,2998,2785,213,0.00000,5.49275
534F4C31,7283,55824309,0,2993,2786,207,0.00000,5.33802
534F4C31,7284,55826630,0,2993,2784,209,0.00000,5.38960
534F4C31,7285,55830779,0,2994,2787,207,0.00000,5.33802
534F4C31,7286,55834590,0,2994,2782,212,0.00000,5.46696
534F4C31,7287,55841621,0,2995,2780,215,0.00000,5.54432
534F4C31,7287,55844771,0,2993,2784,209,0.00000,5.38960
534F4C31,7288,55847693,0,3000,2785,215,0.00000,5.54432
534F4C31,7288,55852689,0,2996,2784,212,0.00000,5.46696
534F4C31,7288,55856612,0,2991,2786,205,0.00000,5.28645
534F4C31,7288,55860757,0,3000,2782,218,0.00000,5.62168
534F4C31,7288,55862963,0,2991,2782,209,0.00000,5.38960
534F4C31,7288,55867213,0,2992,2783,209,0.00000,5.38960
534F4C31,7288,55869388,0,2996,2783,213,0.00000,5.49275
534F4C31,7288,55871478,0,2995,2786,209,0.00000,5.38960
534F4C31,7289,55874284,0,2998,2783,215,0.00000,5.54432
534F4C31,7289,55879064,0,2994,2784,210,0.00000,5.41538
534F4C31,7289,55882282,0,2989,2782,207,0.00000,5.33802
534F4C31,7290,55884396,0,2997,2787,210,0.00000,5.41538
534F4C31,7291,55888472,0,2994,2784,210,0.00000,5.41538
534F4C31,7292,55894846,0,2989,2787,202,0.00000,5.20908
534F4C31,7292,55898956,0,2993,2783,210,0.00000,5.41538
534F4C31,7293,55903309,0,2992,2782,210,0.00000,5.41538
534F4C31,7294,55906361,0,2994,2785,209,0.00000,5.38960
534F4C31,7295,55911631,0,2996,2784,212,0.00000,5.46696
534F4C31,7295,55916778,0,2993,2784,209,0.00000,5.38960
534F4C31,7295,55921685,0,2993,2786,207,0.00000,5.33802
534F4C31,7295,55923939,0,2990,2785,205,0.00000,5.28645
534F4C31,7295,55926096,0,2993,2782,211,0.00000,5.44117
534F4C31,7295,55929576,0,2996,2784,212,0.00000,5.46696
534F4C31,7295,55932326,0,2996,2787,209,0.00000,5.38960
534F4C31,7295,55934589,0,2992,2784,208,0.00000,5.36381
534F4C31,7295,55937466,0,2995,2785,210,0.00000,5.41538
534F4C31,7295,55939826,0,2997,2785,212,0.00000,5.46696
534F4C31,7295,55942051,0,2995,2784,211,0.00000,5.44117
534F4C31,7295,55944378,0,2993,2782,211,0.00000,5.44117
534F4C31,7295,55946427,0,2998,2788,210,0.00000,5.41538
534F4C31,7295,55948502,0,2990,2785,205,0.00000,5.28645
534F4C31,7296,55950610,0,2988,2784,204,0.00000,5.26066
534F4C31,7297,55955130,0,2994,2785,209,0.00000,5.38960
534F4C31,7298,55959034,0,2993,2785,208,0.00000,5.36381
534F4C31,7299,55964506,0,2993,2784,209,0.00000,5.38960
534F4C31,7300,55969061,0,2994,2784,210,0.00000,5.41538
534F4C31,7300,55973457,0,2998,2784,214,0.00000,5.51853
534F4C31,7300,55977481,0,3000,2785,215,0.00000,5.54432
534F4C31,7300,55980301,0,2991,2783,208,0.00000,5.36381
534F4C31,7300,55983730,0,2992,2782,210,0.00000,5.41538
534F4C31,7300,55985941,0,2994,2782,212,0.00000,5.46696
534F4C31,7300,55988043,0,2991,2786,205,0.00000,5.28645
534F4C31,7301,55990247,0,2994,2786,208,0.00000,5.36381
534F4C31,7302,55994473,0,2987,2786,201,0.00000,5.18330
534F4C31,7302,55999149,0,3000,2788,212,0.00000,5.46696
534F4C31,7302,56001352,0,2999,2783,216,0.00000,5.57011
534F4C31,7303,56004517,0,2997,2785,212,0.00000,5.46696
534F4C31,7304,56009707,0,2993,2785,208,0.00000,5.36381
534F4C31,7304,56013028,0,3000,2783,217,0.00000,5.59590
534F4C31,7304,56018055,0,2999,2783,216,0.00000,5.57011
534F4C31,7304,56020965,0,2997,2784,213,0.00000,5.49275
534F4C31,7304,56023862,0,2989,2785,204,0.00000,5.26066
534F4C31,7305,56026164,0,2993,2785,208,0.00000,5.36381
534F4C31,7306,56031173,0,3001,2790,211,0.00000,5.44117
534F4C31,7306,56033376,0,2995,2785,210,0.00000,5.41538
534F4C31,7306,56038674,0,2996,2783,213,0.00000,5.49275
534F4C31,7306,56040875,0,2992,2783,209,0.00000,5.38960
534F4C31,7306,56043543,0,2989,2787,202,0.00000,5.20908
534F4C31,7306,56046439,0,2995,2786,209,0.00000,5.38960
534F4C31,7306,56048913,0,2990,2787,203,0.00000,5.23487
534F4C31,7306,56050958,0,2999,2784,215,0.00000,5.54432
534F4C31,7306,56053063,0,2999,2783,216,0.00000,5.57011
534F4C31,7306,56055313,0,2994,2782,212,0.00000,5.46696
534F4C31,7306,56057433,0,2993,2782,211,0.00000,5.44117
534F4C31,7306,56059566,0,2994,2782,212,0.00000,5.46696
534F4C31,7307,56061664,0,2993,2784,209,0.00000,5.38960
534F4C31,7308,56066926,0,2993,2783,210,0.00000,5.41538
534F4C31,7309,56070823,0,2993,2786,207,0.00000,5.33802
534F4C31,7310,56077006,0,2990,2786,204,0.00000,5.26066
534F4C31,7310,56080624,0,2996,2786,210,0.00000,5.41538
534F4C31,7310,56086236,0,2993,2782,211,0.00000,5.44117
534F4C31,7310,56088546,0,2994,2780,214,0.00000,5.51853
534F4C31,7310,56090790,0,2998,2785,213,0.00000,5.49275
534F4C31,7311,56093921,0,2999,2783,216,0.00000,5.57011
534F4C31,7311,56098772,0,2995,2788,207,0.00000,5.33802
534F4C31,7311,56101079,0,2997,2788,209,0.00000,5.38960
534F4C31,7311,56103125,0,2993,2783,210,0.00000,5.41538
534F4C31,7311,56106203,0,2993,2785,208,0.00000,5.36381
534F4C31,7311,56108496,0,3002,2783,219,0.00000,5.64747
534F4C31,7311,56110715,0,2993,2786,207,0.00000,5.33802
534F4C31,7312,56112793,0,3000,2786,214,0.00000,5.51853
534F4C31,7313,56116859,0,2997,2784,213,0.00000,5.49275
534F4C31,7314,56120068,0,2995,2787,208,0.00000,5.36381
534F4C31,7315,56125252,0,2996,2783,213,0.00000,5.49275
534F4C31,7315,56130606,0,2995,2784,211,0.00000,5.44117
534F4C31,7315,56132872,0,2993,2783,210,0.00000,5.41538
534F4C31,7316,56135698,0,2996,2782,214,0.00000,5.51853
534F4C31,7316,56139953,0,2990,2781,209,0.00000,5.38960
534F4C31,7316,56143412,0,2996,2785,211,0.00000,5.44117
534F4C31,7317,56146548,0,2995,2781,214,0.00000,5.51853
534F4C31,7317,56151075,0,2996,2782,214,0.00000,5.51853
534F4C31,7317,56153708,0,2995,2788,207,0.00000,5.33802
534F4C31,7318,56158601,0,2994,2785,209,0.00000,5.38960
534F4C31,7318,56160945,0,2999,2787,212,0.00000,5.46696
534F4C31,7318,56166686,0,2993,2785,208,0.00000,5.36381
534F4C31,7318,56169291,0,2995,2785,210,0.00000,5.41538
534F4C31,7318,56171415,0,2995,2786,209,0.00000,5.38960
534F4C31,7318,56174348,0,2993,2787,206,0.00000,5.31223
534F4C31,7318,56177484,0,2995,2788,207,0.00000,5.33802
534F4C31,7318,56179785,0,2996,2787,209,0.00000,5.38960
534F4C31,7318,56182080,0,2997,2786,211,0.00000,5.44117
534F4C31,7318,56184287,0,2993,2784,209,0.00000,5.38960
534F4C31,7319,56186466,0,2994,2787,207,0.00000,5.33802
534F4C31,7320,56190740,0,2994,2785,209,0.00000,5.38960
534F4C31,7321,56194643,0,2995,2782,213,0.00000,5.49275
534F4C31,7322,56201050,0,2995,2788,207,0.00000,5.33802
534F4C31,7322,56205222,0,2996,2785,211,0.00000,5.44117
534F4C31,7322,56208900,0,3000,2781,219,0.00000,5.64747
534F4C31,7322,56211129,0,2999,2786,213,0.00000,5.49275
534F4C31,7322,56214313,0,2998,2787,211,0.00000,5.44117
534F4C31,7322,56216491,0,2994,2785,209,0.00000,5.38960
534F4C31,7322,56218619,0,2995,2787,208,0.00000,5.36381
534F4C31,7323,56220851,0,2995,2783,212,0.00000,5.46696
534F4C31,7324,56225988,0,2995,2781,214,0.00000,5.51853
534F4C31,7325,56230557,0,2999,2782,217,0.00000,5.59590
534F4C31,7325,56236066,0,2990,2784,206,0.00000,5.31223
534F4C31,7325,56238606,0,2990,2787,203,0.00000,5.23487
534F4C31,7325,56240696,0,2995,2788,207,0.00000,5.33802
534F4C31,7325,56243800,0,3002,2787,215,0.00000,5.54432
534F4C31,7325,56246168,0,2996,2784,212,0.00000,5.46696
534F4C31,7325,56248445,0,2996,2785,211,0.00000,5.44117
534F4C31,7326,56250678,0,2998,2787,211,0.00000,5.44117
534F4C31,7327,56253791,0,2992,2786,206,0.00000,5.31223
534F4C31,7328,56258156,0,2992,2783,209,0.00000,5.38960
534F4C31,7329,56263163,0,2987,2786,201,0.00000,5.18330
534F4C31,7330,56268773,0,2993,2786,207,0.00000,5.33802
534F4C31,7330,56274318,0,2992,2781,211,0.00000,5.44117
534F4C31,7330,56276662,0,2993,2785,208,0.00000,5.36381
534F4C31,7330,56279846,0,2994,2785,209,0.00000,5.38960
534F4C31,7330,56282342,0,2999,2784,215,0.00000,5.54432
534F4C31,7330,56284396,0,2990,2780,210,0.00000,5.41538
534F4C31,7330,56286502,0,2994,2784,210,0.00000,5.41538
534F4C31,7331,56288747,0,2985,2788,197,0.00000,5.08015
534F4C31,7332,56293314,0,2994,2784,210,0.00000,5.41538
534F4C31,7333,56296781,0,2995,2784,211,0.00000,5.44117
534F4C31,7334,56303037,0,2991,2783,208,0.00000,5.36381
534F4C31,7334,56306963,0,2999,2786,213,0.00000,5.49275
534F4C31,7334,56311067,0,2999,2783,216,0.00000,5.57011
534F4C31,7334,56314293,0,3002,2784,218,0.00000,5.62168
534F4C31,7334,56316469,0,2996,2787,209,0.00000,5.38960
534F4C31,7334,56319406,0,2996,2787,209,0.00000,5.38960
534F4C31,7334,56321651,0,2995,2784,211,0.00000,5.44117
534F4C31,7334,56323730,0,2994,2782,212,0.00000,5.46696
534F4C31,7334,56325908,0,2988,2786,202,0.00000,5.20908
534F4C31,7334,56328181,0,2995,2784,211,0.00000,5.44117
534F4C31,7334,56330395,0,3000,2789,211,0.00000,5.44117
534F4C31,7334,56332409,0,2990,2783,207,0.00000,5.33802
534F4C31,7334,56334563,0,2999,2787,212,0.00000,5.46696
534F4C31,7334,56336739,0,2992,2782,210,0.00000,5.41538
534F4C31,7334,56338851,0,2997,2786,211,0.00000,5.44117
534F4C31,7334,56341027,0,2998,2784,214,0.00000,5.51853
534F4C31,7335,56343015,0,2997,2784,213,0.00000,5.49275
534F4C31,7336,56347991,0,2986,2782,204,0.00000,5.26066
534F4C31,7337,56352223,0,2997,2784,213,0.00000,5.49275
534F4C31,7338,56357954,0,2997,2786,211,0.00000,5.44117
534F4C31,7338,56363094,0,2990,2786,204,0.00000,5.26066
534F4C31,7338,56366746,0,2992,2784,208,0.00000,5.36381
534F4C31,7338,56370351,0,2986,2786,200,0.00000,5.15751
534F4C31,7338,56372773,0,2999,2787,212,0.00000,5.46696
534F4C31,7338,56374826,0,2993,2782,211,0.00000,5.44117
534F4C31,7338,56376902,0,2999,2786,213,0.00000,5.49275
534F4C31,7338,56379042,0,2999,2787,212,0.00000,5.46696
534F4C31,7338,56381283,0,2992,2785,207,0.00000,5.33802
534F4C31,7339,56383609,0,2992,2782,210,0.00000,5.41538
534F4C31,7340,56387872,0,2995,2786,209,0.00000,5.38960
534F4C31,7341,56391722,0,2992,2784,208,0.00000,5.36381
534F4C31,7342,56398177,0,2996,2780,216,0.00000,5.57011
534F4C31,7342,56403547,0,2992,2787,205,0.00000,5.28645
534F4C31,7342,56405977,0,2994,2784,210,0.00000,5.41538
534F4C31,7342,56409063,0,2992,2786,206,0.00000,5.31223
534F4C31,7342,56411668,0,2994,2786,208,0.00000,5.36381
534F4C31,7342,56414136,0,2989,2787,202,0.00000,5.20908
534F4C31,7342,56416353,0,2995,2785,210,0.00000,5.41538
534F4C31,7342,56418448,0,2998,2789,209,0.00000,5.38960
534F4C31,7342,56420542,0,2995,2783,212,0.00000,5.46696
534F4C31,7342,56422600,0,2990,2785,205,0.00000,5.28645
534F4C31,7343,56424992,0,2995,2783,212,0.00000,5.46696
534F4C31,7344,56429338,0,2993,2788,205,0.00000,5.28645
534F4C31,7345,56433642,0,2994,2782,212,0.00000,5.46696
534F4C31,7346,56438669,0,2995,2788,207,0.00000,5.33802
534F4C31,7347,56442498,0,2996,2784,212,0.00000,5.46696
534F4C31,7347,56447782,0,2994,2785,209,0.00000,5.38960
534F4C31,7347,56451509,0,3000,2786,214,0.00000,5.51853
534F4C31,7348,56453771,0,2998,2786,212,0.00000,5.46696
534F4C31,7348,56459802,0,2991,2785,206,0.00000,5.31223
534F4C31,7348,56462266,0,2991,2786,205,0.00000,5.28645
534F4C31,7348,56464285,0,2991,2784,207,0.00000,5.33802
534F4C31,7348,56467683,0,2997,2783,214,0.00000,5.51853
534F4C31,7349,56470051,0,2988,2788,200,0.00000,5.15751
534F4C31,7349,56474667,0,2996,2784,212,0.00000,5.46696
534F4C31,7349,56477473,0,2995,2785,210,0.00000,5.41538
534F4C31,7349,56479578,0,2997,2788,209,0.00000,5.38960
534F4C31,7349,56483285,0,2996,2785,211,0.00000,5.44117
534F4C31,7349,56485610,0,2991,2784,207,0.00000,5.33802
534F4C31,7349,56487839,0,2992,2785,207,0.00000,5.33802
534F4C31,7349,56490064,0,2997,2785,212,0.00000,5.46696
534F4C31,7349,56492309,0,3002,2784,218,0.00000,5.62168
534F4C31,7350,56494397,0,2996,2786,210,0.00000,5.41538
534F4C31,7351,56497850,0,2989,2786,203,0.00000,5.23487
534F4C31,7352,56502190,0,2994,2786,208,0.00000,5.36381
534F4C31,7352,56509464,0,2994,2786,208,0.00000,5.36381
534F4C31,7352,56511944,0,2997,2786,211,0.00000,5.44117
534F4C31,7353,56513948,0,2996,2785,211,0.00000,5.44117
534F4C31,7353,56519719,0,2996,2783,213,0.00000,5.49275
534F4C31,7353,56521961,0,3000,2786,214,0.00000,5.51853
534F4C31,7354,56525424,0,2996,2785,211,0.00000,5.44117
534F4C31,7354,56528755,0,2988,2785,203,0.00000,5.23487
534F4C31,7354,56532136,0,2994,2786,208,0.00000,5.36381
534F4C31,7354,56534475,0,2997,2789,208,0.00000,5.36381
534F4C31,7354,56537266,0,2994,2782,212,0.00000,5.46696
534F4C31,7354,56539843,0,2996,2783,213,0.00000,5.49275
534F4C31,7354,56542086,0,2997,2786,211,0.00000,5.44117
534F4C31,7354,56544417,0,2998,2785,213,0.00000,5.49275
534F4C31,7355,56546558,0,2991,2782,209,0.00000,5.38960
534F4C31,7356,56550912,0,2997,2784,213,0.00000,5.49275
534F4C31,7357,56554365,0,2993,2785,208,0.00000,5.36381
534F4C31,7358,56558331,0,2992,2789,203,0.00000,5.23487
534F4C31,7359,56564428,0,2996,2786,210,0.00000,5.41538
534F4C31,7359,56568517,0,2997,2787,210,0.00000,5.41538
534F4C31,7359,56572851,0,2998,2787,211,0.00000,5.44117
534F4C31,7359,56576229,0,2997,2782,215,0.00000,5.54432
534F4C31,7359,56578379,0,2997,2784,213,0.00000,5.49275
534F4C31,7360,56581581,0,2992,2787,205,0.00000,5.28645
534F4C31,7361,56587747,0,2989,2783,206,0.00000,5.31223
534F4C31,7361,56592975,0,2991,2786,205,0.00000,5.28645
534F4C31,7361,56596668,0,2991,2787,204,0.00000,5.26066
534F4C31,7361,56599585,0,2991,2784,207,0.00000,5.33802
534F4C31,7361,56602760,0,2994,2783,211,0.00000,5.44117
534F4C31,7361,56605158,0,2999,2783,216,0.00000,5.57011
534F4C31,7361,56607262,0,2995,2783,212,0.00000,5.46696
534F4C31,7361,56609335,0,2994,2785,209,0.00000,5.38960
534F4C31,7361,56611459,0,2996,2782,214,0.00000,5.51853
534F4C31,7361,56613686,0,2991,2789,202,0.00000,5.20908
534F4C31,7361,56615847,0,2995,2788,207,0.00000,5.33802
534F4C31,7362,56617921,0,2998,2785,213,0.00000,5.49275
534F4C31,7363,56622791,0,2993,2789,204,0.00000,5.26066
534F4C31,7364,56626470,0,2991,2785,206,0.00000,5.31223
534F4C31,7364,56632645,0,3002,2782,220,0.00000,5.67326
534F4C31,7364,56635012,0,2996,2785,211,0.00000,5.44117
534F4C31,7365,56637093,0,2996,2783,213,0.00000,5.49275
534F4C31,7366,56643001,0,2991,2784,207,0.00000,5.33802
534F4C31,7366,56647698,0,2999,2784,215,0.00000,5.54432
534F4C31,7366,56651106,0,2988,2785,203,0.00000,5.23487
534F4C31,7366,56654576,0,2993,2785,208,0.00000,5.36381
534F4C31,7366,56656686,0,2992,2781,211,0.00000,5.44117
534F4C31,7367,56659680,0,2994,2785,209,0.00000,5.38960
534F4C31,7368,56664091,0,2990,2787,203,0.00000,5.23487
534F4C31,7368,56668318,0,2994,2784,210,0.00000,5.41538
534F4C31,7368,56672240,0,2997,2784,213,0.00000,5.49275
534F4C31,7368,56675488,0,2993,2785,208,0.00000,5.36381
534F4C31,7368,56678359,0,2993,2785,208,0.00000,5.36381
534F4C31,7368,56680721,0,3000,2783,217,0.00000,5.59590
534F4C31,7368,56682851,0,2992,2781,211,0.00000,5.44117
534F4C31,7368,56685824,0,2991,2780,211,0.00000,5.44117
534F4C31,7368,56688101,0,2996,2786,210,0.00000,5.41538
534F4C31,7368,56690331,0,2993,2786,207,0.00000,5.33802
534F4C31,7369,56692484,0,2993,2785,208,0.00000,5.36381
534F4C31,7370,56695408,0,2993,2786,207,0.00000,5.33802
534F4C31,7371,56699660,0,2999,2786,213,0.00000,5.49275
534F4C31,7372,56703298,0,2992,2786,206,0.00000,5.31223
534F4C31,7373,56709119,0,2991,2786,205,0.00000,5.28645
534F4C31,7374,56715895,0,2992,2787,205,0.00000,5.28645
534F4C31,7374,56719188,0,2994,2785,209,0.00000,5.38960
534F4C31,7374,56723100,0,2995,2787,208,0.00000,5.36381
534F4C31,7374,56726745,0,2990,2786,204,0.00000,5.26066
534F4C31,7374,56730032,0,2996,2784,212,0.00000,5.46696
534F4C31,7374,56732227,0,2993,2785,208,0.00000,5.36381
534F4C31,7374,56735105,0,2998,2786,212,0.00000,5.46696
534F4C31,7374,56737417,0,2993,2779,214,0.00000,5.51853
534F4C31,7374,56739712,0,2997,2785,212,0.00000,5.46696
534F4C31,7374,56741880,0,2998,2784,214,0.00000,5.51853
534F4C31,7374,56744066,0,2992,2785,207,0.00000,5.33802
534F4C31,7374,56746192,0,2993,2784,209,0.00000,5.38960
534F4C31,7374,56748258,0,2991,2786,205,0.00000,5.28645
534F4C31,7374,56750335,0,2993,2784,209,0.00000,5.38960
534F4C31,7374,56752542,0,2995,2784,211,0.00000,5.44117
534F4C31,7374,56754770,0,3000,2785,215,0.00000,5.54432
534F4C31,7375,56756856,0,2996,2784,212,0.00000,5.46696
534F4C31,7376,56761468,0,2999,2785,214,0.00000,5.51853
534F4C31,7377,56765127,0,2996,2783,213,0.00000,5.49275
534F4C31,7378,56770984,0,2995,2782,213,0.00000,5.49275
534F4C31,7378,56776067,0,2987,2785,202,0.00000,5.20908
534F4C31,7378,56779153,0,2990,2784,206,0.00000,5.31223
534F4C31,7378,56782268,0,2990,2787,203,0.00000,5.23487
534F4C31,7378,56784521,0,2995,2788,207,0.00000,5.33802
534F4C31,7378,56786661,0,2995,2784,211,0.00000,5.44117
534F4C31,7378,56788990,0,2992,2786,206,0.00000,5.31223
534F4C31,7378,56791030,0,2990,2787,203,0.00000,5.23487
534F4C31,7378,56793218,0,2989,2787,202,0.00000,5.20908
534F4C31,7378,56795345,0,2998,2789,209,0.00000,5.38960
534F4C31,7379,56797515,0,2989,2784,205,0.00000,5.28645
534F4C31,7380,56802355,0,2999,2783,216,0.00000,5.57011
534F4C31,7381,56807500,0,3002,2784,218,0.00000,5.62168
534F4C31,7381,56811890,0,2991,2787,204,0.00000,5.26066
534F4C31,7381,56814282,0,2995,2786,209,0.00000,5.38960
534F4C31,7382,56817208,0,2995,2784,211,0.00000,5.44117
534F4C31,7382,56821612,0,2997,2786,211,0.00000,5.44117
534F4C31,7382,56823970,0,2992,2787,205,0.00000,5.28645
534F4C31,7383,56826204,0,2991,2785,206,0.00000,5.31223
534F4C31,7384,56830035,0,2994,2782,212,0.00000,5.46696
534F4C31,7385,56834457,0,2995,2788,207,0.00000,5.33802
534F4C31,7386,56840099,0,2996,2783,213,0.00000,5.49275
534F4C31,7386,56844852,0,2997,2783,214,0.00000,5.51853
534F4C31,7386,56848046,0,2996,2783,213,0.00000,5.49275
534F4C31,7387,56852797,0,2992,2783,209,0.00000,5.38960
