device_id,seq,timestamp_us,vbus_raw,iout_raw,iref_raw,i_diff,v_volts,i_amps
534F4C31,29310,267860016,2053,4095,4095,0,1.00244,0.00000
534F4C31,29310,267865944,2054,4095,4095,0,1.00293,0.00000
534F4C31,29310,267868967,2055,4095,4095,0,1.00342,0.00000
534F4C31,29311,267871352,2062,4095,4095,0,1.00684,0.00000
534F4C31,29312,267875474,2057,4095,4095,0,1.00439,0.00000
534F4C31,29312,267879505,2058,4095,4095,0,1.00488,0.00000
534F4C31,29312,267884191,2059,4095,4095,0,1.00537,0.00000
534F4C31,29312,267886288,2056,4095,4095,0,1.00391,0.00000
534F4C31,29312,267888347,2053,4095,4095,0,1.00244,0.00000
534F4C31,29313,267891562,2057,4095,4095,0,1.00439,0.00000
534F4C31,29314,267896009,2055,4095,4095,0,1.00342,0.00000
534F4C31,29314,267899574,2064,4095,4095,0,1.00781,0.00000
534F4C31,29314,267904070,2055,4095,4095,0,1.00342,0.00000
534F4C31,29315,267906979,2058,4095,4095,0,1.00488,0.00000
534F4C31,29315,267911916,2059,4095,4095,0,1.00537,0.00000
534F4C31,29315,267914577,2051,4095,4095,0,1.00146,0.00000
534F4C31,29316,267917215,2057,4095,4095,0,1.00439,0.00000
534F4C31,29316,267920963,2054,4095,4095,0,1.00293,0.00000
534F4C31,29316,267924374,2050,4095,4095,0,1.00098,0.00000
534F4C31,29316,267926430,2054,4095,4095,0,1.00293,0.00000
534F4C31,29316,267929469,2060,4095,4095,0,1.00586,0.00000
534F4C31,29316,267931680,2052,4095,4095,0,1.00195,0.00000
534F4C31,29316,267933623,2063,4095,4095,0,1.00732,0.00000
534F4C31,29316,267935773,2053,4095,4095,0,1.00244,0.00000
534F4C31,29317,267938026,2052,4095,4095,0,1.00195,0.00000
534F4C31,29318,267941315,2058,4095,4095,0,1.00488,0.00000
534F4C31,29319,267945180,2060,4095,4095,0,1.00586,0.00000
534F4C31,29319,267951595,2063,4095,4095,0,1.00732,0.00000
534F4C31,29319,267954790,2058,4095,4095,0,1.00488,0.00000
534F4C31,29319,267956870,2062,4095,4095,0,1.00684,0.00000
534F4C31,29319,267958878,2053,4095,4095,0,1.00244,0.00000
534F4C31,29320,267961712,2054,4095,4095,0,1.00293,0.00000
534F4C31,29321,267966331,2060,4095,4095,0,1.00586,0.00000
534F4C31,29321,267968850,2059,4095,4095,0,1.00537,0.00000
534F4C31,29321,267972253,2057,4095,4095,0,1.00439,0.00000
534F4C31,29321,267977095,2057,4095,4095,0,1.00439,0.00000
534F4C31,29321,267979369,2056,4095,4095,0,1.00391,0.00000
534F4C31,29321,267981361,2058,4095,4095,0,1.00488,0.00000
534F4C31,29321,267984271,2059,4095,4095,0,1.00537,0.00000
534F4C31,29321,267986461,2058,4095,4095,0,1.00488,0.00000
534F4C31,29321,267988487,2055,4095,4095,0,1.00342,0.00000
534F4C31,29321,267990665,2058,4095,4095,0,1.00488,0.00000
534F4C31,29322,267992760,2057,4095,4095,0,1.00439,0.00000
534F4C31,29322,267997129,2065,4095,4095,0,1.00830,0.00000
534F4C31,29322,268000146,2058,4095,4095,0,1.00488,0.00000
534F4C31,29322,268002834,2062,4095,4095,0,1.00684,0.00000
534F4C31,29322,268005162,2055,4095,4095,0,1.00342,0.00000
534F4C31,29322,268007905,2060,4095,4095,0,1.00586,0.00000
534F4C31,29322,268010153,2061,4095,4095,0,1.00635,0.00000
534F4C31,29322,268012147,2057,4095,4095,0,1.00439,0.00000
534F4C31,29323,268015690,2061,4095,4095,0,1.00635,0.00000
534F4C31,29324,268019960,2049,4095,4095,0,1.00049,0.00000
534F4C31,29325,268026498,2058,4095,4095,0,1.00488,0.00000
534F4C31,29325,268030040,2050,4095,4095,0,1.00098,0.00000
534F4C31,29325,268035064,2053,4095,4095,0,1.00244,0.00000
534F4C31,29325,268037165,2059,4095,4095,0,1.00537,0.00000
534F4C31,29325,268039174,2057,4095,4095,0,1.00439,0.00000
534F4C31,29326,268042137,2063,4095,4095,0,1.00732,0.00000
534F4C31,29326,268045404,2056,4095,4095,0,1.00391,0.00000
534F4C31,29326,268048700,2063,4095,4095,0,1.00732,0.00000
534F4C31,29326,268051220,2058,4095,4095,0,1.00488,0.00000
534F4C31,29327,268054834,2052,4095,4095,0,1.00195,0.00000
534F4C31,29327,268059641,2058,4095,4095,0,1.00488,0.00000
534F4C31,29327,268061867,2069,4095,4095,0,1.01025,0.00000
534F4C31,29328,268064778,2054,4095,4095,0,1.00293,0.00000
534F4C31,29329,268069630,2055,4095,4095,0,1.00342,0.00000
534F4C31,29329,268073222,2056,4095,4095,0,1.00391,0.00000
534F4C31,29330,268077544,2052,4095,4095,0,1.00195,0.00000
534F4C31,29330,268080843,2059,4095,4095,0,1.00537,0.00000
534F4C31,29330,268084303,2060,4095,4095,0,1.00586,0.00000
534F4C31,29330,268086479,2057,4095,4095,0,1.00439,0.00000
534F4C31,29331,268090396,2060,4095,4095,0,1.00586,0.00000
534F4C31,29332,268094028,2056,4095,4095,0,1.00391,0.00000
534F4C31,29332,268099404,2063,4095,4095,0,1.00732,0.00000
534F4C31,29332,268101929,2054,4095,4095,0,1.00293,0.00000
534F4C31,29333,268104785,2056,4095,4095,0,1.00391,0.00000
534F4C31,29333,268110283,2059,4095,4095,0,1.00537,0.00000
534F4C31,29333,268112525,2056,4095,4095,0,1.00391,0.00000
534F4C31,29334,268115586,2055,4095,4095,0,1.00342,0.00000
534F4C31,29335,268120185,2059,4095,4095,0,1.00537,0.00000
534F4C31,29335,268124569,2055,4095,4095,0,1.00342,0.00000
534F4C31,29336,268128739,2061,4095,4095,0,1.00635,0.00000
534F4C31,29337,268133046,2061,4095,4095,0,1.00635,0.00000
534F4C31,29338,268136725,2059,4095,4095,0,1.00537,0.00000
534F4C31,29338,268140832,2060,4095,4095,0,1.00586,0.00000
534F4C31,29338,268143562,2063,4095,4095,0,1.00732,0.00000
534F4C31,29339,268148502,2060,4095,4095,0,1.00586,0.00000
534F4C31,29339,268151833,2056,4095,4095,0,1.00391,0.00000
534F4C31,29339,268156489,2058,4095,4095,0,1.00488,0.00000
534F4C31,29339,268159309,2062,4095,4095,0,1.00684,0.00000
534F4C31,29339,268162048,2059,4095,4095,0,1.00537,0.00000
534F4C31,29340,268165030,2059,4095,4095,0,1.00537,0.00000
534F4C31,29341,268169398,2056,4095,4095,0,1.00391,0.00000
534F4C31,29341,268174979,2055,4095,4095,0,1.00342,0.00000
534F4C31,29341,268177222,2060,4095,4095,0,1.00586,0.00000
534F4C31,29342,268180248,2056,4095,4095,0,1.00391,0.00000
534F4C31,29342,268183343,2064,4095,4095,0,1.00781,0.00000
534F4C31,29342,268187057,2059,4095,4095,0,1.00537,0.00000
534F4C31,29342,268189727,2058,4095,4095,0,1.00488,0.00000
534F4C31,29342,268191795,2056,4095,4095,0,1.00391,0.00000
534F4C31,29342,268194575,2060,4095,4095,0,1.00586,0.00000
534F4C31,29342,268196790,2056,4095,4095,0,1.00391,0.00000
534F4C31,29342,268198737,2061,4095,4095,0,1.00635,0.00000
534F4C31,29342,268200813,2056,4095,4095,0,1.00391,0.00000
534F4C31,29342,268202872,2056,4095,4095,0,1.00391,0.00000
534F4C31,29343,268205060,2059,4095,4095,0,1.00537,0.00000
534F4C31,29344,268208888,2054,4095,4095,0,1.00293,0.00000
534F4C31,29344,268213897,2061,4095,4095,0,1.00635,0.00000
534F4C31,29344,268216260,2057,4095,4095,0,1.00439,0.00000
534F4C31,29344,268218745,2049,4095,4095,0,1.00049,0.00000
534F4C31,29344,268221346,2058,4095,4095,0,1.00488,0.00000
534F4C31,29344,268223971,2058,4095,4095,0,1.00488,0.00000
534F4C31,29344,268226753,2053,4095,4095,0,1.00244,0.00000
534F4C31,29345,268229294,2056,4095,4095,0,1.00391,0.00000
534F4C31,29346,268233146,2061,4095,4095,0,1.00635,0.00000
534F4C31,29347,268235950,2059,4095,4095,0,1.00537,0.00000
534F4C31,29348,268239500,2058,4095,4095,0,1.00488,0.00000
534F4C31,29349,268242850,2060,4095,4095,0,1.00586,0.00000
534F4C31,29350,268246186,2058,4095,4095,0,1.00488,0.00000
534F4C31,29351,268249029,2055,4095,4095,0,1.00342,0.00000
534F4C31,29352,268252821,2058,4095,4095,0,1.00488,0.00000
534F4C31,29353,268256120,2057,4095,4095,0,1.00439,0.00000
534F4C31,29354,268259603,2062,4095,4095,0,1.00684,0.00000
534F4C31,29355,268263156,2061,4095,4095,0,1.00635,0.00000
534F4C31,29356,268267005,2061,4095,4095,0,1.00635,0.00000
534F4C31,29357,268270377,2058,4095,4095,0,1.00488,0.00000
534F4C31,29358,268274296,2050,4095,4095,0,1.00098,0.00000
534F4C31,29359,268277716,2061,4095,4095,0,1.00635,0.00000
534F4C31,29360,268285051,2054,4095,4095,0,1.00293,0.00000
534F4C31,29360,268288870,2061,4095,4095,0,1.00635,0.00000
534F4C31,29361,268292639,2057,4095,4095,0,1.00439,0.00000
534F4C31,29361,268297039,2054,4095,4095,0,1.00293,0.00000
534F4C31,29361,268299347,2055,4095,4095,0,1.00342,0.00000
534F4C31,29361,268303466,2063,4095,4095,0,1.00732,0.00000
534F4C31,29361,268306278,2060,4095,4095,0,1.00586,0.00000
534F4C31,29361,268308432,2057,4095,4095,0,1.00439,0.00000
534F4C31,29361,268311327,2057,4095,4095,0,1.00439,0.00000
534F4C31,29361,268313526,2059,4095,4095,0,1.00537,0.00000
534F4C31,29361,268315561,2054,4095,4095,0,1.00293,0.00000
534F4C31,29361,268317672,2061,4095,4095,0,1.00635,0.00000
534F4C31,29361,268319697,2050,4095,4095,0,1.00098,0.00000
534F4C31,29361,268321798,2060,4095,4095,0,1.00586,0.00000
534F4C31,29362,268323963,2062,4095,4095,0,1.00684,0.00000
534F4C31,29363,268328243,2061,4095,4095,0,1.00635,0.00000
534F4C31,29363,268331833,2056,4095,4095,0,1.00391,0.00000
534F4C31,29363,268336155,2054,4095,4095,0,1.00293,0.00000
534F4C31,29364,268339002,2059,4095,4095,0,1.00537,0.00000
534F4C31,29365,268344155,2062,4095,4095,0,1.00684,0.00000
534F4C31,29366,268347825,2056,4095,4095,0,1.00391,0.00000
534F4C31,29366,268352293,2057,4095,4095,0,1.00439,0.00000
534F4C31,29366,268356069,2062,4095,4095,0,1.00684,0.00000
534F4C31,29367,268358996,2055,4095,4095,0,1.00342,0.00000
534F4C31,29367,268365239,2055,4095,4095,0,1.00342,0.00000
534F4C31,29367,268367408,2061,4095,4095,0,1.00635,0.00000
534F4C31,29367,268369470,2053,4095,4095,0,1.00244,0.00000
534F4C31,29367,268371501,2059,4095,4095,0,1.00537,0.00000
534F4C31,29367,268374275,2058,4095,4095,0,1.00488,0.00000
534F4C31,29367,268376681,2056,4095,4095,0,1.00391,0.00000
534F4C31,29367,268378704,2061,4095,4095,0,1.00635,0.00000
534F4C31,29367,268380827,2050,4095,4095,0,1.00098,0.00000
534F4C31,29368,268382950,2060,4095,4095,0,1.00586,0.00000
534F4C31,29368,268387418,2057,4095,4095,0,1.00439,0.00000
534F4C31,29368,268390514,2051,4095,4095,0,1.00146,0.00000
534F4C31,29368,268393258,2052,4095,4095,0,1.00195,0.00000
534F4C31,29368,268395507,2060,4095,4095,0,1.00586,0.00000
534F4C31,29369,268397556,2055,4095,4095,0,1.00342,0.00000
534F4C31,29369,268401795,2058,4095,4095,0,1.00488,0.00000
534F4C31,29369,268404604,2053,4095,4095,0,1.00244,0.00000
534F4C31,29370,268408298,2062,4095,4095,0,1.00684,0.00000
534F4C31,29371,268411654,2057,4095,4095,0,1.00439,0.00000
534F4C31,29371,268415254,2061,4095,4095,0,1.00635,0.00000
534F4C31,29371,268417740,2060,4095,4095,0,1.00586,0.00000
534F4C31,29371,268420024,2056,4095,4095,0,1.00391,0.00000
534F4C31,29371,268422537,2061,4095,4095,0,1.00635,0.00000
534F4C31,29371,268424774,2053,4095,4095,0,1.00244,0.00000
534F4C31,29371,268426791,2057,4095,4095,0,1.00439,0.00000
534F4C31,29371,268428817,2054,4095,4095,0,1.00293,0.00000
534F4C31,29371,268430965,2064,4095,4095,0,1.00781,0.00000
534F4C31,29371,268433095,2059,4095,4095,0,1.00537,0.00000
534F4C31,29372,268435204,2051,4095,4095,0,1.00146,0.00000
534F4C31,29373,268438651,2062,4095,4095,0,1.00684,0.00000
534F4C31,29373,268442137,2060,4095,4095,0,1.00586,0.00000
534F4C31,29373,268444406,2056,4095,4095,0,1.00391,0.00000
534F4C31,29374,268447621,2059,4095,4095,0,1.00537,0.00000
534F4C31,29374,268451319,2063,4095,4095,0,1.00732,0.00000
534F4C31,29374,268454073,2056,4095,4095,0,1.00391,0.00000
534F4C31,29374,268456746,2054,4095,4095,0,1.00293,0.00000
534F4C31,29374,268459036,2061,4095,4095,0,1.00635,0.00000
534F4C31,29374,268461472,2059,4095,4095,0,1.00537,0.00000
534F4C31,29374,268463656,2057,4095,4095,0,1.00439,0.00000
534F4C31,29374,268465609,2061,4095,4095,0,1.00635,0.00000
534F4C31,29374,268467809,2057,4095,4095,0,1.00439,0.00000
534F4C31,29374,268470122,2060,4095,4095,0,1.00586,0.00000
534F4C31,29374,268472221,2054,4095,4095,0,1.00293,0.00000
534F4C31,29374,268474250,2053,4095,4095,0,1.00244,0.00000
534F4C31,29375,268476290,2055,4095,4095,0,1.00342,0.00000
534F4C31,29376,268479828,2055,4095,4095,0,1.00342,0.00000
534F4C31,29377,268483231,2053,4095,4095,0,1.00244,0.00000
534F4C31,29378,268487685,2055,4095,4095,0,1.00342,0.00000
534F4C31,29379,268491234,2061,4095,4095,0,1.00635,0.00000
534F4C31,29380,268495434,2056,4095,4095,0,1.00391,0.00000
534F4C31,29381,268500037,2060,4095,4095,0,1.00586,0.00000
534F4C31,29382,268503983,2059,4095,4095,0,1.00537,0.00000
534F4C31,29383,268507505,2063,4095,4095,0,1.00732,0.00000
534F4C31,29384,268511249,2057,4095,4095,0,1.00439,0.00000
534F4C31,29385,268515098,2063,4095,4095,0,1.00732,0.00000
534F4C31,29386,268519151,2057,4095,4095,0,1.00439,0.00000
534F4C31,29387,268523351,2052,4095,4095,0,1.00195,0.00000
534F4C31,29387,268527382,2061,4095,4095,0,1.00635,0.00000
534F4C31,29387,268530096,2059,4095,4095,0,1.00537,0.00000
534F4C31,29388,268534547,2061,4095,4095,0,1.00635,0.00000
534F4C31,29389,268538052,2056,4095,4095,0,1.00391,0.00000
534F4C31,29390,268544442,2062,4095,4095,0,1.00684,0.00000
534F4C31,29391,268549617,2055,4095,4095,0,1.00342,0.00000
534F4C31,29392,268553017,2050,4095,4095,0,1.00098,0.00000
534F4C31,29393,268559582,2056,4095,4095,0,1.00391,0.00000
534F4C31,29394,268563472,2063,4095,4095,0,1.00732,0.00000
534F4C31,29395,268566351,2059,4095,4095,0,1.00537,0.00000
534F4C31,29396,268570041,2055,4095,4095,0,1.00342,0.00000
534F4C31,29397,268579850,2057,4095,4095,0,1.00439,0.00000
534F4C31,29398,268583317,2062,4095,4095,0,1.00684,0.00000
534F4C31,29398,268589167,2056,4095,4095,0,1.00391,0.00000
534F4C31,29398,268592128,2059,4095,4095,0,1.00537,0.00000
534F4C31,29399,268594939,2053,4095,4095,0,1.00244,0.00000
534F4C31,29399,268599103,2059,4095,4095,0,1.00537,0.00000
534F4C31,29399,268601638,2061,4095,4095,0,1.00635,0.00000
534F4C31,29399,268604304,2057,4095,4095,0,1.00439,0.00000
534F4C31,29399,268606508,2055,4095,4095,0,1.00342,0.00000
534F4C31,29399,268609148,2061,4095,4095,0,1.00635,0.00000
534F4C31,29399,268611240,2055,4095,4095,0,1.00342,0.00000
534F4C31,29399,268613331,2055,4095,4095,0,1.00342,0.00000
534F4C31,29399,268615327,2054,4095,4095,0,1.00293,0.00000
534F4C31,29399,268617390,2054,4095,4095,0,1.00293,0.00000
534F4C31,29399,268619449,2065,4095,4095,0,1.00830,0.00000
534F4C31,29399,268621531,2057,4095,4095,0,1.00439,0.00000
534F4C31,29400,268623606,2059,4095,4095,0,1.00537,0.00000
534F4C31,29400,268627866,2047,4095,4095,0,0.99951,0.00000
534F4C31,29400,268630105,2059,4095,4095,0,1.00537,0.00000
534F4C31,29400,268632721,2063,4095,4095,0,1.00732,0.00000
534F4C31,29400,268635495,2056,4095,4095,0,1.00391,0.00000
534F4C31,29400,268637732,2055,4095,4095,0,1.00342,0.00000
534F4C31,29400,268639749,2064,4095,4095,0,1.00781,0.00000
534F4C31,29400,268641798,2052,4095,4095,0,1.00195,0.00000
534F4C31,29400,268643843,2058,4095,4095,0,1.00488,0.00000
534F4C31,29400,268645920,2055,4095,4095,0,1.00342,0.00000
534F4C31,29400,268647941,2056,4095,4095,0,1.00391,0.00000
534F4C31,29400,268650076,2061,4095,4095,0,1.00635,0.00000
534F4C31,29400,268652212,2057,4095,4095,0,1.00439,0.00000
534F4C31,29400,268654286,2055,4095,4095,0,1.00342,0.00000
534F4C31,29400,268656328,2063,4095,4095,0,1.00732,0.00000
534F4C31,29400,268658326,2059,4095,4095,0,1.00537,0.00000
534F4C31,29400,268660304,2055,4095,4095,0,1.00342,0.00000
534F4C31,29400,268662386,2060,4095,4095,0,1.00586,0.00000
534F4C31,29400,268664808,2055,4095,4095,0,1.00342,0.00000
534F4C31,29400,268666911,2061,4095,4095,0,1.00635,0.00000
534F4C31,29400,268669165,2052,4095,4095,0,1.00195,0.00000
534F4C31,29400,268671299,2061,4095,4095,0,1.00635,0.00000
534F4C31,29400,268673271,2054,4095,4095,0,1.00293,0.00000
534F4C31,29400,268675088,2059,4095,4095,0,1.00537,0.00000
534F4C31,29400,268677054,2056,4095,4095,0,1.00391,0.00000
534F4C31,29400,268679158,2064,4095,4095,0,1.00781,0.00000
534F4C31,29400,268681190,2051,4095,4095,0,1.00146,0.00000
534F4C31,29400,268683299,2059,4095,4095,0,1.00537,0.00000
534F4C31,29401,268685361,2059,4095,4095,0,1.00537,0.00000
534F4C31,29401,268689722,2057,4095,4095,0,1.00439,0.00000
534F4C31,29401,268691964,2051,4095,4095,0,1.00146,0.00000
534F4C31,29401,268694006,2059,4095,4095,0,1.00537,0.00000
534F4C31,29401,268696968,2058,4095,4095,0,1.00488,0.00000
534F4C31,29401,268699288,2059,4095,4095,0,1.00537,0.00000
534F4C31,29401,268701169,2063,4095,4095,0,1.00732,0.00000
534F4C31,29401,268703068,2057,4095,4095,0,1.00439,0.00000
534F4C31,29401,268705120,2062,4095,4095,0,1.00684,0.00000
534F4C31,29401,268707043,2051,4095,4095,0,1.00146,0.00000
534F4C31,29401,268708971,2059,4095,4095,0,1.00537,0.00000
534F4C31,29401,268711021,2059,4095,4095,0,1.00537,0.00000
534F4C31,29401,268713057,2063,4095,4095,0,1.00732,0.00000
534F4C31,29401,268715124,2057,4095,4095,0,1.00439,0.00000
534F4C31,29401,268717267,2065,4095,4095,0,1.00830,0.00000
534F4C31,29401,268719176,2054,4095,4095,0,1.00293,0.00000
534F4C31,29401,268721131,2057,4095,4095,0,1.00439,0.00000
534F4C31,29401,268723235,2055,4095,4095,0,1.00342,0.00000
534F4C31,29401,268725261,2060,4095,4095,0,1.00586,0.00000
534F4C31,29401,268727406,2054,4095,4095,0,1.00293,0.00000
534F4C31,29402,268729496,2055,4095,4095,0,1.00342,0.00000
534F4C31,29402,268733545,2051,4095,4095,0,1.00146,0.00000
534F4C31,29402,268735847,2057,4095,4095,0,1.00439,0.00000
534F4C31,29402,268737820,2059,4095,4095,0,1.00537,0.00000
534F4C31,29402,268739847,2054,4095,4095,0,1.00293,0.00000
534F4C31,29402,268743137,2056,4095,4095,0,1.00391,0.00000
534F4C31,29402,268745286,2060,4095,4095,0,1.00586,0.00000
534F4C31,29402,268747400,2056,4095,4095,0,1.00391,0.00000
534F4C31,29402,268749444,2058,4095,4095,0,1.00488,0.00000
534F4C31,29402,268751522,2054,4095,4095,0,1.00293,0.00000
534F4C31,29402,268753577,2056,4095,4095,0,1.00391,0.00000
534F4C31,29402,268755696,2055,4095,4095,0,1.00342,0.00000
534F4C31,29403,268757932,2054,4095,4095,0,1.00293,0.00000
534F4C31,29403,268761884,2058,4095,4095,0,1.00488,0.00000
534F4C31,29403,268764059,2063,4095,4095,0,1.00732,0.00000
534F4C31,29403,268766038,2050,4095,4095,0,1.00098,0.00000
534F4C31,29403,268769199,2064,4095,4095,0,1.00781,0.00000
534F4C31,29403,268771539,2061,4095,4095,0,1.00635,0.00000
534F4C31,29403,268773845,2054,4095,4095,0,1.00293,0.00000
534F4C31,29403,268775917,2058,4095,4095,0,1.00488,0.00000
534F4C31,29403,268777993,2053,4095,4095,0,1.00244,0.00000
534F4C31,29403,268780038,2057,4095,4095,0,1.00439,0.00000
534F4C31,29403,268782244,2060,4095,4095,0,1.00586,0.00000
534F4C31,29404,268784363,2065,4095,4095,0,1.00830,0.00000
534F4C31,29404,268787514,2054,4095,4095,0,1.00293,0.00000
534F4C31,29405,268790545,2058,4095,4095,0,1.00488,0.00000
534F4C31,29406,268794558,2056,4095,4095,0,1.00391,0.00000
534F4C31,29407,268797716,2053,4095,4095,0,1.00244,0.00000
534F4C31,29408,268804272,2063,4095,4095,0,1.00732,0.00000
534F4C31,29408,268810409,2061,4095,4095,0,1.00635,0.00000
534F4C31,29408,268812513,2056,4095,4095,0,1.00391,0.00000
534F4C31,29408,268814587,2059,4095,4095,0,1.00537,0.00000
534F4C31,29408,268817607,2052,4095,4095,0,1.00195,0.00000
534F4C31,29409,268819818,2055,4095,4095,0,1.00342,0.00000
534F4C31,29410,268823967,2061,4095,4095,0,1.00635,0.00000
534F4C31,29410,268827929,2055,4095,4095,0,1.00342,0.00000
534F4C31,29410,268831148,2059,4095,4095,0,1.00537,0.00000
534F4C31,29411,268835146,2054,4095,4095,0,1.00293,0.00000
534F4C31,29411,268838496,2063,4095,4095,0,1.00732,0.00000
534F4C31,29411,268842603,2060,4095,4095,0,1.00586,0.00000
534F4C31,29411,268844716,2058,4095,4095,0,1.00488,0.00000
534F4C31,29411,268847151,2049,4095,4095,0,1.00049,0.00000
534F4C31,29412,268849381,2060,4095,4095,0,1.00586,0.00000
534F4C31,29412,268854616,2059,4095,4095,0,1.00537,0.00000
534F4C31,29412,268856790,2059,4095,4095,0,1.00537,0.00000
534F4C31,29412,268858740,2055,4095,4095,0,1.00342,0.00000
534F4C31,29412,268861727,2057,4095,4095,0,1.00439,0.00000
534F4C31,29413,268864145,2052,4095,4095,0,1.00195,0.00000
534F4C31,29414,268867481,2058,4095,4095,0,1.00488,0.00000
534F4C31,29414,268872944,2059,4095,4095,0,1.00537,0.00000
534F4C31,29414,268875939,2054,4095,4095,0,1.00293,0.00000
534F4C31,29414,268879873,2057,4095,4095,0,1.00439,0.00000
534F4C31,29414,268882152,2053,4095,4095,0,1.00244,0.00000
534F4C31,29414,268884056,2057,4095,4095,0,1.00439,0.00000
534F4C31,29415,268886956,2058,4095,4095,0,1.00488,0.00000
534F4C31,29415,268890841,2056,4095,4095,0,1.00391,0.00000
534F4C31,29415,268893518,2051,4095,4095,0,1.00146,0.00000
534F4C31,29416,268896185,2062,4095,4095,0,1.00684,0.00000
534F4C31,29416,268898157,2053,4095,4095,0,1.00244,0.00000
534F4C31,29416,268903429,2059,4095,4095,0,1.00537,0.00000
534F4C31,29416,268905742,2055,4095,4095,0,1.00342,0.00000
534F4C31,29416,268908814,2061,4095,4095,0,1.00635,0.00000
534F4C31,29416,268911104,2057,4095,4095,0,1.00439,0.00000
534F4C31,29417,268913281,2056,4095,4095,0,1.00391,0.00000
534F4C31,29418,268916520,2063,4095,4095,0,1.00732,0.00000
534F4C31,29418,268920797,2058,4095,4095,0,1.00488,0.00000
534F4C31,29418,268925703,2059,4095,4095,0,1.00537,0.00000
534F4C31,29418,268927988,2061,4095,4095,0,1.00635,0.00000
534F4C31,29418,268930909,2055,4095,4095,0,1.00342,0.00000
534F4C31,29418,268933197,2056,4095,4095,0,1.00391,0.00000
534F4C31,29418,268935276,2062,4095,4095,0,1.00684,0.00000
534F4C31,29418,268937220,2051,4095,4095,0,1.00146,0.00000
534F4C31,29419,268939357,2059,4095,4095,0,1.00537,0.00000
534F4C31,29419,268943506,2053,4095,4095,0,1.00244,0.00000
534F4C31,29419,268945908,2056,4095,4095,0,1.00391,0.00000
534F4C31,29419,268947924,2056,4095,4095,0,1.00391,0.00000
534F4C31,29420,268950989,2061,4095,4095,0,1.00635,0.00000
534F4C31,29420,268956282,2057,4095,4095,0,1.00439,0.00000
534F4C31,29420,268958643,2057,4095,4095,0,1.00439,0.00000
534F4C31,29421,268960708,2055,4095,4095,0,1.00342,0.00000
534F4C31,29422,268966523,2051,4095,4095,0,1.00146,0.00000
534F4C31,29422,268970150,2059,4095,4095,0,1.00537,0.00000
534F4C31,29422,268974678,2060,4095,4095,0,1.00586,0.00000
534F4C31,29422,268977686,2054,4095,4095,0,1.00293,0.00000
534F4C31,29422,268979885,2058,4095,4095,0,1.00488,0.00000
534F4C31,29423,268982697,2063,4095,4095,0,1.00732,0.00000
534F4C31,29424,268986885,2061,4095,4095,0,1.00635,0.00000
534F4C31,29425,268990310,2060,4095,4095,0,1.00586,0.00000
534F4C31,29425,268994564,2058,4095,4095,0,1.00488,0.00000
534F4C31,29425,268998338,2057,4095,4095,0,1.00439,0.00000
534F4C31,29425,269000654,2060,4095,4095,0,1.00586,0.00000
534F4C31,29425,269002714,2056,4095,4095,0,1.00391,0.00000
534F4C31,29425,269005337,2061,4095,4095,0,1.00635,0.00000
534F4C31,29426,269008852,2051,4095,4095,0,1.00146,0.00000
534F4C31,29426,269012488,2060,4095,4095,0,1.00586,0.00000
534F4C31,29426,269014497,2056,4095,4095,0,1.00391,0.00000
534F4C31,29427,269017174,2060,4095,4095,0,1.00586,0.00000
534F4C31,29427,269022426,2062,4095,4095,0,1.00684,0.00000
534F4C31,29427,269024813,2058,4095,4095,0,1.00488,0.00000
534F4C31,29427,269026765,2058,4095,4095,0,1.00488,0.00000
534F4C31,29427,269030254,2055,4095,4095,0,1.00342,0.00000
534F4C31,29427,269032555,2060,4095,4095,0,1.00586,0.00000
534F4C31,29427,269034576,2053,4095,4095,0,1.00244,0.00000
534F4C31,29427,269036683,2058,4095,4095,0,1.00488,0.00000
534F4C31,29428,269038752,2057,4095,4095,0,1.00439,0.00000
534F4C31,29429,269043332,2056,4095,4095,0,1.00391,0.00000
534F4C31,29430,269046661,2056,4095,4095,0,1.00391,0.00000
534F4C31,29431,269050054,2060,4095,4095,0,1.00586,0.00000
534F4C31,29432,269055193,2062,4095,4095,0,1.00684,0.00000
534F4C31,29432,269060656,2062,4095,4095,0,1.00684,0.00000
534F4C31,29433,269062941,2056,4095,4095,0,1.00391,0.00000
534F4C31,29434,269065086,2051,4095,4095,0,1.00146,0.00000
534F4C31,29435,269070674,2057,4095,4095,0,1.00439,0.00000
534F4C31,29435,269077079,2055,4095,4095,0,1.00342,0.00000
534F4C31,29435,269080328,2056,4095,4095,0,1.00391,0.00000
534F4C31,29435,269082483,2058,4095,4095,0,1.00488,0.00000
534F4C31,29435,269085575,2059,4095,4095,0,1.00537,0.00000
534F4C31,29435,269087984,2059,4095,4095,0,1.00537,0.00000
534F4C31,29435,269089978,2062,4095,4095,0,1.00684,0.00000
534F4C31,29435,269092037,2051,4095,4095,0,1.00146,0.00000
534F4C31,29435,269094038,2062,4095,4095,0,1.00684,0.00000
534F4C31,29435,269096251,2059,4095,4095,0,1.00537,0.00000
534F4C31,29435,269098328,2064,4095,4095,0,1.00781,0.00000
534F4C31,29435,269100503,2055,4095,4095,0,1.00342,0.00000
534F4C31,29436,269102631,2060,4095,4095,0,1.00586,0.00000
534F4C31,29436,269106433,2060,4095,4095,0,1.00586,0.00000
534F4C31,29436,269108733,2059,4095,4095,0,1.00537,0.00000
534F4C31,29436,269110760,2052,4095,4095,0,1.00195,0.00000
534F4C31,29437,269113930,2059,4095,4095,0,1.00537,0.00000
534F4C31,29437,269118475,2058,4095,4095,0,1.00488,0.00000
534F4C31,29437,269120825,2061,4095,4095,0,1.00635,0.00000
534F4C31,29437,269123625,2057,4095,4095,0,1.00439,0.00000
534F4C31,29437,269125933,2059,4095,4095,0,1.00537,0.00000
534F4C31,29437,269128040,2059,4095,4095,0,1.00537,0.00000
534F4C31,29437,269130016,2057,4095,4095,0,1.00439,0.00000
534F4C31,29437,269131966,2057,4095,4095,0,1.00439,0.00000
534F4C31,29438,269134006,2057,4095,4095,0,1.00439,0.00000
534F4C31,29439,269137615,2058,4095,4095,0,1.00488,0.00000
534F4C31,29440,269142010,2060,4095,4095,0,1.00586,0.00000
534F4C31,29441,269147890,2055,4095,4095,0,1.00342,0.00000
534F4C31,29441,269151276,2055,4095,4095,0,1.00342,0.00000
534F4C31,29441,269155475,2057,4095,4095,0,1.00439,0.00000
534F4C31,29442,269158251,2055,4095,4095,0,1.00342,0.00000
534F4C31,29443,269162217,2059,4095,4095,0,1.00537,0.00000
534F4C31,29443,269166545,2062,4095,4095,0,1.00684,0.00000
534F4C31,29443,269169561,2058,4095,4095,0,1.00488,0.00000
534F4C31,29444,269172575,2064,4095,4095,0,1.00781,0.00000
534F4C31,29444,269177580,2058,4095,4095,0,1.00488,0.00000
534F4C31,29444,269179767,2061,4095,4095,0,1.00635,0.00000
534F4C31,29444,269181948,2055,4095,4095,0,1.00342,0.00000
534F4C31,29444,269184705,2058,4095,4095,0,1.00488,0.00000
534F4C31,29444,269187782,2057,4095,4095,0,1.00439,0.00000
534F4C31,29444,269189845,2061,4095,4095,0,1.00635,0.00000
534F4C31,29444,269191868,2065,4095,4095,0,1.00830,0.00000
534F4C31,29444,269193987,2050,4095,4095,0,1.00098,0.00000
534F4C31,29444,269196120,2054,4095,4095,0,1.00293,0.00000
534F4C31,29444,269198202,2058,4095,4095,0,1.00488,0.00000
534F4C31,29444,269200272,2061,4095,4095,0,1.00635,0.00000
534F4C31,29445,269202266,2058,4095,4095,0,1.00488,0.00000
534F4C31,29446,269207025,2047,4095,4095,0,0.99951,0.00000
534F4C31,29447,269211365,2061,4095,4095,0,1.00635,0.00000
534F4C31,29448,269216539,2054,4095,4095,0,1.00293,0.00000
534F4C31,29448,269221163,2061,4095,4095,0,1.00635,0.00000
534F4C31,29448,269225195,2057,4095,4095,0,1.00439,0.00000
534F4C31,29448,269227367,2054,4095,4095,0,1.00293,0.00000
534F4C31,29448,269230225,2064,4095,4095,0,1.00781,0.00000
534F4C31,29449,269232438,2058,4095,4095,0,1.00488,0.00000
534F4C31,29449,269236403,2056,4095,4095,0,1.00391,0.00000
534F4C31,29449,269239128,2059,4095,4095,0,1.00537,0.00000
534F4C31,29450,269241214,2058,4095,4095,0,1.00488,0.00000
534F4C31,29450,269247126,2058,4095,4095,0,1.00488,0.00000
534F4C31,29450,269249329,2058,4095,4095,0,1.00488,0.00000
534F4C31,29451,269252499,2057,4095,4095,0,1.00439,0.00000
534F4C31,29451,269257049,2058,4095,4095,0,1.00488,0.00000
534F4C31,29451,269259313,2051,4095,4095,0,1.00146,0.00000
534F4C31,29452,269262304,2060,4095,4095,0,1.00586,0.00000
534F4C31,29452,269266083,2061,4095,4095,0,1.00635,0.00000
534F4C31,29452,269269627,2059,4095,4095,0,1.00537,0.00000
534F4C31,29452,269272346,2059,4095,4095,0,1.00537,0.00000
534F4C31,29452,269274555,2059,4095,4095,0,1.00537,0.00000
534F4C31,29452,269276616,2063,4095,4095,0,1.00732,0.00000
534F4C31,29452,269279737,2049,4095,4095,0,1.00049,0.00000
534F4C31,29452,269281913,2053,4095,4095,0,1.00244,0.00000
534F4C31,29453,269283950,2062,4095,4095,0,1.00684,0.00000
534F4C31,29454,269288059,2057,4095,4095,0,1.00439,0.00000
534F4C31,29455,269291627,2058,4095,4095,0,1.00488,0.00000
534F4C31,29456,269295605,2057,4095,4095,0,1.00439,0.00000
534F4C31,29457,269299263,2055,4095,4095,0,1.00342,0.00000
534F4C31,29458,269304626,2060,4095,4095,0,1.00586,0.00000
534F4C31,29458,269308636,2061,4095,4095,0,1.00635,0.00000
534F4C31,29458,269313471,2058,4095,4095,0,1.00488,0.00000
534F4C31,29458,269315613,2062,4095,4095,0,1.00684,0.00000
534F4C31,29458,269318421,2052,4095,4095,0,1.00195,0.00000
534F4C31,29459,269320837,2059,4095,4095,0,1.00537,0.00000
534F4C31,29460,269325177,2059,4095,4095,0,1.00537,0.00000
534F4C31,29460,269329337,2058,4095,4095,0,1.00488,0.00000
534F4C31,29460,269332964,2060,4095,4095,0,1.00586,0.00000
534F4C31,29460,269335791,2058,4095,4095,0,1.00488,0.00000
534F4C31,29460,269338901,2062,4095,4095,0,1.00684,0.00000
534F4C31,29460,269340868,2056,4095,4095,0,1.00391,0.00000
534F4C31,29460,269342690,2062,4095,4095,0,1.00684,0.00000
534F4C31,29460,269344866,2050,4095,4095,0,1.00098,0.00000
534F4C31,29460,269347002,2061,4095,4095,0,1.00635,0.00000
534F4C31,29460,269349065,2055,4095,4095,0,1.00342,0.00000
534F4C31,29460,269351152,2063,4095,4095,0,1.00732,0.00000
534F4C31,29460,269353243,2057,4095,4095,0,1.00439,0.00000
534F4C31,29460,269355288,2061,4095,4095,0,1.00635,0.00000
534F4C31,29460,269357439,2057,4095,4095,0,1.00439,0.00000
534F4C31,29460,269359534,2054,4095,4095,0,1.00293,0.00000
534F4C31,29461,269361493,2059,4095,4095,0,1.00537,0.00000
534F4C31,29462,269366001,2057,4095,4095,0,1.00439,0.00000
534F4C31,29463,269369498,2060,4095,4095,0,1.00586,0.00000
534F4C31,29464,269373367,2057,4095,4095,0,1.00439,0.00000
534F4C31,29465,269379170,2065,4095,4095,0,1.00830,0.00000
534F4C31,29465,269383351,2061,4095,4095,0,1.00635,0.00000
534F4C31,29465,269388069,2057,4095,4095,0,1.00439,0.00000
534F4C31,29465,269390657,2055,4095,4095,0,1.00342,0.00000
534F4C31,29465,269392932,2061,4095,4095,0,1.00635,0.00000
534F4C31,29466,269395657,2051,4095,4095,0,1.00146,0.00000
534F4C31,29466,269400353,2062,4095,4095,0,1.00684,0.00000
534F4C31,29466,269402537,2056,4095,4095,0,1.00391,0.00000
534F4C31,29466,269404521,2058,4095,4095,0,1.00488,0.00000
534F4C31,29466,269406701,2054,4095,4095,0,1.00293,0.00000
534F4C31,29466,269408593,2056,4095,4095,0,1.00391,0.00000
534F4C31,29466,269411724,2054,4095,4095,0,1.00293,0.00000
534F4C31,29466,269413779,2053,4095,4095,0,1.00244,0.00000
534F4C31,29466,269415872,2059,4095,4095,0,1.00537,0.00000
534F4C31,29466,269417983,2054,4095,4095,0,1.00293,0.00000
534F4C31,29467,269420097,2060,4095,4095,0,1.00586,0.00000
534F4C31,29468,269424203,2059,4095,4095,0,1.00537,0.00000
534F4C31,29469,269427698,2055,4095,4095,0,1.00342,0.00000
534F4C31,29470,269433893,2056,4095,4095,0,1.00391,0.00000
534F4C31,29470,269439668,2054,4095,4095,0,1.00293,0.00000
534F4C31,29471,269441855,2051,4095,4095,0,1.00146,0.00000
534F4C31,29472,269445020,2059,4095,4095,0,1.00537,0.00000
534F4C31,29472,269448973,2063,4095,4095,0,1.00732,0.00000
534F4C31,29472,269452442,2058,4095,4095,0,1.00488,0.00000
534F4C31,29472,269456798,2059,4095,4095,0,1.00537,0.00000
534F4C31,29473,269459136,2060,4095,4095,0,1.00586,0.00000
534F4C31,29473,269464513,2053,4095,4095,0,1.00244,0.00000
534F4C31,29473,269468132,2066,4095,4095,0,1.00879,0.00000
534F4C31,29473,269471358,2058,4095,4095,0,1.00488,0.00000
534F4C31,29473,269473418,2049,4095,4095,0,1.00049,0.00000
534F4C31,29473,269476539,2055,4095,4095,0,1.00342,0.00000
534F4C31,29473,269478713,2060,4095,4095,0,1.00586,0.00000
534F4C31,29473,269480697,2059,4095,4095,0,1.00537,0.00000
534F4C31,29473,269482736,2063,4095,4095,0,1.00732,0.00000
534F4C31,29473,269485179,2052,4095,4095,0,1.00195,0.00000
534F4C31,29473,269487446,2061,4095,4095,0,1.00635,0.00000
534F4C31,29474,269489576,2058,4095,4095,0,1.00488,0.00000
534F4C31,29475,269493842,2055,4095,4095,0,1.00342,0.00000
534F4C31,29476,269497580,2050,4095,4095,0,1.00098,0.00000
534F4C31,29477,269503600,2052,4095,4095,0,1.00195,0.00000
534F4C31,29477,269506904,2060,4095,4095,0,1.00586,0.00000
534F4C31,29477,269509243,2058,4095,4095,0,1.00488,0.00000
534F4C31,29478,269512131,2060,4095,4095,0,1.00586,0.00000
534F4C31,29478,269517417,2055,4095,4095,0,1.00342,0.00000
534F4C31,29478,269519696,2049,4095,4095,0,1.00049,0.00000
534F4C31,29479,269522643,2053,4095,4095,0,1.00244,0.00000
534F4C31,29480,269526990,2062,4095,4095,0,1.00684,0.00000
534F4C31,29481,269530779,2059,4095,4095,0,1.00537,0.00000
534F4C31,29481,269535713,2051,4095,4095,0,1.00146,0.00000
534F4C31,29481,269539227,2056,4095,4095,0,1.00391,0.00000
534F4C31,29481,269541282,2060,4095,4095,0,1.00586,0.00000
534F4C31,29481,269543390,2057,4095,4095,0,1.00439,0.00000
534F4C31,29482,269546453,2050,4095,4095,0,1.00098,0.00000
534F4C31,29482,269551005,2055,4095,4095,0,1.00342,0.00000
534F4C31,29482,269553189,2061,4095,4095,0,1.00635,0.00000
534F4C31,29482,269555935,2053,4095,4095,0,1.00244,0.00000
534F4C31,29482,269558222,2053,4095,4095,0,1.00244,0.00000
534F4C31,29482,269560144,2061,4095,4095,0,1.00635,0.00000
534F4C31,29482,269562274,2057,4095,4095,0,1.00439,0.00000
534F4C31,29482,269564405,2064,4095,4095,0,1.00781,0.00000
534F4C31,29482,269566521,2052,4095,4095,0,1.00195,0.00000
534F4C31,29482,269568722,2059,4095,4095,0,1.00537,0.00000
534F4C31,29482,269570767,2055,4095,4095,0,1.00342,0.00000
534F4C31,29482,269572827,2063,4095,4095,0,1.00732,0.00000
534F4C31,29482,269574881,2057,4095,4095,0,1.00439,0.00000
534F4C31,29483,269577150,2056,4095,4095,0,1.00391,0.00000
534F4C31,29484,269581424,2057,4095,4095,0,1.00439,0.00000
534F4C31,29485,269584956,2056,4095,4095,0,1.00391,0.00000
534F4C31,29486,269590978,2065,4095,4095,0,1.00830,0.00000
534F4C31,29486,269594003,2053,4095,4095,0,1.00244,0.00000
534F4C31,29486,269598267,2055,4095,4095,0,1.00342,0.00000
534F4C31,29486,269600506,2056,4095,4095,0,1.00391,0.00000
534F4C31,29486,269603362,2053,4095,4095,0,1.00244,0.00000
534F4C31,29486,269606355,2059,4095,4095,0,1.00537,0.00000
534F4C31,29486,269608487,2054,4095,4095,0,1.00293,0.00000
534F4C31,29486,269610532,2062,4095,4095,0,1.00684,0.00000
534F4C31,29486,269612605,2056,4095,4095,0,1.00391,0.00000
534F4C31,29486,269614633,2059,4095,4095,0,1.00537,0.00000
534F4C31,29487,269616804,2053,4095,4095,0,1.00244,0.00000
534F4C31,29488,269620619,2061,4095,4095,0,1.00635,0.00000
534F4C31,29489,269624152,2058,4095,4095,0,1.00488,0.00000
534F4C31,29490,269630307,2062,4095,4095,0,1.00684,0.00000
534F4C31,29490,269633890,2055,4095,4095,0,1.00342,0.00000
534F4C31,29491,269637552,2053,4095,4095,0,1.00244,0.00000
534F4C31,29491,269642168,2061,4095,4095,0,1.00635,0.00000
534F4C31,29491,269646066,2056,4095,4095,0,1.00391,0.00000
534F4C31,29491,269650320,2052,4095,4095,0,1.00195,0.00000
534F4C31,29492,269652399,2054,4095,4095,0,1.00293,0.00000
534F4C31,29492,269656705,2055,4095,4095,0,1.00342,0.00000
534F4C31,29492,269659840,2057,4095,4095,0,1.00439,0.00000
534F4C31,29492,269663643,2053,4095,4095,0,1.00244,0.00000
534F4C31,29492,269665874,2061,4095,4095,0,1.00635,0.00000
534F4C31,29493,269668224,2061,4095,4095,0,1.00635,0.00000
534F4C31,29494,269673166,2057,4095,4095,0,1.00439,0.00000
534F4C31,29494,269676847,2057,4095,4095,0,1.00439,0.00000
534F4C31,29494,269680072,2056,4095,4095,0,1.00391,0.00000
534F4C31,29494,269683567,2055,4095,4095,0,1.00342,0.00000
534F4C31,29494,269686777,2057,4095,4095,0,1.00439,0.00000
534F4C31,29494,269689409,2057,4095,4095,0,1.00439,0.00000
534F4C31,29494,269691592,2057,4095,4095,0,1.00439,0.00000
534F4C31,29494,269694621,2055,4095,4095,0,1.00342,0.00000
534F4C31,29495,269696727,2063,4095,4095,0,1.00732,0.00000
534F4C31,29495,269700955,2056,4095,4095,0,1.00391,0.00000
534F4C31,29495,269703029,2063,4095,4095,0,1.00732,0.00000
534F4C31,29496,269706214,2055,4095,4095,0,1.00342,0.00000
534F4C31,29496,269710982,2056,4095,4095,0,1.00391,0.00000
534F4C31,29496,269713163,2058,4095,4095,0,1.00488,0.00000
534F4C31,29496,269715227,2057,4095,4095,0,1.00439,0.00000
534F4C31,29497,269718051,2049,4095,4095,0,1.00049,0.00000
534F4C31,29498,269721378,2054,4095,4095,0,1.00293,0.00000
534F4C31,29499,269725065,2057,4095,4095,0,1.00439,0.00000
534F4C31,29499,269728740,2057,4095,4095,0,1.00439,0.00000
534F4C31,29499,269732866,2065,4095,4095,0,1.00830,0.00000
534F4C31,29500,269735625,2064,4095,4095,0,1.00781,0.00000
534F4C31,29501,269738488,2052,4095,4095,0,1.00195,0.00000
534F4C31,29502,269744874,2053,4095,4095,0,1.00244,0.00000
534F4C31,29502,269748558,2061,4095,4095,0,1.00635,0.00000
534F4C31,29502,269751536,2065,4095,4095,0,1.00830,0.00000
534F4C31,29503,269755955,2051,4095,4095,0,1.00146,0.00000
534F4C31,29503,269759790,2058,4095,4095,0,1.00488,0.00000
534F4C31,29503,269763832,2058,4095,4095,0,1.00488,0.00000
534F4C31,29503,269766607,2059,4095,4095,0,1.00537,0.00000
534F4C31,29503,269769452,2057,4095,4095,0,1.00439,0.00000
534F4C31,29503,269771801,2057,4095,4095,0,1.00439,0.00000
534F4C31,29503,269773838,2059,4095,4095,0,1.00537,0.00000
534F4C31,29503,269775913,2053,4095,4095,0,1.00244,0.00000
534F4C31,29503,269778039,2061,4095,4095,0,1.00635,0.00000
534F4C31,29503,269780187,2058,4095,4095,0,1.00488,0.00000
534F4C31,29503,269782208,2060,4095,4095,0,1.00586,0.00000
534F4C31,29503,269784226,2056,4095,4095,0,1.00391,0.00000
534F4C31,29503,269786288,2059,4095,4095,0,1.00537,0.00000
534F4C31,29503,269788340,2063,4095,4095,0,1.00732,0.00000
534F4C31,29503,269790546,2050,4095,4095,0,1.00098,0.00000
534F4C31,29504,269793096,2060,4095,4095,0,1.00586,0.00000
534F4C31,29505,269798149,2058,4095,4095,0,1.00488,0.00000
534F4C31,29506,269801345,2062,4095,4095,0,1.00684,0.00000
534F4C31,29507,269805151,2056,4095,4095,0,1.00391,0.00000
534F4C31,29508,269810482,2062,4095,4095,0,1.00684,0.00000
534F4C31,29508,269814756,2058,4095,4095,0,1.00488,0.00000
534F4C31,29508,269816948,2061,4095,4095,0,1.00635,0.00000
534F4C31,29509,269821073,2063,4095,4095,0,1.00732,0.00000
534F4C31,29509,269824264,2059,4095,4095,0,1.00537,0.00000
534F4C31,29509,269828887,2056,4095,4095,0,1.00391,0.00000
534F4C31,29510,269831768,2059,4095,4095,0,1.00537,0.00000
534F4C31,29510,269835692,2056,4095,4095,0,1.00391,0.00000
534F4C31,29510,269839271,2058,4095,4095,0,1.00488,0.00000
534F4C31,29510,269841266,2055,4095,4095,0,1.00342,0.00000
534F4C31,29510,269844093,2061,4095,4095,0,1.00635,0.00000
534F4C31,29510,269846249,2058,4095,4095,0,1.00488,0.00000
534F4C31,29510,269849044,2058,4095,4095,0,1.00488,0.00000
534F4C31,29510,269851146,2056,4095,4095,0,1.00391,0.00000
534F4C31,29510,269853037,2056,4095,4095,0,1.00391,0.00000
534F4C31,29510,269854984,2057,4095,4095,0,1.00439,0.00000
534F4C31,29510,269857085,2054,4095,4095,0,1.00293,0.00000
534F4C31,29510,269859192,2062,4095,4095,0,1.00684,0.00000
534F4C31,29510,269861123,2057,4095,4095,0,1.00439,0.00000
534F4C31,29510,269863061,2057,4095,4095,0,1.00439,0.00000
534F4C31,29510,269865101,2054,4095,4095,0,1.00293,0.00000
534F4C31,29510,269867259,2065,4095,4095,0,1.00830,0.00000
534F4C31,29511,269869438,2053,4095,4095,0,1.00244,0.00000
534F4C31,29512,269873227,2058,4095,4095,0,1.00488,0.00000
534F4C31,29513,269877122,2059,4095,4095,0,1.00537,0.00000
534F4C31,29514,269882439,2059,4095,4095,0,1.00537,0.00000
534F4C31,29515,269886723,2061,4095,4095,0,1.00635,0.00000
534F4C31,29515,269890105,2056,4095,4095,0,1.00391,0.00000
534F4C31,29515,269894990,2062,4095,4095,0,1.00684,0.00000
534F4C31,29515,269897886,2057,4095,4095,0,1.00439,0.00000
534F4C31,29515,269900420,2055,4095,4095,0,1.00342,0.00000
534F4C31,29516,269902847,2061,4095,4095,0,1.00635,0.00000
534F4C31,29516,269907044,2058,4095,4095,0,1.00488,0.00000
534F4C31,29516,269909322,2056,4095,4095,0,1.00391,0.00000
534F4C31,29517,269911370,2055,4095,4095,0,1.00342,0.00000
534F4C31,29517,269916774,2057,4095,4095,0,1.00439,0.00000
534F4C31,29517,269919089,2055,4095,4095,0,1.00342,0.00000
534F4C31,29518,269921233,2059,4095,4095,0,1.00537,0.00000
534F4C31,29519,269926506,2059,4095,4095,0,1.00537,0.00000
534F4C31,29519,269929871,2059,4095,4095,0,1.00537,0.00000
534F4C31,29519,269933701,2058,4095,4095,0,1.00488,0.00000
534F4C31,29519,269937312,2062,4095,4095,0,1.00684,0.00000
534F4C31,29519,269939209,2056,4095,4095,0,1.00391,0.00000
534F4C31,29519,269941072,2063,4095,4095,0,1.00732,0.00000
534F4C31,29520,269944037,2058,4095,4095,0,1.00488,0.00000
534F4C31,29521,269948314,2059,4095,4095,0,1.00537,0.00000
534F4C31,29522,269951828,2055,4095,4095,0,1.00342,0.00000
534F4C31,29522,269957922,2057,4095,4095,0,1.00439,0.00000
534F4C31,29522,269961554,2054,4095,4095,0,1.00293,0.00000
534F4C31,29523,269963638,2061,4095,4095,0,1.00635,0.00000
534F4C31,29523,269968725,2060,4095,4095,0,1.00586,0.00000
534F4C31,29523,269970855,2059,4095,4095,0,1.00537,0.00000
534F4C31,29524,269974038,2051,4095,4095,0,1.00146,0.00000
534F4C31,29524,269978286,2058,4095,4095,0,1.00488,0.00000
534F4C31,29524,269980894,2060,4095,4095,0,1.00586,0.00000
534F4C31,29524,269983492,2060,4095,4095,0,1.00586,0.00000
534F4C31,29524,269985757,2050,4095,4095,0,1.00098,0.00000
534F4C31,29524,269987833,2058,4095,4095,0,1.00488,0.00000
534F4C31,29524,269990620,2051,4095,4095,0,1.00146,0.00000
534F4C31,29524,269993059,2057,4095,4095,0,1.00439,0.00000
534F4C31,29524,269995173,2056,4095,4095,0,1.00391,0.00000
534F4C31,29524,269997638,2051,4095,4095,0,1.00146,0.00000
534F4C31,29524,269999812,2061,4095,4095,0,1.00635,0.00000
534F4C31,29524,270001872,2055,4095,4095,0,1.00342,0.00000
534F4C31,29524,270003988,2059,4095,4095,0,1.00537,0.00000
534F4C31,29524,270006165,2055,4095,4095,0,1.00342,0.00000
534F4C31,29525,270008361,2056,4095,4095,0,1.00391,0.00000
534F4C31,29526,270012305,2063,4095,4095,0,1.00732,0.00000
534F4C31,29527,270015490,2059,4095,4095,0,1.00537,0.00000
534F4C31,29528,270019760,2056,4095,4095,0,1.00391,0.00000
534F4C31,29529,270025259,2064,4095,4095,0,1.00781,0.00000
534F4C31,29529,270029588,2055,4095,4095,0,1.00342,0.00000
534F4C31,29529,270032732,2053,4095,4095,0,1.00244,0.00000
534F4C31,29529,270036297,2056,4095,4095,0,1.00391,0.00000
534F4C31,29529,270039141,2066,4095,4095,0,1.00879,0.00000
534F4C31,29530,270041367,2058,4095,4095,0,1.00488,0.00000
534F4C31,29530,270045264,2054,4095,4095,0,1.00293,0.00000
534F4C31,29530,270048607,2053,4095,4095,0,1.00244,0.00000
534F4C31,29530,270050683,2057,4095,4095,0,1.00439,0.00000
534F4C31,29530,270053353,2062,4095,4095,0,1.00684,0.00000
534F4C31,29530,270055850,2058,4095,4095,0,1.00488,0.00000
534F4C31,29530,270057929,2063,4095,4095,0,1.00732,0.00000
534F4C31,29530,270059966,2055,4095,4095,0,1.00342,0.00000
534F4C31,29530,270062056,2060,4095,4095,0,1.00586,0.00000
534F4C31,29530,270064198,2053,4095,4095,0,1.00244,0.00000
534F4C31,29531,270066396,2055,4095,4095,0,1.00342,0.00000
534F4C31,29532,270070577,2060,4095,4095,0,1.00586,0.00000
534F4C31,29533,270074180,2063,4095,4095,0,1.00732,0.00000
534F4C31,29533,270080545,2049,4095,4095,0,1.00049,0.00000
534F4C31,29534,270084015,2055,4095,4095,0,1.00342,0.00000
534F4C31,29535,270087241,2060,4095,4095,0,1.00586,0.00000
534F4C31,29536,270093574,2053,4095,4095,0,1.00244,0.00000
534F4C31,29537,270097557,2056,4095,4095,0,1.00391,0.00000
534F4C31,29537,270103275,2059,4095,4095,0,1.00537,0.00000
534F4C31,29537,270106103,2052,4095,4095,0,1.00195,0.00000
534F4C31,29537,270108231,2058,4095,4095,0,1.00488,0.00000
534F4C31,29537,270111096,2055,4095,4095,0,1.00342,0.00000
534F4C31,29538,270113452,2056,4095,4095,0,1.00391,0.00000
534F4C31,29538,270117412,2059,4095,4095,0,1.00537,0.00000
534F4C31,29538,270119685,2060,4095,4095,0,1.00586,0.00000
534F4C31,29538,270121767,2056,4095,4095,0,1.00391,0.00000
534F4C31,29538,270125000,2059,4095,4095,0,1.00537,0.00000
534F4C31,29538,270127311,2055,4095,4095,0,1.00342,0.00000
534F4C31,29538,270129289,2059,4095,4095,0,1.00537,0.00000
534F4C31,29538,270131378,2059,4095,4095,0,1.00537,0.00000
534F4C31,29538,270133438,2055,4095,4095,0,1.00342,0.00000
534F4C31,29538,270135594,2066,4095,4095,0,1.00879,0.00000
534F4C31,29539,270137726,2054,4095,4095,0,1.00293,0.00000
534F4C31,29539,270141745,2053,4095,4095,0,1.00244,0.00000
534F4C31,29539,270144014,2054,4095,4095,0,1.00293,0.00000
534F4C31,29540,270146089,2056,4095,4095,0,1.00391,0.00000
534F4C31,29541,270149984,2060,4095,4095,0,1.00586,0.00000
534F4C31,29541,270154661,2061,4095,4095,0,1.00635,0.00000
534F4C31,29541,270159463,2059,4095,4095,0,1.00537,0.00000
534F4C31,29542,270162304,2064,4095,4095,0,1.00781,0.00000
534F4C31,29542,270165741,2057,4095,4095,0,1.00439,0.00000
534F4C31,29542,270169173,2058,4095,4095,0,1.00488,0.00000
534F4C31,29542,270171394,2056,4095,4095,0,1.00391,0.00000
534F4C31,29542,270174151,2061,4095,4095,0,1.00635,0.00000
534F4C31,29542,270176942,2055,4095,4095,0,1.00342,0.00000
534F4C31,29542,270179091,2060,4095,4095,0,1.00586,0.00000
534F4C31,29542,270180993,2060,4095,4095,0,1.00586,0.00000
534F4C31,29542,270183101,2055,4095,4095,0,1.00342,0.00000
534F4C31,29543,270185273,2062,4095,4095,0,1.00684,0.00000
534F4C31,29544,270189340,2058,4095,4095,0,1.00488,0.00000
534F4C31,29545,270193537,2058,4095,4095,0,1.00488,0.00000
534F4C31,29546,270200122,2054,4095,4095,0,1.00293,0.00000
534F4C31,29546,270204892,2056,4095,4095,0,1.00391,0.00000
534F4C31,29546,270208835,2064,4095,4095,0,1.00781,0.00000
534F4C31,29546,270210822,2058,4095,4095,0,1.00488,0.00000
534F4C31,29546,270212933,2060,4095,4095,0,1.00586,0.00000
534F4C31,29547,270216170,2062,4095,4095,0,1.00684,0.00000
534F4C31,29548,270220770,2054,4095,4095,0,1.00293,0.00000
534F4C31,29548,270224345,2060,4095,4095,0,1.00586,0.00000
534F4C31,29548,270228479,2055,4095,4095,0,1.00342,0.00000
534F4C31,29549,270231273,2060,4095,4095,0,1.00586,0.00000
534F4C31,29549,270235452,2053,4095,4095,0,1.00244,0.00000
534F4C31,29549,270238921,2055,4095,4095,0,1.00342,0.00000
534F4C31,29550,270241809,2055,4095,4095,0,1.00342,0.00000
534F4C31,29550,270247197,2059,4095,4095,0,1.00537,0.00000
534F4C31,29550,270249424,2053,4095,4095,0,1.00244,0.00000
534F4C31,29551,270252215,2062,4095,4095,0,1.00684,0.00000
534F4C31,29551,270256845,2063,4095,4095,0,1.00732,0.00000
534F4C31,29551,270259355,2055,4095,4095,0,1.00342,0.00000
534F4C31,29552,270261464,2054,4095,4095,0,1.00293,0.00000
534F4C31,29553,270265359,2062,4095,4095,0,1.00684,0.00000
534F4C31,29554,270270052,2055,4095,4095,0,1.00342,0.00000
534F4C31,29555,270275089,2057,4095,4095,0,1.00439,0.00000
534F4C31,29555,270279354,2058,4095,4095,0,1.00488,0.00000
534F4C31,29555,270282946,2058,4095,4095,0,1.00488,0.00000
534F4C31,29556,270286275,2056,4095,4095,0,1.00391,0.00000
534F4C31,29556,270290766,2059,4095,4095,0,1.00537,0.00000
534F4C31,29556,270292940,2056,4095,4095,0,1.00391,0.00000
534F4C31,29556,270294952,2057,4095,4095,0,1.00439,0.00000
534F4C31,29556,270299343,2057,4095,4095,0,1.00439,0.00000
534F4C31,29556,270301706,2062,4095,4095,0,1.00684,0.00000
534F4C31,29556,270304850,2051,4095,4095,0,1.00146,0.00000
534F4C31,29556,270308494,2060,4095,4095,0,1.00586,0.00000
534F4C31,29556,270310653,2064,4095,4095,0,1.00781,0.00000
534F4C31,29556,270312703,2056,4095,4095,0,1.00391,0.00000
534F4C31,29556,270314835,2053,4095,4095,0,1.00244,0.00000
534F4C31,29556,270316946,2059,4095,4095,0,1.00537,0.00000
534F4C31,29556,270319014,2058,4095,4095,0,1.00488,0.00000
534F4C31,29556,270321061,2060,4095,4095,0,1.00586,0.00000
534F4C31,29556,270323153,2054,4095,4095,0,1.00293,0.00000
534F4C31,29556,270325329,2057,4095,4095,0,1.00439,0.00000
534F4C31,29556,270327283,2053,4095,4095,0,1.00244,0.00000
534F4C31,29557,270329325,2060,4095,4095,0,1.00586,0.00000
534F4C31,29558,270333798,2060,4095,4095,0,1.00586,0.00000
534F4C31,29559,270337981,2057,4095,4095,0,1.00439,0.00000
534F4C31,29559,270343249,2056,4095,4095,0,1.00391,0.00000
534F4C31,29559,270345422,2058,4095,4095,0,1.00488,0.00000
534F4C31,29560,270348389,2054,4095,4095,0,1.00293,0.00000
534F4C31,29560,270352653,2056,4095,4095,0,1.00391,0.00000
534F4C31,29560,270355059,2055,4095,4095,0,1.00342,0.00000
534F4C31,29561,270357041,2062,4095,4095,0,1.00684,0.00000
534F4C31,29562,270361150,2053,4095,4095,0,1.00244,0.00000
534F4C31,29563,270364576,2058,4095,4095,0,1.00488,0.00000
534F4C31,29564,270370922,2060,4095,4095,0,1.00586,0.00000
534F4C31,29564,270374945,2051,4095,4095,0,1.00146,0.00000
534F4C31,29564,270378898,2060,4095,4095,0,1.00586,0.00000
534F4C31,29564,270381849,2048,4095,4095,0,1.00000,0.00000
534F4C31,29564,270384308,2056,4095,4095,0,1.00391,0.00000
534F4C31,29564,270386705,2060,4095,4095,0,1.00586,0.00000
534F4C31,29564,270388804,2055,4095,4095,0,1.00342,0.00000
534F4C31,29564,270390841,2061,4095,4095,0,1.00635,0.00000
534F4C31,29564,270393004,2056,4095,4095,0,1.00391,0.00000
534F4C31,29564,270395135,2062,4095,4095,0,1.00684,0.00000
534F4C31,29564,270397231,2056,4095,4095,0,1.00391,0.00000
534F4C31,29564,270399252,2063,4095,4095,0,1.00732,0.00000
534F4C31,29564,270401408,2056,4095,4095,0,1.00391,0.00000
534F4C31,29565,270403613,2063,4095,4095,0,1.00732,0.00000
534F4C31,29566,270407983,2049,4095,4095,0,1.00049,0.00000
534F4C31,29567,270411488,2060,4095,4095,0,1.00586,0.00000
534F4C31,29568,270417121,2060,4095,4095,0,1.00586,0.00000
534F4C31,29568,270421900,2057,4095,4095,0,1.00439,0.00000
534F4C31,29568,270425455,2060,4095,4095,0,1.00586,0.00000
534F4C31,29568,270428323,2051,4095,4095,0,1.00146,0.00000
534F4C31,29568,270430305,2058,4095,4095,0,1.00488,0.00000
534F4C31,29568,270432245,2055,4095,4095,0,1.00342,0.00000
534F4C31,29568,270434175,2061,4095,4095,0,1.00635,0.00000
534F4C31,29568,270436201,2058,4095,4095,0,1.00488,0.00000
534F4C31,29569,270438299,2058,4095,4095,0,1.00488,0.00000
534F4C31,29570,270442923,2046,4095,4095,0,0.99902,0.00000
534F4C31,29571,270446602,2062,4095,4095,0,1.00684,0.00000
534F4C31,29572,270451873,2057,4095,4095,0,1.00439,0.00000
534F4C31,29572,270455943,2058,4095,4095,0,1.00488,0.00000
534F4C31,29572,270460757,2056,4095,4095,0,1.00391,0.00000
534F4C31,29572,270462966,2058,4095,4095,0,1.00488,0.00000
534F4C31,29572,270465978,2061,4095,4095,0,1.00635,0.00000
534F4C31,29572,270468099,2062,4095,4095,0,1.00684,0.00000
534F4C31,29572,270470140,2055,4095,4095,0,1.00342,0.00000
534F4C31,29572,270472253,2062,4095,4095,0,1.00684,0.00000
534F4C31,29572,270474399,2059,4095,4095,0,1.00537,0.00000
534F4C31,29573,270476524,2060,4095,4095,0,1.00586,0.00000
534F4C31,29573,270480638,2053,4095,4095,0,1.00244,0.00000
534F4C31,29573,270483092,2059,4095,4095,0,1.00537,0.00000
534F4C31,29573,270485105,2058,4095,4095,0,1.00488,0.00000
534F4C31,29573,270487909,2051,4095,4095,0,1.00146,0.00000
534F4C31,29573,270490270,2051,4095,4095,0,1.00146,0.00000
534F4C31,29573,270492347,2059,4095,4095,0,1.00537,0.00000
534F4C31,29573,270494414,2056,4095,4095,0,1.00391,0.00000
534F4C31,29574,270496512,2059,4095,4095,0,1.00537,0.00000
534F4C31,29575,270500493,2048,4095,4095,0,1.00000,0.00000
534F4C31,29576,270504939,2063,4095,4095,0,1.00732,0.00000
534F4C31,29577,270508833,2055,4095,4095,0,1.00342,0.00000
534F4C31,29578,270515023,2056,4095,4095,0,1.00391,0.00000
534F4C31,29578,270517916,2053,4095,4095,0,1.00244,0.00000
534F4C31,29578,270521342,2058,4095,4095,0,1.00488,0.00000
534F4C31,29579,270525344,2049,4095,4095,0,1.00049,0.00000
534F4C31,29579,270528638,2064,4095,4095,0,1.00781,0.00000
534F4C31,29579,270532558,2061,4095,4095,0,1.00635,0.00000
534F4C31,29579,270535374,2059,4095,4095,0,1.00537,0.00000
534F4C31,29579,270538272,2059,4095,4095,0,1.00537,0.00000
534F4C31,29579,270540841,2058,4095,4095,0,1.00488,0.00000
534F4C31,29580,270543206,2062,4095,4095,0,1.00684,0.00000
534F4C31,29581,270548058,2059,4095,4095,0,1.00537,0.00000
534F4C31,29581,270551576,2055,4095,4095,0,1.00342,0.00000
534F4C31,29581,270556228,2056,4095,4095,0,1.00391,0.00000
534F4C31,29581,270558409,2059,4095,4095,0,1.00537,0.00000
534F4C31,29581,270560314,2055,4095,4095,0,1.00342,0.00000
534F4C31,29581,270563029,2058,4095,4095,0,1.00488,0.00000
534F4C31,29582,270565161,2061,4095,4095,0,1.00635,0.00000
534F4C31,29582,270570128,2059,4095,4095,0,1.00537,0.00000
534F4C31,29582,270572342,2054,4095,4095,0,1.00293,0.00000
534F4C31,29582,270575175,2058,4095,4095,0,1.00488,0.00000
534F4C31,29582,270577443,2062,4095,4095,0,1.00684,0.00000
534F4C31,29582,270579437,2058,4095,4095,0,1.00488,0.00000
534F4C31,29582,270581504,2058,4095,4095,0,1.00488,0.00000
534F4C31,29582,270583577,2056,4095,4095,0,1.00391,0.00000
534F4C31,29582,270585711,2061,4095,4095,0,1.00635,0.00000
534F4C31,29582,270587751,2057,4095,4095,0,1.00439,0.00000
534F4C31,29583,270589775,2060,4095,4095,0,1.00586,0.00000
534F4C31,29584,270594582,2049,4095,4095,0,1.00049,0.00000
534F4C31,29585,270598099,2064,4095,4095,0,1.00781,0.00000
534F4C31,29586,270602262,2058,4095,4095,0,1.00488,0.00000
534F4C31,29586,270607284,2062,4095,4095,0,1.00684,0.00000
534F4C31,29586,270609493,2060,4095,4095,0,1.00586,0.00000
534F4C31,29586,270612927,2061,4095,4095,0,1.00635,0.00000
534F4C31,29586,270615308,2052,4095,4095,0,1.00195,0.00000
534F4C31,29587,270617409,2058,4095,4095,0,1.00488,0.00000
534F4C31,29588,270621731,2056,4095,4095,0,1.00391,0.00000
534F4C31,29589,270625310,2062,4095,4095,0,1.00684,0.00000
534F4C31,29590,270631885,2058,4095,4095,0,1.00488,0.00000
534F4C31,29590,270637311,2061,4095,4095,0,1.00635,0.00000
534F4C31,29590,270640484,2055,4095,4095,0,1.00342,0.00000
534F4C31,29590,270643306,2061,4095,4095,0,1.00635,0.00000
534F4C31,29590,270645412,2056,4095,4095,0,1.00391,0.00000
534F4C31,29590,270647470,2060,4095,4095,0,1.00586,0.00000
534F4C31,29590,270649548,2054,4095,4095,0,1.00293,0.00000
534F4C31,29590,270651550,2057,4095,4095,0,1.00439,0.00000
534F4C31,29590,270653672,2057,4095,4095,0,1.00439,0.00000
534F4C31,29591,270655976,2061,4095,4095,0,1.00635,0.00000
534F4C31,29592,270660878,2061,4095,4095,0,1.00635,0.00000
534F4C31,29592,270664876,2058,4095,4095,0,1.00488,0.00000
534F4C31,29592,270667294,2060,4095,4095,0,1.00586,0.00000
534F4C31,29593,270669399,2054,4095,4095,0,1.00293,0.00000
534F4C31,29593,270674426,2064,4095,4095,0,1.00781,0.00000
534F4C31,29593,270676634,2049,4095,4095,0,1.00049,0.00000
534F4C31,29593,270678570,2055,4095,4095,0,1.00342,0.00000
534F4C31,29593,270680709,2055,4095,4095,0,1.00342,0.00000
534F4C31,29593,270683836,2060,4095,4095,0,1.00586,0.00000
534F4C31,29593,270686001,2059,4095,4095,0,1.00537,0.00000
534F4C31,29593,270688160,2053,4095,4095,0,1.00244,0.00000
534F4C31,29594,270690272,2060,4095,4095,0,1.00586,0.00000
534F4C31,29595,270693125,2055,4095,4095,0,1.00342,0.00000
534F4C31,29596,270698093,2050,4095,4095,0,1.00098,0.00000
534F4C31,29597,270703252,2058,4095,4095,0,1.00488,0.00000
534F4C31,29597,270708298,2059,4095,4095,0,1.00537,0.00000
534F4C31,29597,270711309,2059,4095,4095,0,1.00537,0.00000
534F4C31,29597,270714569,2059,4095,4095,0,1.00537,0.00000
534F4C31,29597,270716910,2060,4095,4095,0,1.00586,0.00000
534F4C31,29597,270719014,2055,4095,4095,0,1.00342,0.00000
534F4C31,29597,270721249,2061,4095,4095,0,1.00635,0.00000
534F4C31,29598,270723365,2058,4095,4095,0,1.00488,0.00000
534F4C31,29599,270727774,2057,4095,4095,0,1.00439,0.00000
534F4C31,29600,270731216,2057,4095,4095,0,1.00439,0.00000
534F4C31,29600,270737142,2050,4095,4095,0,1.00098,0.00000
534F4C31,29600,270740010,2060,4095,4095,0,1.00586,0.00000
534F4C31,29601,270742779,2055,4095,4095,0,1.00342,0.00000
534F4C31,29601,270748130,2057,4095,4095,0,1.00439,0.00000
534F4C31,29601,270751028,2058,4095,4095,0,1.00488,0.00000
534F4C31,29602,270753929,2053,4095,4095,0,1.00244,0.00000
534F4C31,29602,270759206,2050,4095,4095,0,1.00098,0.00000
534F4C31,29602,270761452,2059,4095,4095,0,1.00537,0.00000
534F4C31,29602,270764138,2060,4095,4095,0,1.00586,0.00000
534F4C31,29602,270767884,2064,4095,4095,0,1.00781,0.00000
534F4C31,29602,270771171,2060,4095,4095,0,1.00586,0.00000
534F4C31,29602,270773299,2052,4095,4095,0,1.00195,0.00000
534F4C31,29602,270775292,2060,4095,4095,0,1.00586,0.00000
534F4C31,29602,270778146,2058,4095,4095,0,1.00488,0.00000
534F4C31,29602,270780319,2059,4095,4095,0,1.00537,0.00000
534F4C31,29603,270782463,2055,4095,4095,0,1.00342,0.00000
534F4C31,29603,270786707,2055,4095,4095,0,1.00342,0.00000
534F4C31,29603,270789043,2058,4095,4095,0,1.00488,0.00000
534F4C31,29603,270791942,2059,4095,4095,0,1.00537,0.00000
534F4C31,29604,270794934,2058,4095,4095,0,1.00488,0.00000
534F4C31,29605,270799618,2059,4095,4095,0,1.00537,0.00000
534F4C31,29605,270803376,2059,4095,4095,0,1.00537,0.00000
534F4C31,29605,270807966,2057,4095,4095,0,1.00439,0.00000
534F4C31,29605,270811574,2058,4095,4095,0,1.00488,0.00000
534F4C31,29605,270813785,2062,4095,4095,0,1.00684,0.00000
534F4C31,29605,270816835,2057,4095,4095,0,1.00439,0.00000
534F4C31,29605,270819245,2061,4095,4095,0,1.00635,0.00000
534F4C31,29605,270821338,2060,4095,4095,0,1.00586,0.00000
534F4C31,29606,270825163,2059,4095,4095,0,1.00537,0.00000
534F4C31,29607,270829662,2056,4095,4095,0,1.00391,0.00000
534F4C31,29608,270833005,2054,4095,4095,0,1.00293,0.00000
534F4C31,29608,270838706,2058,4095,4095,0,1.00488,0.00000
534F4C31,29608,270840791,2053,4095,4095,0,1.00244,0.00000
534F4C31,29609,270844203,2057,4095,4095,0,1.00439,0.00000
534F4C31,29609,270849059,2057,4095,4095,0,1.00439,0.00000
534F4C31,29609,270851307,2053,4095,4095,0,1.00244,0.00000
534F4C31,29610,270853411,2060,4095,4095,0,1.00586,0.00000
534F4C31,29611,270858919,2057,4095,4095,0,1.00439,0.00000
534F4C31,29612,270862373,2058,4095,4095,0,1.00488,0.00000
534F4C31,29613,270867812,2057,4095,4095,0,1.00439,0.00000
534F4C31,29613,270871744,2057,4095,4095,0,1.00439,0.00000
534F4C31,29613,270874742,2051,4095,4095,0,1.00146,0.00000
534F4C31,29614,270878664,2057,4095,4095,0,1.00439,0.00000
534F4C31,29614,270881809,2061,4095,4095,0,1.00635,0.00000
534F4C31,29614,270885070,2063,4095,4095,0,1.00732,0.00000
534F4C31,29615,270888958,2055,4095,4095,0,1.00342,0.00000
534F4C31,29615,270892595,2061,4095,4095,0,1.00635,0.00000
534F4C31,29615,270895421,2052,4095,4095,0,1.00195,0.00000
534F4C31,29616,270899420,2055,4095,4095,0,1.00342,0.00000
534F4C31,29616,270903155,2056,4095,4095,0,1.00391,0.00000
534F4C31,29616,270905305,2056,4095,4095,0,1.00391,0.00000
534F4C31,29616,270907351,2058,4095,4095,0,1.00488,0.00000
534F4C31,29616,270910378,2053,4095,4095,0,1.00244,0.00000
534F4C31,29616,270913852,2056,4095,4095,0,1.00391,0.00000
534F4C31,29616,270915863,2057,4095,4095,0,1.00439,0.00000
534F4C31,29616,270919038,2054,4095,4095,0,1.00293,0.00000
534F4C31,29617,270922097,2050,4095,4095,0,1.00098,0.00000
534F4C31,29617,270925424,2057,4095,4095,0,1.00439,0.00000
534F4C31,29617,270927933,2062,4095,4095,0,1.00684,0.00000
534F4C31,29617,270930603,2055,4095,4095,0,1.00342,0.00000
534F4C31,29617,270933638,2053,4095,4095,0,1.00244,0.00000
534F4C31,29617,270935793,2059,4095,4095,0,1.00537,0.00000
534F4C31,29617,270937907,2058,4095,4095,0,1.00488,0.00000
534F4C31,29617,270939947,2057,4095,4095,0,1.00439,0.00000
534F4C31,29617,270942010,2058,4095,4095,0,1.00488,0.00000
534F4C31,29617,270944056,2057,4095,4095,0,1.00439,0.00000
534F4C31,29617,270946218,2062,4095,4095,0,1.00684,0.00000
534F4C31,29617,270948375,2058,4095,4095,0,1.00488,0.00000
534F4C31,29618,270950396,2062,4095,4095,0,1.00684,0.00000
534F4C31,29619,270954949,2059,4095,4095,0,1.00537,0.00000
534F4C31,29620,270959677,2059,4095,4095,0,1.00537,0.00000
534F4C31,29620,270964556,2052,4095,4095,0,1.00195,0.00000
534F4C31,29620,270966525,2058,4095,4095,0,1.00488,0.00000
534F4C31,29621,270969298,2053,4095,4095,0,1.00244,0.00000
534F4C31,29621,270974315,2058,4095,4095,0,1.00488,0.00000
534F4C31,29621,270976542,2054,4095,4095,0,1.00293,0.00000
534F4C31,29621,270978618,2058,4095,4095,0,1.00488,0.00000
534F4C31,29622,270981597,2056,4095,4095,0,1.00391,0.00000
534F4C31,29622,270986418,2065,4095,4095,0,1.00830,0.00000
534F4C31,29622,270988562,2062,4095,4095,0,1.00684,0.00000
534F4C31,29622,270991126,2050,4095,4095,0,1.00098,0.00000
534F4C31,29622,270994132,2064,4095,4095,0,1.00781,0.00000
534F4C31,29622,270996082,2058,4095,4095,0,1.00488,0.00000
534F4C31,29622,270997961,2059,4095,4095,0,1.00537,0.00000
534F4C31,29622,271000041,2064,4095,4095,0,1.00781,0.00000
534F4C31,29623,271002162,2058,4095,4095,0,1.00488,0.00000
534F4C31,29624,271006389,2057,4095,4095,0,1.00439,0.00000
534F4C31,29625,271010062,2063,4095,4095,0,1.00732,0.00000
534F4C31,29626,271016064,2053,4095,4095,0,1.00244,0.00000
534F4C31,29626,271022441,2059,4095,4095,0,1.00537,0.00000
534F4C31,29626,271025831,2060,4095,4095,0,1.00586,0.00000
534F4C31,29627,271027924,2057,4095,4095,0,1.00439,0.00000
534F4C31,29627,271031929,2054,4095,4095,0,1.00293,0.00000
534F4C31,29627,271034957,2054,4095,4095,0,1.00293,0.00000
534F4C31,29627,271038217,2057,4095,4095,0,1.00439,0.00000
534F4C31,29627,271040445,2059,4095,4095,0,1.00537,0.00000
534F4C31,29627,271043389,2055,4095,4095,0,1.00342,0.00000
534F4C31,29628,271045765,2055,4095,4095,0,1.00342,0.00000
534F4C31,29628,271050320,2054,4095,4095,0,1.00293,0.00000
534F4C31,29628,271052459,2058,4095,4095,0,1.00488,0.00000
534F4C31,29628,271055432,2057,4095,4095,0,1.00439,0.00000
534F4C31,29628,271057768,2053,4095,4095,0,1.00244,0.00000
534F4C31,29628,271059754,2056,4095,4095,0,1.00391,0.00000
534F4C31,29628,271061870,2055,4095,4095,0,1.00342,0.00000
534F4C31,29628,271063991,2061,4095,4095,0,1.00635,0.00000
534F4C31,29629,271066087,2057,4095,4095,0,1.00439,0.00000
534F4C31,29630,271070306,2059,4095,4095,0,1.00537,0.00000
534F4C31,29631,271073989,2059,4095,4095,0,1.00537,0.00000
534F4C31,29632,271079977,2063,4095,4095,0,1.00732,0.00000
534F4C31,29632,271082211,2061,4095,4095,0,1.00635,0.00000
534F4C31,29632,271087583,2059,4095,4095,0,1.00537,0.00000
534F4C31,29632,271089725,2064,4095,4095,0,1.00781,0.00000
534F4C31,29632,271092605,2054,4095,4095,0,1.00293,0.00000
534F4C31,29633,271095043,2057,4095,4095,0,1.00439,0.00000
534F4C31,29634,271099333,2059,4095,4095,0,1.00537,0.00000
534F4C31,29634,271102559,2059,4095,4095,0,1.00537,0.00000
534F4C31,29634,271105143,2057,4095,4095,0,1.00439,0.00000
534F4C31,29635,271109215,2054,4095,4095,0,1.00293,0.00000
534F4C31,29636,271112958,2059,4095,4095,0,1.00537,0.00000
534F4C31,29636,271117656,2060,4095,4095,0,1.00586,0.00000
534F4C31,29636,271120897,2060,4095,4095,0,1.00586,0.00000
534F4C31,29637,271124471,2055,4095,4095,0,1.00342,0.00000
534F4C31,29637,271129383,2055,4095,4095,0,1.00342,0.00000
534F4C31,29637,271131587,2053,4095,4095,0,1.00244,0.00000
534F4C31,29638,271133620,2060,4095,4095,0,1.00586,0.00000
534F4C31,29638,271138922,2055,4095,4095,0,1.00342,0.00000
534F4C31,29638,271141204,2060,4095,4095,0,1.00586,0.00000
534F4C31,29638,271143147,2059,4095,4095,0,1.00537,0.00000
534F4C31,29638,271145929,2062,4095,4095,0,1.00684,0.00000
534F4C31,29638,271148199,2058,4095,4095,0,1.00488,0.00000
534F4C31,29639,271150323,2056,4095,4095,0,1.00391,0.00000
534F4C31,29640,271154526,2062,4095,4095,0,1.00684,0.00000
534F4C31,29640,271157024,2063,4095,4095,0,1.00732,0.00000
534F4C31,29640,271163659,2061,4095,4095,0,1.00635,0.00000
534F4C31,29640,271165749,2055,4095,4095,0,1.00342,0.00000
534F4C31,29640,271167737,2057,4095,4095,0,1.00439,0.00000
534F4C31,29640,271171205,2059,4095,4095,0,1.00537,0.00000
534F4C31,29640,271173392,2057,4095,4095,0,1.00439,0.00000
534F4C31,29640,271175493,2062,4095,4095,0,1.00684,0.00000
534F4C31,29640,271177655,2052,4095,4095,0,1.00195,0.00000
534F4C31,29640,271179709,2060,4095,4095,0,1.00586,0.00000
534F4C31,29640,271181742,2059,4095,4095,0,1.00537,0.00000
534F4C31,29640,271183850,2063,4095,4095,0,1.00732,0.00000
534F4C31,29641,271185996,2052,4095,4095,0,1.00195,0.00000
534F4C31,29642,271190710,2055,4095,4095,0,1.00342,0.00000
534F4C31,29643,271194213,2054,4095,4095,0,1.00293,0.00000
534F4C31,29644,271198427,2054,4095,4095,0,1.00293,0.00000
534F4C31,29644,271204067,2062,4095,4095,0,1.00684,0.00000
534F4C31,29644,271206942,2059,4095,4095,0,1.00537,0.00000
534F4C31,29645,271209377,2050,4095,4095,0,1.00098,0.00000
534F4C31,29646,271214034,2052,4095,4095,0,1.00195,0.00000
534F4C31,29646,271217509,2060,4095,4095,0,1.00586,0.00000
534F4C31,29647,271220595,2057,4095,4095,0,1.00439,0.00000
534F4C31,29648,271225122,2054,4095,4095,0,1.00293,0.00000
534F4C31,29648,271228489,2057,4095,4095,0,1.00439,0.00000
534F4C31,29648,271232866,2059,4095,4095,0,1.00537,0.00000
534F4C31,29648,271236647,2055,4095,4095,0,1.00342,0.00000
534F4C31,29648,271239953,2052,4095,4095,0,1.00195,0.00000
534F4C31,29648,271242040,2062,4095,4095,0,1.00684,0.00000
534F4C31,29648,271244082,2052,4095,4095,0,1.00195,0.00000
534F4C31,29648,271246793,2061,4095,4095,0,1.00635,0.00000
534F4C31,29649,271249122,2056,4095,4095,0,1.00391,0.00000
534F4C31,29649,271253457,2059,4095,4095,0,1.00537,0.00000
534F4C31,29649,271256103,2056,4095,4095,0,1.00391,0.00000
534F4C31,29650,271259357,2055,4095,4095,0,1.00342,0.00000
534F4C31,29650,271264149,2063,4095,4095,0,1.00732,0.00000
534F4C31,29650,271266471,2057,4095,4095,0,1.00439,0.00000
534F4C31,29650,271268615,2061,4095,4095,0,1.00635,0.00000
534F4C31,29650,271271687,2056,4095,4095,0,1.00391,0.00000
534F4C31,29650,271273899,2057,4095,4095,0,1.00439,0.00000
534F4C31,29650,271275899,2057,4095,4095,0,1.00439,0.00000
534F4C31,29650,271277989,2054,4095,4095,0,1.00293,0.00000
534F4C31,29651,271280195,2062,4095,4095,0,1.00684,0.00000
534F4C31,29651,271284786,2059,4095,4095,0,1.00537,0.00000
534F4C31,29651,271287372,2056,4095,4095,0,1.00391,0.00000
534F4C31,29652,271291222,2056,4095,4095,0,1.00391,0.00000
534F4C31,29653,271295736,2056,4095,4095,0,1.00391,0.00000
534F4C31,29653,271298979,2058,4095,4095,0,1.00488,0.00000
534F4C31,29653,271303418,2057,4095,4095,0,1.00439,0.00000
534F4C31,29654,271306422,2049,4095,4095,0,1.00049,0.00000
534F4C31,29655,271310454,2055,4095,4095,0,1.00342,0.00000
534F4C31,29655,271315691,2059,4095,4095,0,1.00537,0.00000
534F4C31,29655,271318381,2053,4095,4095,0,1.00244,0.00000
534F4C31,29655,271321170,2057,4095,4095,0,1.00439,0.00000
534F4C31,29655,271323515,2060,4095,4095,0,1.00586,0.00000
534F4C31,29656,271325661,2051,4095,4095,0,1.00146,0.00000
534F4C31,29656,271331870,2061,4095,4095,0,1.00635,0.00000
534F4C31,29656,271334204,2058,4095,4095,0,1.00488,0.00000
534F4C31,29657,271337313,2053,4095,4095,0,1.00244,0.00000
534F4C31,29658,271341448,2058,4095,4095,0,1.00488,0.00000
534F4C31,29658,271344003,2056,4095,4095,0,1.00391,0.00000
534F4C31,29658,271348291,2063,4095,4095,0,1.00732,0.00000
534F4C31,29659,271352383,2055,4095,4095,0,1.00342,0.00000
534F4C31,29660,271354445,2062,4095,4095,0,1.00684,0.00000
534F4C31,29661,271359215,2062,4095,4095,0,1.00684,0.00000
534F4C31,29661,271364949,2059,4095,4095,0,1.00537,0.00000
534F4C31,29661,271367190,2057,4095,4095,0,1.00439,0.00000
534F4C31,29662,271370958,2060,4095,4095,0,1.00586,0.00000
534F4C31,29663,271375200,2058,4095,4095,0,1.00488,0.00000
534F4C31,29663,271378725,2058,4095,4095,0,1.00488,0.00000
534F4C31,29663,271383444,2066,4095,4095,0,1.00879,0.00000
534F4C31,29664,271386307,2062,4095,4095,0,1.00684,0.00000
534F4C31,29665,271391061,2057,4095,4095,0,1.00439,0.00000
534F4C31,29665,271395292,2055,4095,4095,0,1.00342,0.00000
534F4C31,29665,271398798,2057,4095,4095,0,1.00439,0.00000
534F4C31,29666,271402736,2059,4095,4095,0,1.00537,0.00000
534F4C31,29666,271406273,2060,4095,4095,0,1.00586,0.00000
534F4C31,29666,271410064,2061,4095,4095,0,1.00635,0.00000
534F4C31,29667,271414621,2054,4095,4095,0,1.00293,0.00000
534F4C31,29667,271418148,2061,4095,4095,0,1.00635,0.00000
534F4C31,29667,271420151,2061,4095,4095,0,1.00635,0.00000
534F4C31,29668,271423910,2051,4095,4095,0,1.00146,0.00000
534F4C31,29669,271427339,2056,4095,4095,0,1.00391,0.00000
534F4C31,29670,271432261,2053,4095,4095,0,1.00244,0.00000
534F4C31,29671,271437749,2055,4095,4095,0,1.00342,0.00000
534F4C31,29671,271439959,2059,4095,4095,0,1.00537,0.00000
534F4C31,29671,271445360,2054,4095,4095,0,1.00293,0.00000
534F4C31,29671,271447490,2054,4095,4095,0,1.00293,0.00000
534F4C31,29671,271450211,2053,4095,4095,0,1.00244,0.00000
534F4C31,29672,271453129,2058,4095,4095,0,1.00488,0.00000
534F4C31,29673,271457585,2060,4095,4095,0,1.00586,0.00000
534F4C31,29673,271461128,2060,4095,4095,0,1.00586,0.00000
534F4C31,29673,271463102,2058,4095,4095,0,1.00488,0.00000
534F4C31,29674,271467327,2056,4095,4095,0,1.00391,0.00000
534F4C31,29675,271470661,2052,4095,4095,0,1.00195,0.00000
534F4C31,29676,271474987,2058,4095,4095,0,1.00488,0.00000
534F4C31,29676,271480978,2058,4095,4095,0,1.00488,0.00000
534F4C31,29676,271483161,2061,4095,4095,0,1.00635,0.00000
534F4C31,29677,271486676,2056,4095,4095,0,1.00391,0.00000
534F4C31,29677,271490255,2053,4095,4095,0,1.00244,0.00000
534F4C31,29677,271492395,2058,4095,4095,0,1.00488,0.00000
534F4C31,29677,271494431,2062,4095,4095,0,1.00684,0.00000
534F4C31,29677,271497163,2055,4095,4095,0,1.00342,0.00000
534F4C31,29678,271499378,2057,4095,4095,0,1.00439,0.00000
534F4C31,29678,271502659,2063,4095,4095,0,1.00732,0.00000
534F4C31,29678,271505009,2059,4095,4095,0,1.00537,0.00000
534F4C31,29678,271506952,2055,4095,4095,0,1.00342,0.00000
534F4C31,29678,271509583,2061,4095,4095,0,1.00635,0.00000
534F4C31,29678,271511767,2052,4095,4095,0,1.00195,0.00000
534F4C31,29679,271514103,2057,4095,4095,0,1.00439,0.00000
534F4C31,29680,271517343,2055,4095,4095,0,1.00342,0.00000
534F4C31,29680,271519877,2055,4095,4095,0,1.00342,0.00000
534F4C31,29680,271523826,2058,4095,4095,0,1.00488,0.00000
534F4C31,29680,271526150,2056,4095,4095,0,1.00391,0.00000
534F4C31,29680,271528724,2056,4095,4095,0,1.00391,0.00000
534F4C31,29680,271530909,2056,4095,4095,0,1.00391,0.00000
534F4C31,29680,271533309,2064,4095,4095,0,1.00781,0.00000
534F4C31,29680,271535565,2052,4095,4095,0,1.00195,0.00000
534F4C31,29680,271537636,2061,4095,4095,0,1.00635,0.00000
534F4C31,29680,271539720,2058,4095,4095,0,1.00488,0.00000
534F4C31,29680,271541804,2057,4095,4095,0,1.00439,0.00000
534F4C31,29680,271543921,2059,4095,4095,0,1.00537,0.00000
534F4C31,29681,271545900,2054,4095,4095,0,1.00293,0.00000
534F4C31,29682,271549200,2060,4095,4095,0,1.00586,0.00000
534F4C31,29683,271552598,2054,4095,4095,0,1.00293,0.00000
534F4C31,29684,271557141,2052,4095,4095,0,1.00195,0.00000
534F4C31,29685,271560704,2062,4095,4095,0,1.00684,0.00000
534F4C31,29686,271565244,2057,4095,4095,0,1.00439,0.00000
534F4C31,29687,271568624,2065,4095,4095,0,1.00830,0.00000
534F4C31,29688,271572583,2060,4095,4095,0,1.00586,0.00000
534F4C31,29689,271576161,2060,4095,4095,0,1.00586,0.00000
534F4C31,29690,271579956,2065,4095,4095,0,1.00830,0.00000
534F4C31,29691,271584399,2058,4095,4095,0,1.00488,0.00000
534F4C31,29692,271588390,2064,4095,4095,0,1.00781,0.00000
534F4C31,29693,271592830,2060,4095,4095,0,1.00586,0.00000
534F4C31,29694,271597156,2057,4095,4095,0,1.00439,0.00000
534F4C31,29695,271601399,2056,4095,4095,0,1.00391,0.00000
534F4C31,29696,271605697,2064,4095,4095,0,1.00781,0.00000
534F4C31,29697,271610905,2055,4095,4095,0,1.00342,0.00000
534F4C31,29698,271614803,2063,4095,4095,0,1.00732,0.00000
534F4C31,29699,271620935,2053,4095,4095,0,1.00244,0.00000
534F4C31,29700,271624375,2055,4095,4095,0,1.00342,0.00000
534F4C31,29701,271630133,2056,4095,4095,0,1.00391,0.00000
534F4C31,29702,271636169,2057,4095,4095,0,1.00439,0.00000
534F4C31,29703,271642178,2058,4095,4095,0,1.00488,0.00000
534F4C31,29704,271645318,2060,4095,4095,0,1.00586,0.00000
534F4C31,29705,271652461,2059,4095,4095,0,1.00537,0.00000
534F4C31,29706,271657064,2059,4095,4095,0,1.00537,0.00000
534F4C31,29707,271660327,2062,4095,4095,0,1.00684,0.00000
534F4C31,29707,271667478,2057,4095,4095,0,1.00439,0.00000
534F4C31,29707,271670438,2061,4095,4095,0,1.00635,0.00000
534F4C31,29707,271673161,2058,4095,4095,0,1.00488,0.00000
534F4C31,29707,271675442,2057,4095,4095,0,1.00439,0.00000
534F4C31,29708,271677540,2060,4095,4095,0,1.00586,0.00000
534F4C31,29708,271681251,2058,4095,4095,0,1.00488,0.00000
534F4C31,29708,271683741,2062,4095,4095,0,1.00684,0.00000
534F4C31,29708,271685665,2061,4095,4095,0,1.00635,0.00000
534F4C31,29708,271688594,2059,4095,4095,0,1.00537,0.00000
534F4C31,29708,271690927,2057,4095,4095,0,1.00439,0.00000
534F4C31,29708,271692882,2061,4095,4095,0,1.00635,0.00000
534F4C31,29708,271694937,2057,4095,4095,0,1.00439,0.00000
534F4C31,29708,271697009,2053,4095,4095,0,1.00244,0.00000
534F4C31,29708,271699141,2061,4095,4095,0,1.00635,0.00000
534F4C31,29708,271701235,2050,4095,4095,0,1.00098,0.00000
534F4C31,29708,271703356,2057,4095,4095,0,1.00439,0.00000
534F4C31,29709,271705484,2057,4095,4095,0,1.00439,0.00000
534F4C31,29709,271709286,2059,4095,4095,0,1.00537,0.00000
534F4C31,29709,271711960,2061,4095,4095,0,1.00635,0.00000
534F4C31,29709,271714218,2054,4095,4095,0,1.00293,0.00000
534F4C31,29709,271717198,2054,4095,4095,0,1.00293,0.00000
534F4C31,29709,271719259,2063,4095,4095,0,1.00732,0.00000
534F4C31,29709,271721190,2057,4095,4095,0,1.00439,0.00000
534F4C31,29709,271723165,2063,4095,4095,0,1.00732,0.00000
534F4C31,29710,271725243,2053,4095,4095,0,1.00244,0.00000
534F4C31,29711,271729157,2059,4095,4095,0,1.00537,0.00000
534F4C31,29712,271733736,2056,4095,4095,0,1.00391,0.00000
534F4C31,29712,271738468,2055,4095,4095,0,1.00342,0.00000
534F4C31,29712,271742080,2055,4095,4095,0,1.00342,0.00000
534F4C31,29712,271744826,2056,4095,4095,0,1.00391,0.00000
534F4C31,29712,271747606,2062,4095,4095,0,1.00684,0.00000
534F4C31,29712,271749927,2057,4095,4095,0,1.00439,0.00000
534F4C31,29712,271751847,2056,4095,4095,0,1.00391,0.00000
534F4C31,29712,271753801,2062,4095,4095,0,1.00684,0.00000
534F4C31,29712,271755919,2056,4095,4095,0,1.00391,0.00000
534F4C31,29712,271758037,2058,4095,4095,0,1.00488,0.00000
534F4C31,29712,271760090,2050,4095,4095,0,1.00098,0.00000
534F4C31,29712,271762253,2063,4095,4095,0,1.00732,0.00000
534F4C31,29712,271764299,2057,4095,4095,0,1.00439,0.00000
534F4C31,29712,271766350,2060,4095,4095,0,1.00586,0.00000
534F4C31,29712,271768364,2053,4095,4095,0,1.00244,0.00000
534F4C31,29712,271771377,2054,4095,4095,0,1.00293,0.00000
534F4C31,29713,271773977,2055,4095,4095,0,1.00342,0.00000
534F4C31,29714,271778125,2059,4095,4095,0,1.00537,0.00000
534F4C31,29715,271783124,2063,4095,4095,0,1.00732,0.00000
534F4C31,29716,271787993,2060,4095,4095,0,1.00586,0.00000
534F4C31,29716,271792236,2051,4095,4095,0,1.00146,0.00000
534F4C31,29716,271794193,2051,4095,4095,0,1.00146,0.00000
534F4C31,29717,271797717,2060,4095,4095,0,1.00586,0.00000
534F4C31,29717,271801091,2056,4095,4095,0,1.00391,0.00000
534F4C31,29717,271804410,2058,4095,4095,0,1.00488,0.00000
534F4C31,29718,271807106,2051,4095,4095,0,1.00146,0.00000
534F4C31,29718,271811879,2056,4095,4095,0,1.00391,0.00000
534F4C31,29718,271814395,2056,4095,4095,0,1.00391,0.00000
534F4C31,29718,271816995,2063,4095,4095,0,1.00732,0.00000
534F4C31,29718,271819688,2062,4095,4095,0,1.00684,0.00000
534F4C31,29718,271821729,2058,4095,4095,0,1.00488,0.00000
534F4C31,29718,271823747,2060,4095,4095,0,1.00586,0.00000
534F4C31,29718,271825913,2055,4095,4095,0,1.00342,0.00000
534F4C31,29719,271828080,2063,4095,4095,0,1.00732,0.00000
534F4C31,29720,271831355,2055,4095,4095,0,1.00342,0.00000
534F4C31,29720,271835041,2057,4095,4095,0,1.00439,0.00000
534F4C31,29720,271837231,2053,4095,4095,0,1.00244,0.00000
534F4C31,29721,271841015,2060,4095,4095,0,1.00586,0.00000
534F4C31,29722,271844414,2062,4095,4095,0,1.00684,0.00000
534F4C31,29722,271846888,2062,4095,4095,0,1.00684,0.00000
534F4C31,29722,271850405,2054,4095,4095,0,1.00293,0.00000
534F4C31,29722,271853180,2052,4095,4095,0,1.00195,0.00000
534F4C31,29722,271856050,2060,4095,4095,0,1.00586,0.00000
534F4C31,29722,271858241,2054,4095,4095,0,1.00293,0.00000
534F4C31,29722,271860363,2057,4095,4095,0,1.00439,0.00000
534F4C31,29723,271862446,2062,4095,4095,0,1.00684,0.00000
534F4C31,29724,271865744,2059,4095,4095,0,1.00537,0.00000
534F4C31,29724,271869269,2053,4095,4095,0,1.00244,0.00000
534F4C31,29724,271871266,2060,4095,4095,0,1.00586,0.00000
534F4C31,29725,271874074,2054,4095,4095,0,1.00293,0.00000
534F4C31,29726,271876422,2052,4095,4095,0,1.00195,0.00000
534F4C31,29727,271881073,2061,4095,4095,0,1.00635,0.00000
534F4C31,29727,271884864,2061,4095,4095,0,1.00635,0.00000
534F4C31,29728,271887809,2056,4095,4095,0,1.00391,0.00000
534F4C31,29728,271890744,2060,4095,4095,0,1.00586,0.00000
534F4C31,29728,271894647,2064,4095,4095,0,1.00781,0.00000
534F4C31,29728,271896945,2049,4095,4095,0,1.00049,0.00000
534F4C31,29728,271899003,2058,4095,4095,0,1.00488,0.00000
534F4C31,29728,271901780,2058,4095,4095,0,1.00488,0.00000
534F4C31,29728,271903821,2056,4095,4095,0,1.00391,0.00000
534F4C31,29728,271905875,2061,4095,4095,0,1.00635,0.00000
534F4C31,29728,271907928,2052,4095,4095,0,1.00195,0.00000
534F4C31,29728,271909979,2055,4095,4095,0,1.00342,0.00000
534F4C31,29728,271912138,2058,4095,4095,0,1.00488,0.00000
534F4C31,29728,271914085,2059,4095,4095,0,1.00537,0.00000
534F4C31,29728,271916072,2056,4095,4095,0,1.00391,0.00000
534F4C31,29728,271918070,2063,4095,4095,0,1.00732,0.00000
534F4C31,29728,271920182,2052,4095,4095,0,1.00195,0.00000
534F4C31,29728,271922316,2059,4095,4095,0,1.00537,0.00000
534F4C31,29728,271924433,2059,4095,4095,0,1.00537,0.00000
534F4C31,29729,271926534,2052,4095,4095,0,1.00195,0.00000
534F4C31,29729,271929738,2058,4095,4095,0,1.00488,0.00000
534F4C31,29729,271932074,2059,4095,4095,0,1.00537,0.00000
534F4C31,29730,271934120,2052,4095,4095,0,1.00195,0.00000
534F4C31,29730,271937787,2058,4095,4095,0,1.00488,0.00000
534F4C31,29730,271940973,2059,4095,4095,0,1.00537,0.00000
534F4C31,29731,271944621,2055,4095,4095,0,1.00342,0.00000
534F4C31,29731,271948956,2060,4095,4095,0,1.00586,0.00000
534F4C31,29731,271952200,2057,4095,4095,0,1.00439,0.00000
534F4C31,29732,271956429,2047,4095,4095,0,0.99951,0.00000
534F4C31,29733,271961266,2057,4095,4095,0,1.00439,0.00000
534F4C31,29734,271969460,2056,4095,4095,0,1.00391,0.00000
534F4C31,29734,271974166,2058,4095,4095,0,1.00488,0.00000
534F4C31,29734,271976834,2056,4095,4095,0,1.00391,0.00000
534F4C31,29735,271981163,2059,4095,4095,0,1.00537,0.00000
534F4C31,29736,271983505,2051,4095,4095,0,1.00146,0.00000
534F4C31,29736,271988928,2060,4095,4095,0,1.00586,0.00000
534F4C31,29736,271992633,2060,4095,4095,0,1.00586,0.00000
534F4C31,29736,271994750,2056,4095,4095,0,1.00391,0.00000
534F4C31,29736,271997896,2053,4095,4095,0,1.00244,0.00000
534F4C31,29736,272000106,2057,4095,4095,0,1.00439,0.00000
534F4C31,29736,272002181,2061,4095,4095,0,1.00635,0.00000
534F4C31,29736,272004244,2051,4095,4095,0,1.00146,0.00000
534F4C31,29736,272006292,2061,4095,4095,0,1.00635,0.00000
534F4C31,29736,272008446,2055,4095,4095,0,1.00342,0.00000
534F4C31,29737,272010539,2061,4095,4095,0,1.00635,0.00000
534F4C31,29737,272014324,2054,4095,4095,0,1.00293,0.00000
534F4C31,29737,272017242,2055,4095,4095,0,1.00342,0.00000
534F4C31,29737,272019304,2058,4095,4095,0,1.00488,0.00000
534F4C31,29737,272021300,2050,4095,4095,0,1.00098,0.00000
534F4C31,29737,272023346,2056,4095,4095,0,1.00391,0.00000
534F4C31,29738,272026311,2057,4095,4095,0,1.00439,0.00000
534F4C31,29739,272030074,2060,4095,4095,0,1.00586,0.00000
534F4C31,29740,272034060,2056,4095,4095,0,1.00391,0.00000
534F4C31,29740,272040321,2061,4095,4095,0,1.00635,0.00000
534F4C31,29740,272043198,2060,4095,4095,0,1.00586,0.00000
534F4C31,29740,272045604,2064,4095,4095,0,1.00781,0.00000
534F4C31,29740,272048527,2052,4095,4095,0,1.00195,0.00000
534F4C31,29740,272050712,2050,4095,4095,0,1.00098,0.00000
534F4C31,29740,272052798,2054,4095,4095,0,1.00293,0.00000
534F4C31,29741,272054986,2057,4095,4095,0,1.00439,0.00000
534F4C31,29742,272059305,2055,4095,4095,0,1.00342,0.00000
534F4C31,29742,272063144,2060,4095,4095,0,1.00586,0.00000
534F4C31,29742,272065673,2062,4095,4095,0,1.00684,0.00000
534F4C31,29742,272069289,2054,4095,4095,0,1.00293,0.00000
534F4C31,29742,272072088,2050,4095,4095,0,1.00098,0.00000
534F4C31,29742,272074207,2056,4095,4095,0,1.00391,0.00000
534F4C31,29742,272076732,2055,4095,4095,0,1.00342,0.00000
534F4C31,29742,272079053,2053,4095,4095,0,1.00244,0.00000
534F4C31,29742,272081041,2061,4095,4095,0,1.00635,0.00000
534F4C31,29742,272083142,2056,4095,4095,0,1.00391,0.00000
534F4C31,29742,272085157,2057,4095,4095,0,1.00439,0.00000
534F4C31,29742,272087187,2054,4095,4095,0,1.00293,0.00000
534F4C31,29742,272089266,2064,4095,4095,0,1.00781,0.00000
534F4C31,29742,272091358,2060,4095,4095,0,1.00586,0.00000
534F4C31,29742,272093494,2060,4095,4095,0,1.00586,0.00000
534F4C31,29742,272095467,2062,4095,4095,0,1.00684,0.00000
534F4C31,29742,272097527,2052,4095,4095,0,1.00195,0.00000
534F4C31,29742,272099591,2057,4095,4095,0,1.00439,0.00000
534F4C31,29742,272101692,2058,4095,4095,0,1.00488,0.00000
534F4C31,29742,272103764,2062,4095,4095,0,1.00684,0.00000
534F4C31,29742,272105889,2052,4095,4095,0,1.00195,0.00000
534F4C31,29742,272108012,2060,4095,4095,0,1.00586,0.00000
534F4C31,29742,272110054,2054,4095,4095,0,1.00293,0.00000
534F4C31,29743,272112168,2063,4095,4095,0,1.00732,0.00000
534F4C31,29744,272116413,2058,4095,4095,0,1.00488,0.00000
534F4C31,29744,272119908,2063,4095,4095,0,1.00732,0.00000
534F4C31,29744,272122967,2059,4095,4095,0,1.00537,0.00000
534F4C31,29744,272125087,2056,4095,4095,0,1.00391,0.00000
534F4C31,29744,272127626,2057,4095,4095,0,1.00439,0.00000
534F4C31,29744,272129937,2053,4095,4095,0,1.00244,0.00000
534F4C31,29744,272131957,2063,4095,4095,0,1.00732,0.00000
534F4C31,29744,272134156,2057,4095,4095,0,1.00439,0.00000
534F4C31,29744,272136224,2056,4095,4095,0,1.00391,0.00000
534F4C31,29744,272138419,2059,4095,4095,0,1.00537,0.00000
534F4C31,29745,272140544,2059,4095,4095,0,1.00537,0.00000
534F4C31,29746,272143757,2061,4095,4095,0,1.00635,0.00000
534F4C31,29746,272147718,2059,4095,4095,0,1.00537,0.00000
534F4C31,29746,272150033,2059,4095,4095,0,1.00537,0.00000
534F4C31,29747,272152835,2053,4095,4095,0,1.00244,0.00000
534F4C31,29747,272156781,2053,4095,4095,0,1.00244,0.00000
534F4C31,29747,272158919,2063,4095,4095,0,1.00732,0.00000
534F4C31,29747,272160964,2055,4095,4095,0,1.00342,0.00000
534F4C31,29747,272163555,2056,4095,4095,0,1.00391,0.00000
534F4C31,29747,272165666,2061,4095,4095,0,1.00635,0.00000
534F4C31,29747,272167778,2051,4095,4095,0,1.00146,0.00000
534F4C31,29747,272169886,2061,4095,4095,0,1.00635,0.00000
534F4C31,29747,272172041,2054,4095,4095,0,1.00293,0.00000
534F4C31,29747,272174230,2058,4095,4095,0,1.00488,0.00000
534F4C31,29747,272176251,2051,4095,4095,0,1.00146,0.00000
534F4C31,29747,272178317,2062,4095,4095,0,1.00684,0.00000
534F4C31,29748,272180307,2057,4095,4095,0,1.00439,0.00000
534F4C31,29749,272183508,2055,4095,4095,0,1.00342,0.00000
534F4C31,29750,272186465,2060,4095,4095,0,1.00586,0.00000
534F4C31,29751,272190763,2052,4095,4095,0,1.00195,0.00000
534F4C31,29752,272194254,2056,4095,4095,0,1.00391,0.00000
534F4C31,29753,272198705,2061,4095,4095,0,1.00635,0.00000
534F4C31,29754,272202809,2050,4095,4095,0,1.00098,0.00000
534F4C31,29755,272206092,2053,4095,4095,0,1.00244,0.00000
534F4C31,29756,272210939,2054,4095,4095,0,1.00293,0.00000
534F4C31,29757,272215316,2057,4095,4095,0,1.00439,0.00000
534F4C31,29758,272221083,2056,4095,4095,0,1.00391,0.00000
534F4C31,29758,272224029,2057,4095,4095,0,1.00439,0.00000
534F4C31,29758,272228842,2063,4095,4095,0,1.00732,0.00000
534F4C31,29759,272231542,2052,4095,4095,0,1.00195,0.00000
534F4C31,29760,272239139,2051,4095,4095,0,1.00146,0.00000
534F4C31,29761,272243657,2057,4095,4095,0,1.00439,0.00000
534F4C31,29761,272250151,2057,4095,4095,0,1.00439,0.00000
534F4C31,29761,272255279,2060,4095,4095,0,1.00586,0.00000
534F4C31,29762,272257429,2049,4095,4095,0,1.00049,0.00000
534F4C31,29763,272262033,2054,4095,4095,0,1.00293,0.00000
534F4C31,29763,272266578,2062,4095,4095,0,1.00684,0.00000
534F4C31,29763,272268630,2059,4095,4095,0,1.00537,0.00000
534F4C31,29763,272271581,2061,4095,4095,0,1.00635,0.00000
534F4C31,29763,272276148,2064,4095,4095,0,1.00781,0.00000
534F4C31,29763,272278339,2056,4095,4095,0,1.00391,0.00000
534F4C31,29763,272280414,2054,4095,4095,0,1.00293,0.00000
534F4C31,29764,272283132,2059,4095,4095,0,1.00537,0.00000
534F4C31,29765,272286497,2061,4095,4095,0,1.00635,0.00000
534F4C31,29766,272290904,2050,4095,4095,0,1.00098,0.00000
534F4C31,29767,272297363,2061,4095,4095,0,1.00635,0.00000
534F4C31,29767,272301201,2055,4095,4095,0,1.00342,0.00000
534F4C31,29768,272305846,2054,4095,4095,0,1.00293,0.00000
534F4C31,29769,272308882,2051,4095,4095,0,1.00146,0.00000
534F4C31,29770,272314957,2060,4095,4095,0,1.00586,0.00000
534F4C31,29770,272319348,2058,4095,4095,0,1.00488,0.00000
534F4C31,29770,272323878,2057,4095,4095,0,1.00439,0.00000
534F4C31,29770,272326573,2060,4095,4095,0,1.00586,0.00000
534F4C31,29770,272329385,2064,4095,4095,0,1.00781,0.00000
534F4C31,29771,272331611,2057,4095,4095,0,1.00439,0.00000
534F4C31,29771,272336281,2056,4095,4095,0,1.00391,0.00000
534F4C31,29771,272338933,2058,4095,4095,0,1.00488,0.00000
534F4C31,29772,272341093,2060,4095,4095,0,1.00586,0.00000
534F4C31,29773,272345125,2055,4095,4095,0,1.00342,0.00000
534F4C31,29773,272348640,2057,4095,4095,0,1.00439,0.00000
534F4C31,29773,272351245,2057,4095,4095,0,1.00439,0.00000
534F4C31,29773,272353992,2060,4095,4095,0,1.00586,0.00000
534F4C31,29773,272356816,2059,4095,4095,0,1.00537,0.00000
534F4C31,29773,272359033,2057,4095,4095,0,1.00439,0.00000
534F4C31,29773,272361127,2061,4095,4095,0,1.00635,0.00000
534F4C31,29773,272363184,2056,4095,4095,0,1.00391,0.00000
534F4C31,29773,272365281,2056,4095,4095,0,1.00391,0.00000
534F4C31,29773,272367154,2057,4095,4095,0,1.00439,0.00000
534F4C31,29773,272369095,2059,4095,4095,0,1.00537,0.00000
534F4C31,29773,272371209,2061,4095,4095,0,1.00635,0.00000
534F4C31,29773,272373211,2058,4095,4095,0,1.00488,0.00000
534F4C31,29773,272375341,2061,4095,4095,0,1.00635,0.00000
534F4C31,29774,272377389,2054,4095,4095,0,1.00293,0.00000
534F4C31,29775,272379393,2059,4095,4095,0,1.00537,0.00000
534F4C31,29776,272383906,2061,4095,4095,0,1.00635,0.00000
534F4C31,29777,272387366,2054,4095,4095,0,1.00293,0.00000
534F4C31,29777,272392700,2058,4095,4095,0,1.00488,0.00000
534F4C31,29778,272395754,2060,4095,4095,0,1.00586,0.00000
534F4C31,29779,272398669,2052,4095,4095,0,1.00195,0.00000
534F4C31,29780,272402402,2057,4095,4095,0,1.00439,0.00000
534F4C31,29780,272407934,2062,4095,4095,0,1.00684,0.00000
534F4C31,29780,272410830,2062,4095,4095,0,1.00684,0.00000
534F4C31,29780,272412929,2054,4095,4095,0,1.00293,0.00000
534F4C31,29780,272415659,2062,4095,4095,0,1.00684,0.00000
534F4C31,29780,272417744,2061,4095,4095,0,1.00635,0.00000
534F4C31,29780,272419791,2059,4095,4095,0,1.00537,0.00000
534F4C31,29780,272421966,2058,4095,4095,0,1.00488,0.00000
534F4C31,29780,272424090,2049,4095,4095,0,1.00049,0.00000
534F4C31,29780,272426177,2059,4095,4095,0,1.00537,0.00000
534F4C31,29780,272428272,2057,4095,4095,0,1.00439,0.00000
534F4C31,29780,272430333,2062,4095,4095,0,1.00684,0.00000
534F4C31,29780,272432519,2051,4095,4095,0,1.00146,0.00000
534F4C31,29781,272434706,2060,4095,4095,0,1.00586,0.00000
534F4C31,29782,272438052,2060,4095,4095,0,1.00586,0.00000
534F4C31,29783,272441553,2057,4095,4095,0,1.00439,0.00000
534F4C31,29783,272445810,2054,4095,4095,0,1.00293,0.00000
534F4C31,29783,272448728,2056,4095,4095,0,1.00391,0.00000
534F4C31,29783,272451378,2055,4095,4095,0,1.00342,0.00000
534F4C31,29783,272453980,2061,4095,4095,0,1.00635,0.00000
534F4C31,29783,272456053,2054,4095,4095,0,1.00293,0.00000
534F4C31,29783,272458348,2053,4095,4095,0,1.00244,0.00000
534F4C31,29784,272460432,2057,4095,4095,0,1.00439,0.00000
534F4C31,29784,272463441,2057,4095,4095,0,1.00439,0.00000
534F4C31,29784,272466133,2063,4095,4095,0,1.00732,0.00000
534F4C31,29785,272469155,2058,4095,4095,0,1.00488,0.00000
534F4C31,29786,272473431,2061,4095,4095,0,1.00635,0.00000
534F4C31,29786,272478526,2063,4095,4095,0,1.00732,0.00000
534F4C31,29787,272482840,2055,4095,4095,0,1.00342,0.00000
534F4C31,29788,272485167,2062,4095,4095,0,1.00684,0.00000
534F4C31,29789,272493253,2063,4095,4095,0,1.00732,0.00000
534F4C31,29789,272502408,2054,4095,4095,0,1.00293,0.00000
534F4C31,29789,272504759,2060,4095,4095,0,1.00586,0.00000
534F4C31,29790,272507525,2051,4095,4095,0,1.00146,0.00000
534F4C31,29791,272511624,2056,4095,4095,0,1.00391,0.00000
534F4C31,29791,272515395,2051,4095,4095,0,1.00146,0.00000
534F4C31,29791,272519643,2057,4095,4095,0,1.00439,0.00000
534F4C31,29791,272522547,2060,4095,4095,0,1.00586,0.00000
534F4C31,29791,272525281,2058,4095,4095,0,1.00488,0.00000
534F4C31,29791,272527663,2056,4095,4095,0,1.00391,0.00000
534F4C31,29791,272529709,2054,4095,4095,0,1.00293,0.00000
534F4C31,29791,272531845,2059,4095,4095,0,1.00537,0.00000
534F4C31,29791,272533916,2056,4095,4095,0,1.00391,0.00000
534F4C31,29791,272535840,2054,4095,4095,0,1.00293,0.00000
534F4C31,29791,272537629,2048,4095,4095,0,1.00000,0.00000
534F4C31,29791,272539672,2059,4095,4095,0,1.00537,0.00000
534F4C31,29791,272541785,2056,4095,4095,0,1.00391,0.00000
534F4C31,29791,272543725,2056,4095,4095,0,1.00391,0.00000
534F4C31,29791,272545708,2062,4095,4095,0,1.00684,0.00000
534F4C31,29791,272547726,2057,4095,4095,0,1.00439,0.00000
534F4C31,29791,272549858,2067,4095,4095,0,1.00928,0.00000
534F4C31,29791,272551960,2054,4095,4095,0,1.00293,0.00000
534F4C31,29791,272554010,2058,4095,4095,0,1.00488,0.00000
534F4C31,29791,272556515,2050,4095,4095,0,1.00098,0.00000
534F4C31,29791,272558705,2057,4095,4095,0,1.00439,0.00000
534F4C31,29791,272560862,2057,4095,4095,0,1.00439,0.00000
534F4C31,29791,272562894,2056,4095,4095,0,1.00391,0.00000
534F4C31,29791,272564894,2052,4095,4095,0,1.00195,0.00000
534F4C31,29791,272566955,2060,4095,4095,0,1.00586,0.00000
534F4C31,29791,272569035,2063,4095,4095,0,1.00732,0.00000
534F4C31,29792,272571200,2055,4095,4095,0,1.00342,0.00000
534F4C31,29792,272575467,2059,4095,4095,0,1.00537,0.00000
534F4C31,29792,272577696,2060,4095,4095,0,1.00586,0.00000
534F4C31,29793,272579759,2055,4095,4095,0,1.00342,0.00000
534F4C31,29794,272583515,2061,4095,4095,0,1.00635,0.00000
534F4C31,29795,272588224,2051,4095,4095,0,1.00146,0.00000
534F4C31,29795,272594025,2057,4095,4095,0,1.00439,0.00000
534F4C31,29795,272596921,2051,4095,4095,0,1.00146,0.00000
534F4C31,29795,272599780,2060,4095,4095,0,1.00586,0.00000
534F4C31,29795,272602081,2057,4095,4095,0,1.00439,0.00000
534F4C31,29796,272604101,2060,4095,4095,0,1.00586,0.00000
534F4C31,29797,272607329,2059,4095,4095,0,1.00537,0.00000
534F4C31,29797,272611596,2052,4095,4095,0,1.00195,0.00000
534F4C31,29797,272613870,2056,4095,4095,0,1.00391,0.00000
534F4C31,29798,272618132,2060,4095,4095,0,1.00586,0.00000
534F4C31,29799,272621795,2056,4095,4095,0,1.00391,0.00000
534F4C31,29799,272625354,2059,4095,4095,0,1.00537,0.00000
534F4C31,29799,272628146,2059,4095,4095,0,1.00537,0.00000
534F4C31,29800,272632258,2048,4095,4095,0,1.00000,0.00000
534F4C31,29801,272635911,2060,4095,4095,0,1.00586,0.00000
534F4C31,29801,272639436,2057,4095,4095,0,1.00439,0.00000
534F4C31,29801,272642970,2050,4095,4095,0,1.00098,0.00000
534F4C31,29801,272645152,2054,4095,4095,0,1.00293,0.00000
534F4C31,29801,272647925,2060,4095,4095,0,1.00586,0.00000
534F4C31,29801,272650090,2059,4095,4095,0,1.00537,0.00000
534F4C31,29801,272652206,2060,4095,4095,0,1.00586,0.00000
534F4C31,29802,272654364,2064,4095,4095,0,1.00781,0.00000
534F4C31,29802,272657696,2057,4095,4095,0,1.00439,0.00000
534F4C31,29802,272660415,2048,4095,4095,0,1.00000,0.00000
534F4C31,29803,272662512,2061,4095,4095,0,1.00635,0.00000
534F4C31,29803,272666493,2058,4095,4095,0,1.00488,0.00000
534F4C31,29803,272668704,2051,4095,4095,0,1.00146,0.00000
534F4C31,29804,272670821,2059,4095,4095,0,1.00537,0.00000
534F4C31,29804,272674964,2053,4095,4095,0,1.00244,0.00000
534F4C31,29804,272677194,2054,4095,4095,0,1.00293,0.00000
534F4C31,29804,272679238,2059,4095,4095,0,1.00537,0.00000
534F4C31,29804,272681861,2058,4095,4095,0,1.00488,0.00000
534F4C31,29804,272684162,2055,4095,4095,0,1.00342,0.00000
534F4C31,29804,272686210,2062,4095,4095,0,1.00684,0.00000
534F4C31,29804,272688306,2060,4095,4095,0,1.00586,0.00000
534F4C31,29804,272690366,2054,4095,4095,0,1.00293,0.00000
534F4C31,29804,272692508,2061,4095,4095,0,1.00635,0.00000
534F4C31,29804,272694454,2062,4095,4095,0,1.00684,0.00000
534F4C31,29804,272696516,2056,4095,4095,0,1.00391,0.00000
534F4C31,29804,272698468,2057,4095,4095,0,1.00439,0.00000
534F4C31,29805,272700526,2052,4095,4095,0,1.00195,0.00000
534F4C31,29805,272703819,2058,4095,4095,0,1.00488,0.00000
534F4C31,29805,272706010,2057,4095,4095,0,1.00439,0.00000
534F4C31,29805,272708100,2056,4095,4095,0,1.00391,0.00000
534F4C31,29806,272710072,2061,4095,4095,0,1.00635,0.00000
534F4C31,29807,272713313,2058,4095,4095,0,1.00488,0.00000
534F4C31,29808,272717270,2055,4095,4095,0,1.00342,0.00000
534F4C31,29809,272720383,2059,4095,4095,0,1.00537,0.00000
534F4C31,29810,272723235,2057,4095,4095,0,1.00439,0.00000
534F4C31,29811,272726158,2059,4095,4095,0,1.00537,0.00000
534F4C31,29812,272730737,2058,4095,4095,0,1.00488,0.00000
534F4C31,29813,272734938,2059,4095,4095,0,1.00537,0.00000
534F4C31,29814,272738465,2059,4095,4095,0,1.00537,0.00000
534F4C31,29815,272742518,2061,4095,4095,0,1.00635,0.00000
534F4C31,29816,272746931,2053,4095,4095,0,1.00244,0.00000
534F4C31,29817,272751829,2055,4095,4095,0,1.00342,0.00000
534F4C31,29818,272755275,2053,4095,4095,0,1.00244,0.00000
534F4C31,29819,272762860,2061,4095,4095,0,1.00635,0.00000
534F4C31,29819,272767072,2052,4095,4095,0,1.00195,0.00000
534F4C31,29820,272769218,2063,4095,4095,0,1.00732,0.00000
534F4C31,29821,272773508,2059,4095,4095,0,1.00537,0.00000
534F4C31,29822,272778816,2058,4095,4095,0,1.00488,0.00000
534F4C31,29823,272785090,2056,4095,4095,0,1.00391,0.00000
534F4C31,29824,272789776,2063,4095,4095,0,1.00732,0.00000
534F4C31,29825,272795980,2051,4095,4095,0,1.00146,0.00000
534F4C31,29826,272800617,2060,4095,4095,0,1.00586,0.00000
534F4C31,29827,272806469,2050,4095,4095,0,1.00098,0.00000
534F4C31,29828,272814188,2061,4095,4095,0,1.00635,0.00000
534F4C31,29829,272823081,2052,4095,4095,0,1.00195,0.00000
534F4C31,29830,272828202,2059,4095,4095,0,1.00537,0.00000
534F4C31,29831,272833619,2051,4095,4095,0,1.00146,0.00000
534F4C31,29831,272838760,2053,4095,4095,0,1.00244,0.00000
534F4C31,29831,272842490,2058,4095,4095,0,1.00488,0.00000
534F4C31,29831,272844643,2058,4095,4095,0,1.00488,0.00000
534F4C31,29831,272847904,2058,4095,4095,0,1.00488,0.00000
534F4C31,29831,272850049,2059,4095,4095,0,1.00537,0.00000
534F4C31,29831,272851851,2050,4095,4095,0,1.00098,0.00000
534F4C31,29831,272853853,2057,4095,4095,0,1.00439,0.00000
534F4C31,29831,272855935,2056,4095,4095,0,1.00391,0.00000
534F4C31,29832,272858130,2056,4095,4095,0,1.00391,0.00000
534F4C31,29833,272862408,2051,4095,4095,0,1.00146,0.00000
534F4C31,29833,272867556,2063,4095,4095,0,1.00732,0.00000
534F4C31,29833,272870773,2058,4095,4095,0,1.00488,0.00000
534F4C31,29833,272873776,2063,4095,4095,0,1.00732,0.00000
534F4C31,29833,272875957,2059,4095,4095,0,1.00537,0.00000
534F4C31,29833,272877937,2053,4095,4095,0,1.00244,0.00000
534F4C31,29833,272879953,2057,4095,4095,0,1.00439,0.00000
534F4C31,29833,272882058,2058,4095,4095,0,1.00488,0.00000
534F4C31,29833,272884277,2058,4095,4095,0,1.00488,0.00000
534F4C31,29833,272887523,2048,4095,4095,0,1.00000,0.00000
534F4C31,29833,272889596,2050,4095,4095,0,1.00098,0.00000
534F4C31,29833,272891652,2060,4095,4095,0,1.00586,0.00000
534F4C31,29833,272893734,2057,4095,4095,0,1.00439,0.00000
534F4C31,29834,272896330,2061,4095,4095,0,1.00635,0.00000
534F4C31,29835,272901131,2049,4095,4095,0,1.00049,0.00000
534F4C31,29835,272904871,2058,4095,4095,0,1.00488,0.00000
534F4C31,29835,272909536,2060,4095,4095,0,1.00586,0.00000
534F4C31,29835,272911728,2058,4095,4095,0,1.00488,0.00000
534F4C31,29835,272914620,2057,4095,4095,0,1.00439,0.00000
534F4C31,29835,272916756,2059,4095,4095,0,1.00537,0.00000
534F4C31,29835,272918754,2059,4095,4095,0,1.00537,0.00000
534F4C31,29835,272920772,2054,4095,4095,0,1.00293,0.00000
534F4C31,29835,272922864,2058,4095,4095,0,1.00488,0.00000
534F4C31,29835,272924953,2055,4095,4095,0,1.00342,0.00000
534F4C31,29835,272927006,2057,4095,4095,0,1.00439,0.00000
534F4C31,29835,272929105,2057,4095,4095,0,1.00439,0.00000
534F4C31,29835,272931163,2058,4095,4095,0,1.00488,0.00000
534F4C31,29835,272933211,2052,4095,4095,0,1.00195,0.00000
534F4C31,29835,272935272,2056,4095,4095,0,1.00391,0.00000
534F4C31,29835,272937322,2052,4095,4095,0,1.00195,0.00000
534F4C31,29836,272939382,2059,4095,4095,0,1.00537,0.00000
534F4C31,29837,272943877,2056,4095,4095,0,1.00391,0.00000
534F4C31,29838,272948301,2061,4095,4095,0,1.00635,0.00000
534F4C31,29838,272951463,2061,4095,4095,0,1.00635,0.00000
534F4C31,29838,272954212,2055,4095,4095,0,1.00342,0.00000
534F4C31,29838,272956408,2052,4095,4095,0,1.00195,0.00000
534F4C31,29838,272959124,2062,4095,4095,0,1.00684,0.00000
534F4C31,29838,272961180,2055,4095,4095,0,1.00342,0.00000
534F4C31,29838,272963208,2060,4095,4095,0,1.00586,0.00000
534F4C31,29838,272965617,2058,4095,4095,0,1.00488,0.00000
534F4C31,29838,272967718,2062,4095,4095,0,1.00684,0.00000
534F4C31,29838,272969939,2059,4095,4095,0,1.00537,0.00000
534F4C31,29838,272972033,2055,4095,4095,0,1.00342,0.00000
534F4C31,29839,272974289,2060,4095,4095,0,1.00586,0.00000
534F4C31,29840,272977487,2054,4095,4095,0,1.00293,0.00000
534F4C31,29840,272981082,2052,4095,4095,0,1.00195,0.00000
534F4C31,29840,272983277,2050,4095,4095,0,1.00098,0.00000
534F4C31,29840,272985982,2059,4095,4095,0,1.00537,0.00000
534F4C31,29840,272988143,2055,4095,4095,0,1.00342,0.00000
534F4C31,29840,272990159,2057,4095,4095,0,1.00439,0.00000
534F4C31,29840,272992258,2053,4095,4095,0,1.00244,0.00000
534F4C31,29840,272994308,2052,4095,4095,0,1.00195,0.00000
534F4C31,29840,272996428,2057,4095,4095,0,1.00439,0.00000
534F4C31,29840,272998317,2057,4095,4095,0,1.00439,0.00000
534F4C31,29840,273000351,2059,4095,4095,0,1.00537,0.00000
534F4C31,29840,273002407,2056,4095,4095,0,1.00391,0.00000
534F4C31,29840,273004386,2056,4095,4095,0,1.00391,0.00000
534F4C31,29840,273006421,2053,4095,4095,0,1.00244,0.00000
534F4C31,29840,273008459,2056,4095,4095,0,1.00391,0.00000
534F4C31,29840,273010573,2057,4095,4095,0,1.00439,0.00000
534F4C31,29841,273012635,2062,4095,4095,0,1.00684,0.00000
534F4C31,29841,273015833,2051,4095,4095,0,1.00146,0.00000
534F4C31,29841,273018090,2055,4095,4095,0,1.00342,0.00000
534F4C31,29841,273020143,2058,4095,4095,0,1.00488,0.00000
534F4C31,29841,273022863,2057,4095,4095,0,1.00439,0.00000
534F4C31,29841,273024988,2062,4095,4095,0,1.00684,0.00000
534F4C31,29841,273027048,2057,4095,4095,0,1.00439,0.00000
534F4C31,29841,273029098,2061,4095,4095,0,1.00635,0.00000
534F4C31,29841,273031181,2056,4095,4095,0,1.00391,0.00000
534F4C31,29841,273033228,2058,4095,4095,0,1.00488,0.00000
534F4C31,29841,273035220,2058,4095,4095,0,1.00488,0.00000
534F4C31,29841,273037310,2058,4095,4095,0,1.00488,0.00000
534F4C31,29841,273039309,2058,4095,4095,0,1.00488,0.00000
534F4C31,29841,273041397,2050,4095,4095,0,1.00098,0.00000
534F4C31,29842,273043544,2058,4095,4095,0,1.00488,0.00000
534F4C31,29842,273046763,2060,4095,4095,0,1.00586,0.00000
534F4C31,29842,273049132,2061,4095,4095,0,1.00635,0.00000
534F4C31,29842,273051253,2060,4095,4095,0,1.00586,0.00000
534F4C31,29842,273053082,2054,4095,4095,0,1.00293,0.00000
534F4C31,29842,273055687,2061,4095,4095,0,1.00635,0.00000
534F4C31,29842,273057748,2055,4095,4095,0,1.00342,0.00000
534F4C31,29842,273059761,2057,4095,4095,0,1.00439,0.00000
534F4C31,29842,273061921,2054,4095,4095,0,1.00293,0.00000
534F4C31,29842,273063883,2054,4095,4095,0,1.00293,0.00000
534F4C31,29842,273065713,2057,4095,4095,0,1.00439,0.00000
534F4C31,29842,273068165,2060,4095,4095,0,1.00586,0.00000
534F4C31,29842,273070245,2057,4095,4095,0,1.00439,0.00000
534F4C31,29843,273072448,2056,4095,4095,0,1.00391,0.00000
534F4C31,29844,273075007,2064,4095,4095,0,1.00781,0.00000
534F4C31,29845,273080382,2057,4095,4095,0,1.00439,0.00000
534F4C31,29846,273085767,2057,4095,4095,0,1.00439,0.00000
534F4C31,29847,273092174,2066,4095,4095,0,1.00879,0.00000
534F4C31,29847,273095971,2061,4095,4095,0,1.00635,0.00000
534F4C31,29847,273098305,2053,4095,4095,0,1.00244,0.00000
534F4C31,29848,273102859,2057,4095,4095,0,1.00439,0.00000
534F4C31,29849,273106366,2065,4095,4095,0,1.00830,0.00000
534F4C31,29850,273109764,2058,4095,4095,0,1.00488,0.00000
534F4C31,29851,273116402,2058,4095,4095,0,1.00488,0.00000
534F4C31,29852,273120457,2052,4095,4095,0,1.00195,0.00000
534F4C31,29853,273126496,2054,4095,4095,0,1.00293,0.00000
534F4C31,29854,273130498,2055,4095,4095,0,1.00342,0.00000
534F4C31,29855,273135470,2055,4095,4095,0,1.00342,0.00000
534F4C31,29856,273139633,2056,4095,4095,0,1.00391,0.00000
534F4C31,29857,273143565,2048,4095,4095,0,1.00000,0.00000
534F4C31,29858,273149450,2056,4095,4095,0,1.00391,0.00000
534F4C31,29859,273152972,2060,4095,4095,0,1.00586,0.00000
534F4C31,29860,273162763,2055,4095,4095,0,1.00342,0.00000
534F4C31,29861,273171952,2053,4095,4095,0,1.00244,0.00000
534F4C31,29861,273176811,2062,4095,4095,0,1.00684,0.00000
534F4C31,29861,273179004,2060,4095,4095,0,1.00586,0.00000
534F4C31,29861,273181795,2054,4095,4095,0,1.00293,0.00000
534F4C31,29861,273184745,2055,4095,4095,0,1.00342,0.00000
534F4C31,29862,273187008,2059,4095,4095,0,1.00537,0.00000
534F4C31,29863,273190324,2058,4095,4095,0,1.00488,0.00000
534F4C31,29864,273194184,2055,4095,4095,0,1.00342,0.00000
534F4C31,29864,273199862,2055,4095,4095,0,1.00342,0.00000
534F4C31,29864,273202548,2051,4095,4095,0,1.00146,0.00000
534F4C31,29865,273205558,2050,4095,4095,0,1.00098,0.00000
534F4C31,29865,273209985,2057,4095,4095,0,1.00439,0.00000
534F4C31,29865,273212209,2058,4095,4095,0,1.00488,0.00000
534F4C31,29865,273214246,2060,4095,4095,0,1.00586,0.00000
534F4C31,29865,273217367,2055,4095,4095,0,1.00342,0.00000
534F4C31,29865,273219462,2056,4095,4095,0,1.00391,0.00000
534F4C31,29865,273221559,2058,4095,4095,0,1.00488,0.00000
534F4C31,29865,273223530,2054,4095,4095,0,1.00293,0.00000
534F4C31,29865,273225618,2059,4095,4095,0,1.00537,0.00000
534F4C31,29865,273227724,2049,4095,4095,0,1.00049,0.00000
534F4C31,29865,273229725,2064,4095,4095,0,1.00781,0.00000
534F4C31,29865,273231763,2052,4095,4095,0,1.00195,0.00000
534F4C31,29865,273233735,2063,4095,4095,0,1.00732,0.00000
534F4C31,29865,273235742,2055,4095,4095,0,1.00342,0.00000
534F4C31,29865,273237824,2062,4095,4095,0,1.00684,0.00000
534F4C31,29865,273239920,2058,4095,4095,0,1.00488,0.00000
534F4C31,29866,273242231,2056,4095,4095,0,1.00391,0.00000
534F4C31,29867,273246626,2062,4095,4095,0,1.00684,0.00000
534F4C31,29867,273251424,2062,4095,4095,0,1.00684,0.00000
534F4C31,29868,273253699,2060,4095,4095,0,1.00586,0.00000
534F4C31,29868,273257936,2060,4095,4095,0,1.00586,0.00000
534F4C31,29868,273261780,2059,4095,4095,0,1.00537,0.00000
534F4C31,29869,273265071,2058,4095,4095,0,1.00488,0.00000
534F4C31,29870,273269696,2058,4095,4095,0,1.00488,0.00000
534F4C31,29871,273274438,2064,4095,4095,0,1.00781,0.00000
534F4C31,29871,273280553,2058,4095,4095,0,1.00488,0.00000
534F4C31,29871,273283865,2055,4095,4095,0,1.00342,0.00000
534F4C31,29872,273286258,2049,4095,4095,0,1.00049,0.00000
534F4C31,29872,273289558,2060,4095,4095,0,1.00586,0.00000
534F4C31,29872,273291765,2058,4095,4095,0,1.00488,0.00000
534F4C31,29872,273293755,2061,4095,4095,0,1.00635,0.00000
534F4C31,29872,273296439,2059,4095,4095,0,1.00537,0.00000
534F4C31,29872,273298557,2054,4095,4095,0,1.00293,0.00000
534F4C31,29872,273300692,2060,4095,4095,0,1.00586,0.00000
534F4C31,29872,273302798,2058,4095,4095,0,1.00488,0.00000
534F4C31,29872,273304895,2056,4095,4095,0,1.00391,0.00000
534F4C31,29873,273307094,2062,4095,4095,0,1.00684,0.00000
534F4C31,29874,273310261,2053,4095,4095,0,1.00244,0.00000
534F4C31,29874,273313973,2056,4095,4095,0,1.00391,0.00000
534F4C31,29874,273316766,2061,4095,4095,0,1.00635,0.00000
534F4C31,29874,273318931,2063,4095,4095,0,1.00732,0.00000
534F4C31,29874,273321711,2050,4095,4095,0,1.00098,0.00000
534F4C31,29874,273323829,2060,4095,4095,0,1.00586,0.00000
534F4C31,29874,273325926,2057,4095,4095,0,1.00439,0.00000
534F4C31,29874,273327970,2063,4095,4095,0,1.00732,0.00000
534F4C31,29874,273330057,2054,4095,4095,0,1.00293,0.00000
534F4C31,29875,273332135,2051,4095,4095,0,1.00146,0.00000
534F4C31,29875,273335126,2058,4095,4095,0,1.00488,0.00000
534F4C31,29875,273337736,2053,4095,4095,0,1.00244,0.00000
534F4C31,29875,273339900,2054,4095,4095,0,1.00293,0.00000
534F4C31,29875,273341970,2059,4095,4095,0,1.00537,0.00000
534F4C31,29875,273344664,2051,4095,4095,0,1.00146,0.00000
534F4C31,29875,273346767,2063,4095,4095,0,1.00732,0.00000
534F4C31,29875,273348750,2063,4095,4095,0,1.00732,0.00000
534F4C31,29875,273350818,2060,4095,4095,0,1.00586,0.00000
534F4C31,29875,273352924,2056,4095,4095,0,1.00391,0.00000
534F4C31,29875,273355045,2060,4095,4095,0,1.00586,0.00000
534F4C31,29875,273356987,2056,4095,4095,0,1.00391,0.00000
534F4C31,29875,273358865,2057,4095,4095,0,1.00439,0.00000
534F4C31,29875,273360939,2057,4095,4095,0,1.00439,0.00000
534F4C31,29875,273363095,2060,4095,4095,0,1.00586,0.00000
534F4C31,29875,273365144,2051,4095,4095,0,1.00146,0.00000
534F4C31,29875,273367202,2054,4095,4095,0,1.00293,0.00000
534F4C31,29875,273369267,2055,4095,4095,0,1.00342,0.00000
534F4C31,29875,273371298,2057,4095,4095,0,1.00439,0.00000
534F4C31,29875,273373186,2059,4095,4095,0,1.00537,0.00000
534F4C31,29876,273375630,2059,4095,4095,0,1.00537,0.00000
534F4C31,29876,273378609,2063,4095,4095,0,1.00732,0.00000
534F4C31,29876,273381366,2060,4095,4095,0,1.00586,0.00000
534F4C31,29876,273383571,2055,4095,4095,0,1.00342,0.00000
534F4C31,29876,273385715,2057,4095,4095,0,1.00439,0.00000
534F4C31,29876,273388422,2051,4095,4095,0,1.00146,0.00000
534F4C31,29876,273390516,2053,4095,4095,0,1.00244,0.00000
534F4C31,29877,273392617,2061,4095,4095,0,1.00635,0.00000
534F4C31,29878,273394814,2056,4095,4095,0,1.00391,0.00000
534F4C31,29879,273399003,2056,4095,4095,0,1.00391,0.00000
534F4C31,29880,273402563,2058,4095,4095,0,1.00488,0.00000
534F4C31,29881,273406725,2058,4095,4095,0,1.00488,0.00000
534F4C31,29882,273411464,2055,4095,4095,0,1.00342,0.00000
534F4C31,29883,273415801,2060,4095,4095,0,1.00586,0.00000
534F4C31,29884,273420746,2060,4095,4095,0,1.00586,0.00000
534F4C31,29885,273424066,2061,4095,4095,0,1.00635,0.00000
534F4C31,29886,273429781,2059,4095,4095,0,1.00537,0.00000
534F4C31,29887,273434212,2056,4095,4095,0,1.00391,0.00000
534F4C31,29887,273443997,2057,4095,4095,0,1.00439,0.00000
534F4C31,29887,273447037,2060,4095,4095,0,1.00586,0.00000
534F4C31,29888,273450186,2058,4095,4095,0,1.00488,0.00000
534F4C31,29889,273454647,2063,4095,4095,0,1.00732,0.00000
534F4C31,29889,273457742,2061,4095,4095,0,1.00635,0.00000
534F4C31,29889,273462063,2052,4095,4095,0,1.00195,0.00000
534F4C31,29889,273464392,2052,4095,4095,0,1.00195,0.00000
534F4C31,29889,273466486,2063,4095,4095,0,1.00732,0.00000
534F4C31,29889,273469320,2055,4095,4095,0,1.00342,0.00000
534F4C31,29889,273471527,2056,4095,4095,0,1.00391,0.00000
534F4C31,29889,273473629,2058,4095,4095,0,1.00488,0.00000
534F4C31,29889,273475522,2058,4095,4095,0,1.00488,0.00000
534F4C31,29889,273477906,2056,4095,4095,0,1.00391,0.00000
534F4C31,29889,273480075,2052,4095,4095,0,1.00195,0.00000
534F4C31,29889,273482273,2061,4095,4095,0,1.00635,0.00000
534F4C31,29889,273484386,2052,4095,4095,0,1.00195,0.00000
534F4C31,29889,273486417,2062,4095,4095,0,1.00684,0.00000
534F4C31,29889,273488516,2051,4095,4095,0,1.00146,0.00000
534F4C31,29889,273490507,2063,4095,4095,0,1.00732,0.00000
534F4C31,29889,273492524,2051,4095,4095,0,1.00146,0.00000
534F4C31,29889,273494613,2063,4095,4095,0,1.00732,0.00000
534F4C31,29889,273496684,2052,4095,4095,0,1.00195,0.00000
534F4C31,29890,273498773,2060,4095,4095,0,1.00586,0.00000
534F4C31,29890,273502941,2053,4095,4095,0,1.00244,0.00000
534F4C31,29890,273505251,2061,4095,4095,0,1.00635,0.00000
534F4C31,29891,273507337,2051,4095,4095,0,1.00146,0.00000
534F4C31,29891,273511449,2059,4095,4095,0,1.00537,0.00000
534F4C31,29891,273515052,2056,4095,4095,0,1.00391,0.00000
534F4C31,29892,273517724,2060,4095,4095,0,1.00586,0.00000
534F4C31,29893,273523429,2056,4095,4095,0,1.00391,0.00000
534F4C31,29893,273527091,2062,4095,4095,0,1.00684,0.00000
534F4C31,29893,273530629,2065,4095,4095,0,1.00830,0.00000
534F4C31,29893,273532962,2064,4095,4095,0,1.00781,0.00000
534F4C31,29893,273536045,2058,4095,4095,0,1.00488,0.00000
534F4C31,29894,273538148,2056,4095,4095,0,1.00391,0.00000
534F4C31,29895,273542262,2060,4095,4095,0,1.00586,0.00000
534F4C31,29896,273547042,2057,4095,4095,0,1.00439,0.00000
534F4C31,29896,273553202,2058,4095,4095,0,1.00488,0.00000
534F4C31,29896,273555348,2058,4095,4095,0,1.00488,0.00000
534F4C31,29897,273558225,2056,4095,4095,0,1.00391,0.00000
534F4C31,29897,273560996,2058,4095,4095,0,1.00488,0.00000
534F4C31,29897,273563619,2063,4095,4095,0,1.00732,0.00000
534F4C31,29897,273565700,2054,4095,4095,0,1.00293,0.00000
534F4C31,29897,273567810,2054,4095,4095,0,1.00293,0.00000
534F4C31,29898,273570577,2053,4095,4095,0,1.00244,0.00000
534F4C31,29899,273573737,2060,4095,4095,0,1.00586,0.00000
534F4C31,29900,273577192,2058,4095,4095,0,1.00488,0.00000
534F4C31,29900,273581732,2059,4095,4095,0,1.00537,0.00000
534F4C31,29900,273584218,2063,4095,4095,0,1.00732,0.00000
534F4C31,29900,273586226,2055,4095,4095,0,1.00342,0.00000
534F4C31,29900,273589316,2058,4095,4095,0,1.00488,0.00000
534F4C31,29900,273591377,2059,4095,4095,0,1.00537,0.00000
534F4C31,29900,273593489,2056,4095,4095,0,1.00391,0.00000
534F4C31,29900,273595506,2061,4095,4095,0,1.00635,0.00000
534F4C31,29900,273597575,2052,4095,4095,0,1.00195,0.00000
534F4C31,29901,273599659,2059,4095,4095,0,1.00537,0.00000
534F4C31,29901,273603089,2058,4095,4095,0,1.00488,0.00000
534F4C31,29901,273605441,2056,4095,4095,0,1.00391,0.00000
534F4C31,29902,273607592,2054,4095,4095,0,1.00293,0.00000
534F4C31,29903,273611398,2054,4095,4095,0,1.00293,0.00000
534F4C31,29903,273614861,2058,4095,4095,0,1.00488,0.00000
534F4C31,29903,273617730,2052,4095,4095,0,1.00195,0.00000
534F4C31,29904,273620490,2056,4095,4095,0,1.00391,0.00000
534F4C31,29905,273623678,2055,4095,4095,0,1.00342,0.00000
534F4C31,29905,273628239,2057,4095,4095,0,1.00439,0.00000
534F4C31,29905,273630586,2063,4095,4095,0,1.00732,0.00000
534F4C31,29905,273632637,2049,4095,4095,0,1.00049,0.00000
534F4C31,29905,273635341,2059,4095,4095,0,1.00537,0.00000
534F4C31,29905,273637498,2058,4095,4095,0,1.00488,0.00000
534F4C31,29905,273639650,2056,4095,4095,0,1.00391,0.00000
534F4C31,29905,273641785,2060,4095,4095,0,1.00586,0.00000
534F4C31,29905,273643898,2050,4095,4095,0,1.00098,0.00000
534F4C31,29906,273645896,2060,4095,4095,0,1.00586,0.00000
534F4C31,29907,273648177,2057,4095,4095,0,1.00439,0.00000
534F4C31,29908,273652461,2057,4095,4095,0,1.00439,0.00000
534F4C31,29909,273656958,2057,4095,4095,0,1.00439,0.00000
534F4C31,29910,273661198,2055,4095,4095,0,1.00342,0.00000
534F4C31,29911,273664981,2054,4095,4095,0,1.00293,0.00000
534F4C31,29912,273668892,2059,4095,4095,0,1.00537,0.00000
534F4C31,29913,273673188,2058,4095,4095,0,1.00488,0.00000
534F4C31,29914,273677982,2061,4095,4095,0,1.00635,0.00000
534F4C31,29915,273684927,2058,4095,4095,0,1.00488,0.00000
534F4C31,29915,273689639,2056,4095,4095,0,1.00391,0.00000
534F4C31,29915,273696605,2058,4095,4095,0,1.00488,0.00000
534F4C31,29916,273699617,2058,4095,4095,0,1.00488,0.00000
534F4C31,29916,273704946,2054,4095,4095,0,1.00293,0.00000
534F4C31,29916,273707219,2061,4095,4095,0,1.00635,0.00000
534F4C31,29916,273709798,2055,4095,4095,0,1.00342,0.00000
534F4C31,29916,273712807,2056,4095,4095,0,1.00391,0.00000
534F4C31,29916,273714984,2061,4095,4095,0,1.00635,0.00000
534F4C31,29916,273717024,2052,4095,4095,0,1.00195,0.00000
534F4C31,29917,273719094,2056,4095,4095,0,1.00391,0.00000
534F4C31,29917,273723295,2058,4095,4095,0,1.00488,0.00000
534F4C31,29917,273725557,2054,4095,4095,0,1.00293,0.00000
534F4C31,29917,273727453,2059,4095,4095,0,1.00537,0.00000
534F4C31,29917,273730320,2055,4095,4095,0,1.00342,0.00000
534F4C31,29917,273733065,2057,4095,4095,0,1.00439,0.00000
534F4C31,29917,273735211,2064,4095,4095,0,1.00781,0.00000
534F4C31,29917,273737330,2054,4095,4095,0,1.00293,0.00000
534F4C31,29918,273739382,2057,4095,4095,0,1.00439,0.00000
534F4C31,29918,273743904,2055,4095,4095,0,1.00342,0.00000
534F4C31,29918,273746070,2062,4095,4095,0,1.00684,0.00000
534F4C31,29918,273748064,2052,4095,4095,0,1.00195,0.00000
534F4C31,29918,273751230,2056,4095,4095,0,1.00391,0.00000
534F4C31,29918,273753226,2059,4095,4095,0,1.00537,0.00000
534F4C31,29918,273755154,2061,4095,4095,0,1.00635,0.00000
534F4C31,29918,273757271,2058,4095,4095,0,1.00488,0.00000
534F4C31,29918,273759255,2060,4095,4095,0,1.00586,0.00000
534F4C31,29918,273761273,2050,4095,4095,0,1.00098,0.00000
534F4C31,29918,273763309,2053,4095,4095,0,1.00244,0.00000
534F4C31,29918,273765445,2058,4095,4095,0,1.00488,0.00000
534F4C31,29919,273767519,2060,4095,4095,0,1.00586,0.00000
534F4C31,29920,273771333,2059,4095,4095,0,1.00537,0.00000
534F4C31,29921,273776212,2058,4095,4095,0,1.00488,0.00000
534F4C31,29921,273780161,2063,4095,4095,0,1.00732,0.00000
534F4C31,29921,273784063,2050,4095,4095,0,1.00098,0.00000
534F4C31,29921,273788401,2057,4095,4095,0,1.00439,0.00000
534F4C31,29921,273790539,2054,4095,4095,0,1.00293,0.00000
534F4C31,29921,273793315,2063,4095,4095,0,1.00732,0.00000
534F4C31,29921,273795601,2054,4095,4095,0,1.00293,0.00000
534F4C31,29921,273797638,2051,4095,4095,0,1.00146,0.00000
534F4C31,29921,273799736,2059,4095,4095,0,1.00537,0.00000
534F4C31,29921,273801776,2061,4095,4095,0,1.00635,0.00000
534F4C31,29921,273803899,2062,4095,4095,0,1.00684,0.00000
534F4C31,29921,273805899,2055,4095,4095,0,1.00342,0.00000
534F4C31,29921,273807939,2057,4095,4095,0,1.00439,0.00000
534F4C31,29921,273809889,2055,4095,4095,0,1.00342,0.00000
534F4C31,29921,273811990,2058,4095,4095,0,1.00488,0.00000
534F4C31,29921,273814073,2057,4095,4095,0,1.00439,0.00000
534F4C31,29921,273816171,2061,4095,4095,0,1.00635,0.00000
534F4C31,29921,273818278,2057,4095,4095,0,1.00439,0.00000
534F4C31,29921,273820256,2064,4095,4095,0,1.00781,0.00000
534F4C31,29921,273822297,2054,4095,4095,0,1.00293,0.00000
534F4C31,29921,273824335,2063,4095,4095,0,1.00732,0.00000
534F4C31,29921,273826406,2059,4095,4095,0,1.00537,0.00000
534F4C31,29922,273828549,2065,4095,4095,0,1.00830,0.00000
534F4C31,29922,273832784,2056,4095,4095,0,1.00391,0.00000
534F4C31,29922,273835796,2061,4095,4095,0,1.00635,0.00000
534F4C31,29922,273838477,2059,4095,4095,0,1.00537,0.00000
534F4C31,29922,273840837,2062,4095,4095,0,1.00684,0.00000
534F4C31,29922,273843399,2052,4095,4095,0,1.00195,0.00000
534F4C31,29922,273845597,2050,4095,4095,0,1.00098,0.00000
534F4C31,29922,273847742,2059,4095,4095,0,1.00537,0.00000
534F4C31,29922,273849795,2051,4095,4095,0,1.00146,0.00000
534F4C31,29922,273851773,2063,4095,4095,0,1.00732,0.00000
534F4C31,29922,273853851,2053,4095,4095,0,1.00244,0.00000
534F4C31,29922,273856025,2057,4095,4095,0,1.00439,0.00000
534F4C31,29923,273858205,2057,4095,4095,0,1.00439,0.00000
534F4C31,29924,273862285,2059,4095,4095,0,1.00537,0.00000
534F4C31,29925,273864532,2059,4095,4095,0,1.00537,0.00000
534F4C31,29926,273868581,2061,4095,4095,0,1.00635,0.00000
534F4C31,29927,273875324,2064,4095,4095,0,1.00781,0.00000
534F4C31,29927,273880977,2054,4095,4095,0,1.00293,0.00000
534F4C31,29927,273883167,2064,4095,4095,0,1.00781,0.00000
534F4C31,29927,273886471,2061,4095,4095,0,1.00635,0.00000
534F4C31,29927,273889490,2055,4095,4095,0,1.00342,0.00000
534F4C31,29927,273891734,2053,4095,4095,0,1.00244,0.00000
534F4C31,29927,273893757,2057,4095,4095,0,1.00439,0.00000
534F4C31,29927,273895861,2057,4095,4095,0,1.00439,0.00000
534F4C31,29927,273897940,2065,4095,4095,0,1.00830,0.00000
534F4C31,29927,273900055,2054,4095,4095,0,1.00293,0.00000
534F4C31,29927,273902148,2060,4095,4095,0,1.00586,0.00000
534F4C31,29927,273904294,2056,4095,4095,0,1.00391,0.00000
534F4C31,29927,273906388,2061,4095,4095,0,1.00635,0.00000
534F4C31,29928,273909414,2057,4095,4095,0,1.00439,0.00000
534F4C31,29928,273914289,2060,4095,4095,0,1.00586,0.00000
534F4C31,29928,273917164,2056,4095,4095,0,1.00391,0.00000
534F4C31,29928,273921769,2061,4095,4095,0,1.00635,0.00000
534F4C31,29928,273925069,2054,4095,4095,0,1.00293,0.00000
534F4C31,29928,273927690,2052,4095,4095,0,1.00195,0.00000
534F4C31,29928,273929772,2062,4095,4095,0,1.00684,0.00000
534F4C31,29929,273932861,2060,4095,4095,0,1.00586,0.00000
534F4C31,29929,273937382,2052,4095,4095,0,1.00195,0.00000
534F4C31,29929,273939579,2059,4095,4095,0,1.00537,0.00000
534F4C31,29930,273942557,2061,4095,4095,0,1.00635,0.00000
534F4C31,29931,273947010,2060,4095,4095,0,1.00586,0.00000
534F4C31,29931,273950601,2060,4095,4095,0,1.00586,0.00000
534F4C31,29931,273953802,2059,4095,4095,0,1.00537,0.00000
534F4C31,29931,273957268,2059,4095,4095,0,1.00537,0.00000
534F4C31,29931,273960080,2060,4095,4095,0,1.00586,0.00000
534F4C31,29931,273962610,2050,4095,4095,0,1.00098,0.00000
534F4C31,29932,273965180,2060,4095,4095,0,1.00586,0.00000
534F4C31,29932,273969738,2053,4095,4095,0,1.00244,0.00000
534F4C31,29932,273971927,2061,4095,4095,0,1.00635,0.00000
534F4C31,29933,273973947,2056,4095,4095,0,1.00391,0.00000
534F4C31,29934,273979053,2057,4095,4095,0,1.00439,0.00000
534F4C31,29934,273982729,2054,4095,4095,0,1.00293,0.00000
534F4C31,29934,273987149,2053,4095,4095,0,1.00244,0.00000
534F4C31,29935,273989713,2056,4095,4095,0,1.00391,0.00000
534F4C31,29935,273993443,2060,4095,4095,0,1.00586,0.00000
534F4C31,29935,273997647,2054,4095,4095,0,1.00293,0.00000
534F4C31,29936,274000447,2062,4095,4095,0,1.00684,0.00000
534F4C31,29936,274004551,2064,4095,4095,0,1.00781,0.00000
534F4C31,29936,274008321,2058,4095,4095,0,1.00488,0.00000
534F4C31,29937,274012046,2060,4095,4095,0,1.00586,0.00000
534F4C31,29937,274015239,2058,4095,4095,0,1.00488,0.00000
534F4C31,29937,274017950,2061,4095,4095,0,1.00635,0.00000
534F4C31,29938,274020564,2054,4095,4095,0,1.00293,0.00000
534F4C31,29939,274024840,2061,4095,4095,0,1.00635,0.00000
534F4C31,29940,274030132,2057,4095,4095,0,1.00439,0.00000
534F4C31,29940,274034293,2059,4095,4095,0,1.00537,0.00000
534F4C31,29940,274037814,2055,4095,4095,0,1.00342,0.00000
534F4C31,29941,274042273,2062,4095,4095,0,1.00684,0.00000
534F4C31,29941,274046589,2057,4095,4095,0,1.00439,0.00000
534F4C31,29941,274048733,2060,4095,4095,0,1.00586,0.00000
534F4C31,29941,274050817,2058,4095,4095,0,1.00488,0.00000
534F4C31,29941,274055015,2056,4095,4095,0,1.00391,0.00000
534F4C31,29942,274057777,2058,4095,4095,0,1.00488,0.00000
534F4C31,29942,274061138,2055,4095,4095,0,1.00342,0.00000
534F4C31,29942,274064974,2052,4095,4095,0,1.00195,0.00000
534F4C31,29943,274067970,2063,4095,4095,0,1.00732,0.00000
534F4C31,29943,274070961,2055,4095,4095,0,1.00342,0.00000
534F4C31,29943,274073652,2060,4095,4095,0,1.00586,0.00000
534F4C31,29944,274078397,2058,4095,4095,0,1.00488,0.00000
534F4C31,29945,274081891,2057,4095,4095,0,1.00439,0.00000
534F4C31,29945,274085534,2061,4095,4095,0,1.00635,0.00000
534F4C31,29945,274090875,2060,4095,4095,0,1.00586,0.00000
534F4C31,29945,274093551,2058,4095,4095,0,1.00488,0.00000
534F4C31,29945,274095803,2062,4095,4095,0,1.00684,0.00000
534F4C31,29946,274098974,2056,4095,4095,0,1.00391,0.00000
534F4C31,29946,274103042,2053,4095,4095,0,1.00244,0.00000
534F4C31,29946,274105650,2056,4095,4095,0,1.00391,0.00000
534F4C31,29946,274108429,2066,4095,4095,0,1.00879,0.00000
534F4C31,29947,274110568,2052,4095,4095,0,1.00195,0.00000
534F4C31,29947,274115231,2063,4095,4095,0,1.00732,0.00000
534F4C31,29947,274117228,2058,4095,4095,0,1.00488,0.00000
534F4C31,29948,274119173,2063,4095,4095,0,1.00732,0.00000
534F4C31,29948,274124123,2052,4095,4095,0,1.00195,0.00000
534F4C31,29948,274126794,2054,4095,4095,0,1.00293,0.00000
534F4C31,29948,274128833,2054,4095,4095,0,1.00293,0.00000
534F4C31,29948,274131586,2056,4095,4095,0,1.00391,0.00000
534F4C31,29948,274134413,2052,4095,4095,0,1.00195,0.00000
534F4C31,29948,274136636,2050,4095,4095,0,1.00098,0.00000
534F4C31,29948,274138721,2061,4095,4095,0,1.00635,0.00000
534F4C31,29949,274140918,2055,4095,4095,0,1.00342,0.00000
534F4C31,29950,274145315,2058,4095,4095,0,1.00488,0.00000
534F4C31,29950,274148989,2052,4095,4095,0,1.00195,0.00000
534F4C31,29950,274153051,2061,4095,4095,0,1.00635,0.00000
534F4C31,29951,274156934,2052,4095,4095,0,1.00195,0.00000
534F4C31,29951,274160811,2050,4095,4095,0,1.00098,0.00000
534F4C31,29951,274164504,2060,4095,4095,0,1.00586,0.00000
534F4C31,29952,274166872,2061,4095,4095,0,1.00635,0.00000
534F4C31,29952,274169879,2062,4095,4095,0,1.00684,0.00000
534F4C31,29952,274174754,2059,4095,4095,0,1.00537,0.00000
534F4C31,29953,274178704,2058,4095,4095,0,1.00488,0.00000
534F4C31,29954,274182043,2064,4095,4095,0,1.00781,0.00000
534F4C31,29954,274187519,2059,4095,4095,0,1.00537,0.00000
534F4C31,29954,274189671,2059,4095,4095,0,1.00537,0.00000
534F4C31,29955,274192239,2055,4095,4095,0,1.00342,0.00000
534F4C31,29955,274197504,2059,4095,4095,0,1.00537,0.00000
534F4C31,29955,274199821,2055,4095,4095,0,1.00342,0.00000
534F4C31,29955,274201859,2063,4095,4095,0,1.00732,0.00000
534F4C31,29955,274204796,2060,4095,4095,0,1.00586,0.00000
534F4C31,29955,274207037,2057,4095,4095,0,1.00439,0.00000
534F4C31,29955,274209054,2056,4095,4095,0,1.00391,0.00000
534F4C31,29955,274211210,2050,4095,4095,0,1.00098,0.00000
534F4C31,29955,274213297,2063,4095,4095,0,1.00732,0.00000
534F4C31,29955,274215376,2055,4095,4095,0,1.00342,0.00000
534F4C31,29956,274217381,2057,4095,4095,0,1.00439,0.00000
534F4C31,29957,274221227,2058,4095,4095,0,1.00488,0.00000
534F4C31,29958,274224924,2065,4095,4095,0,1.00830,0.00000
534F4C31,29959,274229617,2056,4095,4095,0,1.00391,0.00000
534F4C31,29960,274234656,2060,4095,4095,0,1.00586,0.00000
534F4C31,29960,274238190,2057,4095,4095,0,1.00439,0.00000
534F4C31,29960,274240367,2059,4095,4095,0,1.00537,0.00000
534F4C31,29961,274242388,2056,4095,4095,0,1.00391,0.00000
534F4C31,29962,274248673,2063,4095,4095,0,1.00732,0.00000
534F4C31,29962,274252898,2059,4095,4095,0,1.00537,0.00000
534F4C31,29962,274256884,2064,4095,4095,0,1.00781,0.00000
534F4C31,29962,274260307,2062,4095,4095,0,1.00684,0.00000
534F4C31,29962,274262431,2065,4095,4095,0,1.00830,0.00000
534F4C31,29962,274265227,2051,4095,4095,0,1.00146,0.00000
534F4C31,29962,274267499,2055,4095,4095,0,1.00342,0.00000
534F4C31,29963,274269528,2056,4095,4095,0,1.00391,0.00000
534F4C31,29964,274273973,2055,4095,4095,0,1.00342,0.00000
534F4C31,29965,274278046,2057,4095,4095,0,1.00439,0.00000
534F4C31,29965,274283510,2056,4095,4095,0,1.00391,0.00000
534F4C31,29965,274286026,2057,4095,4095,0,1.00439,0.00000
534F4C31,29965,274290088,2058,4095,4095,0,1.00488,0.00000
534F4C31,29965,274292460,2056,4095,4095,0,1.00391,0.00000
534F4C31,29966,274294630,2062,4095,4095,0,1.00684,0.00000
534F4C31,29967,274298149,2053,4095,4095,0,1.00244,0.00000
534F4C31,29967,274304311,2061,4095,4095,0,1.00635,0.00000
534F4C31,29968,274308153,2062,4095,4095,0,1.00684,0.00000
534F4C31,29969,274313499,2049,4095,4095,0,1.00049,0.00000
534F4C31,29969,274316893,2057,4095,4095,0,1.00439,0.00000
534F4C31,29969,274319208,2055,4095,4095,0,1.00342,0.00000
534F4C31,29970,274322986,2057,4095,4095,0,1.00439,0.00000
534F4C31,29971,274326497,2058,4095,4095,0,1.00488,0.00000
534F4C31,29971,274332022,2060,4095,4095,0,1.00586,0.00000
534F4C31,29971,274335894,2058,4095,4095,0,1.00488,0.00000
534F4C31,29972,274339209,2053,4095,4095,0,1.00244,0.00000
534F4C31,29973,274343132,2063,4095,4095,0,1.00732,0.00000
534F4C31,29973,274347199,2056,4095,4095,0,1.00391,0.00000
534F4C31,29974,274350244,2057,4095,4095,0,1.00439,0.00000
534F4C31,29974,274354270,2060,4095,4095,0,1.00586,0.00000
534F4C31,29974,274357540,2061,4095,4095,0,1.00635,0.00000
534F4C31,29975,274360460,2059,4095,4095,0,1.00537,0.00000
534F4C31,29975,274364411,2058,4095,4095,0,1.00488,0.00000
534F4C31,29976,274367804,2062,4095,4095,0,1.00684,0.00000
534F4C31,29976,274373674,2056,4095,4095,0,1.00391,0.00000
534F4C31,29976,274376655,2062,4095,4095,0,1.00684,0.00000
534F4C31,29976,274379622,2058,4095,4095,0,1.00488,0.00000
534F4C31,29976,274381867,2057,4095,4095,0,1.00439,0.00000
534F4C31,29977,274384043,2063,4095,4095,0,1.00732,0.00000
534F4C31,29978,274387817,2053,4095,4095,0,1.00244,0.00000
534F4C31,29978,274392542,2063,4095,4095,0,1.00732,0.00000
534F4C31,29978,274395256,2061,4095,4095,0,1.00635,0.00000
534F4C31,29978,274397258,2055,4095,4095,0,1.00342,0.00000
534F4C31,29978,274401715,2059,4095,4095,0,1.00537,0.00000
534F4C31,29979,274404783,2054,4095,4095,0,1.00293,0.00000
534F4C31,29979,274407748,2058,4095,4095,0,1.00488,0.00000
534F4C31,29979,274412094,2065,4095,4095,0,1.00830,0.00000
534F4C31,29980,274414429,2061,4095,4095,0,1.00635,0.00000
534F4C31,29980,274419737,2051,4095,4095,0,1.00146,0.00000
534F4C31,29980,274422046,2062,4095,4095,0,1.00684,0.00000
534F4C31,29981,274424105,2057,4095,4095,0,1.00439,0.00000
534F4C31,29982,274429045,2062,4095,4095,0,1.00684,0.00000
534F4C31,29982,274432601,2056,4095,4095,0,1.00391,0.00000
534F4C31,29982,274436928,2059,4095,4095,0,1.00537,0.00000
534F4C31,29983,274440583,2056,4095,4095,0,1.00391,0.00000
534F4C31,29983,274444732,2057,4095,4095,0,1.00439,0.00000
534F4C31,29983,274447054,2061,4095,4095,0,1.00635,0.00000
534F4C31,29983,274449076,2059,4095,4095,0,1.00537,0.00000
534F4C31,29983,274451097,2052,4095,4095,0,1.00195,0.00000
534F4C31,29983,274453811,2056,4095,4095,0,1.00391,0.00000
534F4C31,29983,274455884,2054,4095,4095,0,1.00293,0.00000
534F4C31,29983,274457861,2059,4095,4095,0,1.00537,0.00000
534F4C31,29983,274459974,2055,4095,4095,0,1.00342,0.00000
534F4C31,29983,274462104,2054,4095,4095,0,1.00293,0.00000
534F4C31,29984,274464268,2057,4095,4095,0,1.00439,0.00000
534F4C31,29984,274467582,2058,4095,4095,0,1.00488,0.00000
534F4C31,29984,274470592,2055,4095,4095,0,1.00342,0.00000
534F4C31,29984,274472694,2064,4095,4095,0,1.00781,0.00000
534F4C31,29984,274474853,2057,4095,4095,0,1.00439,0.00000
534F4C31,29984,274477575,2061,4095,4095,0,1.00635,0.00000
534F4C31,29984,274479735,2060,4095,4095,0,1.00586,0.00000
534F4C31,29985,274481829,2055,4095,4095,0,1.00342,0.00000
534F4C31,29986,274484039,2058,4095,4095,0,1.00488,0.00000
534F4C31,29987,274488611,2053,4095,4095,0,1.00244,0.00000
534F4C31,29988,274491941,2054,4095,4095,0,1.00293,0.00000
534F4C31,29989,274498472,2061,4095,4095,0,1.00635,0.00000
534F4C31,29990,274501021,2062,4095,4095,0,1.00684,0.00000
534F4C31,29991,274505555,2053,4095,4095,0,1.00244,0.00000
534F4C31,29992,274508864,2056,4095,4095,0,1.00391,0.00000
534F4C31,29993,274513132,2060,4095,4095,0,1.00586,0.00000
534F4C31,29994,274517095,2058,4095,4095,0,1.00488,0.00000
534F4C31,29995,274520432,2058,4095,4095,0,1.00488,0.00000
534F4C31,29996,274525973,2058,4095,4095,0,1.00488,0.00000
534F4C31,29996,274529491,2058,4095,4095,0,1.00488,0.00000
534F4C31,29997,274531625,2055,4095,4095,0,1.00342,0.00000
534F4C31,29998,274535449,2053,4095,4095,0,1.00244,0.00000
534F4C31,29999,274538801,2057,4095,4095,0,1.00439,0.00000
534F4C31,30000,274542265,2054,4095,4095,0,1.00293,0.00000
534F4C31,30001,274546285,2061,4095,4095,0,1.00635,0.00000
534F4C31,30002,274550714,2057,4095,4095,0,1.00439,0.00000
534F4C31,30003,274554812,2056,4095,4095,0,1.00391,0.00000
534F4C31,30004,274559297,2063,4095,4095,0,1.00732,0.00000
534F4C31,30005,274565307,2050,4095,4095,0,1.00098,0.00000
534F4C31,30006,274574273,2054,4095,4095,0,1.00293,0.00000
534F4C31,30006,274581655,2048,4095,4095,0,1.00000,0.00000
534F4C31,30006,274583894,2058,4095,4095,0,1.00488,0.00000
534F4C31,30006,274585929,2055,4095,4095,0,1.00342,0.00000
534F4C31,30006,274588781,2053,4095,4095,0,1.00244,0.00000
534F4C31,30007,274591213,2053,4095,4095,0,1.00244,0.00000
534F4C31,30008,274595669,2060,4095,4095,0,1.00586,0.00000
534F4C31,30008,274599721,2054,4095,4095,0,1.00293,0.00000
534F4C31,30009,274604382,2056,4095,4095,0,1.00391,0.00000
534F4C31,30009,274607406,2052,4095,4095,0,1.00195,0.00000
534F4C31,30009,274612684,2055,4095,4095,0,1.00342,0.00000
534F4C31,30009,274614922,2059,4095,4095,0,1.00537,0.00000
534F4C31,30009,274616927,2057,4095,4095,0,1.00439,0.00000
534F4C31,30009,274619978,2057,4095,4095,0,1.00439,0.00000
534F4C31,30009,274622186,2062,4095,4095,0,1.00684,0.00000
534F4C31,30009,274624291,2060,4095,4095,0,1.00586,0.00000
534F4C31,30010,274626391,2054,4095,4095,0,1.00293,0.00000
534F4C31,30011,274630354,2062,4095,4095,0,1.00684,0.00000
534F4C31,30011,274634915,2057,4095,4095,0,1.00439,0.00000
534F4C31,30011,274637291,2051,4095,4095,0,1.00146,0.00000
534F4C31,30011,274641682,2057,4095,4095,0,1.00439,0.00000
534F4C31,30011,274643854,2063,4095,4095,0,1.00732,0.00000
534F4C31,30011,274645814,2047,4095,4095,0,0.99951,0.00000
534F4C31,30011,274647931,2055,4095,4095,0,1.00342,0.00000
534F4C31,30012,274650967,2062,4095,4095,0,1.00684,0.00000
534F4C31,30013,274655350,2056,4095,4095,0,1.00391,0.00000
534F4C31,30013,274660284,2062,4095,4095,0,1.00684,0.00000
534F4C31,30013,274664367,2062,4095,4095,0,1.00684,0.00000
534F4C31,30013,274667182,2060,4095,4095,0,1.00586,0.00000
534F4C31,30013,274669995,2055,4095,4095,0,1.00342,0.00000
534F4C31,30014,274672296,2053,4095,4095,0,1.00244,0.00000
534F4C31,30014,274675632,2056,4095,4095,0,1.00391,0.00000
534F4C31,30014,274677786,2058,4095,4095,0,1.00488,0.00000
534F4C31,30014,274679811,2057,4095,4095,0,1.00439,0.00000
534F4C31,30014,274682582,2056,4095,4095,0,1.00391,0.00000
534F4C31,30014,274684765,2061,4095,4095,0,1.00635,0.00000
534F4C31,30014,274686897,2060,4095,4095,0,1.00586,0.00000
534F4C31,30014,274688957,2052,4095,4095,0,1.00195,0.00000
534F4C31,30014,274691014,2063,4095,4095,0,1.00732,0.00000
534F4C31,30015,274693043,2049,4095,4095,0,1.00049,0.00000
534F4C31,30016,274695975,2059,4095,4095,0,1.00537,0.00000
534F4C31,30016,274699446,2063,4095,4095,0,1.00732,0.00000
534F4C31,30016,274702349,2059,4095,4095,0,1.00537,0.00000
534F4C31,30017,274705247,2062,4095,4095,0,1.00684,0.00000
534F4C31,30017,274709408,2054,4095,4095,0,1.00293,0.00000
534F4C31,30017,274711677,2058,4095,4095,0,1.00488,0.00000
534F4C31,30017,274713701,2057,4095,4095,0,1.00439,0.00000
534F4C31,30017,274716328,2055,4095,4095,0,1.00342,0.00000
534F4C31,30018,274718514,2060,4095,4095,0,1.00586,0.00000
534F4C31,30018,274721293,2061,4095,4095,0,1.00635,0.00000
534F4C31,30018,274723911,2055,4095,4095,0,1.00342,0.00000
534F4C31,30018,274725909,2061,4095,4095,0,1.00635,0.00000
534F4C31,30018,274728012,2054,4095,4095,0,1.00293,0.00000
534F4C31,30018,274730792,2051,4095,4095,0,1.00146,0.00000
534F4C31,30018,274732892,2060,4095,4095,0,1.00586,0.00000
534F4C31,30018,274734872,2058,4095,4095,0,1.00488,0.00000
534F4C31,30018,274736946,2059,4095,4095,0,1.00537,0.00000
534F4C31,30018,274739033,2055,4095,4095,0,1.00342,0.00000
534F4C31,30018,274741124,2060,4095,4095,0,1.00586,0.00000
534F4C31,30018,274743239,2058,4095,4095,0,1.00488,0.00000
534F4C31,30018,274745257,2064,4095,4095,0,1.00781,0.00000
534F4C31,30018,274747333,2057,4095,4095,0,1.00439,0.00000
534F4C31,30018,274749368,2058,4095,4095,0,1.00488,0.00000
534F4C31,30018,274751530,2057,4095,4095,0,1.00439,0.00000
534F4C31,30019,274753732,2055,4095,4095,0,1.00342,0.00000
534F4C31,30019,274757268,2056,4095,4095,0,1.00391,0.00000
534F4C31,30019,274759939,2057,4095,4095,0,1.00439,0.00000
534F4C31,30020,274762464,2052,4095,4095,0,1.00195,0.00000
534F4C31,30020,274765789,2060,4095,4095,0,1.00586,0.00000
534F4C31,30020,274768524,2059,4095,4095,0,1.00537,0.00000
534F4C31,30021,274770682,2051,4095,4095,0,1.00146,0.00000
534F4C31,30021,274774320,2058,4095,4095,0,1.00488,0.00000
534F4C31,30021,274777177,2062,4095,4095,0,1.00684,0.00000
534F4C31,30022,274780018,2062,4095,4095,0,1.00684,0.00000
534F4C31,30023,274783243,2055,4095,4095,0,1.00342,0.00000
534F4C31,30023,274786193,2052,4095,4095,0,1.00195,0.00000
534F4C31,30023,274789082,2050,4095,4095,0,1.00098,0.00000
534F4C31,30023,274791124,2051,4095,4095,0,1.00146,0.00000
534F4C31,30023,274793615,2059,4095,4095,0,1.00537,0.00000
534F4C31,30023,274795807,2062,4095,4095,0,1.00684,0.00000
534F4C31,30023,274797848,2053,4095,4095,0,1.00244,0.00000
534F4C31,30023,274799965,2062,4095,4095,0,1.00684,0.00000
534F4C31,30024,274802694,2058,4095,4095,0,1.00488,0.00000
534F4C31,30025,274806105,2059,4095,4095,0,1.00537,0.00000
534F4C31,30026,274810386,2055,4095,4095,0,1.00342,0.00000
534F4C31,30027,274813844,2054,4095,4095,0,1.00293,0.00000
534F4C31,30028,274817175,2056,4095,4095,0,1.00391,0.00000
534F4C31,30029,274820991,2054,4095,4095,0,1.00293,0.00000
534F4C31,30030,274824862,2054,4095,4095,0,1.00293,0.00000
534F4C31,30031,274828254,2052,4095,4095,0,1.00195,0.00000
534F4C31,30032,274831673,2052,4095,4095,0,1.00195,0.00000
534F4C31,30033,274834899,2059,4095,4095,0,1.00537,0.00000
534F4C31,30034,274838882,2062,4095,4095,0,1.00684,0.00000
534F4C31,30035,274843247,2060,4095,4095,0,1.00586,0.00000
534F4C31,30036,274846878,2059,4095,4095,0,1.00537,0.00000
534F4C31,30037,274854736,2059,4095,4095,0,1.00537,0.00000
534F4C31,30038,274858893,2063,4095,4095,0,1.00732,0.00000
534F4C31,30039,274864769,2057,4095,4095,0,1.00439,0.00000
534F4C31,30040,274873974,2064,4095,4095,0,1.00781,0.00000
534F4C31,30041,274877546,2064,4095,4095,0,1.00781,0.00000
534F4C31,30042,274880908,2061,4095,4095,0,1.00635,0.00000
534F4C31,30043,274886472,2060,4095,4095,0,1.00586,0.00000
534F4C31,30043,274890608,2060,4095,4095,0,1.00586,0.00000
534F4C31,30043,274892838,2058,4095,4095,0,1.00488,0.00000
534F4C31,30044,274897142,2060,4095,4095,0,1.00586,0.00000
534F4C31,30044,274900982,2060,4095,4095,0,1.00586,0.00000
534F4C31,30044,274903180,2058,4095,4095,0,1.00488,0.00000
534F4C31,30044,274907326,2051,4095,4095,0,1.00146,0.00000
534F4C31,30044,274909668,2059,4095,4095,0,1.00537,0.00000
534F4C31,30044,274912187,2059,4095,4095,0,1.00537,0.00000
534F4C31,30044,274915121,2046,4095,4095,0,0.99902,0.00000
534F4C31,30044,274917298,2052,4095,4095,0,1.00195,0.00000
534F4C31,30044,274919148,2058,4095,4095,0,1.00488,0.00000
534F4C31,30044,274921138,2060,4095,4095,0,1.00586,0.00000
534F4C31,30044,274923239,2059,4095,4095,0,1.00537,0.00000
534F4C31,30044,274926735,2055,4095,4095,0,1.00342,0.00000
534F4C31,30045,274929791,2048,4095,4095,0,1.00000,0.00000
534F4C31,30045,274933364,2053,4095,4095,0,1.00244,0.00000
534F4C31,30045,274936484,2057,4095,4095,0,1.00439,0.00000
534F4C31,30046,274940323,2062,4095,4095,0,1.00684,0.00000
534F4C31,30047,274944098,2058,4095,4095,0,1.00488,0.00000
534F4C31,30047,274947727,2058,4095,4095,0,1.00488,0.00000
534F4C31,30047,274952259,2061,4095,4095,0,1.00635,0.00000
534F4C31,30047,274954323,2060,4095,4095,0,1.00586,0.00000
534F4C31,30047,274956909,2055,4095,4095,0,1.00342,0.00000
534F4C31,30047,274959839,2060,4095,4095,0,1.00586,0.00000
534F4C31,30047,274962044,2066,4095,4095,0,1.00879,0.00000
534F4C31,30047,274964067,2056,4095,4095,0,1.00391,0.00000
534F4C31,30048,274966371,2057,4095,4095,0,1.00439,0.00000
534F4C31,30049,274970664,2054,4095,4095,0,1.00293,0.00000
534F4C31,30049,274975018,2062,4095,4095,0,1.00684,0.00000
534F4C31,30049,274979559,2053,4095,4095,0,1.00244,0.00000
534F4C31,30049,274982036,2063,4095,4095,0,1.00732,0.00000
534F4C31,30049,274984986,2054,4095,4095,0,1.00293,0.00000
534F4C31,30049,274987131,2052,4095,4095,0,1.00195,0.00000
534F4C31,30049,274989158,2058,4095,4095,0,1.00488,0.00000
534F4C31,30049,274991220,2060,4095,4095,0,1.00586,0.00000
534F4C31,30049,274993263,2062,4095,4095,0,1.00684,0.00000
534F4C31,30049,274995293,2054,4095,4095,0,1.00293,0.00000
534F4C31,30049,274997422,2058,4095,4095,0,1.00488,0.00000
534F4C31,30049,274999293,2058,4095,4095,0,1.00488,0.00000
534F4C31,30049,275001353,2060,4095,4095,0,1.00586,0.00000
534F4C31,30049,275003406,2056,4095,4095,0,1.00391,0.00000
534F4C31,30049,275005444,2060,4095,4095,0,1.00586,0.00000
534F4C31,30049,275007547,2049,4095,4095,0,1.00049,0.00000
534F4C31,30049,275009621,2056,4095,4095,0,1.00391,0.00000
534F4C31,30049,275011699,2060,4095,4095,0,1.00586,0.00000
534F4C31,30049,275014156,2056,4095,4095,0,1.00391,0.00000
534F4C31,30049,275016230,2062,4095,4095,0,1.00684,0.00000
534F4C31,30049,275018454,2054,4095,4095,0,1.00293,0.00000
534F4C31,30049,275020589,2059,4095,4095,0,1.00537,0.00000
534F4C31,30050,275022627,2055,4095,4095,0,1.00342,0.00000
534F4C31,30051,275025640,2063,4095,4095,0,1.00732,0.00000
534F4C31,30052,275028975,2061,4095,4095,0,1.00635,0.00000
534F4C31,30052,275033006,2062,4095,4095,0,1.00684,0.00000
534F4C31,30053,275035996,2055,4095,4095,0,1.00342,0.00000
534F4C31,30054,275038902,2054,4095,4095,0,1.00293,0.00000
534F4C31,30055,275043450,2055,4095,4095,0,1.00342,0.00000
534F4C31,30055,275047381,2059,4095,4095,0,1.00537,0.00000
534F4C31,30055,275050374,2055,4095,4095,0,1.00342,0.00000
534F4C31,30055,275053106,2064,4095,4095,0,1.00781,0.00000
534F4C31,30055,275055314,2057,4095,4095,0,1.00439,0.00000
534F4C31,30055,275057341,2055,4095,4095,0,1.00342,0.00000
534F4C31,30055,275059455,2062,4095,4095,0,1.00684,0.00000
534F4C31,30056,275061500,2055,4095,4095,0,1.00342,0.00000
534F4C31,30057,275063483,2057,4095,4095,0,1.00439,0.00000
534F4C31,30058,275067788,2062,4095,4095,0,1.00684,0.00000
534F4C31,30059,275071998,2062,4095,4095,0,1.00684,0.00000
534F4C31,30059,275075028,2056,4095,4095,0,1.00391,0.00000
534F4C31,30059,275078142,2048,4095,4095,0,1.00000,0.00000
534F4C31,30060,275080374,2052,4095,4095,0,1.00195,0.00000
534F4C31,30060,275084167,2062,4095,4095,0,1.00684,0.00000
534F4C31,30060,275086415,2055,4095,4095,0,1.00342,0.00000
534F4C31,30061,275088480,2054,4095,4095,0,1.00293,0.00000
534F4C31,30062,275092286,2063,4095,4095,0,1.00732,0.00000
534F4C31,30062,275096094,2062,4095,4095,0,1.00684,0.00000
534F4C31,30062,275098622,2060,4095,4095,0,1.00586,0.00000
534F4C31,30063,275101571,2051,4095,4095,0,1.00146,0.00000
534F4C31,30064,275104953,2052,4095,4095,0,1.00195,0.00000
534F4C31,30065,275109206,2060,4095,4095,0,1.00586,0.00000
534F4C31,30065,275113324,2061,4095,4095,0,1.00635,0.00000
534F4C31,30065,275115489,2058,4095,4095,0,1.00488,0.00000
534F4C31,30066,275121131,2055,4095,4095,0,1.00342,0.00000
534F4C31,30067,275124713,2063,4095,4095,0,1.00732,0.00000
534F4C31,30067,275127625,2054,4095,4095,0,1.00293,0.00000
534F4C31,30067,275133507,2063,4095,4095,0,1.00732,0.00000
534F4C31,30067,275135661,2053,4095,4095,0,1.00244,0.00000
534F4C31,30067,275139780,2051,4095,4095,0,1.00146,0.00000
534F4C31,30067,275141833,2054,4095,4095,0,1.00293,0.00000
534F4C31,30067,275143871,2059,4095,4095,0,1.00537,0.00000
534F4C31,30067,275145982,2056,4095,4095,0,1.00391,0.00000
534F4C31,30067,275149935,2066,4095,4095,0,1.00879,0.00000
534F4C31,30067,275152180,2060,4095,4095,0,1.00586,0.00000
534F4C31,30067,275154150,2051,4095,4095,0,1.00146,0.00000
534F4C31,30067,275156241,2065,4095,4095,0,1.00830,0.00000
534F4C31,30067,275158306,2052,4095,4095,0,1.00195,0.00000
534F4C31,30067,275160460,2059,4095,4095,0,1.00537,0.00000
534F4C31,30068,275162596,2058,4095,4095,0,1.00488,0.00000
534F4C31,30069,275166990,2060,4095,4095,0,1.00586,0.00000
534F4C31,30070,275171454,2056,4095,4095,0,1.00391,0.00000
534F4C31,30070,275177544,2058,4095,4095,0,1.00488,0.00000
534F4C31,30070,275180535,2064,4095,4095,0,1.00781,0.00000
534F4C31,30071,275185195,2058,4095,4095,0,1.00488,0.00000
534F4C31,30072,275189932,2060,4095,4095,0,1.00586,0.00000
534F4C31,30073,275193503,2056,4095,4095,0,1.00391,0.00000
534F4C31,30073,275199014,2057,4095,4095,0,1.00439,0.00000
534F4C31,30073,275201213,2055,4095,4095,0,1.00342,0.00000
534F4C31,30074,275203280,2062,4095,4095,0,1.00684,0.00000
534F4C31,30074,275207268,2059,4095,4095,0,1.00537,0.00000
534F4C31,30074,275210685,2060,4095,4095,0,1.00586,0.00000
534F4C31,30075,275212955,2060,4095,4095,0,1.00586,0.00000
534F4C31,30076,275216783,2061,4095,4095,0,1.00635,0.00000
534F4C31,30077,275222132,2057,4095,4095,0,1.00439,0.00000
534F4C31,30077,275225952,2056,4095,4095,0,1.00391,0.00000
534F4C31,30077,275229721,2055,4095,4095,0,1.00342,0.00000
534F4C31,30077,275231934,2056,4095,4095,0,1.00391,0.00000
534F4C31,30077,275234050,2061,4095,4095,0,1.00635,0.00000
534F4C31,30077,275236688,2056,4095,4095,0,1.00391,0.00000
534F4C31,30077,275238886,2057,4095,4095,0,1.00439,0.00000
534F4C31,30077,275242056,2056,4095,4095,0,1.00391,0.00000
534F4C31,30077,275244227,2057,4095,4095,0,1.00439,0.00000
534F4C31,30077,275246294,2058,4095,4095,0,1.00488,0.00000
534F4C31,30077,275248378,2059,4095,4095,0,1.00537,0.00000
534F4C31,30077,275250480,2063,4095,4095,0,1.00732,0.00000
534F4C31,30077,275252356,2057,4095,4095,0,1.00439,0.00000
534F4C31,30077,275254394,2050,4095,4095,0,1.00098,0.00000
534F4C31,30077,275256420,2063,4095,4095,0,1.00732,0.00000
534F4C31,30077,275258472,2056,4095,4095,0,1.00391,0.00000
534F4C31,30077,275260582,2062,4095,4095,0,1.00684,0.00000
534F4C31,30077,275262589,2052,4095,4095,0,1.00195,0.00000
534F4C31,30077,275264676,2063,4095,4095,0,1.00732,0.00000
534F4C31,30077,275266773,2053,4095,4095,0,1.00244,0.00000
534F4C31,30077,275268877,2059,4095,4095,0,1.00537,0.00000
534F4C31,30077,275270808,2059,4095,4095,0,1.00537,0.00000
534F4C31,30077,275272867,2063,4095,4095,0,1.00732,0.00000
534F4C31,30077,275275942,2051,4095,4095,0,1.00146,0.00000
534F4C31,30077,275278193,2051,4095,4095,0,1.00146,0.00000
534F4C31,30077,275280248,2058,4095,4095,0,1.00488,0.00000
534F4C31,30077,275282278,2058,4095,4095,0,1.00488,0.00000
534F4C31,30077,275284988,2059,4095,4095,0,1.00537,0.00000
534F4C31,30077,275287199,2052,4095,4095,0,1.00195,0.00000
534F4C31,30077,275289284,2061,4095,4095,0,1.00635,0.00000
534F4C31,30078,275291349,2059,4095,4095,0,1.00537,0.00000
534F4C31,30078,275295491,2055,4095,4095,0,1.00342,0.00000
534F4C31,30078,275298239,2062,4095,4095,0,1.00684,0.00000
534F4C31,30078,275300278,2062,4095,4095,0,1.00684,0.00000
534F4C31,30078,275303261,2055,4095,4095,0,1.00342,0.00000
534F4C31,30078,275305402,2058,4095,4095,0,1.00488,0.00000
534F4C31,30078,275308091,2062,4095,4095,0,1.00684,0.00000
534F4C31,30078,275310264,2056,4095,4095,0,1.00391,0.00000
534F4C31,30078,275312252,2058,4095,4095,0,1.00488,0.00000
534F4C31,30078,275314363,2057,4095,4095,0,1.00439,0.00000
534F4C31,30078,275316364,2063,4095,4095,0,1.00732,0.00000
534F4C31,30078,275318428,2055,4095,4095,0,1.00342,0.00000
534F4C31,30078,275320865,2053,4095,4095,0,1.00244,0.00000
534F4C31,30078,275322958,2059,4095,4095,0,1.00537,0.00000
534F4C31,30078,275326274,2051,4095,4095,0,1.00146,0.00000
534F4C31,30078,275328517,2053,4095,4095,0,1.00244,0.00000
534F4C31,30078,275330495,2056,4095,4095,0,1.00391,0.00000
534F4C31,30078,275332600,2054,4095,4095,0,1.00293,0.00000
534F4C31,30078,275334593,2064,4095,4095,0,1.00781,0.00000
534F4C31,30078,275336722,2052,4095,4095,0,1.00195,0.00000
534F4C31,30078,275338759,2058,4095,4095,0,1.00488,0.00000
534F4C31,30078,275340892,2051,4095,4095,0,1.00146,0.00000
534F4C31,30078,275342963,2059,4095,4095,0,1.00537,0.00000
534F4C31,30078,275345077,2054,4095,4095,0,1.00293,0.00000
534F4C31,30078,275347154,2057,4095,4095,0,1.00439,0.00000
534F4C31,30078,275349162,2054,4095,4095,0,1.00293,0.00000
534F4C31,30078,275351156,2060,4095,4095,0,1.00586,0.00000
534F4C31,30078,275353153,2053,4095,4095,0,1.00244,0.00000
534F4C31,30078,275355174,2062,4095,4095,0,1.00684,0.00000
534F4C31,30078,275357182,2052,4095,4095,0,1.00195,0.00000
534F4C31,30078,275359338,2055,4095,4095,0,1.00342,0.00000
534F4C31,30078,275361494,2057,4095,4095,0,1.00439,0.00000
534F4C31,30078,275363564,2059,4095,4095,0,1.00537,0.00000
534F4C31,30078,275365647,2061,4095,4095,0,1.00635,0.00000
534F4C31,30078,275367709,2059,4095,4095,0,1.00537,0.00000
534F4C31,30078,275369885,2060,4095,4095,0,1.00586,0.00000
534F4C31,30078,275371991,2056,4095,4095,0,1.00391,0.00000
534F4C31,30078,275374079,2056,4095,4095,0,1.00391,0.00000
534F4C31,30078,275376102,2057,4095,4095,0,1.00439,0.00000
534F4C31,30078,275378156,2061,4095,4095,0,1.00635,0.00000
534F4C31,30078,275380284,2050,4095,4095,0,1.00098,0.00000
534F4C31,30079,275382378,2062,4095,4095,0,1.00684,0.00000
534F4C31,30080,275386742,2059,4095,4095,0,1.00537,0.00000
534F4C31,30081,275390301,2059,4095,4095,0,1.00537,0.00000
534F4C31,30081,275396374,2057,4095,4095,0,1.00439,0.00000
534F4C31,30081,275398491,2053,4095,4095,0,1.00244,0.00000
534F4C31,30082,275400574,2059,4095,4095,0,1.00537,0.00000
534F4C31,30083,275405395,2055,4095,4095,0,1.00342,0.00000
534F4C31,30084,275409774,2057,4095,4095,0,1.00439,0.00000
534F4C31,30085,275413379,2061,4095,4095,0,1.00635,0.00000
534F4C31,30086,275418759,2060,4095,4095,0,1.00586,0.00000
534F4C31,30087,275424436,2058,4095,4095,0,1.00488,0.00000
534F4C31,30087,275427906,2054,4095,4095,0,1.00293,0.00000
534F4C31,30088,275431154,2053,4095,4095,0,1.00244,0.00000
534F4C31,30089,275436126,2056,4095,4095,0,1.00391,0.00000
534F4C31,30090,275439986,2057,4095,4095,0,1.00439,0.00000
534F4C31,30090,275445406,2060,4095,4095,0,1.00586,0.00000
534F4C31,30090,275447592,2060,4095,4095,0,1.00586,0.00000
534F4C31,30091,275450694,2051,4095,4095,0,1.00146,0.00000
534F4C31,30092,275455495,2054,4095,4095,0,1.00293,0.00000
534F4C31,30092,275460541,2058,4095,4095,0,1.00488,0.00000
534F4C31,30092,275464044,2059,4095,4095,0,1.00537,0.00000
534F4C31,30092,275466227,2057,4095,4095,0,1.00439,0.00000
534F4C31,30092,275469181,2060,4095,4095,0,1.00586,0.00000
534F4C31,30092,275471473,2060,4095,4095,0,1.00586,0.00000
534F4C31,30092,275473511,2051,4095,4095,0,1.00146,0.00000
534F4C31,30092,275475524,2058,4095,4095,0,1.00488,0.00000
534F4C31,30092,275477606,2061,4095,4095,0,1.00635,0.00000
534F4C31,30092,275479724,2055,4095,4095,0,1.00342,0.00000
534F4C31,30092,275481860,2060,4095,4095,0,1.00586,0.00000
534F4C31,30092,275483942,2061,4095,4095,0,1.00635,0.00000
534F4C31,30092,275486017,2059,4095,4095,0,1.00537,0.00000
534F4C31,30092,275488122,2055,4095,4095,0,1.00342,0.00000
534F4C31,30093,275490242,2062,4095,4095,0,1.00684,0.00000
534F4C31,30094,275494393,2055,4095,4095,0,1.00342,0.00000
534F4C31,30094,275498723,2062,4095,4095,0,1.00684,0.00000
534F4C31,30094,275501708,2052,4095,4095,0,1.00195,0.00000
534F4C31,30094,275505438,2062,4095,4095,0,1.00684,0.00000
534F4C31,30094,275507516,2057,4095,4095,0,1.00439,0.00000
534F4C31,30095,275509571,2059,4095,4095,0,1.00537,0.00000
534F4C31,30095,275513601,2054,4095,4095,0,1.00293,0.00000
534F4C31,30095,275516762,2063,4095,4095,0,1.00732,0.00000
534F4C31,30096,275519007,2053,4095,4095,0,1.00244,0.00000
534F4C31,30096,275524365,2059,4095,4095,0,1.00537,0.00000
534F4C31,30096,275527765,2056,4095,4095,0,1.00391,0.00000
534F4C31,30096,275530448,2060,4095,4095,0,1.00586,0.00000
534F4C31,30096,275533301,2062,4095,4095,0,1.00684,0.00000
534F4C31,30096,275535678,2058,4095,4095,0,1.00488,0.00000
534F4C31,30096,275537837,2060,4095,4095,0,1.00586,0.00000
534F4C31,30096,275539978,2059,4095,4095,0,1.00537,0.00000
534F4C31,30096,275542007,2053,4095,4095,0,1.00244,0.00000
534F4C31,30096,275544153,2066,4095,4095,0,1.00879,0.00000
534F4C31,30097,275546296,2054,4095,4095,0,1.00293,0.00000
534F4C31,30097,275550785,2056,4095,4095,0,1.00391,0.00000
534F4C31,30097,275553063,2060,4095,4095,0,1.00586,0.00000
534F4C31,30098,275555155,2052,4095,4095,0,1.00195,0.00000
534F4C31,30099,275559974,2057,4095,4095,0,1.00439,0.00000
534F4C31,30100,275563893,2056,4095,4095,0,1.00391,0.00000
534F4C31,30101,275566970,2049,4095,4095,0,1.00049,0.00000
534F4C31,30101,275573524,2061,4095,4095,0,1.00635,0.00000
534F4C31,30101,275575661,2060,4095,4095,0,1.00586,0.00000
534F4C31,30101,275577637,2051,4095,4095,0,1.00146,0.00000
534F4C31,30101,275581045,2052,4095,4095,0,1.00195,0.00000
534F4C31,30102,275583243,2061,4095,4095,0,1.00635,0.00000
534F4C31,30102,275587501,2053,4095,4095,0,1.00244,0.00000
534F4C31,30102,275589796,2054,4095,4095,0,1.00293,0.00000
534F4C31,30102,275591754,2058,4095,4095,0,1.00488,0.00000
534F4C31,30103,275594630,2057,4095,4095,0,1.00439,0.00000
534F4C31,30104,275599559,2061,4095,4095,0,1.00635,0.00000
534F4C31,30104,275604335,2062,4095,4095,0,1.00684,0.00000
534F4C31,30104,275607739,2057,4095,4095,0,1.00439,0.00000
534F4C31,30104,275609783,2065,4095,4095,0,1.00830,0.00000
534F4C31,30104,275612512,2056,4095,4095,0,1.00391,0.00000
534F4C31,30105,275615639,2061,4095,4095,0,1.00635,0.00000
534F4C31,30105,275619494,2061,4095,4095,0,1.00635,0.00000
534F4C31,30105,275621770,2059,4095,4095,0,1.00537,0.00000
534F4C31,30105,275623805,2056,4095,4095,0,1.00391,0.00000
534F4C31,30105,275626514,2061,4095,4095,0,1.00635,0.00000
534F4C31,30105,275629704,2055,4095,4095,0,1.00342,0.00000
534F4C31,30105,275631941,2055,4095,4095,0,1.00342,0.00000
534F4C31,30105,275634016,2059,4095,4095,0,1.00537,0.00000
534F4C31,30105,275636166,2049,4095,4095,0,1.00049,0.00000
534F4C31,30105,275638292,2059,4095,4095,0,1.00537,0.00000
534F4C31,30105,275640250,2055,4095,4095,0,1.00342,0.00000
534F4C31,30106,275642259,2062,4095,4095,0,1.00684,0.00000
534F4C31,30107,275646780,2058,4095,4095,0,1.00488,0.00000
534F4C31,30108,275651034,2058,4095,4095,0,1.00488,0.00000
534F4C31,30109,275655619,2060,4095,4095,0,1.00586,0.00000
534F4C31,30110,275660512,2057,4095,4095,0,1.00439,0.00000
534F4C31,30110,275665699,2055,4095,4095,0,1.00342,0.00000
534F4C31,30110,275668093,2054,4095,4095,0,1.00293,0.00000
534F4C31,30110,275670217,2057,4095,4095,0,1.00439,0.00000
534F4C31,30110,275672106,2060,4095,4095,0,1.00586,0.00000
534F4C31,30111,275674981,2048,4095,4095,0,1.00000,0.00000
534F4C31,30112,275679226,2063,4095,4095,0,1.00732,0.00000
534F4C31,30112,275682133,2061,4095,4095,0,1.00635,0.00000
534F4C31,30112,275684555,2061,4095,4095,0,1.00635,0.00000
534F4C31,30113,275688244,2059,4095,4095,0,1.00537,0.00000
534F4C31,30114,275691400,2056,4095,4095,0,1.00391,0.00000
534F4C31,30115,275695791,2054,4095,4095,0,1.00293,0.00000
534F4C31,30116,275701799,2055,4095,4095,0,1.00342,0.00000
534F4C31,30116,275705930,2053,4095,4095,0,1.00244,0.00000
534F4C31,30116,275710299,2052,4095,4095,0,1.00195,0.00000
534F4C31,30116,275712879,2056,4095,4095,0,1.00391,0.00000
534F4C31,30116,275715200,2063,4095,4095,0,1.00732,0.00000
534F4C31,30116,275717916,2057,4095,4095,0,1.00439,0.00000
534F4C31,30116,275720212,2055,4095,4095,0,1.00342,0.00000
534F4C31,30116,275722139,2056,4095,4095,0,1.00391,0.00000
534F4C31,30116,275724101,2061,4095,4095,0,1.00635,0.00000
534F4C31,30116,275726195,2061,4095,4095,0,1.00635,0.00000
534F4C31,30117,275728315,2054,4095,4095,0,1.00293,0.00000
534F4C31,30117,275732979,2058,4095,4095,0,1.00488,0.00000
534F4C31,30117,275735204,2058,4095,4095,0,1.00488,0.00000
534F4C31,30117,275737254,2052,4095,4095,0,1.00195,0.00000
534F4C31,30117,275740394,2059,4095,4095,0,1.00537,0.00000
534F4C31,30117,275742407,2063,4095,4095,0,1.00732,0.00000
534F4C31,30117,275744495,2051,4095,4095,0,1.00146,0.00000
534F4C31,30117,275746608,2060,4095,4095,0,1.00586,0.00000
534F4C31,30117,275748654,2050,4095,4095,0,1.00098,0.00000
534F4C31,30117,275750742,2060,4095,4095,0,1.00586,0.00000
534F4C31,30117,275752703,2054,4095,4095,0,1.00293,0.00000
534F4C31,30117,275754830,2058,4095,4095,0,1.00488,0.00000
534F4C31,30118,275757191,2058,4095,4095,0,1.00488,0.00000
534F4C31,30119,275761721,2055,4095,4095,0,1.00342,0.00000
534F4C31,30120,275764757,2058,4095,4095,0,1.00488,0.00000
534F4C31,30121,275769146,2053,4095,4095,0,1.00244,0.00000
534F4C31,30122,275773330,2056,4095,4095,0,1.00391,0.00000
534F4C31,30123,275776733,2057,4095,4095,0,1.00439,0.00000
534F4C31,30123,275781233,2058,4095,4095,0,1.00488,0.00000
534F4C31,30123,275784066,2056,4095,4095,0,1.00391,0.00000
534F4C31,30124,275788461,2059,4095,4095,0,1.00537,0.00000
534F4C31,30124,275791852,2054,4095,4095,0,1.00293,0.00000
534F4C31,30124,275795329,2064,4095,4095,0,1.00781,0.00000
534F4C31,30124,275799422,2058,4095,4095,0,1.00488,0.00000
534F4C31,30124,275801653,2058,4095,4095,0,1.00488,0.00000
534F4C31,30124,275803620,2054,4095,4095,0,1.00293,0.00000
534F4C31,30125,275806814,2053,4095,4095,0,1.00244,0.00000
534F4C31,30125,275810997,2060,4095,4095,0,1.00586,0.00000
534F4C31,30125,275813156,2058,4095,4095,0,1.00488,0.00000
534F4C31,30125,275815209,2060,4095,4095,0,1.00586,0.00000
534F4C31,30125,275818355,2062,4095,4095,0,1.00684,0.00000
534F4C31,30125,275820337,2062,4095,4095,0,1.00684,0.00000
534F4C31,30125,275822296,2056,4095,4095,0,1.00391,0.00000
534F4C31,30125,275824167,2056,4095,4095,0,1.00391,0.00000
534F4C31,30125,275826137,2051,4095,4095,0,1.00146,0.00000
534F4C31,30125,275828145,2061,4095,4095,0,1.00635,0.00000
534F4C31,30125,275830174,2053,4095,4095,0,1.00244,0.00000
534F4C31,30125,275832309,2060,4095,4095,0,1.00586,0.00000
534F4C31,30125,275834894,2051,4095,4095,0,1.00146,0.00000
534F4C31,30126,275837164,2056,4095,4095,0,1.00391,0.00000
534F4C31,30127,275841471,2056,4095,4095,0,1.00391,0.00000
534F4C31,30128,275844872,2062,4095,4095,0,1.00684,0.00000
534F4C31,30129,275849182,2059,4095,4095,0,1.00537,0.00000
534F4C31,30129,275854484,2055,4095,4095,0,1.00342,0.00000
534F4C31,30129,275857386,2058,4095,4095,0,1.00488,0.00000
534F4C31,30130,275860479,2057,4095,4095,0,1.00439,0.00000
534F4C31,30130,275864898,2060,4095,4095,0,1.00586,0.00000
534F4C31,30130,275867130,2058,4095,4095,0,1.00488,0.00000
534F4C31,30131,275869190,2052,4095,4095,0,1.00195,0.00000
534F4C31,30132,275874492,2062,4095,4095,0,1.00684,0.00000
534F4C31,30133,275877267,2056,4095,4095,0,1.00391,0.00000
534F4C31,30134,275882796,2054,4095,4095,0,1.00293,0.00000
534F4C31,30135,275886697,2057,4095,4095,0,1.00439,0.00000
534F4C31,30135,275890056,2060,4095,4095,0,1.00586,0.00000
534F4C31,30135,275894048,2061,4095,4095,0,1.00635,0.00000
534F4C31,30135,275897503,2057,4095,4095,0,1.00439,0.00000
534F4C31,30135,275900607,2055,4095,4095,0,1.00342,0.00000
534F4C31,30135,275902717,2062,4095,4095,0,1.00684,0.00000
534F4C31,30135,275905345,2052,4095,4095,0,1.00195,0.00000
534F4C31,30135,275907464,2055,4095,4095,0,1.00342,0.00000
534F4C31,30135,275909580,2056,4095,4095,0,1.00391,0.00000
534F4C31,30135,275911778,2054,4095,4095,0,1.00293,0.00000
534F4C31,30135,275913861,2063,4095,4095,0,1.00732,0.00000
534F4C31,30135,275915952,2055,4095,4095,0,1.00342,0.00000
534F4C31,30135,275918044,2057,4095,4095,0,1.00439,0.00000
534F4C31,30135,275920180,2055,4095,4095,0,1.00342,0.00000
534F4C31,30136,275922348,2059,4095,4095,0,1.00537,0.00000
534F4C31,30136,275926822,2062,4095,4095,0,1.00684,0.00000
534F4C31,30136,275929376,2058,4095,4095,0,1.00488,0.00000
534F4C31,30136,275933067,2055,4095,4095,0,1.00342,0.00000
534F4C31,30136,275936081,2059,4095,4095,0,1.00537,0.00000
534F4C31,30136,275938360,2055,4095,4095,0,1.00342,0.00000
534F4C31,30136,275940365,2060,4095,4095,0,1.00586,0.00000
534F4C31,30136,275943217,2055,4095,4095,0,1.00342,0.00000
534F4C31,30136,275945421,2058,4095,4095,0,1.00488,0.00000
534F4C31,30136,275947469,2058,4095,4095,0,1.00488,0.00000
534F4C31,30136,275949638,2056,4095,4095,0,1.00391,0.00000
534F4C31,30137,275951883,2063,4095,4095,0,1.00732,0.00000
534F4C31,30138,275956354,2050,4095,4095,0,1.00098,0.00000
534F4C31,30139,275960030,2056,4095,4095,0,1.00391,0.00000
534F4C31,30140,275966846,2063,4095,4095,0,1.00732,0.00000
534F4C31,30140,275972317,2059,4095,4095,0,1.00537,0.00000
534F4C31,30141,275975102,2061,4095,4095,0,1.00635,0.00000
534F4C31,30142,275979434,2049,4095,4095,0,1.00049,0.00000
534F4C31,30142,275983983,2059,4095,4095,0,1.00537,0.00000
534F4C31,30142,275986762,2063,4095,4095,0,1.00732,0.00000
534F4C31,30143,275989909,2053,4095,4095,0,1.00244,0.00000
534F4C31,30144,275993828,2060,4095,4095,0,1.00586,0.00000
534F4C31,30144,275997548,2055,4095,4095,0,1.00342,0.00000
534F4C31,30144,276002402,2055,4095,4095,0,1.00342,0.00000
534F4C31,30144,276004542,2055,4095,4095,0,1.00342,0.00000
534F4C31,30144,276007334,2063,4095,4095,0,1.00732,0.00000
534F4C31,30144,276010140,2053,4095,4095,0,1.00244,0.00000
534F4C31,30144,276012436,2050,4095,4095,0,1.00098,0.00000
534F4C31,30144,276014544,2055,4095,4095,0,1.00342,0.00000
534F4C31,30144,276016614,2055,4095,4095,0,1.00342,0.00000
534F4C31,30144,276018634,2065,4095,4095,0,1.00830,0.00000
534F4C31,30144,276020696,2051,4095,4095,0,1.00146,0.00000
534F4C31,30144,276022812,2057,4095,4095,0,1.00439,0.00000
534F4C31,30145,276025175,2055,4095,4095,0,1.00342,0.00000
534F4C31,30146,276030376,2055,4095,4095,0,1.00342,0.00000
534F4C31,30146,276033892,2056,4095,4095,0,1.00391,0.00000
534F4C31,30146,276039562,2058,4095,4095,0,1.00488,0.00000
534F4C31,30147,276042429,2058,4095,4095,0,1.00488,0.00000
534F4C31,30147,276047866,2060,4095,4095,0,1.00586,0.00000
534F4C31,30147,276051155,2054,4095,4095,0,1.00293,0.00000
534F4C31,30147,276054022,2062,4095,4095,0,1.00684,0.00000
534F4C31,30147,276056761,2053,4095,4095,0,1.00244,0.00000
534F4C31,30147,276059152,2052,4095,4095,0,1.00195,0.00000
534F4C31,30147,276061310,2056,4095,4095,0,1.00391,0.00000
534F4C31,30148,276063403,2058,4095,4095,0,1.00488,0.00000
534F4C31,30149,276067329,2062,4095,4095,0,1.00684,0.00000
534F4C31,30150,276071171,2050,4095,4095,0,1.00098,0.00000
534F4C31,30150,276077241,2057,4095,4095,0,1.00439,0.00000
534F4C31,30150,276080057,2056,4095,4095,0,1.00391,0.00000
534F4C31,30151,276082954,2052,4095,4095,0,1.00195,0.00000
534F4C31,30152,276087137,2059,4095,4095,0,1.00537,0.00000
534F4C31,30153,276089905,2059,4095,4095,0,1.00537,0.00000
534F4C31,30154,276096354,2056,4095,4095,0,1.00391,0.00000
534F4C31,30154,276100345,2063,4095,4095,0,1.00732,0.00000
534F4C31,30154,276103916,2053,4095,4095,0,1.00244,0.00000
534F4C31,30155,276107248,2057,4095,4095,0,1.00439,0.00000
534F4C31,30155,276110548,2055,4095,4095,0,1.00342,0.00000
534F4C31,30155,276115403,2051,4095,4095,0,1.00146,0.00000
534F4C31,30156,276117608,2059,4095,4095,0,1.00537,0.00000
534F4C31,30156,276120510,2057,4095,4095,0,1.00439,0.00000
534F4C31,30156,276125904,2061,4095,4095,0,1.00635,0.00000
534F4C31,30156,276128129,2056,4095,4095,0,1.00391,0.00000
534F4C31,30156,276131079,2054,4095,4095,0,1.00293,0.00000
534F4C31,30156,276133400,2056,4095,4095,0,1.00391,0.00000
534F4C31,30156,276135491,2063,4095,4095,0,1.00732,0.00000
534F4C31,30156,276137636,2052,4095,4095,0,1.00195,0.00000
534F4C31,30156,276139700,2058,4095,4095,0,1.00488,0.00000
534F4C31,30156,276142221,2058,4095,4095,0,1.00488,0.00000
534F4C31,30156,276144311,2056,4095,4095,0,1.00391,0.00000
534F4C31,30156,276146368,2056,4095,4095,0,1.00391,0.00000
534F4C31,30156,276148660,2057,4095,4095,0,1.00439,0.00000
534F4C31,30156,276150897,2061,4095,4095,0,1.00635,0.00000
534F4C31,30157,276153203,2056,4095,4095,0,1.00391,0.00000
534F4C31,30158,276157869,2061,4095,4095,0,1.00635,0.00000
534F4C31,30159,276162380,2053,4095,4095,0,1.00244,0.00000
534F4C31,30160,276166018,2057,4095,4095,0,1.00439,0.00000
534F4C31,30160,276170740,2059,4095,4095,0,1.00537,0.00000
534F4C31,30160,276174077,2064,4095,4095,0,1.00781,0.00000
534F4C31,30161,276177166,2056,4095,4095,0,1.00391,0.00000
534F4C31,30161,276181866,2060,4095,4095,0,1.00586,0.00000
534F4C31,30161,276184090,2053,4095,4095,0,1.00244,0.00000
534F4C31,30162,276187973,2057,4095,4095,0,1.00439,0.00000
534F4C31,30163,276191886,2057,4095,4095,0,1.00439,0.00000
534F4C31,30163,276197203,2058,4095,4095,0,1.00488,0.00000
534F4C31,30163,276199371,2058,4095,4095,0,1.00488,0.00000
534F4C31,30163,276202333,2056,4095,4095,0,1.00391,0.00000
534F4C31,30163,276205097,2065,4095,4095,0,1.00830,0.00000
534F4C31,30164,276207498,2056,4095,4095,0,1.00391,0.00000
534F4C31,30164,276211829,2060,4095,4095,0,1.00586,0.00000
534F4C31,30164,276214194,2054,4095,4095,0,1.00293,0.00000
534F4C31,30165,276216856,2058,4095,4095,0,1.00488,0.00000
534F4C31,30166,276221877,2058,4095,4095,0,1.00488,0.00000
534F4C31,30166,276225823,2064,4095,4095,0,1.00781,0.00000
534F4C31,30166,276230085,2060,4095,4095,0,1.00586,0.00000
534F4C31,30167,276232983,2062,4095,4095,0,1.00684,0.00000
534F4C31,30168,276236169,2058,4095,4095,0,1.00488,0.00000
534F4C31,30169,276241737,2057,4095,4095,0,1.00439,0.00000
534F4C31,30169,276245344,2053,4095,4095,0,1.00244,0.00000
534F4C31,30169,276247560,2057,4095,4095,0,1.00439,0.00000
534F4C31,30169,276250179,2055,4095,4095,0,1.00342,0.00000
534F4C31,30169,276253327,2057,4095,4095,0,1.00439,0.00000
534F4C31,30169,276255451,2060,4095,4095,0,1.00586,0.00000
534F4C31,30169,276257517,2052,4095,4095,0,1.00195,0.00000
534F4C31,30169,276260712,2059,4095,4095,0,1.00537,0.00000
534F4C31,30169,276264104,2057,4095,4095,0,1.00439,0.00000
534F4C31,30170,276266408,2060,4095,4095,0,1.00586,0.00000
534F4C31,30170,276269522,2048,4095,4095,0,1.00000,0.00000
534F4C31,30170,276273495,2055,4095,4095,0,1.00342,0.00000
534F4C31,30170,276276395,2055,4095,4095,0,1.00342,0.00000
534F4C31,30170,276279250,2058,4095,4095,0,1.00488,0.00000
534F4C31,30170,276281519,2054,4095,4095,0,1.00293,0.00000
534F4C31,30170,276283431,2055,4095,4095,0,1.00342,0.00000
534F4C31,30170,276285456,2054,4095,4095,0,1.00293,0.00000
534F4C31,30170,276287340,2051,4095,4095,0,1.00146,0.00000
534F4C31,30170,276289207,2049,4095,4095,0,1.00049,0.00000
534F4C31,30170,276291204,2057,4095,4095,0,1.00439,0.00000
534F4C31,30170,276293232,2057,4095,4095,0,1.00439,0.00000
534F4C31,30171,276295329,2056,4095,4095,0,1.00391,0.00000
534F4C31,30172,276300373,2057,4095,4095,0,1.00439,0.00000
534F4C31,30173,276304383,2055,4095,4095,0,1.00342,0.00000
534F4C31,30173,276309540,2060,4095,4095,0,1.00586,0.00000
534F4C31,30173,276311746,2058,4095,4095,0,1.00488,0.00000
534F4C31,30174,276313755,2058,4095,4095,0,1.00488,0.00000
534F4C31,30175,276318559,2058,4095,4095,0,1.00488,0.00000
534F4C31,30176,276322659,2065,4095,4095,0,1.00830,0.00000
534F4C31,30176,276327283,2057,4095,4095,0,1.00439,0.00000
534F4C31,30176,276330901,2063,4095,4095,0,1.00732,0.00000
534F4C31,30176,276333141,2062,4095,4095,0,1.00684,0.00000
534F4C31,30176,276335289,2050,4095,4095,0,1.00098,0.00000
534F4C31,30176,276338168,2057,4095,4095,0,1.00439,0.00000
534F4C31,30176,276340436,2057,4095,4095,0,1.00439,0.00000
534F4C31,30176,276342500,2056,4095,4095,0,1.00391,0.00000
534F4C31,30176,276344820,2059,4095,4095,0,1.00537,0.00000
534F4C31,30177,276346984,2054,4095,4095,0,1.00293,0.00000
534F4C31,30178,276351143,2056,4095,4095,0,1.00391,0.00000
534F4C31,30179,276355677,2057,4095,4095,0,1.00439,0.00000
534F4C31,30180,276359525,2059,4095,4095,0,1.00537,0.00000
534F4C31,30181,276366073,2060,4095,4095,0,1.00586,0.00000
534F4C31,30181,276370128,2060,4095,4095,0,1.00586,0.00000
534F4C31,30181,276372284,2057,4095,4095,0,1.00439,0.00000
534F4C31,30181,276374301,2054,4095,4095,0,1.00293,0.00000
534F4C31,30181,276376151,2060,4095,4095,0,1.00586,0.00000
534F4C31,30181,276379534,2060,4095,4095,0,1.00586,0.00000
534F4C31,30182,276382219,2054,4095,4095,0,1.00293,0.00000
534F4C31,30182,276384522,2057,4095,4095,0,1.00439,0.00000
534F4C31,30182,276389573,2058,4095,4095,0,1.00488,0.00000
534F4C31,30183,276392472,2063,4095,4095,0,1.00732,0.00000
534F4C31,30184,276394856,2062,4095,4095,0,1.00684,0.00000
534F4C31,30185,276401865,2059,4095,4095,0,1.00537,0.00000
534F4C31,30186,276405988,2057,4095,4095,0,1.00439,0.00000
534F4C31,30186,276412331,2060,4095,4095,0,1.00586,0.00000
534F4C31,30186,276414641,2062,4095,4095,0,1.00684,0.00000
534F4C31,30186,276416653,2055,4095,4095,0,1.00342,0.00000
534F4C31,30186,276419592,2053,4095,4095,0,1.00244,0.00000
534F4C31,30186,276421825,2058,4095,4095,0,1.00488,0.00000
534F4C31,30186,276423921,2058,4095,4095,0,1.00488,0.00000
534F4C31,30186,276425833,2061,4095,4095,0,1.00635,0.00000
534F4C31,30186,276427712,2056,4095,4095,0,1.00391,0.00000
534F4C31,30186,276429842,2058,4095,4095,0,1.00488,0.00000
534F4C31,30186,276431949,2053,4095,4095,0,1.00244,0.00000
534F4C31,30186,276434060,2059,4095,4095,0,1.00537,0.00000
534F4C31,30186,276436095,2057,4095,4095,0,1.00439,0.00000
534F4C31,30186,276438184,2058,4095,4095,0,1.00488,0.00000
534F4C31,30186,276440337,2050,4095,4095,0,1.00098,0.00000
534F4C31,30187,276442415,2060,4095,4095,0,1.00586,0.00000
534F4C31,30188,276447368,2062,4095,4095,0,1.00684,0.00000
534F4C31,30189,276451690,2054,4095,4095,0,1.00293,0.00000
534F4C31,30190,276456855,2051,4095,4095,0,1.00146,0.00000
534F4C31,30190,276461854,2058,4095,4095,0,1.00488,0.00000
534F4C31,30190,276464905,2062,4095,4095,0,1.00684,0.00000
534F4C31,30191,276468752,2055,4095,4095,0,1.00342,0.00000
534F4C31,30192,276472197,2056,4095,4095,0,1.00391,0.00000
534F4C31,30192,276476728,2056,4095,4095,0,1.00391,0.00000
534F4C31,30192,276479288,2051,4095,4095,0,1.00146,0.00000
534F4C31,30192,276481358,2061,4095,4095,0,1.00635,0.00000
534F4C31,30192,276484011,2062,4095,4095,0,1.00684,0.00000
534F4C31,30192,276486854,2059,4095,4095,0,1.00537,0.00000
534F4C31,30193,276489283,2056,4095,4095,0,1.00391,0.00000
534F4C31,30194,276493566,2057,4095,4095,0,1.00439,0.00000
534F4C31,30194,276496751,2055,4095,4095,0,1.00342,0.00000
534F4C31,30194,276501033,2058,4095,4095,0,1.00488,0.00000
534F4C31,30194,276504254,2056,4095,4095,0,1.00391,0.00000
534F4C31,30194,276506524,2058,4095,4095,0,1.00488,0.00000
534F4C31,30194,276509188,2058,4095,4095,0,1.00488,0.00000
534F4C31,30194,276511450,2058,4095,4095,0,1.00488,0.00000
534F4C31,30194,276513345,2055,4095,4095,0,1.00342,0.00000
534F4C31,30194,276515399,2057,4095,4095,0,1.00439,0.00000
534F4C31,30194,276517500,2057,4095,4095,0,1.00439,0.00000
534F4C31,30194,276519561,2060,4095,4095,0,1.00586,0.00000
534F4C31,30194,276521678,2049,4095,4095,0,1.00049,0.00000
534F4C31,30195,276523819,2059,4095,4095,0,1.00537,0.00000
534F4C31,30196,276528235,2056,4095,4095,0,1.00391,0.00000
534F4C31,30196,276531812,2062,4095,4095,0,1.00684,0.00000
534F4C31,30196,276536513,2061,4095,4095,0,1.00635,0.00000
534F4C31,30197,276539342,2061,4095,4095,0,1.00635,0.00000
534F4C31,30197,276543604,2060,4095,4095,0,1.00586,0.00000
534F4C31,30197,276547338,2059,4095,4095,0,1.00537,0.00000
534F4C31,30198,276550483,2058,4095,4095,0,1.00488,0.00000
534F4C31,30198,276554801,2055,4095,4095,0,1.00342,0.00000
534F4C31,30198,276558035,2065,4095,4095,0,1.00830,0.00000
534F4C31,30199,276561033,2054,4095,4095,0,1.00293,0.00000
534F4C31,30199,276565523,2051,4095,4095,0,1.00146,0.00000
534F4C31,30199,276567825,2060,4095,4095,0,1.00586,0.00000
534F4C31,30200,276570773,2059,4095,4095,0,1.00537,0.00000
534F4C31,30200,276573707,2061,4095,4095,0,1.00635,0.00000
534F4C31,30200,276577291,2063,4095,4095,0,1.00732,0.00000
534F4C31,30200,276579412,2055,4095,4095,0,1.00342,0.00000
534F4C31,30200,276581554,2056,4095,4095,0,1.00391,0.00000
534F4C31,30200,276584425,2057,4095,4095,0,1.00439,0.00000
534F4C31,30201,276586906,2059,4095,4095,0,1.00537,0.00000
534F4C31,30202,276590451,2054,4095,4095,0,1.00293,0.00000
534F4C31,30202,276594342,2056,4095,4095,0,1.00391,0.00000
534F4C31,30202,276597553,2057,4095,4095,0,1.00439,0.00000
534F4C31,30202,276599597,2053,4095,4095,0,1.00244,0.00000
534F4C31,30202,276602713,2059,4095,4095,0,1.00537,0.00000
534F4C31,30202,276605937,2057,4095,4095,0,1.00439,0.00000
534F4C31,30202,276607995,2058,4095,4095,0,1.00488,0.00000
534F4C31,30202,276610130,2055,4095,4095,0,1.00342,0.00000
534F4C31,30203,276613160,2063,4095,4095,0,1.00732,0.00000
534F4C31,30203,276617043,2059,4095,4095,0,1.00537,0.00000
534F4C31,30203,276620126,2061,4095,4095,0,1.00635,0.00000
534F4C31,30204,276622162,2054,4095,4095,0,1.00293,0.00000
534F4C31,30205,276627137,2064,4095,4095,0,1.00781,0.00000
534F4C31,30205,276630866,2056,4095,4095,0,1.00391,0.00000
534F4C31,30205,276633944,2059,4095,4095,0,1.00537,0.00000
534F4C31,30205,276638049,2052,4095,4095,0,1.00195,0.00000
534F4C31,30205,276640139,2062,4095,4095,0,1.00684,0.00000
534F4C31,30205,276642876,2057,4095,4095,0,1.00439,0.00000
534F4C31,30206,276645124,2056,4095,4095,0,1.00391,0.00000
534F4C31,30207,276649652,2061,4095,4095,0,1.00635,0.00000
534F4C31,30207,276653179,2057,4095,4095,0,1.00439,0.00000
534F4C31,30207,276657602,2060,4095,4095,0,1.00586,0.00000
534F4C31,30207,276659764,2059,4095,4095,0,1.00537,0.00000
534F4C31,30207,276662477,2052,4095,4095,0,1.00195,0.00000
534F4C31,30208,276664567,2057,4095,4095,0,1.00439,0.00000
534F4C31,30209,276670296,2055,4095,4095,0,1.00342,0.00000
534F4C31,30209,276674536,2056,4095,4095,0,1.00391,0.00000
534F4C31,30209,276678265,2056,4095,4095,0,1.00391,0.00000
534F4C31,30209,276681565,2055,4095,4095,0,1.00342,0.00000
534F4C31,30209,276683710,2057,4095,4095,0,1.00439,0.00000
534F4C31,30210,276686355,2060,4095,4095,0,1.00586,0.00000
534F4C31,30211,276690875,2057,4095,4095,0,1.00439,0.00000
534F4C31,30211,276694156,2058,4095,4095,0,1.00488,0.00000
534F4C31,30211,276698525,2059,4095,4095,0,1.00537,0.00000
534F4C31,30212,276701873,2056,4095,4095,0,1.00391,0.00000
534F4C31,30213,276704824,2057,4095,4095,0,1.00439,0.00000
534F4C31,30214,276710681,2050,4095,4095,0,1.00098,0.00000
534F4C31,30214,276714010,2058,4095,4095,0,1.00488,0.00000
534F4C31,30214,276716699,2061,4095,4095,0,1.00635,0.00000
534F4C31,30214,276720847,2057,4095,4095,0,1.00439,0.00000
534F4C31,30214,276723244,2055,4095,4095,0,1.00342,0.00000
534F4C31,30214,276725347,2058,4095,4095,0,1.00488,0.00000
534F4C31,30214,276728254,2058,4095,4095,0,1.00488,0.00000
534F4C31,30214,276730555,2058,4095,4095,0,1.00488,0.00000
534F4C31,30214,276732576,2061,4095,4095,0,1.00635,0.00000
534F4C31,30214,276734704,2055,4095,4095,0,1.00342,0.00000
534F4C31,30215,276736828,2061,4095,4095,0,1.00635,0.00000
534F4C31,30216,276741002,2058,4095,4095,0,1.00488,0.00000
534F4C31,30216,276744545,2050,4095,4095,0,1.00098,0.00000
534F4C31,30216,276746712,2061,4095,4095,0,1.00635,0.00000
534F4C31,30217,276749723,2060,4095,4095,0,1.00586,0.00000
534F4C31,30217,276755313,2059,4095,4095,0,1.00537,0.00000
534F4C31,30217,276760183,2052,4095,4095,0,1.00195,0.00000
534F4C31,30217,276762317,2055,4095,4095,0,1.00342,0.00000
534F4C31,30217,276764383,2066,4095,4095,0,1.00879,0.00000
534F4C31,30218,276766521,2056,4095,4095,0,1.00391,0.00000
534F4C31,30218,276770321,2050,4095,4095,0,1.00098,0.00000
534F4C31,30218,276773754,2056,4095,4095,0,1.00391,0.00000
534F4C31,30218,276776684,2065,4095,4095,0,1.00830,0.00000
534F4C31,30219,276779739,2059,4095,4095,0,1.00537,0.00000
534F4C31,30219,276784647,2059,4095,4095,0,1.00537,0.00000
534F4C31,30219,276786646,2059,4095,4095,0,1.00537,0.00000
534F4C31,30220,276789623,2048,4095,4095,0,1.00000,0.00000
534F4C31,30221,276793674,2058,4095,4095,0,1.00488,0.00000
534F4C31,30222,276797150,2056,4095,4095,0,1.00391,0.00000
534F4C31,30223,276806023,2060,4095,4095,0,1.00586,0.00000
534F4C31,30224,276811024,2054,4095,4095,0,1.00293,0.00000
534F4C31,30224,276815024,2056,4095,4095,0,1.00391,0.00000
534F4C31,30224,276817420,2055,4095,4095,0,1.00342,0.00000
534F4C31,30224,276821637,2054,4095,4095,0,1.00293,0.00000
534F4C31,30224,276823834,2053,4095,4095,0,1.00244,0.00000
534F4C31,30224,276825833,2059,4095,4095,0,1.00537,0.00000
534F4C31,30224,276828400,2053,4095,4095,0,1.00244,0.00000
534F4C31,30224,276830739,2056,4095,4095,0,1.00391,0.00000
534F4C31,30224,276832781,2057,4095,4095,0,1.00439,0.00000
534F4C31,30224,276834842,2059,4095,4095,0,1.00537,0.00000
534F4C31,30224,276836877,2054,4095,4095,0,1.00293,0.00000
534F4C31,30224,276839034,2055,4095,4095,0,1.00342,0.00000
534F4C31,30224,276841163,2058,4095,4095,0,1.00488,0.00000
534F4C31,30225,276843186,2059,4095,4095,0,1.00537,0.00000
534F4C31,30226,276847786,2064,4095,4095,0,1.00781,0.00000
534F4C31,30227,276852108,2055,4095,4095,0,1.00342,0.00000
534F4C31,30228,276858873,2058,4095,4095,0,1.00488,0.00000
534F4C31,30228,276861957,2061,4095,4095,0,1.00635,0.00000
534F4C31,30228,276865611,2059,4095,4095,0,1.00537,0.00000
534F4C31,30229,276869237,2052,4095,4095,0,1.00195,0.00000
534F4C31,30229,276873075,2053,4095,4095,0,1.00244,0.00000
534F4C31,30229,276877698,2061,4095,4095,0,1.00635,0.00000
534F4C31,30229,276880436,2059,4095,4095,0,1.00537,0.00000
534F4C31,30229,276882827,2056,4095,4095,0,1.00391,0.00000
534F4C31,30229,276884901,2058,4095,4095,0,1.00488,0.00000
534F4C31,30229,276886902,2055,4095,4095,0,1.00342,0.00000
534F4C31,30229,276888936,2061,4095,4095,0,1.00635,0.00000
534F4C31,30229,276891069,2054,4095,4095,0,1.00293,0.00000
534F4C31,30229,276893193,2059,4095,4095,0,1.00537,0.00000
534F4C31,30230,276895238,2052,4095,4095,0,1.00195,0.00000
534F4C31,30231,276899730,2057,4095,4095,0,1.00439,0.00000
534F4C31,30232,276903796,2059,4095,4095,0,1.00537,0.00000
534F4C31,30232,276909389,2055,4095,4095,0,1.00342,0.00000
534F4C31,30232,276913450,2062,4095,4095,0,1.00684,0.00000
534F4C31,30232,276915789,2059,4095,4095,0,1.00537,0.00000
534F4C31,30232,276917828,2056,4095,4095,0,1.00391,0.00000
534F4C31,30233,276919899,2057,4095,4095,0,1.00439,0.00000
534F4C31,30234,276925208,2057,4095,4095,0,1.00439,0.00000
534F4C31,30235,276929448,2061,4095,4095,0,1.00635,0.00000
534F4C31,30235,276934268,2059,4095,4095,0,1.00537,0.00000
534F4C31,30235,276937005,2056,4095,4095,0,1.00391,0.00000
534F4C31,30235,276939716,2062,4095,4095,0,1.00684,0.00000
534F4C31,30235,276941869,2060,4095,4095,0,1.00586,0.00000
534F4C31,30235,276945948,2057,4095,4095,0,1.00439,0.00000
534F4C31,30236,276948155,2056,4095,4095,0,1.00391,0.00000
534F4C31,30236,276952952,2060,4095,4095,0,1.00586,0.00000
534F4C31,30236,276955599,2060,4095,4095,0,1.00586,0.00000
534F4C31,30237,276958374,2061,4095,4095,0,1.00635,0.00000
534F4C31,30237,276963851,2062,4095,4095,0,1.00684,0.00000
534F4C31,30237,276967010,2061,4095,4095,0,1.00635,0.00000
534F4C31,30237,276969917,2053,4095,4095,0,1.00244,0.00000
534F4C31,30237,276972081,2056,4095,4095,0,1.00391,0.00000
534F4C31,30237,276975059,2055,4095,4095,0,1.00342,0.00000
534F4C31,30237,276977183,2058,4095,4095,0,1.00488,0.00000
534F4C31,30237,276979219,2051,4095,4095,0,1.00146,0.00000
534F4C31,30237,276981366,2054,4095,4095,0,1.00293,0.00000
534F4C31,30237,276983517,2055,4095,4095,0,1.00342,0.00000
534F4C31,30238,276985553,2059,4095,4095,0,1.00537,0.00000
534F4C31,30239,276990314,2056,4095,4095,0,1.00391,0.00000
534F4C31,30240,276994363,2060,4095,4095,0,1.00586,0.00000
534F4C31,30241,276999227,2064,4095,4095,0,1.00781,0.00000
534F4C31,30241,277005251,2056,4095,4095,0,1.00391,0.00000
534F4C31,30241,277008160,2054,4095,4095,0,1.00293,0.00000
534F4C31,30242,277010367,2056,4095,4095,0,1.00391,0.00000
534F4C31,30243,277013414,2066,4095,4095,0,1.00879,0.00000
534F4C31,30243,277018895,2056,4095,4095,0,1.00391,0.00000
534F4C31,30243,277021140,2059,4095,4095,0,1.00537,0.00000
534F4C31,30244,277023215,2055,4095,4095,0,1.00342,0.00000
534F4C31,30245,277026156,2056,4095,4095,0,1.00391,0.00000
534F4C31,30246,277028963,2059,4095,4095,0,1.00537,0.00000
534F4C31,30247,277031648,2055,4095,4095,0,1.00342,0.00000
534F4C31,30248,277038381,2054,4095,4095,0,1.00293,0.00000
534F4C31,30248,277043389,2056,4095,4095,0,1.00391,0.00000
534F4C31,30248,277046919,2050,4095,4095,0,1.00098,0.00000
534F4C31,30248,277050161,2055,4095,4095,0,1.00342,0.00000
534F4C31,30248,277052330,2063,4095,4095,0,1.00732,0.00000
534F4C31,30248,277055042,2054,4095,4095,0,1.00293,0.00000
534F4C31,30248,277057367,2049,4095,4095,0,1.00049,0.00000
534F4C31,30248,277059362,2056,4095,4095,0,1.00391,0.00000
534F4C31,30248,277061925,2059,4095,4095,0,1.00537,0.00000
534F4C31,30248,277063949,2060,4095,4095,0,1.00586,0.00000
534F4C31,30248,277066185,2061,4095,4095,0,1.00635,0.00000
534F4C31,30248,277068277,2058,4095,4095,0,1.00488,0.00000
534F4C31,30248,277070405,2062,4095,4095,0,1.00684,0.00000
534F4C31,30248,277072480,2051,4095,4095,0,1.00146,0.00000
534F4C31,30248,277074510,2057,4095,4095,0,1.00439,0.00000
534F4C31,30248,277076536,2057,4095,4095,0,1.00439,0.00000
534F4C31,30248,277078563,2059,4095,4095,0,1.00537,0.00000
534F4C31,30248,277080657,2053,4095,4095,0,1.00244,0.00000
534F4C31,30249,277082851,2062,4095,4095,0,1.00684,0.00000
534F4C31,30250,277086770,2053,4095,4095,0,1.00244,0.00000
534F4C31,30251,277090708,2061,4095,4095,0,1.00635,0.00000
534F4C31,30252,277096424,2052,4095,4095,0,1.00195,0.00000
534F4C31,30252,277100871,2053,4095,4095,0,1.00244,0.00000
534F4C31,30252,277103184,2056,4095,4095,0,1.00391,0.00000
534F4C31,30252,277107815,2061,4095,4095,0,1.00635,0.00000
534F4C31,30252,277110145,2058,4095,4095,0,1.00488,0.00000
534F4C31,30252,277112165,2056,4095,4095,0,1.00391,0.00000
534F4C31,30252,277114974,2053,4095,4095,0,1.00244,0.00000
534F4C31,30252,277117217,2061,4095,4095,0,1.00635,0.00000
534F4C31,30252,277119345,2047,4095,4095,0,0.99951,0.00000
534F4C31,30253,277121431,2056,4095,4095,0,1.00391,0.00000
534F4C31,30253,277124328,2057,4095,4095,0,1.00439,0.00000
534F4C31,30253,277128070,2053,4095,4095,0,1.00244,0.00000
534F4C31,30254,277130325,2053,4095,4095,0,1.00244,0.00000
534F4C31,30255,277135018,2057,4095,4095,0,1.00439,0.00000
534F4C31,30256,277137707,2062,4095,4095,0,1.00684,0.00000
534F4C31,30257,277143826,2058,4095,4095,0,1.00488,0.00000
534F4C31,30257,277149462,2056,4095,4095,0,1.00391,0.00000
534F4C31,30257,277153098,2062,4095,4095,0,1.00684,0.00000
534F4C31,30257,277155317,2055,4095,4095,0,1.00342,0.00000
534F4C31,30257,277158143,2057,4095,4095,0,1.00439,0.00000
534F4C31,30257,277160480,2060,4095,4095,0,1.00586,0.00000
534F4C31,30257,277162586,2054,4095,4095,0,1.00293,0.00000
534F4C31,30257,277164948,2062,4095,4095,0,1.00684,0.00000
534F4C31,30257,277167042,2057,4095,4095,0,1.00439,0.00000
534F4C31,30257,277169202,2059,4095,4095,0,1.00537,0.00000
534F4C31,30258,277171290,2058,4095,4095,0,1.00488,0.00000
534F4C31,30259,277175705,2058,4095,4095,0,1.00488,0.00000
534F4C31,30259,277179611,2054,4095,4095,0,1.00293,0.00000
534F4C31,30259,277184710,2061,4095,4095,0,1.00635,0.00000
534F4C31,30259,277186827,2062,4095,4095,0,1.00684,0.00000
534F4C31,30259,277189567,2051,4095,4095,0,1.00146,0.00000
534F4C31,30259,277191986,2058,4095,4095,0,1.00488,0.00000
534F4C31,30259,277194030,2057,4095,4095,0,1.00439,0.00000
534F4C31,30260,277196056,2062,4095,4095,0,1.00684,0.00000
534F4C31,30261,277198899,2062,4095,4095,0,1.00684,0.00000
534F4C31,30262,277203419,2057,4095,4095,0,1.00439,0.00000
534F4C31,30262,277209660,2055,4095,4095,0,1.00342,0.00000
534F4C31,30262,277212762,2049,4095,4095,0,1.00049,0.00000
534F4C31,30263,277215060,2062,4095,4095,0,1.00684,0.00000
534F4C31,30264,277219493,2060,4095,4095,0,1.00586,0.00000
534F4C31,30264,277223341,2064,4095,4095,0,1.00781,0.00000
534F4C31,30264,277226028,2055,4095,4095,0,1.00342,0.00000
534F4C31,30265,277230274,2054,4095,4095,0,1.00293,0.00000
534F4C31,30266,277233318,2057,4095,4095,0,1.00439,0.00000
534F4C31,30266,277238386,2053,4095,4095,0,1.00244,0.00000
534F4C31,30266,277242396,2063,4095,4095,0,1.00732,0.00000
534F4C31,30266,277245668,2060,4095,4095,0,1.00586,0.00000
534F4C31,30266,277247735,2059,4095,4095,0,1.00537,0.00000
534F4C31,30267,277250609,2062,4095,4095,0,1.00684,0.00000
534F4C31,30268,277254637,2059,4095,4095,0,1.00537,0.00000
534F4C31,30269,277258530,2058,4095,4095,0,1.00488,0.00000
534F4C31,30269,277263678,2060,4095,4095,0,1.00586,0.00000
534F4C31,30269,277267639,2056,4095,4095,0,1.00391,0.00000
534F4C31,30269,277270794,2062,4095,4095,0,1.00684,0.00000
534F4C31,30269,277274024,2062,4095,4095,0,1.00684,0.00000
534F4C31,30269,277276104,2061,4095,4095,0,1.00635,0.00000
534F4C31,30269,277279382,2058,4095,4095,0,1.00488,0.00000
534F4C31,30270,277281565,2053,4095,4095,0,1.00244,0.00000
534F4C31,30270,277286392,2061,4095,4095,0,1.00635,0.00000
534F4C31,30270,277288738,2060,4095,4095,0,1.00586,0.00000
534F4C31,30271,277291647,2050,4095,4095,0,1.00098,0.00000
534F4C31,30272,277295749,2048,4095,4095,0,1.00000,0.00000
534F4C31,30272,277299640,2058,4095,4095,0,1.00488,0.00000
534F4C31,30272,277303974,2052,4095,4095,0,1.00195,0.00000
534F4C31,30273,277306991,2059,4095,4095,0,1.00537,0.00000
534F4C31,30274,277310951,2054,4095,4095,0,1.00293,0.00000
534F4C31,30274,277316490,2053,4095,4095,0,1.00244,0.00000
534F4C31,30274,277320258,2058,4095,4095,0,1.00488,0.00000
534F4C31,30274,277323296,2064,4095,4095,0,1.00781,0.00000
534F4C31,30274,277325443,2052,4095,4095,0,1.00195,0.00000
534F4C31,30275,277328208,2058,4095,4095,0,1.00488,0.00000
534F4C31,30276,277331323,2056,4095,4095,0,1.00391,0.00000
534F4C31,30277,277335927,2062,4095,4095,0,1.00684,0.00000
534F4C31,30278,277341529,2062,4095,4095,0,1.00684,0.00000
534F4C31,30278,277346224,2057,4095,4095,0,1.00439,0.00000
534F4C31,30278,277349389,2053,4095,4095,0,1.00244,0.00000
534F4C31,30279,277353466,2057,4095,4095,0,1.00439,0.00000
534F4C31,30279,277356806,2059,4095,4095,0,1.00537,0.00000
534F4C31,30279,277359639,2060,4095,4095,0,1.00586,0.00000
534F4C31,30279,277363587,2054,4095,4095,0,1.00293,0.00000
534F4C31,30279,277365744,2057,4095,4095,0,1.00439,0.00000
534F4C31,30280,277367939,2051,4095,4095,0,1.00146,0.00000
534F4C31,30280,277372688,2057,4095,4095,0,1.00439,0.00000
534F4C31,30280,277375352,2048,4095,4095,0,1.00000,0.00000
534F4C31,30280,277377434,2055,4095,4095,0,1.00342,0.00000
534F4C31,30280,277380272,2059,4095,4095,0,1.00537,0.00000
534F4C31,30280,277382571,2060,4095,4095,0,1.00586,0.00000
534F4C31,30281,277384750,2060,4095,4095,0,1.00586,0.00000
534F4C31,30281,277389361,2059,4095,4095,0,1.00537,0.00000
534F4C31,30281,277391625,2053,4095,4095,0,1.00244,0.00000
534F4C31,30281,277393581,2060,4095,4095,0,1.00586,0.00000
534F4C31,30281,277396567,2054,4095,4095,0,1.00293,0.00000
534F4C31,30281,277398835,2055,4095,4095,0,1.00342,0.00000
534F4C31,30281,277400844,2059,4095,4095,0,1.00537,0.00000
534F4C31,30281,277402848,2058,4095,4095,0,1.00488,0.00000
534F4C31,30281,277404931,2060,4095,4095,0,1.00586,0.00000
534F4C31,30281,277407073,2053,4095,4095,0,1.00244,0.00000
534F4C31,30281,277409166,2063,4095,4095,0,1.00732,0.00000
534F4C31,30281,277411213,2059,4095,4095,0,1.00537,0.00000
534F4C31,30281,277413284,2054,4095,4095,0,1.00293,0.00000
534F4C31,30281,277415420,2053,4095,4095,0,1.00244,0.00000
534F4C31,30281,277417535,2060,4095,4095,0,1.00586,0.00000
534F4C31,30282,277419600,2061,4095,4095,0,1.00635,0.00000
534F4C31,30283,277424159,2053,4095,4095,0,1.00244,0.00000
534F4C31,30284,277427938,2056,4095,4095,0,1.00391,0.00000
534F4C31,30285,277432753,2049,4095,4095,0,1.00049,0.00000
534F4C31,30285,277436767,2060,4095,4095,0,1.00586,0.00000
534F4C31,30285,277439942,2058,4095,4095,0,1.00488,0.00000
534F4C31,30286,277443801,2061,4095,4095,0,1.00635,0.00000
534F4C31,30286,277447618,2056,4095,4095,0,1.00391,0.00000
534F4C31,30286,277451689,2062,4095,4095,0,1.00684,0.00000
534F4C31,30286,277455898,2066,4095,4095,0,1.00879,0.00000
534F4C31,30286,277458094,2059,4095,4095,0,1.00537,0.00000
534F4C31,30286,277460103,2057,4095,4095,0,1.00439,0.00000
534F4C31,30286,277463023,2060,4095,4095,0,1.00586,0.00000
534F4C31,30287,277465368,2054,4095,4095,0,1.00293,0.00000
534F4C31,30288,277469039,2056,4095,4095,0,1.00391,0.00000
534F4C31,30288,277473088,2063,4095,4095,0,1.00732,0.00000
534F4C31,30288,277477774,2052,4095,4095,0,1.00195,0.00000
534F4C31,30289,277480774,2049,4095,4095,0,1.00049,0.00000
534F4C31,30290,277484519,2056,4095,4095,0,1.00391,0.00000
534F4C31,30290,277490333,2060,4095,4095,0,1.00586,0.00000
534F4C31,30290,277492381,2058,4095,4095,0,1.00488,0.00000
534F4C31,30291,277496718,2062,4095,4095,0,1.00684,0.00000
534F4C31,30291,277501073,2057,4095,4095,0,1.00439,0.00000
534F4C31,30291,277504391,2055,4095,4095,0,1.00342,0.00000
534F4C31,30291,277506474,2064,4095,4095,0,1.00781,0.00000
534F4C31,30291,277509649,2053,4095,4095,0,1.00244,0.00000
534F4C31,30291,277511956,2053,4095,4095,0,1.00244,0.00000
534F4C31,30291,277513949,2057,4095,4095,0,1.00439,0.00000
534F4C31,30291,277516013,2055,4095,4095,0,1.00342,0.00000
534F4C31,30291,277518153,2059,4095,4095,0,1.00537,0.00000
534F4C31,30291,277520309,2053,4095,4095,0,1.00244,0.00000
534F4C31,30292,277522365,2060,4095,4095,0,1.00586,0.00000
534F4C31,30293,277526803,2056,4095,4095,0,1.00391,0.00000
534F4C31,30294,277530603,2059,4095,4095,0,1.00537,0.00000
534F4C31,30295,277536045,2059,4095,4095,0,1.00537,0.00000
534F4C31,30296,277540715,2059,4095,4095,0,1.00537,0.00000
534F4C31,30296,277546096,2061,4095,4095,0,1.00635,0.00000
534F4C31,30296,277548410,2062,4095,4095,0,1.00684,0.00000
534F4C31,30296,277551558,2058,4095,4095,0,1.00488,0.00000
534F4C31,30296,277553712,2054,4095,4095,0,1.00293,0.00000
534F4C31,30296,277555799,2061,4095,4095,0,1.00635,0.00000
534F4C31,30296,277557963,2054,4095,4095,0,1.00293,0.00000
534F4C31,30296,277560016,2061,4095,4095,0,1.00635,0.00000
534F4C31,30296,277562059,2053,4095,4095,0,1.00244,0.00000
534F4C31,30297,277564091,2059,4095,4095,0,1.00537,0.00000
534F4C31,30298,277566915,2056,4095,4095,0,1.00391,0.00000
534F4C31,30299,277571234,2054,4095,4095,0,1.00293,0.00000
534F4C31,30300,277577177,2050,4095,4095,0,1.00098,0.00000
534F4C31,30300,277581134,2060,4095,4095,0,1.00586,0.00000
534F4C31,30300,277585784,2066,4095,4095,0,1.00879,0.00000
534F4C31,30300,277588053,2062,4095,4095,0,1.00684,0.00000
534F4C31,30300,277591238,2063,4095,4095,0,1.00732,0.00000
534F4C31,30300,277593351,2054,4095,4095,0,1.00293,0.00000
534F4C31,30300,277595458,2056,4095,4095,0,1.00391,0.00000
534F4C31,30300,277597638,2059,4095,4095,0,1.00537,0.00000
534F4C31,30300,277599705,2064,4095,4095,0,1.00781,0.00000
534F4C31,30300,277601751,2057,4095,4095,0,1.00439,0.00000
534F4C31,30300,277603832,2061,4095,4095,0,1.00635,0.00000
534F4C31,30300,277605973,2057,4095,4095,0,1.00439,0.00000
534F4C31,30301,277608153,2053,4095,4095,0,1.00244,0.00000
534F4C31,30302,277611891,2060,4095,4095,0,1.00586,0.00000
534F4C31,30303,277616086,2058,4095,4095,0,1.00488,0.00000
534F4C31,30304,277622278,2056,4095,4095,0,1.00391,0.00000
534F4C31,30304,277625911,2055,4095,4095,0,1.00342,0.00000
534F4C31,30304,277629630,2056,4095,4095,0,1.00391,0.00000
534F4C31,30304,277632364,2051,4095,4095,0,1.00146,0.00000
534F4C31,30304,277634649,2059,4095,4095,0,1.00537,0.00000
534F4C31,30305,277636650,2060,4095,4095,0,1.00586,0.00000
534F4C31,30306,277641074,2057,4095,4095,0,1.00439,0.00000
534F4C31,30307,277646712,2054,4095,4095,0,1.00293,0.00000
534F4C31,30307,277650772,2064,4095,4095,0,1.00781,0.00000
534F4C31,30307,277654886,2059,4095,4095,0,1.00537,0.00000
534F4C31,30307,277656959,2056,4095,4095,0,1.00391,0.00000
534F4C31,30307,277658974,2057,4095,4095,0,1.00439,0.00000
534F4C31,30307,277661709,2059,4095,4095,0,1.00537,0.00000
534F4C31,30307,277663788,2054,4095,4095,0,1.00293,0.00000
534F4C31,30307,277665837,2061,4095,4095,0,1.00635,0.00000
534F4C31,30307,277667994,2059,4095,4095,0,1.00537,0.00000
534F4C31,30308,277670049,2055,4095,4095,0,1.00342,0.00000
534F4C31,30309,277674014,2060,4095,4095,0,1.00586,0.00000
534F4C31,30310,277678366,2063,4095,4095,0,1.00732,0.00000
534F4C31,30310,277684665,2059,4095,4095,0,1.00537,0.00000
534F4C31,30310,277687476,2056,4095,4095,0,1.00391,0.00000
534F4C31,30310,277690237,2054,4095,4095,0,1.00293,0.00000
534F4C31,30310,277692521,2054,4095,4095,0,1.00293,0.00000
534F4C31,30311,277694713,2055,4095,4095,0,1.00342,0.00000
534F4C31,30311,277698895,2063,4095,4095,0,1.00732,0.00000
534F4C31,30311,277701260,2053,4095,4095,0,1.00244,0.00000
534F4C31,30311,277703850,2058,4095,4095,0,1.00488,0.00000
534F4C31,30312,277706697,2055,4095,4095,0,1.00342,0.00000
534F4C31,30312,277711040,2061,4095,4095,0,1.00635,0.00000
534F4C31,30312,277713243,2057,4095,4095,0,1.00439,0.00000
534F4C31,30312,277715839,2062,4095,4095,0,1.00684,0.00000
534F4C31,30312,277718716,2062,4095,4095,0,1.00684,0.00000
534F4C31,30313,277720960,2059,4095,4095,0,1.00537,0.00000
534F4C31,30314,277725526,2064,4095,4095,0,1.00781,0.00000
534F4C31,30315,277729672,2054,4095,4095,0,1.00293,0.00000
534F4C31,30315,277734472,2056,4095,4095,0,1.00391,0.00000
534F4C31,30315,277737684,2054,4095,4095,0,1.00293,0.00000
534F4C31,30315,277740594,2058,4095,4095,0,1.00488,0.00000
534F4C31,30315,277743019,2064,4095,4095,0,1.00781,0.00000
534F4C31,30316,277745254,2054,4095,4095,0,1.00293,0.00000
534F4C31,30317,277749397,2054,4095,4095,0,1.00293,0.00000
534F4C31,30317,277752864,2057,4095,4095,0,1.00439,0.00000
534F4C31,30317,277755174,2062,4095,4095,0,1.00684,0.00000
534F4C31,30317,277759022,2059,4095,4095,0,1.00537,0.00000
534F4C31,30317,277763107,2059,4095,4095,0,1.00537,0.00000
534F4C31,30317,277765186,2053,4095,4095,0,1.00244,0.00000
534F4C31,30317,277767164,2058,4095,4095,0,1.00488,0.00000
534F4C31,30317,277769221,2057,4095,4095,0,1.00439,0.00000
534F4C31,30317,277771782,2051,4095,4095,0,1.00146,0.00000
534F4C31,30318,277773884,2060,4095,4095,0,1.00586,0.00000
534F4C31,30319,277778913,2063,4095,4095,0,1.00732,0.00000
534F4C31,30319,277781856,2066,4095,4095,0,1.00879,0.00000
534F4C31,30319,277786288,2056,4095,4095,0,1.00391,0.00000
534F4C31,30319,277789222,2060,4095,4095,0,1.00586,0.00000
534F4C31,30319,277791915,2055,4095,4095,0,1.00342,0.00000
534F4C31,30320,277794806,2054,4095,4095,0,1.00293,0.00000
534F4C31,30321,277799198,2058,4095,4095,0,1.00488,0.00000
534F4C31,30321,277802732,2060,4095,4095,0,1.00586,0.00000
534F4C31,30321,277805774,2060,4095,4095,0,1.00586,0.00000
534F4C31,30322,277809252,2059,4095,4095,0,1.00537,0.00000
534F4C31,30323,277813106,2064,4095,4095,0,1.00781,0.00000
534F4C31,30323,277818529,2054,4095,4095,0,1.00293,0.00000
534F4C31,30323,277822146,2060,4095,4095,0,1.00586,0.00000
534F4C31,30323,277824284,2056,4095,4095,0,1.00391,0.00000
534F4C31,30323,277827365,2060,4095,4095,0,1.00586,0.00000
534F4C31,30323,277829592,2053,4095,4095,0,1.00244,0.00000
534F4C31,30323,277831664,2059,4095,4095,0,1.00537,0.00000
534F4C31,30323,277833795,2055,4095,4095,0,1.00342,0.00000
534F4C31,30324,277836044,2061,4095,4095,0,1.00635,0.00000
534F4C31,30325,277840286,2062,4095,4095,0,1.00684,0.00000
534F4C31,30326,277844531,2059,4095,4095,0,1.00537,0.00000
534F4C31,30326,277850182,2060,4095,4095,0,1.00586,0.00000
534F4C31,30326,277852462,2057,4095,4095,0,1.00439,0.00000
534F4C31,30326,277855093,2057,4095,4095,0,1.00439,0.00000
534F4C31,30326,277857898,2058,4095,4095,0,1.00488,0.00000
534F4C31,30326,277859967,2061,4095,4095,0,1.00635,0.00000
534F4C31,30326,277862217,2062,4095,4095,0,1.00684,0.00000
534F4C31,30327,277864330,2051,4095,4095,0,1.00146,0.00000
534F4C31,30328,277868632,2061,4095,4095,0,1.00635,0.00000
534F4C31,30329,277872272,2061,4095,4095,0,1.00635,0.00000
534F4C31,30330,277879019,2059,4095,4095,0,1.00537,0.00000
534F4C31,30331,277883342,2064,4095,4095,0,1.00781,0.00000
534F4C31,30331,277886982,2058,4095,4095,0,1.00488,0.00000
534F4C31,30331,277891390,2060,4095,4095,0,1.00586,0.00000
534F4C31,30331,277894066,2060,4095,4095,0,1.00586,0.00000
534F4C31,30332,277896860,2057,4095,4095,0,1.00439,0.00000
534F4C31,30332,277899767,2052,4095,4095,0,1.00195,0.00000
534F4C31,30332,277903440,2061,4095,4095,0,1.00635,0.00000
534F4C31,30332,277905591,2065,4095,4095,0,1.00830,0.00000
534F4C31,30332,277908616,2056,4095,4095,0,1.00391,0.00000
534F4C31,30332,277910750,2058,4095,4095,0,1.00488,0.00000
534F4C31,30332,277912839,2061,4095,4095,0,1.00635,0.00000
534F4C31,30332,277914964,2061,4095,4095,0,1.00635,0.00000
534F4C31,30333,277917259,2059,4095,4095,0,1.00537,0.00000
534F4C31,30334,277921484,2056,4095,4095,0,1.00391,0.00000
534F4C31,30334,277925926,2053,4095,4095,0,1.00244,0.00000
534F4C31,30334,277929480,2061,4095,4095,0,1.00635,0.00000
534F4C31,30335,277931622,2056,4095,4095,0,1.00391,0.00000
534F4C31,30335,277934550,2058,4095,4095,0,1.00488,0.00000
534F4C31,30335,277938123,2059,4095,4095,0,1.00537,0.00000
534F4C31,30335,277942214,2057,4095,4095,0,1.00439,0.00000
534F4C31,30336,277944971,2060,4095,4095,0,1.00586,0.00000
534F4C31,30336,277950349,2053,4095,4095,0,1.00244,0.00000
534F4C31,30336,277952491,2059,4095,4095,0,1.00537,0.00000
534F4C31,30336,277955359,2049,4095,4095,0,1.00049,0.00000
534F4C31,30336,277957726,2053,4095,4095,0,1.00244,0.00000
534F4C31,30337,277959775,2059,4095,4095,0,1.00537,0.00000
534F4C31,30338,277962738,2057,4095,4095,0,1.00439,0.00000
534F4C31,30339,277966976,2051,4095,4095,0,1.00146,0.00000
534F4C31,30340,277970796,2054,4095,4095,0,1.00293,0.00000
534F4C31,30340,277974478,2054,4095,4095,0,1.00293,0.00000
534F4C31,30340,277979561,2053,4095,4095,0,1.00244,0.00000
534F4C31,30340,277981715,2051,4095,4095,0,1.00146,0.00000
534F4C31,30340,277985289,2055,4095,4095,0,1.00342,0.00000
534F4C31,30341,277987658,2059,4095,4095,0,1.00537,0.00000
534F4C31,30341,277991927,2053,4095,4095,0,1.00244,0.00000
534F4C31,30341,277994236,2056,4095,4095,0,1.00391,0.00000
534F4C31,30342,277997252,2056,4095,4095,0,1.00391,0.00000
534F4C31,30342,278000683,2062,4095,4095,0,1.00684,0.00000
534F4C31,30342,278003437,2059,4095,4095,0,1.00537,0.00000
534F4C31,30342,278006223,2058,4095,4095,0,1.00488,0.00000
534F4C31,30342,278008285,2057,4095,4095,0,1.00439,0.00000
534F4C31,30342,278010400,2059,4095,4095,0,1.00537,0.00000
534F4C31,30342,278013483,2048,4095,4095,0,1.00000,0.00000
534F4C31,30342,278015556,2057,4095,4095,0,1.00439,0.00000
534F4C31,30342,278017633,2058,4095,4095,0,1.00488,0.00000
534F4C31,30342,278020585,2057,4095,4095,0,1.00439,0.00000
534F4C31,30343,278022804,2057,4095,4095,0,1.00439,0.00000
534F4C31,30344,278027595,2055,4095,4095,0,1.00342,0.00000
534F4C31,30344,278031832,2060,4095,4095,0,1.00586,0.00000
534F4C31,30344,278035203,2059,4095,4095,0,1.00537,0.00000
534F4C31,30344,278038354,2060,4095,4095,0,1.00586,0.00000
534F4C31,30344,278041077,2055,4095,4095,0,1.00342,0.00000
534F4C31,30344,278043250,2052,4095,4095,0,1.00195,0.00000
534F4C31,30344,278045211,2058,4095,4095,0,1.00488,0.00000
534F4C31,30344,278047344,2059,4095,4095,0,1.00537,0.00000
534F4C31,30344,278049384,2057,4095,4095,0,1.00439,0.00000
534F4C31,30344,278051570,2055,4095,4095,0,1.00342,0.00000
534F4C31,30344,278053551,2056,4095,4095,0,1.00391,0.00000
534F4C31,30345,278055787,2062,4095,4095,0,1.00684,0.00000
534F4C31,30346,278059910,2047,4095,4095,0,0.99951,0.00000
534F4C31,30347,278064022,2056,4095,4095,0,1.00391,0.00000
534F4C31,30348,278069519,2055,4095,4095,0,1.00342,0.00000
534F4C31,30349,278073455,2057,4095,4095,0,1.00439,0.00000
534F4C31,30349,278075682,2054,4095,4095,0,1.00293,0.00000
534F4C31,30349,278081134,2057,4095,4095,0,1.00439,0.00000
534F4C31,30349,278083973,2053,4095,4095,0,1.00244,0.00000
534F4C31,30349,278087396,2057,4095,4095,0,1.00439,0.00000
534F4C31,30349,278089572,2060,4095,4095,0,1.00586,0.00000
534F4C31,30349,278091706,2058,4095,4095,0,1.00488,0.00000
534F4C31,30350,278093902,2053,4095,4095,0,1.00244,0.00000
534F4C31,30350,278097700,2061,4095,4095,0,1.00635,0.00000
534F4C31,30350,278100328,2065,4095,4095,0,1.00830,0.00000
534F4C31,30350,278102386,2059,4095,4095,0,1.00537,0.00000
534F4C31,30351,278105465,2058,4095,4095,0,1.00488,0.00000
534F4C31,30351,278110055,2061,4095,4095,0,1.00635,0.00000
534F4C31,30351,278112288,2060,4095,4095,0,1.00586,0.00000
534F4C31,30352,278114326,2057,4095,4095,0,1.00439,0.00000
534F4C31,30352,278120469,2057,4095,4095,0,1.00439,0.00000
534F4C31,30352,278122612,2059,4095,4095,0,1.00537,0.00000
534F4C31,30352,278124596,2056,4095,4095,0,1.00391,0.00000
534F4C31,30352,278127520,2058,4095,4095,0,1.00488,0.00000
534F4C31,30352,278129943,2051,4095,4095,0,1.00146,0.00000
534F4C31,30352,278131884,2058,4095,4095,0,1.00488,0.00000
534F4C31,30352,278133839,2058,4095,4095,0,1.00488,0.00000
534F4C31,30353,278135912,2056,4095,4095,0,1.00391,0.00000
534F4C31,30354,278140156,2060,4095,4095,0,1.00586,0.00000
534F4C31,30355,278143570,2061,4095,4095,0,1.00635,0.00000
534F4C31,30356,278149215,2056,4095,4095,0,1.00391,0.00000
534F4C31,30356,278153552,2060,4095,4095,0,1.00586,0.00000
534F4C31,30356,278156331,2051,4095,4095,0,1.00146,0.00000
534F4C31,30357,278160326,2057,4095,4095,0,1.00439,0.00000
534F4C31,30358,278163805,2060,4095,4095,0,1.00586,0.00000
534F4C31,30358,278168087,2061,4095,4095,0,1.00635,0.00000
534F4C31,30358,278171854,2062,4095,4095,0,1.00684,0.00000
534F4C31,30358,278174602,2057,4095,4095,0,1.00439,0.00000
534F4C31,30358,278176835,2064,4095,4095,0,1.00781,0.00000
534F4C31,30359,278179761,2060,4095,4095,0,1.00586,0.00000
534F4C31,30360,278184021,2057,4095,4095,0,1.00439,0.00000
534F4C31,30361,278187526,2060,4095,4095,0,1.00586,0.00000
534F4C31,30361,278194976,2059,4095,4095,0,1.00537,0.00000
534F4C31,30362,278197991,2063,4095,4095,0,1.00732,0.00000
534F4C31,30362,278201407,2052,4095,4095,0,1.00195,0.00000
534F4C31,30362,278205002,2060,4095,4095,0,1.00586,0.00000
534F4C31,30362,278207661,2054,4095,4095,0,1.00293,0.00000
534F4C31,30362,278209729,2058,4095,4095,0,1.00488,0.00000
534F4C31,30362,278213168,2062,4095,4095,0,1.00684,0.00000
534F4C31,30363,278216093,2056,4095,4095,0,1.00391,0.00000
534F4C31,30363,278219455,2057,4095,4095,0,1.00439,0.00000
534F4C31,30363,278221684,2057,4095,4095,0,1.00439,0.00000
534F4C31,30363,278224173,2065,4095,4095,0,1.00830,0.00000
534F4C31,30363,278226599,2059,4095,4095,0,1.00537,0.00000
534F4C31,30363,278228638,2062,4095,4095,0,1.00684,0.00000
534F4C31,30363,278230725,2053,4095,4095,0,1.00244,0.00000
534F4C31,30363,278232876,2059,4095,4095,0,1.00537,0.00000
534F4C31,30363,278234911,2051,4095,4095,0,1.00146,0.00000
534F4C31,30363,278236946,2060,4095,4095,0,1.00586,0.00000
534F4C31,30363,278238948,2058,4095,4095,0,1.00488,0.00000
534F4C31,30363,278241058,2055,4095,4095,0,1.00342,0.00000
534F4C31,30364,278243228,2058,4095,4095,0,1.00488,0.00000
534F4C31,30365,278247541,2057,4095,4095,0,1.00439,0.00000
534F4C31,30366,278250833,2056,4095,4095,0,1.00391,0.00000
534F4C31,30366,278256753,2057,4095,4095,0,1.00439,0.00000
534F4C31,30366,278259556,2056,4095,4095,0,1.00391,0.00000
534F4C31,30367,278262467,2058,4095,4095,0,1.00488,0.00000
534F4C31,30367,278265581,2059,4095,4095,0,1.00537,0.00000
534F4C31,30367,278269401,2049,4095,4095,0,1.00049,0.00000
534F4C31,30368,278271462,2058,4095,4095,0,1.00488,0.00000
534F4C31,30368,278275621,2057,4095,4095,0,1.00439,0.00000
534F4C31,30368,278279270,2058,4095,4095,0,1.00488,0.00000
534F4C31,30368,278281455,2051,4095,4095,0,1.00146,0.00000
534F4C31,30368,278284050,2063,4095,4095,0,1.00732,0.00000
534F4C31,30368,278287029,2061,4095,4095,0,1.00635,0.00000
534F4C31,30369,278289234,2059,4095,4095,0,1.00537,0.00000
534F4C31,30369,278294020,2060,4095,4095,0,1.00586,0.00000
534F4C31,30369,278296297,2058,4095,4095,0,1.00488,0.00000
534F4C31,30370,278298921,2062,4095,4095,0,1.00684,0.00000
534F4C31,30370,278304123,2062,4095,4095,0,1.00684,0.00000
534F4C31,30371,278307965,2055,4095,4095,0,1.00342,0.00000
534F4C31,30372,278311040,2064,4095,4095,0,1.00781,0.00000
534F4C31,30373,278315378,2059,4095,4095,0,1.00537,0.00000
534F4C31,30374,278321305,2061,4095,4095,0,1.00635,0.00000
534F4C31,30375,278325127,2057,4095,4095,0,1.00439,0.00000
534F4C31,30376,278330345,2055,4095,4095,0,1.00342,0.00000
534F4C31,30377,278334278,2062,4095,4095,0,1.00684,0.00000
534F4C31,30377,278340065,2058,4095,4095,0,1.00488,0.00000
534F4C31,30377,278342193,2055,4095,4095,0,1.00342,0.00000
534F4C31,30377,278344238,2055,4095,4095,0,1.00342,0.00000
534F4C31,30377,278347086,2057,4095,4095,0,1.00439,0.00000
534F4C31,30377,278349454,2062,4095,4095,0,1.00684,0.00000
534F4C31,30377,278351471,2050,4095,4095,0,1.00098,0.00000
534F4C31,30377,278353569,2055,4095,4095,0,1.00342,0.00000
534F4C31,30378,278355681,2056,4095,4095,0,1.00391,0.00000
534F4C31,30379,278359740,2057,4095,4095,0,1.00439,0.00000
534F4C31,30380,278363267,2059,4095,4095,0,1.00537,0.00000
534F4C31,30380,278368936,2057,4095,4095,0,1.00439,0.00000
534F4C31,30380,278371820,2062,4095,4095,0,1.00684,0.00000
534F4C31,30380,278374706,2053,4095,4095,0,1.00244,0.00000
534F4C31,30380,278376977,2053,4095,4095,0,1.00244,0.00000
534F4C31,30381,278379104,2057,4095,4095,0,1.00439,0.00000
534F4C31,30381,278383100,2052,4095,4095,0,1.00195,0.00000
534F4C31,30381,278385304,2059,4095,4095,0,1.00537,0.00000
534F4C31,30381,278387195,2063,4095,4095,0,1.00732,0.00000
534F4C31,30381,278390090,2053,4095,4095,0,1.00244,0.00000
534F4C31,30381,278392170,2060,4095,4095,0,1.00586,0.00000
534F4C31,30381,278394412,2057,4095,4095,0,1.00439,0.00000
534F4C31,30382,278397870,2058,4095,4095,0,1.00488,0.00000
534F4C31,30382,278402295,2060,4095,4095,0,1.00586,0.00000
534F4C31,30382,278404440,2056,4095,4095,0,1.00391,0.00000
534F4C31,30382,278407251,2062,4095,4095,0,1.00684,0.00000
534F4C31,30382,278409525,2056,4095,4095,0,1.00391,0.00000
534F4C31,30383,278411580,2059,4095,4095,0,1.00537,0.00000
534F4C31,30383,278415495,2064,4095,4095,0,1.00781,0.00000
534F4C31,30383,278418941,2062,4095,4095,0,1.00684,0.00000
534F4C31,30384,278421975,2062,4095,4095,0,1.00684,0.00000
534F4C31,30384,278425613,2056,4095,4095,0,1.00391,0.00000
534F4C31,30384,278429339,2053,4095,4095,0,1.00244,0.00000
534F4C31,30384,278431434,2057,4095,4095,0,1.00439,0.00000
534F4C31,30384,278434240,2061,4095,4095,0,1.00635,0.00000
534F4C31,30384,278436631,2054,4095,4095,0,1.00293,0.00000
534F4C31,30384,278438706,2057,4095,4095,0,1.00439,0.00000
534F4C31,30384,278440823,2058,4095,4095,0,1.00488,0.00000
534F4C31,30385,278443070,2058,4095,4095,0,1.00488,0.00000
534F4C31,30385,278446601,2055,4095,4095,0,1.00342,0.00000
534F4C31,30385,278449687,2056,4095,4095,0,1.00391,0.00000
534F4C31,30385,278451903,2055,4095,4095,0,1.00342,0.00000
534F4C31,30385,278454043,2059,4095,4095,0,1.00537,0.00000
534F4C31,30386,278456160,2055,4095,4095,0,1.00342,0.00000
534F4C31,30387,278458407,2056,4095,4095,0,1.00391,0.00000
534F4C31,30387,278463878,2060,4095,4095,0,1.00586,0.00000
534F4C31,30387,278468600,2050,4095,4095,0,1.00098,0.00000
534F4C31,30387,278471934,2058,4095,4095,0,1.00488,0.00000
534F4C31,30387,278474776,2056,4095,4095,0,1.00391,0.00000
534F4C31,30387,278476913,2058,4095,4095,0,1.00488,0.00000
534F4C31,30388,278480070,2061,4095,4095,0,1.00635,0.00000
534F4C31,30388,278484274,2058,4095,4095,0,1.00488,0.00000
534F4C31,30388,278487732,2057,4095,4095,0,1.00439,0.00000
534F4C31,30389,278490943,2056,4095,4095,0,1.00391,0.00000
534F4C31,30390,278495514,2059,4095,4095,0,1.00537,0.00000
534F4C31,30391,278499366,2053,4095,4095,0,1.00244,0.00000
534F4C31,30392,278505030,2057,4095,4095,0,1.00439,0.00000
534F4C31,30392,278507919,2055,4095,4095,0,1.00342,0.00000
534F4C31,30392,278512022,2065,4095,4095,0,1.00830,0.00000
534F4C31,30393,278515376,2065,4095,4095,0,1.00830,0.00000
534F4C31,30393,278519102,2058,4095,4095,0,1.00488,0.00000
534F4C31,30393,278522227,2053,4095,4095,0,1.00244,0.00000
534F4C31,30394,278526386,2060,4095,4095,0,1.00586,0.00000
534F4C31,30394,278530494,2050,4095,4095,0,1.00098,0.00000
534F4C31,30394,278533456,2055,4095,4095,0,1.00342,0.00000
534F4C31,30395,278537401,2055,4095,4095,0,1.00342,0.00000
534F4C31,30396,278540362,2058,4095,4095,0,1.00488,0.00000
534F4C31,30396,278546330,2056,4095,4095,0,1.00391,0.00000
534F4C31,30396,278549183,2056,4095,4095,0,1.00391,0.00000
534F4C31,30396,278552506,2052,4095,4095,0,1.00195,0.00000
534F4C31,30396,278554931,2056,4095,4095,0,1.00391,0.00000
534F4C31,30396,278557069,2055,4095,4095,0,1.00342,0.00000
534F4C31,30396,278559245,2057,4095,4095,0,1.00439,0.00000
534F4C31,30397,278561408,2063,4095,4095,0,1.00732,0.00000
534F4C31,30397,278564585,2053,4095,4095,0,1.00244,0.00000
534F4C31,30397,278567675,2063,4095,4095,0,1.00732,0.00000
534F4C31,30397,278569745,2058,4095,4095,0,1.00488,0.00000
534F4C31,30397,278572733,2055,4095,4095,0,1.00342,0.00000
534F4C31,30397,278575008,2056,4095,4095,0,1.00391,0.00000
534F4C31,30397,278577041,2058,4095,4095,0,1.00488,0.00000
534F4C31,30397,278579208,2056,4095,4095,0,1.00391,0.00000
534F4C31,30398,278581298,2059,4095,4095,0,1.00537,0.00000
534F4C31,30399,278585262,2055,4095,4095,0,1.00342,0.00000
534F4C31,30399,278590223,2064,4095,4095,0,1.00781,0.00000
534F4C31,30399,278592398,2056,4095,4095,0,1.00391,0.00000
534F4C31,30400,278595896,2057,4095,4095,0,1.00439,0.00000
534F4C31,30400,278600722,2057,4095,4095,0,1.00439,0.00000
534F4C31,30400,278603090,2055,4095,4095,0,1.00342,0.00000
534F4C31,30401,278605146,2060,4095,4095,0,1.00586,0.00000
534F4C31,30402,278610580,2052,4095,4095,0,1.00195,0.00000
534F4C31,30403,278615403,2056,4095,4095,0,1.00391,0.00000
534F4C31,30403,278620318,2056,4095,4095,0,1.00391,0.00000
534F4C31,30403,278623041,2059,4095,4095,0,1.00537,0.00000
534F4C31,30403,278625145,2059,4095,4095,0,1.00537,0.00000
534F4C31,30403,278627264,2060,4095,4095,0,1.00586,0.00000
534F4C31,30404,278630207,2056,4095,4095,0,1.00391,0.00000
534F4C31,30405,278634468,2057,4095,4095,0,1.00439,0.00000
534F4C31,30405,278636981,2058,4095,4095,0,1.00488,0.00000
534F4C31,30405,278641062,2059,4095,4095,0,1.00537,0.00000
534F4C31,30405,278645192,2061,4095,4095,0,1.00635,0.00000
534F4C31,30405,278647421,2054,4095,4095,0,1.00293,0.00000
534F4C31,30405,278649410,2054,4095,4095,0,1.00293,0.00000
534F4C31,30405,278652242,2058,4095,4095,0,1.00488,0.00000
534F4C31,30405,278654598,2058,4095,4095,0,1.00488,0.00000
534F4C31,30405,278656599,2051,4095,4095,0,1.00146,0.00000
534F4C31,30405,278658694,2058,4095,4095,0,1.00488,0.00000
534F4C31,30405,278660679,2053,4095,4095,0,1.00244,0.00000
534F4C31,30405,278662787,2057,4095,4095,0,1.00439,0.00000
534F4C31,30406,278664792,2054,4095,4095,0,1.00293,0.00000
534F4C31,30407,278667675,2062,4095,4095,0,1.00684,0.00000
534F4C31,30408,278672834,2060,4095,4095,0,1.00586,0.00000
534F4C31,30409,278676526,2061,4095,4095,0,1.00635,0.00000
534F4C31,30410,278682696,2059,4095,4095,0,1.00537,0.00000
534F4C31,30411,278687721,2059,4095,4095,0,1.00537,0.00000
534F4C31,30411,278691233,2064,4095,4095,0,1.00781,0.00000
534F4C31,30412,278693599,2060,4095,4095,0,1.00586,0.00000
534F4C31,30412,278699485,2052,4095,4095,0,1.00195,0.00000
534F4C31,30412,278702183,2058,4095,4095,0,1.00488,0.00000
534F4C31,30412,278704226,2055,4095,4095,0,1.00342,0.00000
534F4C31,30413,278707338,2058,4095,4095,0,1.00488,0.00000
534F4C31,30414,278711937,2062,4095,4095,0,1.00684,0.00000
534F4C31,30414,278715598,2056,4095,4095,0,1.00391,0.00000
534F4C31,30414,278720174,2062,4095,4095,0,1.00684,0.00000
534F4C31,30414,278722379,2055,4095,4095,0,1.00342,0.00000
534F4C31,30414,278725077,2062,4095,4095,0,1.00684,0.00000
534F4C31,30414,278727542,2055,4095,4095,0,1.00342,0.00000
534F4C31,30414,278729548,2059,4095,4095,0,1.00537,0.00000
534F4C31,30414,278731527,2056,4095,4095,0,1.00391,0.00000
534F4C31,30414,278733632,2061,4095,4095,0,1.00635,0.00000
534F4C31,30414,278735786,2048,4095,4095,0,1.00000,0.00000
534F4C31,30414,278737807,2058,4095,4095,0,1.00488,0.00000
534F4C31,30414,278739897,2053,4095,4095,0,1.00244,0.00000
534F4C31,30414,278741963,2054,4095,4095,0,1.00293,0.00000
534F4C31,30414,278744026,2064,4095,4095,0,1.00781,0.00000
534F4C31,30414,278746106,2055,4095,4095,0,1.00342,0.00000
534F4C31,30414,278748220,2062,4095,4095,0,1.00684,0.00000
534F4C31,30415,278750283,2053,4095,4095,0,1.00244,0.00000
534F4C31,30416,278753186,2060,4095,4095,0,1.00586,0.00000
534F4C31,30417,278757604,2059,4095,4095,0,1.00537,0.00000
534F4C31,30418,278762851,2062,4095,4095,0,1.00684,0.00000
534F4C31,30418,278767854,2057,4095,4095,0,1.00439,0.00000
534F4C31,30418,278770677,2061,4095,4095,0,1.00635,0.00000
534F4C31,30419,278773615,2057,4095,4095,0,1.00439,0.00000
534F4C31,30420,278778054,2054,4095,4095,0,1.00293,0.00000
534F4C31,30420,278781847,2065,4095,4095,0,1.00830,0.00000
534F4C31,30420,278785454,2059,4095,4095,0,1.00537,0.00000
534F4C31,30420,278788756,2059,4095,4095,0,1.00537,0.00000
534F4C31,30420,278790927,2060,4095,4095,0,1.00586,0.00000
534F4C31,30420,278792948,2052,4095,4095,0,1.00195,0.00000
534F4C31,30420,278795796,2063,4095,4095,0,1.00732,0.00000
534F4C31,30420,278797904,2056,4095,4095,0,1.00391,0.00000
534F4C31,30420,278799792,2062,4095,4095,0,1.00684,0.00000
534F4C31,30420,278801898,2054,4095,4095,0,1.00293,0.00000
534F4C31,30420,278804467,2055,4095,4095,0,1.00342,0.00000
534F4C31,30420,278806538,2060,4095,4095,0,1.00586,0.00000
534F4C31,30420,278808565,2050,4095,4095,0,1.00098,0.00000
534F4C31,30421,278810572,2059,4095,4095,0,1.00537,0.00000
534F4C31,30422,278815124,2057,4095,4095,0,1.00439,0.00000
534F4C31,30423,278821027,2057,4095,4095,0,1.00439,0.00000
534F4C31,30423,278825765,2060,4095,4095,0,1.00586,0.00000
534F4C31,30423,278828625,2056,4095,4095,0,1.00391,0.00000
534F4C31,30424,278830991,2062,4095,4095,0,1.00684,0.00000
534F4C31,30424,278835556,2057,4095,4095,0,1.00439,0.00000
534F4C31,30425,278837689,2060,4095,4095,0,1.00586,0.00000
534F4C31,30426,278842081,2054,4095,4095,0,1.00293,0.00000
534F4C31,30427,278845581,2055,4095,4095,0,1.00342,0.00000
534F4C31,30427,278850979,2059,4095,4095,0,1.00537,0.00000
534F4C31,30427,278854960,2061,4095,4095,0,1.00635,0.00000
534F4C31,30427,278858013,2056,4095,4095,0,1.00391,0.00000
534F4C31,30427,278860252,2059,4095,4095,0,1.00537,0.00000
534F4C31,30427,278862329,2059,4095,4095,0,1.00537,0.00000
534F4C31,30427,278864385,2059,4095,4095,0,1.00537,0.00000
534F4C31,30427,278866460,2049,4095,4095,0,1.00049,0.00000
534F4C31,30427,278868520,2059,4095,4095,0,1.00537,0.00000
534F4C31,30427,278870669,2056,4095,4095,0,1.00391,0.00000
534F4C31,30428,278872636,2057,4095,4095,0,1.00439,0.00000
534F4C31,30429,278875929,2054,4095,4095,0,1.00293,0.00000
534F4C31,30430,278880081,2056,4095,4095,0,1.00391,0.00000
534F4C31,30431,278884168,2059,4095,4095,0,1.00537,0.00000
534F4C31,30431,278889222,2052,4095,4095,0,1.00195,0.00000
534F4C31,30431,278892347,2059,4095,4095,0,1.00537,0.00000
534F4C31,30431,278896169,2057,4095,4095,0,1.00439,0.00000
534F4C31,30431,278898293,2055,4095,4095,0,1.00342,0.00000
534F4C31,30431,278900326,2061,4095,4095,0,1.00635,0.00000
534F4C31,30431,278902876,2055,4095,4095,0,1.00342,0.00000
534F4C31,30431,278905603,2048,4095,4095,0,1.00000,0.00000
534F4C31,30431,278907816,2061,4095,4095,0,1.00635,0.00000
534F4C31,30431,278909999,2053,4095,4095,0,1.00244,0.00000
534F4C31,30431,278912035,2058,4095,4095,0,1.00488,0.00000
534F4C31,30431,278914143,2057,4095,4095,0,1.00439,0.00000
534F4C31,30431,278916201,2061,4095,4095,0,1.00635,0.00000
534F4C31,30432,278918404,2055,4095,4095,0,1.00342,0.00000
534F4C31,30433,278923127,2050,4095,4095,0,1.00098,0.00000
534F4C31,30434,278928657,2057,4095,4095,0,1.00439,0.00000
534F4C31,30434,278932282,2057,4095,4095,0,1.00439,0.00000
534F4C31,30434,278934691,2063,4095,4095,0,1.00732,0.00000
534F4C31,30435,278936645,2058,4095,4095,0,1.00488,0.00000
534F4C31,30436,278942223,2054,4095,4095,0,1.00293,0.00000
534F4C31,30436,278945861,2055,4095,4095,0,1.00342,0.00000
534F4C31,30436,278950428,2056,4095,4095,0,1.00391,0.00000
534F4C31,30436,278952644,2059,4095,4095,0,1.00537,0.00000
534F4C31,30436,278954764,2063,4095,4095,0,1.00732,0.00000
534F4C31,30436,278956711,2049,4095,4095,0,1.00049,0.00000
534F4C31,30436,278959511,2054,4095,4095,0,1.00293,0.00000
534F4C31,30436,278961691,2057,4095,4095,0,1.00439,0.00000
534F4C31,30436,278963716,2054,4095,4095,0,1.00293,0.00000
534F4C31,30436,278965835,2058,4095,4095,0,1.00488,0.00000
534F4C31,30436,278967813,2053,4095,4095,0,1.00244,0.00000
534F4C31,30437,278970533,2059,4095,4095,0,1.00537,0.00000
534F4C31,30438,278973980,2057,4095,4095,0,1.00439,0.00000
534F4C31,30439,278979830,2056,4095,4095,0,1.00391,0.00000
534F4C31,30440,278984276,2057,4095,4095,0,1.00439,0.00000
534F4C31,30440,278987632,2051,4095,4095,0,1.00146,0.00000
534F4C31,30440,278989810,2059,4095,4095,0,1.00537,0.00000
534F4C31,30441,278993559,2053,4095,4095,0,1.00244,0.00000
534F4C31,30442,278997533,2057,4095,4095,0,1.00439,0.00000
534F4C31,30442,279002014,2055,4095,4095,0,1.00342,0.00000
534F4C31,30442,279005523,2053,4095,4095,0,1.00244,0.00000
534F4C31,30443,279009460,2057,4095,4095,0,1.00439,0.00000
534F4C31,30443,279014104,2062,4095,4095,0,1.00684,0.00000
534F4C31,30443,279016333,2059,4095,4095,0,1.00537,0.00000
534F4C31,30444,279019255,2058,4095,4095,0,1.00488,0.00000
534F4C31,30445,279024619,2058,4095,4095,0,1.00488,0.00000
534F4C31,30445,279030277,2062,4095,4095,0,1.00684,0.00000
534F4C31,30445,279033271,2061,4095,4095,0,1.00635,0.00000
534F4C31,30446,279035434,2057,4095,4095,0,1.00439,0.00000
534F4C31,30446,279040523,2058,4095,4095,0,1.00488,0.00000
534F4C31,30446,279042736,2058,4095,4095,0,1.00488,0.00000
534F4C31,30446,279045334,2055,4095,4095,0,1.00342,0.00000
534F4C31,30446,279048224,2061,4095,4095,0,1.00635,0.00000
534F4C31,30447,279050394,2054,4095,4095,0,1.00293,0.00000
534F4C31,30448,279054654,2048,4095,4095,0,1.00000,0.00000
534F4C31,30449,279058137,2056,4095,4095,0,1.00391,0.00000
534F4C31,30449,279062134,2060,4095,4095,0,1.00586,0.00000
534F4C31,30449,279067322,2054,4095,4095,0,1.00293,0.00000
534F4C31,30449,279069492,2055,4095,4095,0,1.00342,0.00000
534F4C31,30449,279072177,2059,4095,4095,0,1.00537,0.00000
534F4C31,30450,279074608,2061,4095,4095,0,1.00635,0.00000
534F4C31,30450,279078819,2050,4095,4095,0,1.00098,0.00000
534F4C31,30450,279081096,2054,4095,4095,0,1.00293,0.00000
534F4C31,30451,279083985,2059,4095,4095,0,1.00537,0.00000
534F4C31,30451,279088385,2058,4095,4095,0,1.00488,0.00000
534F4C31,30451,279090670,2057,4095,4095,0,1.00439,0.00000
534F4C31,30451,279093577,2057,4095,4095,0,1.00439,0.00000
534F4C31,30452,279095935,2052,4095,4095,0,1.00195,0.00000
534F4C31,30452,279100280,2055,4095,4095,0,1.00342,0.00000
534F4C31,30453,279102962,2060,4095,4095,0,1.00586,0.00000
534F4C31,30453,279107161,2059,4095,4095,0,1.00537,0.00000
534F4C31,30453,279111082,2062,4095,4095,0,1.00684,0.00000
534F4C31,30453,279113400,2062,4095,4095,0,1.00684,0.00000
534F4C31,30453,279116334,2056,4095,4095,0,1.00391,0.00000
534F4C31,30453,279118894,2056,4095,4095,0,1.00391,0.00000
534F4C31,30453,279121028,2059,4095,4095,0,1.00537,0.00000
534F4C31,30453,279123224,2050,4095,4095,0,1.00098,0.00000
534F4C31,30454,279125303,2059,4095,4095,0,1.00537,0.00000
534F4C31,30454,279129903,2059,4095,4095,0,1.00537,0.00000
534F4C31,30454,279132083,2052,4095,4095,0,1.00195,0.00000
534F4C31,30454,279134168,2050,4095,4095,0,1.00098,0.00000
534F4C31,30454,279137509,2056,4095,4095,0,1.00391,0.00000
534F4C31,30454,279139671,2055,4095,4095,0,1.00342,0.00000
534F4C31,30454,279141727,2058,4095,4095,0,1.00488,0.00000
534F4C31,30454,279143784,2059,4095,4095,0,1.00537,0.00000
534F4C31,30454,279145878,2053,4095,4095,0,1.00244,0.00000
534F4C31,30454,279148025,2064,4095,4095,0,1.00781,0.00000
534F4C31,30455,279150150,2058,4095,4095,0,1.00488,0.00000
534F4C31,30456,279154353,2057,4095,4095,0,1.00439,0.00000
534F4C31,30457,279159626,2054,4095,4095,0,1.00293,0.00000
534F4C31,30457,279164845,2053,4095,4095,0,1.00244,0.00000
534F4C31,30457,279167223,2063,4095,4095,0,1.00732,0.00000
534F4C31,30457,279169261,2056,4095,4095,0,1.00391,0.00000
534F4C31,30457,279172246,2060,4095,4095,0,1.00586,0.00000
534F4C31,30458,279174430,2055,4095,4095,0,1.00342,0.00000
534F4C31,30458,279178602,2064,4095,4095,0,1.00781,0.00000
534F4C31,30458,279180946,2054,4095,4095,0,1.00293,0.00000
534F4C31,30458,279183815,2053,4095,4095,0,1.00244,0.00000
534F4C31,30459,279186198,2055,4095,4095,0,1.00342,0.00000
534F4C31,30459,279190554,2059,4095,4095,0,1.00537,0.00000
534F4C31,30459,279192680,2054,4095,4095,0,1.00293,0.00000
534F4C31,30459,279195513,2063,4095,4095,0,1.00732,0.00000
534F4C31,30459,279197716,2055,4095,4095,0,1.00342,0.00000
534F4C31,30459,279199781,2060,4095,4095,0,1.00586,0.00000
534F4C31,30459,279201927,2048,4095,4095,0,1.00000,0.00000
534F4C31,30460,279203944,2062,4095,4095,0,1.00684,0.00000
534F4C31,30461,279206986,2056,4095,4095,0,1.00391,0.00000
534F4C31,30462,279211498,2059,4095,4095,0,1.00537,0.00000
534F4C31,30463,279217744,2060,4095,4095,0,1.00586,0.00000
534F4C31,30463,279222590,2057,4095,4095,0,1.00439,0.00000
534F4C31,30463,279227339,2059,4095,4095,0,1.00537,0.00000
534F4C31,30463,279229511,2057,4095,4095,0,1.00439,0.00000
534F4C31,30463,279231597,2054,4095,4095,0,1.00293,0.00000
534F4C31,30463,279234590,2062,4095,4095,0,1.00684,0.00000
534F4C31,30463,279236645,2052,4095,4095,0,1.00195,0.00000
534F4C31,30463,279238756,2056,4095,4095,0,1.00391,0.00000
534F4C31,30463,279240848,2054,4095,4095,0,1.00293,0.00000
534F4C31,30463,279242938,2057,4095,4095,0,1.00439,0.00000
534F4C31,30464,279244903,2056,4095,4095,0,1.00391,0.00000
534F4C31,30465,279249402,2057,4095,4095,0,1.00439,0.00000
534F4C31,30466,279252882,2054,4095,4095,0,1.00293,0.00000
534F4C31,30467,279259081,2056,4095,4095,0,1.00391,0.00000
534F4C31,30467,279262241,2058,4095,4095,0,1.00488,0.00000
534F4C31,30467,279266886,2060,4095,4095,0,1.00586,0.00000
534F4C31,30467,279269822,2060,4095,4095,0,1.00586,0.00000
534F4C31,30467,279271948,2050,4095,4095,0,1.00098,0.00000
534F4C31,30468,279275071,2053,4095,4095,0,1.00244,0.00000
534F4C31,30468,279279660,2057,4095,4095,0,1.00439,0.00000
534F4C31,30468,279281996,2057,4095,4095,0,1.00439,0.00000
534F4C31,30468,279284054,2068,4095,4095,0,1.00977,0.00000
534F4C31,30468,279287222,2057,4095,4095,0,1.00439,0.00000
534F4C31,30468,279289451,2062,4095,4095,0,1.00684,0.00000
534F4C31,30468,279291553,2056,4095,4095,0,1.00391,0.00000
534F4C31,30468,279293697,2057,4095,4095,0,1.00439,0.00000
534F4C31,30469,279295707,2063,4095,4095,0,1.00732,0.00000
534F4C31,30470,279300315,2060,4095,4095,0,1.00586,0.00000
534F4C31,30471,279304305,2058,4095,4095,0,1.00488,0.00000
534F4C31,30472,279310591,2051,4095,4095,0,1.00146,0.00000
534F4C31,30472,279315230,2053,4095,4095,0,1.00244,0.00000
534F4C31,30472,279318860,2065,4095,4095,0,1.00830,0.00000
534F4C31,30472,279321630,2055,4095,4095,0,1.00342,0.00000
534F4C31,30472,279324302,2054,4095,4095,0,1.00293,0.00000
534F4C31,30473,279326693,2059,4095,4095,0,1.00537,0.00000
534F4C31,30473,279330247,2056,4095,4095,0,1.00391,0.00000
534F4C31,30473,279333165,2053,4095,4095,0,1.00244,0.00000
534F4C31,30473,279335246,2057,4095,4095,0,1.00439,0.00000
534F4C31,30473,279337221,2055,4095,4095,0,1.00342,0.00000
534F4C31,30473,279339291,2059,4095,4095,0,1.00537,0.00000
534F4C31,30474,279342326,2061,4095,4095,0,1.00635,0.00000
534F4C31,30475,279346617,2056,4095,4095,0,1.00391,0.00000
534F4C31,30475,279349905,2052,4095,4095,0,1.00195,0.00000
534F4C31,30475,279355084,2060,4095,4095,0,1.00586,0.00000
534F4C31,30475,279357761,2059,4095,4095,0,1.00537,0.00000
534F4C31,30475,279359859,2059,4095,4095,0,1.00537,0.00000
534F4C31,30476,279362811,2061,4095,4095,0,1.00635,0.00000
534F4C31,30477,279366662,2050,4095,4095,0,1.00098,0.00000
534F4C31,30478,279369622,2056,4095,4095,0,1.00391,0.00000
534F4C31,30479,279374536,2059,4095,4095,0,1.00537,0.00000
534F4C31,30479,279379770,2060,4095,4095,0,1.00586,0.00000
534F4C31,30479,279384139,2052,4095,4095,0,1.00195,0.00000
534F4C31,30480,279387208,2058,4095,4095,0,1.00488,0.00000
534F4C31,30481,279390104,2058,4095,4095,0,1.00488,0.00000
534F4C31,30482,279395693,2057,4095,4095,0,1.00439,0.00000
534F4C31,30482,279400523,2058,4095,4095,0,1.00488,0.00000
534F4C31,30482,279403800,2056,4095,4095,0,1.00391,0.00000
534F4C31,30482,279407439,2055,4095,4095,0,1.00342,0.00000
534F4C31,30482,279410175,2060,4095,4095,0,1.00586,0.00000
534F4C31,30482,279413052,2063,4095,4095,0,1.00732,0.00000
534F4C31,30482,279415377,2058,4095,4095,0,1.00488,0.00000
534F4C31,30482,279417720,2055,4095,4095,0,1.00342,0.00000
534F4C31,30482,279419832,2064,4095,4095,0,1.00781,0.00000
534F4C31,30482,279421883,2055,4095,4095,0,1.00342,0.00000
534F4C31,30482,279423953,2063,4095,4095,0,1.00732,0.00000
534F4C31,30482,279426128,2050,4095,4095,0,1.00098,0.00000
534F4C31,30482,279428280,2058,4095,4095,0,1.00488,0.00000
534F4C31,30482,279430385,2051,4095,4095,0,1.00146,0.00000
534F4C31,30482,279432412,2061,4095,4095,0,1.00635,0.00000
534F4C31,30482,279434505,2056,4095,4095,0,1.00391,0.00000
534F4C31,30483,279436721,2062,4095,4095,0,1.00684,0.00000
534F4C31,30484,279440756,2057,4095,4095,0,1.00439,0.00000
534F4C31,30485,279444912,2061,4095,4095,0,1.00635,0.00000
534F4C31,30486,279447784,2056,4095,4095,0,1.00391,0.00000
534F4C31,30487,279451160,2065,4095,4095,0,1.00830,0.00000
534F4C31,30488,279454004,2058,4095,4095,0,1.00488,0.00000
534F4C31,30489,279456784,2053,4095,4095,0,1.00244,0.00000
534F4C31,30490,279460925,2051,4095,4095,0,1.00146,0.00000
534F4C31,30491,279466795,2054,4095,4095,0,1.00293,0.00000
534F4C31,30491,279471483,2053,4095,4095,0,1.00244,0.00000
534F4C31,30491,279473734,2055,4095,4095,0,1.00342,0.00000
534F4C31,30492,279475646,2061,4095,4095,0,1.00635,0.00000
534F4C31,30492,279479779,2060,4095,4095,0,1.00586,0.00000
534F4C31,30492,279483539,2061,4095,4095,0,1.00635,0.00000
534F4C31,30493,279485592,2057,4095,4095,0,1.00439,0.00000
534F4C31,30494,279490253,2060,4095,4095,0,1.00586,0.00000
534F4C31,30494,279492949,2052,4095,4095,0,1.00195,0.00000
534F4C31,30494,279496998,2054,4095,4095,0,1.00293,0.00000
534F4C31,30494,279501059,2054,4095,4095,0,1.00293,0.00000
534F4C31,30494,279504317,2053,4095,4095,0,1.00244,0.00000
534F4C31,30494,279506446,2056,4095,4095,0,1.00391,0.00000
534F4C31,30494,279508498,2058,4095,4095,0,1.00488,0.00000
534F4C31,30494,279511337,2059,4095,4095,0,1.00537,0.00000
534F4C31,30495,279513718,2058,4095,4095,0,1.00488,0.00000
534F4C31,30495,279517579,2051,4095,4095,0,1.00146,0.00000
534F4C31,30495,279520583,2053,4095,4095,0,1.00244,0.00000
534F4C31,30496,279524572,2055,4095,4095,0,1.00342,0.00000
534F4C31,30496,279529123,2059,4095,4095,0,1.00537,0.00000
534F4C31,30496,279531972,2057,4095,4095,0,1.00439,0.00000
534F4C31,30496,279534753,2057,4095,4095,0,1.00439,0.00000
534F4C31,30496,279537629,2061,4095,4095,0,1.00635,0.00000
534F4C31,30497,279539971,2063,4095,4095,0,1.00732,0.00000
534F4C31,30498,279543972,2050,4095,4095,0,1.00098,0.00000
534F4C31,30498,279548179,2058,4095,4095,0,1.00488,0.00000
534F4C31,30498,279551762,2057,4095,4095,0,1.00439,0.00000
534F4C31,30498,279555603,2056,4095,4095,0,1.00391,0.00000
534F4C31,30498,279557684,2062,4095,4095,0,1.00684,0.00000
534F4C31,30499,279560632,2062,4095,4095,0,1.00684,0.00000
534F4C31,30499,279564492,2050,4095,4095,0,1.00098,0.00000
534F4C31,30499,279567568,2057,4095,4095,0,1.00439,0.00000
534F4C31,30500,279570467,2055,4095,4095,0,1.00342,0.00000
534F4C31,30500,279573987,2059,4095,4095,0,1.00537,0.00000
534F4C31,30500,279578707,2058,4095,4095,0,1.00488,0.00000
534F4C31,30501,279581072,2058,4095,4095,0,1.00488,0.00000
534F4C31,30502,279584788,2063,4095,4095,0,1.00732,0.00000
534F4C31,30502,279590313,2056,4095,4095,0,1.00391,0.00000
534F4C31,30502,279593209,2056,4095,4095,0,1.00391,0.00000
534F4C31,30503,279596266,2060,4095,4095,0,1.00586,0.00000
534F4C31,30504,279600147,2058,4095,4095,0,1.00488,0.00000
534F4C31,30505,279605495,2063,4095,4095,0,1.00732,0.00000
534F4C31,30505,279610076,2053,4095,4095,0,1.00244,0.00000
534F4C31,30505,279613789,2052,4095,4095,0,1.00195,0.00000
534F4C31,30506,279616126,2056,4095,4095,0,1.00391,0.00000
534F4C31,30506,279620808,2053,4095,4095,0,1.00244,0.00000
534F4C31,30506,279623795,2051,4095,4095,0,1.00146,0.00000
534F4C31,30506,279625968,2054,4095,4095,0,1.00293,0.00000
534F4C31,30506,279628955,2055,4095,4095,0,1.00342,0.00000
534F4C31,30507,279631200,2060,4095,4095,0,1.00586,0.00000
534F4C31,30508,279634947,2060,4095,4095,0,1.00586,0.00000
534F4C31,30508,279639068,2056,4095,4095,0,1.00391,0.00000
534F4C31,30508,279641721,2060,4095,4095,0,1.00586,0.00000
534F4C31,30509,279643864,2052,4095,4095,0,1.00195,0.00000
534F4C31,30509,279648751,2059,4095,4095,0,1.00537,0.00000
534F4C31,30509,279651633,2058,4095,4095,0,1.00488,0.00000
534F4C31,30510,279653853,2060,4095,4095,0,1.00586,0.00000
534F4C31,30511,279658322,2063,4095,4095,0,1.00732,0.00000
534F4C31,30512,279661824,2062,4095,4095,0,1.00684,0.00000
534F4C31,30512,279665970,2055,4095,4095,0,1.00342,0.00000
534F4C31,30512,279670145,2064,4095,4095,0,1.00781,0.00000
534F4C31,30513,279673105,2054,4095,4095,0,1.00293,0.00000
534F4C31,30513,279677367,2054,4095,4095,0,1.00293,0.00000
534F4C31,30513,279680683,2063,4095,4095,0,1.00732,0.00000
534F4C31,30513,279683529,2058,4095,4095,0,1.00488,0.00000
534F4C31,30513,279686313,2058,4095,4095,0,1.00488,0.00000
534F4C31,30514,279688691,2060,4095,4095,0,1.00586,0.00000
534F4C31,30515,279692805,2055,4095,4095,0,1.00342,0.00000
534F4C31,30516,279696336,2060,4095,4095,0,1.00586,0.00000
534F4C31,30516,279700783,2059,4095,4095,0,1.00537,0.00000
534F4C31,30516,279702955,2053,4095,4095,0,1.00244,0.00000
534F4C31,30516,279704981,2050,4095,4095,0,1.00098,0.00000
534F4C31,30516,279707934,2062,4095,4095,0,1.00684,0.00000
534F4C31,30517,279710310,2055,4095,4095,0,1.00342,0.00000
534F4C31,30518,279713227,2056,4095,4095,0,1.00391,0.00000
534F4C31,30518,279717522,2061,4095,4095,0,1.00635,0.00000
534F4C31,30518,279719623,2059,4095,4095,0,1.00537,0.00000
534F4C31,30519,279722394,2061,4095,4095,0,1.00635,0.00000
534F4C31,30520,279726288,2054,4095,4095,0,1.00293,0.00000
534F4C31,30520,279728410,2050,4095,4095,0,1.00098,0.00000
534F4C31,30521,279731973,2061,4095,4095,0,1.00635,0.00000
534F4C31,30521,279734365,2062,4095,4095,0,1.00684,0.00000
534F4C31,30521,279738390,2049,4095,4095,0,1.00049,0.00000
534F4C31,30521,279741453,2056,4095,4095,0,1.00391,0.00000
534F4C31,30521,279744210,2059,4095,4095,0,1.00537,0.00000
534F4C31,30521,279746497,2060,4095,4095,0,1.00586,0.00000
534F4C31,30521,279748576,2057,4095,4095,0,1.00439,0.00000
534F4C31,30521,279750622,2056,4095,4095,0,1.00391,0.00000
534F4C31,30521,279752657,2056,4095,4095,0,1.00391,0.00000
534F4C31,30521,279754786,2064,4095,4095,0,1.00781,0.00000
534F4C31,30522,279757034,2056,4095,4095,0,1.00391,0.00000
534F4C31,30523,279760255,2059,4095,4095,0,1.00537,0.00000
534F4C31,30524,279763964,2058,4095,4095,0,1.00488,0.00000
534F4C31,30525,279768256,2050,4095,4095,0,1.00098,0.00000
534F4C31,30526,279772416,2053,4095,4095,0,1.00244,0.00000
534F4C31,30527,279776309,2055,4095,4095,0,1.00342,0.00000
534F4C31,30528,279781065,2055,4095,4095,0,1.00342,0.00000
534F4C31,30528,279783586,2060,4095,4095,0,1.00586,0.00000
534F4C31,30528,279786909,2058,4095,4095,0,1.00488,0.00000
534F4C31,30528,279789577,2059,4095,4095,0,1.00537,0.00000
534F4C31,30528,279791491,2058,4095,4095,0,1.00488,0.00000
534F4C31,30529,279793579,2060,4095,4095,0,1.00586,0.00000
534F4C31,30530,279797511,2055,4095,4095,0,1.00342,0.00000
534F4C31,30531,279801230,2055,4095,4095,0,1.00342,0.00000
534F4C31,30532,279806241,2056,4095,4095,0,1.00391,0.00000
534F4C31,30533,279810862,2053,4095,4095,0,1.00244,0.00000
534F4C31,30534,279814582,2061,4095,4095,0,1.00635,0.00000
534F4C31,30535,279819321,2056,4095,4095,0,1.00391,0.00000
534F4C31,30536,279824164,2054,4095,4095,0,1.00293,0.00000
534F4C31,30537,279828487,2057,4095,4095,0,1.00439,0.00000
534F4C31,30538,279833690,2059,4095,4095,0,1.00537,0.00000
534F4C31,30539,279838219,2053,4095,4095,0,1.00244,0.00000
534F4C31,30540,279848603,2062,4095,4095,0,1.00684,0.00000
534F4C31,30541,279853907,2055,4095,4095,0,1.00342,0.00000
534F4C31,30541,279858259,2054,4095,4095,0,1.00293,0.00000
534F4C31,30541,279862227,2055,4095,4095,0,1.00342,0.00000
534F4C31,30541,279865324,2054,4095,4095,0,1.00293,0.00000
534F4C31,30541,279867134,2058,4095,4095,0,1.00488,0.00000
534F4C31,30541,279869819,2057,4095,4095,0,1.00439,0.00000
534F4C31,30541,279872062,2055,4095,4095,0,1.00342,0.00000
534F4C31,30541,279874201,2060,4095,4095,0,1.00586,0.00000
534F4C31,30542,279876300,2056,4095,4095,0,1.00391,0.00000
534F4C31,30542,279880782,2060,4095,4095,0,1.00586,0.00000
534F4C31,30542,279883060,2060,4095,4095,0,1.00586,0.00000
534F4C31,30542,279885713,2053,4095,4095,0,1.00244,0.00000
534F4C31,30542,279888622,2055,4095,4095,0,1.00342,0.00000
534F4C31,30542,279890579,2062,4095,4095,0,1.00684,0.00000
534F4C31,30542,279892652,2053,4095,4095,0,1.00244,0.00000
534F4C31,30542,279894741,2062,4095,4095,0,1.00684,0.00000
534F4C31,30542,279896715,2059,4095,4095,0,1.00537,0.00000
534F4C31,30542,279898773,2062,4095,4095,0,1.00684,0.00000
534F4C31,30542,279900790,2055,4095,4095,0,1.00342,0.00000
534F4C31,30542,279902884,2058,4095,4095,0,1.00488,0.00000
534F4C31,30542,279905006,2058,4095,4095,0,1.00488,0.00000
534F4C31,30542,279907160,2060,4095,4095,0,1.00586,0.00000
534F4C31,30543,279909247,2056,4095,4095,0,1.00391,0.00000
534F4C31,30544,279913872,2054,4095,4095,0,1.00293,0.00000
534F4C31,30544,279917571,2057,4095,4095,0,1.00439,0.00000
534F4C31,30544,279922311,2058,4095,4095,0,1.00488,0.00000
534F4C31,30544,279924439,2066,4095,4095,0,1.00879,0.00000
534F4C31,30544,279926479,2052,4095,4095,0,1.00195,0.00000
534F4C31,30544,279929608,2061,4095,4095,0,1.00635,0.00000
534F4C31,30544,279931871,2053,4095,4095,0,1.00244,0.00000
534F4C31,30545,279934220,2057,4095,4095,0,1.00439,0.00000
534F4C31,30546,279939078,2057,4095,4095,0,1.00439,0.00000
534F4C31,30547,279942488,2060,4095,4095,0,1.00586,0.00000
534F4C31,30547,279945371,2058,4095,4095,0,1.00488,0.00000
534F4C31,30547,279949697,2061,4095,4095,0,1.00635,0.00000
534F4C31,30547,279952281,2057,4095,4095,0,1.00439,0.00000
534F4C31,30547,279954222,2056,4095,4095,0,1.00391,0.00000
534F4C31,30548,279958473,2060,4095,4095,0,1.00586,0.00000
534F4C31,30549,279963842,2053,4095,4095,0,1.00244,0.00000
534F4C31,30549,279968050,2059,4095,4095,0,1.00537,0.00000
534F4C31,30549,279970271,2051,4095,4095,0,1.00146,0.00000
534F4C31,30549,279972318,2060,4095,4095,0,1.00586,0.00000
534F4C31,30549,279975106,2061,4095,4095,0,1.00635,0.00000
534F4C31,30549,279977170,2056,4095,4095,0,1.00391,0.00000
534F4C31,30549,279979230,2057,4095,4095,0,1.00439,0.00000
534F4C31,30549,279981309,2057,4095,4095,0,1.00439,0.00000
534F4C31,30549,279983426,2059,4095,4095,0,1.00537,0.00000
534F4C31,30550,279985509,2056,4095,4095,0,1.00391,0.00000
534F4C31,30550,279988718,2062,4095,4095,0,1.00684,0.00000
534F4C31,30550,279991189,2063,4095,4095,0,1.00732,0.00000
534F4C31,30550,279993261,2054,4095,4095,0,1.00293,0.00000
534F4C31,30550,279995949,2063,4095,4095,0,1.00732,0.00000
534F4C31,30550,279998105,2056,4095,4095,0,1.00391,0.00000
534F4C31,30550,280000136,2058,4095,4095,0,1.00488,0.00000
534F4C31,30550,280002262,2058,4095,4095,0,1.00488,0.00000
534F4C31,30551,280004350,2055,4095,4095,0,1.00342,0.00000
534F4C31,30551,280007798,2060,4095,4095,0,1.00586,0.00000
534F4C31,30551,280010043,2057,4095,4095,0,1.00439,0.00000
534F4C31,30551,280012126,2061,4095,4095,0,1.00635,0.00000
534F4C31,30551,280014974,2060,4095,4095,0,1.00586,0.00000
534F4C31,30551,280017195,2054,4095,4095,0,1.00293,0.00000
534F4C31,30551,280019138,2058,4095,4095,0,1.00488,0.00000
534F4C31,30551,280020940,2060,4095,4095,0,1.00586,0.00000
534F4C31,30551,280022931,2058,4095,4095,0,1.00488,0.00000
534F4C31,30551,280024915,2052,4095,4095,0,1.00195,0.00000
534F4C31,30551,280026963,2060,4095,4095,0,1.00586,0.00000
534F4C31,30551,280029099,2053,4095,4095,0,1.00244,0.00000
534F4C31,30551,280031378,2054,4095,4095,0,1.00293,0.00000
534F4C31,30552,280033728,2061,4095,4095,0,1.00635,0.00000
534F4C31,30553,280037244,2054,4095,4095,0,1.00293,0.00000
534F4C31,30553,280040715,2059,4095,4095,0,1.00537,0.00000
534F4C31,30553,280042991,2047,4095,4095,0,0.99951,0.00000
534F4C31,30554,280045667,2063,4095,4095,0,1.00732,0.00000
534F4C31,30554,280049805,2058,4095,4095,0,1.00488,0.00000
534F4C31,30554,280052447,2053,4095,4095,0,1.00244,0.00000
534F4C31,30554,280054498,2051,4095,4095,0,1.00146,0.00000
534F4C31,30554,280057270,2060,4095,4095,0,1.00586,0.00000
534F4C31,30554,280059340,2056,4095,4095,0,1.00391,0.00000
534F4C31,30554,280061379,2062,4095,4095,0,1.00684,0.00000
534F4C31,30554,280063538,2053,4095,4095,0,1.00244,0.00000
534F4C31,30554,280065597,2059,4095,4095,0,1.00537,0.00000
534F4C31,30554,280067676,2055,4095,4095,0,1.00342,0.00000
534F4C31,30554,280069700,2060,4095,4095,0,1.00586,0.00000
534F4C31,30554,280071861,2055,4095,4095,0,1.00342,0.00000
534F4C31,30555,280073974,2057,4095,4095,0,1.00439,0.00000
534F4C31,30556,280077176,2059,4095,4095,0,1.00537,0.00000
534F4C31,30557,280080350,2056,4095,4095,0,1.00391,0.00000
534F4C31,30558,280084576,2051,4095,4095,0,1.00146,0.00000
534F4C31,30559,280089604,2054,4095,4095,0,1.00293,0.00000
534F4C31,30560,280093545,2058,4095,4095,0,1.00488,0.00000
534F4C31,30561,280097769,2064,4095,4095,0,1.00781,0.00000
534F4C31,30562,280101254,2055,4095,4095,0,1.00342,0.00000
534F4C31,30563,280104777,2061,4095,4095,0,1.00635,0.00000
534F4C31,30564,280111138,2060,4095,4095,0,1.00586,0.00000
534F4C31,30564,280113276,2053,4095,4095,0,1.00244,0.00000
534F4C31,30564,280121934,2059,4095,4095,0,1.00537,0.00000
534F4C31,30565,280126398,2062,4095,4095,0,1.00684,0.00000
534F4C31,30566,280132219,2056,4095,4095,0,1.00391,0.00000
534F4C31,30566,280136780,2059,4095,4095,0,1.00537,0.00000
534F4C31,30566,280140318,2059,4095,4095,0,1.00537,0.00000
534F4C31,30566,280143842,2063,4095,4095,0,1.00732,0.00000
534F4C31,30566,280145877,2058,4095,4095,0,1.00488,0.00000
534F4C31,30566,280149020,2053,4095,4095,0,1.00244,0.00000
534F4C31,30567,280151268,2061,4095,4095,0,1.00635,0.00000
534F4C31,30567,280155265,2064,4095,4095,0,1.00781,0.00000
534F4C31,30567,280158236,2063,4095,4095,0,1.00732,0.00000
534F4C31,30567,280160309,2053,4095,4095,0,1.00244,0.00000
534F4C31,30567,280163107,2062,4095,4095,0,1.00684,0.00000
534F4C31,30567,280165334,2061,4095,4095,0,1.00635,0.00000
534F4C31,30567,280167314,2055,4095,4095,0,1.00342,0.00000
534F4C31,30567,280169250,2060,4095,4095,0,1.00586,0.00000
534F4C31,30567,280171213,2054,4095,4095,0,1.00293,0.00000
534F4C31,30567,280173247,2059,4095,4095,0,1.00537,0.00000
534F4C31,30567,280175231,2055,4095,4095,0,1.00342,0.00000
534F4C31,30567,280177330,2059,4095,4095,0,1.00537,0.00000
534F4C31,30567,280179402,2058,4095,4095,0,1.00488,0.00000
534F4C31,30567,280181487,2061,4095,4095,0,1.00635,0.00000
534F4C31,30567,280183538,2058,4095,4095,0,1.00488,0.00000
534F4C31,30567,280185554,2062,4095,4095,0,1.00684,0.00000
534F4C31,30567,280187702,2056,4095,4095,0,1.00391,0.00000
534F4C31,30567,280189778,2065,4095,4095,0,1.00830,0.00000
534F4C31,30567,280191878,2051,4095,4095,0,1.00146,0.00000
534F4C31,30567,280193940,2056,4095,4095,0,1.00391,0.00000
534F4C31,30567,280196103,2056,4095,4095,0,1.00391,0.00000
534F4C31,30567,280198182,2055,4095,4095,0,1.00342,0.00000
534F4C31,30567,280200131,2060,4095,4095,0,1.00586,0.00000
534F4C31,30567,280201887,2054,4095,4095,0,1.00293,0.00000
534F4C31,30567,280203756,2051,4095,4095,0,1.00146,0.00000
534F4C31,30567,280205884,2056,4095,4095,0,1.00391,0.00000
534F4C31,30567,280207982,2058,4095,4095,0,1.00488,0.00000
534F4C31,30567,280210034,2059,4095,4095,0,1.00537,0.00000
534F4C31,30567,280212119,2060,4095,4095,0,1.00586,0.00000
534F4C31,30567,280214074,2055,4095,4095,0,1.00342,0.00000
534F4C31,30567,280216143,2060,4095,4095,0,1.00586,0.00000
534F4C31,30567,280218191,2054,4095,4095,0,1.00293,0.00000
534F4C31,30567,280220295,2060,4095,4095,0,1.00586,0.00000
534F4C31,30568,280222352,2056,4095,4095,0,1.00391,0.00000
534F4C31,30568,280226178,2062,4095,4095,0,1.00684,0.00000
534F4C31,30568,280229033,2059,4095,4095,0,1.00537,0.00000
534F4C31,30568,280231711,2063,4095,4095,0,1.00732,0.00000
534F4C31,30568,280234918,2058,4095,4095,0,1.00488,0.00000
534F4C31,30568,280237425,2060,4095,4095,0,1.00586,0.00000
534F4C31,30568,280239639,2057,4095,4095,0,1.00439,0.00000
534F4C31,30569,280241760,2058,4095,4095,0,1.00488,0.00000
534F4C31,30569,280245842,2062,4095,4095,0,1.00684,0.00000
534F4C31,30569,280248121,2062,4095,4095,0,1.00684,0.00000
534F4C31,30569,280250020,2053,4095,4095,0,1.00244,0.00000
534F4C31,30569,280252790,2060,4095,4095,0,1.00586,0.00000
534F4C31,30569,280255161,2058,4095,4095,0,1.00488,0.00000
534F4C31,30570,280257286,2056,4095,4095,0,1.00391,0.00000
534F4C31,30570,280261354,2062,4095,4095,0,1.00684,0.00000
534F4C31,30570,280263696,2057,4095,4095,0,1.00439,0.00000
534F4C31,30570,280265714,2059,4095,4095,0,1.00537,0.00000
534F4C31,30570,280268615,2060,4095,4095,0,1.00586,0.00000
534F4C31,30570,280270977,2058,4095,4095,0,1.00488,0.00000
534F4C31,30570,280273008,2052,4095,4095,0,1.00195,0.00000
534F4C31,30570,280275157,2059,4095,4095,0,1.00537,0.00000
534F4C31,30571,280277334,2059,4095,4095,0,1.00537,0.00000
534F4C31,30571,280281789,2059,4095,4095,0,1.00537,0.00000
534F4C31,30571,280284088,2056,4095,4095,0,1.00391,0.00000
534F4C31,30571,280286044,2060,4095,4095,0,1.00586,0.00000
534F4C31,30572,280287909,2058,4095,4095,0,1.00488,0.00000
534F4C31,30572,280292416,2056,4095,4095,0,1.00391,0.00000
534F4C31,30572,280295427,2054,4095,4095,0,1.00293,0.00000
534F4C31,30572,280297394,2062,4095,4095,0,1.00684,0.00000
534F4C31,30573,280299487,2052,4095,4095,0,1.00195,0.00000
534F4C31,30574,280304449,2056,4095,4095,0,1.00391,0.00000
534F4C31,30575,280308598,2059,4095,4095,0,1.00537,0.00000
534F4C31,30575,280312935,2054,4095,4095,0,1.00293,0.00000
534F4C31,30576,280316652,2060,4095,4095,0,1.00586,0.00000
534F4C31,30577,280319626,2054,4095,4095,0,1.00293,0.00000
534F4C31,30577,280325401,2052,4095,4095,0,1.00195,0.00000
534F4C31,30577,280328964,2058,4095,4095,0,1.00488,0.00000
534F4C31,30577,280331907,2055,4095,4095,0,1.00342,0.00000
534F4C31,30577,280334740,2055,4095,4095,0,1.00342,0.00000
534F4C31,30577,280337008,2059,4095,4095,0,1.00537,0.00000
534F4C31,30577,280339355,2056,4095,4095,0,1.00391,0.00000
534F4C31,30577,280341526,2059,4095,4095,0,1.00537,0.00000
534F4C31,30577,280345011,2062,4095,4095,0,1.00684,0.00000
534F4C31,30577,280347125,2057,4095,4095,0,1.00439,0.00000
534F4C31,30578,280349250,2060,4095,4095,0,1.00586,0.00000
534F4C31,30579,280353618,2062,4095,4095,0,1.00684,0.00000
534F4C31,30580,280357683,2055,4095,4095,0,1.00342,0.00000
534F4C31,30580,280362153,2054,4095,4095,0,1.00293,0.00000
534F4C31,30580,280364300,2060,4095,4095,0,1.00586,0.00000
534F4C31,30580,280367139,2050,4095,4095,0,1.00098,0.00000
534F4C31,30580,280369443,2052,4095,4095,0,1.00195,0.00000
534F4C31,30580,280371428,2062,4095,4095,0,1.00684,0.00000
534F4C31,30580,280373530,2056,4095,4095,0,1.00391,0.00000
534F4C31,30580,280375665,2064,4095,4095,0,1.00781,0.00000
534F4C31,30581,280377829,2052,4095,4095,0,1.00195,0.00000
534F4C31,30582,280382068,2059,4095,4095,0,1.00537,0.00000
534F4C31,30583,280385525,2055,4095,4095,0,1.00342,0.00000
534F4C31,30584,280391733,2054,4095,4095,0,1.00293,0.00000
534F4C31,30584,280395811,2056,4095,4095,0,1.00391,0.00000
534F4C31,30584,280399254,2057,4095,4095,0,1.00439,0.00000
534F4C31,30584,280401278,2055,4095,4095,0,1.00342,0.00000
534F4C31,30584,280404378,2049,4095,4095,0,1.00049,0.00000
534F4C31,30585,280406667,2058,4095,4095,0,1.00488,0.00000
534F4C31,30586,280410650,2056,4095,4095,0,1.00391,0.00000
534F4C31,30586,280414057,2055,4095,4095,0,1.00342,0.00000
534F4C31,30586,280416342,2049,4095,4095,0,1.00049,0.00000
534F4C31,30587,280420998,2064,4095,4095,0,1.00781,0.00000
534F4C31,30587,280424483,2063,4095,4095,0,1.00732,0.00000
534F4C31,30587,280427391,2056,4095,4095,0,1.00391,0.00000
534F4C31,30587,280431411,2057,4095,4095,0,1.00439,0.00000
534F4C31,30587,280433556,2056,4095,4095,0,1.00391,0.00000
534F4C31,30587,280435566,2053,4095,4095,0,1.00244,0.00000
534F4C31,30587,280438398,2064,4095,4095,0,1.00781,0.00000
534F4C31,30587,280440987,2057,4095,4095,0,1.00439,0.00000
534F4C31,30588,280443200,2052,4095,4095,0,1.00195,0.00000
534F4C31,30589,280447389,2060,4095,4095,0,1.00586,0.00000
534F4C31,30589,280451932,2053,4095,4095,0,1.00244,0.00000
534F4C31,30589,280457600,2057,4095,4095,0,1.00439,0.00000
534F4C31,30589,280459763,2052,4095,4095,0,1.00195,0.00000
534F4C31,30589,280462646,2056,4095,4095,0,1.00391,0.00000
534F4C31,30589,280464861,2057,4095,4095,0,1.00439,0.00000
534F4C31,30589,280466844,2057,4095,4095,0,1.00439,0.00000
534F4C31,30589,280468645,2063,4095,4095,0,1.00732,0.00000
534F4C31,30590,280470733,2057,4095,4095,0,1.00439,0.00000
534F4C31,30590,280475041,2059,4095,4095,0,1.00537,0.00000
534F4C31,30590,280477333,2059,4095,4095,0,1.00537,0.00000
534F4C31,30591,280479455,2055,4095,4095,0,1.00342,0.00000
534F4C31,30591,280484626,2060,4095,4095,0,1.00586,0.00000
534F4C31,30591,280486927,2060,4095,4095,0,1.00586,0.00000
534F4C31,30591,280488911,2062,4095,4095,0,1.00684,0.00000
534F4C31,30592,280492219,2059,4095,4095,0,1.00537,0.00000
534F4C31,30592,280496677,2061,4095,4095,0,1.00635,0.00000
534F4C31,30592,280498887,2058,4095,4095,0,1.00488,0.00000
534F4C31,30593,280501813,2059,4095,4095,0,1.00537,0.00000
534F4C31,30594,280505762,2061,4095,4095,0,1.00635,0.00000
534F4C31,30595,280509282,2059,4095,4095,0,1.00537,0.00000
534F4C31,30595,280514612,2062,4095,4095,0,1.00684,0.00000
534F4C31,30595,280516773,2057,4095,4095,0,1.00439,0.00000
534F4C31,30596,280520063,2054,4095,4095,0,1.00293,0.00000
534F4C31,30597,280523870,2057,4095,4095,0,1.00439,0.00000
534F4C31,30597,280528160,2061,4095,4095,0,1.00635,0.00000
534F4C31,30597,280530443,2059,4095,4095,0,1.00537,0.00000
534F4C31,30598,280532596,2056,4095,4095,0,1.00391,0.00000
534F4C31,30598,280537667,2055,4095,4095,0,1.00342,0.00000
534F4C31,30598,280540482,2056,4095,4095,0,1.00391,0.00000
534F4C31,30598,280543567,2060,4095,4095,0,1.00586,0.00000
534F4C31,30598,280546888,2062,4095,4095,0,1.00684,0.00000
534F4C31,30598,280548943,2055,4095,4095,0,1.00342,0.00000
534F4C31,30598,280550955,2063,4095,4095,0,1.00732,0.00000
534F4C31,30598,280553019,2054,4095,4095,0,1.00293,0.00000
534F4C31,30598,280555143,2059,4095,4095,0,1.00537,0.00000
534F4C31,30598,280557318,2055,4095,4095,0,1.00342,0.00000
534F4C31,30599,280559339,2055,4095,4095,0,1.00342,0.00000
534F4C31,30600,280563998,2060,4095,4095,0,1.00586,0.00000
534F4C31,30601,280567505,2049,4095,4095,0,1.00049,0.00000
534F4C31,30602,280573293,2056,4095,4095,0,1.00391,0.00000
534F4C31,30602,280577054,2054,4095,4095,0,1.00293,0.00000
534F4C31,30602,280580700,2054,4095,4095,0,1.00293,0.00000
534F4C31,30602,280582884,2055,4095,4095,0,1.00342,0.00000
534F4C31,30602,280585777,2058,4095,4095,0,1.00488,0.00000
534F4C31,30602,280588059,2049,4095,4095,0,1.00049,0.00000
534F4C31,30602,280590152,2056,4095,4095,0,1.00391,0.00000
534F4C31,30602,280592191,2056,4095,4095,0,1.00391,0.00000
534F4C31,30602,280594205,2062,4095,4095,0,1.00684,0.00000
534F4C31,30602,280596349,2058,4095,4095,0,1.00488,0.00000
534F4C31,30602,280598384,2055,4095,4095,0,1.00342,0.00000
534F4C31,30602,280600416,2062,4095,4095,0,1.00684,0.00000
534F4C31,30603,280602410,2054,4095,4095,0,1.00293,0.00000
534F4C31,30604,280606883,2055,4095,4095,0,1.00342,0.00000
534F4C31,30605,280610794,2055,4095,4095,0,1.00342,0.00000
534F4C31,30606,280616655,2058,4095,4095,0,1.00488,0.00000
534F4C31,30606,280620297,2057,4095,4095,0,1.00439,0.00000
534F4C31,30606,280624178,2056,4095,4095,0,1.00391,0.00000
534F4C31,30606,280626998,2054,4095,4095,0,1.00293,0.00000
534F4C31,30606,280630635,2053,4095,4095,0,1.00244,0.00000
534F4C31,30607,280632654,2061,4095,4095,0,1.00635,0.00000
534F4C31,30608,280635943,2057,4095,4095,0,1.00439,0.00000
534F4C31,30609,280641396,2060,4095,4095,0,1.00586,0.00000
534F4C31,30609,280646685,2060,4095,4095,0,1.00586,0.00000
534F4C31,30609,280648807,2053,4095,4095,0,1.00244,0.00000
534F4C31,30609,280651022,2057,4095,4095,0,1.00439,0.00000
534F4C31,30610,280655130,2054,4095,4095,0,1.00293,0.00000
534F4C31,30611,280657473,2056,4095,4095,0,1.00391,0.00000
534F4C31,30612,280661572,2054,4095,4095,0,1.00293,0.00000
534F4C31,30612,280667765,2054,4095,4095,0,1.00293,0.00000
534F4C31,30612,280670677,2062,4095,4095,0,1.00684,0.00000
534F4C31,30613,280675020,2050,4095,4095,0,1.00098,0.00000
534F4C31,30614,280678488,2057,4095,4095,0,1.00439,0.00000
534F4C31,30614,280682438,2054,4095,4095,0,1.00293,0.00000
534F4C31,30614,280686993,2061,4095,4095,0,1.00635,0.00000
534F4C31,30614,280689234,2059,4095,4095,0,1.00537,0.00000
534F4C31,30614,280691923,2064,4095,4095,0,1.00781,0.00000
534F4C31,30614,280694255,2064,4095,4095,0,1.00781,0.00000
534F4C31,30614,280696420,2060,4095,4095,0,1.00586,0.00000
534F4C31,30614,280698546,2063,4095,4095,0,1.00732,0.00000
534F4C31,30614,280700547,2055,4095,4095,0,1.00342,0.00000
534F4C31,30614,280702626,2060,4095,4095,0,1.00586,0.00000
534F4C31,30615,280704697,2051,4095,4095,0,1.00146,0.00000
534F4C31,30615,280708099,2055,4095,4095,0,1.00342,0.00000
534F4C31,30615,280711267,2057,4095,4095,0,1.00439,0.00000
534F4C31,30616,280713378,2057,4095,4095,0,1.00439,0.00000
534F4C31,30616,280717840,2053,4095,4095,0,1.00244,0.00000
534F4C31,30616,280720882,2052,4095,4095,0,1.00195,0.00000
534F4C31,30617,280723100,2058,4095,4095,0,1.00488,0.00000
534F4C31,30617,280726046,2065,4095,4095,0,1.00830,0.00000
534F4C31,30617,280730125,2059,4095,4095,0,1.00537,0.00000
534F4C31,30617,280732462,2060,4095,4095,0,1.00586,0.00000
534F4C31,30617,280735265,2056,4095,4095,0,1.00391,0.00000
534F4C31,30617,280737370,2059,4095,4095,0,1.00537,0.00000
534F4C31,30617,280740106,2052,4095,4095,0,1.00195,0.00000
534F4C31,30617,280742605,2051,4095,4095,0,1.00146,0.00000
534F4C31,30618,280744701,2056,4095,4095,0,1.00391,0.00000
534F4C31,30619,280749689,2056,4095,4095,0,1.00391,0.00000
534F4C31,30619,280753019,2059,4095,4095,0,1.00537,0.00000
534F4C31,30619,280757041,2054,4095,4095,0,1.00293,0.00000
534F4C31,30619,280760128,2058,4095,4095,0,1.00488,0.00000
534F4C31,30619,280762360,2056,4095,4095,0,1.00391,0.00000
534F4C31,30620,280764517,2060,4095,4095,0,1.00586,0.00000
534F4C31,30621,280768656,2056,4095,4095,0,1.00391,0.00000
534F4C31,30621,280773435,2061,4095,4095,0,1.00635,0.00000
534F4C31,30621,280777555,2051,4095,4095,0,1.00146,0.00000
534F4C31,30622,280779687,2061,4095,4095,0,1.00635,0.00000
534F4C31,30622,280785539,2059,4095,4095,0,1.00537,0.00000
534F4C31,30622,280787737,2059,4095,4095,0,1.00537,0.00000
534F4C31,30623,280790843,2055,4095,4095,0,1.00342,0.00000
534F4C31,30623,280795284,2053,4095,4095,0,1.00244,0.00000
534F4C31,30623,280797583,2055,4095,4095,0,1.00342,0.00000
534F4C31,30623,280799614,2059,4095,4095,0,1.00537,0.00000
534F4C31,30624,280803310,2055,4095,4095,0,1.00342,0.00000
534F4C31,30625,280807542,2061,4095,4095,0,1.00635,0.00000
534F4C31,30625,280810440,2055,4095,4095,0,1.00342,0.00000
534F4C31,30625,280815192,2060,4095,4095,0,1.00586,0.00000
534F4C31,30625,280817274,2054,4095,4095,0,1.00293,0.00000
534F4C31,30625,280819897,2058,4095,4095,0,1.00488,0.00000
534F4C31,30626,280822881,2055,4095,4095,0,1.00342,0.00000
534F4C31,30626,280826943,2054,4095,4095,0,1.00293,0.00000
534F4C31,30626,280829249,2062,4095,4095,0,1.00684,0.00000
534F4C31,30626,280831338,2056,4095,4095,0,1.00391,0.00000
534F4C31,30626,280834241,2058,4095,4095,0,1.00488,0.00000
534F4C31,30626,280836568,2055,4095,4095,0,1.00342,0.00000
534F4C31,30626,280838606,2063,4095,4095,0,1.00732,0.00000
534F4C31,30626,280840662,2055,4095,4095,0,1.00342,0.00000
534F4C31,30627,280842943,2054,4095,4095,0,1.00293,0.00000
534F4C31,30628,280847561,2060,4095,4095,0,1.00586,0.00000
534F4C31,30629,280852185,2053,4095,4095,0,1.00244,0.00000
534F4C31,30630,280857606,2054,4095,4095,0,1.00293,0.00000
534F4C31,30630,280860887,2058,4095,4095,0,1.00488,0.00000
534F4C31,30630,280863020,2058,4095,4095,0,1.00488,0.00000
534F4C31,30631,280867836,2066,4095,4095,0,1.00879,0.00000
534F4C31,30632,280871365,2055,4095,4095,0,1.00342,0.00000
534F4C31,30632,280876234,2062,4095,4095,0,1.00684,0.00000
534F4C31,30632,280879551,2056,4095,4095,0,1.00391,0.00000
534F4C31,30632,280881592,2058,4095,4095,0,1.00488,0.00000
534F4C31,30632,280884686,2061,4095,4095,0,1.00635,0.00000
534F4C31,30633,280887063,2056,4095,4095,0,1.00391,0.00000
534F4C31,30634,280891354,2059,4095,4095,0,1.00537,0.00000
534F4C31,30634,280895088,2056,4095,4095,0,1.00391,0.00000
534F4C31,30634,280898654,2058,4095,4095,0,1.00488,0.00000
534F4C31,30635,280902616,2057,4095,4095,0,1.00439,0.00000
534F4C31,30635,280906925,2052,4095,4095,0,1.00195,0.00000
534F4C31,30635,280910813,2055,4095,4095,0,1.00342,0.00000
534F4C31,30635,280913537,2058,4095,4095,0,1.00488,0.00000
534F4C31,30635,280916283,2061,4095,4095,0,1.00635,0.00000
534F4C31,30635,280918241,2060,4095,4095,0,1.00586,0.00000
534F4C31,30635,280920194,2060,4095,4095,0,1.00586,0.00000
534F4C31,30635,280922265,2055,4095,4095,0,1.00342,0.00000
534F4C31,30635,280924273,2062,4095,4095,0,1.00684,0.00000
534F4C31,30635,280926433,2060,4095,4095,0,1.00586,0.00000
534F4C31,30636,280928628,2052,4095,4095,0,1.00195,0.00000
534F4C31,30636,280932730,2059,4095,4095,0,1.00537,0.00000
534F4C31,30636,280934871,2061,4095,4095,0,1.00635,0.00000
534F4C31,30636,280936628,2057,4095,4095,0,1.00439,0.00000
534F4C31,30637,280939747,2058,4095,4095,0,1.00488,0.00000
534F4C31,30637,280943541,2055,4095,4095,0,1.00342,0.00000
534F4C31,30637,280945917,2062,4095,4095,0,1.00684,0.00000
534F4C31,30637,280947959,2058,4095,4095,0,1.00488,0.00000
534F4C31,30638,280951006,2059,4095,4095,0,1.00537,0.00000
534F4C31,30639,280955977,2060,4095,4095,0,1.00586,0.00000
534F4C31,30639,280962322,2063,4095,4095,0,1.00732,0.00000
534F4C31,30639,280965060,2057,4095,4095,0,1.00439,0.00000
534F4C31,30639,280967968,2052,4095,4095,0,1.00195,0.00000
534F4C31,30639,280971092,2059,4095,4095,0,1.00537,0.00000
534F4C31,30639,280973196,2061,4095,4095,0,1.00635,0.00000
534F4C31,30639,280975371,2052,4095,4095,0,1.00195,0.00000
534F4C31,30640,280977634,2062,4095,4095,0,1.00684,0.00000
534F4C31,30641,280981802,2060,4095,4095,0,1.00586,0.00000
534F4C31,30642,280985253,2058,4095,4095,0,1.00488,0.00000
534F4C31,30643,280991271,2058,4095,4095,0,1.00488,0.00000
534F4C31,30643,280996099,2059,4095,4095,0,1.00537,0.00000
534F4C31,30643,280998783,2054,4095,4095,0,1.00293,0.00000
534F4C31,30644,281001453,2061,4095,4095,0,1.00635,0.00000
534F4C31,30644,281003955,2053,4095,4095,0,1.00244,0.00000
534F4C31,30644,281009329,2063,4095,4095,0,1.00732,0.00000
534F4C31,30644,281012263,2057,4095,4095,0,1.00439,0.00000
534F4C31,30645,281014406,2055,4095,4095,0,1.00342,0.00000
534F4C31,30645,281019406,2058,4095,4095,0,1.00488,0.00000
534F4C31,30645,281021590,2054,4095,4095,0,1.00293,0.00000
534F4C31,30646,281024545,2056,4095,4095,0,1.00391,0.00000
534F4C31,30646,281029360,2054,4095,4095,0,1.00293,0.00000
534F4C31,30646,281031602,2060,4095,4095,0,1.00586,0.00000
534F4C31,30647,281033716,2054,4095,4095,0,1.00293,0.00000
534F4C31,30648,281038310,2059,4095,4095,0,1.00537,0.00000
534F4C31,30649,281042151,2061,4095,4095,0,1.00635,0.00000
534F4C31,30649,281046570,2057,4095,4095,0,1.00439,0.00000
534F4C31,30649,281050269,2057,4095,4095,0,1.00439,0.00000
534F4C31,30649,281052957,2060,4095,4095,0,1.00586,0.00000
534F4C31,30649,281055492,2056,4095,4095,0,1.00391,0.00000
534F4C31,30649,281058419,2058,4095,4095,0,1.00488,0.00000
534F4C31,30649,281060684,2055,4095,4095,0,1.00342,0.00000
534F4C31,30649,281062741,2060,4095,4095,0,1.00586,0.00000
534F4C31,30649,281064832,2055,4095,4095,0,1.00342,0.00000
534F4C31,30649,281067025,2062,4095,4095,0,1.00684,0.00000
534F4C31,30650,281069188,2055,4095,4095,0,1.00342,0.00000
534F4C31,30650,281073257,2056,4095,4095,0,1.00391,0.00000
534F4C31,30650,281075484,2060,4095,4095,0,1.00586,0.00000
534F4C31,30650,281077592,2055,4095,4095,0,1.00342,0.00000
534F4C31,30650,281081169,2052,4095,4095,0,1.00195,0.00000
534F4C31,30650,281083308,2060,4095,4095,0,1.00586,0.00000
534F4C31,30650,281085385,2059,4095,4095,0,1.00537,0.00000
534F4C31,30650,281087571,2057,4095,4095,0,1.00439,0.00000
534F4C31,30651,281089684,2062,4095,4095,0,1.00684,0.00000
534F4C31,30651,281093882,2055,4095,4095,0,1.00342,0.00000
534F4C31,30651,281096183,2058,4095,4095,0,1.00488,0.00000
534F4C31,30651,281099193,2063,4095,4095,0,1.00732,0.00000
534F4C31,30652,281101479,2063,4095,4095,0,1.00732,0.00000
534F4C31,30652,281105811,2060,4095,4095,0,1.00586,0.00000
534F4C31,30652,281108004,2054,4095,4095,0,1.00293,0.00000
534F4C31,30653,281110974,2064,4095,4095,0,1.00781,0.00000
534F4C31,30653,281115231,2061,4095,4095,0,1.00635,0.00000
534F4C31,30653,281117566,2060,4095,4095,0,1.00586,0.00000
534F4C31,30654,281119703,2054,4095,4095,0,1.00293,0.00000
534F4C31,30655,281123403,2064,4095,4095,0,1.00781,0.00000
534F4C31,30656,281127553,2053,4095,4095,0,1.00244,0.00000
534F4C31,30657,281133352,2058,4095,4095,0,1.00488,0.00000
534F4C31,30658,281137544,2052,4095,4095,0,1.00195,0.00000
534F4C31,30658,281143738,2059,4095,4095,0,1.00537,0.00000
534F4C31,30658,281146398,2060,4095,4095,0,1.00586,0.00000
534F4C31,30658,281149092,2056,4095,4095,0,1.00391,0.00000
534F4C31,30658,281152120,2059,4095,4095,0,1.00537,0.00000
534F4C31,30658,281154295,2054,4095,4095,0,1.00293,0.00000
534F4C31,30658,281156305,2056,4095,4095,0,1.00391,0.00000
534F4C31,30658,281158452,2055,4095,4095,0,1.00342,0.00000
534F4C31,30659,281160747,2058,4095,4095,0,1.00488,0.00000
534F4C31,30660,281165126,2060,4095,4095,0,1.00586,0.00000
534F4C31,30660,281168329,2065,4095,4095,0,1.00830,0.00000
534F4C31,30660,281171771,2053,4095,4095,0,1.00244,0.00000
534F4C31,30660,281175345,2059,4095,4095,0,1.00537,0.00000
534F4C31,30660,281178042,2057,4095,4095,0,1.00439,0.00000
534F4C31,30661,281180868,2062,4095,4095,0,1.00684,0.00000
534F4C31,30662,281184827,2062,4095,4095,0,1.00684,0.00000
534F4C31,30662,281187993,2057,4095,4095,0,1.00439,0.00000
534F4C31,30662,281190872,2063,4095,4095,0,1.00732,0.00000
534F4C31,30662,281192836,2057,4095,4095,0,1.00439,0.00000
534F4C31,30662,281196863,2061,4095,4095,0,1.00635,0.00000
534F4C31,30662,281199231,2060,4095,4095,0,1.00586,0.00000
534F4C31,30662,281201253,2057,4095,4095,0,1.00439,0.00000
534F4C31,30662,281203976,2056,4095,4095,0,1.00391,0.00000
534F4C31,30663,281206344,2062,4095,4095,0,1.00684,0.00000
534F4C31,30663,281210348,2056,4095,4095,0,1.00391,0.00000
534F4C31,30663,281213646,2056,4095,4095,0,1.00391,0.00000
534F4C31,30664,281215777,2055,4095,4095,0,1.00342,0.00000
534F4C31,30665,281219685,2060,4095,4095,0,1.00586,0.00000
534F4C31,30666,281224700,2057,4095,4095,0,1.00439,0.00000
534F4C31,30666,281229221,2062,4095,4095,0,1.00684,0.00000
534F4C31,30666,281232579,2056,4095,4095,0,1.00391,0.00000
534F4C31,30667,281235517,2058,4095,4095,0,1.00488,0.00000
534F4C31,30668,281240182,2061,4095,4095,0,1.00635,0.00000
534F4C31,30669,281244488,2060,4095,4095,0,1.00586,0.00000
534F4C31,30669,281248827,2063,4095,4095,0,1.00732,0.00000
534F4C31,30669,281252523,2053,4095,4095,0,1.00244,0.00000
534F4C31,30670,281255600,2059,4095,4095,0,1.00537,0.00000
534F4C31,30670,281260679,2059,4095,4095,0,1.00537,0.00000
534F4C31,30670,281262928,2052,4095,4095,0,1.00195,0.00000
534F4C31,30670,281266433,2051,4095,4095,0,1.00146,0.00000
534F4C31,30670,281269246,2061,4095,4095,0,1.00635,0.00000
534F4C31,30671,281271513,2057,4095,4095,0,1.00439,0.00000
534F4C31,30672,281275632,2057,4095,4095,0,1.00439,0.00000
534F4C31,30672,281279845,2051,4095,4095,0,1.00146,0.00000
534F4C31,30672,281284100,2057,4095,4095,0,1.00439,0.00000
534F4C31,30673,281286381,2057,4095,4095,0,1.00439,0.00000
534F4C31,30673,281290095,2058,4095,4095,0,1.00488,0.00000
534F4C31,30673,281293618,2062,4095,4095,0,1.00684,0.00000
534F4C31,30673,281297766,2062,4095,4095,0,1.00684,0.00000
534F4C31,30673,281300033,2060,4095,4095,0,1.00586,0.00000
534F4C31,30673,281302034,2054,4095,4095,0,1.00293,0.00000
534F4C31,30673,281304978,2065,4095,4095,0,1.00830,0.00000
534F4C31,30673,281307172,2062,4095,4095,0,1.00684,0.00000
534F4C31,30673,281309218,2057,4095,4095,0,1.00439,0.00000
534F4C31,30673,281311338,2057,4095,4095,0,1.00439,0.00000
534F4C31,30673,281313320,2053,4095,4095,0,1.00244,0.00000
534F4C31,30673,281315469,2058,4095,4095,0,1.00488,0.00000
534F4C31,30674,281317656,2057,4095,4095,0,1.00439,0.00000
534F4C31,30675,281322064,2056,4095,4095,0,1.00391,0.00000
534F4C31,30675,281325734,2055,4095,4095,0,1.00342,0.00000
534F4C31,30675,281330563,2054,4095,4095,0,1.00293,0.00000
534F4C31,30675,281333351,2057,4095,4095,0,1.00439,0.00000
534F4C31,30675,281335487,2058,4095,4095,0,1.00488,0.00000
534F4C31,30676,281338549,2060,4095,4095,0,1.00586,0.00000
534F4C31,30676,281342614,2057,4095,4095,0,1.00439,0.00000
534F4C31,30676,281345608,2049,4095,4095,0,1.00049,0.00000
534F4C31,30676,281348809,2055,4095,4095,0,1.00342,0.00000
534F4C31,30676,281351569,2063,4095,4095,0,1.00732,0.00000
534F4C31,30676,281353667,2058,4095,4095,0,1.00488,0.00000
534F4C31,30676,281355790,2055,4095,4095,0,1.00342,0.00000
534F4C31,30676,281357964,2061,4095,4095,0,1.00635,0.00000
534F4C31,30677,281359995,2052,4095,4095,0,1.00195,0.00000
534F4C31,30678,281364772,2059,4095,4095,0,1.00537,0.00000
534F4C31,30679,281368464,2055,4095,4095,0,1.00342,0.00000
534F4C31,30680,281374066,2057,4095,4095,0,1.00439,0.00000
534F4C31,30680,281376354,2054,4095,4095,0,1.00293,0.00000
534F4C31,30680,281381640,2061,4095,4095,0,1.00635,0.00000
534F4C31,30680,281383746,2056,4095,4095,0,1.00391,0.00000
534F4C31,30680,281386536,2055,4095,4095,0,1.00342,0.00000
534F4C31,30681,281388927,2058,4095,4095,0,1.00488,0.00000
534F4C31,30682,281392863,2056,4095,4095,0,1.00391,0.00000
534F4C31,30682,281396635,2056,4095,4095,0,1.00391,0.00000
534F4C31,30682,281399003,2057,4095,4095,0,1.00439,0.00000
534F4C31,30682,281403716,2056,4095,4095,0,1.00391,0.00000
534F4C31,30682,281405843,2055,4095,4095,0,1.00342,0.00000
534F4C31,30682,281407850,2057,4095,4095,0,1.00439,0.00000
534F4C31,30682,281410827,2059,4095,4095,0,1.00537,0.00000
534F4C31,30682,281413079,2059,4095,4095,0,1.00537,0.00000
534F4C31,30682,281415101,2055,4095,4095,0,1.00342,0.00000
534F4C31,30682,281417231,2060,4095,4095,0,1.00586,0.00000
534F4C31,30683,281419311,2056,4095,4095,0,1.00391,0.00000
534F4C31,30684,281423795,2054,4095,4095,0,1.00293,0.00000
534F4C31,30685,281428121,2056,4095,4095,0,1.00391,0.00000
534F4C31,30685,281432879,2056,4095,4095,0,1.00391,0.00000
534F4C31,30685,281435706,2058,4095,4095,0,1.00488,0.00000
534F4C31,30686,281438645,2055,4095,4095,0,1.00342,0.00000
534F4C31,30686,281442995,2064,4095,4095,0,1.00781,0.00000
534F4C31,30686,281445300,2058,4095,4095,0,1.00488,0.00000
534F4C31,30687,281448440,2057,4095,4095,0,1.00439,0.00000
534F4C31,30688,281451480,2059,4095,4095,0,1.00537,0.00000
534F4C31,30688,281456545,2057,4095,4095,0,1.00439,0.00000
534F4C31,30688,281459426,2060,4095,4095,0,1.00586,0.00000
534F4C31,30688,281463084,2052,4095,4095,0,1.00195,0.00000
534F4C31,30688,281466381,2058,4095,4095,0,1.00488,0.00000
534F4C31,30688,281468607,2055,4095,4095,0,1.00342,0.00000
534F4C31,30688,281471542,2060,4095,4095,0,1.00586,0.00000
534F4C31,30688,281473792,2055,4095,4095,0,1.00342,0.00000
534F4C31,30688,281475749,2061,4095,4095,0,1.00635,0.00000
534F4C31,30688,281477884,2057,4095,4095,0,1.00439,0.00000
534F4C31,30689,281480090,2060,4095,4095,0,1.00586,0.00000
534F4C31,30690,281484500,2055,4095,4095,0,1.00342,0.00000
534F4C31,30691,281489331,2052,4095,4095,0,1.00195,0.00000
534F4C31,30692,281493629,2056,4095,4095,0,1.00391,0.00000
534F4C31,30692,281499223,2053,4095,4095,0,1.00244,0.00000
534F4C31,30692,281502057,2059,4095,4095,0,1.00537,0.00000
534F4C31,30692,281504894,2056,4095,4095,0,1.00391,0.00000
534F4C31,30692,281507190,2054,4095,4095,0,1.00293,0.00000
534F4C31,30693,281509326,2059,4095,4095,0,1.00537,0.00000
534F4C31,30694,281513257,2053,4095,4095,0,1.00244,0.00000
534F4C31,30694,281516775,2054,4095,4095,0,1.00293,0.00000
534F4C31,30694,281521039,2061,4095,4095,0,1.00635,0.00000
534F4C31,30695,281523466,2054,4095,4095,0,1.00293,0.00000
534F4C31,30696,281527162,2059,4095,4095,0,1.00537,0.00000
534F4C31,30696,281531711,2055,4095,4095,0,1.00342,0.00000
534F4C31,30696,281535348,2054,4095,4095,0,1.00293,0.00000
534F4C31,30697,281538579,3428,4095,4095,0,1.67383,0.00000
534F4C31,30697,281543297,4006,4095,4095,0,1.95605,0.00000
534F4C31,30697,281545287,4087,4095,4095,0,1.99561,0.00000
534F4C31,30697,281547222,4100,4095,4095,0,2.00195,0.00000
534F4C31,30697,281549770,4110,4095,4095,0,2.00684,0.00000
534F4C31,30697,281553484,4111,4095,4095,0,2.00732,0.00000
534F4C31,30697,281555615,4105,4095,4095,0,2.00439,0.00000
534F4C31,30697,281557629,4104,4095,4095,0,2.00391,0.00000
534F4C31,30698,281560542,4111,4095,4095,0,2.00732,0.00000
534F4C31,30699,281564953,4108,4095,4095,0,2.00586,0.00000
534F4C31,30700,281569714,4110,4095,4095,0,2.00684,0.00000
534F4C31,30701,281575499,4108,4095,4095,0,2.00586,0.00000
534F4C31,30701,281579329,4103,4095,4095,0,2.00342,0.00000
534F4C31,30701,281583940,4110,4095,4095,0,2.00684,0.00000
534F4C31,30701,281586673,4107,4095,4095,0,2.00537,0.00000
534F4C31,30701,281588743,4109,4095,4095,0,2.00635,0.00000
534F4C31,30701,281591682,4111,4095,4095,0,2.00732,0.00000
534F4C31,30701,281593888,4109,4095,4095,0,2.00635,0.00000
534F4C31,30701,281595976,4113,4095,4095,0,2.00830,0.00000
534F4C31,30701,281598132,4104,4095,4095,0,2.00391,0.00000
534F4C31,30701,281600086,4108,4095,4095,0,2.00586,0.00000
534F4C31,30701,281602036,4107,4095,4095,0,2.00537,0.00000
534F4C31,30701,281604159,4100,4095,4095,0,2.00195,0.00000
534F4C31,30701,281606197,4112,4095,4095,0,2.00781,0.00000
534F4C31,30701,281608369,4105,4095,4095,0,2.00439,0.00000
534F4C31,30701,281610295,4112,4095,4095,0,2.00781,0.00000
534F4C31,30702,281612351,4107,4095,4095,0,2.00537,0.00000
534F4C31,30703,281616528,4111,4095,4095,0,2.00732,0.00000
534F4C31,30704,281622104,4111,4095,4095,0,2.00732,0.00000
534F4C31,30705,281625568,4105,4095,4095,0,2.00439,0.00000
534F4C31,30705,281629622,4103,4095,4095,0,2.00342,0.00000
534F4C31,30705,281631866,4104,4095,4095,0,2.00391,0.00000
534F4C31,30706,281634016,4111,4095,4095,0,2.00732,0.00000
534F4C31,30707,281639235,4105,4095,4095,0,2.00439,0.00000
534F4C31,30707,281643504,4108,4095,4095,0,2.00586,0.00000
534F4C31,30707,281646263,4111,4095,4095,0,2.00732,0.00000
534F4C31,30708,281649144,4105,4095,4095,0,2.00439,0.00000
534F4C31,30709,281654284,4112,4095,4095,0,2.00781,0.00000
534F4C31,30709,281657680,4116,4095,4095,0,2.00977,0.00000
534F4C31,30709,281660386,4105,4095,4095,0,2.00439,0.00000
534F4C31,30709,281662409,4103,4095,4095,0,2.00342,0.00000
534F4C31,30709,281666914,4114,4095,4095,0,2.00879,0.00000
534F4C31,30710,281670937,4112,4095,4095,0,2.00781,0.00000
534F4C31,30710,281674672,4114,4095,4095,0,2.00879,0.00000
534F4C31,30710,281676853,4114,4095,4095,0,2.00879,0.00000
534F4C31,30711,281680941,4109,4095,4095,0,2.00635,0.00000
534F4C31,30711,281685121,5278,4095,4095,0,2.57715,0.00000
534F4C31,30711,281689598,5816,4095,4095,0,2.83984,0.00000
534F4C31,30711,281691726,6133,4095,4095,0,2.99463,0.00000
534F4C31,30711,281693698,6147,4095,4095,0,3.00146,0.00000
534F4C31,30711,281696503,6159,4095,4095,0,3.00732,0.00000
534F4C31,30711,281698809,6159,4095,4095,0,3.00732,0.00000
534F4C31,30711,281700778,6160,4095,4095,0,3.00781,0.00000
534F4C31,30711,281702773,6156,4095,4095,0,3.00586,0.00000
534F4C31,30711,281704791,6169,4095,4095,0,3.01221,0.00000
534F4C31,30711,281706970,6161,4095,4095,0,3.00830,0.00000
534F4C31,30711,281709086,6153,4095,4095,0,3.00439,0.00000
534F4C31,30712,281711131,6159,4095,4095,0,3.00732,0.00000
534F4C31,30713,281715263,6162,4095,4095,0,3.00879,0.00000
534F4C31,30714,281719815,6162,4095,4095,0,3.00879,0.00000
534F4C31,30714,281725686,6165,4095,4095,0,3.01025,0.00000
534F4C31,30714,281727974,6165,4095,4095,0,3.01025,0.00000
534F4C31,30715,281730081,6156,4095,4095,0,3.00586,0.00000
534F4C31,30715,281735597,6161,4095,4095,0,3.00830,0.00000
534F4C31,30715,281737750,6161,4095,4095,0,3.00830,0.00000
534F4C31,30716,281739765,6167,4095,4095,0,3.01123,0.00000
534F4C31,30717,281745398,6164,4095,4095,0,3.00977,0.00000
534F4C31,30717,281750564,6152,4095,4095,0,3.00391,0.00000
534F4C31,30717,281754805,6162,4095,4095,0,3.00879,0.00000
534F4C31,30717,281757435,6158,4095,4095,0,3.00684,0.00000
534F4C31,30717,281760417,6160,4095,4095,0,3.00781,0.00000
534F4C31,30717,281762617,6166,4095,4095,0,3.01074,0.00000
534F4C31,30717,281764742,6156,4095,4095,0,3.00586,0.00000
534F4C31,30717,281766727,6165,4095,4095,0,3.01025,0.00000
534F4C31,30717,281768792,6160,4095,4095,0,3.00781,0.00000
534F4C31,30717,281770957,6166,4095,4095,0,3.01074,0.00000
534F4C31,30718,281773459,6163,4095,4095,0,3.00928,0.00000
534F4C31,30719,281777521,6166,4095,4095,0,3.01074,0.00000
534F4C31,30720,281781355,6158,4095,4095,0,3.00684,0.00000
534F4C31,30721,281787544,6166,4095,4095,0,3.01074,0.00000
534F4C31,30721,281790973,6162,4095,4095,0,3.00879,0.00000
534F4C31,30721,281793829,6161,4095,4095,0,3.00830,0.00000
534F4C31,30722,281797902,6160,4095,4095,0,3.00781,0.00000
534F4C31,30722,281801556,6164,4095,4095,0,3.00977,0.00000
534F4C31,30722,281804351,6158,4095,4095,0,3.00684,0.00000
534F4C31,30723,281808148,6160,4095,4095,0,3.00781,0.00000
534F4C31,30724,281811539,6156,4095,4095,0,3.00586,0.00000
534F4C31,30724,281816018,6153,4095,4095,0,3.00439,0.00000
534F4C31,30724,281819981,6159,4095,4095,0,3.00732,0.00000
534F4C31,30724,281823013,6155,4095,4095,0,3.00537,0.00000
534F4C31,30724,281825216,6166,4095,4095,0,3.01074,0.00000
534F4C31,30724,281827194,6161,4095,4095,0,3.00830,0.00000
534F4C31,30724,281829243,6164,4095,4095,0,3.00977,0.00000
534F4C31,30724,281831390,6162,4095,4095,0,3.00879,0.00000
534F4C31,30724,281833535,6159,4095,4095,0,3.00732,0.00000
534F4C31,30724,281835597,6165,4095,4095,0,3.01025,0.00000
534F4C31,30725,281837591,6153,4095,4095,0,3.00439,0.00000
534F4C31,30726,281842232,6164,4095,4095,0,3.00977,0.00000
534F4C31,30727,281846344,6167,4095,4095,0,3.01123,0.00000
534F4C31,30727,281851061,6160,4095,4095,0,3.00781,0.00000
534F4C31,30727,281853915,6161,4095,4095,0,3.00830,0.00000
534F4C31,30727,281855946,6167,4095,4095,0,3.01123,0.00000
534F4C31,30727,281858903,6162,4095,4095,0,3.00879,0.00000
534F4C31,30728,281861257,6151,4095,4095,0,3.00342,0.00000
534F4C31,30729,281865499,6165,4095,4095,0,3.01025,0.00000
534F4C31,30729,281868028,6167,4095,4095,0,3.01123,0.00000
534F4C31,30729,281872023,6165,4095,4095,0,3.01025,0.00000
534F4C31,30729,281876016,6162,4095,4095,0,3.00879,0.00000
534F4C31,30729,281878957,6164,4095,4095,0,3.00977,0.00000
534F4C31,30730,281881499,6157,4095,4095,0,3.00635,0.00000
534F4C31,30730,281885945,6154,4095,4095,0,3.00488,0.00000
534F4C31,30730,281889218,6153,4095,4095,0,3.00439,0.00000
534F4C31,30730,281891905,6153,4095,4095,0,3.00439,0.00000
534F4C31,30730,281894621,6166,4095,4095,0,3.01074,0.00000
534F4C31,30730,281896848,6159,4095,4095,0,3.00732,0.00000
534F4C31,30730,281898882,6162,4095,4095,0,3.00879,0.00000
534F4C31,30730,281901012,6159,4095,4095,0,3.00732,0.00000
534F4C31,30731,281903089,6156,4095,4095,0,3.00586,0.00000
534F4C31,30732,281907038,6160,4095,4095,0,3.00781,0.00000
534F4C31,30733,281910902,6160,4095,4095,0,3.00781,0.00000
534F4C31,30734,281917167,6158,4095,4095,0,3.00684,0.00000
534F4C31,30734,281920770,6152,4095,4095,0,3.00391,0.00000
534F4C31,30734,281923136,6159,4095,4095,0,3.00732,0.00000
534F4C31,30735,281927133,6165,4095,4095,0,3.01025,0.00000
534F4C31,30735,281931412,6153,4095,4095,0,3.00439,0.00000
534F4C31,30735,281934044,6165,4095,4095,0,3.01025,0.00000
534F4C31,30736,281938575,6168,4095,4095,0,3.01172,0.00000
534F4C31,30736,281942473,6168,4095,4095,0,3.01172,0.00000
534F4C31,30736,281945312,6159,4095,4095,0,3.00732,0.00000
534F4C31,30737,281948682,6158,4095,4095,0,3.00684,0.00000
534F4C31,30737,281952781,6162,4095,4095,0,3.00879,0.00000
534F4C31,30737,281955702,6163,4095,4095,0,3.00928,0.00000
534F4C31,30737,281960084,6162,4095,4095,0,3.00879,0.00000
534F4C31,30737,281963090,6153,4095,4095,0,3.00439,0.00000
534F4C31,30737,281965130,6162,4095,4095,0,3.00879,0.00000
534F4C31,30737,281967145,6161,4095,4095,0,3.00830,0.00000
534F4C31,30738,281970226,6158,4095,4095,0,3.00684,0.00000
534F4C31,30739,281974412,6167,4095,4095,0,3.01123,0.00000
534F4C31,30739,281978743,6154,4095,4095,0,3.00488,0.00000
534F4C31,30739,281984253,6158,4095,4095,0,3.00684,0.00000
534F4C31,30739,281987045,6158,4095,4095,0,3.00684,0.00000
534F4C31,30739,281989515,6155,4095,4095,0,3.00537,0.00000
534F4C31,30740,281992576,6157,4095,4095,0,3.00635,0.00000
534F4C31,30740,281997175,6161,4095,4095,0,3.00830,0.00000
534F4C31,30740,281999385,6162,4095,4095,0,3.00879,0.00000
534F4C31,30741,282001413,6161,4095,4095,0,3.00830,0.00000
534F4C31,30741,282006655,6153,4095,4095,0,3.00439,0.00000
534F4C31,30742,282009512,6155,4095,4095,0,3.00537,0.00000
534F4C31,30742,282015134,6149,4095,4095,0,3.00244,0.00000
534F4C31,30742,282017264,6161,4095,4095,0,3.00830,0.00000
534F4C31,30743,282019914,6167,4095,4095,0,3.01123,0.00000
534F4C31,30743,282025413,6159,4095,4095,0,3.00732,0.00000
534F4C31,30743,282027583,6156,4095,4095,0,3.00586,0.00000
534F4C31,30744,282030369,6162,4095,4095,0,3.00879,0.00000
534F4C31,30744,282034946,6158,4095,4095,0,3.00684,0.00000
534F4C31,30745,282037107,6159,4095,4095,0,3.00732,0.00000
534F4C31,30745,282040383,6157,4095,4095,0,3.00635,0.00000
534F4C31,30745,282045200,6165,4095,4095,0,3.01025,0.00000
534F4C31,30745,282047234,6157,4095,4095,0,3.00635,0.00000
534F4C31,30745,282050321,6162,4095,4095,0,3.00879,0.00000
534F4C31,30745,282052548,6161,4095,4095,0,3.00830,0.00000
534F4C31,30745,282054670,6158,4095,4095,0,3.00684,0.00000
534F4C31,30745,282056660,6161,4095,4095,0,3.00830,0.00000
534F4C31,30745,282058716,6152,4095,4095,0,3.00391,0.00000
534F4C31,30745,282060873,6160,4095,4095,0,3.00781,0.00000
534F4C31,30745,282062983,6156,4095,4095,0,3.00586,0.00000
534F4C31,30745,282065047,6160,4095,4095,0,3.00781,0.00000
534F4C31,30746,282067099,6156,4095,4095,0,3.00586,0.00000
534F4C31,30747,282071582,6166,4095,4095,0,3.01074,0.00000
534F4C31,30748,282075184,6156,4095,4095,0,3.00586,0.00000
534F4C31,30749,282082214,6158,4095,4095,0,3.00684,0.00000
534F4C31,30749,282085877,6162,4095,4095,0,3.00879,0.00000
534F4C31,30749,282088040,6161,4095,4095,0,3.00830,0.00000
534F4C31,30750,282092888,6156,4095,4095,0,3.00586,0.00000
534F4C31,30750,282096182,6163,4095,4095,0,3.00928,0.00000
534F4C31,30750,282098353,6159,4095,4095,0,3.00732,0.00000
534F4C31,30751,282101763,6166,4095,4095,0,3.01074,0.00000
534F4C31,30751,282105246,6164,4095,4095,0,3.00977,0.00000
534F4C31,30751,282107994,6161,4095,4095,0,3.00830,0.00000
534F4C31,30752,282110856,6158,4095,4095,0,3.00684,0.00000
534F4C31,30753,282115461,6158,4095,4095,0,3.00684,0.00000
534F4C31,30754,282119164,6153,4095,4095,0,3.00439,0.00000
534F4C31,30754,282125778,6160,4095,4095,0,3.00781,0.00000
534F4C31,30754,282128704,6164,4095,4095,0,3.00977,0.00000
534F4C31,30755,282130906,6157,4095,4095,0,3.00635,0.00000
534F4C31,30755,282135850,6162,4095,4095,0,3.00879,0.00000
534F4C31,30755,282138685,6155,4095,4095,0,3.00537,0.00000
534F4C31,30756,282140728,6157,4095,4095,0,3.00635,0.00000
534F4C31,30756,282144587,6169,4095,4095,0,3.01221,0.00000
534F4C31,30756,282148533,6154,4095,4095,0,3.00488,0.00000
534F4C31,30756,282151135,6163,4095,4095,0,3.00928,0.00000
534F4C31,30756,282154066,6158,4095,4095,0,3.00684,0.00000
534F4C31,30757,282156220,6154,4095,4095,0,3.00488,0.00000
534F4C31,30757,282161258,6158,4095,4095,0,3.00684,0.00000
534F4C31,30757,282163446,6153,4095,4095,0,3.00439,0.00000
534F4C31,30757,282165413,6159,4095,4095,0,3.00732,0.00000
534F4C31,30757,282168400,6154,4095,4095,0,3.00488,0.00000
534F4C31,30757,282170575,6165,4095,4095,0,3.01025,0.00000
534F4C31,30757,282172578,6153,4095,4095,0,3.00439,0.00000
534F4C31,30757,282174600,6162,4095,4095,0,3.00879,0.00000
534F4C31,30757,282176642,6157,4095,4095,0,3.00635,0.00000
534F4C31,30757,282178709,6166,4095,4095,0,3.01074,0.00000
534F4C31,30757,282180798,6156,4095,4095,0,3.00586,0.00000
534F4C31,30757,282183415,6153,4095,4095,0,3.00439,0.00000
534F4C31,30757,282185546,6164,4095,4095,0,3.00977,0.00000
534F4C31,30758,282187632,6159,4095,4095,0,3.00732,0.00000
534F4C31,30759,282191171,6165,4095,4095,0,3.01025,0.00000
534F4C31,30760,282195689,6157,4095,4095,0,3.00635,0.00000
534F4C31,30761,282201776,6160,4095,4095,0,3.00781,0.00000
534F4C31,30761,282205914,6161,4095,4095,0,3.00830,0.00000
534F4C31,30761,282208226,6162,4095,4095,0,3.00879,0.00000
534F4C31,30762,282212333,6152,4095,4095,0,3.00391,0.00000
534F4C31,30762,282217199,6162,4095,4095,0,3.00879,0.00000
534F4C31,30762,282219503,6156,4095,4095,0,3.00586,0.00000
534F4C31,30763,282223650,6156,4095,4095,0,3.00586,0.00000
534F4C31,30763,282226848,6154,4095,4095,0,3.00488,0.00000
534F4C31,30763,282229670,6156,4095,4095,0,3.00586,0.00000
534F4C31,30764,282233561,6167,4095,4095,0,3.01123,0.00000
534F4C31,30765,282238685,6155,4095,4095,0,3.00537,0.00000
534F4C31,30766,282243901,6157,4095,4095,0,3.00635,0.00000
534F4C31,30766,282248497,6163,4095,4095,0,3.00928,0.00000
534F4C31,30766,282250588,6163,4095,4095,0,3.00928,0.00000
534F4C31,30766,282254138,6156,4095,4095,0,3.00586,0.00000
534F4C31,30766,282256365,6170,4095,4095,0,3.01270,0.00000
534F4C31,30766,282258358,6161,4095,4095,0,3.00830,0.00000
534F4C31,30766,282260519,6157,4095,4095,0,3.00635,0.00000
534F4C31,30767,282262738,6162,4095,4095,0,3.00879,0.00000
534F4C31,30767,282267400,6157,4095,4095,0,3.00635,0.00000
534F4C31,30767,282269665,6158,4095,4095,0,3.00684,0.00000
534F4C31,30767,282272331,6161,4095,4095,0,3.00830,0.00000
534F4C31,30768,282274754,6164,4095,4095,0,3.00977,0.00000
534F4C31,30769,282279261,6167,4095,4095,0,3.01123,0.00000
534F4C31,30769,282282219,6156,4095,4095,0,3.00586,0.00000
534F4C31,30769,282287241,6164,4095,4095,0,3.00977,0.00000
534F4C31,30769,282289975,6156,4095,4095,0,3.00586,0.00000
534F4C31,30769,282292135,6153,4095,4095,0,3.00439,0.00000
534F4C31,30769,282294840,6159,4095,4095,0,3.00732,0.00000
534F4C31,30769,282297188,6157,4095,4095,0,3.00635,0.00000
534F4C31,30770,282299212,6150,4095,4095,0,3.00293,0.00000
534F4C31,30771,282303561,6162,4095,4095,0,3.00879,0.00000
534F4C31,30772,282306869,6164,4095,4095,0,3.00977,0.00000
534F4C31,30773,282312304,6161,4095,4095,0,3.00830,0.00000
534F4C31,30773,282316484,6153,4095,4095,0,3.00439,0.00000
534F4C31,30773,282320812,6158,4095,4095,0,3.00684,0.00000
534F4C31,30774,282323712,6155,4095,4095,0,3.00537,0.00000
534F4C31,30774,282327490,6163,4095,4095,0,3.00928,0.00000
534F4C31,30774,282330709,6160,4095,4095,0,3.00781,0.00000
534F4C31,30774,282332655,6161,4095,4095,0,3.00830,0.00000
534F4C31,30774,282336241,6154,4095,4095,0,3.00488,0.00000
534F4C31,30774,282338583,6156,4095,4095,0,3.00586,0.00000
534F4C31,30774,282340650,6162,4095,4095,0,3.00879,0.00000
534F4C31,30774,282342725,6158,4095,4095,0,3.00684,0.00000
534F4C31,30774,282344796,6168,4095,4095,0,3.01172,0.00000
534F4C31,30774,282346977,6154,4095,4095,0,3.00488,0.00000
534F4C31,30774,282348980,6164,4095,4095,0,3.00977,0.00000
534F4C31,30774,282350983,6161,4095,4095,0,3.00830,0.00000
534F4C31,30774,282353043,6163,4095,4095,0,3.00928,0.00000
534F4C31,30774,282355171,6160,4095,4095,0,3.00781,0.00000
534F4C31,30774,282357096,6166,4095,4095,0,3.01074,0.00000
534F4C31,30775,282359005,6159,4095,4095,0,3.00732,0.00000
534F4C31,30776,282362935,6164,4095,4095,0,3.00977,0.00000
534F4C31,30777,282366363,6157,4095,4095,0,3.00635,0.00000
534F4C31,30778,282370069,6167,4095,4095,0,3.01123,0.00000
534F4C31,30778,282376598,6154,4095,4095,0,3.00488,0.00000
534F4C31,30778,282379715,6160,4095,4095,0,3.00781,0.00000
534F4C31,30779,282382727,6157,4095,4095,0,3.00635,0.00000
534F4C31,30779,282387707,6150,4095,4095,0,3.00293,0.00000
534F4C31,30780,282391485,6159,4095,4095,0,3.00732,0.00000
534F4C31,30781,282393826,6157,4095,4095,0,3.00635,0.00000
534F4C31,30782,282400841,6153,4095,4095,0,3.00439,0.00000
534F4C31,30783,282404917,6165,4095,4095,0,3.01025,0.00000
534F4C31,30783,282410782,6161,4095,4095,0,3.00830,0.00000
534F4C31,30783,282413054,6157,4095,4095,0,3.00635,0.00000
534F4C31,30784,282416345,6156,4095,4095,0,3.00586,0.00000
534F4C31,30785,282420887,6153,4095,4095,0,3.00439,0.00000
534F4C31,30785,282426335,6164,4095,4095,0,3.00977,0.00000
534F4C31,30785,282428509,6156,4095,4095,0,3.00586,0.00000
534F4C31,30786,282431903,6163,4095,4095,0,3.00928,0.00000
534F4C31,30786,282436710,6163,4095,4095,0,3.00928,0.00000
534F4C31,30786,282438986,6166,4095,4095,0,3.01074,0.00000
534F4C31,30786,282441795,6162,4095,4095,0,3.00879,0.00000
534F4C31,30786,282444120,6159,4095,4095,0,3.00732,0.00000
534F4C31,30786,282446169,6168,4095,4095,0,3.01172,0.00000
534F4C31,30786,282448423,6161,4095,4095,0,3.00830,0.00000
534F4C31,30786,282450463,6170,4095,4095,0,3.01270,0.00000
534F4C31,30786,282452574,6163,4095,4095,0,3.00928,0.00000
534F4C31,30786,282454689,6155,4095,4095,0,3.00537,0.00000
534F4C31,30786,282456806,6164,4095,4095,0,3.00977,0.00000
534F4C31,30786,282458862,6155,4095,4095,0,3.00537,0.00000
534F4C31,30786,282460879,6163,4095,4095,0,3.00928,0.00000
534F4C31,30786,282462915,6157,4095,4095,0,3.00635,0.00000
534F4C31,30786,282464981,6167,4095,4095,0,3.01123,0.00000
534F4C31,30786,282467194,6158,4095,4095,0,3.00684,0.00000
534F4C31,30787,282469280,6161,4095,4095,0,3.00830,0.00000
534F4C31,30787,282473609,6161,4095,4095,0,3.00830,0.00000
534F4C31,30787,282476679,6161,4095,4095,0,3.00830,0.00000
534F4C31,30788,282479716,6153,4095,4095,0,3.00439,0.00000
534F4C31,30788,282483795,6155,4095,4095,0,3.00537,0.00000
534F4C31,30788,282486887,6151,4095,4095,0,3.00342,0.00000
534F4C31,30789,282491044,6150,4095,4095,0,3.00293,0.00000
534F4C31,30789,282496384,6155,4095,4095,0,3.00537,0.00000
534F4C31,30789,282498647,6151,4095,4095,0,3.00342,0.00000
534F4C31,30790,282501547,6161,4095,4095,0,3.00830,0.00000
534F4C31,30790,282506246,6161,4095,4095,0,3.00830,0.00000
534F4C31,30790,282508579,6164,4095,4095,0,3.00977,0.00000
534F4C31,30790,282510516,6154,4095,4095,0,3.00488,0.00000
534F4C31,30791,282513420,6161,4095,4095,0,3.00830,0.00000
534F4C31,30791,282518043,6160,4095,4095,0,3.00781,0.00000
534F4C31,30791,282520257,6167,4095,4095,0,3.01123,0.00000
534F4C31,30792,282523209,6159,4095,4095,0,3.00732,0.00000
534F4C31,30792,282526594,6152,4095,4095,0,3.00391,0.00000
534F4C31,30792,282530776,6164,4095,4095,0,3.00977,0.00000
534F4C31,30792,282533346,6157,4095,4095,0,3.00635,0.00000
534F4C31,30793,282536455,6161,4095,4095,0,3.00830,0.00000
534F4C31,30794,282540800,6152,4095,4095,0,3.00391,0.00000
534F4C31,30794,282544019,6168,4095,4095,0,3.01172,0.00000
534F4C31,30794,282548567,6162,4095,4095,0,3.00879,0.00000
534F4C31,30794,282551185,6166,4095,4095,0,3.01074,0.00000
534F4C31,30794,282553418,6162,4095,4095,0,3.00879,0.00000
534F4C31,30795,282556209,6162,4095,4095,0,3.00879,0.00000
534F4C31,30795,282560740,6166,4095,4095,0,3.01074,0.00000
534F4C31,30795,282563070,6166,4095,4095,0,3.01074,0.00000
534F4C31,30796,282565209,6158,4095,4095,0,3.00684,0.00000
534F4C31,30796,282569473,6156,4095,4095,0,3.00586,0.00000
534F4C31,30796,282572352,6157,4095,4095,0,3.00635,0.00000
534F4C31,30797,282576080,6155,4095,4095,0,3.00537,0.00000
534F4C31,30797,282579785,6166,4095,4095,0,3.01074,0.00000
534F4C31,30797,282583976,6154,4095,4095,0,3.00488,0.00000
534F4C31,30797,282586272,6165,4095,4095,0,3.01025,0.00000
534F4C31,30798,282589134,6159,4095,4095,0,3.00732,0.00000
534F4C31,30799,282593920,6159,4095,4095,0,3.00732,0.00000
534F4C31,30800,282597553,6163,4095,4095,0,3.00928,0.00000
534F4C31,30800,282602156,6157,4095,4095,0,3.00635,0.00000
534F4C31,30800,282605934,6161,4095,4095,0,3.00830,0.00000
534F4C31,30800,282608778,6162,4095,4095,0,3.00879,0.00000
534F4C31,30800,282611050,6157,4095,4095,0,3.00635,0.00000
534F4C31,30801,282614081,6163,4095,4095,0,3.00928,0.00000
534F4C31,30802,282617630,6163,4095,4095,0,3.00928,0.00000
534F4C31,30803,282621410,6161,4095,4095,0,3.00830,0.00000
534F4C31,30803,282625647,6156,4095,4095,0,3.00586,0.00000
534F4C31,30804,282627766,6163,4095,4095,0,3.00928,0.00000
534F4C31,30804,282631337,6150,4095,4095,0,3.00293,0.00000
534F4C31,30805,282635283,6163,4095,4095,0,3.00928,0.00000
534F4C31,30805,282639271,6159,4095,4095,0,3.00732,0.00000
534F4C31,30805,282643650,6166,4095,4095,0,3.01074,0.00000
534F4C31,30805,282646254,6161,4095,4095,0,3.00830,0.00000
534F4C31,30805,282648946,6151,4095,4095,0,3.00342,0.00000
534F4C31,30805,282651137,6162,4095,4095,0,3.00879,0.00000
534F4C31,30805,282653928,6154,4095,4095,0,3.00488,0.00000
534F4C31,30805,282656171,6165,4095,4095,0,3.01025,0.00000
534F4C31,30805,282658297,6160,4095,4095,0,3.00781,0.00000
534F4C31,30805,282660447,6158,4095,4095,0,3.00684,0.00000
534F4C31,30805,282662440,6165,4095,4095,0,3.01025,0.00000
534F4C31,30805,282664503,6150,4095,4095,0,3.00293,0.00000
534F4C31,30805,282666577,6160,4095,4095,0,3.00781,0.00000
534F4C31,30805,282668688,6155,4095,4095,0,3.00537,0.00000
534F4C31,30806,282670815,6157,4095,4095,0,3.00635,0.00000
534F4C31,30807,282674131,6153,4095,4095,0,3.00439,0.00000
534F4C31,30808,282678870,6160,4095,4095,0,3.00781,0.00000
534F4C31,30809,282682683,6162,4095,4095,0,3.00879,0.00000
534F4C31,30810,282686847,6164,4095,4095,0,3.00977,0.00000
534F4C31,30810,282691979,6157,4095,4095,0,3.00635,0.00000
534F4C31,30810,282695529,6160,4095,4095,0,3.00781,0.00000
534F4C31,30811,282698150,6159,4095,4095,0,3.00732,0.00000
534F4C31,30811,282702641,6163,4095,4095,0,3.00928,0.00000
534F4C31,30811,282704982,6160,4095,4095,0,3.00781,0.00000
534F4C31,30812,282708023,6157,4095,4095,0,3.00635,0.00000
534F4C31,30812,282711125,6164,4095,4095,0,3.00977,0.00000
534F4C31,30812,282714356,6167,4095,4095,0,3.01123,0.00000
534F4C31,30812,282716490,6162,4095,4095,0,3.00879,0.00000
534F4C31,30812,282719345,6153,4095,4095,0,3.00439,0.00000
534F4C31,30812,282721811,6167,4095,4095,0,3.01123,0.00000
534F4C31,30812,282723885,6158,4095,4095,0,3.00684,0.00000
534F4C31,30812,282726051,6169,4095,4095,0,3.01221,0.00000
534F4C31,30812,282728106,6162,4095,4095,0,3.00879,0.00000
534F4C31,30812,282730268,6157,4095,4095,0,3.00635,0.00000
534F4C31,30813,282732393,6162,4095,4095,0,3.00879,0.00000
534F4C31,30814,282736576,6155,4095,4095,0,3.00537,0.00000
534F4C31,30814,282740163,6160,4095,4095,0,3.00781,0.00000
534F4C31,30814,282743281,6156,4095,4095,0,3.00586,0.00000
534F4C31,30814,282747067,6158,4095,4095,0,3.00684,0.00000
534F4C31,30814,282750608,6160,4095,4095,0,3.00781,0.00000
534F4C31,30815,282752800,6162,4095,4095,0,3.00879,0.00000
534F4C31,30816,282756525,6152,4095,4095,0,3.00391,0.00000
534F4C31,30817,282760668,6160,4095,4095,0,3.00781,0.00000
534F4C31,30817,282764686,6159,4095,4095,0,3.00732,0.00000
534F4C31,30817,282769705,6163,4095,4095,0,3.00928,0.00000
534F4C31,30817,282772523,6164,4095,4095,0,3.00977,0.00000
534F4C31,30817,282774643,6161,4095,4095,0,3.00830,0.00000
534F4C31,30818,282778243,6156,4095,4095,0,3.00586,0.00000
534F4C31,30819,282782630,6159,4095,4095,0,3.00732,0.00000
534F4C31,30820,282786722,6166,4095,4095,0,3.01074,0.00000
534F4C31,30820,282792188,6154,4095,4095,0,3.00488,0.00000
534F4C31,30820,282795348,6159,4095,4095,0,3.00732,0.00000
534F4C31,30821,282799447,6159,4095,4095,0,3.00732,0.00000
534F4C31,30821,282803071,6153,4095,4095,0,3.00439,0.00000
534F4C31,30821,282806244,6153,4095,4095,0,3.00439,0.00000
534F4C31,30821,282809124,6163,4095,4095,0,3.00928,0.00000
534F4C31,30822,282811736,6161,4095,4095,0,3.00830,0.00000
534F4C31,30823,282815650,6163,4095,4095,0,3.00928,0.00000
534F4C31,30823,282820892,6160,4095,4095,0,3.00781,0.00000
534F4C31,30823,282824034,6169,4095,4095,0,3.01221,0.00000
534F4C31,30823,282826139,6162,4095,4095,0,3.00879,0.00000
534F4C31,30823,282829164,6154,4095,4095,0,3.00488,0.00000
534F4C31,30823,282831455,6158,4095,4095,0,3.00684,0.00000
534F4C31,30823,282833527,6166,4095,4095,0,3.01074,0.00000
534F4C31,30823,282835673,6160,4095,4095,0,3.00781,0.00000
534F4C31,30823,282837769,6163,4095,4095,0,3.00928,0.00000
534F4C31,30823,282839876,6151,4095,4095,0,3.00342,0.00000
534F4C31,30823,282841891,6157,4095,4095,0,3.00635,0.00000
534F4C31,30823,282844023,6159,4095,4095,0,3.00732,0.00000
534F4C31,30824,282846135,6165,4095,4095,0,3.01025,0.00000
534F4C31,30825,282850520,6157,4095,4095,0,3.00635,0.00000
534F4C31,30826,282854318,6158,4095,4095,0,3.00684,0.00000
534F4C31,30827,282860344,6168,4095,4095,0,3.01172,0.00000
534F4C31,30827,282864986,6157,4095,4095,0,3.00635,0.00000
534F4C31,30827,282867102,6159,4095,4095,0,3.00732,0.00000
534F4C31,30827,282869774,6162,4095,4095,0,3.00879,0.00000
534F4C31,30827,282873774,6168,4095,4095,0,3.01172,0.00000
534F4C31,30827,282875843,6154,4095,4095,0,3.00488,0.00000
534F4C31,30827,282877894,6152,4095,4095,0,3.00391,0.00000
534F4C31,30828,282880667,6162,4095,4095,0,3.00879,0.00000
534F4C31,30829,282884845,6154,4095,4095,0,3.00488,0.00000
534F4C31,30830,282888165,6160,4095,4095,0,3.00781,0.00000
534F4C31,30830,282891674,6161,4095,4095,0,3.00830,0.00000
534F4C31,30830,282896342,6156,4095,4095,0,3.00586,0.00000
534F4C31,30831,282899547,6157,4095,4095,0,3.00635,0.00000
534F4C31,30832,282904009,6154,4095,4095,0,3.00488,0.00000
534F4C31,30832,282909648,6160,4095,4095,0,3.00781,0.00000
534F4C31,30832,282912557,6161,4095,4095,0,3.00830,0.00000
534F4C31,30833,282914892,6160,4095,4095,0,3.00781,0.00000
534F4C31,30833,282920544,6157,4095,4095,0,3.00635,0.00000
534F4C31,30833,282923312,6156,4095,4095,0,3.00586,0.00000
534F4C31,30833,282926404,6159,4095,4095,0,3.00732,0.00000
534F4C31,30833,282928513,6155,4095,4095,0,3.00537,0.00000
534F4C31,30834,282931232,6163,4095,4095,0,3.00928,0.00000
534F4C31,30835,282935836,6160,4095,4095,0,3.00781,0.00000
534F4C31,30836,282941293,6168,4095,4095,0,3.01172,0.00000
534F4C31,30836,282945938,6165,4095,4095,0,3.01025,0.00000
534F4C31,30836,282948138,6155,4095,4095,0,3.00537,0.00000
534F4C31,30836,282950975,6167,4095,4095,0,3.01123,0.00000
534F4C31,30836,282953784,6166,4095,4095,0,3.01074,0.00000
534F4C31,30836,282955899,6152,4095,4095,0,3.00391,0.00000
534F4C31,30836,282958052,6163,4095,4095,0,3.00928,0.00000
534F4C31,30836,282960070,6158,4095,4095,0,3.00684,0.00000
534F4C31,30836,282962140,6159,4095,4095,0,3.00732,0.00000
534F4C31,30836,282964213,6155,4095,4095,0,3.00537,0.00000
534F4C31,30836,282966376,6162,4095,4095,0,3.00879,0.00000
534F4C31,30837,282968491,6159,4095,4095,0,3.00732,0.00000
534F4C31,30837,282972090,6166,4095,4095,0,3.01074,0.00000
534F4C31,30837,282974641,6169,4095,4095,0,3.01221,0.00000
534F4C31,30837,282976698,6157,4095,4095,0,3.00635,0.00000
534F4C31,30838,282979597,6154,4095,4095,0,3.00488,0.00000
534F4C31,30838,282984981,6155,4095,4095,0,3.00537,0.00000
534F4C31,30838,282988003,6160,4095,4095,0,3.00781,0.00000
534F4C31,30838,282990160,6163,4095,4095,0,3.00928,0.00000
534F4C31,30838,282992809,6157,4095,4095,0,3.00635,0.00000
534F4C31,30839,282995303,6154,4095,4095,0,3.00488,0.00000
534F4C31,30840,283000028,6167,4095,4095,0,3.01123,0.00000
534F4C31,30840,283006276,6160,4095,4095,0,3.00781,0.00000
534F4C31,30840,283008951,6163,4095,4095,0,3.00928,0.00000
534F4C31,30840,283011862,6153,4095,4095,0,3.00439,0.00000
534F4C31,30840,283014664,6149,4095,4095,0,3.00244,0.00000
534F4C31,30840,283016868,6164,4095,4095,0,3.00977,0.00000
534F4C31,30840,283019001,6159,4095,4095,0,3.00732,0.00000
534F4C31,30840,283020915,6165,4095,4095,0,3.01025,0.00000
534F4C31,30841,283022799,6156,4095,4095,0,3.00586,0.00000
534F4C31,30842,283026959,6166,4095,4095,0,3.01074,0.00000
534F4C31,30843,283029854,6155,4095,4095,0,3.00537,0.00000
534F4C31,30844,283036671,6168,4095,4095,0,3.01172,0.00000
534F4C31,30844,283041123,6159,4095,4095,0,3.00732,0.00000
534F4C31,30844,283045191,6162,4095,4095,0,3.00879,0.00000
534F4C31,30845,283048285,6165,4095,4095,0,3.01025,0.00000
534F4C31,30845,283053334,6161,4095,4095,0,3.00830,0.00000
534F4C31,30845,283056067,6164,4095,4095,0,3.00977,0.00000
534F4C31,30846,283058240,6158,4095,4095,0,3.00684,0.00000
534F4C31,30847,283062950,6154,4095,4095,0,3.00488,0.00000
534F4C31,30848,283066716,6155,4095,4095,0,3.00537,0.00000
534F4C31,30849,283069857,6155,4095,4095,0,3.00537,0.00000
534F4C31,30849,283075857,6161,4095,4095,0,3.00830,0.00000
534F4C31,30849,283079101,6161,4095,4095,0,3.00830,0.00000
534F4C31,30849,283081236,6159,4095,4095,0,3.00732,0.00000
534F4C31,30849,283084178,6151,4095,4095,0,3.00342,0.00000
534F4C31,30850,283086328,6159,4095,4095,0,3.00732,0.00000
534F4C31,30850,283090680,6155,4095,4095,0,3.00537,0.00000
534F4C31,30850,283092954,6163,4095,4095,0,3.00928,0.00000
534F4C31,30850,283095035,6167,4095,4095,0,3.01123,0.00000
534F4C31,30850,283097869,6160,4095,4095,0,3.00781,0.00000
534F4C31,30850,283100231,6161,4095,4095,0,3.00830,0.00000
534F4C31,30850,283102311,6164,4095,4095,0,3.00977,0.00000
534F4C31,30850,283104795,6160,4095,4095,0,3.00781,0.00000
534F4C31,30850,283106985,6161,4095,4095,0,3.00830,0.00000
534F4C31,30850,283109107,6164,4095,4095,0,3.00977,0.00000
534F4C31,30850,283111204,6158,4095,4095,0,3.00684,0.00000
534F4C31,30850,283113395,6165,4095,4095,0,3.01025,0.00000
534F4C31,30851,283115486,6157,4095,4095,0,3.00635,0.00000
534F4C31,30851,283119691,6164,4095,4095,0,3.00977,0.00000
534F4C31,30851,283121870,6167,4095,4095,0,3.01123,0.00000
534F4C31,30851,283123618,6161,4095,4095,0,3.00830,0.00000
534F4C31,30851,283126563,6168,4095,4095,0,3.01172,0.00000
534F4C31,30851,283128841,6162,4095,4095,0,3.00879,0.00000
534F4C31,30851,283130830,6156,4095,4095,0,3.00586,0.00000
534F4C31,30851,283132889,6156,4095,4095,0,3.00586,0.00000
534F4C31,30851,283135039,6158,4095,4095,0,3.00684,0.00000
534F4C31,30852,283137221,6165,4095,4095,0,3.01025,0.00000
534F4C31,30853,283141591,6163,4095,4095,0,3.00928,0.00000
534F4C31,30854,283146514,6162,4095,4095,0,3.00879,0.00000
534F4C31,30854,283151142,6155,4095,4095,0,3.00537,0.00000
534F4C31,30854,283154047,6159,4095,4095,0,3.00732,0.00000
534F4C31,30855,283156479,6158,4095,4095,0,3.00684,0.00000
534F4C31,30856,283160977,6159,4095,4095,0,3.00732,0.00000
534F4C31,30856,283164516,6157,4095,4095,0,3.00635,0.00000
534F4C31,30856,283167506,6160,4095,4095,0,3.00781,0.00000
534F4C31,30857,283171786,6161,4095,4095,0,3.00830,0.00000
534F4C31,30857,283175298,6156,4095,4095,0,3.00586,0.00000
534F4C31,30857,283179251,6160,4095,4095,0,3.00781,0.00000
534F4C31,30857,283182180,6155,4095,4095,0,3.00537,0.00000
534F4C31,30857,283184330,6168,4095,4095,0,3.01172,0.00000
534F4C31,30858,283187176,6163,4095,4095,0,3.00928,0.00000
534F4C31,30858,283191545,6153,4095,4095,0,3.00439,0.00000
534F4C31,30858,283193914,6157,4095,4095,0,3.00635,0.00000
534F4C31,30858,283196621,6156,4095,4095,0,3.00586,0.00000
534F4C31,30858,283199754,6160,4095,4095,0,3.00781,0.00000
534F4C31,30858,283202383,6159,4095,4095,0,3.00732,0.00000
534F4C31,30858,283204570,6156,4095,4095,0,3.00586,0.00000
534F4C31,30858,283207198,6161,4095,4095,0,3.00830,0.00000
534F4C31,30859,283209470,6156,4095,4095,0,3.00586,0.00000
534F4C31,30860,283213973,6147,4095,4095,0,3.00146,0.00000
534F4C31,30861,283217160,6162,4095,4095,0,3.00879,0.00000
534F4C31,30862,283222879,6153,4095,4095,0,3.00439,0.00000
534F4C31,30862,283227721,6166,4095,4095,0,3.01074,0.00000
534F4C31,30862,283231355,6167,4095,4095,0,3.01123,0.00000
534F4C31,30862,283233840,6159,4095,4095,0,3.00732,0.00000
534F4C31,30862,283236135,6150,4095,4095,0,3.00293,0.00000
534F4C31,30863,283239163,6154,4095,4095,0,3.00488,0.00000
534F4C31,30863,283243466,6158,4095,4095,0,3.00684,0.00000
534F4C31,30863,283245746,6164,4095,4095,0,3.00977,0.00000
534F4C31,30864,283248605,6162,4095,4095,0,3.00879,0.00000
534F4C31,30864,283253435,6162,4095,4095,0,3.00879,0.00000
534F4C31,30864,283255907,6155,4095,4095,0,3.00537,0.00000
534F4C31,30864,283257730,6165,4095,4095,0,3.01025,0.00000
534F4C31,30865,283260747,6159,4095,4095,0,3.00732,0.00000
534F4C31,30866,283265300,6155,4095,4095,0,3.00537,0.00000
534F4C31,30866,283268489,6159,4095,4095,0,3.00732,0.00000
534F4C31,30866,283272035,6161,4095,4095,0,3.00830,0.00000
534F4C31,30867,283275287,6154,4095,4095,0,3.00488,0.00000
534F4C31,30868,283279258,6151,4095,4095,0,3.00342,0.00000
534F4C31,30868,283284786,6150,4095,4095,0,3.00293,0.00000
534F4C31,30868,283287495,6161,4095,4095,0,3.00830,0.00000
534F4C31,30868,283289608,6155,4095,4095,0,3.00537,0.00000
534F4C31,30868,283294894,6163,4095,4095,0,3.00928,0.00000
534F4C31,30868,283297048,6164,4095,4095,0,3.00977,0.00000
534F4C31,30868,283299042,6160,4095,4095,0,3.00781,0.00000
534F4C31,30868,283301078,6170,4095,4095,0,3.01270,0.00000
534F4C31,30868,283303199,6162,4095,4095,0,3.00879,0.00000
534F4C31,30869,283305322,6152,4095,4095,0,3.00391,0.00000
534F4C31,30870,283310098,6162,4095,4095,0,3.00879,0.00000
534F4C31,30871,283314494,6157,4095,4095,0,3.00635,0.00000
534F4C31,30871,283319675,6152,4095,4095,0,3.00391,0.00000
534F4C31,30871,283322550,6159,4095,4095,0,3.00732,0.00000
534F4C31,30872,283324937,6158,4095,4095,0,3.00684,0.00000
534F4C31,30872,283329862,6169,4095,4095,0,3.01221,0.00000
534F4C31,30872,283332080,6165,4095,4095,0,3.01025,0.00000
534F4C31,30872,283334142,6161,4095,4095,0,3.00830,0.00000
534F4C31,30872,283337675,6156,4095,4095,0,3.00586,0.00000
534F4C31,30872,283339937,6165,4095,4095,0,3.01025,0.00000
534F4C31,30872,283342031,6159,4095,4095,0,3.00732,0.00000
534F4C31,30872,283344168,6156,4095,4095,0,3.00586,0.00000
534F4C31,30872,283346203,6162,4095,4095,0,3.00879,0.00000
534F4C31,30872,283348330,6157,4095,4095,0,3.00635,0.00000
534F4C31,30873,283350318,6161,4095,4095,0,3.00830,0.00000
534F4C31,30874,283354839,6158,4095,4095,0,3.00684,0.00000
534F4C31,30875,283358396,6161,4095,4095,0,3.00830,0.00000
534F4C31,30875,283363993,6159,4095,4095,0,3.00732,0.00000
534F4C31,30876,283366225,6161,4095,4095,0,3.00830,0.00000
534F4C31,30876,283370547,6167,4095,4095,0,3.01123,0.00000
534F4C31,30877,283373470,6151,4095,4095,0,3.00342,0.00000
534F4C31,30877,283378604,6162,4095,4095,0,3.00879,0.00000
534F4C31,30877,283380789,6159,4095,4095,0,3.00732,0.00000
534F4C31,30878,283383560,6158,4095,4095,0,3.00684,0.00000
534F4C31,30879,283387127,6165,4095,4095,0,3.01025,0.00000
534F4C31,30880,283391951,6164,4095,4095,0,3.00977,0.00000
534F4C31,30880,283396500,6156,4095,4095,0,3.00586,0.00000
534F4C31,30880,283399987,6155,4095,4095,0,3.00537,0.00000
534F4C31,30880,283402882,6158,4095,4095,0,3.00684,0.00000
534F4C31,30880,283405670,6162,4095,4095,0,3.00879,0.00000
534F4C31,30880,283408008,6162,4095,4095,0,3.00879,0.00000
534F4C31,30880,283409873,6152,4095,4095,0,3.00391,0.00000
534F4C31,30880,283412215,6157,4095,4095,0,3.00635,0.00000
534F4C31,30880,283414436,6157,4095,4095,0,3.00635,0.00000
534F4C31,30880,283416576,6165,4095,4095,0,3.01025,0.00000
534F4C31,30881,283418795,6155,4095,4095,0,3.00537,0.00000
534F4C31,30881,283423399,6151,4095,4095,0,3.00342,0.00000
534F4C31,30881,283425696,6159,4095,4095,0,3.00732,0.00000
534F4C31,30882,283427796,6163,4095,4095,0,3.00928,0.00000
534F4C31,30882,283431661,6163,4095,4095,0,3.00928,0.00000
534F4C31,30882,283435393,6158,4095,4095,0,3.00684,0.00000
534F4C31,30882,283437688,6161,4095,4095,0,3.00830,0.00000
534F4C31,30882,283439724,6162,4095,4095,0,3.00879,0.00000
534F4C31,30882,283441786,6153,4095,4095,0,3.00439,0.00000
534F4C31,30883,283444742,6163,4095,4095,0,3.00928,0.00000
534F4C31,30883,283449776,6154,4095,4095,0,3.00488,0.00000
534F4C31,30883,283452709,6164,4095,4095,0,3.00977,0.00000
534F4C31,30884,283454731,6164,4095,4095,0,3.00977,0.00000
534F4C31,30885,283460266,6152,4095,4095,0,3.00391,0.00000
534F4C31,30885,283465630,6166,4095,4095,0,3.01074,0.00000
534F4C31,30885,283467766,6166,4095,4095,0,3.01074,0.00000
534F4C31,30886,283472194,6163,4095,4095,0,3.00928,0.00000
534F4C31,30886,283475843,6161,4095,4095,0,3.00830,0.00000
534F4C31,30886,283478040,6161,4095,4095,0,3.00830,0.00000
534F4C31,30887,283482708,6158,4095,4095,0,3.00684,0.00000
534F4C31,30887,283486312,6160,4095,4095,0,3.00781,0.00000
534F4C31,30887,283490031,6154,4095,4095,0,3.00488,0.00000
534F4C31,30888,283492323,6156,4095,4095,0,3.00586,0.00000
534F4C31,30889,283497428,6162,4095,4095,0,3.00879,0.00000
534F4C31,30889,283501613,6156,4095,4095,0,3.00586,0.00000
534F4C31,30889,283506229,6159,4095,4095,0,3.00732,0.00000
534F4C31,30889,283509054,6160,4095,4095,0,3.00781,0.00000
534F4C31,30889,283511317,6157,4095,4095,0,3.00635,0.00000
534F4C31,30889,283514638,6160,4095,4095,0,3.00781,0.00000
534F4C31,30889,283518002,6159,4095,4095,0,3.00732,0.00000
534F4C31,30890,283520290,6162,4095,4095,0,3.00879,0.00000
534F4C31,30890,283524590,6168,4095,4095,0,3.01172,0.00000
534F4C31,30890,283528297,6151,4095,4095,0,3.00342,0.00000
534F4C31,30891,283530381,6159,4095,4095,0,3.00732,0.00000
534F4C31,30892,283534819,6156,4095,4095,0,3.00586,0.00000
534F4C31,30892,283540313,6150,4095,4095,0,3.00293,0.00000
534F4C31,30892,283542469,6157,4095,4095,0,3.00635,0.00000
534F4C31,30893,283545293,6161,4095,4095,0,3.00830,0.00000
534F4C31,30894,283549905,6161,4095,4095,0,3.00830,0.00000
534F4C31,30895,283553478,6160,4095,4095,0,3.00781,0.00000
534F4C31,30895,283557044,6166,4095,4095,0,3.01074,0.00000
534F4C31,30896,283560216,6152,4095,4095,0,3.00391,0.00000
534F4C31,30896,283565876,6167,4095,4095,0,3.01123,0.00000
534F4C31,30896,283569128,6168,4095,4095,0,3.01172,0.00000
534F4C31,30896,283573242,6164,4095,4095,0,3.00977,0.00000
534F4C31,30896,283575479,6158,4095,4095,0,3.00684,0.00000
534F4C31,30896,283577566,6156,4095,4095,0,3.00586,0.00000
534F4C31,30897,283580478,6168,4095,4095,0,3.01172,0.00000
534F4C31,30898,283584646,6162,4095,4095,0,3.00879,0.00000
534F4C31,30898,283588313,6162,4095,4095,0,3.00879,0.00000
534F4C31,30898,283591905,6163,4095,4095,0,3.00928,0.00000
534F4C31,30899,283595224,6161,4095,4095,0,3.00830,0.00000
534F4C31,30900,283598517,6159,4095,4095,0,3.00732,0.00000
534F4C31,30900,283604648,6160,4095,4095,0,3.00781,0.00000
534F4C31,30900,283607848,6159,4095,4095,0,3.00732,0.00000
534F4C31,30901,283610076,6158,4095,4095,0,3.00684,0.00000
534F4C31,30901,283614225,6158,4095,4095,0,3.00684,0.00000
534F4C31,30901,283617974,6159,4095,4095,0,3.00732,0.00000
534F4C31,30901,283621081,6156,4095,4095,0,3.00586,0.00000
534F4C31,30901,283623767,6167,4095,4095,0,3.01123,0.00000
534F4C31,30901,283625873,6160,4095,4095,0,3.00781,0.00000
534F4C31,30901,283627920,6158,4095,4095,0,3.00684,0.00000
534F4C31,30901,283630049,6160,4095,4095,0,3.00781,0.00000
534F4C31,30901,283632235,6162,4095,4095,0,3.00879,0.00000
534F4C31,30902,283634396,6165,4095,4095,0,3.01025,0.00000
534F4C31,30902,283637871,6160,4095,4095,0,3.00781,0.00000
534F4C31,30902,283641478,6163,4095,4095,0,3.00928,0.00000
534F4C31,30902,283643385,6153,4095,4095,0,3.00439,0.00000
534F4C31,30902,283646348,6163,4095,4095,0,3.00928,0.00000
534F4C31,30902,283648489,6159,4095,4095,0,3.00732,0.00000
534F4C31,30902,283650525,6154,4095,4095,0,3.00488,0.00000
534F4C31,30902,283652706,6163,4095,4095,0,3.00928,0.00000
534F4C31,30903,283654843,6151,4095,4095,0,3.00342,0.00000
534F4C31,30904,283658642,6162,4095,4095,0,3.00879,0.00000
534F4C31,30905,283662367,6165,4095,4095,0,3.01025,0.00000
534F4C31,30906,283667248,6160,4095,4095,0,3.00781,0.00000
534F4C31,30907,283672850,6159,4095,4095,0,3.00732,0.00000
534F4C31,30907,283677538,6154,4095,4095,0,3.00488,0.00000
534F4C31,30907,283680285,6158,4095,4095,0,3.00684,0.00000
534F4C31,30907,283682877,6159,4095,4095,0,3.00732,0.00000
534F4C31,30907,283685081,6163,4095,4095,0,3.00928,0.00000
534F4C31,30907,283688039,6159,4095,4095,0,3.00732,0.00000
534F4C31,30907,283690164,6151,4095,4095,0,3.00342,0.00000
534F4C31,30907,283692239,6162,4095,4095,0,3.00879,0.00000
534F4C31,30907,283694158,6153,4095,4095,0,3.00439,0.00000
534F4C31,30907,283696104,6162,4095,4095,0,3.00879,0.00000
534F4C31,30908,283698209,6156,4095,4095,0,3.00586,0.00000
534F4C31,30909,283701565,6161,4095,4095,0,3.00830,0.00000
534F4C31,30910,283704953,6158,4095,4095,0,3.00684,0.00000
534F4C31,30911,283709131,6157,4095,4095,0,3.00635,0.00000
534F4C31,30912,283712637,6161,4095,4095,0,3.00830,0.00000
534F4C31,30913,283719443,6170,4095,4095,0,3.01270,0.00000
534F4C31,30913,283722075,6155,4095,4095,0,3.00537,0.00000
534F4C31,30913,283725248,6153,4095,4095,0,3.00439,0.00000
534F4C31,30913,283728653,6164,4095,4095,0,3.00977,0.00000
534F4C31,30913,283732358,6156,4095,4095,0,3.00586,0.00000
534F4C31,30914,283734334,6159,4095,4095,0,3.00732,0.00000
534F4C31,30915,283739150,6156,4095,4095,0,3.00586,0.00000
534F4C31,30915,283743466,6162,4095,4095,0,3.00879,0.00000
534F4C31,30915,283746595,6164,4095,4095,0,3.00977,0.00000
534F4C31,30915,283748659,6150,4095,4095,0,3.00293,0.00000
534F4C31,30915,283753714,6167,4095,4095,0,3.01123,0.00000
534F4C31,30915,283755938,6157,4095,4095,0,3.00635,0.00000
534F4C31,30915,283758146,6163,4095,4095,0,3.00928,0.00000
534F4C31,30916,283761081,6159,4095,4095,0,3.00732,0.00000
534F4C31,30916,283764323,6167,4095,4095,0,3.01123,0.00000
534F4C31,30916,283767209,6163,4095,4095,0,3.00928,0.00000
534F4C31,30916,283770062,6165,4095,4095,0,3.01025,0.00000
534F4C31,30916,283772214,6159,4095,4095,0,3.00732,0.00000
534F4C31,30916,283774266,6165,4095,4095,0,3.01025,0.00000
534F4C31,30916,283776764,6158,4095,4095,0,3.00684,0.00000
534F4C31,30916,283779129,6158,4095,4095,0,3.00684,0.00000
534F4C31,30916,283782385,6166,4095,4095,0,3.01074,0.00000
534F4C31,30916,283784515,6161,4095,4095,0,3.00830,0.00000
534F4C31,30916,283786598,6154,4095,4095,0,3.00488,0.00000
534F4C31,30916,283789508,6163,4095,4095,0,3.00928,0.00000
534F4C31,30916,283791807,6158,4095,4095,0,3.00684,0.00000
534F4C31,30916,283793865,6165,4095,4095,0,3.01025,0.00000
534F4C31,30916,283796070,6162,4095,4095,0,3.00879,0.00000
534F4C31,30917,283798229,6158,4095,4095,0,3.00684,0.00000
534F4C31,30918,283801538,6158,4095,4095,0,3.00684,0.00000
534F4C31,30919,283805496,6157,4095,4095,0,3.00635,0.00000
534F4C31,30920,283809091,6158,4095,4095,0,3.00684,0.00000
534F4C31,30921,283814634,6159,4095,4095,0,3.00732,0.00000
534F4C31,30921,283819214,6153,4095,4095,0,3.00439,0.00000
534F4C31,30921,283824154,6165,4095,4095,0,3.01025,0.00000
534F4C31,30922,283826379,6155,4095,4095,0,3.00537,0.00000
534F4C31,30923,283831977,6156,4095,4095,0,3.00586,0.00000
534F4C31,30923,283836294,6158,4095,4095,0,3.00684,0.00000
534F4C31,30923,283838561,6158,4095,4095,0,3.00684,0.00000
534F4C31,30923,283840619,6165,4095,4095,0,3.01025,0.00000
534F4C31,30923,283844820,6161,4095,4095,0,3.00830,0.00000
534F4C31,30923,283847026,6162,4095,4095,0,3.00879,0.00000
534F4C31,30923,283849062,6159,4095,4095,0,3.00732,0.00000
534F4C31,30924,283852047,6167,4095,4095,0,3.01123,0.00000
534F4C31,30924,283855731,6160,4095,4095,0,3.00781,0.00000
534F4C31,30924,283858815,6163,4095,4095,0,3.00928,0.00000
534F4C31,30924,283861035,6154,4095,4095,0,3.00488,0.00000
534F4C31,30924,283863182,6163,4095,4095,0,3.00928,0.00000
534F4C31,30924,283865958,6149,4095,4095,0,3.00244,0.00000
534F4C31,30924,283868208,6154,4095,4095,0,3.00488,0.00000
534F4C31,30924,283870270,6157,4095,4095,0,3.00635,0.00000
534F4C31,30925,283872325,6157,4095,4095,0,3.00635,0.00000
534F4C31,30926,283876882,6160,4095,4095,0,3.00781,0.00000
534F4C31,30927,283880257,6154,4095,4095,0,3.00488,0.00000
534F4C31,30928,283887023,6154,4095,4095,0,3.00488,0.00000
534F4C31,30928,283891060,6160,4095,4095,0,3.00781,0.00000
534F4C31,30928,283894944,6161,4095,4095,0,3.00830,0.00000
534F4C31,30928,283897760,6160,4095,4095,0,3.00781,0.00000
534F4C31,30928,283900665,6149,4095,4095,0,3.00244,0.00000
534F4C31,30929,283902937,6167,4095,4095,0,3.01123,0.00000
534F4C31,30929,283906492,6157,4095,4095,0,3.00635,0.00000
534F4C31,30929,283909794,6159,4095,4095,0,3.00732,0.00000
534F4C31,30929,283911920,6161,4095,4095,0,3.00830,0.00000
534F4C31,30929,283914052,6163,4095,4095,0,3.00928,0.00000
534F4C31,30930,283917263,6156,4095,4095,0,3.00586,0.00000
534F4C31,30930,283921046,6155,4095,4095,0,3.00537,0.00000
534F4C31,30930,283924252,6150,4095,4095,0,3.00293,0.00000
534F4C31,30931,283926626,6158,4095,4095,0,3.00684,0.00000
534F4C31,30932,283930516,6157,4095,4095,0,3.00635,0.00000
534F4C31,30932,283935558,6150,4095,4095,0,3.00293,0.00000
534F4C31,30933,283939646,6157,4095,4095,0,3.00635,0.00000
534F4C31,30934,283942505,6152,4095,4095,0,3.00391,0.00000
534F4C31,30935,283946815,6162,4095,4095,0,3.00879,0.00000
534F4C31,30936,283952516,6159,4095,4095,0,3.00732,0.00000
534F4C31,30937,283957257,6158,4095,4095,0,3.00684,0.00000
534F4C31,30938,283963241,6154,4095,4095,0,3.00488,0.00000
534F4C31,30938,283967445,6161,4095,4095,0,3.00830,0.00000
534F4C31,30938,283970649,6160,4095,4095,0,3.00781,0.00000
534F4C31,30938,283972706,6161,4095,4095,0,3.00830,0.00000
534F4C31,30938,283974797,6151,4095,4095,0,3.00342,0.00000
534F4C31,30939,283977687,6159,4095,4095,0,3.00732,0.00000
534F4C31,30940,283981898,6161,4095,4095,0,3.00830,0.00000
534F4C31,30940,283985657,6155,4095,4095,0,3.00537,0.00000
534F4C31,30940,283990539,6157,4095,4095,0,3.00635,0.00000
534F4C31,30941,283993914,6162,4095,4095,0,3.00879,0.00000
534F4C31,30941,283998654,6158,4095,4095,0,3.00684,0.00000
534F4C31,30941,284000894,6152,4095,4095,0,3.00391,0.00000
534F4C31,30942,284003978,6163,4095,4095,0,3.00928,0.00000
534F4C31,30942,284007105,6159,4095,4095,0,3.00732,0.00000
534F4C31,30942,284010295,6161,4095,4095,0,3.00830,0.00000
534F4C31,30942,284012280,6153,4095,4095,0,3.00439,0.00000
534F4C31,30942,284015171,6163,4095,4095,0,3.00928,0.00000
534F4C31,30942,284018045,6153,4095,4095,0,3.00439,0.00000
534F4C31,30942,284020150,6155,4095,4095,0,3.00537,0.00000
534F4C31,30942,284022185,6164,4095,4095,0,3.00977,0.00000
534F4C31,30942,284024244,6157,4095,4095,0,3.00635,0.00000
534F4C31,30942,284026685,6166,4095,4095,0,3.01074,0.00000
534F4C31,30943,284029089,6161,4095,4095,0,3.00830,0.00000
534F4C31,30944,284033503,6161,4095,4095,0,3.00830,0.00000
534F4C31,30945,284036689,6154,4095,4095,0,3.00488,0.00000
534F4C31,30946,284042995,6155,4095,4095,0,3.00537,0.00000
534F4C31,30946,284046676,6163,4095,4095,0,3.00928,0.00000
534F4C31,30946,284051030,6161,4095,4095,0,3.00830,0.00000
534F4C31,30946,284054242,6164,4095,4095,0,3.00977,0.00000
534F4C31,30946,284056368,6159,4095,4095,0,3.00732,0.00000
534F4C31,30946,284058849,6158,4095,4095,0,3.00684,0.00000
534F4C31,30947,284061288,6158,4095,4095,0,3.00684,0.00000
534F4C31,30948,284066013,6160,4095,4095,0,3.00781,0.00000
534F4C31,30949,284070349,6160,4095,4095,0,3.00781,0.00000
534F4C31,30950,284075231,6152,4095,4095,0,3.00391,0.00000
534F4C31,30951,284080622,6155,4095,4095,0,3.00537,0.00000
534F4C31,30951,284084557,6162,4095,4095,0,3.00879,0.00000
534F4C31,30951,284087353,6157,4095,4095,0,3.00635,0.00000
534F4C31,30951,284089950,6161,4095,4095,0,3.00830,0.00000
534F4C31,30951,284092089,6163,4095,4095,0,3.00928,0.00000
534F4C31,30951,284094699,6157,4095,4095,0,3.00635,0.00000
534F4C31,30951,284096886,6161,4095,4095,0,3.00830,0.00000
534F4C31,30952,284101540,6160,4095,4095,0,3.00781,0.00000
534F4C31,30952,284105557,6157,4095,4095,0,3.00635,0.00000
534F4C31,30952,284107525,6159,4095,4095,0,3.00732,0.00000
534F4C31,30953,284110539,6152,4095,4095,0,3.00391,0.00000
534F4C31,30954,284115125,6158,4095,4095,0,3.00684,0.00000
534F4C31,30954,284119172,6156,4095,4095,0,3.00586,0.00000
534F4C31,30954,284122812,6161,4095,4095,0,3.00830,0.00000
534F4C31,30955,284126047,6155,4095,4095,0,3.00537,0.00000
534F4C31,30955,284129644,6164,4095,4095,0,3.00977,0.00000
534F4C31,30955,284131948,6161,4095,4095,0,3.00830,0.00000
534F4C31,30955,284133993,6159,4095,4095,0,3.00732,0.00000
534F4C31,30955,284138057,6156,4095,4095,0,3.00586,0.00000
534F4C31,30955,284140479,6158,4095,4095,0,3.00684,0.00000
534F4C31,30955,284142506,6166,4095,4095,0,3.01074,0.00000
534F4C31,30955,284145188,6151,4095,4095,0,3.00342,0.00000
534F4C31,30955,284147409,6167,4095,4095,0,3.01123,0.00000
534F4C31,30955,284149505,6162,4095,4095,0,3.00879,0.00000
534F4C31,30955,284151638,6165,4095,4095,0,3.01025,0.00000
534F4C31,30955,284153636,6160,4095,4095,0,3.00781,0.00000
534F4C31,30955,284155716,6152,4095,4095,0,3.00391,0.00000
534F4C31,30955,284157765,6159,4095,4095,0,3.00732,0.00000
534F4C31,30955,284159939,6158,4095,4095,0,3.00684,0.00000
534F4C31,30955,284161968,6165,4095,4095,0,3.01025,0.00000
534F4C31,30955,284164035,6157,4095,4095,0,3.00635,0.00000
534F4C31,30955,284166046,6165,4095,4095,0,3.01025,0.00000
534F4C31,30955,284168176,6160,4095,4095,0,3.00781,0.00000
534F4C31,30955,284170380,6166,4095,4095,0,3.01074,0.00000
534F4C31,30955,284172370,6165,4095,4095,0,3.01025,0.00000
534F4C31,30955,284174444,6166,4095,4095,0,3.01074,0.00000
534F4C31,30956,284176492,6159,4095,4095,0,3.00732,0.00000
534F4C31,30956,284180948,6163,4095,4095,0,3.00928,0.00000
534F4C31,30956,284183253,6153,4095,4095,0,3.00439,0.00000
534F4C31,30957,284186004,6159,4095,4095,0,3.00732,0.00000
534F4C31,30957,284190254,6157,4095,4095,0,3.00635,0.00000
534F4C31,30957,284193573,6161,4095,4095,0,3.00830,0.00000
534F4C31,30958,284196611,6159,4095,4095,0,3.00732,0.00000
534F4C31,30959,284201677,6157,4095,4095,0,3.00635,0.00000
534F4C31,30960,284207423,6163,4095,4095,0,3.00928,0.00000
534F4C31,30960,284210672,6157,4095,4095,0,3.00635,0.00000
534F4C31,30960,284215089,6168,4095,4095,0,3.01172,0.00000
534F4C31,30961,284218360,6154,4095,4095,0,3.00488,0.00000
534F4C31,30961,284222785,6165,4095,4095,0,3.01025,0.00000
534F4C31,30961,284226175,6149,4095,4095,0,3.00244,0.00000
534F4C31,30961,284228885,6162,4095,4095,0,3.00879,0.00000
534F4C31,30961,284231650,6162,4095,4095,0,3.00879,0.00000
534F4C31,30961,284235020,6155,4095,4095,0,3.00537,0.00000
534F4C31,30961,284237325,6149,4095,4095,0,3.00244,0.00000
534F4C31,30962,284239450,6159,4095,4095,0,3.00732,0.00000
534F4C31,30962,284243492,6156,4095,4095,0,3.00586,0.00000
534F4C31,30962,284245805,6154,4095,4095,0,3.00488,0.00000
534F4C31,30962,284248875,6158,4095,4095,0,3.00684,0.00000
534F4C31,30962,284251101,6157,4095,4095,0,3.00635,0.00000
534F4C31,30962,284253221,6155,4095,4095,0,3.00537,0.00000
534F4C31,30962,284255325,6157,4095,4095,0,3.00635,0.00000
534F4C31,30962,284257395,6156,4095,4095,0,3.00586,0.00000
534F4C31,30963,284259485,6165,4095,4095,0,3.01025,0.00000
534F4C31,30964,284263864,6160,4095,4095,0,3.00781,0.00000
534F4C31,30965,284267172,6161,4095,4095,0,3.00830,0.00000
534F4C31,30966,284273448,6153,4095,4095,0,3.00439,0.00000
534F4C31,30966,284278544,6168,4095,4095,0,3.01172,0.00000
534F4C31,30966,284280802,6158,4095,4095,0,3.00684,0.00000
534F4C31,30967,284284373,6167,4095,4095,0,3.01123,0.00000
534F4C31,30968,284287940,6164,4095,4095,0,3.00977,0.00000
534F4C31,30968,284292084,6164,4095,4095,0,3.00977,0.00000
534F4C31,30968,284294987,6161,4095,4095,0,3.00830,0.00000
534F4C31,30968,284298311,6161,4095,4095,0,3.00830,0.00000
534F4C31,30968,284300489,6160,4095,4095,0,3.00781,0.00000
534F4C31,30968,284302553,6164,4095,4095,0,3.00977,0.00000
534F4C31,30968,284305542,6157,4095,4095,0,3.00635,0.00000
534F4C31,30968,284307818,6156,4095,4095,0,3.00586,0.00000
534F4C31,30968,284309802,6162,4095,4095,0,3.00879,0.00000
534F4C31,30968,284311949,6159,4095,4095,0,3.00732,0.00000
534F4C31,30969,284314098,6163,4095,4095,0,3.00928,0.00000
534F4C31,30970,284318388,6165,4095,4095,0,3.01025,0.00000
534F4C31,30971,284321833,6165,4095,4095,0,3.01025,0.00000
534F4C31,30972,284327725,6163,4095,4095,0,3.00928,0.00000
534F4C31,30972,284331380,6153,4095,4095,0,3.00439,0.00000
534F4C31,30972,284334101,6165,4095,4095,0,3.01025,0.00000
534F4C31,30972,284337002,6161,4095,4095,0,3.00830,0.00000
534F4C31,30972,284339937,6157,4095,4095,0,3.00635,0.00000
534F4C31,30972,284341963,6154,4095,4095,0,3.00488,0.00000
534F4C31,30972,284344180,6162,4095,4095,0,3.00879,0.00000
534F4C31,30973,284346291,6156,4095,4095,0,3.00586,0.00000
534F4C31,30974,284350762,6163,4095,4095,0,3.00928,0.00000
534F4C31,30975,284354474,6161,4095,4095,0,3.00830,0.00000
534F4C31,30976,284360609,6160,4095,4095,0,3.00781,0.00000
534F4C31,30976,284363970,6152,4095,4095,0,3.00391,0.00000
534F4C31,30976,284368847,6160,4095,4095,0,3.00781,0.00000
534F4C31,30976,284371773,6159,4095,4095,0,3.00732,0.00000
534F4C31,30976,284373907,6154,4095,4095,0,3.00488,0.00000
534F4C31,30976,284375968,6169,4095,4095,0,3.01221,0.00000
534F4C31,30976,284378832,6159,4095,4095,0,3.00732,0.00000
534F4C31,30977,284381146,6157,4095,4095,0,3.00635,0.00000
534F4C31,30977,284385736,6158,4095,4095,0,3.00684,0.00000
534F4C31,30977,284387965,6164,4095,4095,0,3.00977,0.00000
534F4C31,30978,284391443,6155,4095,4095,0,3.00537,0.00000
534F4C31,30979,284395470,6158,4095,4095,0,3.00684,0.00000
534F4C31,30979,284399566,6152,4095,4095,0,3.00391,0.00000
534F4C31,30979,284404405,6166,4095,4095,0,3.01074,0.00000
534F4C31,30979,284406501,6165,4095,4095,0,3.01025,0.00000
534F4C31,30979,284408517,6158,4095,4095,0,3.00684,0.00000
534F4C31,30980,284411750,6160,4095,4095,0,3.00781,0.00000
534F4C31,30980,284415785,6161,4095,4095,0,3.00830,0.00000
534F4C31,30980,284419099,6161,4095,4095,0,3.00830,0.00000
534F4C31,30980,284421192,6158,4095,4095,0,3.00684,0.00000
534F4C31,30980,284423364,6163,4095,4095,0,3.00928,0.00000
534F4C31,30980,284426369,6161,4095,4095,0,3.00830,0.00000
534F4C31,30980,284428601,6159,4095,4095,0,3.00732,0.00000
534F4C31,30980,284430713,6167,4095,4095,0,3.01123,0.00000
534F4C31,30980,284432721,6157,4095,4095,0,3.00635,0.00000
534F4C31,30980,284435130,6164,4095,4095,0,3.00977,0.00000
534F4C31,30981,284437268,6162,4095,4095,0,3.00879,0.00000
534F4C31,30982,284441751,6160,4095,4095,0,3.00781,0.00000
534F4C31,30983,284444950,6157,4095,4095,0,3.00635,0.00000
534F4C31,30984,284448349,6154,4095,4095,0,3.00488,0.00000
534F4C31,30985,284454273,6162,4095,4095,0,3.00879,0.00000
534F4C31,30985,284458708,6161,4095,4095,0,3.00830,0.00000
534F4C31,30985,284462177,6164,4095,4095,0,3.00977,0.00000
534F4C31,30986,284466186,6165,4095,4095,0,3.01025,0.00000
534F4C31,30986,284469602,6163,4095,4095,0,3.00928,0.00000
534F4C31,30987,284473696,6160,4095,4095,0,3.00781,0.00000
534F4C31,30987,284476656,6160,4095,4095,0,3.00781,0.00000
534F4C31,30987,284481529,6158,4095,4095,0,3.00684,0.00000
534F4C31,30987,284484294,6165,4095,4095,0,3.01025,0.00000
534F4C31,30987,284486297,6157,4095,4095,0,3.00635,0.00000
534F4C31,30987,284489191,6165,4095,4095,0,3.01025,0.00000
534F4C31,30987,284491886,6161,4095,4095,0,3.00830,0.00000
534F4C31,30987,284494218,6154,4095,4095,0,3.00488,0.00000
534F4C31,30988,284496302,6162,4095,4095,0,3.00879,0.00000
534F4C31,30988,284500525,6158,4095,4095,0,3.00684,0.00000
534F4C31,30988,284502914,6162,4095,4095,0,3.00879,0.00000
534F4C31,30988,284504924,6165,4095,4095,0,3.01025,0.00000
534F4C31,30988,284507845,6159,4095,4095,0,3.00732,0.00000
534F4C31,30988,284510184,6159,4095,4095,0,3.00732,0.00000
534F4C31,30988,284512150,6166,4095,4095,0,3.01074,0.00000
534F4C31,30988,284514278,6157,4095,4095,0,3.00635,0.00000
534F4C31,30989,284516409,6159,4095,4095,0,3.00732,0.00000
534F4C31,30990,284520312,6164,4095,4095,0,3.00977,0.00000
534F4C31,30991,284524849,6167,4095,4095,0,3.01123,0.00000
534F4C31,30992,284530211,6155,4095,4095,0,3.00537,0.00000
534F4C31,30992,284534863,6163,4095,4095,0,3.00928,0.00000
534F4C31,30992,284538026,6154,4095,4095,0,3.00488,0.00000
534F4C31,30993,284542070,6153,4095,4095,0,3.00439,0.00000
534F4C31,30993,284545626,6158,4095,4095,0,3.00684,0.00000
534F4C31,30993,284547863,6160,4095,4095,0,3.00781,0.00000
534F4C31,30994,284551691,6166,4095,4095,0,3.01074,0.00000
534F4C31,30994,284556044,6170,4095,4095,0,3.01270,0.00000
534F4C31,30994,284559022,6159,4095,4095,0,3.00732,0.00000
534F4C31,30994,284562153,6163,4095,4095,0,3.00928,0.00000
534F4C31,30994,284565159,6158,4095,4095,0,3.00684,0.00000
534F4C31,30994,284567193,6155,4095,4095,0,3.00537,0.00000
534F4C31,30994,284569128,6164,4095,4095,0,3.00977,0.00000
534F4C31,30994,284571794,6157,4095,4095,0,3.00635,0.00000
534F4C31,30994,284574024,6163,4095,4095,0,3.00928,0.00000
534F4C31,30994,284575938,6165,4095,4095,0,3.01025,0.00000
534F4C31,30994,284578091,6170,4095,4095,0,3.01270,0.00000
534F4C31,30995,284580223,6160,4095,4095,0,3.00781,0.00000
534F4C31,30996,284584608,6163,4095,4095,0,3.00928,0.00000
534F4C31,30997,284588648,6159,4095,4095,0,3.00732,0.00000
534F4C31,30998,284592722,6158,4095,4095,0,3.00684,0.00000
534F4C31,30999,284597581,6154,4095,4095,0,3.00488,0.00000
534F4C31,30999,284601193,6160,4095,4095,0,3.00781,0.00000
534F4C31,30999,284604264,6160,4095,4095,0,3.00781,0.00000
534F4C31,30999,284608456,6152,4095,4095,0,3.00391,0.00000
534F4C31,30999,284610764,6148,4095,4095,0,3.00195,0.00000
534F4C31,30999,284612749,6165,4095,4095,0,3.01025,0.00000
534F4C31,31000,284615815,6165,4095,4095,0,3.01025,0.00000
534F4C31,31000,284620165,6159,4095,4095,0,3.00732,0.00000
534F4C31,31000,284622367,6154,4095,4095,0,3.00488,0.00000
534F4C31,31000,284624405,6160,4095,4095,0,3.00781,0.00000
534F4C31,31000,284627286,6162,4095,4095,0,3.00879,0.00000
534F4C31,31001,284629597,6159,4095,4095,0,3.00732,0.00000
534F4C31,31001,284633163,6160,4095,4095,0,3.00781,0.00000
534F4C31,31001,284636061,6160,4095,4095,0,3.00781,0.00000
534F4C31,31001,284638219,6163,4095,4095,0,3.00928,0.00000
534F4C31,31001,284641392,6166,4095,4095,0,3.01074,0.00000
534F4C31,31001,284643784,6167,4095,4095,0,3.01123,0.00000
534F4C31,31001,284645864,6160,4095,4095,0,3.00781,0.00000
534F4C31,31001,284647999,6164,4095,4095,0,3.00977,0.00000
534F4C31,31002,284650053,6159,4095,4095,0,3.00732,0.00000
534F4C31,31003,284654844,6153,4095,4095,0,3.00439,0.00000
534F4C31,31004,284659097,6157,4095,4095,0,3.00635,0.00000
534F4C31,31004,284664481,6165,4095,4095,0,3.01025,0.00000
534F4C31,31004,284666760,6156,4095,4095,0,3.00586,0.00000
534F4C31,31005,284669602,6153,4095,4095,0,3.00439,0.00000
534F4C31,31006,284674285,6166,4095,4095,0,3.01074,0.00000
534F4C31,31006,284678770,6156,4095,4095,0,3.00586,0.00000
534F4C31,31006,284682765,6163,4095,4095,0,3.00928,0.00000
534F4C31,31006,284685564,6158,4095,4095,0,3.00684,0.00000
534F4C31,31006,284688321,6154,4095,4095,0,3.00488,0.00000
534F4C31,31007,284690698,6166,4095,4095,0,3.01074,0.00000
534F4C31,31007,284694590,6157,4095,4095,0,3.00635,0.00000
534F4C31,31007,284696936,6162,4095,4095,0,3.00879,0.00000
534F4C31,31007,284699050,6165,4095,4095,0,3.01025,0.00000
534F4C31,31007,284701951,6159,4095,4095,0,3.00732,0.00000
534F4C31,31007,284704389,6158,4095,4095,0,3.00684,0.00000
534F4C31,31007,284706417,6167,4095,4095,0,3.01123,0.00000
534F4C31,31007,284708525,6159,4095,4095,0,3.00732,0.00000
534F4C31,31008,284710619,6170,4095,4095,0,3.01270,0.00000
534F4C31,31009,284714028,6165,4095,4095,0,3.01025,0.00000
534F4C31,31010,284718446,6161,4095,4095,0,3.00830,0.00000
534F4C31,31011,284721989,6163,4095,4095,0,3.00928,0.00000
534F4C31,31012,284728412,6165,4095,4095,0,3.01025,0.00000
534F4C31,31012,284732142,6154,4095,4095,0,3.00488,0.00000
534F4C31,31012,284735220,6158,4095,4095,0,3.00684,0.00000
534F4C31,31013,284739208,6154,4095,4095,0,3.00488,0.00000
534F4C31,31013,284743148,6150,4095,4095,0,3.00293,0.00000
534F4C31,31013,284746828,6165,4095,4095,0,3.01025,0.00000
534F4C31,31013,284749876,6161,4095,4095,0,3.00830,0.00000
534F4C31,31013,284752224,6163,4095,4095,0,3.00928,0.00000
534F4C31,31013,284755015,6152,4095,4095,0,3.00391,0.00000
534F4C31,31013,284757219,6167,4095,4095,0,3.01123,0.00000
534F4C31,31013,284759308,6161,4095,4095,0,3.00830,0.00000
534F4C31,31013,284761436,6153,4095,4095,0,3.00439,0.00000
534F4C31,31013,284763528,6159,4095,4095,0,3.00732,0.00000
534F4C31,31013,284765570,6156,4095,4095,0,3.00586,0.00000
534F4C31,31013,284767640,6158,4095,4095,0,3.00684,0.00000
534F4C31,31014,284769841,6156,4095,4095,0,3.00586,0.00000
534F4C31,31015,284774178,6156,4095,4095,0,3.00586,0.00000
534F4C31,31016,284778287,6154,4095,4095,0,3.00488,0.00000
534F4C31,31016,284783413,6165,4095,4095,0,3.01025,0.00000
534F4C31,31016,284786303,6163,4095,4095,0,3.00928,0.00000
534F4C31,31017,284789879,6157,4095,4095,0,3.00635,0.00000
534F4C31,31018,284794464,6166,4095,4095,0,3.01074,0.00000
534F4C31,31018,284798143,6155,4095,4095,0,3.00537,0.00000
534F4C31,31018,284801527,6156,4095,4095,0,3.00586,0.00000
534F4C31,31018,284804963,6156,4095,4095,0,3.00586,0.00000
534F4C31,31018,284807089,6165,4095,4095,0,3.01025,0.00000
534F4C31,31019,284809875,6159,4095,4095,0,3.00732,0.00000
534F4C31,31020,284813184,6154,4095,4095,0,3.00488,0.00000
534F4C31,31021,284817362,6155,4095,4095,0,3.00537,0.00000
534F4C31,31021,284823271,6151,4095,4095,0,3.00342,0.00000
534F4C31,31021,284825719,6160,4095,4095,0,3.00781,0.00000
534F4C31,31021,284828675,6155,4095,4095,0,3.00537,0.00000
534F4C31,31021,284830981,6163,4095,4095,0,3.00928,0.00000
534F4C31,31021,284833021,6163,4095,4095,0,3.00928,0.00000
534F4C31,31021,284834860,6171,4095,4095,0,3.01318,0.00000
534F4C31,31021,284836746,6162,4095,4095,0,3.00879,0.00000
534F4C31,31021,284838717,6166,4095,4095,0,3.01074,0.00000
534F4C31,31021,284840854,6154,4095,4095,0,3.00488,0.00000
534F4C31,31021,284842964,6153,4095,4095,0,3.00439,0.00000
534F4C31,31022,284845520,6159,4095,4095,0,3.00732,0.00000
534F4C31,31023,284850267,6165,4095,4095,0,3.01025,0.00000
534F4C31,31024,284853830,6164,4095,4095,0,3.00977,0.00000
534F4C31,31025,284860021,6155,4095,4095,0,3.00537,0.00000
534F4C31,31025,284864842,6156,4095,4095,0,3.00586,0.00000
534F4C31,31026,284867919,6151,4095,4095,0,3.00342,0.00000
534F4C31,31027,284873165,6159,4095,4095,0,3.00732,0.00000
534F4C31,31027,284877460,6155,4095,4095,0,3.00537,0.00000
534F4C31,31027,284880932,6161,4095,4095,0,3.00830,0.00000
534F4C31,31028,284883909,6163,4095,4095,0,3.00928,0.00000
534F4C31,31029,284887614,6158,4095,4095,0,3.00684,0.00000
534F4C31,31030,284892349,6164,4095,4095,0,3.00977,0.00000
534F4C31,31031,284898275,6159,4095,4095,0,3.00732,0.00000
534F4C31,31031,284902743,6155,4095,4095,0,3.00537,0.00000
534F4C31,31032,284905740,6154,4095,4095,0,3.00488,0.00000
534F4C31,31032,284907946,6167,4095,4095,0,3.01123,0.00000
534F4C31,31032,284913442,6163,4095,4095,0,3.00928,0.00000
534F4C31,31032,284916360,6156,4095,4095,0,3.00586,0.00000
534F4C31,31033,284918727,6162,4095,4095,0,3.00879,0.00000
534F4C31,31033,284923351,6156,4095,4095,0,3.00586,0.00000
534F4C31,31033,284925527,6162,4095,4095,0,3.00879,0.00000
534F4C31,31033,284927539,6168,4095,4095,0,3.01172,0.00000
534F4C31,31033,284930383,6164,4095,4095,0,3.00977,0.00000
534F4C31,31033,284932592,6153,4095,4095,0,3.00439,0.00000
534F4C31,31033,284934694,6165,4095,4095,0,3.01025,0.00000
534F4C31,31033,284936782,6155,4095,4095,0,3.00537,0.00000
534F4C31,31033,284938862,6161,4095,4095,0,3.00830,0.00000
534F4C31,31033,284941020,6161,4095,4095,0,3.00830,0.00000
534F4C31,31033,284943135,6167,4095,4095,0,3.01123,0.00000
534F4C31,31033,284945232,6157,4095,4095,0,3.00635,0.00000
534F4C31,31033,284947683,6161,4095,4095,0,3.00830,0.00000
534F4C31,31033,284949836,6161,4095,4095,0,3.00830,0.00000
534F4C31,31033,284952007,6153,4095,4095,0,3.00439,0.00000
534F4C31,31033,284954130,6165,4095,4095,0,3.01025,0.00000
534F4C31,31033,284956231,6156,4095,4095,0,3.00586,0.00000
534F4C31,31033,284958288,6165,4095,4095,0,3.01025,0.00000
534F4C31,31033,284960368,6159,4095,4095,0,3.00732,0.00000
534F4C31,31033,284962437,6161,4095,4095,0,3.00830,0.00000
534F4C31,31033,284964559,6160,4095,4095,0,3.00781,0.00000
534F4C31,31034,284966654,6163,4095,4095,0,3.00928,0.00000
534F4C31,31035,284970757,6157,4095,4095,0,3.00635,0.00000
534F4C31,31036,284976024,6166,4095,4095,0,3.01074,0.00000
534F4C31,31036,284981139,6159,4095,4095,0,3.00732,0.00000
534F4C31,31036,284983262,6152,4095,4095,0,3.00391,0.00000
534F4C31,31037,284986169,6165,4095,4095,0,3.01025,0.00000
534F4C31,31037,284990375,6159,4095,4095,0,3.00732,0.00000
534F4C31,31037,284992728,6162,4095,4095,0,3.00879,0.00000
534F4C31,31038,284994805,6150,4095,4095,0,3.00293,0.00000
534F4C31,31038,284999074,6159,4095,4095,0,3.00732,0.00000
534F4C31,31038,285002603,6158,4095,4095,0,3.00684,0.00000
534F4C31,31038,285004741,6164,4095,4095,0,3.00977,0.00000
534F4C31,31038,285006856,6150,4095,4095,0,3.00293,0.00000
534F4C31,31038,285009864,6165,4095,4095,0,3.01025,0.00000
534F4C31,31038,285012032,6159,4095,4095,0,3.00732,0.00000
534F4C31,31038,285014086,6158,4095,4095,0,3.00684,0.00000
534F4C31,31039,285016260,6163,4095,4095,0,3.00928,0.00000
534F4C31,31040,285020761,6149,4095,4095,0,3.00244,0.00000
534F4C31,31041,285024569,6164,4095,4095,0,3.00977,0.00000
534F4C31,31041,285030987,6152,4095,4095,0,3.00391,0.00000
534F4C31,31041,285033982,6157,4095,4095,0,3.00635,0.00000
534F4C31,31042,285036870,6167,4095,4095,0,3.01123,0.00000
534F4C31,31043,285040959,6158,4095,4095,0,3.00684,0.00000
534F4C31,31044,285045030,6163,4095,4095,0,3.00928,0.00000
534F4C31,31044,285051784,6158,4095,4095,0,3.00684,0.00000
534F4C31,31044,285054255,6161,4095,4095,0,3.00830,0.00000
534F4C31,31044,285056906,6166,4095,4095,0,3.01074,0.00000
534F4C31,31044,285059546,6165,4095,4095,0,3.01025,0.00000
534F4C31,31044,285061724,6155,4095,4095,0,3.00537,0.00000
534F4C31,31044,285063810,6159,4095,4095,0,3.00732,0.00000
534F4C31,31045,285066070,6160,4095,4095,0,3.00781,0.00000
534F4C31,31046,285070454,6802,4095,4095,0,3.32129,0.00000
534F4C31,31046,285073033,7997,4095,4095,0,3.90479,0.00000
534F4C31,31046,285078771,8171,4095,4095,0,3.98975,0.00000
534F4C31,31047,285082282,8217,4095,4095,0,4.01221,0.00000
534F4C31,31048,285085359,8208,4095,4095,0,4.00781,0.00000
534F4C31,31049,285089819,8207,4095,4095,0,4.00732,0.00000
534F4C31,31050,285095807,8205,4095,4095,0,4.00635,0.00000
534F4C31,31050,285100025,8219,4095,4095,0,4.01318,0.00000
534F4C31,31050,285103957,8215,4095,4095,0,4.01123,0.00000
534F4C31,31050,285106882,8222,4095,4095,0,4.01465,0.00000
534F4C31,31050,285108963,8213,4095,4095,0,4.01025,0.00000
534F4C31,31051,285111909,8211,4095,4095,0,4.00928,0.00000
534F4C31,31052,285115681,8219,4095,4095,0,4.01318,0.00000
534F4C31,31052,285120013,8209,4095,4095,0,4.00830,0.00000
534F4C31,31052,285122262,8217,4095,4095,0,4.01221,0.00000
534F4C31,31053,285124353,8212,4095,4095,0,4.00977,0.00000
534F4C31,31054,285129915,8215,4095,4095,0,4.01123,0.00000
534F4C31,31054,285134092,8213,4095,4095,0,4.01025,0.00000
534F4C31,31054,285138938,8221,4095,4095,0,4.01416,0.00000
534F4C31,31054,285141684,8219,4095,4095,0,4.01318,0.00000
534F4C31,31054,285144532,8203,4095,4095,0,4.00537,0.00000
534F4C31,31055,285146978,8208,4095,4095,0,4.00781,0.00000
534F4C31,31055,285150351,8205,4095,4095,0,4.00635,0.00000
534F4C31,31055,285154341,8208,4095,4095,0,4.00781,0.00000
534F4C31,31055,285156589,8217,4095,4095,0,4.01221,0.00000
534F4C31,31055,285159105,8212,4095,4095,0,4.00977,0.00000
534F4C31,31055,285161261,8202,4095,4095,0,4.00488,0.00000
534F4C31,31055,285163212,8213,4095,4095,0,4.01025,0.00000
534F4C31,31055,285165245,8207,4095,4095,0,4.00732,0.00000
534F4C31,31055,285168163,8214,4095,4095,0,4.01074,0.00000
534F4C31,31055,285170440,8209,4095,4095,0,4.00830,0.00000
534F4C31,31055,285172357,8217,4095,4095,0,4.01221,0.00000
534F4C31,31055,285174423,8216,4095,4095,0,4.01172,0.00000
534F4C31,31055,285176566,8220,4095,4095,0,4.01367,0.00000
534F4C31,31055,285178651,8209,4095,4095,0,4.00830,0.00000
534F4C31,31055,285180829,8199,4095,4095,0,4.00342,0.00000
534F4C31,31056,285183004,8214,4095,4095,0,4.01074,0.00000
534F4C31,31057,285187469,8204,4095,4095,0,4.00586,0.00000
534F4C31,31057,285191134,8210,4095,4095,0,4.00879,0.00000
534F4C31,31058,285195811,8208,4095,4095,0,4.00781,0.00000
534F4C31,31059,285201006,8214,4095,4095,0,4.01074,0.00000
534F4C31,31059,285204142,8222,4095,4095,0,4.01465,0.00000
534F4C31,31059,285208594,8217,4095,4095,0,4.01221,0.00000
534F4C31,31060,285211955,8217,4095,4095,0,4.01221,0.00000
534F4C31,31060,285215817,8214,4095,4095,0,4.01074,0.00000
534F4C31,31060,285219231,8219,4095,4095,0,4.01318,0.00000
534F4C31,31061,285222102,8215,4095,4095,0,4.01123,0.00000
534F4C31,31062,285225565,8209,4095,4095,0,4.00830,0.00000
534F4C31,31062,285230464,8212,4095,4095,0,4.00977,0.00000
534F4C31,31062,285233544,8213,4095,4095,0,4.01025,0.00000
534F4C31,31063,285236416,8212,4095,4095,0,4.00977,0.00000
534F4C31,31064,285241323,8215,4095,4095,0,4.01123,0.00000
534F4C31,31064,285246527,8201,4095,4095,0,4.00439,0.00000
534F4C31,31064,285249234,8214,4095,4095,0,4.01074,0.00000
534F4C31,31064,285252128,8204,4095,4095,0,4.00586,0.00000
534F4C31,31064,285255885,8206,4095,4095,0,4.00684,0.00000
534F4C31,31064,285259413,8217,4095,4095,0,4.01221,0.00000
534F4C31,31064,285262414,8217,4095,4095,0,4.01221,0.00000
534F4C31,31064,285264615,8213,4095,4095,0,4.01025,0.00000
534F4C31,31064,285266710,8205,4095,4095,0,4.00635,0.00000
534F4C31,31065,285268943,8214,4095,4095,0,4.01074,0.00000
534F4C31,31066,285272706,8207,4095,4095,0,4.00732,0.00000
534F4C31,31066,285276837,8214,4095,4095,0,4.01074,0.00000
534F4C31,31066,285279441,8214,4095,4095,0,4.01074,0.00000
534F4C31,31066,285282228,8221,4095,4095,0,4.01416,0.00000
534F4C31,31066,285286292,8214,4095,4095,0,4.01074,0.00000
534F4C31,31067,285288518,8211,4095,4095,0,4.00928,0.00000
534F4C31,31068,285291318,8213,4095,4095,0,4.01025,0.00000
534F4C31,31068,285295285,8205,4095,4095,0,4.00635,0.00000
534F4C31,31068,285299090,8203,4095,4095,0,4.00537,0.00000
534F4C31,31068,285302005,8209,4095,4095,0,4.00830,0.00000
534F4C31,31068,285305294,8216,4095,4095,0,4.01172,0.00000
534F4C31,31068,285307510,8212,4095,4095,0,4.00977,0.00000
534F4C31,31068,285309561,8203,4095,4095,0,4.00537,0.00000
534F4C31,31068,285311669,8217,4095,4095,0,4.01221,0.00000
534F4C31,31069,285313917,8211,4095,4095,0,4.00928,0.00000
534F4C31,31070,285317697,8219,4095,4095,0,4.01318,0.00000
534F4C31,31070,285322227,8208,4095,4095,0,4.00781,0.00000
534F4C31,31070,285324397,8217,4095,4095,0,4.01221,0.00000
534F4C31,31071,285327222,8213,4095,4095,0,4.01025,0.00000
534F4C31,31071,285332058,8213,4095,4095,0,4.01025,0.00000
534F4C31,31071,285334371,8211,4095,4095,0,4.00928,0.00000
534F4C31,31071,285336263,8208,4095,4095,0,4.00781,0.00000
534F4C31,31071,285340102,8209,4095,4095,0,4.00830,0.00000
534F4C31,31071,285342288,8208,4095,4095,0,4.00781,0.00000
534F4C31,31071,285344316,8206,4095,4095,0,4.00684,0.00000
534F4C31,31071,285346404,8214,4095,4095,0,4.01074,0.00000
534F4C31,31071,285349297,8206,4095,4095,0,4.00684,0.00000
534F4C31,31071,285351419,8218,4095,4095,0,4.01270,0.00000
534F4C31,31071,285353513,8216,4095,4095,0,4.01172,0.00000
534F4C31,31072,285355694,8203,4095,4095,0,4.00537,0.00000
534F4C31,31073,285360713,8214,4095,4095,0,4.01074,0.00000
534F4C31,31074,285364469,8214,4095,4095,0,4.01074,0.00000
534F4C31,31075,285370207,8207,4095,4095,0,4.00732,0.00000
534F4C31,31075,285374152,8213,4095,4095,0,4.01025,0.00000
534F4C31,31075,285376496,8212,4095,4095,0,4.00977,0.00000
534F4C31,31076,285379814,8214,4095,4095,0,4.01074,0.00000
534F4C31,31076,285383202,8207,4095,4095,0,4.00732,0.00000
534F4C31,31076,285386658,8204,4095,4095,0,4.00586,0.00000
534F4C31,31077,285390585,8210,4095,4095,0,4.00879,0.00000
534F4C31,31077,285395324,8209,4095,4095,0,4.00830,0.00000
534F4C31,31077,285399373,8210,4095,4095,0,4.00879,0.00000
534F4C31,31077,285401546,8218,4095,4095,0,4.01270,0.00000
534F4C31,31077,285403660,8211,4095,4095,0,4.00928,0.00000
534F4C31,31078,285406908,8207,4095,4095,0,4.00732,0.00000
534F4C31,31078,285411310,8215,4095,4095,0,4.01123,0.00000
534F4C31,31078,285413480,8217,4095,4095,0,4.01221,0.00000
534F4C31,31079,285416042,8214,4095,4095,0,4.01074,0.00000
534F4C31,31080,285420291,8209,4095,4095,0,4.00830,0.00000
534F4C31,31081,285424427,8207,4095,4095,0,4.00732,0.00000
534F4C31,31081,285428588,8210,4095,4095,0,4.00879,0.00000
534F4C31,31081,285433125,8222,4095,4095,0,4.01465,0.00000
534F4C31,31081,285435236,8217,4095,4095,0,4.01221,0.00000
534F4C31,31081,285437346,8200,4095,4095,0,4.00391,0.00000
534F4C31,31081,285440551,8220,4095,4095,0,4.01367,0.00000
534F4C31,31081,285442607,8218,4095,4095,0,4.01270,0.00000
534F4C31,31081,285444707,8218,4095,4095,0,4.01270,0.00000
534F4C31,31081,285446803,8207,4095,4095,0,4.00732,0.00000
534F4C31,31081,285448912,8204,4095,4095,0,4.00586,0.00000
534F4C31,31082,285450976,8209,4095,4095,0,4.00830,0.00000
534F4C31,31083,285455889,8215,4095,4095,0,4.01123,0.00000
534F4C31,31084,285462100,8214,4095,4095,0,4.01074,0.00000
534F4C31,31084,285465925,8204,4095,4095,0,4.00586,0.00000
534F4C31,31085,285468834,8209,4095,4095,0,4.00830,0.00000
534F4C31,31085,285472987,8218,4095,4095,0,4.01270,0.00000
534F4C31,31085,285476429,8204,4095,4095,0,4.00586,0.00000
534F4C31,31086,285479146,8214,4095,4095,0,4.01074,0.00000
534F4C31,31086,285482724,8215,4095,4095,0,4.01123,0.00000
534F4C31,31086,285486337,8206,4095,4095,0,4.00684,0.00000
534F4C31,31086,285488681,8215,4095,4095,0,4.01123,0.00000
534F4C31,31086,285491282,8220,4095,4095,0,4.01367,0.00000
534F4C31,31086,285493583,8206,4095,4095,0,4.00684,0.00000
534F4C31,31086,285495489,8202,4095,4095,0,4.00488,0.00000
534F4C31,31086,285498163,8222,4095,4095,0,4.01465,0.00000
534F4C31,31086,285500247,8217,4095,4095,0,4.01221,0.00000
534F4C31,31086,285502149,8218,4095,4095,0,4.01270,0.00000
534F4C31,31086,285504106,8208,4095,4095,0,4.00781,0.00000
534F4C31,31086,285506187,8219,4095,4095,0,4.01318,0.00000
534F4C31,31087,285508291,8212,4095,4095,0,4.00977,0.00000
534F4C31,31088,285512818,8218,4095,4095,0,4.01270,0.00000
534F4C31,31089,285516477,8209,4095,4095,0,4.00830,0.00000
534F4C31,31090,285521077,8212,4095,4095,0,4.00977,0.00000
534F4C31,31090,285525354,8216,4095,4095,0,4.01172,0.00000
534F4C31,31090,285530207,8212,4095,4095,0,4.00977,0.00000
534F4C31,31091,285532298,8213,4095,4095,0,4.01025,0.00000
534F4C31,31091,285536964,8213,4095,4095,0,4.01025,0.00000
534F4C31,31091,285539663,8209,4095,4095,0,4.00830,0.00000
534F4C31,31092,285541674,8216,4095,4095,0,4.01172,0.00000
534F4C31,31093,285546567,8216,4095,4095,0,4.01172,0.00000
534F4C31,31094,285549659,8216,4095,4095,0,4.01172,0.00000
534F4C31,31095,285555524,8211,4095,4095,0,4.00928,0.00000
534F4C31,31095,285560209,8216,4095,4095,0,4.01172,0.00000
534F4C31,31095,285563518,8206,4095,4095,0,4.00684,0.00000
534F4C31,31095,285567381,8213,4095,4095,0,4.01025,0.00000
534F4C31,31095,285569543,8205,4095,4095,0,4.00635,0.00000
534F4C31,31095,285571908,8213,4095,4095,0,4.01025,0.00000
534F4C31,31095,285574327,8206,4095,4095,0,4.00684,0.00000
534F4C31,31095,285576321,8222,4095,4095,0,4.01465,0.00000
534F4C31,31095,285578267,8215,4095,4095,0,4.01123,0.00000
534F4C31,31095,285580371,8219,4095,4095,0,4.01318,0.00000
534F4C31,31095,285582469,8216,4095,4095,0,4.01172,0.00000
534F4C31,31095,285584615,8206,4095,4095,0,4.00684,0.00000
534F4C31,31096,285586813,8210,4095,4095,0,4.00879,0.00000
534F4C31,31097,285591028,8202,4095,4095,0,4.00488,0.00000
534F4C31,31097,285594604,8213,4095,4095,0,4.01025,0.00000
534F4C31,31097,285599099,8209,4095,4095,0,4.00830,0.00000
534F4C31,31098,285601389,8211,4095,4095,0,4.00928,0.00000
534F4C31,31099,285604714,8218,4095,4095,0,4.01270,0.00000
534F4C31,31099,285609555,8220,4095,4095,0,4.01367,0.00000
534F4C31,31099,285611829,8206,4095,4095,0,4.00684,0.00000
534F4C31,31099,285614746,8213,4095,4095,0,4.01025,0.00000
534F4C31,31099,285617210,8216,4095,4095,0,4.01172,0.00000
534F4C31,31099,285619409,8217,4095,4095,0,4.01221,0.00000
534F4C31,31099,285621679,8211,4095,4095,0,4.00928,0.00000
534F4C31,31099,285623815,8202,4095,4095,0,4.00488,0.00000
534F4C31,31099,285625858,8215,4095,4095,0,4.01123,0.00000
534F4C31,31099,285628032,8209,4095,4095,0,4.00830,0.00000
534F4C31,31100,285630093,8212,4095,4095,0,4.00977,0.00000
534F4C31,31101,285633986,8212,4095,4095,0,4.00977,0.00000
534F4C31,31102,285637916,8209,4095,4095,0,4.00830,0.00000
534F4C31,31102,285643485,8217,4095,4095,0,4.01221,0.00000
534F4C31,31102,285646428,8213,4095,4095,0,4.01025,0.00000
534F4C31,31102,285649168,8212,4095,4095,0,4.00977,0.00000
534F4C31,31102,285651354,8207,4095,4095,0,4.00732,0.00000
534F4C31,31102,285653156,8212,4095,4095,0,4.00977,0.00000
534F4C31,31102,285655046,8207,4095,4095,0,4.00732,0.00000
534F4C31,31102,285657030,8212,4095,4095,0,4.00977,0.00000
534F4C31,31102,285659191,8202,4095,4095,0,4.00488,0.00000
534F4C31,31103,285661282,8219,4095,4095,0,4.01318,0.00000
534F4C31,31104,285665867,8212,4095,4095,0,4.00977,0.00000
534F4C31,31105,285669716,8214,4095,4095,0,4.01074,0.00000
534F4C31,31106,285673818,8216,4095,4095,0,4.01172,0.00000
534F4C31,31107,285678557,8208,4095,4095,0,4.00781,0.00000
534F4C31,31107,285682596,8222,4095,4095,0,4.01465,0.00000
534F4C31,31107,285686353,8207,4095,4095,0,4.00732,0.00000
534F4C31,31108,285689235,8221,4095,4095,0,4.01416,0.00000
534F4C31,31108,285693925,8213,4095,4095,0,4.01025,0.00000
534F4C31,31108,285697256,8214,4095,4095,0,4.01074,0.00000
534F4C31,31108,285699940,8214,4095,4095,0,4.01074,0.00000
534F4C31,31108,285702929,8205,4095,4095,0,4.00635,0.00000
534F4C31,31108,285705050,8206,4095,4095,0,4.00684,0.00000
534F4C31,31108,285706845,8216,4095,4095,0,4.01172,0.00000
534F4C31,31108,285708731,8218,4095,4095,0,4.01270,0.00000
534F4C31,31108,285710665,8212,4095,4095,0,4.00977,0.00000
534F4C31,31108,285712707,8214,4095,4095,0,4.01074,0.00000
534F4C31,31108,285714816,8213,4095,4095,0,4.01025,0.00000
534F4C31,31108,285716875,8202,4095,4095,0,4.00488,0.00000
534F4C31,31108,285718956,8215,4095,4095,0,4.01123,0.00000
534F4C31,31108,285720964,8205,4095,4095,0,4.00635,0.00000
534F4C31,31108,285723094,8209,4095,4095,0,4.00830,0.00000
534F4C31,31109,285725223,8206,4095,4095,0,4.00684,0.00000
534F4C31,31110,285729547,8211,4095,4095,0,4.00928,0.00000
534F4C31,31111,285732025,8213,4095,4095,0,4.01025,0.00000
534F4C31,31112,285738834,8213,4095,4095,0,4.01025,0.00000
534F4C31,31112,285742073,8211,4095,4095,0,4.00928,0.00000
534F4C31,31112,285747386,8213,4095,4095,0,4.01025,0.00000
534F4C31,31112,285751030,8213,4095,4095,0,4.01025,0.00000
534F4C31,31112,285753261,8212,4095,4095,0,4.00977,0.00000
534F4C31,31113,285755878,8223,4095,4095,0,4.01514,0.00000
534F4C31,31113,285760533,8214,4095,4095,0,4.01074,0.00000
534F4C31,31113,285762872,8216,4095,4095,0,4.01172,0.00000
534F4C31,31114,285764907,8210,4095,4095,0,4.00879,0.00000
534F4C31,31115,285769677,8222,4095,4095,0,4.01465,0.00000
534F4C31,31116,285772991,8209,4095,4095,0,4.00830,0.00000
534F4C31,31117,285778729,8203,4095,4095,0,4.00537,0.00000
534F4C31,31117,285784620,8220,4095,4095,0,4.01367,0.00000
534F4C31,31117,285786756,8205,4095,4095,0,4.00635,0.00000
534F4C31,31117,285788984,8208,4095,4095,0,4.00781,0.00000
534F4C31,31117,285791161,8204,4095,4095,0,4.00586,0.00000
534F4C31,31117,285793815,8215,4095,4095,0,4.01123,0.00000
534F4C31,31117,285797433,8215,4095,4095,0,4.01123,0.00000
534F4C31,31118,285799757,8209,4095,4095,0,4.00830,0.00000
534F4C31,31119,285803660,8218,4095,4095,0,4.01270,0.00000
534F4C31,31120,285808792,8209,4095,4095,0,4.00830,0.00000
534F4C31,31120,285812896,8214,4095,4095,0,4.01074,0.00000
534F4C31,31120,285816318,8211,4095,4095,0,4.00928,0.00000
534F4C31,31121,285819303,8208,4095,4095,0,4.00781,0.00000
534F4C31,31121,285823039,8219,4095,4095,0,4.01318,0.00000
534F4C31,31121,285826613,8205,4095,4095,0,4.00635,0.00000
534F4C31,31121,285828718,8218,4095,4095,0,4.01270,0.00000
534F4C31,31121,285831438,8204,4095,4095,0,4.00586,0.00000
534F4C31,31121,285833838,8205,4095,4095,0,4.00635,0.00000
534F4C31,31121,285835984,8215,4095,4095,0,4.01123,0.00000
534F4C31,31121,285838145,8215,4095,4095,0,4.01123,0.00000
534F4C31,31122,285840341,8221,4095,4095,0,4.01416,0.00000
534F4C31,31123,285844647,8209,4095,4095,0,4.00830,0.00000
534F4C31,31123,285848104,8214,4095,4095,0,4.01074,0.00000
534F4C31,31123,285850401,8217,4095,4095,0,4.01221,0.00000
534F4C31,31124,285854279,8211,4095,4095,0,4.00928,0.00000
534F4C31,31124,285857833,8202,4095,4095,0,4.00488,0.00000
534F4C31,31124,285860199,8216,4095,4095,0,4.01172,0.00000
534F4C31,31125,285864151,8214,4095,4095,0,4.01074,0.00000
534F4C31,31126,285866459,8213,4095,4095,0,4.01025,0.00000
534F4C31,31127,285872013,8214,4095,4095,0,4.01074,0.00000
534F4C31,31128,285877273,8216,4095,4095,0,4.01172,0.00000
534F4C31,31128,285883522,8210,4095,4095,0,4.00879,0.00000
534F4C31,31128,285886422,8214,4095,4095,0,4.01074,0.00000
534F4C31,31128,285888520,8208,4095,4095,0,4.00781,0.00000
534F4C31,31128,285891594,8199,4095,4095,0,4.00342,0.00000
534F4C31,31128,285893745,8211,4095,4095,0,4.00928,0.00000
534F4C31,31128,285895923,8206,4095,4095,0,4.00684,0.00000
534F4C31,31129,285898057,8212,4095,4095,0,4.00977,0.00000
534F4C31,31129,285902280,8209,4095,4095,0,4.00830,0.00000
534F4C31,31129,285904505,8215,4095,4095,0,4.01123,0.00000
534F4C31,31129,285907295,8218,4095,4095,0,4.01270,0.00000
534F4C31,31130,285911249,8215,4095,4095,0,4.01123,0.00000
534F4C31,31130,285914609,8221,4095,4095,0,4.01416,0.00000
534F4C31,31130,285916714,8214,4095,4095,0,4.01074,0.00000
534F4C31,31130,285919591,8206,4095,4095,0,4.00684,0.00000
534F4C31,31130,285921872,8219,4095,4095,0,4.01318,0.00000
534F4C31,31130,285923843,8207,4095,4095,0,4.00732,0.00000
534F4C31,31130,285925937,8219,4095,4095,0,4.01318,0.00000
534F4C31,31130,285928024,8213,4095,4095,0,4.01025,0.00000
534F4C31,31130,285930159,8219,4095,4095,0,4.01318,0.00000
534F4C31,31130,285932216,8215,4095,4095,0,4.01123,0.00000
534F4C31,31130,285934246,8212,4095,4095,0,4.00977,0.00000
534F4C31,31130,285936299,8215,4095,4095,0,4.01123,0.00000
534F4C31,31131,285938390,8201,4095,4095,0,4.00439,0.00000
534F4C31,31132,285942792,8213,4095,4095,0,4.01025,0.00000
534F4C31,31132,285946524,8220,4095,4095,0,4.01367,0.00000
534F4C31,31132,285950044,8214,4095,4095,0,4.01074,0.00000
534F4C31,31133,285953126,8213,4095,4095,0,4.01025,0.00000
534F4C31,31134,285958750,8214,4095,4095,0,4.01074,0.00000
534F4C31,31134,285961931,8217,4095,4095,0,4.01221,0.00000
534F4C31,31134,285966482,8220,4095,4095,0,4.01367,0.00000
534F4C31,31134,285968545,8215,4095,4095,0,4.01123,0.00000
534F4C31,31134,285971023,8207,4095,4095,0,4.00732,0.00000
534F4C31,31135,285974023,8205,4095,4095,0,4.00635,0.00000
534F4C31,31136,285977982,8216,4095,4095,0,4.01172,0.00000
534F4C31,31137,285981598,8214,4095,4095,0,4.01074,0.00000
534F4C31,31137,285988271,8217,4095,4095,0,4.01221,0.00000
534F4C31,31137,285990515,8212,4095,4095,0,4.00977,0.00000
534F4C31,31137,285992680,8208,4095,4095,0,4.00781,0.00000
534F4C31,31137,285995351,8212,4095,4095,0,4.00977,0.00000
534F4C31,31138,285997715,8211,4095,4095,0,4.00928,0.00000
534F4C31,31138,286002230,8206,4095,4095,0,4.00684,0.00000
534F4C31,31138,286004463,8208,4095,4095,0,4.00781,0.00000
534F4C31,31139,286006600,8214,4095,4095,0,4.01074,0.00000
534F4C31,31139,286010921,8213,4095,4095,0,4.01025,0.00000
534F4C31,31139,286014350,8213,4095,4095,0,4.01025,0.00000
534F4C31,31139,286017143,8210,4095,4095,0,4.00879,0.00000
534F4C31,31140,286019565,8217,4095,4095,0,4.01221,0.00000
534F4C31,31140,286025042,8206,4095,4095,0,4.00684,0.00000
534F4C31,31140,286027881,8215,4095,4095,0,4.01123,0.00000
534F4C31,31140,286030166,8210,4095,4095,0,4.00879,0.00000
534F4C31,31140,286032985,8214,4095,4095,0,4.01074,0.00000
534F4C31,31141,286036202,8206,4095,4095,0,4.00684,0.00000
534F4C31,31141,286041462,8212,4095,4095,0,4.00977,0.00000
534F4C31,31141,286043750,8204,4095,4095,0,4.00586,0.00000
534F4C31,31142,286047045,8216,4095,4095,0,4.01172,0.00000
534F4C31,31143,286051648,8210,4095,4095,0,4.00879,0.00000
534F4C31,31143,286055128,8217,4095,4095,0,4.01221,0.00000
534F4C31,31143,286058808,8215,4095,4095,0,4.01123,0.00000
534F4C31,31143,286062292,8213,4095,4095,0,4.01025,0.00000
534F4C31,31143,286064399,8209,4095,4095,0,4.00830,0.00000
534F4C31,31143,286067227,8207,4095,4095,0,4.00732,0.00000
534F4C31,31143,286069532,8218,4095,4095,0,4.01270,0.00000
534F4C31,31143,286071508,8213,4095,4095,0,4.01025,0.00000
534F4C31,31143,286074039,8219,4095,4095,0,4.01318,0.00000
534F4C31,31143,286076271,8215,4095,4095,0,4.01123,0.00000
534F4C31,31144,286078440,8202,4095,4095,0,4.00488,0.00000
534F4C31,31145,286082825,8210,4095,4095,0,4.00879,0.00000
534F4C31,31146,286086650,8217,4095,4095,0,4.01221,0.00000
534F4C31,31146,286091934,8219,4095,4095,0,4.01318,0.00000
534F4C31,31146,286094428,8215,4095,4095,0,4.01123,0.00000
534F4C31,31146,286096975,8220,4095,4095,0,4.01367,0.00000
534F4C31,31146,286101095,8214,4095,4095,0,4.01074,0.00000
534F4C31,31146,286103280,8212,4095,4095,0,4.00977,0.00000
534F4C31,31147,286105283,8206,4095,4095,0,4.00684,0.00000
534F4C31,31147,286108934,8215,4095,4095,0,4.01123,0.00000
534F4C31,31147,286112592,8218,4095,4095,0,4.01270,0.00000
534F4C31,31147,286114729,8214,4095,4095,0,4.01074,0.00000
534F4C31,31147,286117481,8204,4095,4095,0,4.00586,0.00000
534F4C31,31147,286119775,8216,4095,4095,0,4.01172,0.00000
534F4C31,31147,286121919,8211,4095,4095,0,4.00928,0.00000
534F4C31,31147,286124046,8218,4095,4095,0,4.01270,0.00000
534F4C31,31148,286126097,8210,4095,4095,0,4.00879,0.00000
534F4C31,31149,286130036,8214,4095,4095,0,4.01074,0.00000
534F4C31,31150,286133844,8205,4095,4095,0,4.00635,0.00000
534F4C31,31150,286139150,8206,4095,4095,0,4.00684,0.00000
534F4C31,31150,286142634,8212,4095,4095,0,4.00977,0.00000
534F4C31,31151,286145015,8207,4095,4095,0,4.00732,0.00000
534F4C31,31152,286149195,8221,4095,4095,0,4.01416,0.00000
534F4C31,31152,286154430,8208,4095,4095,0,4.00781,0.00000
534F4C31,31152,286156751,8212,4095,4095,0,4.00977,0.00000
534F4C31,31153,286158794,8216,4095,4095,0,4.01172,0.00000
534F4C31,31154,286162690,8212,4095,4095,0,4.00977,0.00000
534F4C31,31155,286166402,8212,4095,4095,0,4.00977,0.00000
534F4C31,31156,286171333,8217,4095,4095,0,4.01221,0.00000
534F4C31,31157,286177786,8216,4095,4095,0,4.01172,0.00000
534F4C31,31157,286181186,8207,4095,4095,0,4.00732,0.00000
534F4C31,31157,286184091,8210,4095,4095,0,4.00879,0.00000
534F4C31,31158,286187752,8219,4095,4095,0,4.01318,0.00000
534F4C31,31159,286191274,8216,4095,4095,0,4.01172,0.00000
534F4C31,31159,286196753,8202,4095,4095,0,4.00488,0.00000
534F4C31,31159,286200681,8210,4095,4095,0,4.00879,0.00000
534F4C31,31159,286202811,8207,4095,4095,0,4.00732,0.00000
534F4C31,31159,286205585,8211,4095,4095,0,4.00928,0.00000
534F4C31,31159,286207845,8213,4095,4095,0,4.01025,0.00000
534F4C31,31159,286209855,8218,4095,4095,0,4.01270,0.00000
534F4C31,31159,286211955,8218,4095,4095,0,4.01270,0.00000
534F4C31,31159,286214042,8212,4095,4095,0,4.00977,0.00000
534F4C31,31159,286216045,8217,4095,4095,0,4.01221,0.00000
534F4C31,31159,286218080,8203,4095,4095,0,4.00537,0.00000
534F4C31,31159,286220179,8214,4095,4095,0,4.01074,0.00000
534F4C31,31160,286222299,8208,4095,4095,0,4.00781,0.00000
534F4C31,31160,286226529,8216,4095,4095,0,4.01172,0.00000
534F4C31,31160,286230736,8201,4095,4095,0,4.00439,0.00000
534F4C31,31161,286233269,8206,4095,4095,0,4.00684,0.00000
534F4C31,31161,286238381,8216,4095,4095,0,4.01172,0.00000
534F4C31,31161,286241149,8206,4095,4095,0,4.00684,0.00000
534F4C31,31161,286243584,8208,4095,4095,0,4.00781,0.00000
534F4C31,31161,286246324,8218,4095,4095,0,4.01270,0.00000
534F4C31,31162,286248499,8222,4095,4095,0,4.01465,0.00000
534F4C31,31162,286252654,8207,4095,4095,0,4.00732,0.00000
534F4C31,31162,286255431,8209,4095,4095,0,4.00830,0.00000
534F4C31,31162,286258017,8212,4095,4095,0,4.00977,0.00000
534F4C31,31162,286260783,8219,4095,4095,0,4.01318,0.00000
534F4C31,31162,286263979,8215,4095,4095,0,4.01123,0.00000
534F4C31,31162,286266705,8219,4095,4095,0,4.01318,0.00000
534F4C31,31162,286268782,8207,4095,4095,0,4.00732,0.00000
534F4C31,31162,286270915,8216,4095,4095,0,4.01172,0.00000
534F4C31,31162,286273612,8205,4095,4095,0,4.00635,0.00000
534F4C31,31163,286275717,8216,4095,4095,0,4.01172,0.00000
534F4C31,31164,286280354,8212,4095,4095,0,4.00977,0.00000
534F4C31,31165,286285105,8206,4095,4095,0,4.00684,0.00000
534F4C31,31166,286290952,8212,4095,4095,0,4.00977,0.00000
534F4C31,31166,286294306,8210,4095,4095,0,4.00879,0.00000
534F4C31,31166,286297791,8210,4095,4095,0,4.00879,0.00000
534F4C31,31167,286301838,8212,4095,4095,0,4.00977,0.00000
534F4C31,31167,286305524,8210,4095,4095,0,4.00879,0.00000
534F4C31,31167,286307764,8209,4095,4095,0,4.00830,0.00000
534F4C31,31168,286311310,8211,4095,4095,0,4.00928,0.00000
534F4C31,31168,286315549,8217,4095,4095,0,4.01221,0.00000
534F4C31,31168,286318220,8218,4095,4095,0,4.01270,0.00000
534F4C31,31169,286322696,8217,4095,4095,0,4.01221,0.00000
534F4C31,31170,286326809,8216,4095,4095,0,4.01172,0.00000
534F4C31,31170,286332484,8205,4095,4095,0,4.00635,0.00000
534F4C31,31170,286334724,8202,4095,4095,0,4.00488,0.00000
534F4C31,31170,286336771,8213,4095,4095,0,4.01025,0.00000
534F4C31,31170,286339932,8214,4095,4095,0,4.01074,0.00000
534F4C31,31170,286342054,8211,4095,4095,0,4.00928,0.00000
534F4C31,31170,286344105,8218,4095,4095,0,4.01270,0.00000
534F4C31,31170,286346270,8200,4095,4095,0,4.00391,0.00000
534F4C31,31170,286348332,8214,4095,4095,0,4.01074,0.00000
534F4C31,31170,286350425,8204,4095,4095,0,4.00586,0.00000
534F4C31,31171,286352533,8218,4095,4095,0,4.01270,0.00000
534F4C31,31172,286357190,8214,4095,4095,0,4.01074,0.00000
534F4C31,31173,286360471,8212,4095,4095,0,4.00977,0.00000
534F4C31,31174,286366415,8211,4095,4095,0,4.00928,0.00000
534F4C31,31174,286369320,8214,4095,4095,0,4.01074,0.00000
534F4C31,31174,286373513,8212,4095,4095,0,4.00977,0.00000
534F4C31,31175,286377219,8215,4095,4095,0,4.01123,0.00000
534F4C31,31175,286381419,8214,4095,4095,0,4.01074,0.00000
534F4C31,31175,286384872,8220,4095,4095,0,4.01367,0.00000
534F4C31,31175,286388043,8213,4095,4095,0,4.01025,0.00000
534F4C31,31175,286390232,8207,4095,4095,0,4.00732,0.00000
534F4C31,31175,286392330,8221,4095,4095,0,4.01416,0.00000
534F4C31,31175,286395313,8220,4095,4095,0,4.01367,0.00000
534F4C31,31175,286397311,8216,4095,4095,0,4.01172,0.00000
534F4C31,31175,286399320,8221,4095,4095,0,4.01416,0.00000
534F4C31,31175,286401384,8212,4095,4095,0,4.00977,0.00000
534F4C31,31175,286403388,8219,4095,4095,0,4.01318,0.00000
534F4C31,31175,286405557,8213,4095,4095,0,4.01025,0.00000
534F4C31,31176,286407786,8219,4095,4095,0,4.01318,0.00000
534F4C31,31177,286411656,8216,4095,4095,0,4.01172,0.00000
534F4C31,31178,286415190,8215,4095,4095,0,4.01123,0.00000
534F4C31,31179,286421567,8216,4095,4095,0,4.01172,0.00000
534F4C31,31179,286425344,8207,4095,4095,0,4.00732,0.00000
534F4C31,31179,286428452,8203,4095,4095,0,4.00537,0.00000
534F4C31,31180,286430859,8217,4095,4095,0,4.01221,0.00000
534F4C31,31181,286435526,8206,4095,4095,0,4.00684,0.00000
534F4C31,31181,286438913,8212,4095,4095,0,4.00977,0.00000
534F4C31,31181,286443393,8220,4095,4095,0,4.01367,0.00000
534F4C31,31181,286445598,8211,4095,4095,0,4.00928,0.00000
534F4C31,31181,286447726,8208,4095,4095,0,4.00781,0.00000
534F4C31,31182,286450818,8206,4095,4095,0,4.00684,0.00000
534F4C31,31183,286455136,8210,4095,4095,0,4.00879,0.00000
534F4C31,31183,286459408,8217,4095,4095,0,4.01221,0.00000
534F4C31,31183,286462936,8205,4095,4095,0,4.00635,0.00000
534F4C31,31184,286465261,8214,4095,4095,0,4.01074,0.00000
534F4C31,31184,286470161,8214,4095,4095,0,4.01074,0.00000
534F4C31,31184,286472652,8216,4095,4095,0,4.01172,0.00000
534F4C31,31185,286475223,8210,4095,4095,0,4.00879,0.00000
534F4C31,31185,286480484,8222,4095,4095,0,4.01465,0.00000
534F4C31,31185,286483225,8206,4095,4095,0,4.00684,0.00000
534F4C31,31185,286486429,8203,4095,4095,0,4.00537,0.00000
534F4C31,31185,286488511,8213,4095,4095,0,4.01025,0.00000
534F4C31,31185,286490604,8215,4095,4095,0,4.01123,0.00000
534F4C31,31185,286492730,8218,4095,4095,0,4.01270,0.00000
534F4C31,31185,286494809,8207,4095,4095,0,4.00732,0.00000
534F4C31,31185,286496888,8217,4095,4095,0,4.01221,0.00000
534F4C31,31185,286499006,8213,4095,4095,0,4.01025,0.00000
534F4C31,31186,286501161,8204,4095,4095,0,4.00586,0.00000
534F4C31,31186,286505207,8212,4095,4095,0,4.00977,0.00000
534F4C31,31186,286507506,8215,4095,4095,0,4.01123,0.00000
534F4C31,31186,286510433,8204,4095,4095,0,4.00586,0.00000
534F4C31,31187,286512792,8218,4095,4095,0,4.01270,0.00000
534F4C31,31187,286517130,8208,4095,4095,0,4.00781,0.00000
534F4C31,31187,286519354,8214,4095,4095,0,4.01074,0.00000
534F4C31,31188,286522252,8197,4095,4095,0,4.00244,0.00000
534F4C31,31189,286526817,8204,4095,4095,0,4.00586,0.00000
534F4C31,31189,286530498,8202,4095,4095,0,4.00488,0.00000
534F4C31,31189,286534794,8204,4095,4095,0,4.00586,0.00000
534F4C31,31190,286538250,8213,4095,4095,0,4.01025,0.00000
534F4C31,31191,286542646,8205,4095,4095,0,4.00635,0.00000
534F4C31,31192,286546590,8210,4095,4095,0,4.00879,0.00000
534F4C31,31192,286552988,8216,4095,4095,0,4.01172,0.00000
534F4C31,31192,286555209,8217,4095,4095,0,4.01221,0.00000
534F4C31,31192,286557823,8213,4095,4095,0,4.01025,0.00000
534F4C31,31192,286560235,8203,4095,4095,0,4.00537,0.00000
534F4C31,31192,286562348,8214,4095,4095,0,4.01074,0.00000
534F4C31,31192,286564369,8209,4095,4095,0,4.00830,0.00000
534F4C31,31192,286566517,8222,4095,4095,0,4.01465,0.00000
534F4C31,31192,286568627,8211,4095,4095,0,4.00928,0.00000
534F4C31,31192,286570678,8219,4095,4095,0,4.01318,0.00000
534F4C31,31193,286572698,8213,4095,4095,0,4.01025,0.00000
534F4C31,31194,286577293,8212,4095,4095,0,4.00977,0.00000
534F4C31,31195,286580798,8208,4095,4095,0,4.00781,0.00000
534F4C31,31196,286587252,8215,4095,4095,0,4.01123,0.00000
534F4C31,31196,286590215,8207,4095,4095,0,4.00732,0.00000
534F4C31,31196,286595280,8214,4095,4095,0,4.01074,0.00000
534F4C31,31196,286597477,8219,4095,4095,0,4.01318,0.00000
534F4C31,31196,286599314,8204,4095,4095,0,4.00586,0.00000
534F4C31,31196,286602070,8214,4095,4095,0,4.01074,0.00000
534F4C31,31196,286604204,8217,4095,4095,0,4.01221,0.00000
534F4C31,31196,286606173,8203,4095,4095,0,4.00537,0.00000
534F4C31,31196,286608189,8214,4095,4095,0,4.01074,0.00000
534F4C31,31196,286610238,8211,4095,4095,0,4.00928,0.00000
534F4C31,31196,286612374,8212,4095,4095,0,4.00977,0.00000
534F4C31,31196,286614443,8206,4095,4095,0,4.00684,0.00000
534F4C31,31196,286616492,8210,4095,4095,0,4.00879,0.00000
534F4C31,31197,286618492,8202,4095,4095,0,4.00488,0.00000
534F4C31,31198,286623392,8217,4095,4095,0,4.01221,0.00000
534F4C31,31199,286627531,8208,4095,4095,0,4.00781,0.00000
534F4C31,31199,286632580,8205,4095,4095,0,4.00635,0.00000
534F4C31,31199,286634706,8206,4095,4095,0,4.00684,0.00000
534F4C31,31200,286637546,8216,4095,4095,0,4.01172,0.00000
534F4C31,31200,286642100,8213,4095,4095,0,4.01025,0.00000
534F4C31,31200,286644445,8213,4095,4095,0,4.01025,0.00000
534F4C31,31200,286646434,8206,4095,4095,0,4.00684,0.00000
534F4C31,31201,286649618,8207,4095,4095,0,4.00732,0.00000
534F4C31,31201,286653981,8208,4095,4095,0,4.00781,0.00000
534F4C31,31201,286656064,8216,4095,4095,0,4.01172,0.00000
534F4C31,31201,286658647,8209,4095,4095,0,4.00830,0.00000
534F4C31,31201,286661042,8206,4095,4095,0,4.00684,0.00000
534F4C31,31202,286663244,8209,4095,4095,0,4.00830,0.00000
534F4C31,31203,286666676,8212,4095,4095,0,4.00977,0.00000
534F4C31,31204,286669352,8208,4095,4095,0,4.00781,0.00000
534F4C31,31205,286672083,8223,4095,4095,0,4.01514,0.00000
534F4C31,31206,286674804,8212,4095,4095,0,4.00977,0.00000
534F4C31,31207,286677541,8215,4095,4095,0,4.01123,0.00000
534F4C31,31208,286680161,8217,4095,4095,0,4.01221,0.00000
534F4C31,31209,286684458,8216,4095,4095,0,4.01172,0.00000
534F4C31,31209,286690356,8759,4095,4095,0,4.27686,0.00000
534F4C31,31209,286693742,10175,4095,4095,0,4.96826,0.00000
534F4C31,31209,286695829,10232,4095,4095,0,4.99609,0.00000
534F4C31,31209,286697848,10261,4095,4095,0,5.01025,0.00000
534F4C31,31210,286700850,10266,4095,4095,0,5.01270,0.00000
534F4C31,31210,286704219,10270,4095,4095,0,5.01465,0.00000
534F4C31,31210,286707446,10259,4095,4095,0,5.00928,0.00000
534F4C31,31211,286709677,10267,4095,4095,0,5.01318,0.00000
534F4C31,31212,286715216,10267,4095,4095,0,5.01318,0.00000
534F4C31,31212,286718474,10265,4095,4095,0,5.01221,0.00000
534F4C31,31212,286721257,10266,4095,4095,0,5.01270,0.00000
534F4C31,31213,286724363,10257,4095,4095,0,5.00830,0.00000
534F4C31,31213,286729712,10264,4095,4095,0,5.01172,0.00000
534F4C31,31213,286731912,10264,4095,4095,0,5.01172,0.00000
534F4C31,31214,286737125,10259,4095,4095,0,5.00928,0.00000
534F4C31,31214,286740598,10264,4095,4095,0,5.01172,0.00000
534F4C31,31214,286742821,10256,4095,4095,0,5.00781,0.00000
534F4C31,31214,286746679,10275,4095,4095,0,5.01709,0.00000
534F4C31,31214,286749987,10269,4095,4095,0,5.01416,0.00000
534F4C31,31215,286752121,10266,4095,4095,0,5.01270,0.00000
534F4C31,31215,286756203,10259,4095,4095,0,5.00928,0.00000
534F4C31,31215,286760328,10267,4095,4095,0,5.01318,0.00000
534F4C31,31215,286762398,10260,4095,4095,0,5.00977,0.00000
534F4C31,31215,286765168,10268,4095,4095,0,5.01367,0.00000
534F4C31,31216,286767512,10265,4095,4095,0,5.01221,0.00000
534F4C31,31216,286770950,10260,4095,4095,0,5.00977,0.00000
534F4C31,31216,286774315,10263,4095,4095,0,5.01123,0.00000
534F4C31,31216,286776880,10253,4095,4095,0,5.00635,0.00000
534F4C31,31216,286779026,10266,4095,4095,0,5.01270,0.00000
534F4C31,31217,286781815,10257,4095,4095,0,5.00830,0.00000
534F4C31,31217,286785224,10271,4095,4095,0,5.01514,0.00000
534F4C31,31217,286787880,10270,4095,4095,0,5.01465,0.00000
534F4C31,31217,286792564,10271,4095,4095,0,5.01514,0.00000
534F4C31,31217,286794754,10268,4095,4095,0,5.01367,0.00000
534F4C31,31217,286797708,10263,4095,4095,0,5.01123,0.00000
534F4C31,31217,286800462,10270,4095,4095,0,5.01465,0.00000
534F4C31,31217,286802531,10264,4095,4095,0,5.01172,0.00000
534F4C31,31218,286804616,10260,4095,4095,0,5.00977,0.00000
534F4C31,31218,286808824,10267,4095,4095,0,5.01318,0.00000
534F4C31,31218,286811137,10273,4095,4095,0,5.01611,0.00000
534F4C31,31219,286813197,10267,4095,4095,0,5.01318,0.00000
534F4C31,31219,286818316,10269,4095,4095,0,5.01416,0.00000
534F4C31,31219,286820507,10262,4095,4095,0,5.01074,0.00000
534F4C31,31219,286822488,10269,4095,4095,0,5.01416,0.00000
534F4C31,31219,286825378,10263,4095,4095,0,5.01123,0.00000
534F4C31,31219,286827585,10257,4095,4095,0,5.00830,0.00000
534F4C31,31219,286829562,10268,4095,4095,0,5.01367,0.00000
534F4C31,31219,286831746,10259,4095,4095,0,5.00928,0.00000
534F4C31,31220,286833939,10267,4095,4095,0,5.01318,0.00000
534F4C31,31221,286838285,10256,4095,4095,0,5.00781,0.00000
534F4C31,31221,286842107,10265,4095,4095,0,5.01221,0.00000
534F4C31,31221,286846750,10260,4095,4095,0,5.00977,0.00000
534F4C31,31221,286848972,10264,4095,4095,0,5.01172,0.00000
534F4C31,31221,286851746,10258,4095,4095,0,5.00879,0.00000
534F4C31,31221,286854179,10267,4095,4095,0,5.01318,0.00000
534F4C31,31221,286856301,10264,4095,4095,0,5.01172,0.00000
534F4C31,31221,286858232,10272,4095,4095,0,5.01562,0.00000
534F4C31,31222,286860367,10267,4095,4095,0,5.01318,0.00000
534F4C31,31223,286863513,10258,4095,4095,0,5.00879,0.00000
534F4C31,31224,286867719,10271,4095,4095,0,5.01514,0.00000
534F4C31,31225,286871310,10259,4095,4095,0,5.00928,0.00000
534F4C31,31226,286878027,10269,4095,4095,0,5.01416,0.00000
534F4C31,31226,286882522,10267,4095,4095,0,5.01318,0.00000
534F4C31,31227,286886484,10268,4095,4095,0,5.01367,0.00000
534F4C31,31227,286890218,10272,4095,4095,0,5.01562,0.00000
534F4C31,31227,286894339,10267,4095,4095,0,5.01318,0.00000
534F4C31,31227,286897130,10273,4095,4095,0,5.01611,0.00000
534F4C31,31227,286899596,10272,4095,4095,0,5.01562,0.00000
534F4C31,31227,286901892,10259,4095,4095,0,5.00928,0.00000
534F4C31,31227,286904756,10271,4095,4095,0,5.01514,0.00000
534F4C31,31227,286906888,10266,4095,4095,0,5.01270,0.00000
534F4C31,31227,286908962,10260,4095,4095,0,5.00977,0.00000
534F4C31,31227,286910968,10266,4095,4095,0,5.01270,0.00000
534F4C31,31227,286912987,10253,4095,4095,0,5.00635,0.00000
534F4C31,31228,286915188,10267,4095,4095,0,5.01318,0.00000
534F4C31,31229,286919162,10255,4095,4095,0,5.00732,0.00000
534F4C31,31229,286922493,10263,4095,4095,0,5.01123,0.00000
534F4C31,31230,286925237,10264,4095,4095,0,5.01172,0.00000
534F4C31,31230,286930323,10255,4095,4095,0,5.00732,0.00000
534F4C31,31231,286933918,10268,4095,4095,0,5.01367,0.00000
534F4C31,31231,286939018,10259,4095,4095,0,5.00928,0.00000
534F4C31,31231,286941882,10265,4095,4095,0,5.01221,0.00000
534F4C31,31231,286943932,10258,4095,4095,0,5.00879,0.00000
534F4C31,31231,286946882,10267,4095,4095,0,5.01318,0.00000
534F4C31,31231,286949174,10265,4095,4095,0,5.01221,0.00000
534F4C31,31231,286951177,10272,4095,4095,0,5.01562,0.00000
534F4C31,31231,286953293,10265,4095,4095,0,5.01221,0.00000
534F4C31,31232,286955567,10261,4095,4095,0,5.01025,0.00000
534F4C31,31233,286959706,10255,4095,4095,0,5.00732,0.00000
534F4C31,31234,286963713,10271,4095,4095,0,5.01514,0.00000
534F4C31,31234,286968329,10268,4095,4095,0,5.01367,0.00000
534F4C31,31234,286971210,10262,4095,4095,0,5.01074,0.00000
534F4C31,31235,286974088,10265,4095,4095,0,5.01221,0.00000
534F4C31,31235,286978622,10263,4095,4095,0,5.01123,0.00000
534F4C31,31235,286980893,10268,4095,4095,0,5.01367,0.00000
534F4C31,31235,286982965,10259,4095,4095,0,5.00928,0.00000
534F4C31,31235,286985841,10265,4095,4095,0,5.01221,0.00000
534F4C31,31235,286988157,10261,4095,4095,0,5.01025,0.00000
534F4C31,31235,286990235,10273,4095,4095,0,5.01611,0.00000
534F4C31,31235,286992346,10266,4095,4095,0,5.01270,0.00000
534F4C31,31235,286994369,10260,4095,4095,0,5.00977,0.00000
534F4C31,31235,286996823,10263,4095,4095,0,5.01123,0.00000
534F4C31,31236,286999041,10259,4095,4095,0,5.00928,0.00000
534F4C31,31237,287003715,10272,4095,4095,0,5.01562,0.00000
534F4C31,31238,287007210,10258,4095,4095,0,5.00879,0.00000
534F4C31,31239,287013066,10272,4095,4095,0,5.01562,0.00000
534F4C31,31239,287016528,10262,4095,4095,0,5.01074,0.00000
534F4C31,31240,287019425,10262,4095,4095,0,5.01074,0.00000
534F4C31,31240,287024085,10266,4095,4095,0,5.01270,0.00000
534F4C31,31240,287027392,10268,4095,4095,0,5.01367,0.00000
534F4C31,31240,287031482,10262,4095,4095,0,5.01074,0.00000
534F4C31,31240,287033681,10255,4095,4095,0,5.00732,0.00000
534F4C31,31240,287037605,10267,4095,4095,0,5.01318,0.00000
534F4C31,31240,287039933,10265,4095,4095,0,5.01221,0.00000
534F4C31,31240,287041948,10260,4095,4095,0,5.00977,0.00000
534F4C31,31240,287044005,10273,4095,4095,0,5.01611,0.00000
534F4C31,31240,287046052,10267,4095,4095,0,5.01318,0.00000
534F4C31,31240,287048177,10275,4095,4095,0,5.01709,0.00000
534F4C31,31241,287050260,10269,4095,4095,0,5.01416,0.00000
534F4C31,31242,287052914,10272,4095,4095,0,5.01562,0.00000
534F4C31,31243,287057339,10255,4095,4095,0,5.00732,0.00000
534F4C31,31244,287062681,10269,4095,4095,0,5.01416,0.00000
534F4C31,31244,287067417,10265,4095,4095,0,5.01221,0.00000
534F4C31,31244,287072087,10265,4095,4095,0,5.01221,0.00000
534F4C31,31245,287074915,10270,4095,4095,0,5.01465,0.00000
534F4C31,31246,287079097,10262,4095,4095,0,5.01074,0.00000
534F4C31,31246,287085063,10268,4095,4095,0,5.01367,0.00000
534F4C31,31246,287087961,10275,4095,4095,0,5.01709,0.00000
534F4C31,31247,287092010,10256,4095,4095,0,5.00781,0.00000
534F4C31,31247,287096371,10275,4095,4095,0,5.01709,0.00000
534F4C31,31247,287100416,10260,4095,4095,0,5.00977,0.00000
534F4C31,31247,287103215,10269,4095,4095,0,5.01416,0.00000
534F4C31,31247,287105299,10269,4095,4095,0,5.01416,0.00000
534F4C31,31247,287108012,10262,4095,4095,0,5.01074,0.00000
534F4C31,31247,287110162,10276,4095,4095,0,5.01758,0.00000
534F4C31,31247,287112235,10265,4095,4095,0,5.01221,0.00000
534F4C31,31247,287114323,10273,4095,4095,0,5.01611,0.00000
534F4C31,31247,287116428,10270,4095,4095,0,5.01465,0.00000
534F4C31,31247,287118534,10271,4095,4095,0,5.01514,0.00000
534F4C31,31247,287120681,10268,4095,4095,0,5.01367,0.00000
534F4C31,31248,287122703,10259,4095,4095,0,5.00928,0.00000
534F4C31,31249,287126080,10270,4095,4095,0,5.01465,0.00000
534F4C31,31250,287130317,10268,4095,4095,0,5.01367,0.00000
534F4C31,31251,287133960,10272,4095,4095,0,5.01562,0.00000
534F4C31,31251,287137807,10267,4095,4095,0,5.01318,0.00000
534F4C31,31251,287143130,10272,4095,4095,0,5.01562,0.00000
534F4C31,31251,287145529,10273,4095,4095,0,5.01611,0.00000
534F4C31,31251,287148056,10264,4095,4095,0,5.01172,0.00000
534F4C31,31251,287150886,10255,4095,4095,0,5.00732,0.00000
534F4C31,31251,287153174,10270,4095,4095,0,5.01465,0.00000
534F4C31,31251,287155282,10266,4095,4095,0,5.01270,0.00000
534F4C31,31251,287157346,10272,4095,4095,0,5.01562,0.00000
534F4C31,31251,287159418,10258,4095,4095,0,5.00879,0.00000
534F4C31,31251,287161456,10255,4095,4095,0,5.00732,0.00000
534F4C31,31251,287163532,10265,4095,4095,0,5.01221,0.00000
534F4C31,31251,287165475,10261,4095,4095,0,5.01025,0.00000
534F4C31,31252,287167600,10268,4095,4095,0,5.01367,0.00000
534F4C31,31253,287171894,10256,4095,4095,0,5.00781,0.00000
534F4C31,31254,287175289,10264,4095,4095,0,5.01172,0.00000
534F4C31,31255,287180072,10263,4095,4095,0,5.01123,0.00000
534F4C31,31255,287185426,10272,4095,4095,0,5.01562,0.00000
534F4C31,31255,287187700,10273,4095,4095,0,5.01611,0.00000
534F4C31,31256,287191691,10266,4095,4095,0,5.01270,0.00000
534F4C31,31257,287195187,10263,4095,4095,0,5.01123,0.00000
534F4C31,31257,287199715,10265,4095,4095,0,5.01221,0.00000
534F4C31,31257,287203767,10274,4095,4095,0,5.01660,0.00000
534F4C31,31258,287206802,10266,4095,4095,0,5.01270,0.00000
534F4C31,31259,287210579,10268,4095,4095,0,5.01367,0.00000
534F4C31,31260,287214442,10267,4095,4095,0,5.01318,0.00000
534F4C31,31260,287219583,10260,4095,4095,0,5.00977,0.00000
534F4C31,31260,287222626,10266,4095,4095,0,5.01270,0.00000
534F4C31,31260,287224694,10261,4095,4095,0,5.01025,0.00000
534F4C31,31260,287226768,10272,4095,4095,0,5.01562,0.00000
534F4C31,31261,287229573,10264,4095,4095,0,5.01172,0.00000
534F4C31,31262,287233919,10254,4095,4095,0,5.00684,0.00000
534F4C31,31263,287238043,10266,4095,4095,0,5.01270,0.00000
534F4C31,31263,287241916,10262,4095,4095,0,5.01074,0.00000
534F4C31,31263,287244172,10268,4095,4095,0,5.01367,0.00000
534F4C31,31264,287246258,10275,4095,4095,0,5.01709,0.00000
534F4C31,31264,287250991,10263,4095,4095,0,5.01123,0.00000
534F4C31,31264,287254044,10270,4095,4095,0,5.01465,0.00000
534F4C31,31265,287257326,10264,4095,4095,0,5.01172,0.00000
534F4C31,31266,287262457,10269,4095,4095,0,5.01416,0.00000
534F4C31,31267,287266377,10269,4095,4095,0,5.01416,0.00000
534F4C31,31267,287270382,10265,4095,4095,0,5.01221,0.00000
534F4C31,31267,287274245,10265,4095,4095,0,5.01221,0.00000
534F4C31,31267,287276959,10274,4095,4095,0,5.01660,0.00000
534F4C31,31267,287279203,10265,4095,4095,0,5.01221,0.00000
534F4C31,31267,287282302,10256,4095,4095,0,5.00781,0.00000
534F4C31,31267,287284452,10270,4095,4095,0,5.01465,0.00000
534F4C31,31267,287287786,10269,4095,4095,0,5.01416,0.00000
534F4C31,31267,287289915,10256,4095,4095,0,5.00781,0.00000
534F4C31,31267,287291965,10264,4095,4095,0,5.01172,0.00000
534F4C31,31267,287294657,10255,4095,4095,0,5.00732,0.00000
534F4C31,31267,287297050,10274,4095,4095,0,5.01660,0.00000
534F4C31,31267,287299102,10261,4095,4095,0,5.01025,0.00000
534F4C31,31267,287301177,10272,4095,4095,0,5.01562,0.00000
534F4C31,31267,287303485,10265,4095,4095,0,5.01221,0.00000
534F4C31,31267,287305579,10262,4095,4095,0,5.01074,0.00000
534F4C31,31267,287307662,10268,4095,4095,0,5.01367,0.00000
534F4C31,31267,287309861,10261,4095,4095,0,5.01025,0.00000
534F4C31,31268,287311971,10267,4095,4095,0,5.01318,0.00000
534F4C31,31269,287315873,10268,4095,4095,0,5.01367,0.00000
534F4C31,31269,287319830,10267,4095,4095,0,5.01318,0.00000
534F4C31,31269,287324904,10274,4095,4095,0,5.01660,0.00000
534F4C31,31270,287327301,10265,4095,4095,0,5.01221,0.00000
534F4C31,31271,287332468,10262,4095,4095,0,5.01074,0.00000
534F4C31,31271,287335015,10269,4095,4095,0,5.01416,0.00000
534F4C31,31271,287340391,10264,4095,4095,0,5.01172,0.00000
534F4C31,31271,287342613,10270,4095,4095,0,5.01465,0.00000
534F4C31,31271,287345444,10265,4095,4095,0,5.01221,0.00000
534F4C31,31271,287348081,10271,4095,4095,0,5.01514,0.00000
534F4C31,31272,287350394,10263,4095,4095,0,5.01123,0.00000
534F4C31,31272,287354757,10269,4095,4095,0,5.01416,0.00000
534F4C31,31272,287357496,10256,4095,4095,0,5.00781,0.00000
534F4C31,31272,287359511,10254,4095,4095,0,5.00684,0.00000
534F4C31,31272,287361626,10265,4095,4095,0,5.01221,0.00000
534F4C31,31272,287364439,10261,4095,4095,0,5.01025,0.00000
534F4C31,31272,287366789,10274,4095,4095,0,5.01660,0.00000
534F4C31,31272,287368786,10260,4095,4095,0,5.00977,0.00000
534F4C31,31272,287370859,10273,4095,4095,0,5.01611,0.00000
534F4C31,31272,287372961,10269,4095,4095,0,5.01416,0.00000
534F4C31,31273,287375061,10260,4095,4095,0,5.00977,0.00000
534F4C31,31274,287379491,10257,4095,4095,0,5.00830,0.00000
534F4C31,31275,287382842,10269,4095,4095,0,5.01416,0.00000
534F4C31,31276,287386059,10277,4095,4095,0,5.01807,0.00000
534F4C31,31277,287391210,10263,4095,4095,0,5.01123,0.00000
534F4C31,31277,287395222,10255,4095,4095,0,5.00732,0.00000
534F4C31,31278,287399488,10256,4095,4095,0,5.00781,0.00000
534F4C31,31278,287402844,10264,4095,4095,0,5.01172,0.00000
534F4C31,31278,287407000,10257,4095,4095,0,5.00830,0.00000
534F4C31,31278,287412186,10274,4095,4095,0,5.01660,0.00000
534F4C31,31278,287414417,10252,4095,4095,0,5.00586,0.00000
534F4C31,31278,287416419,10268,4095,4095,0,5.01367,0.00000
534F4C31,31278,287419267,10256,4095,4095,0,5.00781,0.00000
534F4C31,31278,287421581,10260,4095,4095,0,5.00977,0.00000
534F4C31,31278,287423542,10267,4095,4095,0,5.01318,0.00000
534F4C31,31278,287425570,10260,4095,4095,0,5.00977,0.00000
534F4C31,31278,287427611,10267,4095,4095,0,5.01318,0.00000
534F4C31,31278,287429691,10256,4095,4095,0,5.00781,0.00000
534F4C31,31278,287431740,10263,4095,4095,0,5.01123,0.00000
534F4C31,31279,287433990,10261,4095,4095,0,5.01025,0.00000
534F4C31,31280,287438303,10266,4095,4095,0,5.01270,0.00000
534F4C31,31281,287442233,10256,4095,4095,0,5.00781,0.00000
534F4C31,31281,287448077,10274,4095,4095,0,5.01660,0.00000
534F4C31,31281,287450221,10261,4095,4095,0,5.01025,0.00000
534F4C31,31282,287453228,10256,4095,4095,0,5.00781,0.00000
534F4C31,31283,287457054,10263,4095,4095,0,5.01123,0.00000
534F4C31,31283,287461403,10273,4095,4095,0,5.01611,0.00000
534F4C31,31283,287463615,10272,4095,4095,0,5.01562,0.00000
534F4C31,31284,287467295,10264,4095,4095,0,5.01172,0.00000
534F4C31,31285,287471476,10266,4095,4095,0,5.01270,0.00000
534F4C31,31285,287477156,10274,4095,4095,0,5.01660,0.00000
534F4C31,31285,287480787,10261,4095,4095,0,5.01025,0.00000
534F4C31,31285,287482884,10272,4095,4095,0,5.01562,0.00000
534F4C31,31285,287485483,10256,4095,4095,0,5.00781,0.00000
534F4C31,31286,287487785,10254,4095,4095,0,5.00684,0.00000
534F4C31,31286,287491974,10264,4095,4095,0,5.01172,0.00000
534F4C31,31286,287494286,10269,4095,4095,0,5.01416,0.00000
534F4C31,31287,287496429,10265,4095,4095,0,5.01221,0.00000
534F4C31,31287,287501569,10275,4095,4095,0,5.01709,0.00000
534F4C31,31287,287503944,10257,4095,4095,0,5.00830,0.00000
534F4C31,31288,287507378,10264,4095,4095,0,5.01172,0.00000
534F4C31,31289,287510558,10267,4095,4095,0,5.01318,0.00000
534F4C31,31290,287514837,10268,4095,4095,0,5.01367,0.00000
534F4C31,31291,287518589,10269,4095,4095,0,5.01416,0.00000
534F4C31,31292,287523981,10275,4095,4095,0,5.01709,0.00000
534F4C31,31292,287529490,10263,4095,4095,0,5.01123,0.00000
534F4C31,31292,287532388,10268,4095,4095,0,5.01367,0.00000
534F4C31,31293,287535972,10267,4095,4095,0,5.01318,0.00000
534F4C31,31293,287540501,10263,4095,4095,0,5.01123,0.00000
534F4C31,31293,287542674,10261,4095,4095,0,5.01025,0.00000
534F4C31,31293,287544644,10269,4095,4095,0,5.01416,0.00000
534F4C31,31293,287547508,10266,4095,4095,0,5.01270,0.00000
534F4C31,31293,287550170,10270,4095,4095,0,5.01465,0.00000
534F4C31,31293,287552226,10268,4095,4095,0,5.01367,0.00000
534F4C31,31293,287554337,10261,4095,4095,0,5.01025,0.00000
534F4C31,31293,287556468,10271,4095,4095,0,5.01514,0.00000
534F4C31,31293,287558568,10268,4095,4095,0,5.01367,0.00000
534F4C31,31293,287560654,10274,4095,4095,0,5.01660,0.00000
534F4C31,31293,287562757,10268,4095,4095,0,5.01367,0.00000
534F4C31,31294,287564962,10271,4095,4095,0,5.01514,0.00000
534F4C31,31295,287568936,10265,4095,4095,0,5.01221,0.00000
534F4C31,31295,287573129,10266,4095,4095,0,5.01270,0.00000
534F4C31,31295,287577904,10271,4095,4095,0,5.01514,0.00000
534F4C31,31295,287580129,10271,4095,4095,0,5.01514,0.00000
534F4C31,31295,287582230,10263,4095,4095,0,5.01123,0.00000
534F4C31,31296,287584361,10274,4095,4095,0,5.01660,0.00000
534F4C31,31296,287589350,10265,4095,4095,0,5.01221,0.00000
534F4C31,31296,287592130,10268,4095,4095,0,5.01367,0.00000
534F4C31,31296,287594879,10271,4095,4095,0,5.01514,0.00000
534F4C31,31297,287597708,10257,4095,4095,0,5.00830,0.00000
534F4C31,31297,287602198,10264,4095,4095,0,5.01172,0.00000
534F4C31,31297,287604392,10252,4095,4095,0,5.00586,0.00000
534F4C31,31297,287607147,10263,4095,4095,0,5.01123,0.00000
534F4C31,31297,287609875,10264,4095,4095,0,5.01172,0.00000
534F4C31,31298,287612136,10264,4095,4095,0,5.01172,0.00000
534F4C31,31299,287616354,10271,4095,4095,0,5.01514,0.00000
534F4C31,31299,287618891,10276,4095,4095,0,5.01758,0.00000
534F4C31,31299,287624169,10271,4095,4095,0,5.01514,0.00000
534F4C31,31300,287627226,10267,4095,4095,0,5.01318,0.00000
534F4C31,31300,287629416,10265,4095,4095,0,5.01221,0.00000
534F4C31,31300,287634620,10272,4095,4095,0,5.01562,0.00000
534F4C31,31300,287636772,10261,4095,4095,0,5.01025,0.00000
534F4C31,31300,287638767,10272,4095,4095,0,5.01562,0.00000
534F4C31,31300,287641813,10267,4095,4095,0,5.01318,0.00000
534F4C31,31300,287643955,10265,4095,4095,0,5.01221,0.00000
534F4C31,31300,287645959,10273,4095,4095,0,5.01611,0.00000
534F4C31,31300,287648028,10265,4095,4095,0,5.01221,0.00000
534F4C31,31300,287650070,10273,4095,4095,0,5.01611,0.00000
534F4C31,31300,287652004,10265,4095,4095,0,5.01221,0.00000
534F4C31,31301,287654010,10273,4095,4095,0,5.01611,0.00000
534F4C31,31302,287659045,10267,4095,4095,0,5.01318,0.00000
534F4C31,31303,287662444,10271,4095,4095,0,5.01514,0.00000
534F4C31,31304,287668534,10264,4095,4095,0,5.01172,0.00000
534F4C31,31304,287673293,10261,4095,4095,0,5.01025,0.00000
534F4C31,31304,287676593,10263,4095,4095,0,5.01123,0.00000
534F4C31,31304,287678698,10256,4095,4095,0,5.00781,0.00000
534F4C31,31304,287681821,10267,4095,4095,0,5.01318,0.00000
534F4C31,31305,287684269,10266,4095,4095,0,5.01270,0.00000
534F4C31,31306,287688592,10261,4095,4095,0,5.01025,0.00000
534F4C31,31306,287691961,10264,4095,4095,0,5.01172,0.00000
534F4C31,31306,287697492,10268,4095,4095,0,5.01367,0.00000
534F4C31,31306,287700081,10262,4095,4095,0,5.01074,0.00000
534F4C31,31306,287702130,10257,4095,4095,0,5.00830,0.00000
534F4C31,31306,287704195,10272,4095,4095,0,5.01562,0.00000
534F4C31,31306,287707678,10265,4095,4095,0,5.01221,0.00000
534F4C31,31306,287710050,10262,4095,4095,0,5.01074,0.00000
534F4C31,31306,287712484,10273,4095,4095,0,5.01611,0.00000
534F4C31,31307,287714647,10266,4095,4095,0,5.01270,0.00000
534F4C31,31308,287718931,10260,4095,4095,0,5.00977,0.00000
534F4C31,31309,287722490,10257,4095,4095,0,5.00830,0.00000
534F4C31,31310,287728470,10264,4095,4095,0,5.01172,0.00000
534F4C31,31310,287733026,10257,4095,4095,0,5.00830,0.00000
534F4C31,31310,287735200,10267,4095,4095,0,5.01318,0.00000
534F4C31,31311,287739743,10267,4095,4095,0,5.01318,0.00000
534F4C31,31311,287743390,10268,4095,4095,0,5.01367,0.00000
534F4C31,31311,287745628,10268,4095,4095,0,5.01367,0.00000
534F4C31,31312,287749636,10257,4095,4095,0,5.00830,0.00000
534F4C31,31312,287752879,10266,4095,4095,0,5.01270,0.00000
534F4C31,31312,287755265,10273,4095,4095,0,5.01611,0.00000
534F4C31,31313,287757300,10268,4095,4095,0,5.01367,0.00000
534F4C31,31313,287762445,10259,4095,4095,0,5.00928,0.00000
534F4C31,31313,287765973,10263,4095,4095,0,5.01123,0.00000
534F4C31,31313,287768139,10264,4095,4095,0,5.01172,0.00000
534F4C31,31313,287770298,10277,4095,4095,0,5.01807,0.00000
534F4C31,31313,287773485,10265,4095,4095,0,5.01221,0.00000
534F4C31,31313,287775569,10260,4095,4095,0,5.00977,0.00000
534F4C31,31313,287777698,10269,4095,4095,0,5.01416,0.00000
534F4C31,31314,287779850,10272,4095,4095,0,5.01562,0.00000
534F4C31,31315,287784474,10258,4095,4095,0,5.00879,0.00000
534F4C31,31316,287788012,10260,4095,4095,0,5.00977,0.00000
534F4C31,31317,287793672,10263,4095,4095,0,5.01123,0.00000
534F4C31,31318,287798525,10269,4095,4095,0,5.01416,0.00000
534F4C31,31318,287802945,10254,4095,4095,0,5.00684,0.00000
534F4C31,31318,287804978,10262,4095,4095,0,5.01074,0.00000
534F4C31,31318,287808219,10267,4095,4095,0,5.01318,0.00000
534F4C31,31318,287810425,10259,4095,4095,0,5.00928,0.00000
534F4C31,31318,287812411,10266,4095,4095,0,5.01270,0.00000
534F4C31,31318,287814934,10256,4095,4095,0,5.00781,0.00000
534F4C31,31318,287817106,10276,4095,4095,0,5.01758,0.00000
534F4C31,31318,287819384,10270,4095,4095,0,5.01465,0.00000
534F4C31,31319,287821495,10257,4095,4095,0,5.00830,0.00000
534F4C31,31319,287825859,10266,4095,4095,0,5.01270,0.00000
534F4C31,31319,287828984,10268,4095,4095,0,5.01367,0.00000
534F4C31,31320,287831043,10266,4095,4095,0,5.01270,0.00000
534F4C31,31320,287836758,10259,4095,4095,0,5.00928,0.00000
534F4C31,31320,287839029,10264,4095,4095,0,5.01172,0.00000
534F4C31,31321,287841915,10263,4095,4095,0,5.01123,0.00000
534F4C31,31321,287847082,10261,4095,4095,0,5.01025,0.00000
534F4C31,31321,287849739,10256,4095,4095,0,5.00781,0.00000
534F4C31,31321,287851922,10271,4095,4095,0,5.01514,0.00000
534F4C31,31321,287854914,10259,4095,4095,0,5.00928,0.00000
534F4C31,31322,287856988,10258,4095,4095,0,5.00879,0.00000
534F4C31,31323,287862668,10267,4095,4095,0,5.01318,0.00000
534F4C31,31323,287866491,11096,4095,4095,0,5.41797,0.00000
534F4C31,31323,287871021,12126,4095,4095,0,5.92090,0.00000
534F4C31,31323,287874069,12298,4095,4095,0,6.00488,0.00000
534F4C31,31323,287876970,12303,4095,4095,0,6.00732,0.00000
534F4C31,31324,287879770,12324,4095,4095,0,6.01758,0.00000
534F4C31,31324,287884261,12314,4095,4095,0,6.01270,0.00000
534F4C31,31324,287886628,12322,4095,4095,0,6.01660,0.00000
534F4C31,31325,287889417,12316,4095,4095,0,6.01367,0.00000
534F4C31,31326,287894152,12312,4095,4095,0,6.01172,0.00000
534F4C31,31327,287897706,12318,4095,4095,0,6.01465,0.00000
534F4C31,31327,287901861,12316,4095,4095,0,6.01367,0.00000
534F4C31,31328,287907309,12324,4095,4095,0,6.01758,0.00000
534F4C31,31329,287910522,12319,4095,4095,0,6.01514,0.00000
534F4C31,31330,287917360,12316,4095,4095,0,6.01367,0.00000
534F4C31,31330,287921739,12315,4095,4095,0,6.01318,0.00000
534F4C31,31330,287925545,12317,4095,4095,0,6.01416,0.00000
534F4C31,31331,287928553,12314,4095,4095,0,6.01270,0.00000
534F4C31,31332,287933076,12305,4095,4095,0,6.00830,0.00000
534F4C31,31332,287937616,12314,4095,4095,0,6.01270,0.00000
534F4C31,31332,287941289,12312,4095,4095,0,6.01172,0.00000
534F4C31,31333,287944321,12313,4095,4095,0,6.01221,0.00000
534F4C31,31334,287949895,12317,4095,4095,0,6.01416,0.00000
534F4C31,31335,287953434,12320,4095,4095,0,6.01562,0.00000
534F4C31,31335,287959814,12313,4095,4095,0,6.01221,0.00000
534F4C31,31335,287962054,12315,4095,4095,0,6.01318,0.00000
534F4C31,31336,287965396,12324,4095,4095,0,6.01758,0.00000
534F4C31,31337,287968977,12321,4095,4095,0,6.01611,0.00000
534F4C31,31337,287973593,12326,4095,4095,0,6.01855,0.00000
534F4C31,31337,287975790,12318,4095,4095,0,6.01465,0.00000
534F4C31,31337,287979336,12304,4095,4095,0,6.00781,0.00000
534F4C31,31337,287982615,12320,4095,4095,0,6.01562,0.00000
534F4C31,31338,287984879,12309,4095,4095,0,6.01025,0.00000
534F4C31,31339,287988831,12316,4095,4095,0,6.01367,0.00000
534F4C31,31340,287993031,12327,4095,4095,0,6.01904,0.00000
534F4C31,31340,287998149,12309,4095,4095,0,6.01025,0.00000
534F4C31,31340,288003018,12311,4095,4095,0,6.01123,0.00000
534F4C31,31340,288005264,12319,4095,4095,0,6.01514,0.00000
534F4C31,31340,288007308,12325,4095,4095,0,6.01807,0.00000
534F4C31,31340,288009409,12314,4095,4095,0,6.01270,0.00000
534F4C31,31340,288012347,12308,4095,4095,0,6.00977,0.00000
534F4C31,31340,288014508,12319,4095,4095,0,6.01514,0.00000
534F4C31,31340,288016524,12310,4095,4095,0,6.01074,0.00000
534F4C31,31340,288019033,12322,4095,4095,0,6.01660,0.00000
534F4C31,31340,288021211,12313,4095,4095,0,6.01221,0.00000
534F4C31,31340,288023246,12326,4095,4095,0,6.01855,0.00000
534F4C31,31341,288025287,12318,4095,4095,0,6.01465,0.00000
534F4C31,31341,288029625,12312,4095,4095,0,6.01172,0.00000
534F4C31,31341,288031976,12310,4095,4095,0,6.01074,0.00000
534F4C31,31341,288033965,12316,4095,4095,0,6.01367,0.00000
534F4C31,31341,288037513,12304,4095,4095,0,6.00781,0.00000
534F4C31,31341,288040217,12319,4095,4095,0,6.01514,0.00000
534F4C31,31341,288042252,12320,4095,4095,0,6.01562,0.00000
534F4C31,31341,288044331,12311,4095,4095,0,6.01123,0.00000
534F4C31,31342,288047452,12310,4095,4095,0,6.01074,0.00000
534F4C31,31343,288051904,12317,4095,4095,0,6.01416,0.00000
534F4C31,31343,288055811,12323,4095,4095,0,6.01709,0.00000
534F4C31,31343,288060972,12329,4095,4095,0,6.02002,0.00000
534F4C31,31343,288063726,12309,4095,4095,0,6.01025,0.00000
534F4C31,31343,288065878,12326,4095,4095,0,6.01855,0.00000
534F4C31,31343,288068572,12311,4095,4095,0,6.01123,0.00000
534F4C31,31343,288070927,12304,4095,4095,0,6.00781,0.00000
534F4C31,31343,288072938,12313,4095,4095,0,6.01221,0.00000
534F4C31,31343,288074962,12309,4095,4095,0,6.01025,0.00000
534F4C31,31343,288077006,12325,4095,4095,0,6.01807,0.00000
534F4C31,31343,288079178,12314,4095,4095,0,6.01270,0.00000
534F4C31,31343,288081314,12326,4095,4095,0,6.01855,0.00000
534F4C31,31343,288083346,12317,4095,4095,0,6.01416,0.00000
534F4C31,31343,288085456,12328,4095,4095,0,6.01953,0.00000
534F4C31,31344,288087590,12317,4095,4095,0,6.01416,0.00000
534F4C31,31345,288091979,12311,4095,4095,0,6.01123,0.00000
534F4C31,31346,288095722,12319,4095,4095,0,6.01514,0.00000
534F4C31,31347,288100610,12309,4095,4095,0,6.01025,0.00000
534F4C31,31347,288105834,12317,4095,4095,0,6.01416,0.00000
534F4C31,31347,288108044,12325,4095,4095,0,6.01807,0.00000
534F4C31,31348,288110023,12317,4095,4095,0,6.01416,0.00000
534F4C31,31349,288112336,12324,4095,4095,0,6.01758,0.00000
534F4C31,31349,288117721,12312,4095,4095,0,6.01172,0.00000
534F4C31,31349,288122614,12309,4095,4095,0,6.01025,0.00000
534F4C31,31349,288126335,12310,4095,4095,0,6.01074,0.00000
534F4C31,31349,288129131,12305,4095,4095,0,6.00830,0.00000
534F4C31,31349,288131149,12320,4095,4095,0,6.01562,0.00000
534F4C31,31349,288133145,12308,4095,4095,0,6.00977,0.00000
534F4C31,31349,288136051,12322,4095,4095,0,6.01660,0.00000
534F4C31,31349,288138237,12314,4095,4095,0,6.01270,0.00000
534F4C31,31349,288140324,12309,4095,4095,0,6.01025,0.00000
534F4C31,31349,288142407,12324,4095,4095,0,6.01758,0.00000
534F4C31,31349,288144477,12309,4095,4095,0,6.01025,0.00000
534F4C31,31349,288146699,12311,4095,4095,0,6.01123,0.00000
534F4C31,31349,288148800,12317,4095,4095,0,6.01416,0.00000
534F4C31,31349,288150915,12325,4095,4095,0,6.01807,0.00000
534F4C31,31350,288153038,12318,4095,4095,0,6.01465,0.00000
534F4C31,31351,288157315,12324,4095,4095,0,6.01758,0.00000
534F4C31,31352,288160968,12312,4095,4095,0,6.01172,0.00000
534F4C31,31353,288168025,12323,4095,4095,0,6.01709,0.00000
534F4C31,31353,288172632,12320,4095,4095,0,6.01562,0.00000
534F4C31,31353,288174830,12326,4095,4095,0,6.01855,0.00000
534F4C31,31354,288179245,12318,4095,4095,0,6.01465,0.00000
534F4C31,31354,288182781,12318,4095,4095,0,6.01465,0.00000
534F4C31,31354,288185131,12313,4095,4095,0,6.01221,0.00000
534F4C31,31355,288188531,12309,4095,4095,0,6.01025,0.00000
534F4C31,31355,288192923,12320,4095,4095,0,6.01562,0.00000
534F4C31,31355,288196954,12315,4095,4095,0,6.01318,0.00000
534F4C31,31356,288200379,12317,4095,4095,0,6.01416,0.00000
534F4C31,31357,288203382,12307,4095,4095,0,6.00928,0.00000
534F4C31,31357,288209344,12314,4095,4095,0,6.01270,0.00000
534F4C31,31357,288211505,12320,4095,4095,0,6.01562,0.00000
534F4C31,31357,288213526,12320,4095,4095,0,6.01562,0.00000
534F4C31,31357,288216699,12315,4095,4095,0,6.01318,0.00000
534F4C31,31357,288218824,12314,4095,4095,0,6.01270,0.00000
534F4C31,31357,288220894,12322,4095,4095,0,6.01660,0.00000
534F4C31,31357,288223060,12316,4095,4095,0,6.01367,0.00000
534F4C31,31357,288225540,12309,4095,4095,0,6.01025,0.00000
534F4C31,31357,288227787,12321,4095,4095,0,6.01611,0.00000
534F4C31,31358,288229806,12318,4095,4095,0,6.01465,0.00000
534F4C31,31359,288234519,12322,4095,4095,0,6.01660,0.00000
534F4C31,31360,288239096,12312,4095,4095,0,6.01172,0.00000
534F4C31,31360,288244167,12322,4095,4095,0,6.01660,0.00000
534F4C31,31360,288246159,12323,4095,4095,0,6.01709,0.00000
534F4C31,31360,288248974,12324,4095,4095,0,6.01758,0.00000
534F4C31,31360,288251188,12316,4095,4095,0,6.01367,0.00000
534F4C31,31360,288253283,12314,4095,4095,0,6.01270,0.00000
534F4C31,31360,288255295,12316,4095,4095,0,6.01367,0.00000
534F4C31,31360,288257339,12309,4095,4095,0,6.01025,0.00000
534F4C31,31361,288259380,12324,4095,4095,0,6.01758,0.00000
534F4C31,31362,288264143,12318,4095,4095,0,6.01465,0.00000
534F4C31,31363,288268136,12323,4095,4095,0,6.01709,0.00000
534F4C31,31364,288274360,12312,4095,4095,0,6.01172,0.00000
534F4C31,31364,288276524,12314,4095,4095,0,6.01270,0.00000
534F4C31,31364,288281379,12324,4095,4095,0,6.01758,0.00000
534F4C31,31364,288283488,12322,4095,4095,0,6.01660,0.00000
534F4C31,31364,288285544,12319,4095,4095,0,6.01514,0.00000
534F4C31,31365,288288489,12316,4095,4095,0,6.01367,0.00000
534F4C31,31365,288292788,12323,4095,4095,0,6.01709,0.00000
534F4C31,31365,288295139,12325,4095,4095,0,6.01807,0.00000
534F4C31,31365,288297820,12319,4095,4095,0,6.01514,0.00000
534F4C31,31366,288300879,12313,4095,4095,0,6.01221,0.00000
534F4C31,31366,288305558,12317,4095,4095,0,6.01416,0.00000
534F4C31,31366,288307786,12306,4095,4095,0,6.00879,0.00000
534F4C31,31366,288311063,12315,4095,4095,0,6.01318,0.00000
534F4C31,31366,288313348,12319,4095,4095,0,6.01514,0.00000
534F4C31,31366,288315434,12306,4095,4095,0,6.00879,0.00000
534F4C31,31366,288317484,12316,4095,4095,0,6.01367,0.00000
534F4C31,31366,288319553,12308,4095,4095,0,6.00977,0.00000
534F4C31,31366,288321678,12323,4095,4095,0,6.01709,0.00000
534F4C31,31366,288323743,12316,4095,4095,0,6.01367,0.00000
534F4C31,31367,288326400,12325,4095,4095,0,6.01807,0.00000
534F4C31,31368,288331983,12321,4095,4095,0,6.01611,0.00000
534F4C31,31369,288336105,12314,4095,4095,0,6.01270,0.00000
534F4C31,31369,288341349,12317,4095,4095,0,6.01416,0.00000
534F4C31,31369,288343513,12319,4095,4095,0,6.01514,0.00000
534F4C31,31370,288345542,12323,4095,4095,0,6.01709,0.00000
534F4C31,31370,288350887,12314,4095,4095,0,6.01270,0.00000
534F4C31,31370,288353203,12326,4095,4095,0,6.01855,0.00000
534F4C31,31371,288356127,12316,4095,4095,0,6.01367,0.00000
534F4C31,31372,288358876,12315,4095,4095,0,6.01318,0.00000
534F4C31,31373,288364560,12319,4095,4095,0,6.01514,0.00000
534F4C31,31373,288370724,12325,4095,4095,0,6.01807,0.00000
534F4C31,31373,288373513,12321,4095,4095,0,6.01611,0.00000
534F4C31,31374,288376409,12322,4095,4095,0,6.01660,0.00000
534F4C31,31375,288381053,12319,4095,4095,0,6.01514,0.00000
534F4C31,31375,288385290,12319,4095,4095,0,6.01514,0.00000
534F4C31,31375,288388513,12324,4095,4095,0,6.01758,0.00000
534F4C31,31375,288391910,12312,4095,4095,0,6.01172,0.00000
534F4C31,31375,288394168,12313,4095,4095,0,6.01221,0.00000
534F4C31,31375,288396223,12321,4095,4095,0,6.01611,0.00000
534F4C31,31375,288399224,12321,4095,4095,0,6.01611,0.00000
534F4C31,31375,288401406,12314,4095,4095,0,6.01270,0.00000
534F4C31,31375,288403499,12324,4095,4095,0,6.01758,0.00000
534F4C31,31375,288405511,12311,4095,4095,0,6.01123,0.00000
534F4C31,31376,288407598,12326,4095,4095,0,6.01855,0.00000
534F4C31,31376,288411492,12316,4095,4095,0,6.01367,0.00000
534F4C31,31376,288413800,12318,4095,4095,0,6.01465,0.00000
534F4C31,31376,288416728,12312,4095,4095,0,6.01172,0.00000
534F4C31,31376,288419039,12324,4095,4095,0,6.01758,0.00000
534F4C31,31376,288421180,12318,4095,4095,0,6.01465,0.00000
534F4C31,31376,288423263,12322,4095,4095,0,6.01660,0.00000
534F4C31,31376,288425308,12319,4095,4095,0,6.01514,0.00000
534F4C31,31377,288427394,12315,4095,4095,0,6.01318,0.00000
534F4C31,31378,288432474,12329,4095,4095,0,6.02002,0.00000
534F4C31,31379,288436679,12310,4095,4095,0,6.01074,0.00000
534F4C31,31379,288441180,12313,4095,4095,0,6.01221,0.00000
534F4C31,31379,288444195,12308,4095,4095,0,6.00977,0.00000
534F4C31,31380,288446500,12320,4095,4095,0,6.01562,0.00000
534F4C31,31381,288450619,12315,4095,4095,0,6.01318,0.00000
534F4C31,31382,288454025,12320,4095,4095,0,6.01562,0.00000
534F4C31,31382,288458980,12316,4095,4095,0,6.01367,0.00000
534F4C31,31382,288464754,12311,4095,4095,0,6.01123,0.00000
534F4C31,31382,288466983,12308,4095,4095,0,6.00977,0.00000
534F4C31,31382,288469873,12324,4095,4095,0,6.01758,0.00000
534F4C31,31382,288472088,12317,4095,4095,0,6.01416,0.00000
534F4C31,31382,288474175,12308,4095,4095,0,6.00977,0.00000
534F4C31,31383,288476267,12318,4095,4095,0,6.01465,0.00000
534F4C31,31384,288480630,12306,4095,4095,0,6.00879,0.00000
534F4C31,31384,288483250,12315,4095,4095,0,6.01318,0.00000
534F4C31,31384,288488262,12308,4095,4095,0,6.00977,0.00000
534F4C31,31384,288490739,12318,4095,4095,0,6.01465,0.00000
534F4C31,31384,288492824,12323,4095,4095,0,6.01709,0.00000
534F4C31,31384,288495704,12317,4095,4095,0,6.01416,0.00000
534F4C31,31384,288497819,12314,4095,4095,0,6.01270,0.00000
534F4C31,31384,288499821,12316,4095,4095,0,6.01367,0.00000
534F4C31,31384,288501931,12308,4095,4095,0,6.00977,0.00000
534F4C31,31384,288504043,12320,4095,4095,0,6.01562,0.00000
534F4C31,31385,288506263,12317,4095,4095,0,6.01416,0.00000
534F4C31,31386,288510666,12324,4095,4095,0,6.01758,0.00000
534F4C31,31387,288514439,12306,4095,4095,0,6.00879,0.00000
534F4C31,31388,288520918,12316,4095,4095,0,6.01367,0.00000
534F4C31,31388,288524093,12317,4095,4095,0,6.01416,0.00000
534F4C31,31388,288526504,12314,4095,4095,0,6.01270,0.00000
534F4C31,31389,288531119,12318,4095,4095,0,6.01465,0.00000
534F4C31,31389,288534927,12309,4095,4095,0,6.01025,0.00000
534F4C31,31389,288537047,12310,4095,4095,0,6.01074,0.00000
534F4C31,31390,288541679,12330,4095,4095,0,6.02051,0.00000
534F4C31,31391,288544967,12324,4095,4095,0,6.01758,0.00000
534F4C31,31391,288550986,12309,4095,4095,0,6.01025,0.00000
534F4C31,31391,288554131,12320,4095,4095,0,6.01562,0.00000
534F4C31,31391,288557081,12308,4095,4095,0,6.00977,0.00000
534F4C31,31391,288559277,12326,4095,4095,0,6.01855,0.00000
534F4C31,31391,288561365,12316,4095,4095,0,6.01367,0.00000
534F4C31,31391,288563369,12310,4095,4095,0,6.01074,0.00000
534F4C31,31391,288565471,12317,4095,4095,0,6.01416,0.00000
534F4C31,31392,288567565,12318,4095,4095,0,6.01465,0.00000
534F4C31,31392,288571883,12316,4095,4095,0,6.01367,0.00000
534F4C31,31392,288574189,12320,4095,4095,0,6.01562,0.00000
534F4C31,31393,288576309,12316,4095,4095,0,6.01367,0.00000
534F4C31,31393,288581992,12314,4095,4095,0,6.01270,0.00000
534F4C31,31393,288585062,12316,4095,4095,0,6.01367,0.00000
534F4C31,31394,288588715,12310,4095,4095,0,6.01074,0.00000
534F4C31,31395,288593009,12311,4095,4095,0,6.01123,0.00000
534F4C31,31395,288597381,12317,4095,4095,0,6.01416,0.00000
534F4C31,31395,288600792,12320,4095,4095,0,6.01562,0.00000
534F4C31,31396,288603183,12313,4095,4095,0,6.01221,0.00000
534F4C31,31397,288606558,12327,4095,4095,0,6.01904,0.00000
534F4C31,31397,288612295,12321,4095,4095,0,6.01611,0.00000
534F4C31,31397,288614514,12314,4095,4095,0,6.01270,0.00000
534F4C31,31398,288617431,12323,4095,4095,0,6.01709,0.00000
534F4C31,31398,288621360,12314,4095,4095,0,6.01270,0.00000
534F4C31,31398,288624548,12318,4095,4095,0,6.01465,0.00000
534F4C31,31399,288626804,12314,4095,4095,0,6.01270,0.00000
534F4C31,31400,288630706,12320,4095,4095,0,6.01562,0.00000
534F4C31,31400,288635711,12309,4095,4095,0,6.01025,0.00000
534F4C31,31400,288640568,12309,4095,4095,0,6.01025,0.00000
534F4C31,31400,288642958,12316,4095,4095,0,6.01367,0.00000
534F4C31,31400,288644882,12309,4095,4095,0,6.01025,0.00000
534F4C31,31400,288647402,12320,4095,4095,0,6.01562,0.00000
534F4C31,31400,288649847,12310,4095,4095,0,6.01074,0.00000
534F4C31,31400,288651901,12327,4095,4095,0,6.01904,0.00000
534F4C31,31400,288653962,12321,4095,4095,0,6.01611,0.00000
534F4C31,31400,288656099,12321,4095,4095,0,6.01611,0.00000
534F4C31,31400,288658234,12316,4095,4095,0,6.01367,0.00000
534F4C31,31400,288660294,12320,4095,4095,0,6.01562,0.00000
534F4C31,31400,288662353,12317,4095,4095,0,6.01416,0.00000
534F4C31,31400,288664395,12307,4095,4095,0,6.00928,0.00000
534F4C31,31400,288666472,12320,4095,4095,0,6.01562,0.00000
534F4C31,31400,288668568,12310,4095,4095,0,6.01074,0.00000
534F4C31,31401,288670722,12320,4095,4095,0,6.01562,0.00000
534F4C31,31402,288675093,12317,4095,4095,0,6.01416,0.00000
534F4C31,31403,288680778,12317,4095,4095,0,6.01416,0.00000
534F4C31,31403,288684435,12324,4095,4095,0,6.01758,0.00000
534F4C31,31403,288688122,12320,4095,4095,0,6.01562,0.00000
534F4C31,31404,288690449,12317,4095,4095,0,6.01416,0.00000
534F4C31,31404,288695341,12319,4095,4095,0,6.01514,0.00000
534F4C31,31404,288697497,12319,4095,4095,0,6.01514,0.00000
534F4C31,31405,288700283,12312,4095,4095,0,6.01172,0.00000
534F4C31,31405,288705228,12320,4095,4095,0,6.01562,0.00000
534F4C31,31405,288707449,12315,4095,4095,0,6.01318,0.00000
534F4C31,31405,288710329,12321,4095,4095,0,6.01611,0.00000
534F4C31,31405,288712579,12317,4095,4095,0,6.01416,0.00000
534F4C31,31405,288714569,12325,4095,4095,0,6.01807,0.00000
534F4C31,31405,288716632,12318,4095,4095,0,6.01465,0.00000
534F4C31,31405,288718598,12310,4095,4095,0,6.01074,0.00000
534F4C31,31406,288720657,12323,4095,4095,0,6.01709,0.00000
534F4C31,31407,288724975,12303,4095,4095,0,6.00732,0.00000
534F4C31,31408,288728424,12317,4095,4095,0,6.01416,0.00000
534F4C31,31408,288733622,12310,4095,4095,0,6.01074,0.00000
534F4C31,31408,288737194,12328,4095,4095,0,6.01953,0.00000
534F4C31,31409,288740159,12323,4095,4095,0,6.01709,0.00000
534F4C31,31409,288745319,12315,4095,4095,0,6.01318,0.00000
534F4C31,31409,288747646,12319,4095,4095,0,6.01514,0.00000
534F4C31,31410,288749670,12328,4095,4095,0,6.01953,0.00000
534F4C31,31410,288753918,12319,4095,4095,0,6.01514,0.00000
534F4C31,31410,288757541,12321,4095,4095,0,6.01611,0.00000
534F4C31,31410,288759701,12318,4095,4095,0,6.01465,0.00000
534F4C31,31410,288762726,12320,4095,4095,0,6.01562,0.00000
534F4C31,31410,288764909,12322,4095,4095,0,6.01660,0.00000
534F4C31,31411,288767386,12315,4095,4095,0,6.01318,0.00000
534F4C31,31411,288771674,12319,4095,4095,0,6.01514,0.00000
534F4C31,31411,288774389,12318,4095,4095,0,6.01465,0.00000
534F4C31,31412,288776944,12324,4095,4095,0,6.01758,0.00000
534F4C31,31413,288780517,12314,4095,4095,0,6.01270,0.00000
534F4C31,31414,288783502,12318,4095,4095,0,6.01465,0.00000
534F4C31,31415,288787043,12320,4095,4095,0,6.01562,0.00000
534F4C31,31416,288790491,12313,4095,4095,0,6.01221,0.00000
534F4C31,31417,288793771,12309,4095,4095,0,6.01025,0.00000
534F4C31,31418,288797235,12310,4095,4095,0,6.01074,0.00000
534F4C31,31419,288800074,12325,4095,4095,0,6.01807,0.00000
534F4C31,31420,288803458,12322,4095,4095,0,6.01660,0.00000
534F4C31,31421,288806661,12318,4095,4095,0,6.01465,0.00000
534F4C31,31422,288810193,12319,4095,4095,0,6.01514,0.00000
534F4C31,31423,288813736,12313,4095,4095,0,6.01221,0.00000
534F4C31,31424,288817639,12310,4095,4095,0,6.01074,0.00000
534F4C31,31425,288821172,12315,4095,4095,0,6.01318,0.00000
534F4C31,31426,288824564,12312,4095,4095,0,6.01172,0.00000
534F4C31,31427,288827845,12310,4095,4095,0,6.01074,0.00000
534F4C31,31428,288831181,12329,4095,4095,0,6.02002,0.00000
534F4C31,31429,288834617,12319,4095,4095,0,6.01514,0.00000
534F4C31,31430,288837524,12317,4095,4095,0,6.01416,0.00000
534F4C31,31431,288841452,12314,4095,4095,0,6.01270,0.00000
534F4C31,31432,288845698,12315,4095,4095,0,6.01318,0.00000
534F4C31,31433,288853281,12318,4095,4095,0,6.01465,0.00000
534F4C31,31433,288857066,12315,4095,4095,0,6.01318,0.00000
534F4C31,31433,288859240,12312,4095,4095,0,6.01172,0.00000
534F4C31,31434,288862277,12320,4095,4095,0,6.01562,0.00000
534F4C31,31435,288867462,12315,4095,4095,0,6.01318,0.00000
534F4C31,31435,288871528,12324,4095,4095,0,6.01758,0.00000
534F4C31,31435,288873769,12325,4095,4095,0,6.01807,0.00000
534F4C31,31436,288878258,12313,4095,4095,0,6.01221,0.00000
534F4C31,31436,288881875,12317,4095,4095,0,6.01416,0.00000
534F4C31,31436,288885514,12329,4095,4095,0,6.02002,0.00000
534F4C31,31437,288888858,12317,4095,4095,0,6.01416,0.00000
534F4C31,31438,288892021,12317,4095,4095,0,6.01416,0.00000
534F4C31,31438,288897074,12309,4095,4095,0,6.01025,0.00000
534F4C31,31438,288900015,12319,4095,4095,0,6.01514,0.00000
534F4C31,31439,288903082,12315,4095,4095,0,6.01318,0.00000
534F4C31,31440,288907345,12310,4095,4095,0,6.01074,0.00000
534F4C31,31440,288911026,12306,4095,4095,0,6.00879,0.00000
534F4C31,31440,288915546,12310,4095,4095,0,6.01074,0.00000
534F4C31,31440,288917773,12311,4095,4095,0,6.01123,0.00000
534F4C31,31440,288919841,12328,4095,4095,0,6.01953,0.00000
534F4C31,31441,288922012,12314,4095,4095,0,6.01270,0.00000
534F4C31,31442,288927061,12325,4095,4095,0,6.01807,0.00000
534F4C31,31442,288930692,12313,4095,4095,0,6.01221,0.00000
534F4C31,31442,288935224,12306,4095,4095,0,6.00879,0.00000
534F4C31,31442,288937419,12320,4095,4095,0,6.01562,0.00000
534F4C31,31442,288939433,12322,4095,4095,0,6.01660,0.00000
534F4C31,31442,288942662,12310,4095,4095,0,6.01074,0.00000
534F4C31,31443,288945061,12315,4095,4095,0,6.01318,0.00000
534F4C31,31443,288949614,12319,4095,4095,0,6.01514,0.00000
534F4C31,31443,288951721,12322,4095,4095,0,6.01660,0.00000
534F4C31,31443,288954613,12319,4095,4095,0,6.01514,0.00000
534F4C31,31443,288956893,12315,4095,4095,0,6.01318,0.00000
534F4C31,31443,288958964,12325,4095,4095,0,6.01807,0.00000
534F4C31,31443,288961049,12317,4095,4095,0,6.01416,0.00000
534F4C31,31443,288963083,12328,4095,4095,0,6.01953,0.00000
534F4C31,31443,288965189,12314,4095,4095,0,6.01270,0.00000
534F4C31,31443,288967223,12303,4095,4095,0,6.00732,0.00000
534F4C31,31443,288969279,12315,4095,4095,0,6.01318,0.00000
534F4C31,31443,288971308,12307,4095,4095,0,6.00928,0.00000
534F4C31,31443,288973414,12321,4095,4095,0,6.01611,0.00000
534F4C31,31443,288975301,12315,4095,4095,0,6.01318,0.00000
534F4C31,31443,288977281,12316,4095,4095,0,6.01367,0.00000
534F4C31,31443,288979331,12306,4095,4095,0,6.00879,0.00000
534F4C31,31443,288981343,12318,4095,4095,0,6.01465,0.00000
534F4C31,31443,288983436,12311,4095,4095,0,6.01123,0.00000
534F4C31,31443,288985454,12316,4095,4095,0,6.01367,0.00000
534F4C31,31443,288987577,12313,4095,4095,0,6.01221,0.00000
534F4C31,31444,288989634,12324,4095,4095,0,6.01758,0.00000
534F4C31,31445,288992953,12319,4095,4095,0,6.01514,0.00000
534F4C31,31446,288997589,12317,4095,4095,0,6.01416,0.00000
534F4C31,31446,288999799,12315,4095,4095,0,6.01318,0.00000
534F4C31,31447,289002886,12325,4095,4095,0,6.01807,0.00000
534F4C31,31447,289007357,12320,4095,4095,0,6.01562,0.00000
534F4C31,31447,289010221,12312,4095,4095,0,6.01172,0.00000
534F4C31,31448,289012290,12318,4095,4095,0,6.01465,0.00000
534F4C31,31448,289016078,12307,4095,4095,0,6.00928,0.00000
534F4C31,31448,289019040,12313,4095,4095,0,6.01221,0.00000
534F4C31,31448,289021174,12325,4095,4095,0,6.01807,0.00000
534F4C31,31448,289023084,12314,4095,4095,0,6.01270,0.00000
534F4C31,31448,289025484,12324,4095,4095,0,6.01758,0.00000
534F4C31,31448,289027772,12321,4095,4095,0,6.01611,0.00000
534F4C31,31448,289029843,12314,4095,4095,0,6.01270,0.00000
534F4C31,31448,289031887,12318,4095,4095,0,6.01465,0.00000
534F4C31,31448,289033990,12309,4095,4095,0,6.01025,0.00000
534F4C31,31448,289036098,12325,4095,4095,0,6.01807,0.00000
534F4C31,31448,289038427,12316,4095,4095,0,6.01367,0.00000
534F4C31,31448,289040489,12325,4095,4095,0,6.01807,0.00000
534F4C31,31448,289042873,12318,4095,4095,0,6.01465,0.00000
534F4C31,31448,289044952,12309,4095,4095,0,6.01025,0.00000
534F4C31,31448,289047190,12317,4095,4095,0,6.01416,0.00000
534F4C31,31448,289049368,12309,4095,4095,0,6.01025,0.00000
534F4C31,31448,289051390,12319,4095,4095,0,6.01514,0.00000
534F4C31,31448,289053511,12307,4095,4095,0,6.00928,0.00000
534F4C31,31448,289055575,12325,4095,4095,0,6.01807,0.00000
534F4C31,31448,289057725,12314,4095,4095,0,6.01270,0.00000
534F4C31,31449,289059921,12327,4095,4095,0,6.01904,0.00000
534F4C31,31450,289063144,12320,4095,4095,0,6.01562,0.00000
534F4C31,31450,289066668,12318,4095,4095,0,6.01465,0.00000
534F4C31,31450,289068843,12313,4095,4095,0,6.01221,0.00000
534F4C31,31451,289071750,12325,4095,4095,0,6.01807,0.00000
534F4C31,31452,289075632,12325,4095,4095,0,6.01807,0.00000
534F4C31,31452,289078982,12319,4095,4095,0,6.01514,0.00000
534F4C31,31452,289082001,12318,4095,4095,0,6.01465,0.00000
534F4C31,31452,289084094,12307,4095,4095,0,6.00928,0.00000
534F4C31,31452,289086704,12316,4095,4095,0,6.01367,0.00000
534F4C31,31453,289088882,12320,4095,4095,0,6.01562,0.00000
534F4C31,31454,289092361,12325,4095,4095,0,6.01807,0.00000
534F4C31,31455,289096793,12306,4095,4095,0,6.00879,0.00000
534F4C31,31456,289101515,12323,4095,4095,0,6.01709,0.00000
534F4C31,31456,289106980,12318,4095,4095,0,6.01465,0.00000
534F4C31,31456,289111271,12321,4095,4095,0,6.01611,0.00000
534F4C31,31457,289117286,12319,4095,4095,0,6.01514,0.00000
534F4C31,31457,289122040,12317,4095,4095,0,6.01416,0.00000
534F4C31,31458,289125284,12317,4095,4095,0,6.01416,0.00000
534F4C31,31458,289130235,12317,4095,4095,0,6.01416,0.00000
534F4C31,31458,289132954,12315,4095,4095,0,6.01318,0.00000
534F4C31,31459,289135107,12310,4095,4095,0,6.01074,0.00000
534F4C31,31460,289140015,12329,4095,4095,0,6.02002,0.00000
534F4C31,31461,289143233,12307,4095,4095,0,6.00928,0.00000
534F4C31,31461,289149168,12316,4095,4095,0,6.01367,0.00000
534F4C31,31461,289152589,12313,4095,4095,0,6.01221,0.00000
534F4C31,31461,289154680,12313,4095,4095,0,6.01221,0.00000
534F4C31,31461,289156716,12324,4095,4095,0,6.01758,0.00000
534F4C31,31461,289159726,12316,4095,4095,0,6.01367,0.00000
534F4C31,31461,289161847,12314,4095,4095,0,6.01270,0.00000
534F4C31,31461,289163874,12316,4095,4095,0,6.01367,0.00000
534F4C31,31461,289165977,12305,4095,4095,0,6.00830,0.00000
534F4C31,31461,289168033,12317,4095,4095,0,6.01416,0.00000
534F4C31,31461,289170161,12310,4095,4095,0,6.01074,0.00000
534F4C31,31461,289172184,12329,4095,4095,0,6.02002,0.00000
534F4C31,31461,289174182,12312,4095,4095,0,6.01172,0.00000
534F4C31,31461,289176221,12327,4095,4095,0,6.01904,0.00000
534F4C31,31461,289178217,12316,4095,4095,0,6.01367,0.00000
534F4C31,31461,289180296,12326,4095,4095,0,6.01855,0.00000
534F4C31,31461,289182334,12320,4095,4095,0,6.01562,0.00000
534F4C31,31461,289184418,12325,4095,4095,0,6.01807,0.00000
534F4C31,31462,289186484,12316,4095,4095,0,6.01367,0.00000
534F4C31,31463,289190598,12514,4095,4095,0,6.11035,0.00000
534F4C31,31464,289193928,14168,4095,4095,0,6.91797,0.00000
534F4C31,31464,289197874,14335,4095,4095,0,6.99951,0.00000
534F4C31,31464,289202068,14357,4095,4095,0,7.01025,0.00000
534F4C31,31465,289205023,14359,4095,4095,0,7.01123,0.00000
534F4C31,31466,289209234,14376,4095,4095,0,7.01953,0.00000
534F4C31,31466,289213868,14359,4095,4095,0,7.01123,0.00000
534F4C31,31467,289218262,14374,4095,4095,0,7.01855,0.00000
534F4C31,31468,289222177,14367,4095,4095,0,7.01514,0.00000
534F4C31,31469,289226593,14368,4095,4095,0,7.01562,0.00000
534F4C31,31470,289231330,14370,4095,4095,0,7.01660,0.00000
534F4C31,31470,289235679,14376,4095,4095,0,7.01953,0.00000
534F4C31,31470,289237980,14367,4095,4095,0,7.01514,0.00000
534F4C31,31471,289240880,14370,4095,4095,0,7.01660,0.00000
534F4C31,31471,289244988,14363,4095,4095,0,7.01318,0.00000
534F4C31,31471,289247189,14359,4095,4095,0,7.01123,0.00000
534F4C31,31471,289249611,14372,4095,4095,0,7.01758,0.00000
534F4C31,31471,289253911,14378,4095,4095,0,7.02051,0.00000
534F4C31,31471,289255990,14366,4095,4095,0,7.01465,0.00000
534F4C31,31471,289257826,14373,4095,4095,0,7.01807,0.00000
534F4C31,31471,289259557,14372,4095,4095,0,7.01758,0.00000
534F4C31,31471,289261652,14377,4095,4095,0,7.02002,0.00000
534F4C31,31471,289263778,14369,4095,4095,0,7.01611,0.00000
534F4C31,31471,289265815,14377,4095,4095,0,7.02002,0.00000
534F4C31,31471,289267929,14369,4095,4095,0,7.01611,0.00000
534F4C31,31472,289270059,14375,4095,4095,0,7.01904,0.00000
534F4C31,31473,289272987,14366,4095,4095,0,7.01465,0.00000
534F4C31,31473,289277266,14371,4095,4095,0,7.01709,0.00000
534F4C31,31473,289279829,14366,4095,4095,0,7.01465,0.00000
534F4C31,31474,289282085,14355,4095,4095,0,7.00928,0.00000
534F4C31,31474,289286060,14370,4095,4095,0,7.01660,0.00000
534F4C31,31474,289288352,14368,4095,4095,0,7.01562,0.00000
534F4C31,31474,289290353,14364,4095,4095,0,7.01367,0.00000
534F4C31,31474,289292570,14376,4095,4095,0,7.01953,0.00000
534F4C31,31475,289295179,14371,4095,4095,0,7.01709,0.00000
534F4C31,31476,289297492,14362,4095,4095,0,7.01270,0.00000
534F4C31,31477,289301448,14376,4095,4095,0,7.01953,0.00000
534F4C31,31478,289305711,14368,4095,4095,0,7.01562,0.00000
534F4C31,31478,289310244,14378,4095,4095,0,7.02051,0.00000
534F4C31,31478,289312460,14376,4095,4095,0,7.01953,0.00000
534F4C31,31478,289315151,14369,4095,4095,0,7.01611,0.00000
534F4C31,31478,289317385,14356,4095,4095,0,7.00977,0.00000
534F4C31,31479,289319501,14364,4095,4095,0,7.01367,0.00000
534F4C31,31479,289322882,14372,4095,4095,0,7.01758,0.00000
534F4C31,31479,289325164,14364,4095,4095,0,7.01367,0.00000
534F4C31,31480,289327259,14373,4095,4095,0,7.01807,0.00000
534F4C31,31480,289331322,14371,4095,4095,0,7.01709,0.00000
534F4C31,31480,289334867,14371,4095,4095,0,7.01709,0.00000
534F4C31,31480,289336936,14360,4095,4095,0,7.01172,0.00000
534F4C31,31480,289338945,14370,4095,4095,0,7.01660,0.00000
534F4C31,31480,289341804,14367,4095,4095,0,7.01514,0.00000
534F4C31,31480,289343899,14378,4095,4095,0,7.02051,0.00000
534F4C31,31481,289345959,14369,4095,4095,0,7.01611,0.00000
534F4C31,31482,289349327,14356,4095,4095,0,7.00977,0.00000
534F4C31,31483,289353718,14368,4095,4095,0,7.01562,0.00000
534F4C31,31484,289357659,14373,4095,4095,0,7.01807,0.00000
534F4C31,31485,289362390,14369,4095,4095,0,7.01611,0.00000
534F4C31,31486,289366798,14367,4095,4095,0,7.01514,0.00000
534F4C31,31487,289372697,14372,4095,4095,0,7.01758,0.00000
534F4C31,31488,289376105,14357,4095,4095,0,7.01025,0.00000
534F4C31,31489,289382590,14358,4095,4095,0,7.01074,0.00000
534F4C31,31490,289385961,14371,4095,4095,0,7.01709,0.00000
534F4C31,31491,289391842,14379,4095,4095,0,7.02100,0.00000
534F4C31,31492,289396196,14364,4095,4095,0,7.01367,0.00000
534F4C31,31493,289404605,14358,4095,4095,0,7.01074,0.00000
534F4C31,31494,289409379,14368,4095,4095,0,7.01562,0.00000
534F4C31,31494,289413656,14367,4095,4095,0,7.01514,0.00000
534F4C31,31494,289416898,14373,4095,4095,0,7.01807,0.00000
534F4C31,31494,289420345,14367,4095,4095,0,7.01514,0.00000
534F4C31,31494,289423621,14369,4095,4095,0,7.01611,0.00000
534F4C31,31495,289425761,14363,4095,4095,0,7.01318,0.00000
534F4C31,31496,289429582,14372,4095,4095,0,7.01758,0.00000
534F4C31,31497,289434014,14372,4095,4095,0,7.01758,0.00000
534F4C31,31498,289439953,14370,4095,4095,0,7.01660,0.00000
534F4C31,31498,289443281,14370,4095,4095,0,7.01660,0.00000
534F4C31,31499,289446442,14357,4095,4095,0,7.01025,0.00000
534F4C31,31500,289450816,14362,4095,4095,0,7.01270,0.00000
534F4C31,31500,289456375,14365,4095,4095,0,7.01416,0.00000
534F4C31,31500,289460389,14376,4095,4095,0,7.01953,0.00000
534F4C31,31501,289463385,14371,4095,4095,0,7.01709,0.00000
534F4C31,31502,289467855,14366,4095,4095,0,7.01465,0.00000
534F4C31,31503,289471312,14370,4095,4095,0,7.01660,0.00000
534F4C31,31503,289477653,14378,4095,4095,0,7.02051,0.00000
534F4C31,31503,289480053,14365,4095,4095,0,7.01416,0.00000
534F4C31,31503,289482833,14385,4095,4095,0,7.02393,0.00000
534F4C31,31503,289485760,14372,4095,4095,0,7.01758,0.00000
534F4C31,31503,289487853,14359,4095,4095,0,7.01123,0.00000
534F4C31,31503,289489892,14367,4095,4095,0,7.01514,0.00000
534F4C31,31503,289491910,14361,4095,4095,0,7.01221,0.00000
534F4C31,31503,289493968,14365,4095,4095,0,7.01416,0.00000
534F4C31,31504,289496089,14359,4095,4095,0,7.01123,0.00000
534F4C31,31505,289499435,14375,4095,4095,0,7.01904,0.00000
534F4C31,31505,289503202,14371,4095,4095,0,7.01709,0.00000
534F4C31,31505,289505395,14364,4095,4095,0,7.01367,0.00000
534F4C31,31506,289508252,14370,4095,4095,0,7.01660,0.00000
534F4C31,31506,289511972,14369,4095,4095,0,7.01611,0.00000
534F4C31,31506,289514144,14376,4095,4095,0,7.01953,0.00000
534F4C31,31506,289516565,14370,4095,4095,0,7.01660,0.00000
534F4C31,31506,289518960,14366,4095,4095,0,7.01465,0.00000
534F4C31,31506,289520969,14371,4095,4095,0,7.01709,0.00000
534F4C31,31506,289523056,14365,4095,4095,0,7.01416,0.00000
534F4C31,31506,289525129,14370,4095,4095,0,7.01660,0.00000
534F4C31,31506,289527235,14361,4095,4095,0,7.01221,0.00000
534F4C31,31507,289529321,14378,4095,4095,0,7.02051,0.00000
534F4C31,31507,289532609,14367,4095,4095,0,7.01514,0.00000
534F4C31,31507,289534887,14361,4095,4095,0,7.01221,0.00000
534F4C31,31507,289536954,14368,4095,4095,0,7.01562,0.00000
534F4C31,31507,289539024,14360,4095,4095,0,7.01172,0.00000
534F4C31,31507,289541725,14380,4095,4095,0,7.02148,0.00000
534F4C31,31507,289543830,14368,4095,4095,0,7.01562,0.00000
534F4C31,31507,289545876,14372,4095,4095,0,7.01758,0.00000
534F4C31,31507,289547963,14368,4095,4095,0,7.01562,0.00000
534F4C31,31507,289550079,14360,4095,4095,0,7.01172,0.00000
534F4C31,31507,289552093,14367,4095,4095,0,7.01514,0.00000
534F4C31,31507,289554145,14357,4095,4095,0,7.01025,0.00000
534F4C31,31507,289556568,14366,4095,4095,0,7.01465,0.00000
534F4C31,31507,289558678,14370,4095,4095,0,7.01660,0.00000
534F4C31,31507,289560737,14377,4095,4095,0,7.02002,0.00000
534F4C31,31507,289562777,14372,4095,4095,0,7.01758,0.00000
534F4C31,31507,289564873,14377,4095,4095,0,7.02002,0.00000
534F4C31,31507,289566963,14370,4095,4095,0,7.01660,0.00000
534F4C31,31508,289569238,14378,4095,4095,0,7.02051,0.00000
534F4C31,31509,289572452,14368,4095,4095,0,7.01562,0.00000
534F4C31,31509,289576355,14369,4095,4095,0,7.01611,0.00000
534F4C31,31509,289579566,14374,4095,4095,0,7.01855,0.00000
534F4C31,31509,289581658,14364,4095,4095,0,7.01367,0.00000
534F4C31,31509,289584184,14366,4095,4095,0,7.01465,0.00000
534F4C31,31510,289586341,14368,4095,4095,0,7.01562,0.00000
534F4C31,31510,289589848,14361,4095,4095,0,7.01221,0.00000
534F4C31,31510,289591831,14375,4095,4095,0,7.01904,0.00000
534F4C31,31510,289593619,14366,4095,4095,0,7.01465,0.00000
534F4C31,31510,289595703,14377,4095,4095,0,7.02002,0.00000
534F4C31,31510,289598513,14372,4095,4095,0,7.01758,0.00000
534F4C31,31510,289600645,14356,4095,4095,0,7.00977,0.00000
534F4C31,31510,289602763,14370,4095,4095,0,7.01660,0.00000
534F4C31,31510,289604804,14363,4095,4095,0,7.01318,0.00000
534F4C31,31510,289606948,14368,4095,4095,0,7.01562,0.00000
534F4C31,31510,289609081,14367,4095,4095,0,7.01514,0.00000
534F4C31,31510,289611221,14375,4095,4095,0,7.01904,0.00000
534F4C31,31510,289613272,14371,4095,4095,0,7.01709,0.00000
534F4C31,31510,289615143,14378,4095,4095,0,7.02051,0.00000
534F4C31,31510,289617174,14367,4095,4095,0,7.01514,0.00000
534F4C31,31511,289619334,14373,4095,4095,0,7.01807,0.00000
534F4C31,31511,289622352,14369,4095,4095,0,7.01611,0.00000
534F4C31,31511,289624845,14370,4095,4095,0,7.01660,0.00000
534F4C31,31511,289626620,14378,4095,4095,0,7.02051,0.00000
534F4C31,31512,289628651,14364,4095,4095,0,7.01367,0.00000
534F4C31,31513,289632898,14373,4095,4095,0,7.01807,0.00000
534F4C31,31514,289637151,14359,4095,4095,0,7.01123,0.00000
534F4C31,31514,289641485,14361,4095,4095,0,7.01221,0.00000
534F4C31,31514,289645621,14371,4095,4095,0,7.01709,0.00000
534F4C31,31514,289648802,14364,4095,4095,0,7.01367,0.00000
534F4C31,31514,289651081,14361,4095,4095,0,7.01221,0.00000
534F4C31,31514,289653175,14370,4095,4095,0,7.01660,0.00000
534F4C31,31514,289657699,14369,4095,4095,0,7.01611,0.00000
534F4C31,31514,289659882,14369,4095,4095,0,7.01611,0.00000
534F4C31,31514,289662822,14376,4095,4095,0,7.01953,0.00000
534F4C31,31515,289666248,14374,4095,4095,0,7.01855,0.00000
534F4C31,31516,289670367,14365,4095,4095,0,7.01416,0.00000
534F4C31,31517,289674487,14359,4095,4095,0,7.01123,0.00000
534F4C31,31518,289681603,14362,4095,4095,0,7.01270,0.00000
534F4C31,31519,289688547,14374,4095,4095,0,7.01855,0.00000
534F4C31,31519,289694928,14373,4095,4095,0,7.01807,0.00000
534F4C31,31519,289697807,14377,4095,4095,0,7.02002,0.00000
534F4C31,31520,289700749,14378,4095,4095,0,7.02051,0.00000
534F4C31,31521,289704948,14368,4095,4095,0,7.01562,0.00000
534F4C31,31521,289708515,14372,4095,4095,0,7.01758,0.00000
534F4C31,31521,289713139,14375,4095,4095,0,7.01904,0.00000
534F4C31,31522,289715960,14366,4095,4095,0,7.01465,0.00000
534F4C31,31522,289719188,14369,4095,4095,0,7.01611,0.00000
534F4C31,31522,289723936,14360,4095,4095,0,7.01172,0.00000
534F4C31,31522,289727516,14363,4095,4095,0,7.01318,0.00000
534F4C31,31522,289730368,14370,4095,4095,0,7.01660,0.00000
534F4C31,31522,289733151,14360,4095,4095,0,7.01172,0.00000
534F4C31,31522,289735388,14372,4095,4095,0,7.01758,0.00000
534F4C31,31523,289737430,14371,4095,4095,0,7.01709,0.00000
534F4C31,31524,289741320,14378,4095,4095,0,7.02051,0.00000
534F4C31,31524,289745484,14379,4095,4095,0,7.02100,0.00000
534F4C31,31524,289747711,14378,4095,4095,0,7.02051,0.00000
534F4C31,31524,289749738,14370,4095,4095,0,7.01660,0.00000
534F4C31,31524,289753830,14360,4095,4095,0,7.01172,0.00000
534F4C31,31524,289756163,14361,4095,4095,0,7.01221,0.00000
534F4C31,31524,289758177,14371,4095,4095,0,7.01709,0.00000
534F4C31,31525,289760544,14362,4095,4095,0,7.01270,0.00000
534F4C31,31525,289763556,14376,4095,4095,0,7.01953,0.00000
534F4C31,31525,289768359,14375,4095,4095,0,7.01904,0.00000
534F4C31,31526,289771329,14376,4095,4095,0,7.01953,0.00000
534F4C31,31526,289775127,14366,4095,4095,0,7.01465,0.00000
534F4C31,31526,289779282,14378,4095,4095,0,7.02051,0.00000
534F4C31,31527,289781517,14371,4095,4095,0,7.01709,0.00000
534F4C31,31527,289784905,14361,4095,4095,0,7.01221,0.00000
534F4C31,31527,289789225,14362,4095,4095,0,7.01270,0.00000
534F4C31,31527,289791841,14367,4095,4095,0,7.01514,0.00000
534F4C31,31527,289794453,14372,4095,4095,0,7.01758,0.00000
534F4C31,31527,289797200,14370,4095,4095,0,7.01660,0.00000
534F4C31,31527,289799434,14368,4095,4095,0,7.01562,0.00000
534F4C31,31527,289801430,14375,4095,4095,0,7.01904,0.00000
534F4C31,31528,289803519,14366,4095,4095,0,7.01465,0.00000
534F4C31,31528,289806775,14378,4095,4095,0,7.02051,0.00000
534F4C31,31528,289809056,14375,4095,4095,0,7.01904,0.00000
534F4C31,31529,289811144,14368,4095,4095,0,7.01562,0.00000
534F4C31,31530,289814910,14378,4095,4095,0,7.02051,0.00000
534F4C31,31530,289818664,14374,4095,4095,0,7.01855,0.00000
534F4C31,31530,289821517,14379,4095,4095,0,7.02100,0.00000
534F4C31,31531,289823672,14370,4095,4095,0,7.01660,0.00000
534F4C31,31531,289827680,14368,4095,4095,0,7.01562,0.00000
534F4C31,31531,289829848,14360,4095,4095,0,7.01172,0.00000
534F4C31,31531,289831849,14372,4095,4095,0,7.01758,0.00000
534F4C31,31531,289834437,14361,4095,4095,0,7.01221,0.00000
534F4C31,31531,289836670,14377,4095,4095,0,7.02002,0.00000
534F4C31,31531,289838716,14369,4095,4095,0,7.01611,0.00000
534F4C31,31531,289840800,14373,4095,4095,0,7.01807,0.00000
534F4C31,31531,289842945,14370,4095,4095,0,7.01660,0.00000
534F4C31,31531,289844942,14381,4095,4095,0,7.02197,0.00000
534F4C31,31531,289846981,14366,4095,4095,0,7.01465,0.00000
534F4C31,31531,289849145,14363,4095,4095,0,7.01318,0.00000
534F4C31,31531,289851298,14369,4095,4095,0,7.01611,0.00000
534F4C31,31531,289853342,14358,4095,4095,0,7.01074,0.00000
534F4C31,31531,289855447,14369,4095,4095,0,7.01611,0.00000
534F4C31,31531,289857548,14368,4095,4095,0,7.01562,0.00000
534F4C31,31532,289859780,14377,4095,4095,0,7.02002,0.00000
534F4C31,31532,289863187,14366,4095,4095,0,7.01465,0.00000
534F4C31,31532,289865985,14365,4095,4095,0,7.01416,0.00000
534F4C31,31533,289868162,14380,4095,4095,0,7.02148,0.00000
534F4C31,31533,289871137,14374,4095,4095,0,7.01855,0.00000
534F4C31,31533,289874532,14371,4095,4095,0,7.01709,0.00000
534F4C31,31534,289877217,14356,4095,4095,0,7.00977,0.00000
534F4C31,31535,289881023,14379,4095,4095,0,7.02100,0.00000
534F4C31,31536,289884543,14381,4095,4095,0,7.02197,0.00000
534F4C31,31537,289888026,14355,4095,4095,0,7.00928,0.00000
534F4C31,31538,289892022,14380,4095,4095,0,7.02148,0.00000
534F4C31,31539,289896785,14378,4095,4095,0,7.02051,0.00000
534F4C31,31540,289900797,14369,4095,4095,0,7.01611,0.00000
534F4C31,31541,289905046,14374,4095,4095,0,7.01855,0.00000
534F4C31,31542,289908993,14361,4095,4095,0,7.01221,0.00000
534F4C31,31543,289913758,14369,4095,4095,0,7.01611,0.00000
534F4C31,31544,289918137,14371,4095,4095,0,7.01709,0.00000
534F4C31,31545,289922417,14369,4095,4095,0,7.01611,0.00000
534F4C31,31545,289927837,14379,4095,4095,0,7.02100,0.00000
534F4C31,31545,289930830,14364,4095,4095,0,7.01367,0.00000
534F4C31,31546,289934724,14365,4095,4095,0,7.01416,0.00000
534F4C31,31547,289942733,14375,4095,4095,0,7.01904,0.00000
534F4C31,31548,289947618,14362,4095,4095,0,7.01270,0.00000
534F4C31,31549,289952432,14371,4095,4095,0,7.01709,0.00000
534F4C31,31550,289956368,14359,4095,4095,0,7.01123,0.00000
534F4C31,31550,289960900,14369,4095,4095,0,7.01611,0.00000
534F4C31,31550,289965670,14366,4095,4095,0,7.01465,0.00000
534F4C31,31551,289967898,14374,4095,4095,0,7.01855,0.00000
534F4C31,31551,289973043,14371,4095,4095,0,7.01709,0.00000
534F4C31,31551,289975304,14370,4095,4095,0,7.01660,0.00000
534F4C31,31551,289978003,14362,4095,4095,0,7.01270,0.00000
534F4C31,31551,289980258,14374,4095,4095,0,7.01855,0.00000
534F4C31,31552,289982384,14366,4095,4095,0,7.01465,0.00000
534F4C31,31553,289986698,14378,4095,4095,0,7.02051,0.00000
534F4C31,31553,289990482,14359,4095,4095,0,7.01123,0.00000
534F4C31,31553,289995004,14358,4095,4095,0,7.01074,0.00000
534F4C31,31554,289997820,14375,4095,4095,0,7.01904,0.00000
534F4C31,31554,290001480,14374,4095,4095,0,7.01855,0.00000
534F4C31,31554,290005634,14361,4095,4095,0,7.01221,0.00000
534F4C31,31554,290008464,14374,4095,4095,0,7.01855,0.00000
534F4C31,31554,290010654,14369,4095,4095,0,7.01611,0.00000
534F4C31,31555,290013448,14371,4095,4095,0,7.01709,0.00000
534F4C31,31555,290017717,14377,4095,4095,0,7.02002,0.00000
534F4C31,31555,290020044,14360,4095,4095,0,7.01172,0.00000
534F4C31,31556,290022070,14369,4095,4095,0,7.01611,0.00000
534F4C31,31556,290026817,14364,4095,4095,0,7.01367,0.00000
534F4C31,31556,290029329,14368,4095,4095,0,7.01562,0.00000
534F4C31,31557,290031984,14380,4095,4095,0,7.02148,0.00000
534F4C31,31558,290034299,14367,4095,4095,0,7.01514,0.00000
534F4C31,31559,290039348,14367,4095,4095,0,7.01514,0.00000
534F4C31,31560,290043990,14369,4095,4095,0,7.01611,0.00000
534F4C31,31560,290047060,14364,4095,4095,0,7.01367,0.00000
534F4C31,31560,290051325,14374,4095,4095,0,7.01855,0.00000
534F4C31,31560,290053500,14367,4095,4095,0,7.01514,0.00000
534F4C31,31560,290055512,14362,4095,4095,0,7.01270,0.00000
534F4C31,31560,290057560,14370,4095,4095,0,7.01660,0.00000
534F4C31,31560,290060136,14365,4095,4095,0,7.01416,0.00000
534F4C31,31560,290062294,14377,4095,4095,0,7.02002,0.00000
534F4C31,31560,290064364,14366,4095,4095,0,7.01465,0.00000
534F4C31,31560,290066438,14358,4095,4095,0,7.01074,0.00000
534F4C31,31560,290068930,14371,4095,4095,0,7.01709,0.00000
534F4C31,31560,290071078,14362,4095,4095,0,7.01270,0.00000
534F4C31,31560,290073271,14374,4095,4095,0,7.01855,0.00000
534F4C31,31560,290075281,14368,4095,4095,0,7.01562,0.00000
534F4C31,31560,290077388,14375,4095,4095,0,7.01904,0.00000
534F4C31,31560,290079375,14372,4095,4095,0,7.01758,0.00000
534F4C31,31560,290081496,14380,4095,4095,0,7.02148,0.00000
534F4C31,31560,290083550,14366,4095,4095,0,7.01465,0.00000
534F4C31,31560,290085658,14380,4095,4095,0,7.02148,0.00000
534F4C31,31560,290087578,14364,4095,4095,0,7.01367,0.00000
534F4C31,31560,290089650,14360,4095,4095,0,7.01172,0.00000
534F4C31,31560,290091769,14369,4095,4095,0,7.01611,0.00000
534F4C31,31560,290093796,14360,4095,4095,0,7.01172,0.00000
534F4C31,31560,290095807,14366,4095,4095,0,7.01465,0.00000
534F4C31,31560,290097799,14359,4095,4095,0,7.01123,0.00000
534F4C31,31560,290099875,14371,4095,4095,0,7.01709,0.00000
534F4C31,31560,290101933,14364,4095,4095,0,7.01367,0.00000
534F4C31,31560,290104140,14370,4095,4095,0,7.01660,0.00000
534F4C31,31561,290106262,14366,4095,4095,0,7.01465,0.00000
534F4C31,31561,290109559,14376,4095,4095,0,7.01953,0.00000
534F4C31,31561,290111890,14365,4095,4095,0,7.01416,0.00000
534F4C31,31562,290113896,14362,4095,4095,0,7.01270,0.00000
534F4C31,31563,290117241,14378,4095,4095,0,7.02051,0.00000
534F4C31,31563,290120898,14373,4095,4095,0,7.01807,0.00000
534F4C31,31563,290123200,14369,4095,4095,0,7.01611,0.00000
534F4C31,31564,290126781,14358,4095,4095,0,7.01074,0.00000
534F4C31,31565,290129687,14364,4095,4095,0,7.01367,0.00000
534F4C31,31565,290133859,14357,4095,4095,0,7.01025,0.00000
534F4C31,31565,290136764,14375,4095,4095,0,7.01904,0.00000
534F4C31,31565,290138851,14371,4095,4095,0,7.01709,0.00000
534F4C31,31565,290140913,14367,4095,4095,0,7.01514,0.00000
534F4C31,31566,290143746,14378,4095,4095,0,7.02051,0.00000
534F4C31,31567,290147270,14367,4095,4095,0,7.01514,0.00000
534F4C31,31567,290151028,14376,4095,4095,0,7.01953,0.00000
534F4C31,31567,290153227,14365,4095,4095,0,7.01416,0.00000
534F4C31,31567,290155820,14376,4095,4095,0,7.01953,0.00000
534F4C31,31567,290158692,14376,4095,4095,0,7.01953,0.00000
534F4C31,31567,290160830,14370,4095,4095,0,7.01660,0.00000
534F4C31,31567,290162860,14377,4095,4095,0,7.02002,0.00000
534F4C31,31567,290164651,14371,4095,4095,0,7.01709,0.00000
534F4C31,31567,290166726,14378,4095,4095,0,7.02051,0.00000
534F4C31,31568,290169206,14369,4095,4095,0,7.01611,0.00000
534F4C31,31569,290173620,14370,4095,4095,0,7.01660,0.00000
534F4C31,31570,290177525,14370,4095,4095,0,7.01660,0.00000
534F4C31,31571,290181780,14367,4095,4095,0,7.01514,0.00000
534F4C31,31572,290188592,14366,4095,4095,0,7.01465,0.00000
534F4C31,31572,290194102,14358,4095,4095,0,7.01074,0.00000
534F4C31,31573,290196255,14371,4095,4095,0,7.01709,0.00000
534F4C31,31574,290202754,14364,4095,4095,0,7.01367,0.00000
534F4C31,31575,290210268,14377,4095,4095,0,7.02002,0.00000
534F4C31,31576,290214458,14358,4095,4095,0,7.01074,0.00000
534F4C31,31577,290220281,14374,4095,4095,0,7.01855,0.00000
534F4C31,31578,290224358,16132,4095,4095,0,7.87695,0.00000
534F4C31,31578,290229099,16392,4095,4095,0,8.00391,0.00000
534F4C31,31578,290231856,16411,4095,4095,0,8.01318,0.00000
534F4C31,31579,290235132,16417,4095,4095,0,8.01611,0.00000
534F4C31,31580,290240476,16408,4095,4095,0,8.01172,0.00000
534F4C31,31580,290245244,16422,4095,4095,0,8.01855,0.00000
534F4C31,31580,290248889,16426,4095,4095,0,8.02051,0.00000
534F4C31,31581,290251588,16419,4095,4095,0,8.01709,0.00000
534F4C31,31581,290256864,16416,4095,4095,0,8.01562,0.00000
534F4C31,31581,290259472,16420,4095,4095,0,8.01758,0.00000
534F4C31,31581,290262185,16407,4095,4095,0,8.01123,0.00000
534F4C31,31581,290264956,16428,4095,4095,0,8.02148,0.00000
534F4C31,31582,290267238,16430,4095,4095,0,8.02246,0.00000
534F4C31,31582,290271139,16416,4095,4095,0,8.01562,0.00000
534F4C31,31583,290274799,16419,4095,4095,0,8.01709,0.00000
534F4C31,31583,290279898,16421,4095,4095,0,8.01807,0.00000
534F4C31,31583,290283358,16429,4095,4095,0,8.02197,0.00000
534F4C31,31583,290286368,16419,4095,4095,0,8.01709,0.00000
534F4C31,31584,290288538,16410,4095,4095,0,8.01270,0.00000
534F4C31,31584,290292965,16418,4095,4095,0,8.01660,0.00000
534F4C31,31584,290295065,16427,4095,4095,0,8.02100,0.00000
534F4C31,31584,290297180,16417,4095,4095,0,8.01611,0.00000
534F4C31,31584,290300125,16408,4095,4095,0,8.01172,0.00000
534F4C31,31584,290302243,16420,4095,4095,0,8.01758,0.00000
534F4C31,31584,290304282,16419,4095,4095,0,8.01709,0.00000
534F4C31,31584,290306377,16424,4095,4095,0,8.01953,0.00000
534F4C31,31584,290308444,16419,4095,4095,0,8.01709,0.00000
534F4C31,31585,290310720,16428,4095,4095,0,8.02148,0.00000
534F4C31,31586,290314099,16422,4095,4095,0,8.01855,0.00000
534F4C31,31586,290317745,16417,4095,4095,0,8.01611,0.00000
534F4C31,31586,290320661,16422,4095,4095,0,8.01855,0.00000
534F4C31,31586,290322765,16415,4095,4095,0,8.01514,0.00000
534F4C31,31586,290324793,16423,4095,4095,0,8.01904,0.00000
534F4C31,31586,290326879,16418,4095,4095,0,8.01660,0.00000
534F4C31,31586,290328984,16418,4095,4095,0,8.01660,0.00000
534F4C31,31587,290331208,16405,4095,4095,0,8.01025,0.00000
534F4C31,31588,290334191,16424,4095,4095,0,8.01953,0.00000
534F4C31,31588,290338214,16424,4095,4095,0,8.01953,0.00000
534F4C31,31588,290340389,16420,4095,4095,0,8.01758,0.00000
534F4C31,31588,290343096,16403,4095,4095,0,8.00928,0.00000
534F4C31,31588,290345279,16428,4095,4095,0,8.02148,0.00000
534F4C31,31588,290347275,16419,4095,4095,0,8.01709,0.00000
534F4C31,31588,290349379,16426,4095,4095,0,8.02051,0.00000
534F4C31,31588,290351357,16418,4095,4095,0,8.01660,0.00000
534F4C31,31588,290353523,16428,4095,4095,0,8.02148,0.00000
534F4C31,31588,290355438,16419,4095,4095,0,8.01709,0.00000
534F4C31,31588,290357497,16426,4095,4095,0,8.02051,0.00000
534F4C31,31588,290359423,16419,4095,4095,0,8.01709,0.00000
534F4C31,31589,290361484,16409,4095,4095,0,8.01221,0.00000
534F4C31,31589,290364729,16421,4095,4095,0,8.01807,0.00000
534F4C31,31589,290366963,16418,4095,4095,0,8.01660,0.00000
534F4C31,31590,290369046,16429,4095,4095,0,8.02197,0.00000
534F4C31,31591,290372388,16412,4095,4095,0,8.01367,0.00000
534F4C31,31592,290376994,16424,4095,4095,0,8.01953,0.00000
534F4C31,31592,290380824,16416,4095,4095,0,8.01562,0.00000
534F4C31,31593,290384050,16417,4095,4095,0,8.01611,0.00000
534F4C31,31594,290387663,16420,4095,4095,0,8.01758,0.00000
534F4C31,31595,290391197,16420,4095,4095,0,8.01758,0.00000
534F4C31,31595,290395314,16424,4095,4095,0,8.01953,0.00000
534F4C31,31595,290398094,16410,4095,4095,0,8.01270,0.00000
534F4C31,31595,290400284,16427,4095,4095,0,8.02100,0.00000
534F4C31,31595,290403057,16421,4095,4095,0,8.01807,0.00000
534F4C31,31596,290405261,16421,4095,4095,0,8.01807,0.00000
534F4C31,31597,290408574,16430,4095,4095,0,8.02246,0.00000
534F4C31,31597,290412207,16430,4095,4095,0,8.02246,0.00000
534F4C31,31597,290415037,16422,4095,4095,0,8.01855,0.00000
534F4C31,31597,290417129,16425,4095,4095,0,8.02002,0.00000
534F4C31,31597,290419822,16428,4095,4095,0,8.02148,0.00000
534F4C31,31597,290421980,16416,4095,4095,0,8.01562,0.00000
534F4C31,31597,290424126,16409,4095,4095,0,8.01221,0.00000
534F4C31,31598,290426258,16419,4095,4095,0,8.01709,0.00000
534F4C31,31598,290429508,16411,4095,4095,0,8.01318,0.00000
534F4C31,31598,290431855,16412,4095,4095,0,8.01367,0.00000
534F4C31,31598,290433891,16419,4095,4095,0,8.01709,0.00000
534F4C31,31598,290436557,16411,4095,4095,0,8.01318,0.00000
534F4C31,31598,290438773,16430,4095,4095,0,8.02246,0.00000
534F4C31,31598,290440846,16418,4095,4095,0,8.01660,0.00000
534F4C31,31598,290442941,16426,4095,4095,0,8.02051,0.00000
534F4C31,31599,290444957,16413,4095,4095,0,8.01416,0.00000
534F4C31,31600,290448355,16410,4095,4095,0,8.01270,0.00000
534F4C31,31601,290452831,16412,4095,4095,0,8.01367,0.00000
534F4C31,31602,290456736,16416,4095,4095,0,8.01562,0.00000
534F4C31,31603,290462469,16419,4095,4095,0,8.01709,0.00000
534F4C31,31603,290466580,16420,4095,4095,0,8.01758,0.00000
534F4C31,31603,290468831,16423,4095,4095,0,8.01904,0.00000
534F4C31,31604,290472848,16424,4095,4095,0,8.01953,0.00000
534F4C31,31605,290478015,16420,4095,4095,0,8.01758,0.00000
534F4C31,31606,290484285,16412,4095,4095,0,8.01367,0.00000
534F4C31,31607,290489546,16421,4095,4095,0,8.01807,0.00000
534F4C31,31608,290500621,16405,4095,4095,0,8.01025,0.00000
534F4C31,31608,290505432,16407,4095,4095,0,8.01123,0.00000
534F4C31,31608,290508208,16418,4095,4095,0,8.01660,0.00000
534F4C31,31609,290511230,16413,4095,4095,0,8.01416,0.00000
534F4C31,31610,290515221,16411,4095,4095,0,8.01318,0.00000
534F4C31,31610,290518549,16414,4095,4095,0,8.01465,0.00000
534F4C31,31610,290521102,16412,4095,4095,0,8.01367,0.00000
534F4C31,31611,290523292,16422,4095,4095,0,8.01855,0.00000
534F4C31,31611,290528519,16411,4095,4095,0,8.01318,0.00000
534F4C31,31611,290532009,16419,4095,4095,0,8.01709,0.00000
534F4C31,31611,290535199,16419,4095,4095,0,8.01709,0.00000
534F4C31,31611,290537398,16415,4095,4095,0,8.01514,0.00000
534F4C31,31611,290539422,16427,4095,4095,0,8.02100,0.00000
534F4C31,31611,290542263,16420,4095,4095,0,8.01758,0.00000
534F4C31,31612,290544635,16411,4095,4095,0,8.01318,0.00000
534F4C31,31612,290548297,16419,4095,4095,0,8.01709,0.00000
534F4C31,31612,290550619,16418,4095,4095,0,8.01660,0.00000
534F4C31,31612,290552743,16407,4095,4095,0,8.01123,0.00000
534F4C31,31612,290555448,16429,4095,4095,0,8.02197,0.00000
534F4C31,31612,290558317,16422,4095,4095,0,8.01855,0.00000
534F4C31,31612,290560490,16416,4095,4095,0,8.01562,0.00000
534F4C31,31612,290562622,16424,4095,4095,0,8.01953,0.00000
534F4C31,31613,290564764,16419,4095,4095,0,8.01709,0.00000
534F4C31,31613,290568058,16431,4095,4095,0,8.02295,0.00000
534F4C31,31613,290570657,16420,4095,4095,0,8.01758,0.00000
534F4C31,31614,290573354,16416,4095,4095,0,8.01562,0.00000
534F4C31,31614,290576818,16413,4095,4095,0,8.01416,0.00000
534F4C31,31614,290582559,16411,4095,4095,0,8.01318,0.00000
534F4C31,31614,290584717,16419,4095,4095,0,8.01709,0.00000
534F4C31,31614,290587812,16424,4095,4095,0,8.01953,0.00000
534F4C31,31615,290590187,16428,4095,4095,0,8.02148,0.00000
534F4C31,31615,290594481,16423,4095,4095,0,8.01904,0.00000
534F4C31,31615,290596757,16421,4095,4095,0,8.01807,0.00000
534F4C31,31616,290598864,16407,4095,4095,0,8.01123,0.00000
534F4C31,31616,290603546,16418,4095,4095,0,8.01660,0.00000
534F4C31,31616,290606261,16410,4095,4095,0,8.01270,0.00000
534F4C31,31616,290608139,16421,4095,4095,0,8.01807,0.00000
534F4C31,31616,290610887,16408,4095,4095,0,8.01172,0.00000
534F4C31,31616,290613235,16428,4095,4095,0,8.02148,0.00000
534F4C31,31617,290615372,16423,4095,4095,0,8.01904,0.00000
534F4C31,31618,290619814,16430,4095,4095,0,8.02246,0.00000
534F4C31,31618,290623507,16407,4095,4095,0,8.01123,0.00000
534F4C31,31618,290626388,16414,4095,4095,0,8.01465,0.00000
534F4C31,31618,290629291,16430,4095,4095,0,8.02246,0.00000
534F4C31,31618,290631491,16413,4095,4095,0,8.01416,0.00000
534F4C31,31619,290633567,16403,4095,4095,0,8.00928,0.00000
534F4C31,31619,290636664,16418,4095,4095,0,8.01660,0.00000
534F4C31,31619,290639474,16424,4095,4095,0,8.01953,0.00000
534F4C31,31619,290641508,16415,4095,4095,0,8.01514,0.00000
534F4C31,31619,290643638,16421,4095,4095,0,8.01807,0.00000
534F4C31,31620,290646506,16420,4095,4095,0,8.01758,0.00000
534F4C31,31620,290649696,16431,4095,4095,0,8.02295,0.00000
534F4C31,31620,290652850,16427,4095,4095,0,8.02100,0.00000
534F4C31,31620,290655804,16418,4095,4095,0,8.01660,0.00000
534F4C31,31620,290657973,16420,4095,4095,0,8.01758,0.00000
534F4C31,31620,290659973,16425,4095,4095,0,8.02002,0.00000
534F4C31,31620,290662713,16423,4095,4095,0,8.01904,0.00000
534F4C31,31620,290664874,16413,4095,4095,0,8.01416,0.00000
534F4C31,31620,290666998,16421,4095,4095,0,8.01807,0.00000
534F4C31,31620,290669085,16407,4095,4095,0,8.01123,0.00000
534F4C31,31620,290671207,16428,4095,4095,0,8.02148,0.00000
534F4C31,31621,290673275,16419,4095,4095,0,8.01709,0.00000
534F4C31,31622,290676523,16430,4095,4095,0,8.02246,0.00000
534F4C31,31622,290680070,16420,4095,4095,0,8.01758,0.00000
534F4C31,31622,290683007,16415,4095,4095,0,8.01514,0.00000
534F4C31,31622,290685138,16421,4095,4095,0,8.01807,0.00000
534F4C31,31622,290687934,16414,4095,4095,0,8.01465,0.00000
534F4C31,31622,290689974,16423,4095,4095,0,8.01904,0.00000
534F4C31,31622,290692009,16408,4095,4095,0,8.01172,0.00000
534F4C31,31622,290694196,16419,4095,4095,0,8.01709,0.00000
534F4C31,31622,290696273,16411,4095,4095,0,8.01318,0.00000
534F4C31,31622,290698363,16417,4095,4095,0,8.01611,0.00000
534F4C31,31622,290700425,16413,4095,4095,0,8.01416,0.00000
534F4C31,31622,290702568,16423,4095,4095,0,8.01904,0.00000
534F4C31,31623,290704720,16421,4095,4095,0,8.01807,0.00000
534F4C31,31624,290707911,16432,4095,4095,0,8.02344,0.00000
534F4C31,31624,290711091,16430,4095,4095,0,8.02246,0.00000
534F4C31,31624,290714376,16419,4095,4095,0,8.01709,0.00000
534F4C31,31624,290716525,16421,4095,4095,0,8.01807,0.00000
534F4C31,31624,290719197,16431,4095,4095,0,8.02295,0.00000
534F4C31,31625,290721490,16419,4095,4095,0,8.01709,0.00000
534F4C31,31625,290724319,16408,4095,4095,0,8.01172,0.00000
534F4C31,31625,290726779,16428,4095,4095,0,8.02148,0.00000
534F4C31,31625,290728919,16422,4095,4095,0,8.01855,0.00000
534F4C31,31625,290731022,16410,4095,4095,0,8.01270,0.00000
534F4C31,31625,290733170,16419,4095,4095,0,8.01709,0.00000
534F4C31,31626,290736168,16422,4095,4095,0,8.01855,0.00000
534F4C31,31627,290739388,16409,4095,4095,0,8.01221,0.00000
534F4C31,31628,290743483,16428,4095,4095,0,8.02148,0.00000
534F4C31,31629,290748031,16414,4095,4095,0,8.01465,0.00000
534F4C31,31630,290751976,16420,4095,4095,0,8.01758,0.00000
534F4C31,31631,290756779,16428,4095,4095,0,8.02148,0.00000
534F4C31,31632,290759926,16420,4095,4095,0,8.01758,0.00000
534F4C31,31633,290765893,16428,4095,4095,0,8.02148,0.00000
534F4C31,31633,290770547,16409,4095,4095,0,8.01221,0.00000
534F4C31,31634,290772758,16431,4095,4095,0,8.02295,0.00000
534F4C31,31635,290776300,16425,4095,4095,0,8.02002,0.00000
534F4C31,31636,290780508,16426,4095,4095,0,8.02051,0.00000
534F4C31,31637,290791871,16426,4095,4095,0,8.02051,0.00000
534F4C31,31638,290795672,16423,4095,4095,0,8.01904,0.00000
534F4C31,31639,290803358,16416,4095,4095,0,8.01562,0.00000
534F4C31,31639,290808260,16423,4095,4095,0,8.01904,0.00000
534F4C31,31639,290810439,16418,4095,4095,0,8.01660,0.00000
534F4C31,31639,290813713,16410,4095,4095,0,8.01270,0.00000
534F4C31,31640,290815933,16411,4095,4095,0,8.01318,0.00000
534F4C31,31640,290820200,16429,4095,4095,0,8.02197,0.00000
534F4C31,31640,290822409,16421,4095,4095,0,8.01807,0.00000
534F4C31,31640,290825088,16413,4095,4095,0,8.01416,0.00000
534F4C31,31640,290827579,16431,4095,4095,0,8.02295,0.00000
534F4C31,31640,290829695,16423,4095,4095,0,8.01904,0.00000
534F4C31,31640,290831813,16407,4095,4095,0,8.01123,0.00000
534F4C31,31641,290834029,16420,4095,4095,0,8.01758,0.00000
534F4C31,31642,290838562,16409,4095,4095,0,8.01221,0.00000
534F4C31,31642,290843596,16419,4095,4095,0,8.01709,0.00000
534F4C31,31642,290846495,16422,4095,4095,0,8.01855,0.00000
534F4C31,31642,290849741,16420,4095,4095,0,8.01758,0.00000
534F4C31,31642,290851859,16414,4095,4095,0,8.01465,0.00000
534F4C31,31643,290854733,16426,4095,4095,0,8.02051,0.00000
534F4C31,31643,290858893,16417,4095,4095,0,8.01611,0.00000
534F4C31,31643,290861101,16422,4095,4095,0,8.01855,0.00000
534F4C31,31643,290863108,16410,4095,4095,0,8.01270,0.00000
534F4C31,31643,290865793,16415,4095,4095,0,8.01514,0.00000
534F4C31,31643,290868671,16418,4095,4095,0,8.01660,0.00000
534F4C31,31643,290870825,16407,4095,4095,0,8.01123,0.00000
534F4C31,31643,290872912,16418,4095,4095,0,8.01660,0.00000
534F4C31,31643,290874993,16410,4095,4095,0,8.01270,0.00000
534F4C31,31643,290877032,16422,4095,4095,0,8.01855,0.00000
534F4C31,31643,290879020,16419,4095,4095,0,8.01709,0.00000
534F4C31,31643,290881104,16430,4095,4095,0,8.02246,0.00000
534F4C31,31643,290883160,16419,4095,4095,0,8.01709,0.00000
534F4C31,31643,290885231,16428,4095,4095,0,8.02148,0.00000
534F4C31,31643,290887583,16412,4095,4095,0,8.01367,0.00000
534F4C31,31643,290889824,16413,4095,4095,0,8.01416,0.00000
534F4C31,31644,290892025,16418,4095,4095,0,8.01660,0.00000
534F4C31,31645,290895332,16411,4095,4095,0,8.01318,0.00000
534F4C31,31645,290898484,16411,4095,4095,0,8.01318,0.00000
534F4C31,31645,290901891,16424,4095,4095,0,8.01953,0.00000
534F4C31,31645,290904007,16416,4095,4095,0,8.01562,0.00000
534F4C31,31645,290906155,16408,4095,4095,0,8.01172,0.00000
534F4C31,31646,290910500,16412,4095,4095,0,8.01367,0.00000
534F4C31,31646,290913425,16428,4095,4095,0,8.02148,0.00000
534F4C31,31646,290916241,16431,4095,4095,0,8.02295,0.00000
534F4C31,31647,290919271,16423,4095,4095,0,8.01904,0.00000
534F4C31,31648,290923759,16411,4095,4095,0,8.01318,0.00000
534F4C31,31649,290928158,16418,4095,4095,0,8.01660,0.00000
534F4C31,31649,290931917,16417,4095,4095,0,8.01611,0.00000
534F4C31,31649,290935221,16420,4095,4095,0,8.01758,0.00000
534F4C31,31649,290937370,16419,4095,4095,0,8.01709,0.00000
534F4C31,31649,290940058,16430,4095,4095,0,8.02246,0.00000
534F4C31,31649,290942159,16419,4095,4095,0,8.01709,0.00000
534F4C31,31649,290944203,16410,4095,4095,0,8.01270,0.00000
534F4C31,31650,290946242,16422,4095,4095,0,8.01855,0.00000
534F4C31,31650,290948549,16406,4095,4095,0,8.01074,0.00000
534F4C31,31650,290952022,16423,4095,4095,0,8.01904,0.00000
534F4C31,31651,290954235,16426,4095,4095,0,8.02051,0.00000
534F4C31,31651,290957768,16410,4095,4095,0,8.01270,0.00000
534F4C31,31651,290960100,16403,4095,4095,0,8.00928,0.00000
534F4C31,31651,290962102,16418,4095,4095,0,8.01660,0.00000
534F4C31,31651,290964769,16415,4095,4095,0,8.01514,0.00000
534F4C31,31651,290966848,16432,4095,4095,0,8.02344,0.00000
534F4C31,31651,290968936,16419,4095,4095,0,8.01709,0.00000
534F4C31,31651,290971022,16430,4095,4095,0,8.02246,0.00000
534F4C31,31651,290973129,16421,4095,4095,0,8.01807,0.00000
534F4C31,31651,290975193,16412,4095,4095,0,8.01367,0.00000
534F4C31,31651,290977205,16421,4095,4095,0,8.01807,0.00000
534F4C31,31651,290979304,16410,4095,4095,0,8.01270,0.00000
534F4C31,31652,290981462,16423,4095,4095,0,8.01904,0.00000
534F4C31,31652,290984459,16405,4095,4095,0,8.01025,0.00000
534F4C31,31652,290987543,16412,4095,4095,0,8.01367,0.00000
534F4C31,31652,290990862,16413,4095,4095,0,8.01416,0.00000
534F4C31,31652,290993141,16425,4095,4095,0,8.02002,0.00000
534F4C31,31652,290995777,16411,4095,4095,0,8.01318,0.00000
534F4C31,31652,290997874,16425,4095,4095,0,8.02002,0.00000
534F4C31,31652,290999593,16419,4095,4095,0,8.01709,0.00000
534F4C31,31653,291001686,16435,4095,4095,0,8.02490,0.00000
534F4C31,31654,291004925,16419,4095,4095,0,8.01709,0.00000
534F4C31,31655,291008779,16417,4095,4095,0,8.01611,0.00000
534F4C31,31656,291012631,16422,4095,4095,0,8.01855,0.00000
534F4C31,31657,291016568,16419,4095,4095,0,8.01709,0.00000
534F4C31,31658,291020491,16413,4095,4095,0,8.01416,0.00000
534F4C31,31659,291024261,16423,4095,4095,0,8.01904,0.00000
534F4C31,31660,291028542,16424,4095,4095,0,8.01953,0.00000
534F4C31,31661,291032122,16419,4095,4095,0,8.01709,0.00000
534F4C31,31662,291037901,16418,4095,4095,0,8.01660,0.00000
534F4C31,31663,291041366,16424,4095,4095,0,8.01953,0.00000
534F4C31,31663,291045964,16417,4095,4095,0,8.01611,0.00000
534F4C31,31663,291049943,16410,4095,4095,0,8.01270,0.00000
534F4C31,31664,291052035,16429,4095,4095,0,8.02197,0.00000
534F4C31,31665,291058127,16418,4095,4095,0,8.01660,0.00000
534F4C31,31666,291061593,16414,4095,4095,0,8.01465,0.00000
534F4C31,31667,291067841,16416,4095,4095,0,8.01562,0.00000
534F4C31,31668,291071100,16423,4095,4095,0,8.01904,0.00000
534F4C31,31669,291076661,16408,4095,4095,0,8.01172,0.00000
534F4C31,31670,291082071,16412,4095,4095,0,8.01367,0.00000
534F4C31,31671,291095895,16419,4095,4095,0,8.01709,0.00000
534F4C31,31672,291100003,16408,4095,4095,0,8.01172,0.00000
534F4C31,31672,291105248,16425,4095,4095,0,8.02002,0.00000
534F4C31,31672,291107336,16412,4095,4095,0,8.01367,0.00000
534F4C31,31672,291109150,16422,4095,4095,0,8.01855,0.00000
534F4C31,31673,291112351,16420,4095,4095,0,8.01758,0.00000
534F4C31,31674,291116615,16410,4095,4095,0,8.01270,0.00000
534F4C31,31674,291120562,16413,4095,4095,0,8.01416,0.00000
534F4C31,31675,291124940,16428,4095,4095,0,8.02148,0.00000
534F4C31,31675,291127145,16412,4095,4095,0,8.01367,0.00000
534F4C31,31675,291130494,16408,4095,4095,0,8.01172,0.00000
534F4C31,31675,291135085,16431,4095,4095,0,8.02295,0.00000
534F4C31,31676,291137485,16430,4095,4095,0,8.02246,0.00000
534F4C31,31676,291141386,16424,4095,4095,0,8.01953,0.00000
534F4C31,31676,291145026,16421,4095,4095,0,8.01807,0.00000
534F4C31,31676,291147041,16421,4095,4095,0,8.01807,0.00000
534F4C31,31676,291149743,16430,4095,4095,0,8.02246,0.00000
534F4C31,31677,291152141,16419,4095,4095,0,8.01709,0.00000
534F4C31,31678,291156382,16416,4095,4095,0,8.01562,0.00000
534F4C31,31678,291158901,16413,4095,4095,0,8.01416,0.00000
534F4C31,31678,291164818,16419,4095,4095,0,8.01709,0.00000
534F4C31,31678,291167736,16415,4095,4095,0,8.01514,0.00000
534F4C31,31678,291169911,16412,4095,4095,0,8.01367,0.00000
534F4C31,31679,291172838,16421,4095,4095,0,8.01807,0.00000
534F4C31,31680,291176706,16420,4095,4095,0,8.01758,0.00000
534F4C31,31680,291179925,16419,4095,4095,0,8.01709,0.00000
534F4C31,31680,291183367,16422,4095,4095,0,8.01855,0.00000
534F4C31,31680,291186409,16421,4095,4095,0,8.01807,0.00000
534F4C31,31681,291188606,16428,4095,4095,0,8.02148,0.00000
534F4C31,31682,291192559,16432,4095,4095,0,8.02344,0.00000
534F4C31,31682,291196573,16419,4095,4095,0,8.01709,0.00000
534F4C31,31683,291199260,16417,4095,4095,0,8.01611,0.00000
534F4C31,31683,291202418,16417,4095,4095,0,8.01611,0.00000
534F4C31,31683,291205354,16406,4095,4095,0,8.01074,0.00000
534F4C31,31683,291207362,16425,4095,4095,0,8.02002,0.00000
534F4C31,31683,291210003,16418,4095,4095,0,8.01660,0.00000
534F4C31,31683,291212291,16413,4095,4095,0,8.01416,0.00000
534F4C31,31683,291214338,16424,4095,4095,0,8.01953,0.00000
534F4C31,31683,291216375,16404,4095,4095,0,8.00977,0.00000
534F4C31,31683,291218460,16420,4095,4095,0,8.01758,0.00000
534F4C31,31683,291220539,16412,4095,4095,0,8.01367,0.00000
534F4C31,31684,291222587,16418,4095,4095,0,8.01660,0.00000
534F4C31,31684,291225804,16419,4095,4095,0,8.01709,0.00000
534F4C31,31684,291228062,16411,4095,4095,0,8.01318,0.00000
534F4C31,31684,291230083,16419,4095,4095,0,8.01709,0.00000
534F4C31,31684,291232154,16408,4095,4095,0,8.01172,0.00000
534F4C31,31684,291234684,16427,4095,4095,0,8.02100,0.00000
534F4C31,31684,291236780,16420,4095,4095,0,8.01758,0.00000
534F4C31,31684,291238867,16428,4095,4095,0,8.02148,0.00000
534F4C31,31684,291240945,16419,4095,4095,0,8.01709,0.00000
534F4C31,31684,291243029,16427,4095,4095,0,8.02100,0.00000
534F4C31,31684,291245068,16419,4095,4095,0,8.01709,0.00000
534F4C31,31684,291247156,16411,4095,4095,0,8.01318,0.00000
534F4C31,31684,291249207,16424,4095,4095,0,8.01953,0.00000
534F4C31,31684,291251226,16405,4095,4095,0,8.01025,0.00000
534F4C31,31684,291253299,16419,4095,4095,0,8.01709,0.00000
534F4C31,31684,291255409,16411,4095,4095,0,8.01318,0.00000
534F4C31,31685,291257527,16421,4095,4095,0,8.01807,0.00000
534F4C31,31685,291260668,16415,4095,4095,0,8.01514,0.00000
534F4C31,31685,291262939,16408,4095,4095,0,8.01172,0.00000
534F4C31,31685,291264985,16419,4095,4095,0,8.01709,0.00000
534F4C31,31685,291267083,16414,4095,4095,0,8.01465,0.00000
534F4C31,31685,291269740,16424,4095,4095,0,8.01953,0.00000
534F4C31,31685,291271855,16416,4095,4095,0,8.01562,0.00000
534F4C31,31685,291273891,16425,4095,4095,0,8.02002,0.00000
534F4C31,31685,291275887,16414,4095,4095,0,8.01465,0.00000
534F4C31,31685,291277908,16428,4095,4095,0,8.02148,0.00000
534F4C31,31685,291280034,16421,4095,4095,0,8.01807,0.00000
534F4C31,31685,291282162,16408,4095,4095,0,8.01172,0.00000
534F4C31,31685,291284234,16418,4095,4095,0,8.01660,0.00000
534F4C31,31685,291286298,16406,4095,4095,0,8.01074,0.00000
534F4C31,31685,291288311,16419,4095,4095,0,8.01709,0.00000
534F4C31,31685,291290462,16409,4095,4095,0,8.01221,0.00000
534F4C31,31686,291292699,16431,4095,4095,0,8.02295,0.00000
534F4C31,31687,291296185,16416,4095,4095,0,8.01562,0.00000
534F4C31,31687,291301263,16417,4095,4095,0,8.01611,0.00000
534F4C31,31687,291303577,16423,4095,4095,0,8.01904,0.00000
534F4C31,31687,291306408,16410,4095,4095,0,8.01270,0.00000
534F4C31,31687,291308675,16430,4095,4095,0,8.02246,0.00000
534F4C31,31687,291310714,16422,4095,4095,0,8.01855,0.00000
534F4C31,31687,291312860,16427,4095,4095,0,8.02100,0.00000
534F4C31,31688,291315023,16421,4095,4095,0,8.01807,0.00000
534F4C31,31689,291318251,16413,4095,4095,0,8.01416,0.00000
534F4C31,31690,291322783,16428,4095,4095,0,8.02148,0.00000
534F4C31,31690,291327247,16422,4095,4095,0,8.01855,0.00000
534F4C31,31690,291330898,16413,4095,4095,0,8.01416,0.00000
534F4C31,31690,291334630,16426,4095,4095,0,8.02051,0.00000
534F4C31,31690,291337430,16414,4095,4095,0,8.01465,0.00000
534F4C31,31690,291343805,16410,4095,4095,0,8.01270,0.00000
534F4C31,31690,291346137,16421,4095,4095,0,8.01807,0.00000
534F4C31,31691,291348914,16409,4095,4095,0,8.01221,0.00000
534F4C31,31691,291352429,16428,4095,4095,0,8.02148,0.00000
534F4C31,31691,291355178,16426,4095,4095,0,8.02051,0.00000
534F4C31,31691,291357254,16417,4095,4095,0,8.01611,0.00000
534F4C31,31692,291359363,16429,4095,4095,0,8.02197,0.00000
534F4C31,31692,291363601,16419,4095,4095,0,8.01709,0.00000
534F4C31,31692,291368164,16425,4095,4095,0,8.02002,0.00000
534F4C31,31693,291373457,16413,4095,4095,0,8.01416,0.00000
534F4C31,31693,291377301,16423,4095,4095,0,8.01904,0.00000
534F4C31,31693,291379391,16409,4095,4095,0,8.01221,0.00000
534F4C31,31693,291382880,16419,4095,4095,0,8.01709,0.00000
534F4C31,31693,291385079,16419,4095,4095,0,8.01709,0.00000
534F4C31,31693,291387056,16408,4095,4095,0,8.01172,0.00000
534F4C31,31693,291389125,16420,4095,4095,0,8.01758,0.00000
534F4C31,31693,291391074,16409,4095,4095,0,8.01221,0.00000
534F4C31,31693,291393169,16417,4095,4095,0,8.01611,0.00000
534F4C31,31693,291395239,16413,4095,4095,0,8.01416,0.00000
534F4C31,31693,291397312,16426,4095,4095,0,8.02051,0.00000
534F4C31,31693,291399755,16412,4095,4095,0,8.01367,0.00000
534F4C31,31693,291401969,16423,4095,4095,0,8.01904,0.00000
534F4C31,31693,291404040,16419,4095,4095,0,8.01709,0.00000
534F4C31,31693,291406088,16428,4095,4095,0,8.02148,0.00000
534F4C31,31693,291408164,16421,4095,4095,0,8.01807,0.00000
534F4C31,31693,291410204,16414,4095,4095,0,8.01465,0.00000
534F4C31,31693,291412312,16420,4095,4095,0,8.01758,0.00000
534F4C31,31694,291414320,16406,4095,4095,0,8.01074,0.00000
534F4C31,31694,291418568,16418,4095,4095,0,8.01660,0.00000
534F4C31,31694,291421152,16435,4095,4095,0,8.02490,0.00000
534F4C31,31694,291423178,16415,4095,4095,0,8.01514,0.00000
534F4C31,31694,291426144,16425,4095,4095,0,8.02002,0.00000
534F4C31,31695,291428589,16421,4095,4095,0,8.01807,0.00000
534F4C31,31696,291432807,16422,4095,4095,0,8.01855,0.00000
534F4C31,31697,291436290,16417,4095,4095,0,8.01611,0.00000
534F4C31,31697,291442352,16417,4095,4095,0,8.01611,0.00000
534F4C31,31697,291444511,16429,4095,4095,0,8.02197,0.00000
534F4C31,31697,291447248,16415,4095,4095,0,8.01514,0.00000
534F4C31,31697,291449585,16407,4095,4095,0,8.01123,0.00000
534F4C31,31697,291451584,16423,4095,4095,0,8.01904,0.00000
534F4C31,31697,291453694,16409,4095,4095,0,8.01221,0.00000
534F4C31,31697,291455745,16428,4095,4095,0,8.02148,0.00000
534F4C31,31697,291457865,16419,4095,4095,0,8.01709,0.00000
534F4C31,31697,291460026,16428,4095,4095,0,8.02148,0.00000
534F4C31,31698,291462142,16419,4095,4095,0,8.01709,0.00000
534F4C31,31699,291466311,16431,4095,4095,0,8.02295,0.00000
534F4C31,31699,291469531,16414,4095,4095,0,8.01465,0.00000
534F4C31,31699,291474420,16427,4095,4095,0,8.02100,0.00000
534F4C31,31699,291476681,16407,4095,4095,0,8.01123,0.00000
534F4C31,31699,291479377,16419,4095,4095,0,8.01709,0.00000
534F4C31,31699,291482316,16417,4095,4095,0,8.01611,0.00000
534F4C31,31700,291484688,16407,4095,4095,0,8.01123,0.00000
534F4C31,31701,291488879,16420,4095,4095,0,8.01758,0.00000
534F4C31,31701,291491926,16428,4095,4095,0,8.02148,0.00000
534F4C31,31701,291494978,16423,4095,4095,0,8.01904,0.00000
534F4C31,31701,291501371,16419,4095,4095,0,8.01709,0.00000
534F4C31,31701,291504428,16409,4095,4095,0,8.01221,0.00000
534F4C31,31701,291506606,16426,4095,4095,0,8.02051,0.00000
534F4C31,31701,291509712,16418,4095,4095,0,8.01660,0.00000
534F4C31,31701,291511913,16411,4095,4095,0,8.01318,0.00000
534F4C31,31701,291514082,16428,4095,4095,0,8.02148,0.00000
534F4C31,31701,291516180,16417,4095,4095,0,8.01611,0.00000
534F4C31,31701,291518204,16422,4095,4095,0,8.01855,0.00000
534F4C31,31701,291520295,16419,4095,4095,0,8.01709,0.00000
534F4C31,31701,291522335,16422,4095,4095,0,8.01855,0.00000
534F4C31,31701,291524190,16420,4095,4095,0,8.01758,0.00000
534F4C31,31702,291526333,16432,4095,4095,0,8.02344,0.00000
534F4C31,31703,291530069,16417,4095,4095,0,8.01611,0.00000
534F4C31,31704,291533476,16419,4095,4095,0,8.01709,0.00000
534F4C31,31704,291540490,16429,4095,4095,0,8.02197,0.00000
534F4C31,31705,291543909,17306,4095,4095,0,8.45020,0.00000
534F4C31,31706,291546158,18179,4095,4095,0,8.87646,0.00000
534F4C31,31706,291551597,18440,4095,4095,0,9.00391,0.00000
534F4C31,31706,291555032,18467,4095,4095,0,9.01709,0.00000
534F4C31,31707,291558049,18471,4095,4095,0,9.01904,0.00000
534F4C31,31708,291562045,18473,4095,4095,0,9.02002,0.00000
534F4C31,31709,291566488,18474,4095,4095,0,9.02051,0.00000
534F4C31,31709,291572013,18474,4095,4095,0,9.02051,0.00000
534F4C31,31709,291574211,18466,4095,4095,0,9.01660,0.00000
534F4C31,31709,291576957,18476,4095,4095,0,9.02148,0.00000
534F4C31,31709,291579744,18465,4095,4095,0,9.01611,0.00000
534F4C31,31709,291581939,18461,4095,4095,0,9.01416,0.00000
534F4C31,31710,291584220,18478,4095,4095,0,9.02246,0.00000
534F4C31,31710,291588268,18461,4095,4095,0,9.01416,0.00000
534F4C31,31710,291591013,18466,4095,4095,0,9.01660,0.00000
534F4C31,31711,291593850,18453,4095,4095,0,9.01025,0.00000
534F4C31,31711,291598291,18476,4095,4095,0,9.02148,0.00000
534F4C31,31711,291601412,18455,4095,4095,0,9.01123,0.00000
534F4C31,31711,291603962,18475,4095,4095,0,9.02100,0.00000
534F4C31,31711,291606161,18467,4095,4095,0,9.01709,0.00000
534F4C31,31711,291609051,18476,4095,4095,0,9.02148,0.00000
534F4C31,31711,291611195,18479,4095,4095,0,9.02295,0.00000
534F4C31,31711,291613224,18469,4095,4095,0,9.01807,0.00000
534F4C31,31711,291615268,18475,4095,4095,0,9.02100,0.00000
534F4C31,31711,291617253,18467,4095,4095,0,9.01709,0.00000
534F4C31,31711,291619353,18478,4095,4095,0,9.02246,0.00000
534F4C31,31711,291621525,18461,4095,4095,0,9.01416,0.00000
534F4C31,31711,291623495,18473,4095,4095,0,9.02002,0.00000
534F4C31,31712,291625652,18467,4095,4095,0,9.01709,0.00000
534F4C31,31713,291630130,18465,4095,4095,0,9.01611,0.00000
534F4C31,31714,291634202,18462,4095,4095,0,9.01465,0.00000
534F4C31,31715,291639342,18466,4095,4095,0,9.01660,0.00000
534F4C31,31715,291644810,18475,4095,4095,0,9.02100,0.00000
534F4C31,31715,291647097,18477,4095,4095,0,9.02197,0.00000
534F4C31,31715,291649679,18471,4095,4095,0,9.01904,0.00000
534F4C31,31715,291652694,18469,4095,4095,0,9.01807,0.00000
534F4C31,31716,291654963,18452,4095,4095,0,9.00977,0.00000
534F4C31,31717,291658781,18464,4095,4095,0,9.01562,0.00000
534F4C31,31718,291662257,18469,4095,4095,0,9.01807,0.00000
534F4C31,31718,291665437,18463,4095,4095,0,9.01514,0.00000
534F4C31,31718,291670814,18465,4095,4095,0,9.01611,0.00000
534F4C31,31719,291673619,18477,4095,4095,0,9.02197,0.00000
534F4C31,31719,291678802,18469,4095,4095,0,9.01807,0.00000
534F4C31,31719,291681020,18475,4095,4095,0,9.02100,0.00000
534F4C31,31719,291683127,18464,4095,4095,0,9.01562,0.00000
534F4C31,31719,291686199,18460,4095,4095,0,9.01367,0.00000
534F4C31,31719,291688338,18467,4095,4095,0,9.01709,0.00000
534F4C31,31719,291690436,18457,4095,4095,0,9.01221,0.00000
534F4C31,31719,291692398,18466,4095,4095,0,9.01660,0.00000
534F4C31,31720,291694503,18467,4095,4095,0,9.01709,0.00000
534F4C31,31720,291697885,18478,4095,4095,0,9.02246,0.00000
534F4C31,31720,291700068,18467,4095,4095,0,9.01709,0.00000
534F4C31,31720,291702991,18458,4095,4095,0,9.01270,0.00000
534F4C31,31720,291706104,18452,4095,4095,0,9.00977,0.00000
534F4C31,31721,291708317,18476,4095,4095,0,9.02148,0.00000
534F4C31,31722,291711070,18467,4095,4095,0,9.01709,0.00000
534F4C31,31723,291714951,18458,4095,4095,0,9.01270,0.00000
534F4C31,31724,291719290,18457,4095,4095,0,9.01221,0.00000
534F4C31,31724,291723938,18454,4095,4095,0,9.01074,0.00000
534F4C31,31724,291726638,18463,4095,4095,0,9.01514,0.00000
534F4C31,31725,291729917,18468,4095,4095,0,9.01758,0.00000
534F4C31,31726,291733969,18474,4095,4095,0,9.02051,0.00000
534F4C31,31727,291739719,18457,4095,4095,0,9.01221,0.00000
534F4C31,31727,291742827,18463,4095,4095,0,9.01514,0.00000
534F4C31,31727,291746165,18467,4095,4095,0,9.01709,0.00000
534F4C31,31727,291748977,18458,4095,4095,0,9.01270,0.00000
534F4C31,31727,291751244,18479,4095,4095,0,9.02295,0.00000
534F4C31,31728,291753296,18464,4095,4095,0,9.01562,0.00000
534F4C31,31729,291757216,18478,4095,4095,0,9.02246,0.00000
534F4C31,31729,291761580,18455,4095,4095,0,9.01123,0.00000
534F4C31,31729,291763802,18456,4095,4095,0,9.01172,0.00000
534F4C31,31729,291765752,18463,4095,4095,0,9.01514,0.00000
534F4C31,31729,291770352,18462,4095,4095,0,9.01465,0.00000
534F4C31,31730,291772567,18467,4095,4095,0,9.01709,0.00000
534F4C31,31730,291775510,18477,4095,4095,0,9.02197,0.00000
534F4C31,31730,291780228,18474,4095,4095,0,9.02051,0.00000
534F4C31,31730,291782345,18478,4095,4095,0,9.02246,0.00000
534F4C31,31730,291785241,18466,4095,4095,0,9.01660,0.00000
534F4C31,31730,291787468,18457,4095,4095,0,9.01221,0.00000
534F4C31,31730,291789577,18468,4095,4095,0,9.01758,0.00000
534F4C31,31730,291793020,18468,4095,4095,0,9.01758,0.00000
534F4C31,31731,291795615,18460,4095,4095,0,9.01367,0.00000
534F4C31,31732,291800243,18477,4095,4095,0,9.02197,0.00000
534F4C31,31732,291805317,18456,4095,4095,0,9.01172,0.00000
534F4C31,31732,291809397,18461,4095,4095,0,9.01416,0.00000
534F4C31,31733,291812656,18475,4095,4095,0,9.02100,0.00000
534F4C31,31733,291817260,18469,4095,4095,0,9.01807,0.00000
534F4C31,31733,291819423,18469,4095,4095,0,9.01807,0.00000
534F4C31,31733,291823373,18472,4095,4095,0,9.01953,0.00000
534F4C31,31733,291825626,18457,4095,4095,0,9.01221,0.00000
534F4C31,31733,291827629,18467,4095,4095,0,9.01709,0.00000
534F4C31,31733,291830557,18461,4095,4095,0,9.01416,0.00000
534F4C31,31733,291832974,18475,4095,4095,0,9.02100,0.00000
534F4C31,31733,291834897,18462,4095,4095,0,9.01465,0.00000
534F4C31,31733,291836877,18478,4095,4095,0,9.02246,0.00000
534F4C31,31734,291839146,18466,4095,4095,0,9.01660,0.00000
534F4C31,31735,291844293,18462,4095,4095,0,9.01465,0.00000
534F4C31,31735,291847849,18466,4095,4095,0,9.01660,0.00000
534F4C31,31735,291850556,18471,4095,4095,0,9.01904,0.00000
534F4C31,31736,291854645,18459,4095,4095,0,9.01318,0.00000
534F4C31,31736,291858193,18454,4095,4095,0,9.01074,0.00000
534F4C31,31736,291861157,18477,4095,4095,0,9.02197,0.00000
534F4C31,31737,291864329,18475,4095,4095,0,9.02100,0.00000
534F4C31,31737,291868025,18462,4095,4095,0,9.01465,0.00000
534F4C31,31737,291870413,18466,4095,4095,0,9.01660,0.00000
534F4C31,31738,291872450,18457,4095,4095,0,9.01221,0.00000
534F4C31,31738,291876997,18475,4095,4095,0,9.02100,0.00000
534F4C31,31738,291880394,18453,4095,4095,0,9.01025,0.00000
534F4C31,31738,291883639,18467,4095,4095,0,9.01709,0.00000
534F4C31,31739,291887102,18478,4095,4095,0,9.02246,0.00000
534F4C31,31739,291890692,18468,4095,4095,0,9.01758,0.00000
534F4C31,31739,291892896,18465,4095,4095,0,9.01611,0.00000
534F4C31,31740,291896172,18479,4095,4095,0,9.02295,0.00000
534F4C31,31740,291900985,18455,4095,4095,0,9.01123,0.00000
534F4C31,31741,291904766,18456,4095,4095,0,9.01172,0.00000
534F4C31,31742,291910323,18466,4095,4095,0,9.01660,0.00000
534F4C31,31743,291914902,18468,4095,4095,0,9.01758,0.00000
534F4C31,31744,291921087,18474,4095,4095,0,9.02051,0.00000
534F4C31,31744,291926839,18458,4095,4095,0,9.01270,0.00000
534F4C31,31744,291929000,18467,4095,4095,0,9.01709,0.00000
534F4C31,31744,291932243,18464,4095,4095,0,9.01562,0.00000
534F4C31,31745,291934829,18477,4095,4095,0,9.02197,0.00000
534F4C31,31746,291938551,18460,4095,4095,0,9.01367,0.00000
534F4C31,31746,291941840,18462,4095,4095,0,9.01465,0.00000
534F4C31,31746,291944195,18467,4095,4095,0,9.01709,0.00000
534F4C31,31746,291948424,18455,4095,4095,0,9.01123,0.00000
534F4C31,31746,291951414,18471,4095,4095,0,9.01904,0.00000
534F4C31,31746,291953521,18478,4095,4095,0,9.02246,0.00000
534F4C31,31746,291956207,18464,4095,4095,0,9.01562,0.00000
534F4C31,31747,291958605,18453,4095,4095,0,9.01025,0.00000
534F4C31,31748,291963062,18474,4095,4095,0,9.02051,0.00000
534F4C31,31748,291966516,18472,4095,4095,0,9.01953,0.00000
534F4C31,31748,291970642,18473,4095,4095,0,9.02002,0.00000
534F4C31,31748,291972958,18480,4095,4095,0,9.02344,0.00000
534F4C31,31748,291975563,18466,4095,4095,0,9.01660,0.00000
534F4C31,31748,291978394,18457,4095,4095,0,9.01221,0.00000
534F4C31,31749,291980626,18480,4095,4095,0,9.02344,0.00000
534F4C31,31749,291985034,19495,4095,4095,0,9.51904,0.00000
534F4C31,31749,291987220,20122,4095,4095,0,9.82520,0.00000
534F4C31,31749,291990838,20428,4095,4095,0,9.97461,0.00000
534F4C31,31749,291993074,20486,4095,4095,0,10.00293,0.00000
534F4C31,31749,291995200,20506,4095,4095,0,10.01270,0.00000
534F4C31,31749,291997207,20500,4095,4095,0,10.00977,0.00000
534F4C31,31749,291999283,20515,4095,4095,0,10.01709,0.00000
534F4C31,31749,292001326,20506,4095,4095,0,10.01270,0.00000
534F4C31,31749,292003419,20529,4095,4095,0,10.02393,0.00000
534F4C31,31750,292005490,20515,4095,4095,0,10.01709,0.00000
534F4C31,31751,292009119,20527,4095,4095,0,10.02295,0.00000
534F4C31,31752,292013102,20526,4095,4095,0,10.02246,0.00000
534F4C31,31752,292017365,20526,4095,4095,0,10.02246,0.00000
534F4C31,31752,292021371,20525,4095,4095,0,10.02197,0.00000
534F4C31,31753,292023590,20526,4095,4095,0,10.02246,0.00000
534F4C31,31753,292027906,20518,4095,4095,0,10.01855,0.00000
534F4C31,31753,292030356,20514,4095,4095,0,10.01660,0.00000
534F4C31,31753,292032361,20500,4095,4095,0,10.00977,0.00000
534F4C31,31753,292035543,20508,4095,4095,0,10.01367,0.00000
534F4C31,31753,292037544,20515,4095,4095,0,10.01709,0.00000
534F4C31,31754,292039624,20512,4095,4095,0,10.01562,0.00000
534F4C31,31754,292043652,20520,4095,4095,0,10.01953,0.00000
534F4C31,31754,292046398,20526,4095,4095,0,10.02246,0.00000
534F4C31,31755,292048438,20516,4095,4095,0,10.01758,0.00000
534F4C31,31756,292052502,20513,4095,4095,0,10.01611,0.00000
534F4C31,31756,292056642,20502,4095,4095,0,10.01074,0.00000
534F4C31,31756,292059565,20506,4095,4095,0,10.01270,0.00000
534F4C31,31756,292063588,20528,4095,4095,0,10.02344,0.00000
534F4C31,31756,292065758,20524,4095,4095,0,10.02148,0.00000
534F4C31,31756,292067919,20514,4095,4095,0,10.01660,0.00000
534F4C31,31756,292070946,20504,4095,4095,0,10.01172,0.00000
534F4C31,31756,292073156,20514,4095,4095,0,10.01660,0.00000
534F4C31,31757,292075261,20512,4095,4095,0,10.01562,0.00000
534F4C31,31758,292079685,20526,4095,4095,0,10.02246,0.00000
534F4C31,31758,292082248,20506,4095,4095,0,10.01270,0.00000
534F4C31,31758,292087323,20529,4095,4095,0,10.02393,0.00000
534F4C31,31758,292090700,20503,4095,4095,0,10.01123,0.00000
534F4C31,31758,292092812,20526,4095,4095,0,10.02246,0.00000
534F4C31,31759,292094853,20522,4095,4095,0,10.02051,0.00000
534F4C31,31760,292097093,20525,4095,4095,0,10.02197,0.00000
534F4C31,31760,292102694,20526,4095,4095,0,10.02246,0.00000
534F4C31,31760,292106838,20511,4095,4095,0,10.01514,0.00000
534F4C31,31760,292110375,20506,4095,4095,0,10.01270,0.00000
534F4C31,31761,292113293,20500,4095,4095,0,10.00977,0.00000
534F4C31,31761,292118352,20518,4095,4095,0,10.01855,0.00000
534F4C31,31761,292120974,20510,4095,4095,0,10.01465,0.00000
534F4C31,31762,292123819,20522,4095,4095,0,10.02051,0.00000
534F4C31,31762,292128843,20515,4095,4095,0,10.01709,0.00000
534F4C31,31762,292131040,20514,4095,4095,0,10.01660,0.00000
534F4C31,31762,292133750,20506,4095,4095,0,10.01270,0.00000
534F4C31,31762,292136151,20526,4095,4095,0,10.02246,0.00000
534F4C31,31762,292138171,20519,4095,4095,0,10.01904,0.00000
534F4C31,31762,292140246,20510,4095,4095,0,10.01465,0.00000
534F4C31,31762,292142358,20514,4095,4095,0,10.01660,0.00000
534F4C31,31763,292144526,20511,4095,4095,0,10.01514,0.00000
534F4C31,31764,292148821,20500,4095,4095,0,10.00977,0.00000
534F4C31,31765,292153994,20505,4095,4095,0,10.01221,0.00000
534F4C31,31765,292158525,20508,4095,4095,0,10.01367,0.00000
534F4C31,31765,292160715,20521,4095,4095,0,10.02002,0.00000
534F4C31,31766,292163559,20529,4095,4095,0,10.02393,0.00000
534F4C31,31767,292168795,20520,4095,4095,0,10.01953,0.00000
534F4C31,31767,292172685,20525,4095,4095,0,10.02197,0.00000
534F4C31,31767,292176187,20507,4095,4095,0,10.01318,0.00000
534F4C31,31767,292178684,20525,4095,4095,0,10.02197,0.00000
534F4C31,31767,292181548,20517,4095,4095,0,10.01807,0.00000
534F4C31,31767,292184388,20502,4095,4095,0,10.01074,0.00000
534F4C31,31767,292186683,20526,4095,4095,0,10.02246,0.00000
534F4C31,31767,292188782,20514,4095,4095,0,10.01660,0.00000
534F4C31,31767,292190876,20509,4095,4095,0,10.01416,0.00000
534F4C31,31767,292193013,20512,4095,4095,0,10.01562,0.00000
534F4C31,31768,292195169,20506,4095,4095,0,10.01270,0.00000
534F4C31,31769,292199421,20515,4095,4095,0,10.01709,0.00000
534F4C31,31770,292204568,20526,4095,4095,0,10.02246,0.00000
534F4C31,31771,292209006,20518,4095,4095,0,10.01855,0.00000
534F4C31,31772,292213823,20516,4095,4095,0,10.01758,0.00000
534F4C31,31772,292218408,20523,4095,4095,0,10.02100,0.00000
534F4C31,31773,292221419,20528,4095,4095,0,10.02344,0.00000
534F4C31,31773,292226334,20517,4095,4095,0,10.01807,0.00000
534F4C31,31773,292229653,20526,4095,4095,0,10.02246,0.00000
534F4C31,31774,292233441,20519,4095,4095,0,10.01904,0.00000
534F4C31,31775,292236421,20518,4095,4095,0,10.01855,0.00000
534F4C31,31776,292241549,20511,4095,4095,0,10.01514,0.00000
534F4C31,31777,292246769,20522,4095,4095,0,10.02051,0.00000
534F4C31,31777,292252578,20501,4095,4095,0,10.01025,0.00000
534F4C31,31777,292254707,20517,4095,4095,0,10.01807,0.00000
534F4C31,31778,292257588,20507,4095,4095,0,10.01318,0.00000
534F4C31,31778,292262912,20512,4095,4095,0,10.01562,0.00000
534F4C31,31778,292265086,20509,4095,4095,0,10.01416,0.00000
534F4C31,31779,292268123,20529,4095,4095,0,10.02393,0.00000
534F4C31,31779,292272647,20513,4095,4095,0,10.01611,0.00000
534F4C31,31779,292274798,20520,4095,4095,0,10.01953,0.00000
534F4C31,31779,292276812,20507,4095,4095,0,10.01318,0.00000
534F4C31,31779,292279624,20513,4095,4095,0,10.01611,0.00000
534F4C31,31779,292282058,20516,4095,4095,0,10.01758,0.00000
534F4C31,31779,292284207,20505,4095,4095,0,10.01221,0.00000
534F4C31,31779,292286269,20517,4095,4095,0,10.01807,0.00000
534F4C31,31779,292288339,20499,4095,4095,0,10.00928,0.00000
534F4C31,31779,292290468,20516,4095,4095,0,10.01758,0.00000
534F4C31,31780,292293773,20519,4095,4095,0,10.01904,0.00000
534F4C31,31781,292298423,20518,4095,4095,0,10.01855,0.00000
534F4C31,31781,292301628,20517,4095,4095,0,10.01807,0.00000
534F4C31,31781,292306998,20521,4095,4095,0,10.02002,0.00000
534F4C31,31781,292309492,20510,4095,4095,0,10.01465,0.00000
534F4C31,31781,292312299,20503,4095,4095,0,10.01123,0.00000
534F4C31,31782,292314770,20528,4095,4095,0,10.02344,0.00000
534F4C31,31782,292320201,20513,4095,4095,0,10.01611,0.00000
534F4C31,31782,292322539,20527,4095,4095,0,10.02295,0.00000
534F4C31,31782,292326626,20510,4095,4095,0,10.01465,0.00000
534F4C31,31782,292328662,20519,4095,4095,0,10.01904,0.00000
534F4C31,31782,292331631,20514,4095,4095,0,10.01660,0.00000
534F4C31,31782,292333916,20522,4095,4095,0,10.02051,0.00000
534F4C31,31782,292335907,20524,4095,4095,0,10.02148,0.00000
534F4C31,31782,292338057,20529,4095,4095,0,10.02393,0.00000
534F4C31,31782,292340209,20513,4095,4095,0,10.01611,0.00000
534F4C31,31782,292342345,20514,4095,4095,0,10.01660,0.00000
534F4C31,31782,292344399,20520,4095,4095,0,10.01953,0.00000
534F4C31,31782,292346438,20506,4095,4095,0,10.01270,0.00000
534F4C31,31782,292348526,20515,4095,4095,0,10.01709,0.00000
534F4C31,31783,292350696,20510,4095,4095,0,10.01465,0.00000
534F4C31,31784,292354994,20512,4095,4095,0,10.01562,0.00000
534F4C31,31785,292361321,20508,4095,4095,0,10.01367,0.00000
534F4C31,31785,292365912,20514,4095,4095,0,10.01660,0.00000
534F4C31,31786,292368357,20515,4095,4095,0,10.01709,0.00000
534F4C31,31787,292372367,20517,4095,4095,0,10.01807,0.00000
534F4C31,31787,292378260,20514,4095,4095,0,10.01660,0.00000
534F4C31,31787,292382053,20525,4095,4095,0,10.02197,0.00000
534F4C31,31788,292385316,20508,4095,4095,0,10.01367,0.00000
534F4C31,31788,292390431,20529,4095,4095,0,10.02393,0.00000
534F4C31,31788,292392757,20504,4095,4095,0,10.01172,0.00000
534F4C31,31788,292395167,20515,4095,4095,0,10.01709,0.00000
534F4C31,31788,292398032,20522,4095,4095,0,10.02051,0.00000
534F4C31,31788,292400151,20529,4095,4095,0,10.02393,0.00000
534F4C31,31788,292402233,20518,4095,4095,0,10.01855,0.00000
534F4C31,31788,292404270,20523,4095,4095,0,10.02100,0.00000
534F4C31,31788,292406346,20515,4095,4095,0,10.01709,0.00000
534F4C31,31788,292408501,20507,4095,4095,0,10.01318,0.00000
534F4C31,31789,292410654,20514,4095,4095,0,10.01660,0.00000
534F4C31,31790,292414915,20510,4095,4095,0,10.01465,0.00000
534F4C31,31791,292419151,20516,4095,4095,0,10.01758,0.00000
534F4C31,31791,292425227,20529,4095,4095,0,10.02393,0.00000
534F4C31,31791,292427540,20526,4095,4095,0,10.02246,0.00000
534F4C31,31792,292431796,20516,4095,4095,0,10.01758,0.00000
534F4C31,31793,292435005,20515,4095,4095,0,10.01709,0.00000
534F4C31,31793,292441518,20519,4095,4095,0,10.01904,0.00000
534F4C31,31793,292443812,20507,4095,4095,0,10.01318,0.00000
534F4C31,31793,292445838,20517,4095,4095,0,10.01807,0.00000
534F4C31,31793,292448026,20514,4095,4095,0,10.01660,0.00000
534F4C31,31793,292451032,20501,4095,4095,0,10.01025,0.00000
534F4C31,31793,292453133,20514,4095,4095,0,10.01660,0.00000
534F4C31,31793,292455162,20509,4095,4095,0,10.01416,0.00000
534F4C31,31794,292457495,20517,4095,4095,0,10.01807,0.00000
534F4C31,31795,292462195,20524,4095,4095,0,10.02148,0.00000
534F4C31,31796,292465715,20524,4095,4095,0,10.02148,0.00000
534F4C31,31797,292471531,20514,4095,4095,0,10.01660,0.00000
534F4C31,31797,292475380,20524,4095,4095,0,10.02148,0.00000
534F4C31,31797,292479416,20511,4095,4095,0,10.01514,0.00000
534F4C31,31797,292482205,20523,4095,4095,0,10.02100,0.00000
534F4C31,31797,292484313,20521,4095,4095,0,10.02002,0.00000
534F4C31,31797,292487061,20502,4095,4095,0,10.01074,0.00000
534F4C31,31797,292489344,20526,4095,4095,0,10.02246,0.00000
534F4C31,31797,292491352,20519,4095,4095,0,10.01904,0.00000
534F4C31,31797,292493461,20528,4095,4095,0,10.02344,0.00000
534F4C31,31797,292495378,20520,4095,4095,0,10.01953,0.00000
534F4C31,31798,292497455,20503,4095,4095,0,10.01123,0.00000
534F4C31,31798,292501768,20516,4095,4095,0,10.01758,0.00000
534F4C31,31798,292504042,20518,4095,4095,0,10.01855,0.00000
534F4C31,31799,292506187,20512,4095,4095,0,10.01562,0.00000
534F4C31,31799,292511335,20522,4095,4095,0,10.02051,0.00000
534F4C31,31800,292513597,20510,4095,4095,0,10.01465,0.00000
534F4C31,31800,292517680,20527,4095,4095,0,10.02295,0.00000
534F4C31,31800,292522084,20521,4095,4095,0,10.02002,0.00000
534F4C31,31800,292524542,20523,4095,4095,0,10.02100,0.00000
534F4C31,31800,292526612,20516,4095,4095,0,10.01758,0.00000
534F4C31,31801,292529550,20508,4095,4095,0,10.01367,0.00000
534F4C31,31801,292534045,20506,4095,4095,0,10.01270,0.00000
534F4C31,31801,292536221,20520,4095,4095,0,10.01953,0.00000
534F4C31,31802,292538222,20522,4095,4095,0,10.02051,0.00000
534F4C31,31802,292543853,20515,4095,4095,0,10.01709,0.00000
534F4C31,31802,292546233,20515,4095,4095,0,10.01709,0.00000
534F4C31,31802,292549087,20504,4095,4095,0,10.01172,0.00000
534F4C31,31802,292552019,20527,4095,4095,0,10.02295,0.00000
534F4C31,31802,292554351,20516,4095,4095,0,10.01758,0.00000
534F4C31,31803,292556347,20502,4095,4095,0,10.01074,0.00000
534F4C31,31804,292560851,20529,4095,4095,0,10.02393,0.00000
534F4C31,31805,292564752,20511,4095,4095,0,10.01514,0.00000
534F4C31,31806,292570738,20516,4095,4095,0,10.01758,0.00000
534F4C31,31806,292573575,20521,4095,4095,0,10.02002,0.00000
534F4C31,31806,292577924,20514,4095,4095,0,10.01660,0.00000
534F4C31,31807,292581564,20518,4095,4095,0,10.01855,0.00000
534F4C31,31807,292585773,20511,4095,4095,0,10.01514,0.00000
534F4C31,31807,292587832,20511,4095,4095,0,10.01514,0.00000
534F4C31,31807,292591586,20517,4095,4095,0,10.01807,0.00000
534F4C31,31807,292593875,20523,4095,4095,0,10.02100,0.00000
534F4C31,31807,292595924,20522,4095,4095,0,10.02051,0.00000
534F4C31,31807,292598606,20528,4095,4095,0,10.02344,0.00000
534F4C31,31807,292600857,20521,4095,4095,0,10.02002,0.00000
534F4C31,31807,292603029,20503,4095,4095,0,10.01123,0.00000
534F4C31,31807,292605146,20513,4095,4095,0,10.01611,0.00000
534F4C31,31808,292607205,20509,4095,4095,0,10.01416,0.00000
534F4C31,31809,292610218,20528,4095,4095,0,10.02344,0.00000
534F4C31,31810,292614960,20516,4095,4095,0,10.01758,0.00000
534F4C31,31811,292618444,20529,4095,4095,0,10.02393,0.00000
534F4C31,31812,292623060,20524,4095,4095,0,10.02148,0.00000
534F4C31,31812,292628862,20520,4095,4095,0,10.01953,0.00000
534F4C31,31812,292631956,20516,4095,4095,0,10.01758,0.00000
534F4C31,31813,292634216,20509,4095,4095,0,10.01416,0.00000
534F4C31,31813,292638979,20522,4095,4095,0,10.02051,0.00000
534F4C31,31813,292641603,20506,4095,4095,0,10.01270,0.00000
534F4C31,31814,292643647,20520,4095,4095,0,10.01953,0.00000
534F4C31,31815,292647371,20513,4095,4095,0,10.01611,0.00000
534F4C31,31816,292652665,20526,4095,4095,0,10.02246,0.00000
534F4C31,31817,292658047,20525,4095,4095,0,10.02197,0.00000
534F4C31,31817,292661035,20522,4095,4095,0,10.02051,0.00000
534F4C31,31817,292664912,20511,4095,4095,0,10.01514,0.00000
534F4C31,31818,292668238,20526,4095,4095,0,10.02246,0.00000
534F4C31,31818,292672201,20520,4095,4095,0,10.01953,0.00000
534F4C31,31818,292676296,20514,4095,4095,0,10.01660,0.00000
534F4C31,31818,292679429,20516,4095,4095,0,10.01758,0.00000
534F4C31,31818,292681669,20511,4095,4095,0,10.01514,0.00000
534F4C31,31818,292684304,20522,4095,4095,0,10.02051,0.00000
534F4C31,31818,292686589,20514,4095,4095,0,10.01660,0.00000
534F4C31,31818,292688693,20504,4095,4095,0,10.01172,0.00000
534F4C31,31818,292690887,20527,4095,4095,0,10.02295,0.00000
534F4C31,31818,292692923,20513,4095,4095,0,10.01611,0.00000
534F4C31,31818,292694899,20526,4095,4095,0,10.02246,0.00000
534F4C31,31818,292696842,20512,4095,4095,0,10.01562,0.00000
534F4C31,31818,292698859,20524,4095,4095,0,10.02148,0.00000
534F4C31,31818,292700892,20516,4095,4095,0,10.01758,0.00000
534F4C31,31818,292702935,20529,4095,4095,0,10.02393,0.00000
534F4C31,31818,292704892,20519,4095,4095,0,10.01904,0.00000
534F4C31,31818,292706853,20528,4095,4095,0,10.02344,0.00000
534F4C31,31818,292708907,20515,4095,4095,0,10.01709,0.00000
534F4C31,31818,292710933,20527,4095,4095,0,10.02295,0.00000
534F4C31,31818,292713130,20515,4095,4095,0,10.01709,0.00000
534F4C31,31819,292715380,20509,4095,4095,0,10.01416,0.00000
534F4C31,31820,292719906,20507,4095,4095,0,10.01318,0.00000
534F4C31,31821,292726396,20514,4095,4095,0,10.01660,0.00000
534F4C31,31821,292730451,20516,4095,4095,0,10.01758,0.00000
534F4C31,31821,292733479,20520,4095,4095,0,10.01953,0.00000
534F4C31,31821,292736406,20514,4095,4095,0,10.01660,0.00000
534F4C31,31821,292738655,20508,4095,4095,0,10.01367,0.00000
534F4C31,31822,292740683,20516,4095,4095,0,10.01758,0.00000
534F4C31,31823,292745242,20524,4095,4095,0,10.02148,0.00000
534F4C31,31824,292750952,20515,4095,4095,0,10.01709,0.00000
534F4C31,31824,292754628,20521,4095,4095,0,10.02002,0.00000
534F4C31,31824,292757651,20525,4095,4095,0,10.02197,0.00000
534F4C31,31824,292759839,20515,4095,4095,0,10.01709,0.00000
534F4C31,31824,292762668,20511,4095,4095,0,10.01514,0.00000
534F4C31,31824,292764802,20521,4095,4095,0,10.02002,0.00000
534F4C31,31824,292766927,20524,4095,4095,0,10.02148,0.00000
534F4C31,31824,292768873,20523,4095,4095,0,10.02100,0.00000
534F4C31,31825,292770749,20517,4095,4095,0,10.01807,0.00000
534F4C31,31826,292775069,20529,4095,4095,0,10.02393,0.00000
534F4C31,31827,292779018,20508,4095,4095,0,10.01367,0.00000
534F4C31,31827,292784945,20515,4095,4095,0,10.01709,0.00000
534F4C31,31827,292788202,20518,4095,4095,0,10.01855,0.00000
534F4C31,31828,292790497,20517,4095,4095,0,10.01807,0.00000
534F4C31,31829,292795712,20508,4095,4095,0,10.01367,0.00000
534F4C31,31830,292800403,20517,4095,4095,0,10.01807,0.00000
534F4C31,31831,292806279,20521,4095,4095,0,10.02002,0.00000
534F4C31,31831,292811094,20514,4095,4095,0,10.01660,0.00000
534F4C31,31831,292814877,20521,4095,4095,0,10.02002,0.00000
534F4C31,31831,292817507,20518,4095,4095,0,10.01855,0.00000
534F4C31,31831,292820691,20525,4095,4095,0,10.02197,0.00000
534F4C31,31831,292822880,20522,4095,4095,0,10.02051,0.00000
534F4C31,31831,292825556,20518,4095,4095,0,10.01855,0.00000
534F4C31,31832,292827902,20509,4095,4095,0,10.01416,0.00000
534F4C31,31832,292832587,20530,4095,4095,0,10.02441,0.00000
534F4C31,31832,292834734,20527,4095,4095,0,10.02295,0.00000
534F4C31,31832,292837706,20521,4095,4095,0,10.02002,0.00000
534F4C31,31832,292840661,20514,4095,4095,0,10.01660,0.00000
534F4C31,31832,292842693,20527,4095,4095,0,10.02295,0.00000
534F4C31,31832,292844796,20516,4095,4095,0,10.01758,0.00000
534F4C31,31833,292846972,20527,4095,4095,0,10.02295,0.00000
534F4C31,31833,292851106,20514,4095,4095,0,10.01660,0.00000
534F4C31,31833,292853338,20520,4095,4095,0,10.01953,0.00000
534F4C31,31834,292855404,20509,4095,4095,0,10.01416,0.00000
534F4C31,31835,292859268,20516,4095,4095,0,10.01758,0.00000
534F4C31,31836,292864294,20525,4095,4095,0,10.02197,0.00000
534F4C31,31836,292868310,20513,4095,4095,0,10.01611,0.00000
534F4C31,31836,292872616,20519,4095,4095,0,10.01904,0.00000
534F4C31,31837,292875496,20524,4095,4095,0,10.02148,0.00000
534F4C31,31837,292879021,20525,4095,4095,0,10.02197,0.00000
534F4C31,31837,292883276,20504,4095,4095,0,10.01172,0.00000
534F4C31,31838,292886289,20526,4095,4095,0,10.02246,0.00000
534F4C31,31838,292890335,20514,4095,4095,0,10.01660,0.00000
534F4C31,31838,292893662,20527,4095,4095,0,10.02295,0.00000
534F4C31,31838,292895689,20517,4095,4095,0,10.01807,0.00000
534F4C31,31838,292898816,20509,4095,4095,0,10.01416,0.00000
534F4C31,31838,292901297,20526,4095,4095,0,10.02246,0.00000
534F4C31,31838,292903398,20517,4095,4095,0,10.01807,0.00000
534F4C31,31838,292905537,20505,4095,4095,0,10.01221,0.00000
534F4C31,31839,292907622,20515,4095,4095,0,10.01709,0.00000
534F4C31,31839,292912038,20520,4095,4095,0,10.01953,0.00000
534F4C31,31839,292914758,20515,4095,4095,0,10.01709,0.00000
534F4C31,31839,292917694,20507,4095,4095,0,10.01318,0.00000
534F4C31,31839,292920005,20528,4095,4095,0,10.02344,0.00000
534F4C31,31839,292922043,20518,4095,4095,0,10.01855,0.00000
534F4C31,31839,292924176,20528,4095,4095,0,10.02344,0.00000
534F4C31,31839,292926288,20513,4095,4095,0,10.01611,0.00000
534F4C31,31840,292928381,20525,4095,4095,0,10.02197,0.00000
534F4C31,31841,292933231,20509,4095,4095,0,10.01416,0.00000
534F4C31,31842,292939874,20515,4095,4095,0,10.01709,0.00000
534F4C31,31842,292943410,20510,4095,4095,0,10.01465,0.00000
534F4C31,31842,292946370,20517,4095,4095,0,10.01807,0.00000
534F4C31,31843,292949642,20507,4095,4095,0,10.01318,0.00000
534F4C31,31843,292953234,20518,4095,4095,0,10.01855,0.00000
534F4C31,31843,292955378,20528,4095,4095,0,10.02344,0.00000
534F4C31,31844,292958373,20516,4095,4095,0,10.01758,0.00000
534F4C31,31844,292962540,20514,4095,4095,0,10.01660,0.00000
534F4C31,31844,292964764,20514,4095,4095,0,10.01660,0.00000
534F4C31,31845,292966840,20528,4095,4095,0,10.02344,0.00000
534F4C31,31845,292972093,20522,4095,4095,0,10.02051,0.00000
534F4C31,31845,292974370,20527,4095,4095,0,10.02295,0.00000
534F4C31,31846,292977309,20520,4095,4095,0,10.01953,0.00000
534F4C31,31846,292981062,20512,4095,4095,0,10.01562,0.00000
534F4C31,31846,292984406,20513,4095,4095,0,10.01611,0.00000
534F4C31,31846,292986452,20526,4095,4095,0,10.02246,0.00000
534F4C31,31846,292989367,20519,4095,4095,0,10.01904,0.00000
534F4C31,31846,292991679,20510,4095,4095,0,10.01465,0.00000
534F4C31,31846,292993680,20530,4095,4095,0,10.02441,0.00000
534F4C31,31846,292995778,20513,4095,4095,0,10.01611,0.00000
534F4C31,31847,292997989,20525,4095,4095,0,10.02197,0.00000
534F4C31,31848,293002239,20517,4095,4095,0,10.01807,0.00000
534F4C31,31849,293006583,20518,4095,4095,0,10.01855,0.00000
534F4C31,31849,293011759,20524,4095,4095,0,10.02148,0.00000
534F4C31,31849,293014603,20507,4095,4095,0,10.01318,0.00000
534F4C31,31850,293016673,20517,4095,4095,0,10.01807,0.00000
534F4C31,31851,293021496,20513,4095,4095,0,10.01611,0.00000
534F4C31,31852,293025717,20517,4095,4095,0,10.01807,0.00000
534F4C31,31853,293032043,20514,4095,4095,0,10.01660,0.00000
534F4C31,31853,293036831,20504,4095,4095,0,10.01172,0.00000
534F4C31,31853,293040545,20514,4095,4095,0,10.01660,0.00000
534F4C31,31853,293043334,20520,4095,4095,0,10.01953,0.00000
534F4C31,31853,293045326,20502,4095,4095,0,10.01074,0.00000
534F4C31,31853,293048337,20523,4095,4095,0,10.02100,0.00000
534F4C31,31853,293050268,20517,4095,4095,0,10.01807,0.00000
534F4C31,31853,293052194,20527,4095,4095,0,10.02295,0.00000
534F4C31,31853,293054255,20519,4095,4095,0,10.01904,0.00000
534F4C31,31853,293056464,20522,4095,4095,0,10.02051,0.00000
534F4C31,31853,293058469,20521,4095,4095,0,10.02002,0.00000
534F4C31,31853,293060585,20523,4095,4095,0,10.02100,0.00000
534F4C31,31853,293062693,20517,4095,4095,0,10.01807,0.00000
534F4C31,31853,293064673,20506,4095,4095,0,10.01270,0.00000
534F4C31,31853,293066729,20513,4095,4095,0,10.01611,0.00000
534F4C31,31854,293068751,20505,4095,4095,0,10.01221,0.00000
534F4C31,31855,293073300,20514,4095,4095,0,10.01660,0.00000
534F4C31,31856,293077531,20506,4095,4095,0,10.01270,0.00000
534F4C31,31857,293083123,20521,4095,4095,0,10.02002,0.00000
534F4C31,31857,293088464,20520,4095,4095,0,10.01953,0.00000
534F4C31,31857,293090626,20526,4095,4095,0,10.02246,0.00000
534F4C31,31858,293093776,20517,4095,4095,0,10.01807,0.00000
534F4C31,31859,293098403,20507,4095,4095,0,10.01318,0.00000
534F4C31,31859,293100863,20515,4095,4095,0,10.01709,0.00000
534F4C31,31859,293106181,20512,4095,4095,0,10.01562,0.00000
534F4C31,31859,293108359,20516,4095,4095,0,10.01758,0.00000
534F4C31,31859,293111245,20526,4095,4095,0,10.02246,0.00000
534F4C31,31859,293114862,20527,4095,4095,0,10.02295,0.00000
534F4C31,31859,293117000,20515,4095,4095,0,10.01709,0.00000
534F4C31,31859,293118982,20507,4095,4095,0,10.01318,0.00000
534F4C31,31859,293121014,20521,4095,4095,0,10.02002,0.00000
534F4C31,31859,293123157,20509,4095,4095,0,10.01416,0.00000
534F4C31,31859,293125288,20520,4095,4095,0,10.01953,0.00000
534F4C31,31859,293127378,20504,4095,4095,0,10.01172,0.00000
534F4C31,31860,293129464,20519,4095,4095,0,10.01904,0.00000
534F4C31,31861,293133954,20520,4095,4095,0,10.01953,0.00000
534F4C31,31862,293140357,20519,4095,4095,0,10.01904,0.00000
534F4C31,31862,293144873,20509,4095,4095,0,10.01416,0.00000
534F4C31,31862,293148091,20519,4095,4095,0,10.01904,0.00000
534F4C31,31862,293150192,20504,4095,4095,0,10.01172,0.00000
534F4C31,31862,293152959,20514,4095,4095,0,10.01660,0.00000
534F4C31,31863,293155128,20517,4095,4095,0,10.01807,0.00000
534F4C31,31864,293159341,20527,4095,4095,0,10.02295,0.00000
534F4C31,31865,293163020,20501,4095,4095,0,10.01025,0.00000
534F4C31,31866,293168999,20509,4095,4095,0,10.01416,0.00000
534F4C31,31866,293171266,20520,4095,4095,0,10.01953,0.00000
534F4C31,31866,293176818,20528,4095,4095,0,10.02344,0.00000
534F4C31,31867,293178934,20519,4095,4095,0,10.01904,0.00000
534F4C31,31867,293182546,20510,4095,4095,0,10.01465,0.00000
534F4C31,31867,293186613,20503,4095,4095,0,10.01123,0.00000
534F4C31,31867,293189367,20508,4095,4095,0,10.01367,0.00000
534F4C31,31867,293192071,20517,4095,4095,0,10.01807,0.00000
534F4C31,31867,293194469,20511,4095,4095,0,10.01514,0.00000
534F4C31,31867,293196661,20505,4095,4095,0,10.01221,0.00000
534F4C31,31867,293198799,20516,4095,4095,0,10.01758,0.00000
534F4C31,31867,293200850,20510,4095,4095,0,10.01465,0.00000
534F4C31,31867,293202973,20514,4095,4095,0,10.01660,0.00000
534F4C31,31868,293205186,20507,4095,4095,0,10.01318,0.00000
534F4C31,31869,293209709,20503,4095,4095,0,10.01123,0.00000
534F4C31,31869,293212294,20505,4095,4095,0,10.01221,0.00000
534F4C31,31870,293217436,20513,4095,4095,0,10.01611,0.00000
534F4C31,31870,293222756,20517,4095,4095,0,10.01807,0.00000
534F4C31,31870,293224894,20515,4095,4095,0,10.01709,0.00000
534F4C31,31870,293227695,20510,4095,4095,0,10.01465,0.00000
534F4C31,31870,293229838,20517,4095,4095,0,10.01807,0.00000
534F4C31,31871,293231890,20507,4095,4095,0,10.01318,0.00000
534F4C31,31872,293237190,20518,4095,4095,0,10.01855,0.00000
534F4C31,31872,293240906,20511,4095,4095,0,10.01514,0.00000
534F4C31,31872,293246986,20502,4095,4095,0,10.01074,0.00000
534F4C31,31873,293249229,20514,4095,4095,0,10.01660,0.00000
534F4C31,31873,293253284,20512,4095,4095,0,10.01562,0.00000
534F4C31,31873,293256904,20515,4095,4095,0,10.01709,0.00000
534F4C31,31873,293259761,20507,4095,4095,0,10.01318,0.00000
534F4C31,31873,293262597,20526,4095,4095,0,10.02246,0.00000
534F4C31,31874,293264958,20514,4095,4095,0,10.01660,0.00000
534F4C31,31874,293269138,20504,4095,4095,0,10.01172,0.00000
534F4C31,31874,293271406,20518,4095,4095,0,10.01855,0.00000
534F4C31,31875,293273925,20527,4095,4095,0,10.02295,0.00000
534F4C31,31876,293279321,20516,4095,4095,0,10.01758,0.00000
534F4C31,31876,293284004,20523,4095,4095,0,10.02100,0.00000
534F4C31,31876,293288167,20521,4095,4095,0,10.02002,0.00000
534F4C31,31877,293290984,20520,4095,4095,0,10.01953,0.00000
534F4C31,31877,293295152,20526,4095,4095,0,10.02246,0.00000
534F4C31,31877,293298657,20503,4095,4095,0,10.01123,0.00000
534F4C31,31878,293301684,20524,4095,4095,0,10.02148,0.00000
534F4C31,31879,293306690,20507,4095,4095,0,10.01318,0.00000
534F4C31,31879,293310191,20527,4095,4095,0,10.02295,0.00000
534F4C31,31879,293313075,20524,4095,4095,0,10.02148,0.00000
534F4C31,31880,293317215,20515,4095,4095,0,10.01709,0.00000
534F4C31,31880,293320476,20514,4095,4095,0,10.01660,0.00000
534F4C31,31880,293324143,20519,4095,4095,0,10.01904,0.00000
534F4C31,31881,293328522,20515,4095,4095,0,10.01709,0.00000
534F4C31,31881,293331926,20520,4095,4095,0,10.01953,0.00000
534F4C31,31881,293335030,20513,4095,4095,0,10.01611,0.00000
534F4C31,31881,293338312,20518,4095,4095,0,10.01855,0.00000
534F4C31,31881,293341195,20511,4095,4095,0,10.01514,0.00000
534F4C31,31882,293344468,20526,4095,4095,0,10.02246,0.00000
534F4C31,31883,293347564,20514,4095,4095,0,10.01660,0.00000
534F4C31,31884,293352561,20517,4095,4095,0,10.01807,0.00000
534F4C31,31884,293355756,20526,4095,4095,0,10.02246,0.00000
534F4C31,31884,293360880,20518,4095,4095,0,10.01855,0.00000
534F4C31,31885,293363263,20526,4095,4095,0,10.02246,0.00000
534F4C31,31886,293366557,20513,4095,4095,0,10.01611,0.00000
534F4C31,31886,293372034,20515,4095,4095,0,10.01709,0.00000
534F4C31,31886,293375011,20528,4095,4095,0,10.02344,0.00000
534F4C31,31886,293378055,20517,4095,4095,0,10.01807,0.00000
534F4C31,31886,293380391,20513,4095,4095,0,10.01611,0.00000
534F4C31,31886,293382430,20521,4095,4095,0,10.02002,0.00000
534F4C31,31886,293384528,20512,4095,4095,0,10.01562,0.00000
534F4C31,31886,293386653,20530,4095,4095,0,10.02441,0.00000
534F4C31,31886,293388737,20516,4095,4095,0,10.01758,0.00000
534F4C31,31886,293390788,20506,4095,4095,0,10.01270,0.00000
534F4C31,31886,293392878,20517,4095,4095,0,10.01807,0.00000
534F4C31,31886,293394958,20503,4095,4095,0,10.01123,0.00000
534F4C31,31886,293397093,20521,4095,4095,0,10.02002,0.00000
534F4C31,31886,293399276,20511,4095,4095,0,10.01514,0.00000
534F4C31,31886,293401286,20516,4095,4095,0,10.01758,0.00000
534F4C31,31886,293403188,20506,4095,4095,0,10.01270,0.00000
534F4C31,31886,293405078,20520,4095,4095,0,10.01953,0.00000
534F4C31,31887,293407314,20519,4095,4095,0,10.01904,0.00000
534F4C31,31888,293411946,20524,4095,4095,0,10.02148,0.00000
534F4C31,31889,293415259,20509,4095,4095,0,10.01416,0.00000
534F4C31,31890,293420601,20525,4095,4095,0,10.02197,0.00000
534F4C31,31890,293424838,20516,4095,4095,0,10.01758,0.00000
534F4C31,31890,293427460,20514,4095,4095,0,10.01660,0.00000
534F4C31,31891,293431575,20503,4095,4095,0,10.01123,0.00000
534F4C31,31891,293434839,20509,4095,4095,0,10.01416,0.00000
534F4C31,31891,293439389,20508,4095,4095,0,10.01367,0.00000
534F4C31,31891,293441582,20502,4095,4095,0,10.01074,0.00000
534F4C31,31891,293444376,20514,4095,4095,0,10.01660,0.00000
534F4C31,31892,293447751,20520,4095,4095,0,10.01953,0.00000
534F4C31,31893,293452003,20507,4095,4095,0,10.01318,0.00000
534F4C31,31893,293455662,20516,4095,4095,0,10.01758,0.00000
534F4C31,31893,293461509,20519,4095,4095,0,10.01904,0.00000
534F4C31,31893,293464402,20527,4095,4095,0,10.02295,0.00000
534F4C31,31893,293466766,20515,4095,4095,0,10.01709,0.00000
534F4C31,31893,293468974,20509,4095,4095,0,10.01416,0.00000
534F4C31,31893,293470919,20515,4095,4095,0,10.01709,0.00000
534F4C31,31893,293472807,20511,4095,4095,0,10.01514,0.00000
534F4C31,31894,293474953,20517,4095,4095,0,10.01807,0.00000
534F4C31,31895,293479367,20519,4095,4095,0,10.01904,0.00000
534F4C31,31895,293482613,20515,4095,4095,0,10.01709,0.00000
534F4C31,31895,293486765,20510,4095,4095,0,10.01465,0.00000
534F4C31,31896,293489548,20518,4095,4095,0,10.01855,0.00000
534F4C31,31896,293493535,20506,4095,4095,0,10.01270,0.00000
534F4C31,31896,293497673,20505,4095,4095,0,10.01221,0.00000
534F4C31,31897,293500660,20498,4095,4095,0,10.00879,0.00000
534F4C31,31898,293504700,20526,4095,4095,0,10.02246,0.00000
534F4C31,31899,293509179,20525,4095,4095,0,10.02197,0.00000
534F4C31,31899,293516419,20521,4095,4095,0,10.02002,0.00000
534F4C31,31899,293519309,20527,4095,4095,0,10.02295,0.00000
534F4C31,31899,293522004,20519,4095,4095,0,10.01904,0.00000
534F4C31,31899,293525104,20517,4095,4095,0,10.01807,0.00000
534F4C31,31899,293527277,20506,4095,4095,0,10.01270,0.00000
534F4C31,31899,293529433,20515,4095,4095,0,10.01709,0.00000
534F4C31,31899,293531389,20515,4095,4095,0,10.01709,0.00000
534F4C31,31899,293533421,20527,4095,4095,0,10.02295,0.00000
534F4C31,31899,293535517,20516,4095,4095,0,10.01758,0.00000
534F4C31,31899,293537568,20527,4095,4095,0,10.02295,0.00000
534F4C31,31899,293539730,20515,4095,4095,0,10.01709,0.00000
534F4C31,31899,293541994,20530,4095,4095,0,10.02441,0.00000
534F4C31,31900,293543897,20516,4095,4095,0,10.01758,0.00000
534F4C31,31901,293549140,20520,4095,4095,0,10.01953,0.00000
534F4C31,31902,293553373,20518,4095,4095,0,10.01855,0.00000
534F4C31,31903,293559622,20510,4095,4095,0,10.01465,0.00000
534F4C31,31903,293563102,20518,4095,4095,0,10.01855,0.00000
534F4C31,31903,293565683,20525,4095,4095,0,10.02197,0.00000
534F4C31,31903,293569283,20513,4095,4095,0,10.01611,0.00000
534F4C31,31903,293571969,20519,4095,4095,0,10.01904,0.00000
534F4C31,31903,293574087,20510,4095,4095,0,10.01465,0.00000
534F4C31,31903,293576879,20530,4095,4095,0,10.02441,0.00000
534F4C31,31903,293579004,20512,4095,4095,0,10.01562,0.00000
534F4C31,31903,293581088,20501,4095,4095,0,10.01025,0.00000
534F4C31,31903,293583283,20513,4095,4095,0,10.01611,0.00000
534F4C31,31903,293585174,20507,4095,4095,0,10.01318,0.00000
534F4C31,31903,293587137,20517,4095,4095,0,10.01807,0.00000
534F4C31,31903,293589252,20504,4095,4095,0,10.01172,0.00000
534F4C31,31904,293591264,20516,4095,4095,0,10.01758,0.00000
534F4C31,31905,293594782,20519,4095,4095,0,10.01904,0.00000
534F4C31,31906,293599689,20518,4095,4095,0,10.01855,0.00000
534F4C31,31907,293604593,20513,4095,4095,0,10.01611,0.00000
534F4C31,31908,293609637,20520,4095,4095,0,10.01953,0.00000
534F4C31,31908,293613299,20527,4095,4095,0,10.02295,0.00000
534F4C31,31908,293617764,20507,4095,4095,0,10.01318,0.00000
534F4C31,31908,293620551,20510,4095,4095,0,10.01465,0.00000
534F4C31,31908,293623433,20514,4095,4095,0,10.01660,0.00000
534F4C31,31909,293625790,20518,4095,4095,0,10.01855,0.00000
534F4C31,31909,293630368,20521,4095,4095,0,10.02002,0.00000
534F4C31,31909,293632567,20515,4095,4095,0,10.01709,0.00000
534F4C31,31909,293634539,20535,4095,4095,0,10.02686,0.00000
534F4C31,31909,293637631,20515,4095,4095,0,10.01709,0.00000
534F4C31,31909,293639991,20502,4095,4095,0,10.01074,0.00000
534F4C31,31909,293642126,20513,4095,4095,0,10.01611,0.00000
534F4C31,31909,293644100,20517,4095,4095,0,10.01807,0.00000
534F4C31,31909,293646163,20527,4095,4095,0,10.02295,0.00000
534F4C31,31909,293648304,20517,4095,4095,0,10.01807,0.00000
534F4C31,31910,293650334,20528,4095,4095,0,10.02344,0.00000
534F4C31,31911,293655176,20509,4095,4095,0,10.01416,0.00000
534F4C31,31912,293658975,20522,4095,4095,0,10.02051,0.00000
534F4C31,31912,293664152,20528,4095,4095,0,10.02344,0.00000
534F4C31,31912,293667496,20521,4095,4095,0,10.02002,0.00000
534F4C31,31913,293670619,20509,4095,4095,0,10.01416,0.00000
534F4C31,31914,293675522,20515,4095,4095,0,10.01709,0.00000
534F4C31,31914,293679743,20510,4095,4095,0,10.01465,0.00000
534F4C31,31915,293685405,20510,4095,4095,0,10.01465,0.00000
534F4C31,31915,293687603,20520,4095,4095,0,10.01953,0.00000
534F4C31,31915,293692834,20509,4095,4095,0,10.01416,0.00000
534F4C31,31915,293695061,20514,4095,4095,0,10.01660,0.00000
534F4C31,31915,293697064,20522,4095,4095,0,10.02051,0.00000
534F4C31,31915,293700104,20518,4095,4095,0,10.01855,0.00000
534F4C31,31916,293702299,20516,4095,4095,0,10.01758,0.00000
534F4C31,31917,293706639,20525,4095,4095,0,10.02197,0.00000
534F4C31,31917,293710399,20507,4095,4095,0,10.01318,0.00000
534F4C31,31917,293714364,20513,4095,4095,0,10.01611,0.00000
534F4C31,31918,293717775,20526,4095,4095,0,10.02246,0.00000
534F4C31,31918,293721419,20529,4095,4095,0,10.02393,0.00000
534F4C31,31918,293724410,20512,4095,4095,0,10.01562,0.00000
534F4C31,31919,293727869,20516,4095,4095,0,10.01758,0.00000
534F4C31,31919,293731922,20517,4095,4095,0,10.01807,0.00000
534F4C31,31920,293734860,20522,4095,4095,0,10.02051,0.00000
534F4C31,31920,293739855,20515,4095,4095,0,10.01709,0.00000
534F4C31,31920,293744328,20518,4095,4095,0,10.01855,0.00000
534F4C31,31921,293747225,20512,4095,4095,0,10.01562,0.00000
534F4C31,31921,293751348,20514,4095,4095,0,10.01660,0.00000
534F4C31,31921,293754961,20519,4095,4095,0,10.01904,0.00000
534F4C31,31921,293758893,20520,4095,4095,0,10.01953,0.00000
534F4C31,31921,293761826,20513,4095,4095,0,10.01611,0.00000
534F4C31,31921,293764066,20506,4095,4095,0,10.01270,0.00000
534F4C31,31921,293766777,20518,4095,4095,0,10.01855,0.00000
534F4C31,31921,293769076,20517,4095,4095,0,10.01807,0.00000
534F4C31,31922,293771214,20528,4095,4095,0,10.02344,0.00000
534F4C31,31923,293775500,20516,4095,4095,0,10.01758,0.00000
534F4C31,31923,293778018,20516,4095,4095,0,10.01758,0.00000
534F4C31,31923,293783477,20523,4095,4095,0,10.02100,0.00000
534F4C31,31923,293786412,20518,4095,4095,0,10.01855,0.00000
534F4C31,31923,293788579,20510,4095,4095,0,10.01465,0.00000
534F4C31,31923,293791650,20499,4095,4095,0,10.00928,0.00000
534F4C31,31923,293793730,20525,4095,4095,0,10.02197,0.00000
534F4C31,31923,293796836,20522,4095,4095,0,10.02051,0.00000
534F4C31,31924,293799183,20505,4095,4095,0,10.01221,0.00000
534F4C31,31925,293804052,20514,4095,4095,0,10.01660,0.00000
534F4C31,31925,293807291,20511,4095,4095,0,10.01514,0.00000
534F4C31,31925,293811931,20526,4095,4095,0,10.02246,0.00000
534F4C31,31926,293814798,20506,4095,4095,0,10.01270,0.00000
534F4C31,31927,293817129,20526,4095,4095,0,10.02246,0.00000
534F4C31,31928,293822475,20526,4095,4095,0,10.02246,0.00000
534F4C31,31928,293828512,20504,4095,4095,0,10.01172,0.00000
534F4C31,31928,293832270,20515,4095,4095,0,10.01709,0.00000
534F4C31,31929,293835787,20513,4095,4095,0,10.01611,0.00000
534F4C31,31930,293839008,20504,4095,4095,0,10.01172,0.00000
534F4C31,31930,293844127,20520,4095,4095,0,10.01953,0.00000
534F4C31,31930,293848726,20523,4095,4095,0,10.02100,0.00000
534F4C31,31930,293851428,20521,4095,4095,0,10.02002,0.00000
534F4C31,31930,293853617,20509,4095,4095,0,10.01416,0.00000
534F4C31,31931,293856781,20527,4095,4095,0,10.02295,0.00000
534F4C31,31931,293861193,20516,4095,4095,0,10.01758,0.00000
534F4C31,31931,293863716,20525,4095,4095,0,10.02197,0.00000
534F4C31,31931,293865790,20521,4095,4095,0,10.02002,0.00000
534F4C31,31931,293868704,20532,4095,4095,0,10.02539,0.00000
534F4C31,31932,293871099,20518,4095,4095,0,10.01855,0.00000
534F4C31,31932,293875034,20504,4095,4095,0,10.01172,0.00000
534F4C31,31932,293877390,20522,4095,4095,0,10.02051,0.00000
534F4C31,31933,293879510,20526,4095,4095,0,10.02246,0.00000
534F4C31,31934,293882664,20514,4095,4095,0,10.01660,0.00000
534F4C31,31935,293888283,20515,4095,4095,0,10.01709,0.00000
534F4C31,31935,293892990,20531,4095,4095,0,10.02490,0.00000
534F4C31,31935,293896039,20502,4095,4095,0,10.01074,0.00000
534F4C31,31936,293900186,20506,4095,4095,0,10.01270,0.00000
534F4C31,31936,293904128,20510,4095,4095,0,10.01465,0.00000
534F4C31,31936,293907101,20527,4095,4095,0,10.02295,0.00000
534F4C31,31936,293909799,20519,4095,4095,0,10.01904,0.00000
534F4C31,31937,293912707,20510,4095,4095,0,10.01465,0.00000
534F4C31,31937,293916871,20508,4095,4095,0,10.01367,0.00000
534F4C31,31937,293921121,20517,4095,4095,0,10.01807,0.00000
534F4C31,31937,293924529,20519,4095,4095,0,10.01904,0.00000
534F4C31,31937,293926599,20521,4095,4095,0,10.02002,0.00000
534F4C31,31937,293929606,20517,4095,4095,0,10.01807,0.00000
534F4C31,31937,293931950,20519,4095,4095,0,10.01904,0.00000
534F4C31,31937,293933855,20523,4095,4095,0,10.02100,0.00000
534F4C31,31937,293935693,20513,4095,4095,0,10.01611,0.00000
534F4C31,31938,293937726,20527,4095,4095,0,10.02295,0.00000
534F4C31,31938,293941718,20519,4095,4095,0,10.01904,0.00000
534F4C31,31938,293944007,20519,4095,4095,0,10.01904,0.00000
534F4C31,31938,293945968,20527,4095,4095,0,10.02295,0.00000
534F4C31,31939,293949024,20515,4095,4095,0,10.01709,0.00000
534F4C31,31939,293953728,20525,4095,4095,0,10.02197,0.00000
534F4C31,31939,293955932,20514,4095,4095,0,10.01660,0.00000
534F4C31,31940,293959218,20514,4095,4095,0,10.01660,0.00000
534F4C31,31940,293964751,20517,4095,4095,0,10.01807,0.00000
534F4C31,31940,293967048,20519,4095,4095,0,10.01904,0.00000
534F4C31,31941,293970278,20506,4095,4095,0,10.01270,0.00000
534F4C31,31942,293974814,20525,4095,4095,0,10.02197,0.00000
534F4C31,31942,293978448,20507,4095,4095,0,10.01318,0.00000
534F4C31,31942,293982437,20530,4095,4095,0,10.02441,0.00000
534F4C31,31942,293985201,20525,4095,4095,0,10.02197,0.00000
534F4C31,31942,293987417,20519,4095,4095,0,10.01904,0.00000
534F4C31,31942,293989535,20504,4095,4095,0,10.01172,0.00000
534F4C31,31943,293992576,20524,4095,4095,0,10.02148,0.00000
534F4C31,31943,293996834,20509,4095,4095,0,10.01416,0.00000
534F4C31,31943,293999016,20519,4095,4095,0,10.01904,0.00000
534F4C31,31944,294001711,20502,4095,4095,0,10.01074,0.00000
534F4C31,31944,294006845,20528,4095,4095,0,10.02344,0.00000
534F4C31,31944,294009063,20505,4095,4095,0,10.01221,0.00000
534F4C31,31945,294011852,20523,4095,4095,0,10.02100,0.00000
534F4C31,31945,294015331,20516,4095,4095,0,10.01758,0.00000
534F4C31,31945,294018455,20513,4095,4095,0,10.01611,0.00000
534F4C31,31946,294020594,20511,4095,4095,0,10.01514,0.00000
534F4C31,31947,294022863,20522,4095,4095,0,10.02051,0.00000
534F4C31,31947,294028098,20511,4095,4095,0,10.01514,0.00000
534F4C31,31947,294031671,20521,4095,4095,0,10.02002,0.00000
534F4C31,31947,294034681,20519,4095,4095,0,10.01904,0.00000
534F4C31,31947,294038561,20520,4095,4095,0,10.01953,0.00000
534F4C31,31947,294040750,20518,4095,4095,0,10.01855,0.00000
534F4C31,31948,294043555,20524,4095,4095,0,10.02148,0.00000
534F4C31,31949,294048284,21611,4095,4095,0,10.55225,0.00000
534F4C31,31949,294051761,22489,4095,4095,0,10.98096,0.00000
534F4C31,31949,294056526,22565,4095,4095,0,11.01807,0.00000
534F4C31,31949,294059348,22555,4095,4095,0,11.01318,0.00000
534F4C31,31949,294061856,22565,4095,4095,0,11.01807,0.00000
534F4C31,31950,294065013,22566,4095,4095,0,11.01855,0.00000
534F4C31,31951,294069638,22563,4095,4095,0,11.01709,0.00000
534F4C31,31951,294072940,22573,4095,4095,0,11.02197,0.00000
534F4C31,31951,294077553,22572,4095,4095,0,11.02148,0.00000
534F4C31,31951,294080247,22565,4095,4095,0,11.01807,0.00000
534F4C31,31951,294082885,22566,4095,4095,0,11.01855,0.00000
534F4C31,31951,294084755,22569,4095,4095,0,11.02002,0.00000
534F4C31,31951,294086793,22569,4095,4095,0,11.02002,0.00000
534F4C31,31951,294088939,22579,4095,4095,0,11.02490,0.00000
534F4C31,31952,294090985,22568,4095,4095,0,11.01953,0.00000
534F4C31,31953,294095370,22580,4095,4095,0,11.02539,0.00000
534F4C31,31954,294098790,22558,4095,4095,0,11.01465,0.00000
534F4C31,31955,294104584,22559,4095,4095,0,11.01514,0.00000
534F4C31,31955,294108656,22570,4095,4095,0,11.02051,0.00000
534F4C31,31955,294112734,22570,4095,4095,0,11.02051,0.00000
534F4C31,31955,294114954,22564,4095,4095,0,11.01758,0.00000
534F4C31,31955,294117963,22555,4095,4095,0,11.01318,0.00000
534F4C31,31955,294120083,22578,4095,4095,0,11.02441,0.00000
534F4C31,31955,294122184,22577,4095,4095,0,11.02393,0.00000
534F4C31,31955,294124363,22581,4095,4095,0,11.02588,0.00000
534F4C31,31955,294126396,22563,4095,4095,0,11.01709,0.00000
534F4C31,31955,294128489,22576,4095,4095,0,11.02344,0.00000
534F4C31,31956,294130501,22570,4095,4095,0,11.02051,0.00000
534F4C31,31957,294135148,22554,4095,4095,0,11.01270,0.00000
534F4C31,31958,294138517,22564,4095,4095,0,11.01758,0.00000
534F4C31,31959,294144484,22575,4095,4095,0,11.02295,0.00000
534F4C31,31959,294148207,22569,4095,4095,0,11.02002,0.00000
534F4C31,31960,294151263,22571,4095,4095,0,11.02100,0.00000
534F4C31,31961,294155431,22569,4095,4095,0,11.02002,0.00000
534F4C31,31962,294162431,22581,4095,4095,0,11.02588,0.00000
534F4C31,31963,294167759,22570,4095,4095,0,11.02051,0.00000
534F4C31,31963,294171877,22573,4095,4095,0,11.02197,0.00000
534F4C31,31963,294174603,22577,4095,4095,0,11.02393,0.00000
534F4C31,31964,294177628,22572,4095,4095,0,11.02148,0.00000
534F4C31,31964,294180910,22554,4095,4095,0,11.01270,0.00000
534F4C31,31964,294184438,22561,4095,4095,0,11.01611,0.00000
534F4C31,31965,294187248,22555,4095,4095,0,11.01318,0.00000
534F4C31,31965,294192663,22569,4095,4095,0,11.02002,0.00000
534F4C31,31965,294194965,22561,4095,4095,0,11.01611,0.00000
534F4C31,31965,294197577,22574,4095,4095,0,11.02246,0.00000
534F4C31,31965,294199873,22567,4095,4095,0,11.01904,0.00000
534F4C31,31965,294202068,22578,4095,4095,0,11.02441,0.00000
534F4C31,31965,294204099,22576,4095,4095,0,11.02344,0.00000
534F4C31,31965,294206149,22579,4095,4095,0,11.02490,0.00000
534F4C31,31965,294208281,22566,4095,4095,0,11.01855,0.00000
534F4C31,31965,294210343,22551,4095,4095,0,11.01123,0.00000
534F4C31,31965,294212474,22569,4095,4095,0,11.02002,0.00000
534F4C31,31965,294214472,22559,4095,4095,0,11.01514,0.00000
534F4C31,31965,294216750,22569,4095,4095,0,11.02002,0.00000
534F4C31,31965,294218661,22557,4095,4095,0,11.01416,0.00000
534F4C31,31965,294220710,22567,4095,4095,0,11.01904,0.00000
534F4C31,31965,294222754,22565,4095,4095,0,11.01807,0.00000
534F4C31,31965,294224888,22580,4095,4095,0,11.02539,0.00000
534F4C31,31965,294226972,22571,4095,4095,0,11.02100,0.00000
534F4C31,31966,294228995,22577,4095,4095,0,11.02393,0.00000
534F4C31,31967,294232466,22562,4095,4095,0,11.01660,0.00000
534F4C31,31968,294236752,22571,4095,4095,0,11.02100,0.00000
534F4C31,31969,294240388,22570,4095,4095,0,11.02051,0.00000
534F4C31,31969,294246317,22564,4095,4095,0,11.01758,0.00000
534F4C31,31969,294249291,22555,4095,4095,0,11.01318,0.00000
534F4C31,31969,294251910,22565,4095,4095,0,11.01807,0.00000
534F4C31,31970,294254875,22569,4095,4095,0,11.02002,0.00000
534F4C31,31970,294259239,22567,4095,4095,0,11.01904,0.00000
534F4C31,31970,294261361,22559,4095,4095,0,11.01514,0.00000
534F4C31,31971,294264854,22579,4095,4095,0,11.02490,0.00000
534F4C31,31971,294271248,22569,4095,4095,0,11.02002,0.00000
534F4C31,31971,294273356,22576,4095,4095,0,11.02344,0.00000
534F4C31,31971,294276122,22577,4095,4095,0,11.02393,0.00000
534F4C31,31971,294278317,22568,4095,4095,0,11.01953,0.00000
534F4C31,31971,294280170,22559,4095,4095,0,11.01514,0.00000
534F4C31,31971,294282179,22573,4095,4095,0,11.02197,0.00000
534F4C31,31971,294284302,22559,4095,4095,0,11.01514,0.00000
534F4C31,31971,294286249,22565,4095,4095,0,11.01807,0.00000
534F4C31,31971,294288363,22559,4095,4095,0,11.01514,0.00000
534F4C31,31972,294290399,22571,4095,4095,0,11.02100,0.00000
534F4C31,31972,294294541,22558,4095,4095,0,11.01465,0.00000
534F4C31,31972,294296884,22572,4095,4095,0,11.02148,0.00000
534F4C31,31972,294298930,22579,4095,4095,0,11.02490,0.00000
534F4C31,31973,294302588,22568,4095,4095,0,11.01953,0.00000
534F4C31,31974,294306810,22578,4095,4095,0,11.02441,0.00000
534F4C31,31974,294309945,22572,4095,4095,0,11.02148,0.00000
534F4C31,31974,294314550,22567,4095,4095,0,11.01904,0.00000
534F4C31,31974,294316620,22569,4095,4095,0,11.02002,0.00000
534F4C31,31974,294319283,22579,4095,4095,0,11.02490,0.00000
534F4C31,31975,294321437,22573,4095,4095,0,11.02197,0.00000
534F4C31,31976,294326897,22566,4095,4095,0,11.01855,0.00000
534F4C31,31976,294330627,22565,4095,4095,0,11.01807,0.00000
534F4C31,31976,294334656,22579,4095,4095,0,11.02490,0.00000
534F4C31,31977,294337808,22565,4095,4095,0,11.01807,0.00000
534F4C31,31978,294342755,22568,4095,4095,0,11.01953,0.00000
534F4C31,31978,294346290,22580,4095,4095,0,11.02539,0.00000
534F4C31,31978,294350017,22568,4095,4095,0,11.01953,0.00000
534F4C31,31978,294353511,22579,4095,4095,0,11.02490,0.00000
534F4C31,31978,294355711,22570,4095,4095,0,11.02051,0.00000
534F4C31,31978,294358614,22563,4095,4095,0,11.01709,0.00000
534F4C31,31978,294360824,22578,4095,4095,0,11.02441,0.00000
534F4C31,31978,294362925,22567,4095,4095,0,11.01904,0.00000
534F4C31,31978,294364984,22574,4095,4095,0,11.02246,0.00000
534F4C31,31978,294367022,22569,4095,4095,0,11.02002,0.00000
534F4C31,31979,294369523,22566,4095,4095,0,11.01855,0.00000
534F4C31,31980,294373988,22582,4095,4095,0,11.02637,0.00000
534F4C31,31981,294377519,22560,4095,4095,0,11.01562,0.00000
534F4C31,31982,294383938,22562,4095,4095,0,11.01660,0.00000
534F4C31,31982,294387581,22567,4095,4095,0,11.01904,0.00000
534F4C31,31982,294391827,22573,4095,4095,0,11.02197,0.00000
534F4C31,31982,294394661,22566,4095,4095,0,11.01855,0.00000
534F4C31,31982,294397383,22556,4095,4095,0,11.01367,0.00000
534F4C31,31982,294399586,22574,4095,4095,0,11.02246,0.00000
534F4C31,31982,294401681,22571,4095,4095,0,11.02100,0.00000
534F4C31,31982,294403841,22575,4095,4095,0,11.02295,0.00000
534F4C31,31982,294405864,22565,4095,4095,0,11.01807,0.00000
534F4C31,31982,294407974,22581,4095,4095,0,11.02588,0.00000
534F4C31,31983,294409986,22565,4095,4095,0,11.01807,0.00000
534F4C31,31984,294414585,22559,4095,4095,0,11.01514,0.00000
534F4C31,31985,294418176,22568,4095,4095,0,11.01953,0.00000
534F4C31,31986,294424590,22579,4095,4095,0,11.02490,0.00000
534F4C31,31986,294427565,22577,4095,4095,0,11.02393,0.00000
534F4C31,31986,294432505,22577,4095,4095,0,11.02393,0.00000
534F4C31,31986,294435857,22581,4095,4095,0,11.02588,0.00000
534F4C31,31986,294437956,22568,4095,4095,0,11.01953,0.00000
534F4C31,31987,294440729,22565,4095,4095,0,11.01807,0.00000
534F4C31,31988,294445284,22583,4095,4095,0,11.02686,0.00000
534F4C31,31988,294447800,22558,4095,4095,0,11.01465,0.00000
534F4C31,31988,294452153,22561,4095,4095,0,11.01611,0.00000
534F4C31,31989,294455895,22571,4095,4095,0,11.02100,0.00000
534F4C31,31990,294458779,22579,4095,4095,0,11.02490,0.00000
534F4C31,31990,294464071,22577,4095,4095,0,11.02393,0.00000
534F4C31,31990,294467726,22579,4095,4095,0,11.02490,0.00000
534F4C31,31991,294470349,22581,4095,4095,0,11.02588,0.00000
534F4C31,31991,294476010,22570,4095,4095,0,11.02051,0.00000
534F4C31,31991,294478758,22557,4095,4095,0,11.01416,0.00000
534F4C31,31991,294480824,22566,4095,4095,0,11.01855,0.00000
534F4C31,31991,294483783,22569,4095,4095,0,11.02002,0.00000
534F4C31,31991,294486145,22562,4095,4095,0,11.01660,0.00000
534F4C31,31991,294488199,22569,4095,4095,0,11.02002,0.00000
534F4C31,31991,294490282,22555,4095,4095,0,11.01318,0.00000
534F4C31,31991,294492393,22569,4095,4095,0,11.02002,0.00000
534F4C31,31991,294494522,22560,4095,4095,0,11.01562,0.00000
534F4C31,31991,294496539,22575,4095,4095,0,11.02295,0.00000
534F4C31,31991,294498629,22567,4095,4095,0,11.01904,0.00000
534F4C31,31992,294500739,22581,4095,4095,0,11.02588,0.00000
534F4C31,31993,294504646,22571,4095,4095,0,11.02100,0.00000
534F4C31,31994,294508299,22569,4095,4095,0,11.02002,0.00000
534F4C31,31995,294514424,22555,4095,4095,0,11.01318,0.00000
534F4C31,31995,294518602,22576,4095,4095,0,11.02344,0.00000
534F4C31,31995,294522535,22584,4095,4095,0,11.02734,0.00000
534F4C31,31995,294525944,22567,4095,4095,0,11.01904,0.00000
534F4C31,31995,294528140,22581,4095,4095,0,11.02588,0.00000
534F4C31,31996,294530342,22576,4095,4095,0,11.02344,0.00000
534F4C31,31997,294536023,22562,4095,4095,0,11.01660,0.00000
534F4C31,31997,294539918,22565,4095,4095,0,11.01807,0.00000
534F4C31,31997,294543614,22578,4095,4095,0,11.02441,0.00000
534F4C31,31997,294546253,22565,4095,4095,0,11.01807,0.00000
534F4C31,31997,294548944,22566,4095,4095,0,11.01855,0.00000
534F4C31,31997,294551187,22581,4095,4095,0,11.02588,0.00000
534F4C31,31997,294553167,22570,4095,4095,0,11.02051,0.00000
534F4C31,31997,294555314,22577,4095,4095,0,11.02393,0.00000
534F4C31,31998,294557433,22569,4095,4095,0,11.02002,0.00000
534F4C31,31998,294561840,22583,4095,4095,0,11.02686,0.00000
534F4C31,31998,294565081,22555,4095,4095,0,11.01318,0.00000
534F4C31,31999,294567877,22583,4095,4095,0,11.02686,0.00000
534F4C31,31999,294573481,22566,4095,4095,0,11.01855,0.00000
534F4C31,31999,294575684,22560,4095,4095,0,11.01562,0.00000
534F4C31,32000,294578675,22571,4095,4095,0,11.02100,0.00000
534F4C31,32000,294583011,22570,4095,4095,0,11.02051,0.00000
534F4C31,32000,294585820,22568,4095,4095,0,11.01953,0.00000
534F4C31,32001,294588831,22575,4095,4095,0,11.02295,0.00000
534F4C31,32001,294593224,22561,4095,4095,0,11.01611,0.00000
534F4C31,32001,294596323,22572,4095,4095,0,11.02148,0.00000
534F4C31,32002,294598440,22577,4095,4095,0,11.02393,0.00000
534F4C31,32003,294600650,22570,4095,4095,0,11.02051,0.00000
534F4C31,32004,294605881,22568,4095,4095,0,11.01953,0.00000
534F4C31,32005,294611039,22580,4095,4095,0,11.02539,0.00000
534F4C31,32006,294617201,22570,4095,4095,0,11.02051,0.00000
534F4C31,32006,294621572,22568,4095,4095,0,11.01953,0.00000
534F4C31,32007,294625554,22572,4095,4095,0,11.02148,0.00000
534F4C31,32007,294629212,22577,4095,4095,0,11.02393,0.00000
534F4C31,32007,294634179,22568,4095,4095,0,11.01953,0.00000
534F4C31,32007,294638108,22578,4095,4095,0,11.02441,0.00000
534F4C31,32007,294640235,22568,4095,4095,0,11.01953,0.00000
534F4C31,32007,294642240,22569,4095,4095,0,11.02002,0.00000
534F4C31,32007,294645506,22558,4095,4095,0,11.01465,0.00000
534F4C31,32007,294647698,22570,4095,4095,0,11.02051,0.00000
534F4C31,32007,294649791,22563,4095,4095,0,11.01709,0.00000
534F4C31,32007,294651868,22570,4095,4095,0,11.02051,0.00000
534F4C31,32007,294653986,22568,4095,4095,0,11.01953,0.00000
534F4C31,32007,294656162,22582,4095,4095,0,11.02637,0.00000
534F4C31,32008,294658322,22576,4095,4095,0,11.02344,0.00000
534F4C31,32008,294662600,22577,4095,4095,0,11.02393,0.00000
534F4C31,32008,294665934,22558,4095,4095,0,11.01465,0.00000
534F4C31,32009,294668021,22577,4095,4095,0,11.02393,0.00000
534F4C31,32010,294673637,22569,4095,4095,0,11.02002,0.00000
534F4C31,32010,294679105,22567,4095,4095,0,11.01904,0.00000
534F4C31,32011,294681460,22572,4095,4095,0,11.02148,0.00000
534F4C31,32012,294683600,22578,4095,4095,0,11.02441,0.00000
534F4C31,32013,294690354,22565,4095,4095,0,11.01807,0.00000
534F4C31,32013,294694524,22570,4095,4095,0,11.02051,0.00000
534F4C31,32013,294699278,22570,4095,4095,0,11.02051,0.00000
534F4C31,32014,294702126,22568,4095,4095,0,11.01953,0.00000
534F4C31,32015,294705081,22558,4095,4095,0,11.01465,0.00000
534F4C31,32016,294711292,22563,4095,4095,0,11.01709,0.00000
534F4C31,32016,294714920,22570,4095,4095,0,11.02051,0.00000
534F4C31,32016,294719329,22568,4095,4095,0,11.01953,0.00000
534F4C31,32016,294722387,22570,4095,4095,0,11.02051,0.00000
534F4C31,32016,294724541,22570,4095,4095,0,11.02051,0.00000
534F4C31,32016,294726586,22557,4095,4095,0,11.01416,0.00000
534F4C31,32016,294729427,22568,4095,4095,0,11.01953,0.00000
534F4C31,32016,294731662,22568,4095,4095,0,11.01953,0.00000
534F4C31,32016,294733650,22578,4095,4095,0,11.02441,0.00000
534F4C31,32016,294735750,22566,4095,4095,0,11.01855,0.00000
534F4C31,32016,294737796,22578,4095,4095,0,11.02441,0.00000
534F4C31,32016,294739876,22570,4095,4095,0,11.02051,0.00000
534F4C31,32016,294741920,22579,4095,4095,0,11.02490,0.00000
534F4C31,32016,294744059,22566,4095,4095,0,11.01855,0.00000
534F4C31,32016,294746098,22557,4095,4095,0,11.01416,0.00000
534F4C31,32016,294748276,22569,4095,4095,0,11.02002,0.00000
534F4C31,32016,294750212,22560,4095,4095,0,11.01562,0.00000
534F4C31,32017,294752235,22569,4095,4095,0,11.02002,0.00000
534F4C31,32018,294756772,22565,4095,4095,0,11.01807,0.00000
534F4C31,32019,294761071,22569,4095,4095,0,11.02002,0.00000
534F4C31,32020,294765746,22577,4095,4095,0,11.02393,0.00000
534F4C31,32020,294770959,22577,4095,4095,0,11.02393,0.00000
534F4C31,32020,294775645,22567,4095,4095,0,11.01904,0.00000
534F4C31,32020,294778679,22567,4095,4095,0,11.01904,0.00000
534F4C31,32020,294781760,22553,4095,4095,0,11.01221,0.00000
534F4C31,32020,294783971,22579,4095,4095,0,11.02490,0.00000
534F4C31,32020,294786120,22572,4095,4095,0,11.02148,0.00000
534F4C31,32020,294788129,22579,4095,4095,0,11.02490,0.00000
534F4C31,32020,294790288,22566,4095,4095,0,11.01855,0.00000
534F4C31,32020,294792195,22577,4095,4095,0,11.02393,0.00000
534F4C31,32021,294794108,22565,4095,4095,0,11.01807,0.00000
534F4C31,32022,294798567,22560,4095,4095,0,11.01562,0.00000
534F4C31,32023,294802048,22567,4095,4095,0,11.01904,0.00000
534F4C31,32024,294807311,22554,4095,4095,0,11.01270,0.00000
534F4C31,32024,294812801,22576,4095,4095,0,11.02344,0.00000
534F4C31,32024,294816271,22582,4095,4095,0,11.02637,0.00000
534F4C31,32025,294818586,22570,4095,4095,0,11.02051,0.00000
534F4C31,32025,294823483,22576,4095,4095,0,11.02344,0.00000
534F4C31,32025,294825616,22574,4095,4095,0,11.02246,0.00000
534F4C31,32025,294828284,22562,4095,4095,0,11.01660,0.00000
534F4C31,32025,294831012,22581,4095,4095,0,11.02588,0.00000
534F4C31,32025,294833290,22572,4095,4095,0,11.02148,0.00000
534F4C31,32025,294835336,22582,4095,4095,0,11.02637,0.00000
534F4C31,32025,294837384,22571,4095,4095,0,11.02100,0.00000
534F4C31,32025,294839454,22554,4095,4095,0,11.01270,0.00000
534F4C31,32025,294841607,22570,4095,4095,0,11.02051,0.00000
534F4C31,32026,294843816,22554,4095,4095,0,11.01270,0.00000
534F4C31,32027,294847804,22576,4095,4095,0,11.02344,0.00000
534F4C31,32028,294851408,22579,4095,4095,0,11.02490,0.00000
534F4C31,32028,294855962,22562,4095,4095,0,11.01660,0.00000
534F4C31,32028,294859748,22573,4095,4095,0,11.02197,0.00000
534F4C31,32029,294861861,22579,4095,4095,0,11.02490,0.00000
534F4C31,32030,294866969,22571,4095,4095,0,11.02100,0.00000
534F4C31,32031,294870051,22572,4095,4095,0,11.02148,0.00000
534F4C31,32031,294876516,22564,4095,4095,0,11.01758,0.00000
534F4C31,32031,294880348,22571,4095,4095,0,11.02100,0.00000
534F4C31,32031,294883692,22564,4095,4095,0,11.01758,0.00000
534F4C31,32031,294885736,22579,4095,4095,0,11.02490,0.00000
534F4C31,32031,294887849,22564,4095,4095,0,11.01758,0.00000
534F4C31,32031,294889921,22557,4095,4095,0,11.01416,0.00000
534F4C31,32031,294892041,22568,4095,4095,0,11.01953,0.00000
534F4C31,32031,294894146,22558,4095,4095,0,11.01465,0.00000
534F4C31,32032,294896191,22567,4095,4095,0,11.01904,0.00000
534F4C31,32033,294899220,22558,4095,4095,0,11.01465,0.00000
534F4C31,32034,294903448,22559,4095,4095,0,11.01514,0.00000
534F4C31,32035,294907630,22559,4095,4095,0,11.01514,0.00000
534F4C31,32036,294912127,22567,4095,4095,0,11.01904,0.00000
534F4C31,32036,294916662,22567,4095,4095,0,11.01904,0.00000
534F4C31,32036,294919429,22566,4095,4095,0,11.01855,0.00000
534F4C31,32036,294922247,22559,4095,4095,0,11.01514,0.00000
534F4C31,32037,294925464,22554,4095,4095,0,11.01270,0.00000
534F4C31,32038,294927680,22577,4095,4095,0,11.02393,0.00000
534F4C31,32039,294932011,22570,4095,4095,0,11.02051,0.00000
534F4C31,32039,294938605,22570,4095,4095,0,11.02051,0.00000
534F4C31,32039,294941026,22561,4095,4095,0,11.01611,0.00000
534F4C31,32040,294943021,22566,4095,4095,0,11.01855,0.00000
534F4C31,32040,294947840,22567,4095,4095,0,11.01904,0.00000
534F4C31,32040,294951159,22577,4095,4095,0,11.02393,0.00000
534F4C31,32040,294954177,22562,4095,4095,0,11.01660,0.00000
534F4C31,32041,294957746,22569,4095,4095,0,11.02002,0.00000
534F4C31,32041,294961038,22576,4095,4095,0,11.02344,0.00000
534F4C31,32042,294965120,22574,4095,4095,0,11.02246,0.00000
534F4C31,32042,294967865,22584,4095,4095,0,11.02734,0.00000
534F4C31,32042,294971361,22583,4095,4095,0,11.02686,0.00000
534F4C31,32043,294974255,22566,4095,4095,0,11.01855,0.00000
534F4C31,32044,294978345,22571,4095,4095,0,11.02100,0.00000
534F4C31,32044,294984313,22568,4095,4095,0,11.01953,0.00000
534F4C31,32044,294988166,22562,4095,4095,0,11.01660,0.00000
534F4C31,32044,294991127,22576,4095,4095,0,11.02344,0.00000
534F4C31,32044,294993327,22566,4095,4095,0,11.01855,0.00000
534F4C31,32044,294995382,22553,4095,4095,0,11.01221,0.00000
534F4C31,32045,294997505,22579,4095,4095,0,11.02490,0.00000
534F4C31,32045,295001768,22568,4095,4095,0,11.01953,0.00000
534F4C31,32045,295004058,22571,4095,4095,0,11.02100,0.00000
534F4C31,32046,295006144,22581,4095,4095,0,11.02588,0.00000
534F4C31,32046,295011406,22568,4095,4095,0,11.01953,0.00000
534F4C31,32046,295014190,22585,4095,4095,0,11.02783,0.00000
534F4C31,32047,295016390,22568,4095,4095,0,11.01953,0.00000
534F4C31,32048,295020452,22556,4095,4095,0,11.01367,0.00000
534F4C31,32048,295025474,22570,4095,4095,0,11.02051,0.00000
534F4C31,32048,295028814,22565,4095,4095,0,11.01807,0.00000
534F4C31,32048,295032826,22569,4095,4095,0,11.02002,0.00000
534F4C31,32048,295034894,22566,4095,4095,0,11.01855,0.00000
534F4C31,32048,295036698,22579,4095,4095,0,11.02490,0.00000
534F4C31,32049,295039769,22569,4095,4095,0,11.02002,0.00000
534F4C31,32049,295044131,22555,4095,4095,0,11.01318,0.00000
534F4C31,32049,295046424,22563,4095,4095,0,11.01709,0.00000
534F4C31,32050,295049615,22579,4095,4095,0,11.02490,0.00000
534F4C31,32050,295053129,22581,4095,4095,0,11.02588,0.00000
534F4C31,32050,295056526,22581,4095,4095,0,11.02588,0.00000
534F4C31,32050,295058618,22564,4095,4095,0,11.01758,0.00000
534F4C31,32050,295061737,22565,4095,4095,0,11.01807,0.00000
534F4C31,32050,295064030,22577,4095,4095,0,11.02393,0.00000
534F4C31,32050,295066059,22570,4095,4095,0,11.02051,0.00000
534F4C31,32050,295068093,22580,4095,4095,0,11.02539,0.00000
534F4C31,32050,295070204,22567,4095,4095,0,11.01904,0.00000
534F4C31,32050,295072234,22557,4095,4095,0,11.01416,0.00000
534F4C31,32050,295074252,22567,4095,4095,0,11.01904,0.00000
534F4C31,32050,295076259,22557,4095,4095,0,11.01416,0.00000
534F4C31,32050,295078416,22567,4095,4095,0,11.01904,0.00000
534F4C31,32051,295080486,22560,4095,4095,0,11.01562,0.00000
534F4C31,32052,295085380,22569,4095,4095,0,11.02002,0.00000
534F4C31,32052,295089287,22569,4095,4095,0,11.02002,0.00000
534F4C31,32052,295091419,22582,4095,4095,0,11.02637,0.00000
534F4C31,32052,295093532,22571,4095,4095,0,11.02100,0.00000
534F4C31,32052,295095625,22553,4095,4095,0,11.01221,0.00000
534F4C31,32053,295098632,22569,4095,4095,0,11.02002,0.00000
534F4C31,32053,295103106,22574,4095,4095,0,11.02246,0.00000
534F4C31,32053,295105731,22569,4095,4095,0,11.02002,0.00000
534F4C31,32054,295107945,22556,4095,4095,0,11.01367,0.00000
534F4C31,32055,295111938,22572,4095,4095,0,11.02148,0.00000
534F4C31,32055,295116211,22566,4095,4095,0,11.01855,0.00000
534F4C31,32055,295120742,22570,4095,4095,0,11.02051,0.00000
534F4C31,32056,295123852,22564,4095,4095,0,11.01758,0.00000
534F4C31,32056,295126205,22576,4095,4095,0,11.02344,0.00000
534F4C31,32056,295131216,22583,4095,4095,0,11.02686,0.00000
534F4C31,32056,295133424,22565,4095,4095,0,11.01807,0.00000
534F4C31,32056,295136594,22568,4095,4095,0,11.01953,0.00000
534F4C31,32056,295138941,22561,4095,4095,0,11.01611,0.00000
534F4C31,32056,295140950,22568,4095,4095,0,11.01953,0.00000
534F4C31,32056,295143043,22547,4095,4095,0,11.00928,0.00000
534F4C31,32056,295145171,22579,4095,4095,0,11.02490,0.00000
534F4C31,32056,295147206,22570,4095,4095,0,11.02051,0.00000
534F4C31,32056,295149278,22580,4095,4095,0,11.02539,0.00000
534F4C31,32057,295151248,22566,4095,4095,0,11.01855,0.00000
534F4C31,32058,295155731,22568,4095,4095,0,11.01953,0.00000
534F4C31,32059,295159200,22565,4095,4095,0,11.01807,0.00000
534F4C31,32060,295165039,22566,4095,4095,0,11.01855,0.00000
534F4C31,32060,295168714,22573,4095,4095,0,11.02197,0.00000
534F4C31,32060,295173263,22571,4095,4095,0,11.02100,0.00000
534F4C31,32060,295175998,22566,4095,4095,0,11.01855,0.00000
534F4C31,32060,295178191,22568,4095,4095,0,11.01953,0.00000
534F4C31,32061,295180960,22578,4095,4095,0,11.02441,0.00000
534F4C31,32062,295184866,22570,4095,4095,0,11.02051,0.00000
534F4C31,32063,295189917,22574,4095,4095,0,11.02246,0.00000
534F4C31,32063,295193018,22577,4095,4095,0,11.02393,0.00000
534F4C31,32064,295198559,22577,4095,4095,0,11.02393,0.00000
534F4C31,32065,295201857,22558,4095,4095,0,11.01465,0.00000
534F4C31,32065,295206137,22574,4095,4095,0,11.02246,0.00000
534F4C31,32065,295210476,22553,4095,4095,0,11.01221,0.00000
534F4C31,32065,295212757,22555,4095,4095,0,11.01318,0.00000
534F4C31,32065,295214701,22570,4095,4095,0,11.02051,0.00000
534F4C31,32065,295217644,22563,4095,4095,0,11.01709,0.00000
534F4C31,32065,295219756,22580,4095,4095,0,11.02539,0.00000
534F4C31,32065,295221763,22563,4095,4095,0,11.01709,0.00000
534F4C31,32066,295223961,22556,4095,4095,0,11.01367,0.00000
534F4C31,32067,295228467,22566,4095,4095,0,11.01855,0.00000
534F4C31,32067,295233201,22568,4095,4095,0,11.01953,0.00000
534F4C31,32067,295237823,22553,4095,4095,0,11.01221,0.00000
534F4C31,32067,295240145,22559,4095,4095,0,11.01514,0.00000
534F4C31,32067,295242158,22576,4095,4095,0,11.02344,0.00000
534F4C31,32067,295244660,22567,4095,4095,0,11.01904,0.00000
534F4C31,32067,295247080,22553,4095,4095,0,11.01221,0.00000
534F4C31,32068,295249201,22564,4095,4095,0,11.01758,0.00000
534F4C31,32069,295253655,22559,4095,4095,0,11.01514,0.00000
534F4C31,32070,295257163,22569,4095,4095,0,11.02002,0.00000
534F4C31,32070,295263252,22570,4095,4095,0,11.02051,0.00000
534F4C31,32070,295266272,22578,4095,4095,0,11.02441,0.00000
534F4C31,32070,295268679,22567,4095,4095,0,11.01904,0.00000
534F4C31,32070,295272100,22568,4095,4095,0,11.01953,0.00000
534F4C31,32070,295273981,22579,4095,4095,0,11.02490,0.00000
534F4C31,32070,295275879,22570,4095,4095,0,11.02051,0.00000
534F4C31,32070,295278718,22561,4095,4095,0,11.01611,0.00000
534F4C31,32070,295280921,22564,4095,4095,0,11.01758,0.00000
534F4C31,32070,295282953,22569,4095,4095,0,11.02002,0.00000
534F4C31,32070,295285150,22582,4095,4095,0,11.02637,0.00000
534F4C31,32071,295287251,22569,4095,4095,0,11.02002,0.00000
534F4C31,32072,295291912,22580,4095,4095,0,11.02539,0.00000
534F4C31,32073,295297266,22576,4095,4095,0,11.02344,0.00000
534F4C31,32073,295303238,22580,4095,4095,0,11.02539,0.00000
534F4C31,32073,295305424,22554,4095,4095,0,11.01270,0.00000
534F4C31,32073,295308804,22565,4095,4095,0,11.01807,0.00000
534F4C31,32073,295311096,22574,4095,4095,0,11.02246,0.00000
534F4C31,32073,295313199,22560,4095,4095,0,11.01562,0.00000
534F4C31,32073,295315289,22569,4095,4095,0,11.02002,0.00000
534F4C31,32073,295317316,22552,4095,4095,0,11.01172,0.00000
534F4C31,32073,295319443,22569,4095,4095,0,11.02002,0.00000
534F4C31,32074,295321605,22561,4095,4095,0,11.01611,0.00000
534F4C31,32075,295324409,22569,4095,4095,0,11.02002,0.00000
534F4C31,32076,295328679,22567,4095,4095,0,11.01904,0.00000
534F4C31,32077,295332121,22571,4095,4095,0,11.02100,0.00000
534F4C31,32077,295339566,22567,4095,4095,0,11.01904,0.00000
534F4C31,32077,295342623,22569,4095,4095,0,11.02002,0.00000
534F4C31,32077,295344719,22556,4095,4095,0,11.01367,0.00000
534F4C31,32077,295346715,22568,4095,4095,0,11.01953,0.00000
534F4C31,32077,295348814,22562,4095,4095,0,11.01660,0.00000
534F4C31,32077,295350977,22577,4095,4095,0,11.02393,0.00000
534F4C31,32078,295353088,22567,4095,4095,0,11.01904,0.00000
534F4C31,32079,295357414,22577,4095,4095,0,11.02393,0.00000
534F4C31,32080,295363014,22565,4095,4095,0,11.01807,0.00000
534F4C31,32080,295368155,22566,4095,4095,0,11.01855,0.00000
534F4C31,32080,295371077,22567,4095,4095,0,11.01904,0.00000
534F4C31,32080,295373280,22571,4095,4095,0,11.02100,0.00000
534F4C31,32080,295375428,22557,4095,4095,0,11.01416,0.00000
534F4C31,32080,295378229,22581,4095,4095,0,11.02588,0.00000
534F4C31,32080,295380131,22568,4095,4095,0,11.01953,0.00000
534F4C31,32080,295382148,22581,4095,4095,0,11.02588,0.00000
534F4C31,32080,295384179,22562,4095,4095,0,11.01660,0.00000
534F4C31,32080,295386322,22575,4095,4095,0,11.02295,0.00000
534F4C31,32081,295388466,22575,4095,4095,0,11.02295,0.00000
534F4C31,32082,295392940,22581,4095,4095,0,11.02588,0.00000
534F4C31,32083,295397210,22564,4095,4095,0,11.01758,0.00000
534F4C31,32084,295403396,22577,4095,4095,0,11.02393,0.00000
534F4C31,32084,295407324,22580,4095,4095,0,11.02539,0.00000
534F4C31,32084,295410903,22579,4095,4095,0,11.02490,0.00000
534F4C31,32084,295413696,22580,4095,4095,0,11.02539,0.00000
534F4C31,32084,295416649,22574,4095,4095,0,11.02246,0.00000
534F4C31,32085,295419022,22570,4095,4095,0,11.02051,0.00000
534F4C31,32086,295422256,22579,4095,4095,0,11.02490,0.00000
534F4C31,32087,295426339,22578,4095,4095,0,11.02441,0.00000
534F4C31,32087,295431836,22575,4095,4095,0,11.02295,0.00000
534F4C31,32087,295434934,22559,4095,4095,0,11.01514,0.00000
534F4C31,32088,295437881,22577,4095,4095,0,11.02393,0.00000
534F4C31,32089,295441903,22567,4095,4095,0,11.01904,0.00000
534F4C31,32089,295446168,22577,4095,4095,0,11.02393,0.00000
534F4C31,32089,295450862,22576,4095,4095,0,11.02344,0.00000
534F4C31,32089,295453059,22557,4095,4095,0,11.01416,0.00000
534F4C31,32089,295455171,22566,4095,4095,0,11.01855,0.00000
534F4C31,32090,295457971,22553,4095,4095,0,11.01221,0.00000
534F4C31,32090,295462551,22577,4095,4095,0,11.02393,0.00000
534F4C31,32090,295464916,22558,4095,4095,0,11.01465,0.00000
534F4C31,32090,295467464,22569,4095,4095,0,11.02002,0.00000
534F4C31,32090,295470503,22568,4095,4095,0,11.01953,0.00000
534F4C31,32090,295472877,22555,4095,4095,0,11.01318,0.00000
534F4C31,32090,295474948,22566,4095,4095,0,11.01855,0.00000
534F4C31,32090,295477056,22556,4095,4095,0,11.01367,0.00000
534F4C31,32090,295479135,22579,4095,4095,0,11.02490,0.00000
534F4C31,32090,295481285,22569,4095,4095,0,11.02002,0.00000
534F4C31,32091,295483448,22580,4095,4095,0,11.02539,0.00000
534F4C31,32092,295487193,22572,4095,4095,0,11.02148,0.00000
534F4C31,32093,295490893,22567,4095,4095,0,11.01904,0.00000
534F4C31,32093,295495725,22572,4095,4095,0,11.02148,0.00000
534F4C31,32093,295499699,22563,4095,4095,0,11.01709,0.00000
534F4C31,32093,295503084,22579,4095,4095,0,11.02490,0.00000
534F4C31,32093,295505198,22563,4095,4095,0,11.01709,0.00000
534F4C31,32093,295507198,22556,4095,4095,0,11.01367,0.00000
534F4C31,32093,295510255,22578,4095,4095,0,11.02441,0.00000
534F4C31,32094,295512454,22565,4095,4095,0,11.01807,0.00000
534F4C31,32094,295515713,22578,4095,4095,0,11.02441,0.00000
534F4C31,32094,295519450,24294,4095,4095,0,11.86230,0.00000
534F4C31,32094,295521486,24503,4095,4095,0,11.96436,0.00000
534F4C31,32095,295524412,24587,4095,4095,0,12.00537,0.00000
534F4C31,32096,295528037,24601,4095,4095,0,12.01221,0.00000
534F4C31,32096,295532444,24620,4095,4095,0,12.02148,0.00000
534F4C31,32096,295535494,24609,4095,4095,0,12.01611,0.00000
534F4C31,32097,295539348,24607,4095,4095,0,12.01514,0.00000
534F4C31,32097,295543660,24632,4095,4095,0,12.02734,0.00000
534F4C31,32097,295547119,24611,4095,4095,0,12.01709,0.00000
534F4C31,32098,295550027,24633,4095,4095,0,12.02783,0.00000
534F4C31,32098,295553932,24617,4095,4095,0,12.02002,0.00000
534F4C31,32098,295557663,24629,4095,4095,0,12.02588,0.00000
534F4C31,32098,295560988,24618,4095,4095,0,12.02051,0.00000
534F4C31,32098,295563236,24617,4095,4095,0,12.02002,0.00000
534F4C31,32098,295565291,24631,4095,4095,0,12.02686,0.00000
534F4C31,32098,295567699,24622,4095,4095,0,12.02246,0.00000
534F4C31,32098,295569855,24612,4095,4095,0,12.01758,0.00000
534F4C31,32098,295571593,24616,4095,4095,0,12.01953,0.00000
534F4C31,32099,295573707,24612,4095,4095,0,12.01758,0.00000
534F4C31,32099,295577587,24616,4095,4095,0,12.01953,0.00000
534F4C31,32099,295580685,24628,4095,4095,0,12.02539,0.00000
534F4C31,32100,295582926,24620,4095,4095,0,12.02148,0.00000
534F4C31,32101,295587732,24605,4095,4095,0,12.01416,0.00000
534F4C31,32102,295591938,24618,4095,4095,0,12.02051,0.00000
534F4C31,32103,295597729,24620,4095,4095,0,12.02148,0.00000
534F4C31,32103,295602122,24609,4095,4095,0,12.01611,0.00000
534F4C31,32103,295606140,24618,4095,4095,0,12.02051,0.00000
534F4C31,32104,295609298,24607,4095,4095,0,12.01514,0.00000
534F4C31,32104,295612960,24629,4095,4095,0,12.02588,0.00000
534F4C31,32104,295615925,24629,4095,4095,0,12.02588,0.00000
534F4C31,32105,295619947,24606,4095,4095,0,12.01465,0.00000
534F4C31,32105,295624124,24616,4095,4095,0,12.01953,0.00000
534F4C31,32105,295627655,24629,4095,4095,0,12.02588,0.00000
534F4C31,32105,295630538,24619,4095,4095,0,12.02100,0.00000
534F4C31,32105,295633501,24622,4095,4095,0,12.02246,0.00000
534F4C31,32106,295635829,24609,4095,4095,0,12.01611,0.00000
534F4C31,32106,295639894,24629,4095,4095,0,12.02588,0.00000
534F4C31,32106,295642656,24635,4095,4095,0,12.02881,0.00000
534F4C31,32107,295645714,24620,4095,4095,0,12.02148,0.00000
534F4C31,32108,295649757,24619,4095,4095,0,12.02100,0.00000
534F4C31,32108,295654284,24624,4095,4095,0,12.02344,0.00000
534F4C31,32108,295657284,24622,4095,4095,0,12.02246,0.00000
534F4C31,32108,295661321,24619,4095,4095,0,12.02100,0.00000
534F4C31,32108,295663615,24617,4095,4095,0,12.02002,0.00000
534F4C31,32109,295666303,24629,4095,4095,0,12.02588,0.00000
534F4C31,32109,295670855,24618,4095,4095,0,12.02051,0.00000
534F4C31,32109,295674093,24633,4095,4095,0,12.02783,0.00000
534F4C31,32109,295676180,24622,4095,4095,0,12.02246,0.00000
534F4C31,32109,295678314,24604,4095,4095,0,12.01367,0.00000
534F4C31,32110,295680420,24621,4095,4095,0,12.02197,0.00000
534F4C31,32111,295685320,24623,4095,4095,0,12.02295,0.00000
534F4C31,32112,295689706,24615,4095,4095,0,12.01904,0.00000
534F4C31,32112,295694970,24609,4095,4095,0,12.01611,0.00000
534F4C31,32112,295698351,24604,4095,4095,0,12.01367,0.00000
534F4C31,32112,295702098,24610,4095,4095,0,12.01660,0.00000
534F4C31,32112,295704213,24620,4095,4095,0,12.02148,0.00000
534F4C31,32112,295706251,24622,4095,4095,0,12.02246,0.00000
534F4C31,32112,295708378,24631,4095,4095,0,12.02686,0.00000
534F4C31,32112,295710397,24620,4095,4095,0,12.02148,0.00000
534F4C31,32112,295712508,24631,4095,4095,0,12.02686,0.00000
534F4C31,32112,295714649,24622,4095,4095,0,12.02246,0.00000
534F4C31,32113,295716782,24629,4095,4095,0,12.02588,0.00000
534F4C31,32114,295721177,24609,4095,4095,0,12.01611,0.00000
534F4C31,32115,295724989,24630,4095,4095,0,12.02637,0.00000
534F4C31,32115,295730907,24625,4095,4095,0,12.02393,0.00000
534F4C31,32115,295734379,24608,4095,4095,0,12.01562,0.00000
534F4C31,32116,295736445,24603,4095,4095,0,12.01318,0.00000
534F4C31,32116,295741499,24627,4095,4095,0,12.02490,0.00000
534F4C31,32116,295743718,24632,4095,4095,0,12.02734,0.00000
534F4C31,32117,295746457,24622,4095,4095,0,12.02246,0.00000
534F4C31,32117,295751998,24606,4095,4095,0,12.01465,0.00000
534F4C31,32117,295754669,24621,4095,4095,0,12.02197,0.00000
534F4C31,32117,295757444,24609,4095,4095,0,12.01611,0.00000
534F4C31,32117,295759756,24611,4095,4095,0,12.01709,0.00000
534F4C31,32118,295761940,24617,4095,4095,0,12.02002,0.00000
534F4C31,32119,295766063,24609,4095,4095,0,12.01611,0.00000
534F4C31,32119,295770211,24612,4095,4095,0,12.01758,0.00000
534F4C31,32119,295772383,24624,4095,4095,0,12.02344,0.00000
534F4C31,32119,295775280,24630,4095,4095,0,12.02637,0.00000
534F4C31,32119,295779448,24635,4095,4095,0,12.02881,0.00000
534F4C31,32119,295781861,24616,4095,4095,0,12.01953,0.00000
534F4C31,32119,295784031,24619,4095,4095,0,12.02100,0.00000
534F4C31,32120,295786820,24636,4095,4095,0,12.02930,0.00000
534F4C31,32120,295791061,24616,4095,4095,0,12.01953,0.00000
534F4C31,32120,295793911,24629,4095,4095,0,12.02588,0.00000
534F4C31,32120,295796771,24626,4095,4095,0,12.02441,0.00000
534F4C31,32121,295800415,24618,4095,4095,0,12.02051,0.00000
534F4C31,32122,295805142,24613,4095,4095,0,12.01807,0.00000
534F4C31,32122,295810181,24621,4095,4095,0,12.02197,0.00000
534F4C31,32122,295813650,24628,4095,4095,0,12.02539,0.00000
534F4C31,32122,295816395,24618,4095,4095,0,12.02051,0.00000
534F4C31,32122,295818635,24608,4095,4095,0,12.01562,0.00000
534F4C31,32123,295821542,24632,4095,4095,0,12.02734,0.00000
534F4C31,32123,295826121,24636,4095,4095,0,12.02930,0.00000
534F4C31,32123,295829286,24625,4095,4095,0,12.02393,0.00000
534F4C31,32124,295832084,24618,4095,4095,0,12.02051,0.00000
534F4C31,32125,295836738,24609,4095,4095,0,12.01611,0.00000
534F4C31,32125,295840405,24617,4095,4095,0,12.02002,0.00000
534F4C31,32125,295843486,24619,4095,4095,0,12.02100,0.00000
534F4C31,32126,295848185,24621,4095,4095,0,12.02197,0.00000
534F4C31,32127,295851583,24623,4095,4095,0,12.02295,0.00000
534F4C31,32127,295856507,24633,4095,4095,0,12.02783,0.00000
534F4C31,32127,295859596,24616,4095,4095,0,12.01953,0.00000
534F4C31,32127,295862729,24615,4095,4095,0,12.01904,0.00000
534F4C31,32127,295864801,24605,4095,4095,0,12.01416,0.00000
534F4C31,32128,295867913,24618,4095,4095,0,12.02051,0.00000
534F4C31,32128,295872245,24622,4095,4095,0,12.02246,0.00000
534F4C31,32128,295874577,24619,4095,4095,0,12.02100,0.00000
534F4C31,32129,295876628,24602,4095,4095,0,12.01270,0.00000
534F4C31,32129,295880834,24618,4095,4095,0,12.02051,0.00000
534F4C31,32129,295885098,24607,4095,4095,0,12.01514,0.00000
534F4C31,32130,295889222,24627,4095,4095,0,12.02490,0.00000
534F4C31,32130,295893236,24630,4095,4095,0,12.02637,0.00000
534F4C31,32130,295896071,24632,4095,4095,0,12.02734,0.00000
534F4C31,32131,295898442,24620,4095,4095,0,12.02148,0.00000
534F4C31,32132,295902257,24623,4095,4095,0,12.02295,0.00000
534F4C31,32133,295906934,24624,4095,4095,0,12.02344,0.00000
534F4C31,32133,295912943,24618,4095,4095,0,12.02051,0.00000
534F4C31,32133,295915937,24605,4095,4095,0,12.01416,0.00000
534F4C31,32134,295919075,24612,4095,4095,0,12.01758,0.00000
534F4C31,32135,295923648,24618,4095,4095,0,12.02051,0.00000
534F4C31,32135,295926938,24631,4095,4095,0,12.02686,0.00000
534F4C31,32135,295931662,24618,4095,4095,0,12.02051,0.00000
534F4C31,32136,295934093,24627,4095,4095,0,12.02490,0.00000
534F4C31,32136,295937556,24619,4095,4095,0,12.02100,0.00000
534F4C31,32136,295942025,24626,4095,4095,0,12.02441,0.00000
534F4C31,32136,295944149,24617,4095,4095,0,12.02002,0.00000
534F4C31,32136,295946997,24604,4095,4095,0,12.01367,0.00000
534F4C31,32136,295949923,24631,4095,4095,0,12.02686,0.00000
534F4C31,32136,295952067,24618,4095,4095,0,12.02051,0.00000
534F4C31,32136,295954143,24608,4095,4095,0,12.01562,0.00000
534F4C31,32136,295956198,24617,4095,4095,0,12.02002,0.00000
534F4C31,32136,295958332,24610,4095,4095,0,12.01660,0.00000
534F4C31,32137,295960491,24620,4095,4095,0,12.02148,0.00000
534F4C31,32137,295964752,24615,4095,4095,0,12.01904,0.00000
534F4C31,32137,295967125,24620,4095,4095,0,12.02148,0.00000
534F4C31,32137,295969860,24627,4095,4095,0,12.02490,0.00000
534F4C31,32138,295972615,24630,4095,4095,0,12.02637,0.00000
534F4C31,32139,295977465,24614,4095,4095,0,12.01855,0.00000
534F4C31,32139,295980564,24621,4095,4095,0,12.02197,0.00000
534F4C31,32139,295984238,24624,4095,4095,0,12.02344,0.00000
534F4C31,32139,295987430,24621,4095,4095,0,12.02197,0.00000
534F4C31,32139,295989628,24607,4095,4095,0,12.01514,0.00000
534F4C31,32140,295992602,24629,4095,4095,0,12.02588,0.00000
534F4C31,32141,295995654,24618,4095,4095,0,12.02051,0.00000
534F4C31,32142,296000146,24614,4095,4095,0,12.01855,0.00000
534F4C31,32142,296006596,24618,4095,4095,0,12.02051,0.00000
534F4C31,32142,296008757,24609,4095,4095,0,12.01611,0.00000
534F4C31,32142,296011687,24619,4095,4095,0,12.02100,0.00000
534F4C31,32142,296014027,24614,4095,4095,0,12.01855,0.00000
534F4C31,32142,296016073,24606,4095,4095,0,12.01465,0.00000
534F4C31,32142,296018159,24614,4095,4095,0,12.01855,0.00000
534F4C31,32142,296020185,24610,4095,4095,0,12.01660,0.00000
534F4C31,32142,296022302,24621,4095,4095,0,12.02197,0.00000
534F4C31,32142,296024358,24609,4095,4095,0,12.01611,0.00000
534F4C31,32143,296026454,24617,4095,4095,0,12.02002,0.00000
534F4C31,32144,296030696,24622,4095,4095,0,12.02246,0.00000
534F4C31,32145,296033942,24621,4095,4095,0,12.02197,0.00000
534F4C31,32146,296039651,24618,4095,4095,0,12.02051,0.00000
534F4C31,32146,296044146,24608,4095,4095,0,12.01562,0.00000
534F4C31,32146,296046242,24630,4095,4095,0,12.02637,0.00000
534F4C31,32146,296050937,24618,4095,4095,0,12.02051,0.00000
534F4C31,32146,296053271,24622,4095,4095,0,12.02246,0.00000
534F4C31,32146,296055891,24607,4095,4095,0,12.01514,0.00000
534F4C31,32146,296058153,24628,4095,4095,0,12.02539,0.00000
534F4C31,32146,296060220,24612,4095,4095,0,12.01758,0.00000
534F4C31,32146,296062407,24629,4095,4095,0,12.02588,0.00000
534F4C31,32146,296064404,24622,4095,4095,0,12.02246,0.00000
534F4C31,32146,296066492,24630,4095,4095,0,12.02637,0.00000
534F4C31,32146,296068493,24619,4095,4095,0,12.02100,0.00000
534F4C31,32146,296070576,24614,4095,4095,0,12.01855,0.00000
534F4C31,32146,296072647,24618,4095,4095,0,12.02051,0.00000
534F4C31,32147,296074799,24609,4095,4095,0,12.01611,0.00000
534F4C31,32148,296079192,24624,4095,4095,0,12.02344,0.00000
534F4C31,32149,296083427,24610,4095,4095,0,12.01660,0.00000
534F4C31,32149,296088588,24617,4095,4095,0,12.02002,0.00000
534F4C31,32149,296092028,24625,4095,4095,0,12.02393,0.00000
534F4C31,32150,296094918,24610,4095,4095,0,12.01660,0.00000
534F4C31,32151,296099197,24630,4095,4095,0,12.02637,0.00000
534F4C31,32152,296102877,24608,4095,4095,0,12.01562,0.00000
534F4C31,32153,296110169,24621,4095,4095,0,12.02197,0.00000
534F4C31,32153,296113209,24629,4095,4095,0,12.02588,0.00000
534F4C31,32154,296117371,24616,4095,4095,0,12.01953,0.00000
534F4C31,32154,296121575,24634,4095,4095,0,12.02832,0.00000
534F4C31,32154,296125137,24627,4095,4095,0,12.02490,0.00000
534F4C31,32155,296127449,24621,4095,4095,0,12.02197,0.00000
534F4C31,32156,296132400,24616,4095,4095,0,12.01953,0.00000
534F4C31,32157,296137026,24632,4095,4095,0,12.02734,0.00000
534F4C31,32157,296140522,24632,4095,4095,0,12.02734,0.00000
534F4C31,32157,296142752,24619,4095,4095,0,12.02100,0.00000
534F4C31,32157,296147142,24607,4095,4095,0,12.01514,0.00000
534F4C31,32157,296149441,24623,4095,4095,0,12.02295,0.00000
534F4C31,32158,296151522,24629,4095,4095,0,12.02588,0.00000
534F4C31,32158,296155274,24615,4095,4095,0,12.01904,0.00000
534F4C31,32158,296158852,24616,4095,4095,0,12.01953,0.00000
534F4C31,32158,296160882,24621,4095,4095,0,12.02197,0.00000
534F4C31,32159,296163761,24610,4095,4095,0,12.01660,0.00000
534F4C31,32160,296169172,24608,4095,4095,0,12.01562,0.00000
534F4C31,32160,296173277,24608,4095,4095,0,12.01562,0.00000
534F4C31,32161,296176368,24624,4095,4095,0,12.02344,0.00000
534F4C31,32162,296180445,24627,4095,4095,0,12.02490,0.00000
534F4C31,32163,296184619,24608,4095,4095,0,12.01562,0.00000
534F4C31,32163,296190446,24610,4095,4095,0,12.01660,0.00000
534F4C31,32163,296193726,24618,4095,4095,0,12.02051,0.00000
534F4C31,32164,296198009,24617,4095,4095,0,12.02002,0.00000
534F4C31,32165,296200936,24622,4095,4095,0,12.02246,0.00000
534F4C31,32165,296205265,24606,4095,4095,0,12.01465,0.00000
534F4C31,32165,296208895,24625,4095,4095,0,12.02393,0.00000
534F4C31,32165,296212041,24617,4095,4095,0,12.02002,0.00000
534F4C31,32165,296215611,24608,4095,4095,0,12.01562,0.00000
534F4C31,32165,296218023,24606,4095,4095,0,12.01465,0.00000
534F4C31,32165,296220099,24621,4095,4095,0,12.02197,0.00000
534F4C31,32165,296222067,24610,4095,4095,0,12.01660,0.00000
534F4C31,32165,296224121,24617,4095,4095,0,12.02002,0.00000
534F4C31,32165,296226277,24610,4095,4095,0,12.01660,0.00000
534F4C31,32165,296228327,24620,4095,4095,0,12.02148,0.00000
534F4C31,32165,296230399,24604,4095,4095,0,12.01367,0.00000
534F4C31,32165,296232460,24628,4095,4095,0,12.02539,0.00000
534F4C31,32165,296234661,24616,4095,4095,0,12.01953,0.00000
534F4C31,32166,296236886,24633,4095,4095,0,12.02783,0.00000
534F4C31,32167,296240825,24623,4095,4095,0,12.02295,0.00000
534F4C31,32167,296245070,24623,4095,4095,0,12.02295,0.00000
534F4C31,32167,296247303,24616,4095,4095,0,12.01953,0.00000
534F4C31,32167,296251086,24611,4095,4095,0,12.01709,0.00000
534F4C31,32167,296254914,24620,4095,4095,0,12.02148,0.00000
534F4C31,32167,296257476,24615,4095,4095,0,12.01904,0.00000
534F4C31,32167,296259656,24622,4095,4095,0,12.02246,0.00000
534F4C31,32168,296262670,24619,4095,4095,0,12.02100,0.00000
534F4C31,32168,296266165,24613,4095,4095,0,12.01807,0.00000
534F4C31,32168,296269385,24613,4095,4095,0,12.01807,0.00000
534F4C31,32169,296271780,24630,4095,4095,0,12.02637,0.00000
534F4C31,32170,296274708,24621,4095,4095,0,12.02197,0.00000
534F4C31,32171,296279907,24617,4095,4095,0,12.02002,0.00000
534F4C31,32172,296283541,24623,4095,4095,0,12.02295,0.00000
534F4C31,32172,296289669,24617,4095,4095,0,12.02002,0.00000
534F4C31,32172,296291965,24612,4095,4095,0,12.01758,0.00000
534F4C31,32172,296293968,24618,4095,4095,0,12.02051,0.00000
534F4C31,32172,296297009,24621,4095,4095,0,12.02197,0.00000
534F4C31,32173,296300395,24634,4095,4095,0,12.02832,0.00000
534F4C31,32173,296304362,24628,4095,4095,0,12.02539,0.00000
534F4C31,32173,296307238,24637,4095,4095,0,12.02979,0.00000
534F4C31,32173,296309733,24620,4095,4095,0,12.02148,0.00000
534F4C31,32174,296313983,24607,4095,4095,0,12.01514,0.00000
534F4C31,32174,296317126,24618,4095,4095,0,12.02051,0.00000
534F4C31,32174,296321759,24622,4095,4095,0,12.02246,0.00000
534F4C31,32174,296323924,24623,4095,4095,0,12.02295,0.00000
534F4C31,32174,296325990,24629,4095,4095,0,12.02588,0.00000
534F4C31,32174,296329133,24624,4095,4095,0,12.02344,0.00000
534F4C31,32174,296331215,24604,4095,4095,0,12.01367,0.00000
534F4C31,32174,296333302,24617,4095,4095,0,12.02002,0.00000
534F4C31,32174,296335347,24610,4095,4095,0,12.01660,0.00000
534F4C31,32174,296337444,24633,4095,4095,0,12.02783,0.00000
534F4C31,32175,296339569,24619,4095,4095,0,12.02100,0.00000
534F4C31,32175,296343521,24629,4095,4095,0,12.02588,0.00000
534F4C31,32175,296346210,24614,4095,4095,0,12.01855,0.00000
534F4C31,32176,296349202,24623,4095,4095,0,12.02295,0.00000
534F4C31,32176,296352776,24615,4095,4095,0,12.01904,0.00000
534F4C31,32176,296356456,24618,4095,4095,0,12.02051,0.00000
534F4C31,32176,296359187,24608,4095,4095,0,12.01562,0.00000
534F4C31,32176,296361471,24628,4095,4095,0,12.02539,0.00000
534F4C31,32176,296364391,24613,4095,4095,0,12.01807,0.00000
534F4C31,32176,296366474,24607,4095,4095,0,12.01514,0.00000
534F4C31,32176,296368546,24630,4095,4095,0,12.02637,0.00000
534F4C31,32176,296370610,24621,4095,4095,0,12.02197,0.00000
534F4C31,32176,296372725,24627,4095,4095,0,12.02490,0.00000
534F4C31,32177,296374777,24619,4095,4095,0,12.02100,0.00000
534F4C31,32178,296377748,24629,4095,4095,0,12.02588,0.00000
534F4C31,32179,296382233,24630,4095,4095,0,12.02637,0.00000
534F4C31,32180,296387161,24604,4095,4095,0,12.01367,0.00000
534F4C31,32180,296392149,24616,4095,4095,0,12.01953,0.00000
534F4C31,32180,296395535,24621,4095,4095,0,12.02197,0.00000
534F4C31,32181,296399505,24618,4095,4095,0,12.02051,0.00000
534F4C31,32181,296403134,24620,4095,4095,0,12.02148,0.00000
534F4C31,32181,296405702,24622,4095,4095,0,12.02246,0.00000
534F4C31,32181,296409380,24632,4095,4095,0,12.02734,0.00000
534F4C31,32181,296412054,24610,4095,4095,0,12.01660,0.00000
534F4C31,32181,296414010,24620,4095,4095,0,12.02148,0.00000
534F4C31,32182,296417320,24622,4095,4095,0,12.02246,0.00000
534F4C31,32183,296422383,24627,4095,4095,0,12.02490,0.00000
534F4C31,32183,296425693,24622,4095,4095,0,12.02246,0.00000
534F4C31,32183,296427805,24606,4095,4095,0,12.01465,0.00000
534F4C31,32184,296432863,24628,4095,4095,0,12.02539,0.00000
534F4C31,32185,296436802,24619,4095,4095,0,12.02100,0.00000
534F4C31,32185,296442446,24629,4095,4095,0,12.02588,0.00000
534F4C31,32185,296444815,24615,4095,4095,0,12.01904,0.00000
534F4C31,32185,296447569,24627,4095,4095,0,12.02490,0.00000
534F4C31,32185,296449908,24616,4095,4095,0,12.01953,0.00000
534F4C31,32186,296452221,24628,4095,4095,0,12.02539,0.00000
534F4C31,32187,296455566,24609,4095,4095,0,12.01611,0.00000
534F4C31,32188,296460050,24606,4095,4095,0,12.01465,0.00000
534F4C31,32188,296464909,24632,4095,4095,0,12.02734,0.00000
534F4C31,32188,296469099,24619,4095,4095,0,12.02100,0.00000
534F4C31,32188,296472349,24618,4095,4095,0,12.02051,0.00000
534F4C31,32188,296474452,24609,4095,4095,0,12.01611,0.00000
534F4C31,32189,296476574,24619,4095,4095,0,12.02100,0.00000
534F4C31,32190,296480316,24613,4095,4095,0,12.01807,0.00000
534F4C31,32191,296485577,24621,4095,4095,0,12.02197,0.00000
534F4C31,32191,296491534,24618,4095,4095,0,12.02051,0.00000
534F4C31,32191,296493619,24633,4095,4095,0,12.02783,0.00000
534F4C31,32191,296496494,24619,4095,4095,0,12.02100,0.00000
534F4C31,32191,296498780,24623,4095,4095,0,12.02295,0.00000
534F4C31,32191,296500802,24636,4095,4095,0,12.02930,0.00000
534F4C31,32191,296502871,24615,4095,4095,0,12.01904,0.00000
534F4C31,32191,296504959,24631,4095,4095,0,12.02686,0.00000
534F4C31,32191,296507069,24625,4095,4095,0,12.02393,0.00000
534F4C31,32191,296508948,24629,4095,4095,0,12.02588,0.00000
534F4C31,32191,296510843,24621,4095,4095,0,12.02197,0.00000
534F4C31,32191,296512935,24637,4095,4095,0,12.02979,0.00000
534F4C31,32191,296515062,24620,4095,4095,0,12.02148,0.00000
534F4C31,32191,296517178,24607,4095,4095,0,12.01514,0.00000
534F4C31,32192,296519552,24622,4095,4095,0,12.02246,0.00000
534F4C31,32193,296525220,24605,4095,4095,0,12.01416,0.00000
534F4C31,32194,296528498,24621,4095,4095,0,12.02197,0.00000
534F4C31,32195,296534414,24617,4095,4095,0,12.02002,0.00000
534F4C31,32195,296537993,24615,4095,4095,0,12.01904,0.00000
534F4C31,32195,296540813,24609,4095,4095,0,12.01611,0.00000
534F4C31,32195,296542931,24617,4095,4095,0,12.02002,0.00000
534F4C31,32195,296545067,24624,4095,4095,0,12.02344,0.00000
534F4C31,32196,296548207,24633,4095,4095,0,12.02783,0.00000
534F4C31,32196,296552332,24625,4095,4095,0,12.02393,0.00000
534F4C31,32196,296554951,24630,4095,4095,0,12.02637,0.00000
534F4C31,32197,296557511,24622,4095,4095,0,12.02246,0.00000
534F4C31,32197,296562041,24610,4095,4095,0,12.01660,0.00000
534F4C31,32197,296565753,24622,4095,4095,0,12.02246,0.00000
534F4C31,32197,296567922,24612,4095,4095,0,12.01758,0.00000
534F4C31,32197,296569959,24621,4095,4095,0,12.02197,0.00000
534F4C31,32197,296572823,24611,4095,4095,0,12.01709,0.00000
534F4C31,32198,296576279,24610,4095,4095,0,12.01660,0.00000
534F4C31,32198,296580147,24632,4095,4095,0,12.02734,0.00000
534F4C31,32198,296583911,24636,4095,4095,0,12.02930,0.00000
534F4C31,32198,296586677,24635,4095,4095,0,12.02881,0.00000
534F4C31,32198,296589018,24626,4095,4095,0,12.02441,0.00000
534F4C31,32199,296591663,24611,4095,4095,0,12.01709,0.00000
534F4C31,32200,296595085,24631,4095,4095,0,12.02686,0.00000
534F4C31,32201,296598739,24631,4095,4095,0,12.02686,0.00000
534F4C31,32202,296603429,24630,4095,4095,0,12.02637,0.00000
534F4C31,32203,296608679,24606,4095,4095,0,12.01465,0.00000
534F4C31,32204,296613665,24605,4095,4095,0,12.01416,0.00000
534F4C31,32204,296618896,24609,4095,4095,0,12.01611,0.00000
534F4C31,32204,296622723,24608,4095,4095,0,12.01562,0.00000
534F4C31,32204,296625219,24627,4095,4095,0,12.02490,0.00000
534F4C31,32204,296627458,24624,4095,4095,0,12.02344,0.00000
534F4C31,32204,296629595,24627,4095,4095,0,12.02490,0.00000
534F4C31,32204,296631654,24620,4095,4095,0,12.02148,0.00000
534F4C31,32204,296633725,24608,4095,4095,0,12.01562,0.00000
534F4C31,32204,296635904,24618,4095,4095,0,12.02051,0.00000
534F4C31,32204,296637899,24609,4095,4095,0,12.01611,0.00000
534F4C31,32204,296639873,24619,4095,4095,0,12.02100,0.00000
534F4C31,32204,296641917,24612,4095,4095,0,12.01758,0.00000
534F4C31,32205,296644201,24630,4095,4095,0,12.02637,0.00000
534F4C31,32206,296648715,24632,4095,4095,0,12.02734,0.00000
534F4C31,32207,296652241,24631,4095,4095,0,12.02686,0.00000
534F4C31,32208,296657814,24608,4095,4095,0,12.01562,0.00000
534F4C31,32208,296662191,24608,4095,4095,0,12.01562,0.00000
534F4C31,32208,296665618,24607,4095,4095,0,12.01514,0.00000
534F4C31,32208,296668671,24635,4095,4095,0,12.02881,0.00000
534F4C31,32208,296671531,24623,4095,4095,0,12.02295,0.00000
534F4C31,32208,296673785,24623,4095,4095,0,12.02295,0.00000
534F4C31,32208,296675912,24631,4095,4095,0,12.02686,0.00000
534F4C31,32208,296678033,24620,4095,4095,0,12.02148,0.00000
534F4C31,32208,296680084,24612,4095,4095,0,12.01758,0.00000
534F4C31,32208,296682179,24614,4095,4095,0,12.01855,0.00000
534F4C31,32208,296684221,24614,4095,4095,0,12.01855,0.00000
534F4C31,32208,296686317,24621,4095,4095,0,12.02197,0.00000
534F4C31,32208,296688431,24613,4095,4095,0,12.01807,0.00000
534F4C31,32208,296690353,24620,4095,4095,0,12.02148,0.00000
534F4C31,32209,296692500,24607,4095,4095,0,12.01514,0.00000
534F4C31,32210,296695691,24612,4095,4095,0,12.01758,0.00000
534F4C31,32211,296699671,24629,4095,4095,0,12.02588,0.00000
534F4C31,32212,296705638,24617,4095,4095,0,12.02002,0.00000
534F4C31,32212,296709868,24619,4095,4095,0,12.02100,0.00000
534F4C31,32212,296713908,24617,4095,4095,0,12.02002,0.00000
534F4C31,32213,296717170,24620,4095,4095,0,12.02148,0.00000
534F4C31,32213,296720518,24610,4095,4095,0,12.01660,0.00000
534F4C31,32214,296724801,24628,4095,4095,0,12.02539,0.00000
534F4C31,32215,296727775,24624,4095,4095,0,12.02344,0.00000
534F4C31,32216,296734004,24607,4095,4095,0,12.01514,0.00000
534F4C31,32217,296738864,24621,4095,4095,0,12.02197,0.00000
534F4C31,32217,296743589,24614,4095,4095,0,12.01855,0.00000
534F4C31,32217,296747505,24611,4095,4095,0,12.01709,0.00000
534F4C31,32217,296749626,24630,4095,4095,0,12.02637,0.00000
534F4C31,32217,296752466,24617,4095,4095,0,12.02002,0.00000
534F4C31,32217,296755274,24612,4095,4095,0,12.01758,0.00000
534F4C31,32217,296757571,24631,4095,4095,0,12.02686,0.00000
534F4C31,32217,296759625,24620,4095,4095,0,12.02148,0.00000
534F4C31,32217,296761661,24609,4095,4095,0,12.01611,0.00000
534F4C31,32217,296763752,24619,4095,4095,0,12.02100,0.00000
534F4C31,32217,296765888,24611,4095,4095,0,12.01709,0.00000
534F4C31,32217,296767958,24623,4095,4095,0,12.02295,0.00000
534F4C31,32217,296770006,24612,4095,4095,0,12.01758,0.00000
534F4C31,32217,296772031,24620,4095,4095,0,12.02148,0.00000
534F4C31,32218,296774131,24609,4095,4095,0,12.01611,0.00000
534F4C31,32219,296778280,24634,4095,4095,0,12.02832,0.00000
534F4C31,32220,296782391,24633,4095,4095,0,12.02783,0.00000
534F4C31,32221,296787881,24607,4095,4095,0,12.01514,0.00000
534F4C31,32221,296792803,24617,4095,4095,0,12.02002,0.00000
534F4C31,32221,296796631,24623,4095,4095,0,12.02295,0.00000
534F4C31,32222,296799403,24620,4095,4095,0,12.02148,0.00000
534F4C31,32222,296803102,24623,4095,4095,0,12.02295,0.00000
534F4C31,32222,296805775,24617,4095,4095,0,12.02002,0.00000
534F4C31,32222,296809854,24635,4095,4095,0,12.02881,0.00000
534F4C31,32222,296812399,24608,4095,4095,0,12.01562,0.00000
534F4C31,32222,296815027,24621,4095,4095,0,12.02197,0.00000
534F4C31,32222,296817247,24616,4095,4095,0,12.01953,0.00000
534F4C31,32223,296820271,24601,4095,4095,0,12.01221,0.00000
534F4C31,32223,296824804,24622,4095,4095,0,12.02246,0.00000
534F4C31,32223,296827400,24627,4095,4095,0,12.02490,0.00000
534F4C31,32224,296831177,24619,4095,4095,0,12.02100,0.00000
534F4C31,32225,296834825,24616,4095,4095,0,12.01953,0.00000
534F4C31,32226,296838643,24619,4095,4095,0,12.02100,0.00000
534F4C31,32226,296842146,24622,4095,4095,0,12.02246,0.00000
534F4C31,32226,296845327,24622,4095,4095,0,12.02246,0.00000
534F4C31,32226,296849333,24620,4095,4095,0,12.02148,0.00000
534F4C31,32226,296851499,24610,4095,4095,0,12.01660,0.00000
534F4C31,32226,296854245,24619,4095,4095,0,12.02100,0.00000
534F4C31,32226,296856646,24623,4095,4095,0,12.02295,0.00000
534F4C31,32226,296858669,24632,4095,4095,0,12.02734,0.00000
534F4C31,32226,296860784,24621,4095,4095,0,12.02197,0.00000
534F4C31,32226,296862867,24612,4095,4095,0,12.01758,0.00000
534F4C31,32227,296865097,24620,4095,4095,0,12.02148,0.00000
534F4C31,32228,296869478,24618,4095,4095,0,12.02051,0.00000
534F4C31,32229,296873017,24624,4095,4095,0,12.02344,0.00000
534F4C31,32230,296878504,24618,4095,4095,0,12.02051,0.00000
534F4C31,32230,296882485,24630,4095,4095,0,12.02637,0.00000
534F4C31,32230,296885440,24619,4095,4095,0,12.02100,0.00000
534F4C31,32231,296888586,24620,4095,4095,0,12.02148,0.00000
534F4C31,32232,296892039,24624,4095,4095,0,12.02344,0.00000
534F4C31,32233,296896559,24622,4095,4095,0,12.02246,0.00000
534F4C31,32233,296900362,24619,4095,4095,0,12.02100,0.00000
534F4C31,32233,296904155,24622,4095,4095,0,12.02246,0.00000
534F4C31,32233,296907193,24625,4095,4095,0,12.02393,0.00000
534F4C31,32233,296909449,24611,4095,4095,0,12.01709,0.00000
534F4C31,32234,296911642,24621,4095,4095,0,12.02197,0.00000
534F4C31,32235,296915525,24612,4095,4095,0,12.01758,0.00000
534F4C31,32236,296918998,24610,4095,4095,0,12.01660,0.00000
534F4C31,32237,296924824,24619,4095,4095,0,12.02100,0.00000
534F4C31,32237,296929000,24621,4095,4095,0,12.02197,0.00000
534F4C31,32237,296932626,24620,4095,4095,0,12.02148,0.00000
534F4C31,32237,296935496,24627,4095,4095,0,12.02490,0.00000
534F4C31,32237,296938137,24627,4095,4095,0,12.02490,0.00000
534F4C31,32237,296940300,24603,4095,4095,0,12.01318,0.00000
534F4C31,32237,296943093,24624,4095,4095,0,12.02344,0.00000
534F4C31,32238,296945293,24622,4095,4095,0,12.02246,0.00000
534F4C31,32239,296949604,24630,4095,4095,0,12.02637,0.00000
534F4C31,32239,296953074,24613,4095,4095,0,12.01807,0.00000
534F4C31,32239,296955369,24640,4095,4095,0,12.03125,0.00000
534F4C31,32240,296960731,24618,4095,4095,0,12.02051,0.00000
534F4C31,32241,296964950,24630,4095,4095,0,12.02637,0.00000
534F4C31,32241,296970857,24619,4095,4095,0,12.02100,0.00000
534F4C31,32241,296973760,24622,4095,4095,0,12.02246,0.00000
534F4C31,32241,296975805,24615,4095,4095,0,12.01904,0.00000
534F4C31,32241,296978460,24618,4095,4095,0,12.02051,0.00000
534F4C31,32242,296980774,24616,4095,4095,0,12.01953,0.00000
534F4C31,32243,296985037,24630,4095,4095,0,12.02637,0.00000
534F4C31,32243,296988703,24607,4095,4095,0,12.01514,0.00000
534F4C31,32243,296990948,24609,4095,4095,0,12.01611,0.00000
534F4C31,32244,296994837,24633,4095,4095,0,12.02783,0.00000
534F4C31,32244,297000260,24629,4095,4095,0,12.02588,0.00000
534F4C31,32244,297002623,24609,4095,4095,0,12.01611,0.00000
534F4C31,32244,297004612,24618,4095,4095,0,12.02051,0.00000
534F4C31,32244,297008485,24607,4095,4095,0,12.01514,0.00000
534F4C31,32245,297010886,24611,4095,4095,0,12.01709,0.00000
534F4C31,32245,297014697,24624,4095,4095,0,12.02344,0.00000
534F4C31,32245,297018654,24627,4095,4095,0,12.02490,0.00000
534F4C31,32246,297021901,24617,4095,4095,0,12.02002,0.00000
534F4C31,32247,297025915,24617,4095,4095,0,12.02002,0.00000
534F4C31,32248,297030471,24632,4095,4095,0,12.02734,0.00000
534F4C31,32248,297036197,24638,4095,4095,0,12.03027,0.00000
534F4C31,32248,297039684,24624,4095,4095,0,12.02344,0.00000
534F4C31,32248,297041922,24604,4095,4095,0,12.01367,0.00000
534F4C31,32248,297044042,24620,4095,4095,0,12.02148,0.00000
534F4C31,32248,297046142,24610,4095,4095,0,12.01660,0.00000
534F4C31,32248,297048153,24631,4095,4095,0,12.02686,0.00000
534F4C31,32248,297051384,24614,4095,4095,0,12.01855,0.00000
534F4C31,32248,297053747,24606,4095,4095,0,12.01465,0.00000
534F4C31,32248,297055800,24618,4095,4095,0,12.02051,0.00000
534F4C31,32248,297057800,24623,4095,4095,0,12.02295,0.00000
534F4C31,32248,297059905,24635,4095,4095,0,12.02881,0.00000
534F4C31,32248,297062928,24621,4095,4095,0,12.02197,0.00000
534F4C31,32248,297065035,24607,4095,4095,0,12.01514,0.00000
534F4C31,32248,297067141,24620,4095,4095,0,12.02148,0.00000
534F4C31,32248,297069236,24607,4095,4095,0,12.01514,0.00000
534F4C31,32248,297071393,24630,4095,4095,0,12.02637,0.00000
534F4C31,32249,297073540,24618,4095,4095,0,12.02051,0.00000
534F4C31,32249,297077757,24633,4095,4095,0,12.02783,0.00000
534F4C31,32249,297080153,24603,4095,4095,0,12.01318,0.00000
534F4C31,32249,297082169,24620,4095,4095,0,12.02148,0.00000
534F4C31,32249,297085203,24612,4095,4095,0,12.01758,0.00000
534F4C31,32249,297087507,24631,4095,4095,0,12.02686,0.00000
534F4C31,32249,297089491,24619,4095,4095,0,12.02100,0.00000
534F4C31,32249,297091643,24627,4095,4095,0,12.02490,0.00000
534F4C31,32250,297093683,24616,4095,4095,0,12.01953,0.00000
534F4C31,32250,297097547,24612,4095,4095,0,12.01758,0.00000
534F4C31,32250,297100472,24607,4095,4095,0,12.01514,0.00000
534F4C31,32251,297103287,24628,4095,4095,0,12.02539,0.00000
534F4C31,32252,297108324,24621,4095,4095,0,12.02197,0.00000
534F4C31,32252,297114191,24633,4095,4095,0,12.02783,0.00000
534F4C31,32252,297117809,24622,4095,4095,0,12.02246,0.00000
534F4C31,32253,297120042,24619,4095,4095,0,12.02100,0.00000
534F4C31,32253,297123566,24626,4095,4095,0,12.02441,0.00000
534F4C31,32253,297127735,24633,4095,4095,0,12.02783,0.00000
534F4C31,32253,297130651,24626,4095,4095,0,12.02441,0.00000
534F4C31,32253,297133858,24618,4095,4095,0,12.02051,0.00000
534F4C31,32253,297136283,25788,4095,4095,0,12.59180,0.00000
534F4C31,32253,297138121,26338,4095,4095,0,12.86035,0.00000
534F4C31,32253,297140152,26542,4095,4095,0,12.95996,0.00000
534F4C31,32253,297142124,26632,4095,4095,0,13.00391,0.00000
534F4C31,32254,297144077,26649,4095,4095,0,13.01221,0.00000
534F4C31,32255,297148617,26663,4095,4095,0,13.01904,0.00000
534F4C31,32256,297152313,26673,4095,4095,0,13.02393,0.00000
534F4C31,32257,297158019,26669,4095,4095,0,13.02197,0.00000
534F4C31,32257,297162709,26678,4095,4095,0,13.02637,0.00000
534F4C31,32257,297167048,26680,4095,4095,0,13.02734,0.00000
534F4C31,32257,297169887,26680,4095,4095,0,13.02734,0.00000
534F4C31,32257,297172850,26671,4095,4095,0,13.02295,0.00000
534F4C31,32258,297175136,26675,4095,4095,0,13.02490,0.00000
534F4C31,32258,297179980,26660,4095,4095,0,13.01758,0.00000
534F4C31,32258,297182597,26674,4095,4095,0,13.02441,0.00000
534F4C31,32258,297185186,26683,4095,4095,0,13.02881,0.00000
534F4C31,32258,297187969,26667,4095,4095,0,13.02100,0.00000
534F4C31,32259,297190278,26672,4095,4095,0,13.02344,0.00000
534F4C31,32259,297194972,26655,4095,4095,0,13.01514,0.00000
534F4C31,32259,297197203,26655,4095,4095,0,13.01514,0.00000
534F4C31,32260,297200166,26671,4095,4095,0,13.02295,0.00000
534F4C31,32261,297204694,26674,4095,4095,0,13.02441,0.00000
534F4C31,32262,297207864,26668,4095,4095,0,13.02148,0.00000
534F4C31,32263,297213768,26664,4095,4095,0,13.01953,0.00000
534F4C31,32263,297218389,26654,4095,4095,0,13.01465,0.00000
534F4C31,32263,297221873,26675,4095,4095,0,13.02490,0.00000
534F4C31,32264,297224629,26659,4095,4095,0,13.01709,0.00000
534F4C31,32264,297230122,26681,4095,4095,0,13.02783,0.00000
534F4C31,32264,297232302,26663,4095,4095,0,13.01904,0.00000
534F4C31,32264,297235539,26672,4095,4095,0,13.02344,0.00000
534F4C31,32264,297237819,26667,4095,4095,0,13.02100,0.00000
534F4C31,32264,297241292,26672,4095,4095,0,13.02344,0.00000
534F4C31,32264,297243211,26661,4095,4095,0,13.01807,0.00000
534F4C31,32264,297245189,26665,4095,4095,0,13.02002,0.00000
534F4C31,32264,297247283,26664,4095,4095,0,13.01953,0.00000
534F4C31,32264,297249352,26672,4095,4095,0,13.02344,0.00000
534F4C31,32265,297251417,26661,4095,4095,0,13.01807,0.00000
534F4C31,32266,297255496,26666,4095,4095,0,13.02051,0.00000
534F4C31,32267,297258761,26672,4095,4095,0,13.02344,0.00000
534F4C31,32268,297263602,26672,4095,4095,0,13.02344,0.00000
534F4C31,32268,297269145,26660,4095,4095,0,13.01758,0.00000
534F4C31,32268,297272068,26662,4095,4095,0,13.01855,0.00000
534F4C31,32269,297275840,26675,4095,4095,0,13.02490,0.00000
534F4C31,32269,297279507,26663,4095,4095,0,13.01904,0.00000
534F4C31,32269,297282514,26683,4095,4095,0,13.02881,0.00000
534F4C31,32269,297286342,26676,4095,4095,0,13.02539,0.00000
534F4C31,32269,297288706,26671,4095,4095,0,13.02295,0.00000
534F4C31,32269,297290848,26675,4095,4095,0,13.02490,0.00000
534F4C31,32269,297293801,26658,4095,4095,0,13.01660,0.00000
534F4C31,32269,297296069,26664,4095,4095,0,13.01953,0.00000
534F4C31,32269,297298122,26661,4095,4095,0,13.01807,0.00000
534F4C31,32269,297300191,26668,4095,4095,0,13.02148,0.00000
534F4C31,32269,297303209,26657,4095,4095,0,13.01611,0.00000
534F4C31,32269,297305507,26664,4095,4095,0,13.01953,0.00000
534F4C31,32270,297307716,26669,4095,4095,0,13.02197,0.00000
534F4C31,32271,297312376,26657,4095,4095,0,13.01611,0.00000
534F4C31,32272,297316062,26671,4095,4095,0,13.02295,0.00000
534F4C31,32273,297321040,26668,4095,4095,0,13.02148,0.00000
534F4C31,32273,297325972,26680,4095,4095,0,13.02734,0.00000
534F4C31,32273,297328665,26682,4095,4095,0,13.02832,0.00000
534F4C31,32273,297332995,26671,4095,4095,0,13.02295,0.00000
534F4C31,32274,297335197,26671,4095,4095,0,13.02295,0.00000
534F4C31,32274,297340175,26668,4095,4095,0,13.02148,0.00000
534F4C31,32274,297342867,26673,4095,4095,0,13.02393,0.00000
534F4C31,32274,297345562,26662,4095,4095,0,13.01855,0.00000
534F4C31,32274,297348227,26681,4095,4095,0,13.02783,0.00000
534F4C31,32275,297350678,26671,4095,4095,0,13.02295,0.00000
534F4C31,32275,297355003,26664,4095,4095,0,13.01953,0.00000
534F4C31,32275,297357192,26668,4095,4095,0,13.02148,0.00000
534F4C31,32276,297359277,26679,4095,4095,0,13.02686,0.00000
534F4C31,32276,297364476,26667,4095,4095,0,13.02100,0.00000
534F4C31,32276,297366744,26682,4095,4095,0,13.02832,0.00000
534F4C31,32276,297368682,26672,4095,4095,0,13.02344,0.00000
534F4C31,32276,297371701,26678,4095,4095,0,13.02637,0.00000
534F4C31,32276,297373955,26674,4095,4095,0,13.02441,0.00000
534F4C31,32276,297376007,26660,4095,4095,0,13.01758,0.00000
534F4C31,32276,297378121,26671,4095,4095,0,13.02295,0.00000
534F4C31,32276,297380233,26674,4095,4095,0,13.02441,0.00000
534F4C31,32276,297382339,26681,4095,4095,0,13.02783,0.00000
534F4C31,32277,297384427,26671,4095,4095,0,13.02295,0.00000
534F4C31,32278,297387371,26685,4095,4095,0,13.02979,0.00000
534F4C31,32279,297392416,26684,4095,4095,0,13.02930,0.00000
534F4C31,32280,297396494,26665,4095,4095,0,13.02002,0.00000
534F4C31,32281,297402100,26670,4095,4095,0,13.02246,0.00000
534F4C31,32281,297405736,26670,4095,4095,0,13.02246,0.00000
534F4C31,32281,297410340,26670,4095,4095,0,13.02246,0.00000
534F4C31,32281,297412539,26670,4095,4095,0,13.02246,0.00000
534F4C31,32281,297415282,26671,4095,4095,0,13.02295,0.00000
534F4C31,32282,297418368,26658,4095,4095,0,13.01660,0.00000
534F4C31,32283,297422697,26671,4095,4095,0,13.02295,0.00000
534F4C31,32284,297426958,26656,4095,4095,0,13.01562,0.00000
534F4C31,32284,297431008,26684,4095,4095,0,13.02930,0.00000
534F4C31,32284,297434591,26681,4095,4095,0,13.02783,0.00000
534F4C31,32284,297437745,26683,4095,4095,0,13.02881,0.00000
534F4C31,32284,297440313,26671,4095,4095,0,13.02295,0.00000
534F4C31,32284,297442960,26671,4095,4095,0,13.02295,0.00000
534F4C31,32284,297445298,26664,4095,4095,0,13.01953,0.00000
534F4C31,32285,297447358,26670,4095,4095,0,13.02246,0.00000
534F4C31,32286,297451439,26657,4095,4095,0,13.01611,0.00000
534F4C31,32286,297456298,26672,4095,4095,0,13.02344,0.00000
534F4C31,32286,297459639,26672,4095,4095,0,13.02344,0.00000
534F4C31,32286,297461850,26671,4095,4095,0,13.02295,0.00000
534F4C31,32286,297464011,26677,4095,4095,0,13.02588,0.00000
534F4C31,32286,297466951,26673,4095,4095,0,13.02393,0.00000
534F4C31,32286,297469349,26664,4095,4095,0,13.01953,0.00000
534F4C31,32286,297471446,26686,4095,4095,0,13.03027,0.00000
534F4C31,32286,297473462,26674,4095,4095,0,13.02441,0.00000
534F4C31,32286,297475627,26680,4095,4095,0,13.02734,0.00000
534F4C31,32286,297477690,26673,4095,4095,0,13.02393,0.00000
534F4C31,32286,297479841,26682,4095,4095,0,13.02832,0.00000
534F4C31,32287,297481916,26669,4095,4095,0,13.02197,0.00000
534F4C31,32288,297484817,26680,4095,4095,0,13.02734,0.00000
534F4C31,32289,297489190,26685,4095,4095,0,13.02979,0.00000
534F4C31,32290,297493544,26683,4095,4095,0,13.02881,0.00000
534F4C31,32290,297497157,26657,4095,4095,0,13.01611,0.00000
534F4C31,32290,297501695,26671,4095,4095,0,13.02295,0.00000
534F4C31,32291,297504537,26666,4095,4095,0,13.02051,0.00000
534F4C31,32292,297509430,26683,4095,4095,0,13.02881,0.00000
534F4C31,32293,297512909,26660,4095,4095,0,13.01758,0.00000
534F4C31,32293,297518031,26666,4095,4095,0,13.02051,0.00000
534F4C31,32293,297521550,26670,4095,4095,0,13.02246,0.00000
534F4C31,32293,297523659,26658,4095,4095,0,13.01660,0.00000
534F4C31,32293,297526598,26684,4095,4095,0,13.02930,0.00000
534F4C31,32293,297528669,26665,4095,4095,0,13.02002,0.00000
534F4C31,32293,297530669,26652,4095,4095,0,13.01367,0.00000
534F4C31,32293,297532779,26669,4095,4095,0,13.02197,0.00000
534F4C31,32293,297534814,26658,4095,4095,0,13.01660,0.00000
534F4C31,32293,297536927,26669,4095,4095,0,13.02197,0.00000
534F4C31,32293,297538901,26667,4095,4095,0,13.02100,0.00000
534F4C31,32293,297541067,26667,4095,4095,0,13.02100,0.00000
534F4C31,32294,297543468,26660,4095,4095,0,13.01758,0.00000
534F4C31,32295,297548086,26686,4095,4095,0,13.03027,0.00000
534F4C31,32296,297551867,26662,4095,4095,0,13.01855,0.00000
534F4C31,32297,297556254,26675,4095,4095,0,13.02490,0.00000
534F4C31,32297,297561962,26672,4095,4095,0,13.02344,0.00000
534F4C31,32297,297564171,26667,4095,4095,0,13.02100,0.00000
534F4C31,32297,297567005,26656,4095,4095,0,13.01562,0.00000
534F4C31,32297,297569202,26680,4095,4095,0,13.02734,0.00000
534F4C31,32297,297571255,26678,4095,4095,0,13.02637,0.00000
534F4C31,32297,297573249,26687,4095,4095,0,13.03076,0.00000
534F4C31,32297,297575394,26670,4095,4095,0,13.02246,0.00000
534F4C31,32298,297577491,26658,4095,4095,0,13.01660,0.00000
534F4C31,32299,297580895,26669,4095,4095,0,13.02197,0.00000
534F4C31,32300,297585249,26681,4095,4095,0,13.02783,0.00000
534F4C31,32301,297588603,26682,4095,4095,0,13.02832,0.00000
534F4C31,32302,297593929,26674,4095,4095,0,13.02441,0.00000
534F4C31,32303,297598554,26668,4095,4095,0,13.02148,0.00000
534F4C31,32303,297603343,26656,4095,4095,0,13.01562,0.00000
534F4C31,32303,297606611,26672,4095,4095,0,13.02344,0.00000
534F4C31,32303,297608753,26667,4095,4095,0,13.02100,0.00000
534F4C31,32303,297610830,26674,4095,4095,0,13.02441,0.00000
534F4C31,32303,297613996,26670,4095,4095,0,13.02246,0.00000
534F4C31,32303,297616094,26658,4095,4095,0,13.01660,0.00000
534F4C31,32303,297618211,26671,4095,4095,0,13.02295,0.00000
534F4C31,32303,297620350,26666,4095,4095,0,13.02051,0.00000
534F4C31,32304,297622506,26668,4095,4095,0,13.02148,0.00000
534F4C31,32304,297626298,26659,4095,4095,0,13.01709,0.00000
534F4C31,32304,297628932,26676,4095,4095,0,13.02539,0.00000
534F4C31,32305,297631473,26681,4095,4095,0,13.02783,0.00000
534F4C31,32305,297634765,26676,4095,4095,0,13.02539,0.00000
534F4C31,32305,297637084,26673,4095,4095,0,13.02393,0.00000
534F4C31,32306,297641560,26665,4095,4095,0,13.02002,0.00000
534F4C31,32307,297645153,26663,4095,4095,0,13.01904,0.00000
534F4C31,32307,297650163,26663,4095,4095,0,13.01904,0.00000
534F4C31,32307,297652402,26676,4095,4095,0,13.02539,0.00000
534F4C31,32307,297655198,26659,4095,4095,0,13.01709,0.00000
534F4C31,32307,297657794,26665,4095,4095,0,13.02002,0.00000
534F4C31,32307,297660071,26672,4095,4095,0,13.02344,0.00000
534F4C31,32307,297662141,26678,4095,4095,0,13.02637,0.00000
534F4C31,32307,297664159,26671,4095,4095,0,13.02295,0.00000
534F4C31,32307,297666188,26681,4095,4095,0,13.02783,0.00000
534F4C31,32307,297668316,26674,4095,4095,0,13.02441,0.00000
534F4C31,32307,297670438,26654,4095,4095,0,13.01465,0.00000
534F4C31,32307,297672450,26669,4095,4095,0,13.02197,0.00000
534F4C31,32307,297674598,26658,4095,4095,0,13.01660,0.00000
534F4C31,32308,297676758,26665,4095,4095,0,13.02002,0.00000
534F4C31,32309,297680568,26665,4095,4095,0,13.02002,0.00000
534F4C31,32310,297685164,26670,4095,4095,0,13.02246,0.00000
534F4C31,32311,297689055,26672,4095,4095,0,13.02344,0.00000
534F4C31,32312,297694953,26678,4095,4095,0,13.02637,0.00000
534F4C31,32312,297698554,26680,4095,4095,0,13.02734,0.00000
534F4C31,32312,297702867,26661,4095,4095,0,13.01807,0.00000
534F4C31,32312,297705590,26688,4095,4095,0,13.03125,0.00000
534F4C31,32312,297708302,26667,4095,4095,0,13.02100,0.00000
534F4C31,32313,297710634,26672,4095,4095,0,13.02344,0.00000
534F4C31,32313,297714431,26678,4095,4095,0,13.02637,0.00000
534F4C31,32313,297717181,26686,4095,4095,0,13.03027,0.00000
534F4C31,32313,297719912,26671,4095,4095,0,13.02295,0.00000
534F4C31,32313,297722330,26672,4095,4095,0,13.02344,0.00000
534F4C31,32313,297725235,26667,4095,4095,0,13.02100,0.00000
534F4C31,32313,297727305,26668,4095,4095,0,13.02148,0.00000
534F4C31,32313,297729377,26656,4095,4095,0,13.01562,0.00000
534F4C31,32313,297731414,26670,4095,4095,0,13.02246,0.00000
534F4C31,32313,297733527,26663,4095,4095,0,13.01904,0.00000
534F4C31,32314,297735698,26684,4095,4095,0,13.02930,0.00000
534F4C31,32314,297740212,26670,4095,4095,0,13.02246,0.00000
534F4C31,32314,297742465,26672,4095,4095,0,13.02344,0.00000
534F4C31,32315,297744593,26657,4095,4095,0,13.01611,0.00000
534F4C31,32315,297750470,26670,4095,4095,0,13.02246,0.00000
534F4C31,32315,297752755,26660,4095,4095,0,13.01758,0.00000
534F4C31,32315,297755758,26674,4095,4095,0,13.02441,0.00000
534F4C31,32315,297757957,26667,4095,4095,0,13.02100,0.00000
534F4C31,32315,297760071,26667,4095,4095,0,13.02100,0.00000
534F4C31,32316,297762151,26676,4095,4095,0,13.02539,0.00000
534F4C31,32317,297767127,26674,4095,4095,0,13.02441,0.00000
534F4C31,32318,297770615,26681,4095,4095,0,13.02783,0.00000
534F4C31,32319,297775096,26673,4095,4095,0,13.02393,0.00000
534F4C31,32319,297780484,26682,4095,4095,0,13.02832,0.00000
534F4C31,32319,297783475,26687,4095,4095,0,13.03076,0.00000
534F4C31,32320,297786315,26671,4095,4095,0,13.02295,0.00000
534F4C31,32321,297790867,26678,4095,4095,0,13.02637,0.00000
534F4C31,32321,297794444,26669,4095,4095,0,13.02197,0.00000
534F4C31,32321,297798066,26669,4095,4095,0,13.02197,0.00000
534F4C31,32321,297801806,26672,4095,4095,0,13.02344,0.00000
534F4C31,32321,297804789,26671,4095,4095,0,13.02295,0.00000
534F4C31,32321,297806890,26662,4095,4095,0,13.01855,0.00000
534F4C31,32321,297809034,26674,4095,4095,0,13.02441,0.00000
534F4C31,32322,297812136,26670,4095,4095,0,13.02246,0.00000
534F4C31,32322,297816823,26675,4095,4095,0,13.02490,0.00000
534F4C31,32322,297819099,26670,4095,4095,0,13.02246,0.00000
534F4C31,32322,297821197,26683,4095,4095,0,13.02881,0.00000
534F4C31,32322,297824147,26668,4095,4095,0,13.02148,0.00000
534F4C31,32322,297826505,26660,4095,4095,0,13.01758,0.00000
534F4C31,32322,297828526,26671,4095,4095,0,13.02295,0.00000
534F4C31,32322,297830597,26662,4095,4095,0,13.01855,0.00000
534F4C31,32323,297832626,26684,4095,4095,0,13.02930,0.00000
534F4C31,32324,297837034,26674,4095,4095,0,13.02441,0.00000
534F4C31,32325,297840663,26670,4095,4095,0,13.02246,0.00000
534F4C31,32326,297846713,26681,4095,4095,0,13.02783,0.00000
534F4C31,32326,297850504,26685,4095,4095,0,13.02979,0.00000
534F4C31,32326,297854337,26663,4095,4095,0,13.01904,0.00000
534F4C31,32326,297857631,26682,4095,4095,0,13.02832,0.00000
534F4C31,32326,297859858,26686,4095,4095,0,13.03027,0.00000
534F4C31,32327,297862036,26674,4095,4095,0,13.02441,0.00000
534F4C31,32328,297867361,26666,4095,4095,0,13.02051,0.00000
534F4C31,32329,297871149,26669,4095,4095,0,13.02197,0.00000
534F4C31,32329,297876841,26673,4095,4095,0,13.02393,0.00000
534F4C31,32329,297879899,26680,4095,4095,0,13.02734,0.00000
534F4C31,32330,297883344,26675,4095,4095,0,13.02490,0.00000
534F4C31,32330,297887930,26678,4095,4095,0,13.02637,0.00000
534F4C31,32330,297890484,26669,4095,4095,0,13.02197,0.00000
534F4C31,32331,297892543,26659,4095,4095,0,13.01709,0.00000
534F4C31,32332,297898124,26684,4095,4095,0,13.02930,0.00000
534F4C31,32332,297902988,26673,4095,4095,0,13.02393,0.00000
534F4C31,32332,297907492,26674,4095,4095,0,13.02441,0.00000
534F4C31,32332,297909613,26667,4095,4095,0,13.02100,0.00000
534F4C31,32332,297911713,26664,4095,4095,0,13.01953,0.00000
534F4C31,32333,297914581,26673,4095,4095,0,13.02393,0.00000
534F4C31,32333,297918784,26674,4095,4095,0,13.02441,0.00000
534F4C31,32333,297921104,26671,4095,4095,0,13.02295,0.00000
534F4C31,32334,297923156,26667,4095,4095,0,13.02100,0.00000
534F4C31,32334,297927319,26672,4095,4095,0,13.02344,0.00000
534F4C31,32334,297930226,26681,4095,4095,0,13.02783,0.00000
534F4C31,32334,297932226,26676,4095,4095,0,13.02539,0.00000
534F4C31,32334,297935606,26670,4095,4095,0,13.02246,0.00000
534F4C31,32334,297937819,26684,4095,4095,0,13.02930,0.00000
534F4C31,32334,297939804,26673,4095,4095,0,13.02393,0.00000
534F4C31,32334,297941960,26681,4095,4095,0,13.02783,0.00000
534F4C31,32334,297944084,26672,4095,4095,0,13.02344,0.00000
534F4C31,32334,297946197,26660,4095,4095,0,13.01758,0.00000
534F4C31,32334,297948248,26668,4095,4095,0,13.02148,0.00000
534F4C31,32334,297950281,26662,4095,4095,0,13.01855,0.00000
534F4C31,32335,297952739,26670,4095,4095,0,13.02246,0.00000
534F4C31,32336,297955696,26676,4095,4095,0,13.02539,0.00000
534F4C31,32337,297960374,26671,4095,4095,0,13.02295,0.00000
534F4C31,32338,297964790,26662,4095,4095,0,13.01855,0.00000
534F4C31,32338,297970386,26673,4095,4095,0,13.02393,0.00000
534F4C31,32338,297973463,26685,4095,4095,0,13.02979,0.00000
534F4C31,32338,297975702,26675,4095,4095,0,13.02490,0.00000
534F4C31,32338,297977811,26662,4095,4095,0,13.01855,0.00000
534F4C31,32339,297979835,26669,4095,4095,0,13.02197,0.00000
534F4C31,32340,297983667,26666,4095,4095,0,13.02051,0.00000
534F4C31,32341,297987211,26672,4095,4095,0,13.02344,0.00000
534F4C31,32341,297991439,26674,4095,4095,0,13.02441,0.00000
534F4C31,32341,297995746,26673,4095,4095,0,13.02393,0.00000
534F4C31,32341,297998762,26675,4095,4095,0,13.02490,0.00000
534F4C31,32342,298001944,26672,4095,4095,0,13.02344,0.00000
534F4C31,32342,298006324,26676,4095,4095,0,13.02539,0.00000
534F4C31,32342,298008468,26660,4095,4095,0,13.01758,0.00000
534F4C31,32342,298011340,26670,4095,4095,0,13.02246,0.00000
534F4C31,32342,298013780,26673,4095,4095,0,13.02393,0.00000
534F4C31,32342,298015867,26683,4095,4095,0,13.02881,0.00000
534F4C31,32342,298017971,26668,4095,4095,0,13.02148,0.00000
534F4C31,32343,298020120,26658,4095,4095,0,13.01660,0.00000
534F4C31,32343,298024448,26664,4095,4095,0,13.01953,0.00000
534F4C31,32343,298026720,26683,4095,4095,0,13.02881,0.00000
534F4C31,32343,298028624,26667,4095,4095,0,13.02100,0.00000
534F4C31,32343,298030766,26683,4095,4095,0,13.02881,0.00000
534F4C31,32343,298033750,26669,4095,4095,0,13.02197,0.00000
534F4C31,32343,298035849,26664,4095,4095,0,13.01953,0.00000
534F4C31,32343,298037960,26672,4095,4095,0,13.02344,0.00000
534F4C31,32344,298040089,26663,4095,4095,0,13.01904,0.00000
534F4C31,32345,298043835,26673,4095,4095,0,13.02393,0.00000
534F4C31,32346,298047616,26680,4095,4095,0,13.02734,0.00000
534F4C31,32347,298051221,26680,4095,4095,0,13.02734,0.00000
534F4C31,32348,298057248,26671,4095,4095,0,13.02295,0.00000
534F4C31,32348,298063190,26658,4095,4095,0,13.01660,0.00000
534F4C31,32348,298065555,26669,4095,4095,0,13.02197,0.00000
534F4C31,32348,298068508,26673,4095,4095,0,13.02393,0.00000
534F4C31,32348,298070803,26661,4095,4095,0,13.01807,0.00000
534F4C31,32349,298073049,26673,4095,4095,0,13.02393,0.00000
534F4C31,32350,298077696,26671,4095,4095,0,13.02295,0.00000
534F4C31,32350,298080817,26673,4095,4095,0,13.02393,0.00000
534F4C31,32350,298083431,26679,4095,4095,0,13.02686,0.00000
534F4C31,32351,298087513,26685,4095,4095,0,13.02979,0.00000
534F4C31,32351,298091490,26658,4095,4095,0,13.01660,0.00000
534F4C31,32351,298093729,26658,4095,4095,0,13.01660,0.00000
534F4C31,32352,298097028,26675,4095,4095,0,13.02490,0.00000
534F4C31,32353,298101396,26667,4095,4095,0,13.02100,0.00000
534F4C31,32353,298103853,26671,4095,4095,0,13.02295,0.00000
534F4C31,32353,298109449,26662,4095,4095,0,13.01855,0.00000
534F4C31,32354,298111642,26676,4095,4095,0,13.02539,0.00000
534F4C31,32354,298116410,26658,4095,4095,0,13.01660,0.00000
534F4C31,32354,298120638,26668,4095,4095,0,13.02148,0.00000
534F4C31,32354,298124393,26672,4095,4095,0,13.02344,0.00000
534F4C31,32354,298127475,26666,4095,4095,0,13.02051,0.00000
534F4C31,32354,298129615,26658,4095,4095,0,13.01660,0.00000
534F4C31,32354,298131743,26683,4095,4095,0,13.02881,0.00000
534F4C31,32354,298134546,26671,4095,4095,0,13.02295,0.00000
534F4C31,32354,298136712,26660,4095,4095,0,13.01758,0.00000
534F4C31,32354,298138795,26671,4095,4095,0,13.02295,0.00000
534F4C31,32354,298140956,26666,4095,4095,0,13.02051,0.00000
534F4C31,32354,298143007,26671,4095,4095,0,13.02295,0.00000
534F4C31,32354,298145065,26668,4095,4095,0,13.02148,0.00000
534F4C31,32355,298147049,26673,4095,4095,0,13.02393,0.00000
534F4C31,32356,298149878,26678,4095,4095,0,13.02637,0.00000
534F4C31,32357,298154343,26673,4095,4095,0,13.02393,0.00000
534F4C31,32358,298160867,26664,4095,4095,0,13.01953,0.00000
534F4C31,32358,298165784,26660,4095,4095,0,13.01758,0.00000
534F4C31,32358,298169925,26663,4095,4095,0,13.01904,0.00000
534F4C31,32358,298172479,26656,4095,4095,0,13.01562,0.00000
534F4C31,32358,298174532,26678,4095,4095,0,13.02637,0.00000
534F4C31,32359,298177332,26669,4095,4095,0,13.02197,0.00000
534F4C31,32359,298181106,26662,4095,4095,0,13.01855,0.00000
534F4C31,32359,298184513,26657,4095,4095,0,13.01611,0.00000
534F4C31,32359,298187309,26681,4095,4095,0,13.02783,0.00000
534F4C31,32359,298189665,26670,4095,4095,0,13.02246,0.00000
534F4C31,32359,298191762,26661,4095,4095,0,13.01807,0.00000
534F4C31,32359,298194449,26684,4095,4095,0,13.02930,0.00000
534F4C31,32359,298196794,26667,4095,4095,0,13.02100,0.00000
534F4C31,32360,298198842,26659,4095,4095,0,13.01709,0.00000
534F4C31,32361,298202367,26685,4095,4095,0,13.02979,0.00000
534F4C31,32362,298206972,26684,4095,4095,0,13.02930,0.00000
534F4C31,32363,298210547,26656,4095,4095,0,13.01562,0.00000
534F4C31,32364,298214842,26680,4095,4095,0,13.02734,0.00000
534F4C31,32364,298221121,26679,4095,4095,0,13.02686,0.00000
534F4C31,32365,298224057,26673,4095,4095,0,13.02393,0.00000
534F4C31,32366,298228661,26666,4095,4095,0,13.02051,0.00000
534F4C31,32366,298231960,26669,4095,4095,0,13.02197,0.00000
534F4C31,32366,298235332,26676,4095,4095,0,13.02539,0.00000
534F4C31,32366,298238938,26674,4095,4095,0,13.02441,0.00000
534F4C31,32366,298241708,26679,4095,4095,0,13.02686,0.00000
534F4C31,32366,298244150,26664,4095,4095,0,13.01953,0.00000
534F4C31,32366,298246156,26665,4095,4095,0,13.02002,0.00000
534F4C31,32366,298248207,26684,4095,4095,0,13.02930,0.00000
534F4C31,32366,298250188,26671,4095,4095,0,13.02295,0.00000
534F4C31,32366,298252128,26682,4095,4095,0,13.02832,0.00000
534F4C31,32366,298254073,26674,4095,4095,0,13.02441,0.00000
534F4C31,32367,298256152,26684,4095,4095,0,13.02930,0.00000
534F4C31,32368,298259918,26676,4095,4095,0,13.02539,0.00000
534F4C31,32368,298265989,26674,4095,4095,0,13.02441,0.00000
534F4C31,32369,298268955,26680,4095,4095,0,13.02734,0.00000
534F4C31,32370,298273947,26680,4095,4095,0,13.02734,0.00000
534F4C31,32370,298276745,26683,4095,4095,0,13.02881,0.00000
534F4C31,32370,298281700,26660,4095,4095,0,13.01758,0.00000
534F4C31,32371,298284516,26682,4095,4095,0,13.02832,0.00000
534F4C31,32372,298287788,26669,4095,4095,0,13.02197,0.00000
534F4C31,32373,298293176,26667,4095,4095,0,13.02100,0.00000
534F4C31,32373,298298161,26658,4095,4095,0,13.01660,0.00000
534F4C31,32373,298301438,26676,4095,4095,0,13.02539,0.00000
534F4C31,32373,298303683,26661,4095,4095,0,13.01807,0.00000
534F4C31,32373,298306326,26673,4095,4095,0,13.02393,0.00000
534F4C31,32373,298309146,26669,4095,4095,0,13.02197,0.00000
534F4C31,32373,298311290,26662,4095,4095,0,13.01855,0.00000
534F4C31,32373,298313313,26673,4095,4095,0,13.02393,0.00000
534F4C31,32373,298315364,26661,4095,4095,0,13.01807,0.00000
534F4C31,32373,298317527,26672,4095,4095,0,13.02344,0.00000
534F4C31,32373,298319455,26660,4095,4095,0,13.01758,0.00000
534F4C31,32373,298321586,26671,4095,4095,0,13.02295,0.00000
534F4C31,32373,298323733,26658,4095,4095,0,13.01660,0.00000
534F4C31,32373,298325780,26666,4095,4095,0,13.02051,0.00000
534F4C31,32373,298327831,26671,4095,4095,0,13.02295,0.00000
534F4C31,32374,298329934,26684,4095,4095,0,13.02930,0.00000
534F4C31,32375,298334304,26671,4095,4095,0,13.02295,0.00000
534F4C31,32376,298337999,26670,4095,4095,0,13.02246,0.00000
534F4C31,32376,298341240,26677,4095,4095,0,13.02588,0.00000
534F4C31,32376,298347017,26670,4095,4095,0,13.02246,0.00000
534F4C31,32376,298350045,26679,4095,4095,0,13.02686,0.00000
534F4C31,32376,298353100,26672,4095,4095,0,13.02344,0.00000
534F4C31,32377,298355454,26669,4095,4095,0,13.02197,0.00000
534F4C31,32378,298359306,26686,4095,4095,0,13.03027,0.00000
534F4C31,32379,298364407,26671,4095,4095,0,13.02295,0.00000
534F4C31,32379,298369322,26668,4095,4095,0,13.02148,0.00000
534F4C31,32379,298373536,26659,4095,4095,0,13.01709,0.00000
534F4C31,32379,298375627,26673,4095,4095,0,13.02393,0.00000
534F4C31,32379,298378518,26664,4095,4095,0,13.01953,0.00000
534F4C31,32379,298380708,26682,4095,4095,0,13.02832,0.00000
534F4C31,32379,298382782,26673,4095,4095,0,13.02393,0.00000
534F4C31,32379,298384864,26682,4095,4095,0,13.02832,0.00000
534F4C31,32379,298386932,26671,4095,4095,0,13.02295,0.00000
534F4C31,32379,298389022,26667,4095,4095,0,13.02100,0.00000
534F4C31,32379,298391081,26671,4095,4095,0,13.02295,0.00000
534F4C31,32379,298393192,26660,4095,4095,0,13.01758,0.00000
534F4C31,32380,298395273,26671,4095,4095,0,13.02295,0.00000
534F4C31,32381,298399699,26661,4095,4095,0,13.01807,0.00000
534F4C31,32382,298403730,26670,4095,4095,0,13.02246,0.00000
534F4C31,32383,298410144,26661,4095,4095,0,13.01807,0.00000
534F4C31,32383,298413935,26665,4095,4095,0,13.02002,0.00000
534F4C31,32383,298418156,26659,4095,4095,0,13.01709,0.00000
534F4C31,32383,298421247,26674,4095,4095,0,13.02441,0.00000
534F4C31,32383,298423358,26681,4095,4095,0,13.02783,0.00000
534F4C31,32383,298425449,26672,4095,4095,0,13.02344,0.00000
534F4C31,32383,298428417,26657,4095,4095,0,13.01611,0.00000
534F4C31,32383,298430596,26687,4095,4095,0,13.03076,0.00000
534F4C31,32383,298432764,26671,4095,4095,0,13.02295,0.00000
534F4C31,32383,298434842,26685,4095,4095,0,13.02979,0.00000
534F4C31,32383,298436924,26670,4095,4095,0,13.02246,0.00000
534F4C31,32384,298438971,26678,4095,4095,0,13.02637,0.00000
534F4C31,32385,298441876,26672,4095,4095,0,13.02344,0.00000
534F4C31,32386,298445607,26679,4095,4095,0,13.02686,0.00000
534F4C31,32387,298449999,26670,4095,4095,0,13.02246,0.00000
534F4C31,32388,298453673,26675,4095,4095,0,13.02490,0.00000
534F4C31,32389,298460103,26666,4095,4095,0,13.02051,0.00000
534F4C31,32389,298463131,26681,4095,4095,0,13.02783,0.00000
534F4C31,32390,298467625,26682,4095,4095,0,13.02832,0.00000
534F4C31,32390,298471688,26663,4095,4095,0,13.01904,0.00000
534F4C31,32390,298475131,26658,4095,4095,0,13.01660,0.00000
534F4C31,32390,298477736,26674,4095,4095,0,13.02441,0.00000
534F4C31,32391,298481457,26668,4095,4095,0,13.02148,0.00000
534F4C31,32391,298484727,26674,4095,4095,0,13.02441,0.00000
534F4C31,32391,298488828,26672,4095,4095,0,13.02344,0.00000
534F4C31,32392,298491615,26682,4095,4095,0,13.02832,0.00000
534F4C31,32393,298495642,26665,4095,4095,0,13.02002,0.00000
534F4C31,32393,298501306,26658,4095,4095,0,13.01660,0.00000
534F4C31,32393,298504379,26668,4095,4095,0,13.02148,0.00000
534F4C31,32394,298506647,26672,4095,4095,0,13.02344,0.00000
534F4C31,32395,298511162,26682,4095,4095,0,13.02832,0.00000
534F4C31,32395,298514524,26664,4095,4095,0,13.01953,0.00000
534F4C31,32395,298517424,26686,4095,4095,0,13.03027,0.00000
534F4C31,32396,298521191,26672,4095,4095,0,13.02344,0.00000
534F4C31,32397,298525948,26672,4095,4095,0,13.02344,0.00000
534F4C31,32397,298530503,26683,4095,4095,0,13.02881,0.00000
534F4C31,32397,298533970,26668,4095,4095,0,13.02148,0.00000
534F4C31,32397,298536867,26679,4095,4095,0,13.02686,0.00000
534F4C31,32397,298539085,26673,4095,4095,0,13.02393,0.00000
534F4C31,32397,298541176,26663,4095,4095,0,13.01904,0.00000
534F4C31,32397,298543344,26678,4095,4095,0,13.02637,0.00000
534F4C31,32397,298545366,26671,4095,4095,0,13.02295,0.00000
534F4C31,32397,298547413,26683,4095,4095,0,13.02881,0.00000
534F4C31,32397,298549505,26672,4095,4095,0,13.02344,0.00000
534F4C31,32397,298551511,26681,4095,4095,0,13.02783,0.00000
534F4C31,32397,298553696,26671,4095,4095,0,13.02295,0.00000
534F4C31,32398,298557031,26658,4095,4095,0,13.01660,0.00000
534F4C31,32399,298561364,26677,4095,4095,0,13.02588,0.00000
534F4C31,32399,298566776,26661,4095,4095,0,13.01807,0.00000
534F4C31,32399,298570504,26672,4095,4095,0,13.02344,0.00000
534F4C31,32400,298573694,26667,4095,4095,0,13.02100,0.00000
534F4C31,32400,298578438,26665,4095,4095,0,13.02002,0.00000
534F4C31,32400,298581233,26676,4095,4095,0,13.02539,0.00000
534F4C31,32400,298583281,26660,4095,4095,0,13.01758,0.00000
534F4C31,32400,298585454,26672,4095,4095,0,13.02344,0.00000
534F4C31,32401,298588458,26670,4095,4095,0,13.02246,0.00000
534F4C31,32402,298592901,26681,4095,4095,0,13.02783,0.00000
534F4C31,32403,298595959,26656,4095,4095,0,13.01562,0.00000
534F4C31,32403,298601982,26660,4095,4095,0,13.01758,0.00000
534F4C31,32403,298604281,26673,4095,4095,0,13.02393,0.00000
534F4C31,32404,298607215,27588,4095,4095,0,13.47070,0.00000
534F4C31,32404,298612671,28457,4095,4095,0,13.89502,0.00000
534F4C31,32404,298614827,28686,4095,4095,0,14.00684,0.00000
534F4C31,32404,298617918,28711,4095,4095,0,14.01904,0.00000
534F4C31,32404,298620232,28721,4095,4095,0,14.02393,0.00000
534F4C31,32404,298622273,28708,4095,4095,0,14.01758,0.00000
534F4C31,32404,298624147,28719,4095,4095,0,14.02295,0.00000
534F4C31,32404,298626170,28713,4095,4095,0,14.02002,0.00000
534F4C31,32405,298628348,28725,4095,4095,0,14.02588,0.00000
534F4C31,32406,298632293,28707,4095,4095,0,14.01709,0.00000
534F4C31,32406,298635490,28723,4095,4095,0,14.02490,0.00000
534F4C31,32406,298640534,28724,4095,4095,0,14.02539,0.00000
534F4C31,32407,298643411,28722,4095,4095,0,14.02441,0.00000
534F4C31,32407,298648368,28710,4095,4095,0,14.01855,0.00000
534F4C31,32407,298651176,28726,4095,4095,0,14.02637,0.00000
534F4C31,32408,298653317,28709,4095,4095,0,14.01807,0.00000
534F4C31,32408,298657214,28718,4095,4095,0,14.02246,0.00000
534F4C31,32408,298661446,28731,4095,4095,0,14.02881,0.00000
534F4C31,32409,298664419,28736,4095,4095,0,14.03125,0.00000
534F4C31,32409,298669798,28725,4095,4095,0,14.02588,0.00000
534F4C31,32409,298672148,28734,4095,4095,0,14.03027,0.00000
534F4C31,32409,298674867,28724,4095,4095,0,14.02539,0.00000
534F4C31,32409,298677134,28710,4095,4095,0,14.01855,0.00000
534F4C31,32409,298679312,28719,4095,4095,0,14.02295,0.00000
534F4C31,32409,298681356,28718,4095,4095,0,14.02246,0.00000
534F4C31,32409,298683484,28731,4095,4095,0,14.02881,0.00000
534F4C31,32410,298685556,28723,4095,4095,0,14.02490,0.00000
534F4C31,32411,298689245,28733,4095,4095,0,14.02979,0.00000
534F4C31,32412,298693301,28717,4095,4095,0,14.02197,0.00000
534F4C31,32412,298696806,28733,4095,4095,0,14.02979,0.00000
534F4C31,32412,298702702,28722,4095,4095,0,14.02441,0.00000
534F4C31,32412,298704951,28723,4095,4095,0,14.02490,0.00000
534F4C31,32412,298707042,28730,4095,4095,0,14.02832,0.00000
534F4C31,32413,298709929,28722,4095,4095,0,14.02441,0.00000
534F4C31,32413,298713969,28727,4095,4095,0,14.02686,0.00000
534F4C31,32413,298717206,28720,4095,4095,0,14.02344,0.00000
534F4C31,32413,298719317,28706,4095,4095,0,14.01660,0.00000
534F4C31,32413,298722411,28721,4095,4095,0,14.02393,0.00000
534F4C31,32413,298724785,28730,4095,4095,0,14.02832,0.00000
534F4C31,32413,298726847,28729,4095,4095,0,14.02783,0.00000
534F4C31,32413,298728928,28721,4095,4095,0,14.02393,0.00000
534F4C31,32413,298731068,28712,4095,4095,0,14.01953,0.00000
534F4C31,32413,298733239,28719,4095,4095,0,14.02295,0.00000
534F4C31,32413,298735274,28708,4095,4095,0,14.01758,0.00000
534F4C31,32413,298737360,28724,4095,4095,0,14.02539,0.00000
534F4C31,32414,298739373,28718,4095,4095,0,14.02246,0.00000
534F4C31,32415,298743907,28729,4095,4095,0,14.02783,0.00000
534F4C31,32416,298747299,28713,4095,4095,0,14.02002,0.00000
534F4C31,32417,298752740,28729,4095,4095,0,14.02783,0.00000
534F4C31,32417,298758354,28721,4095,4095,0,14.02393,0.00000
534F4C31,32418,298760555,28718,4095,4095,0,14.02246,0.00000
534F4C31,32419,298765501,28711,4095,4095,0,14.01904,0.00000
534F4C31,32419,298769521,28722,4095,4095,0,14.02441,0.00000
534F4C31,32419,298773697,28731,4095,4095,0,14.02881,0.00000
534F4C31,32420,298776036,28719,4095,4095,0,14.02295,0.00000
534F4C31,32420,298781434,28724,4095,4095,0,14.02539,0.00000
534F4C31,32420,298783698,28720,4095,4095,0,14.02344,0.00000
534F4C31,32420,298786226,28715,4095,4095,0,14.02100,0.00000
534F4C31,32420,298788680,28731,4095,4095,0,14.02881,0.00000
534F4C31,32420,298790987,28716,4095,4095,0,14.02148,0.00000
534F4C31,32420,298792982,28707,4095,4095,0,14.01709,0.00000
534F4C31,32420,298795004,28720,4095,4095,0,14.02344,0.00000
534F4C31,32420,298797130,28708,4095,4095,0,14.01758,0.00000
534F4C31,32420,298799217,28723,4095,4095,0,14.02490,0.00000
534F4C31,32420,298801336,28710,4095,4095,0,14.01855,0.00000
534F4C31,32421,298803368,28720,4095,4095,0,14.02344,0.00000
534F4C31,32422,298808003,28733,4095,4095,0,14.02979,0.00000
534F4C31,32423,298811749,28732,4095,4095,0,14.02930,0.00000
534F4C31,32424,298815471,28718,4095,4095,0,14.02246,0.00000
534F4C31,32425,298818760,28725,4095,4095,0,14.02588,0.00000
534F4C31,32426,298822555,28723,4095,4095,0,14.02490,0.00000
534F4C31,32427,298825830,28725,4095,4095,0,14.02588,0.00000
534F4C31,32428,298829200,28731,4095,4095,0,14.02881,0.00000
534F4C31,32429,298832542,28710,4095,4095,0,14.01855,0.00000
534F4C31,32430,298835898,28709,4095,4095,0,14.01807,0.00000
534F4C31,32431,298839367,28731,4095,4095,0,14.02881,0.00000
534F4C31,32432,298842648,28723,4095,4095,0,14.02490,0.00000
534F4C31,32433,298845892,28722,4095,4095,0,14.02441,0.00000
534F4C31,32434,298849271,28717,4095,4095,0,14.02197,0.00000
534F4C31,32435,298852095,28710,4095,4095,0,14.01855,0.00000
534F4C31,32436,298854940,28733,4095,4095,0,14.02979,0.00000
534F4C31,32437,298858392,28733,4095,4095,0,14.02979,0.00000
534F4C31,32438,298861997,28735,4095,4095,0,14.03076,0.00000
534F4C31,32439,298865279,28722,4095,4095,0,14.02441,0.00000
534F4C31,32440,298869362,28720,4095,4095,0,14.02344,0.00000
534F4C31,32441,298872831,28726,4095,4095,0,14.02637,0.00000
534F4C31,32442,298877184,28718,4095,4095,0,14.02246,0.00000
534F4C31,32443,298880008,28721,4095,4095,0,14.02393,0.00000
534F4C31,32444,298885122,28725,4095,4095,0,14.02588,0.00000
534F4C31,32445,298893629,28724,4095,4095,0,14.02539,0.00000
534F4C31,32445,298897159,28721,4095,4095,0,14.02393,0.00000
534F4C31,32445,298899283,28725,4095,4095,0,14.02588,0.00000
534F4C31,32445,298902091,28711,4095,4095,0,14.01904,0.00000
534F4C31,32445,298904869,28722,4095,4095,0,14.02441,0.00000
534F4C31,32445,298907079,28722,4095,4095,0,14.02441,0.00000
534F4C31,32445,298909153,28733,4095,4095,0,14.02979,0.00000
534F4C31,32445,298911177,28728,4095,4095,0,14.02734,0.00000
534F4C31,32445,298913342,28712,4095,4095,0,14.01953,0.00000
534F4C31,32446,298915423,28719,4095,4095,0,14.02295,0.00000
534F4C31,32447,298919647,28710,4095,4095,0,14.01855,0.00000
534F4C31,32447,298922979,28727,4095,4095,0,14.02686,0.00000
534F4C31,32448,298927100,28715,4095,4095,0,14.02100,0.00000
534F4C31,32449,298931415,28710,4095,4095,0,14.01855,0.00000
534F4C31,32450,298935772,28720,4095,4095,0,14.02344,0.00000
534F4C31,32451,298941083,28721,4095,4095,0,14.02393,0.00000
534F4C31,32451,298945244,28734,4095,4095,0,14.03027,0.00000
534F4C31,32451,298948317,28736,4095,4095,0,14.03125,0.00000
534F4C31,32452,298950443,28725,4095,4095,0,14.02588,0.00000
534F4C31,32452,298955649,28718,4095,4095,0,14.02246,0.00000
534F4C31,32452,298957804,28728,4095,4095,0,14.02734,0.00000
534F4C31,32452,298960760,28711,4095,4095,0,14.01904,0.00000
534F4C31,32452,298963029,28734,4095,4095,0,14.03027,0.00000
534F4C31,32452,298964873,28726,4095,4095,0,14.02637,0.00000
534F4C31,32452,298966735,28735,4095,4095,0,14.03076,0.00000
534F4C31,32452,298968819,28726,4095,4095,0,14.02637,0.00000
534F4C31,32453,298971007,28728,4095,4095,0,14.02734,0.00000
534F4C31,32454,298975384,28727,4095,4095,0,14.02686,0.00000
534F4C31,32454,298981608,28709,4095,4095,0,14.01807,0.00000
534F4C31,32454,298984691,28711,4095,4095,0,14.01904,0.00000
534F4C31,32454,298986918,28734,4095,4095,0,14.03027,0.00000
534F4C31,32454,298989652,28720,4095,4095,0,14.02344,0.00000
534F4C31,32454,298991869,28727,4095,4095,0,14.02686,0.00000
534F4C31,32454,298993996,28736,4095,4095,0,14.03125,0.00000
534F4C31,32454,298996034,28721,4095,4095,0,14.02393,0.00000
534F4C31,32454,298998084,28736,4095,4095,0,14.03125,0.00000
534F4C31,32455,299000108,28724,4095,4095,0,14.02539,0.00000
534F4C31,32455,299004105,28737,4095,4095,0,14.03174,0.00000
534F4C31,32455,299006406,28733,4095,4095,0,14.02979,0.00000
534F4C31,32455,299008333,28721,4095,4095,0,14.02393,0.00000
534F4C31,32455,299011007,28707,4095,4095,0,14.01709,0.00000
534F4C31,32455,299013506,28736,4095,4095,0,14.03125,0.00000
534F4C31,32455,299015613,28726,4095,4095,0,14.02637,0.00000
534F4C31,32455,299017715,28732,4095,4095,0,14.02930,0.00000
534F4C31,32455,299019932,28725,4095,4095,0,14.02588,0.00000
534F4C31,32456,299021867,28706,4095,4095,0,14.01660,0.00000
534F4C31,32457,299025994,28735,4095,4095,0,14.03076,0.00000
534F4C31,32457,299029336,28722,4095,4095,0,14.02441,0.00000
534F4C31,32457,299032284,28718,4095,4095,0,14.02246,0.00000
534F4C31,32457,299034366,28708,4095,4095,0,14.01758,0.00000
534F4C31,32457,299037096,28720,4095,4095,0,14.02344,0.00000
534F4C31,32457,299039161,28726,4095,4095,0,14.02637,0.00000
534F4C31,32457,299041153,28731,4095,4095,0,14.02881,0.00000
534F4C31,32457,299043220,28723,4095,4095,0,14.02490,0.00000
534F4C31,32457,299045357,28712,4095,4095,0,14.01953,0.00000
534F4C31,32457,299025994,28735,4095,4095,0,14.03076,0.00000
534F4C31,32457,299029336,28722,4095,4095,0,14.02441,0.00000
534F4C31,32457,299032284,28718,4095,4095,0,14.02246,0.00000
534F4C31,32457,299034366,28708,4095,4095,0,14.01758,0.00000
534F4C31,32457,299037096,28720,4095,4095,0,14.02344,0.00000
534F4C31,32457,299039161,28726,4095,4095,0,14.02637,0.00000
534F4C31,32457,299041153,28731,4095,4095,0,14.02881,0.00000
534F4C31,32457,299043220,28723,4095,4095,0,14.02490,0.00000
534F4C31,32457,299045357,28712,4095,4095,0,14.01953,0.00000
534F4C31,32458,299047463,28714,4095,4095,0,14.02051,0.00000
534F4C31,32457,299025994,28735,4095,4095,0,14.03076,0.00000
534F4C31,32457,299029336,28722,4095,4095,0,14.02441,0.00000
534F4C31,32457,299032284,28718,4095,4095,0,14.02246,0.00000
534F4C31,32457,299034366,28708,4095,4095,0,14.01758,0.00000
534F4C31,32457,299037096,28720,4095,4095,0,14.02344,0.00000
534F4C31,32457,299039161,28726,4095,4095,0,14.02637,0.00000
534F4C31,32457,299041153,28731,4095,4095,0,14.02881,0.00000
534F4C31,32457,299043220,28723,4095,4095,0,14.02490,0.00000
534F4C31,32457,299045357,28712,4095,4095,0,14.01953,0.00000
534F4C31,32457,299025994,28735,4095,4095,0,14.03076,0.00000
534F4C31,32457,299029336,28722,4095,4095,0,14.02441,0.00000
534F4C31,32457,299032284,28718,4095,4095,0,14.02246,0.00000
534F4C31,32457,299034366,28708,4095,4095,0,14.01758,0.00000
534F4C31,32457,299037096,28720,4095,4095,0,14.02344,0.00000
534F4C31,32457,299039161,28726,4095,4095,0,14.02637,0.00000
534F4C31,32457,299041153,28731,4095,4095,0,14.02881,0.00000
534F4C31,32457,299043220,28723,4095,4095,0,14.02490,0.00000
534F4C31,32457,299045357,28712,4095,4095,0,14.01953,0.00000
534F4C31,32457,299025994,28735,4095,4095,0,14.03076,0.00000
534F4C31,32457,299029336,28722,4095,4095,0,14.02441,0.00000
534F4C31,32457,299032284,28718,4095,4095,0,14.02246,0.00000
534F4C31,32457,299034366,28708,4095,4095,0,14.01758,0.00000
534F4C31,32457,299037096,28720,4095,4095,0,14.02344,0.00000
534F4C31,32457,299039161,28726,4095,4095,0,14.02637,0.00000
534F4C31,32457,299041153,28731,4095,4095,0,14.02881,0.00000
534F4C31,32457,299043220,28723,4095,4095,0,14.02490,0.00000
534F4C31,32457,299045357,28712,4095,4095,0,14.01953,0.00000
534F4C31,32457,299025994,28735,4095,4095,0,14.03076,0.00000
534F4C31,32457,299029336,28722,4095,4095,0,14.02441,0.00000
534F4C31,32457,299032284,28718,4095,4095,0,14.02246,0.00000
534F4C31,32457,299034366,28708,4095,4095,0,14.01758,0.00000
534F4C31,32457,299037096,28720,4095,4095,0,14.02344,0.00000
534F4C31,32457,299039161,28726,4095,4095,0,14.02637,0.00000
534F4C31,32457,299041153,28731,4095,4095,0,14.02881,0.00000
534F4C31,32457,299043220,28723,4095,4095,0,14.02490,0.00000
534F4C31,32457,299045357,28712,4095,4095,0,14.01953,0.00000
534F4C31,32457,299025994,28735,4095,4095,0,14.03076,0.00000
534F4C31,32457,299029336,28722,4095,4095,0,14.02441,0.00000
534F4C31,32457,299032284,28718,4095,4095,0,14.02246,0.00000
534F4C31,32457,299034366,28708,4095,4095,0,14.01758,0.00000
534F4C31,32457,299037096,28720,4095,4095,0,14.02344,0.00000
534F4C31,32457,299039161,28726,4095,4095,0,14.02637,0.00000
534F4C31,32457,299041153,28731,4095,4095,0,14.02881,0.00000
534F4C31,32457,299043220,28723,4095,4095,0,14.02490,0.00000
534F4C31,32457,299045357,28712,4095,4095,0,14.01953,0.00000
534F4C31,32457,299025994,28735,4095,4095,0,14.03076,0.00000
534F4C31,32457,299029336,28722,4095,4095,0,14.02441,0.00000
534F4C31,32457,299032284,28718,4095,4095,0,14.02246,0.00000
534F4C31,32457,299034366,28708,4095,4095,0,14.01758,0.00000
534F4C31,32457,299037096,28720,4095,4095,0,14.02344,0.00000
534F4C31,32457,299039161,28726,4095,4095,0,14.02637,0.00000
534F4C31,32457,299041153,28731,4095,4095,0,14.02881,0.00000
534F4C31,32457,299043220,28723,4095,4095,0,14.02490,0.00000
534F4C31,32457,299045357,28712,4095,4095,0,14.01953,0.00000
534F4C31,32459,299050810,28709,4095,4095,0,14.01807,0.00000
534F4C31,32459,299054418,28710,4095,4095,0,14.01855,0.00000
534F4C31,32459,299056559,28731,4095,4095,0,14.02881,0.00000
534F4C31,32460,299059983,28721,4095,4095,0,14.02393,0.00000
534F4C31,32460,299063224,28724,4095,4095,0,14.02539,0.00000
534F4C31,32460,299065326,28714,4095,4095,0,14.02051,0.00000
534F4C31,32460,299067401,28717,4095,4095,0,14.02197,0.00000
534F4C31,32460,299069591,28724,4095,4095,0,14.02539,0.00000
534F4C31,32460,299072303,28736,4095,4095,0,14.03125,0.00000
534F4C31,32460,299074544,28721,4095,4095,0,14.02393,0.00000
534F4C31,32460,299076723,28708,4095,4095,0,14.01758,0.00000
534F4C31,32460,299079102,28721,4095,4095,0,14.02393,0.00000
534F4C31,32460,299081167,28725,4095,4095,0,14.02588,0.00000
534F4C31,32460,299083160,28723,4095,4095,0,14.02490,0.00000
534F4C31,32460,299085266,28727,4095,4095,0,14.02686,0.00000
534F4C31,32460,299087412,28733,4095,4095,0,14.02979,0.00000
534F4C31,32460,299090402,28725,4095,4095,0,14.02588,0.00000
534F4C31,32460,299092955,28723,4095,4095,0,14.02490,0.00000
534F4C31,32460,299094957,28733,4095,4095,0,14.02979,0.00000
534F4C31,32460,299097222,28729,4095,4095,0,14.02783,0.00000
534F4C31,32460,299101035,28731,4095,4095,0,14.02881,0.00000
534F4C31,32460,299103224,28735,4095,4095,0,14.03076,0.00000
534F4C31,32460,299105377,28723,4095,4095,0,14.02490,0.00000
534F4C31,32461,299107612,28709,4095,4095,0,14.01807,0.00000
534F4C31,32461,299111300,28721,4095,4095,0,14.02393,0.00000
534F4C31,32461,299115009,28732,4095,4095,0,14.02930,0.00000
534F4C31,32462,299117156,28719,4095,4095,0,14.02295,0.00000
534F4C31,32463,299122702,28715,4095,4095,0,14.02100,0.00000
534F4C31,32464,299126183,28719,4095,4095,0,14.02295,0.00000
534F4C31,32464,299132358,28705,4095,4095,0,14.01611,0.00000
534F4C31,32464,299134457,28732,4095,4095,0,14.02930,0.00000
534F4C31,32465,299136501,28723,4095,4095,0,14.02490,0.00000
534F4C31,32466,299142843,28727,4095,4095,0,14.02686,0.00000
534F4C31,32467,299146340,28720,4095,4095,0,14.02344,0.00000
534F4C31,32467,299152203,28722,4095,4095,0,14.02441,0.00000
534F4C31,32467,299155406,28712,4095,4095,0,14.01953,0.00000
534F4C31,32468,299161865,28731,4095,4095,0,14.02881,0.00000
534F4C31,32468,299164818,28714,4095,4095,0,14.02051,0.00000
534F4C31,32468,299168194,28726,4095,4095,0,14.02637,0.00000
534F4C31,32468,299170351,28711,4095,4095,0,14.01904,0.00000
534F4C31,32468,299173214,28721,4095,4095,0,14.02393,0.00000
534F4C31,32468,299175374,28723,4095,4095,0,14.02490,0.00000
534F4C31,32468,299177413,28714,4095,4095,0,14.02051,0.00000
534F4C31,32468,299179591,28721,4095,4095,0,14.02393,0.00000
534F4C31,32468,299181811,28711,4095,4095,0,14.01904,0.00000
534F4C31,32468,299183953,28723,4095,4095,0,14.02490,0.00000
534F4C31,32468,299185966,28711,4095,4095,0,14.01904,0.00000
534F4C31,32468,299188080,28736,4095,4095,0,14.03125,0.00000
534F4C31,32468,299190246,28723,4095,4095,0,14.02490,0.00000
534F4C31,32468,299192307,28730,4095,4095,0,14.02832,0.00000
534F4C31,32468,299194351,28721,4095,4095,0,14.02393,0.00000
534F4C31,32468,299196441,28733,4095,4095,0,14.02979,0.00000
534F4C31,32468,299198494,28726,4095,4095,0,14.02637,0.00000
534F4C31,32468,299200582,28733,4095,4095,0,14.02979,0.00000
534F4C31,32468,299202614,28720,4095,4095,0,14.02344,0.00000
534F4C31,32468,299204632,28711,4095,4095,0,14.01904,0.00000
534F4C31,32468,299206629,28722,4095,4095,0,14.02441,0.00000
534F4C31,32468,299208697,28708,4095,4095,0,14.01758,0.00000
534F4C31,32468,299210753,28721,4095,4095,0,14.02393,0.00000
534F4C31,32468,299212902,28709,4095,4095,0,14.01807,0.00000
534F4C31,32469,299215046,28721,4095,4095,0,14.02393,0.00000
534F4C31,32470,299219315,28717,4095,4095,0,14.02197,0.00000
534F4C31,32470,299222988,28723,4095,4095,0,14.02490,0.00000
534F4C31,32471,299226552,28722,4095,4095,0,14.02441,0.00000
534F4C31,32472,299230084,28720,4095,4095,0,14.02344,0.00000
534F4C31,32473,299233893,28726,4095,4095,0,14.02637,0.00000
534F4C31,32474,299239605,28723,4095,4095,0,14.02490,0.00000
534F4C31,32475,299243735,28733,4095,4095,0,14.02979,0.00000
534F4C31,32475,299249380,28727,4095,4095,0,14.02686,0.00000
534F4C31,32475,299252181,28714,4095,4095,0,14.02051,0.00000
534F4C31,32475,299254199,28735,4095,4095,0,14.03076,0.00000
534F4C31,32475,299257210,28723,4095,4095,0,14.02490,0.00000
534F4C31,32476,299259605,28710,4095,4095,0,14.01855,0.00000
534F4C31,32476,299263884,28722,4095,4095,0,14.02441,0.00000
534F4C31,32476,299267720,28735,4095,4095,0,14.03076,0.00000
534F4C31,32476,299271735,28712,4095,4095,0,14.01953,0.00000
534F4C31,32476,299273849,28736,4095,4095,0,14.03125,0.00000
534F4C31,32476,299275910,28722,4095,4095,0,14.02441,0.00000
534F4C31,32477,299278600,28732,4095,4095,0,14.02930,0.00000
534F4C31,32478,299282997,28724,4095,4095,0,14.02539,0.00000
534F4C31,32479,299288237,28731,4095,4095,0,14.02881,0.00000
534F4C31,32479,299293536,28726,4095,4095,0,14.02637,0.00000
534F4C31,32480,299297930,28722,4095,4095,0,14.02441,0.00000
534F4C31,32481,299301967,28722,4095,4095,0,14.02441,0.00000
534F4C31,32482,299306222,28723,4095,4095,0,14.02490,0.00000
534F4C31,32482,299310675,28711,4095,4095,0,14.01904,0.00000
534F4C31,32482,299312664,28738,4095,4095,0,14.03223,0.00000
534F4C31,32482,299315446,28731,4095,4095,0,14.02881,0.00000
534F4C31,32482,299317532,28705,4095,4095,0,14.01611,0.00000
534F4C31,32482,299319520,28720,4095,4095,0,14.02344,0.00000
534F4C31,32482,299321517,28719,4095,4095,0,14.02295,0.00000
534F4C31,32482,299323644,28718,4095,4095,0,14.02246,0.00000
534F4C31,32482,299325732,28708,4095,4095,0,14.01758,0.00000
534F4C31,32482,299327752,28724,4095,4095,0,14.02539,0.00000
534F4C31,32482,299329794,28710,4095,4095,0,14.01855,0.00000
534F4C31,32482,299331914,28733,4095,4095,0,14.02979,0.00000
534F4C31,32482,299333962,28724,4095,4095,0,14.02539,0.00000
534F4C31,32482,299336084,28733,4095,4095,0,14.02979,0.00000
534F4C31,32482,299338197,28726,4095,4095,0,14.02637,0.00000
534F4C31,32483,299340491,28707,4095,4095,0,14.01709,0.00000
534F4C31,32484,299343646,28724,4095,4095,0,14.02539,0.00000
534F4C31,32484,299346846,28723,4095,4095,0,14.02490,0.00000
534F4C31,32484,299349734,28727,4095,4095,0,14.02686,0.00000
534F4C31,32485,299352575,28710,4095,4095,0,14.01855,0.00000
534F4C31,32486,299355411,28723,4095,4095,0,14.02490,0.00000
534F4C31,32487,299360687,28720,4095,4095,0,14.02344,0.00000
534F4C31,32487,299364265,28732,4095,4095,0,14.02930,0.00000
534F4C31,32487,299367171,28719,4095,4095,0,14.02295,0.00000
534F4C31,32487,299370000,28721,4095,4095,0,14.02393,0.00000
534F4C31,32487,299372097,28705,4095,4095,0,14.01611,0.00000
534F4C31,32487,299374187,28720,4095,4095,0,14.02344,0.00000
534F4C31,32487,299376205,28709,4095,4095,0,14.01807,0.00000
534F4C31,32487,299378279,28722,4095,4095,0,14.02441,0.00000
534F4C31,32487,299380299,28726,4095,4095,0,14.02637,0.00000
534F4C31,32487,299382431,28732,4095,4095,0,14.02930,0.00000
534F4C31,32488,299384535,28725,4095,4095,0,14.02588,0.00000
534F4C31,32488,299388124,28732,4095,4095,0,14.02930,0.00000
534F4C31,32488,299390544,28732,4095,4095,0,14.02930,0.00000
534F4C31,32489,299392558,28722,4095,4095,0,14.02441,0.00000
534F4C31,32489,299395548,28708,4095,4095,0,14.01758,0.00000
534F4C31,32489,299399808,28704,4095,4095,0,14.01562,0.00000
534F4C31,32490,299401923,28732,4095,4095,0,14.02930,0.00000
534F4C31,32490,299405928,28721,4095,4095,0,14.02393,0.00000
534F4C31,32490,299408235,28727,4095,4095,0,14.02686,0.00000
534F4C31,32490,299410209,28733,4095,4095,0,14.02979,0.00000
534F4C31,32490,299412879,28724,4095,4095,0,14.02539,0.00000
534F4C31,32490,299415031,28714,4095,4095,0,14.02051,0.00000
534F4C31,32490,299417146,28733,4095,4095,0,14.02979,0.00000
534F4C31,32491,299419253,28731,4095,4095,0,14.02881,0.00000
534F4C31,32492,299422433,28732,4095,4095,0,14.02930,0.00000
534F4C31,32493,299426019,28726,4095,4095,0,14.02637,0.00000
534F4C31,32494,299431217,28725,4095,4095,0,14.02588,0.00000
534F4C31,32495,299435198,28711,4095,4095,0,14.01904,0.00000
534F4C31,32496,299440297,28724,4095,4095,0,14.02539,0.00000
534F4C31,32496,299445273,28716,4095,4095,0,14.02148,0.00000
534F4C31,32496,299449952,28718,4095,4095,0,14.02246,0.00000
534F4C31,32497,299452970,28724,4095,4095,0,14.02539,0.00000
534F4C31,32498,299457740,28712,4095,4095,0,14.01953,0.00000
534F4C31,32499,299463980,28733,4095,4095,0,14.02979,0.00000
534F4C31,32500,299468511,28720,4095,4095,0,14.02344,0.00000
534F4C31,32501,299475354,28726,4095,4095,0,14.02637,0.00000
534F4C31,32502,299480611,28721,4095,4095,0,14.02393,0.00000
534F4C31,32502,299485698,28707,4095,4095,0,14.01709,0.00000
534F4C31,32502,299489377,28732,4095,4095,0,14.02930,0.00000
534F4C31,32503,299491790,28731,4095,4095,0,14.02881,0.00000
534F4C31,32503,299496239,28734,4095,4095,0,14.03027,0.00000
534F4C31,32503,299498414,28719,4095,4095,0,14.02295,0.00000
534F4C31,32503,299501189,28709,4095,4095,0,14.01807,0.00000
534F4C31,32503,299504167,28708,4095,4095,0,14.01758,0.00000
534F4C31,32503,299506238,28721,4095,4095,0,14.02393,0.00000
534F4C31,32503,299508253,28712,4095,4095,0,14.01953,0.00000
534F4C31,32503,299510324,28733,4095,4095,0,14.02979,0.00000
534F4C31,32503,299512412,28728,4095,4095,0,14.02734,0.00000
534F4C31,32504,299514514,28735,4095,4095,0,14.03076,0.00000
534F4C31,32505,299518794,28726,4095,4095,0,14.02637,0.00000
534F4C31,32505,299522473,28721,4095,4095,0,14.02393,0.00000
534F4C31,32505,299525391,28722,4095,4095,0,14.02441,0.00000
534F4C31,32506,299530019,28721,4095,4095,0,14.02393,0.00000
534F4C31,32506,299533370,28722,4095,4095,0,14.02441,0.00000
534F4C31,32506,299536225,28725,4095,4095,0,14.02588,0.00000
534F4C31,32507,299540169,28711,4095,4095,0,14.01904,0.00000
534F4C31,32507,299544526,28711,4095,4095,0,14.01904,0.00000
534F4C31,32507,299546632,28706,4095,4095,0,14.01660,0.00000
534F4C31,32507,299548740,28720,4095,4095,0,14.02344,0.00000
534F4C31,32507,299553061,28721,4095,4095,0,14.02393,0.00000
534F4C31,32507,299555220,28727,4095,4095,0,14.02686,0.00000
534F4C31,32507,299557331,28727,4095,4095,0,14.02686,0.00000
534F4C31,32507,299560022,28728,4095,4095,0,14.02734,0.00000
534F4C31,32507,299562332,28707,4095,4095,0,14.01709,0.00000
534F4C31,32507,299564391,28726,4095,4095,0,14.02637,0.00000
534F4C31,32507,299566495,28712,4095,4095,0,14.01953,0.00000
534F4C31,32507,299568512,28722,4095,4095,0,14.02441,0.00000
534F4C31,32507,299570520,28708,4095,4095,0,14.01758,0.00000
534F4C31,32507,299572503,28718,4095,4095,0,14.02246,0.00000
534F4C31,32507,299574581,28724,4095,4095,0,14.02539,0.00000
534F4C31,32507,299576637,28733,4095,4095,0,14.02979,0.00000
534F4C31,32507,299578653,28723,4095,4095,0,14.02490,0.00000
534F4C31,32507,299580739,28731,4095,4095,0,14.02881,0.00000
534F4C31,32507,299582739,28725,4095,4095,0,14.02588,0.00000
534F4C31,32507,299584768,28733,4095,4095,0,14.02979,0.00000
534F4C31,32507,299586845,28729,4095,4095,0,14.02783,0.00000
534F4C31,32507,299588956,28734,4095,4095,0,14.03027,0.00000
534F4C31,32508,299591351,28720,4095,4095,0,14.02344,0.00000
534F4C31,32509,299595742,28707,4095,4095,0,14.01709,0.00000
534F4C31,32509,299599375,28719,4095,4095,0,14.02295,0.00000
534F4C31,32509,299601579,28710,4095,4095,0,14.01855,0.00000
534F4C31,32509,299605656,28730,4095,4095,0,14.02832,0.00000
534F4C31,32509,299608297,28731,4095,4095,0,14.02881,0.00000
534F4C31,32509,299611260,28723,4095,4095,0,14.02490,0.00000
534F4C31,32509,299614284,28719,4095,4095,0,14.02295,0.00000
534F4C31,32509,299616389,28710,4095,4095,0,14.01855,0.00000
534F4C31,32509,299618484,28722,4095,4095,0,14.02441,0.00000
534F4C31,32509,299620470,28710,4095,4095,0,14.01855,0.00000
534F4C31,32509,299623403,28735,4095,4095,0,14.03076,0.00000
534F4C31,32509,299625484,28724,4095,4095,0,14.02539,0.00000
534F4C31,32509,299627598,28731,4095,4095,0,14.02881,0.00000
534F4C31,32510,299629712,28721,4095,4095,0,14.02393,0.00000
534F4C31,32511,299632958,28706,4095,4095,0,14.01660,0.00000
534F4C31,32511,299636381,28734,4095,4095,0,14.03027,0.00000
534F4C31,32511,299638667,28731,4095,4095,0,14.02881,0.00000
534F4C31,32512,299641496,28727,4095,4095,0,14.02686,0.00000
534F4C31,32512,299644338,28710,4095,4095,0,14.01855,0.00000
534F4C31,32512,299646522,28731,4095,4095,0,14.02881,0.00000
534F4C31,32513,299649712,28722,4095,4095,0,14.02441,0.00000
534F4C31,32514,299652822,28709,4095,4095,0,14.01807,0.00000
534F4C31,32515,299658023,28712,4095,4095,0,14.01953,0.00000
534F4C31,32515,299661123,28724,4095,4095,0,14.02539,0.00000
534F4C31,32515,299664275,28709,4095,4095,0,14.01807,0.00000
534F4C31,32515,299666979,28730,4095,4095,0,14.02832,0.00000
534F4C31,32515,299669076,28727,4095,4095,0,14.02686,0.00000
534F4C31,32515,299671015,28718,4095,4095,0,14.02246,0.00000
534F4C31,32515,299672867,28721,4095,4095,0,14.02393,0.00000
534F4C31,32515,299674803,28708,4095,4095,0,14.01758,0.00000
534F4C31,32515,299676829,28720,4095,4095,0,14.02344,0.00000
534F4C31,32515,299678849,28706,4095,4095,0,14.01660,0.00000
534F4C31,32515,299681017,28720,4095,4095,0,14.02344,0.00000
534F4C31,32515,299683137,28715,4095,4095,0,14.02100,0.00000
534F4C31,32515,299685047,28731,4095,4095,0,14.02881,0.00000
534F4C31,32515,299686998,28704,4095,4095,0,14.01562,0.00000
534F4C31,32515,299689064,28736,4095,4095,0,14.03125,0.00000
534F4C31,32516,299691235,28728,4095,4095,0,14.02734,0.00000
534F4C31,32517,299693660,28735,4095,4095,0,14.03076,0.00000
534F4C31,32518,299698435,28731,4095,4095,0,14.02881,0.00000
534F4C31,32519,299701905,28741,4095,4095,0,14.03369,0.00000
534F4C31,32520,299707404,28707,4095,4095,0,14.01709,0.00000
534F4C31,32521,299711179,28726,4095,4095,0,14.02637,0.00000
534F4C31,32522,299715196,28709,4095,4095,0,14.01807,0.00000
534F4C31,32523,299719941,28727,4095,4095,0,14.02686,0.00000
534F4C31,32524,299722550,28724,4095,4095,0,14.02539,0.00000
534F4C31,32525,299727447,28708,4095,4095,0,14.01758,0.00000
534F4C31,32526,299731767,28723,4095,4095,0,14.02490,0.00000
534F4C31,32527,299737816,28721,4095,4095,0,14.02393,0.00000
534F4C31,32527,299740064,28736,4095,4095,0,14.03125,0.00000
534F4C31,32527,299745899,28733,4095,4095,0,14.02979,0.00000
534F4C31,32528,299751741,28740,4095,4095,0,14.03320,0.00000
534F4C31,32529,299755735,28724,4095,4095,0,14.02539,0.00000
534F4C31,32529,299762494,28735,4095,4095,0,14.03076,0.00000
534F4C31,32529,299764842,28721,4095,4095,0,14.02393,0.00000
534F4C31,32529,299767863,28706,4095,4095,0,14.01660,0.00000
534F4C31,32529,299769982,28721,4095,4095,0,14.02393,0.00000
534F4C31,32529,299772019,28709,4095,4095,0,14.01807,0.00000
534F4C31,32529,299774122,28721,4095,4095,0,14.02393,0.00000
534F4C31,32529,299776231,28712,4095,4095,0,14.01953,0.00000
534F4C31,32529,299778250,28721,4095,4095,0,14.02393,0.00000
534F4C31,32529,299780267,28709,4095,4095,0,14.01807,0.00000
534F4C31,32529,299782244,28717,4095,4095,0,14.02197,0.00000
534F4C31,32529,299784275,28726,4095,4095,0,14.02637,0.00000
534F4C31,32529,299786327,28735,4095,4095,0,14.03076,0.00000
534F4C31,32529,299788514,28724,4095,4095,0,14.02539,0.00000
534F4C31,32530,299790709,28733,4095,4095,0,14.02979,0.00000
534F4C31,32530,299794498,28720,4095,4095,0,14.02344,0.00000
534F4C31,32530,299797229,28724,4095,4095,0,14.02539,0.00000
534F4C31,32530,299799821,28715,4095,4095,0,14.02100,0.00000
534F4C31,32531,299802997,28735,4095,4095,0,14.03076,0.00000
534F4C31,32531,299807743,28734,4095,4095,0,14.03027,0.00000
534F4C31,32531,299810399,28733,4095,4095,0,14.02979,0.00000
534F4C31,32531,299812950,28722,4095,4095,0,14.02441,0.00000
534F4C31,32531,299815953,28715,4095,4095,0,14.02100,0.00000
534F4C31,32532,299818247,28710,4095,4095,0,14.01855,0.00000
534F4C31,32533,299822298,28720,4095,4095,0,14.02344,0.00000
534F4C31,32533,299824816,28722,4095,4095,0,14.02441,0.00000
534F4C31,32533,299829088,28721,4095,4095,0,14.02393,0.00000
534F4C31,32534,299834018,28719,4095,4095,0,14.02295,0.00000
534F4C31,32535,299837472,28723,4095,4095,0,14.02490,0.00000
534F4C31,32535,299841288,28715,4095,4095,0,14.02100,0.00000
534F4C31,32535,299844908,28719,4095,4095,0,14.02295,0.00000
534F4C31,32535,299847065,28723,4095,4095,0,14.02490,0.00000
534F4C31,32535,299850016,28733,4095,4095,0,14.02979,0.00000
534F4C31,32535,299852406,28732,4095,4095,0,14.02930,0.00000
534F4C31,32535,299854470,28723,4095,4095,0,14.02490,0.00000
534F4C31,32536,299856551,28736,4095,4095,0,14.03125,0.00000
534F4C31,32537,299860838,28727,4095,4095,0,14.02686,0.00000
534F4C31,32538,299864412,28725,4095,4095,0,14.02588,0.00000
534F4C31,32538,299870217,28722,4095,4095,0,14.02441,0.00000
534F4C31,32538,299872379,28735,4095,4095,0,14.03076,0.00000
534F4C31,32538,299875539,28722,4095,4095,0,14.02441,0.00000
534F4C31,32538,299877737,28722,4095,4095,0,14.02441,0.00000
534F4C31,32538,299879807,28732,4095,4095,0,14.02930,0.00000
534F4C31,32538,299881963,28722,4095,4095,0,14.02441,0.00000
534F4C31,32538,299884003,28730,4095,4095,0,14.02832,0.00000
534F4C31,32538,299886088,28721,4095,4095,0,14.02393,0.00000
534F4C31,32539,299888174,28708,4095,4095,0,14.01758,0.00000
534F4C31,32539,299891046,28726,4095,4095,0,14.02637,0.00000
534F4C31,32539,299893650,28725,4095,4095,0,14.02588,0.00000
534F4C31,32539,299895658,28733,4095,4095,0,14.02979,0.00000
534F4C31,32539,299898033,28726,4095,4095,0,14.02637,0.00000
534F4C31,32539,299900830,28711,4095,4095,0,14.01904,0.00000
534F4C31,32539,299902912,28733,4095,4095,0,14.02979,0.00000
534F4C31,32539,299904933,28727,4095,4095,0,14.02686,0.00000
534F4C31,32539,299907055,28733,4095,4095,0,14.02979,0.00000
534F4C31,32539,299909285,28722,4095,4095,0,14.02441,0.00000
534F4C31,32539,299911365,28735,4095,4095,0,14.03076,0.00000
534F4C31,32539,299913425,28729,4095,4095,0,14.02783,0.00000
534F4C31,32539,299915483,28709,4095,4095,0,14.01807,0.00000
534F4C31,32539,299917556,28722,4095,4095,0,14.02441,0.00000
534F4C31,32539,299919599,28710,4095,4095,0,14.01855,0.00000
534F4C31,32539,299921657,28720,4095,4095,0,14.02344,0.00000
534F4C31,32539,299923711,28708,4095,4095,0,14.01758,0.00000
534F4C31,32539,299925754,28720,4095,4095,0,14.02344,0.00000
534F4C31,32539,299927872,28718,4095,4095,0,14.02246,0.00000
534F4C31,32539,299930023,28730,4095,4095,0,14.02832,0.00000
534F4C31,32539,299932126,28724,4095,4095,0,14.02539,0.00000
534F4C31,32540,299934193,28735,4095,4095,0,14.03076,0.00000
534F4C31,32541,299937007,28729,4095,4095,0,14.02783,0.00000
534F4C31,32542,299940627,28712,4095,4095,0,14.01953,0.00000
534F4C31,32543,299945006,28709,4095,4095,0,14.01807,0.00000
534F4C31,32544,299948522,28728,4095,4095,0,14.02734,0.00000
534F4C31,32545,299952462,28719,4095,4095,0,14.02295,0.00000
534F4C31,32546,299956291,28721,4095,4095,0,14.02393,0.00000
534F4C31,32547,299960529,28725,4095,4095,0,14.02588,0.00000
534F4C31,32548,299965514,28718,4095,4095,0,14.02246,0.00000
534F4C31,32549,299968994,28721,4095,4095,0,14.02393,0.00000
534F4C31,32550,299972965,28734,4095,4095,0,14.03027,0.00000
534F4C31,32551,299977310,28732,4095,4095,0,14.02930,0.00000
534F4C31,32552,299980404,28732,4095,4095,0,14.02930,0.00000
534F4C31,32553,299985450,28735,4095,4095,0,14.03076,0.00000
534F4C31,32554,299989643,28713,4095,4095,0,14.02002,0.00000
534F4C31,32555,299994327,28716,4095,4095,0,14.02148,0.00000
534F4C31,32556,300000334,28723,4095,4095,0,14.02490,0.00000
534F4C31,32557,300004972,28708,4095,4095,0,14.01758,0.00000
534F4C31,32557,300008717,28726,4095,4095,0,14.02637,0.00000
534F4C31,32558,300013177,28722,4095,4095,0,14.02441,0.00000
534F4C31,32559,300016082,28740,4095,4095,0,14.03320,0.00000
534F4C31,32559,300024547,28719,4095,4095,0,14.02295,0.00000
534F4C31,32559,300028143,28734,4095,4095,0,14.03027,0.00000
534F4C31,32559,300030291,28724,4095,4095,0,14.02539,0.00000
534F4C31,32560,300033375,28716,4095,4095,0,14.02148,0.00000
534F4C31,32560,300037859,28723,4095,4095,0,14.02490,0.00000
534F4C31,32560,300040037,28712,4095,4095,0,14.01953,0.00000
534F4C31,32560,300042956,28721,4095,4095,0,14.02393,0.00000
534F4C31,32560,300045308,28722,4095,4095,0,14.02441,0.00000
534F4C31,32560,300047192,28710,4095,4095,0,14.01855,0.00000
534F4C31,32560,300049210,28727,4095,4095,0,14.02686,0.00000
534F4C31,32560,300051295,28710,4095,4095,0,14.01855,0.00000
534F4C31,32560,300053314,28725,4095,4095,0,14.02588,0.00000
534F4C31,32560,300055420,28711,4095,4095,0,14.01904,0.00000
534F4C31,32560,300058699,28732,4095,4095,0,14.02930,0.00000
534F4C31,32560,300060813,28728,4095,4095,0,14.02734,0.00000
534F4C31,32560,300062755,28733,4095,4095,0,14.02979,0.00000
534F4C31,32560,300065507,28726,4095,4095,0,14.02637,0.00000
534F4C31,32560,300067731,28715,4095,4095,0,14.02100,0.00000
534F4C31,32560,300069809,28733,4095,4095,0,14.02979,0.00000
534F4C31,32560,300071854,28723,4095,4095,0,14.02490,0.00000
534F4C31,32560,300073861,28735,4095,4095,0,14.03076,0.00000
534F4C31,32560,300075927,28728,4095,4095,0,14.02734,0.00000
534F4C31,32560,300077947,28736,4095,4095,0,14.03125,0.00000
534F4C31,32560,300080056,28720,4095,4095,0,14.02344,0.00000
534F4C31,32561,300082310,28706,4095,4095,0,14.01660,0.00000
534F4C31,32561,300086661,28718,4095,4095,0,14.02246,0.00000
534F4C31,32561,300089229,28733,4095,4095,0,14.02979,0.00000
534F4C31,32561,300092200,28726,4095,4095,0,14.02637,0.00000
534F4C31,32561,300094361,28708,4095,4095,0,14.01758,0.00000
534F4C31,32561,300096384,28720,4095,4095,0,14.02344,0.00000
534F4C31,32561,300098453,28710,4095,4095,0,14.01855,0.00000
534F4C31,32562,300101683,28732,4095,4095,0,14.02930,0.00000
534F4C31,32563,300105724,28721,4095,4095,0,14.02393,0.00000
534F4C31,32563,300110286,28736,4095,4095,0,14.03125,0.00000
534F4C31,32563,300112505,28735,4095,4095,0,14.03076,0.00000
534F4C31,32563,300114446,28724,4095,4095,0,14.02539,0.00000
534F4C31,32563,300119085,28713,4095,4095,0,14.02002,0.00000
534F4C31,32564,300121299,28712,4095,4095,0,14.01953,0.00000
534F4C31,32564,300125787,28720,4095,4095,0,14.02344,0.00000
534F4C31,32564,300129365,28733,4095,4095,0,14.02979,0.00000
534F4C31,32564,300131414,28722,4095,4095,0,14.02441,0.00000
534F4C31,32564,300134421,28707,4095,4095,0,14.01709,0.00000
534F4C31,32564,300136841,28713,4095,4095,0,14.02002,0.00000
534F4C31,32564,300138917,28727,4095,4095,0,14.02686,0.00000
534F4C31,32564,300140915,28714,4095,4095,0,14.02051,0.00000
534F4C31,32564,300142980,28719,4095,4095,0,14.02295,0.00000
534F4C31,32564,300145022,28712,4095,4095,0,14.01953,0.00000
534F4C31,32564,300147162,28722,4095,4095,0,14.02441,0.00000
534F4C31,32564,300149272,28719,4095,4095,0,14.02295,0.00000
534F4C31,32564,300151339,28727,4095,4095,0,14.02686,0.00000
534F4C31,32564,300153362,28727,4095,4095,0,14.02686,0.00000
534F4C31,32564,300155398,28734,4095,4095,0,14.03027,0.00000
534F4C31,32564,300157441,28723,4095,4095,0,14.02490,0.00000
534F4C31,32564,300159543,28729,4095,4095,0,14.02783,0.00000
534F4C31,32564,300161611,28722,4095,4095,0,14.02441,0.00000
534F4C31,32565,300163743,28708,4095,4095,0,14.01758,0.00000
534F4C31,32565,300167765,28724,4095,4095,0,14.02539,0.00000
534F4C31,32565,300170075,28720,4095,4095,0,14.02344,0.00000
534F4C31,32565,300172084,28710,4095,4095,0,14.01855,0.00000
534F4C31,32565,300175615,28736,4095,4095,0,14.03125,0.00000
534F4C31,32565,300177985,28719,4095,4095,0,14.02295,0.00000
534F4C31,32565,300180008,28708,4095,4095,0,14.01758,0.00000
534F4C31,32565,300182104,28721,4095,4095,0,14.02393,0.00000
534F4C31,32565,300184139,28715,4095,4095,0,14.02100,0.00000
534F4C31,32565,300186326,28728,4095,4095,0,14.02734,0.00000
534F4C31,32566,300188472,28726,4095,4095,0,14.02637,0.00000
534F4C31,32566,300191788,28734,4095,4095,0,14.03027,0.00000
534F4C31,32566,300194799,28738,4095,4095,0,14.03223,0.00000
534F4C31,32566,300196794,28720,4095,4095,0,14.02344,0.00000
534F4C31,32566,300199858,28711,4095,4095,0,14.01904,0.00000
534F4C31,32566,300202060,28737,4095,4095,0,14.03174,0.00000
534F4C31,32566,300204030,28725,4095,4095,0,14.02588,0.00000
534F4C31,32566,300206655,28711,4095,4095,0,14.01904,0.00000
534F4C31,32567,300208895,28716,4095,4095,0,14.02148,0.00000
534F4C31,32567,300213104,28708,4095,4095,0,14.01758,0.00000
534F4C31,32567,300215373,28724,4095,4095,0,14.02539,0.00000
534F4C31,32568,300218588,28731,4095,4095,0,14.02881,0.00000
534F4C31,32568,300222774,28724,4095,4095,0,14.02539,0.00000
534F4C31,32568,300225391,29614,4095,4095,0,14.45996,0.00000
534F4C31,32568,300228022,30314,4095,4095,0,14.80176,0.00000
534F4C31,32569,300230489,30651,4095,4095,0,14.96631,0.00000
534F4C31,32570,300234541,30758,4095,4095,0,15.01855,0.00000
534F4C31,32571,300238712,30757,4095,4095,0,15.01807,0.00000
534F4C31,32571,300242667,30789,4095,4095,0,15.03369,0.00000
534F4C31,32571,300246686,30786,4095,4095,0,15.03223,0.00000
534F4C31,32571,300249498,30783,4095,4095,0,15.03076,0.00000
534F4C31,32571,300251834,30770,4095,4095,0,15.02441,0.00000
534F4C31,32571,300253884,30761,4095,4095,0,15.02002,0.00000
534F4C31,32571,300255953,30770,4095,4095,0,15.02441,0.00000
534F4C31,32571,300258012,30780,4095,4095,0,15.02930,0.00000
534F4C31,32572,300260202,30787,4095,4095,0,15.03271,0.00000
534F4C31,32573,300264459,30784,4095,4095,0,15.03125,0.00000
534F4C31,32574,300267884,30787,4095,4095,0,15.03271,0.00000
534F4C31,32575,300273829,30762,4095,4095,0,15.02051,0.00000
534F4C31,32575,300277028,30784,4095,4095,0,15.03125,0.00000
534F4C31,32575,300279417,30783,4095,4095,0,15.03076,0.00000
534F4C31,32576,300284254,30769,4095,4095,0,15.02393,0.00000
534F4C31,32576,300287993,30773,4095,4095,0,15.02588,0.00000
534F4C31,32577,300292128,30774,4095,4095,0,15.02637,0.00000
534F4C31,32577,300296153,30781,4095,4095,0,15.02979,0.00000
534F4C31,32577,300300845,30785,4095,4095,0,15.03174,0.00000
534F4C31,32577,300303780,30783,4095,4095,0,15.03076,0.00000
534F4C31,32578,300305900,30772,4095,4095,0,15.02539,0.00000
534F4C31,32578,300312618,30770,4095,4095,0,15.02441,0.00000
534F4C31,32578,300315418,30780,4095,4095,0,15.02930,0.00000
534F4C31,32578,300317620,30773,4095,4095,0,15.02588,0.00000
534F4C31,32578,300320339,30759,4095,4095,0,15.01904,0.00000
534F4C31,32579,300322716,30787,4095,4095,0,15.03271,0.00000
534F4C31,32579,300327158,30782,4095,4095,0,15.03027,0.00000
534F4C31,32579,300329360,30778,4095,4095,0,15.02832,0.00000
534F4C31,32580,300332649,30764,4095,4095,0,15.02148,0.00000
534F4C31,32580,300337203,30763,4095,4095,0,15.02100,0.00000
534F4C31,32580,300339464,30760,4095,4095,0,15.01953,0.00000
534F4C31,32581,300341512,30788,4095,4095,0,15.03320,0.00000
534F4C31,32582,300346539,30773,4095,4095,0,15.02588,0.00000
534F4C31,32583,300350082,30771,4095,4095,0,15.02490,0.00000
534F4C31,32584,300353805,30767,4095,4095,0,15.02295,0.00000
534F4C31,32584,300359370,30777,4095,4095,0,15.02783,0.00000
534F4C31,32584,300362306,30782,4095,4095,0,15.03027,0.00000
534F4C31,32584,300366342,30775,4095,4095,0,15.02686,0.00000
534F4C31,32584,300368608,30773,4095,4095,0,15.02588,0.00000
534F4C31,32584,300370699,30773,4095,4095,0,15.02588,0.00000
534F4C31,32585,300373623,30759,4095,4095,0,15.01904,0.00000
534F4C31,32585,300378268,30774,4095,4095,0,15.02637,0.00000
534F4C31,32585,300380483,30785,4095,4095,0,15.03174,0.00000
534F4C31,32585,300382487,30774,4095,4095,0,15.02637,0.00000
534F4C31,32585,300385743,30759,4095,4095,0,15.01904,0.00000
534F4C31,32585,300387833,30773,4095,4095,0,15.02588,0.00000
534F4C31,32585,300389929,30761,4095,4095,0,15.02002,0.00000
534F4C31,32585,300392021,30794,4095,4095,0,15.03613,0.00000
534F4C31,32585,300394085,30776,4095,4095,0,15.02734,0.00000
534F4C31,32585,300396193,30789,4095,4095,0,15.03369,0.00000
534F4C31,32586,300398355,30770,4095,4095,0,15.02441,0.00000
534F4C31,32587,300402767,30783,4095,4095,0,15.03076,0.00000
534F4C31,32587,300406458,30764,4095,4095,0,15.02148,0.00000
534F4C31,32588,300411709,30762,4095,4095,0,15.02051,0.00000
534F4C31,32589,300415955,30769,4095,4095,0,15.02393,0.00000
534F4C31,32590,300421249,30773,4095,4095,0,15.02588,0.00000
534F4C31,32590,300426609,30766,4095,4095,0,15.02246,0.00000
534F4C31,32590,300428938,30772,4095,4095,0,15.02539,0.00000
534F4C31,32590,300430991,30787,4095,4095,0,15.03271,0.00000
534F4C31,32590,300434384,30780,4095,4095,0,15.02930,0.00000
534F4C31,32590,300436668,30780,4095,4095,0,15.02930,0.00000
534F4C31,32590,300439191,30792,4095,4095,0,15.03516,0.00000
534F4C31,32590,300441414,30771,4095,4095,0,15.02490,0.00000
534F4C31,32590,300443495,30759,4095,4095,0,15.01904,0.00000
534F4C31,32590,300446467,30785,4095,4095,0,15.03174,0.00000
534F4C31,32590,300448592,30777,4095,4095,0,15.02783,0.00000
534F4C31,32590,300450695,30788,4095,4095,0,15.03320,0.00000
534F4C31,32591,300452965,30772,4095,4095,0,15.02539,0.00000
534F4C31,32591,300457546,30773,4095,4095,0,15.02588,0.00000
534F4C31,32591,300459855,30758,4095,4095,0,15.01855,0.00000
534F4C31,32592,300462537,30773,4095,4095,0,15.02588,0.00000
534F4C31,32592,300466168,30774,4095,4095,0,15.02637,0.00000
534F4C31,32592,300469639,30773,4095,4095,0,15.02588,0.00000
534F4C31,32592,300471708,30776,4095,4095,0,15.02734,0.00000
534F4C31,32592,300474454,30783,4095,4095,0,15.03076,0.00000
534F4C31,32592,300477267,30771,4095,4095,0,15.02490,0.00000
534F4C31,32592,300479290,30759,4095,4095,0,15.01904,0.00000
534F4C31,32592,300481446,30783,4095,4095,0,15.03076,0.00000
534F4C31,32593,300483578,30771,4095,4095,0,15.02490,0.00000
534F4C31,32594,300487794,30787,4095,4095,0,15.03271,0.00000
534F4C31,32595,300492240,30780,4095,4095,0,15.02930,0.00000
534F4C31,32596,300498675,30772,4095,4095,0,15.02539,0.00000
534F4C31,32596,300503424,30782,4095,4095,0,15.03027,0.00000
534F4C31,32596,300506868,30756,4095,4095,0,15.01758,0.00000
534F4C31,32596,300509089,30783,4095,4095,0,15.03076,0.00000
534F4C31,32596,300512298,30775,4095,4095,0,15.02686,0.00000
534F4C31,32597,300515382,30775,4095,4095,0,15.02686,0.00000
534F4C31,32597,300520133,30775,4095,4095,0,15.02686,0.00000
534F4C31,32597,300522344,30771,4095,4095,0,15.02490,0.00000
534F4C31,32597,300524963,30779,4095,4095,0,15.02881,0.00000
534F4C31,32597,300527325,30769,4095,4095,0,15.02393,0.00000
534F4C31,32598,300530103,30776,4095,4095,0,15.02734,0.00000
534F4C31,32598,300534081,30782,4095,4095,0,15.03027,0.00000
534F4C31,32598,300536268,30783,4095,4095,0,15.03076,0.00000
534F4C31,32598,300538403,30777,4095,4095,0,15.02783,0.00000
534F4C31,32599,300541265,30786,4095,4095,0,15.03223,0.00000
534F4C31,32599,300545946,30785,4095,4095,0,15.03174,0.00000
534F4C31,32599,300548187,30786,4095,4095,0,15.03223,0.00000
534F4C31,32600,300551382,30772,4095,4095,0,15.02539,0.00000
534F4C31,32600,300556337,30771,4095,4095,0,15.02490,0.00000
534F4C31,32600,300559342,30790,4095,4095,0,15.03418,0.00000
534F4C31,32601,300562101,30775,4095,4095,0,15.02686,0.00000
534F4C31,32601,300566501,30757,4095,4095,0,15.01807,0.00000
534F4C31,32601,300569069,30770,4095,4095,0,15.02441,0.00000
534F4C31,32602,300571688,30786,4095,4095,0,15.03223,0.00000
534F4C31,32603,300574596,30777,4095,4095,0,15.02783,0.00000
534F4C31,32604,300580241,30780,4095,4095,0,15.02930,0.00000
534F4C31,32604,300583071,30790,4095,4095,0,15.03418,0.00000
534F4C31,32604,300587287,30776,4095,4095,0,15.02734,0.00000
534F4C31,32604,300590348,30783,4095,4095,0,15.03076,0.00000
534F4C31,32604,300593068,30768,4095,4095,0,15.02344,0.00000
534F4C31,32604,300595354,30760,4095,4095,0,15.01953,0.00000
534F4C31,32605,300597349,30771,4095,4095,0,15.02490,0.00000
534F4C31,32605,300602805,30771,4095,4095,0,15.02490,0.00000
534F4C31,32605,300605750,30774,4095,4095,0,15.02637,0.00000
534F4C31,32605,300608430,30776,4095,4095,0,15.02734,0.00000
534F4C31,32605,300610867,30766,4095,4095,0,15.02246,0.00000
534F4C31,32605,300612928,30773,4095,4095,0,15.02588,0.00000
534F4C31,32605,300615441,30764,4095,4095,0,15.02148,0.00000
534F4C31,32606,300617621,30790,4095,4095,0,15.03418,0.00000
534F4C31,32607,300621568,30778,4095,4095,0,15.02832,0.00000
534F4C31,32608,300625251,30776,4095,4095,0,15.02734,0.00000
534F4C31,32609,300629222,30776,4095,4095,0,15.02734,0.00000
534F4C31,32610,300634179,30773,4095,4095,0,15.02588,0.00000
534F4C31,32610,300639038,30790,4095,4095,0,15.03418,0.00000
534F4C31,32610,300641820,30783,4095,4095,0,15.03076,0.00000
534F4C31,32611,300644687,30775,4095,4095,0,15.02686,0.00000
534F4C31,32611,300648726,30773,4095,4095,0,15.02588,0.00000
534F4C31,32611,300651458,30774,4095,4095,0,15.02637,0.00000
534F4C31,32612,300653500,30764,4095,4095,0,15.02148,0.00000
534F4C31,32613,300657483,30774,4095,4095,0,15.02637,0.00000
534F4C31,32614,300663494,30768,4095,4095,0,15.02344,0.00000
534F4C31,32614,300667545,30774,4095,4095,0,15.02637,0.00000
534F4C31,32614,300673180,30772,4095,4095,0,15.02539,0.00000
534F4C31,32614,300676085,30785,4095,4095,0,15.03174,0.00000
534F4C31,32614,300678834,30775,4095,4095,0,15.02686,0.00000
534F4C31,32615,300681256,30766,4095,4095,0,15.02246,0.00000
534F4C31,32616,300685701,30775,4095,4095,0,15.02686,0.00000
534F4C31,32616,300688023,30785,4095,4095,0,15.03174,0.00000
534F4C31,32617,300693280,30789,4095,4095,0,15.03369,0.00000
534F4C31,32618,300696836,30781,4095,4095,0,15.02979,0.00000
534F4C31,32618,300701245,30790,4095,4095,0,15.03418,0.00000
534F4C31,32618,300705359,30774,4095,4095,0,15.02637,0.00000
534F4C31,32618,300707492,30784,4095,4095,0,15.03125,0.00000
534F4C31,32618,300710635,30791,4095,4095,0,15.03467,0.00000
534F4C31,32618,300712666,30772,4095,4095,0,15.02539,0.00000
534F4C31,32618,300714708,30782,4095,4095,0,15.03027,0.00000
534F4C31,32618,300717082,30778,4095,4095,0,15.02832,0.00000
534F4C31,32619,300719302,30768,4095,4095,0,15.02344,0.00000
534F4C31,32619,300723929,30773,4095,4095,0,15.02588,0.00000
534F4C31,32619,300726095,30789,4095,4095,0,15.03369,0.00000
534F4C31,32619,300728125,30774,4095,4095,0,15.02637,0.00000
534F4C31,32619,300730194,30783,4095,4095,0,15.03076,0.00000
534F4C31,32619,300733173,30771,4095,4095,0,15.02490,0.00000
534F4C31,32619,300735328,30757,4095,4095,0,15.01807,0.00000
534F4C31,32619,300737398,30771,4095,4095,0,15.02490,0.00000
534F4C31,32619,300739579,30780,4095,4095,0,15.02930,0.00000
534F4C31,32619,300741628,30788,4095,4095,0,15.03320,0.00000
534F4C31,32619,300743729,30774,4095,4095,0,15.02637,0.00000
534F4C31,32619,300745809,30783,4095,4095,0,15.03076,0.00000
534F4C31,32619,300747907,30778,4095,4095,0,15.02832,0.00000
534F4C31,32619,300750034,30788,4095,4095,0,15.03320,0.00000
534F4C31,32619,300752106,30771,4095,4095,0,15.02490,0.00000
534F4C31,32620,300754189,30756,4095,4095,0,15.01758,0.00000
534F4C31,32621,300757125,30772,4095,4095,0,15.02539,0.00000
534F4C31,32622,300762131,30765,4095,4095,0,15.02197,0.00000
534F4C31,32623,300766690,30780,4095,4095,0,15.02930,0.00000
534F4C31,32623,300771930,30761,4095,4095,0,15.02002,0.00000
534F4C31,32623,300774613,30772,4095,4095,0,15.02539,0.00000
534F4C31,32624,300778067,30766,4095,4095,0,15.02246,0.00000
534F4C31,32625,300782203,30784,4095,4095,0,15.03125,0.00000
534F4C31,32625,300786703,30760,4095,4095,0,15.01953,0.00000
534F4C31,32625,300788828,30788,4095,4095,0,15.03320,0.00000
534F4C31,32626,300793193,30770,4095,4095,0,15.02441,0.00000
534F4C31,32626,300795651,30774,4095,4095,0,15.02637,0.00000
534F4C31,32626,300799182,30770,4095,4095,0,15.02441,0.00000
534F4C31,32626,300803179,30766,4095,4095,0,15.02246,0.00000
534F4C31,32626,300806641,30769,4095,4095,0,15.02393,0.00000
534F4C31,32627,300808911,30761,4095,4095,0,15.02002,0.00000
534F4C31,32628,300813514,30775,4095,4095,0,15.02686,0.00000
534F4C31,32629,300816980,30790,4095,4095,0,15.03418,0.00000
534F4C31,32629,300823236,30770,4095,4095,0,15.02441,0.00000
534F4C31,32629,300826549,30773,4095,4095,0,15.02588,0.00000
534F4C31,32629,300828616,30762,4095,4095,0,15.02051,0.00000
534F4C31,32629,300831363,30771,4095,4095,0,15.02490,0.00000
534F4C31,32629,300833712,30782,4095,4095,0,15.03027,0.00000
534F4C31,32629,300835730,30761,4095,4095,0,15.02002,0.00000
534F4C31,32629,300837860,30779,4095,4095,0,15.02881,0.00000
534F4C31,32629,300839981,30756,4095,4095,0,15.01758,0.00000
534F4C31,32629,300842075,30771,4095,4095,0,15.02490,0.00000
534F4C31,32629,300844077,30762,4095,4095,0,15.02051,0.00000
534F4C31,32629,300846210,30769,4095,4095,0,15.02393,0.00000
534F4C31,32630,300848347,30774,4095,4095,0,15.02637,0.00000
534F4C31,32631,300852806,30784,4095,4095,0,15.03125,0.00000
534F4C31,32632,300856496,30760,4095,4095,0,15.01953,0.00000
534F4C31,32633,300862419,30770,4095,4095,0,15.02441,0.00000
534F4C31,32633,300866442,30767,4095,4095,0,15.02295,0.00000
534F4C31,32633,300869259,30780,4095,4095,0,15.02930,0.00000
534F4C31,32634,300873123,30765,4095,4095,0,15.02197,0.00000
534F4C31,32634,300876760,30774,4095,4095,0,15.02637,0.00000
534F4C31,32634,300881975,30782,4095,4095,0,15.03027,0.00000
534F4C31,32634,300884609,30772,4095,4095,0,15.02539,0.00000
534F4C31,32634,300886771,30757,4095,4095,0,15.01807,0.00000
534F4C31,32634,300889810,30780,4095,4095,0,15.02930,0.00000
534F4C31,32634,300891909,30776,4095,4095,0,15.02734,0.00000
534F4C31,32634,300893909,30785,4095,4095,0,15.03174,0.00000
534F4C31,32634,300896007,30772,4095,4095,0,15.02539,0.00000
534F4C31,32634,300898138,30759,4095,4095,0,15.01904,0.00000
534F4C31,32634,300900177,30769,4095,4095,0,15.02393,0.00000
534F4C31,32634,300902275,30762,4095,4095,0,15.02051,0.00000
534F4C31,32635,300904366,30772,4095,4095,0,15.02539,0.00000
534F4C31,32636,300908831,30775,4095,4095,0,15.02686,0.00000
534F4C31,32637,300912664,30773,4095,4095,0,15.02588,0.00000
534F4C31,32637,300919372,30773,4095,4095,0,15.02588,0.00000
534F4C31,32637,300922854,30780,4095,4095,0,15.02930,0.00000
534F4C31,32637,300925060,30785,4095,4095,0,15.03174,0.00000
534F4C31,32637,300927125,30773,4095,4095,0,15.02588,0.00000
534F4C31,32638,300929196,30762,4095,4095,0,15.02051,0.00000
534F4C31,32639,300933306,30772,4095,4095,0,15.02539,0.00000
534F4C31,32640,300937771,30763,4095,4095,0,15.02100,0.00000
534F4C31,32641,300941160,30761,4095,4095,0,15.02002,0.00000
534F4C31,32642,300947088,30777,4095,4095,0,15.02783,0.00000
534F4C31,32642,300950707,30762,4095,4095,0,15.02051,0.00000
534F4C31,32642,300953701,30764,4095,4095,0,15.02148,0.00000
534F4C31,32643,300957030,30763,4095,4095,0,15.02100,0.00000
534F4C31,32643,300961018,30762,4095,4095,0,15.02051,0.00000
534F4C31,32643,300963202,30785,4095,4095,0,15.03174,0.00000
534F4C31,32643,300967507,30770,4095,4095,0,15.02441,0.00000
534F4C31,32643,300969757,30774,4095,4095,0,15.02637,0.00000
534F4C31,32644,300971965,30765,4095,4095,0,15.02197,0.00000
534F4C31,32644,300976448,30774,4095,4095,0,15.02637,0.00000
534F4C31,32644,300978632,30780,4095,4095,0,15.02930,0.00000
534F4C31,32644,300980617,30778,4095,4095,0,15.02832,0.00000
534F4C31,32644,300982727,30784,4095,4095,0,15.03125,0.00000
534F4C31,32644,300985744,30773,4095,4095,0,15.02588,0.00000
534F4C31,32644,300987886,30769,4095,4095,0,15.02393,0.00000
534F4C31,32644,300990007,30775,4095,4095,0,15.02686,0.00000
534F4C31,32644,300992129,30779,4095,4095,0,15.02881,0.00000
534F4C31,32644,300994271,30786,4095,4095,0,15.03223,0.00000
534F4C31,32644,300996173,30776,4095,4095,0,15.02734,0.00000
534F4C31,32644,300998156,30790,4095,4095,0,15.03418,0.00000
534F4C31,32644,301000221,30767,4095,4095,0,15.02295,0.00000
534F4C31,32645,301002271,30782,4095,4095,0,15.03027,0.00000
534F4C31,32646,301006345,30771,4095,4095,0,15.02490,0.00000
534F4C31,32647,301011197,30790,4095,4095,0,15.03418,0.00000
534F4C31,32648,301014665,30786,4095,4095,0,15.03223,0.00000
534F4C31,32649,301020765,30780,4095,4095,0,15.02930,0.00000
534F4C31,32649,301024234,30765,4095,4095,0,15.02197,0.00000
534F4C31,32649,301028782,30774,4095,4095,0,15.02637,0.00000
534F4C31,32649,301031515,30781,4095,4095,0,15.02979,0.00000
534F4C31,32649,301034465,30786,4095,4095,0,15.03223,0.00000
534F4C31,32650,301036634,30786,4095,4095,0,15.03223,0.00000
534F4C31,32651,301040855,30774,4095,4095,0,15.02637,0.00000
534F4C31,32651,301044473,30776,4095,4095,0,15.02734,0.00000
534F4C31,32651,301049064,30771,4095,4095,0,15.02490,0.00000
534F4C31,32652,301052041,30771,4095,4095,0,15.02490,0.00000
534F4C31,32652,301056256,30776,4095,4095,0,15.02734,0.00000
534F4C31,32652,301060594,30786,4095,4095,0,15.03223,0.00000
534F4C31,32653,301063414,30771,4095,4095,0,15.02490,0.00000
534F4C31,32653,301068617,30776,4095,4095,0,15.02734,0.00000
534F4C31,32653,301070765,30772,4095,4095,0,15.02539,0.00000
534F4C31,32653,301073621,30759,4095,4095,0,15.01904,0.00000
534F4C31,32653,301075992,30786,4095,4095,0,15.03223,0.00000
534F4C31,32653,301078078,30778,4095,4095,0,15.02832,0.00000
534F4C31,32653,301080164,30789,4095,4095,0,15.03369,0.00000
534F4C31,32653,301082214,30772,4095,4095,0,15.02539,0.00000
534F4C31,32653,301084334,30757,4095,4095,0,15.01807,0.00000
534F4C31,32653,301086374,30770,4095,4095,0,15.02441,0.00000
534F4C31,32653,301088481,30760,4095,4095,0,15.01953,0.00000
534F4C31,32653,301090619,30774,4095,4095,0,15.02637,0.00000
534F4C31,32654,301092841,30764,4095,4095,0,15.02148,0.00000
534F4C31,32655,301096786,30783,4095,4095,0,15.03076,0.00000
534F4C31,32656,301100311,30791,4095,4095,0,15.03467,0.00000
534F4C31,32657,301104013,30785,4095,4095,0,15.03174,0.00000
534F4C31,32658,301110447,30769,4095,4095,0,15.02393,0.00000
534F4C31,32658,301113324,30780,4095,4095,0,15.02930,0.00000
534F4C31,32658,301118284,30770,4095,4095,0,15.02441,0.00000
534F4C31,32658,301120925,30779,4095,4095,0,15.02881,0.00000
534F4C31,32658,301123521,30783,4095,4095,0,15.03076,0.00000
534F4C31,32658,301125902,30790,4095,4095,0,15.03418,0.00000
534F4C31,32658,301128436,30775,4095,4095,0,15.02686,0.00000
534F4C31,32659,301130587,30787,4095,4095,0,15.03271,0.00000
534F4C31,32659,301135124,30769,4095,4095,0,15.02393,0.00000
534F4C31,32659,301137391,30770,4095,4095,0,15.02441,0.00000
534F4C31,32660,301140550,30761,4095,4095,0,15.02002,0.00000
534F4C31,32660,301144577,30755,4095,4095,0,15.01709,0.00000
534F4C31,32660,301146904,30765,4095,4095,0,15.02197,0.00000
534F4C31,32660,301148866,30773,4095,4095,0,15.02588,0.00000
534F4C31,32660,301151748,30761,4095,4095,0,15.02002,0.00000
534F4C31,32660,301154121,30782,4095,4095,0,15.03027,0.00000
534F4C31,32660,301156252,30771,4095,4095,0,15.02490,0.00000
534F4C31,32660,301158402,30761,4095,4095,0,15.02002,0.00000
534F4C31,32661,301160571,30769,4095,4095,0,15.02393,0.00000
534F4C31,32662,301164799,30762,4095,4095,0,15.02051,0.00000
534F4C31,32663,301168027,30776,4095,4095,0,15.02734,0.00000
534F4C31,32664,301172944,30779,4095,4095,0,15.02881,0.00000
534F4C31,32664,301178749,30786,4095,4095,0,15.03223,0.00000
534F4C31,32664,301182396,30785,4095,4095,0,15.03174,0.00000
534F4C31,32664,301185361,30785,4095,4095,0,15.03174,0.00000
534F4C31,32664,301187620,30774,4095,4095,0,15.02637,0.00000
534F4C31,32665,301190561,30762,4095,4095,0,15.02051,0.00000
534F4C31,32665,301194297,30782,4095,4095,0,15.03027,0.00000
534F4C31,32665,301197383,30764,4095,4095,0,15.02148,0.00000
534F4C31,32665,301199963,30777,4095,4095,0,15.02783,0.00000
534F4C31,32665,301202375,30776,4095,4095,0,15.02734,0.00000
534F4C31,32665,301204283,30789,4095,4095,0,15.03369,0.00000
534F4C31,32665,301206309,30786,4095,4095,0,15.03223,0.00000
534F4C31,32665,301208144,30791,4095,4095,0,15.03467,0.00000
534F4C31,32665,301210143,30773,4095,4095,0,15.02588,0.00000
534F4C31,32665,301212095,30784,4095,4095,0,15.03125,0.00000
534F4C31,32666,301214042,30782,4095,4095,0,15.03027,0.00000
534F4C31,32667,301217984,30775,4095,4095,0,15.02686,0.00000
534F4C31,32668,301222838,30775,4095,4095,0,15.02686,0.00000
534F4C31,32669,301227148,30772,4095,4095,0,15.02539,0.00000
534F4C31,32669,301234029,30785,4095,4095,0,15.03174,0.00000
534F4C31,32670,301236269,30761,4095,4095,0,15.02002,0.00000
534F4C31,32670,301240073,30769,4095,4095,0,15.02393,0.00000
534F4C31,32670,301243889,30783,4095,4095,0,15.03076,0.00000
534F4C31,32670,301246697,30768,4095,4095,0,15.02344,0.00000
534F4C31,32671,301249732,30774,4095,4095,0,15.02637,0.00000
534F4C31,32671,301254137,30770,4095,4095,0,15.02441,0.00000
534F4C31,32671,301256097,30769,4095,4095,0,15.02393,0.00000
534F4C31,32671,301258136,30786,4095,4095,0,15.03223,0.00000
534F4C31,32671,301261030,30774,4095,4095,0,15.02637,0.00000
534F4C31,32671,301263393,30763,4095,4095,0,15.02100,0.00000
534F4C31,32671,301265405,30769,4095,4095,0,15.02393,0.00000
534F4C31,32671,301267496,30762,4095,4095,0,15.02051,0.00000
534F4C31,32671,301269549,30779,4095,4095,0,15.02881,0.00000
534F4C31,32671,301271663,30781,4095,4095,0,15.02979,0.00000
534F4C31,32672,301273911,30787,4095,4095,0,15.03271,0.00000
534F4C31,32673,301277697,30776,4095,4095,0,15.02734,0.00000
534F4C31,32674,301282351,30778,4095,4095,0,15.02832,0.00000
534F4C31,32675,301288473,30761,4095,4095,0,15.02002,0.00000
534F4C31,32675,301293089,30776,4095,4095,0,15.02734,0.00000
534F4C31,32675,301297449,30775,4095,4095,0,15.02686,0.00000
534F4C31,32675,301299728,30773,4095,4095,0,15.02588,0.00000
534F4C31,32675,301302562,30761,4095,4095,0,15.02002,0.00000
534F4C31,32676,301304928,30786,4095,4095,0,15.03223,0.00000
534F4C31,32677,301309153,30776,4095,4095,0,15.02734,0.00000
534F4C31,32677,301312803,30778,4095,4095,0,15.02832,0.00000
534F4C31,32677,301317353,30776,4095,4095,0,15.02734,0.00000
534F4C31,32678,301320228,30774,4095,4095,0,15.02637,0.00000
534F4C31,32678,301324947,30774,4095,4095,0,15.02637,0.00000
534F4C31,32678,301328548,30771,4095,4095,0,15.02490,0.00000
534F4C31,32678,301330715,30780,4095,4095,0,15.02930,0.00000
534F4C31,32678,301333983,30760,4095,4095,0,15.01953,0.00000
534F4C31,32679,301336493,30785,4095,4095,0,15.03174,0.00000
534F4C31,32679,301340695,30772,4095,4095,0,15.02539,0.00000
534F4C31,32679,301342997,30768,4095,4095,0,15.02344,0.00000
534F4C31,32679,301344914,30767,4095,4095,0,15.02295,0.00000
534F4C31,32679,301347629,30771,4095,4095,0,15.02490,0.00000
534F4C31,32679,301350035,30773,4095,4095,0,15.02588,0.00000
534F4C31,32679,301352088,30786,4095,4095,0,15.03223,0.00000
534F4C31,32679,301354228,30773,4095,4095,0,15.02588,0.00000
534F4C31,32679,301356289,30757,4095,4095,0,15.01807,0.00000
534F4C31,32680,301358566,30770,4095,4095,0,15.02441,0.00000
534F4C31,32681,301362980,30770,4095,4095,0,15.02441,0.00000
534F4C31,32682,301366285,30774,4095,4095,0,15.02637,0.00000
534F4C31,32683,301372334,30776,4095,4095,0,15.02734,0.00000
534F4C31,32683,301377761,30782,4095,4095,0,15.03027,0.00000
534F4C31,32683,301381424,30763,4095,4095,0,15.02100,0.00000
534F4C31,32683,301384226,30769,4095,4095,0,15.02393,0.00000
534F4C31,32683,301386342,30789,4095,4095,0,15.03369,0.00000
534F4C31,32684,301389445,30767,4095,4095,0,15.02295,0.00000
534F4C31,32684,301393901,30761,4095,4095,0,15.02002,0.00000
534F4C31,32684,301396181,30777,4095,4095,0,15.02783,0.00000
534F4C31,32685,301399759,30755,4095,4095,0,15.01709,0.00000
534F4C31,32685,301403909,30787,4095,4095,0,15.03271,0.00000
534F4C31,32685,301406618,30787,4095,4095,0,15.03271,0.00000
534F4C31,32686,301409302,30772,4095,4095,0,15.02539,0.00000
534F4C31,32686,301413772,30777,4095,4095,0,15.02783,0.00000
534F4C31,32686,301416585,30772,4095,4095,0,15.02539,0.00000
534F4C31,32687,301419713,30757,4095,4095,0,15.01807,0.00000
534F4C31,32688,301423755,30786,4095,4095,0,15.03223,0.00000
534F4C31,32689,301427681,30788,4095,4095,0,15.03320,0.00000
534F4C31,32689,301430819,30757,4095,4095,0,15.01807,0.00000
534F4C31,32689,301436126,30791,4095,4095,0,15.03467,0.00000
534F4C31,32689,301439158,30764,4095,4095,0,15.02148,0.00000
534F4C31,32689,301441377,30790,4095,4095,0,15.03418,0.00000
534F4C31,32690,301444341,30775,4095,4095,0,15.02686,0.00000
534F4C31,32690,301448378,30778,4095,4095,0,15.02832,0.00000
534F4C31,32690,301450759,30777,4095,4095,0,15.02783,0.00000
534F4C31,32690,301452765,30789,4095,4095,0,15.03369,0.00000
534F4C31,32690,301455765,30774,4095,4095,0,15.02637,0.00000
534F4C31,32690,301458214,30781,4095,4095,0,15.02979,0.00000
534F4C31,32690,301460228,30785,4095,4095,0,15.03174,0.00000
534F4C31,32690,301462355,30778,4095,4095,0,15.02832,0.00000
534F4C31,32691,301464474,30786,4095,4095,0,15.03223,0.00000
534F4C31,32691,301468311,30771,4095,4095,0,15.02490,0.00000
534F4C31,32691,301471882,30771,4095,4095,0,15.02490,0.00000
534F4C31,32691,301473968,30779,4095,4095,0,15.02881,0.00000
534F4C31,32691,301476919,30784,4095,4095,0,15.03125,0.00000
534F4C31,32692,301479359,30770,4095,4095,0,15.02441,0.00000
534F4C31,32693,301483515,30769,4095,4095,0,15.02393,0.00000
534F4C31,32694,301486707,30776,4095,4095,0,15.02734,0.00000
534F4C31,32694,301492302,30771,4095,4095,0,15.02490,0.00000
534F4C31,32694,301495609,30780,4095,4095,0,15.02930,0.00000
534F4C31,32694,301497689,30774,4095,4095,0,15.02637,0.00000
534F4C31,32694,301499847,30763,4095,4095,0,15.02100,0.00000
534F4C31,32695,301502964,30776,4095,4095,0,15.02734,0.00000
534F4C31,32696,301507245,30770,4095,4095,0,15.02441,0.00000
534F4C31,32696,301510681,30775,4095,4095,0,15.02686,0.00000
534F4C31,32696,301515724,30780,4095,4095,0,15.02930,0.00000
534F4C31,32696,301519095,30772,4095,4095,0,15.02539,0.00000
534F4C31,32696,301521755,30767,4095,4095,0,15.02295,0.00000
534F4C31,32696,301523797,30765,4095,4095,0,15.02197,0.00000
534F4C31,32696,301527735,30776,4095,4095,0,15.02734,0.00000
534F4C31,32697,301530256,30787,4095,4095,0,15.03271,0.00000
534F4C31,32698,301535218,30788,4095,4095,0,15.03320,0.00000
534F4C31,32699,301541094,30776,4095,4095,0,15.02734,0.00000
534F4C31,32699,301544259,30776,4095,4095,0,15.02734,0.00000
534F4C31,32700,301547609,30772,4095,4095,0,15.02539,0.00000
534F4C31,32700,301552408,30786,4095,4095,0,15.03223,0.00000
534F4C31,32700,301555486,30779,4095,4095,0,15.02881,0.00000
534F4C31,32700,301557575,30788,4095,4095,0,15.03320,0.00000
534F4C31,32701,301560859,30773,4095,4095,0,15.02588,0.00000
534F4C31,32701,301565345,30770,4095,4095,0,15.02441,0.00000
534F4C31,32701,301567494,30776,4095,4095,0,15.02734,0.00000
534F4C31,32701,301570181,30783,4095,4095,0,15.03076,0.00000
534F4C31,32701,301573145,30780,4095,4095,0,15.02930,0.00000
534F4C31,32702,301575322,30775,4095,4095,0,15.02686,0.00000
534F4C31,32702,301579623,30766,4095,4095,0,15.02246,0.00000
534F4C31,32702,301581948,30762,4095,4095,0,15.02051,0.00000
534F4C31,32702,301584006,30777,4095,4095,0,15.02783,0.00000
534F4C31,32702,301587445,30774,4095,4095,0,15.02637,0.00000
534F4C31,32702,301589722,30759,4095,4095,0,15.01904,0.00000
534F4C31,32702,301591732,30772,4095,4095,0,15.02539,0.00000
534F4C31,32702,301593833,30763,4095,4095,0,15.02100,0.00000
534F4C31,32703,301595887,30782,4095,4095,0,15.03027,0.00000
534F4C31,32704,301599471,30779,4095,4095,0,15.02881,0.00000
534F4C31,32705,301604182,30772,4095,4095,0,15.02539,0.00000
534F4C31,32706,301610484,30779,4095,4095,0,15.02881,0.00000
534F4C31,32706,301613622,30764,4095,4095,0,15.02148,0.00000
534F4C31,32706,301617926,30790,4095,4095,0,15.03418,0.00000
534F4C31,32706,301620575,30783,4095,4095,0,15.03076,0.00000
534F4C31,32706,301623275,30773,4095,4095,0,15.02588,0.00000
534F4C31,32707,301625429,30774,4095,4095,0,15.02637,0.00000
534F4C31,32707,301630643,30757,4095,4095,0,15.01807,0.00000
534F4C31,32707,301633332,30776,4095,4095,0,15.02734,0.00000
534F4C31,32708,301636648,30763,4095,4095,0,15.02100,0.00000
534F4C31,32709,301642253,30788,4095,4095,0,15.03320,0.00000
534F4C31,32709,301645739,30779,4095,4095,0,15.02881,0.00000
534F4C31,32709,301647940,30762,4095,4095,0,15.02051,0.00000
534F4C31,32709,301651604,30778,4095,4095,0,15.02832,0.00000
534F4C31,32709,301655143,30783,4095,4095,0,15.03076,0.00000
534F4C31,32709,301657265,30772,4095,4095,0,15.02539,0.00000
534F4C31,32709,301659377,30763,4095,4095,0,15.02100,0.00000
534F4C31,32709,301662038,30773,4095,4095,0,15.02588,0.00000
534F4C31,32710,301664268,30775,4095,4095,0,15.02686,0.00000
534F4C31,32710,301668571,30770,4095,4095,0,15.02441,0.00000
534F4C31,32711,301671577,30763,4095,4095,0,15.02100,0.00000
534F4C31,32712,301673889,30790,4095,4095,0,15.03418,0.00000
534F4C31,32713,301679080,30778,4095,4095,0,15.02832,0.00000
534F4C31,32713,301683310,30790,4095,4095,0,15.03418,0.00000
534F4C31,32713,301686766,30762,4095,4095,0,15.02051,0.00000
534F4C31,32714,301688783,30775,4095,4095,0,15.02686,0.00000
534F4C31,32715,301693834,30778,4095,4095,0,15.02832,0.00000
534F4C31,32715,301697348,30781,4095,4095,0,15.02979,0.00000
534F4C31,32715,301701376,30770,4095,4095,0,15.02441,0.00000
534F4C31,32716,301706358,30784,4095,4095,0,15.03125,0.00000
534F4C31,32717,301709598,30788,4095,4095,0,15.03320,0.00000
534F4C31,32718,301714721,30773,4095,4095,0,15.02588,0.00000
534F4C31,32718,301720201,30779,4095,4095,0,15.02881,0.00000
534F4C31,32718,301722342,30773,4095,4095,0,15.02588,0.00000
534F4C31,32718,301726946,30761,4095,4095,0,15.02002,0.00000
534F4C31,32718,301728937,30768,4095,4095,0,15.02344,0.00000
534F4C31,32718,301730836,30777,4095,4095,0,15.02783,0.00000
534F4C31,32718,301733617,30759,4095,4095,0,15.01904,0.00000
534F4C31,32718,301736016,30787,4095,4095,0,15.03271,0.00000
534F4C31,32718,301738013,30772,4095,4095,0,15.02539,0.00000
534F4C31,32718,301740068,30784,4095,4095,0,15.03125,0.00000
534F4C31,32718,301742663,30775,4095,4095,0,15.02686,0.00000
534F4C31,32718,301744896,30766,4095,4095,0,15.02246,0.00000
534F4C31,32718,301747014,30773,4095,4095,0,15.02588,0.00000
534F4C31,32718,301749074,30761,4095,4095,0,15.02002,0.00000
534F4C31,32718,301751173,30772,4095,4095,0,15.02539,0.00000
534F4C31,32718,301753226,30779,4095,4095,0,15.02881,0.00000
534F4C31,32718,301755289,30791,4095,4095,0,15.03467,0.00000
534F4C31,32719,301757396,30776,4095,4095,0,15.02734,0.00000
534F4C31,32720,301762104,30785,4095,4095,0,15.03174,0.00000
534F4C31,32721,301765835,30762,4095,4095,0,15.02051,0.00000
534F4C31,32722,301772051,30768,4095,4095,0,15.02344,0.00000
534F4C31,32722,301774279,30775,4095,4095,0,15.02686,0.00000
534F4C31,32722,301778107,30784,4095,4095,0,15.03125,0.00000
534F4C31,32723,301782143,30773,4095,4095,0,15.02588,0.00000
534F4C31,32724,301786655,30783,4095,4095,0,15.03076,0.00000
534F4C31,32724,301790632,30772,4095,4095,0,15.02539,0.00000
534F4C31,32724,301794895,30772,4095,4095,0,15.02539,0.00000
534F4C31,32724,301798015,30774,4095,4095,0,15.02637,0.00000
534F4C31,32724,301800246,30774,4095,4095,0,15.02637,0.00000
534F4C31,32724,301802386,30788,4095,4095,0,15.03320,0.00000
534F4C31,32724,301804456,30770,4095,4095,0,15.02441,0.00000
534F4C31,32724,301806558,30788,4095,4095,0,15.03320,0.00000
534F4C31,32724,301809496,30772,4095,4095,0,15.02539,0.00000
534F4C31,32724,301811824,30774,4095,4095,0,15.02637,0.00000
534F4C31,32725,301813930,30785,4095,4095,0,15.03174,0.00000
534F4C31,32725,301818869,30767,4095,4095,0,15.02295,0.00000
534F4C31,32725,301821403,30784,4095,4095,0,15.03125,0.00000
534F4C31,32725,301823434,30776,4095,4095,0,15.02734,0.00000
534F4C31,32725,301826519,30784,4095,4095,0,15.03125,0.00000
534F4C31,32725,301828888,30776,4095,4095,0,15.02734,0.00000
534F4C31,32725,301831085,30778,4095,4095,0,15.02832,0.00000
534F4C31,32725,301833244,30789,4095,4095,0,15.03369,0.00000
534F4C31,32726,301835413,30774,4095,4095,0,15.02637,0.00000
534F4C31,32727,301839535,30778,4095,4095,0,15.02832,0.00000
534F4C31,32728,301844524,30924,4095,4095,0,15.09961,0.00000
534F4C31,32729,301851844,32719,4095,4095,0,15.97607,0.00000
534F4C31,32729,301855308,32798,4095,4095,0,16.01465,0.00000
534F4C31,32730,301860079,32828,4095,4095,0,16.02930,0.00000
534F4C31,32731,301862978,32824,4095,4095,0,16.02734,0.00000
534F4C31,32732,301868173,32824,4095,4095,0,16.02734,0.00000
534F4C31,32732,301872403,32825,4095,4095,0,16.02783,0.00000
534F4C31,32732,301875280,32826,4095,4095,0,16.02832,0.00000
534F4C31,32733,301880430,32819,4095,4095,0,16.02490,0.00000
534F4C31,32734,301883792,32820,4095,4095,0,16.02539,0.00000
534F4C31,32735,301888081,32816,4095,4095,0,16.02344,0.00000
534F4C31,32735,301893497,32810,4095,4095,0,16.02051,0.00000
534F4C31,32735,301896145,32831,4095,4095,0,16.03076,0.00000
534F4C31,32735,301898294,32820,4095,4095,0,16.02539,0.00000
534F4C31,32735,301902737,32822,4095,4095,0,16.02637,0.00000
534F4C31,32736,301905613,32821,4095,4095,0,16.02588,0.00000
534F4C31,32736,301908103,32806,4095,4095,0,16.01855,0.00000
534F4C31,32736,301912189,32808,4095,4095,0,16.01953,0.00000
534F4C31,32736,301915641,32812,4095,4095,0,16.02148,0.00000
534F4C31,32736,301918375,32824,4095,4095,0,16.02734,0.00000
534F4C31,32736,301921140,32824,4095,4095,0,16.02734,0.00000
534F4C31,32736,301923581,32803,4095,4095,0,16.01709,0.00000
534F4C31,32736,301925639,32821,4095,4095,0,16.02588,0.00000
534F4C31,32736,301927703,32803,4095,4095,0,16.01709,0.00000
534F4C31,32736,301929809,32821,4095,4095,0,16.02588,0.00000
534F4C31,32736,301931736,32803,4095,4095,0,16.01709,0.00000
534F4C31,32736,301933756,32838,4095,4095,0,16.03418,0.00000
534F4C31,32736,301935893,32824,4095,4095,0,16.02734,0.00000
534F4C31,32736,301938017,32837,4095,4095,0,16.03369,0.00000
534F4C31,32736,301940089,32828,4095,4095,0,16.02930,0.00000
534F4C31,32737,301942129,32832,4095,4095,0,16.03125,0.00000
534F4C31,32738,301946860,32822,4095,4095,0,16.02637,0.00000
534F4C31,32739,301950371,32812,4095,4095,0,16.02148,0.00000
534F4C31,32740,301956238,32809,4095,4095,0,16.02002,0.00000
534F4C31,32740,301960721,32804,4095,4095,0,16.01758,0.00000
534F4C31,32740,301963895,32829,4095,4095,0,16.02979,0.00000
534F4C31,32740,301966551,32813,4095,4095,0,16.02197,0.00000
534F4C31,32740,301969353,32836,4095,4095,0,16.03320,0.00000
534F4C31,32740,301971842,32816,4095,4095,0,16.02344,0.00000
534F4C31,32740,301973957,32811,4095,4095,0,16.02100,0.00000
534F4C31,32740,301975998,32821,4095,4095,0,16.02588,0.00000
534F4C31,32740,301978133,32811,4095,4095,0,16.02100,0.00000
534F4C31,32740,301980212,32819,4095,4095,0,16.02490,0.00000
534F4C31,32741,301982330,32809,4095,4095,0,16.02002,0.00000
534F4C31,32742,301986707,32821,4095,4095,0,16.02588,0.00000
534F4C31,32743,301990189,32817,4095,4095,0,16.02393,0.00000
534F4C31,32744,301996125,32825,4095,4095,0,16.02783,0.00000
534F4C31,32744,302000781,32818,4095,4095,0,16.02441,0.00000
534F4C31,32744,302004214,32836,4095,4095,0,16.03320,0.00000
534F4C31,32744,302006229,32821,4095,4095,0,16.02588,0.00000
534F4C31,32744,302009298,32810,4095,4095,0,16.02051,0.00000
534F4C31,32745,302011559,32836,4095,4095,0,16.03320,0.00000
534F4C31,32745,302015849,32824,4095,4095,0,16.02734,0.00000
534F4C31,32745,302018138,32823,4095,4095,0,16.02686,0.00000
534F4C31,32746,302021579,32808,4095,4095,0,16.01953,0.00000
534F4C31,32747,302025989,32840,4095,4095,0,16.03516,0.00000
534F4C31,32748,302029626,32810,4095,4095,0,16.02051,0.00000
534F4C31,32748,302035216,32813,4095,4095,0,16.02197,0.00000
534F4C31,32748,302037850,32820,4095,4095,0,16.02539,0.00000
534F4C31,32748,302041235,32811,4095,4095,0,16.02100,0.00000
534F4C31,32748,302043561,32809,4095,4095,0,16.02002,0.00000
534F4C31,32749,302045668,32817,4095,4095,0,16.02393,0.00000
534F4C31,32750,302050012,32813,4095,4095,0,16.02197,0.00000
534F4C31,32750,302054261,32824,4095,4095,0,16.02734,0.00000
534F4C31,32750,302058963,32821,4095,4095,0,16.02588,0.00000
534F4C31,32750,302061175,32823,4095,4095,0,16.02686,0.00000
534F4C31,32750,302063288,32805,4095,4095,0,16.01807,0.00000
534F4C31,32751,302066150,32817,4095,4095,0,16.02393,0.00000
534F4C31,32751,302070670,32826,4095,4095,0,16.02832,0.00000
534F4C31,32751,302072821,32820,4095,4095,0,16.02539,0.00000
534F4C31,32751,302074585,32806,4095,4095,0,16.01855,0.00000
534F4C31,32752,302077719,32835,4095,4095,0,16.03271,0.00000
534F4C31,32752,302081307,32823,4095,4095,0,16.02686,0.00000
534F4C31,32752,302084689,32823,4095,4095,0,16.02686,0.00000
534F4C31,32752,302088298,32820,4095,4095,0,16.02539,0.00000
534F4C31,32752,302090661,32816,4095,4095,0,16.02344,0.00000
534F4C31,32753,302093377,32823,4095,4095,0,16.02686,0.00000
534F4C31,32753,302097280,32823,4095,4095,0,16.02686,0.00000
534F4C31,32753,302100965,32822,4095,4095,0,16.02637,0.00000
534F4C31,32754,302103598,32829,4095,4095,0,16.02979,0.00000
534F4C31,32754,302107431,32811,4095,4095,0,16.02100,0.00000
534F4C31,32754,302111398,32825,4095,4095,0,16.02783,0.00000
534F4C31,32755,302114416,32803,4095,4095,0,16.01709,0.00000
534F4C31,32756,302118874,32835,4095,4095,0,16.03271,0.00000
534F4C31,32757,302122390,32810,4095,4095,0,16.02051,0.00000
534F4C31,32758,302128736,32831,4095,4095,0,16.03076,0.00000
534F4C31,32758,302132784,32826,4095,4095,0,16.02832,0.00000
534F4C31,32758,302136373,32842,4095,4095,0,16.03613,0.00000
534F4C31,32758,302138414,32829,4095,4095,0,16.02979,0.00000
534F4C31,32758,302140490,32827,4095,4095,0,16.02881,0.00000
534F4C31,32759,302143494,32821,4095,4095,0,16.02588,0.00000
534F4C31,32759,302147760,32824,4095,4095,0,16.02734,0.00000
534F4C31,32759,302150376,32830,4095,4095,0,16.03027,0.00000
534F4C31,32760,302152627,32811,4095,4095,0,16.02100,0.00000
534F4C31,32761,302157899,32829,4095,4095,0,16.02979,0.00000
534F4C31,32762,302161424,32808,4095,4095,0,16.01953,0.00000
534F4C31,32762,302167502,32829,4095,4095,0,16.02979,0.00000
534F4C31,32762,302169693,32826,4095,4095,0,16.02832,0.00000
534F4C31,32763,302172634,32810,4095,4095,0,16.02051,0.00000
534F4C31,32763,302176001,32839,4095,4095,0,16.03467,0.00000
534F4C31,32763,302179225,32820,4095,4095,0,16.02539,0.00000
534F4C31,32764,302181478,32818,4095,4095,0,16.02441,0.00000
534F4C31,32764,302184733,32812,4095,4095,0,16.02148,0.00000
534F4C31,32764,302189858,32818,4095,4095,0,16.02441,0.00000
534F4C31,32765,302192200,32829,4095,4095,0,16.02979,0.00000
534F4C31,32765,302195167,32838,4095,4095,0,16.03418,0.00000
534F4C31,32765,302199873,32830,4095,4095,0,16.03027,0.00000
534F4C31,32765,302202104,32834,4095,4095,0,16.03223,0.00000
534F4C31,32765,302205011,32824,4095,4095,0,16.02734,0.00000
534F4C31,32765,302207412,32810,4095,4095,0,16.02051,0.00000
534F4C31,32765,302209425,32822,4095,4095,0,16.02637,0.00000
534F4C31,32765,302211555,32828,4095,4095,0,16.02930,0.00000
534F4C31,32766,302213642,32835,4095,4095,0,16.03271,0.00000
534F4C31,32766,302217412,32824,4095,4095,0,16.02734,0.00000
534F4C31,32766,302220748,32831,4095,4095,0,16.03076,0.00000
534F4C31,32766,302224511,32825,4095,4095,0,16.02783,0.00000
534F4C31,32766,302226690,32808,4095,4095,0,16.01953,0.00000
534F4C31,32767,302229416,32822,4095,4095,0,16.02637,0.00000
534F4C31,32767,302233063,32829,4095,4095,0,16.02979,0.00000
534F4C31,32767,302237417,32824,4095,4095,0,16.02734,0.00000
534F4C31,32767,302239537,32822,4095,4095,0,16.02637,0.00000
534F4C31,32767,302242423,32814,4095,4095,0,16.02246,0.00000
534F4C31,32768,302245337,32837,4095,4095,0,16.03369,0.00000
534F4C31,32768,302249689,32822,4095,4095,0,16.02637,0.00000
534F4C31,32768,302251994,32821,4095,4095,0,16.02588,0.00000
534F4C31,32769,302254584,32828,4095,4095,0,16.02930,0.00000
534F4C31,32769,302261121,32821,4095,4095,0,16.02588,0.00000
534F4C31,32769,302263273,32823,4095,4095,0,16.02686,0.00000
534F4C31,32769,302265334,32807,4095,4095,0,16.01904,0.00000
534F4C31,32769,302267560,32814,4095,4095,0,16.02246,0.00000
534F4C31,32769,302270611,32823,4095,4095,0,16.02686,0.00000
534F4C31,32769,302272707,32804,4095,4095,0,16.01758,0.00000
534F4C31,32769,302274860,32821,4095,4095,0,16.02588,0.00000
534F4C31,32770,302277089,32806,4095,4095,0,16.01855,0.00000
534F4C31,32771,302281275,32814,4095,4095,0,16.02246,0.00000
534F4C31,32772,302284752,32801,4095,4095,0,16.01611,0.00000
534F4C31,32773,302290791,32810,4095,4095,0,16.02051,0.00000
534F4C31,32773,302294107,32824,4095,4095,0,16.02734,0.00000
534F4C31,32774,302296913,32804,4095,4095,0,16.01758,0.00000
534F4C31,32774,302301702,32836,4095,4095,0,16.03320,0.00000
534F4C31,32774,302305220,32825,4095,4095,0,16.02783,0.00000
534F4C31,32774,302308048,32839,4095,4095,0,16.03467,0.00000
534F4C31,32775,302312102,32810,4095,4095,0,16.02051,0.00000
534F4C31,32775,302315446,32836,4095,4095,0,16.03320,0.00000
534F4C31,32775,302319496,32822,4095,4095,0,16.02637,0.00000
534F4C31,32775,302322182,32822,4095,4095,0,16.02637,0.00000
534F4C31,32775,302324349,32830,4095,4095,0,16.03027,0.00000
534F4C31,32776,302327352,32812,4095,4095,0,16.02148,0.00000
534F4C31,32777,302331743,32822,4095,4095,0,16.02637,0.00000
534F4C31,32777,302334998,32837,4095,4095,0,16.03369,0.00000
534F4C31,32777,302340145,32822,4095,4095,0,16.02637,0.00000
534F4C31,32778,302343133,32805,4095,4095,0,16.01807,0.00000
534F4C31,32778,302346670,32838,4095,4095,0,16.03418,0.00000
534F4C31,32778,302350602,32822,4095,4095,0,16.02637,0.00000
534F4C31,32779,302353681,32835,4095,4095,0,16.03271,0.00000
534F4C31,32779,302359343,32827,4095,4095,0,16.02881,0.00000
534F4C31,32779,302361568,32838,4095,4095,0,16.03418,0.00000
534F4C31,32779,302363643,32825,4095,4095,0,16.02783,0.00000
534F4C31,32779,302366850,32798,4095,4095,0,16.01465,0.00000
534F4C31,32779,302368900,32837,4095,4095,0,16.03369,0.00000
534F4C31,32779,302370819,32828,4095,4095,0,16.02930,0.00000
534F4C31,32779,302372906,32835,4095,4095,0,16.03271,0.00000
534F4C31,32779,302375052,32822,4095,4095,0,16.02637,0.00000
534F4C31,32779,302377239,32837,4095,4095,0,16.03369,0.00000
534F4C31,32780,302379288,32822,4095,4095,0,16.02637,0.00000
534F4C31,32781,302382676,32812,4095,4095,0,16.02148,0.00000
534F4C31,32782,302387031,32811,4095,4095,0,16.02100,0.00000
534F4C31,32783,302391991,32810,4095,4095,0,16.02051,0.00000
534F4C31,32784,302396246,32831,4095,4095,0,16.03076,0.00000
534F4C31,32785,302401811,32830,4095,4095,0,16.03027,0.00000
534F4C31,32786,302405747,32825,4095,4095,0,16.02783,0.00000
534F4C31,32786,302410062,32837,4095,4095,0,16.03369,0.00000
534F4C31,32786,302412207,32836,4095,4095,0,16.03320,0.00000
534F4C31,32786,302414174,32826,4095,4095,0,16.02832,0.00000
534F4C31,32786,302418232,32832,4095,4095,0,16.03125,0.00000
534F4C31,32786,302420390,32812,4095,4095,0,16.02148,0.00000
534F4C31,32786,302422496,32822,4095,4095,0,16.02637,0.00000
534F4C31,32786,302425425,32811,4095,4095,0,16.02100,0.00000
534F4C31,32786,302427564,32834,4095,4095,0,16.03223,0.00000
534F4C31,32786,302429606,32831,4095,4095,0,16.03076,0.00000
534F4C31,32787,302431676,32838,4095,4095,0,16.03418,0.00000
534F4C31,32787,302435541,32826,4095,4095,0,16.02832,0.00000
534F4C31,32787,302438304,32821,4095,4095,0,16.02588,0.00000
534F4C31,32787,302440390,32810,4095,4095,0,16.02051,0.00000
534F4C31,32788,302444294,32822,4095,4095,0,16.02637,0.00000
534F4C31,32789,302446653,32839,4095,4095,0,16.03467,0.00000
534F4C31,32789,302452800,32824,4095,4095,0,16.02734,0.00000
534F4C31,32789,302455738,32814,4095,4095,0,16.02246,0.00000
534F4C31,32789,302458897,32821,4095,4095,0,16.02588,0.00000
534F4C31,32789,302461221,32824,4095,4095,0,16.02734,0.00000
534F4C31,32789,302463351,32810,4095,4095,0,16.02051,0.00000
534F4C31,32789,302465447,32822,4095,4095,0,16.02637,0.00000
534F4C31,32789,302467509,32806,4095,4095,0,16.01855,0.00000
534F4C31,32789,302469521,32821,4095,4095,0,16.02588,0.00000
534F4C31,32789,302471614,32809,4095,4095,0,16.02002,0.00000
534F4C31,32790,302473762,32838,4095,4095,0,16.03418,0.00000
534F4C31,32790,302477692,32824,4095,4095,0,16.02734,0.00000
534F4C31,32790,302480052,32820,4095,4095,0,16.02539,0.00000
534F4C31,32790,302482062,32831,4095,4095,0,16.03076,0.00000
534F4C31,32791,302485058,32822,4095,4095,0,16.02637,0.00000
534F4C31,32791,302489819,32831,4095,4095,0,16.03076,0.00000
534F4C31,32791,302491813,32822,4095,4095,0,16.02637,0.00000
534F4C31,32791,302494562,32811,4095,4095,0,16.02100,0.00000
534F4C31,32792,302497469,32838,4095,4095,0,16.03418,0.00000
534F4C31,32792,302501833,32839,4095,4095,0,16.03467,0.00000
534F4C31,32792,302503963,32823,4095,4095,0,16.02686,0.00000
534F4C31,32792,302507505,32819,4095,4095,0,16.02490,0.00000
534F4C31,32792,302509696,32805,4095,4095,0,16.01807,0.00000
534F4C31,32792,302511633,32818,4095,4095,0,16.02441,0.00000
534F4C31,32792,302513720,32808,4095,4095,0,16.01953,0.00000
534F4C31,32792,302515874,32822,4095,4095,0,16.02637,0.00000
534F4C31,32793,302517921,32807,4095,4095,0,16.01904,0.00000
534F4C31,32794,302522633,32810,4095,4095,0,16.02051,0.00000
534F4C31,32795,302526003,32813,4095,4095,0,16.02197,0.00000
534F4C31,32796,302530513,32806,4095,4095,0,16.01855,0.00000
534F4C31,32796,302535482,32817,4095,4095,0,16.02393,0.00000
534F4C31,32796,302537650,32807,4095,4095,0,16.01904,0.00000
534F4C31,32797,302539645,32834,4095,4095,0,16.03223,0.00000
534F4C31,32798,302545081,32825,4095,4095,0,16.02783,0.00000
534F4C31,32799,302548792,32830,4095,4095,0,16.03027,0.00000
534F4C31,32799,302554266,32834,4095,4095,0,16.03223,0.00000
534F4C31,32799,302557415,32814,4095,4095,0,16.02246,0.00000
534F4C31,32800,302560440,32831,4095,4095,0,16.03076,0.00000
534F4C31,32801,302564862,32839,4095,4095,0,16.03467,0.00000
534F4C31,32801,302568489,32830,4095,4095,0,16.03027,0.00000
534F4C31,32801,302572596,32819,4095,4095,0,16.02490,0.00000
534F4C31,32801,302576191,32833,4095,4095,0,16.03174,0.00000
534F4C31,32801,302578354,32823,4095,4095,0,16.02686,0.00000
534F4C31,32801,302580395,32827,4095,4095,0,16.02881,0.00000
534F4C31,32801,302583250,32833,4095,4095,0,16.03174,0.00000
534F4C31,32802,302585460,32824,4095,4095,0,16.02734,0.00000
534F4C31,32802,302589531,32805,4095,4095,0,16.01807,0.00000
534F4C31,32802,302591960,32812,4095,4095,0,16.02148,0.00000
534F4C31,32802,302594606,32826,4095,4095,0,16.02832,0.00000
534F4C31,32802,302596871,32826,4095,4095,0,16.02832,0.00000
534F4C31,32802,302598837,32807,4095,4095,0,16.01904,0.00000
534F4C31,32802,302600834,32823,4095,4095,0,16.02686,0.00000
534F4C31,32802,302602926,32812,4095,4095,0,16.02148,0.00000
534F4C31,32802,302605024,32820,4095,4095,0,16.02539,0.00000
534F4C31,32802,302607151,32812,4095,4095,0,16.02148,0.00000
534F4C31,32802,302609231,32823,4095,4095,0,16.02686,0.00000
534F4C31,32802,302611284,32806,4095,4095,0,16.01855,0.00000
534F4C31,32802,302613430,32833,4095,4095,0,16.03174,0.00000
534F4C31,32803,302615600,32822,4095,4095,0,16.02637,0.00000
534F4C31,32804,302619557,32835,4095,4095,0,16.03271,0.00000
534F4C31,32805,302623336,32807,4095,4095,0,16.01904,0.00000
534F4C31,32806,302628812,32810,4095,4095,0,16.02051,0.00000
534F4C31,32806,302632949,32823,4095,4095,0,16.02686,0.00000
534F4C31,32806,302635928,32829,4095,4095,0,16.02979,0.00000
534F4C31,32807,302639767,32810,4095,4095,0,16.02051,0.00000
534F4C31,32807,302643452,32810,4095,4095,0,16.02051,0.00000
534F4C31,32807,302645751,32801,4095,4095,0,16.01611,0.00000
534F4C31,32808,302649314,32816,4095,4095,0,16.02344,0.00000
534F4C31,32808,302653552,32838,4095,4095,0,16.03418,0.00000
534F4C31,32808,302655914,32822,4095,4095,0,16.02637,0.00000
534F4C31,32808,302657920,32808,4095,4095,0,16.01953,0.00000
534F4C31,32808,302662651,32836,4095,4095,0,16.03320,0.00000
534F4C31,32808,302664776,32832,4095,4095,0,16.03125,0.00000
534F4C31,32808,302667618,32819,4095,4095,0,16.02490,0.00000
534F4C31,32808,302669963,32824,4095,4095,0,16.02734,0.00000
534F4C31,32808,302672012,32830,4095,4095,0,16.03027,0.00000
534F4C31,32808,302674181,32827,4095,4095,0,16.02881,0.00000
534F4C31,32809,302676386,32830,4095,4095,0,16.03027,0.00000
534F4C31,32810,302680545,32826,4095,4095,0,16.02832,0.00000
534F4C31,32811,302684104,32823,4095,4095,0,16.02686,0.00000
534F4C31,32812,302688978,32818,4095,4095,0,16.02441,0.00000
534F4C31,32812,302694440,32825,4095,4095,0,16.02783,0.00000
534F4C31,32812,302696748,32818,4095,4095,0,16.02441,0.00000
534F4C31,32813,302700349,32831,4095,4095,0,16.03076,0.00000
534F4C31,32813,302703809,32836,4095,4095,0,16.03320,0.00000
534F4C31,32813,302707014,32822,4095,4095,0,16.02637,0.00000
534F4C31,32813,302710561,32824,4095,4095,0,16.02734,0.00000
534F4C31,32813,302713695,32822,4095,4095,0,16.02637,0.00000
534F4C31,32813,302716293,32807,4095,4095,0,16.01904,0.00000
534F4C31,32814,302719169,32834,4095,4095,0,16.03223,0.00000
534F4C31,32815,302723769,32832,4095,4095,0,16.03125,0.00000
534F4C31,32815,302728037,32836,4095,4095,0,16.03320,0.00000
534F4C31,32815,302731857,32809,4095,4095,0,16.02002,0.00000
534F4C31,32815,302734563,32836,4095,4095,0,16.03320,0.00000
534F4C31,32815,302736878,32822,4095,4095,0,16.02637,0.00000
534F4C31,32815,302738904,32801,4095,4095,0,16.01611,0.00000
534F4C31,32815,302741022,32824,4095,4095,0,16.02734,0.00000
534F4C31,32815,302743148,32811,4095,4095,0,16.02100,0.00000
534F4C31,32815,302745207,32819,4095,4095,0,16.02490,0.00000
534F4C31,32816,302747254,32810,4095,4095,0,16.02051,0.00000
534F4C31,32817,302751239,32830,4095,4095,0,16.03027,0.00000
534F4C31,32818,302754935,32840,4095,4095,0,16.03516,0.00000
534F4C31,32818,302760493,32834,4095,4095,0,16.03223,0.00000
534F4C31,32818,302764202,32831,4095,4095,0,16.03076,0.00000
534F4C31,32818,302767157,32825,4095,4095,0,16.02783,0.00000
534F4C31,32818,302769359,32835,4095,4095,0,16.03271,0.00000
534F4C31,32818,302771518,32826,4095,4095,0,16.02832,0.00000
534F4C31,32819,302773686,32806,4095,4095,0,16.01855,0.00000
534F4C31,32820,302778708,32808,4095,4095,0,16.01953,0.00000
534F4C31,32821,302784210,32820,4095,4095,0,16.02539,0.00000
534F4C31,32821,302788218,32820,4095,4095,0,16.02539,0.00000
534F4C31,32821,302792901,32823,4095,4095,0,16.02686,0.00000
534F4C31,32821,302795032,32817,4095,4095,0,16.02393,0.00000
534F4C31,32821,302797080,32800,4095,4095,0,16.01562,0.00000
534F4C31,32821,302799178,32821,4095,4095,0,16.02588,0.00000
534F4C31,32821,302802043,32812,4095,4095,0,16.02148,0.00000
534F4C31,32821,302804226,32838,4095,4095,0,16.03418,0.00000
534F4C31,32821,302806321,32822,4095,4095,0,16.02637,0.00000
534F4C31,32821,302808488,32832,4095,4095,0,16.03125,0.00000
534F4C31,32822,302810472,32824,4095,4095,0,16.02734,0.00000
534F4C31,32823,302815597,32826,4095,4095,0,16.02832,0.00000
534F4C31,32824,302819872,32818,4095,4095,0,16.02441,0.00000
534F4C31,32825,302825220,32834,4095,4095,0,16.03223,0.00000
534F4C31,32825,302830389,32813,4095,4095,0,16.02197,0.00000
534F4C31,32825,302833915,32826,4095,4095,0,16.02832,0.00000
534F4C31,32825,302836068,32809,4095,4095,0,16.02002,0.00000
534F4C31,32825,302838094,32822,4095,4095,0,16.02637,0.00000
534F4C31,32826,302841015,32807,4095,4095,0,16.01904,0.00000
534F4C31,32827,302845283,32831,4095,4095,0,16.03076,0.00000
534F4C31,32828,302848771,32811,4095,4095,0,16.02100,0.00000
534F4C31,32828,302854594,32835,4095,4095,0,16.03271,0.00000
534F4C31,32828,302856731,32827,4095,4095,0,16.02881,0.00000
534F4C31,32828,302858929,32838,4095,4095,0,16.03418,0.00000
534F4C31,32828,302861967,32820,4095,4095,0,16.02539,0.00000
534F4C31,32829,302864312,32820,4095,4095,0,16.02539,0.00000
534F4C31,32830,302868585,32839,4095,4095,0,16.03467,0.00000
534F4C31,32830,302872629,32811,4095,4095,0,16.02100,0.00000
534F4C31,32830,302876860,32808,4095,4095,0,16.01953,0.00000
534F4C31,32831,302879179,32808,4095,4095,0,16.01953,0.00000
534F4C31,32831,302882344,32820,4095,4095,0,16.02539,0.00000
534F4C31,32831,302886235,32822,4095,4095,0,16.02637,0.00000
534F4C31,32831,302888573,32823,4095,4095,0,16.02686,0.00000
534F4C31,32831,302891208,32823,4095,4095,0,16.02686,0.00000
534F4C31,32831,302893987,32835,4095,4095,0,16.03271,0.00000
534F4C31,32831,302896367,32821,4095,4095,0,16.02588,0.00000
534F4C31,32831,302898526,32815,4095,4095,0,16.02295,0.00000
534F4C31,32831,302900591,32818,4095,4095,0,16.02441,0.00000
534F4C31,32831,302902686,32819,4095,4095,0,16.02490,0.00000
534F4C31,32831,302904759,32838,4095,4095,0,16.03418,0.00000
534F4C31,32831,302906817,32825,4095,4095,0,16.02783,0.00000
534F4C31,32831,302908970,32837,4095,4095,0,16.03369,0.00000
534F4C31,32832,302911121,32826,4095,4095,0,16.02832,0.00000
534F4C31,32833,302915452,32836,4095,4095,0,16.03320,0.00000
534F4C31,32834,302919153,32812,4095,4095,0,16.02148,0.00000
534F4C31,32835,302924689,32823,4095,4095,0,16.02686,0.00000
534F4C31,32835,302929148,32834,4095,4095,0,16.03223,0.00000
534F4C31,32835,302931413,32822,4095,4095,0,16.02637,0.00000
534F4C31,32836,302936133,32822,4095,4095,0,16.02637,0.00000
534F4C31,32836,302939656,32823,4095,4095,0,16.02686,0.00000
534F4C31,32836,302941792,32825,4095,4095,0,16.02783,0.00000
534F4C31,32837,302946428,32812,4095,4095,0,16.02148,0.00000
534F4C31,32837,302950280,32811,4095,4095,0,16.02100,0.00000
534F4C31,32837,302955578,32809,4095,4095,0,16.02002,0.00000
534F4C31,32837,302957749,32823,4095,4095,0,16.02686,0.00000
534F4C31,32837,302959806,32839,4095,4095,0,16.03467,0.00000
534F4C31,32837,302962651,32823,4095,4095,0,16.02686,0.00000
534F4C31,32837,302964936,32823,4095,4095,0,16.02686,0.00000
534F4C31,32838,302967003,32831,4095,4095,0,16.03076,0.00000
534F4C31,32838,302971506,32822,4095,4095,0,16.02637,0.00000
534F4C31,32838,302973900,32825,4095,4095,0,16.02783,0.00000
534F4C31,32839,302976034,32810,4095,4095,0,16.02051,0.00000
534F4C31,32839,302981030,32831,4095,4095,0,16.03076,0.00000
534F4C31,32839,302983650,32809,4095,4095,0,16.02002,0.00000
534F4C31,32840,302985692,32819,4095,4095,0,16.02490,0.00000
534F4C31,32841,302989463,32806,4095,4095,0,16.01855,0.00000
534F4C31,32842,302993548,32831,4095,4095,0,16.03076,0.00000
534F4C31,32842,302998424,32833,4095,4095,0,16.03174,0.00000
534F4C31,32842,303000797,32821,4095,4095,0,16.02588,0.00000
534F4C31,32842,303005513,32824,4095,4095,0,16.02734,0.00000
534F4C31,32842,303007747,32821,4095,4095,0,16.02588,0.00000
534F4C31,32842,303009748,32836,4095,4095,0,16.03320,0.00000
534F4C31,32843,303012960,32818,4095,4095,0,16.02441,0.00000
534F4C31,32843,303017350,32820,4095,4095,0,16.02539,0.00000
534F4C31,32843,303019509,32826,4095,4095,0,16.02832,0.00000
534F4C31,32844,303021492,32830,4095,4095,0,16.03027,0.00000
534F4C31,32844,303027234,32839,4095,4095,0,16.03467,0.00000
534F4C31,32844,303029501,32838,4095,4095,0,16.03418,0.00000
534F4C31,32845,303032748,32819,4095,4095,0,16.02490,0.00000
534F4C31,32846,303037034,32829,4095,4095,0,16.02979,0.00000
534F4C31,32846,303040732,32829,4095,4095,0,16.02979,0.00000
534F4C31,32846,303045505,32818,4095,4095,0,16.02441,0.00000
534F4C31,32846,303047706,32819,4095,4095,0,16.02490,0.00000
534F4C31,32846,303050558,32814,4095,4095,0,16.02246,0.00000
534F4C31,32846,303052762,32833,4095,4095,0,16.03174,0.00000
534F4C31,32846,303054838,32824,4095,4095,0,16.02734,0.00000
534F4C31,32846,303056996,32832,4095,4095,0,16.03125,0.00000
534F4C31,32846,303059027,32822,4095,4095,0,16.02637,0.00000
534F4C31,32846,303061070,32807,4095,4095,0,16.01904,0.00000
534F4C31,32847,303064254,32820,4095,4095,0,16.02539,0.00000
534F4C31,32848,303068921,32825,4095,4095,0,16.02783,0.00000
534F4C31,32849,303075900,32827,4095,4095,0,16.02881,0.00000
534F4C31,32849,303080407,32836,4095,4095,0,16.03320,0.00000
534F4C31,32849,303082749,32815,4095,4095,0,16.02295,0.00000
534F4C31,32850,303085704,32815,4095,4095,0,16.02295,0.00000
534F4C31,32850,303090865,32825,4095,4095,0,16.02783,0.00000
534F4C31,32850,303093160,32809,4095,4095,0,16.02002,0.00000
534F4C31,32851,303095193,32836,4095,4095,0,16.03320,0.00000
534F4C31,32852,303098455,32824,4095,4095,0,16.02734,0.00000
534F4C31,32852,303104269,32824,4095,4095,0,16.02734,0.00000
534F4C31,32852,303107351,32824,4095,4095,0,16.02734,0.00000
534F4C31,32853,303110149,32823,4095,4095,0,16.02686,0.00000
534F4C31,32853,303114897,32830,4095,4095,0,16.03027,0.00000
534F4C31,32853,303118022,32824,4095,4095,0,16.02734,0.00000
534F4C31,32854,303120756,32812,4095,4095,0,16.02148,0.00000
534F4C31,32854,303126499,32824,4095,4095,0,16.02734,0.00000
534F4C31,32854,303129802,32824,4095,4095,0,16.02734,0.00000
534F4C31,32854,303131846,32810,4095,4095,0,16.02051,0.00000
534F4C31,32854,303134706,32838,4095,4095,0,16.03418,0.00000
534F4C31,32855,303137144,32825,4095,4095,0,16.02783,0.00000
534F4C31,32855,303141764,32824,4095,4095,0,16.02734,0.00000
534F4C31,32855,303143984,32827,4095,4095,0,16.02881,0.00000
534F4C31,32856,303146835,32809,4095,4095,0,16.02002,0.00000
534F4C31,32857,303151215,32821,4095,4095,0,16.02588,0.00000
534F4C31,32857,303154447,32832,4095,4095,0,16.03125,0.00000
534F4C31,32857,303157164,32831,4095,4095,0,16.03076,0.00000
534F4C31,32858,303161501,32817,4095,4095,0,16.02393,0.00000
534F4C31,32858,303165733,32823,4095,4095,0,16.02686,0.00000
534F4C31,32858,303170005,32834,4095,4095,0,16.03223,0.00000
534F4C31,32859,303173065,32837,4095,4095,0,16.03369,0.00000
534F4C31,32860,303178564,32818,4095,4095,0,16.02441,0.00000
534F4C31,32860,303182446,32830,4095,4095,0,16.03027,0.00000
534F4C31,32860,303185051,32838,4095,4095,0,16.03418,0.00000
534F4C31,32860,303187070,32828,4095,4095,0,16.02930,0.00000
534F4C31,32860,303189256,32818,4095,4095,0,16.02441,0.00000
534F4C31,32861,303191385,32826,4095,4095,0,16.02832,0.00000
534F4C31,32861,303197007,32828,4095,4095,0,16.02930,0.00000
534F4C31,32861,303199268,32819,4095,4095,0,16.02490,0.00000
534F4C31,32861,303201204,32811,4095,4095,0,16.02100,0.00000
534F4C31,32861,303203861,32824,4095,4095,0,16.02734,0.00000
534F4C31,32861,303206682,32823,4095,4095,0,16.02686,0.00000
534F4C31,32861,303208863,32806,4095,4095,0,16.01855,0.00000
534F4C31,32861,303211022,32817,4095,4095,0,16.02393,0.00000
534F4C31,32862,303213107,32814,4095,4095,0,16.02246,0.00000
534F4C31,32863,303217083,32817,4095,4095,0,16.02393,0.00000
534F4C31,32864,303220763,32822,4095,4095,0,16.02637,0.00000
534F4C31,32865,303224909,32835,4095,4095,0,16.03271,0.00000
534F4C31,32865,303230449,32830,4095,4095,0,16.03027,0.00000
534F4C31,32865,303233400,32811,4095,4095,0,16.02100,0.00000
534F4C31,32866,303237334,32818,4095,4095,0,16.02441,0.00000
534F4C31,32866,303241065,32804,4095,4095,0,16.01758,0.00000
534F4C31,32866,303243910,32835,4095,4095,0,16.03271,0.00000
534F4C31,32867,303247582,32835,4095,4095,0,16.03271,0.00000
534F4C31,32868,303250814,32821,4095,4095,0,16.02588,0.00000
534F4C31,32868,303256462,32820,4095,4095,0,16.02539,0.00000
534F4C31,32869,303259857,32835,4095,4095,0,16.03271,0.00000
534F4C31,32870,303264004,32810,4095,4095,0,16.02051,0.00000
534F4C31,32871,303269573,32809,4095,4095,0,16.02002,0.00000
534F4C31,32871,303274359,32826,4095,4095,0,16.02832,0.00000
534F4C31,32871,303277712,32823,4095,4095,0,16.02686,0.00000
534F4C31,32871,303282066,32829,4095,4095,0,16.02979,0.00000
534F4C31,32871,303284171,32821,4095,4095,0,16.02588,0.00000
534F4C31,32871,303286241,32812,4095,4095,0,16.02148,0.00000
534F4C31,32871,303288283,32826,4095,4095,0,16.02832,0.00000
534F4C31,32871,303290184,32810,4095,4095,0,16.02051,0.00000
534F4C31,32871,303292121,32822,4095,4095,0,16.02637,0.00000
534F4C31,32871,303294082,32812,4095,4095,0,16.02148,0.00000
534F4C31,32871,303296222,32818,4095,4095,0,16.02441,0.00000
534F4C31,32872,303298302,32807,4095,4095,0,16.01904,0.00000
534F4C31,32873,303302643,32819,4095,4095,0,16.02490,0.00000
534F4C31,32873,303305736,32837,4095,4095,0,16.03369,0.00000
534F4C31,32873,303310079,32818,4095,4095,0,16.02441,0.00000
534F4C31,32873,303313379,32836,4095,4095,0,16.03320,0.00000
534F4C31,32873,303315405,32822,4095,4095,0,16.02637,0.00000
534F4C31,32873,303318072,32814,4095,4095,0,16.02246,0.00000
534F4C31,32873,303320299,32830,4095,4095,0,16.03027,0.00000
534F4C31,32873,303322272,32823,4095,4095,0,16.02686,0.00000
534F4C31,32873,303324440,32843,4095,4095,0,16.03662,0.00000
534F4C31,32873,303326480,32826,4095,4095,0,16.02832,0.00000
534F4C31,32873,303328595,32832,4095,4095,0,16.03125,0.00000
534F4C31,32873,303330635,32820,4095,4095,0,16.02539,0.00000
534F4C31,32873,303332768,32807,4095,4095,0,16.01904,0.00000
534F4C31,32873,303334803,32823,4095,4095,0,16.02686,0.00000
534F4C31,32873,303336808,32809,4095,4095,0,16.02002,0.00000
534F4C31,32873,303338935,32819,4095,4095,0,16.02490,0.00000
534F4C31,32874,303341121,32810,4095,4095,0,16.02051,0.00000
534F4C31,32875,303345620,32809,4095,4095,0,16.02002,0.00000
534F4C31,32876,303349121,32805,4095,4095,0,16.01807,0.00000
534F4C31,32877,303355196,32822,4095,4095,0,16.02637,0.00000
534F4C31,32877,303357937,32822,4095,4095,0,16.02637,0.00000
534F4C31,32877,303363279,32821,4095,4095,0,16.02588,0.00000
534F4C31,32877,303366909,32820,4095,4095,0,16.02539,0.00000
534F4C31,32877,303369198,32827,4095,4095,0,16.02881,0.00000
534F4C31,32878,303372124,32836,4095,4095,0,16.03320,0.00000
534F4C31,32878,303376528,32830,4095,4095,0,16.03027,0.00000
534F4C31,32878,303381151,32836,4095,4095,0,16.03320,0.00000
534F4C31,32878,303384064,32808,4095,4095,0,16.01953,0.00000
534F4C31,32878,303386247,32834,4095,4095,0,16.03223,0.00000
534F4C31,32879,303389002,32827,4095,4095,0,16.02881,0.00000
534F4C31,32880,303393415,32808,4095,4095,0,16.01953,0.00000
534F4C31,32880,303395903,32805,4095,4095,0,16.01807,0.00000
534F4C31,32880,303401235,32812,4095,4095,0,16.02148,0.00000
534F4C31,32881,303404432,32811,4095,4095,0,16.02100,0.00000
534F4C31,32882,303408491,32812,4095,4095,0,16.02148,0.00000
534F4C31,32883,303413095,32818,4095,4095,0,16.02441,0.00000
534F4C31,32883,303419055,32821,4095,4095,0,16.02588,0.00000
534F4C31,32883,303421298,32838,4095,4095,0,16.03418,0.00000
534F4C31,32884,303424636,32820,4095,4095,0,16.02539,0.00000
534F4C31,32885,303428757,32810,4095,4095,0,16.02051,0.00000
534F4C31,32886,303432284,32829,4095,4095,0,16.02979,0.00000
534F4C31,32886,303438197,32822,4095,4095,0,16.02637,0.00000
534F4C31,32886,303440460,32821,4095,4095,0,16.02588,0.00000
534F4C31,32886,303442510,32815,4095,4095,0,16.02295,0.00000
534F4C31,32886,303445344,32838,4095,4095,0,16.03418,0.00000
534F4C31,32886,303447597,32823,4095,4095,0,16.02686,0.00000
534F4C31,32886,303449612,32808,4095,4095,0,16.01953,0.00000
534F4C31,32886,303451730,32820,4095,4095,0,16.02539,0.00000
534F4C31,32887,303453870,32808,4095,4095,0,16.01953,0.00000
534F4C31,32887,303458074,32821,4095,4095,0,16.02588,0.00000
534F4C31,32887,303460925,32837,4095,4095,0,16.03369,0.00000
534F4C31,32887,303463165,32821,4095,4095,0,16.02588,0.00000
534F4C31,32887,303466970,32823,4095,4095,0,16.02686,0.00000
534F4C31,32887,303470023,32812,4095,4095,0,16.02148,0.00000
534F4C31,32887,303472477,32833,4095,4095,0,16.03174,0.00000
534F4C31,32887,303474578,32821,4095,4095,0,16.02588,0.00000
534F4C31,32888,303476674,32810,4095,4095,0,16.02051,0.00000
534F4C31,32888,303482105,32836,4095,4095,0,16.03320,0.00000
534F4C31,32888,303484376,32805,4095,4095,0,16.01807,0.00000
534F4C31,32889,303486581,32824,4095,4095,0,16.02734,0.00000
534F4C31,32889,303491784,32806,4095,4095,0,16.01855,0.00000
534F4C31,32889,303494045,32819,4095,4095,0,16.02490,0.00000
534F4C31,32889,303496162,32809,4095,4095,0,16.02002,0.00000
534F4C31,32889,303500257,32809,4095,4095,0,16.02002,0.00000
534F4C31,32890,303502348,32816,4095,4095,0,16.02344,0.00000
534F4C31,32890,303507016,32825,4095,4095,0,16.02783,0.00000
534F4C31,32890,303509234,32821,4095,4095,0,16.02588,0.00000
534F4C31,32890,303511922,32839,4095,4095,0,16.03467,0.00000
534F4C31,32890,303514896,32822,4095,4095,0,16.02637,0.00000
534F4C31,32891,303517194,32821,4095,4095,0,16.02588,0.00000
534F4C31,32892,303521468,32808,4095,4095,0,16.01953,0.00000
534F4C31,32892,303525314,32826,4095,4095,0,16.02832,0.00000
534F4C31,32892,303529666,32818,4095,4095,0,16.02441,0.00000
534F4C31,32893,303532634,32823,4095,4095,0,16.02686,0.00000
534F4C31,32893,303536197,32813,4095,4095,0,16.02197,0.00000
534F4C31,32893,303539997,32809,4095,4095,0,16.02002,0.00000
534F4C31,32893,303542127,32834,4095,4095,0,16.03223,0.00000
534F4C31,32893,303544692,32822,4095,4095,0,16.02637,0.00000
534F4C31,32893,303547557,32808,4095,4095,0,16.01953,0.00000
534F4C31,32893,303549946,32836,4095,4095,0,16.03320,0.00000
534F4C31,32893,303552067,32824,4095,4095,0,16.02734,0.00000
534F4C31,32894,303554130,32830,4095,4095,0,16.03027,0.00000
534F4C31,32895,303557068,32820,4095,4095,0,16.02539,0.00000
534F4C31,32896,303561811,32826,4095,4095,0,16.02832,0.00000
534F4C31,32897,303565084,32816,4095,4095,0,16.02344,0.00000
534F4C31,32897,303572135,32807,4095,4095,0,16.01904,0.00000
534F4C31,32897,303574287,32810,4095,4095,0,16.02051,0.00000
534F4C31,32898,303577322,32816,4095,4095,0,16.02344,0.00000
534F4C31,32898,303581502,32824,4095,4095,0,16.02734,0.00000
534F4C31,32898,303584130,32821,4095,4095,0,16.02588,0.00000
534F4C31,32899,303586407,32825,4095,4095,0,16.02783,0.00000
534F4C31,32900,303590560,32833,4095,4095,0,16.03174,0.00000
534F4C31,32901,303595352,32820,4095,4095,0,16.02539,0.00000
534F4C31,32901,303598680,32806,4095,4095,0,16.01855,0.00000
534F4C31,32901,303603284,32820,4095,4095,0,16.02539,0.00000
534F4C31,32901,303606158,32812,4095,4095,0,16.02148,0.00000
534F4C31,32901,303609077,32832,4095,4095,0,16.03125,0.00000
534F4C31,32901,303611053,34151,4095,4095,0,16.67529,0.00000
534F4C31,32901,303612939,34579,4095,4095,0,16.88428,0.00000
534F4C31,32901,303614930,34760,4095,4095,0,16.97266,0.00000
534F4C31,32901,303616931,34817,4095,4095,0,17.00049,0.00000
534F4C31,32901,303619054,34852,4095,4095,0,17.01758,0.00000
534F4C31,32901,303621191,34864,4095,4095,0,17.02344,0.00000
534F4C31,32901,303623243,34882,4095,4095,0,17.03223,0.00000
534F4C31,32901,303625382,34868,4095,4095,0,17.02539,0.00000
534F4C31,32902,303627465,34884,4095,4095,0,17.03320,0.00000
534F4C31,32903,303631928,34870,4095,4095,0,17.02637,0.00000
534F4C31,32904,303635598,34864,4095,4095,0,17.02344,0.00000
534F4C31,32905,303640642,34854,4095,4095,0,17.01855,0.00000
534F4C31,32906,303645241,34864,4095,4095,0,17.02344,0.00000
534F4C31,32906,303649155,34882,4095,4095,0,17.03223,0.00000
534F4C31,32906,303652923,34874,4095,4095,0,17.02832,0.00000
534F4C31,32906,303655776,34885,4095,4095,0,17.03369,0.00000
534F4C31,32906,303658074,34865,4095,4095,0,17.02393,0.00000
534F4C31,32907,303660249,34870,4095,4095,0,17.02637,0.00000
534F4C31,32908,303664840,34879,4095,4095,0,17.03076,0.00000
534F4C31,32908,303668481,34858,4095,4095,0,17.02051,0.00000
534F4C31,32908,303672880,34876,4095,4095,0,17.02930,0.00000
534F4C31,32908,303675617,34859,4095,4095,0,17.02100,0.00000
534F4C31,32908,303677831,34882,4095,4095,0,17.03223,0.00000
534F4C31,32909,303680817,34865,4095,4095,0,17.02393,0.00000
534F4C31,32910,303685294,34851,4095,4095,0,17.01709,0.00000
534F4C31,32911,303690087,34880,4095,4095,0,17.03125,0.00000
534F4C31,32911,303696987,34885,4095,4095,0,17.03369,0.00000
534F4C31,32911,303700589,34873,4095,4095,0,17.02783,0.00000
534F4C31,32911,303703388,34876,4095,4095,0,17.02930,0.00000
534F4C31,32911,303705492,34882,4095,4095,0,17.03223,0.00000
534F4C31,32911,303707503,34874,4095,4095,0,17.02832,0.00000
534F4C31,32911,303709527,34876,4095,4095,0,17.02930,0.00000
534F4C31,32911,303711663,34868,4095,4095,0,17.02539,0.00000
534F4C31,32911,303713799,34855,4095,4095,0,17.01904,0.00000
534F4C31,32911,303715851,34867,4095,4095,0,17.02490,0.00000
534F4C31,32911,303718041,34851,4095,4095,0,17.01709,0.00000
534F4C31,32912,303720278,34876,4095,4095,0,17.02930,0.00000
534F4C31,32913,303724926,34864,4095,4095,0,17.02344,0.00000
534F4C31,32913,303728712,34868,4095,4095,0,17.02539,0.00000
534F4C31,32913,303730878,34877,4095,4095,0,17.02979,0.00000
534F4C31,32914,303735535,34872,4095,4095,0,17.02734,0.00000
534F4C31,32914,303739082,34866,4095,4095,0,17.02441,0.00000
534F4C31,32914,303743021,34853,4095,4095,0,17.01807,0.00000
534F4C31,32914,303745749,34860,4095,4095,0,17.02148,0.00000
534F4C31,32914,303747893,34878,4095,4095,0,17.03027,0.00000
534F4C31,32914,303749910,34870,4095,4095,0,17.02637,0.00000
534F4C31,32915,303752794,34852,4095,4095,0,17.01758,0.00000
534F4C31,32915,303757433,34882,4095,4095,0,17.03223,0.00000
534F4C31,32915,303759586,34882,4095,4095,0,17.03223,0.00000
534F4C31,32915,303762797,34871,4095,4095,0,17.02686,0.00000
534F4C31,32915,303765024,34876,4095,4095,0,17.02930,0.00000
534F4C31,32915,303767184,34885,4095,4095,0,17.03369,0.00000
534F4C31,32915,303769263,34878,4095,4095,0,17.03027,0.00000
534F4C31,32915,303771381,34882,4095,4095,0,17.03223,0.00000
534F4C31,32916,303773638,34865,4095,4095,0,17.02393,0.00000
534F4C31,32917,303777801,34866,4095,4095,0,17.02441,0.00000
534F4C31,32918,303781387,34875,4095,4095,0,17.02881,0.00000
534F4C31,32919,303786840,34883,4095,4095,0,17.03271,0.00000
534F4C31,32919,303791521,34861,4095,4095,0,17.02197,0.00000
534F4C31,32920,303795908,34869,4095,4095,0,17.02588,0.00000
534F4C31,32920,303798262,34883,4095,4095,0,17.03271,0.00000
534F4C31,32920,303802308,34864,4095,4095,0,17.02344,0.00000
534F4C31,32920,303806106,34867,4095,4095,0,17.02490,0.00000
534F4C31,32920,303808784,34870,4095,4095,0,17.02637,0.00000
534F4C31,32920,303810954,34856,4095,4095,0,17.01953,0.00000
534F4C31,32920,303813574,34865,4095,4095,0,17.02393,0.00000
534F4C31,32920,303817127,34867,4095,4095,0,17.02490,0.00000
534F4C31,32921,303819308,34868,4095,4095,0,17.02539,0.00000
534F4C31,32922,303824431,34879,4095,4095,0,17.03076,0.00000
534F4C31,32922,303826941,34856,4095,4095,0,17.01953,0.00000
534F4C31,32922,303832453,34870,4095,4095,0,17.02637,0.00000
534F4C31,32923,303835591,34870,4095,4095,0,17.02637,0.00000
534F4C31,32923,303837744,34859,4095,4095,0,17.02100,0.00000
534F4C31,32923,303842979,34855,4095,4095,0,17.01904,0.00000
534F4C31,32924,303845324,34882,4095,4095,0,17.03223,0.00000
534F4C31,32924,303849017,34877,4095,4095,0,17.02979,0.00000
534F4C31,32924,303852267,34866,4095,4095,0,17.02441,0.00000
534F4C31,32924,303854313,34868,4095,4095,0,17.02539,0.00000
534F4C31,32924,303856443,34885,4095,4095,0,17.03369,0.00000
534F4C31,32924,303859549,34871,4095,4095,0,17.02686,0.00000
534F4C31,32924,303861668,34856,4095,4095,0,17.01953,0.00000
534F4C31,32924,303863792,34868,4095,4095,0,17.02539,0.00000
534F4C31,32925,303865845,34871,4095,4095,0,17.02686,0.00000
534F4C31,32926,303870049,34875,4095,4095,0,17.02881,0.00000
534F4C31,32927,303873508,34885,4095,4095,0,17.03369,0.00000
534F4C31,32928,303878867,34885,4095,4095,0,17.03369,0.00000
534F4C31,32929,303883877,34873,4095,4095,0,17.02783,0.00000
534F4C31,32929,303889051,34869,4095,4095,0,17.02588,0.00000
534F4C31,32930,303894165,34882,4095,4095,0,17.03223,0.00000
534F4C31,32931,303898648,34859,4095,4095,0,17.02100,0.00000
534F4C31,32931,303902675,34869,4095,4095,0,17.02588,0.00000
534F4C31,32931,303905066,34870,4095,4095,0,17.02637,0.00000
534F4C31,32932,303907277,34879,4095,4095,0,17.03076,0.00000
534F4C31,32932,303913244,34877,4095,4095,0,17.02979,0.00000
534F4C31,32932,303916297,34853,4095,4095,0,17.01807,0.00000
534F4C31,32933,303918943,34885,4095,4095,0,17.03369,0.00000
534F4C31,32933,303924458,34882,4095,4095,0,17.03223,0.00000
534F4C31,32933,303926615,34884,4095,4095,0,17.03320,0.00000
534F4C31,32933,303929583,34878,4095,4095,0,17.03027,0.00000
534F4C31,32933,303931925,34874,4095,4095,0,17.02832,0.00000
534F4C31,32933,303933905,34880,4095,4095,0,17.03125,0.00000
534F4C31,32933,303935927,34869,4095,4095,0,17.02588,0.00000
534F4C31,32933,303937973,34881,4095,4095,0,17.03174,0.00000
534F4C31,32933,303940131,34874,4095,4095,0,17.02832,0.00000
534F4C31,32933,303942229,34885,4095,4095,0,17.03369,0.00000
534F4C31,32933,303944271,34878,4095,4095,0,17.03027,0.00000
534F4C31,32933,303946347,34881,4095,4095,0,17.03174,0.00000
534F4C31,32934,303948418,34872,4095,4095,0,17.02734,0.00000
534F4C31,32935,303952259,34856,4095,4095,0,17.01953,0.00000
534F4C31,32936,303955891,34857,4095,4095,0,17.02002,0.00000
534F4C31,32937,303960591,34860,4095,4095,0,17.02148,0.00000
534F4C31,32937,303965529,34872,4095,4095,0,17.02734,0.00000
534F4C31,32937,303967846,34869,4095,4095,0,17.02588,0.00000
534F4C31,32937,303969835,34857,4095,4095,0,17.02002,0.00000
534F4C31,32937,303972860,34883,4095,4095,0,17.03271,0.00000
534F4C31,32938,303975028,34870,4095,4095,0,17.02637,0.00000
534F4C31,32938,303979069,34881,4095,4095,0,17.03174,0.00000
534F4C31,32938,303981733,34854,4095,4095,0,17.01855,0.00000
534F4C31,32939,303984005,34868,4095,4095,0,17.02539,0.00000
534F4C31,32940,303989241,34852,4095,4095,0,17.01758,0.00000
534F4C31,32940,303992991,34868,4095,4095,0,17.02539,0.00000
534F4C31,32940,303995688,34872,4095,4095,0,17.02734,0.00000
534F4C31,32941,303998639,34851,4095,4095,0,17.01709,0.00000
534F4C31,32941,304003797,34875,4095,4095,0,17.02881,0.00000
534F4C31,32941,304006070,34867,4095,4095,0,17.02490,0.00000
534F4C31,32942,304010723,34854,4095,4095,0,17.01855,0.00000
534F4C31,32943,304014212,34856,4095,4095,0,17.01953,0.00000
534F4C31,32943,304019009,34861,4095,4095,0,17.02197,0.00000
534F4C31,32943,304022416,34868,4095,4095,0,17.02539,0.00000
534F4C31,32943,304024448,34853,4095,4095,0,17.01807,0.00000
534F4C31,32943,304027575,34884,4095,4095,0,17.03320,0.00000
534F4C31,32943,304029713,34867,4095,4095,0,17.02490,0.00000
534F4C31,32943,304031721,34883,4095,4095,0,17.03271,0.00000
534F4C31,32943,304033871,34868,4095,4095,0,17.02539,0.00000
534F4C31,32943,304035949,34861,4095,4095,0,17.02197,0.00000
534F4C31,32943,304038030,34873,4095,4095,0,17.02783,0.00000
534F4C31,32943,304040069,34856,4095,4095,0,17.01953,0.00000
534F4C31,32943,304042192,34864,4095,4095,0,17.02344,0.00000
534F4C31,32944,304044373,34851,4095,4095,0,17.01709,0.00000
534F4C31,32945,304048765,34883,4095,4095,0,17.03271,0.00000
534F4C31,32946,304052456,34885,4095,4095,0,17.03369,0.00000
534F4C31,32947,304057786,34870,4095,4095,0,17.02637,0.00000
534F4C31,32947,304061512,34875,4095,4095,0,17.02881,0.00000
534F4C31,32948,304065387,34866,4095,4095,0,17.02441,0.00000
534F4C31,32948,304067621,34856,4095,4095,0,17.01953,0.00000
534F4C31,32948,304074558,34855,4095,4095,0,17.01904,0.00000
534F4C31,32949,304076988,34867,4095,4095,0,17.02490,0.00000
534F4C31,32950,304081387,34855,4095,4095,0,17.01904,0.00000
534F4C31,32950,304086252,34876,4095,4095,0,17.02930,0.00000
534F4C31,32950,304090254,34867,4095,4095,0,17.02490,0.00000
534F4C31,32950,304093680,34864,4095,4095,0,17.02344,0.00000
534F4C31,32950,304096158,34877,4095,4095,0,17.02979,0.00000
534F4C31,32950,304098229,34856,4095,4095,0,17.01953,0.00000
534F4C31,32950,304100292,34875,4095,4095,0,17.02881,0.00000
534F4C31,32950,304102980,34849,4095,4095,0,17.01611,0.00000
534F4C31,32951,304105397,34889,4095,4095,0,17.03564,0.00000
534F4C31,32951,304109862,34859,4095,4095,0,17.02100,0.00000
534F4C31,32951,304112082,34867,4095,4095,0,17.02490,0.00000
534F4C31,32951,304115123,34853,4095,4095,0,17.01807,0.00000
534F4C31,32951,304117269,34882,4095,4095,0,17.03223,0.00000
534F4C31,32951,304119382,34864,4095,4095,0,17.02344,0.00000
534F4C31,32951,304121380,34860,4095,4095,0,17.02148,0.00000
534F4C31,32951,304123500,34868,4095,4095,0,17.02539,0.00000
534F4C31,32951,304125569,34854,4095,4095,0,17.01855,0.00000
534F4C31,32951,304127571,34867,4095,4095,0,17.02490,0.00000
534F4C31,32952,304129666,34856,4095,4095,0,17.01953,0.00000
534F4C31,32953,304134126,34883,4095,4095,0,17.03271,0.00000
534F4C31,32954,304137808,34882,4095,4095,0,17.03223,0.00000
534F4C31,32955,304144001,34872,4095,4095,0,17.02734,0.00000
534F4C31,32955,304146240,34868,4095,4095,0,17.02539,0.00000
534F4C31,32955,304150175,34884,4095,4095,0,17.03320,0.00000
534F4C31,32955,304153982,34871,4095,4095,0,17.02686,0.00000
534F4C31,32955,304157392,34855,4095,4095,0,17.01904,0.00000
534F4C31,32956,304159462,34884,4095,4095,0,17.03320,0.00000
534F4C31,32957,304163603,34872,4095,4095,0,17.02734,0.00000
534F4C31,32957,304168413,34885,4095,4095,0,17.03369,0.00000
534F4C31,32957,304171163,34881,4095,4095,0,17.03174,0.00000
534F4C31,32957,304175194,34873,4095,4095,0,17.02783,0.00000
534F4C31,32958,304177584,34873,4095,4095,0,17.02783,0.00000
534F4C31,32958,304181099,34855,4095,4095,0,17.01904,0.00000
534F4C31,32959,304185468,34868,4095,4095,0,17.02539,0.00000
534F4C31,32960,304189707,34860,4095,4095,0,17.02148,0.00000
534F4C31,32960,304192252,34866,4095,4095,0,17.02441,0.00000
534F4C31,32960,304197349,34854,4095,4095,0,17.01855,0.00000
534F4C31,32960,304200721,34879,4095,4095,0,17.03076,0.00000
534F4C31,32960,304203079,34861,4095,4095,0,17.02197,0.00000
534F4C31,32960,304205800,34864,4095,4095,0,17.02344,0.00000
534F4C31,32961,304208206,34872,4095,4095,0,17.02734,0.00000
534F4C31,32961,304213517,34861,4095,4095,0,17.02197,0.00000
534F4C31,32962,304216336,34868,4095,4095,0,17.02539,0.00000
534F4C31,32963,304220693,34857,4095,4095,0,17.02002,0.00000
534F4C31,32964,304224107,34876,4095,4095,0,17.02930,0.00000
534F4C31,32964,304228822,34870,4095,4095,0,17.02637,0.00000
534F4C31,32964,304232510,34867,4095,4095,0,17.02490,0.00000
534F4C31,32965,304235305,34857,4095,4095,0,17.02002,0.00000
534F4C31,32966,304239967,34881,4095,4095,0,17.03174,0.00000
534F4C31,32966,304244961,34872,4095,4095,0,17.02734,0.00000
534F4C31,32966,304249250,34865,4095,4095,0,17.02393,0.00000
534F4C31,32966,304251462,34871,4095,4095,0,17.02686,0.00000
534F4C31,32966,304253601,34859,4095,4095,0,17.02100,0.00000
534F4C31,32967,304256730,34882,4095,4095,0,17.03223,0.00000
534F4C31,32968,304260698,34872,4095,4095,0,17.02734,0.00000
534F4C31,32969,304263907,34867,4095,4095,0,17.02490,0.00000
534F4C31,32970,304268755,34875,4095,4095,0,17.02881,0.00000
534F4C31,32970,304274145,34867,4095,4095,0,17.02490,0.00000
534F4C31,32970,304276955,34853,4095,4095,0,17.01807,0.00000
534F4C31,32970,304280964,34880,4095,4095,0,17.03125,0.00000
534F4C31,32970,304283549,34881,4095,4095,0,17.03174,0.00000
534F4C31,32970,304285583,34866,4095,4095,0,17.02441,0.00000
534F4C31,32970,304287761,34887,4095,4095,0,17.03467,0.00000
534F4C31,32970,304290847,34862,4095,4095,0,17.02246,0.00000
534F4C31,32970,304292946,34856,4095,4095,0,17.01953,0.00000
534F4C31,32970,304294967,34872,4095,4095,0,17.02734,0.00000
534F4C31,32970,304297067,34875,4095,4095,0,17.02881,0.00000
534F4C31,32970,304299234,34877,4095,4095,0,17.02979,0.00000
534F4C31,32970,304301587,34874,4095,4095,0,17.02832,0.00000
534F4C31,32970,304303727,34882,4095,4095,0,17.03223,0.00000
534F4C31,32970,304305964,34871,4095,4095,0,17.02686,0.00000
534F4C31,32970,304308136,34853,4095,4095,0,17.01807,0.00000
534F4C31,32970,304310197,34870,4095,4095,0,17.02637,0.00000
534F4C31,32970,304312310,34850,4095,4095,0,17.01660,0.00000
534F4C31,32970,304314339,34870,4095,4095,0,17.02637,0.00000
534F4C31,32970,304317588,34870,4095,4095,0,17.02637,0.00000
534F4C31,32970,304319795,34861,4095,4095,0,17.02197,0.00000
534F4C31,32971,304321869,34866,4095,4095,0,17.02441,0.00000
534F4C31,32971,304326735,34879,4095,4095,0,17.03076,0.00000
534F4C31,32971,304328787,34870,4095,4095,0,17.02637,0.00000
534F4C31,32972,304332383,34860,4095,4095,0,17.02148,0.00000
534F4C31,32973,304336639,34887,4095,4095,0,17.03467,0.00000
534F4C31,32974,304340339,34858,4095,4095,0,17.02051,0.00000
534F4C31,32975,304345276,34857,4095,4095,0,17.02002,0.00000
534F4C31,32975,304350080,34882,4095,4095,0,17.03223,0.00000
534F4C31,32975,304353000,34871,4095,4095,0,17.02686,0.00000
534F4C31,32976,304357137,34865,4095,4095,0,17.02393,0.00000
534F4C31,32976,304360516,34865,4095,4095,0,17.02393,0.00000
534F4C31,32976,304363363,34857,4095,4095,0,17.02002,0.00000
534F4C31,32976,304367558,34853,4095,4095,0,17.01807,0.00000
534F4C31,32976,304369746,34880,4095,4095,0,17.03125,0.00000
534F4C31,32977,304372568,34865,4095,4095,0,17.02393,0.00000
534F4C31,32978,304376881,34877,4095,4095,0,17.02979,0.00000
534F4C31,32979,304380389,34866,4095,4095,0,17.02441,0.00000
534F4C31,32979,304386492,34874,4095,4095,0,17.02832,0.00000
534F4C31,32979,304389071,34880,4095,4095,0,17.03125,0.00000
534F4C31,32979,304391777,34866,4095,4095,0,17.02441,0.00000
534F4C31,32979,304394537,34848,4095,4095,0,17.01562,0.00000
534F4C31,32980,304396947,34883,4095,4095,0,17.03271,0.00000
534F4C31,32981,304400942,34865,4095,4095,0,17.02393,0.00000
534F4C31,32981,304404883,34870,4095,4095,0,17.02637,0.00000
534F4C31,32981,304407080,34864,4095,4095,0,17.02344,0.00000
534F4C31,32982,304410958,34878,4095,4095,0,17.03027,0.00000
534F4C31,32982,304415516,34872,4095,4095,0,17.02734,0.00000
534F4C31,32982,304417794,34875,4095,4095,0,17.02881,0.00000
534F4C31,32983,304421948,34856,4095,4095,0,17.01953,0.00000
534F4C31,32983,304425999,34856,4095,4095,0,17.01953,0.00000
534F4C31,32983,304428267,34854,4095,4095,0,17.01855,0.00000
534F4C31,32984,304430990,34864,4095,4095,0,17.02344,0.00000
534F4C31,32984,304436507,34866,4095,4095,0,17.02441,0.00000
534F4C31,32984,304439230,34886,4095,4095,0,17.03418,0.00000
534F4C31,32984,304443144,34877,4095,4095,0,17.02979,0.00000
534F4C31,32984,304445448,34865,4095,4095,0,17.02393,0.00000
534F4C31,32984,304447382,34858,4095,4095,0,17.02051,0.00000
534F4C31,32984,304449946,34871,4095,4095,0,17.02686,0.00000
534F4C31,32984,304452536,34868,4095,4095,0,17.02539,0.00000
534F4C31,32984,304454637,34883,4095,4095,0,17.03271,0.00000
534F4C31,32984,304456762,34881,4095,4095,0,17.03174,0.00000
534F4C31,32984,304458725,34883,4095,4095,0,17.03271,0.00000
534F4C31,32984,304460924,34871,4095,4095,0,17.02686,0.00000
534F4C31,32984,304463354,34853,4095,4095,0,17.01807,0.00000
534F4C31,32985,304465386,34870,4095,4095,0,17.02637,0.00000
534F4C31,32986,304469853,34855,4095,4095,0,17.01904,0.00000
534F4C31,32987,304473868,34866,4095,4095,0,17.02441,0.00000
534F4C31,32987,304479664,34875,4095,4095,0,17.02881,0.00000
534F4C31,32987,304481806,34881,4095,4095,0,17.03174,0.00000
534F4C31,32987,304485868,34868,4095,4095,0,17.02539,0.00000
534F4C31,32987,304489547,34868,4095,4095,0,17.02539,0.00000
534F4C31,32987,304491737,34876,4095,4095,0,17.02930,0.00000
534F4C31,32988,304493994,34884,4095,4095,0,17.03320,0.00000
534F4C31,32989,304497840,34881,4095,4095,0,17.03174,0.00000
534F4C31,32989,304503042,34862,4095,4095,0,17.02246,0.00000
534F4C31,32989,304506220,34883,4095,4095,0,17.03271,0.00000
534F4C31,32990,304510422,34872,4095,4095,0,17.02734,0.00000
534F4C31,32990,304514487,34854,4095,4095,0,17.01855,0.00000
534F4C31,32990,304516752,34882,4095,4095,0,17.03223,0.00000
534F4C31,32991,304519762,34867,4095,4095,0,17.02490,0.00000
534F4C31,32992,304523968,34854,4095,4095,0,17.01855,0.00000
534F4C31,32993,304526489,34880,4095,4095,0,17.03125,0.00000
534F4C31,32994,304530739,34853,4095,4095,0,17.01807,0.00000
534F4C31,32994,304536391,34883,4095,4095,0,17.03271,0.00000
534F4C31,32994,304539248,34866,4095,4095,0,17.02441,0.00000
534F4C31,32994,304541518,34860,4095,4095,0,17.02148,0.00000
534F4C31,32994,304544153,34875,4095,4095,0,17.02881,0.00000
534F4C31,32994,304546521,34866,4095,4095,0,17.02441,0.00000
534F4C31,32995,304548639,34855,4095,4095,0,17.01904,0.00000
534F4C31,32996,304552950,34867,4095,4095,0,17.02490,0.00000
534F4C31,32996,304556521,34873,4095,4095,0,17.02783,0.00000
534F4C31,32996,304561157,34867,4095,4095,0,17.02490,0.00000
534F4C31,32996,304563955,34887,4095,4095,0,17.03467,0.00000
534F4C31,32996,304566027,34866,4095,4095,0,17.02441,0.00000
534F4C31,32997,304568214,34854,4095,4095,0,17.01855,0.00000
534F4C31,32997,304571248,34861,4095,4095,0,17.02197,0.00000
534F4C31,32997,304575811,34882,4095,4095,0,17.03223,0.00000
534F4C31,32997,304577989,34872,4095,4095,0,17.02734,0.00000
534F4C31,32997,304581305,34873,4095,4095,0,17.02783,0.00000
534F4C31,32997,304583462,34859,4095,4095,0,17.02100,0.00000
534F4C31,32997,304585510,34869,4095,4095,0,17.02588,0.00000
534F4C31,32997,304587640,34854,4095,4095,0,17.01855,0.00000
534F4C31,32998,304589725,34870,4095,4095,0,17.02637,0.00000
534F4C31,32998,304594208,34879,4095,4095,0,17.03076,0.00000
534F4C31,32998,304596449,34871,4095,4095,0,17.02686,0.00000
534F4C31,32999,304598571,34879,4095,4095,0,17.03076,0.00000
534F4C31,33000,304602073,34867,4095,4095,0,17.02490,0.00000
534F4C31,33001,304606422,34865,4095,4095,0,17.02393,0.00000
534F4C31,33002,304612525,34888,4095,4095,0,17.03516,0.00000
534F4C31,33002,304618233,34875,4095,4095,0,17.02881,0.00000
534F4C31,33002,304622379,34883,4095,4095,0,17.03271,0.00000
534F4C31,33002,304625158,34866,4095,4095,0,17.02441,0.00000
534F4C31,33002,304627460,34874,4095,4095,0,17.02832,0.00000
534F4C31,33002,304629408,34882,4095,4095,0,17.03223,0.00000
534F4C31,33002,304631461,34870,4095,4095,0,17.02637,0.00000
534F4C31,33002,304633523,34882,4095,4095,0,17.03223,0.00000
534F4C31,33002,304635585,34866,4095,4095,0,17.02441,0.00000
534F4C31,33002,304637724,34858,4095,4095,0,17.02051,0.00000
534F4C31,33003,304639995,34866,4095,4095,0,17.02441,0.00000
534F4C31,33004,304644024,34855,4095,4095,0,17.01904,0.00000
534F4C31,33004,304647584,34875,4095,4095,0,17.02881,0.00000
534F4C31,33004,304650720,34859,4095,4095,0,17.02100,0.00000
534F4C31,33005,304654545,34874,4095,4095,0,17.02832,0.00000
534F4C31,33005,304657369,34884,4095,4095,0,17.03320,0.00000
534F4C31,33005,304660122,34880,4095,4095,0,17.03125,0.00000
534F4C31,33006,304663884,34871,4095,4095,0,17.02686,0.00000
534F4C31,33007,304667393,34878,4095,4095,0,17.03027,0.00000
534F4C31,33008,304670761,34863,4095,4095,0,17.02295,0.00000
534F4C31,33008,304675446,34847,4095,4095,0,17.01514,0.00000
534F4C31,33008,304680978,34888,4095,4095,0,17.03516,0.00000
534F4C31,33008,304683166,34865,4095,4095,0,17.02393,0.00000
534F4C31,33008,304685937,34877,4095,4095,0,17.02979,0.00000
534F4C31,33008,304688102,34888,4095,4095,0,17.03516,0.00000
534F4C31,33008,304690239,34864,4095,4095,0,17.02344,0.00000
534F4C31,33009,304692369,34856,4095,4095,0,17.01953,0.00000
534F4C31,33009,304696755,34868,4095,4095,0,17.02539,0.00000
534F4C31,33009,304699036,34882,4095,4095,0,17.03223,0.00000
534F4C31,33010,304701171,34874,4095,4095,0,17.02832,0.00000
534F4C31,33011,304705928,34859,4095,4095,0,17.02100,0.00000
534F4C31,33012,304710582,34854,4095,4095,0,17.01855,0.00000
534F4C31,33012,304714091,34870,4095,4095,0,17.02637,0.00000
534F4C31,33013,304719642,34860,4095,4095,0,17.02148,0.00000
534F4C31,33013,304722039,34867,4095,4095,0,17.02490,0.00000
534F4C31,33013,304727145,34867,4095,4095,0,17.02490,0.00000
534F4C31,33013,304730088,34868,4095,4095,0,17.02539,0.00000
534F4C31,33013,304732202,34870,4095,4095,0,17.02637,0.00000
534F4C31,33013,304735161,34861,4095,4095,0,17.02197,0.00000
534F4C31,33013,304737208,34870,4095,4095,0,17.02637,0.00000
534F4C31,33013,304739168,34858,4095,4095,0,17.02051,0.00000
534F4C31,33013,304741197,34865,4095,4095,0,17.02393,0.00000
534F4C31,33013,304743310,34853,4095,4095,0,17.01807,0.00000
534F4C31,33013,304745231,34866,4095,4095,0,17.02441,0.00000
534F4C31,33013,304747145,34857,4095,4095,0,17.02002,0.00000
534F4C31,33013,304749232,34868,4095,4095,0,17.02539,0.00000
534F4C31,33013,304751393,34872,4095,4095,0,17.02734,0.00000
534F4C31,33014,304753568,34882,4095,4095,0,17.03223,0.00000
534F4C31,33015,304758172,34873,4095,4095,0,17.02783,0.00000
534F4C31,33016,304761970,34863,4095,4095,0,17.02295,0.00000
534F4C31,33016,304766863,34851,4095,4095,0,17.01709,0.00000
534F4C31,33017,304771248,34882,4095,4095,0,17.03223,0.00000
534F4C31,33017,304774861,34853,4095,4095,0,17.01807,0.00000
534F4C31,33017,304777872,34879,4095,4095,0,17.03076,0.00000
534F4C31,33017,304781369,34863,4095,4095,0,17.02295,0.00000
534F4C31,33017,304784217,34867,4095,4095,0,17.02490,0.00000
534F4C31,33017,304787150,34868,4095,4095,0,17.02539,0.00000
534F4C31,33017,304789237,34880,4095,4095,0,17.03125,0.00000
534F4C31,33017,304791399,34867,4095,4095,0,17.02490,0.00000
534F4C31,33018,304793511,34856,4095,4095,0,17.01953,0.00000
534F4C31,33018,304797212,34866,4095,4095,0,17.02441,0.00000
534F4C31,33018,304800266,34868,4095,4095,0,17.02539,0.00000
534F4C31,33019,304802402,34870,4095,4095,0,17.02637,0.00000
534F4C31,33020,304807033,34884,4095,4095,0,17.03320,0.00000
534F4C31,33021,304811616,34865,4095,4095,0,17.02393,0.00000
534F4C31,33022,304818492,34871,4095,4095,0,17.02686,0.00000
534F4C31,33022,304822903,34863,4095,4095,0,17.02295,0.00000
534F4C31,33023,304825173,34867,4095,4095,0,17.02490,0.00000
534F4C31,33024,304830147,34886,4095,4095,0,17.03418,0.00000
534F4C31,33025,304834629,34869,4095,4095,0,17.02588,0.00000
534F4C31,33025,304839700,34873,4095,4095,0,17.02783,0.00000
534F4C31,33025,304842602,34868,4095,4095,0,17.02539,0.00000
534F4C31,33025,304844757,34864,4095,4095,0,17.02344,0.00000
534F4C31,33025,304847517,34879,4095,4095,0,17.03076,0.00000
534F4C31,33025,304849886,34869,4095,4095,0,17.02588,0.00000
534F4C31,33025,304851881,34855,4095,4095,0,17.01904,0.00000
534F4C31,33025,304853716,34866,4095,4095,0,17.02441,0.00000
534F4C31,33025,304855738,34861,4095,4095,0,17.02197,0.00000
534F4C31,33025,304857838,34870,4095,4095,0,17.02637,0.00000
534F4C31,33025,304859961,34855,4095,4095,0,17.01904,0.00000
534F4C31,33025,304862006,34881,4095,4095,0,17.03174,0.00000
534F4C31,33025,304864056,34874,4095,4095,0,17.02832,0.00000
534F4C31,33025,304866176,34884,4095,4095,0,17.03320,0.00000
534F4C31,33025,304868294,34868,4095,4095,0,17.02539,0.00000
534F4C31,33025,304870306,34879,4095,4095,0,17.03076,0.00000
534F4C31,33025,304872183,34873,4095,4095,0,17.02783,0.00000
534F4C31,33025,304874090,34884,4095,4095,0,17.03320,0.00000
534F4C31,33026,304876225,34878,4095,4095,0,17.03027,0.00000
534F4C31,33027,304880163,34883,4095,4095,0,17.03271,0.00000
534F4C31,33028,304883757,34852,4095,4095,0,17.01758,0.00000
534F4C31,33029,304890137,34867,4095,4095,0,17.02490,0.00000
534F4C31,33029,304894611,34866,4095,4095,0,17.02441,0.00000
534F4C31,33029,304897524,34870,4095,4095,0,17.02637,0.00000
534F4C31,33029,304900270,34867,4095,4095,0,17.02490,0.00000
534F4C31,33029,304902585,34856,4095,4095,0,17.01953,0.00000
534F4C31,33029,304905250,34868,4095,4095,0,17.02539,0.00000
534F4C31,33029,304907480,34871,4095,4095,0,17.02686,0.00000
534F4C31,33030,304909481,34881,4095,4095,0,17.03174,0.00000
534F4C31,33031,304913905,34868,4095,4095,0,17.02539,0.00000
534F4C31,33032,304917767,34863,4095,4095,0,17.02295,0.00000
534F4C31,33033,304923510,34871,4095,4095,0,17.02686,0.00000
534F4C31,33033,304927782,34860,4095,4095,0,17.02148,0.00000
534F4C31,33033,304931871,34870,4095,4095,0,17.02637,0.00000
534F4C31,33033,304933868,34873,4095,4095,0,17.02783,0.00000
534F4C31,33033,304936455,34862,4095,4095,0,17.02246,0.00000
534F4C31,33033,304938738,34863,4095,4095,0,17.02295,0.00000
534F4C31,33033,304940795,34856,4095,4095,0,17.01953,0.00000
534F4C31,33033,304942822,34868,4095,4095,0,17.02539,0.00000
534F4C31,33033,304944864,34855,4095,4095,0,17.01904,0.00000
534F4C31,33033,304947011,34864,4095,4095,0,17.02344,0.00000
534F4C31,33034,304949103,34858,4095,4095,0,17.02051,0.00000
534F4C31,33034,304953419,34865,4095,4095,0,17.02393,0.00000
534F4C31,33034,304955801,34875,4095,4095,0,17.02881,0.00000
534F4C31,33034,304958553,34873,4095,4095,0,17.02783,0.00000
534F4C31,33034,304960953,34859,4095,4095,0,17.02100,0.00000
534F4C31,33034,304963083,34879,4095,4095,0,17.03076,0.00000
534F4C31,33034,304965198,34871,4095,4095,0,17.02686,0.00000
534F4C31,33034,304967268,34880,4095,4095,0,17.03125,0.00000
534F4C31,33035,304969343,34875,4095,4095,0,17.02881,0.00000
534F4C31,33036,304973909,34860,4095,4095,0,17.02148,0.00000
534F4C31,33037,304978061,34870,4095,4095,0,17.02637,0.00000
534F4C31,33038,304983722,34867,4095,4095,0,17.02490,0.00000
534F4C31,33038,304987598,34867,4095,4095,0,17.02490,0.00000
534F4C31,33038,304990562,34880,4095,4095,0,17.03125,0.00000
534F4C31,33038,304992632,34866,4095,4095,0,17.02441,0.00000
534F4C31,33038,304995333,34882,4095,4095,0,17.03223,0.00000
534F4C31,33039,304997542,34866,4095,4095,0,17.02441,0.00000
534F4C31,33040,305001906,34854,4095,4095,0,17.01855,0.00000
534F4C31,33041,305005683,34869,4095,4095,0,17.02588,0.00000
534F4C31,33042,305010279,34871,4095,4095,0,17.02686,0.00000
534F4C31,33042,305014962,34871,4095,4095,0,17.02686,0.00000
534F4C31,33042,305018358,34867,4095,4095,0,17.02490,0.00000
534F4C31,33042,305021250,34873,4095,4095,0,17.02783,0.00000
534F4C31,33042,305023459,34872,4095,4095,0,17.02734,0.00000
534F4C31,33042,305025503,34882,4095,4095,0,17.03223,0.00000
534F4C31,33042,305027624,34871,4095,4095,0,17.02686,0.00000
534F4C31,33043,305029750,34887,4095,4095,0,17.03467,0.00000
534F4C31,33044,305033956,34871,4095,4095,0,17.02686,0.00000
534F4C31,33044,305037457,34861,4095,4095,0,17.02197,0.00000
534F4C31,33044,305041676,34867,4095,4095,0,17.02490,0.00000
534F4C31,33044,305044539,34868,4095,4095,0,17.02539,0.00000
534F4C31,33044,305046547,34874,4095,4095,0,17.02832,0.00000
534F4C31,33044,305049242,34883,4095,4095,0,17.03271,0.00000
534F4C31,33044,305051681,34872,4095,4095,0,17.02734,0.00000
534F4C31,33044,305053765,34856,4095,4095,0,17.01953,0.00000
534F4C31,33044,305055723,34867,4095,4095,0,17.02490,0.00000
534F4C31,33044,305057811,34856,4095,4095,0,17.01953,0.00000
534F4C31,33044,305059887,34869,4095,4095,0,17.02588,0.00000
534F4C31,33044,305061956,34860,4095,4095,0,17.02148,0.00000
534F4C31,33044,305064053,34883,4095,4095,0,17.03271,0.00000
534F4C31,33045,305067185,34866,4095,4095,0,17.02441,0.00000
534F4C31,33046,305071833,34854,4095,4095,0,17.01855,0.00000
534F4C31,33047,305076105,34885,4095,4095,0,17.03369,0.00000
534F4C31,33047,305082336,34855,4095,4095,0,17.01904,0.00000
534F4C31,33047,305084656,34855,4095,4095,0,17.01904,0.00000
534F4C31,33048,305087445,34883,4095,4095,0,17.03271,0.00000
534F4C31,33049,305092585,34866,4095,4095,0,17.02441,0.00000
534F4C31,33049,305096192,34886,4095,4095,0,17.03418,0.00000
534F4C31,33049,305100332,34883,4095,4095,0,17.03271,0.00000
534F4C31,33049,305103733,34881,4095,4095,0,17.03174,0.00000
534F4C31,33049,305105924,34869,4095,4095,0,17.02588,0.00000
534F4C31,33050,305108163,34856,4095,4095,0,17.01953,0.00000
534F4C31,33050,305113331,34876,4095,4095,0,17.02930,0.00000
534F4C31,33050,305115621,34855,4095,4095,0,17.01904,0.00000
534F4C31,33050,305118371,34867,4095,4095,0,17.02490,0.00000
534F4C31,33050,305121041,34872,4095,4095,0,17.02734,0.00000
534F4C31,33050,305123232,34884,4095,4095,0,17.03320,0.00000
534F4C31,33050,305125239,34867,4095,4095,0,17.02490,0.00000
534F4C31,33050,305127429,34853,4095,4095,0,17.01807,0.00000
534F4C31,33051,305129577,34860,4095,4095,0,17.02148,0.00000
534F4C31,33052,305133834,34880,4095,4095,0,17.03125,0.00000
534F4C31,33053,305137129,34872,4095,4095,0,17.02734,0.00000
534F4C31,33054,305143508,34875,4095,4095,0,17.02881,0.00000
534F4C31,33055,305148258,34882,4095,4095,0,17.03223,0.00000
534F4C31,33055,305153289,34875,4095,4095,0,17.02881,0.00000
534F4C31,33056,305157985,34884,4095,4095,0,17.03320,0.00000
534F4C31,33056,305161980,34871,4095,4095,0,17.02686,0.00000
534F4C31,33056,305164924,34863,4095,4095,0,17.02295,0.00000
534F4C31,33056,305167808,34869,4095,4095,0,17.02588,0.00000
534F4C31,33056,305169933,34859,4095,4095,0,17.02100,0.00000
534F4C31,33056,305171951,34869,4095,4095,0,17.02588,0.00000
534F4C31,33056,305174037,34855,4095,4095,0,17.01904,0.00000
534F4C31,33056,305176174,34863,4095,4095,0,17.02295,0.00000
534F4C31,33057,305178340,34855,4095,4095,0,17.01904,0.00000
534F4C31,33058,305182419,34883,4095,4095,0,17.03271,0.00000
534F4C31,33059,305187139,34853,4095,4095,0,17.01807,0.00000
534F4C31,33059,305192350,34879,4095,4095,0,17.03076,0.00000
534F4C31,33059,305194572,34859,4095,4095,0,17.02100,0.00000
534F4C31,33060,305196584,34883,4095,4095,0,17.03271,0.00000
534F4C31,33060,305202009,34875,4095,4095,0,17.02881,0.00000
534F4C31,33060,305204222,34882,4095,4095,0,17.03223,0.00000
534F4C31,33060,305207418,34874,4095,4095,0,17.02832,0.00000
534F4C31,33060,305210370,34873,4095,4095,0,17.02783,0.00000
534F4C31,33060,305212442,34885,4095,4095,0,17.03369,0.00000
534F4C31,33060,305214625,34867,4095,4095,0,17.02490,0.00000
534F4C31,33061,305216900,34860,4095,4095,0,17.02148,0.00000
534F4C31,33062,305219785,34869,4095,4095,0,17.02588,0.00000
534F4C31,33063,305222910,34868,4095,4095,0,17.02539,0.00000
534F4C31,33064,305225805,34876,4095,4095,0,17.02930,0.00000
534F4C31,33065,305228762,34858,4095,4095,0,17.02051,0.00000
534F4C31,33066,305231700,34883,4095,4095,0,17.03271,0.00000
534F4C31,33066,305238009,34876,4095,4095,0,17.02930,0.00000
534F4C31,33066,305240200,34859,4095,4095,0,17.02100,0.00000
534F4C31,33066,305242202,34873,4095,4095,0,17.02783,0.00000
534F4C31,33066,305245837,34854,4095,4095,0,17.01855,0.00000
534F4C31,33067,305248072,34858,4095,4095,0,17.02051,0.00000
534F4C31,33068,305251447,34869,4095,4095,0,17.02588,0.00000
534F4C31,33069,305255433,34870,4095,4095,0,17.02637,0.00000
534F4C31,33069,305259231,34871,4095,4095,0,17.02686,0.00000
534F4C31,33069,305263609,34879,4095,4095,0,17.03076,0.00000
534F4C31,33069,305266431,34874,4095,4095,0,17.02832,0.00000
534F4C31,33069,305269382,34871,4095,4095,0,17.02686,0.00000
534F4C31,33069,305271575,34860,4095,4095,0,17.02148,0.00000
534F4C31,33069,305273633,34863,4095,4095,0,17.02295,0.00000
534F4C31,33069,305275696,34867,4095,4095,0,17.02490,0.00000
534F4C31,33069,305277813,34882,4095,4095,0,17.03223,0.00000
534F4C31,33069,305280025,34873,4095,4095,0,17.02783,0.00000
534F4C31,33069,305282092,34875,4095,4095,0,17.02881,0.00000
534F4C31,33069,305284232,34878,4095,4095,0,17.03027,0.00000
534F4C31,33069,305286229,34884,4095,4095,0,17.03320,0.00000
534F4C31,33069,305288313,34867,4095,4095,0,17.02490,0.00000
534F4C31,33069,305290340,34847,4095,4095,0,17.01514,0.00000
534F4C31,33069,305292414,34868,4095,4095,0,17.02539,0.00000
534F4C31,33070,305294515,34856,4095,4095,0,17.01953,0.00000
534F4C31,33070,305298917,34869,4095,4095,0,17.02588,0.00000
534F4C31,33070,305301224,34883,4095,4095,0,17.03271,0.00000
534F4C31,33071,305303414,34871,4095,4095,0,17.02686,0.00000
534F4C31,33071,305307829,34859,4095,4095,0,17.02100,0.00000
534F4C31,33071,305311393,34869,4095,4095,0,17.02588,0.00000
534F4C31,33071,305314168,34851,4095,4095,0,17.01709,0.00000
534F4C31,33072,305317544,34883,4095,4095,0,17.03271,0.00000
534F4C31,33072,305322850,34879,4095,4095,0,17.03076,0.00000
534F4C31,33072,305326351,34854,4095,4095,0,17.01855,0.00000
534F4C31,33073,305328699,34886,4095,4095,0,17.03418,0.00000
534F4C31,33073,305332892,34875,4095,4095,0,17.02881,0.00000
534F4C31,33073,305335218,34868,4095,4095,0,17.02539,0.00000
534F4C31,33074,305337361,34854,4095,4095,0,17.01855,0.00000
534F4C31,33074,305342288,34883,4095,4095,0,17.03271,0.00000
534F4C31,33074,305344928,34880,4095,4095,0,17.03125,0.00000
534F4C31,33074,305346968,34867,4095,4095,0,17.02490,0.00000
534F4C31,33074,305349681,34850,4095,4095,0,17.01660,0.00000
534F4C31,33074,305351984,34880,4095,4095,0,17.03125,0.00000
534F4C31,33074,305354098,34871,4095,4095,0,17.02686,0.00000
534F4C31,33074,305356259,34856,4095,4095,0,17.01953,0.00000
534F4C31,33075,305358385,34867,4095,4095,0,17.02490,0.00000
534F4C31,33076,305362426,34851,4095,4095,0,17.01709,0.00000
534F4C31,33077,305366105,34857,4095,4095,0,17.02002,0.00000
534F4C31,33078,305373161,34860,4095,4095,0,17.02148,0.00000
534F4C31,33078,305376336,34881,4095,4095,0,17.03174,0.00000
534F4C31,33078,305381172,34882,4095,4095,0,17.03223,0.00000
534F4C31,33078,305383457,34850,4095,4095,0,17.01660,0.00000
534F4C31,33078,305386581,34863,4095,4095,0,17.02295,0.00000
534F4C31,33078,305388826,34875,4095,4095,0,17.02881,0.00000
534F4C31,33078,305390916,34887,4095,4095,0,17.03467,0.00000
534F4C31,33078,305393020,34870,4095,4095,0,17.02637,0.00000
534F4C31,33078,305395076,34850,4095,4095,0,17.01660,0.00000
534F4C31,33078,305397048,34870,4095,4095,0,17.02637,0.00000
534F4C31,33079,305398918,34857,4095,4095,0,17.02002,0.00000
534F4C31,33080,305403289,34868,4095,4095,0,17.02539,0.00000
534F4C31,33081,305407162,34881,4095,4095,0,17.03174,0.00000
534F4C31,33082,305411123,34886,4095,4095,0,17.03418,0.00000
534F4C31,33083,305415440,34884,4095,4095,0,17.03320,0.00000
534F4C31,33084,305420967,34871,4095,4095,0,17.02686,0.00000
534F4C31,33084,305425540,34863,4095,4095,0,17.02295,0.00000
534F4C31,33084,305430531,34878,4095,4095,0,17.03027,0.00000
534F4C31,33084,305432774,34862,4095,4095,0,17.02246,0.00000
534F4C31,33084,305434867,34856,4095,4095,0,17.01953,0.00000
534F4C31,33085,305437609,34885,4095,4095,0,17.03369,0.00000
534F4C31,33086,305442191,34867,4095,4095,0,17.02490,0.00000
534F4C31,33086,305446301,34881,4095,4095,0,17.03174,0.00000
534F4C31,33086,305450225,34885,4095,4095,0,17.03369,0.00000
534F4C31,33087,305453146,34881,4095,4095,0,17.03174,0.00000
534F4C31,33088,305458195,34868,4095,4095,0,17.02539,0.00000
534F4C31,33088,305462592,34878,4095,4095,0,17.03027,0.00000
534F4C31,33088,305466061,34855,4095,4095,0,17.01904,0.00000
534F4C31,33088,305468796,34885,4095,4095,0,17.03369,0.00000
534F4C31,33088,305471035,34864,4095,4095,0,17.02344,0.00000
534F4C31,33088,305473977,34875,4095,4095,0,17.02881,0.00000
534F4C31,33088,305476105,34886,4095,4095,0,17.03418,0.00000
534F4C31,33088,305478120,34871,4095,4095,0,17.02686,0.00000
534F4C31,33088,305480204,34879,4095,4095,0,17.03076,0.00000
534F4C31,33088,305482478,34875,4095,4095,0,17.02881,0.00000
534F4C31,33088,305484516,34854,4095,4095,0,17.01855,0.00000
534F4C31,33088,305486643,34867,4095,4095,0,17.02490,0.00000
534F4C31,33088,305488884,34849,4095,4095,0,17.01611,0.00000
534F4C31,33089,305492311,34862,4095,4095,0,17.02246,0.00000
534F4C31,33089,305495924,34872,4095,4095,0,17.02734,0.00000
534F4C31,33089,305498090,34868,4095,4095,0,17.02539,0.00000
534F4C31,33089,305502033,34856,4095,4095,0,17.01953,0.00000
534F4C31,33089,305504201,34857,4095,4095,0,17.02002,0.00000
534F4C31,33089,305506289,34871,4095,4095,0,17.02686,0.00000
534F4C31,33089,305508298,34859,4095,4095,0,17.02100,0.00000
534F4C31,33089,305511171,34867,4095,4095,0,17.02490,0.00000
534F4C31,33090,305513536,34871,4095,4095,0,17.02686,0.00000
534F4C31,33090,305517741,34857,4095,4095,0,17.02002,0.00000
534F4C31,33090,305520039,34861,4095,4095,0,17.02197,0.00000
534F4C31,33090,305522039,35058,4095,4095,0,17.11816,0.00000
534F4C31,33091,305526138,36125,4095,4095,0,17.63916,0.00000
534F4C31,33091,305529849,36868,4095,4095,0,18.00195,0.00000
534F4C31,33091,305532931,36914,4095,4095,0,18.02441,0.00000
534F4C31,33091,305535148,36903,4095,4095,0,18.01904,0.00000
534F4C31,33091,305537204,36917,4095,4095,0,18.02588,0.00000
534F4C31,33091,305539150,36908,4095,4095,0,18.02148,0.00000
534F4C31,33092,305541094,36921,4095,4095,0,18.02783,0.00000
534F4C31,33093,305545552,36916,4095,4095,0,18.02539,0.00000
534F4C31,33094,305548808,36916,4095,4095,0,18.02539,0.00000
534F4C31,33095,305555271,36901,4095,4095,0,18.01807,0.00000
534F4C31,33095,305559212,36932,4095,4095,0,18.03320,0.00000
534F4C31,33095,305562030,36931,4095,4095,0,18.03271,0.00000
534F4C31,33096,305566442,36913,4095,4095,0,18.02393,0.00000
534F4C31,33096,305570420,36931,4095,4095,0,18.03271,0.00000
534F4C31,33096,305572825,36929,4095,4095,0,18.03174,0.00000
534F4C31,33097,305574891,36926,4095,4095,0,18.03027,0.00000
534F4C31,33098,305580144,36931,4095,4095,0,18.03271,0.00000
534F4C31,33098,305584822,36921,4095,4095,0,18.02783,0.00000
534F4C31,33098,305587250,36924,4095,4095,0,18.02930,0.00000
534F4C31,33098,305589238,36934,4095,4095,0,18.03418,0.00000
534F4C31,33098,305592762,36918,4095,4095,0,18.02637,0.00000
534F4C31,33099,305595572,36915,4095,4095,0,18.02490,0.00000
534F4C31,33099,305598822,36907,4095,4095,0,18.02100,0.00000
534F4C31,33099,305603266,36908,4095,4095,0,18.02148,0.00000
534F4C31,33099,305606701,36903,4095,4095,0,18.01904,0.00000
534F4C31,33099,305608800,36907,4095,4095,0,18.02100,0.00000
534F4C31,33099,305610848,36914,4095,4095,0,18.02441,0.00000
534F4C31,33099,305612888,36906,4095,4095,0,18.02051,0.00000
534F4C31,33099,305615551,36917,4095,4095,0,18.02588,0.00000
534F4C31,33099,305617664,36919,4095,4095,0,18.02686,0.00000
534F4C31,33099,305619780,36932,4095,4095,0,18.03320,0.00000
534F4C31,33099,305621928,36926,4095,4095,0,18.03027,0.00000
534F4C31,33100,305623954,36931,4095,4095,0,18.03271,0.00000
534F4C31,33101,305629631,36932,4095,4095,0,18.03320,0.00000
534F4C31,33102,305634911,36906,4095,4095,0,18.02051,0.00000
534F4C31,33102,305640359,36901,4095,4095,0,18.01807,0.00000
534F4C31,33103,305643397,36916,4095,4095,0,18.02539,0.00000
534F4C31,33103,305647255,36918,4095,4095,0,18.02637,0.00000
534F4C31,33103,305650593,36932,4095,4095,0,18.03320,0.00000
534F4C31,33103,305653633,36923,4095,4095,0,18.02881,0.00000
534F4C31,33104,305656521,36905,4095,4095,0,18.02002,0.00000
534F4C31,33104,305660758,36914,4095,4095,0,18.02441,0.00000
534F4C31,33104,305663016,36932,4095,4095,0,18.03320,0.00000
534F4C31,33104,305665125,36920,4095,4095,0,18.02734,0.00000
534F4C31,33104,305668056,36908,4095,4095,0,18.02148,0.00000
534F4C31,33104,305670161,36932,4095,4095,0,18.03320,0.00000
534F4C31,33104,305672218,36921,4095,4095,0,18.02783,0.00000
534F4C31,33105,305674326,36934,4095,4095,0,18.03418,0.00000
534F4C31,33106,305679085,36924,4095,4095,0,18.02930,0.00000
534F4C31,33107,305682699,36933,4095,4095,0,18.03369,0.00000
534F4C31,33108,305687686,36931,4095,4095,0,18.03271,0.00000
534F4C31,33108,305692444,36925,4095,4095,0,18.02979,0.00000
534F4C31,33108,305694618,36904,4095,4095,0,18.01953,0.00000
534F4C31,33109,305697800,36915,4095,4095,0,18.02490,0.00000
534F4C31,33110,305702129,36915,4095,4095,0,18.02490,0.00000
534F4C31,33110,305705712,36922,4095,4095,0,18.02832,0.00000
534F4C31,33110,305709386,36916,4095,4095,0,18.02539,0.00000
534F4C31,33111,305712693,36916,4095,4095,0,18.02539,0.00000
534F4C31,33112,305715927,36924,4095,4095,0,18.02930,0.00000
534F4C31,33112,305721888,36943,4095,4095,0,18.03857,0.00000
534F4C31,33112,305724072,36915,4095,4095,0,18.02490,0.00000
534F4C31,33113,305727185,36917,4095,4095,0,18.02588,0.00000
534F4C31,33113,305731910,36907,4095,4095,0,18.02100,0.00000
534F4C31,33113,305734546,36927,4095,4095,0,18.03076,0.00000
534F4C31,33113,305736620,36928,4095,4095,0,18.03125,0.00000
534F4C31,33113,305739477,36927,4095,4095,0,18.03076,0.00000
534F4C31,33114,305742218,36921,4095,4095,0,18.02783,0.00000
534F4C31,33115,305746904,36933,4095,4095,0,18.03369,0.00000
534F4C31,33115,305751641,36920,4095,4095,0,18.02734,0.00000
534F4C31,33115,305755712,36914,4095,4095,0,18.02441,0.00000
534F4C31,33115,305757868,36924,4095,4095,0,18.02930,0.00000
534F4C31,33115,305759911,36933,4095,4095,0,18.03369,0.00000
534F4C31,33115,305762523,36917,4095,4095,0,18.02588,0.00000
534F4C31,33115,305764946,36904,4095,4095,0,18.01953,0.00000
534F4C31,33115,305766960,36916,4095,4095,0,18.02539,0.00000
534F4C31,33115,305768858,36924,4095,4095,0,18.02930,0.00000
534F4C31,33115,305770808,36928,4095,4095,0,18.03125,0.00000
534F4C31,33115,305772781,36928,4095,4095,0,18.03125,0.00000
534F4C31,33115,305774892,36930,4095,4095,0,18.03223,0.00000
534F4C31,33115,305777043,36917,4095,4095,0,18.02588,0.00000
534F4C31,33115,305779103,36936,4095,4095,0,18.03516,0.00000
534F4C31,33115,305781104,36924,4095,4095,0,18.02930,0.00000
534F4C31,33116,305783219,36931,4095,4095,0,18.03271,0.00000
534F4C31,33117,305787746,36915,4095,4095,0,18.02490,0.00000
534F4C31,33118,305791311,36914,4095,4095,0,18.02441,0.00000
534F4C31,33118,305796684,36928,4095,4095,0,18.03125,0.00000
534F4C31,33118,305799508,36935,4095,4095,0,18.03467,0.00000
534F4C31,33119,305802191,36916,4095,4095,0,18.02539,0.00000
534F4C31,33120,305805841,36918,4095,4095,0,18.02637,0.00000
534F4C31,33120,305810040,36919,4095,4095,0,18.02686,0.00000
534F4C31,33120,305812258,36916,4095,4095,0,18.02539,0.00000
534F4C31,33121,305815077,36934,4095,4095,0,18.03418,0.00000
534F4C31,33122,305819657,36932,4095,4095,0,18.03320,0.00000
534F4C31,33123,305823326,36932,4095,4095,0,18.03320,0.00000
534F4C31,33123,305829145,36933,4095,4095,0,18.03369,0.00000
534F4C31,33123,305831421,36925,4095,4095,0,18.02979,0.00000
534F4C31,33124,305834184,36906,4095,4095,0,18.02051,0.00000
534F4C31,33125,305839869,36916,4095,4095,0,18.02539,0.00000
534F4C31,33125,305843419,36907,4095,4095,0,18.02100,0.00000
534F4C31,33125,305845449,36911,4095,4095,0,18.02295,0.00000
534F4C31,33126,305848340,36912,4095,4095,0,18.02344,0.00000
534F4C31,33127,305852793,36918,4095,4095,0,18.02637,0.00000
534F4C31,33128,305855381,36919,4095,4095,0,18.02686,0.00000
534F4C31,33129,305862091,36916,4095,4095,0,18.02539,0.00000
534F4C31,33130,305867503,36935,4095,4095,0,18.03467,0.00000
534F4C31,33130,305872706,36914,4095,4095,0,18.02441,0.00000
534F4C31,33130,305876790,36921,4095,4095,0,18.02783,0.00000
534F4C31,33130,305878951,36915,4095,4095,0,18.02490,0.00000
534F4C31,33130,305881054,36902,4095,4095,0,18.01855,0.00000
534F4C31,33130,305883780,36920,4095,4095,0,18.02734,0.00000
534F4C31,33130,305886154,36923,4095,4095,0,18.02881,0.00000
534F4C31,33130,305888159,36929,4095,4095,0,18.03174,0.00000
534F4C31,33130,305890207,36923,4095,4095,0,18.02881,0.00000
534F4C31,33130,305892164,36934,4095,4095,0,18.03418,0.00000
534F4C31,33130,305894254,36913,4095,4095,0,18.02393,0.00000
534F4C31,33130,305896335,36906,4095,4095,0,18.02051,0.00000
534F4C31,33130,305898458,36918,4095,4095,0,18.02637,0.00000
534F4C31,33130,305900522,36898,4095,4095,0,18.01660,0.00000
534F4C31,33130,305902551,36913,4095,4095,0,18.02393,0.00000
534F4C31,33130,305904745,36913,4095,4095,0,18.02393,0.00000
534F4C31,33131,305907060,36933,4095,4095,0,18.03369,0.00000
534F4C31,33131,305911812,36915,4095,4095,0,18.02490,0.00000
534F4C31,33131,305914075,36917,4095,4095,0,18.02588,0.00000
534F4C31,33131,305917026,36909,4095,4095,0,18.02197,0.00000
534F4C31,33131,305919214,36933,4095,4095,0,18.03369,0.00000
534F4C31,33131,305921217,36917,4095,4095,0,18.02588,0.00000
534F4C31,33131,305923356,36908,4095,4095,0,18.02148,0.00000
534F4C31,33131,305925509,36913,4095,4095,0,18.02393,0.00000
534F4C31,33131,305927544,36908,4095,4095,0,18.02148,0.00000
534F4C31,33131,305929601,36919,4095,4095,0,18.02686,0.00000
534F4C31,33131,305931642,36903,4095,4095,0,18.01904,0.00000
534F4C31,33131,305933805,36917,4095,4095,0,18.02588,0.00000
534F4C31,33132,305935980,36925,4095,4095,0,18.02979,0.00000
534F4C31,33133,305940621,36931,4095,4095,0,18.03271,0.00000
534F4C31,33134,305945617,36904,4095,4095,0,18.01953,0.00000
534F4C31,33135,305950152,36910,4095,4095,0,18.02246,0.00000
534F4C31,33135,305955685,36919,4095,4095,0,18.02686,0.00000
534F4C31,33135,305957905,36929,4095,4095,0,18.03174,0.00000
534F4C31,33136,305961288,36926,4095,4095,0,18.03027,0.00000
534F4C31,33136,305965997,36910,4095,4095,0,18.02246,0.00000
534F4C31,33136,305969413,36920,4095,4095,0,18.02734,0.00000
534F4C31,33136,305972977,36930,4095,4095,0,18.03223,0.00000
534F4C31,33136,305975211,36916,4095,4095,0,18.02539,0.00000
534F4C31,33136,305977807,36933,4095,4095,0,18.03369,0.00000
534F4C31,33136,305980041,36914,4095,4095,0,18.02441,0.00000
534F4C31,33136,305982162,36905,4095,4095,0,18.02002,0.00000
534F4C31,33136,305984285,36914,4095,4095,0,18.02441,0.00000
534F4C31,33137,305986352,36912,4095,4095,0,18.02344,0.00000
534F4C31,33138,305990137,36932,4095,4095,0,18.03320,0.00000
534F4C31,33139,305995017,36905,4095,4095,0,18.02002,0.00000
534F4C31,33140,305998640,36911,4095,4095,0,18.02295,0.00000
534F4C31,33141,306004539,36916,4095,4095,0,18.02539,0.00000
534F4C31,33141,306009078,36924,4095,4095,0,18.02930,0.00000
534F4C31,33141,306013245,36931,4095,4095,0,18.03271,0.00000
534F4C31,33141,306015394,36913,4095,4095,0,18.02393,0.00000
534F4C31,33141,306018176,36907,4095,4095,0,18.02100,0.00000
534F4C31,33142,306020458,36907,4095,4095,0,18.02100,0.00000
534F4C31,33143,306024474,36912,4095,4095,0,18.02344,0.00000
534F4C31,33143,306028695,36932,4095,4095,0,18.03320,0.00000
534F4C31,33143,306030886,36917,4095,4095,0,18.02588,0.00000
534F4C31,33143,306033461,36911,4095,4095,0,18.02295,0.00000
534F4C31,33143,306037567,36926,4095,4095,0,18.03027,0.00000
534F4C31,33143,306039681,36935,4095,4095,0,18.03467,0.00000
534F4C31,33143,306042752,36923,4095,4095,0,18.02881,0.00000
534F4C31,33144,306045150,36918,4095,4095,0,18.02637,0.00000
534F4C31,33145,306049294,36935,4095,4095,0,18.03467,0.00000
534F4C31,33145,306052262,36904,4095,4095,0,18.01953,0.00000
534F4C31,33145,306057366,36935,4095,4095,0,18.03467,0.00000
534F4C31,33146,306060436,36898,4095,4095,0,18.01660,0.00000
534F4C31,33146,306064283,36935,4095,4095,0,18.03467,0.00000
534F4C31,33146,306068306,36910,4095,4095,0,18.02246,0.00000
534F4C31,33147,306071724,36906,4095,4095,0,18.02051,0.00000
534F4C31,33148,306074687,36932,4095,4095,0,18.03320,0.00000
534F4C31,33149,306080845,36928,4095,4095,0,18.03125,0.00000
534F4C31,33149,306085248,36905,4095,4095,0,18.02002,0.00000
534F4C31,33149,306089551,36918,4095,4095,0,18.02637,0.00000
534F4C31,33149,306091609,36918,4095,4095,0,18.02637,0.00000
534F4C31,33149,306094699,36902,4095,4095,0,18.01855,0.00000
534F4C31,33150,306096912,36916,4095,4095,0,18.02539,0.00000
534F4C31,33150,306100938,36901,4095,4095,0,18.01807,0.00000
534F4C31,33150,306103247,36923,4095,4095,0,18.02881,0.00000
534F4C31,33150,306105192,36934,4095,4095,0,18.03418,0.00000
534F4C31,33150,306108081,36914,4095,4095,0,18.02441,0.00000
534F4C31,33150,306110342,36903,4095,4095,0,18.01904,0.00000
534F4C31,33150,306112293,36921,4095,4095,0,18.02783,0.00000
534F4C31,33150,306114324,36909,4095,4095,0,18.02197,0.00000
534F4C31,33150,306116409,36916,4095,4095,0,18.02539,0.00000
534F4C31,33150,306118425,36927,4095,4095,0,18.03076,0.00000
534F4C31,33150,306120485,36933,4095,4095,0,18.03369,0.00000
534F4C31,33151,306122621,36922,4095,4095,0,18.02832,0.00000
534F4C31,33151,306126875,36925,4095,4095,0,18.02979,0.00000
534F4C31,33151,306129169,36905,4095,4095,0,18.02002,0.00000
534F4C31,33151,306131729,36915,4095,4095,0,18.02490,0.00000
534F4C31,33152,306134203,36920,4095,4095,0,18.02734,0.00000
534F4C31,33153,306139138,36928,4095,4095,0,18.03125,0.00000
534F4C31,33153,306142156,36907,4095,4095,0,18.02100,0.00000
534F4C31,33154,306145965,36907,4095,4095,0,18.02100,0.00000
534F4C31,33154,306150677,36930,4095,4095,0,18.03223,0.00000
534F4C31,33154,306154187,36917,4095,4095,0,18.02588,0.00000
534F4C31,33154,306156279,36901,4095,4095,0,18.01807,0.00000
534F4C31,33154,306160265,36938,4095,4095,0,18.03613,0.00000
534F4C31,33154,306162812,36916,4095,4095,0,18.02539,0.00000
534F4C31,33155,306164754,36902,4095,4095,0,18.01855,0.00000
534F4C31,33156,306167038,36929,4095,4095,0,18.03174,0.00000
534F4C31,33157,306172395,36928,4095,4095,0,18.03125,0.00000
534F4C31,33158,306178330,36929,4095,4095,0,18.03174,0.00000
534F4C31,33158,306184492,36930,4095,4095,0,18.03223,0.00000
534F4C31,33158,306186635,36933,4095,4095,0,18.03369,0.00000
534F4C31,33158,306190864,36925,4095,4095,0,18.02979,0.00000
534F4C31,33158,306193182,36912,4095,4095,0,18.02344,0.00000
534F4C31,33158,306195096,36910,4095,4095,0,18.02246,0.00000
534F4C31,33158,306197058,36920,4095,4095,0,18.02734,0.00000
534F4C31,33158,306199901,36906,4095,4095,0,18.02051,0.00000
534F4C31,33159,306202328,36928,4095,4095,0,18.03125,0.00000
534F4C31,33160,306206146,36926,4095,4095,0,18.03027,0.00000
534F4C31,33161,306210016,36922,4095,4095,0,18.02832,0.00000
534F4C31,33161,306215747,36906,4095,4095,0,18.02051,0.00000
534F4C31,33161,306218720,36935,4095,4095,0,18.03467,0.00000
534F4C31,33162,306222134,36932,4095,4095,0,18.03320,0.00000
534F4C31,33162,306226699,36905,4095,4095,0,18.02002,0.00000
534F4C31,33162,306230000,36913,4095,4095,0,18.02393,0.00000
534F4C31,33163,306232185,36914,4095,4095,0,18.02441,0.00000
534F4C31,33163,306236758,36931,4095,4095,0,18.03271,0.00000
534F4C31,33163,306238897,36924,4095,4095,0,18.02930,0.00000
534F4C31,33163,306241768,36927,4095,4095,0,18.03076,0.00000
534F4C31,33163,306243975,36917,4095,4095,0,18.02588,0.00000
534F4C31,33163,306245931,36906,4095,4095,0,18.02051,0.00000
534F4C31,33163,306248397,36918,4095,4095,0,18.02637,0.00000
534F4C31,33163,306251851,36922,4095,4095,0,18.02832,0.00000
534F4C31,33163,306253985,36903,4095,4095,0,18.01904,0.00000
534F4C31,33163,306256019,36913,4095,4095,0,18.02393,0.00000
534F4C31,33163,306258138,36907,4095,4095,0,18.02100,0.00000
534F4C31,33163,306260288,36933,4095,4095,0,18.03369,0.00000
534F4C31,33164,306262428,36932,4095,4095,0,18.03320,0.00000
534F4C31,33165,306266208,36929,4095,4095,0,18.03174,0.00000
534F4C31,33166,306270766,36900,4095,4095,0,18.01758,0.00000
534F4C31,33167,306274526,36925,4095,4095,0,18.02979,0.00000
534F4C31,33168,306279151,36915,4095,4095,0,18.02490,0.00000
534F4C31,33168,306286165,36937,4095,4095,0,18.03564,0.00000
534F4C31,33168,306288548,36910,4095,4095,0,18.02246,0.00000
534F4C31,33168,306291284,36916,4095,4095,0,18.02539,0.00000
534F4C31,33168,306293670,36920,4095,4095,0,18.02734,0.00000
534F4C31,33169,306295708,36931,4095,4095,0,18.03271,0.00000
534F4C31,33170,306300138,36934,4095,4095,0,18.03418,0.00000
534F4C31,33171,306304362,36933,4095,4095,0,18.03369,0.00000
534F4C31,33171,306308134,36932,4095,4095,0,18.03320,0.00000
534F4C31,33171,306310891,36919,4095,4095,0,18.02686,0.00000
534F4C31,33172,306314079,36916,4095,4095,0,18.02539,0.00000
534F4C31,33173,306317422,36915,4095,4095,0,18.02490,0.00000
534F4C31,33173,306322195,36914,4095,4095,0,18.02441,0.00000
534F4C31,33173,306325811,36911,4095,4095,0,18.02295,0.00000
534F4C31,33174,306328101,36901,4095,4095,0,18.01807,0.00000
534F4C31,33174,306332702,36933,4095,4095,0,18.03369,0.00000
534F4C31,33174,306336044,36915,4095,4095,0,18.02490,0.00000
534F4C31,33174,306338064,36933,4095,4095,0,18.03369,0.00000
534F4C31,33174,306341550,36919,4095,4095,0,18.02686,0.00000
534F4C31,33175,306344001,36924,4095,4095,0,18.02930,0.00000
534F4C31,33176,306348025,36933,4095,4095,0,18.03369,0.00000
534F4C31,33176,306352854,36919,4095,4095,0,18.02686,0.00000
534F4C31,33176,306354814,36904,4095,4095,0,18.01953,0.00000
534F4C31,33177,306357315,36920,4095,4095,0,18.02734,0.00000
534F4C31,33178,306361361,36915,4095,4095,0,18.02490,0.00000
534F4C31,33179,306365669,36916,4095,4095,0,18.02539,0.00000
534F4C31,33180,306371880,36935,4095,4095,0,18.03467,0.00000
534F4C31,33180,306376346,36901,4095,4095,0,18.01807,0.00000
534F4C31,33180,306380215,36922,4095,4095,0,18.02832,0.00000
534F4C31,33181,306383134,36902,4095,4095,0,18.01855,0.00000
534F4C31,33182,306385955,36933,4095,4095,0,18.03369,0.00000
534F4C31,33183,306389362,36932,4095,4095,0,18.03320,0.00000
534F4C31,33183,306394908,36930,4095,4095,0,18.03223,0.00000
534F4C31,33183,306398806,36926,4095,4095,0,18.03027,0.00000
534F4C31,33183,306401055,36905,4095,4095,0,18.02002,0.00000
534F4C31,33183,306403990,36918,4095,4095,0,18.02637,0.00000
534F4C31,33183,306406247,36923,4095,4095,0,18.02881,0.00000
534F4C31,33183,306408347,36936,4095,4095,0,18.03516,0.00000
534F4C31,33183,306410275,36923,4095,4095,0,18.02881,0.00000
534F4C31,33183,306412293,36932,4095,4095,0,18.03320,0.00000
534F4C31,33183,306414106,36922,4095,4095,0,18.02832,0.00000
534F4C31,33183,306416128,36928,4095,4095,0,18.03125,0.00000
534F4C31,33184,306418257,36918,4095,4095,0,18.02637,0.00000
534F4C31,33185,306422701,36903,4095,4095,0,18.01904,0.00000
534F4C31,33185,306426386,36904,4095,4095,0,18.01953,0.00000
534F4C31,33185,306430480,36920,4095,4095,0,18.02734,0.00000
534F4C31,33186,306432882,36903,4095,4095,0,18.01904,0.00000
534F4C31,33187,306435989,36938,4095,4095,0,18.03613,0.00000
534F4C31,33188,306440447,36935,4095,4095,0,18.03467,0.00000
534F4C31,33188,306445674,36903,4095,4095,0,18.01904,0.00000
534F4C31,33188,306449346,36906,4095,4095,0,18.02051,0.00000
534F4C31,33189,306453066,36918,4095,4095,0,18.02637,0.00000
534F4C31,33189,306460985,36903,4095,4095,0,18.01904,0.00000
534F4C31,33189,306463501,36908,4095,4095,0,18.02148,0.00000
534F4C31,33189,306465502,36915,4095,4095,0,18.02490,0.00000
534F4C31,33189,306468187,36905,4095,4095,0,18.02002,0.00000
534F4C31,33189,306471181,36928,4095,4095,0,18.03125,0.00000
534F4C31,33189,306473305,36919,4095,4095,0,18.02686,0.00000
534F4C31,33189,306475302,36906,4095,4095,0,18.02051,0.00000
534F4C31,33189,306477411,36916,4095,4095,0,18.02539,0.00000
534F4C31,33189,306479638,36926,4095,4095,0,18.03027,0.00000
534F4C31,33190,306481833,36931,4095,4095,0,18.03271,0.00000
534F4C31,33191,306486205,36926,4095,4095,0,18.03027,0.00000
534F4C31,33191,306489879,36915,4095,4095,0,18.02490,0.00000
534F4C31,33191,306493922,36925,4095,4095,0,18.02979,0.00000
534F4C31,33191,306496697,36916,4095,4095,0,18.02539,0.00000
534F4C31,33191,306498900,36905,4095,4095,0,18.02002,0.00000
534F4C31,33191,306501511,36936,4095,4095,0,18.03516,0.00000
534F4C31,33192,306503996,36920,4095,4095,0,18.02734,0.00000
534F4C31,33192,306507462,36901,4095,4095,0,18.01807,0.00000
534F4C31,33192,306510962,36921,4095,4095,0,18.02783,0.00000
534F4C31,33192,306513830,36932,4095,4095,0,18.03320,0.00000
534F4C31,33193,306517845,36929,4095,4095,0,18.03174,0.00000
534F4C31,33193,306521272,36938,4095,4095,0,18.03613,0.00000
534F4C31,33193,306524941,36915,4095,4095,0,18.02490,0.00000
534F4C31,33193,306528059,36918,4095,4095,0,18.02637,0.00000
534F4C31,33193,306530244,36927,4095,4095,0,18.03076,0.00000
534F4C31,33193,306532962,36934,4095,4095,0,18.03418,0.00000
534F4C31,33193,306535248,36918,4095,4095,0,18.02637,0.00000
534F4C31,33193,306537291,36900,4095,4095,0,18.01758,0.00000
534F4C31,33193,306539148,36921,4095,4095,0,18.02783,0.00000
534F4C31,33193,306541226,36906,4095,4095,0,18.02051,0.00000
534F4C31,33194,306543419,36913,4095,4095,0,18.02393,0.00000
534F4C31,33195,306547648,36911,4095,4095,0,18.02295,0.00000
534F4C31,33195,306551267,36922,4095,4095,0,18.02832,0.00000
534F4C31,33195,306557476,36924,4095,4095,0,18.02930,0.00000
534F4C31,33195,306559661,36934,4095,4095,0,18.03418,0.00000
534F4C31,33195,306562372,36923,4095,4095,0,18.02881,0.00000
534F4C31,33196,306564701,36900,4095,4095,0,18.01758,0.00000
534F4C31,33197,306568991,36917,4095,4095,0,18.02588,0.00000
534F4C31,33197,306572664,36935,4095,4095,0,18.03467,0.00000
534F4C31,33197,306576857,36931,4095,4095,0,18.03271,0.00000
534F4C31,33198,306579289,36938,4095,4095,0,18.03613,0.00000
534F4C31,33199,306583908,36914,4095,4095,0,18.02441,0.00000
534F4C31,33200,306588778,36933,4095,4095,0,18.03369,0.00000
534F4C31,33200,306594948,36910,4095,4095,0,18.02246,0.00000
534F4C31,33200,306597156,36925,4095,4095,0,18.02979,0.00000
534F4C31,33201,306600419,36927,4095,4095,0,18.03076,0.00000
534F4C31,33202,306604483,36934,4095,4095,0,18.03418,0.00000
534F4C31,33202,306608666,36925,4095,4095,0,18.02979,0.00000
534F4C31,33202,306610918,36906,4095,4095,0,18.02051,0.00000
534F4C31,33202,306615490,36926,4095,4095,0,18.03027,0.00000
534F4C31,33202,306617668,36930,4095,4095,0,18.03223,0.00000
534F4C31,33202,306620297,36921,4095,4095,0,18.02783,0.00000
534F4C31,33202,306622719,36904,4095,4095,0,18.01953,0.00000
534F4C31,33202,306624876,36914,4095,4095,0,18.02441,0.00000
534F4C31,33202,306627012,36908,4095,4095,0,18.02148,0.00000
534F4C31,33202,306629154,36926,4095,4095,0,18.03027,0.00000
534F4C31,33202,306631145,36925,4095,4095,0,18.02979,0.00000
534F4C31,33202,306633274,36930,4095,4095,0,18.03223,0.00000
534F4C31,33203,306635403,36926,4095,4095,0,18.03027,0.00000
534F4C31,33204,306639363,36933,4095,4095,0,18.03369,0.00000
534F4C31,33204,306643823,36917,4095,4095,0,18.02588,0.00000
534F4C31,33204,306645994,36904,4095,4095,0,18.01953,0.00000
534F4C31,33204,306648005,36914,4095,4095,0,18.02441,0.00000
534F4C31,33204,306652359,36903,4095,4095,0,18.01904,0.00000
534F4C31,33205,306654787,36923,4095,4095,0,18.02881,0.00000
534F4C31,33206,306658100,36928,4095,4095,0,18.03125,0.00000
534F4C31,33206,306664024,36926,4095,4095,0,18.03027,0.00000
534F4C31,33206,306666215,36914,4095,4095,0,18.02441,0.00000
534F4C31,33206,306668269,36929,4095,4095,0,18.03174,0.00000
534F4C31,33206,306671473,36920,4095,4095,0,18.02734,0.00000
534F4C31,33207,306673692,36910,4095,4095,0,18.02246,0.00000
534F4C31,33208,306678059,36932,4095,4095,0,18.03320,0.00000
534F4C31,33209,306682211,36910,4095,4095,0,18.02246,0.00000
534F4C31,33210,306689223,36919,4095,4095,0,18.02686,0.00000
534F4C31,33210,306692756,36930,4095,4095,0,18.03223,0.00000
534F4C31,33210,306696697,36922,4095,4095,0,18.02832,0.00000
534F4C31,33210,306699500,36914,4095,4095,0,18.02441,0.00000
534F4C31,33210,306702382,36921,4095,4095,0,18.02783,0.00000
534F4C31,33211,306704787,36904,4095,4095,0,18.01953,0.00000
534F4C31,33212,306709690,36919,4095,4095,0,18.02686,0.00000
534F4C31,33212,306713562,36902,4095,4095,0,18.01855,0.00000
534F4C31,33212,306717743,36905,4095,4095,0,18.02002,0.00000
534F4C31,33212,306720753,36905,4095,4095,0,18.02002,0.00000
534F4C31,33212,306723066,36930,4095,4095,0,18.03223,0.00000
534F4C31,33212,306725859,36924,4095,4095,0,18.02930,0.00000
534F4C31,33212,306728102,36904,4095,4095,0,18.01953,0.00000
534F4C31,33213,306730386,36932,4095,4095,0,18.03320,0.00000
534F4C31,33213,306734984,36919,4095,4095,0,18.02686,0.00000
534F4C31,33213,306737191,36919,4095,4095,0,18.02686,0.00000
534F4C31,33213,306739209,36905,4095,4095,0,18.02002,0.00000
534F4C31,33213,306742346,36916,4095,4095,0,18.02539,0.00000
534F4C31,33213,306744615,36912,4095,4095,0,18.02344,0.00000
534F4C31,33213,306746671,36905,4095,4095,0,18.02002,0.00000
534F4C31,33213,306748749,36917,4095,4095,0,18.02588,0.00000
534F4C31,33213,306750890,36907,4095,4095,0,18.02100,0.00000
534F4C31,33213,306752999,36918,4095,4095,0,18.02637,0.00000
534F4C31,33213,306755075,36908,4095,4095,0,18.02148,0.00000
534F4C31,33213,306757134,36915,4095,4095,0,18.02490,0.00000
534F4C31,33213,306759716,36921,4095,4095,0,18.02783,0.00000
534F4C31,33213,306762035,36931,4095,4095,0,18.03271,0.00000
534F4C31,33214,306764177,36915,4095,4095,0,18.02490,0.00000
534F4C31,33215,306768338,36908,4095,4095,0,18.02148,0.00000
534F4C31,33215,306772588,36905,4095,4095,0,18.02002,0.00000
534F4C31,33215,306776524,36906,4095,4095,0,18.02051,0.00000
534F4C31,33215,306779493,36921,4095,4095,0,18.02783,0.00000
534F4C31,33215,306782184,36901,4095,4095,0,18.01807,0.00000
534F4C31,33215,306784489,36919,4095,4095,0,18.02686,0.00000
534F4C31,33215,306786685,36924,4095,4095,0,18.02930,0.00000
534F4C31,33215,306788732,36930,4095,4095,0,18.03223,0.00000
534F4C31,33216,306790910,36916,4095,4095,0,18.02539,0.00000
534F4C31,33217,306795342,36918,4095,4095,0,18.02637,0.00000
534F4C31,33218,306798703,36925,4095,4095,0,18.02979,0.00000
534F4C31,33219,306804730,36915,4095,4095,0,18.02490,0.00000
534F4C31,33219,306808395,36919,4095,4095,0,18.02686,0.00000
534F4C31,33219,306810636,36919,4095,4095,0,18.02686,0.00000
534F4C31,33220,306815321,36923,4095,4095,0,18.02881,0.00000
534F4C31,33220,306818681,36924,4095,4095,0,18.02930,0.00000
534F4C31,33220,306821510,36920,4095,4095,0,18.02734,0.00000
534F4C31,33221,306826518,36908,4095,4095,0,18.02148,0.00000
534F4C31,33221,306829844,36901,4095,4095,0,18.01807,0.00000
534F4C31,33221,306834422,36926,4095,4095,0,18.03027,0.00000
534F4C31,33221,306836715,36910,4095,4095,0,18.02246,0.00000
534F4C31,33221,306839374,36917,4095,4095,0,18.02588,0.00000
534F4C31,33221,306841508,36920,4095,4095,0,18.02734,0.00000
534F4C31,33221,306844442,36906,4095,4095,0,18.02051,0.00000
534F4C31,33221,306846521,36917,4095,4095,0,18.02588,0.00000
534F4C31,33221,306848606,36915,4095,4095,0,18.02490,0.00000
534F4C31,33221,306850727,36934,4095,4095,0,18.03418,0.00000
534F4C31,33222,306852955,36924,4095,4095,0,18.02930,0.00000
534F4C31,33223,306856296,36937,4095,4095,0,18.03564,0.00000
534F4C31,33224,306861217,36903,4095,4095,0,18.01904,0.00000
534F4C31,33225,306864736,36921,4095,4095,0,18.02783,0.00000
534F4C31,33226,306869976,36936,4095,4095,0,18.03516,0.00000
534F4C31,33227,306874581,36910,4095,4095,0,18.02246,0.00000
534F4C31,33227,306879448,36927,4095,4095,0,18.03076,0.00000
534F4C31,33227,306882571,36937,4095,4095,0,18.03564,0.00000
534F4C31,33228,306884751,36919,4095,4095,0,18.02686,0.00000
534F4C31,33229,306889862,36906,4095,4095,0,18.02051,0.00000
534F4C31,33229,306893718,36924,4095,4095,0,18.02930,0.00000
534F4C31,33229,306898128,36930,4095,4095,0,18.03223,0.00000
534F4C31,33229,306900798,36920,4095,4095,0,18.02734,0.00000
534F4C31,33229,306902958,36909,4095,4095,0,18.02197,0.00000
534F4C31,33230,306905864,36906,4095,4095,0,18.02051,0.00000
534F4C31,33231,306910203,36911,4095,4095,0,18.02295,0.00000
534F4C31,33231,306912837,36929,4095,4095,0,18.03174,0.00000
534F4C31,33231,306917879,36919,4095,4095,0,18.02686,0.00000
534F4C31,33232,306921205,36930,4095,4095,0,18.03223,0.00000
534F4C31,33233,306924869,36917,4095,4095,0,18.02588,0.00000
534F4C31,33233,306930561,36923,4095,4095,0,18.02881,0.00000
534F4C31,33233,306933995,36937,4095,4095,0,18.03564,0.00000
534F4C31,33234,306936560,36937,4095,4095,0,18.03564,0.00000
534F4C31,33235,306941009,36918,4095,4095,0,18.02637,0.00000
534F4C31,33235,306944535,36916,4095,4095,0,18.02539,0.00000
534F4C31,33235,306948629,36913,4095,4095,0,18.02393,0.00000
534F4C31,33236,306951690,36912,4095,4095,0,18.02344,0.00000
534F4C31,33237,306954919,36925,4095,4095,0,18.02979,0.00000
534F4C31,33238,306959869,36927,4095,4095,0,18.03076,0.00000
534F4C31,33238,306964102,36916,4095,4095,0,18.02539,0.00000
534F4C31,33238,306968004,36912,4095,4095,0,18.02344,0.00000
534F4C31,33239,306970931,36914,4095,4095,0,18.02441,0.00000
534F4C31,33240,306974363,36928,4095,4095,0,18.03125,0.00000
534F4C31,33241,306977743,36915,4095,4095,0,18.02490,0.00000
534F4C31,33242,306981823,36906,4095,4095,0,18.02051,0.00000
534F4C31,33242,306986000,36905,4095,4095,0,18.02002,0.00000
534F4C31,33242,306988171,36906,4095,4095,0,18.02051,0.00000
534F4C31,33242,306990227,36936,4095,4095,0,18.03516,0.00000
534F4C31,33242,306993006,36921,4095,4095,0,18.02783,0.00000
534F4C31,33243,306995274,36906,4095,4095,0,18.02051,0.00000
534F4C31,33243,306998538,36917,4095,4095,0,18.02588,0.00000
534F4C31,33243,307000892,36916,4095,4095,0,18.02539,0.00000
534F4C31,33244,307002961,36902,4095,4095,0,18.01855,0.00000
534F4C31,33245,307005898,36918,4095,4095,0,18.02637,0.00000
534F4C31,33246,307010152,36923,4095,4095,0,18.02881,0.00000
534F4C31,33246,307014070,36925,4095,4095,0,18.02979,0.00000
534F4C31,33246,307017065,36924,4095,4095,0,18.02930,0.00000
534F4C31,33247,307019098,36901,4095,4095,0,18.01807,0.00000
534F4C31,33247,307022508,36931,4095,4095,0,18.03271,0.00000
534F4C31,33247,307024661,36914,4095,4095,0,18.02441,0.00000
534F4C31,33247,307026628,36901,4095,4095,0,18.01807,0.00000
534F4C31,33247,307029415,36913,4095,4095,0,18.02393,0.00000
534F4C31,33248,307031643,36922,4095,4095,0,18.02832,0.00000
534F4C31,33249,307034510,36934,4095,4095,0,18.03418,0.00000
534F4C31,33250,307038044,36931,4095,4095,0,18.03271,0.00000
534F4C31,33250,307042477,36912,4095,4095,0,18.02344,0.00000
534F4C31,33250,307044680,36935,4095,4095,0,18.03467,0.00000
534F4C31,33251,307046846,36924,4095,4095,0,18.02930,0.00000
534F4C31,33252,307050749,36927,4095,4095,0,18.03076,0.00000
534F4C31,33253,307054143,36907,4095,4095,0,18.02100,0.00000
534F4C31,33254,307057977,36909,4095,4095,0,18.02197,0.00000
534F4C31,33255,307061775,36904,4095,4095,0,18.01953,0.00000
534F4C31,33256,307066180,36911,4095,4095,0,18.02295,0.00000
534F4C31,33257,307070341,36933,4095,4095,0,18.03369,0.00000
534F4C31,33257,307074404,36935,4095,4095,0,18.03467,0.00000
534F4C31,33257,307076716,36932,4095,4095,0,18.03320,0.00000
534F4C31,33258,307079493,36916,4095,4095,0,18.02539,0.00000
534F4C31,33259,307084069,36932,4095,4095,0,18.03320,0.00000
534F4C31,33260,307087871,36931,4095,4095,0,18.03271,0.00000
534F4C31,33261,307093849,36930,4095,4095,0,18.03223,0.00000
534F4C31,33262,307097807,36921,4095,4095,0,18.02783,0.00000
534F4C31,33263,307103977,36933,4095,4095,0,18.03369,0.00000
534F4C31,33264,307109900,36901,4095,4095,0,18.01807,0.00000
534F4C31,33265,307114744,36916,4095,4095,0,18.02539,0.00000
534F4C31,33266,307120941,36934,4095,4095,0,18.03418,0.00000
534F4C31,33267,307125034,36924,4095,4095,0,18.02930,0.00000
534F4C31,33268,307130138,36917,4095,4095,0,18.02588,0.00000
534F4C31,33269,307134718,36918,4095,4095,0,18.02637,0.00000
534F4C31,33270,307138872,36930,4095,4095,0,18.03223,0.00000
534F4C31,33271,307144420,38645,4095,4095,0,18.86963,0.00000
534F4C31,33272,307150689,38878,4095,4095,0,18.98340,0.00000
534F4C31,33273,307155291,38976,4095,4095,0,19.03125,0.00000
534F4C31,33274,307159202,38959,4095,4095,0,19.02295,0.00000
534F4C31,33275,307165527,38963,4095,4095,0,19.02490,0.00000
534F4C31,33276,307169539,38958,4095,4095,0,19.02246,0.00000
534F4C31,33277,307176168,38957,4095,4095,0,19.02197,0.00000
534F4C31,33278,307181997,38960,4095,4095,0,19.02344,0.00000
534F4C31,33279,307185212,38976,4095,4095,0,19.03125,0.00000
534F4C31,33280,307193510,38974,4095,4095,0,19.03027,0.00000
534F4C31,33281,307197572,38956,4095,4095,0,19.02148,0.00000
534F4C31,33282,307205723,38980,4095,4095,0,19.03320,0.00000
534F4C31,33283,307210998,38953,4095,4095,0,19.02002,0.00000
534F4C31,33283,307215522,38969,4095,4095,0,19.02783,0.00000
534F4C31,33283,307218294,38969,4095,4095,0,19.02783,0.00000
534F4C31,33283,307221947,38964,4095,4095,0,19.02539,0.00000
534F4C31,33283,307224605,38961,4095,4095,0,19.02393,0.00000
534F4C31,33284,307227254,38965,4095,4095,0,19.02588,0.00000
534F4C31,33284,307231747,38970,4095,4095,0,19.02832,0.00000
534F4C31,33284,307233934,38967,4095,4095,0,19.02686,0.00000
534F4C31,33284,307236759,38985,4095,4095,0,19.03564,0.00000
534F4C31,33284,307239045,38985,4095,4095,0,19.03564,0.00000
534F4C31,33285,307241133,38972,4095,4095,0,19.02930,0.00000
534F4C31,33285,307245324,38980,4095,4095,0,19.03320,0.00000
534F4C31,33285,307247589,38953,4095,4095,0,19.02002,0.00000
534F4C31,33286,307249637,38970,4095,4095,0,19.02832,0.00000
534F4C31,33287,307253581,38951,4095,4095,0,19.01904,0.00000
534F4C31,33288,307257965,38973,4095,4095,0,19.02979,0.00000
534F4C31,33288,307262770,38973,4095,4095,0,19.02979,0.00000
534F4C31,33289,307266939,38970,4095,4095,0,19.02832,0.00000
534F4C31,33290,307269912,38966,4095,4095,0,19.02637,0.00000
534F4C31,33290,307275412,38969,4095,4095,0,19.02783,0.00000
534F4C31,33290,307278104,38983,4095,4095,0,19.03467,0.00000
534F4C31,33291,307280140,38974,4095,4095,0,19.03027,0.00000
534F4C31,33292,307283311,38984,4095,4095,0,19.03516,0.00000
534F4C31,33292,307286798,38986,4095,4095,0,19.03613,0.00000
534F4C31,33292,307289055,38965,4095,4095,0,19.02588,0.00000
534F4C31,33292,307291130,38961,4095,4095,0,19.02393,0.00000
534F4C31,33292,307293196,38983,4095,4095,0,19.03467,0.00000
534F4C31,33293,307295256,38973,4095,4095,0,19.02979,0.00000
534F4C31,33293,307298502,38986,4095,4095,0,19.03613,0.00000
534F4C31,33293,307300784,38971,4095,4095,0,19.02881,0.00000
534F4C31,33293,307302816,38954,4095,4095,0,19.02051,0.00000
534F4C31,33293,307304920,38980,4095,4095,0,19.03320,0.00000
534F4C31,33293,307306932,38978,4095,4095,0,19.03223,0.00000
534F4C31,33293,307308956,38985,4095,4095,0,19.03564,0.00000
534F4C31,33293,307310983,38973,4095,4095,0,19.02979,0.00000
534F4C31,33293,307313128,38985,4095,4095,0,19.03564,0.00000
534F4C31,33293,307315188,38973,4095,4095,0,19.02979,0.00000
534F4C31,33293,307317289,38982,4095,4095,0,19.03418,0.00000
534F4C31,33293,307319358,38974,4095,4095,0,19.03027,0.00000
534F4C31,33293,307321412,38960,4095,4095,0,19.02344,0.00000
534F4C31,33293,307323498,38966,4095,4095,0,19.02637,0.00000
534F4C31,33293,307325543,38963,4095,4095,0,19.02490,0.00000
534F4C31,33293,307327653,38969,4095,4095,0,19.02783,0.00000
534F4C31,33294,307329751,38957,4095,4095,0,19.02197,0.00000
534F4C31,33295,307332665,38961,4095,4095,0,19.02393,0.00000
534F4C31,33296,307336543,38976,4095,4095,0,19.03125,0.00000
534F4C31,33297,307340622,38982,4095,4095,0,19.03418,0.00000
534F4C31,33297,307342815,38968,4095,4095,0,19.02734,0.00000
534F4C31,33298,307345542,38956,4095,4095,0,19.02148,0.00000
534F4C31,33298,307348265,38984,4095,4095,0,19.03516,0.00000
534F4C31,33298,307353073,38961,4095,4095,0,19.02393,0.00000
534F4C31,33299,307355255,38973,4095,4095,0,19.02979,0.00000
534F4C31,33300,307358999,38956,4095,4095,0,19.02148,0.00000
534F4C31,33300,307362579,38969,4095,4095,0,19.02783,0.00000
534F4C31,33300,307364763,38957,4095,4095,0,19.02197,0.00000
534F4C31,33301,307368066,38983,4095,4095,0,19.03467,0.00000
534F4C31,33301,307371285,38965,4095,4095,0,19.02588,0.00000
534F4C31,33301,307374982,38964,4095,4095,0,19.02539,0.00000
534F4C31,33301,307377227,38974,4095,4095,0,19.03027,0.00000
534F4C31,33301,307379874,38989,4095,4095,0,19.03760,0.00000
534F4C31,33301,307382134,38976,4095,4095,0,19.03125,0.00000
534F4C31,33301,307384245,38963,4095,4095,0,19.02490,0.00000
534F4C31,33301,307386302,38966,4095,4095,0,19.02637,0.00000
534F4C31,33301,307388374,38953,4095,4095,0,19.02002,0.00000
534F4C31,33301,307390430,38986,4095,4095,0,19.03613,0.00000
534F4C31,33301,307392479,38974,4095,4095,0,19.03027,0.00000
534F4C31,33302,307394509,38984,4095,4095,0,19.03516,0.00000
534F4C31,33302,307396771,38971,4095,4095,0,19.02881,0.00000
534F4C31,33302,307400356,38953,4095,4095,0,19.02002,0.00000
534F4C31,33303,307402487,38984,4095,4095,0,19.03516,0.00000
534F4C31,33303,307407181,38974,4095,4095,0,19.03027,0.00000
534F4C31,33303,307409384,38969,4095,4095,0,19.02783,0.00000
534F4C31,33303,307413286,38957,4095,4095,0,19.02197,0.00000
534F4C31,33303,307416190,38968,4095,4095,0,19.02734,0.00000
534F4C31,33304,307420932,38982,4095,4095,0,19.03418,0.00000
534F4C31,33305,307426610,38973,4095,4095,0,19.02979,0.00000
534F4C31,33305,307432878,38980,4095,4095,0,19.03320,0.00000
534F4C31,33305,307435150,38977,4095,4095,0,19.03174,0.00000
534F4C31,33306,307437204,38979,4095,4095,0,19.03271,0.00000
534F4C31,33306,307442790,38971,4095,4095,0,19.02881,0.00000
534F4C31,33306,307445049,38981,4095,4095,0,19.03369,0.00000
534F4C31,33306,307447059,38976,4095,4095,0,19.03125,0.00000
534F4C31,33306,307450266,38960,4095,4095,0,19.02344,0.00000
534F4C31,33306,307452421,38973,4095,4095,0,19.02979,0.00000
534F4C31,33306,307454494,38971,4095,4095,0,19.02881,0.00000
534F4C31,33306,307456522,38987,4095,4095,0,19.03662,0.00000
534F4C31,33306,307458602,38977,4095,4095,0,19.03174,0.00000
534F4C31,33306,307460581,38988,4095,4095,0,19.03711,0.00000
534F4C31,33306,307462563,38980,4095,4095,0,19.03320,0.00000
534F4C31,33306,307464648,38986,4095,4095,0,19.03613,0.00000
534F4C31,33307,307466790,38975,4095,4095,0,19.03076,0.00000
534F4C31,33307,307470844,38982,4095,4095,0,19.03418,0.00000
534F4C31,33307,307473181,38959,4095,4095,0,19.02295,0.00000
534F4C31,33308,307476066,38970,4095,4095,0,19.02832,0.00000
534F4C31,33308,307478551,38972,4095,4095,0,19.02930,0.00000
534F4C31,33308,307481958,38982,4095,4095,0,19.03418,0.00000
534F4C31,33308,307484100,38991,4095,4095,0,19.03857,0.00000
534F4C31,33308,307486190,38975,4095,4095,0,19.03076,0.00000
534F4C31,33308,307488618,38982,4095,4095,0,19.03418,0.00000
534F4C31,33308,307490794,38962,4095,4095,0,19.02441,0.00000
534F4C31,33308,307492828,38957,4095,4095,0,19.02197,0.00000
534F4C31,33308,307494838,38962,4095,4095,0,19.02441,0.00000
534F4C31,33308,307496941,38953,4095,4095,0,19.02002,0.00000
534F4C31,33308,307498978,38971,4095,4095,0,19.02881,0.00000
534F4C31,33308,307501047,38971,4095,4095,0,19.02881,0.00000
534F4C31,33308,307503071,38982,4095,4095,0,19.03418,0.00000
534F4C31,33308,307505136,38971,4095,4095,0,19.02881,0.00000
534F4C31,33308,307507233,38989,4095,4095,0,19.03760,0.00000
534F4C31,33309,307509365,38977,4095,4095,0,19.03174,0.00000
534F4C31,33310,307511694,38983,4095,4095,0,19.03467,0.00000
534F4C31,33311,307515755,38985,4095,4095,0,19.03564,0.00000
534F4C31,33312,307520037,38983,4095,4095,0,19.03467,0.00000
534F4C31,33312,307525054,38984,4095,4095,0,19.03516,0.00000
534F4C31,33312,307528148,38953,4095,4095,0,19.02002,0.00000
534F4C31,33312,307530176,38980,4095,4095,0,19.03320,0.00000
534F4C31,33312,307532856,38972,4095,4095,0,19.02930,0.00000
534F4C31,33312,307534927,38987,4095,4095,0,19.03662,0.00000
534F4C31,33312,307536982,38971,4095,4095,0,19.02881,0.00000
534F4C31,33312,307539035,38958,4095,4095,0,19.02246,0.00000
534F4C31,33312,307541107,38969,4095,4095,0,19.02783,0.00000
534F4C31,33313,307543231,38958,4095,4095,0,19.02246,0.00000
534F4C31,33314,307546493,38958,4095,4095,0,19.02246,0.00000
534F4C31,33314,307550040,38966,4095,4095,0,19.02637,0.00000
534F4C31,33314,307552303,38973,4095,4095,0,19.02979,0.00000
534F4C31,33315,307555273,38959,4095,4095,0,19.02295,0.00000
534F4C31,33315,307558830,38981,4095,4095,0,19.03369,0.00000
534F4C31,33315,307560886,38971,4095,4095,0,19.02881,0.00000
534F4C31,33315,307562739,38949,4095,4095,0,19.01807,0.00000
534F4C31,33315,307564839,38964,4095,4095,0,19.02539,0.00000
534F4C31,33315,307567679,38973,4095,4095,0,19.02979,0.00000
534F4C31,33315,307569777,38979,4095,4095,0,19.03271,0.00000
534F4C31,33315,307571790,38973,4095,4095,0,19.02979,0.00000
534F4C31,33315,307573840,38955,4095,4095,0,19.02100,0.00000
534F4C31,33315,307576004,38967,4095,4095,0,19.02686,0.00000
534F4C31,33316,307578413,38951,4095,4095,0,19.01904,0.00000
534F4C31,33317,307581922,38984,4095,4095,0,19.03516,0.00000
534F4C31,33317,307586017,38956,4095,4095,0,19.02148,0.00000
534F4C31,33317,307588609,38986,4095,4095,0,19.03613,0.00000
534F4C31,33317,307590580,38974,4095,4095,0,19.03027,0.00000
534F4C31,33317,307593548,38960,4095,4095,0,19.02344,0.00000
534F4C31,33317,307595714,38964,4095,4095,0,19.02539,0.00000
534F4C31,33317,307597762,38954,4095,4095,0,19.02051,0.00000
534F4C31,33317,307599821,38970,4095,4095,0,19.02832,0.00000
534F4C31,33317,307601952,38975,4095,4095,0,19.03076,0.00000
534F4C31,33318,307604141,38980,4095,4095,0,19.03320,0.00000
534F4C31,33319,307608026,38973,4095,4095,0,19.02979,0.00000
534F4C31,33319,307612789,38971,4095,4095,0,19.02881,0.00000
534F4C31,33319,307615067,38970,4095,4095,0,19.02832,0.00000
534F4C31,33319,307617054,38956,4095,4095,0,19.02148,0.00000
534F4C31,33319,307619824,38968,4095,4095,0,19.02734,0.00000
534F4C31,33320,307623954,38971,4095,4095,0,19.02881,0.00000
534F4C31,33320,307627481,38961,4095,4095,0,19.02393,0.00000
534F4C31,33320,307629725,38967,4095,4095,0,19.02686,0.00000
534F4C31,33320,307636923,38954,4095,4095,0,19.02051,0.00000
534F4C31,33320,307639137,38982,4095,4095,0,19.03418,0.00000
534F4C31,33320,307641780,38971,4095,4095,0,19.02881,0.00000
534F4C31,33320,307644982,38954,4095,4095,0,19.02051,0.00000
534F4C31,33320,307649162,38976,4095,4095,0,19.03125,0.00000
534F4C31,33320,307651318,38981,4095,4095,0,19.03369,0.00000
534F4C31,33320,307653347,38971,4095,4095,0,19.02881,0.00000
534F4C31,33320,307655453,38954,4095,4095,0,19.02051,0.00000
534F4C31,33320,307657461,38971,4095,4095,0,19.02881,0.00000
534F4C31,33320,307659565,38957,4095,4095,0,19.02197,0.00000
534F4C31,33320,307661584,38967,4095,4095,0,19.02686,0.00000
534F4C31,33320,307663613,38954,4095,4095,0,19.02051,0.00000
534F4C31,33320,307665643,38964,4095,4095,0,19.02539,0.00000
534F4C31,33320,307667650,38955,4095,4095,0,19.02100,0.00000
534F4C31,33320,307669822,38967,4095,4095,0,19.02686,0.00000
534F4C31,33321,307671978,38973,4095,4095,0,19.02979,0.00000
534F4C31,33322,307675355,38978,4095,4095,0,19.03223,0.00000
534F4C31,33322,307679619,38987,4095,4095,0,19.03662,0.00000
534F4C31,33322,307682808,38984,4095,4095,0,19.03516,0.00000
534F4C31,33323,307686829,38977,4095,4095,0,19.03174,0.00000
534F4C31,33323,307690683,38980,4095,4095,0,19.03320,0.00000
534F4C31,33323,307693528,38969,4095,4095,0,19.02783,0.00000
534F4C31,33324,307697617,38967,4095,4095,0,19.02686,0.00000
534F4C31,33324,307701186,38968,4095,4095,0,19.02734,0.00000
534F4C31,33324,307704978,38972,4095,4095,0,19.02930,0.00000
534F4C31,33325,307707891,38973,4095,4095,0,19.02979,0.00000
534F4C31,33325,307711946,38954,4095,4095,0,19.02051,0.00000
534F4C31,33325,307715543,38956,4095,4095,0,19.02148,0.00000
534F4C31,33326,307718266,38957,4095,4095,0,19.02197,0.00000
534F4C31,33327,307720582,38988,4095,4095,0,19.03711,0.00000
534F4C31,33328,307726248,38982,4095,4095,0,19.03418,0.00000
534F4C31,33329,307728911,38979,4095,4095,0,19.03271,0.00000
534F4C31,33330,307732183,38968,4095,4095,0,19.02734,0.00000
534F4C31,33331,307734807,38970,4095,4095,0,19.02832,0.00000
534F4C31,33331,307738234,38959,4095,4095,0,19.02295,0.00000
534F4C31,33331,307741031,38984,4095,4095,0,19.03516,0.00000
534F4C31,33331,307743620,38973,4095,4095,0,19.02979,0.00000
534F4C31,33331,307745779,38975,4095,4095,0,19.03076,0.00000
534F4C31,33331,307748373,38986,4095,4095,0,19.03613,0.00000
534F4C31,33331,307750519,38974,4095,4095,0,19.03027,0.00000
534F4C31,33331,307752570,38955,4095,4095,0,19.02100,0.00000
534F4C31,33331,307754733,38965,4095,4095,0,19.02588,0.00000
534F4C31,33331,307758891,38961,4095,4095,0,19.02393,0.00000
534F4C31,33332,307761296,38974,4095,4095,0,19.03027,0.00000
534F4C31,33332,307765027,38983,4095,4095,0,19.03467,0.00000
534F4C31,33333,307769279,38984,4095,4095,0,19.03516,0.00000
534F4C31,33333,307771759,38979,4095,4095,0,19.03271,0.00000
534F4C31,33333,307775998,38982,4095,4095,0,19.03418,0.00000
534F4C31,33334,307780586,38983,4095,4095,0,19.03467,0.00000
534F4C31,33334,307783839,38982,4095,4095,0,19.03418,0.00000
534F4C31,33334,307787170,38963,4095,4095,0,19.02490,0.00000
534F4C31,33334,307789336,38973,4095,4095,0,19.02979,0.00000
534F4C31,33334,307792094,38957,4095,4095,0,19.02197,0.00000
534F4C31,33334,307794229,38985,4095,4095,0,19.03564,0.00000
534F4C31,33334,307796274,38977,4095,4095,0,19.03174,0.00000
534F4C31,33334,307798390,38984,4095,4095,0,19.03516,0.00000
534F4C31,33334,307800379,38972,4095,4095,0,19.02930,0.00000
534F4C31,33334,307802420,38983,4095,4095,0,19.03467,0.00000
534F4C31,33334,307804491,38969,4095,4095,0,19.02783,0.00000
534F4C31,33334,307806618,38982,4095,4095,0,19.03418,0.00000
534F4C31,33335,307808757,38965,4095,4095,0,19.02588,0.00000
534F4C31,33335,307811896,38962,4095,4095,0,19.02441,0.00000
534F4C31,33335,307814223,38981,4095,4095,0,19.03369,0.00000
534F4C31,33336,307816270,38970,4095,4095,0,19.02832,0.00000
534F4C31,33336,307820120,38984,4095,4095,0,19.03516,0.00000
534F4C31,33336,307822422,38958,4095,4095,0,19.02246,0.00000
534F4C31,33336,307824354,38972,4095,4095,0,19.02930,0.00000
534F4C31,33336,307826405,38954,4095,4095,0,19.02051,0.00000
534F4C31,33336,307829142,38962,4095,4095,0,19.02441,0.00000
534F4C31,33336,307831157,38973,4095,4095,0,19.02979,0.00000
534F4C31,33336,307833190,38982,4095,4095,0,19.03418,0.00000
534F4C31,33336,307835273,38973,4095,4095,0,19.02979,0.00000
534F4C31,33336,307837380,38979,4095,4095,0,19.03271,0.00000
534F4C31,33336,307839237,38973,4095,4095,0,19.02979,0.00000
534F4C31,33336,307841176,38987,4095,4095,0,19.03662,0.00000
534F4C31,33336,307843191,38977,4095,4095,0,19.03174,0.00000
534F4C31,33336,307845179,38986,4095,4095,0,19.03613,0.00000
534F4C31,33336,307847276,38978,4095,4095,0,19.03223,0.00000
534F4C31,33336,307849324,38986,4095,4095,0,19.03613,0.00000
534F4C31,33336,307851430,38975,4095,4095,0,19.03076,0.00000
534F4C31,33337,307853608,38954,4095,4095,0,19.02051,0.00000
534F4C31,33337,307856965,38967,4095,4095,0,19.02686,0.00000
534F4C31,33337,307859155,38974,4095,4095,0,19.03027,0.00000
534F4C31,33337,307861255,38984,4095,4095,0,19.03516,0.00000
534F4C31,33337,307863884,38967,4095,4095,0,19.02686,0.00000
534F4C31,33337,307866060,38954,4095,4095,0,19.02051,0.00000
534F4C31,33338,307868287,38987,4095,4095,0,19.03662,0.00000
534F4C31,33338,307871618,38978,4095,4095,0,19.03223,0.00000
534F4C31,33338,307873879,38970,4095,4095,0,19.02832,0.00000
534F4C31,33339,307876132,38981,4095,4095,0,19.03369,0.00000
534F4C31,33340,307879299,38979,4095,4095,0,19.03271,0.00000
534F4C31,33340,307883342,38979,4095,4095,0,19.03271,0.00000
534F4C31,33340,307886546,38957,4095,4095,0,19.02197,0.00000
534F4C31,33340,307889303,38956,4095,4095,0,19.02148,0.00000
534F4C31,33340,307891385,38983,4095,4095,0,19.03467,0.00000
534F4C31,33340,307893477,38972,4095,4095,0,19.02930,0.00000
534F4C31,33340,307895657,38983,4095,4095,0,19.03467,0.00000
534F4C31,33341,307897795,38973,4095,4095,0,19.02979,0.00000
534F4C31,33342,307900729,38983,4095,4095,0,19.03467,0.00000
534F4C31,33343,307904247,38980,4095,4095,0,19.03320,0.00000
534F4C31,33344,307909187,38982,4095,4095,0,19.03418,0.00000
534F4C31,33345,307912708,38976,4095,4095,0,19.03125,0.00000
534F4C31,33346,307917687,38956,4095,4095,0,19.02148,0.00000
534F4C31,33347,307921164,38968,4095,4095,0,19.02734,0.00000
534F4C31,33348,307927940,38987,4095,4095,0,19.03662,0.00000
534F4C31,33348,307933032,38965,4095,4095,0,19.02588,0.00000
534F4C31,33348,307938170,38975,4095,4095,0,19.03076,0.00000
534F4C31,33349,307941346,38972,4095,4095,0,19.02930,0.00000
534F4C31,33349,307945963,38960,4095,4095,0,19.02344,0.00000
534F4C31,33349,307948768,38978,4095,4095,0,19.03223,0.00000
534F4C31,33349,307951414,38954,4095,4095,0,19.02051,0.00000
534F4C31,33349,307955971,38982,4095,4095,0,19.03418,0.00000
534F4C31,33349,307958149,38979,4095,4095,0,19.03271,0.00000
534F4C31,33349,307960177,38974,4095,4095,0,19.03027,0.00000
534F4C31,33350,307963106,38957,4095,4095,0,19.02197,0.00000
534F4C31,33351,307967235,38984,4095,4095,0,19.03516,0.00000
534F4C31,33351,307973031,38954,4095,4095,0,19.02051,0.00000
534F4C31,33351,307975869,38972,4095,4095,0,19.02930,0.00000
534F4C31,33351,307978564,38957,4095,4095,0,19.02197,0.00000
534F4C31,33351,307981456,38985,4095,4095,0,19.03564,0.00000
534F4C31,33352,307983645,38971,4095,4095,0,19.02881,0.00000
534F4C31,33353,307988444,38954,4095,4095,0,19.02051,0.00000
534F4C31,33353,307993729,38964,4095,4095,0,19.02539,0.00000
534F4C31,33353,307996631,38964,4095,4095,0,19.02539,0.00000
534F4C31,33353,307999999,38966,4095,4095,0,19.02637,0.00000
534F4C31,33353,308002072,38974,4095,4095,0,19.03027,0.00000
534F4C31,33353,308004147,38981,4095,4095,0,19.03369,0.00000
534F4C31,33353,308007147,38967,4095,4095,0,19.02686,0.00000
534F4C31,33353,308009221,38950,4095,4095,0,19.01855,0.00000
534F4C31,33353,308011286,38970,4095,4095,0,19.02832,0.00000
534F4C31,33353,308013336,38961,4095,4095,0,19.02393,0.00000
534F4C31,33353,308015414,38967,4095,4095,0,19.02686,0.00000
534F4C31,33354,308017459,38978,4095,4095,0,19.03223,0.00000
534F4C31,33354,308021662,38987,4095,4095,0,19.03662,0.00000
534F4C31,33354,308023887,38978,4095,4095,0,19.03223,0.00000
534F4C31,33354,308025921,38972,4095,4095,0,19.02930,0.00000
534F4C31,33354,308028861,38958,4095,4095,0,19.02246,0.00000
534F4C31,33354,308031007,38964,4095,4095,0,19.02539,0.00000
534F4C31,33354,308033006,38954,4095,4095,0,19.02051,0.00000
534F4C31,33354,308035051,38970,4095,4095,0,19.02832,0.00000
534F4C31,33354,308037136,38971,4095,4095,0,19.02881,0.00000
534F4C31,33354,308039267,38986,4095,4095,0,19.03613,0.00000
534F4C31,33354,308041299,38975,4095,4095,0,19.03076,0.00000
534F4C31,33354,308043415,38984,4095,4095,0,19.03516,0.00000
534F4C31,33354,308045373,38973,4095,4095,0,19.02979,0.00000
534F4C31,33354,308047434,38977,4095,4095,0,19.03174,0.00000
534F4C31,33354,308049472,38972,4095,4095,0,19.02930,0.00000
534F4C31,33354,308051554,38953,4095,4095,0,19.02002,0.00000
534F4C31,33355,308053604,38964,4095,4095,0,19.02539,0.00000
534F4C31,33355,308057648,38955,4095,4095,0,19.02100,0.00000
534F4C31,33355,308059925,38954,4095,4095,0,19.02051,0.00000
534F4C31,33356,308062106,38966,4095,4095,0,19.02637,0.00000
534F4C31,33357,308065703,38975,4095,4095,0,19.03076,0.00000
534F4C31,33357,308071053,38979,4095,4095,0,19.03271,0.00000
534F4C31,33357,308074610,38982,4095,4095,0,19.03418,0.00000
534F4C31,33357,308076684,38982,4095,4095,0,19.03418,0.00000
534F4C31,33357,308078762,38957,4095,4095,0,19.02197,0.00000
534F4C31,33358,308082024,38982,4095,4095,0,19.03418,0.00000
534F4C31,33359,308085218,38972,4095,4095,0,19.02930,0.00000
534F4C31,33359,308088472,38973,4095,4095,0,19.02979,0.00000
534F4C31,33359,308092135,38974,4095,4095,0,19.03027,0.00000
534F4C31,33359,308094338,38961,4095,4095,0,19.02393,0.00000
534F4C31,33359,308097155,38967,4095,4095,0,19.02686,0.00000
534F4C31,33359,308099322,38970,4095,4095,0,19.02832,0.00000
534F4C31,33359,308101506,38982,4095,4095,0,19.03418,0.00000
534F4C31,33359,308103534,38968,4095,4095,0,19.02734,0.00000
534F4C31,33359,308105651,38982,4095,4095,0,19.03418,0.00000
534F4C31,33359,308107780,38975,4095,4095,0,19.03076,0.00000
534F4C31,33359,308109810,38956,4095,4095,0,19.02148,0.00000
534F4C31,33359,308111931,38965,4095,4095,0,19.02588,0.00000
534F4C31,33359,308114124,38957,4095,4095,0,19.02197,0.00000
534F4C31,33359,308116217,38966,4095,4095,0,19.02637,0.00000
534F4C31,33360,308118271,38960,4095,4095,0,19.02344,0.00000
534F4C31,33361,308121070,38966,4095,4095,0,19.02637,0.00000
534F4C31,33362,308125495,38962,4095,4095,0,19.02441,0.00000
534F4C31,33363,308129360,38965,4095,4095,0,19.02588,0.00000
534F4C31,33364,308133151,38955,4095,4095,0,19.02100,0.00000
534F4C31,33365,308137384,38980,4095,4095,0,19.03320,0.00000
534F4C31,33366,308140797,38981,4095,4095,0,19.03369,0.00000
534F4C31,33367,308144633,38982,4095,4095,0,19.03418,0.00000
534F4C31,33368,308148527,38980,4095,4095,0,19.03320,0.00000
534F4C31,33369,308152936,38977,4095,4095,0,19.03174,0.00000
534F4C31,33370,308157142,38952,4095,4095,0,19.01953,0.00000
534F4C31,33371,308160857,38953,4095,4095,0,19.02002,0.00000
534F4C31,33372,308165472,38964,4095,4095,0,19.02539,0.00000
534F4C31,33373,308169484,38959,4095,4095,0,19.02295,0.00000
534F4C31,33374,308173022,38949,4095,4095,0,19.01807,0.00000
534F4C31,33375,308176923,38958,4095,4095,0,19.02246,0.00000
534F4C31,33376,308180775,38955,4095,4095,0,19.02100,0.00000
534F4C31,33377,308185410,38977,4095,4095,0,19.03174,0.00000
534F4C31,33378,308189400,38974,4095,4095,0,19.03027,0.00000
534F4C31,33379,308195812,38983,4095,4095,0,19.03467,0.00000
534F4C31,33379,308200056,38984,4095,4095,0,19.03516,0.00000
534F4C31,33380,308203365,38980,4095,4095,0,19.03320,0.00000
534F4C31,33381,308207634,38972,4095,4095,0,19.02930,0.00000
534F4C31,33382,308212193,38956,4095,4095,0,19.02148,0.00000
534F4C31,33383,308216648,38964,4095,4095,0,19.02539,0.00000
534F4C31,33384,308223205,38972,4095,4095,0,19.02930,0.00000
534F4C31,33385,308226848,38951,4095,4095,0,19.01904,0.00000
534F4C31,33386,308234460,38983,4095,4095,0,19.03467,0.00000
534F4C31,33387,308240656,38979,4095,4095,0,19.03271,0.00000
534F4C31,33388,308245768,38975,4095,4095,0,19.03076,0.00000
534F4C31,33388,308250905,38981,4095,4095,0,19.03369,0.00000
534F4C31,33388,308253062,38987,4095,4095,0,19.03662,0.00000
534F4C31,33388,308255233,38974,4095,4095,0,19.03027,0.00000
534F4C31,33388,308258130,38959,4095,4095,0,19.02295,0.00000
534F4C31,33388,308260378,38983,4095,4095,0,19.03467,0.00000
534F4C31,33388,308262471,38969,4095,4095,0,19.02783,0.00000
534F4C31,33388,308264484,38979,4095,4095,0,19.03271,0.00000
534F4C31,33388,308266585,38971,4095,4095,0,19.02881,0.00000
534F4C31,33388,308268672,38984,4095,4095,0,19.03516,0.00000
534F4C31,33388,308270719,38971,4095,4095,0,19.02881,0.00000
534F4C31,33388,308272747,38984,4095,4095,0,19.03516,0.00000
534F4C31,33388,308274750,38972,4095,4095,0,19.02930,0.00000
534F4C31,33388,308276759,38981,4095,4095,0,19.03369,0.00000
534F4C31,33388,308278809,38967,4095,4095,0,19.02686,0.00000
534F4C31,33388,308281043,38954,4095,4095,0,19.02051,0.00000
534F4C31,33388,308283080,38967,4095,4095,0,19.02686,0.00000
534F4C31,33388,308285211,38954,4095,4095,0,19.02051,0.00000
534F4C31,33388,308287125,38963,4095,4095,0,19.02490,0.00000
534F4C31,33388,308289089,38960,4095,4095,0,19.02344,0.00000
534F4C31,33388,308291226,38966,4095,4095,0,19.02637,0.00000
534F4C31,33388,308293214,38953,4095,4095,0,19.02002,0.00000
534F4C31,33388,308295848,38986,4095,4095,0,19.03613,0.00000
534F4C31,33388,308299152,38972,4095,4095,0,19.02930,0.00000
534F4C31,33388,308301490,38977,4095,4095,0,19.03174,0.00000
534F4C31,33388,308303537,38982,4095,4095,0,19.03418,0.00000
534F4C31,33388,308305599,38970,4095,4095,0,19.02832,0.00000
534F4C31,33388,308307631,38982,4095,4095,0,19.03418,0.00000
534F4C31,33388,308309685,38975,4095,4095,0,19.03076,0.00000
534F4C31,33388,308311747,38954,4095,4095,0,19.02051,0.00000
534F4C31,33388,308313852,38966,4095,4095,0,19.02637,0.00000
534F4C31,33388,308315934,38962,4095,4095,0,19.02441,0.00000
534F4C31,33388,308318788,38968,4095,4095,0,19.02734,0.00000
534F4C31,33388,308321570,38965,4095,4095,0,19.02588,0.00000
534F4C31,33388,308323680,38958,4095,4095,0,19.02246,0.00000
534F4C31,33388,308325707,38967,4095,4095,0,19.02686,0.00000
534F4C31,33388,308327709,38961,4095,4095,0,19.02393,0.00000
534F4C31,33388,308330576,38978,4095,4095,0,19.03223,0.00000
534F4C31,33388,308332873,38974,4095,4095,0,19.03027,0.00000
534F4C31,33388,308334970,38983,4095,4095,0,19.03467,0.00000
534F4C31,33388,308337016,38968,4095,4095,0,19.02734,0.00000
534F4C31,33388,308339062,38962,4095,4095,0,19.02441,0.00000
534F4C31,33388,308341147,38965,4095,4095,0,19.02588,0.00000
534F4C31,33388,308343228,38955,4095,4095,0,19.02100,0.00000
534F4C31,33388,308345283,38972,4095,4095,0,19.02930,0.00000
534F4C31,33388,308347373,38953,4095,4095,0,19.02002,0.00000
534F4C31,33388,308349255,38965,4095,4095,0,19.02588,0.00000
534F4C31,33388,308351217,38963,4095,4095,0,19.02490,0.00000
534F4C31,33388,308353274,38970,4095,4095,0,19.02832,0.00000
534F4C31,33388,308355302,38953,4095,4095,0,19.02002,0.00000
534F4C31,33388,308357381,38965,4095,4095,0,19.02588,0.00000
534F4C31,33388,308359452,38973,4095,4095,0,19.02979,0.00000
534F4C31,33388,308361551,38984,4095,4095,0,19.03516,0.00000
534F4C31,33389,308363578,38968,4095,4095,0,19.02734,0.00000
534F4C31,33389,308367978,38978,4095,4095,0,19.03223,0.00000
534F4C31,33389,308370258,38959,4095,4095,0,19.02295,0.00000
534F4C31,33389,308372288,38957,4095,4095,0,19.02197,0.00000
534F4C31,33389,308375648,38969,4095,4095,0,19.02783,0.00000
534F4C31,33389,308377776,38984,4095,4095,0,19.03516,0.00000
534F4C31,33389,308379777,38965,4095,4095,0,19.02588,0.00000
534F4C31,33389,308381789,38955,4095,4095,0,19.02100,0.00000
534F4C31,33389,308383919,38972,4095,4095,0,19.02930,0.00000
534F4C31,33389,308385950,38959,4095,4095,0,19.02295,0.00000
534F4C31,33389,308388013,38968,4095,4095,0,19.02734,0.00000
534F4C31,33389,308389865,38956,4095,4095,0,19.02148,0.00000
534F4C31,33389,308391669,38966,4095,4095,0,19.02637,0.00000
534F4C31,33389,308393829,38956,4095,4095,0,19.02148,0.00000
534F4C31,33389,308395973,38967,4095,4095,0,19.02686,0.00000
534F4C31,33389,308398454,38972,4095,4095,0,19.02930,0.00000
534F4C31,33389,308400645,38981,4095,4095,0,19.03369,0.00000
534F4C31,33389,308402678,38972,4095,4095,0,19.02930,0.00000
534F4C31,33389,308404777,38986,4095,4095,0,19.03613,0.00000
534F4C31,33389,308406870,38973,4095,4095,0,19.02979,0.00000
534F4C31,33389,308408995,38957,4095,4095,0,19.02197,0.00000
534F4C31,33389,308411095,38965,4095,4095,0,19.02588,0.00000
534F4C31,33389,308413137,38954,4095,4095,0,19.02051,0.00000
534F4C31,33390,308415193,38967,4095,4095,0,19.02686,0.00000
534F4C31,33390,308418961,38954,4095,4095,0,19.02051,0.00000
534F4C31,33390,308421404,38954,4095,4095,0,19.02051,0.00000
534F4C31,33390,308423477,38982,4095,4095,0,19.03418,0.00000
534F4C31,33391,308427412,38975,4095,4095,0,19.03076,0.00000
534F4C31,33391,308431415,38969,4095,4095,0,19.02783,0.00000
534F4C31,33391,308433669,38975,4095,4095,0,19.03076,0.00000
534F4C31,33392,308436465,38977,4095,4095,0,19.03174,0.00000
534F4C31,33393,308441504,38986,4095,4095,0,19.03613,0.00000
534F4C31,33394,308445244,38958,4095,4095,0,19.02246,0.00000
534F4C31,33395,308451300,38965,4095,4095,0,19.02588,0.00000
534F4C31,33395,308454046,38973,4095,4095,0,19.02979,0.00000
534F4C31,33395,308458884,38971,4095,4095,0,19.02881,0.00000
534F4C31,33395,308461507,38970,4095,4095,0,19.02832,0.00000
534F4C31,33395,308464318,38973,4095,4095,0,19.02979,0.00000
534F4C31,33396,308467092,38981,4095,4095,0,19.03369,0.00000
534F4C31,33397,308471452,38966,4095,4095,0,19.02637,0.00000
534F4C31,33397,308473998,38985,4095,4095,0,19.03564,0.00000
534F4C31,33397,308478079,38969,4095,4095,0,19.02783,0.00000
534F4C31,33397,308482305,38959,4095,4095,0,19.02295,0.00000
534F4C31,33397,308484504,38977,4095,4095,0,19.03174,0.00000
534F4C31,33397,308486502,38984,4095,4095,0,19.03516,0.00000
534F4C31,33397,308489232,38967,4095,4095,0,19.02686,0.00000
534F4C31,33397,308491583,38973,4095,4095,0,19.02979,0.00000
534F4C31,33397,308493650,38980,4095,4095,0,19.03320,0.00000
534F4C31,33397,308495761,38980,4095,4095,0,19.03320,0.00000
534F4C31,33398,308498088,38985,4095,4095,0,19.03564,0.00000
534F4C31,33399,308503334,38958,4095,4095,0,19.02246,0.00000
534F4C31,33400,308507511,38984,4095,4095,0,19.03516,0.00000
534F4C31,33400,308513186,38977,4095,4095,0,19.03174,0.00000
534F4C31,33400,308515412,38970,4095,4095,0,19.02832,0.00000
534F4C31,33400,308519120,38956,4095,4095,0,19.02148,0.00000
534F4C31,33400,308521280,38984,4095,4095,0,19.03516,0.00000
534F4C31,33400,308523311,38971,4095,4095,0,19.02881,0.00000
534F4C31,33401,308525456,38963,4095,4095,0,19.02490,0.00000
534F4C31,33402,308529494,38980,4095,4095,0,19.03320,0.00000
534F4C31,33403,308533134,38963,4095,4095,0,19.02490,0.00000
534F4C31,33404,308536701,38961,4095,4095,0,19.02393,0.00000
534F4C31,33404,308542529,38975,4095,4095,0,19.03076,0.00000
534F4C31,33404,308544685,38986,4095,4095,0,19.03613,0.00000
534F4C31,33404,308547464,38966,4095,4095,0,19.02637,0.00000
534F4C31,33404,308549794,38967,4095,4095,0,19.02686,0.00000
534F4C31,33404,308551767,38982,4095,4095,0,19.03418,0.00000
534F4C31,33404,308553892,38973,4095,4095,0,19.02979,0.00000
534F4C31,33404,308555829,38981,4095,4095,0,19.03369,0.00000
534F4C31,33404,308557616,38977,4095,4095,0,19.03174,0.00000
534F4C31,33405,308560460,38975,4095,4095,0,19.03076,0.00000
534F4C31,33406,308564270,38980,4095,4095,0,19.03320,0.00000
534F4C31,33407,308567600,38981,4095,4095,0,19.03369,0.00000
534F4C31,33408,308574274,38980,4095,4095,0,19.03320,0.00000
534F4C31,33408,308577194,38958,4095,4095,0,19.02246,0.00000
534F4C31,33409,308582077,38957,4095,4095,0,19.02197,0.00000
534F4C31,33409,308585768,38972,4095,4095,0,19.02930,0.00000
534F4C31,33409,308588462,38952,4095,4095,0,19.01953,0.00000
534F4C31,33409,308592635,38980,4095,4095,0,19.03320,0.00000
534F4C31,33409,308594824,38981,4095,4095,0,19.03369,0.00000
534F4C31,33409,308596871,38972,4095,4095,0,19.02930,0.00000
534F4C31,33409,308598957,38980,4095,4095,0,19.03320,0.00000
534F4C31,33409,308600998,38975,4095,4095,0,19.03076,0.00000
534F4C31,33409,308603677,38951,4095,4095,0,19.01904,0.00000
534F4C31,33409,308605980,38973,4095,4095,0,19.02979,0.00000
534F4C31,33409,308608715,38977,4095,4095,0,19.03174,0.00000
534F4C31,33409,308610981,38951,4095,4095,0,19.01904,0.00000
534F4C31,33409,308612828,39900,4095,4095,0,19.48242,0.00000
534F4C31,33409,308614648,40575,4095,4095,0,19.81201,0.00000
534F4C31,33409,308616760,40848,4095,4095,0,19.94531,0.00000
534F4C31,33410,308618990,40945,4095,4095,0,19.99268,0.00000
534F4C31,33411,308623094,40989,4095,4095,0,20.01416,0.00000
534F4C31,33411,308627389,41032,4095,4095,0,20.03516,0.00000
534F4C31,33411,308631353,41036,4095,4095,0,20.03711,0.00000
534F4C31,33412,308634145,41031,4095,4095,0,20.03467,0.00000
534F4C31,33412,308637627,41021,4095,4095,0,20.02979,0.00000
534F4C31,33412,308639879,41014,4095,4095,0,20.02637,0.00000
534F4C31,33413,308644294,41019,4095,4095,0,20.02881,0.00000
534F4C31,33413,308648150,41008,4095,4095,0,20.02344,0.00000
534F4C31,33413,308652413,41020,4095,4095,0,20.02930,0.00000
534F4C31,33413,308655381,41026,4095,4095,0,20.03223,0.00000
534F4C31,33413,308658057,41010,4095,4095,0,20.02441,0.00000
534F4C31,33413,308660433,41034,4095,4095,0,20.03613,0.00000
534F4C31,33413,308662454,41027,4095,4095,0,20.03271,0.00000
534F4C31,33413,308664576,41038,4095,4095,0,20.03809,0.00000
534F4C31,33414,308666838,41022,4095,4095,0,20.03027,0.00000
534F4C31,33415,308671203,41025,4095,4095,0,20.03174,0.00000
534F4C31,33416,308675630,41004,4095,4095,0,20.02148,0.00000
534F4C31,33417,308681967,41021,4095,4095,0,20.02979,0.00000
534F4C31,33417,308687169,41035,4095,4095,0,20.03662,0.00000
534F4C31,33417,308690606,41022,4095,4095,0,20.03027,0.00000
534F4C31,33417,308693706,41005,4095,4095,0,20.02197,0.00000
534F4C31,33418,308695852,41029,4095,4095,0,20.03369,0.00000
534F4C31,33419,308698152,41029,4095,4095,0,20.03369,0.00000
534F4C31,33419,308703426,41025,4095,4095,0,20.03174,0.00000
534F4C31,33419,308707878,41029,4095,4095,0,20.03369,0.00000
534F4C31,33419,308709981,41020,4095,4095,0,20.02930,0.00000
534F4C31,33419,308713007,41020,4095,4095,0,20.02930,0.00000
534F4C31,33419,308715230,41031,4095,4095,0,20.03467,0.00000
534F4C31,33419,308717235,41024,4095,4095,0,20.03125,0.00000
534F4C31,33419,308719389,41036,4095,4095,0,20.03711,0.00000
534F4C31,33420,308721502,41015,4095,4095,0,20.02686,0.00000
534F4C31,33421,308725572,41014,4095,4095,0,20.02637,0.00000
534F4C31,33422,308728897,41003,4095,4095,0,20.02100,0.00000
534F4C31,33423,308734334,41003,4095,4095,0,20.02100,0.00000
534F4C31,33423,308739359,41000,4095,4095,0,20.01953,0.00000
534F4C31,33423,308742259,41017,4095,4095,0,20.02783,0.00000
534F4C31,33423,308744411,41030,4095,4095,0,20.03418,0.00000
534F4C31,33423,308748313,41039,4095,4095,0,20.03857,0.00000
534F4C31,33423,308750500,41031,4095,4095,0,20.03467,0.00000
534F4C31,33423,308752596,41023,4095,4095,0,20.03076,0.00000
534F4C31,33424,308754536,41006,4095,4095,0,20.02246,0.00000
534F4C31,33425,308758170,41016,4095,4095,0,20.02734,0.00000
534F4C31,33425,308762132,41035,4095,4095,0,20.03662,0.00000
534F4C31,33425,308766939,41034,4095,4095,0,20.03613,0.00000
534F4C31,33425,308769753,41042,4095,4095,0,20.04004,0.00000
534F4C31,33425,308772389,41017,4095,4095,0,20.02783,0.00000
534F4C31,33425,308774885,41000,4095,4095,0,20.01953,0.00000
534F4C31,33425,308777205,41035,4095,4095,0,20.03662,0.00000
534F4C31,33425,308779228,41025,4095,4095,0,20.03174,0.00000
534F4C31,33425,308781332,41037,4095,4095,0,20.03760,0.00000
534F4C31,33426,308783427,41023,4095,4095,0,20.03076,0.00000
534F4C31,33427,308786852,41005,4095,4095,0,20.02197,0.00000
534F4C31,33428,308791340,41013,4095,4095,0,20.02588,0.00000
534F4C31,33428,308796831,41009,4095,4095,0,20.02393,0.00000
534F4C31,33428,308799704,41026,4095,4095,0,20.03223,0.00000
534F4C31,33429,308801781,41008,4095,4095,0,20.02344,0.00000
534F4C31,33429,308807600,41038,4095,4095,0,20.03809,0.00000
534F4C31,33429,308809812,41002,4095,4095,0,20.02051,0.00000
534F4C31,33429,308811867,41033,4095,4095,0,20.03564,0.00000
534F4C31,33429,308814883,41028,4095,4095,0,20.03320,0.00000
534F4C31,33429,308817127,41013,4095,4095,0,20.02588,0.00000
534F4C31,33429,308820183,41017,4095,4095,0,20.02783,0.00000
534F4C31,33429,308822376,41019,4095,4095,0,20.02881,0.00000
534F4C31,33430,308824454,41012,4095,4095,0,20.02539,0.00000
534F4C31,33430,308829464,41021,4095,4095,0,20.02979,0.00000
534F4C31,33430,308831792,41032,4095,4095,0,20.03516,0.00000
534F4C31,33430,308833867,41025,4095,4095,0,20.03174,0.00000
534F4C31,33431,308839191,41032,4095,4095,0,20.03516,0.00000
534F4C31,33432,308843196,41021,4095,4095,0,20.02979,0.00000
534F4C31,33433,308846692,41024,4095,4095,0,20.03125,0.00000
534F4C31,33434,308852540,41025,4095,4095,0,20.03174,0.00000
534F4C31,33434,308855986,41034,4095,4095,0,20.03613,0.00000
534F4C31,33434,308858586,41022,4095,4095,0,20.03027,0.00000
534F4C31,33434,308862688,41017,4095,4095,0,20.02783,0.00000
534F4C31,33434,308864896,41019,4095,4095,0,20.02881,0.00000
534F4C31,33434,308866895,41034,4095,4095,0,20.03613,0.00000
534F4C31,33435,308869882,41022,4095,4095,0,20.03027,0.00000
534F4C31,33435,308874714,41030,4095,4095,0,20.03418,0.00000
534F4C31,33435,308877131,41019,4095,4095,0,20.02881,0.00000
534F4C31,33435,308879794,41002,4095,4095,0,20.02051,0.00000
534F4C31,33435,308882050,41032,4095,4095,0,20.03516,0.00000
534F4C31,33436,308884095,41034,4095,4095,0,20.03613,0.00000
534F4C31,33436,308887860,41032,4095,4095,0,20.03516,0.00000
534F4C31,33437,308891436,41004,4095,4095,0,20.02148,0.00000
534F4C31,33438,308895534,41032,4095,4095,0,20.03516,0.00000
534F4C31,33439,308899084,41040,4095,4095,0,20.03906,0.00000
534F4C31,33439,308904624,41027,4095,4095,0,20.03271,0.00000
534F4C31,33439,308910498,41019,4095,4095,0,20.02881,0.00000
534F4C31,33439,308914921,41007,4095,4095,0,20.02295,0.00000
534F4C31,33439,308917787,41031,4095,4095,0,20.03467,0.00000
534F4C31,33439,308919952,41013,4095,4095,0,20.02588,0.00000
534F4C31,33440,308923484,41012,4095,4095,0,20.02539,0.00000
534F4C31,33440,308928191,41022,4095,4095,0,20.03027,0.00000
534F4C31,33440,308930349,41029,4095,4095,0,20.03369,0.00000
534F4C31,33440,308933121,41037,4095,4095,0,20.03760,0.00000
534F4C31,33440,308936034,41023,4095,4095,0,20.03076,0.00000
534F4C31,33441,308938147,41028,4095,4095,0,20.03320,0.00000
534F4C31,33441,308942649,41036,4095,4095,0,20.03711,0.00000
534F4C31,33441,308944827,41003,4095,4095,0,20.02100,0.00000
534F4C31,33442,308947518,41015,4095,4095,0,20.02686,0.00000
534F4C31,33442,308952526,41032,4095,4095,0,20.03516,0.00000
534F4C31,33442,308954823,41018,4095,4095,0,20.02832,0.00000
534F4C31,33442,308958254,41022,4095,4095,0,20.03027,0.00000
534F4C31,33442,308960208,41002,4095,4095,0,20.02051,0.00000
534F4C31,33442,308962167,41027,4095,4095,0,20.03271,0.00000
534F4C31,33443,308964228,41004,4095,4095,0,20.02148,0.00000
534F4C31,33444,308968794,41016,4095,4095,0,20.02734,0.00000
534F4C31,33445,308972045,41033,4095,4095,0,20.03564,0.00000
534F4C31,33446,308979519,41025,4095,4095,0,20.03174,0.00000
534F4C31,33446,308983445,41019,4095,4095,0,20.02881,0.00000
534F4C31,33447,308986361,41021,4095,4095,0,20.02979,0.00000
534F4C31,33447,308989572,41019,4095,4095,0,20.02881,0.00000
534F4C31,33447,308993903,41018,4095,4095,0,20.02832,0.00000
534F4C31,33448,308997559,41031,4095,4095,0,20.03467,0.00000
534F4C31,33449,309000847,41008,4095,4095,0,20.02344,0.00000
534F4C31,33450,309005215,41012,4095,4095,0,20.02539,0.00000
534F4C31,33450,309010782,41026,4095,4095,0,20.03223,0.00000
534F4C31,33450,309015436,41031,4095,4095,0,20.03467,0.00000
534F4C31,33450,309017673,41035,4095,4095,0,20.03662,0.00000
534F4C31,33450,309020831,41029,4095,4095,0,20.03369,0.00000
534F4C31,33451,309023034,41006,4095,4095,0,20.02246,0.00000
534F4C31,33452,309027252,41017,4095,4095,0,20.02783,0.00000
534F4C31,33452,309030494,41038,4095,4095,0,20.03809,0.00000
534F4C31,33452,309033162,41019,4095,4095,0,20.02881,0.00000
534F4C31,33452,309037442,41016,4095,4095,0,20.02734,0.00000
534F4C31,33452,309040159,41026,4095,4095,0,20.03223,0.00000
534F4C31,33452,309042367,41003,4095,4095,0,20.02100,0.00000
534F4C31,33452,309045352,41020,4095,4095,0,20.02930,0.00000
534F4C31,33452,309047617,41024,4095,4095,0,20.03125,0.00000
534F4C31,33452,309049611,41035,4095,4095,0,20.03662,0.00000
534F4C31,33452,309051698,41017,4095,4095,0,20.02783,0.00000
534F4C31,33453,309053758,41004,4095,4095,0,20.02148,0.00000
534F4C31,33453,309058186,41023,4095,4095,0,20.03076,0.00000
534F4C31,33453,309060467,41038,4095,4095,0,20.03809,0.00000
534F4C31,33454,309062586,41021,4095,4095,0,20.02979,0.00000
534F4C31,33454,309066470,41033,4095,4095,0,20.03564,0.00000
534F4C31,33454,309069965,41017,4095,4095,0,20.02783,0.00000
534F4C31,33454,309072659,41035,4095,4095,0,20.03662,0.00000
534F4C31,33454,309074826,41021,4095,4095,0,20.02979,0.00000
534F4C31,33454,309077885,41007,4095,4095,0,20.02295,0.00000
534F4C31,33454,309079944,41032,4095,4095,0,20.03516,0.00000
534F4C31,33454,309082037,41027,4095,4095,0,20.03271,0.00000
534F4C31,33455,309084155,41038,4095,4095,0,20.03809,0.00000
534F4C31,33456,309088230,41026,4095,4095,0,20.03223,0.00000
534F4C31,33457,309092799,41022,4095,4095,0,20.03027,0.00000
534F4C31,33457,309098468,41018,4095,4095,0,20.02832,0.00000
534F4C31,33457,309100633,41003,4095,4095,0,20.02100,0.00000
534F4C31,33458,309103446,41037,4095,4095,0,20.03760,0.00000
534F4C31,33459,309108386,41026,4095,4095,0,20.03223,0.00000
534F4C31,33459,309113301,41037,4095,4095,0,20.03760,0.00000
534F4C31,33459,309116558,41005,4095,4095,0,20.02197,0.00000
534F4C31,33460,309120058,41010,4095,4095,0,20.02441,0.00000
534F4C31,33460,309124360,41034,4095,4095,0,20.03613,0.00000
534F4C31,33460,309127784,41035,4095,4095,0,20.03662,0.00000
534F4C31,33461,309130744,41018,4095,4095,0,20.02832,0.00000
534F4C31,33461,309134951,41018,4095,4095,0,20.02832,0.00000
534F4C31,33461,309138412,41033,4095,4095,0,20.03564,0.00000
534F4C31,33462,309141181,41025,4095,4095,0,20.03174,0.00000
534F4C31,33463,309146347,41022,4095,4095,0,20.03027,0.00000
534F4C31,33463,309150043,41017,4095,4095,0,20.02783,0.00000
534F4C31,33463,309153727,41031,4095,4095,0,20.03467,0.00000
534F4C31,33464,309157138,41018,4095,4095,0,20.02832,0.00000
534F4C31,33465,309161263,41029,4095,4095,0,20.03369,0.00000
534F4C31,33466,309165587,41024,4095,4095,0,20.03125,0.00000
534F4C31,33466,309171046,41039,4095,4095,0,20.03857,0.00000
534F4C31,33466,309174692,41009,4095,4095,0,20.02393,0.00000
534F4C31,33466,309176704,41019,4095,4095,0,20.02881,0.00000
534F4C31,33466,309179609,41024,4095,4095,0,20.03125,0.00000
534F4C31,33467,309181931,41008,4095,4095,0,20.02344,0.00000
534F4C31,33468,309186207,41013,4095,4095,0,20.02588,0.00000
534F4C31,33468,309189744,41037,4095,4095,0,20.03760,0.00000
534F4C31,33468,309194224,41023,4095,4095,0,20.03076,0.00000
534F4C31,33469,309196542,41035,4095,4095,0,20.03662,0.00000
534F4C31,33469,309201863,41017,4095,4095,0,20.02783,0.00000
534F4C31,33469,309204195,41033,4095,4095,0,20.03564,0.00000
534F4C31,33470,309206276,41024,4095,4095,0,20.03125,0.00000
534F4C31,33470,309210857,41037,4095,4095,0,20.03760,0.00000
534F4C31,33470,309213463,41009,4095,4095,0,20.02393,0.00000
534F4C31,33471,309216552,41017,4095,4095,0,20.02783,0.00000
534F4C31,33471,309221452,41032,4095,4095,0,20.03516,0.00000
534F4C31,33471,309224504,41035,4095,4095,0,20.03662,0.00000
534F4C31,33471,309226981,41019,4095,4095,0,20.02881,0.00000
534F4C31,33471,309229482,40998,4095,4095,0,20.01855,0.00000
534F4C31,33471,309231693,41034,4095,4095,0,20.03613,0.00000
534F4C31,33472,309234631,41026,4095,4095,0,20.03223,0.00000
534F4C31,33473,309239545,41022,4095,4095,0,20.03027,0.00000
534F4C31,33473,309244809,41021,4095,4095,0,20.02979,0.00000
534F4C31,33473,309247427,41033,4095,4095,0,20.03564,0.00000
534F4C31,33473,309250208,41019,4095,4095,0,20.02881,0.00000
534F4C31,33473,309252922,41008,4095,4095,0,20.02344,0.00000
534F4C31,33473,309255349,41044,4095,4095,0,20.04102,0.00000
534F4C31,33473,309257497,41022,4095,4095,0,20.03027,0.00000
534F4C31,33473,309259534,41015,4095,4095,0,20.02686,0.00000
534F4C31,33473,309261705,41020,4095,4095,0,20.02930,0.00000
534F4C31,33473,309263807,41007,4095,4095,0,20.02295,0.00000
534F4C31,33473,309265828,41015,4095,4095,0,20.02686,0.00000
534F4C31,33473,309267930,41005,4095,4095,0,20.02197,0.00000
534F4C31,33474,309270232,41033,4095,4095,0,20.03564,0.00000
534F4C31,33474,309274766,41019,4095,4095,0,20.02881,0.00000
534F4C31,33474,309277030,41012,4095,4095,0,20.02539,0.00000
534F4C31,33475,309279852,41004,4095,4095,0,20.02148,0.00000
534F4C31,33475,309284683,41036,4095,4095,0,20.03711,0.00000
534F4C31,33475,309287075,41006,4095,4095,0,20.02246,0.00000
534F4C31,33475,309289145,41018,4095,4095,0,20.02832,0.00000
534F4C31,33475,309292239,41024,4095,4095,0,20.03125,0.00000
534F4C31,33475,309294459,41009,4095,4095,0,20.02393,0.00000
534F4C31,33475,309296398,41016,4095,4095,0,20.02734,0.00000
534F4C31,33475,309298617,41003,4095,4095,0,20.02100,0.00000
534F4C31,33476,309300723,41019,4095,4095,0,20.02881,0.00000
534F4C31,33477,309305060,41009,4095,4095,0,20.02393,0.00000
534F4C31,33478,309308776,41022,4095,4095,0,20.03027,0.00000
534F4C31,33479,309314712,41033,4095,4095,0,20.03564,0.00000
534F4C31,33480,309319189,41038,4095,4095,0,20.03809,0.00000
534F4C31,33480,309325174,41032,4095,4095,0,20.03516,0.00000
534F4C31,33480,309327635,41017,4095,4095,0,20.02783,0.00000
534F4C31,33480,309330301,41013,4095,4095,0,20.02588,0.00000
534F4C31,33481,309332640,41044,4095,4095,0,20.04102,0.00000
534F4C31,33481,309335152,41024,4095,4095,0,20.03125,0.00000
534F4C31,33481,309338903,41005,4095,4095,0,20.02197,0.00000
534F4C31,33481,309341818,41022,4095,4095,0,20.03027,0.00000
534F4C31,33481,309343804,41030,4095,4095,0,20.03418,0.00000
534F4C31,33481,309345831,41024,4095,4095,0,20.03125,0.00000
534F4C31,33481,309348890,41010,4095,4095,0,20.02441,0.00000
534F4C31,33481,309351026,41023,4095,4095,0,20.03076,0.00000
534F4C31,33481,309353131,41015,4095,4095,0,20.02686,0.00000
534F4C31,33481,309355167,41018,4095,4095,0,20.02832,0.00000
534F4C31,33481,309357218,41002,4095,4095,0,20.02051,0.00000
534F4C31,33482,309359301,41033,4095,4095,0,20.03564,0.00000
534F4C31,33483,309363744,41035,4095,4095,0,20.03662,0.00000
534F4C31,33484,309368759,41022,4095,4095,0,20.03027,0.00000
534F4C31,33484,309373522,41016,4095,4095,0,20.02734,0.00000
534F4C31,33484,309375717,41030,4095,4095,0,20.03418,0.00000
534F4C31,33485,309377755,41022,4095,4095,0,20.03027,0.00000
534F4C31,33486,309381407,41006,4095,4095,0,20.02246,0.00000
534F4C31,33487,309385539,41029,4095,4095,0,20.03369,0.00000
534F4C31,33487,309389859,41019,4095,4095,0,20.02881,0.00000
534F4C31,33487,309392892,41023,4095,4095,0,20.03076,0.00000
534F4C31,33487,309395703,41008,4095,4095,0,20.02344,0.00000
534F4C31,33487,309398276,41024,4095,4095,0,20.03125,0.00000
534F4C31,33487,309400817,41023,4095,4095,0,20.03076,0.00000
534F4C31,33487,309402920,41040,4095,4095,0,20.03906,0.00000
534F4C31,33487,309404948,41024,4095,4095,0,20.03125,0.00000
534F4C31,33487,309406964,41010,4095,4095,0,20.02441,0.00000
534F4C31,33487,309409045,41019,4095,4095,0,20.02881,0.00000
534F4C31,33488,309411245,41009,4095,4095,0,20.02393,0.00000
534F4C31,33489,309415335,41019,4095,4095,0,20.02881,0.00000
534F4C31,33490,309419644,41038,4095,4095,0,20.03809,0.00000
534F4C31,33490,309427277,41019,4095,4095,0,20.02881,0.00000
534F4C31,33491,309430204,41032,4095,4095,0,20.03516,0.00000
534F4C31,33492,309434967,41034,4095,4095,0,20.03613,0.00000
534F4C31,33492,309439386,41008,4095,4095,0,20.02344,0.00000
534F4C31,33492,309442945,41013,4095,4095,0,20.02588,0.00000
534F4C31,33492,309446311,41034,4095,4095,0,20.03613,0.00000
534F4C31,33492,309448453,41016,4095,4095,0,20.02734,0.00000
534F4C31,33492,309450616,41002,4095,4095,0,20.02051,0.00000
534F4C31,33492,309453419,41036,4095,4095,0,20.03711,0.00000
534F4C31,33492,309455619,41021,4095,4095,0,20.02979,0.00000
534F4C31,33492,309457636,41008,4095,4095,0,20.02344,0.00000
534F4C31,33492,309459738,41023,4095,4095,0,20.03076,0.00000
534F4C31,33492,309461753,41004,4095,4095,0,20.02148,0.00000
534F4C31,33492,309463793,41019,4095,4095,0,20.02881,0.00000
534F4C31,33492,309465936,41005,4095,4095,0,20.02197,0.00000
534F4C31,33493,309468120,41031,4095,4095,0,20.03467,0.00000
534F4C31,33494,309472544,41030,4095,4095,0,20.03418,0.00000
534F4C31,33495,309476072,41030,4095,4095,0,20.03418,0.00000
534F4C31,33496,309482220,41026,4095,4095,0,20.03223,0.00000
534F4C31,33496,309484900,41038,4095,4095,0,20.03809,0.00000
534F4C31,33496,309489781,41008,4095,4095,0,20.02344,0.00000
534F4C31,33496,309491876,41034,4095,4095,0,20.03613,0.00000
534F4C31,33496,309493903,41018,4095,4095,0,20.02832,0.00000
534F4C31,33497,309497009,41031,4095,4095,0,20.03467,0.00000
534F4C31,33498,309500951,41016,4095,4095,0,20.02734,0.00000
534F4C31,33499,309504460,41034,4095,4095,0,20.03613,0.00000
534F4C31,33499,309509171,41006,4095,4095,0,20.02246,0.00000
534F4C31,33499,309512322,41015,4095,4095,0,20.02686,0.00000
534F4C31,33500,309514383,41018,4095,4095,0,20.02832,0.00000
534F4C31,33500,309519543,41019,4095,4095,0,20.02881,0.00000
534F4C31,33500,309521800,41010,4095,4095,0,20.02441,0.00000
534F4C31,33500,309524807,41009,4095,4095,0,20.02393,0.00000
534F4C31,33500,309527907,41013,4095,4095,0,20.02588,0.00000
534F4C31,33500,309530014,41017,4095,4095,0,20.02783,0.00000
534F4C31,33500,309532139,41025,4095,4095,0,20.03174,0.00000
534F4C31,33500,309534303,41028,4095,4095,0,20.03320,0.00000
534F4C31,33500,309536269,41030,4095,4095,0,20.03418,0.00000
534F4C31,33500,309538252,41031,4095,4095,0,20.03467,0.00000
534F4C31,33500,309540304,41023,4095,4095,0,20.03076,0.00000
534F4C31,33500,309542332,41034,4095,4095,0,20.03613,0.00000
534F4C31,33500,309544448,41024,4095,4095,0,20.03125,0.00000
534F4C31,33501,309546641,41032,4095,4095,0,20.03516,0.00000
534F4C31,33501,309550606,41016,4095,4095,0,20.02734,0.00000
534F4C31,33502,309553083,41015,4095,4095,0,20.02686,0.00000
534F4C31,33503,309558757,41028,4095,4095,0,20.03320,0.00000
534F4C31,33503,309563553,41013,4095,4095,0,20.02588,0.00000
534F4C31,33503,309567384,41034,4095,4095,0,20.03613,0.00000
534F4C31,33503,309570505,41038,4095,4095,0,20.03809,0.00000
534F4C31,33503,309572710,41022,4095,4095,0,20.03027,0.00000
534F4C31,33504,309574801,41007,4095,4095,0,20.02295,0.00000
534F4C31,33504,309579880,41034,4095,4095,0,20.03613,0.00000
534F4C31,33504,309582173,40999,4095,4095,0,20.01904,0.00000
534F4C31,33504,309584145,41019,4095,4095,0,20.02881,0.00000
534F4C31,33504,309586228,41010,4095,4095,0,20.02441,0.00000
534F4C31,33504,309589042,41020,4095,4095,0,20.02930,0.00000
534F4C31,33504,309591184,41025,4095,4095,0,20.03174,0.00000
534F4C31,33504,309593246,41039,4095,4095,0,20.03857,0.00000
534F4C31,33505,309595337,41021,4095,4095,0,20.02979,0.00000
534F4C31,33506,309599888,41010,4095,4095,0,20.02441,0.00000
534F4C31,33507,309603374,41022,4095,4095,0,20.03027,0.00000
534F4C31,33508,309609058,41016,4095,4095,0,20.02734,0.00000
534F4C31,33508,309613327,41002,4095,4095,0,20.02051,0.00000
534F4C31,33508,309616068,41014,4095,4095,0,20.02637,0.00000
534F4C31,33509,309620473,41031,4095,4095,0,20.03467,0.00000
534F4C31,33509,309624036,41012,4095,4095,0,20.02539,0.00000
534F4C31,33509,309627091,41024,4095,4095,0,20.03125,0.00000
534F4C31,33509,309631404,41027,4095,4095,0,20.03271,0.00000
534F4C31,33509,309634400,41019,4095,4095,0,20.02881,0.00000
534F4C31,33510,309636500,41002,4095,4095,0,20.02051,0.00000
534F4C31,33510,309640354,41016,4095,4095,0,20.02734,0.00000
534F4C31,33510,309643971,41016,4095,4095,0,20.02734,0.00000
534F4C31,33510,309646621,41020,4095,4095,0,20.02930,0.00000
534F4C31,33510,309649371,41022,4095,4095,0,20.03027,0.00000
534F4C31,33510,309651560,41032,4095,4095,0,20.03516,0.00000
534F4C31,33510,309653650,41017,4095,4095,0,20.02783,0.00000
534F4C31,33510,309655756,41008,4095,4095,0,20.02344,0.00000
534F4C31,33511,309657803,41020,4095,4095,0,20.02930,0.00000
534F4C31,33512,309662451,41002,4095,4095,0,20.02051,0.00000
534F4C31,33513,309666439,41014,4095,4095,0,20.02637,0.00000
534F4C31,33514,309670302,41021,4095,4095,0,20.02979,0.00000
534F4C31,33515,309673978,41022,4095,4095,0,20.03027,0.00000
534F4C31,33516,309677683,41017,4095,4095,0,20.02783,0.00000
534F4C31,33517,309680986,41017,4095,4095,0,20.02783,0.00000
534F4C31,33518,309684287,41023,4095,4095,0,20.03076,0.00000
534F4C31,33519,309687138,41008,4095,4095,0,20.02344,0.00000
534F4C31,33520,309691069,41009,4095,4095,0,20.02393,0.00000
534F4C31,33521,309693922,41035,4095,4095,0,20.03662,0.00000
534F4C31,33522,309697247,41015,4095,4095,0,20.02686,0.00000
534F4C31,33523,309700848,41026,4095,4095,0,20.03223,0.00000
534F4C31,33524,309703785,41020,4095,4095,0,20.02930,0.00000
534F4C31,33525,309707425,41021,4095,4095,0,20.02979,0.00000
534F4C31,33526,309711260,41009,4095,4095,0,20.02393,0.00000
534F4C31,33527,309714163,41006,4095,4095,0,20.02246,0.00000
534F4C31,33528,309717488,41030,4095,4095,0,20.03418,0.00000
534F4C31,33529,309720370,41017,4095,4095,0,20.02783,0.00000
534F4C31,33530,309723884,41021,4095,4095,0,20.02979,0.00000
534F4C31,33531,309726787,41024,4095,4095,0,20.03125,0.00000
534F4C31,33532,309730133,41005,4095,4095,0,20.02197,0.00000
534F4C31,33533,309733856,41012,4095,4095,0,20.02539,0.00000
534F4C31,33534,309738651,41033,4095,4095,0,20.03564,0.00000
534F4C31,33535,309745918,41004,4095,4095,0,20.02148,0.00000
534F4C31,33535,309750638,41018,4095,4095,0,20.02832,0.00000
534F4C31,33535,309753582,41003,4095,4095,0,20.02100,0.00000
534F4C31,33536,309756467,41035,4095,4095,0,20.03662,0.00000
534F4C31,33536,309760946,41028,4095,4095,0,20.03320,0.00000
534F4C31,33536,309763299,41014,4095,4095,0,20.02637,0.00000
534F4C31,33536,309765319,41026,4095,4095,0,20.03223,0.00000
534F4C31,33536,309768172,41034,4095,4095,0,20.03613,0.00000
534F4C31,33537,309770526,41023,4095,4095,0,20.03076,0.00000
534F4C31,33537,309774735,41011,4095,4095,0,20.02490,0.00000
534F4C31,33537,309776999,41022,4095,4095,0,20.03027,0.00000
534F4C31,33538,309779107,41032,4095,4095,0,20.03516,0.00000
534F4C31,33538,309783167,41033,4095,4095,0,20.03564,0.00000
534F4C31,33538,309786331,41017,4095,4095,0,20.02783,0.00000
534F4C31,33539,309789066,41000,4095,4095,0,20.01953,0.00000
534F4C31,33539,309792665,41006,4095,4095,0,20.02246,0.00000
534F4C31,33539,309796484,41013,4095,4095,0,20.02588,0.00000
534F4C31,33539,309798549,41035,4095,4095,0,20.03662,0.00000
534F4C31,33539,309801704,41014,4095,4095,0,20.02637,0.00000
534F4C31,33539,309803876,41009,4095,4095,0,20.02393,0.00000
534F4C31,33539,309805943,41033,4095,4095,0,20.03564,0.00000
534F4C31,33539,309807997,41023,4095,4095,0,20.03076,0.00000
534F4C31,33539,309810025,41037,4095,4095,0,20.03760,0.00000
534F4C31,33539,309812184,41019,4095,4095,0,20.02881,0.00000
534F4C31,33539,309814223,41036,4095,4095,0,20.03711,0.00000
534F4C31,33539,309816331,41032,4095,4095,0,20.03516,0.00000
534F4C31,33539,309818391,41031,4095,4095,0,20.03467,0.00000
534F4C31,33539,309821854,41011,4095,4095,0,20.02490,0.00000
534F4C31,33540,309824172,41024,4095,4095,0,20.03125,0.00000
534F4C31,33541,309828595,41035,4095,4095,0,20.03662,0.00000
534F4C31,33541,309832662,41010,4095,4095,0,20.02441,0.00000
534F4C31,33541,309837409,41020,4095,4095,0,20.02930,0.00000
534F4C31,33542,309840205,41029,4095,4095,0,20.03369,0.00000
534F4C31,33543,309844235,41009,4095,4095,0,20.02393,0.00000
534F4C31,33544,309849591,41035,4095,4095,0,20.03662,0.00000
534F4C31,33544,309853518,41018,4095,4095,0,20.02832,0.00000
534F4C31,33545,309856908,41032,4095,4095,0,20.03516,0.00000
534F4C31,33546,309861828,41034,4095,4095,0,20.03613,0.00000
534F4C31,33546,309865659,41038,4095,4095,0,20.03809,0.00000
534F4C31,33546,309868617,41038,4095,4095,0,20.03809,0.00000
534F4C31,33547,309871337,41025,4095,4095,0,20.03174,0.00000
534F4C31,33547,309875375,41002,4095,4095,0,20.02051,0.00000
534F4C31,33547,309877526,41009,4095,4095,0,20.02393,0.00000
534F4C31,33547,309880190,41020,4095,4095,0,20.02930,0.00000
534F4C31,33547,309882327,41026,4095,4095,0,20.03223,0.00000
534F4C31,33547,309884420,41031,4095,4095,0,20.03467,0.00000
534F4C31,33547,309886551,41014,4095,4095,0,20.02637,0.00000
534F4C31,33548,309888630,41012,4095,4095,0,20.02539,0.00000
534F4C31,33548,309892047,41021,4095,4095,0,20.02979,0.00000
534F4C31,33548,309894781,41017,4095,4095,0,20.02783,0.00000
534F4C31,33548,309896830,41012,4095,4095,0,20.02539,0.00000
534F4C31,33548,309899514,41036,4095,4095,0,20.03711,0.00000
534F4C31,33548,309901535,41026,4095,4095,0,20.03223,0.00000
534F4C31,33548,309903593,41031,4095,4095,0,20.03467,0.00000
534F4C31,33548,309905681,41020,4095,4095,0,20.02930,0.00000
534F4C31,33548,309907717,41033,4095,4095,0,20.03564,0.00000
534F4C31,33548,309909787,41032,4095,4095,0,20.03516,0.00000
534F4C31,33548,309911898,41009,4095,4095,0,20.02393,0.00000
534F4C31,33548,309913958,41013,4095,4095,0,20.02588,0.00000
534F4C31,33548,309916002,41001,4095,4095,0,20.02002,0.00000
534F4C31,33548,309918106,41024,4095,4095,0,20.03125,0.00000
534F4C31,33548,309920199,41007,4095,4095,0,20.02295,0.00000
534F4C31,33548,309922196,41020,4095,4095,0,20.02930,0.00000
534F4C31,33548,309924246,41011,4095,4095,0,20.02490,0.00000
534F4C31,33548,309926231,41019,4095,4095,0,20.02881,0.00000
534F4C31,33548,309928366,41025,4095,4095,0,20.03174,0.00000
534F4C31,33549,309930574,41033,4095,4095,0,20.03564,0.00000
534F4C31,33549,309934337,41030,4095,4095,0,20.03418,0.00000
534F4C31,33549,309937267,41972,4095,4095,0,20.49414,0.00000
534F4C31,33549,309939304,42630,4095,4095,0,20.81543,0.00000
534F4C31,33549,309941431,42902,4095,4095,0,20.94824,0.00000
534F4C31,33550,309944014,42999,4095,4095,0,20.99561,0.00000
534F4C31,33550,309947451,43072,4095,4095,0,21.03125,0.00000
534F4C31,33550,309949684,43088,4095,4095,0,21.03906,0.00000
534F4C31,33551,309951869,43078,4095,4095,0,21.03418,0.00000
534F4C31,33552,309955579,43088,4095,4095,0,21.03906,0.00000
534F4C31,33552,309958905,43089,4095,4095,0,21.03955,0.00000
534F4C31,33552,309961602,43087,4095,4095,0,21.03857,0.00000
534F4C31,33552,309963637,43076,4095,4095,0,21.03320,0.00000
534F4C31,33552,309966512,43058,4095,4095,0,21.02441,0.00000
534F4C31,33553,309968707,43070,4095,4095,0,21.03027,0.00000
534F4C31,33554,309972041,43058,4095,4095,0,21.02441,0.00000
534F4C31,33554,309975282,43058,4095,4095,0,21.02441,0.00000
534F4C31,33554,309978047,43059,4095,4095,0,21.02490,0.00000
534F4C31,33555,309980768,43071,4095,4095,0,21.03076,0.00000
534F4C31,33556,309984671,43082,4095,4095,0,21.03613,0.00000
534F4C31,33557,309989461,43086,4095,4095,0,21.03809,0.00000
534F4C31,33558,309993631,43095,4095,4095,0,21.04248,0.00000
534F4C31,33559,309998348,43058,4095,4095,0,21.02441,0.00000
534F4C31,33560,310001746,43061,4095,4095,0,21.02588,0.00000
534F4C31,33561,310008714,43071,4095,4095,0,21.03076,0.00000
534F4C31,33561,310012411,43071,4095,4095,0,21.03076,0.00000
534F4C31,33562,310018478,43082,4095,4095,0,21.03613,0.00000
534F4C31,33562,310023498,43085,4095,4095,0,21.03760,0.00000
534F4C31,33563,310028736,43084,4095,4095,0,21.03711,0.00000
534F4C31,33563,310033292,43087,4095,4095,0,21.03857,0.00000
534F4C31,33563,310037598,43092,4095,4095,0,21.04102,0.00000
534F4C31,33563,310039761,43085,4095,4095,0,21.03760,0.00000
534F4C31,33563,310041764,43070,4095,4095,0,21.03027,0.00000
534F4C31,33563,310043779,43080,4095,4095,0,21.03516,0.00000
534F4C31,33563,310046647,43071,4095,4095,0,21.03076,0.00000
534F4C31,33563,310049036,43074,4095,4095,0,21.03223,0.00000
534F4C31,33563,310051123,43088,4095,4095,0,21.03906,0.00000
534F4C31,33564,310053224,43076,4095,4095,0,21.03320,0.00000
534F4C31,33565,310057122,43085,4095,4095,0,21.03760,0.00000
534F4C31,33565,310061249,43062,4095,4095,0,21.02637,0.00000
534F4C31,33565,310065797,43064,4095,4095,0,21.02734,0.00000
534F4C31,33566,310068972,43071,4095,4095,0,21.03076,0.00000
534F4C31,33567,310073343,43057,4095,4095,0,21.02393,0.00000
534F4C31,33568,310077187,43074,4095,4095,0,21.03223,0.00000
534F4C31,33568,310083431,43072,4095,4095,0,21.03125,0.00000
534F4C31,33568,310085721,43090,4095,4095,0,21.04004,0.00000
534F4C31,33568,310088498,43083,4095,4095,0,21.03662,0.00000
534F4C31,33568,310090869,43056,4095,4095,0,21.02344,0.00000
534F4C31,33568,310092936,43069,4095,4095,0,21.02979,0.00000
534F4C31,33568,310095041,43060,4095,4095,0,21.02539,0.00000
534F4C31,33568,310097040,43067,4095,4095,0,21.02881,0.00000
534F4C31,33568,310098861,43061,4095,4095,0,21.02588,0.00000
534F4C31,33568,310100803,43070,4095,4095,0,21.03027,0.00000
534F4C31,33569,310103074,43061,4095,4095,0,21.02588,0.00000
534F4C31,33570,310107613,43085,4095,4095,0,21.03760,0.00000
534F4C31,33570,310111793,43070,4095,4095,0,21.03027,0.00000
534F4C31,33570,310116501,43054,4095,4095,0,21.02246,0.00000
534F4C31,33570,310118724,43082,4095,4095,0,21.03613,0.00000
534F4C31,33570,310120749,43085,4095,4095,0,21.03760,0.00000
534F4C31,33570,310123491,43071,4095,4095,0,21.03076,0.00000
534F4C31,33570,310125640,43057,4095,4095,0,21.02393,0.00000
534F4C31,33570,310127678,43073,4095,4095,0,21.03174,0.00000
534F4C31,33570,310129778,43053,4095,4095,0,21.02197,0.00000
534F4C31,33571,310131892,43070,4095,4095,0,21.03027,0.00000
534F4C31,33572,310135237,43057,4095,4095,0,21.02393,0.00000
534F4C31,33572,310139470,43062,4095,4095,0,21.02637,0.00000
534F4C31,33573,310141750,43059,4095,4095,0,21.02490,0.00000
534F4C31,33574,310145400,43086,4095,4095,0,21.03809,0.00000
534F4C31,33575,310149546,43092,4095,4095,0,21.04102,0.00000
534F4C31,33575,310154207,43084,4095,4095,0,21.03711,0.00000
534F4C31,33575,310157575,43065,4095,4095,0,21.02783,0.00000
534F4C31,33575,310159681,43082,4095,4095,0,21.03613,0.00000
534F4C31,33575,310161737,43066,4095,4095,0,21.02832,0.00000
534F4C31,33575,310163798,43084,4095,4095,0,21.03711,0.00000
534F4C31,33575,310165935,43078,4095,4095,0,21.03418,0.00000
534F4C31,33575,310168020,43090,4095,4095,0,21.04004,0.00000
534F4C31,33575,310170162,43063,4095,4095,0,21.02686,0.00000
534F4C31,33576,310172268,43058,4095,4095,0,21.02441,0.00000
534F4C31,33577,310175527,43066,4095,4095,0,21.02832,0.00000
534F4C31,33577,310179242,43072,4095,4095,0,21.03125,0.00000
534F4C31,33577,310181399,43077,4095,4095,0,21.03369,0.00000
534F4C31,33578,310183981,43083,4095,4095,0,21.03662,0.00000
534F4C31,33578,310188006,43068,4095,4095,0,21.02930,0.00000
534F4C31,33578,310190165,43068,4095,4095,0,21.02930,0.00000
534F4C31,33578,310192852,43065,4095,4095,0,21.02783,0.00000
534F4C31,33578,310195049,43090,4095,4095,0,21.04004,0.00000
534F4C31,33579,310197192,43070,4095,4095,0,21.03027,0.00000
534F4C31,33580,310200094,43056,4095,4095,0,21.02344,0.00000
534F4C31,33581,310204225,43090,4095,4095,0,21.04004,0.00000
534F4C31,33581,310207838,43055,4095,4095,0,21.02295,0.00000
534F4C31,33581,310210738,43084,4095,4095,0,21.03711,0.00000
534F4C31,33581,310212847,43074,4095,4095,0,21.03223,0.00000
534F4C31,33581,310214968,43062,4095,4095,0,21.02637,0.00000
534F4C31,33581,310217782,43075,4095,4095,0,21.03271,0.00000
534F4C31,33581,310219853,43081,4095,4095,0,21.03564,0.00000
534F4C31,33582,310222005,43087,4095,4095,0,21.03857,0.00000
534F4C31,33583,310225291,43074,4095,4095,0,21.03223,0.00000
534F4C31,33583,310228546,43075,4095,4095,0,21.03271,0.00000
534F4C31,33583,310231301,43057,4095,4095,0,21.02393,0.00000
534F4C31,33584,310234138,43086,4095,4095,0,21.03809,0.00000
534F4C31,33585,310237485,43068,4095,4095,0,21.02930,0.00000
534F4C31,33586,310244504,43058,4095,4095,0,21.02441,0.00000
534F4C31,33587,310247937,43080,4095,4095,0,21.03516,0.00000
534F4C31,33588,310252197,43073,4095,4095,0,21.03174,0.00000
534F4C31,33589,310257671,43080,4095,4095,0,21.03516,0.00000
534F4C31,33589,310262460,43069,4095,4095,0,21.02979,0.00000
534F4C31,33590,310265230,43089,4095,4095,0,21.03955,0.00000
534F4C31,33590,310270362,43062,4095,4095,0,21.02637,0.00000
534F4C31,33590,310273523,43060,4095,4095,0,21.02539,0.00000
534F4C31,33591,310280376,43072,4095,4095,0,21.03125,0.00000
534F4C31,33592,310282704,43077,4095,4095,0,21.03369,0.00000
534F4C31,33592,310287809,43066,4095,4095,0,21.02832,0.00000
534F4C31,33592,310291858,43088,4095,4095,0,21.03906,0.00000
534F4C31,33592,310295026,43085,4095,4095,0,21.03760,0.00000
534F4C31,33593,310297212,43060,4095,4095,0,21.02539,0.00000
534F4C31,33593,310301869,43074,4095,4095,0,21.03223,0.00000
534F4C31,33593,310304035,43087,4095,4095,0,21.03857,0.00000
534F4C31,33593,310306082,43069,4095,4095,0,21.02979,0.00000
534F4C31,33593,310309106,43061,4095,4095,0,21.02588,0.00000
534F4C31,33593,310311308,43088,4095,4095,0,21.03906,0.00000
534F4C31,33593,310313414,43074,4095,4095,0,21.03223,0.00000
534F4C31,33594,310315514,43086,4095,4095,0,21.03809,0.00000
534F4C31,33595,310319647,43070,4095,4095,0,21.03027,0.00000
534F4C31,33596,310324017,43085,4095,4095,0,21.03760,0.00000
534F4C31,33596,310329256,43079,4095,4095,0,21.03467,0.00000
534F4C31,33596,310331897,43058,4095,4095,0,21.02441,0.00000
534F4C31,33596,310333889,43068,4095,4095,0,21.02930,0.00000
534F4C31,33596,310336952,43081,4095,4095,0,21.03564,0.00000
534F4C31,33596,310339179,43053,4095,4095,0,21.02197,0.00000
534F4C31,33596,310341264,43078,4095,4095,0,21.03418,0.00000
534F4C31,33596,310343480,43059,4095,4095,0,21.02490,0.00000
534F4C31,33596,310345605,43070,4095,4095,0,21.03027,0.00000
534F4C31,33596,310347692,43054,4095,4095,0,21.02246,0.00000
534F4C31,33596,310349712,43092,4095,4095,0,21.04102,0.00000
534F4C31,33596,310351718,43082,4095,4095,0,21.03613,0.00000
534F4C31,33596,310353766,43088,4095,4095,0,21.03906,0.00000
534F4C31,33596,310355804,43066,4095,4095,0,21.02832,0.00000
534F4C31,33596,310357869,43082,4095,4095,0,21.03613,0.00000
534F4C31,33596,310359973,43079,4095,4095,0,21.03467,0.00000
534F4C31,33596,310362039,43089,4095,4095,0,21.03955,0.00000
534F4C31,33596,310364106,43072,4095,4095,0,21.03125,0.00000
534F4C31,33597,310366180,43087,4095,4095,0,21.03857,0.00000
534F4C31,33598,310370585,43069,4095,4095,0,21.02979,0.00000
534F4C31,33598,310374940,43093,4095,4095,0,21.04150,0.00000
534F4C31,33598,310378473,43068,4095,4095,0,21.02930,0.00000
534F4C31,33598,310381067,43081,4095,4095,0,21.03564,0.00000
534F4C31,33598,310383810,43080,4095,4095,0,21.03516,0.00000
534F4C31,33598,310386157,43063,4095,4095,0,21.02686,0.00000
534F4C31,33598,310388253,43074,4095,4095,0,21.03223,0.00000
534F4C31,33598,310390371,43060,4095,4095,0,21.02539,0.00000
534F4C31,33598,310392420,43068,4095,4095,0,21.02930,0.00000
534F4C31,33598,310394473,43078,4095,4095,0,21.03418,0.00000
534F4C31,33598,310396548,43086,4095,4095,0,21.03809,0.00000
534F4C31,33598,310398644,43075,4095,4095,0,21.03271,0.00000
534F4C31,33598,310400546,43089,4095,4095,0,21.03955,0.00000
534F4C31,33598,310402619,43075,4095,4095,0,21.03271,0.00000
534F4C31,33598,310404743,43084,4095,4095,0,21.03711,0.00000
534F4C31,33598,310406760,43067,4095,4095,0,21.02881,0.00000
534F4C31,33598,310408757,43088,4095,4095,0,21.03906,0.00000
534F4C31,33598,310410734,43077,4095,4095,0,21.03369,0.00000
534F4C31,33598,310412791,43088,4095,4095,0,21.03906,0.00000
534F4C31,33598,310414927,43066,4095,4095,0,21.02832,0.00000
534F4C31,33598,310416988,43054,4095,4095,0,21.02246,0.00000
534F4C31,33598,310419094,43072,4095,4095,0,21.03125,0.00000
534F4C31,33598,310421194,43058,4095,4095,0,21.02441,0.00000
534F4C31,33598,310423214,43071,4095,4095,0,21.03076,0.00000
534F4C31,33598,310425234,43062,4095,4095,0,21.02637,0.00000
534F4C31,33598,310427360,43079,4095,4095,0,21.03467,0.00000
534F4C31,33598,310429425,43082,4095,4095,0,21.03613,0.00000
534F4C31,33598,310431519,43087,4095,4095,0,21.03857,0.00000
534F4C31,33598,310433547,43085,4095,4095,0,21.03760,0.00000
534F4C31,33598,310435661,43090,4095,4095,0,21.04004,0.00000
534F4C31,33599,310437866,43072,4095,4095,0,21.03125,0.00000
534F4C31,33600,310442254,43085,4095,4095,0,21.03760,0.00000
534F4C31,33600,310448770,43078,4095,4095,0,21.03418,0.00000
534F4C31,33600,310452220,43090,4095,4095,0,21.04004,0.00000
534F4C31,33601,310454379,43076,4095,4095,0,21.03320,0.00000
534F4C31,33601,310457776,43078,4095,4095,0,21.03418,0.00000
534F4C31,33601,310462622,43072,4095,4095,0,21.03125,0.00000
534F4C31,33601,310464737,43076,4095,4095,0,21.03320,0.00000
534F4C31,33601,310467437,43086,4095,4095,0,21.03809,0.00000
534F4C31,33602,310469717,43073,4095,4095,0,21.03174,0.00000
534F4C31,33602,310473550,43064,4095,4095,0,21.02734,0.00000
534F4C31,33602,310476719,43079,4095,4095,0,21.03467,0.00000
534F4C31,33603,310478895,43061,4095,4095,0,21.02588,0.00000
534F4C31,33604,310481942,43068,4095,4095,0,21.02930,0.00000
534F4C31,33604,310488005,43081,4095,4095,0,21.03564,0.00000
534F4C31,33604,310491412,43066,4095,4095,0,21.02832,0.00000
534F4C31,33604,310494135,43086,4095,4095,0,21.03809,0.00000
534F4C31,33604,310496496,43070,4095,4095,0,21.03027,0.00000
534F4C31,33604,310498475,43054,4095,4095,0,21.02246,0.00000
534F4C31,33604,310500563,43070,4095,4095,0,21.03027,0.00000
534F4C31,33604,310502683,43063,4095,4095,0,21.02686,0.00000
534F4C31,33604,310504739,43070,4095,4095,0,21.03027,0.00000
534F4C31,33604,310506806,43059,4095,4095,0,21.02490,0.00000
534F4C31,33604,310508885,43088,4095,4095,0,21.03906,0.00000
534F4C31,33604,310511016,43072,4095,4095,0,21.03125,0.00000
534F4C31,33605,310513099,43090,4095,4095,0,21.04004,0.00000
534F4C31,33606,310516188,43077,4095,4095,0,21.03369,0.00000
534F4C31,33607,310519950,43072,4095,4095,0,21.03125,0.00000
534F4C31,33608,310527777,43074,4095,4095,0,21.03223,0.00000
534F4C31,33608,310531509,43061,4095,4095,0,21.02588,0.00000
534F4C31,33608,310534630,43057,4095,4095,0,21.02393,0.00000
534F4C31,33608,310536696,43085,4095,4095,0,21.03760,0.00000
534F4C31,33608,310540154,43084,4095,4095,0,21.03711,0.00000
534F4C31,33609,310542551,43076,4095,4095,0,21.03320,0.00000
534F4C31,33609,310545862,43055,4095,4095,0,21.02295,0.00000
534F4C31,33609,310551050,43060,4095,4095,0,21.02539,0.00000
534F4C31,33609,310553366,43056,4095,4095,0,21.02344,0.00000
534F4C31,33609,310556247,43084,4095,4095,0,21.03711,0.00000
534F4C31,33609,310558983,43075,4095,4095,0,21.03271,0.00000
534F4C31,33609,310561292,43060,4095,4095,0,21.02539,0.00000
534F4C31,33609,310563189,43089,4095,4095,0,21.03955,0.00000
534F4C31,33609,310565219,43063,4095,4095,0,21.02686,0.00000
534F4C31,33609,310567287,43089,4095,4095,0,21.03955,0.00000
534F4C31,33610,310569359,43082,4095,4095,0,21.03613,0.00000
534F4C31,33611,310573003,43082,4095,4095,0,21.03613,0.00000
534F4C31,33612,310576385,43090,4095,4095,0,21.04004,0.00000
534F4C31,33613,310580472,43065,4095,4095,0,21.02783,0.00000
534F4C31,33614,310586062,43074,4095,4095,0,21.03223,0.00000
534F4C31,33614,310589378,43063,4095,4095,0,21.02686,0.00000
534F4C31,33614,310593238,43054,4095,4095,0,21.02246,0.00000
534F4C31,33615,310597061,43065,4095,4095,0,21.02783,0.00000
534F4C31,33616,310601208,43059,4095,4095,0,21.02490,0.00000
534F4C31,33617,310607165,43058,4095,4095,0,21.02441,0.00000
534F4C31,33617,310610607,43073,4095,4095,0,21.03174,0.00000
534F4C31,33617,310615095,43069,4095,4095,0,21.02979,0.00000
534F4C31,33618,310618255,43087,4095,4095,0,21.03857,0.00000
534F4C31,33618,310623666,43089,4095,4095,0,21.03955,0.00000
534F4C31,33618,310626286,43084,4095,4095,0,21.03711,0.00000
534F4C31,33618,310629369,43073,4095,4095,0,21.03174,0.00000
534F4C31,33618,310631590,43078,4095,4095,0,21.03418,0.00000
534F4C31,33619,310633669,43090,4095,4095,0,21.04004,0.00000
534F4C31,33619,310637971,43068,4095,4095,0,21.02930,0.00000
534F4C31,33619,310640186,43071,4095,4095,0,21.03076,0.00000
534F4C31,33619,310642195,43066,4095,4095,0,21.02832,0.00000
534F4C31,33619,310645102,43072,4095,4095,0,21.03125,0.00000
534F4C31,33619,310647551,43073,4095,4095,0,21.03174,0.00000
534F4C31,33619,310650017,43083,4095,4095,0,21.03662,0.00000
534F4C31,33619,310652096,43071,4095,4095,0,21.03076,0.00000
534F4C31,33619,310654362,43059,4095,4095,0,21.02490,0.00000
534F4C31,33619,310656508,43083,4095,4095,0,21.03662,0.00000
534F4C31,33619,310658423,43079,4095,4095,0,21.03467,0.00000
534F4C31,33619,310660439,43087,4095,4095,0,21.03857,0.00000
534F4C31,33619,310662345,43082,4095,4095,0,21.03613,0.00000
534F4C31,33619,310664243,43088,4095,4095,0,21.03906,0.00000
534F4C31,33619,310666248,43077,4095,4095,0,21.03369,0.00000
534F4C31,33619,310668261,43087,4095,4095,0,21.03857,0.00000
534F4C31,33619,310670380,43076,4095,4095,0,21.03320,0.00000
534F4C31,33619,310672599,43088,4095,4095,0,21.03906,0.00000
534F4C31,33620,310674775,43077,4095,4095,0,21.03369,0.00000
534F4C31,33621,310678909,43057,4095,4095,0,21.02393,0.00000
534F4C31,33622,310683661,43078,4095,4095,0,21.03418,0.00000
534F4C31,33623,310689805,43065,4095,4095,0,21.02783,0.00000
534F4C31,33623,310693148,43088,4095,4095,0,21.03906,0.00000
534F4C31,33624,310695926,43088,4095,4095,0,21.03906,0.00000
534F4C31,33625,310699570,43068,4095,4095,0,21.02930,0.00000
534F4C31,33626,310705823,43079,4095,4095,0,21.03467,0.00000
534F4C31,33626,310709450,43057,4095,4095,0,21.02393,0.00000
534F4C31,33626,310711700,43086,4095,4095,0,21.03809,0.00000
534F4C31,33626,310716568,43084,4095,4095,0,21.03711,0.00000
534F4C31,33626,310718831,43089,4095,4095,0,21.03955,0.00000
534F4C31,33626,310720783,43078,4095,4095,0,21.03418,0.00000
534F4C31,33626,310723564,43083,4095,4095,0,21.03662,0.00000
534F4C31,33626,310725839,43067,4095,4095,0,21.02881,0.00000
534F4C31,33626,310727888,43066,4095,4095,0,21.02832,0.00000
534F4C31,33626,310730004,43066,4095,4095,0,21.02832,0.00000
534F4C31,33626,310732157,43075,4095,4095,0,21.03271,0.00000
534F4C31,33626,310734281,43089,4095,4095,0,21.03955,0.00000
534F4C31,33627,310736381,43079,4095,4095,0,21.03467,0.00000
534F4C31,33627,310740374,43090,4095,4095,0,21.04004,0.00000
534F4C31,33627,310743146,43057,4095,4095,0,21.02393,0.00000
534F4C31,33627,310745043,43070,4095,4095,0,21.03027,0.00000
534F4C31,33628,310747874,43059,4095,4095,0,21.02490,0.00000
534F4C31,33629,310752517,43091,4095,4095,0,21.04053,0.00000
534F4C31,33629,310757040,43075,4095,4095,0,21.03271,0.00000
534F4C31,33629,310761287,43079,4095,4095,0,21.03467,0.00000
534F4C31,33629,310763520,43070,4095,4095,0,21.03027,0.00000
534F4C31,33629,310765626,43087,4095,4095,0,21.03857,0.00000
534F4C31,33630,310768607,43077,4095,4095,0,21.03369,0.00000
534F4C31,33631,310772438,43057,4095,4095,0,21.02393,0.00000
534F4C31,33632,310775611,43075,4095,4095,0,21.03271,0.00000
534F4C31,33633,310780066,43089,4095,4095,0,21.03955,0.00000
534F4C31,33633,310784888,43080,4095,4095,0,21.03516,0.00000
534F4C31,33633,310788137,43068,4095,4095,0,21.02930,0.00000
534F4C31,33633,310792431,43055,4095,4095,0,21.02295,0.00000
534F4C31,33633,310794723,43076,4095,4095,0,21.03320,0.00000
534F4C31,33633,310796653,43084,4095,4095,0,21.03711,0.00000
534F4C31,33633,310799493,43072,4095,4095,0,21.03125,0.00000
534F4C31,33633,310801701,43058,4095,4095,0,21.02441,0.00000
534F4C31,33633,310803750,43072,4095,4095,0,21.03125,0.00000
534F4C31,33633,310805917,43056,4095,4095,0,21.02344,0.00000
534F4C31,33633,310807921,43073,4095,4095,0,21.03174,0.00000
534F4C31,33633,310809924,43072,4095,4095,0,21.03125,0.00000
534F4C31,33633,310811970,43088,4095,4095,0,21.03906,0.00000
534F4C31,33634,310814271,43079,4095,4095,0,21.03467,0.00000
534F4C31,33635,310818842,43077,4095,4095,0,21.03369,0.00000
534F4C31,33636,310823166,43066,4095,4095,0,21.02832,0.00000
534F4C31,33636,310828301,43075,4095,4095,0,21.03271,0.00000
534F4C31,33636,310830525,43067,4095,4095,0,21.02881,0.00000
534F4C31,33637,310833535,43059,4095,4095,0,21.02490,0.00000
534F4C31,33637,310837689,43086,4095,4095,0,21.03809,0.00000
534F4C31,33637,310840755,43065,4095,4095,0,21.02783,0.00000
534F4C31,33638,310842733,43068,4095,4095,0,21.02930,0.00000
534F4C31,33638,310845039,43073,4095,4095,0,21.03174,0.00000
534F4C31,33639,310850336,43080,4095,4095,0,21.03516,0.00000
534F4C31,33639,310854557,43057,4095,4095,0,21.02393,0.00000
534F4C31,33640,310857556,43068,4095,4095,0,21.02930,0.00000
534F4C31,33640,310861592,43082,4095,4095,0,21.03613,0.00000
534F4C31,33640,310865029,43080,4095,4095,0,21.03516,0.00000
534F4C31,33640,310867871,43085,4095,4095,0,21.03760,0.00000
534F4C31,33641,310871899,43057,4095,4095,0,21.02393,0.00000
534F4C31,33641,310876413,43058,4095,4095,0,21.02441,0.00000
534F4C31,33641,310880973,43081,4095,4095,0,21.03564,0.00000
534F4C31,33641,310883154,43057,4095,4095,0,21.02393,0.00000
534F4C31,33641,310885307,43070,4095,4095,0,21.03027,0.00000
534F4C31,33641,310887871,43060,4095,4095,0,21.02539,0.00000
534F4C31,33641,310890328,43088,4095,4095,0,21.03906,0.00000
534F4C31,33642,310892536,43074,4095,4095,0,21.03223,0.00000
534F4C31,33642,310896842,43053,4095,4095,0,21.02197,0.00000
534F4C31,33642,310899150,43056,4095,4095,0,21.02344,0.00000
534F4C31,33643,310902059,43088,4095,4095,0,21.03906,0.00000
534F4C31,33643,310906929,43067,4095,4095,0,21.02881,0.00000
534F4C31,33643,310909990,43082,4095,4095,0,21.03613,0.00000
534F4C31,33644,310913296,43082,4095,4095,0,21.03613,0.00000
534F4C31,33645,310917890,43089,4095,4095,0,21.03955,0.00000
534F4C31,33646,310923204,43090,4095,4095,0,21.04004,0.00000
534F4C31,33646,310928156,43064,4095,4095,0,21.02734,0.00000
534F4C31,33646,310930374,43077,4095,4095,0,21.03369,0.00000
534F4C31,33646,310934414,43057,4095,4095,0,21.02393,0.00000
534F4C31,33646,310936677,43089,4095,4095,0,21.03955,0.00000
534F4C31,33647,310938780,43074,4095,4095,0,21.03223,0.00000
534F4C31,33647,310942350,43086,4095,4095,0,21.03809,0.00000
534F4C31,33647,310946219,43076,4095,4095,0,21.03320,0.00000
534F4C31,33647,310948281,43088,4095,4095,0,21.03906,0.00000
534F4C31,33647,310950926,43066,4095,4095,0,21.02832,0.00000
534F4C31,33647,310953196,43059,4095,4095,0,21.02490,0.00000
534F4C31,33648,310955273,43068,4095,4095,0,21.02930,0.00000
534F4C31,33648,310960217,43065,4095,4095,0,21.02783,0.00000
534F4C31,33648,310962435,43072,4095,4095,0,21.03125,0.00000
534F4C31,33649,310965527,43057,4095,4095,0,21.02393,0.00000
534F4C31,33649,310969860,43087,4095,4095,0,21.03857,0.00000
534F4C31,33649,310972229,43062,4095,4095,0,21.02637,0.00000
534F4C31,33650,310974288,43067,4095,4095,0,21.02881,0.00000
534F4C31,33651,310978619,43059,4095,4095,0,21.02490,0.00000
534F4C31,33651,310983357,43074,4095,4095,0,21.03223,0.00000
534F4C31,33651,310986298,43072,4095,4095,0,21.03125,0.00000
534F4C31,33651,310990366,43069,4095,4095,0,21.02979,0.00000
534F4C31,33651,310992603,43081,4095,4095,0,21.03564,0.00000
534F4C31,33651,310995479,43086,4095,4095,0,21.03809,0.00000
534F4C31,33652,310997821,43067,4095,4095,0,21.02881,0.00000
534F4C31,33652,311002197,43073,4095,4095,0,21.03174,0.00000
534F4C31,33652,311004401,43084,4095,4095,0,21.03711,0.00000
534F4C31,33653,311007482,43057,4095,4095,0,21.02393,0.00000
534F4C31,33653,311011894,43068,4095,4095,0,21.02930,0.00000
534F4C31,33653,311014655,43092,4095,4095,0,21.04102,0.00000
534F4C31,33653,311017453,43074,4095,4095,0,21.03223,0.00000
534F4C31,33654,311019828,43077,4095,4095,0,21.03369,0.00000
534F4C31,33654,311025019,43069,4095,4095,0,21.02979,0.00000
534F4C31,33654,311027224,43056,4095,4095,0,21.02344,0.00000
534F4C31,33655,311029414,43086,4095,4095,0,21.03809,0.00000
534F4C31,33656,311032862,43072,4095,4095,0,21.03125,0.00000
534F4C31,33657,311038153,43067,4095,4095,0,21.02881,0.00000
534F4C31,33657,311043270,43071,4095,4095,0,21.03076,0.00000
534F4C31,33657,311045644,43089,4095,4095,0,21.03955,0.00000
534F4C31,33658,311047719,43078,4095,4095,0,21.03418,0.00000
534F4C31,33659,311051058,43062,4095,4095,0,21.02637,0.00000
534F4C31,33660,311054513,43062,4095,4095,0,21.02637,0.00000
534F4C31,33661,311057929,43056,4095,4095,0,21.02344,0.00000
534F4C31,33662,311061731,43060,4095,4095,0,21.02539,0.00000
534F4C31,33663,311065856,43059,4095,4095,0,21.02490,0.00000
534F4C31,33664,311072517,43086,4095,4095,0,21.03809,0.00000
534F4C31,33664,311076329,43081,4095,4095,0,21.03564,0.00000
534F4C31,33664,311078576,43078,4095,4095,0,21.03418,0.00000
534F4C31,33665,311082909,43057,4095,4095,0,21.02393,0.00000
534F4C31,33665,311087155,43073,4095,4095,0,21.03174,0.00000
534F4C31,33665,311089355,43062,4095,4095,0,21.02637,0.00000
534F4C31,33665,311092281,43066,4095,4095,0,21.02832,0.00000
534F4C31,33665,311095609,43088,4095,4095,0,21.03906,0.00000
534F4C31,33665,311097699,43080,4095,4095,0,21.03516,0.00000
534F4C31,33665,311099827,43091,4095,4095,0,21.04053,0.00000
534F4C31,33666,311102621,43075,4095,4095,0,21.03271,0.00000
534F4C31,33667,311105675,43055,4095,4095,0,21.02295,0.00000
534F4C31,33667,311110401,43056,4095,4095,0,21.02344,0.00000
534F4C31,33667,311112756,43060,4095,4095,0,21.02539,0.00000
534F4C31,33668,311115569,43071,4095,4095,0,21.03076,0.00000
534F4C31,33668,311119209,43085,4095,4095,0,21.03760,0.00000
534F4C31,33668,311122515,43077,4095,4095,0,21.03369,0.00000
534F4C31,33669,311125335,43077,4095,4095,0,21.03369,0.00000
534F4C31,33669,311129091,43073,4095,4095,0,21.03174,0.00000
534F4C31,33669,311132531,43084,4095,4095,0,21.03711,0.00000
534F4C31,33670,311136414,43086,4095,4095,0,21.03809,0.00000
534F4C31,33670,311139269,43087,4095,4095,0,21.03857,0.00000
534F4C31,33670,311142438,43085,4095,4095,0,21.03760,0.00000
534F4C31,33671,311146253,43079,4095,4095,0,21.03467,0.00000
534F4C31,33672,311149039,43067,4095,4095,0,21.02881,0.00000
534F4C31,33672,311153482,43078,4095,4095,0,21.03418,0.00000
534F4C31,33672,311158206,43078,4095,4095,0,21.03418,0.00000
534F4C31,33673,311161121,43077,4095,4095,0,21.03369,0.00000
534F4C31,33674,311165698,43074,4095,4095,0,21.03223,0.00000
534F4C31,33674,311170059,43067,4095,4095,0,21.02881,0.00000
534F4C31,33674,311172255,43068,4095,4095,0,21.02930,0.00000
534F4C31,33674,311174304,43056,4095,4095,0,21.02344,0.00000
534F4C31,33674,311178996,43090,4095,4095,0,21.04004,0.00000
534F4C31,33674,311181136,43087,4095,4095,0,21.03857,0.00000
534F4C31,33674,311182972,43083,4095,4095,0,21.03662,0.00000
534F4C31,33674,311185798,43084,4095,4095,0,21.03711,0.00000
534F4C31,33675,311188122,43073,4095,4095,0,21.03174,0.00000
534F4C31,33676,311191927,43060,4095,4095,0,21.02539,0.00000
534F4C31,33676,311195731,43069,4095,4095,0,21.02979,0.00000
534F4C31,33676,311199601,43053,4095,4095,0,21.02197,0.00000
534F4C31,33677,311202709,43053,4095,4095,0,21.02197,0.00000
534F4C31,33678,311206371,43088,4095,4095,0,21.03906,0.00000
534F4C31,33679,311209708,43083,4095,4095,0,21.03662,0.00000
534F4C31,33680,311213851,43094,4095,4095,0,21.04199,0.00000
534F4C31,33680,311217528,43084,4095,4095,0,21.03711,0.00000
534F4C31,33680,311220431,43075,4095,4095,0,21.03271,0.00000
534F4C31,33680,311222610,43079,4095,4095,0,21.03467,0.00000
534F4C31,33680,311224666,43067,4095,4095,0,21.02881,0.00000
534F4C31,33680,311226793,43070,4095,4095,0,21.03027,0.00000
534F4C31,33680,311228929,43057,4095,4095,0,21.02393,0.00000
534F4C31,33681,311231085,43064,4095,4095,0,21.02734,0.00000
534F4C31,33682,311234226,43061,4095,4095,0,21.02588,0.00000
534F4C31,33682,311236721,43055,4095,4095,0,21.02295,0.00000
534F4C31,33682,311240238,43079,4095,4095,0,21.03467,0.00000
534F4C31,33683,311243210,43089,4095,4095,0,21.03955,0.00000
534F4C31,33683,311246584,43076,4095,4095,0,21.03320,0.00000
534F4C31,33683,311250067,43072,4095,4095,0,21.03125,0.00000
534F4C31,33683,311252101,43063,4095,4095,0,21.02686,0.00000
534F4C31,33683,311254150,43069,4095,4095,0,21.02979,0.00000
534F4C31,33683,311256901,43055,4095,4095,0,21.02295,0.00000
534F4C31,33683,311259156,43082,4095,4095,0,21.03613,0.00000
534F4C31,33683,311261129,43083,4095,4095,0,21.03662,0.00000
534F4C31,33684,311263053,43082,4095,4095,0,21.03613,0.00000
534F4C31,33685,311266672,43081,4095,4095,0,21.03564,0.00000
534F4C31,33686,311271580,43056,4095,4095,0,21.02344,0.00000
534F4C31,33687,311274353,43070,4095,4095,0,21.03027,0.00000
534F4C31,33688,311278757,43073,4095,4095,0,21.03174,0.00000
534F4C31,33689,311283039,43059,4095,4095,0,21.02490,0.00000
534F4C31,33690,311286808,43060,4095,4095,0,21.02539,0.00000
534F4C31,33691,311290617,43054,4095,4095,0,21.02246,0.00000
534F4C31,33692,311294628,43083,4095,4095,0,21.03662,0.00000
534F4C31,33693,311298663,43086,4095,4095,0,21.03809,0.00000
534F4C31,33694,311302106,43080,4095,4095,0,21.03516,0.00000
534F4C31,33695,311305599,43083,4095,4095,0,21.03662,0.00000
534F4C31,33696,311309928,43090,4095,4095,0,21.04004,0.00000
534F4C31,33697,311314539,43086,4095,4095,0,21.03809,0.00000
534F4C31,33698,311318002,43064,4095,4095,0,21.02734,0.00000
534F4C31,33699,311321199,43083,4095,4095,0,21.03662,0.00000
534F4C31,33700,311324728,43083,4095,4095,0,21.03662,0.00000
534F4C31,33700,311327385,43076,4095,4095,0,21.03320,0.00000
534F4C31,33700,311330465,43054,4095,4095,0,21.02246,0.00000
534F4C31,33701,311332583,43082,4095,4095,0,21.03613,0.00000
534F4C31,33702,311338951,43089,4095,4095,0,21.03955,0.00000
534F4C31,33703,311343310,43073,4095,4095,0,21.03174,0.00000
534F4C31,33704,311346713,43077,4095,4095,0,21.03369,0.00000
534F4C31,33705,311353617,43068,4095,4095,0,21.02930,0.00000
534F4C31,33706,311357424,43064,4095,4095,0,21.02734,0.00000
534F4C31,33707,311363588,43084,4095,4095,0,21.03711,0.00000
534F4C31,33708,311370567,43062,4095,4095,0,21.02637,0.00000
534F4C31,33709,311374699,43069,4095,4095,0,21.02979,0.00000
534F4C31,33710,311380826,43081,4095,4095,0,21.03564,0.00000
534F4C31,33711,311385018,43046,4095,4095,0,21.01855,0.00000
534F4C31,33712,311391123,43070,4095,4095,0,21.03027,0.00000
534F4C31,33713,311394525,43087,4095,4095,0,21.03857,0.00000
534F4C31,33714,311404437,43093,4095,4095,0,21.04150,0.00000
534F4C31,33715,311407796,43055,4095,4095,0,21.02295,0.00000
534F4C31,33715,311413258,43081,4095,4095,0,21.03564,0.00000
534F4C31,33715,311416008,43074,4095,4095,0,21.03223,0.00000
534F4C31,33715,311419145,43058,4095,4095,0,21.02441,0.00000
534F4C31,33715,311421372,43067,4095,4095,0,21.02881,0.00000
534F4C31,33715,311423280,43056,4095,4095,0,21.02344,0.00000
534F4C31,33715,311425054,43073,4095,4095,0,21.03174,0.00000
534F4C31,33715,311427009,43058,4095,4095,0,21.02441,0.00000
534F4C31,33715,311429037,43063,4095,4095,0,21.02686,0.00000
534F4C31,33715,311431095,43056,4095,4095,0,21.02344,0.00000
534F4C31,33715,311433159,43069,4095,4095,0,21.02979,0.00000
534F4C31,33715,311435229,43078,4095,4095,0,21.03418,0.00000
534F4C31,33715,311437348,43082,4095,4095,0,21.03613,0.00000
534F4C31,33715,311439232,43073,4095,4095,0,21.03174,0.00000
534F4C31,33715,311441193,43084,4095,4095,0,21.03711,0.00000
534F4C31,33715,311443241,43075,4095,4095,0,21.03271,0.00000
534F4C31,33715,311445256,43085,4095,4095,0,21.03760,0.00000
534F4C31,33715,311447291,43081,4095,4095,0,21.03564,0.00000
534F4C31,33715,311449346,43085,4095,4095,0,21.03760,0.00000
534F4C31,33715,311451492,43076,4095,4095,0,21.03320,0.00000
534F4C31,33715,311453502,43054,4095,4095,0,21.02246,0.00000
534F4C31,33715,311455506,43066,4095,4095,0,21.02832,0.00000
534F4C31,33715,311457547,43060,4095,4095,0,21.02539,0.00000
534F4C31,33715,311460802,43068,4095,4095,0,21.02930,0.00000
534F4C31,33715,311462961,43070,4095,4095,0,21.03027,0.00000
534F4C31,33715,311464993,43089,4095,4095,0,21.03955,0.00000
534F4C31,33715,311467513,43074,4095,4095,0,21.03223,0.00000
534F4C31,33715,311470062,43056,4095,4095,0,21.02344,0.00000
534F4C31,33715,311472231,43085,4095,4095,0,21.03760,0.00000
534F4C31,33715,311474314,43074,4095,4095,0,21.03223,0.00000
534F4C31,33715,311476386,43082,4095,4095,0,21.03613,0.00000
534F4C31,33715,311478487,43077,4095,4095,0,21.03369,0.00000
534F4C31,33716,311480584,43090,4095,4095,0,21.04004,0.00000
534F4C31,33716,311484981,43084,4095,4095,0,21.03711,0.00000
534F4C31,33716,311487633,43066,4095,4095,0,21.02832,0.00000
534F4C31,33716,311490820,43075,4095,4095,0,21.03271,0.00000
534F4C31,33716,311493130,43057,4095,4095,0,21.02393,0.00000
534F4C31,33717,311495190,43066,4095,4095,0,21.02832,0.00000
534F4C31,33718,311499759,43071,4095,4095,0,21.03076,0.00000
534F4C31,33718,311504342,43086,4095,4095,0,21.03809,0.00000
534F4C31,33718,311506533,43067,4095,4095,0,21.02881,0.00000
534F4C31,33718,311509338,43063,4095,4095,0,21.02686,0.00000
534F4C31,33718,311512884,43087,4095,4095,0,21.03857,0.00000
534F4C31,33718,311515056,43084,4095,4095,0,21.03711,0.00000
534F4C31,33718,311517048,43080,4095,4095,0,21.03516,0.00000
534F4C31,33718,311519878,43086,4095,4095,0,21.03809,0.00000
534F4C31,33718,311522100,43066,4095,4095,0,21.02832,0.00000
534F4C31,33718,311524068,43053,4095,4095,0,21.02197,0.00000
534F4C31,33718,311526095,43066,4095,4095,0,21.02832,0.00000
534F4C31,33718,311528047,43054,4095,4095,0,21.02246,0.00000
534F4C31,33718,311530170,43063,4095,4095,0,21.02686,0.00000
534F4C31,33718,311532244,43073,4095,4095,0,21.03174,0.00000
534F4C31,33718,311534291,43084,4095,4095,0,21.03711,0.00000
534F4C31,33718,311536333,43076,4095,4095,0,21.03320,0.00000
534F4C31,33718,311538334,43089,4095,4095,0,21.03955,0.00000
534F4C31,33718,311540356,43078,4095,4095,0,21.03418,0.00000
534F4C31,33718,311542413,43082,4095,4095,0,21.03613,0.00000
534F4C31,33718,311544567,43078,4095,4095,0,21.03418,0.00000
534F4C31,33719,311546638,43090,4095,4095,0,21.04004,0.00000
534F4C31,33719,311551060,43077,4095,4095,0,21.03369,0.00000
534F4C31,33719,311554471,43067,4095,4095,0,21.02881,0.00000
534F4C31,33719,311557645,44369,4095,4095,0,21.66455,0.00000
534F4C31,33719,311560726,44952,4095,4095,0,21.94922,0.00000
534F4C31,33719,311563530,45102,4095,4095,0,22.02246,0.00000
534F4C31,33719,311565786,45135,4095,4095,0,22.03857,0.00000
534F4C31,33719,311568580,45118,4095,4095,0,22.03027,0.00000
534F4C31,33719,311570652,45103,4095,4095,0,22.02295,0.00000
534F4C31,33719,311574477,45108,4095,4095,0,22.02539,0.00000
534F4C31,33719,311576660,45120,4095,4095,0,22.03125,0.00000
534F4C31,33719,311578741,45106,4095,4095,0,22.02441,0.00000
534F4C31,33719,311581568,45137,4095,4095,0,22.03955,0.00000
534F4C31,33720,311583679,45119,4095,4095,0,22.03076,0.00000
534F4C31,33720,311588104,45108,4095,4095,0,22.02539,0.00000
534F4C31,33721,311590590,45112,4095,4095,0,22.02734,0.00000
534F4C31,33721,311596433,45140,4095,4095,0,22.04102,0.00000
534F4C31,33721,311598660,45126,4095,4095,0,22.03418,0.00000
534F4C31,33721,311601316,45139,4095,4095,0,22.04053,0.00000
534F4C31,33721,311604236,45136,4095,4095,0,22.03906,0.00000
534F4C31,33722,311606530,45130,4095,4095,0,22.03613,0.00000
534F4C31,33722,311610774,45139,4095,4095,0,22.04053,0.00000
534F4C31,33722,311613049,45111,4095,4095,0,22.02686,0.00000
534F4C31,33722,311615102,45124,4095,4095,0,22.03320,0.00000
534F4C31,33722,311617733,45105,4095,4095,0,22.02393,0.00000
534F4C31,33723,311620863,45112,4095,4095,0,22.02734,0.00000
534F4C31,33724,311624072,45120,4095,4095,0,22.03125,0.00000
534F4C31,33725,311628428,45134,4095,4095,0,22.03809,0.00000
534F4C31,33725,311630622,45119,4095,4095,0,22.03076,0.00000
534F4C31,33725,311634617,45111,4095,4095,0,22.02686,0.00000
534F4C31,33725,311636703,45106,4095,4095,0,22.02441,0.00000
534F4C31,33725,311638656,45117,4095,4095,0,22.02979,0.00000
534F4C31,33725,311641343,45107,4095,4095,0,22.02490,0.00000
534F4C31,33725,311643618,45142,4095,4095,0,22.04199,0.00000
534F4C31,33725,311645647,45129,4095,4095,0,22.03564,0.00000
534F4C31,33725,311647752,45137,4095,4095,0,22.03955,0.00000
534F4C31,33725,311649801,45124,4095,4095,0,22.03320,0.00000
534F4C31,33725,311651944,45103,4095,4095,0,22.02295,0.00000
534F4C31,33726,311654106,45120,4095,4095,0,22.03125,0.00000
534F4C31,33727,311657402,45109,4095,4095,0,22.02588,0.00000
534F4C31,33727,311661236,45109,4095,4095,0,22.02588,0.00000
534F4C31,33727,311663395,45130,4095,4095,0,22.03613,0.00000
534F4C31,33728,311666200,45119,4095,4095,0,22.03076,0.00000
534F4C31,33728,311669822,45128,4095,4095,0,22.03516,0.00000
534F4C31,33728,311672361,45131,4095,4095,0,22.03662,0.00000
534F4C31,33728,311674806,45137,4095,4095,0,22.03955,0.00000
534F4C31,33729,311677639,45132,4095,4095,0,22.03711,0.00000
534F4C31,33730,311680552,45114,4095,4095,0,22.02832,0.00000
534F4C31,33731,311683808,45113,4095,4095,0,22.02783,0.00000
534F4C31,33732,311687693,45134,4095,4095,0,22.03809,0.00000
534F4C31,33732,311692064,45139,4095,4095,0,22.04053,0.00000
534F4C31,33732,311694237,45138,4095,4095,0,22.04004,0.00000
534F4C31,33732,311696288,45129,4095,4095,0,22.03564,0.00000
534F4C31,33732,311699094,45112,4095,4095,0,22.02734,0.00000
534F4C31,33733,311701346,45136,4095,4095,0,22.03906,0.00000
534F4C31,33733,311704669,45125,4095,4095,0,22.03369,0.00000
534F4C31,33733,311707018,45122,4095,4095,0,22.03223,0.00000
534F4C31,33733,311708914,45138,4095,4095,0,22.04004,0.00000
534F4C31,33734,311711739,45124,4095,4095,0,22.03320,0.00000
534F4C31,33735,311715134,45130,4095,4095,0,22.03613,0.00000
534F4C31,33736,311718682,45106,4095,4095,0,22.02441,0.00000
534F4C31,33737,311722446,45101,4095,4095,0,22.02197,0.00000
534F4C31,33738,311727090,45114,4095,4095,0,22.02832,0.00000
534F4C31,33739,311731796,45120,4095,4095,0,22.03125,0.00000
534F4C31,33740,311736218,45125,4095,4095,0,22.03369,0.00000
534F4C31,33741,311741857,45126,4095,4095,0,22.03418,0.00000
534F4C31,33742,311745279,45113,4095,4095,0,22.02783,0.00000
534F4C31,33742,311752808,45120,4095,4095,0,22.03125,0.00000
534F4C31,33742,311756437,45133,4095,4095,0,22.03760,0.00000
534F4C31,33743,311758681,45116,4095,4095,0,22.02930,0.00000
534F4C31,33744,311762356,45106,4095,4095,0,22.02441,0.00000
534F4C31,33745,311770723,45142,4095,4095,0,22.04199,0.00000
534F4C31,33745,311775272,45129,4095,4095,0,22.03564,0.00000
534F4C31,33745,311778850,45117,4095,4095,0,22.02979,0.00000
534F4C31,33745,311781141,45125,4095,4095,0,22.03369,0.00000
534F4C31,33745,311785522,45140,4095,4095,0,22.04102,0.00000
534F4C31,33746,311787875,45107,4095,4095,0,22.02490,0.00000
534F4C31,33746,311792197,45106,4095,4095,0,22.02441,0.00000
534F4C31,33746,311794350,45122,4095,4095,0,22.03223,0.00000
534F4C31,33746,311797503,45126,4095,4095,0,22.03418,0.00000
534F4C31,33746,311799732,45109,4095,4095,0,22.02588,0.00000
534F4C31,33746,311801826,45122,4095,4095,0,22.03223,0.00000
534F4C31,33746,311803912,45102,4095,4095,0,22.02246,0.00000
534F4C31,33746,311805984,45121,4095,4095,0,22.03174,0.00000
534F4C31,33746,311808088,45132,4095,4095,0,22.03711,0.00000
534F4C31,33746,311810204,45138,4095,4095,0,22.04004,0.00000
534F4C31,33746,311812131,45129,4095,4095,0,22.03564,0.00000
534F4C31,33746,311813931,45141,4095,4095,0,22.04150,0.00000
534F4C31,33746,311815903,45127,4095,4095,0,22.03467,0.00000
534F4C31,33746,311818009,45133,4095,4095,0,22.03760,0.00000
534F4C31,33746,311820105,45131,4095,4095,0,22.03662,0.00000
534F4C31,33746,311823188,45142,4095,4095,0,22.04199,0.00000
534F4C31,33746,311826270,45130,4095,4095,0,22.03613,0.00000
534F4C31,33746,311828435,45116,4095,4095,0,22.02930,0.00000
534F4C31,33746,311831145,45101,4095,4095,0,22.02197,0.00000
534F4C31,33747,311833626,45140,4095,4095,0,22.04102,0.00000
534F4C31,33747,311838016,45135,4095,4095,0,22.03857,0.00000
534F4C31,33747,311840188,45124,4095,4095,0,22.03320,0.00000
534F4C31,33747,311843153,45109,4095,4095,0,22.02588,0.00000
534F4C31,33747,311845745,45139,4095,4095,0,22.04053,0.00000
534F4C31,33747,311847863,45122,4095,4095,0,22.03223,0.00000
534F4C31,33747,311849998,45110,4095,4095,0,22.02637,0.00000
534F4C31,33747,311852086,45118,4095,4095,0,22.03027,0.00000
534F4C31,33747,311854204,45109,4095,4095,0,22.02588,0.00000
534F4C31,33748,311856200,45120,4095,4095,0,22.03125,0.00000
534F4C31,33749,311859947,45113,4095,4095,0,22.02783,0.00000
534F4C31,33749,311863781,45109,4095,4095,0,22.02588,0.00000
534F4C31,33749,311866793,45111,4095,4095,0,22.02686,0.00000
534F4C31,33750,311871670,45126,4095,4095,0,22.03418,0.00000
534F4C31,33750,311875081,45104,4095,4095,0,22.02344,0.00000
534F4C31,33750,311879501,45131,4095,4095,0,22.03662,0.00000
534F4C31,33751,311881984,45131,4095,4095,0,22.03662,0.00000
534F4C31,33751,311886700,45107,4095,4095,0,22.02490,0.00000
534F4C31,33751,311890063,45130,4095,4095,0,22.03613,0.00000
534F4C31,33751,311892202,45142,4095,4095,0,22.04199,0.00000
534F4C31,33751,311895455,45122,4095,4095,0,22.03223,0.00000
534F4C31,33751,311897873,45125,4095,4095,0,22.03369,0.00000
534F4C31,33751,311899958,45132,4095,4095,0,22.03711,0.00000
534F4C31,33751,311901929,45132,4095,4095,0,22.03711,0.00000
534F4C31,33751,311904000,45141,4095,4095,0,22.04150,0.00000
534F4C31,33751,311906046,45125,4095,4095,0,22.03369,0.00000
534F4C31,33751,311908174,45108,4095,4095,0,22.02539,0.00000
534F4C31,33751,311910094,45122,4095,4095,0,22.03223,0.00000
534F4C31,33752,311911968,45110,4095,4095,0,22.02637,0.00000
534F4C31,33753,311916163,45121,4095,4095,0,22.03174,0.00000
534F4C31,33753,311919696,45121,4095,4095,0,22.03174,0.00000
534F4C31,33753,311923312,45134,4095,4095,0,22.03809,0.00000
534F4C31,33753,311925413,45125,4095,4095,0,22.03369,0.00000
534F4C31,33753,311927886,45109,4095,4095,0,22.02588,0.00000
534F4C31,33753,311929920,45115,4095,4095,0,22.02881,0.00000
534F4C31,33753,311931951,45109,4095,4095,0,22.02588,0.00000
534F4C31,33753,311933991,45120,4095,4095,0,22.03125,0.00000
534F4C31,33753,311936059,45130,4095,4095,0,22.03613,0.00000
534F4C31,33753,311938221,45135,4095,4095,0,22.03857,0.00000
534F4C31,33753,311940240,45127,4095,4095,0,22.03467,0.00000
534F4C31,33753,311942290,45141,4095,4095,0,22.04150,0.00000
534F4C31,33753,311944287,45127,4095,4095,0,22.03467,0.00000
534F4C31,33753,311946397,45138,4095,4095,0,22.04004,0.00000
534F4C31,33753,311948334,45134,4095,4095,0,22.03809,0.00000
534F4C31,33753,311950199,45137,4095,4095,0,22.03955,0.00000
534F4C31,33753,311952217,45119,4095,4095,0,22.03076,0.00000
534F4C31,33753,311954291,45129,4095,4095,0,22.03564,0.00000
534F4C31,33753,311956349,45128,4095,4095,0,22.03516,0.00000
534F4C31,33753,311958370,45110,4095,4095,0,22.02637,0.00000
534F4C31,33753,311960501,45113,4095,4095,0,22.02783,0.00000
534F4C31,33753,311962536,45112,4095,4095,0,22.02734,0.00000
534F4C31,33753,311964567,45120,4095,4095,0,22.03125,0.00000
534F4C31,33753,311966636,45107,4095,4095,0,22.02490,0.00000
534F4C31,33753,311968811,45120,4095,4095,0,22.03125,0.00000
534F4C31,33754,311970975,45107,4095,4095,0,22.02490,0.00000
534F4C31,33755,311974122,45120,4095,4095,0,22.03125,0.00000
534F4C31,33756,311977790,45130,4095,4095,0,22.03613,0.00000
534F4C31,33757,311982561,45120,4095,4095,0,22.03125,0.00000
534F4C31,33758,311986841,45116,4095,4095,0,22.02930,0.00000
534F4C31,33759,311990983,45130,4095,4095,0,22.03613,0.00000
534F4C31,33760,311994492,45111,4095,4095,0,22.02686,0.00000
534F4C31,33761,311998501,45121,4095,4095,0,22.03174,0.00000
534F4C31,33762,312002785,45106,4095,4095,0,22.02441,0.00000
534F4C31,33763,312006128,45113,4095,4095,0,22.02783,0.00000
534F4C31,33764,312010052,45123,4095,4095,0,22.03271,0.00000
534F4C31,33765,312013934,45108,4095,4095,0,22.02539,0.00000
534F4C31,33766,312017867,45131,4095,4095,0,22.03662,0.00000
534F4C31,33767,312022600,45106,4095,4095,0,22.02441,0.00000
534F4C31,33768,312027131,45126,4095,4095,0,22.03418,0.00000
534F4C31,33769,312032952,45137,4095,4095,0,22.03955,0.00000
534F4C31,33770,312037718,45105,4095,4095,0,22.02393,0.00000
534F4C31,33770,312040187,45107,4095,4095,0,22.02490,0.00000
534F4C31,33771,312045811,45107,4095,4095,0,22.02490,0.00000
534F4C31,33772,312049494,45104,4095,4095,0,22.02344,0.00000
534F4C31,33773,312054931,45108,4095,4095,0,22.02539,0.00000
534F4C31,33774,312060936,45103,4095,4095,0,22.02295,0.00000
534F4C31,33775,312064806,45107,4095,4095,0,22.02490,0.00000
534F4C31,33776,312070678,45123,4095,4095,0,22.03271,0.00000
534F4C31,33777,312075000,45142,4095,4095,0,22.04199,0.00000
534F4C31,33778,312081092,45143,4095,4095,0,22.04248,0.00000
534F4C31,33779,312085611,45131,4095,4095,0,22.03662,0.00000
534F4C31,33780,312091039,45116,4095,4095,0,22.02930,0.00000
534F4C31,33781,312094748,45119,4095,4095,0,22.03076,0.00000
534F4C31,33782,312098319,45112,4095,4095,0,22.02734,0.00000
534F4C31,33783,312110999,45120,4095,4095,0,22.03125,0.00000
534F4C31,33783,312118696,45124,4095,4095,0,22.03320,0.00000
534F4C31,33783,312121842,45138,4095,4095,0,22.04004,0.00000
534F4C31,33783,312123966,45121,4095,4095,0,22.03174,0.00000
534F4C31,33783,312126054,45112,4095,4095,0,22.02734,0.00000
534F4C31,33784,312128796,45128,4095,4095,0,22.03516,0.00000
534F4C31,33785,312131769,45128,4095,4095,0,22.03516,0.00000
534F4C31,33785,312136737,45132,4095,4095,0,22.03711,0.00000
534F4C31,33785,312141649,45120,4095,4095,0,22.03125,0.00000
534F4C31,33786,312144809,45136,4095,4095,0,22.03906,0.00000
534F4C31,33787,312148612,45125,4095,4095,0,22.03369,0.00000
534F4C31,33788,312152245,45114,4095,4095,0,22.02832,0.00000
534F4C31,33788,312158561,45138,4095,4095,0,22.04004,0.00000
534F4C31,33788,312160794,45104,4095,4095,0,22.02344,0.00000
534F4C31,33788,312163582,45120,4095,4095,0,22.03125,0.00000
534F4C31,33788,312165872,45130,4095,4095,0,22.03613,0.00000
534F4C31,33788,312167760,45134,4095,4095,0,22.03809,0.00000
534F4C31,33788,312169822,45129,4095,4095,0,22.03564,0.00000
534F4C31,33788,312171895,45136,4095,4095,0,22.03906,0.00000
534F4C31,33788,312173948,45126,4095,4095,0,22.03418,0.00000
534F4C31,33788,312176025,45104,4095,4095,0,22.02344,0.00000
534F4C31,33788,312178011,45125,4095,4095,0,22.03369,0.00000
534F4C31,33788,312180094,45115,4095,4095,0,22.02881,0.00000
534F4C31,33788,312182152,45120,4095,4095,0,22.03125,0.00000
534F4C31,33788,312184233,45115,4095,4095,0,22.02881,0.00000
534F4C31,33789,312186689,45123,4095,4095,0,22.03271,0.00000
534F4C31,33789,312191388,45134,4095,4095,0,22.03809,0.00000
534F4C31,33789,312193552,45117,4095,4095,0,22.02979,0.00000
534F4C31,33789,312195490,45116,4095,4095,0,22.02930,0.00000
534F4C31,33789,312198606,45121,4095,4095,0,22.03174,0.00000
534F4C31,33790,312200933,45125,4095,4095,0,22.03369,0.00000
534F4C31,33791,312205126,45136,4095,4095,0,22.03906,0.00000
534F4C31,33791,312208695,45110,4095,4095,0,22.02637,0.00000
534F4C31,33791,312213666,45098,4095,4095,0,22.02051,0.00000
534F4C31,33791,312215903,45128,4095,4095,0,22.03516,0.00000
534F4C31,33791,312218784,45137,4095,4095,0,22.03955,0.00000
534F4C31,33791,312220870,45119,4095,4095,0,22.03076,0.00000
534F4C31,33791,312223034,45105,4095,4095,0,22.02393,0.00000
534F4C31,33791,312225247,45118,4095,4095,0,22.03027,0.00000
534F4C31,33791,312227259,45107,4095,4095,0,22.02490,0.00000
534F4C31,33791,312229376,45133,4095,4095,0,22.03760,0.00000
534F4C31,33791,312231249,45120,4095,4095,0,22.03125,0.00000
534F4C31,33791,312233221,45121,4095,4095,0,22.03174,0.00000
534F4C31,33791,312235245,45123,4095,4095,0,22.03271,0.00000
534F4C31,33791,312237252,45139,4095,4095,0,22.04053,0.00000
534F4C31,33791,312239283,45126,4095,4095,0,22.03418,0.00000
534F4C31,33791,312241341,45139,4095,4095,0,22.04053,0.00000
534F4C31,33791,312243447,45123,4095,4095,0,22.03271,0.00000
534F4C31,33792,312245567,45135,4095,4095,0,22.03857,0.00000
534F4C31,33792,312249607,45122,4095,4095,0,22.03223,0.00000
534F4C31,33792,312252224,45118,4095,4095,0,22.03027,0.00000
534F4C31,33793,312255059,45109,4095,4095,0,22.02588,0.00000
534F4C31,33794,312258571,45139,4095,4095,0,22.04053,0.00000
534F4C31,33794,312262279,45139,4095,4095,0,22.04053,0.00000
534F4C31,33794,312265306,45134,4095,4095,0,22.03809,0.00000
534F4C31,33794,312268047,45125,4095,4095,0,22.03369,0.00000
534F4C31,33795,312270629,45127,4095,4095,0,22.03467,0.00000
534F4C31,33796,312273018,45144,4095,4095,0,22.04297,0.00000
534F4C31,33797,312277368,45147,4095,4095,0,22.04443,0.00000
534F4C31,33798,312281221,45138,4095,4095,0,22.04004,0.00000
534F4C31,33798,312285041,45121,4095,4095,0,22.03174,0.00000
534F4C31,33799,312288635,45122,4095,4095,0,22.03223,0.00000
534F4C31,33799,312290898,45121,4095,4095,0,22.03174,0.00000
534F4C31,33799,312295435,45142,4095,4095,0,22.04199,0.00000
534F4C31,33800,312297522,45133,4095,4095,0,22.03760,0.00000
534F4C31,33800,312301068,45140,4095,4095,0,22.04102,0.00000
534F4C31,33800,312303375,45138,4095,4095,0,22.04004,0.00000
534F4C31,33800,312305257,45123,4095,4095,0,22.03271,0.00000
534F4C31,33800,312307218,45134,4095,4095,0,22.03809,0.00000
534F4C31,33800,312309878,45129,4095,4095,0,22.03564,0.00000
534F4C31,33800,312312016,45108,4095,4095,0,22.02539,0.00000
534F4C31,33800,312314084,45125,4095,4095,0,22.03369,0.00000
534F4C31,33800,312316200,45104,4095,4095,0,22.02344,0.00000
534F4C31,33800,312318341,45123,4095,4095,0,22.03271,0.00000
534F4C31,33801,312320438,45111,4095,4095,0,22.02686,0.00000
534F4C31,33801,312323640,45121,4095,4095,0,22.03174,0.00000
534F4C31,33801,312325923,45123,4095,4095,0,22.03271,0.00000
534F4C31,33802,312327917,45112,4095,4095,0,22.02734,0.00000
534F4C31,33803,312331678,45116,4095,4095,0,22.02930,0.00000
534F4C31,33803,312335368,45118,4095,4095,0,22.03027,0.00000
534F4C31,33803,312338146,45125,4095,4095,0,22.03369,0.00000
534F4C31,33803,312340285,45129,4095,4095,0,22.03564,0.00000
534F4C31,33803,312343057,45130,4095,4095,0,22.03613,0.00000
534F4C31,33803,312345159,45119,4095,4095,0,22.03076,0.00000
534F4C31,33803,312347285,45111,4095,4095,0,22.02686,0.00000
534F4C31,33804,312349385,45124,4095,4095,0,22.03320,0.00000
534F4C31,33804,312352683,45100,4095,4095,0,22.02148,0.00000
534F4C31,33804,312355005,45111,4095,4095,0,22.02686,0.00000
534F4C31,33805,312357104,45118,4095,4095,0,22.03027,0.00000
534F4C31,33805,312361590,45111,4095,4095,0,22.02686,0.00000
534F4C31,33805,312363847,45131,4095,4095,0,22.03662,0.00000
534F4C31,33806,312366792,45136,4095,4095,0,22.03906,0.00000
534F4C31,33807,312372198,45112,4095,4095,0,22.02734,0.00000
534F4C31,33808,312376393,45106,4095,4095,0,22.02441,0.00000
534F4C31,33808,312381472,45138,4095,4095,0,22.04004,0.00000
534F4C31,33808,312386797,45120,4095,4095,0,22.03125,0.00000
534F4C31,33808,312389987,45111,4095,4095,0,22.02686,0.00000
534F4C31,33808,312392546,45120,4095,4095,0,22.03125,0.00000
534F4C31,33808,312394800,45124,4095,4095,0,22.03320,0.00000
534F4C31,33808,312397798,45108,4095,4095,0,22.02539,0.00000
534F4C31,33808,312399951,45121,4095,4095,0,22.03174,0.00000
534F4C31,33808,312401966,45107,4095,4095,0,22.02490,0.00000
534F4C31,33808,312404054,45118,4095,4095,0,22.03027,0.00000
534F4C31,33808,312406178,45125,4095,4095,0,22.03369,0.00000
534F4C31,33808,312408359,45135,4095,4095,0,22.03857,0.00000
534F4C31,33808,312410350,45133,4095,4095,0,22.03760,0.00000
534F4C31,33808,312412414,45132,4095,4095,0,22.03711,0.00000
534F4C31,33808,312414454,45126,4095,4095,0,22.03418,0.00000
534F4C31,33808,312416622,45139,4095,4095,0,22.04053,0.00000
534F4C31,33808,312418581,45126,4095,4095,0,22.03418,0.00000
534F4C31,33808,312420665,45103,4095,4095,0,22.02295,0.00000
534F4C31,33808,312422679,45121,4095,4095,0,22.03174,0.00000
534F4C31,33808,312424747,45113,4095,4095,0,22.02783,0.00000
534F4C31,33808,312426850,45121,4095,4095,0,22.03174,0.00000
534F4C31,33808,312429019,45111,4095,4095,0,22.02686,0.00000
534F4C31,33808,312431057,45119,4095,4095,0,22.03076,0.00000
534F4C31,33809,312433164,45099,4095,4095,0,22.02100,0.00000
534F4C31,33810,312437124,45118,4095,4095,0,22.03027,0.00000
534F4C31,33811,312440931,45132,4095,4095,0,22.03711,0.00000
534F4C31,33811,312445260,45139,4095,4095,0,22.04053,0.00000
534F4C31,33811,312449907,45129,4095,4095,0,22.03564,0.00000
534F4C31,33811,312452061,45112,4095,4095,0,22.02734,0.00000
534F4C31,33811,312454136,45119,4095,4095,0,22.03076,0.00000
534F4C31,33812,312457135,45130,4095,4095,0,22.03613,0.00000
534F4C31,33812,312461302,45107,4095,4095,0,22.02490,0.00000
534F4C31,33812,312463991,45105,4095,4095,0,22.02393,0.00000
534F4C31,33812,312466047,45123,4095,4095,0,22.03271,0.00000
534F4C31,33812,312469070,45106,4095,4095,0,22.02441,0.00000
534F4C31,33812,312471226,45108,4095,4095,0,22.02539,0.00000
534F4C31,33812,312473237,45118,4095,4095,0,22.03027,0.00000
534F4C31,33812,312475352,45108,4095,4095,0,22.02539,0.00000
534F4C31,33812,312477336,45120,4095,4095,0,22.03125,0.00000
534F4C31,33812,312479459,45102,4095,4095,0,22.02246,0.00000
534F4C31,33813,312481514,45118,4095,4095,0,22.03027,0.00000
534F4C31,33814,312485937,45113,4095,4095,0,22.02783,0.00000
534F4C31,33814,312489583,45122,4095,4095,0,22.03223,0.00000
534F4C31,33814,312493057,45126,4095,4095,0,22.03418,0.00000
534F4C31,33815,312497036,45125,4095,4095,0,22.03369,0.00000
534F4C31,33815,312500366,45122,4095,4095,0,22.03223,0.00000
534F4C31,33815,312504500,45132,4095,4095,0,22.03711,0.00000
534F4C31,33816,312507394,45124,4095,4095,0,22.03320,0.00000
534F4C31,33816,312511199,45140,4095,4095,0,22.04102,0.00000
534F4C31,33816,312514725,45141,4095,4095,0,22.04150,0.00000
534F4C31,33816,312517488,45136,4095,4095,0,22.03906,0.00000
534F4C31,33816,312519617,45130,4095,4095,0,22.03613,0.00000
534F4C31,33816,312522339,45116,4095,4095,0,22.02930,0.00000
534F4C31,33816,312524594,45142,4095,4095,0,22.04199,0.00000
534F4C31,33816,312526511,45125,4095,4095,0,22.03369,0.00000
534F4C31,33816,312528617,45134,4095,4095,0,22.03809,0.00000
534F4C31,33816,312530717,45127,4095,4095,0,22.03467,0.00000
534F4C31,33816,312532770,45133,4095,4095,0,22.03760,0.00000
534F4C31,33816,312534794,45119,4095,4095,0,22.03076,0.00000
534F4C31,33816,312536869,45137,4095,4095,0,22.03955,0.00000
534F4C31,33816,312538970,45129,4095,4095,0,22.03564,0.00000
534F4C31,33816,312541054,45115,4095,4095,0,22.02881,0.00000
534F4C31,33816,312543168,45123,4095,4095,0,22.03271,0.00000
534F4C31,33817,312545319,45109,4095,4095,0,22.02588,0.00000
534F4C31,33817,312549037,45124,4095,4095,0,22.03320,0.00000
534F4C31,33817,312552041,45119,4095,4095,0,22.03076,0.00000
534F4C31,33818,312554297,45134,4095,4095,0,22.03809,0.00000
534F4C31,33819,312557394,45138,4095,4095,0,22.04004,0.00000
534F4C31,33820,312562977,45139,4095,4095,0,22.04053,0.00000
534F4C31,33821,312568580,45119,4095,4095,0,22.03076,0.00000
534F4C31,33821,312572896,45123,4095,4095,0,22.03271,0.00000
534F4C31,33821,312576461,45113,4095,4095,0,22.02783,0.00000
534F4C31,33821,312578526,45121,4095,4095,0,22.03174,0.00000
534F4C31,33821,312582061,45121,4095,4095,0,22.03174,0.00000
534F4C31,33821,312584311,45110,4095,4095,0,22.02637,0.00000
534F4C31,33821,312586315,45122,4095,4095,0,22.03223,0.00000
534F4C31,33821,312588208,45110,4095,4095,0,22.02637,0.00000
534F4C31,33821,312590318,45119,4095,4095,0,22.03076,0.00000
534F4C31,33821,312593361,45107,4095,4095,0,22.02490,0.00000
534F4C31,33821,312596461,45106,4095,4095,0,22.02441,0.00000
534F4C31,33821,312598850,45136,4095,4095,0,22.03906,0.00000
534F4C31,33821,312601007,45126,4095,4095,0,22.03418,0.00000
534F4C31,33821,312603827,45137,4095,4095,0,22.03955,0.00000
534F4C31,33822,312606081,45120,4095,4095,0,22.03125,0.00000
534F4C31,33822,312610818,45140,4095,4095,0,22.04102,0.00000
534F4C31,33822,312613035,45121,4095,4095,0,22.03174,0.00000
534F4C31,33822,312615152,45114,4095,4095,0,22.02832,0.00000
534F4C31,33822,312618031,45121,4095,4095,0,22.03174,0.00000
534F4C31,33823,312620286,45131,4095,4095,0,22.03662,0.00000
534F4C31,33824,312624625,45138,4095,4095,0,22.04004,0.00000
534F4C31,33824,312627758,45113,4095,4095,0,22.02783,0.00000
534F4C31,33824,312631972,45100,4095,4095,0,22.02148,0.00000
534F4C31,33825,312635439,45137,4095,4095,0,22.03955,0.00000
534F4C31,33826,312638645,45145,4095,4095,0,22.04346,0.00000
534F4C31,33826,312644330,45138,4095,4095,0,22.04004,0.00000
534F4C31,33826,312647248,45129,4095,4095,0,22.03564,0.00000
534F4C31,33826,312649340,45143,4095,4095,0,22.04248,0.00000
534F4C31,33826,312652180,45119,4095,4095,0,22.03076,0.00000
534F4C31,33826,312654217,45110,4095,4095,0,22.02637,0.00000
534F4C31,33826,312656193,45122,4095,4095,0,22.03223,0.00000
534F4C31,33826,312658325,45111,4095,4095,0,22.02686,0.00000
534F4C31,33826,312660446,45118,4095,4095,0,22.03027,0.00000
534F4C31,33826,312662486,45124,4095,4095,0,22.03320,0.00000
534F4C31,33827,312664562,45135,4095,4095,0,22.03857,0.00000
534F4C31,33828,312667329,45131,4095,4095,0,22.03662,0.00000
534F4C31,33828,312671633,45127,4095,4095,0,22.03467,0.00000
534F4C31,33828,312674047,45113,4095,4095,0,22.02783,0.00000
534F4C31,33829,312678071,45134,4095,4095,0,22.03809,0.00000
534F4C31,33829,312682847,45111,4095,4095,0,22.02686,0.00000
534F4C31,33829,312685203,45112,4095,4095,0,22.02734,0.00000
534F4C31,33829,312688216,45127,4095,4095,0,22.03467,0.00000
534F4C31,33829,312691655,45142,4095,4095,0,22.04199,0.00000
534F4C31,33829,312693780,45141,4095,4095,0,22.04150,0.00000
534F4C31,33829,312695919,45142,4095,4095,0,22.04199,0.00000
534F4C31,33829,312699430,45142,4095,4095,0,22.04199,0.00000
534F4C31,33829,312701663,45131,4095,4095,0,22.03662,0.00000
534F4C31,33829,312703760,45135,4095,4095,0,22.03857,0.00000
534F4C31,33830,312705916,45127,4095,4095,0,22.03467,0.00000
534F4C31,33831,312709754,45139,4095,4095,0,22.04053,0.00000
534F4C31,33831,312714302,45133,4095,4095,0,22.03760,0.00000
534F4C31,33831,312719044,45111,4095,4095,0,22.02686,0.00000
534F4C31,33831,312721253,45130,4095,4095,0,22.03613,0.00000
534F4C31,33831,312723376,45138,4095,4095,0,22.04004,0.00000
534F4C31,33831,312726489,45116,4095,4095,0,22.02930,0.00000
534F4C31,33831,312728592,45133,4095,4095,0,22.03760,0.00000
534F4C31,33831,312730635,45142,4095,4095,0,22.04199,0.00000
534F4C31,33831,312732801,45122,4095,4095,0,22.03223,0.00000
534F4C31,33831,312734886,45137,4095,4095,0,22.03955,0.00000
534F4C31,33831,312736908,45124,4095,4095,0,22.03320,0.00000
534F4C31,33831,312738997,45140,4095,4095,0,22.04102,0.00000
534F4C31,33832,312741150,45129,4095,4095,0,22.03564,0.00000
534F4C31,33833,312745675,45112,4095,4095,0,22.02734,0.00000
534F4C31,33834,312752430,45131,4095,4095,0,22.03662,0.00000
534F4C31,33834,312756197,45110,4095,4095,0,22.02637,0.00000
534F4C31,33834,312758550,45138,4095,4095,0,22.04004,0.00000
534F4C31,33835,312760618,45120,4095,4095,0,22.03125,0.00000
534F4C31,33836,312766063,45109,4095,4095,0,22.02588,0.00000
534F4C31,33836,312769626,45116,4095,4095,0,22.02930,0.00000
534F4C31,33836,312774256,45122,4095,4095,0,22.03223,0.00000
534F4C31,33836,312776430,45122,4095,4095,0,22.03223,0.00000
534F4C31,33836,312779026,45126,4095,4095,0,22.03418,0.00000
534F4C31,33836,312781158,45137,4095,4095,0,22.03955,0.00000
534F4C31,33836,312783220,45129,4095,4095,0,22.03564,0.00000
534F4C31,33836,312785153,45139,4095,4095,0,22.04053,0.00000
534F4C31,33837,312787133,45133,4095,4095,0,22.03760,0.00000
534F4C31,33838,312792568,45117,4095,4095,0,22.02979,0.00000
534F4C31,33838,312797031,45122,4095,4095,0,22.03223,0.00000
534F4C31,33838,312801446,45122,4095,4095,0,22.03223,0.00000
534F4C31,33839,312804624,45137,4095,4095,0,22.03955,0.00000
534F4C31,33839,312808738,45124,4095,4095,0,22.03320,0.00000
534F4C31,33839,312812307,45122,4095,4095,0,22.03223,0.00000
534F4C31,33839,312815039,45128,4095,4095,0,22.03516,0.00000
534F4C31,33839,312817242,45107,4095,4095,0,22.02490,0.00000
534F4C31,33840,312820277,45133,4095,4095,0,22.03760,0.00000
534F4C31,33840,312823931,45125,4095,4095,0,22.03369,0.00000
534F4C31,33840,312827405,45119,4095,4095,0,22.03076,0.00000
534F4C31,33841,312829606,45121,4095,4095,0,22.03174,0.00000
534F4C31,33841,312834134,45141,4095,4095,0,22.04150,0.00000
534F4C31,33841,312837617,45120,4095,4095,0,22.03125,0.00000
534F4C31,33841,312839762,45131,4095,4095,0,22.03662,0.00000
534F4C31,33842,312843004,45122,4095,4095,0,22.03223,0.00000
534F4C31,33842,312847415,45120,4095,4095,0,22.03125,0.00000
534F4C31,33842,312849572,45123,4095,4095,0,22.03271,0.00000
534F4C31,33843,312852691,45108,4095,4095,0,22.02539,0.00000
534F4C31,33843,312857301,45139,4095,4095,0,22.04053,0.00000
534F4C31,33843,312859544,45139,4095,4095,0,22.04053,0.00000
534F4C31,33844,312861657,45117,4095,4095,0,22.02979,0.00000
534F4C31,33844,312866081,45127,4095,4095,0,22.03467,0.00000
534F4C31,33844,312869260,45121,4095,4095,0,22.03174,0.00000
534F4C31,33844,312871335,45115,4095,4095,0,22.02881,0.00000
534F4C31,33845,312874704,45141,4095,4095,0,22.04150,0.00000
534F4C31,33845,312879659,45133,4095,4095,0,22.03760,0.00000
534F4C31,33845,312882610,45132,4095,4095,0,22.03711,0.00000
534F4C31,33846,312885446,45120,4095,4095,0,22.03125,0.00000
534F4C31,33846,312890735,45128,4095,4095,0,22.03516,0.00000
534F4C31,33846,312892921,45124,4095,4095,0,22.03320,0.00000
534F4C31,33847,312895870,45113,4095,4095,0,22.02783,0.00000
534F4C31,33848,312899232,45132,4095,4095,0,22.03711,0.00000
534F4C31,33849,312904357,45130,4095,4095,0,22.03613,0.00000
534F4C31,33849,312908216,45107,4095,4095,0,22.02490,0.00000
534F4C31,33849,312912766,45121,4095,4095,0,22.03174,0.00000
534F4C31,33849,312914907,45130,4095,4095,0,22.03613,0.00000
534F4C31,33849,312917681,45137,4095,4095,0,22.03955,0.00000
534F4C31,33850,312920026,45124,4095,4095,0,22.03320,0.00000
534F4C31,33851,312923958,45103,4095,4095,0,22.02295,0.00000
534F4C31,33851,312927454,45112,4095,4095,0,22.02734,0.00000
534F4C31,33851,312931525,45114,4095,4095,0,22.02832,0.00000
534F4C31,33852,312934845,45126,4095,4095,0,22.03418,0.00000
534F4C31,33853,312938842,45141,4095,4095,0,22.04150,0.00000
534F4C31,33854,312943445,45111,4095,4095,0,22.02686,0.00000
534F4C31,33854,312949429,45138,4095,4095,0,22.04004,0.00000
534F4C31,33854,312952808,45123,4095,4095,0,22.03271,0.00000
534F4C31,33855,312954905,45120,4095,4095,0,22.03125,0.00000
534F4C31,33855,312960670,45125,4095,4095,0,22.03369,0.00000
534F4C31,33855,312962937,45121,4095,4095,0,22.03174,0.00000
534F4C31,33856,312965748,45122,4095,4095,0,22.03223,0.00000
534F4C31,33856,312971218,45136,4095,4095,0,22.03906,0.00000
534F4C31,33856,312974057,45132,4095,4095,0,22.03711,0.00000
534F4C31,33857,312976140,45110,4095,4095,0,22.02637,0.00000
534F4C31,33857,312981389,45121,4095,4095,0,22.03174,0.00000
534F4C31,33857,312984055,45112,4095,4095,0,22.02734,0.00000
534F4C31,33857,312986819,45123,4095,4095,0,22.03271,0.00000
534F4C31,33857,312989167,45126,4095,4095,0,22.03418,0.00000
534F4C31,33858,312991237,45141,4095,4095,0,22.04150,0.00000
534F4C31,33858,312994435,45124,4095,4095,0,22.03320,0.00000
534F4C31,33858,312997272,45132,4095,4095,0,22.03711,0.00000
534F4C31,33858,312999351,45140,4095,4095,0,22.04102,0.00000
534F4C31,33858,313002221,45127,4095,4095,0,22.03467,0.00000
534F4C31,33858,313004580,45126,4095,4095,0,22.03418,0.00000
534F4C31,33858,313006943,45138,4095,4095,0,22.04004,0.00000
534F4C31,33858,313009145,45127,4095,4095,0,22.03467,0.00000
534F4C31,33858,313011235,45109,4095,4095,0,22.02588,0.00000
534F4C31,33858,313013358,45117,4095,4095,0,22.02979,0.00000
534F4C31,33858,313015316,45105,4095,4095,0,22.02393,0.00000
534F4C31,33858,313017371,45121,4095,4095,0,22.03174,0.00000
534F4C31,33858,313019611,45117,4095,4095,0,22.02979,0.00000
534F4C31,33859,313021667,45121,4095,4095,0,22.03174,0.00000
534F4C31,33860,313026280,45127,4095,4095,0,22.03467,0.00000
534F4C31,33861,313030127,45139,4095,4095,0,22.04053,0.00000
534F4C31,33862,313036430,45114,4095,4095,0,22.02832,0.00000
534F4C31,33862,313040806,45131,4095,4095,0,22.03662,0.00000
534F4C31,33863,313043021,45108,4095,4095,0,22.02539,0.00000
534F4C31,33863,313047414,45114,4095,4095,0,22.02832,0.00000
534F4C31,33863,313050941,45103,4095,4095,0,22.02295,0.00000
534F4C31,33863,313053215,45134,4095,4095,0,22.03809,0.00000
534F4C31,33864,313057898,45121,4095,4095,0,22.03174,0.00000
534F4C31,33864,313061496,45125,4095,4095,0,22.03369,0.00000
534F4C31,33864,313064452,45119,4095,4095,0,22.03076,0.00000
534F4C31,33864,313068332,45121,4095,4095,0,22.03174,0.00000
534F4C31,33864,313070525,45121,4095,4095,0,22.03174,0.00000
534F4C31,33865,313072641,45137,4095,4095,0,22.03955,0.00000
534F4C31,33865,313076462,45125,4095,4095,0,22.03369,0.00000
534F4C31,33865,313080011,45118,4095,4095,0,22.03027,0.00000
534F4C31,33865,313082142,45128,4095,4095,0,22.03516,0.00000
534F4C31,33865,313084948,45144,4095,4095,0,22.04297,0.00000
534F4C31,33865,313087316,45120,4095,4095,0,22.03125,0.00000
534F4C31,33865,313089295,45111,4095,4095,0,22.02686,0.00000
534F4C31,33865,313091458,45122,4095,4095,0,22.03223,0.00000
534F4C31,33866,313093596,45129,4095,4095,0,22.03564,0.00000
534F4C31,33867,313097342,45141,4095,4095,0,22.04150,0.00000
534F4C31,33868,313101354,45139,4095,4095,0,22.04053,0.00000
534F4C31,33869,313108303,45116,4095,4095,0,22.02930,0.00000
534F4C31,33869,313113080,45121,4095,4095,0,22.03174,0.00000
534F4C31,33870,313115985,45111,4095,4095,0,22.02686,0.00000
534F4C31,33871,313121769,45119,4095,4095,0,22.03076,0.00000
534F4C31,33871,313125509,45115,4095,4095,0,22.02881,0.00000
534F4C31,33871,313128607,45113,4095,4095,0,22.02783,0.00000
534F4C31,33872,313132724,45110,4095,4095,0,22.02637,0.00000
534F4C31,33872,313136960,45143,4095,4095,0,22.04248,0.00000
534F4C31,33872,313140105,45109,4095,4095,0,22.02588,0.00000
534F4C31,33873,313143131,45145,4095,4095,0,22.04346,0.00000
534F4C31,33873,313146439,45120,4095,4095,0,22.03125,0.00000
534F4C31,33873,313150766,45117,4095,4095,0,22.02979,0.00000
534F4C31,33873,313152981,45127,4095,4095,0,22.03467,0.00000
534F4C31,33873,313155601,45107,4095,4095,0,22.02490,0.00000
534F4C31,33873,313158316,45141,4095,4095,0,22.04150,0.00000
534F4C31,33874,313160616,45126,4095,4095,0,22.03418,0.00000
534F4C31,33874,313164440,45108,4095,4095,0,22.02539,0.00000
534F4C31,33874,313167563,45131,4095,4095,0,22.03662,0.00000
534F4C31,33875,313169626,45134,4095,4095,0,22.03809,0.00000
534F4C31,33875,313173598,45136,4095,4095,0,22.03906,0.00000
534F4C31,33875,313177845,46701,4095,4095,0,22.80322,0.00000
534F4C31,33876,313180167,47107,4095,4095,0,23.00146,0.00000
534F4C31,33876,313183375,47131,4095,4095,0,23.01318,0.00000
534F4C31,33876,313187860,47180,4095,4095,0,23.03711,0.00000
534F4C31,33876,313190417,47158,4095,4095,0,23.02637,0.00000
534F4C31,33876,313193032,47171,4095,4095,0,23.03271,0.00000
534F4C31,33876,313195937,47178,4095,4095,0,23.03613,0.00000
534F4C31,33877,313198447,47165,4095,4095,0,23.02979,0.00000
534F4C31,33877,313202920,47183,4095,4095,0,23.03857,0.00000
534F4C31,33877,313205043,47187,4095,4095,0,23.04053,0.00000
534F4C31,33877,313207669,47179,4095,4095,0,23.03662,0.00000
534F4C31,33877,313210584,47176,4095,4095,0,23.03516,0.00000
534F4C31,33878,313212929,47190,4095,4095,0,23.04199,0.00000
534F4C31,33879,313216660,47172,4095,4095,0,23.03320,0.00000
534F4C31,33879,313220483,47174,4095,4095,0,23.03418,0.00000
534F4C31,33879,313223014,47172,4095,4095,0,23.03320,0.00000
534F4C31,33880,313227459,47181,4095,4095,0,23.03760,0.00000
534F4C31,33880,313231562,47177,4095,4095,0,23.03564,0.00000
534F4C31,33880,313234403,47173,4095,4095,0,23.03369,0.00000
534F4C31,33880,313238475,47178,4095,4095,0,23.03613,0.00000
534F4C31,33880,313240777,47160,4095,4095,0,23.02734,0.00000
534F4C31,33880,313243269,47165,4095,4095,0,23.02979,0.00000
534F4C31,33881,313245749,47180,4095,4095,0,23.03711,0.00000
534F4C31,33881,313250273,47173,4095,4095,0,23.03369,0.00000
534F4C31,33881,313252441,47164,4095,4095,0,23.02930,0.00000
534F4C31,33882,313254990,47168,4095,4095,0,23.03125,0.00000
534F4C31,33882,313260247,47179,4095,4095,0,23.03662,0.00000
534F4C31,33882,313262414,47166,4095,4095,0,23.03027,0.00000
534F4C31,33882,313264418,47164,4095,4095,0,23.02930,0.00000
534F4C31,33883,313267777,47159,4095,4095,0,23.02686,0.00000
534F4C31,33884,313272458,47152,4095,4095,0,23.02344,0.00000
534F4C31,33884,313275692,47160,4095,4095,0,23.02734,0.00000
534F4C31,33884,313277976,47167,4095,4095,0,23.03076,0.00000
534F4C31,33885,313280020,47179,4095,4095,0,23.03662,0.00000
534F4C31,33886,313283632,47162,4095,4095,0,23.02832,0.00000
534F4C31,33887,313287134,47189,4095,4095,0,23.04150,0.00000
534F4C31,33888,313289993,47186,4095,4095,0,23.04004,0.00000
534F4C31,33889,313292898,47166,4095,4095,0,23.03027,0.00000
534F4C31,33890,313299155,47164,4095,4095,0,23.02930,0.00000
534F4C31,33890,313302038,47170,4095,4095,0,23.03223,0.00000
534F4C31,33890,313307732,47178,4095,4095,0,23.03613,0.00000
534F4C31,33890,313310409,47190,4095,4095,0,23.04199,0.00000
534F4C31,33891,313313741,47172,4095,4095,0,23.03320,0.00000
534F4C31,33891,313319880,47173,4095,4095,0,23.03369,0.00000
534F4C31,33891,313322073,47162,4095,4095,0,23.02832,0.00000
534F4C31,33891,313323922,47177,4095,4095,0,23.03564,0.00000
534F4C31,33891,313326886,47162,4095,4095,0,23.02832,0.00000
534F4C31,33891,313329179,47190,4095,4095,0,23.04199,0.00000
534F4C31,33891,313331032,47178,4095,4095,0,23.03613,0.00000
534F4C31,33891,313333033,47187,4095,4095,0,23.04053,0.00000
534F4C31,33891,313335091,47185,4095,4095,0,23.03955,0.00000
534F4C31,33891,313337135,47183,4095,4095,0,23.03857,0.00000
534F4C31,33891,313339254,47171,4095,4095,0,23.03271,0.00000
534F4C31,33891,313341154,47156,4095,4095,0,23.02539,0.00000
534F4C31,33891,313343108,47174,4095,4095,0,23.03418,0.00000
534F4C31,33891,313345202,47159,4095,4095,0,23.02686,0.00000
534F4C31,33891,313347266,47171,4095,4095,0,23.03271,0.00000
534F4C31,33891,313349339,47167,4095,4095,0,23.03076,0.00000
534F4C31,33892,313351386,47172,4095,4095,0,23.03320,0.00000
534F4C31,33893,313355720,47163,4095,4095,0,23.02881,0.00000
534F4C31,33893,313359593,47185,4095,4095,0,23.03955,0.00000
534F4C31,33893,313363877,47173,4095,4095,0,23.03369,0.00000
534F4C31,33894,313366323,47183,4095,4095,0,23.03857,0.00000
534F4C31,33895,313369597,47165,4095,4095,0,23.02979,0.00000
534F4C31,33895,313374909,47162,4095,4095,0,23.02832,0.00000
534F4C31,33895,313377735,47181,4095,4095,0,23.03760,0.00000
534F4C31,33895,313380646,47155,4095,4095,0,23.02490,0.00000
534F4C31,33895,313383168,47191,4095,4095,0,23.04248,0.00000
534F4C31,33895,313385182,47176,4095,4095,0,23.03516,0.00000
534F4C31,33895,313387263,47188,4095,4095,0,23.04102,0.00000
534F4C31,33895,313389347,47180,4095,4095,0,23.03711,0.00000
534F4C31,33896,313391460,47195,4095,4095,0,23.04443,0.00000
534F4C31,33897,313396012,47163,4095,4095,0,23.02881,0.00000
534F4C31,33898,313399952,47160,4095,4095,0,23.02734,0.00000
534F4C31,33899,313406601,47180,4095,4095,0,23.03711,0.00000
534F4C31,33899,313410225,47170,4095,4095,0,23.03223,0.00000
534F4C31,33899,313415671,47172,4095,4095,0,23.03320,0.00000
534F4C31,33900,313417714,47174,4095,4095,0,23.03418,0.00000
534F4C31,33900,313421643,47175,4095,4095,0,23.03467,0.00000
534F4C31,33900,313425275,47176,4095,4095,0,23.03516,0.00000
534F4C31,33900,313427425,47159,4095,4095,0,23.02686,0.00000
534F4C31,33900,313429504,47187,4095,4095,0,23.04053,0.00000
534F4C31,33901,313431626,47174,4095,4095,0,23.03418,0.00000
534F4C31,33901,313436383,47190,4095,4095,0,23.04199,0.00000
534F4C31,33901,313438836,47160,4095,4095,0,23.02734,0.00000
534F4C31,33901,313440852,47169,4095,4095,0,23.03174,0.00000
534F4C31,33901,313442892,47165,4095,4095,0,23.02979,0.00000
534F4C31,33901,313444888,47172,4095,4095,0,23.03320,0.00000
534F4C31,33901,313447642,47182,4095,4095,0,23.03809,0.00000
534F4C31,33901,313449912,47161,4095,4095,0,23.02783,0.00000
534F4C31,33901,313451822,47176,4095,4095,0,23.03516,0.00000
534F4C31,33901,313453658,47159,4095,4095,0,23.02686,0.00000
534F4C31,33901,313455784,47177,4095,4095,0,23.03564,0.00000
534F4C31,33901,313457734,47159,4095,4095,0,23.02686,0.00000
534F4C31,33902,313459978,47166,4095,4095,0,23.03027,0.00000
534F4C31,33903,313464264,47173,4095,4095,0,23.03369,0.00000
534F4C31,33904,313468222,47170,4095,4095,0,23.03223,0.00000
534F4C31,33905,313473400,47162,4095,4095,0,23.02832,0.00000
534F4C31,33905,313477120,47172,4095,4095,0,23.03320,0.00000
534F4C31,33905,313481390,47189,4095,4095,0,23.04150,0.00000
534F4C31,33905,313483480,47170,4095,4095,0,23.03223,0.00000
534F4C31,33905,313486144,47165,4095,4095,0,23.02979,0.00000
534F4C31,33906,313489037,47158,4095,4095,0,23.02637,0.00000
534F4C31,33906,313493465,47172,4095,4095,0,23.03320,0.00000
534F4C31,33906,313495737,47192,4095,4095,0,23.04297,0.00000
534F4C31,33907,313498625,47178,4095,4095,0,23.03613,0.00000
534F4C31,33908,313503486,47163,4095,4095,0,23.02881,0.00000
534F4C31,33908,313507140,47181,4095,4095,0,23.03760,0.00000
534F4C31,33908,313510126,47176,4095,4095,0,23.03516,0.00000
534F4C31,33909,313514260,47173,4095,4095,0,23.03369,0.00000
534F4C31,33910,313518227,47157,4095,4095,0,23.02588,0.00000
534F4C31,33911,313523280,47171,4095,4095,0,23.03271,0.00000
534F4C31,33911,313527455,47192,4095,4095,0,23.04297,0.00000
534F4C31,33912,313531830,47176,4095,4095,0,23.03516,0.00000
534F4C31,33913,313534176,47169,4095,4095,0,23.03174,0.00000
534F4C31,33914,313538427,47170,4095,4095,0,23.03223,0.00000
534F4C31,33914,313544160,47177,4095,4095,0,23.03564,0.00000
534F4C31,33914,313547058,47193,4095,4095,0,23.04346,0.00000
534F4C31,33914,313549215,47169,4095,4095,0,23.03174,0.00000
534F4C31,33914,313551907,47149,4095,4095,0,23.02197,0.00000
534F4C31,33914,313554210,47192,4095,4095,0,23.04297,0.00000
534F4C31,33914,313556143,47188,4095,4095,0,23.04102,0.00000
534F4C31,33914,313558148,47186,4095,4095,0,23.04004,0.00000
534F4C31,33914,313560210,47179,4095,4095,0,23.03662,0.00000
534F4C31,33914,313562269,47185,4095,4095,0,23.03955,0.00000
534F4C31,33914,313564346,47169,4095,4095,0,23.03174,0.00000
534F4C31,33914,313566458,47163,4095,4095,0,23.02881,0.00000
534F4C31,33914,313568454,47173,4095,4095,0,23.03369,0.00000
534F4C31,33914,313570544,47157,4095,4095,0,23.02588,0.00000
534F4C31,33915,313573778,47168,4095,4095,0,23.03125,0.00000
534F4C31,33915,313577949,47172,4095,4095,0,23.03320,0.00000
534F4C31,33915,313581405,47190,4095,4095,0,23.04199,0.00000
534F4C31,33916,313584654,47170,4095,4095,0,23.03223,0.00000
534F4C31,33916,313589185,47178,4095,4095,0,23.03613,0.00000
534F4C31,33916,313591470,47187,4095,4095,0,23.04053,0.00000
534F4C31,33917,313593568,47165,4095,4095,0,23.02979,0.00000
534F4C31,33918,313598956,47169,4095,4095,0,23.03174,0.00000
534F4C31,33919,313604100,47160,4095,4095,0,23.02734,0.00000
534F4C31,33919,313607984,47171,4095,4095,0,23.03271,0.00000
534F4C31,33919,313610142,47161,4095,4095,0,23.02783,0.00000
534F4C31,33919,313612194,47198,4095,4095,0,23.04590,0.00000
534F4C31,33919,313614396,47180,4095,4095,0,23.03711,0.00000
534F4C31,33920,313617170,47191,4095,4095,0,23.04248,0.00000
534F4C31,33921,313621412,47175,4095,4095,0,23.03467,0.00000
534F4C31,33921,313624670,47172,4095,4095,0,23.03320,0.00000
534F4C31,33921,313629693,47174,4095,4095,0,23.03418,0.00000
534F4C31,33922,313631906,47186,4095,4095,0,23.04004,0.00000
534F4C31,33923,313634658,47177,4095,4095,0,23.03564,0.00000
534F4C31,33924,313639573,47160,4095,4095,0,23.02734,0.00000
534F4C31,33925,313643875,47168,4095,4095,0,23.03125,0.00000
534F4C31,33925,313648979,47171,4095,4095,0,23.03271,0.00000
534F4C31,33925,313653635,47188,4095,4095,0,23.04102,0.00000
534F4C31,33925,313655780,47148,4095,4095,0,23.02148,0.00000
534F4C31,33925,313657803,47175,4095,4095,0,23.03467,0.00000
534F4C31,33925,313660646,47158,4095,4095,0,23.02637,0.00000
534F4C31,33925,313662880,47188,4095,4095,0,23.04102,0.00000
534F4C31,33925,313664924,47178,4095,4095,0,23.03613,0.00000
534F4C31,33925,313666990,47189,4095,4095,0,23.04150,0.00000
534F4C31,33925,313669038,47178,4095,4095,0,23.03613,0.00000
534F4C31,33925,313671191,47190,4095,4095,0,23.04199,0.00000
534F4C31,33925,313673344,47169,4095,4095,0,23.03174,0.00000
534F4C31,33925,313675409,47160,4095,4095,0,23.02734,0.00000
534F4C31,33925,313677504,47168,4095,4095,0,23.03125,0.00000
534F4C31,33925,313679551,47157,4095,4095,0,23.02588,0.00000
534F4C31,33925,313681712,47170,4095,4095,0,23.03223,0.00000
534F4C31,33926,313683807,47184,4095,4095,0,23.03906,0.00000
534F4C31,33926,313687181,47186,4095,4095,0,23.04004,0.00000
534F4C31,33926,313689757,47173,4095,4095,0,23.03369,0.00000
534F4C31,33926,313693106,47176,4095,4095,0,23.03516,0.00000
534F4C31,33926,313695160,47162,4095,4095,0,23.02832,0.00000
534F4C31,33926,313697137,47168,4095,4095,0,23.03125,0.00000
534F4C31,33926,313699033,47165,4095,4095,0,23.02979,0.00000
534F4C31,33927,313701719,47173,4095,4095,0,23.03369,0.00000
534F4C31,33928,313706292,47178,4095,4095,0,23.03613,0.00000
534F4C31,33928,313710019,47172,4095,4095,0,23.03320,0.00000
534F4C31,33928,313713898,47173,4095,4095,0,23.03369,0.00000
534F4C31,33929,313716817,47169,4095,4095,0,23.03174,0.00000
534F4C31,33930,313719899,47174,4095,4095,0,23.03418,0.00000
534F4C31,33930,313726186,47172,4095,4095,0,23.03320,0.00000
534F4C31,33930,313729424,47169,4095,4095,0,23.03174,0.00000
534F4C31,33931,313732443,47169,4095,4095,0,23.03174,0.00000
534F4C31,33932,313736215,47178,4095,4095,0,23.03613,0.00000
534F4C31,33933,313739542,47172,4095,4095,0,23.03320,0.00000
534F4C31,33933,313745516,47185,4095,4095,0,23.03955,0.00000
534F4C31,33933,313748430,47168,4095,4095,0,23.03125,0.00000
534F4C31,33933,313751105,47185,4095,4095,0,23.03955,0.00000
534F4C31,33933,313753402,47160,4095,4095,0,23.02734,0.00000
534F4C31,33933,313755393,47176,4095,4095,0,23.03516,0.00000
534F4C31,33933,313757494,47158,4095,4095,0,23.02637,0.00000
534F4C31,33933,313759447,47192,4095,4095,0,23.04297,0.00000
534F4C31,33934,313761563,47176,4095,4095,0,23.03516,0.00000
534F4C31,33934,313765695,47192,4095,4095,0,23.04297,0.00000
534F4C31,33934,313768278,47188,4095,4095,0,23.04102,0.00000
534F4C31,33934,313771250,47178,4095,4095,0,23.03613,0.00000
534F4C31,33934,313774098,47179,4095,4095,0,23.03662,0.00000
534F4C31,33934,313776230,47163,4095,4095,0,23.02881,0.00000
534F4C31,33934,313778287,47166,4095,4095,0,23.03027,0.00000
534F4C31,33934,313780448,47160,4095,4095,0,23.02734,0.00000
534F4C31,33935,313782573,47171,4095,4095,0,23.03271,0.00000
534F4C31,33936,313785508,47155,4095,4095,0,23.02490,0.00000
534F4C31,33937,313792253,47177,4095,4095,0,23.03564,0.00000
534F4C31,33937,313795947,47190,4095,4095,0,23.04199,0.00000
534F4C31,33937,313800982,47163,4095,4095,0,23.02881,0.00000
534F4C31,33937,313803831,47157,4095,4095,0,23.02588,0.00000
534F4C31,33937,313807051,47175,4095,4095,0,23.03467,0.00000
534F4C31,33937,313809280,47170,4095,4095,0,23.03223,0.00000
534F4C31,33937,313811381,47157,4095,4095,0,23.02588,0.00000
534F4C31,33937,313813442,47167,4095,4095,0,23.03076,0.00000
534F4C31,33937,313815491,47166,4095,4095,0,23.03027,0.00000
534F4C31,33937,313817577,47176,4095,4095,0,23.03516,0.00000
534F4C31,33937,313819681,47154,4095,4095,0,23.02441,0.00000
534F4C31,33937,313821799,47188,4095,4095,0,23.04102,0.00000
534F4C31,33938,313825519,47175,4095,4095,0,23.03467,0.00000
534F4C31,33939,313830012,47186,4095,4095,0,23.04004,0.00000
534F4C31,33940,313836123,47188,4095,4095,0,23.04102,0.00000
534F4C31,33941,313839491,47159,4095,4095,0,23.02686,0.00000
534F4C31,33941,313844834,47192,4095,4095,0,23.04297,0.00000
534F4C31,33941,313847182,47181,4095,4095,0,23.03760,0.00000
534F4C31,33941,313850572,47191,4095,4095,0,23.04248,0.00000
534F4C31,33941,313852910,47185,4095,4095,0,23.03955,0.00000
534F4C31,33942,313854965,47173,4095,4095,0,23.03369,0.00000
534F4C31,33943,313861264,47172,4095,4095,0,23.03320,0.00000
534F4C31,33943,313864845,47175,4095,4095,0,23.03467,0.00000
534F4C31,33943,313867242,47180,4095,4095,0,23.03711,0.00000
534F4C31,33944,313871547,47181,4095,4095,0,23.03760,0.00000
534F4C31,33944,313874665,47162,4095,4095,0,23.02832,0.00000
534F4C31,33944,313878848,47162,4095,4095,0,23.02832,0.00000
534F4C31,33944,313882186,47180,4095,4095,0,23.03711,0.00000
534F4C31,33944,313885337,47186,4095,4095,0,23.04004,0.00000
534F4C31,33944,313887735,47174,4095,4095,0,23.03418,0.00000
534F4C31,33944,313889824,47173,4095,4095,0,23.03369,0.00000
534F4C31,33944,313891785,47189,4095,4095,0,23.04150,0.00000
534F4C31,33944,313893938,47178,4095,4095,0,23.03613,0.00000
534F4C31,33944,313896050,47192,4095,4095,0,23.04297,0.00000
534F4C31,33945,313898015,47176,4095,4095,0,23.03516,0.00000
534F4C31,33946,313902537,47162,4095,4095,0,23.02832,0.00000
534F4C31,33947,313905938,47179,4095,4095,0,23.03662,0.00000
534F4C31,33948,313912383,47174,4095,4095,0,23.03418,0.00000
534F4C31,33948,313915608,47174,4095,4095,0,23.03418,0.00000
534F4C31,33948,313920087,47186,4095,4095,0,23.04004,0.00000
534F4C31,33948,313923084,47174,4095,4095,0,23.03418,0.00000
534F4C31,33948,313925363,47182,4095,4095,0,23.03809,0.00000
534F4C31,33949,313927825,47190,4095,4095,0,23.04199,0.00000
534F4C31,33949,313931790,47169,4095,4095,0,23.03174,0.00000
534F4C31,33949,313934452,47188,4095,4095,0,23.04102,0.00000
534F4C31,33950,313936566,47181,4095,4095,0,23.03760,0.00000
534F4C31,33950,313941844,47188,4095,4095,0,23.04102,0.00000
534F4C31,33950,313944465,47174,4095,4095,0,23.03418,0.00000
534F4C31,33951,313946584,47189,4095,4095,0,23.04150,0.00000
534F4C31,33952,313952048,47181,4095,4095,0,23.03760,0.00000
534F4C31,33953,313956298,47186,4095,4095,0,23.04004,0.00000
534F4C31,33953,313961998,47173,4095,4095,0,23.03369,0.00000
534F4C31,33953,313964325,47178,4095,4095,0,23.03613,0.00000
534F4C31,33953,313967125,47189,4095,4095,0,23.04150,0.00000
534F4C31,33953,313969500,47192,4095,4095,0,23.04297,0.00000
534F4C31,33953,313971517,47181,4095,4095,0,23.03760,0.00000
534F4C31,33953,313973552,47187,4095,4095,0,23.04053,0.00000
534F4C31,33953,313975655,47183,4095,4095,0,23.03857,0.00000
534F4C31,33953,313977698,47187,4095,4095,0,23.04053,0.00000
534F4C31,33953,313979715,47176,4095,4095,0,23.03516,0.00000
534F4C31,33954,313981768,47187,4095,4095,0,23.04053,0.00000
534F4C31,33955,313986329,47174,4095,4095,0,23.03418,0.00000
534F4C31,33956,313990068,47188,4095,4095,0,23.04102,0.00000
534F4C31,33957,313996006,47168,4095,4095,0,23.03125,0.00000
534F4C31,33957,313999915,47180,4095,4095,0,23.03711,0.00000
534F4C31,33957,314002868,47162,4095,4095,0,23.02832,0.00000
534F4C31,33957,314006847,47188,4095,4095,0,23.04102,0.00000
534F4C31,33957,314008992,47189,4095,4095,0,23.04150,0.00000
534F4C31,33957,314011004,47168,4095,4095,0,23.03125,0.00000
534F4C31,33957,314014034,47162,4095,4095,0,23.02832,0.00000
534F4C31,33958,314016227,47187,4095,4095,0,23.04053,0.00000
534F4C31,33958,314020229,47180,4095,4095,0,23.03711,0.00000
534F4C31,33958,314022533,47182,4095,4095,0,23.03809,0.00000
534F4C31,33958,314024591,47188,4095,4095,0,23.04102,0.00000
534F4C31,33958,314027460,47170,4095,4095,0,23.03223,0.00000
534F4C31,33958,314030009,47185,4095,4095,0,23.03955,0.00000
534F4C31,33958,314032070,47192,4095,4095,0,23.04297,0.00000
534F4C31,33958,314034254,47183,4095,4095,0,23.03857,0.00000
534F4C31,33959,314036366,47167,4095,4095,0,23.03076,0.00000
534F4C31,33960,314040652,47172,4095,4095,0,23.03320,0.00000
534F4C31,33961,314044714,47165,4095,4095,0,23.02979,0.00000
534F4C31,33962,314049798,47161,4095,4095,0,23.02783,0.00000
534F4C31,33963,314053996,47167,4095,4095,0,23.03076,0.00000
534F4C31,33963,314058531,47164,4095,4095,0,23.02930,0.00000
534F4C31,33963,314062198,47185,4095,4095,0,23.03955,0.00000
534F4C31,33963,314064325,47162,4095,4095,0,23.02832,0.00000
534F4C31,33963,314067510,47193,4095,4095,0,23.04346,0.00000
534F4C31,33963,314069992,47171,4095,4095,0,23.03271,0.00000
534F4C31,33963,314072203,47175,4095,4095,0,23.03467,0.00000
534F4C31,33963,314075501,47199,4095,4095,0,23.04639,0.00000
534F4C31,33963,314077727,47175,4095,4095,0,23.03467,0.00000
534F4C31,33963,314079798,47162,4095,4095,0,23.02832,0.00000
534F4C31,33964,314082844,47188,4095,4095,0,23.04102,0.00000
534F4C31,33965,314087238,47171,4095,4095,0,23.03271,0.00000
534F4C31,33965,314091787,47191,4095,4095,0,23.04248,0.00000
534F4C31,33965,314095759,47179,4095,4095,0,23.03662,0.00000
534F4C31,33966,314098451,47189,4095,4095,0,23.04150,0.00000
534F4C31,33966,314102625,47166,4095,4095,0,23.03027,0.00000
534F4C31,33966,314106153,47196,4095,4095,0,23.04492,0.00000
534F4C31,33966,314108971,47174,4095,4095,0,23.03418,0.00000
534F4C31,33966,314112098,47178,4095,4095,0,23.03613,0.00000
534F4C31,33966,314114223,47162,4095,4095,0,23.02832,0.00000
534F4C31,33966,314116292,47175,4095,4095,0,23.03467,0.00000
534F4C31,33966,314118441,47164,4095,4095,0,23.02930,0.00000
534F4C31,33967,314120555,47170,4095,4095,0,23.03223,0.00000
534F4C31,33968,314125015,47172,4095,4095,0,23.03320,0.00000
534F4C31,33969,314128736,47189,4095,4095,0,23.04150,0.00000
534F4C31,33970,314132511,47170,4095,4095,0,23.03223,0.00000
534F4C31,33970,314137863,47189,4095,4095,0,23.04150,0.00000
534F4C31,33971,314141199,47189,4095,4095,0,23.04150,0.00000
534F4C31,33972,314146287,47187,4095,4095,0,23.04053,0.00000
534F4C31,33973,314150607,47189,4095,4095,0,23.04150,0.00000
534F4C31,33974,314155020,47157,4095,4095,0,23.02588,0.00000
534F4C31,33975,314159013,47151,4095,4095,0,23.02295,0.00000
534F4C31,33975,314162844,47159,4095,4095,0,23.02686,0.00000
534F4C31,33975,314167293,47179,4095,4095,0,23.03662,0.00000
534F4C31,33975,314170005,47172,4095,4095,0,23.03320,0.00000
534F4C31,33975,314172842,47196,4095,4095,0,23.04492,0.00000
534F4C31,33976,314175276,47191,4095,4095,0,23.04248,0.00000
534F4C31,33977,314179068,47173,4095,4095,0,23.03369,0.00000
534F4C31,33977,314183717,47190,4095,4095,0,23.04199,0.00000
534F4C31,33977,314185932,47168,4095,4095,0,23.03125,0.00000
534F4C31,33977,314188923,47162,4095,4095,0,23.02832,0.00000
534F4C31,33977,314192500,47158,4095,4095,0,23.02637,0.00000
534F4C31,33977,314194654,47190,4095,4095,0,23.04199,0.00000
534F4C31,33977,314196748,47180,4095,4095,0,23.03711,0.00000
534F4C31,33978,314198998,47187,4095,4095,0,23.04053,0.00000
534F4C31,33979,314204258,47170,4095,4095,0,23.03223,0.00000
534F4C31,33979,314208611,47186,4095,4095,0,23.04004,0.00000
534F4C31,33979,314212834,47172,4095,4095,0,23.03320,0.00000
534F4C31,33979,314214958,47155,4095,4095,0,23.02490,0.00000
534F4C31,33979,314216976,47172,4095,4095,0,23.03320,0.00000
534F4C31,33980,314220245,47184,4095,4095,0,23.03906,0.00000
534F4C31,33981,314224294,47188,4095,4095,0,23.04102,0.00000
534F4C31,33981,314228310,47151,4095,4095,0,23.02295,0.00000
534F4C31,33981,314232182,47160,4095,4095,0,23.02734,0.00000
534F4C31,33982,314236069,47173,4095,4095,0,23.03369,0.00000
534F4C31,33982,314240849,47174,4095,4095,0,23.03418,0.00000
534F4C31,33982,314244889,47179,4095,4095,0,23.03662,0.00000
534F4C31,33982,314247778,47178,4095,4095,0,23.03613,0.00000
534F4C31,33982,314250064,47159,4095,4095,0,23.02686,0.00000
534F4C31,33982,314252986,47172,4095,4095,0,23.03320,0.00000
534F4C31,33982,314255150,47180,4095,4095,0,23.03711,0.00000
534F4C31,33982,314257240,47188,4095,4095,0,23.04102,0.00000
534F4C31,33982,314259285,47179,4095,4095,0,23.03662,0.00000
534F4C31,33982,314261157,47188,4095,4095,0,23.04102,0.00000
534F4C31,33982,314263063,47178,4095,4095,0,23.03613,0.00000
534F4C31,33982,314265022,47187,4095,4095,0,23.04053,0.00000
534F4C31,33982,314267204,47186,4095,4095,0,23.04004,0.00000
534F4C31,33983,314269285,47163,4095,4095,0,23.02881,0.00000
534F4C31,33984,314273458,47168,4095,4095,0,23.03125,0.00000
534F4C31,33984,314277162,47178,4095,4095,0,23.03613,0.00000
534F4C31,33984,314281155,47173,4095,4095,0,23.03369,0.00000
534F4C31,33985,314284338,47184,4095,4095,0,23.03906,0.00000
534F4C31,33985,314287436,47178,4095,4095,0,23.03613,0.00000
534F4C31,33985,314292297,47165,4095,4095,0,23.02979,0.00000
534F4C31,33986,314295332,47172,4095,4095,0,23.03320,0.00000
534F4C31,33986,314298672,47180,4095,4095,0,23.03711,0.00000
534F4C31,33986,314303439,47183,4095,4095,0,23.03857,0.00000
534F4C31,33987,314306207,47171,4095,4095,0,23.03271,0.00000
534F4C31,33987,314310121,47157,4095,4095,0,23.02588,0.00000
534F4C31,33987,314313700,47160,4095,4095,0,23.02734,0.00000
534F4C31,33987,314315854,47188,4095,4095,0,23.04102,0.00000
534F4C31,33987,314319047,47171,4095,4095,0,23.03271,0.00000
534F4C31,33987,314321253,47182,4095,4095,0,23.03809,0.00000
534F4C31,33987,314323404,47192,4095,4095,0,23.04297,0.00000
534F4C31,33987,314326499,47184,4095,4095,0,23.03906,0.00000
534F4C31,33987,314328883,47174,4095,4095,0,23.03418,0.00000
534F4C31,33987,314330948,47186,4095,4095,0,23.04004,0.00000
534F4C31,33987,314333734,47179,4095,4095,0,23.03662,0.00000
534F4C31,33987,314336297,47162,4095,4095,0,23.02832,0.00000
534F4C31,33987,314338518,47192,4095,4095,0,23.04297,0.00000
534F4C31,33988,314340600,47180,4095,4095,0,23.03711,0.00000
534F4C31,33989,314343333,47188,4095,4095,0,23.04102,0.00000
534F4C31,33990,314347013,47186,4095,4095,0,23.04004,0.00000
534F4C31,33991,314352090,47192,4095,4095,0,23.04297,0.00000
534F4C31,33992,314355612,47157,4095,4095,0,23.02588,0.00000
534F4C31,33993,314360650,47158,4095,4095,0,23.02637,0.00000
534F4C31,33993,314366081,47160,4095,4095,0,23.02734,0.00000
534F4C31,33993,314369000,47173,4095,4095,0,23.03369,0.00000
534F4C31,33994,314372543,47185,4095,4095,0,23.03955,0.00000
534F4C31,33994,314376428,47162,4095,4095,0,23.02832,0.00000
534F4C31,33994,314379608,47179,4095,4095,0,23.03662,0.00000
534F4C31,33994,314381842,47191,4095,4095,0,23.04248,0.00000
534F4C31,33994,314384927,47188,4095,4095,0,23.04102,0.00000
534F4C31,33994,314387020,47174,4095,4095,0,23.03418,0.00000
534F4C31,33994,314389177,47188,4095,4095,0,23.04102,0.00000
534F4C31,33994,314391286,47181,4095,4095,0,23.03760,0.00000
534F4C31,33994,314393313,47187,4095,4095,0,23.04053,0.00000
534F4C31,33994,314395385,47180,4095,4095,0,23.03711,0.00000
534F4C31,33994,314397352,47192,4095,4095,0,23.04297,0.00000
534F4C31,33994,314399438,47175,4095,4095,0,23.03467,0.00000
534F4C31,33995,314401512,47155,4095,4095,0,23.02490,0.00000
534F4C31,33996,314405601,47171,4095,4095,0,23.03271,0.00000
534F4C31,33997,314409713,47170,4095,4095,0,23.03223,0.00000
534F4C31,33998,314415106,47164,4095,4095,0,23.02930,0.00000
534F4C31,33998,314418646,47157,4095,4095,0,23.02588,0.00000
534F4C31,33998,314423216,47157,4095,4095,0,23.02588,0.00000
534F4C31,33998,314425924,47156,4095,4095,0,23.02539,0.00000
534F4C31,33998,314428160,47193,4095,4095,0,23.04346,0.00000
534F4C31,33999,314430969,47183,4095,4095,0,23.03857,0.00000
534F4C31,34000,314435088,47165,4095,4095,0,23.02979,0.00000
534F4C31,34000,314439155,47175,4095,4095,0,23.03467,0.00000
534F4C31,34000,314444660,47182,4095,4095,0,23.03809,0.00000
534F4C31,34000,314446824,47175,4095,4095,0,23.03467,0.00000
534F4C31,34000,314449666,47167,4095,4095,0,23.03076,0.00000
534F4C31,34001,314452059,47160,4095,4095,0,23.02734,0.00000
534F4C31,34001,314456284,47172,4095,4095,0,23.03320,0.00000
534F4C31,34001,314458496,47172,4095,4095,0,23.03320,0.00000
534F4C31,34001,314460616,47176,4095,4095,0,23.03516,0.00000
534F4C31,34001,314463576,47189,4095,4095,0,23.04150,0.00000
534F4C31,34001,314465727,47177,4095,4095,0,23.03564,0.00000
534F4C31,34001,314467848,47162,4095,4095,0,23.02832,0.00000
534F4C31,34001,314469971,47166,4095,4095,0,23.03027,0.00000
534F4C31,34002,314472097,47152,4095,4095,0,23.02344,0.00000
534F4C31,34003,314476246,47176,4095,4095,0,23.03516,0.00000
534F4C31,34004,314478483,47193,4095,4095,0,23.04346,0.00000
534F4C31,34005,314486121,47168,4095,4095,0,23.03125,0.00000
534F4C31,34005,314490082,47184,4095,4095,0,23.03906,0.00000
534F4C31,34005,314495377,47168,4095,4095,0,23.03125,0.00000
534F4C31,34005,314497613,47382,4095,4095,0,23.13574,0.00000
534F4C31,34005,314500542,48448,4095,4095,0,23.65625,0.00000
534F4C31,34005,314502827,49024,4095,4095,0,23.93750,0.00000
534F4C31,34005,314504959,49151,4095,4095,0,23.99951,0.00000
534F4C31,34005,314507050,49180,4095,4095,0,24.01367,0.00000
534F4C31,34005,314509054,49215,4095,4095,0,24.03076,0.00000
534F4C31,34005,314511105,49226,4095,4095,0,24.03613,0.00000
534F4C31,34006,314513182,49238,4095,4095,0,24.04199,0.00000
534F4C31,34007,314517308,49224,4095,4095,0,24.03516,0.00000
534F4C31,34008,314521408,49221,4095,4095,0,24.03369,0.00000
534F4C31,34009,314526886,49235,4095,4095,0,24.04053,0.00000
534F4C31,34009,314530921,49245,4095,4095,0,24.04541,0.00000
534F4C31,34010,314535049,49240,4095,4095,0,24.04297,0.00000
534F4C31,34010,314537963,49208,4095,4095,0,24.02734,0.00000
534F4C31,34011,314543566,49200,4095,4095,0,24.02344,0.00000
534F4C31,34011,314548068,49216,4095,4095,0,24.03125,0.00000
534F4C31,34012,314551701,49222,4095,4095,0,24.03418,0.00000
534F4C31,34013,314554661,49232,4095,4095,0,24.03906,0.00000
534F4C31,34014,314559030,49232,4095,4095,0,24.03906,0.00000
534F4C31,34014,314563502,49225,4095,4095,0,24.03564,0.00000
534F4C31,34014,314568433,49227,4095,4095,0,24.03662,0.00000
534F4C31,34014,314570545,49210,4095,4095,0,24.02832,0.00000
534F4C31,34014,314573494,49211,4095,4095,0,24.02881,0.00000
534F4C31,34015,314575911,49237,4095,4095,0,24.04150,0.00000
534F4C31,34015,314581512,49240,4095,4095,0,24.04297,0.00000
534F4C31,34015,314584615,49207,4095,4095,0,24.02686,0.00000
534F4C31,34015,314587716,49238,4095,4095,0,24.04199,0.00000
534F4C31,34015,314589831,49224,4095,4095,0,24.03516,0.00000
534F4C31,34015,314591708,49201,4095,4095,0,24.02393,0.00000
534F4C31,34015,314593682,49226,4095,4095,0,24.03613,0.00000
534F4C31,34015,314595880,49212,4095,4095,0,24.02930,0.00000
534F4C31,34015,314598033,49221,4095,4095,0,24.03369,0.00000
534F4C31,34015,314600129,49213,4095,4095,0,24.02979,0.00000
534F4C31,34015,314602189,49219,4095,4095,0,24.03271,0.00000
534F4C31,34015,314604272,49229,4095,4095,0,24.03760,0.00000
534F4C31,34015,314606397,49232,4095,4095,0,24.03906,0.00000
534F4C31,34016,314608521,49227,4095,4095,0,24.03662,0.00000
534F4C31,34016,314612841,49241,4095,4095,0,24.04346,0.00000
534F4C31,34016,314615074,49210,4095,4095,0,24.02832,0.00000
534F4C31,34017,314617216,49222,4095,4095,0,24.03418,0.00000
534F4C31,34018,314621218,49216,4095,4095,0,24.03125,0.00000
534F4C31,34018,314624893,49232,4095,4095,0,24.03906,0.00000
534F4C31,34018,314628937,49223,4095,4095,0,24.03467,0.00000
534F4C31,34018,314631802,49208,4095,4095,0,24.02734,0.00000
534F4C31,34019,314636999,49234,4095,4095,0,24.04004,0.00000
534F4C31,34019,314640643,49228,4095,4095,0,24.03711,0.00000
534F4C31,34019,314643745,49209,4095,4095,0,24.02783,0.00000
534F4C31,34020,314647948,49203,4095,4095,0,24.02490,0.00000
534F4C31,34020,314652010,49209,4095,4095,0,24.02783,0.00000
534F4C31,34020,314654226,49208,4095,4095,0,24.02734,0.00000
534F4C31,34021,314656234,49219,4095,4095,0,24.03271,0.00000
534F4C31,34021,314661921,49216,4095,4095,0,24.03125,0.00000
534F4C31,34021,314664099,49217,4095,4095,0,24.03174,0.00000
534F4C31,34022,314666184,49214,4095,4095,0,24.03027,0.00000
534F4C31,34022,314670620,49206,4095,4095,0,24.02637,0.00000
534F4C31,34022,314674550,49213,4095,4095,0,24.02979,0.00000
534F4C31,34023,314676818,49241,4095,4095,0,24.04346,0.00000
534F4C31,34024,314681495,49225,4095,4095,0,24.03564,0.00000
534F4C31,34024,314685391,49239,4095,4095,0,24.04248,0.00000
534F4C31,34024,314688075,49223,4095,4095,0,24.03467,0.00000
534F4C31,34024,314692956,49225,4095,4095,0,24.03564,0.00000
534F4C31,34024,314695122,49222,4095,4095,0,24.03418,0.00000
534F4C31,34024,314697186,49211,4095,4095,0,24.02881,0.00000
534F4C31,34024,314699820,49220,4095,4095,0,24.03320,0.00000
534F4C31,34024,314702263,49225,4095,4095,0,24.03564,0.00000
534F4C31,34024,314704343,49209,4095,4095,0,24.02783,0.00000
534F4C31,34024,314706453,49217,4095,4095,0,24.03174,0.00000
534F4C31,34025,314708593,49213,4095,4095,0,24.02979,0.00000
534F4C31,34025,314712695,49223,4095,4095,0,24.03467,0.00000
534F4C31,34025,314715096,49235,4095,4095,0,24.04053,0.00000
534F4C31,34026,314717132,49231,4095,4095,0,24.03857,0.00000
534F4C31,34027,314722523,49238,4095,4095,0,24.04199,0.00000
534F4C31,34028,314725583,49223,4095,4095,0,24.03467,0.00000
534F4C31,34029,314730097,49207,4095,4095,0,24.02686,0.00000
534F4C31,34030,314734193,49232,4095,4095,0,24.03906,0.00000
534F4C31,34030,314739282,49223,4095,4095,0,24.03467,0.00000
534F4C31,34030,314744016,49241,4095,4095,0,24.04346,0.00000
534F4C31,34030,314746494,49236,4095,4095,0,24.04102,0.00000
534F4C31,34030,314748641,49227,4095,4095,0,24.03662,0.00000
534F4C31,34031,314751652,49209,4095,4095,0,24.02783,0.00000
534F4C31,34032,314756615,49206,4095,4095,0,24.02637,0.00000
534F4C31,34032,314758923,49213,4095,4095,0,24.02979,0.00000
534F4C31,34032,314762256,49240,4095,4095,0,24.04297,0.00000
534F4C31,34032,314767316,49221,4095,4095,0,24.03369,0.00000
534F4C31,34032,314769572,49243,4095,4095,0,24.04443,0.00000
534F4C31,34032,314771601,49221,4095,4095,0,24.03369,0.00000
534F4C31,34032,314774441,49206,4095,4095,0,24.02637,0.00000
534F4C31,34032,314776832,49218,4095,4095,0,24.03223,0.00000
534F4C31,34033,314778841,49211,4095,4095,0,24.02881,0.00000
534F4C31,34034,314783518,49226,4095,4095,0,24.03613,0.00000
534F4C31,34034,314787330,49239,4095,4095,0,24.04248,0.00000
534F4C31,34034,314791080,49227,4095,4095,0,24.03662,0.00000
534F4C31,34035,314793752,49211,4095,4095,0,24.02881,0.00000
534F4C31,34035,314798598,49224,4095,4095,0,24.03516,0.00000
534F4C31,34035,314801217,49240,4095,4095,0,24.04297,0.00000
534F4C31,34036,314804069,49217,4095,4095,0,24.03174,0.00000
534F4C31,34036,314807715,49222,4095,4095,0,24.03418,0.00000
534F4C31,34036,314811278,49227,4095,4095,0,24.03662,0.00000
534F4C31,34037,314814329,49212,4095,4095,0,24.02930,0.00000
534F4C31,34038,314817807,49237,4095,4095,0,24.04150,0.00000
534F4C31,34039,314821956,49234,4095,4095,0,24.04004,0.00000
534F4C31,34039,314827356,49209,4095,4095,0,24.02783,0.00000
534F4C31,34039,314829732,49226,4095,4095,0,24.03613,0.00000
534F4C31,34039,314832615,49201,4095,4095,0,24.02393,0.00000
534F4C31,34039,314835460,49235,4095,4095,0,24.04053,0.00000
534F4C31,34039,314837605,49234,4095,4095,0,24.04004,0.00000
534F4C31,34039,314839652,49240,4095,4095,0,24.04297,0.00000
534F4C31,34039,314841667,49230,4095,4095,0,24.03809,0.00000
534F4C31,34039,314843787,49241,4095,4095,0,24.04346,0.00000
534F4C31,34039,314845907,49231,4095,4095,0,24.03857,0.00000
534F4C31,34040,314848403,49214,4095,4095,0,24.03027,0.00000
534F4C31,34040,314852934,49224,4095,4095,0,24.03516,0.00000
534F4C31,34040,314855227,49245,4095,4095,0,24.04541,0.00000
534F4C31,34041,314857351,49232,4095,4095,0,24.03906,0.00000
534F4C31,34042,314862531,49206,4095,4095,0,24.02637,0.00000
534F4C31,34042,314867146,49226,4095,4095,0,24.03613,0.00000
534F4C31,34042,314870717,49236,4095,4095,0,24.04102,0.00000
534F4C31,34042,314873333,49228,4095,4095,0,24.03711,0.00000
534F4C31,34042,314875457,49208,4095,4095,0,24.02734,0.00000
534F4C31,34042,314878273,49223,4095,4095,0,24.03467,0.00000
534F4C31,34042,314880382,49230,4095,4095,0,24.03809,0.00000
534F4C31,34042,314882425,49239,4095,4095,0,24.04248,0.00000
534F4C31,34042,314884492,49230,4095,4095,0,24.03809,0.00000
534F4C31,34042,314886627,49244,4095,4095,0,24.04492,0.00000
534F4C31,34043,314888828,49218,4095,4095,0,24.03223,0.00000
534F4C31,34044,314892998,49205,4095,4095,0,24.02588,0.00000
534F4C31,34044,314896534,49211,4095,4095,0,24.02881,0.00000
534F4C31,34044,314899666,49210,4095,4095,0,24.02832,0.00000
534F4C31,34045,314904209,49228,4095,4095,0,24.03711,0.00000
534F4C31,34045,314907916,49208,4095,4095,0,24.02734,0.00000
534F4C31,34045,314911524,49215,4095,4095,0,24.03076,0.00000
534F4C31,34045,314914886,49208,4095,4095,0,24.02734,0.00000
534F4C31,34045,314917285,49237,4095,4095,0,24.04150,0.00000
534F4C31,34046,314919342,49235,4095,4095,0,24.04053,0.00000
534F4C31,34047,314924483,49246,4095,4095,0,24.04590,0.00000
534F4C31,34047,314927979,49232,4095,4095,0,24.03906,0.00000
534F4C31,34047,314932609,49230,4095,4095,0,24.03809,0.00000
534F4C31,34047,314934762,49222,4095,4095,0,24.03418,0.00000
534F4C31,34047,314937749,49236,4095,4095,0,24.04102,0.00000
534F4C31,34048,314939945,49222,4095,4095,0,24.03418,0.00000
534F4C31,34049,314942244,49210,4095,4095,0,24.02832,0.00000
534F4C31,34049,314947270,49215,4095,4095,0,24.03076,0.00000
534F4C31,34049,314951963,49230,4095,4095,0,24.03809,0.00000
534F4C31,34049,314954158,49232,4095,4095,0,24.03906,0.00000
534F4C31,34050,314957310,49213,4095,4095,0,24.02979,0.00000
534F4C31,34050,314961931,49211,4095,4095,0,24.02881,0.00000
534F4C31,34051,314964090,49240,4095,4095,0,24.04297,0.00000
534F4C31,34051,314967046,49240,4095,4095,0,24.04297,0.00000
534F4C31,34051,314971702,49229,4095,4095,0,24.03760,0.00000
534F4C31,34051,314973894,49226,4095,4095,0,24.03613,0.00000
534F4C31,34052,314976020,49240,4095,4095,0,24.04297,0.00000
534F4C31,34053,314981068,49244,4095,4095,0,24.04492,0.00000
534F4C31,34053,314985891,49206,4095,4095,0,24.02637,0.00000
534F4C31,34053,314988449,49212,4095,4095,0,24.02930,0.00000
534F4C31,34053,314992492,49236,4095,4095,0,24.04102,0.00000
534F4C31,34053,314995385,49240,4095,4095,0,24.04297,0.00000
534F4C31,34053,314997439,49224,4095,4095,0,24.03516,0.00000
534F4C31,34053,315000409,49212,4095,4095,0,24.02930,0.00000
534F4C31,34053,315002618,49248,4095,4095,0,24.04688,0.00000
534F4C31,34053,315004714,49229,4095,4095,0,24.03760,0.00000
534F4C31,34053,315006770,49247,4095,4095,0,24.04639,0.00000
534F4C31,34054,315008862,49233,4095,4095,0,24.03955,0.00000
534F4C31,34055,315012879,49207,4095,4095,0,24.02686,0.00000
534F4C31,34056,315017245,49225,4095,4095,0,24.03564,0.00000
534F4C31,34057,315023082,49217,4095,4095,0,24.03174,0.00000
534F4C31,34057,315026124,49221,4095,4095,0,24.03369,0.00000
534F4C31,34057,315029801,49222,4095,4095,0,24.03418,0.00000
534F4C31,34057,315033078,49223,4095,4095,0,24.03467,0.00000
534F4C31,34057,315035910,49230,4095,4095,0,24.03809,0.00000
534F4C31,34058,315038121,49245,4095,4095,0,24.04541,0.00000
534F4C31,34058,315043125,49228,4095,4095,0,24.03711,0.00000
534F4C31,34058,315045738,49239,4095,4095,0,24.04248,0.00000
534F4C31,34058,315047753,49235,4095,4095,0,24.04053,0.00000
534F4C31,34058,315050564,49245,4095,4095,0,24.04541,0.00000
534F4C31,34058,315053297,49237,4095,4095,0,24.04150,0.00000
534F4C31,34058,315055511,49230,4095,4095,0,24.03809,0.00000
534F4C31,34058,315057720,49239,4095,4095,0,24.04248,0.00000
534F4C31,34059,315059814,49217,4095,4095,0,24.03174,0.00000
534F4C31,34060,315064669,49228,4095,4095,0,24.03711,0.00000
534F4C31,34061,315068732,49220,4095,4095,0,24.03320,0.00000
534F4C31,34061,315073830,49233,4095,4095,0,24.03955,0.00000
534F4C31,34061,315076063,49221,4095,4095,0,24.03369,0.00000
534F4C31,34061,315079266,49224,4095,4095,0,24.03516,0.00000
534F4C31,34061,315081168,49211,4095,4095,0,24.02881,0.00000
534F4C31,34061,315083092,49216,4095,4095,0,24.03125,0.00000
534F4C31,34062,315085225,49210,4095,4095,0,24.02832,0.00000
534F4C31,34063,315089123,49221,4095,4095,0,24.03369,0.00000
534F4C31,34064,315093717,49239,4095,4095,0,24.04248,0.00000
534F4C31,34065,315099938,49221,4095,4095,0,24.03369,0.00000
534F4C31,34065,315103612,49230,4095,4095,0,24.03809,0.00000
534F4C31,34066,315106702,49233,4095,4095,0,24.03955,0.00000
534F4C31,34067,315110745,49229,4095,4095,0,24.03760,0.00000
534F4C31,34067,315116431,49219,4095,4095,0,24.03271,0.00000
534F4C31,34067,315119921,49238,4095,4095,0,24.04199,0.00000
534F4C31,34067,315122181,49212,4095,4095,0,24.02930,0.00000
534F4C31,34067,315124845,49206,4095,4095,0,24.02637,0.00000
534F4C31,34067,315127789,49232,4095,4095,0,24.03906,0.00000
534F4C31,34067,315129850,49219,4095,4095,0,24.03271,0.00000
534F4C31,34067,315131863,49209,4095,4095,0,24.02783,0.00000
534F4C31,34067,315133939,49223,4095,4095,0,24.03467,0.00000
534F4C31,34067,315136059,49201,4095,4095,0,24.02393,0.00000
534F4C31,34067,315138174,49245,4095,4095,0,24.04541,0.00000
534F4C31,34067,315140266,49228,4095,4095,0,24.03711,0.00000
534F4C31,34068,315142260,49246,4095,4095,0,24.04590,0.00000
534F4C31,34069,315146154,49225,4095,4095,0,24.03564,0.00000
534F4C31,34070,315149404,49232,4095,4095,0,24.03906,0.00000
534F4C31,34071,315155714,49226,4095,4095,0,24.03613,0.00000
534F4C31,34071,315159498,49245,4095,4095,0,24.04541,0.00000
534F4C31,34071,315164554,49229,4095,4095,0,24.03760,0.00000
534F4C31,34071,315166634,49211,4095,4095,0,24.02881,0.00000
534F4C31,34071,315169325,49224,4095,4095,0,24.03516,0.00000
534F4C31,34072,315171789,49236,4095,4095,0,24.04102,0.00000
534F4C31,34072,315175464,49238,4095,4095,0,24.04199,0.00000
534F4C31,34072,315179100,49207,4095,4095,0,24.02686,0.00000
534F4C31,34072,315181226,49236,4095,4095,0,24.04102,0.00000
534F4C31,34072,315184136,49233,4095,4095,0,24.03955,0.00000
534F4C31,34072,315186350,49206,4095,4095,0,24.02637,0.00000
534F4C31,34072,315188351,49224,4095,4095,0,24.03516,0.00000
534F4C31,34072,315190381,49215,4095,4095,0,24.03076,0.00000
534F4C31,34072,315192367,49217,4095,4095,0,24.03174,0.00000
534F4C31,34072,315194519,49202,4095,4095,0,24.02441,0.00000
534F4C31,34072,315196636,49239,4095,4095,0,24.04248,0.00000
534F4C31,34073,315198675,49231,4095,4095,0,24.03857,0.00000
534F4C31,34074,315203895,49209,4095,4095,0,24.02783,0.00000
534F4C31,34075,315207929,49223,4095,4095,0,24.03467,0.00000
534F4C31,34076,315213388,49238,4095,4095,0,24.04199,0.00000
534F4C31,34076,315218961,49241,4095,4095,0,24.04346,0.00000
534F4C31,34076,315222256,49212,4095,4095,0,24.02930,0.00000
534F4C31,34076,315225090,49240,4095,4095,0,24.04297,0.00000
534F4C31,34076,315227819,49225,4095,4095,0,24.03564,0.00000
534F4C31,34077,315230315,49230,4095,4095,0,24.03809,0.00000
534F4C31,34078,315234809,49221,4095,4095,0,24.03369,0.00000
534F4C31,34078,315237774,49215,4095,4095,0,24.03076,0.00000
534F4C31,34078,315243002,49208,4095,4095,0,24.02734,0.00000
534F4C31,34078,315245267,49229,4095,4095,0,24.03760,0.00000
534F4C31,34078,315247975,49242,4095,4095,0,24.04395,0.00000
534F4C31,34078,315250655,49218,4095,4095,0,24.03223,0.00000
534F4C31,34078,315252935,49232,4095,4095,0,24.03906,0.00000
534F4C31,34078,315255038,49239,4095,4095,0,24.04248,0.00000
534F4C31,34078,315257135,49227,4095,4095,0,24.03662,0.00000
534F4C31,34079,315259649,49240,4095,4095,0,24.04297,0.00000
534F4C31,34080,315264747,49226,4095,4095,0,24.03613,0.00000
534F4C31,34081,315269344,49228,4095,4095,0,24.03711,0.00000
534F4C31,34082,315274161,49223,4095,4095,0,24.03467,0.00000
534F4C31,34082,315278292,49240,4095,4095,0,24.04297,0.00000
534F4C31,34083,315282239,49223,4095,4095,0,24.03467,0.00000
534F4C31,34084,315285425,49232,4095,4095,0,24.03906,0.00000
534F4C31,34084,315288746,49228,4095,4095,0,24.03711,0.00000
534F4C31,34084,315292400,49224,4095,4095,0,24.03516,0.00000
534F4C31,34084,315294650,49209,4095,4095,0,24.02783,0.00000
534F4C31,34085,315299043,49226,4095,4095,0,24.03613,0.00000
534F4C31,34085,315302660,49241,4095,4095,0,24.04346,0.00000
534F4C31,34085,315305319,49224,4095,4095,0,24.03516,0.00000
534F4C31,34086,315308951,49229,4095,4095,0,24.03760,0.00000
534F4C31,34086,315312494,49233,4095,4095,0,24.03955,0.00000
534F4C31,34086,315316803,49228,4095,4095,0,24.03711,0.00000
534F4C31,34086,315319724,49227,4095,4095,0,24.03662,0.00000
534F4C31,34086,315321963,49214,4095,4095,0,24.03027,0.00000
534F4C31,34087,315324751,49217,4095,4095,0,24.03174,0.00000
534F4C31,34088,315327783,49234,4095,4095,0,24.04004,0.00000
534F4C31,34088,315332283,49223,4095,4095,0,24.03467,0.00000
534F4C31,34088,315334626,49236,4095,4095,0,24.04102,0.00000
534F4C31,34089,315338068,49238,4095,4095,0,24.04199,0.00000
534F4C31,34090,315342642,49217,4095,4095,0,24.03174,0.00000
534F4C31,34091,315347442,49237,4095,4095,0,24.04150,0.00000
534F4C31,34091,315351546,49214,4095,4095,0,24.03027,0.00000
534F4C31,34091,315354395,49223,4095,4095,0,24.03467,0.00000
534F4C31,34092,315357272,49239,4095,4095,0,24.04248,0.00000
534F4C31,34093,315361285,49206,4095,4095,0,24.02637,0.00000
534F4C31,34094,315365624,49209,4095,4095,0,24.02783,0.00000
534F4C31,34094,315371224,49239,4095,4095,0,24.04248,0.00000
534F4C31,34094,315374571,49234,4095,4095,0,24.04004,0.00000
534F4C31,34095,315377600,49228,4095,4095,0,24.03711,0.00000
534F4C31,34096,315381145,49239,4095,4095,0,24.04248,0.00000
534F4C31,34096,315387305,49225,4095,4095,0,24.03564,0.00000
534F4C31,34096,315390163,49227,4095,4095,0,24.03662,0.00000
534F4C31,34097,315393512,49237,4095,4095,0,24.04150,0.00000
534F4C31,34097,315398147,49209,4095,4095,0,24.02783,0.00000
534F4C31,34097,315400251,49211,4095,4095,0,24.02881,0.00000
534F4C31,34098,315403440,49207,4095,4095,0,24.02686,0.00000
534F4C31,34099,315407238,49224,4095,4095,0,24.03516,0.00000
534F4C31,34100,315410535,49222,4095,4095,0,24.03418,0.00000
534F4C31,34101,315416718,49224,4095,4095,0,24.03516,0.00000
534F4C31,34101,315420420,49209,4095,4095,0,24.02783,0.00000
534F4C31,34101,315425135,49205,4095,4095,0,24.02588,0.00000
534F4C31,34101,315427344,49205,4095,4095,0,24.02588,0.00000
534F4C31,34101,315429359,49223,4095,4095,0,24.03467,0.00000
534F4C31,34101,315432428,49228,4095,4095,0,24.03711,0.00000
534F4C31,34101,315434565,49216,4095,4095,0,24.03125,0.00000
534F4C31,34101,315436587,49227,4095,4095,0,24.03662,0.00000
534F4C31,34102,315438650,49206,4095,4095,0,24.02637,0.00000
534F4C31,34103,315442395,49222,4095,4095,0,24.03418,0.00000
534F4C31,34104,315446444,49225,4095,4095,0,24.03564,0.00000
534F4C31,34104,315452629,49234,4095,4095,0,24.04004,0.00000
534F4C31,34104,315455547,49209,4095,4095,0,24.02783,0.00000
534F4C31,34104,315457650,49239,4095,4095,0,24.04248,0.00000
534F4C31,34104,315461093,49237,4095,4095,0,24.04150,0.00000
534F4C31,34104,315463616,49229,4095,4095,0,24.03760,0.00000
534F4C31,34104,315465791,49215,4095,4095,0,24.03076,0.00000
534F4C31,34105,315467959,49215,4095,4095,0,24.03076,0.00000
534F4C31,34106,315472188,49214,4095,4095,0,24.03027,0.00000
534F4C31,34106,315475985,49229,4095,4095,0,24.03760,0.00000
534F4C31,34106,315480887,49220,4095,4095,0,24.03320,0.00000
534F4C31,34107,315483519,49224,4095,4095,0,24.03516,0.00000
534F4C31,34107,315486858,49228,4095,4095,0,24.03711,0.00000
534F4C31,34107,315490372,49223,4095,4095,0,24.03467,0.00000
534F4C31,34107,315493016,49213,4095,4095,0,24.02979,0.00000
534F4C31,34107,315495179,49222,4095,4095,0,24.03418,0.00000
534F4C31,34108,315497294,49203,4095,4095,0,24.02490,0.00000
534F4C31,34109,315501226,49237,4095,4095,0,24.04150,0.00000
534F4C31,34109,315504713,49242,4095,4095,0,24.04395,0.00000
534F4C31,34109,315507650,49219,4095,4095,0,24.03271,0.00000
534F4C31,34109,315509969,49232,4095,4095,0,24.03906,0.00000
534F4C31,34109,315512711,49224,4095,4095,0,24.03516,0.00000
534F4C31,34109,315514805,49218,4095,4095,0,24.03223,0.00000
534F4C31,34109,315516820,49212,4095,4095,0,24.02930,0.00000
534F4C31,34109,315518932,49240,4095,4095,0,24.04297,0.00000
534F4C31,34109,315520888,49229,4095,4095,0,24.03760,0.00000
534F4C31,34109,315522701,49238,4095,4095,0,24.04199,0.00000
534F4C31,34109,315524711,49211,4095,4095,0,24.02881,0.00000
534F4C31,34109,315526806,49235,4095,4095,0,24.04053,0.00000
534F4C31,34109,315528904,49224,4095,4095,0,24.03516,0.00000
534F4C31,34109,315531002,49241,4095,4095,0,24.04346,0.00000
534F4C31,34109,315533097,49229,4095,4095,0,24.03760,0.00000
534F4C31,34109,315535195,49238,4095,4095,0,24.04199,0.00000
534F4C31,34109,315537340,49223,4095,4095,0,24.03467,0.00000
534F4C31,34110,315539456,49215,4095,4095,0,24.03076,0.00000
534F4C31,34111,315542664,49224,4095,4095,0,24.03516,0.00000
534F4C31,34111,315546254,49223,4095,4095,0,24.03467,0.00000
534F4C31,34111,315549068,49227,4095,4095,0,24.03662,0.00000
534F4C31,34112,315551286,49211,4095,4095,0,24.02881,0.00000
534F4C31,34113,315555233,49226,4095,4095,0,24.03613,0.00000
534F4C31,34114,315558608,49235,4095,4095,0,24.04053,0.00000
534F4C31,34115,315562648,49240,4095,4095,0,24.04297,0.00000
534F4C31,34116,315566646,49246,4095,4095,0,24.04590,0.00000
534F4C31,34117,315570818,49212,4095,4095,0,24.02930,0.00000
534F4C31,34118,315574835,49205,4095,4095,0,24.02588,0.00000
534F4C31,34119,315579190,49208,4095,4095,0,24.02734,0.00000
534F4C31,34119,315583679,49228,4095,4095,0,24.03711,0.00000
534F4C31,34120,315585957,49212,4095,4095,0,24.02930,0.00000
534F4C31,34121,315588783,49241,4095,4095,0,24.04346,0.00000
534F4C31,34122,315593322,49222,4095,4095,0,24.03418,0.00000
534F4C31,34123,315597505,49218,4095,4095,0,24.03223,0.00000
534F4C31,34124,315602255,49221,4095,4095,0,24.03369,0.00000
534F4C31,34125,315606246,49210,4095,4095,0,24.02832,0.00000
534F4C31,34126,315610733,49225,4095,4095,0,24.03564,0.00000
534F4C31,34127,315614928,49207,4095,4095,0,24.02686,0.00000
534F4C31,34128,315620483,49239,4095,4095,0,24.04248,0.00000
534F4C31,34129,315628367,49233,4095,4095,0,24.03955,0.00000
534F4C31,34130,315632816,49228,4095,4095,0,24.03711,0.00000
534F4C31,34131,315636317,49217,4095,4095,0,24.03174,0.00000
534F4C31,34132,315640096,49223,4095,4095,0,24.03467,0.00000
534F4C31,34132,315644134,49241,4095,4095,0,24.04346,0.00000
534F4C31,34132,315648084,49221,4095,4095,0,24.03369,0.00000
534F4C31,34133,315650680,49218,4095,4095,0,24.03223,0.00000
534F4C31,34134,315653991,49231,4095,4095,0,24.03857,0.00000
534F4C31,34135,315660189,49219,4095,4095,0,24.03271,0.00000
534F4C31,34135,315664259,49212,4095,4095,0,24.02930,0.00000
534F4C31,34136,315666809,49218,4095,4095,0,24.03223,0.00000
534F4C31,34137,315671333,49225,4095,4095,0,24.03564,0.00000
534F4C31,34138,315676762,49242,4095,4095,0,24.04395,0.00000
534F4C31,34139,315682523,51016,4095,4095,0,24.91016,0.00000
534F4C31,34139,315687917,51250,4095,4095,0,25.02441,0.00000
534F4C31,34139,315690899,51254,4095,4095,0,25.02637,0.00000
534F4C31,34139,315693447,51265,4095,4095,0,25.03174,0.00000
534F4C31,34139,315695600,51248,4095,4095,0,25.02344,0.00000
534F4C31,34139,315697602,51289,4095,4095,0,25.04346,0.00000
534F4C31,34139,315699697,51281,4095,4095,0,25.03955,0.00000
534F4C31,34139,315701793,51288,4095,4095,0,25.04297,0.00000
534F4C31,34139,315703809,51275,4095,4095,0,25.03662,0.00000
534F4C31,34139,315705917,51291,4095,4095,0,25.04443,0.00000
534F4C31,34139,315707901,51278,4095,4095,0,25.03809,0.00000
534F4C31,34139,315709953,51288,4095,4095,0,25.04297,0.00000
534F4C31,34139,315711982,51269,4095,4095,0,25.03369,0.00000
534F4C31,34139,315714156,51259,4095,4095,0,25.02881,0.00000
534F4C31,34139,315716244,51271,4095,4095,0,25.03467,0.00000
534F4C31,34139,315718380,51256,4095,4095,0,25.02734,0.00000
534F4C31,34140,315720531,51268,4095,4095,0,25.03320,0.00000
534F4C31,34140,315724490,51257,4095,4095,0,25.02783,0.00000
534F4C31,34140,315726785,51269,4095,4095,0,25.03369,0.00000
534F4C31,34140,315728699,51289,4095,4095,0,25.04346,0.00000
534F4C31,34140,315732068,51277,4095,4095,0,25.03760,0.00000
534F4C31,34140,315734404,51282,4095,4095,0,25.04004,0.00000
534F4C31,34140,315736421,51287,4095,4095,0,25.04248,0.00000
534F4C31,34140,315738519,51275,4095,4095,0,25.03662,0.00000
534F4C31,34140,315740570,51287,4095,4095,0,25.04248,0.00000
534F4C31,34140,315742663,51289,4095,4095,0,25.04346,0.00000
534F4C31,34140,315744726,51282,4095,4095,0,25.04004,0.00000
534F4C31,34140,315746855,51277,4095,4095,0,25.03760,0.00000
534F4C31,34141,315749089,51258,4095,4095,0,25.02832,0.00000
534F4C31,34142,315753315,51300,4095,4095,0,25.04883,0.00000
534F4C31,34142,315756906,51284,4095,4095,0,25.04102,0.00000
534F4C31,34142,315760318,51266,4095,4095,0,25.03223,0.00000
534F4C31,34142,315762846,51276,4095,4095,0,25.03711,0.00000
534F4C31,34142,315765003,51252,4095,4095,0,25.02539,0.00000
534F4C31,34142,315769148,51275,4095,4095,0,25.03662,0.00000
534F4C31,34142,315771753,51285,4095,4095,0,25.04150,0.00000
534F4C31,34142,315773745,51269,4095,4095,0,25.03369,0.00000
534F4C31,34142,315776658,51256,4095,4095,0,25.02734,0.00000
534F4C31,34142,315778804,51269,4095,4095,0,25.03369,0.00000
534F4C31,34142,315780889,51258,4095,4095,0,25.02832,0.00000
534F4C31,34143,315783107,51292,4095,4095,0,25.04492,0.00000
534F4C31,34144,315786367,51272,4095,4095,0,25.03516,0.00000
534F4C31,34145,315789866,51277,4095,4095,0,25.03760,0.00000
534F4C31,34145,315793823,51259,4095,4095,0,25.02881,0.00000
534F4C31,34145,315795934,51257,4095,4095,0,25.02783,0.00000
534F4C31,34145,315798765,51285,4095,4095,0,25.04150,0.00000
534F4C31,34145,315801471,51277,4095,4095,0,25.03760,0.00000
534F4C31,34146,315803540,51256,4095,4095,0,25.02734,0.00000
534F4C31,34146,315806834,51273,4095,4095,0,25.03564,0.00000
534F4C31,34146,315809806,51271,4095,4095,0,25.03467,0.00000
534F4C31,34146,315812722,51273,4095,4095,0,25.03564,0.00000
534F4C31,34146,315814924,51288,4095,4095,0,25.04297,0.00000
534F4C31,34147,315817100,51273,4095,4095,0,25.03564,0.00000
534F4C31,34148,315820081,51258,4095,4095,0,25.02832,0.00000
534F4C31,34148,315825778,51270,4095,4095,0,25.03418,0.00000
534F4C31,34149,315828063,51282,4095,4095,0,25.04004,0.00000
534F4C31,34149,315831319,51285,4095,4095,0,25.04150,0.00000
534F4C31,34149,315834529,51285,4095,4095,0,25.04150,0.00000
534F4C31,34149,315836658,51274,4095,4095,0,25.03613,0.00000
534F4C31,34149,315838818,51253,4095,4095,0,25.02588,0.00000
534F4C31,34149,315840927,51265,4095,4095,0,25.03174,0.00000
534F4C31,34149,315843634,51275,4095,4095,0,25.03662,0.00000
534F4C31,34149,315845705,51287,4095,4095,0,25.04248,0.00000
534F4C31,34150,315847813,51279,4095,4095,0,25.03857,0.00000
534F4C31,34151,315851005,51290,4095,4095,0,25.04395,0.00000
534F4C31,34151,315854236,51287,4095,4095,0,25.04248,0.00000
534F4C31,34151,315858343,51295,4095,4095,0,25.04639,0.00000
534F4C31,34151,315860414,51270,4095,4095,0,25.03418,0.00000
534F4C31,34151,315863053,51258,4095,4095,0,25.02832,0.00000
534F4C31,34151,315865177,51289,4095,4095,0,25.04346,0.00000
534F4C31,34151,315867199,51276,4095,4095,0,25.03711,0.00000
534F4C31,34151,315869261,51288,4095,4095,0,25.04297,0.00000
534F4C31,34151,315871421,51269,4095,4095,0,25.03369,0.00000
534F4C31,34151,315873957,51259,4095,4095,0,25.02881,0.00000
534F4C31,34151,315876080,51262,4095,4095,0,25.03027,0.00000
534F4C31,34151,315878233,51267,4095,4095,0,25.03271,0.00000
534F4C31,34151,315880317,51287,4095,4095,0,25.04248,0.00000
534F4C31,34151,315882336,51277,4095,4095,0,25.03760,0.00000
534F4C31,34151,315884434,51291,4095,4095,0,25.04443,0.00000
534F4C31,34151,315886537,51278,4095,4095,0,25.03809,0.00000
534F4C31,34151,315888555,51289,4095,4095,0,25.04346,0.00000
534F4C31,34151,315890484,51271,4095,4095,0,25.03467,0.00000
534F4C31,34152,315892589,51257,4095,4095,0,25.02783,0.00000
534F4C31,34153,315895454,51270,4095,4095,0,25.03418,0.00000
534F4C31,34153,315899777,51271,4095,4095,0,25.03467,0.00000
534F4C31,34153,315901981,51274,4095,4095,0,25.03613,0.00000
534F4C31,34154,315904765,51288,4095,4095,0,25.04297,0.00000
534F4C31,34155,315908347,51272,4095,4095,0,25.03516,0.00000
534F4C31,34156,315912822,51256,4095,4095,0,25.02734,0.00000
534F4C31,34157,315916745,51250,4095,4095,0,25.02441,0.00000
534F4C31,34158,315922895,51258,4095,4095,0,25.02832,0.00000
534F4C31,34159,315933017,51266,4095,4095,0,25.03223,0.00000
534F4C31,34160,315939644,51258,4095,4095,0,25.02832,0.00000
534F4C31,34160,315945466,51290,4095,4095,0,25.04395,0.00000
534F4C31,34160,315947810,51261,4095,4095,0,25.02979,0.00000
534F4C31,34161,315949847,51270,4095,4095,0,25.03418,0.00000
534F4C31,34161,315954238,51258,4095,4095,0,25.02832,0.00000
534F4C31,34161,315956544,51279,4095,4095,0,25.03857,0.00000
534F4C31,34161,315959420,51259,4095,4095,0,25.02881,0.00000
534F4C31,34161,315962409,51287,4095,4095,0,25.04248,0.00000
534F4C31,34161,315964980,51278,4095,4095,0,25.03809,0.00000
534F4C31,34161,315967213,51253,4095,4095,0,25.02588,0.00000
534F4C31,34161,315969144,51268,4095,4095,0,25.03320,0.00000
534F4C31,34162,315971039,51262,4095,4095,0,25.03027,0.00000
534F4C31,34163,315975576,51269,4095,4095,0,25.03369,0.00000
534F4C31,34163,315978828,51282,4095,4095,0,25.04004,0.00000
534F4C31,34163,315982400,51289,4095,4095,0,25.04346,0.00000
534F4C31,34164,315986585,51256,4095,4095,0,25.02734,0.00000
534F4C31,34164,315990267,51286,4095,4095,0,25.04199,0.00000
534F4C31,34164,315993862,51265,4095,4095,0,25.03174,0.00000
534F4C31,34165,315997927,51288,4095,4095,0,25.04297,0.00000
534F4C31,34165,316001137,51266,4095,4095,0,25.03223,0.00000
534F4C31,34165,316004823,51266,4095,4095,0,25.03223,0.00000
534F4C31,34165,316008224,51266,4095,4095,0,25.03223,0.00000
534F4C31,34165,316010917,51271,4095,4095,0,25.03467,0.00000
534F4C31,34166,316013717,51255,4095,4095,0,25.02686,0.00000
534F4C31,34166,316017053,51267,4095,4095,0,25.03271,0.00000
534F4C31,34166,316020502,51289,4095,4095,0,25.04346,0.00000
534F4C31,34167,316023451,51278,4095,4095,0,25.03809,0.00000
534F4C31,34167,316027716,51285,4095,4095,0,25.04150,0.00000
534F4C31,34167,316030280,51270,4095,4095,0,25.03418,0.00000
534F4C31,34167,316032295,51290,4095,4095,0,25.04395,0.00000
534F4C31,34167,316035203,51279,4095,4095,0,25.03857,0.00000
534F4C31,34167,316037583,51278,4095,4095,0,25.03809,0.00000
534F4C31,34167,316039621,51284,4095,4095,0,25.04102,0.00000
534F4C31,34167,316041703,51271,4095,4095,0,25.03467,0.00000
534F4C31,34167,316043733,51287,4095,4095,0,25.04248,0.00000
534F4C31,34167,316045845,51286,4095,4095,0,25.04199,0.00000
534F4C31,34167,316047933,51258,4095,4095,0,25.02832,0.00000
534F4C31,34167,316050087,51262,4095,4095,0,25.03027,0.00000
534F4C31,34167,316052172,51258,4095,4095,0,25.02832,0.00000
534F4C31,34167,316054233,51264,4095,4095,0,25.03125,0.00000
534F4C31,34168,316056324,51257,4095,4095,0,25.02783,0.00000
534F4C31,34168,316060390,51268,4095,4095,0,25.03320,0.00000
534F4C31,34168,316063913,51292,4095,4095,0,25.04492,0.00000
534F4C31,34168,316066720,51268,4095,4095,0,25.03320,0.00000
534F4C31,34168,316068917,51278,4095,4095,0,25.03809,0.00000
534F4C31,34169,316071795,51260,4095,4095,0,25.02930,0.00000
534F4C31,34169,316075315,51267,4095,4095,0,25.03271,0.00000
534F4C31,34169,316077706,51266,4095,4095,0,25.03223,0.00000
534F4C31,34169,316079833,51259,4095,4095,0,25.02881,0.00000
534F4C31,34169,316082530,51268,4095,4095,0,25.03320,0.00000
534F4C31,34169,316084826,51277,4095,4095,0,25.03760,0.00000
534F4C31,34169,316086910,51256,4095,4095,0,25.02734,0.00000
534F4C31,34169,316088951,51268,4095,4095,0,25.03320,0.00000
534F4C31,34169,316091014,51254,4095,4095,0,25.02637,0.00000
534F4C31,34169,316093277,51274,4095,4095,0,25.03613,0.00000
534F4C31,34170,316095476,51254,4095,4095,0,25.02637,0.00000
534F4C31,34170,316098351,51269,4095,4095,0,25.03369,0.00000
534F4C31,34170,316101039,51268,4095,4095,0,25.03320,0.00000
534F4C31,34170,316103104,51264,4095,4095,0,25.03125,0.00000
534F4C31,34170,316105177,51271,4095,4095,0,25.03467,0.00000
534F4C31,34170,316107822,51272,4095,4095,0,25.03516,0.00000
534F4C31,34170,316109876,51288,4095,4095,0,25.04297,0.00000
534F4C31,34170,316111983,51269,4095,4095,0,25.03369,0.00000
534F4C31,34170,316114079,51255,4095,4095,0,25.02686,0.00000
534F4C31,34170,316116248,51269,4095,4095,0,25.03369,0.00000
534F4C31,34171,316118412,51256,4095,4095,0,25.02734,0.00000
534F4C31,34172,316121667,51278,4095,4095,0,25.03809,0.00000
534F4C31,34173,316126506,51292,4095,4095,0,25.04492,0.00000
534F4C31,34174,316130758,51258,4095,4095,0,25.02832,0.00000
534F4C31,34175,316134259,51290,4095,4095,0,25.04395,0.00000
534F4C31,34176,316137904,51253,4095,4095,0,25.02588,0.00000
534F4C31,34177,316141027,51285,4095,4095,0,25.04150,0.00000
534F4C31,34178,316146876,51273,4095,4095,0,25.03564,0.00000
534F4C31,34179,316150268,51260,4095,4095,0,25.02930,0.00000
534F4C31,34180,316154066,51278,4095,4095,0,25.03809,0.00000
534F4C31,34181,316158125,51259,4095,4095,0,25.02881,0.00000
534F4C31,34182,316162452,51280,4095,4095,0,25.03906,0.00000
534F4C31,34183,316167894,51275,4095,4095,0,25.03662,0.00000
534F4C31,34184,316171605,51269,4095,4095,0,25.03369,0.00000
534F4C31,34185,316175496,51281,4095,4095,0,25.03955,0.00000
534F4C31,34186,316182410,51289,4095,4095,0,25.04346,0.00000
534F4C31,34186,316185787,51255,4095,4095,0,25.02686,0.00000
534F4C31,34187,316191562,51284,4095,4095,0,25.04102,0.00000
534F4C31,34188,316197287,51264,4095,4095,0,25.03125,0.00000
534F4C31,34189,316204209,51259,4095,4095,0,25.02881,0.00000
534F4C31,34190,316212511,51289,4095,4095,0,25.04346,0.00000
534F4C31,34190,316216622,51286,4095,4095,0,25.04199,0.00000
534F4C31,34190,316219823,51254,4095,4095,0,25.02637,0.00000
534F4C31,34190,316223646,51257,4095,4095,0,25.02783,0.00000
534F4C31,34190,316225740,51291,4095,4095,0,25.04443,0.00000
534F4C31,34190,316228428,51272,4095,4095,0,25.03516,0.00000
534F4C31,34191,316230838,51246,4095,4095,0,25.02246,0.00000
534F4C31,34191,316235532,51253,4095,4095,0,25.02588,0.00000
534F4C31,34191,316237638,51288,4095,4095,0,25.04297,0.00000
534F4C31,34191,316239679,51278,4095,4095,0,25.03809,0.00000
534F4C31,34191,316242621,51286,4095,4095,0,25.04199,0.00000
534F4C31,34192,316245011,51273,4095,4095,0,25.03564,0.00000
534F4C31,34192,316249376,51292,4095,4095,0,25.04492,0.00000
534F4C31,34192,316251528,51270,4095,4095,0,25.03418,0.00000
534F4C31,34192,316254363,51283,4095,4095,0,25.04053,0.00000
534F4C31,34192,316256948,51288,4095,4095,0,25.04297,0.00000
534F4C31,34192,316259007,51278,4095,4095,0,25.03809,0.00000
534F4C31,34192,316261074,51283,4095,4095,0,25.04053,0.00000
534F4C31,34192,316263207,51271,4095,4095,0,25.03467,0.00000
534F4C31,34192,316265218,51287,4095,4095,0,25.04248,0.00000
534F4C31,34192,316267289,51278,4095,4095,0,25.03809,0.00000
534F4C31,34192,316269321,51285,4095,4095,0,25.04150,0.00000
534F4C31,34192,316271395,51269,4095,4095,0,25.03369,0.00000
534F4C31,34192,316273442,51269,4095,4095,0,25.03369,0.00000
534F4C31,34192,316275571,51269,4095,4095,0,25.03369,0.00000
534F4C31,34193,316277652,51254,4095,4095,0,25.02637,0.00000
534F4C31,34193,316282189,51281,4095,4095,0,25.03955,0.00000
534F4C31,34193,316284392,51285,4095,4095,0,25.04150,0.00000
534F4C31,34194,316287158,51271,4095,4095,0,25.03467,0.00000
534F4C31,34195,316292362,51248,4095,4095,0,25.02344,0.00000
534F4C31,34195,316296662,51272,4095,4095,0,25.03516,0.00000
534F4C31,34195,316300319,51269,4095,4095,0,25.03369,0.00000
534F4C31,34195,316303107,51271,4095,4095,0,25.03467,0.00000
534F4C31,34195,316305347,51277,4095,4095,0,25.03760,0.00000
534F4C31,34196,316308380,51258,4095,4095,0,25.02832,0.00000
534F4C31,34197,316312278,51272,4095,4095,0,25.03516,0.00000
534F4C31,34198,316317196,51288,4095,4095,0,25.04297,0.00000
534F4C31,34198,316322309,51288,4095,4095,0,25.04297,0.00000
534F4C31,34198,316325378,51279,4095,4095,0,25.03857,0.00000
534F4C31,34198,316328629,51285,4095,4095,0,25.04150,0.00000
534F4C31,34198,316331064,51288,4095,4095,0,25.04297,0.00000
534F4C31,34198,316333104,51275,4095,4095,0,25.03662,0.00000
534F4C31,34198,316335193,51284,4095,4095,0,25.04102,0.00000
534F4C31,34198,316337174,51275,4095,4095,0,25.03662,0.00000
534F4C31,34198,316339256,51285,4095,4095,0,25.04150,0.00000
534F4C31,34199,316341325,51268,4095,4095,0,25.03320,0.00000
534F4C31,34199,316343642,51264,4095,4095,0,25.03125,0.00000
534F4C31,34199,316347344,51286,4095,4095,0,25.04199,0.00000
534F4C31,34200,316349532,51264,4095,4095,0,25.03125,0.00000
534F4C31,34200,316351842,51262,4095,4095,0,25.03027,0.00000
534F4C31,34200,316355640,51265,4095,4095,0,25.03174,0.00000
534F4C31,34200,316357735,51285,4095,4095,0,25.04150,0.00000
534F4C31,34200,316359812,51279,4095,4095,0,25.03857,0.00000
534F4C31,34201,316362659,51280,4095,4095,0,25.03906,0.00000
534F4C31,34202,316366284,51264,4095,4095,0,25.03125,0.00000
534F4C31,34202,316370191,51281,4095,4095,0,25.03955,0.00000
534F4C31,34202,316372532,51263,4095,4095,0,25.03076,0.00000
534F4C31,34202,316374578,51262,4095,4095,0,25.03027,0.00000
534F4C31,34202,316377348,51272,4095,4095,0,25.03516,0.00000
534F4C31,34202,316379450,51279,4095,4095,0,25.03857,0.00000
534F4C31,34202,316381538,51286,4095,4095,0,25.04199,0.00000
534F4C31,34203,316383644,51282,4095,4095,0,25.04004,0.00000
534F4C31,34204,316388750,51259,4095,4095,0,25.02881,0.00000
534F4C31,34204,316391815,51272,4095,4095,0,25.03516,0.00000
534F4C31,34204,316394643,51260,4095,4095,0,25.02930,0.00000
534F4C31,34204,316396671,51291,4095,4095,0,25.04443,0.00000
534F4C31,34204,316399401,51281,4095,4095,0,25.03955,0.00000
534F4C31,34204,316401578,51261,4095,4095,0,25.02979,0.00000
534F4C31,34204,316403694,51271,4095,4095,0,25.03467,0.00000
534F4C31,34205,316405926,51249,4095,4095,0,25.02393,0.00000
534F4C31,34206,316408814,51266,4095,4095,0,25.03223,0.00000
534F4C31,34206,316412774,51267,4095,4095,0,25.03271,0.00000
534F4C31,34207,316414984,51284,4095,4095,0,25.04102,0.00000
534F4C31,34207,316417886,51266,4095,4095,0,25.03223,0.00000
534F4C31,34208,316421732,51260,4095,4095,0,25.02930,0.00000
534F4C31,34208,316425126,51256,4095,4095,0,25.02734,0.00000
534F4C31,34208,316427639,51278,4095,4095,0,25.03809,0.00000
534F4C31,34209,316429897,51281,4095,4095,0,25.03955,0.00000
534F4C31,34210,316433846,51264,4095,4095,0,25.03125,0.00000
534F4C31,34211,316437535,51261,4095,4095,0,25.02979,0.00000
534F4C31,34212,316441619,51254,4095,4095,0,25.02637,0.00000
534F4C31,34213,316445187,51279,4095,4095,0,25.03857,0.00000
534F4C31,34214,316449748,51272,4095,4095,0,25.03516,0.00000
534F4C31,34215,316454308,51276,4095,4095,0,25.03711,0.00000
534F4C31,34216,316460231,51270,4095,4095,0,25.03418,0.00000
534F4C31,34216,316463660,51294,4095,4095,0,25.04590,0.00000
534F4C31,34217,316469054,51289,4095,4095,0,25.04346,0.00000
534F4C31,34218,316471911,51261,4095,4095,0,25.02979,0.00000
534F4C31,34219,316477218,51258,4095,4095,0,25.02832,0.00000
534F4C31,34220,316484842,51285,4095,4095,0,25.04150,0.00000
534F4C31,34221,316489498,51273,4095,4095,0,25.03564,0.00000
534F4C31,34222,316494962,51263,4095,4095,0,25.03076,0.00000
534F4C31,34222,316499147,51249,4095,4095,0,25.02393,0.00000
534F4C31,34222,316501278,51270,4095,4095,0,25.03418,0.00000
534F4C31,34222,316503952,51261,4095,4095,0,25.02979,0.00000
534F4C31,34222,316507725,51273,4095,4095,0,25.03564,0.00000
534F4C31,34223,316509929,51289,4095,4095,0,25.04346,0.00000
534F4C31,34224,316514695,51266,4095,4095,0,25.03223,0.00000
534F4C31,34225,316518544,51272,4095,4095,0,25.03516,0.00000
534F4C31,34225,316524593,51258,4095,4095,0,25.02832,0.00000
534F4C31,34225,316526854,51282,4095,4095,0,25.04004,0.00000
534F4C31,34226,316531397,51260,4095,4095,0,25.02930,0.00000
534F4C31,34226,316534935,51256,4095,4095,0,25.02734,0.00000
534F4C31,34226,316539038,51291,4095,4095,0,25.04443,0.00000
534F4C31,34226,316542247,51292,4095,4095,0,25.04492,0.00000
534F4C31,34226,316544399,51287,4095,4095,0,25.04248,0.00000
534F4C31,34226,316546406,51274,4095,4095,0,25.03613,0.00000
534F4C31,34226,316549164,51294,4095,4095,0,25.04590,0.00000
534F4C31,34226,316551468,51272,4095,4095,0,25.03516,0.00000
534F4C31,34226,316553615,51256,4095,4095,0,25.02734,0.00000
534F4C31,34227,316555775,51285,4095,4095,0,25.04150,0.00000
534F4C31,34228,316560548,51263,4095,4095,0,25.03076,0.00000
534F4C31,34228,316564351,51269,4095,4095,0,25.03369,0.00000
534F4C31,34228,316568443,51269,4095,4095,0,25.03369,0.00000
534F4C31,34228,316570723,51270,4095,4095,0,25.03418,0.00000
534F4C31,34228,316573696,51286,4095,4095,0,25.04199,0.00000
534F4C31,34229,316575899,51290,4095,4095,0,25.04395,0.00000
534F4C31,34229,316579167,51275,4095,4095,0,25.03662,0.00000
534F4C31,34229,316582108,51282,4095,4095,0,25.04004,0.00000
534F4C31,34229,316584224,51259,4095,4095,0,25.02881,0.00000
534F4C31,34229,316586376,51263,4095,4095,0,25.03076,0.00000
534F4C31,34230,316589466,51263,4095,4095,0,25.03076,0.00000
534F4C31,34231,316592562,51293,4095,4095,0,25.04541,0.00000
534F4C31,34231,316596704,51301,4095,4095,0,25.04932,0.00000
534F4C31,34231,316598855,51290,4095,4095,0,25.04395,0.00000
534F4C31,34231,316600865,51271,4095,4095,0,25.03467,0.00000
534F4C31,34231,316603749,51255,4095,4095,0,25.02686,0.00000
534F4C31,34231,316605880,51269,4095,4095,0,25.03369,0.00000
534F4C31,34231,316607962,51259,4095,4095,0,25.02881,0.00000
534F4C31,34232,316610164,51267,4095,4095,0,25.03271,0.00000
534F4C31,34233,316613388,51278,4095,4095,0,25.03809,0.00000
534F4C31,34233,316617047,51253,4095,4095,0,25.02588,0.00000
534F4C31,34233,316619240,51254,4095,4095,0,25.02637,0.00000
534F4C31,34234,316621855,51292,4095,4095,0,25.04492,0.00000
534F4C31,34234,316626820,51288,4095,4095,0,25.04297,0.00000
534F4C31,34234,316628955,51270,4095,4095,0,25.03418,0.00000
534F4C31,34234,316631012,51258,4095,4095,0,25.02832,0.00000
534F4C31,34234,316633664,51290,4095,4095,0,25.04395,0.00000
534F4C31,34234,316635724,51274,4095,4095,0,25.03613,0.00000
534F4C31,34234,316637726,51287,4095,4095,0,25.04248,0.00000
534F4C31,34234,316639797,51273,4095,4095,0,25.03564,0.00000
534F4C31,34234,316641968,51287,4095,4095,0,25.04248,0.00000
534F4C31,34234,316644031,51280,4095,4095,0,25.03906,0.00000
534F4C31,34235,316646187,51261,4095,4095,0,25.02979,0.00000
534F4C31,34235,316649877,51270,4095,4095,0,25.03418,0.00000
534F4C31,34235,316652071,51270,4095,4095,0,25.03418,0.00000
534F4C31,34235,316653995,51259,4095,4095,0,25.02881,0.00000
534F4C31,34235,316656734,51265,4095,4095,0,25.03174,0.00000
534F4C31,34236,316659046,51276,4095,4095,0,25.03711,0.00000
534F4C31,34237,316662251,51289,4095,4095,0,25.04346,0.00000
534F4C31,34238,316666486,51261,4095,4095,0,25.02979,0.00000
534F4C31,34238,316670100,51283,4095,4095,0,25.04053,0.00000
534F4C31,34238,316673545,51286,4095,4095,0,25.04199,0.00000
534F4C31,34238,316676530,51273,4095,4095,0,25.03564,0.00000
534F4C31,34238,316678621,51275,4095,4095,0,25.03662,0.00000
534F4C31,34238,316680683,51289,4095,4095,0,25.04346,0.00000
534F4C31,34238,316682798,51274,4095,4095,0,25.03613,0.00000
534F4C31,34238,316685566,51262,4095,4095,0,25.03027,0.00000
534F4C31,34238,316687682,51274,4095,4095,0,25.03613,0.00000
534F4C31,34238,316689709,51283,4095,4095,0,25.04053,0.00000
534F4C31,34238,316692083,51288,4095,4095,0,25.04297,0.00000
534F4C31,34238,316694210,51272,4095,4095,0,25.03516,0.00000
534F4C31,34238,316696472,51287,4095,4095,0,25.04248,0.00000
534F4C31,34239,316698621,51270,4095,4095,0,25.03418,0.00000
534F4C31,34239,316701810,51257,4095,4095,0,25.02783,0.00000
534F4C31,34239,316704141,51289,4095,4095,0,25.04346,0.00000
534F4C31,34240,316706244,51271,4095,4095,0,25.03467,0.00000
534F4C31,34241,316710165,51255,4095,4095,0,25.02686,0.00000
534F4C31,34241,316714705,51257,4095,4095,0,25.02783,0.00000
534F4C31,34241,316718999,51263,4095,4095,0,25.03076,0.00000
534F4C31,34241,316722280,51279,4095,4095,0,25.03857,0.00000
534F4C31,34241,316724415,51262,4095,4095,0,25.03027,0.00000
534F4C31,34241,316726531,51266,4095,4095,0,25.03223,0.00000
534F4C31,34241,316730057,51277,4095,4095,0,25.03760,0.00000
534F4C31,34241,316732546,51279,4095,4095,0,25.03857,0.00000
534F4C31,34242,316734675,51281,4095,4095,0,25.03955,0.00000
534F4C31,34243,316740729,51283,4095,4095,0,25.04053,0.00000
534F4C31,34244,316747610,51253,4095,4095,0,25.02588,0.00000
534F4C31,34245,316751037,51291,4095,4095,0,25.04443,0.00000
534F4C31,34246,316756670,51255,4095,4095,0,25.02686,0.00000
534F4C31,34246,316761033,51266,4095,4095,0,25.03223,0.00000
534F4C31,34247,316766226,51276,4095,4095,0,25.03711,0.00000
534F4C31,34248,316768746,51272,4095,4095,0,25.03516,0.00000
534F4C31,34249,316773700,51277,4095,4095,0,25.03760,0.00000
534F4C31,34249,316779963,51290,4095,4095,0,25.04395,0.00000
534F4C31,34249,316782973,51257,4095,4095,0,25.02783,0.00000
534F4C31,34249,316785543,51286,4095,4095,0,25.04199,0.00000
534F4C31,34249,316789885,51276,4095,4095,0,25.03711,0.00000
534F4C31,34249,316792067,51271,4095,4095,0,25.03467,0.00000
534F4C31,34249,316795066,51260,4095,4095,0,25.02930,0.00000
534F4C31,34250,316797670,51284,4095,4095,0,25.04102,0.00000
534F4C31,34251,316801751,51273,4095,4095,0,25.03564,0.00000
534F4C31,34252,316805907,51285,4095,4095,0,25.04150,0.00000
534F4C31,34252,316812488,51270,4095,4095,0,25.03418,0.00000
534F4C31,34252,316815339,51278,4095,4095,0,25.03809,0.00000
534F4C31,34253,316818369,51260,4095,4095,0,25.02930,0.00000
534F4C31,34253,316822662,51276,4095,4095,0,25.03711,0.00000
534F4C31,34253,316824853,51257,4095,4095,0,25.02783,0.00000
534F4C31,34253,316826880,51269,4095,4095,0,25.03369,0.00000
534F4C31,34253,316829999,51278,4095,4095,0,25.03809,0.00000
534F4C31,34253,316832219,51294,4095,4095,0,25.04590,0.00000
534F4C31,34253,316834375,51278,4095,4095,0,25.03809,0.00000
534F4C31,34254,316836464,51260,4095,4095,0,25.02930,0.00000
534F4C31,34255,316840604,51270,4095,4095,0,25.03418,0.00000
534F4C31,34255,316844704,51274,4095,4095,0,25.03613,0.00000
534F4C31,34255,316848092,51282,4095,4095,0,25.04004,0.00000
534F4C31,34256,316850205,51269,4095,4095,0,25.03369,0.00000
534F4C31,34256,316853738,51257,4095,4095,0,25.02783,0.00000
534F4C31,34256,316855978,51261,4095,4095,0,25.02979,0.00000
534F4C31,34256,316857926,51269,4095,4095,0,25.03369,0.00000
534F4C31,34257,316860008,51257,4095,4095,0,25.02783,0.00000
534F4C31,34258,316862823,51283,4095,4095,0,25.04053,0.00000
534F4C31,34259,316866379,51268,4095,4095,0,25.03320,0.00000
534F4C31,34260,316871132,51270,4095,4095,0,25.03418,0.00000
534F4C31,34261,316875149,51268,4095,4095,0,25.03320,0.00000
534F4C31,34261,316879011,51268,4095,4095,0,25.03320,0.00000
534F4C31,34261,316882521,51275,4095,4095,0,25.03662,0.00000
534F4C31,34261,316884655,51280,4095,4095,0,25.03906,0.00000
534F4C31,34261,316886705,51288,4095,4095,0,25.04297,0.00000
534F4C31,34261,316889360,51276,4095,4095,0,25.03711,0.00000
534F4C31,34261,316891506,51256,4095,4095,0,25.02734,0.00000
534F4C31,34261,316893520,51266,4095,4095,0,25.03223,0.00000
534F4C31,34261,316895638,51277,4095,4095,0,25.03760,0.00000
534F4C31,34261,316898167,51288,4095,4095,0,25.04297,0.00000
534F4C31,34261,316900462,51283,4095,4095,0,25.04053,0.00000
534F4C31,34261,316902734,51262,4095,4095,0,25.03027,0.00000
534F4C31,34261,316904896,51270,4095,4095,0,25.03418,0.00000
534F4C31,34261,316907003,51251,4095,4095,0,25.02490,0.00000
534F4C31,34261,316909198,51291,4095,4095,0,25.04443,0.00000
534F4C31,34261,316911165,51282,4095,4095,0,25.04004,0.00000
534F4C31,34261,316913163,51288,4095,4095,0,25.04297,0.00000
534F4C31,34261,316915238,51276,4095,4095,0,25.03711,0.00000
534F4C31,34261,316917319,51295,4095,4095,0,25.04639,0.00000
534F4C31,34261,316919426,51278,4095,4095,0,25.03809,0.00000
534F4C31,34262,316921580,51288,4095,4095,0,25.04297,0.00000
534F4C31,34262,316924757,51280,4095,4095,0,25.03906,0.00000
534F4C31,34262,316927092,51275,4095,4095,0,25.03662,0.00000
534F4C31,34262,316929133,51287,4095,4095,0,25.04248,0.00000
534F4C31,34262,316931956,51270,4095,4095,0,25.03418,0.00000
534F4C31,34262,316933972,51257,4095,4095,0,25.02783,0.00000
534F4C31,34262,316936050,51268,4095,4095,0,25.03320,0.00000
534F4C31,34262,316938135,51261,4095,4095,0,25.02979,0.00000
534F4C31,34262,316940250,51286,4095,4095,0,25.04199,0.00000
534F4C31,34262,316942291,51278,4095,4095,0,25.03809,0.00000
534F4C31,34262,316944341,51285,4095,4095,0,25.04150,0.00000
534F4C31,34262,316946487,51278,4095,4095,0,25.03809,0.00000
534F4C31,34263,316948654,51289,4095,4095,0,25.04346,0.00000
534F4C31,34264,316952058,51262,4095,4095,0,25.03027,0.00000
534F4C31,34265,316955597,51276,4095,4095,0,25.03711,0.00000
534F4C31,34266,316959397,51273,4095,4095,0,25.03564,0.00000
534F4C31,34267,316964459,51274,4095,4095,0,25.03613,0.00000
534F4C31,34268,316968571,51265,4095,4095,0,25.03174,0.00000
534F4C31,34269,316971894,51287,4095,4095,0,25.04248,0.00000
534F4C31,34270,316976461,51265,4095,4095,0,25.03174,0.00000
534F4C31,34270,316982401,51258,4095,4095,0,25.02832,0.00000
534F4C31,34270,316984699,51260,4095,4095,0,25.02930,0.00000
534F4C31,34270,316990094,51271,4095,4095,0,25.03467,0.00000
534F4C31,34270,316996238,51256,4095,4095,0,25.02734,0.00000
534F4C31,34271,316999517,51275,4095,4095,0,25.03662,0.00000
534F4C31,34271,317002820,51268,4095,4095,0,25.03320,0.00000
534F4C31,34271,317006005,51275,4095,4095,0,25.03662,0.00000
534F4C31,34271,317008343,51282,4095,4095,0,25.04004,0.00000
534F4C31,34271,317011301,51247,4095,4095,0,25.02295,0.00000
534F4C31,34271,317013388,51271,4095,4095,0,25.03467,0.00000
534F4C31,34271,317015450,51257,4095,4095,0,25.02783,0.00000
534F4C31,34271,317018565,51266,4095,4095,0,25.03223,0.00000
534F4C31,34272,317020850,51266,4095,4095,0,25.03223,0.00000
534F4C31,34272,317024455,51275,4095,4095,0,25.03662,0.00000
534F4C31,34272,317026584,51287,4095,4095,0,25.04248,0.00000
534F4C31,34272,317029367,51262,4095,4095,0,25.03027,0.00000
534F4C31,34272,317031493,51254,4095,4095,0,25.02637,0.00000
534F4C31,34272,317034767,51287,4095,4095,0,25.04248,0.00000
534F4C31,34272,317037197,51264,4095,4095,0,25.03125,0.00000
534F4C31,34273,317039265,51254,4095,4095,0,25.02637,0.00000
534F4C31,34273,317043077,51282,4095,4095,0,25.04004,0.00000
534F4C31,34273,317045974,51279,4095,4095,0,25.03857,0.00000
534F4C31,34274,317048945,51269,4095,4095,0,25.03369,0.00000
534F4C31,34274,317053561,51274,4095,4095,0,25.03613,0.00000
534F4C31,34274,317056178,51268,4095,4095,0,25.03320,0.00000
534F4C31,34274,317058154,51259,4095,4095,0,25.02881,0.00000
534F4C31,34274,317061334,51285,4095,4095,0,25.04150,0.00000
534F4C31,34274,317063350,51282,4095,4095,0,25.04004,0.00000
534F4C31,34275,317065463,51264,4095,4095,0,25.03125,0.00000
534F4C31,34276,317068987,51265,4095,4095,0,25.03174,0.00000
534F4C31,34277,317072413,51268,4095,4095,0,25.03320,0.00000
534F4C31,34278,317077542,51282,4095,4095,0,25.04004,0.00000
534F4C31,34279,317081516,51290,4095,4095,0,25.04395,0.00000
534F4C31,34279,317087969,51292,4095,4095,0,25.04492,0.00000
534F4C31,34279,317090188,51272,4095,4095,0,25.03516,0.00000
534F4C31,34280,317093658,51257,4095,4095,0,25.02783,0.00000
534F4C31,34280,317098496,51254,4095,4095,0,25.02637,0.00000
534F4C31,34280,317100995,51262,4095,4095,0,25.03027,0.00000
534F4C31,34280,317103709,51264,4095,4095,0,25.03125,0.00000
534F4C31,34280,317106558,51270,4095,4095,0,25.03418,0.00000
534F4C31,34280,317108580,51257,4095,4095,0,25.02783,0.00000
534F4C31,34280,317110770,51268,4095,4095,0,25.03320,0.00000
534F4C31,34281,317112989,51261,4095,4095,0,25.02979,0.00000
534F4C31,34282,317116339,51283,4095,4095,0,25.04053,0.00000
534F4C31,34283,317120415,51268,4095,4095,0,25.03320,0.00000
534F4C31,34283,317125281,51291,4095,4095,0,25.04443,0.00000
534F4C31,34283,317128488,51251,4095,4095,0,25.02490,0.00000
534F4C31,34283,317130570,51288,4095,4095,0,25.04297,0.00000
534F4C31,34283,317132659,51280,4095,4095,0,25.03906,0.00000
534F4C31,34283,317134737,51287,4095,4095,0,25.04248,0.00000
534F4C31,34283,317137516,51267,4095,4095,0,25.03271,0.00000
534F4C31,34283,317139639,51255,4095,4095,0,25.02686,0.00000
534F4C31,34283,317141699,51271,4095,4095,0,25.03467,0.00000
534F4C31,34284,317143952,51253,4095,4095,0,25.02588,0.00000
534F4C31,34284,317147260,51283,4095,4095,0,25.04053,0.00000
534F4C31,34284,317149459,51266,4095,4095,0,25.03223,0.00000
534F4C31,34285,317151513,51259,4095,4095,0,25.02881,0.00000
534F4C31,34285,317154988,51268,4095,4095,0,25.03320,0.00000
534F4C31,34285,317157153,51274,4095,4095,0,25.03613,0.00000
534F4C31,34285,317158952,51268,4095,4095,0,25.03320,0.00000
534F4C31,34285,317160923,51268,4095,4095,0,25.03320,0.00000
534F4C31,34285,317163676,51276,4095,4095,0,25.03711,0.00000
534F4C31,34285,317165804,51292,4095,4095,0,25.04492,0.00000
534F4C31,34285,317167884,51278,4095,4095,0,25.03809,0.00000
534F4C31,34285,317170053,51284,4095,4095,0,25.04102,0.00000
534F4C31,34286,317172225,51268,4095,4095,0,25.03320,0.00000
534F4C31,34287,317175357,51252,4095,4095,0,25.02539,0.00000
534F4C31,34287,317178915,51288,4095,4095,0,25.04297,0.00000
534F4C31,34287,317181762,51289,4095,4095,0,25.04346,0.00000
534F4C31,34288,317184169,51268,4095,4095,0,25.03320,0.00000
534F4C31,34289,317187759,51255,4095,4095,0,25.02686,0.00000
534F4C31,34289,317191303,51259,4095,4095,0,25.02881,0.00000
534F4C31,34289,317194067,51287,4095,4095,0,25.04248,0.00000
534F4C31,34290,317196301,51265,4095,4095,0,25.03174,0.00000
534F4C31,34291,317200071,51260,4095,4095,0,25.02930,0.00000
534F4C31,34291,317204246,51285,4095,4095,0,25.04150,0.00000
534F4C31,34291,317206589,51277,4095,4095,0,25.03760,0.00000
534F4C31,34291,317209289,51283,4095,4095,0,25.04053,0.00000
534F4C31,34291,317211464,51275,4095,4095,0,25.03662,0.00000
534F4C31,34292,317214203,51281,4095,4095,0,25.03955,0.00000
534F4C31,34293,317217819,51289,4095,4095,0,25.04346,0.00000
534F4C31,34294,317221166,51253,4095,4095,0,25.02588,0.00000
534F4C31,34295,317225560,51287,4095,4095,0,25.04248,0.00000
534F4C31,34296,317229065,51251,4095,4095,0,25.02490,0.00000
534F4C31,34297,317233617,51256,4095,4095,0,25.02734,0.00000
534F4C31,34298,317238404,51278,4095,4095,0,25.03809,0.00000
534F4C31,34299,317242655,51275,4095,4095,0,25.03662,0.00000
534F4C31,34299,317248238,51271,4095,4095,0,25.03467,0.00000
534F4C31,34299,317250425,51265,4095,4095,0,25.03174,0.00000
534F4C31,34300,317254059,51273,4095,4095,0,25.03564,0.00000
534F4C31,34301,317259541,51254,4095,4095,0,25.02637,0.00000
534F4C31,34302,317265926,51284,4095,4095,0,25.04102,0.00000
534F4C31,34302,317271526,51289,4095,4095,0,25.04346,0.00000
534F4C31,34302,317273733,51274,4095,4095,0,25.03613,0.00000
534F4C31,34303,317277172,51270,4095,4095,0,25.03418,0.00000
534F4C31,34304,317280686,51251,4095,4095,0,25.02490,0.00000
534F4C31,34304,317285321,51280,4095,4095,0,25.03906,0.00000
534F4C31,34304,317287531,51259,4095,4095,0,25.02881,0.00000
534F4C31,34305,317291645,51286,4095,4095,0,25.04199,0.00000
534F4C31,34305,317295866,51285,4095,4095,0,25.04150,0.00000
534F4C31,34305,317298804,51283,4095,4095,0,25.04053,0.00000
534F4C31,34305,317302720,51287,4095,4095,0,25.04248,0.00000
534F4C31,34305,317304881,51263,4095,4095,0,25.03076,0.00000
534F4C31,34305,317307373,51281,4095,4095,0,25.03955,0.00000
534F4C31,34305,317311754,51264,4095,4095,0,25.03125,0.00000
534F4C31,34305,317313850,51291,4095,4095,0,25.04443,0.00000
534F4C31,34305,317315856,51276,4095,4095,0,25.03711,0.00000
534F4C31,34305,317317923,51258,4095,4095,0,25.02832,0.00000
534F4C31,34305,317320014,51268,4095,4095,0,25.03320,0.00000
534F4C31,34306,317322220,51266,4095,4095,0,25.03223,0.00000
534F4C31,34307,317326284,51267,4095,4095,0,25.03271,0.00000
534F4C31,34307,317328885,51279,4095,4095,0,25.03857,0.00000
534F4C31,34307,317332841,51271,4095,4095,0,25.03467,0.00000
534F4C31,34308,317337210,51286,4095,4095,0,25.04199,0.00000
534F4C31,34308,317340865,51269,4095,4095,0,25.03369,0.00000
534F4C31,34308,317345019,51266,4095,4095,0,25.03223,0.00000
534F4C31,34308,317347752,51272,4095,4095,0,25.03516,0.00000
534F4C31,34308,317349971,51280,4095,4095,0,25.03906,0.00000
534F4C31,34309,317353075,51260,4095,4095,0,25.02930,0.00000
534F4C31,34310,317356924,51262,4095,4095,0,25.03027,0.00000
534F4C31,34311,317359984,51270,4095,4095,0,25.03418,0.00000
534F4C31,34312,317364905,51279,4095,4095,0,25.03857,0.00000
534F4C31,34313,317368799,51267,4095,4095,0,25.03271,0.00000
534F4C31,34313,317373106,51268,4095,4095,0,25.03320,0.00000
534F4C31,34313,317375927,51288,4095,4095,0,25.04297,0.00000
534F4C31,34313,317378778,51284,4095,4095,0,25.04102,0.00000
534F4C31,34313,317380966,51261,4095,4095,0,25.02979,0.00000
534F4C31,34313,317383028,51267,4095,4095,0,25.03271,0.00000
534F4C31,34313,317385093,51276,4095,4095,0,25.03711,0.00000
534F4C31,34313,317387180,51290,4095,4095,0,25.04395,0.00000
534F4C31,34313,317389310,51280,4095,4095,0,25.03906,0.00000
534F4C31,34314,317391410,51287,4095,4095,0,25.04248,0.00000
534F4C31,34314,317394622,51275,4095,4095,0,25.03662,0.00000
534F4C31,34314,317396955,4,4095,4095,0,0.00195,0.00000
534F4C31,34314,317398905,5,4095,4095,0,0.00244,0.00000
534F4C31,34314,317400954,0,4095,4095,0,0.00000,0.00000
534F4C31,34315,317403655,4,4095,4095,0,0.00195,0.00000
534F4C31,34316,317405944,4,4095,4095,0,0.00195,0.00000
534F4C31,34316,317410778,2,4095,4095,0,0.00098,0.00000
534F4C31,34316,317413166,5,4095,4095,0,0.00244,0.00000
534F4C31,34317,317416134,0,4095,4095,0,0.00000,0.00000
534F4C31,34317,317420035,6,4095,4095,0,0.00293,0.00000
534F4C31,34317,317422201,7,4095,4095,0,0.00342,0.00000
534F4C31,34317,317424159,0,4095,4095,0,0.00000,0.00000
534F4C31,34317,317426991,1,4095,4095,0,0.00049,0.00000
534F4C31,34317,317429024,0,4095,4095,0,0.00000,0.00000
534F4C31,34317,317431091,0,4095,4095,0,0.00000,0.00000
534F4C31,34317,317433194,1,4095,4095,0,0.00049,0.00000
534F4C31,34317,317435319,3,4095,4095,0,0.00146,0.00000
534F4C31,34318,317437420,0,4095,4095,0,0.00000,0.00000
534F4C31,34318,317440630,0,4095,4095,0,0.00000,0.00000
534F4C31,34318,317443424,2,4095,4095,0,0.00098,0.00000
534F4C31,34319,317445511,5,4095,4095,0,0.00244,0.00000
534F4C31,34319,317449366,1,4095,4095,0,0.00049,0.00000
534F4C31,34319,317451616,0,4095,4095,0,0.00000,0.00000
534F4C31,34320,317453698,2,4095,4095,0,0.00098,0.00000
534F4C31,34320,317457747,0,4095,4095,0,0.00000,0.00000
534F4C31,34320,317459931,1,4095,4095,0,0.00049,0.00000
534F4C31,34321,317462097,0,4095,4095,0,0.00000,0.00000
534F4C31,34322,317465789,3,4095,4095,0,0.00146,0.00000
534F4C31,34322,317469434,4,4095,4095,0,0.00195,0.00000
534F4C31,34322,317471580,2,4095,4095,0,0.00098,0.00000
534F4C31,34323,317474206,6,4095,4095,0,0.00293,0.00000
534F4C31,34323,317478385,2,4095,4095,0,0.00098,0.00000
534F4C31,34323,317480588,7,4095,4095,0,0.00342,0.00000
534F4C31,34323,317482628,3,4095,4095,0,0.00146,0.00000
534F4C31,34323,317484765,2,4095,4095,0,0.00098,0.00000
534F4C31,34324,317487468,0,4095,4095,0,0.00000,0.00000
534F4C31,34324,317490400,0,4095,4095,0,0.00000,0.00000
534F4C31,34324,317493158,6,4095,4095,0,0.00293,0.00000
534F4C31,34325,317495374,6,4095,4095,0,0.00293,0.00000
534F4C31,34325,317498899,3,4095,4095,0,0.00146,0.00000
534F4C31,34325,317502023,0,4095,4095,0,0.00000,0.00000
534F4C31,34326,317505761,6,4095,4095,0,0.00293,0.00000
534F4C31,34327,317511185,0,4095,4095,0,0.00000,0.00000
534F4C31,34328,317514342,4,4095,4095,0,0.00195,0.00000
534F4C31,34329,317520792,0,4095,4095,0,0.00000,0.00000
534F4C31,34329,317524545,0,4095,4095,0,0.00000,0.00000
534F4C31,34330,317528471,6,4095,4095,0,0.00293,0.00000
534F4C31,34331,317532231,1,4095,4095,0,0.00049,0.00000
534F4C31,34332,317536457,0,4095,4095,0,0.00000,0.00000
534F4C31,34333,317541260,3,4095,4095,0,0.00146,0.00000
534F4C31,34334,317546010,0,4095,4095,0,0.00000,0.00000
534F4C31,34335,317551682,1,4095,4095,0,0.00049,0.00000
534F4C31,34336,317556711,0,4095,4095,0,0.00000,0.00000
534F4C31,34337,317562987,0,4095,4095,0,0.00000,0.00000
534F4C31,34338,317569505,0,4095,4095,0,0.00000,0.00000
534F4C31,34339,317575868,4,4095,4095,0,0.00195,0.00000
534F4C31,34340,317583793,0,4095,4095,0,0.00000,0.00000
534F4C31,34340,317588696,0,4095,4095,0,0.00000,0.00000
534F4C31,34340,317590966,0,4095,4095,0,0.00000,0.00000
534F4C31,34341,317593090,1,4095,4095,0,0.00049,0.00000
534F4C31,34342,317597825,1,4095,4095,0,0.00049,0.00000
534F4C31,34342,317601410,3,4095,4095,0,0.00146,0.00000
534F4C31,34342,317605477,3,4095,4095,0,0.00146,0.00000
534F4C31,34342,317608400,3,4095,4095,0,0.00146,0.00000
534F4C31,34342,317611201,1,4095,4095,0,0.00049,0.00000
534F4C31,34343,317613860,1,4095,4095,0,0.00049,0.00000
534F4C31,34344,317618232,0,4095,4095,0,0.00000,0.00000
534F4C31,34344,317622580,6,4095,4095,0,0.00293,0.00000
534F4C31,34344,317625939,2,4095,4095,0,0.00098,0.00000
534F4C31,34344,317628726,3,4095,4095,0,0.00146,0.00000
534F4C31,34344,317630972,3,4095,4095,0,0.00146,0.00000
534F4C31,34344,317634009,0,4095,4095,0,0.00000,0.00000
534F4C31,34344,317636094,0,4095,4095,0,0.00000,0.00000
534F4C31,34344,317638160,2,4095,4095,0,0.00098,0.00000
534F4C31,34344,317640196,2,4095,4095,0,0.00098,0.00000
534F4C31,34344,317642227,0,4095,4095,0,0.00000,0.00000
534F4C31,34344,317644360,2,4095,4095,0,0.00098,0.00000
534F4C31,34344,317646490,6,4095,4095,0,0.00293,0.00000
534F4C31,34344,317648552,5,4095,4095,0,0.00244,0.00000
534F4C31,34344,317650644,2,4095,4095,0,0.00098,0.00000
534F4C31,34344,317652703,0,4095,4095,0,0.00000,0.00000
534F4C31,34344,317654765,0,4095,4095,0,0.00000,0.00000
534F4C31,34344,317656845,0,4095,4095,0,0.00000,0.00000
534F4C31,34344,317659005,0,4095,4095,0,0.00000,0.00000
534F4C31,34344,317661099,0,4095,4095,0,0.00000,0.00000
534F4C31,34344,317663129,0,4095,4095,0,0.00000,0.00000
534F4C31,34345,317665172,0,4095,4095,0,0.00000,0.00000
534F4C31,34346,317668974,5,4095,4095,0,0.00244,0.00000
534F4C31,34346,317673260,0,4095,4095,0,0.00000,0.00000
534F4C31,34346,317675452,0,4095,4095,0,0.00000,0.00000
534F4C31,34346,317678224,1,4095,4095,0,0.00049,0.00000
534F4C31,34347,317682289,2,4095,4095,0,0.00098,0.00000
534F4C31,34347,317685801,0,4095,4095,0,0.00000,0.00000
534F4C31,34347,317689643,0,4095,4095,0,0.00000,0.00000
534F4C31,34347,317692439,5,4095,4095,0,0.00244,0.00000
534F4C31,34347,317695317,0,4095,4095,0,0.00000,0.00000
534F4C31,34348,317697565,1,4095,4095,0,0.00049,0.00000
534F4C31,34348,317701813,4,4095,4095,0,0.00195,0.00000
534F4C31,34348,317704061,2,4095,4095,0,0.00098,0.00000
534F4C31,34348,317706141,1,4095,4095,0,0.00049,0.00000
534F4C31,34348,317709096,0,4095,4095,0,0.00000,0.00000
534F4C31,34349,317711248,2,4095,4095,0,0.00098,0.00000
534F4C31,34349,317714548,8,4095,4095,0,0.00391,0.00000
534F4C31,34349,317717302,1,4095,4095,0,0.00049,0.00000
534F4C31,34350,317719537,0,4095,4095,0,0.00000,0.00000
534F4C31,34350,317723635,0,4095,4095,0,0.00000,0.00000
534F4C31,34350,317725809,0,4095,4095,0,0.00000,0.00000
534F4C31,34350,317727836,2,4095,4095,0,0.00098,0.00000
534F4C31,34350,317730515,2,4095,4095,0,0.00098,0.00000
534F4C31,34351,317732779,2,4095,4095,0,0.00098,0.00000
534F4C31,34351,317735862,0,4095,4095,0,0.00000,0.00000
534F4C31,34351,317738139,0,4095,4095,0,0.00000,0.00000
534F4C31,34352,317740351,3,4095,4095,0,0.00146,0.00000
534F4C31,34352,317744528,0,4095,4095,0,0.00000,0.00000
534F4C31,34352,317746688,3,4095,4095,0,0.00146,0.00000
534F4C31,34352,317748705,1,4095,4095,0,0.00049,0.00000
534F4C31,34352,317751477,0,4095,4095,0,0.00000,0.00000
534F4C31,34352,317753695,1,4095,4095,0,0.00049,0.00000
534F4C31,34352,317755748,0,4095,4095,0,0.00000,0.00000
534F4C31,34352,317757795,0,4095,4095,0,0.00000,0.00000
534F4C31,34352,317759850,4,4095,4095,0,0.00195,0.00000
534F4C31,34352,317761847,0,4095,4095,0,0.00000,0.00000
534F4C31,34352,317763861,1,4095,4095,0,0.00049,0.00000
534F4C31,34352,317765881,3,4095,4095,0,0.00146,0.00000
534F4C31,34352,317767881,1,4095,4095,0,0.00049,0.00000
534F4C31,34352,317769730,0,4095,4095,0,0.00000,0.00000
534F4C31,34352,317771710,4,4095,4095,0,0.00195,0.00000
534F4C31,34352,317773755,0,4095,4095,0,0.00000,0.00000
534F4C31,34352,317775731,0,4095,4095,0,0.00000,0.00000
534F4C31,34352,317777834,1,4095,4095,0,0.00049,0.00000
534F4C31,34352,317779893,2,4095,4095,0,0.00098,0.00000
534F4C31,34352,317781885,5,4095,4095,0,0.00244,0.00000
534F4C31,34352,317783692,6,4095,4095,0,0.00293,0.00000
534F4C31,34352,317785713,1,4095,4095,0,0.00049,0.00000
534F4C31,34352,317787818,5,4095,4095,0,0.00244,0.00000
534F4C31,34352,317790094,0,4095,4095,0,0.00000,0.00000
534F4C31,34352,317792137,0,4095,4095,0,0.00000,0.00000
534F4C31,34352,317794083,4,4095,4095,0,0.00195,0.00000
534F4C31,34352,317796105,2,4095,4095,0,0.00098,0.00000
534F4C31,34352,317798147,4,4095,4095,0,0.00195,0.00000
534F4C31,34352,317800237,6,4095,4095,0,0.00293,0.00000
534F4C31,34352,317802293,2,4095,4095,0,0.00098,0.00000
534F4C31,34352,317804391,0,4095,4095,0,0.00000,0.00000
534F4C31,34353,317806494,2,4095,4095,0,0.00098,0.00000
534F4C31,34353,317809737,0,4095,4095,0,0.00000,0.00000
534F4C31,34353,317812081,2,4095,4095,0,0.00098,0.00000
534F4C31,34354,317814204,2,4095,4095,0,0.00098,0.00000
534F4C31,34354,317818138,3,4095,4095,0,0.00146,0.00000
534F4C31,34354,317820826,1,4095,4095,0,0.00049,0.00000
534F4C31,34354,317823081,3,4095,4095,0,0.00146,0.00000
534F4C31,34354,317825129,2,4095,4095,0,0.00098,0.00000
534F4C31,34354,317827765,0,4095,4095,0,0.00000,0.00000
534F4C31,34355,317830143,3,4095,4095,0,0.00146,0.00000
534F4C31,34355,317832995,2,4095,4095,0,0.00098,0.00000
534F4C31,34355,317835669,0,4095,4095,0,0.00000,0.00000
534F4C31,34356,317837723,0,4095,4095,0,0.00000,0.00000
534F4C31,34357,317840045,0,4095,4095,0,0.00000,0.00000
534F4C31,34358,317844977,0,4095,4095,0,0.00000,0.00000
534F4C31,34359,317849065,0,4095,4095,0,0.00000,0.00000
534F4C31,34360,317853848,4,4095,4095,0,0.00195,0.00000
534F4C31,34361,317860003,0,4095,4095,0,0.00000,0.00000
534F4C31,34362,317864588,2,4095,4095,0,0.00098,0.00000
534F4C31,34363,317870359,3,4095,4095,0,0.00146,0.00000
534F4C31,34364,317880654,1,4095,4095,0,0.00049,0.00000
534F4C31,34365,317887319,0,4095,4095,0,0.00000,0.00000
534F4C31,34365,317892603,0,4095,4095,0,0.00000,0.00000
534F4C31,34365,317894865,0,4095,4095,0,0.00000,0.00000
534F4C31,34366,317898039,0,4095,4095,0,0.00000,0.00000
534F4C31,34367,317902291,5,4095,4095,0,0.00244,0.00000
534F4C31,34367,317906320,2,4095,4095,0,0.00098,0.00000
534F4C31,34367,317908525,0,4095,4095,0,0.00000,0.00000
534F4C31,34367,317912793,0,4095,4095,0,0.00000,0.00000
534F4C31,34367,317915020,2,4095,4095,0,0.00098,0.00000
534F4C31,34368,317917286,0,4095,4095,0,0.00000,0.00000
534F4C31,34369,317922529,0,4095,4095,0,0.00000,0.00000
534F4C31,34370,317926412,0,4095,4095,0,0.00000,0.00000
534F4C31,34370,317932903,3,4095,4095,0,0.00146,0.00000
534F4C31,34370,317935981,1,4095,4095,0,0.00049,0.00000
534F4C31,34370,317938824,0,4095,4095,0,0.00000,0.00000
534F4C31,34371,317941516,0,4095,4095,0,0.00000,0.00000
