device_id,seq,timestamp_us,voutp_raw,voutn_raw,iout_raw,iref_raw,v_diff,i_diff,v_volts,i_amps
534F4C31,17992,152549270,346,262,3007,3014,84,-7,84.00000,-0.01805
534F4C31,17992,152554506,340,241,3004,3029,99,-25,99.00000,-0.06447
534F4C31,17992,152559480,325,234,3013,3002,91,11,91.00000,0.02837
534F4C31,17992,152564137,335,240,3008,3008,95,0,95.00000,0.00000
534F4C31,17993,152569153,331,238,2997,3021,93,-24,93.00000,-0.06189
534F4C31,17994,152574178,320,219,3001,3049,101,-48,101.00000,-0.12378
534F4C31,17995,152579142,341,222,3006,3017,119,-11,119.00000,-0.02837
534F4C31,17996,152584172,353,212,3011,3004,141,7,141.00000,0.01805
534F4C31,17996,152589134,334,214,3009,3012,120,-3,120.00000,-0.00774
534F4C31,17997,152594589,367,263,3011,3010,104,1,104.00000,0.00258
534F4C31,17998,152599161,295,258,3001,3002,37,-1,37.00000,-0.00258
534F4C31,17998,152604361,246,191,3005,3017,55,-12,55.00000,-0.03095
534F4C31,17999,152609147,288,217,3006,3011,71,-5,71.00000,-0.01289
534F4C31,17999,152615508,367,244,3002,3013,123,-11,123.00000,-0.02837
534F4C31,18000,152619246,311,214,3007,3007,97,0,97.00000,0.00000
534F4C31,18000,152624224,294,206,3006,3019,88,-13,88.00000,-0.03352
534F4C31,18000,152629147,318,212,3014,3013,106,1,106.00000,0.00258
534F4C31,18001,152635092,340,280,3007,3010,60,-3,60.00000,-0.00774
534F4C31,18002,152639552,250,183,3002,3014,67,-12,67.00000,-0.03095
534F4C31,18003,152644130,291,195,3009,3015,96,-6,96.00000,-0.01547
534F4C31,18004,152649562,346,236,3014,3005,110,9,110.00000,0.02321
534F4C31,18004,152654139,296,232,2996,3000,64,-4,64.00000,-0.01032
534F4C31,18005,152660167,317,236,3007,3014,81,-7,81.00000,-0.01805
534F4C31,18005,152664130,310,225,3010,3015,85,-5,85.00000,-0.01289
534F4C31,18006,152669149,316,215,3005,3004,101,1,101.00000,0.00258
534F4C31,18007,152674666,301,244,3006,3012,57,-6,57.00000,-0.01547
534F4C31,18008,152679202,278,236,3011,3003,42,8,42.00000,0.02063
534F4C31,18009,152684141,288,223,3001,3014,65,-13,65.00000,-0.03352
534F4C31,18010,152689141,291,226,3010,3016,65,-6,65.00000,-0.01547
534F4C31,18010,152694138,300,225,3008,3015,75,-7,75.00000,-0.01805
534F4C31,18011,152699376,341,265,3006,3016,76,-10,76.00000,-0.02579
534F4C31,18012,152704145,307,235,3002,3048,72,-46,72.00000,-0.11862
534F4C31,18012,152710330,319,213,3006,3019,106,-13,106.00000,-0.03352
534F4C31,18012,152714165,316,212,3010,3014,104,-4,104.00000,-0.01032
534F4C31,18012,152719130,330,217,3014,3013,113,1,113.00000,0.00258
534F4C31,18013,152724158,329,221,3008,3010,108,-2,108.00000,-0.00516
534F4C31,18013,152729166,346,246,3019,3016,100,3,100.00000,0.00774
534F4C31,18013,152734446,357,256,3004,2993,101,11,101.00000,0.02837
534F4C31,18013,152739139,331,227,3008,3012,104,-4,104.00000,-0.01032
534F4C31,18013,152744151,343,242,3006,3013,101,-7,101.00000,-0.01805
534F4C31,18014,152749584,350,277,3011,3013,73,-2,73.00000,-0.00516
534F4C31,18015,152754145,305,212,3010,3033,93,-23,93.00000,-0.05931
534F4C31,18016,152759592,321,196,3016,3012,125,4,125.00000,0.01032
534F4C31,18016,152764161,339,202,3013,3014,137,-1,137.00000,-0.00258
534F4C31,18017,152769144,344,260,3004,3014,84,-10,84.00000,-0.02579
534F4C31,18018,152774669,271,204,3007,3014,67,-7,67.00000,-0.01805
534F4C31,18019,152780471,314,215,3002,3015,99,-13,99.00000,-0.03352
534F4C31,18019,152784521,295,224,3005,3012,71,-7,71.00000,-0.01805
534F4C31,18020,152789626,242,209,3005,3015,33,-10,33.00000,-0.02579
534F4C31,18020,152794164,242,185,2999,3012,57,-13,57.00000,-0.03352
534F4C31,18020,152799150,316,239,3011,3010,77,1,77.00000,0.00258
534F4C31,18021,152804152,325,234,3012,3007,91,5,91.00000,0.01289
534F4C31,18022,152809142,317,248,3007,3015,69,-8,69.00000,-0.02063
534F4C31,18023,152814148,319,253,3012,3014,66,-2,66.00000,-0.00516
534F4C31,18023,152819141,287,191,3006,3019,96,-13,96.00000,-0.03352
534F4C31,18024,152824143,275,195,3006,3013,80,-7,80.00000,-0.01805
534F4C31,18025,152829550,288,243,3006,3019,45,-13,45.00000,-0.03352
534F4C31,18026,152835594,309,202,2999,3017,107,-18,107.00000,-0.04642
534F4C31,18027,152839928,300,159,2998,3021,141,-23,141.00000,-0.05931
534F4C31,18028,152844450,320,210,2992,3019,110,-27,110.00000,-0.06963
534F4C31,18028,152849565,341,191,3006,3021,150,-15,150.00000,-0.03868
534F4C31,18028,152854140,332,220,3009,3020,112,-11,112.00000,-0.02837
534F4C31,18029,152859138,303,207,2993,3013,96,-20,96.00000,-0.05158
534F4C31,18030,152864134,307,296,3005,3015,11,-10,11.00000,-0.02579
534F4C31,18030,152869756,252,210,2996,3009,42,-13,42.00000,-0.03352
534F4C31,18031,152874129,276,203,3007,3011,73,-4,73.00000,-0.01032
534F4C31,18031,152879128,321,186,2998,3006,135,-8,135.00000,-0.02063
534F4C31,18032,152884186,324,239,3011,3014,85,-3,85.00000,-0.00774
534F4C31,18033,152889130,311,222,3016,3019,89,-3,89.00000,-0.00774
534F4C31,18034,152894145,299,244,2998,3015,55,-17,55.00000,-0.04384
534F4C31,18034,152900298,302,176,2998,3007,126,-9,126.00000,-0.02321
534F4C31,18034,152904315,300,190,2999,3009,110,-10,110.00000,-0.02579
534F4C31,18035,152909179,294,237,2998,3018,57,-20,57.00000,-0.05158
534F4C31,18035,152914135,299,225,3000,3017,74,-17,74.00000,-0.04384
534F4C31,18036,152919170,326,231,3006,3015,95,-9,95.00000,-0.02321
534F4C31,18036,152924126,294,165,3017,3014,129,3,129.00000,0.00774
534F4C31,18036,152929432,347,240,3015,3023,107,-8,107.00000,-0.02063
534F4C31,18036,152934140,353,240,3001,3008,113,-7,113.00000,-0.01805
534F4C31,18037,152939158,339,217,3004,3012,122,-8,122.00000,-0.02063
534F4C31,18038,152944149,296,195,3011,3010,101,1,101.00000,0.00258
534F4C31,18039,152949186,286,273,3004,3013,13,-9,13.00000,-0.02321
534F4C31,18040,152957216,270,184,3034,3016,86,18,86.00000,0.04642
534F4C31,18041,152960786,278,191,3015,3009,87,6,87.00000,0.01547
534F4C31,18042,152966024,333,217,3007,3000,116,7,116.00000,0.01805
534F4C31,18043,152969301,279,232,3007,3022,47,-15,47.00000,-0.03868
534F4C31,18043,152976170,261,187,3008,3008,74,0,74.00000,0.00000
534F4C31,18043,152979565,270,185,3008,3013,85,-5,85.00000,-0.01289
534F4C31,18043,152984152,316,217,3003,3015,99,-12,99.00000,-0.03095
534F4C31,18043,152989145,326,219,3005,3011,107,-6,107.00000,-0.01547
534F4C31,18044,152994175,298,270,3000,3009,28,-9,28.00000,-0.02321
534F4C31,18045,152999147,279,237,3005,3019,42,-14,42.00000,-0.03610
534F4C31,18046,153004383,279,223,3005,3019,56,-14,56.00000,-0.03610
534F4C31,18046,153009388,292,206,3004,3015,86,-11,86.00000,-0.02837
534F4C31,18047,153014172,327,233,3009,2990,94,19,94.00000,0.04900
534F4C31,18047,153019267,333,192,3012,3040,141,-28,141.00000,-0.07221
534F4C31,18048,153024157,324,233,3006,3014,91,-8,91.00000,-0.02063
534F4C31,18049,153030153,316,182,3020,3012,134,8,134.00000,0.02063
534F4C31,18049,153034292,333,189,3008,3004,144,4,144.00000,0.01032
534F4C31,18050,153039679,294,226,3007,3008,68,-1,68.00000,-0.00258
534F4C31,18051,153044344,265,176,3012,3016,89,-4,89.00000,-0.01032
534F4C31,18052,153049320,324,235,3012,3013,89,-1,89.00000,-0.00258
534F4C31,18053,153054195,300,210,3006,3016,90,-10,90.00000,-0.02579
534F4C31,18054,153059149,292,262,2996,3023,30,-27,30.00000,-0.06963
534F4C31,18054,153064995,257,191,3011,3008,66,3,66.00000,0.00774
534F4C31,18054,153069147,282,170,3009,3024,112,-15,112.00000,-0.03868
534F4C31,18055,153074174,312,202,3019,3012,110,7,110.00000,0.01805
534F4C31,18056,153079385,345,240,3015,3019,105,-4,105.00000,-0.01032
534F4C31,18057,153084444,325,239,3011,3009,86,2,86.00000,0.00516
534F4C31,18058,153089260,287,180,3001,3001,107,0,107.00000,0.00000
534F4C31,18058,153094129,308,166,3002,3014,142,-12,142.00000,-0.03095
534F4C31,18058,153099292,349,240,3019,3003,109,16,109.00000,0.04126
534F4C31,18058,153104154,339,217,3003,2981,122,22,122.00000,0.05673
534F4C31,18058,153109145,319,217,3005,3004,102,1,102.00000,0.00258
534F4C31,18058,153114186,347,248,3024,3015,99,9,99.00000,0.02321
534F4C31,18058,153119151,341,234,3009,3018,107,-9,107.00000,-0.02321
534F4C31,18059,153124415,302,244,3003,3012,58,-9,58.00000,-0.02321
534F4C31,18060,153129527,297,248,3009,3016,49,-7,49.00000,-0.01805
534F4C31,18061,153134447,297,193,3004,3021,104,-17,104.00000,-0.04384
534F4C31,18062,153139280,302,160,2979,3014,142,-35,142.00000,-0.09026
534F4C31,18062,153144280,324,220,3008,3014,104,-6,104.00000,-0.01547
534F4C31,18063,153149162,337,235,3004,3014,102,-10,102.00000,-0.02579
534F4C31,18064,153154189,314,202,3003,3018,112,-15,112.00000,-0.03868
534F4C31,18065,153159141,303,213,3008,3016,90,-8,90.00000,-0.02063
534F4C31,18065,153164727,343,241,3002,3011,102,-9,102.00000,-0.02321
534F4C31,18065,153169132,323,221,2996,3027,102,-31,102.00000,-0.07994
534F4C31,18066,153174136,322,202,3011,3014,120,-3,120.00000,-0.00774
534F4C31,18067,153179154,345,241,3017,3014,104,3,104.00000,0.00774
534F4C31,18068,153184530,340,220,3030,2998,120,32,120.00000,0.08252
534F4C31,18069,153189605,299,220,3002,3014,79,-12,79.00000,-0.03095
534F4C31,18069,153194119,243,188,3007,3019,55,-12,55.00000,-0.03095
534F4C31,18069,153199156,304,250,3005,3015,54,-10,54.00000,-0.02579
534F4C31,18069,153204135,289,213,3007,3016,76,-9,76.00000,-0.02321
534F4C31,18070,153209444,294,253,2999,3030,41,-31,41.00000,-0.07994
534F4C31,18071,153214142,276,208,3019,3010,68,9,68.00000,0.02321
534F4C31,18072,153220092,311,220,3006,3019,91,-13,91.00000,-0.03352
534F4C31,18073,153224481,264,142,3011,3002,122,9,122.00000,0.02321
534F4C31,18073,153231416,376,257,3007,3018,119,-11,119.00000,-0.02837
534F4C31,18073,153234136,294,197,3005,3003,97,2,97.00000,0.00516
534F4C31,18073,153239132,299,200,3001,3022,99,-21,99.00000,-0.05415
534F4C31,18073,153244136,330,232,3011,3005,98,6,98.00000,0.01547
534F4C31,18073,153249156,356,252,3005,3010,104,-5,104.00000,-0.01289
534F4C31,18074,153254291,337,254,3008,3027,83,-19,83.00000,-0.04900
534F4C31,18075,153259321,303,224,3011,3025,79,-14,79.00000,-0.03610
534F4C31,18076,153265050,356,284,3011,3011,72,0,72.00000,0.00000
534F4C31,18077,153269133,296,227,3010,3019,69,-9,69.00000,-0.02321
534F4C31,18078,153274470,296,229,3014,3033,67,-19,67.00000,-0.04900
534F4C31,18078,153280316,324,217,3020,3011,107,9,107.00000,0.02321
534F4C31,18078,153284127,310,158,2999,3019,152,-20,152.00000,-0.05158
534F4C31,18079,153289151,328,194,3004,3016,134,-12,134.00000,-0.03095
534F4C31,18080,153294516,327,151,3010,3014,176,-4,176.00000,-0.01032
534F4C31,18080,153299139,348,200,2999,3006,148,-7,148.00000,-0.01805
534F4C31,18080,153304498,340,230,3006,3012,110,-6,110.00000,-0.01547
534F4C31,18081,153309137,312,206,3011,3013,106,-2,106.00000,-0.00516
534F4C31,18082,153314136,345,243,3011,3021,102,-10,102.00000,-0.02579
534F4C31,18083,153319603,333,217,3006,3010,116,-4,116.00000,-0.01032
534F4C31,18084,153324130,297,183,3007,3011,114,-4,114.00000,-0.01032
534F4C31,18084,153330436,366,260,2999,3016,106,-17,106.00000,-0.04384
534F4C31,18085,153334137,335,227,3030,2994,108,36,108.00000,0.09284
534F4C31,18085,153339763,315,215,3021,3012,100,9,100.00000,0.02321
534F4C31,18086,153344163,321,228,2996,3024,93,-28,93.00000,-0.07221
534F4C31,18086,153349143,335,251,3000,3008,84,-8,84.00000,-0.02063
534F4C31,18086,153354162,307,218,3001,3024,89,-23,89.00000,-0.05931
534F4C31,18086,153359130,295,190,3006,3006,105,0,105.00000,0.00000
534F4C31,18086,153364133,336,232,3032,3014,104,18,104.00000,0.04642
534F4C31,18087,153369214,341,230,3002,3008,111,-6,111.00000,-0.01547
534F4C31,18088,153374152,333,220,3003,3003,113,0,113.00000,0.00000
534F4C31,18089,153379410,329,273,3025,3009,56,16,56.00000,0.04126
534F4C31,18090,153384142,310,219,3006,3000,91,6,91.00000,0.01547
534F4C31,18091,153389157,315,220,3008,3016,95,-8,95.00000,-0.02063
534F4C31,18092,153394382,287,253,3004,3001,34,3,34.00000,0.00774
534F4C31,18092,153399155,270,208,3008,3017,62,-9,62.00000,-0.02321
534F4C31,18093,153404424,295,243,3010,3036,52,-26,52.00000,-0.06705
534F4C31,18093,153409132,262,200,3008,3003,62,5,62.00000,0.01289
534F4C31,18094,153414150,327,245,3008,3017,82,-9,82.00000,-0.02321
534F4C31,18094,153419134,321,245,2999,3015,76,-16,76.00000,-0.04126
534F4C31,18094,153424361,305,208,3005,3030,97,-25,97.00000,-0.06447
534F4C31,18094,153429142,328,229,2993,3003,99,-10,99.00000,-0.02579
534F4C31,18094,153434155,349,233,3019,3015,116,4,116.00000,0.01032
534F4C31,18095,153439168,334,227,3013,3013,107,0,107.00000,0.00000
534F4C31,18096,153444187,335,277,3010,3061,58,-51,58.00000,-0.13152
534F4C31,18097,153449131,285,218,3005,3013,67,-8,67.00000,-0.02063
534F4C31,18098,153454133,314,219,2993,3015,95,-22,95.00000,-0.05673
534F4C31,18099,153459139,308,200,3007,3011,108,-4,108.00000,-0.01032
534F4C31,18099,153464139,300,221,3011,3005,79,6,79.00000,0.01547
534F4C31,18099,153469133,299,203,2993,3018,96,-25,96.00000,-0.06447
534F4C31,18099,153474138,314,212,3002,3009,102,-7,102.00000,-0.01805
534F4C31,18100,153479178,353,251,3006,2993,102,13,102.00000,0.03352
534F4C31,18101,153484290,324,263,2992,3010,61,-18,61.00000,-0.04642
534F4C31,18101,153489137,259,207,3007,3018,52,-11,52.00000,-0.02837
534F4C31,18101,153494142,291,221,3007,3019,70,-12,70.00000,-0.03095
534F4C31,18102,153499407,318,255,3019,3001,63,18,63.00000,0.04642
534F4C31,18103,153504637,282,209,3020,3010,73,10,73.00000,0.02579
534F4C31,18104,153509612,298,248,3000,3002,50,-2,50.00000,-0.00516
534F4C31,18105,153514247,278,212,2971,3014,66,-43,66.00000,-0.11089
534F4C31,18106,153519154,303,236,3007,3040,67,-33,67.00000,-0.08510
534F4C31,18107,153524236,275,208,3008,3011,67,-3,67.00000,-0.00774
534F4C31,18107,153529133,303,200,3009,3015,103,-6,103.00000,-0.01547
534F4C31,18108,153534186,342,248,3012,3016,94,-4,94.00000,-0.01032
534F4C31,18108,153539272,305,208,3010,3004,97,6,97.00000,0.01547
534F4C31,18109,153544691,320,262,3020,3015,58,5,58.00000,0.01289
534F4C31,18109,153549170,299,218,3000,3016,81,-16,81.00000,-0.04126
534F4C31,18110,153554135,315,202,3009,3013,113,-4,113.00000,-0.01032
534F4C31,18111,153559925,339,232,3002,2996,107,6,107.00000,0.01547
534F4C31,18111,153564584,307,209,3011,3009,98,2,98.00000,0.00516
534F4C31,18111,153569130,296,163,3007,3027,133,-20,133.00000,-0.05158
534F4C31,18111,153574143,316,181,3013,3021,135,-8,135.00000,-0.02063
534F4C31,18111,153579147,348,232,3020,3012,116,8,116.00000,0.02063
534F4C31,18112,153584158,356,240,3006,3016,116,-10,116.00000,-0.02579
534F4C31,18113,153589496,288,211,3010,3027,77,-17,77.00000,-0.04384
534F4C31,18114,153594381,296,213,3012,3023,83,-11,83.00000,-0.02837
534F4C31,18115,153599140,326,227,3002,3013,99,-11,99.00000,-0.02837
534F4C31,18116,153604271,323,197,3001,3048,126,-47,126.00000,-0.12120
534F4C31,18117,153609191,305,245,3019,2994,60,25,60.00000,0.06447
534F4C31,18117,153614141,297,217,3008,3002,80,6,80.00000,0.01547
534F4C31,18118,153619205,306,226,3025,3020,80,5,80.00000,0.01289
534F4C31,18119,153624592,297,211,3016,3015,86,1,86.00000,0.00258
534F4C31,18120,153629154,315,196,3002,3010,119,-8,119.00000,-0.02063
534F4C31,18120,153634162,345,238,3003,3010,107,-7,107.00000,-0.01805
534F4C31,18120,153639145,315,241,3007,3017,74,-10,74.00000,-0.02579
534F4C31,18120,153644141,287,207,3001,3009,80,-8,80.00000,-0.02063
534F4C31,18120,153649172,339,250,2996,3012,89,-16,89.00000,-0.04126
534F4C31,18121,153654245,320,240,3013,3012,80,1,80.00000,0.00258
534F4C31,18122,153659155,275,207,2997,3015,68,-18,68.00000,-0.04642
534F4C31,18123,153664505,282,271,2992,3024,11,-32,11.00000,-0.08252
534F4C31,18123,153669137,218,174,2997,3011,44,-14,44.00000,-0.03610
534F4C31,18124,153674152,280,211,3006,3010,69,-4,69.00000,-0.01032
534F4C31,18124,153679784,309,243,3026,2992,66,34,66.00000,0.08768
534F4C31,18124,153684159,317,221,3005,3012,96,-7,96.00000,-0.01805
534F4C31,18125,153689165,320,248,2999,3010,72,-11,72.00000,-0.02837
534F4C31,18125,153694383,285,201,3009,3012,84,-3,84.00000,-0.00774
534F4C31,18125,153699151,332,241,3008,3010,91,-2,91.00000,-0.00516
534F4C31,18125,153704136,332,229,3007,3014,103,-7,103.00000,-0.01805
534F4C31,18126,153709150,318,258,3007,3019,60,-12,60.00000,-0.03095
534F4C31,18127,153714170,313,241,3007,3016,72,-9,72.00000,-0.02321
534F4C31,18128,153719588,330,262,3009,3013,68,-4,68.00000,-0.01032
534F4C31,18129,153724905,261,205,3005,3007,56,-2,56.00000,-0.00516
534F4C31,18130,153729127,274,159,3009,3017,115,-8,115.00000,-0.02063
534F4C31,18131,153734751,314,220,3006,3016,94,-10,94.00000,-0.02579
534F4C31,18131,153739835,304,163,3009,3016,141,-7,141.00000,-0.01805
534F4C31,18132,153744154,291,234,2996,3019,57,-23,57.00000,-0.05931
534F4C31,18133,153749833,299,191,3005,3010,108,-5,108.00000,-0.01289
534F4C31,18133,153754132,300,193,3006,3008,107,-2,107.00000,-0.00516
534F4C31,18134,153759162,310,272,3010,3010,38,0,38.00000,0.00000
534F4C31,18135,153764525,255,200,3010,3011,55,-1,55.00000,-0.00258
534F4C31,18136,153769150,287,192,3005,3014,95,-9,95.00000,-0.02321
534F4C31,18136,153774714,287,233,3019,3008,54,11,54.00000,0.02837
534F4C31,18137,153779137,285,207,3016,3013,78,3,78.00000,0.00774
534F4C31,18138,153784131,310,239,3009,3020,71,-11,71.00000,-0.02837
534F4C31,18138,153789532,292,197,3013,3027,95,-14,95.00000,-0.03610
534F4C31,18139,153794143,301,241,3004,3030,60,-26,60.00000,-0.06705
534F4C31,18140,153799516,305,206,3011,3017,99,-6,99.00000,-0.01547
534F4C31,18141,153804130,306,190,3007,3015,116,-8,116.00000,-0.02063
534F4C31,18142,153809138,309,255,3028,3038,54,-10,54.00000,-0.02579
534F4C31,18143,153815240,300,182,3012,3005,118,7,118.00000,0.01805
534F4C31,18143,153819128,289,196,3013,3018,93,-5,93.00000,-0.01289
534F4C31,18143,153824513,292,184,3000,3030,108,-30,108.00000,-0.07736
534F4C31,18143,153829145,322,216,3009,3007,106,2,106.00000,0.00516
534F4C31,18144,153834137,353,235,3000,3015,118,-15,118.00000,-0.03868
534F4C31,18144,153839154,334,205,3008,3015,129,-7,129.00000,-0.01805
534F4C31,18144,153844140,336,224,3010,3023,112,-13,112.00000,-0.03352
534F4C31,18145,153849165,335,274,3004,3004,61,0,61.00000,0.00000
534F4C31,18146,153855394,297,203,3006,3005,94,1,94.00000,0.00258
534F4C31,18146,153859132,277,166,3006,3015,111,-9,111.00000,-0.02321
534F4C31,18146,153864254,336,245,3007,3028,91,-21,91.00000,-0.05415
534F4C31,18146,153869149,302,180,3006,3014,122,-8,122.00000,-0.02063
534F4C31,18147,153874154,320,207,3025,3015,113,10,113.00000,0.02579
534F4C31,18148,153879159,328,241,3012,3015,87,-3,87.00000,-0.00774
534F4C31,18149,153885005,325,244,3007,3013,81,-6,81.00000,-0.01547
534F4C31,18149,153889872,294,192,3003,3016,102,-13,102.00000,-0.03352
534F4C31,18149,153896100,347,267,3001,3033,80,-32,80.00000,-0.08252
534F4C31,18149,153899132,284,195,3023,3009,89,14,89.00000,0.03610
534F4C31,18149,153904437,320,231,3016,3039,89,-23,89.00000,-0.05931
534F4C31,18149,153909141,311,220,2996,3015,91,-19,91.00000,-0.04900
534F4C31,18150,153914154,347,244,3002,3015,103,-13,103.00000,-0.03352
534F4C31,18151,153919151,333,232,3007,2997,101,10,101.00000,0.02579
534F4C31,18152,153924182,271,266,3005,3012,5,-7,5.00000,-0.01805
534F4C31,18153,153929249,233,190,3007,3013,43,-6,43.00000,-0.01547
534F4C31,18154,153934157,263,250,3013,3012,13,1,13.00000,0.00258
534F4C31,18155,153940789,251,191,3006,3025,60,-19,60.00000,-0.04900
534F4C31,18155,153946992,329,223,3009,3025,106,-16,106.00000,-0.04126
534F4C31,18155,153950880,308,193,3005,3044,115,-39,115.00000,-0.10057
534F4C31,18155,153954128,276,163,3018,3013,113,5,113.00000,0.01289
534F4C31,18156,153959336,304,248,3008,3003,56,5,56.00000,0.01289
534F4C31,18157,153964177,289,212,3009,3008,77,1,77.00000,0.00258
534F4C31,18158,153969143,292,236,2998,3037,56,-39,56.00000,-0.10057
534F4C31,18159,153974700,279,208,2990,3011,71,-21,71.00000,-0.05415
534F4C31,18160,153980055,325,215,3007,3020,110,-13,110.00000,-0.03352
534F4C31,18160,153986511,340,213,3006,2995,127,11,127.00000,0.02837
534F4C31,18160,153989128,280,149,3025,3011,131,14,131.00000,0.03610
534F4C31,18160,153994133,331,205,3011,3014,126,-3,126.00000,-0.00774
534F4C31,18160,153999154,356,246,3005,3014,110,-9,110.00000,-0.02321
534F4C31,18160,154004165,345,232,2999,3015,113,-16,113.00000,-0.04126
534F4C31,18161,154009167,306,259,3007,3020,47,-13,47.00000,-0.03352
534F4C31,18162,154014149,300,228,3007,3012,72,-5,72.00000,-0.01289
534F4C31,18163,154019146,313,219,3017,3012,94,5,94.00000,0.01289
534F4C31,18164,154024141,308,151,3007,3013,157,-6,157.00000,-0.01547
534F4C31,18165,154029188,326,250,3003,3014,76,-11,76.00000,-0.02837
534F4C31,18165,154034825,327,219,3000,3019,108,-19,108.00000,-0.04900
534F4C31,18165,154039647,319,214,2997,3026,105,-29,105.00000,-0.07478
534F4C31,18165,154044134,317,208,3014,3010,109,4,109.00000,0.01032
534F4C31,18166,154049127,336,234,3006,3023,102,-17,102.00000,-0.04384
534F4C31,18167,154054253,335,228,3006,3012,107,-6,107.00000,-0.01547
534F4C31,18168,154059567,320,255,3009,3017,65,-8,65.00000,-0.02063
534F4C31,18169,154065786,344,244,3000,3015,100,-15,100.00000,-0.03868
534F4C31,18170,154071683,324,189,3011,3009,135,2,135.00000,0.00516
534F4C31,18170,154076413,291,143,3004,3016,148,-12,148.00000,-0.03095
534F4C31,18170,154079146,273,141,3005,3008,132,-3,132.00000,-0.00774
534F4C31,18170,154084148,329,184,3000,3017,145,-17,145.00000,-0.04384
534F4C31,18171,154089441,299,224,3007,3006,75,1,75.00000,0.00258
534F4C31,18172,154094340,292,201,3008,3013,91,-5,91.00000,-0.01289
534F4C31,18173,154099238,289,218,3004,3017,71,-13,71.00000,-0.03352
534F4C31,18173,154104128,249,198,3004,3021,51,-17,51.00000,-0.04384
534F4C31,18174,154109172,272,230,3002,3013,42,-11,42.00000,-0.02837
534F4C31,18174,154114220,281,170,3007,3015,111,-8,111.00000,-0.02063
534F4C31,18175,154119134,318,215,3012,3016,103,-4,103.00000,-0.01032
534F4C31,18175,154124138,292,207,3016,3009,85,7,85.00000,0.01805
534F4C31,18176,154129155,310,228,3014,3016,82,-2,82.00000,-0.00516
534F4C31,18176,154134298,325,203,3017,3020,122,-3,122.00000,-0.00774
534F4C31,18176,154139138,317,207,3021,3015,110,6,110.00000,0.01547
534F4C31,18176,154144142,338,236,3007,3017,102,-10,102.00000,-0.02579
534F4C31,18177,154149164,351,251,3006,3015,100,-9,100.00000,-0.02321
534F4C31,18178,154154158,333,245,3003,3012,88,-9,88.00000,-0.02321
534F4C31,18179,154159902,304,225,2995,3015,79,-20,79.00000,-0.05158
534F4C31,18180,154164306,281,265,3006,3000,16,6,16.00000,0.01547
534F4C31,18181,154169564,224,170,3018,3014,54,4,54.00000,0.01032
534F4C31,18182,154174142,267,206,3007,3017,61,-10,61.00000,-0.02579
534F4C31,18183,154179704,316,234,3014,3024,82,-10,82.00000,-0.02579
534F4C31,18183,154184150,326,231,3004,3015,95,-11,95.00000,-0.02837
534F4C31,18183,154189299,286,172,3007,3008,114,-1,114.00000,-0.00258
534F4C31,18184,154194163,326,247,2999,3023,79,-24,79.00000,-0.06189
534F4C31,18184,154200339,334,192,3010,3038,142,-28,142.00000,-0.07221
534F4C31,18184,154204133,306,178,3014,3019,128,-5,128.00000,-0.01289
534F4C31,18184,154209150,326,213,3007,3002,113,5,113.00000,0.01289
534F4C31,18184,154214139,351,246,3009,3020,105,-11,105.00000,-0.02837
534F4C31,18185,154219171,342,262,3008,3007,80,1,80.00000,0.00258
534F4C31,18186,154224309,280,208,3024,3021,72,3,72.00000,0.00774
534F4C31,18187,154229156,269,226,2996,3014,43,-18,43.00000,-0.04642
534F4C31,18188,154234349,276,160,2997,3020,116,-23,116.00000,-0.05931
534F4C31,18188,154240004,318,202,3004,3024,116,-20,116.00000,-0.05158
534F4C31,18189,154244159,322,217,3009,3018,105,-9,105.00000,-0.02321
534F4C31,18190,154249178,305,268,3006,3013,37,-7,37.00000,-0.01805
534F4C31,18191,154255160,280,224,3004,3001,56,3,56.00000,0.00774
534F4C31,18192,154261209,330,247,3005,3020,83,-15,83.00000,-0.03868
534F4C31,18192,154266119,345,233,3007,3022,112,-15,112.00000,-0.03868
534F4C31,18192,154269147,284,173,3003,3015,111,-12,111.00000,-0.03095
534F4C31,18193,154274147,306,262,3011,3005,44,6,44.00000,0.01547
534F4C31,18194,154279491,271,189,2997,3011,82,-14,82.00000,-0.03610
534F4C31,18194,154285611,337,214,3011,3010,123,1,123.00000,0.00258
534F4C31,18194,154289128,298,181,3011,3033,117,-22,117.00000,-0.05673
534F4C31,18194,154294137,334,230,3006,3014,104,-8,104.00000,-0.02063
534F4C31,18194,154299151,356,253,3008,3015,103,-7,103.00000,-0.01805
534F4C31,18194,154304152,342,235,3007,3014,107,-7,107.00000,-0.01805
534F4C31,18195,154309177,335,234,3013,3018,101,-5,101.00000,-0.01289
534F4C31,18196,154314154,352,228,3005,3005,124,0,124.00000,0.00000
534F4C31,18197,154319190,347,216,3006,3018,131,-12,131.00000,-0.03095
534F4C31,18198,154324145,325,178,3012,3014,147,-2,147.00000,-0.00516
534F4C31,18199,154329442,351,228,3002,3023,123,-21,123.00000,-0.05415
534F4C31,18200,154334292,345,174,3013,3010,171,3,171.00000,0.00774
534F4C31,18200,154339140,327,191,3006,3024,136,-18,136.00000,-0.04642
534F4C31,18200,154344133,321,179,3023,3025,142,-2,142.00000,-0.00516
534F4C31,18200,154349426,361,251,3007,3013,110,-6,110.00000,-0.01547
534F4C31,18200,154354135,331,219,3013,3013,112,0,112.00000,0.00000
534F4C31,18201,154359322,336,230,2999,3016,106,-17,106.00000,-0.04384
534F4C31,18202,154364193,355,247,3007,3016,108,-9,108.00000,-0.02321
534F4C31,18203,154370230,361,254,3006,3017,107,-11,107.00000,-0.02837
534F4C31,18203,154374138,283,208,2999,3014,75,-15,75.00000,-0.03868
534F4C31,18203,154379134,297,219,3006,3006,78,0,78.00000,0.00000
534F4C31,18204,154384512,300,264,3017,3008,36,9,36.00000,0.02321
534F4C31,18205,154389453,263,210,3015,3013,53,2,53.00000,0.00516
534F4C31,18206,154394476,272,286,3026,3046,-14,-20,-14.00000,-0.05158
534F4C31,18207,154400250,257,216,3032,3011,41,21,41.00000,0.05415
534F4C31,18208,154406277,314,231,3012,2996,83,16,83.00000,0.04126
534F4C31,18208,154410507,307,217,3022,3016,90,6,90.00000,0.01547
534F4C31,18208,154414147,304,207,3017,3013,97,4,97.00000,0.01032
534F4C31,18209,154419155,328,223,3021,3000,105,21,105.00000,0.05415
534F4C31,18210,154424142,320,255,3017,3036,65,-19,65.00000,-0.04900
534F4C31,18210,154429954,314,197,3014,3014,117,0,117.00000,0.00000
534F4C31,18210,154434170,326,214,3015,3001,112,14,112.00000,0.03610
534F4C31,18211,154439156,322,220,3015,3038,102,-23,102.00000,-0.05931
534F4C31,18212,154444187,338,261,3019,3038,77,-19,77.00000,-0.04900
534F4C31,18213,154449489,294,191,3022,3013,103,9,103.00000,0.02321
534F4C31,18213,154454896,330,195,3022,3027,135,-5,135.00000,-0.01289
534F4C31,18213,154460797,350,194,3033,3029,156,4,156.00000,0.01032
534F4C31,18213,154464348,324,201,3025,3019,123,6,123.00000,0.01547
534F4C31,18213,154469138,318,205,3029,3013,113,16,113.00000,0.04126
534F4C31,18214,154474132,324,214,3019,3020,110,-1,110.00000,-0.00258
534F4C31,18215,154479263,313,260,3020,3013,53,7,53.00000,0.01805
534F4C31,18216,154484353,290,204,3019,3014,86,5,86.00000,0.01289
534F4C31,18217,154490123,326,212,3029,3015,114,14,114.00000,0.03610
534F4C31,18217,154495157,347,243,3022,3001,104,21,104.00000,0.05415
534F4C31,18218,154499146,327,242,3022,3015,85,7,85.00000,0.01805
534F4C31,18219,154504168,302,226,3020,3021,76,-1,76.00000,-0.00258
534F4C31,18220,154509754,311,239,3030,3007,72,23,72.00000,0.05931
534F4C31,18221,154514614,294,280,3005,3007,14,-2,14.00000,-0.00516
534F4C31,18221,154519145,229,185,3020,3007,44,13,44.00000,0.03352
534F4C31,18222,154524675,296,241,3019,3008,55,11,55.00000,0.02837
534F4C31,18222,154529449,306,239,3018,3014,67,4,67.00000,0.01032
534F4C31,18222,154534135,326,217,3015,3017,109,-2,109.00000,-0.00516
534F4C31,18222,154539157,330,221,3014,3003,109,11,109.00000,0.02837
534F4C31,18223,154544133,344,239,3025,3012,105,13,105.00000,0.03352
534F4C31,18223,154549367,369,262,3022,3004,107,18,107.00000,0.04642
534F4C31,18224,154554664,362,249,3024,3010,113,14,113.00000,0.03610
534F4C31,18225,154559266,323,239,3029,3010,84,19,84.00000,0.04900
534F4C31,18226,154564756,331,177,3024,3013,154,11,154.00000,0.02837
534F4C31,18227,154569146,325,210,3028,3011,115,17,115.00000,0.04384
534F4C31,18227,154575647,336,236,3019,3039,100,-20,100.00000,-0.05158
534F4C31,18228,154579128,311,212,3022,3010,99,12,99.00000,0.03095
534F4C31,18229,154585213,342,270,3023,3018,72,5,72.00000,0.01289
534F4C31,18230,154589544,276,195,3021,3027,81,-6,81.00000,-0.01547
534F4C31,18231,154594585,308,258,3026,2996,50,30,50.00000,0.07736
534F4C31,18231,154599532,305,244,3019,3013,61,6,61.00000,0.01547
534F4C31,18231,154604357,307,209,3014,3006,98,8,98.00000,0.02063
534F4C31,18231,154609144,312,225,3025,3023,87,2,87.00000,0.00516
534F4C31,18231,154614135,342,248,3011,3015,94,-4,94.00000,-0.01032
534F4C31,18232,154619681,352,254,3022,3013,98,9,98.00000,0.02321
534F4C31,18232,154624299,324,218,3018,2993,106,25,106.00000,0.06447
534F4C31,18233,154629167,302,294,3017,3027,8,-10,8.00000,-0.02579
534F4C31,18234,154634818,251,219,3023,3011,32,12,32.00000,0.03095
534F4C31,18234,154639133,255,173,3042,3012,82,30,82.00000,0.07736
534F4C31,18235,154645286,346,258,3020,3001,88,19,88.00000,0.04900
534F4C31,18236,154649144,329,231,3026,3013,98,13,98.00000,0.03352
534F4C31,18237,154654137,306,239,3022,3003,67,19,67.00000,0.04900
534F4C31,18238,154659406,284,248,3015,3001,36,14,36.00000,0.03610
534F4C31,18239,154665484,280,252,3018,3023,28,-5,28.00000,-0.01289
534F4C31,18240,154670975,282,191,2996,3016,91,-20,91.00000,-0.05158
534F4C31,18240,154675399,288,211,3020,3005,77,15,77.00000,0.03868
534F4C31,18240,154679143,271,160,3030,3002,111,28,111.00000,0.07221
534F4C31,18241,154684569,335,225,3022,3017,110,5,110.00000,0.01289
534F4C31,18241,154689141,307,163,3024,3015,144,9,144.00000,0.02321
534F4C31,18241,154694285,339,216,2998,3021,123,-23,123.00000,-0.05931
534F4C31,18242,154699134,350,240,3031,3014,110,17,110.00000,0.04384
534F4C31,18243,154704248,331,228,3025,3012,103,13,103.00000,0.03352
534F4C31,18244,154709368,316,188,3026,3011,128,15,128.00000,0.03868
534F4C31,18244,154714344,347,226,3019,3016,121,3,121.00000,0.00774
534F4C31,18245,154719147,322,187,3015,3015,135,0,135.00000,0.00000
534F4C31,18246,154724593,331,184,3022,3015,147,7,147.00000,0.01805
534F4C31,18247,154729791,340,228,3017,3014,112,3,112.00000,0.00774
534F4C31,18247,154734137,312,166,3020,3039,146,-19,146.00000,-0.04900
534F4C31,18248,154739171,321,194,3016,3012,127,4,127.00000,0.01032
534F4C31,18249,154744504,350,235,3022,2997,115,25,115.00000,0.06447
534F4C31,18250,154749151,345,272,3020,3014,73,6,73.00000,0.01547
534F4C31,18250,154754136,280,207,3028,3016,73,12,73.00000,0.03095
534F4C31,18251,154759174,280,305,3025,3016,-25,9,-25.00000,0.02321
534F4C31,18251,154765654,242,223,3018,3036,19,-18,19.00000,-0.04642
534F4C31,18251,154769133,252,183,3031,3037,69,-6,69.00000,-0.01547
534F4C31,18252,154774168,288,237,3026,3000,51,26,51.00000,0.06705
534F4C31,18253,154780644,317,211,3026,3015,106,11,106.00000,0.02837
534F4C31,18253,154785945,333,236,3021,3015,97,6,97.00000,0.01547
534F4C31,18253,154789134,278,172,3011,3026,106,-15,106.00000,-0.03868
534F4C31,18253,154794173,326,233,3026,2994,93,32,93.00000,0.08252
534F4C31,18254,154799154,342,266,3020,3016,76,4,76.00000,0.01032
534F4C31,18254,154804144,310,241,3013,3009,69,4,69.00000,0.01032
534F4C31,18254,154809150,305,227,3025,3023,78,2,78.00000,0.00516
534F4C31,18254,154814139,339,253,3023,3012,86,11,86.00000,0.02837
534F4C31,18255,154819154,335,238,3017,3030,97,-13,97.00000,-0.03352
534F4C31,18256,154824152,294,261,3016,3011,33,5,33.00000,0.01289
534F4C31,18257,154829163,264,190,3026,3016,74,10,74.00000,0.02579
534F4C31,18258,154834148,317,208,3022,3010,109,12,109.00000,0.03095
534F4C31,18259,154839802,319,254,3020,3009,65,11,65.00000,0.02837
534F4C31,18260,154846218,325,250,3013,3002,75,11,75.00000,0.02837
534F4C31,18260,154850293,315,176,3023,3009,139,14,139.00000,0.03610
534F4C31,18260,154854131,300,167,3025,3026,133,-1,133.00000,-0.00258
534F4C31,18260,154859165,325,215,3022,3028,110,-6,110.00000,-0.01547
534F4C31,18261,154864145,356,247,3019,3017,109,2,109.00000,0.00516
534F4C31,18262,154869125,346,220,3023,3018,126,5,126.00000,0.01289
534F4C31,18263,154874243,297,276,2992,3011,21,-19,21.00000,-0.04900
534F4C31,18263,154879140,245,192,3017,3004,53,13,53.00000,0.03352
534F4C31,18263,154884139,321,236,3018,3035,85,-17,85.00000,-0.04384
534F4C31,18264,154889151,327,234,3027,3016,93,11,93.00000,0.02837
534F4C31,18265,154894323,344,265,3028,3010,79,18,79.00000,0.04642
534F4C31,18266,154899409,304,263,3021,3021,41,0,41.00000,0.00000
534F4C31,18267,154904618,246,178,3029,3001,68,28,68.00000,0.07221
534F4C31,18268,154909148,284,234,3022,3020,50,2,50.00000,0.00516
534F4C31,18268,154914127,298,238,3020,3009,60,11,60.00000,0.02837
534F4C31,18268,154919182,283,243,3040,3012,40,28,40.00000,0.07221
534F4C31,18268,154924270,262,208,3021,3015,54,6,54.00000,0.01547
534F4C31,18268,154929136,301,227,3026,3001,74,25,74.00000,0.06447
534F4C31,18268,154934139,338,242,3020,3003,96,17,96.00000,0.04384
534F4C31,18269,154939192,327,231,3022,3006,96,16,96.00000,0.04126
534F4C31,18270,154944659,338,236,3035,3014,102,21,102.00000,0.05415
534F4C31,18271,154950349,347,265,3008,3034,82,-26,82.00000,-0.06705
534F4C31,18272,154955361,283,222,3020,3030,61,-10,61.00000,-0.02579
534F4C31,18273,154959500,260,228,3018,3035,32,-17,32.00000,-0.04384
534F4C31,18273,154965201,311,224,3015,3024,87,-9,87.00000,-0.02321
534F4C31,18274,154969128,297,177,3019,3016,120,3,120.00000,0.00774
534F4C31,18275,154974270,309,203,3017,3015,106,2,106.00000,0.00516
534F4C31,18275,154979216,323,199,3029,3016,124,13,124.00000,0.03352
534F4C31,18276,154984176,327,248,3028,3021,79,7,79.00000,0.01805
534F4C31,18276,154989198,283,213,3034,3026,70,8,70.00000,0.02063
534F4C31,18276,154994313,294,211,3017,3025,83,-8,83.00000,-0.02063
534F4C31,18277,154999147,331,244,3020,3016,87,4,87.00000,0.01032
534F4C31,18277,155004156,320,251,3021,2996,69,25,69.00000,0.06447
534F4C31,18277,155009420,274,169,3029,3011,105,18,105.00000,0.04642
534F4C31,18278,155014694,327,248,3014,3008,79,6,79.00000,0.01547
534F4C31,18278,155020180,312,174,3021,3012,138,9,138.00000,0.02321
534F4C31,18279,155024156,289,234,3022,3015,55,7,55.00000,0.01805
534F4C31,18280,155029988,290,218,3029,3014,72,15,72.00000,0.03868
534F4C31,18280,155034142,297,155,3028,2985,142,43,142.00000,0.11089
534F4C31,18281,155039189,301,218,3019,3003,83,16,83.00000,0.04126
534F4C31,18282,155044133,287,191,3024,3009,96,15,96.00000,0.03868
534F4C31,18283,155049327,345,255,3023,3013,90,10,90.00000,0.02579
534F4C31,18283,155054128,327,233,3022,3019,94,3,94.00000,0.00774
534F4C31,18284,155060046,322,260,3008,3003,62,5,62.00000,0.01289
534F4C31,18285,155064628,274,210,3019,3016,64,3,64.00000,0.00774
534F4C31,18285,155070272,300,182,3039,3019,118,20,118.00000,0.05158
534F4C31,18285,155074142,278,157,3025,3011,121,14,121.00000,0.03610
534F4C31,18285,155079175,327,226,3022,3001,101,21,101.00000,0.05415
534F4C31,18285,155084134,342,238,3013,3011,104,2,104.00000,0.00516
534F4C31,18286,155089169,317,240,3020,3014,77,6,77.00000,0.01547
534F4C31,18287,155094619,301,220,3021,2996,81,25,81.00000,0.06447
534F4C31,18288,155099687,308,252,3019,2996,56,23,56.00000,0.05931
534F4C31,18288,155104546,279,202,3025,3018,77,7,77.00000,0.01805
534F4C31,18289,155109151,288,233,3019,2993,55,26,55.00000,0.06705
534F4C31,18290,155114393,317,238,3021,3011,79,10,79.00000,0.02579
534F4C31,18291,155119143,294,197,3012,3012,97,0,97.00000,0.00000
534F4C31,18292,155124658,279,229,3023,3029,50,-6,50.00000,-0.01547
534F4C31,18292,155129337,277,207,3023,3015,70,8,70.00000,0.02063
534F4C31,18292,155134141,318,227,3017,3015,91,2,91.00000,0.00516
534F4C31,18293,155139141,324,224,3019,2998,100,21,100.00000,0.05415
534F4C31,18294,155144153,337,217,3009,2992,120,17,120.00000,0.04384
534F4C31,18294,155149955,345,217,3043,3015,128,28,128.00000,0.07221
534F4C31,18295,155155161,311,219,3021,3003,92,18,92.00000,0.04642
534F4C31,18296,155159142,277,216,3021,3014,61,7,61.00000,0.01805
534F4C31,18296,155164148,284,242,3050,3011,42,39,42.00000,0.10057
534F4C31,18296,155169159,273,196,3011,3004,77,7,77.00000,0.01805
534F4C31,18297,155174157,306,225,3030,3029,81,1,81.00000,0.00258
534F4C31,18298,155179564,332,183,3020,3009,149,11,149.00000,0.02837
534F4C31,18299,155184462,320,226,3020,3009,94,11,94.00000,0.02837
534F4C31,18299,155189709,288,190,3022,3021,98,1,98.00000,0.00258
534F4C31,18299,155194669,283,246,3029,3015,37,14,37.00000,0.03610
534F4C31,18299,155199132,252,197,3019,3019,55,0,55.00000,0.00000
534F4C31,18299,155204147,298,220,3024,3019,78,5,78.00000,0.01289
534F4C31,18300,155209141,312,228,3019,3018,84,1,84.00000,0.00258
534F4C31,18301,155214160,337,247,3032,3012,90,20,90.00000,0.05158
534F4C31,18302,155219151,294,217,3024,3027,77,-3,77.00000,-0.00774
534F4C31,18303,155225058,298,214,3010,3012,84,-2,84.00000,-0.00516
534F4C31,18304,155229130,289,164,3023,3015,125,8,125.00000,0.02063
534F4C31,18305,155234735,306,263,3022,3015,43,7,43.00000,0.01805
534F4C31,18305,155240052,240,165,3019,3014,75,5,75.00000,0.01289
534F4C31,18306,155245029,307,254,3022,3011,53,11,53.00000,0.02837
534F4C31,18307,155249147,273,204,3015,3022,69,-7,69.00000,-0.01805
534F4C31,18307,155254540,302,192,3019,3017,110,2,110.00000,0.00516
534F4C31,18308,155259149,298,202,3026,3022,96,4,96.00000,0.01032
534F4C31,18308,155264153,338,247,3018,3013,91,5,91.00000,0.01289
534F4C31,18308,155269136,325,228,3000,2987,97,13,97.00000,0.03352
534F4C31,18309,155274158,306,208,3008,3016,98,-8,98.00000,-0.02063
534F4C31,18309,155279820,342,266,3013,3019,76,-6,76.00000,-0.01547
534F4C31,18309,155284149,305,226,3019,3014,79,5,79.00000,0.01289
534F4C31,18310,155289155,295,233,2997,2990,62,7,62.00000,0.01805
534F4C31,18310,155294652,300,225,3023,3011,75,12,75.00000,0.03095
534F4C31,18310,155299137,313,228,3020,3018,85,2,85.00000,0.00516
534F4C31,18311,155304195,300,256,3020,3019,44,1,44.00000,0.00258
534F4C31,18312,155309151,246,230,3018,3018,16,0,16.00000,0.00000
534F4C31,18313,155314130,279,219,3031,3016,60,15,60.00000,0.03868
534F4C31,18314,155319921,324,235,3019,3019,89,0,89.00000,0.00000
534F4C31,18315,155324823,275,168,3025,3009,107,16,107.00000,0.04126
534F4C31,18315,155330620,347,183,3013,3006,164,7,164.00000,0.01805
534F4C31,18315,155334440,315,195,3017,3055,120,-38,120.00000,-0.09799
534F4C31,18315,155339133,305,196,3012,3023,109,-11,109.00000,-0.02837
534F4C31,18316,155344134,337,235,3021,3014,102,7,102.00000,0.01805
534F4C31,18317,155349149,341,205,3020,3012,136,8,136.00000,0.02063
534F4C31,18318,155354508,318,196,3025,3015,122,10,122.00000,0.02579
534F4C31,18318,155359706,306,174,3021,3015,132,6,132.00000,0.01547
534F4C31,18319,155364180,334,219,3025,3012,115,13,115.00000,0.03352
534F4C31,18320,155369168,327,259,3044,3013,68,31,68.00000,0.07994
534F4C31,18321,155374796,275,174,3025,3028,101,-3,101.00000,-0.00774
534F4C31,18322,155380565,347,199,3015,3027,148,-12,148.00000,-0.03095
534F4C31,18323,155385883,337,229,3020,3015,108,5,108.00000,0.01289
534F4C31,18323,155390234,273,185,3021,3003,88,18,88.00000,0.04642
534F4C31,18323,155394633,281,171,3014,3015,110,-1,110.00000,-0.00258
534F4C31,18324,155399169,310,208,3022,3020,102,2,102.00000,0.00516
534F4C31,18324,155404524,322,230,3017,3027,92,-10,92.00000,-0.02579
534F4C31,18324,155409140,310,218,3017,3022,92,-5,92.00000,-0.01289
534F4C31,18325,155414170,346,253,3032,3031,93,1,93.00000,0.00258
534F4C31,18325,155419138,334,235,3032,3012,99,20,99.00000,0.05158
534F4C31,18326,155424131,303,187,3019,2990,116,29,116.00000,0.07478
534F4C31,18326,155430308,364,257,3025,3008,107,17,107.00000,0.04384
534F4C31,18326,155434178,337,219,3019,3015,118,4,118.00000,0.01032
534F4C31,18327,155439159,322,223,3003,3014,99,-11,99.00000,-0.02837
534F4C31,18327,155444130,290,175,3022,3014,115,8,115.00000,0.02063
534F4C31,18328,155449283,313,256,3043,3034,57,9,57.00000,0.02321
534F4C31,18329,155454139,261,194,3019,3023,67,-4,67.00000,-0.01032
534F4C31,18330,155459324,296,243,3019,3003,53,16,53.00000,0.04126
534F4C31,18331,155464296,311,221,3023,3010,90,13,90.00000,0.03352
534F4C31,18332,155469141,294,212,3011,3020,82,-9,82.00000,-0.02321
534F4C31,18332,155474953,303,195,3023,2997,108,26,108.00000,0.06705
534F4C31,18332,155479670,330,239,3012,3016,91,-4,91.00000,-0.01032
534F4C31,18333,155484226,331,226,3020,3022,105,-2,105.00000,-0.00516
534F4C31,18334,155489133,324,223,3021,3010,101,11,101.00000,0.02837
534F4C31,18335,155494735,328,262,3014,3012,66,2,66.00000,0.00516
534F4C31,18336,155499225,289,243,3019,3012,46,7,46.00000,0.01805
534F4C31,18337,155504143,243,225,3037,3016,18,21,18.00000,0.05415
534F4C31,18337,155509201,253,230,3013,3014,23,-1,23.00000,-0.00258
534F4C31,18337,155514394,309,246,3010,3006,63,4,63.00000,0.01032
534F4C31,18337,155519138,314,231,3038,3019,83,19,83.00000,0.04900
534F4C31,18337,155524185,320,223,3020,3015,97,5,97.00000,0.01289
534F4C31,18338,155529174,328,274,3021,3012,54,9,54.00000,0.02321
534F4C31,18339,155534599,286,251,3015,3015,35,0,35.00000,0.00000
534F4C31,18339,155539130,263,195,3018,3014,68,4,68.00000,0.01032
534F4C31,18340,155544177,314,245,3020,3008,69,12,69.00000,0.03095
534F4C31,18341,155549272,329,266,3021,3014,63,7,63.00000,0.01805
534F4C31,18342,155554164,299,219,3020,3011,80,9,80.00000,0.02321
534F4C31,18343,155559942,340,220,3021,2995,120,26,120.00000,0.06705
534F4C31,18343,155564376,332,193,3016,3008,139,8,139.00000,0.02063
534F4C31,18344,155569154,309,259,3022,3001,50,21,50.00000,0.05415
534F4C31,18344,155574204,233,167,3022,3016,66,6,66.00000,0.01547
534F4C31,18345,155579140,311,227,3015,3022,84,-7,84.00000,-0.01805
534F4C31,18346,155584214,328,233,3024,3022,95,2,95.00000,0.00516
534F4C31,18346,155589835,299,187,3016,3010,112,6,112.00000,0.01547
534F4C31,18346,155594168,318,220,3015,3027,98,-12,98.00000,-0.03095
534F4C31,18347,155599179,329,259,3021,3002,70,19,70.00000,0.04900
534F4C31,18347,155604134,299,220,3021,3026,79,-5,79.00000,-0.01289
534F4C31,18348,155609179,293,277,3013,3013,16,0,16.00000,0.00000
534F4C31,18348,155614142,257,213,3019,3005,44,14,44.00000,0.03610
534F4C31,18349,155619177,307,230,3020,3028,77,-8,77.00000,-0.02063
534F4C31,18349,155624130,315,220,3030,3013,95,17,95.00000,0.04384
534F4C31,18349,155629149,343,245,3006,3013,98,-7,98.00000,-0.01805
534F4C31,18350,155634184,322,257,3012,3026,65,-14,65.00000,-0.03610
534F4C31,18351,155639130,281,177,3022,2997,104,25,104.00000,0.06447
534F4C31,18351,155645177,348,202,3021,3012,146,9,146.00000,0.02321
534F4C31,18352,155649494,353,229,3011,3018,124,-7,124.00000,-0.01805
534F4C31,18353,155655045,316,258,3030,3004,58,26,58.00000,0.06705
534F4C31,18354,155659790,246,191,3013,3032,55,-19,55.00000,-0.04900
534F4C31,18355,155664127,301,215,3020,3012,86,8,86.00000,0.02063
534F4C31,18355,155669185,313,260,3011,3013,53,-2,53.00000,-0.00516
534F4C31,18356,155674154,263,209,3022,3009,54,13,54.00000,0.03352
534F4C31,18357,155679562,304,248,3018,3017,56,1,56.00000,0.00258
534F4C31,18358,155684144,306,252,3027,3009,54,18,54.00000,0.04642
534F4C31,18359,155690233,289,205,3033,3008,84,25,84.00000,0.06447
534F4C31,18359,155694981,300,203,3015,3013,97,2,97.00000,0.00516
534F4C31,18359,155699619,310,229,3016,2978,81,38,81.00000,0.09799
534F4C31,18359,155704156,287,201,3014,3016,86,-2,86.00000,-0.00516
534F4C31,18359,155709143,315,226,3015,3015,89,0,89.00000,0.00000
534F4C31,18360,155714162,348,254,3016,3006,94,10,94.00000,0.02579
534F4C31,18360,155719127,332,228,3018,3015,104,3,104.00000,0.00774
534F4C31,18361,155724133,323,198,3021,3015,125,6,125.00000,0.01547
534F4C31,18361,155729130,346,227,3018,3003,119,15,119.00000,0.03868
534F4C31,18361,155734347,343,219,3020,3017,124,3,124.00000,0.00774
534F4C31,18362,155739650,335,235,3018,3013,100,5,100.00000,0.01289
534F4C31,18363,155745450,317,160,3021,3012,157,9,157.00000,0.02321
534F4C31,18363,155749132,313,195,3035,3015,118,20,118.00000,0.05158
534F4C31,18364,155754158,270,215,3022,3011,55,11,55.00000,0.02837
534F4C31,18364,155759375,246,224,3029,3008,22,21,22.00000,0.05415
534F4C31,18364,155764133,271,215,3021,3009,56,12,56.00000,0.03095
534F4C31,18365,155769419,314,219,3030,3016,95,14,95.00000,0.03610
534F4C31,18366,155774625,282,223,3022,3018,59,4,59.00000,0.01032
534F4C31,18366,155779724,278,166,3020,3004,112,16,112.00000,0.04126
534F4C31,18367,155784174,317,210,3021,3007,107,14,107.00000,0.03610
534F4C31,18367,155789724,313,208,3049,3015,105,34,105.00000,0.08768
534F4C31,18368,155794134,311,214,3033,3005,97,28,97.00000,0.07221
534F4C31,18369,155799722,362,259,3018,3015,103,3,103.00000,0.00774
534F4C31,18369,155804128,312,225,3015,3010,87,5,87.00000,0.01289
534F4C31,18369,155809160,303,203,3005,3023,100,-18,100.00000,-0.04642
534F4C31,18370,155814159,343,237,3025,3030,106,-5,106.00000,-0.01289
534F4C31,18371,155819133,330,185,3026,2981,145,45,145.00000,0.11604
534F4C31,18372,155824552,328,207,3021,3007,121,14,121.00000,0.03610
534F4C31,18373,155829174,331,179,3026,3009,152,17,152.00000,0.04384
534F4C31,18374,155834145,346,229,3030,3016,117,14,117.00000,0.03610
534F4C31,18375,155839143,325,220,3064,3001,105,63,105.00000,0.16246
534F4C31,18376,155844455,350,250,3020,3015,100,5,100.00000,0.01289
534F4C31,18376,155849805,355,224,3021,3011,131,10,131.00000,0.02579
534F4C31,18377,155854497,315,225,3024,3015,90,9,90.00000,0.02321
534F4C31,18378,155859147,284,223,3021,3063,61,-42,61.00000,-0.10831
534F4C31,18379,155864153,315,234,3016,3014,81,2,81.00000,0.00516
534F4C31,18379,155869543,322,211,3023,3018,111,5,111.00000,0.01289
534F4C31,18379,155874168,307,241,3016,3004,66,12,66.00000,0.03095
534F4C31,18379,155879132,294,210,3017,3012,84,5,84.00000,0.01289
534F4C31,18379,155884144,333,236,3016,3020,97,-4,97.00000,-0.01032
534F4C31,18379,155889145,331,226,3020,3024,105,-4,105.00000,-0.01032
534F4C31,18379,155894151,349,244,3027,3009,105,18,105.00000,0.04642
534F4C31,18380,155899177,321,259,3024,2999,62,25,62.00000,0.06447
534F4C31,18381,155904150,255,206,3011,3016,49,-5,49.00000,-0.01289
534F4C31,18382,155909165,256,242,3037,3010,14,27,14.00000,0.06963
534F4C31,18382,155914134,259,212,3017,3022,47,-5,47.00000,-0.01289
534F4C31,18383,155919540,300,250,3003,2997,50,6,50.00000,0.01547
534F4C31,18384,155924140,271,194,3018,3009,77,9,77.00000,0.02321
534F4C31,18385,155930171,333,293,3022,3016,40,6,40.00000,0.01547
534F4C31,18386,155934160,265,192,3018,3012,73,6,73.00000,0.01547
534F4C31,18386,155939128,292,152,3019,2991,140,28,140.00000,0.07221
534F4C31,18386,155944201,337,225,3018,3010,112,8,112.00000,0.02063
534F4C31,18387,155949157,341,255,3016,3019,86,-3,86.00000,-0.00774
534F4C31,18387,155954785,316,240,3007,2999,76,8,76.00000,0.02063
534F4C31,18387,155959164,293,210,3022,3013,83,9,83.00000,0.02321
534F4C31,18388,155964188,316,280,3024,3003,36,21,36.00000,0.05415
534F4C31,18389,155969234,250,204,3018,3009,46,9,46.00000,0.02321
534F4C31,18390,155974146,255,167,3017,3015,88,2,88.00000,0.00516
534F4C31,18391,155979721,318,238,3007,3016,80,-9,80.00000,-0.02321
534F4C31,18392,155984397,304,207,3025,3013,97,12,97.00000,0.03095
534F4C31,18392,155989138,266,203,3015,3017,63,-2,63.00000,-0.00516
534F4C31,18392,155994140,277,205,3019,3020,72,-1,72.00000,-0.00258
534F4C31,18393,155999149,335,246,3021,3006,89,15,89.00000,0.03868
534F4C31,18394,156004582,347,244,3018,3016,103,2,103.00000,0.00516
534F4C31,18395,156009175,330,227,3020,3012,103,8,103.00000,0.02063
534F4C31,18396,156014221,341,268,3018,3008,73,10,73.00000,0.02579
534F4C31,18396,156019160,300,204,3022,3011,96,11,96.00000,0.02837
534F4C31,18396,156024142,308,203,3017,3022,105,-5,105.00000,-0.01289
534F4C31,18397,156029148,344,240,3030,3013,104,17,104.00000,0.04384
534F4C31,18397,156034128,355,241,3026,3015,114,11,114.00000,0.02837
534F4C31,18397,156039180,341,231,3023,3011,110,12,110.00000,0.03095
534F4C31,18397,156044145,348,240,3025,3004,108,21,108.00000,0.05415
534F4C31,18398,156049159,362,267,3019,3014,95,5,95.00000,0.01289
534F4C31,18399,156054148,291,227,3025,3014,64,11,64.00000,0.02837
534F4C31,18400,156059627,302,251,3021,2999,51,22,51.00000,0.05673
534F4C31,18401,156064161,269,238,3039,3013,31,26,31.00000,0.06705
534F4C31,18402,156069864,295,227,3020,3019,68,1,68.00000,0.00258
534F4C31,18402,156075462,287,198,3026,3023,89,3,89.00000,0.00774
534F4C31,18403,156080159,291,191,3026,3013,100,13,100.00000,0.03352
534F4C31,18404,156084128,304,190,3018,3014,114,4,114.00000,0.01032
534F4C31,18405,156089534,318,204,3014,3014,114,0,114.00000,0.00000
534F4C31,18406,156094147,268,277,3018,3013,-9,5,-9.00000,0.01289
534F4C31,18406,156100106,236,195,3021,3006,41,15,41.00000,0.03868
534F4C31,18406,156104141,265,196,3016,3010,69,6,69.00000,0.01547
534F4C31,18406,156109137,301,217,3015,3013,84,2,84.00000,0.00516
534F4C31,18406,156114141,344,246,3010,3009,98,1,98.00000,0.00258
534F4C31,18407,156119150,342,238,3019,3010,104,9,104.00000,0.02321
534F4C31,18408,156124692,336,255,3015,3007,81,8,81.00000,0.02063
534F4C31,18409,156129142,301,248,3013,3008,53,5,53.00000,0.01289
534F4C31,18410,156134497,300,234,3013,3013,66,0,66.00000,0.00000
534F4C31,18410,156139147,294,208,3020,3010,86,10,86.00000,0.02579
534F4C31,18411,156144152,330,239,3022,3014,91,8,91.00000,0.02063
534F4C31,18411,156150005,372,256,3020,3004,116,16,116.00000,0.04126
534F4C31,18412,156154152,323,233,3031,3018,90,13,90.00000,0.03352
534F4C31,18413,156160016,285,178,3021,3019,107,2,107.00000,0.00516
534F4C31,18413,156164804,326,235,3020,3003,91,17,91.00000,0.04384
534F4C31,18413,156169128,306,199,3018,3021,107,-3,107.00000,-0.00774
534F4C31,18414,156174146,323,211,3003,3009,112,-6,112.00000,-0.01547
534F4C31,18415,156179159,348,231,3040,3016,117,24,117.00000,0.06189
534F4C31,18415,156184144,331,230,3036,3036,101,0,101.00000,0.00000
534F4C31,18415,156189174,286,201,3009,3007,85,2,85.00000,0.00516
534F4C31,18415,156194139,313,222,3031,3009,91,22,91.00000,0.05673
534F4C31,18416,156199135,342,217,3040,3006,125,34,125.00000,0.08768
534F4C31,18417,156204188,305,233,3024,3009,72,15,72.00000,0.03868
534F4C31,18418,156209144,274,205,3040,3014,69,26,69.00000,0.06705
534F4C31,18419,156214152,302,265,3034,3014,37,20,37.00000,0.05158
534F4C31,18420,156219137,261,206,3028,3006,55,22,55.00000,0.05673
534F4C31,18421,156224574,276,234,3031,3008,42,23,42.00000,0.05931
534F4C31,18421,156229144,279,216,3033,3017,63,16,63.00000,0.04126
534F4C31,18422,156234201,295,266,3035,3011,29,24,29.00000,0.06189
534F4C31,18423,156239132,248,219,3021,3009,29,12,29.00000,0.03095
534F4C31,18423,156244737,285,233,3030,3011,52,19,52.00000,0.04900
534F4C31,18424,156249161,313,238,3029,3015,75,14,75.00000,0.03610
534F4C31,18425,156254133,319,237,3031,3011,82,20,82.00000,0.05158
534F4C31,18426,156259274,320,253,3041,3004,67,37,67.00000,0.09541
534F4C31,18427,156264418,327,245,3032,3001,82,31,82.00000,0.07994
534F4C31,18428,156270280,344,198,3033,3014,146,19,146.00000,0.04900
534F4C31,18428,156274134,308,168,3032,3015,140,17,140.00000,0.04384
534F4C31,18428,156279706,345,266,3026,3013,79,13,79.00000,0.03352
534F4C31,18428,156284156,299,208,3034,3002,91,32,91.00000,0.08252
534F4C31,18428,156289133,304,198,3035,3010,106,25,106.00000,0.06447
534F4C31,18429,156294180,335,236,3047,3043,99,4,99.00000,0.01032
534F4C31,18430,156299144,358,258,3034,3006,100,28,100.00000,0.07221
534F4C31,18430,156304151,325,226,3029,3012,99,17,99.00000,0.04384
534F4C31,18431,156309316,329,272,3033,3011,57,22,57.00000,0.05673
534F4C31,18432,156314572,302,231,3047,3011,71,36,71.00000,0.09284
534F4C31,18433,156319794,326,232,3030,3022,94,8,94.00000,0.02063
534F4C31,18434,156324609,312,197,3032,3014,115,18,115.00000,0.04642
534F4C31,18434,156329908,350,207,3032,3003,143,29,143.00000,0.07478
534F4C31,18435,156334148,349,213,3039,3027,136,12,136.00000,0.03095
534F4C31,18436,156339249,337,221,3027,3004,116,23,116.00000,0.05931
534F4C31,18437,156344145,309,266,3035,3014,43,21,43.00000,0.05415
534F4C31,18437,156350052,324,240,3038,3010,84,28,84.00000,0.07221
534F4C31,18437,156354170,306,217,3039,3013,89,26,89.00000,0.06705
534F4C31,18437,156359153,322,230,3043,3017,92,26,92.00000,0.06705
534F4C31,18437,156364138,345,231,3046,3014,114,32,114.00000,0.08252
534F4C31,18437,156369147,344,230,3034,3000,114,34,114.00000,0.08768
534F4C31,18438,156374153,335,221,3035,3018,114,17,114.00000,0.04384
534F4C31,18439,156379163,353,252,3044,3013,101,31,101.00000,0.07994
534F4C31,18440,156384473,302,266,3032,3008,36,24,36.00000,0.06189
534F4C31,18440,156390123,253,189,3030,3018,64,12,64.00000,0.03095
534F4C31,18440,156394178,293,216,3038,3015,77,23,77.00000,0.05931
534F4C31,18440,156399144,334,257,3032,3015,77,17,77.00000,0.04384
534F4C31,18441,156404339,321,222,3039,3018,99,21,99.00000,0.05415
534F4C31,18442,156409135,303,197,3025,3015,106,10,106.00000,0.02579
534F4C31,18443,156414367,305,262,3037,3016,43,21,43.00000,0.05415
534F4C31,18444,156419143,249,189,3030,3013,60,17,60.00000,0.04384
534F4C31,18444,156424405,288,192,3030,3013,96,17,96.00000,0.04384
534F4C31,18445,156429154,317,219,3019,3020,98,-1,98.00000,-0.00258
534F4C31,18445,156434173,340,245,3033,3007,95,26,95.00000,0.06705
534F4C31,18446,156439134,308,200,3047,3014,108,33,108.00000,0.08510
534F4C31,18447,156444804,348,260,3043,3015,88,28,88.00000,0.07221
534F4C31,18447,156449133,317,218,3032,3012,99,20,99.00000,0.05158
534F4C31,18447,156454170,328,226,3030,3032,102,-2,102.00000,-0.00516
534F4C31,18447,156459143,330,235,3036,3012,95,24,95.00000,0.06189
534F4C31,18448,156464487,330,289,3041,3007,41,34,41.00000,0.08768
534F4C31,18449,156469546,275,217,3033,3014,58,19,58.00000,0.04900
534F4C31,18450,156474178,265,228,3033,3014,37,19,37.00000,0.04900
534F4C31,18451,156479519,292,208,3035,3000,84,35,84.00000,0.09026
534F4C31,18452,156484137,300,184,3039,2998,116,41,116.00000,0.10573
534F4C31,18453,156489130,316,202,3036,3022,114,14,114.00000,0.03610
534F4C31,18454,156494149,323,216,3026,3013,107,13,107.00000,0.03352
534F4C31,18454,156499707,342,204,3033,3029,138,4,138.00000,0.01032
534F4C31,18454,156504144,328,206,3033,3022,122,11,122.00000,0.02837
534F4C31,18454,156509140,337,227,3020,3012,110,8,110.00000,0.02063
534F4C31,18454,156514140,358,254,3034,3014,104,20,104.00000,0.05158
534F4C31,18454,156519140,346,234,3033,3018,112,15,112.00000,0.03868
534F4C31,18455,156524158,300,258,3044,3008,42,36,42.00000,0.09284
534F4C31,18456,156529164,280,223,3033,3026,57,7,57.00000,0.01805
534F4C31,18457,156534560,319,227,3029,3005,92,24,92.00000,0.06189
534F4C31,18458,156539528,309,177,3032,3014,132,18,132.00000,0.04642
534F4C31,18458,156544134,333,210,3028,3017,123,11,123.00000,0.02837
534F4C31,18458,156549156,358,234,3035,3010,124,25,124.00000,0.06447
534F4C31,18459,156554163,308,247,3041,3014,61,27,61.00000,0.06963
534F4C31,18460,156559311,271,234,3014,3029,37,-15,37.00000,-0.03868
534F4C31,18461,156564173,284,178,3051,3026,106,25,106.00000,0.06447
534F4C31,18461,156570526,349,200,3026,2995,149,31,149.00000,0.07994
534F4C31,18461,156574146,309,173,3033,3010,136,23,136.00000,0.05931
534F4C31,18462,156579188,335,248,3031,3013,87,18,87.00000,0.04642
534F4C31,18462,156584141,327,220,3043,3018,107,25,107.00000,0.06447
534F4C31,18463,156589161,301,212,3031,3015,89,16,89.00000,0.04126
534F4C31,18464,156594943,327,230,3029,3001,97,28,97.00000,0.07221
534F4C31,18464,156599143,334,242,3032,3010,92,22,92.00000,0.05673
534F4C31,18465,156604334,275,237,3022,3017,38,5,38.00000,0.01289
534F4C31,18466,156609262,260,206,3033,3019,54,14,54.00000,0.03610
534F4C31,18467,156614150,285,275,3043,3023,10,20,10.00000,0.05158
534F4C31,18468,156620601,254,209,3043,3017,45,26,45.00000,0.06705
534F4C31,18468,156624463,240,197,3041,3010,43,31,43.00000,0.07994
534F4C31,18469,156629150,270,192,3034,2999,78,35,78.00000,0.09026
534F4C31,18470,156634237,323,227,3038,3027,96,11,96.00000,0.02837
534F4C31,18471,156639141,318,220,3036,3014,98,22,98.00000,0.05673
534F4C31,18471,156645214,359,228,3039,3025,131,14,131.00000,0.03610
534F4C31,18471,156649423,353,227,3033,3013,126,20,126.00000,0.05158
534F4C31,18471,156654166,332,221,3032,3007,111,25,111.00000,0.06447
534F4C31,18472,156659136,330,229,3033,3012,101,21,101.00000,0.05415
534F4C31,18473,156664164,344,232,3040,3010,112,30,112.00000,0.07736
534F4C31,18474,156669160,312,215,3027,3013,97,14,97.00000,0.03610
534F4C31,18475,156674562,295,160,3032,3012,135,20,135.00000,0.05158
534F4C31,18476,156679149,321,245,3015,3014,76,1,76.00000,0.00258
534F4C31,18476,156684337,308,229,3035,3015,79,20,79.00000,0.05158
534F4C31,18476,156689146,292,203,3026,3004,89,22,89.00000,0.05673
534F4C31,18476,156694147,326,215,3034,3015,111,19,111.00000,0.04900
534F4C31,18477,156699175,351,253,3033,3017,98,16,98.00000,0.04126
534F4C31,18477,156704713,345,246,3042,3005,99,37,99.00000,0.09541
534F4C31,18477,156709139,316,224,3034,3015,92,19,92.00000,0.04900
534F4C31,18477,156714142,348,246,3033,3014,102,19,102.00000,0.04900
534F4C31,18478,156719167,317,272,3026,3036,45,-10,45.00000,-0.02579
534F4C31,18479,156724148,234,214,3028,3026,20,2,20.00000,0.00516
534F4C31,18480,156729148,275,222,3039,3025,53,14,53.00000,0.03610
534F4C31,18481,156737013,367,238,3034,3007,129,27,129.00000,0.06963
534F4C31,18481,156741434,312,148,3020,2983,164,37,164.00000,0.09541
534F4C31,18481,156744128,280,138,3029,3016,142,13,142.00000,0.03352
534F4C31,18482,156749216,338,243,3028,3010,95,18,95.00000,0.04642
534F4C31,18483,156754620,304,209,3034,3017,95,17,95.00000,0.04384
534F4C31,18484,156759181,276,238,3026,3011,38,15,38.00000,0.03868
534F4C31,18485,156764446,269,183,3032,3015,86,17,86.00000,0.04384
534F4C31,18485,156770143,324,170,3033,3007,154,26,154.00000,0.06705
534F4C31,18486,156774137,308,174,3027,3018,134,9,134.00000,0.02321
534F4C31,18486,156779127,343,218,3033,3018,125,15,125.00000,0.03868
534F4C31,18487,156784161,351,219,3027,3016,132,11,132.00000,0.02837
534F4C31,18487,156789239,337,219,3033,3028,118,5,118.00000,0.01289
534F4C31,18487,156794187,316,256,3034,3005,60,29,60.00000,0.07478
534F4C31,18487,156799132,308,232,3026,3015,76,11,76.00000,0.02837
534F4C31,18487,156804143,323,231,3035,2997,92,38,92.00000,0.09799
534F4C31,18488,156809145,325,249,3029,3015,76,14,76.00000,0.03610
534F4C31,18489,156814819,354,260,3034,3041,94,-7,94.00000,-0.01805
534F4C31,18490,156819396,311,214,3025,3004,97,21,97.00000,0.05415
534F4C31,18491,156824775,276,148,3039,3015,128,24,128.00000,0.06189
534F4C31,18491,156829529,314,224,3032,3017,90,15,90.00000,0.03868
534F4C31,18492,156834166,275,210,3011,3015,65,-4,65.00000,-0.01032
534F4C31,18493,156839143,271,187,3026,3021,84,5,84.00000,0.01289
534F4C31,18494,156844252,312,240,3040,3012,72,28,72.00000,0.07221
534F4C31,18494,156849182,330,239,3024,3013,91,11,91.00000,0.02837
534F4C31,18494,156854215,321,242,3030,3028,79,2,79.00000,0.00516
534F4C31,18495,156859151,309,250,3033,3008,59,25,59.00000,0.06447
534F4C31,18496,156864152,316,241,3033,2996,75,37,75.00000,0.09541
534F4C31,18497,156870353,350,218,3014,3002,132,12,132.00000,0.03095
534F4C31,18497,156875165,321,190,3020,3015,131,5,131.00000,0.01289
534F4C31,18498,156879136,311,174,3032,3015,137,17,137.00000,0.04384
534F4C31,18498,156884532,347,227,3035,3007,120,28,120.00000,0.07221
534F4C31,18498,156889140,323,210,3040,3013,113,27,113.00000,0.06963
534F4C31,18499,156894151,342,239,3034,3016,103,18,103.00000,0.04642
534F4C31,18500,156899147,360,254,3032,3014,106,18,106.00000,0.04642
534F4C31,18500,156904517,345,217,3035,3003,128,32,128.00000,0.08252
534F4C31,18500,156909288,330,219,3034,2993,111,41,111.00000,0.10573
534F4C31,18500,156914134,333,262,3033,3004,71,29,71.00000,0.07478
534F4C31,18501,156919448,317,239,3042,3018,78,24,78.00000,0.06189
534F4C31,18502,156924133,295,201,3037,3017,94,20,94.00000,0.05158
534F4C31,18503,156929602,367,295,3036,3027,72,9,72.00000,0.02321
534F4C31,18504,156934146,262,265,3028,3007,-3,21,-3.00000,0.05415
534F4C31,18505,156939679,217,173,3029,3022,44,7,44.00000,0.01805
534F4C31,18506,156945330,324,247,3041,3014,77,27,77.00000,0.06963
534F4C31,18506,156949369,298,251,3042,3018,47,24,47.00000,0.06189
534F4C31,18506,156954507,270,217,3027,3006,53,21,53.00000,0.05415
534F4C31,18507,156959129,273,208,3027,3007,65,20,65.00000,0.05158
534F4C31,18507,156964358,333,246,3032,3014,87,18,87.00000,0.04642
534F4C31,18508,156969160,327,233,3036,3018,94,18,94.00000,0.04642
534F4C31,18509,156974748,305,193,3042,3011,112,31,112.00000,0.07994
534F4C31,18509,156979528,324,253,3053,3016,71,37,71.00000,0.09541
534F4C31,18509,156984128,292,206,3041,3006,86,35,86.00000,0.09026
534F4C31,18509,156989143,315,218,3032,3034,97,-2,97.00000,-0.00516
534F4C31,18510,156994328,343,242,3034,3013,101,21,101.00000,0.05415
534F4C31,18510,156999195,344,223,3027,3015,121,12,121.00000,0.03095
534F4C31,18511,157004277,311,240,3026,2994,71,32,71.00000,0.08252
534F4C31,18512,157009340,276,220,3032,3025,56,7,56.00000,0.01805
534F4C31,18513,157014141,253,221,3038,3013,32,25,32.00000,0.06447
534F4C31,18514,157019843,275,181,3041,3009,94,32,94.00000,0.08252
534F4C31,18515,157024305,273,137,3033,3024,136,9,136.00000,0.02321
534F4C31,18515,157029364,329,223,3047,3017,106,30,106.00000,0.07736
534F4C31,18515,157034138,332,204,3029,3014,128,15,128.00000,0.03868
534F4C31,18516,157039303,335,217,3041,3023,118,18,118.00000,0.04642
534F4C31,18517,157044149,339,209,3039,3018,130,21,130.00000,0.05415
534F4C31,18518,157049121,350,214,3033,3013,136,20,136.00000,0.05158
534F4C31,18519,157055363,363,245,3032,3009,118,23,118.00000,0.05931
534F4C31,18520,157059987,338,239,3027,3015,99,12,99.00000,0.03095
534F4C31,18520,157064155,294,213,3042,3023,81,19,81.00000,0.04900
534F4C31,18520,157069164,304,213,3029,3014,91,15,91.00000,0.03868
534F4C31,18521,157074155,317,230,3033,3002,87,31,87.00000,0.07994
534F4C31,18521,157079145,330,231,3033,3014,99,19,99.00000,0.04900
534F4C31,18521,157084163,345,213,3024,3012,132,12,132.00000,0.03095
534F4C31,18521,157089141,335,213,3040,3015,122,25,122.00000,0.06447
534F4C31,18522,157094175,322,239,3042,3021,83,21,83.00000,0.05415
534F4C31,18522,157099140,313,222,3035,3013,91,22,91.00000,0.05673
534F4C31,18523,157104167,323,221,3049,3003,102,46,102.00000,0.11862
534F4C31,18523,157109148,299,178,3034,3007,121,27,121.00000,0.06963
534F4C31,18524,157114173,312,241,3043,3016,71,27,71.00000,0.06963
534F4C31,18525,157119511,268,185,3037,3031,83,6,83.00000,0.01547
534F4C31,18525,157125265,299,199,3032,3004,100,28,100.00000,0.07221
534F4C31,18526,157129153,313,207,3033,2989,106,44,106.00000,0.11347
534F4C31,18527,157134175,338,229,3031,3014,109,17,109.00000,0.04384
534F4C31,18528,157139596,284,222,3037,3015,62,22,62.00000,0.05673
534F4C31,18528,157144158,267,194,3039,3018,73,21,73.00000,0.05415
534F4C31,18529,157149370,322,254,3033,3049,68,-16,68.00000,-0.04126
534F4C31,18530,157154134,265,196,3046,3017,69,29,69.00000,0.07478
534F4C31,18531,157159205,296,237,3034,3019,59,15,59.00000,0.03868
534F4C31,18532,157164568,328,242,3032,2990,86,42,86.00000,0.10831
534F4C31,18533,157169657,280,242,3039,3028,38,11,38.00000,0.02837
534F4C31,18533,157175196,217,168,3032,3006,49,26,49.00000,0.06705
534F4C31,18533,157179136,278,199,3057,3001,79,56,79.00000,0.14441
534F4C31,18534,157184146,330,231,3025,3006,99,19,99.00000,0.04900
534F4C31,18535,157189153,329,229,3031,3015,100,16,100.00000,0.04126
534F4C31,18536,157194805,323,271,3036,3010,52,26,52.00000,0.06705
534F4C31,18537,157199526,287,221,3034,3014,66,20,66.00000,0.05158
534F4C31,18538,157204887,305,232,3036,3016,73,20,73.00000,0.05158
534F4C31,18539,157210497,330,258,3031,3001,72,30,72.00000,0.07736
534F4C31,18539,157215545,338,250,3046,3018,88,28,88.00000,0.07221
534F4C31,18539,157219322,276,227,3033,3009,49,24,49.00000,0.06189
534F4C31,18539,157224424,277,196,3037,3017,81,20,81.00000,0.05158
534F4C31,18540,157229148,323,234,3029,3015,89,14,89.00000,0.03610
534F4C31,18541,157234174,339,249,3024,3014,90,10,90.00000,0.02579
534F4C31,18542,157239148,293,191,3037,3010,102,27,102.00000,0.06963
534F4C31,18543,157244387,340,239,3036,3019,101,17,101.00000,0.04384
534F4C31,18544,157249160,331,177,3034,3016,154,18,154.00000,0.04642
534F4C31,18544,157254884,354,219,3041,3015,135,26,135.00000,0.06705
534F4C31,18545,157259153,327,214,3040,3005,113,35,113.00000,0.09026
534F4C31,18546,157264178,343,233,3017,3010,110,7,110.00000,0.01805
534F4C31,18547,157269150,318,226,3037,3018,92,19,92.00000,0.04900
534F4C31,18547,157275809,342,248,3035,2999,94,36,94.00000,0.09284
534F4C31,18547,157279388,308,229,3027,3018,79,9,79.00000,0.02321
534F4C31,18548,157284156,280,251,3028,3015,29,13,29.00000,0.03352
534F4C31,18549,157289142,236,190,3036,3013,46,23,46.00000,0.05931
534F4C31,18549,157294975,321,199,3050,3014,122,36,122.00000,0.09284
534F4C31,18549,157299145,312,234,3037,3018,78,19,78.00000,0.04900
534F4C31,18549,157304134,299,211,3036,3031,88,5,88.00000,0.01289
534F4C31,18550,157309147,322,222,3036,3020,100,16,100.00000,0.04126
534F4C31,18551,157314130,329,167,3030,3026,162,4,162.00000,0.01032
534F4C31,18552,157319569,342,223,3041,3038,119,3,119.00000,0.00774
534F4C31,18553,157325294,311,214,3025,3023,97,2,97.00000,0.00516
534F4C31,18554,157329439,307,193,3050,3015,114,35,114.00000,0.09026
534F4C31,18554,157334687,328,226,3042,3022,102,20,102.00000,0.05158
534F4C31,18554,157339141,287,168,3037,3011,119,26,119.00000,0.06705
534F4C31,18554,157344150,332,225,3032,3019,107,13,107.00000,0.03352
534F4C31,18554,157349141,358,255,3038,3034,103,4,103.00000,0.01032
534F4C31,18554,157354140,347,239,3035,3015,108,20,108.00000,0.05158
534F4C31,18554,157359153,342,242,3045,3007,100,38,100.00000,0.09799
534F4C31,18555,157364142,356,254,3040,3000,102,40,102.00000,0.10315
534F4C31,18556,157369148,309,208,3036,3020,101,16,101.00000,0.04126
534F4C31,18557,157374731,297,249,3035,3014,48,21,48.00000,0.05415
534F4C31,18558,157379597,248,186,3035,3020,62,15,62.00000,0.03868
534F4C31,18558,157384145,294,180,3025,3015,114,10,114.00000,0.02579
534F4C31,18559,157389170,298,198,3031,3015,100,16,100.00000,0.04126
534F4C31,18560,157394139,317,231,3034,3016,86,18,86.00000,0.04642
534F4C31,18560,157400078,353,252,3033,3013,101,20,101.00000,0.05158
534F4C31,18560,157404147,315,214,3041,3008,101,33,101.00000,0.08510
534F4C31,18560,157409138,322,246,3043,3018,76,25,76.00000,0.06447
534F4C31,18560,157414138,330,240,3027,3018,90,9,90.00000,0.02321
534F4C31,18561,157419141,337,236,3033,3015,101,18,101.00000,0.04642
534F4C31,18562,157424230,334,242,3034,3010,92,24,92.00000,0.06189
534F4C31,18563,157429573,333,224,3034,3008,109,26,109.00000,0.06705
534F4C31,18564,157434163,326,239,3018,3005,87,13,87.00000,0.03352
534F4C31,18565,157439290,286,177,3043,3034,109,9,109.00000,0.02321
534F4C31,18565,157444146,333,221,3047,3019,112,28,112.00000,0.07221
534F4C31,18566,157449760,371,264,3026,3011,107,15,107.00000,0.03868
534F4C31,18566,157454185,333,227,3038,3014,106,24,106.00000,0.06189
534F4C31,18566,157459148,333,235,3022,3015,98,7,98.00000,0.01805
534F4C31,18566,157464139,352,251,3026,3029,101,-3,101.00000,-0.00774
534F4C31,18566,157469149,344,238,3040,3016,106,24,106.00000,0.06189
534F4C31,18567,157474201,318,249,3036,3012,69,24,69.00000,0.06189
534F4C31,18568,157479731,313,259,3029,3038,54,-9,54.00000,-0.02321
534F4C31,18569,157484155,308,221,3031,3015,87,16,87.00000,0.04126
534F4C31,18570,157489477,320,240,3023,2996,80,27,80.00000,0.06963
534F4C31,18571,157494585,321,230,3045,3015,91,30,91.00000,0.07736
534F4C31,18572,157499226,342,225,3023,3014,117,9,117.00000,0.02321
534F4C31,18573,157504650,330,166,3034,3014,164,20,164.00000,0.05158
534F4C31,18574,157509413,340,212,3039,3017,128,22,128.00000,0.05673
534F4C31,18575,157514171,316,269,3034,3013,47,21,47.00000,0.05415
534F4C31,18576,157520568,269,182,3034,3014,87,20,87.00000,0.05158
534F4C31,18576,157525040,283,227,3037,2996,56,41,56.00000,0.10573
534F4C31,18576,157529128,252,163,3033,3019,89,14,89.00000,0.03610
534F4C31,18576,157534141,322,225,3037,3016,97,21,97.00000,0.05415
534F4C31,18577,157539157,327,228,3018,3021,99,-3,99.00000,-0.00774
534F4C31,18577,157544135,347,246,3023,3013,101,10,101.00000,0.02579
534F4C31,18577,157549576,372,274,3037,3015,98,22,98.00000,0.05673
534F4C31,18577,157554139,336,231,3031,3014,105,17,105.00000,0.04384
534F4C31,18578,157559131,341,242,3046,3015,99,31,99.00000,0.07994
534F4C31,18578,157564429,354,249,3040,3015,105,25,105.00000,0.06447
534F4C31,18579,157569135,321,212,3037,3020,109,17,109.00000,0.04384
534F4C31,18580,157574735,329,170,3035,3041,159,-6,159.00000,-0.01547
534F4C31,18580,157579143,339,211,3043,3013,128,30,128.00000,0.07736
534F4C31,18581,157584143,349,215,3035,3014,134,21,134.00000,0.05415
534F4C31,18581,157589152,326,199,3043,3021,127,22,127.00000,0.05673
534F4C31,18582,157594186,346,243,3033,3015,103,18,103.00000,0.04642
534F4C31,18583,157599137,339,234,3033,3009,105,24,105.00000,0.06189
534F4C31,18583,157604764,280,160,3035,3034,120,1,120.00000,0.00258
534F4C31,18584,157609261,312,216,3028,3015,96,13,96.00000,0.03352
534F4C31,18584,157614154,333,240,3034,3014,93,20,93.00000,0.05158
534F4C31,18584,157619136,325,243,3047,3024,82,23,82.00000,0.05931
534F4C31,18584,157624141,305,213,3036,3031,92,5,92.00000,0.01289
534F4C31,18585,157629819,353,266,3033,2995,87,38,87.00000,0.09799
534F4C31,18586,157634165,316,215,3040,3014,101,26,101.00000,0.06705
534F4C31,18587,157640519,332,252,3035,3009,80,26,80.00000,0.06705
534F4C31,18588,157644128,285,221,3035,3014,64,21,64.00000,0.05415
534F4C31,18589,157649483,298,189,3038,3017,109,21,109.00000,0.05415
534F4C31,18590,157654136,303,180,3033,3016,123,17,123.00000,0.04384
534F4C31,18591,157660041,342,203,3036,3013,139,23,139.00000,0.05931
534F4C31,18591,157664223,332,202,3031,3027,130,4,130.00000,0.01032
534F4C31,18591,157669268,344,222,3034,2998,122,36,122.00000,0.09284
534F4C31,18591,157674139,331,214,3049,3005,117,44,117.00000,0.11347
534F4C31,18591,157679146,350,243,3032,3013,107,19,107.00000,0.04900
534F4C31,18592,157684130,357,239,3034,3023,118,11,118.00000,0.02837
534F4C31,18593,157689242,341,220,3026,3015,121,11,121.00000,0.02837
534F4C31,18594,157694146,322,253,3028,3015,69,13,69.00000,0.03352
534F4C31,18594,157699564,291,185,3039,3016,106,23,106.00000,0.05931
534F4C31,18595,157704142,311,209,3047,3027,102,20,102.00000,0.05158
534F4C31,18596,157709545,335,204,3030,3014,131,16,131.00000,0.04126
534F4C31,18596,157714290,341,207,3029,3023,134,6,134.00000,0.01547
534F4C31,18597,157719131,325,164,3031,3024,161,7,161.00000,0.01805
534F4C31,18597,157724132,327,175,3031,3014,152,17,152.00000,0.04384
534F4C31,18597,157729152,357,226,3034,3014,131,20,131.00000,0.05158
534F4C31,18598,157734781,343,243,3042,3012,100,30,100.00000,0.07736
534F4C31,18599,157740066,304,205,3055,3002,99,53,99.00000,0.13667
534F4C31,18600,157744149,264,201,3039,3016,63,23,63.00000,0.05931
534F4C31,18601,157749656,306,227,3028,3024,79,4,79.00000,0.01032
534F4C31,18602,157754117,272,184,3033,3027,88,6,88.00000,0.01547
534F4C31,18602,157759590,316,195,3027,3014,121,13,121.00000,0.03352
534F4C31,18602,157764132,337,224,3036,3003,113,33,113.00000,0.08510
534F4C31,18603,157769142,342,234,3028,3009,108,19,108.00000,0.04900
534F4C31,18603,157774147,317,253,3042,3003,64,39,64.00000,0.10057
534F4C31,18603,157779150,309,225,3035,3015,84,20,84.00000,0.05158
534F4C31,18603,157784141,341,237,3046,3022,104,24,104.00000,0.06189
534F4C31,18603,157789155,334,231,3033,3013,103,20,103.00000,0.05158
534F4C31,18604,157794149,346,238,3027,3010,108,17,108.00000,0.04384
534F4C31,18605,157799184,335,256,3032,3026,79,6,79.00000,0.01547
534F4C31,18606,157805471,302,201,3035,3027,101,8,101.00000,0.02063
534F4C31,18607,157809130,262,156,3033,3011,106,22,106.00000,0.05673
534F4C31,18608,157814155,309,232,3036,3005,77,31,77.00000,0.07994
534F4C31,18609,157821364,314,200,3033,3017,114,16,114.00000,0.04126
534F4C31,18610,157826436,279,194,3043,3014,85,29,85.00000,0.07478
534F4C31,18610,157831111,321,223,3032,3015,98,17,98.00000,0.04384
534F4C31,18610,157834654,300,182,3024,3015,118,9,118.00000,0.02321
534F4C31,18611,157839319,312,206,3037,2991,106,46,106.00000,0.11862
534F4C31,18611,157844136,330,226,3040,3029,104,11,104.00000,0.02837
534F4C31,18611,157849154,352,222,3033,3012,130,21,130.00000,0.05415
534F4C31,18611,157854143,321,231,3033,3028,90,5,90.00000,0.01289
534F4C31,18612,157859884,333,248,3050,3023,85,27,85.00000,0.06963
534F4C31,18613,157864157,327,229,3059,3018,98,41,98.00000,0.10573
534F4C31,18614,157870048,351,236,3022,3009,115,13,115.00000,0.03352
534F4C31,18614,157874706,315,170,3033,3015,145,18,145.00000,0.04642
534F4C31,18615,157880073,358,264,3040,3018,94,22,94.00000,0.05673
534F4C31,18616,157884330,284,244,3033,3012,40,21,40.00000,0.05415
534F4C31,18617,157889128,230,167,3034,3003,63,31,63.00000,0.07994
534F4C31,18618,157894516,292,250,3037,3043,42,-6,42.00000,-0.01547
534F4C31,18619,157900120,288,182,3034,3013,106,21,106.00000,0.05415
534F4C31,18619,157904438,284,178,3026,3034,106,-8,106.00000,-0.02063
534F4C31,18620,157909307,317,196,3034,3003,121,31,121.00000,0.07994
534F4C31,18620,157914326,344,228,3033,3010,116,23,116.00000,0.05931
534F4C31,18620,157919217,325,189,3035,3001,136,34,136.00000,0.08768
534F4C31,18620,157924147,322,199,3031,3029,123,2,123.00000,0.00516
534F4C31,18621,157929138,349,235,3036,3014,114,22,114.00000,0.05673
534F4C31,18621,157934139,355,220,3043,3015,135,28,135.00000,0.07221
534F4C31,18621,157939147,344,224,3036,3007,120,29,120.00000,0.07478
534F4C31,18622,157944663,327,280,3034,3009,47,25,47.00000,0.06447
534F4C31,18622,157949147,290,218,3037,3021,72,16,72.00000,0.04126
534F4C31,18623,157954427,305,237,3019,3004,68,15,68.00000,0.03868
534F4C31,18624,157959148,303,224,3021,3021,79,0,79.00000,0.00000
534F4C31,18624,157964148,326,267,3038,3016,59,22,59.00000,0.05673
534F4C31,18625,157969441,307,232,3037,3029,75,8,75.00000,0.02063
534F4C31,18626,157975318,327,233,3033,3012,94,21,94.00000,0.05415
534F4C31,18627,157980585,342,263,3034,2998,79,36,79.00000,0.09284
534F4C31,18627,157985522,285,180,3032,3013,105,19,105.00000,0.04900
534F4C31,18628,157989140,275,187,3025,3013,88,12,88.00000,0.03095
534F4C31,18628,157994250,297,255,3036,3031,42,5,42.00000,0.01289
534F4C31,18629,157999135,281,216,3056,3006,65,50,65.00000,0.12894
534F4C31,18630,158005423,321,268,3042,3015,53,27,53.00000,0.06963
534F4C31,18631,158009623,260,236,3036,3018,24,18,24.00000,0.04642
534F4C31,18631,158014136,254,189,3025,3012,65,13,65.00000,0.03352
534F4C31,18632,158019617,311,242,3037,3015,69,22,69.00000,0.05673
534F4C31,18633,158024154,288,203,3023,3010,85,13,85.00000,0.03352
534F4C31,18633,158029992,349,237,3034,3019,112,15,112.00000,0.03868
534F4C31,18633,158034139,335,214,3031,3016,121,15,121.00000,0.03868
534F4C31,18633,158039163,336,214,3029,3001,122,28,122.00000,0.07221
534F4C31,18634,158044159,352,242,3032,3014,110,18,110.00000,0.04642
534F4C31,18635,158049123,336,228,3040,3023,108,17,108.00000,0.04384
534F4C31,18635,158054139,314,227,3038,3017,87,21,87.00000,0.05415
534F4C31,18635,158059181,315,235,3026,3010,80,16,80.00000,0.04126
534F4C31,18636,158064160,309,282,3041,3016,27,25,27.00000,0.06447
534F4C31,18637,158069155,246,215,3033,3021,31,12,31.00000,0.03095
534F4C31,18638,158074137,266,213,3036,3005,53,31,53.00000,0.07994
534F4C31,18639,158080869,341,199,3023,3018,142,5,142.00000,0.01289
534F4C31,18639,158084963,317,141,3047,3023,176,24,176.00000,0.06189
534F4C31,18640,158089183,326,226,3049,3002,100,47,100.00000,0.12120
534F4C31,18640,158094135,284,180,3043,3022,104,21,104.00000,0.05415
534F4C31,18641,158099178,301,250,3033,3014,51,19,51.00000,0.04900
534F4C31,18641,158104136,271,202,3035,3033,69,2,69.00000,0.00516
534F4C31,18641,158109152,313,232,3033,3008,81,25,81.00000,0.06447
534F4C31,18642,158114165,330,289,3038,3051,41,-13,41.00000,-0.03352
534F4C31,18643,158119141,253,226,3031,3007,27,24,27.00000,0.06189
534F4C31,18643,158125347,303,229,3033,3010,74,23,74.00000,0.05931
534F4C31,18644,158129160,309,218,3034,3023,91,11,91.00000,0.02837
534F4C31,18645,158134202,316,245,3053,3015,71,38,71.00000,0.09799
534F4C31,18646,158139474,268,249,3030,3023,19,7,19.00000,0.01805
534F4C31,18646,158144485,280,222,3033,3015,58,18,58.00000,0.04642
534F4C31,18647,158149145,293,204,3035,3013,89,22,89.00000,0.05673
534F4C31,18648,158154162,296,219,3033,3003,77,30,77.00000,0.07736
534F4C31,18649,158160065,325,234,3031,3009,91,22,91.00000,0.05673
534F4C31,18649,158164520,310,238,3070,3008,72,62,72.00000,0.15988
534F4C31,18650,158169679,256,183,3039,3007,73,32,73.00000,0.08252
534F4C31,18650,158174141,263,205,3053,3029,58,24,58.00000,0.06189
534F4C31,18650,158179141,298,213,3045,3057,85,-12,85.00000,-0.03095
534F4C31,18650,158184156,331,231,3047,3011,100,36,100.00000,0.09284
534F4C31,18651,158189181,329,225,3055,3016,104,39,104.00000,0.10057
534F4C31,18652,158194392,341,244,3051,3028,97,23,97.00000,0.05931
534F4C31,18653,158199426,311,261,3047,3015,50,32,50.00000,0.08252
534F4C31,18653,158204610,238,177,3044,3018,61,26,61.00000,0.06705
534F4C31,18653,158209138,289,215,3047,3005,74,42,74.00000,0.10831
534F4C31,18654,158214137,333,247,3054,3018,86,36,86.00000,0.09284
534F4C31,18655,158219141,324,221,3044,3011,103,33,103.00000,0.08510
534F4C31,18655,158224486,305,240,3052,3025,65,27,65.00000,0.06963
534F4C31,18655,158229130,288,202,3044,3020,86,24,86.00000,0.06189
534F4C31,18656,158234193,326,232,3026,3014,94,12,94.00000,0.03095
534F4C31,18656,158239417,326,231,3058,3018,95,40,95.00000,0.10315
534F4C31,18657,158244356,337,234,3047,3012,103,35,103.00000,0.09026
534F4C31,18657,158251037,362,145,3034,3015,217,19,217.00000,0.04900
534F4C31,18658,158254608,278,218,3031,3013,60,18,60.00000,0.04642
534F4C31,18659,158260185,238,183,3047,3003,55,44,55.00000,0.11347
534F4C31,18659,158264731,290,218,3034,3016,72,18,72.00000,0.04642
534F4C31,18659,158269140,259,175,3046,3019,84,27,84.00000,0.06963
534F4C31,18660,158274173,273,265,3045,3015,8,30,8.00000,0.07736
534F4C31,18660,158279130,237,191,3047,3009,46,38,46.00000,0.09799
534F4C31,18661,158285224,317,258,3051,3014,59,37,59.00000,0.09541
534F4C31,18662,158289538,287,212,3046,3023,75,23,75.00000,0.05931
534F4C31,18663,158294178,282,264,3037,3021,18,16,18.00000,0.04126
534F4C31,18664,158300721,298,197,3049,3008,101,41,101.00000,0.10573
534F4C31,18665,158307027,341,190,3053,3008,151,45,151.00000,0.11604
534F4C31,18666,158310965,324,239,3047,3003,85,44,85.00000,0.11347
534F4C31,18667,158316677,307,221,3049,3012,86,37,86.00000,0.09541
534F4C31,18667,158322051,304,194,3045,3013,110,32,110.00000,0.08252
534F4C31,18668,158326678,325,215,3046,3008,110,38,110.00000,0.09799
534F4C31,18669,158330276,299,160,3044,3018,139,26,139.00000,0.06705
534F4C31,18669,158334130,289,183,3054,3017,106,37,106.00000,0.09541
534F4C31,18669,158339132,293,188,3046,3016,105,30,105.00000,0.07736
534F4C31,18669,158344141,314,214,3052,3025,100,27,100.00000,0.06963
534F4C31,18670,158349159,328,254,3046,3013,74,33,74.00000,0.08510
534F4C31,18671,158354150,261,212,3048,2996,49,52,49.00000,0.13410
534F4C31,18671,158359171,272,231,3050,3018,41,32,41.00000,0.08252
534F4C31,18671,158364130,292,197,3048,3013,95,35,95.00000,0.09026
534F4C31,18672,158369156,319,223,3082,3016,96,66,96.00000,0.17020
534F4C31,18673,158374830,333,226,3047,3007,107,40,107.00000,0.10315
534F4C31,18673,158379145,331,217,3043,3015,114,28,114.00000,0.07221
534F4C31,18673,158384151,339,239,3042,3019,100,23,100.00000,0.05931
534F4C31,18674,158389166,315,216,3053,3017,99,36,99.00000,0.09284
534F4C31,18675,158394150,315,229,3048,3024,86,24,86.00000,0.06189
534F4C31,18675,158399713,314,201,3076,3007,113,69,113.00000,0.17793
534F4C31,18676,158404134,297,194,3058,3012,103,46,103.00000,0.11862
534F4C31,18676,158409146,307,235,3039,3014,72,25,72.00000,0.06447
534F4C31,18676,158414183,303,229,3064,3026,74,38,74.00000,0.09799
534F4C31,18677,158419182,311,230,3041,3008,81,33,81.00000,0.08510
534F4C31,18678,158424320,316,233,3050,2980,83,70,83.00000,0.18051
534F4C31,18678,158429661,335,208,3062,3031,127,31,127.00000,0.07994
534F4C31,18678,158434134,344,215,3045,3021,129,24,129.00000,0.06189
534F4C31,18679,158439268,285,243,3047,3015,42,32,42.00000,0.08252
534F4C31,18680,158444133,267,202,3050,3016,65,34,65.00000,0.08768
534F4C31,18680,158450391,341,161,3053,3014,180,39,180.00000,0.10057
534F4C31,18681,158454167,315,167,3043,3010,148,33,148.00000,0.08510
534F4C31,18682,158459753,351,233,3041,3014,118,27,118.00000,0.06963
534F4C31,18682,158464138,329,225,3042,3012,104,30,104.00000,0.07736
534F4C31,18682,158469737,331,220,3059,3014,111,45,111.00000,0.11604
534F4C31,18683,158474155,294,209,3042,3020,85,22,85.00000,0.05673
534F4C31,18683,158479572,309,233,3043,3014,76,29,76.00000,0.07478
534F4C31,18684,158484150,296,200,3049,3023,96,26,96.00000,0.06705
534F4C31,18685,158489761,308,226,3047,3017,82,30,82.00000,0.07736
534F4C31,18686,158494139,274,234,3052,3007,40,45,40.00000,0.11604
534F4C31,18687,158499128,259,195,3046,3014,64,32,64.00000,0.08252
534F4C31,18688,158504148,279,232,3049,3024,47,25,47.00000,0.06447
534F4C31,18688,158509884,284,210,3049,3019,74,30,74.00000,0.07736
534F4C31,18689,158514132,312,224,3059,3014,88,45,88.00000,0.11604
534F4C31,18690,158519132,319,173,3047,2999,146,48,146.00000,0.12378
534F4C31,18691,158524138,291,206,3047,3001,85,46,85.00000,0.11862
534F4C31,18692,158530699,337,231,3044,3013,106,31,106.00000,0.07994
534F4C31,18693,158534931,290,172,3066,3012,118,54,118.00000,0.13925
534F4C31,18694,158539729,282,207,3048,3014,75,34,75.00000,0.08768
534F4C31,18695,158545502,299,240,3049,3019,59,30,59.00000,0.07736
534F4C31,18696,158550146,284,205,3046,3017,79,29,79.00000,0.07478
534F4C31,18696,158555991,321,223,3048,3020,98,28,98.00000,0.07221
534F4C31,18696,158559134,287,194,3042,2990,93,52,93.00000,0.13410
534F4C31,18696,158564133,329,210,3040,3034,119,6,119.00000,0.01547
534F4C31,18696,158569135,333,219,3053,3013,114,40,114.00000,0.10315
534F4C31,18696,158574140,328,219,3048,3011,109,37,109.00000,0.09541
534F4C31,18696,158579140,344,245,3044,3022,99,22,99.00000,0.05673
534F4C31,18697,158584160,346,249,3046,3009,97,37,97.00000,0.09541
534F4C31,18698,158589279,291,215,3052,3023,76,29,76.00000,0.07478
534F4C31,18699,158595439,306,245,3051,3015,61,36,61.00000,0.09284
534F4C31,18700,158600168,280,165,3048,3014,115,34,115.00000,0.08768
534F4C31,18700,158604484,269,194,3040,3015,75,25,75.00000,0.06447
534F4C31,18700,158609130,265,216,3045,3014,49,31,49.00000,0.07994
534F4C31,18700,158614127,300,227,3055,2996,73,59,73.00000,0.15215
534F4C31,18701,158619139,323,230,3056,3014,93,42,93.00000,0.10831
534F4C31,18701,158624519,330,226,3047,3012,104,35,104.00000,0.09026
534F4C31,18701,158629135,342,236,3047,3019,106,28,106.00000,0.07221
534F4C31,18702,158634183,320,229,3046,3011,91,35,91.00000,0.09026
534F4C31,18703,158639132,300,187,3047,3027,113,20,113.00000,0.05158
534F4C31,18704,158644181,312,250,3048,3018,62,30,62.00000,0.07736
534F4C31,18705,158649718,284,192,3054,3016,92,38,92.00000,0.09799
534F4C31,18705,158655050,283,215,3058,3004,68,54,68.00000,0.13925
534F4C31,18705,158659234,263,200,3052,2984,63,68,63.00000,0.17536
534F4C31,18706,158664407,321,246,3043,3010,75,33,75.00000,0.08510
534F4C31,18707,158669664,320,262,3050,3019,58,31,58.00000,0.07994
534F4C31,18707,158674130,244,175,3053,3024,69,29,69.00000,0.07478
534F4C31,18707,158679136,313,224,3048,3015,89,33,89.00000,0.08510
534F4C31,18708,158684159,324,271,3020,3008,53,12,53.00000,0.03095
534F4C31,18709,158689149,234,203,3067,3028,31,39,31.00000,0.10057
534F4C31,18710,158694815,295,250,3049,3008,45,41,45.00000,0.10573
534F4C31,18711,158699438,300,224,3049,3013,76,36,76.00000,0.09284
534F4C31,18711,158705128,342,243,3050,3014,99,36,99.00000,0.09284
534F4C31,18711,158709190,311,223,3049,3027,88,22,88.00000,0.05673
534F4C31,18711,158714138,335,245,3053,3021,90,32,90.00000,0.08252
534F4C31,18711,158719141,337,235,3039,3014,102,25,102.00000,0.06447
534F4C31,18712,158724259,312,249,3046,3015,63,31,63.00000,0.07994
534F4C31,18713,158729151,308,229,3047,3015,79,32,79.00000,0.08252
534F4C31,18714,158734145,331,235,3047,3031,96,16,96.00000,0.04126
534F4C31,18715,158739156,328,225,3043,3002,103,41,103.00000,0.10573
534F4C31,18716,158744794,352,292,3051,3015,60,36,60.00000,0.09284
534F4C31,18717,158749139,276,243,3054,3016,33,38,33.00000,0.09799
534F4C31,18717,158754877,242,193,3048,3024,49,24,49.00000,0.06189
534F4C31,18717,158759473,265,194,3048,3014,71,34,71.00000,0.08768
534F4C31,18717,158764134,313,209,3039,3017,104,22,104.00000,0.05673
534F4C31,18717,158769147,331,222,3051,3007,109,44,109.00000,0.11347
534F4C31,18718,158774182,304,250,3049,3005,54,44,54.00000,0.11347
534F4C31,18719,158779767,314,264,3047,3014,50,33,50.00000,0.08510
534F4C31,18720,158784284,295,214,3050,3011,81,39,81.00000,0.10057
534F4C31,18721,158789170,278,255,3062,3016,23,46,23.00000,0.11862
534F4C31,18722,158794141,250,205,3055,3011,45,44,45.00000,0.11347
534F4C31,18722,158799182,280,252,3055,3019,28,36,28.00000,0.09284
534F4C31,18723,158804130,263,195,3054,3021,68,33,68.00000,0.08510
534F4C31,18723,158809597,321,222,3047,3020,99,27,99.00000,0.06963
534F4C31,18724,158814139,339,244,3046,3013,95,33,95.00000,0.08510
534F4C31,18725,158820546,360,214,3049,3009,146,40,146.00000,0.10315
534F4C31,18725,158826857,376,224,3047,3037,152,10,152.00000,0.02579
534F4C31,18725,158829307,298,162,3047,3027,136,20,136.00000,0.05158
534F4C31,18726,158834164,288,235,3047,3018,53,29,53.00000,0.07478
534F4C31,18727,158839380,253,175,3069,3005,78,64,78.00000,0.16504
534F4C31,18728,158844140,295,238,3047,3019,57,28,57.00000,0.07221
534F4C31,18729,158849590,328,231,3047,3013,97,34,97.00000,0.08768
534F4C31,18729,158854153,295,240,3050,3013,55,37,55.00000,0.09541
534F4C31,18729,158859514,279,223,3042,3014,56,28,56.00000,0.07221
534F4C31,18729,158864142,314,241,3043,3001,73,42,73.00000,0.10831
534F4C31,18729,158869157,325,230,3047,3014,95,33,95.00000,0.08510
534F4C31,18729,158874162,323,226,3037,3001,97,36,97.00000,0.09284
534F4C31,18730,158879183,345,253,3047,3018,92,29,92.00000,0.07478
534F4C31,18731,158884150,348,242,3044,3013,106,31,106.00000,0.07994
534F4C31,18732,158889455,353,246,3047,3017,107,30,107.00000,0.07736
534F4C31,18732,158894150,306,227,3054,3015,79,39,79.00000,0.10057
534F4C31,18733,158899134,328,239,3067,3034,89,33,89.00000,0.08510
534F4C31,18734,158904421,328,219,3052,3006,109,46,109.00000,0.11862
534F4C31,18734,158909139,305,246,3039,3020,59,19,59.00000,0.04900
534F4C31,18734,158914145,293,219,3045,3013,74,32,74.00000,0.08252
534F4C31,18735,158919352,310,231,3067,3020,79,47,79.00000,0.12120
534F4C31,18736,158924228,265,219,3045,3017,46,28,46.00000,0.07221
534F4C31,18736,158929323,299,222,3040,3011,77,29,77.00000,0.07478
534F4C31,18736,158934246,307,221,3039,3009,86,30,86.00000,0.07736
534F4C31,18736,158939148,306,213,3039,3016,93,23,93.00000,0.05931
534F4C31,18737,158944282,325,259,3050,3011,66,39,66.00000,0.10057
534F4C31,18738,158949180,319,239,3050,3014,80,36,80.00000,0.09284
534F4C31,18739,158954416,281,252,3047,3012,29,35,29.00000,0.09026
534F4C31,18740,158959199,251,203,3044,3027,48,17,48.00000,0.04384
534F4C31,18741,158964148,298,252,3045,3014,46,31,46.00000,0.07994
534F4C31,18741,158969991,222,172,3049,3015,50,34,50.00000,0.08768
534F4C31,18742,158974161,253,227,3045,3009,26,36,26.00000,0.09284
534F4C31,18743,158979149,259,173,3041,3014,86,27,86.00000,0.06963
534F4C31,18743,158984139,314,175,3046,3017,139,29,139.00000,0.07478
534F4C31,18743,158989310,329,210,3046,3030,119,16,119.00000,0.04126
534F4C31,18743,158994245,344,243,3047,3031,101,16,101.00000,0.04126
534F4C31,18743,158999136,351,246,3041,3015,105,26,105.00000,0.06705
534F4C31,18744,159004143,343,236,3051,3025,107,26,107.00000,0.06705
534F4C31,18745,159009635,325,220,3056,3004,105,52,105.00000,0.13410
534F4C31,18746,159015003,345,255,3057,3020,90,37,90.00000,0.09541
534F4C31,18747,159020202,298,180,3034,3015,118,19,118.00000,0.04900
534F4C31,18748,159026377,341,238,3047,3023,103,24,103.00000,0.06189
534F4C31,18749,159029957,295,225,3046,3037,70,9,70.00000,0.02321
534F4C31,18749,159035330,284,182,3060,3016,102,44,102.00000,0.11347
534F4C31,18749,159039524,267,154,3056,3014,113,42,113.00000,0.10831
534F4C31,18749,159044144,316,205,3047,3011,111,36,111.00000,0.09284
534F4C31,18750,159050021,325,260,3045,3000,65,45,65.00000,0.11604
534F4C31,18751,159055414,295,191,3044,3026,104,18,104.00000,0.04642
534F4C31,18752,159060239,326,221,3047,3014,105,33,105.00000,0.08510
534F4C31,18752,159066098,352,236,3072,3022,116,50,116.00000,0.12894
534F4C31,18752,159069132,283,185,3035,3013,98,22,98.00000,0.05673
534F4C31,18752,159074140,293,203,3049,2997,90,52,90.00000,0.13410
534F4C31,18752,159079146,313,212,3041,3014,101,27,101.00000,0.06963
534F4C31,18753,159084185,335,224,3048,3028,111,20,111.00000,0.05158
534F4C31,18754,159089446,331,205,3043,3015,126,28,126.00000,0.07221
534F4C31,18755,159094134,338,192,3047,3014,146,33,146.00000,0.08510
534F4C31,18756,159099160,335,240,3047,3010,95,37,95.00000,0.09541
534F4C31,18757,159104554,262,217,3043,3015,45,28,45.00000,0.07221
534F4C31,18757,159110023,262,183,3049,3007,79,42,79.00000,0.10831
534F4C31,18758,159114177,255,223,3036,3003,32,33,32.00000,0.08510
534F4C31,18758,159119300,247,161,3049,3013,86,36,86.00000,0.09284
534F4C31,18759,159124639,300,210,3050,3015,90,35,90.00000,0.09026
534F4C31,18759,159129139,305,166,3030,3024,139,6,139.00000,0.01547
534F4C31,18759,159134139,334,200,3048,3015,134,33,134.00000,0.08510
534F4C31,18759,159139138,308,192,3045,3009,116,36,116.00000,0.09284
534F4C31,18759,159144139,338,224,3058,3013,114,45,114.00000,0.11604
534F4C31,18760,159149151,351,235,3051,3022,116,29,116.00000,0.07478
534F4C31,18761,159154155,313,195,3051,3007,118,44,118.00000,0.11347
534F4C31,18762,159159596,341,229,3047,3013,112,34,112.00000,0.08768
534F4C31,18763,159164138,343,253,3050,3011,90,39,90.00000,0.10057
534F4C31,18763,159169795,316,220,3047,3010,96,37,96.00000,0.09541
534F4C31,18764,159174130,278,157,3046,3010,121,36,121.00000,0.09284
534F4C31,18765,159179322,324,244,3048,3011,80,37,80.00000,0.09541
534F4C31,18766,159185168,311,240,3049,2997,71,52,71.00000,0.13410
534F4C31,18767,159189133,263,171,3047,3018,92,29,92.00000,0.07478
534F4C31,18767,159194521,335,231,3043,3016,104,27,104.00000,0.06963
534F4C31,18768,159199683,357,237,3047,3015,120,32,120.00000,0.08252
534F4C31,18768,159205170,339,170,3044,3015,169,29,169.00000,0.07478
534F4C31,18768,159209201,325,199,3030,3016,126,14,126.00000,0.03610
534F4C31,18768,159214146,348,228,3053,3019,120,34,120.00000,0.08768
534F4C31,18768,159219145,342,220,3043,3023,122,20,122.00000,0.05158
534F4C31,18769,159224141,330,217,3047,3021,113,26,113.00000,0.06705
534F4C31,18770,159229603,342,209,3048,3008,133,40,133.00000,0.10315
534F4C31,18771,159234170,328,207,3030,3013,121,17,121.00000,0.04384
534F4C31,18772,159239162,306,210,3049,3012,96,37,96.00000,0.09541
534F4C31,18772,159244253,304,206,3059,3008,98,51,98.00000,0.13152
534F4C31,18773,159249195,337,246,3046,3060,91,-14,91.00000,-0.03610
534F4C31,18774,159254434,315,211,3044,3011,104,33,104.00000,0.08510
534F4C31,18775,159259325,329,247,3055,3020,82,35,82.00000,0.09026
534F4C31,18776,159264317,329,234,3044,3019,95,25,95.00000,0.06447
534F4C31,18777,159272753,391,260,3037,3014,131,23,131.00000,0.05931
534F4C31,18777,159277550,352,252,3044,3013,100,31,100.00000,0.07994
534F4C31,18777,159280542,284,179,3048,3013,105,35,105.00000,0.09026
534F4C31,18777,159284129,286,162,3047,3024,124,23,124.00000,0.05931
534F4C31,18778,159289135,314,176,3043,3006,138,37,138.00000,0.09541
534F4C31,18778,159294329,329,209,3045,3015,120,30,120.00000,0.07736
534F4C31,18778,159299130,315,197,3048,3014,118,34,118.00000,0.08768
534F4C31,18778,159304236,329,208,3037,3024,121,13,121.00000,0.03352
534F4C31,18778,159309136,331,218,3061,3013,113,48,113.00000,0.12378
534F4C31,18779,159314170,317,272,3059,3002,45,57,45.00000,0.14699
534F4C31,18780,159319145,243,182,3047,3011,61,36,61.00000,0.09284
534F4C31,18781,159324152,260,238,3041,2996,22,45,22.00000,0.11604
534F4C31,18782,159330026,282,220,3045,3015,62,30,62.00000,0.07736
534F4C31,18782,159334260,275,198,3039,3004,77,35,77.00000,0.09026
534F4C31,18783,159339132,268,154,3049,3006,114,43,114.00000,0.11089
534F4C31,18784,159344414,333,220,3046,3011,113,35,113.00000,0.09026
534F4C31,18785,159349190,350,247,3048,3021,103,27,103.00000,0.06963
534F4C31,18786,159354518,313,239,3043,3014,74,29,74.00000,0.07478
534F4C31,18787,159361251,294,184,3048,3014,110,34,110.00000,0.08768
534F4C31,18787,159366906,329,184,3069,3008,145,61,145.00000,0.15730
534F4C31,18787,159370170,273,168,3045,3010,105,35,105.00000,0.09026
534F4C31,18787,159374130,247,154,3060,3013,93,47,93.00000,0.12120
534F4C31,18787,159379137,306,209,3049,3024,97,25,97.00000,0.06447
534F4C31,18787,159384161,331,215,3048,3009,116,39,116.00000,0.10057
534F4C31,18788,159389186,310,212,3044,3020,98,24,98.00000,0.06189
534F4C31,18789,159394181,323,234,3055,3023,89,32,89.00000,0.08252
534F4C31,18790,159399146,344,245,3054,3011,99,43,99.00000,0.11089
534F4C31,18791,159404173,339,230,3049,3010,109,39,109.00000,0.10057
534F4C31,18792,159409146,342,236,3042,2991,106,51,106.00000,0.13152
534F4C31,18793,159414150,359,248,3047,3015,111,32,111.00000,0.08252
534F4C31,18794,159419148,347,232,3049,3007,115,42,115.00000,0.10831
534F4C31,18795,159424148,329,230,3054,3011,99,43,99.00000,0.11089
534F4C31,18796,159429150,341,237,3054,3018,104,36,104.00000,0.09284
534F4C31,18797,159434150,351,235,3042,3016,116,26,116.00000,0.06705
534F4C31,18798,159439183,340,221,3059,3012,119,47,119.00000,0.12120
534F4C31,18799,159444183,348,241,3046,3015,107,31,107.00000,0.07994
534F4C31,18800,159449304,276,256,3044,3014,20,30,20.00000,0.07736
534F4C31,18801,159454747,226,197,3047,3030,29,17,29.00000,0.04384
534F4C31,18802,159459681,237,168,3035,3014,69,21,69.00000,0.05415
534F4C31,18803,159464467,292,210,3048,3006,82,42,82.00000,0.10831
534F4C31,18803,159470068,294,138,3043,3023,156,20,156.00000,0.05158
534F4C31,18804,159474165,273,195,3053,3015,78,38,78.00000,0.09799
534F4C31,18805,159480178,320,194,3057,3005,126,52,126.00000,0.13410
534F4C31,18805,159484779,311,117,3046,3018,194,28,194.00000,0.07221
534F4C31,18806,159489171,318,165,3040,3041,153,-1,153.00000,-0.00258
534F4C31,18806,159494128,340,218,3046,3014,122,32,122.00000,0.08252
534F4C31,18806,159499142,337,245,3034,3018,92,16,92.00000,0.04126
534F4C31,18806,159504146,310,213,3046,3014,97,32,97.00000,0.08252
534F4C31,18806,159509158,327,224,3047,3015,103,32,103.00000,0.08252
534F4C31,18806,159514139,351,241,3051,3007,110,44,110.00000,0.11347
534F4C31,18807,159519148,337,265,3056,3030,72,26,72.00000,0.06705
534F4C31,18808,159524137,247,185,3048,3038,62,10,62.00000,0.02579
534F4C31,18809,159529176,296,237,3042,3008,59,34,59.00000,0.08768
534F4C31,18809,159535105,304,207,3070,3030,97,40,97.00000,0.10315
534F4C31,18810,159539463,294,203,3046,3013,91,33,91.00000,0.08510
534F4C31,18811,159544128,281,224,3057,3010,57,47,57.00000,0.12120
534F4C31,18812,159550513,289,210,3048,3001,79,47,79.00000,0.12120
534F4C31,18812,159555791,301,204,3052,3013,97,39,97.00000,0.10057
534F4C31,18812,159559147,283,189,3048,2986,94,62,94.00000,0.15988
534F4C31,18812,159564148,333,228,3040,3019,105,21,105.00000,0.05415
534F4C31,18813,159569138,336,220,3048,3013,116,35,116.00000,0.09026
534F4C31,18814,159574156,303,237,3042,2988,66,54,66.00000,0.13925
534F4C31,18815,159579639,300,219,3051,3029,81,22,81.00000,0.05673
534F4C31,18815,159584148,284,197,3038,2999,87,39,87.00000,0.10057
534F4C31,18815,159589136,283,181,3047,3009,102,38,102.00000,0.09799
534F4C31,18815,159594323,333,223,3044,3002,110,42,110.00000,0.10831
534F4C31,18815,159599139,348,231,3044,3015,117,29,117.00000,0.07478
534F4C31,18815,159604147,336,217,3053,3010,119,43,119.00000,0.11089
534F4C31,18815,159609147,343,227,3046,3007,116,39,116.00000,0.10057
534F4C31,18816,159614144,361,241,3044,2990,120,54,120.00000,0.13925
534F4C31,18816,159619147,348,228,3046,3007,120,39,120.00000,0.10057
534F4C31,18816,159624156,333,213,3046,3007,120,39,120.00000,0.10057
534F4C31,18817,159629500,344,228,3045,3027,116,18,116.00000,0.04642
534F4C31,18817,159634160,316,218,3044,3013,98,31,98.00000,0.07994
534F4C31,18817,159639138,292,190,3044,3010,102,34,102.00000,0.08768
534F4C31,18817,159644140,330,221,3044,3006,109,38,109.00000,0.09799
534F4C31,18818,159649276,359,243,3054,3008,116,46,116.00000,0.11862
534F4C31,18819,159654150,339,225,3045,2995,114,50,114.00000,0.12894
534F4C31,18820,159659185,321,234,3037,3009,87,28,87.00000,0.07221
534F4C31,18821,159664141,302,176,3047,3006,126,41,126.00000,0.10573
534F4C31,18822,159669311,324,231,3039,3000,93,39,93.00000,0.10057
534F4C31,18822,159674231,277,176,3047,3010,101,37,101.00000,0.09541
534F4C31,18823,159679883,337,254,3047,2994,83,53,83.00000,0.13667
534F4C31,18824,159684619,286,233,3048,2998,53,50,53.00000,0.12894
534F4C31,18824,159690669,282,201,3044,3006,81,38,81.00000,0.09799
534F4C31,18824,159694137,280,187,3052,3007,93,45,93.00000,0.11604
534F4C31,18824,159699397,342,234,3044,3005,108,39,108.00000,0.10057
534F4C31,18825,159704150,309,215,3050,3027,94,23,94.00000,0.05931
534F4C31,18826,159709407,312,218,3051,3011,94,40,94.00000,0.10315
534F4C31,18826,159715447,340,207,3047,3011,133,36,133.00000,0.09284
534F4C31,18826,159719162,302,178,3056,3013,124,43,124.00000,0.11089
534F4C31,18826,159724144,312,174,3051,3005,138,46,138.00000,0.11862
534F4C31,18827,159729721,348,256,3048,3022,92,26,92.00000,0.06705
534F4C31,18828,159734145,295,203,3047,3015,92,32,92.00000,0.08252
534F4C31,18829,159739843,307,167,3046,3015,140,31,140.00000,0.07994
534F4C31,18830,159744138,322,194,3052,3017,128,35,128.00000,0.09026
534F4C31,18830,159749293,360,232,3049,2997,128,52,128.00000,0.13410
534F4C31,18831,159754181,345,218,3044,3021,127,23,127.00000,0.05931
534F4C31,18831,159759888,364,244,3046,3027,120,19,120.00000,0.04900
534F4C31,18831,159764141,346,226,3045,3015,120,30,120.00000,0.07736
534F4C31,18832,159769432,334,237,3048,3006,97,42,97.00000,0.10831
534F4C31,18832,159774139,275,167,3045,3007,108,38,108.00000,0.09799
534F4C31,18833,159779915,337,251,3055,3017,86,38,86.00000,0.09799
534F4C31,18834,159784310,290,207,3041,3018,83,23,83.00000,0.05931
534F4C31,18835,159789142,241,144,3050,3028,97,22,97.00000,0.05673
534F4C31,18836,159794143,294,236,3035,3016,58,19,58.00000,0.04900
534F4C31,18836,159799171,282,186,3053,3014,96,39,96.00000,0.10057
534F4C31,18837,159804180,279,216,3047,3047,63,0,63.00000,0.00000
534F4C31,18837,159809212,272,199,3038,3018,73,20,73.00000,0.05158
534F4C31,18837,159814150,331,232,3048,3015,99,33,99.00000,0.08510
534F4C31,18838,159819171,339,224,3045,3015,115,30,115.00000,0.07736
534F4C31,18839,159824128,329,208,3045,3015,121,30,121.00000,0.07736
534F4C31,18840,159829871,367,264,3048,3014,103,34,103.00000,0.08768
534F4C31,18841,159835031,324,167,3053,3015,157,38,157.00000,0.09799
534F4C31,18841,159839141,310,150,3044,3014,160,30,160.00000,0.07736
534F4C31,18842,159844207,341,217,3046,3015,124,31,124.00000,0.07994
534F4C31,18842,159849132,343,233,3038,3015,110,23,110.00000,0.05931
534F4C31,18842,159854430,324,217,3047,3012,107,35,107.00000,0.09026
534F4C31,18842,159859155,330,218,3045,3012,112,33,112.00000,0.08510
534F4C31,18843,159864168,337,259,3037,3008,78,29,78.00000,0.07478
534F4C31,18844,159869534,278,166,3045,3014,112,31,112.00000,0.07994
534F4C31,18844,159874977,309,195,3047,3013,114,34,114.00000,0.08768
534F4C31,18844,159879137,301,161,3050,3021,140,29,140.00000,0.07478
534F4C31,18845,159884181,310,228,3061,3019,82,42,82.00000,0.10831
534F4C31,18846,159889162,265,195,3055,3013,70,42,70.00000,0.10831
534F4C31,18847,159894743,305,217,3030,3012,88,18,88.00000,0.04642
534F4C31,18847,159900549,341,150,3058,3010,191,48,191.00000,0.12378
534F4C31,18848,159904160,289,221,3037,3015,68,22,68.00000,0.05673
534F4C31,18849,159910808,279,200,3039,3021,79,18,79.00000,0.04642
534F4C31,18849,159915262,317,213,3046,3011,104,35,104.00000,0.09026
534F4C31,18850,159919604,304,176,3030,3021,128,9,128.00000,0.02321
534F4C31,18851,159924141,304,162,3050,3011,142,39,142.00000,0.10057
534F4C31,18851,159929479,338,211,3048,3015,127,33,127.00000,0.08510
534F4C31,18851,159934136,317,187,3048,3013,130,35,130.00000,0.09026
534F4C31,18852,159939145,328,202,3061,3020,126,41,126.00000,0.10573
534F4C31,18853,159944136,315,256,3046,3013,59,33,59.00000,0.08510
534F4C31,18853,159949128,270,184,3046,3003,86,43,86.00000,0.11089
534F4C31,18854,159955503,331,232,3026,3014,99,12,99.00000,0.03095
534F4C31,18854,159959134,302,195,3044,3016,107,28,107.00000,0.07221
534F4C31,18855,159964148,346,232,3032,3020,114,12,114.00000,0.03095
534F4C31,18855,159969352,347,209,3047,3018,138,29,138.00000,0.07478
534F4C31,18856,159974152,331,196,3046,3014,135,32,135.00000,0.08252
534F4C31,18857,159979977,363,191,3045,3021,172,24,172.00000,0.06189
534F4C31,18858,159984220,324,215,3050,3012,109,38,109.00000,0.09799
534F4C31,18859,159989717,297,180,3045,3011,117,34,117.00000,0.08768
534F4C31,18860,159995471,349,193,3048,2987,156,61,156.00000,0.15730
534F4C31,18860,159999142,315,198,3043,2991,117,52,117.00000,0.13410
534F4C31,18860,160004292,271,136,3045,3037,135,8,135.00000,0.02063
534F4C31,18860,160009137,320,199,3053,3025,121,28,121.00000,0.07221
534F4C31,18860,160014153,355,230,3047,3022,125,25,125.00000,0.06447
534F4C31,18861,160019182,326,252,3047,3017,74,30,74.00000,0.07736
534F4C31,18862,160024148,244,207,3047,3010,37,37,37.00000,0.09541
534F4C31,18863,160029501,287,232,3047,3022,55,25,55.00000,0.06447
534F4C31,18863,160034235,295,197,3040,2998,98,42,98.00000,0.10831
534F4C31,18864,160039145,294,217,3048,3016,77,32,77.00000,0.08252
534F4C31,18864,160044323,312,201,3049,2998,111,51,111.00000,0.13152
534F4C31,18865,160049150,342,249,3053,3014,93,39,93.00000,0.10057
534F4C31,18866,160055552,308,185,3044,3017,123,27,123.00000,0.06963
534F4C31,18866,160059674,302,146,3054,3023,156,31,156.00000,0.07994
534F4C31,18866,160064148,330,204,3059,3011,126,48,126.00000,0.12378
534F4C31,18867,160069172,311,230,3072,3019,81,53,81.00000,0.13667
534F4C31,18867,160074569,263,152,3069,3013,111,56,111.00000,0.14441
534F4C31,18867,160079129,316,199,3053,3020,117,33,117.00000,0.08510
534F4C31,18868,160084160,342,218,3054,3014,124,40,124.00000,0.10315
534F4C31,18869,160089128,334,206,3062,3015,128,47,128.00000,0.12120
534F4C31,18870,160094346,313,208,3058,3011,105,47,105.00000,0.12120
534F4C31,18871,160100018,327,175,3070,3013,152,57,152.00000,0.14699
534F4C31,18872,160104193,309,185,3067,2998,124,69,124.00000,0.17793
534F4C31,18872,160110047,342,217,3060,3016,125,44,125.00000,0.11347
534F4C31,18872,160114183,325,252,3061,3014,73,47,73.00000,0.12120
534F4C31,18873,160119148,273,189,3068,3011,84,57,84.00000,0.14699
534F4C31,18873,160124623,313,222,3060,3015,91,45,91.00000,0.11604
534F4C31,18873,160129147,324,224,3058,3013,100,45,100.00000,0.11604
534F4C31,18874,160134840,349,250,3026,3015,99,11,99.00000,0.02837
534F4C31,18875,160139154,293,216,3063,3003,77,60,77.00000,0.15473
534F4C31,18876,160144142,285,186,3051,3038,99,13,99.00000,0.03352
534F4C31,18877,160149427,348,217,3080,3010,131,70,131.00000,0.18051
534F4C31,18878,160154143,324,183,3071,3010,141,61,141.00000,0.15730
534F4C31,18879,160159147,330,189,3062,3017,141,45,141.00000,0.11604
534F4C31,18879,160164174,360,228,3078,3016,132,62,132.00000,0.15988
534F4C31,18880,160169174,342,235,3067,3006,107,61,107.00000,0.15730
534F4C31,18881,160175001,329,226,3060,2994,103,66,103.00000,0.17020
534F4C31,18882,160179175,329,237,3049,2978,92,71,92.00000,0.18309
534F4C31,18883,160184393,327,202,3069,3016,125,53,125.00000,0.13667
534F4C31,18884,160190459,344,225,3059,3000,119,59,119.00000,0.15215
534F4C31,18884,160196281,333,155,3056,3001,178,55,178.00000,0.14183
534F4C31,18884,160199143,290,159,3056,3008,131,48,131.00000,0.12378
534F4C31,18885,160204617,301,195,3065,3015,106,50,106.00000,0.12894
534F4C31,18885,160209170,307,206,3063,3010,101,53,101.00000,0.13667
534F4C31,18886,160214157,333,270,3063,3015,63,48,63.00000,0.12378
534F4C31,18887,160219139,253,187,3063,3027,66,36,66.00000,0.09284
534F4C31,18888,160224181,268,214,3064,3018,54,46,54.00000,0.11862
534F4C31,18888,160229150,262,201,3061,3010,61,51,61.00000,0.13152
534F4C31,18889,160234146,285,200,3059,3008,85,51,85.00000,0.13152
534F4C31,18889,160239225,289,169,3063,3010,120,53,120.00000,0.13667
534F4C31,18889,160244585,332,232,3083,3004,100,79,100.00000,0.20372
534F4C31,18889,160249137,330,221,3059,3018,109,41,109.00000,0.10573
534F4C31,18889,160254140,330,214,3063,3023,116,40,116.00000,0.10315
534F4C31,18890,160259133,338,228,3056,2991,110,65,110.00000,0.16762
534F4C31,18891,160264145,351,238,3056,3008,113,48,113.00000,0.12378
534F4C31,18891,160269139,332,188,3058,3011,144,47,144.00000,0.12120
534F4C31,18891,160274134,299,180,3063,3002,119,61,119.00000,0.15730
534F4C31,18891,160279147,320,203,3059,3013,117,46,117.00000,0.11862
534F4C31,18891,160284147,342,215,3057,3005,127,52,127.00000,0.13410
534F4C31,18892,160289216,336,209,3065,3020,127,45,127.00000,0.11604
534F4C31,18893,160294323,348,226,3068,3017,122,51,122.00000,0.13152
534F4C31,18894,160300217,358,252,3062,3016,106,46,106.00000,0.11862
534F4C31,18895,160304441,297,180,3059,3022,117,37,117.00000,0.09541
534F4C31,18896,160309582,322,176,3058,2997,146,61,146.00000,0.15730
534F4C31,18896,160314752,339,162,3059,3015,177,44,177.00000,0.11347
534F4C31,18897,160319141,327,214,3068,3022,113,46,113.00000,0.11862
534F4C31,18898,160324690,295,174,3045,3019,121,26,121.00000,0.06705
534F4C31,18898,160329136,322,239,3074,3006,83,68,83.00000,0.17536
534F4C31,18898,160334130,299,159,3055,3004,140,51,140.00000,0.13152
534F4C31,18899,160339176,319,198,3069,3019,121,50,121.00000,0.12894
534F4C31,18899,160344137,335,231,3059,3018,104,41,104.00000,0.10573
534F4C31,18899,160349139,340,215,3061,3015,125,46,125.00000,0.11862
534F4C31,18900,160355145,339,249,3066,3022,90,44,90.00000,0.11347
534F4C31,18901,160359330,267,185,3070,3033,82,37,82.00000,0.09541
534F4C31,18901,160365201,346,247,3067,3012,99,55,99.00000,0.14183
534F4C31,18902,160369144,276,204,3060,3018,72,42,72.00000,0.10831
534F4C31,18903,160374186,277,206,3061,3002,71,59,71.00000,0.15215
534F4C31,18904,160379841,323,234,3077,3008,89,69,89.00000,0.17793
534F4C31,18905,160385517,307,178,3059,3009,129,50,129.00000,0.12894
534F4C31,18905,160389739,286,114,3058,3007,172,51,172.00000,0.13152
534F4C31,18905,160394319,325,183,3059,3021,142,38,142.00000,0.09799
534F4C31,18905,160399139,351,196,3065,3007,155,58,155.00000,0.14957
534F4C31,18906,160404190,313,235,3064,3019,78,45,78.00000,0.11604
534F4C31,18907,160409136,273,196,3062,3015,77,47,77.00000,0.12120
534F4C31,18907,160414189,330,258,3069,3015,72,54,72.00000,0.13925
534F4C31,18908,160419129,299,224,3054,3004,75,50,75.00000,0.12894
534F4C31,18908,160424335,282,215,3041,3013,67,28,67.00000,0.07221
534F4C31,18909,160429137,304,222,3062,3015,82,47,82.00000,0.12120
534F4C31,18910,160434224,320,180,3053,3036,140,17,140.00000,0.04384
534F4C31,18911,160439165,283,199,3057,3010,84,47,84.00000,0.12120
534F4C31,18911,160444128,282,176,3070,3012,106,58,106.00000,0.14957
534F4C31,18912,160449155,330,218,3063,3013,112,50,112.00000,0.12894
534F4C31,18913,160454599,338,179,3035,3002,159,33,159.00000,0.08510
534F4C31,18913,160459370,342,218,3060,3015,124,45,124.00000,0.11604
534F4C31,18913,160464128,343,223,3060,3016,120,44,120.00000,0.11347
534F4C31,18913,160469141,322,204,3067,3015,118,52,118.00000,0.13410
534F4C31,18914,160474566,339,227,3058,3022,112,36,112.00000,0.09284
534F4C31,18915,160479129,319,205,3061,3003,114,58,114.00000,0.14957
534F4C31,18915,160484524,317,238,3085,3010,79,75,79.00000,0.19341
534F4C31,18915,160489146,278,176,3058,3009,102,49,102.00000,0.12636
534F4C31,18916,160494152,320,257,3065,3016,63,49,63.00000,0.12636
534F4C31,18917,160499158,273,190,3056,3014,83,42,83.00000,0.10831
534F4C31,18917,160504153,254,236,3069,3027,18,42,18.00000,0.10831
534F4C31,18918,160509132,225,178,3072,3000,47,72,47.00000,0.18567
534F4C31,18919,160514182,302,257,3062,3030,45,32,45.00000,0.08252
534F4C31,18919,160519148,285,199,3059,3009,86,50,86.00000,0.12894
534F4C31,18920,160524150,306,202,3057,3007,104,50,104.00000,0.12894
534F4C31,18921,160529144,322,159,3066,3003,163,63,163.00000,0.16246
534F4C31,18922,160534417,322,215,3062,3013,107,49,107.00000,0.12636
534F4C31,18923,160539124,306,188,3060,3011,118,49,118.00000,0.12636
534F4C31,18924,160544219,336,215,3068,3013,121,55,121.00000,0.14183
534F4C31,18924,160550472,369,221,3073,3009,148,64,148.00000,0.16504
534F4C31,18925,160554158,328,191,3051,3016,137,35,137.00000,0.09026
534F4C31,18926,160559191,325,232,3057,3008,93,49,93.00000,0.12636
534F4C31,18927,160566373,371,228,3061,2992,143,69,143.00000,0.17793
534F4C31,18927,160570369,328,177,3049,3015,151,34,151.00000,0.08768
534F4C31,18928,160574182,297,171,3063,3017,126,46,126.00000,0.11862
534F4C31,18929,160579191,335,214,3054,3018,121,36,121.00000,0.09284
534F4C31,18929,160584133,344,217,3059,3012,127,47,127.00000,0.12120
534F4C31,18929,160589161,336,213,3061,3014,123,47,123.00000,0.12120
534F4C31,18929,160594161,351,234,3043,3009,117,34,117.00000,0.08768
534F4C31,18929,160599352,367,249,3060,3013,118,47,118.00000,0.12120
534F4C31,18930,160604135,340,207,3079,3014,133,65,133.00000,0.16762
534F4C31,18930,160609314,337,193,3071,3015,144,56,144.00000,0.14441
534F4C31,18930,160614153,331,248,3065,3013,83,52,83.00000,0.13410
534F4C31,18930,160619142,300,203,3052,3014,97,38,97.00000,0.09799
534F4C31,18931,160624184,293,240,3061,3029,53,32,53.00000,0.08252
534F4C31,18932,160629179,295,215,3067,3014,80,53,80.00000,0.13667
534F4C31,18933,160634459,315,253,3056,3018,62,38,62.00000,0.09799
534F4C31,18934,160639173,241,157,3060,3021,84,39,84.00000,0.10057
534F4C31,18934,160644128,315,218,3061,3015,97,46,97.00000,0.11862
534F4C31,18935,160649140,348,208,3056,3039,140,17,140.00000,0.04384
534F4C31,18936,160654758,321,246,3060,3007,75,53,75.00000,0.13667
534F4C31,18937,160660647,284,182,3060,2997,102,63,102.00000,0.16246
534F4C31,18937,160665291,339,226,3079,3011,113,68,113.00000,0.17536
534F4C31,18937,160669130,281,164,3053,3006,117,47,117.00000,0.12120
534F4C31,18937,160674147,295,180,3058,3010,115,48,115.00000,0.12378
534F4C31,18938,160679156,334,225,3071,3040,109,31,109.00000,0.07994
534F4C31,18939,160684157,317,214,3052,3024,103,28,103.00000,0.07221
534F4C31,18939,160689683,299,145,3062,3015,154,47,154.00000,0.12120
534F4C31,18940,160694163,328,202,3074,3012,126,62,126.00000,0.15988
534F4C31,18941,160699139,353,232,3065,3009,121,56,121.00000,0.14441
534F4C31,18942,160704158,333,191,3075,3022,142,53,142.00000,0.13667
534F4C31,18943,160709958,343,164,3061,3010,179,51,179.00000,0.13152
534F4C31,18943,160714683,354,204,3064,3022,150,42,150.00000,0.10831
534F4C31,18944,160719145,315,157,3061,3018,158,43,158.00000,0.11089
534F4C31,18944,160725146,348,229,3064,3015,119,49,119.00000,0.12636
534F4C31,18944,160729335,321,214,3056,3006,107,50,107.00000,0.12894
534F4C31,18945,160734134,328,211,3068,3011,117,57,117.00000,0.14699
534F4C31,18946,160739141,318,211,3061,3019,107,42,107.00000,0.10831
534F4C31,18946,160744971,331,226,3047,3014,105,33,105.00000,0.08510
534F4C31,18946,160749162,331,215,3055,3012,116,43,116.00000,0.11089
534F4C31,18946,160754137,321,196,3061,3015,125,46,125.00000,0.11862
534F4C31,18946,160759137,334,220,3058,3049,114,9,114.00000,0.02321
534F4C31,18947,160764672,366,266,3070,3020,100,50,100.00000,0.12894
534F4C31,18948,160769971,338,232,3068,3022,106,46,106.00000,0.11862
534F4C31,18949,160774157,303,204,3062,3031,99,31,99.00000,0.07994
534F4C31,18950,160779497,342,214,3056,3015,128,41,128.00000,0.10573
534F4C31,18950,160784183,332,207,3062,3011,125,51,125.00000,0.13152
534F4C31,18951,160789428,330,211,3064,3007,119,57,119.00000,0.14699
534F4C31,18952,160794163,336,226,3062,3006,110,56,110.00000,0.14441
534F4C31,18953,160799542,344,153,3060,3026,191,34,191.00000,0.08768
534F4C31,18953,160804563,338,176,3061,3007,162,54,162.00000,0.13925
534F4C31,18953,160809177,323,229,3062,3013,94,49,94.00000,0.12636
534F4C31,18953,160814128,295,189,3064,3014,106,50,106.00000,0.12894
534F4C31,18953,160819138,322,206,3062,3013,116,49,116.00000,0.12636
534F4C31,18954,160824159,324,205,3060,3014,119,46,119.00000,0.11862
534F4C31,18955,160829165,327,264,3062,3024,63,38,63.00000,0.09799
534F4C31,18956,160834157,282,204,3057,3015,78,42,78.00000,0.10831
534F4C31,18957,160839304,264,236,3062,3015,28,47,28.00000,0.12120
534F4C31,18958,160844236,254,189,3059,3007,65,52,65.00000,0.13410
534F4C31,18959,160849182,312,183,3080,3012,129,68,129.00000,0.17536
534F4C31,18959,160854411,283,188,3060,3016,95,44,95.00000,0.11347
534F4C31,18960,160859156,278,165,3059,3016,113,43,113.00000,0.11089
534F4C31,18961,160864151,294,256,3059,3026,38,33,38.00000,0.08510
534F4C31,18961,160869595,217,188,3060,3015,29,45,29.00000,0.11604
534F4C31,18961,160874127,242,171,3063,3018,71,45,71.00000,0.11604
534F4C31,18962,160879158,315,224,3065,3019,91,46,91.00000,0.11862
534F4C31,18963,160884138,331,237,3060,3016,94,44,94.00000,0.11347
534F4C31,18964,160889703,302,284,3063,3000,18,63,18.00000,0.16246
534F4C31,18964,160895748,251,186,3076,3013,65,63,65.00000,0.16246
534F4C31,18964,160899178,278,188,3063,3020,90,43,90.00000,0.11089
534F4C31,18964,160904135,310,207,3061,3009,103,52,103.00000,0.13410
534F4C31,18964,160909168,331,231,3061,3014,100,47,100.00000,0.12120
534F4C31,18965,160914357,327,272,3057,3015,55,42,55.00000,0.10831
534F4C31,18966,160919629,268,205,3056,3009,63,47,63.00000,0.12120
534F4C31,18967,160924645,285,214,3055,3020,71,35,71.00000,0.09026
534F4C31,18968,160929141,289,158,3059,3005,131,54,131.00000,0.13925
534F4C31,18968,160934728,331,223,3087,3021,108,66,108.00000,0.17020
534F4C31,18968,160939134,277,193,3050,3015,84,35,84.00000,0.09026
534F4C31,18968,160944153,310,209,3066,3011,101,55,101.00000,0.14183
534F4C31,18969,160949165,306,249,3063,3006,57,57,57.00000,0.14699
534F4C31,18970,160954130,268,192,3056,3032,76,24,76.00000,0.06189
534F4C31,18971,160959150,313,238,3064,3017,75,47,75.00000,0.12120
534F4C31,18972,160964271,290,228,3067,3015,62,52,62.00000,0.13410
534F4C31,18972,160970269,310,178,3068,3025,132,43,132.00000,0.11089
534F4C31,18972,160974313,296,185,3059,3013,111,46,111.00000,0.11862
534F4C31,18972,160979134,327,214,3069,3024,113,45,113.00000,0.11604
534F4C31,18973,160984595,339,232,3056,3010,107,46,107.00000,0.11862
534F4C31,18974,160989175,313,198,3075,3014,115,61,115.00000,0.15730
534F4C31,18975,160994186,328,235,3065,3016,93,49,93.00000,0.12636
534F4C31,18975,160999186,343,213,3061,3009,130,52,130.00000,0.13410
534F4C31,18976,161004152,342,212,3068,3040,130,28,130.00000,0.07221
534F4C31,18976,161009933,363,205,3069,3028,158,41,158.00000,0.10573
534F4C31,18977,161014139,351,214,3068,2982,137,86,137.00000,0.22177
534F4C31,18977,161019127,338,152,3056,3019,186,37,186.00000,0.09541
534F4C31,18977,161024149,338,192,3058,3010,146,48,146.00000,0.12378
534F4C31,18977,161029181,357,231,3071,3021,126,50,126.00000,0.12894
534F4C31,18978,161034470,353,223,3058,3017,130,41,130.00000,0.10573
534F4C31,18979,161039133,318,191,3058,3004,127,54,127.00000,0.13925
534F4C31,18980,161044436,325,187,3071,3016,138,55,138.00000,0.14183
534F4C31,18980,161051251,375,250,3061,3043,125,18,125.00000,0.04642
534F4C31,18981,161054510,314,164,3065,3027,150,38,150.00000,0.09799
534F4C31,18981,161059152,329,205,3076,3017,124,59,124.00000,0.15215
534F4C31,18982,161064134,350,209,3069,3013,141,56,141.00000,0.14441
534F4C31,18983,161069148,318,222,3054,3013,96,41,96.00000,0.10573
534F4C31,18984,161075235,323,174,3052,3015,149,37,149.00000,0.09541
534F4C31,18984,161080333,348,211,3054,3015,137,39,137.00000,0.10057
534F4C31,18984,161084161,306,173,3063,3010,133,53,133.00000,0.13667
534F4C31,18985,161089147,307,203,3062,3019,104,43,104.00000,0.11089
534F4C31,18986,161094146,303,215,3072,3014,88,58,88.00000,0.14957
534F4C31,18986,161099643,323,218,3069,3014,105,55,105.00000,0.14183
534F4C31,18986,161104134,310,202,3055,3019,108,36,108.00000,0.09284
534F4C31,18986,161109138,330,226,3065,3008,104,57,104.00000,0.14699
534F4C31,18987,161114137,355,232,3061,3013,123,48,123.00000,0.12378
534F4C31,18988,161119645,344,219,3065,3013,125,52,125.00000,0.13410
534F4C31,18989,161124184,290,218,3063,3005,72,58,72.00000,0.14957
534F4C31,18990,161129913,312,188,3062,3013,124,49,124.00000,0.12636
534F4C31,18991,161134129,316,169,3059,3020,147,39,147.00000,0.10057
534F4C31,18992,161139128,310,211,3049,3015,99,34,99.00000,0.08768
534F4C31,18992,161144323,311,210,3059,3015,101,44,101.00000,0.11347
534F4C31,18993,161149318,344,236,3046,3021,108,25,108.00000,0.06447
534F4C31,18994,161154131,321,167,3053,3010,154,43,154.00000,0.11089
534F4C31,18994,161160247,346,153,3050,3012,193,38,193.00000,0.09799
534F4C31,18995,161164146,335,186,3062,3013,149,49,149.00000,0.12636
534F4C31,18995,161169942,357,191,3064,2996,166,68,166.00000,0.17536
534F4C31,18996,161174209,324,195,3067,3030,129,37,129.00000,0.09541
534F4C31,18996,161179914,360,205,3050,3008,155,42,155.00000,0.10831
534F4C31,18996,161184224,336,196,3060,3028,140,32,140.00000,0.08252
534F4C31,18997,161189140,322,211,3064,3016,111,48,111.00000,0.12378
534F4C31,18997,161194133,315,179,3056,3010,136,46,136.00000,0.11862
534F4C31,18997,161199145,354,226,3065,3015,128,50,128.00000,0.12894
534F4C31,18997,161204142,343,216,3059,3017,127,42,127.00000,0.10831
534F4C31,18998,161209177,320,260,3062,3013,60,49,60.00000,0.12636
534F4C31,18999,161214152,274,215,3060,3015,59,45,59.00000,0.11604
534F4C31,19000,161220833,300,186,3060,3008,114,52,114.00000,0.13410
534F4C31,19000,161225038,271,160,3069,3017,111,52,111.00000,0.13410
534F4C31,19001,161229134,299,226,3039,3013,73,26,73.00000,0.06705
534F4C31,19002,161234130,275,151,3061,3033,124,28,124.00000,0.07221
534F4C31,19003,161239138,303,171,3068,2995,132,73,132.00000,0.18825
534F4C31,19004,161244136,303,240,3067,3013,63,54,63.00000,0.13925
534F4C31,19005,161249587,310,199,3059,3012,111,47,111.00000,0.12120
534F4C31,19006,161254132,274,218,3059,2996,56,63,56.00000,0.16246
534F4C31,19006,161260743,299,214,3054,3016,85,38,85.00000,0.09799
534F4C31,19007,161264145,293,200,3065,3014,93,51,93.00000,0.13152
534F4C31,19007,161270292,344,206,3041,3015,138,26,138.00000,0.06705
534F4C31,19007,161274554,311,192,3048,3016,119,32,119.00000,0.08252
534F4C31,19008,161279148,331,213,3062,3017,118,45,118.00000,0.11604
534F4C31,19009,161284134,340,194,3058,3014,146,44,146.00000,0.11347
534F4C31,19009,161289197,326,201,3062,3015,125,47,125.00000,0.12120
534F4C31,19009,161294139,320,194,3060,3025,126,35,126.00000,0.09026
534F4C31,19009,161299242,353,238,3065,3017,115,48,115.00000,0.12378
534F4C31,19009,161304139,331,217,3041,3015,114,26,114.00000,0.06705
534F4C31,19010,161309166,322,258,3060,3032,64,28,64.00000,0.07221
534F4C31,19011,161314168,266,189,3070,3008,77,62,77.00000,0.15988
534F4C31,19012,161319444,273,211,3057,3024,62,33,62.00000,0.08510
534F4C31,19012,161325192,288,218,3062,3015,70,47,70.00000,0.12120
534F4C31,19012,161330097,305,227,3071,3016,78,55,78.00000,0.14183
534F4C31,19012,161334136,279,182,3063,3000,97,63,97.00000,0.16246
534F4C31,19013,161339184,288,211,3057,3013,77,44,77.00000,0.11347
534F4C31,19014,161344131,300,192,3058,3009,108,49,108.00000,0.12636
534F4C31,19015,161349619,316,245,3062,3010,71,52,71.00000,0.13410
534F4C31,19016,161356149,295,180,3069,3028,115,41,115.00000,0.10573
534F4C31,19017,161360561,301,187,3062,3014,114,48,114.00000,0.12378
534F4C31,19018,161365259,312,184,3052,2999,128,53,128.00000,0.13667
534F4C31,19018,161369141,293,183,3056,3021,110,35,110.00000,0.09026
534F4C31,19019,161374185,284,229,3062,3011,55,51,55.00000,0.13152
534F4C31,19019,161379258,282,193,3051,3017,89,34,89.00000,0.08768
534F4C31,19019,161384147,324,215,3060,3001,109,59,109.00000,0.15215
534F4C31,19020,161389169,320,207,3057,3012,113,45,113.00000,0.11604
534F4C31,19020,161394406,332,184,3070,3006,148,64,148.00000,0.16504
534F4C31,19020,161399177,355,221,3062,3013,134,49,134.00000,0.12636
534F4C31,19020,161404138,339,209,3068,3004,130,64,130.00000,0.16504
534F4C31,19021,161409138,344,225,3068,3025,119,43,119.00000,0.11089
534F4C31,19022,161414152,353,221,3066,3015,132,51,132.00000,0.13152
534F4C31,19023,161419143,316,222,3060,3012,94,48,94.00000,0.12378
534F4C31,19023,161425179,292,204,3061,3022,88,39,88.00000,0.10057
534F4C31,19023,161429139,305,198,3056,3018,107,38,107.00000,0.09799
534F4C31,19024,161434674,326,216,3061,3027,110,34,110.00000,0.08768
534F4C31,19025,161439153,305,189,3047,3016,116,31,116.00000,0.07994
534F4C31,19026,161444147,332,222,3071,3016,110,55,110.00000,0.14183
534F4C31,19026,161449146,331,202,3062,3018,129,44,129.00000,0.11347
534F4C31,19027,161454134,305,184,3065,3006,121,59,121.00000,0.15215
534F4C31,19027,161459132,331,214,3060,3024,117,36,117.00000,0.09284
534F4C31,19028,161464685,344,269,3078,3022,75,56,75.00000,0.14441
534F4C31,19029,161469142,267,207,3053,3013,60,40,60.00000,0.10315
534F4C31,19029,161474131,267,160,3062,3007,107,55,107.00000,0.14183
534F4C31,19029,161479151,330,223,3053,3020,107,33,107.00000,0.08510
534F4C31,19030,161484169,341,227,3060,2996,114,64,114.00000,0.16504
534F4C31,19031,161489585,319,222,3056,3014,97,42,97.00000,0.10831
534F4C31,19031,161494138,311,209,3060,3007,102,53,102.00000,0.13667
534F4C31,19032,161499195,334,219,3070,3018,115,52,115.00000,0.13410
534F4C31,19032,161504148,327,200,3080,3026,127,54,127.00000,0.13925
534F4C31,19033,161509434,345,243,3063,3019,102,44,102.00000,0.11347
534F4C31,19034,161514292,332,219,3071,3015,113,56,113.00000,0.14441
534F4C31,19035,161519146,332,201,3067,3018,131,49,131.00000,0.12636
534F4C31,19036,161524128,313,233,3072,3028,80,44,80.00000,0.11347
534F4C31,19037,161529132,291,164,3057,3030,127,27,127.00000,0.06963
534F4C31,19037,161534617,323,223,3054,3016,100,38,100.00000,0.09799
534F4C31,19037,161539133,295,187,3059,3023,108,36,108.00000,0.09284
534F4C31,19037,161544149,333,222,3060,3008,111,52,111.00000,0.13410
534F4C31,19037,161549141,358,238,3061,3014,120,47,120.00000,0.12120
534F4C31,19038,161554639,325,244,3056,3014,81,42,81.00000,0.10831
534F4C31,19039,161559620,287,227,3068,3045,60,23,60.00000,0.05931
534F4C31,19040,161564238,274,241,3060,3014,33,46,33.00000,0.11862
534F4C31,19041,161569746,277,205,3067,3018,72,49,72.00000,0.12636
534F4C31,19041,161574134,286,192,3061,3005,94,56,94.00000,0.14441
534F4C31,19041,161579388,333,244,3051,2993,89,58,89.00000,0.14957
534F4C31,19042,161584151,323,220,3050,3005,103,45,103.00000,0.11604
534F4C31,19043,161589856,331,199,3071,3026,132,45,132.00000,0.11604
534F4C31,19044,161594151,302,171,3052,3017,131,35,131.00000,0.09026
534F4C31,19044,161599655,347,170,3059,3010,177,49,177.00000,0.12636
534F4C31,19044,161604145,336,187,3059,3017,149,42,149.00000,0.10831
534F4C31,19044,161609140,346,222,3057,3017,124,40,124.00000,0.10315
534F4C31,19045,161614159,353,232,3056,3006,121,50,121.00000,0.12894
534F4C31,19046,161619146,287,191,3060,3015,96,45,96.00000,0.11604
534F4C31,19047,161625923,336,202,3063,3007,134,56,134.00000,0.14441
534F4C31,19047,161630266,336,176,3081,2998,160,83,160.00000,0.21404
534F4C31,19047,161634130,315,147,3060,3012,168,48,168.00000,0.12378
534F4C31,19048,161639138,328,173,3062,3025,155,37,155.00000,0.09541
534F4C31,19049,161644139,352,221,3067,3009,131,58,131.00000,0.14957
534F4C31,19050,161649145,336,215,3061,3019,121,42,121.00000,0.10831
534F4C31,19051,161655020,281,155,3059,3019,126,40,126.00000,0.10315
534F4C31,19051,161659462,300,133,3060,3014,167,46,167.00000,0.11862
534F4C31,19052,161664136,339,201,3060,3020,138,40,138.00000,0.10315
534F4C31,19053,161669143,312,181,3061,2981,131,80,131.00000,0.20630
534F4C31,19053,161674150,277,160,3060,3015,117,45,117.00000,0.11604
534F4C31,19054,161679187,336,219,3059,3016,117,43,117.00000,0.11089
534F4C31,19054,161684152,338,183,3077,3016,155,61,155.00000,0.15730
534F4C31,19054,161689141,335,196,3063,3010,139,53,139.00000,0.13667
534F4C31,19055,161694180,325,257,3065,3025,68,40,68.00000,0.10315
534F4C31,19056,161699524,305,218,3073,3017,87,56,87.00000,0.14441
534F4C31,19057,161704153,293,183,3060,3018,110,42,110.00000,0.10831
534F4C31,19058,161710525,340,273,3063,3012,67,51,67.00000,0.13152
534F4C31,19059,161715728,307,209,3061,3018,98,43,98.00000,0.11089
534F4C31,19059,161721521,336,167,3051,3020,169,31,169.00000,0.07994
534F4C31,19059,161724481,284,159,3060,3015,125,45,125.00000,0.11604
534F4C31,19060,161729578,318,224,3059,3008,94,51,94.00000,0.13152
534F4C31,19060,161734587,291,180,3058,3016,111,42,111.00000,0.10831
534F4C31,19060,161739237,307,198,3067,3027,109,40,109.00000,0.10315
534F4C31,19061,161744152,325,229,3063,3016,96,47,96.00000,0.12120
534F4C31,19062,161749177,340,243,3066,3012,97,54,97.00000,0.13925
534F4C31,19063,161754143,287,212,3085,3003,75,82,75.00000,0.21146
534F4C31,19064,161759815,312,221,3064,3014,91,50,91.00000,0.12894
534F4C31,19065,161764310,322,281,3043,3001,41,42,41.00000,0.10831
534F4C31,19065,161771066,242,183,3060,3018,59,42,59.00000,0.10831
534F4C31,19065,161774132,231,147,3059,3015,84,44,84.00000,0.11347
534F4C31,19065,161779250,318,230,3062,3007,88,55,88.00000,0.14183
534F4C31,19066,161784156,327,213,3063,3014,114,49,114.00000,0.12636
534F4C31,19067,161789143,328,212,3058,3013,116,45,116.00000,0.11604
534F4C31,19068,161794140,317,260,3075,3013,57,62,57.00000,0.15988
534F4C31,19068,161799426,278,197,3055,3017,81,38,81.00000,0.09799
534F4C31,19068,161804145,299,193,3061,3010,106,51,106.00000,0.13152
534F4C31,19068,161809139,328,217,3056,3014,111,42,111.00000,0.10831
534F4C31,19069,161814687,326,265,3060,3010,61,50,61.00000,0.12894
534F4C31,19070,161819629,281,183,3069,3025,98,44,98.00000,0.11347
534F4C31,19071,161824931,311,180,3071,3013,131,58,131.00000,0.14957
534F4C31,19071,161829506,334,193,3058,3024,141,34,141.00000,0.08768
534F4C31,19071,161834227,344,204,3062,3012,140,50,140.00000,0.12894
534F4C31,19072,161839140,331,202,3043,3012,129,31,129.00000,0.07994
534F4C31,19073,161844160,347,244,3062,3016,103,46,103.00000,0.11862
534F4C31,19074,161849881,321,224,3055,3015,97,40,97.00000,0.10315
534F4C31,19075,161854897,280,219,3058,3011,61,47,61.00000,0.12120
534F4C31,19076,161860164,295,207,3054,3022,88,32,88.00000,0.08252
534F4C31,19076,161864177,300,197,3069,3003,103,66,103.00000,0.17020
534F4C31,19076,161869497,317,175,3053,3016,142,37,142.00000,0.09541
534F4C31,19076,161874134,311,190,3062,3009,121,53,121.00000,0.13667
534F4C31,19077,161879191,345,232,3062,3021,113,41,113.00000,0.10573
534F4C31,19078,161884175,314,227,3060,3010,87,50,87.00000,0.12894
534F4C31,19079,161889320,289,140,3060,3006,149,54,149.00000,0.13925
534F4C31,19079,161894255,333,192,3069,3013,141,56,141.00000,0.14441
534F4C31,19080,161899670,311,238,3060,2996,73,64,73.00000,0.16504
534F4C31,19081,161904157,267,190,3076,3011,77,65,77.00000,0.16762
534F4C31,19081,161909405,305,216,3063,2994,89,69,89.00000,0.17793
534F4C31,19081,161914125,317,192,3068,3011,125,57,125.00000,0.14699
534F4C31,19082,161919154,330,209,3059,3032,121,27,121.00000,0.06963
534F4C31,19083,161924145,322,238,3062,3006,84,56,84.00000,0.14441
534F4C31,19083,161929156,307,245,3060,3014,62,46,62.00000,0.11862
534F4C31,19083,161934133,275,195,3061,3012,80,49,80.00000,0.12636
534F4C31,19083,161939138,280,181,3065,3014,99,51,99.00000,0.13152
534F4C31,19084,161944166,300,241,3054,3020,59,34,59.00000,0.08768
534F4C31,19085,161949784,291,157,3061,3015,134,46,134.00000,0.11862
534F4C31,19085,161954143,278,185,3059,3004,93,55,93.00000,0.14183
534F4C31,19086,161960060,315,207,3061,3023,108,38,108.00000,0.09799
534F4C31,19087,161964143,291,211,3062,3000,80,62,80.00000,0.15988
534F4C31,19088,161969586,305,168,3067,3023,137,44,137.00000,0.11347
534F4C31,19088,161974155,290,219,3062,3012,71,50,71.00000,0.12894
534F4C31,19088,161979148,278,149,3062,3014,129,48,129.00000,0.12378
534F4C31,19089,161984166,302,214,3066,3011,88,55,88.00000,0.14183
534F4C31,19090,161989896,295,239,3063,3020,56,43,56.00000,0.11089
534F4C31,19090,161995557,282,231,3075,3009,51,66,51.00000,0.17020
534F4C31,19091,161999145,266,196,3063,3015,70,48,70.00000,0.12378
534F4C31,19092,162004748,292,218,3061,3010,74,51,74.00000,0.13152
534F4C31,19093,162009275,273,194,3065,3019,79,46,79.00000,0.11862
534F4C31,19093,162014141,317,202,3052,3010,115,42,115.00000,0.10831
534F4C31,19094,162019165,321,193,3060,3010,128,50,128.00000,0.12894
534F4C31,19094,162024352,316,221,3061,3016,95,45,95.00000,0.11604
534F4C31,19094,162029139,338,238,3057,3020,100,37,100.00000,0.09541
534F4C31,19095,162034130,329,210,3053,3014,119,39,119.00000,0.10057
534F4C31,19095,162039146,327,185,3061,3005,142,56,142.00000,0.14441
534F4C31,19095,162044175,348,228,3053,3010,120,43,120.00000,0.11089
534F4C31,19096,162049148,357,239,3056,3002,118,54,118.00000,0.13925
534F4C31,19096,162054141,317,221,3067,3002,96,65,96.00000,0.16762
534F4C31,19097,162059165,318,208,3082,3000,110,82,110.00000,0.21146
534F4C31,19097,162064315,330,179,3066,3014,151,52,151.00000,0.13410
534F4C31,19098,162069191,340,226,3045,3003,114,42,114.00000,0.10831
534F4C31,19099,162075095,310,208,3037,3014,102,23,102.00000,0.05931
534F4C31,19100,162079376,319,199,3068,3010,120,58,120.00000,0.14957
534F4C31,19101,162084555,336,213,3043,3013,123,30,123.00000,0.07736
534F4C31,19102,162089844,339,197,3068,3015,142,53,142.00000,0.13667
534F4C31,19102,162095835,380,247,3058,3013,133,45,133.00000,0.11604
534F4C31,19102,162099137,318,205,3061,3007,113,54,113.00000,0.13925
534F4C31,19102,162104145,305,181,3055,3014,124,41,124.00000,0.10573
534F4C31,19102,162109150,331,219,3080,3016,112,64,112.00000,0.16504
534F4C31,19103,162114179,337,258,3060,3018,79,42,79.00000,0.10831
534F4C31,19104,162119175,307,219,3056,3015,88,41,88.00000,0.10573
534F4C31,19105,162124418,295,253,3060,3018,42,42,42.00000,0.10831
534F4C31,19105,162129138,274,205,3062,3013,69,49,69.00000,0.12636
534F4C31,19106,162134152,302,214,3062,3012,88,50,88.00000,0.12894
534F4C31,19107,162139306,295,130,3063,3018,165,45,165.00000,0.11604
534F4C31,19108,162144182,329,232,3052,3014,97,38,97.00000,0.09799
534F4C31,19108,162149484,310,225,3049,3005,85,44,85.00000,0.11347
534F4C31,19108,162154174,291,219,3083,3014,72,69,72.00000,0.17793
534F4C31,19108,162159146,285,200,3080,3014,85,66,85.00000,0.17020
534F4C31,19109,162164155,335,224,3080,3027,111,53,111.00000,0.13667
534F4C31,19110,162169212,321,140,3078,3006,181,72,181.00000,0.18567
534F4C31,19111,162174136,321,186,3092,3003,135,89,135.00000,0.22951
534F4C31,19111,162179714,362,224,3075,3005,138,70,138.00000,0.18051
534F4C31,19112,162184500,341,220,3072,3013,121,59,121.00000,0.15215
534F4C31,19112,162189435,319,215,3076,3010,104,66,104.00000,0.17020
534F4C31,19113,162194351,315,224,3079,3009,91,70,91.00000,0.18051
534F4C31,19114,162199392,326,235,3061,3012,91,49,91.00000,0.12636
534F4C31,19114,162204670,297,221,3086,3012,76,74,76.00000,0.19083
534F4C31,19114,162209385,267,184,3076,3045,83,31,83.00000,0.07994
534F4C31,19114,162214145,322,217,3083,3021,105,62,105.00000,0.15988
534F4C31,19114,162219147,331,219,3072,3005,112,67,112.00000,0.17278
534F4C31,19115,162224156,306,239,3086,3020,67,66,67.00000,0.17020
534F4C31,19116,162229178,312,229,3086,3012,83,74,83.00000,0.19083
534F4C31,19117,162234150,332,241,3086,3031,91,55,91.00000,0.14183
534F4C31,19118,162239130,308,207,3080,3027,101,53,101.00000,0.13667
534F4C31,19119,162245079,348,185,3079,3022,163,57,163.00000,0.14699
534F4C31,19119,162250256,358,212,3094,3001,146,93,146.00000,0.23982
534F4C31,19120,162254785,330,202,3085,3012,128,73,128.00000,0.18825
534F4C31,19121,162260141,344,207,3076,3012,137,64,137.00000,0.16504
534F4C31,19121,162264128,335,202,3078,3028,133,50,133.00000,0.12894
534F4C31,19121,162269147,310,228,3083,3014,82,69,82.00000,0.17793
534F4C31,19121,162274149,288,197,3078,3011,91,67,91.00000,0.17278
534F4C31,19122,162279172,308,255,3077,3006,53,71,53.00000,0.18309
534F4C31,19122,162284145,270,183,3082,3015,87,67,87.00000,0.17278
534F4C31,19123,162289747,314,218,3084,3012,96,72,96.00000,0.18567
534F4C31,19124,162294603,326,203,3075,3002,123,73,123.00000,0.18825
534F4C31,19125,162299159,267,237,3074,3010,30,64,30.00000,0.16504
534F4C31,19125,162304957,214,151,3073,3027,63,46,63.00000,0.11862
534F4C31,19125,162309154,278,201,3077,3014,77,63,77.00000,0.16246
534F4C31,19126,162314144,324,237,3079,3012,87,67,87.00000,0.17278
534F4C31,19127,162319489,329,236,3074,3013,93,61,93.00000,0.15730
534F4C31,19128,162324148,277,250,3057,3017,27,40,27.00000,0.10315
534F4C31,19128,162329700,260,176,3084,3006,84,78,84.00000,0.20114
534F4C31,19128,162334149,300,194,3085,3011,106,74,106.00000,0.19083
534F4C31,19129,162339450,323,213,3079,3015,110,64,110.00000,0.16504
534F4C31,19130,162344141,299,253,3074,3007,46,67,46.00000,0.17278
534F4C31,19131,162349398,264,180,3084,3017,84,67,84.00000,0.17278
534F4C31,19132,162354757,265,223,3080,3015,42,65,42.00000,0.16762
534F4C31,19133,162359160,233,176,3089,3021,57,68,57.00000,0.17536
534F4C31,19134,162364145,283,212,3079,3015,71,64,71.00000,0.16504
534F4C31,19135,162370171,282,162,3070,3001,120,69,120.00000,0.17793
534F4C31,19136,162376092,337,184,3083,3014,153,69,153.00000,0.17793
534F4C31,19137,162379157,296,203,3077,3011,93,66,93.00000,0.17020
534F4C31,19138,162384557,277,217,3064,3030,60,34,60.00000,0.08768
534F4C31,19139,162389312,261,170,3100,3004,91,96,91.00000,0.24756
534F4C31,19140,162395595,342,208,3081,3024,134,57,134.00000,0.14699
534F4C31,19140,162399222,315,167,3069,3018,148,51,148.00000,0.13152
534F4C31,19140,162404136,317,206,3049,3012,111,37,111.00000,0.09541
534F4C31,19141,162409399,314,224,3092,3018,90,74,90.00000,0.19083
534F4C31,19142,162414157,311,249,3090,3028,62,62,62.00000,0.15988
534F4C31,19142,162420248,285,198,3086,3014,87,72,87.00000,0.18567
534F4C31,19142,162424149,277,203,3077,3015,74,62,74.00000,0.15988
534F4C31,19143,162429160,281,250,3083,2996,31,87,31.00000,0.22435
534F4C31,19144,162434135,229,231,3086,3015,-2,71,-2.00000,0.18309
534F4C31,19145,162440540,255,202,3077,3001,53,76,53.00000,0.19599
534F4C31,19145,162445336,306,233,3083,3005,73,78,73.00000,0.20114
534F4C31,19145,162449261,275,196,3081,2993,79,88,79.00000,0.22693
534F4C31,19145,162454135,291,195,3083,3019,96,64,96.00000,0.16504
534F4C31,19146,162459155,326,226,3081,3016,100,65,100.00000,0.16762
534F4C31,19147,162464136,336,251,3076,3005,85,71,85.00000,0.18309
534F4C31,19148,162469628,297,199,3077,2999,98,78,98.00000,0.20114
534F4C31,19148,162475375,307,193,3072,3014,114,58,114.00000,0.14957
534F4C31,19148,162479143,308,192,3073,3015,116,58,116.00000,0.14957
534F4C31,19148,162484143,333,214,3069,3024,119,45,119.00000,0.11604
534F4C31,19148,162489147,331,207,3082,3018,124,64,124.00000,0.16504
534F4C31,19148,162494157,348,232,3084,3023,116,61,116.00000,0.15730
534F4C31,19149,162499139,365,241,3087,3001,124,86,124.00000,0.22177
534F4C31,19150,162504169,336,224,3085,3014,112,71,112.00000,0.18309
534F4C31,19150,162509133,309,208,3080,3011,101,69,101.00000,0.17793
534F4C31,19150,162514130,344,237,3081,3008,107,73,107.00000,0.18825
534F4C31,19151,162519144,337,217,3087,3013,120,74,120.00000,0.19083
534F4C31,19151,162524476,333,206,3054,3014,127,40,127.00000,0.10315
534F4C31,19151,162529178,343,231,3088,3017,112,71,112.00000,0.18309
534F4C31,19152,162534165,317,238,3070,3027,79,43,79.00000,0.11089
534F4C31,19153,162539339,275,214,3086,3015,61,71,61.00000,0.18309
534F4C31,19154,162544149,283,199,3089,3014,84,75,84.00000,0.19341
534F4C31,19155,162549987,344,198,3084,2986,146,98,146.00000,0.25272
534F4C31,19156,162555059,295,214,3094,3022,81,72,81.00000,0.18567
534F4C31,19156,162559703,247,163,3080,3012,84,68,84.00000,0.17536
534F4C31,19156,162564129,305,208,3099,3015,97,84,97.00000,0.21662
534F4C31,19156,162569142,324,216,3076,3015,108,61,108.00000,0.15730
534F4C31,19157,162574172,317,258,3067,3023,59,44,59.00000,0.11347
534F4C31,19158,162579416,287,232,3079,3014,55,65,55.00000,0.16762
534F4C31,19159,162584311,293,196,3074,3010,97,64,97.00000,0.16504
534F4C31,19160,162589173,294,206,3073,3018,88,55,88.00000,0.14183
534F4C31,19161,162594128,318,216,3079,3009,102,70,102.00000,0.18051
534F4C31,19161,162599696,360,243,3079,3010,117,69,117.00000,0.17793
534F4C31,19161,162604336,333,218,3077,3017,115,60,115.00000,0.15473
534F4C31,19161,162609138,330,220,3074,3011,110,63,110.00000,0.16246
534F4C31,19162,162614136,353,238,3076,3012,115,64,115.00000,0.16504
534F4C31,19163,162619156,343,216,3075,3009,127,66,127.00000,0.17020
534F4C31,19164,162624950,305,247,3075,3016,58,59,58.00000,0.15215
534F4C31,19164,162629541,250,177,3070,3015,73,55,73.00000,0.14183
534F4C31,19164,162634140,299,194,3079,3017,105,62,105.00000,0.15988
534F4C31,19165,162639129,319,207,3058,3017,112,41,112.00000,0.10573
534F4C31,19166,162644139,326,195,3068,3014,131,54,131.00000,0.13925
534F4C31,19167,162649903,334,179,3078,3011,155,67,155.00000,0.17278
534F4C31,19168,162654535,327,188,3062,3013,139,49,139.00000,0.12636
534F4C31,19169,162659867,350,238,3098,3012,112,86,112.00000,0.22177
534F4C31,19169,162664817,338,231,3071,3018,107,53,107.00000,0.13667
534F4C31,19169,162669146,318,203,3085,3016,115,69,115.00000,0.17793
534F4C31,19170,162674143,311,230,3077,2999,81,78,81.00000,0.20114
534F4C31,19171,162679220,319,205,3088,3026,114,62,114.00000,0.15988
534F4C31,19171,162684130,336,192,3084,3011,144,73,144.00000,0.18825
534F4C31,19171,162689614,338,240,3082,3020,98,62,98.00000,0.15988
534F4C31,19171,162694133,302,203,3076,3008,99,68,99.00000,0.17536
534F4C31,19172,162699144,342,233,3095,3014,109,81,109.00000,0.20888
534F4C31,19172,162704134,322,218,3084,3037,104,47,104.00000,0.12120
534F4C31,19173,162709137,329,246,3068,3014,83,54,83.00000,0.13925
534F4C31,19173,162714195,307,206,3074,2982,101,92,101.00000,0.23725
534F4C31,19174,162719148,302,180,3081,3025,122,56,122.00000,0.14441
534F4C31,19175,162724497,327,191,3075,3014,136,61,136.00000,0.15730
534F4C31,19175,162729143,329,204,3079,3014,125,65,125.00000,0.16762
534F4C31,19176,162734188,336,255,3077,3017,81,60,81.00000,0.15473
534F4C31,19177,162739142,262,172,3081,3015,90,66,90.00000,0.17020
534F4C31,19178,162745280,320,286,3078,3011,34,67,34.00000,0.17278
534F4C31,19179,162750748,281,214,3071,3014,67,57,67.00000,0.14699
534F4C31,19180,162755488,265,232,3088,3024,33,64,33.00000,0.16504
534F4C31,19181,162760753,262,210,3088,3003,52,85,52.00000,0.21919
534F4C31,19182,162768025,349,222,3064,3015,127,49,127.00000,0.12636
534F4C31,19182,162771567,279,164,3079,3011,115,68,115.00000,0.17536
534F4C31,19182,162774963,238,158,3081,3007,80,74,80.00000,0.19083
534F4C31,19182,162779243,268,197,3082,3005,71,77,71.00000,0.19856
534F4C31,19183,162784135,284,168,3080,3010,116,70,116.00000,0.18051
534F4C31,19184,162789649,299,231,3091,3014,68,77,68.00000,0.19856
534F4C31,19184,162794470,283,162,3083,3021,121,62,121.00000,0.15988
534F4C31,19185,162799146,313,211,3072,3014,102,58,102.00000,0.14957
534F4C31,19186,162804584,290,223,3069,3044,67,25,67.00000,0.06447
534F4C31,19186,162809132,256,199,3087,3013,57,74,57.00000,0.19083
534F4C31,19186,162814133,294,198,3080,3015,96,65,96.00000,0.16762
534F4C31,19187,162819496,323,224,3079,3018,99,61,99.00000,0.15730
534F4C31,19187,162824353,309,212,3082,3016,97,66,97.00000,0.17020
534F4C31,19187,162829214,335,237,3080,3011,98,69,98.00000,0.17793
534F4C31,19187,162834136,328,204,3083,3015,124,68,124.00000,0.17536
534F4C31,19188,162839148,331,210,3080,3007,121,73,121.00000,0.18825
534F4C31,19188,162844129,349,229,3083,2973,120,110,120.00000,0.28366
534F4C31,19189,162849472,359,218,3070,3009,141,61,141.00000,0.15730
534F4C31,19190,162855063,333,143,3079,3027,190,52,190.00000,0.13410
534F4C31,19190,162859838,335,209,3082,3021,126,61,126.00000,0.15730
534F4C31,19190,162864130,319,181,3075,3000,138,75,138.00000,0.19341
534F4C31,19191,162869153,329,206,3086,3015,123,71,123.00000,0.18309
534F4C31,19191,162874130,296,156,3069,3015,140,54,140.00000,0.13925
534F4C31,19192,162879596,329,252,3069,3028,77,41,77.00000,0.10573
534F4C31,19193,162884582,271,217,3083,3013,54,70,54.00000,0.18051
534F4C31,19193,162889891,262,150,3083,3042,112,41,112.00000,0.10573
534F4C31,19194,162894143,307,195,3085,3016,112,69,112.00000,0.17793
534F4C31,19195,162900262,361,246,3083,3022,115,61,115.00000,0.15730
534F4C31,19196,162905110,308,185,3077,3004,123,73,123.00000,0.18825
534F4C31,19196,162909212,309,157,3083,3024,152,59,152.00000,0.15215
534F4C31,19197,162914147,343,220,3078,3006,123,72,123.00000,0.18567
534F4C31,19198,162919233,308,193,3076,3024,115,52,115.00000,0.13410
534F4C31,19198,162924140,303,220,3078,3010,83,68,83.00000,0.17536
534F4C31,19199,162929167,310,209,3080,3017,101,63,101.00000,0.16246
534F4C31,19200,162934141,319,180,3070,3022,139,48,139.00000,0.12378
534F4C31,19201,162940713,345,223,3067,3026,122,41,122.00000,0.10573
534F4C31,19201,162944127,310,182,3075,3002,128,73,128.00000,0.18825
534F4C31,19201,162949129,351,207,3076,3011,144,65,144.00000,0.16762
534F4C31,19201,162954169,346,213,3087,3020,133,67,133.00000,0.17278
534F4C31,19202,162959177,333,256,3077,3000,77,77,77.00000,0.19856
534F4C31,19203,162964151,277,211,3081,3010,66,71,66.00000,0.18309
534F4C31,19204,162969842,280,222,3074,3002,58,72,58.00000,0.18567
534F4C31,19204,162974512,259,175,3080,3001,84,79,84.00000,0.20372
534F4C31,19205,162979133,300,233,3079,3010,67,69,67.00000,0.17793
534F4C31,19205,162984141,286,212,3080,3005,74,75,74.00000,0.19341
534F4C31,19206,162989128,295,178,3081,3015,117,66,117.00000,0.17020
534F4C31,19206,162994144,306,237,3074,3017,69,57,69.00000,0.14699
534F4C31,19206,162999689,317,168,3077,3014,149,63,149.00000,0.16246
534F4C31,19206,163004137,320,175,3080,3017,145,63,145.00000,0.16246
534F4C31,19207,163009185,324,236,3080,3004,88,76,88.00000,0.19599
534F4C31,19208,163014147,309,209,3080,3026,100,54,100.00000,0.13925
534F4C31,19209,163019133,318,198,3067,3015,120,52,120.00000,0.13410
534F4C31,19210,163024379,311,239,3078,3015,72,63,72.00000,0.16246
534F4C31,19211,163030534,292,172,3084,3006,120,78,120.00000,0.20114
534F4C31,19212,163034625,299,173,3073,3014,126,59,126.00000,0.15215
534F4C31,19213,163040302,330,217,3071,3012,113,59,113.00000,0.15215
534F4C31,19213,163046018,364,223,3093,3014,141,79,141.00000,0.20372
534F4C31,19213,163049588,332,176,3087,3018,156,69,156.00000,0.17793
534F4C31,19213,163054154,325,191,3079,3014,134,65,134.00000,0.16762
534F4C31,19213,163059142,338,221,3076,3025,117,51,117.00000,0.13152
534F4C31,19214,163064146,359,236,3088,3013,123,75,123.00000,0.19341
534F4C31,19214,163069171,349,228,3079,3017,121,62,121.00000,0.15988
534F4C31,19215,163074178,298,239,3086,3011,59,75,59.00000,0.19341
534F4C31,19216,163079581,280,180,3083,3021,100,62,100.00000,0.15988
534F4C31,19216,163084204,304,174,3081,3009,130,72,130.00000,0.18567
534F4C31,19216,163089158,311,160,3072,3013,151,59,151.00000,0.15215
534F4C31,19217,163094343,352,217,3078,3018,135,60,135.00000,0.15473
534F4C31,19218,163099188,324,227,3079,2995,97,84,97.00000,0.21662
534F4C31,19219,163104148,298,208,3079,3008,90,71,90.00000,0.18309
534F4C31,19220,163109156,309,217,3082,3007,92,75,92.00000,0.19341
534F4C31,19220,163115059,362,228,3067,3004,134,63,134.00000,0.16246
534F4C31,19221,163119153,315,207,3082,3015,108,67,108.00000,0.17278
534F4C31,19222,163125503,329,209,3082,3018,120,64,120.00000,0.16504
534F4C31,19222,163129712,297,149,3081,3014,148,67,148.00000,0.17278
534F4C31,19222,163134135,319,183,3079,3015,136,64,136.00000,0.16504
534F4C31,19223,163139141,327,199,3074,3018,128,56,128.00000,0.14441
534F4C31,19223,163144133,350,215,3081,3011,135,70,135.00000,0.18051
534F4C31,19224,163149167,346,245,3081,3015,101,66,101.00000,0.17020
534F4C31,19225,163154662,297,170,3079,3008,127,71,127.00000,0.18309
534F4C31,19225,163159415,328,205,3085,3014,123,71,123.00000,0.18309
534F4C31,19226,163165237,363,226,3080,3012,137,68,137.00000,0.17536
534F4C31,19226,163169155,312,180,3081,3013,132,68,132.00000,0.17536
534F4C31,19226,163174145,314,167,3081,3015,147,66,147.00000,0.17020
534F4C31,19227,163179177,353,224,3084,3015,129,69,129.00000,0.17793
534F4C31,19228,163184172,347,239,3079,3017,108,62,108.00000,0.15988
534F4C31,19229,163189134,297,203,3086,3018,94,68,94.00000,0.17536
534F4C31,19229,163194154,338,238,3080,3016,100,64,100.00000,0.16504
534F4C31,19230,163199511,333,215,3089,2993,118,96,118.00000,0.24756
534F4C31,19231,163204145,314,185,3080,3015,129,65,129.00000,0.16762
534F4C31,19231,163209143,301,152,3083,3014,149,69,149.00000,0.17793
534F4C31,19232,163214289,351,225,3072,3014,126,58,126.00000,0.14957
534F4C31,19232,163219144,333,191,3075,3014,142,61,142.00000,0.15730
534F4C31,19233,163224181,302,245,3079,3021,57,58,57.00000,0.14957
534F4C31,19234,163229139,283,202,3076,2999,81,77,81.00000,0.19856
534F4C31,19235,163235120,347,237,3081,3023,110,58,110.00000,0.14957
534F4C31,19236,163239153,306,202,3083,3026,104,57,104.00000,0.14699
534F4C31,19236,163245739,349,215,3077,3004,134,73,134.00000,0.18825
534F4C31,19236,163249133,329,187,3069,3008,142,61,142.00000,0.15730
534F4C31,19236,163254153,342,205,3074,3024,137,50,137.00000,0.12894
534F4C31,19237,163259138,352,226,3085,3015,126,70,126.00000,0.18051
534F4C31,19238,163264148,299,262,3079,2985,37,94,37.00000,0.24240
534F4C31,19238,163270238,271,232,3069,3013,39,56,39.00000,0.14441
534F4C31,19239,163274131,219,167,3081,3025,52,56,52.00000,0.14441
534F4C31,19239,163279153,307,202,3092,3003,105,89,105.00000,0.22951
534F4C31,19240,163284168,301,199,3073,3006,102,67,102.00000,0.17278
534F4C31,19241,163289132,270,176,3071,3012,94,59,94.00000,0.15215
534F4C31,19242,163294478,320,144,3092,3004,176,88,176.00000,0.22693
534F4C31,19243,163299142,332,208,3081,2986,124,95,124.00000,0.24498
534F4C31,19243,163305099,279,155,3079,3013,124,66,124.00000,0.17020
534F4C31,19243,163309167,303,177,3087,2994,126,93,126.00000,0.23982
534F4C31,19243,163314150,342,221,3066,3020,121,46,121.00000,0.11862
534F4C31,19243,163319142,341,217,3083,3006,124,77,124.00000,0.19856
534F4C31,19244,163324797,349,246,3075,3012,103,63,103.00000,0.16246
534F4C31,19245,163329148,330,219,3080,3022,111,58,111.00000,0.14957
534F4C31,19246,163334587,345,228,3072,3029,117,43,117.00000,0.11089
534F4C31,19246,163339131,320,196,3079,3001,124,78,124.00000,0.20114
534F4C31,19247,163344157,349,228,3076,3004,121,72,121.00000,0.18567
534F4C31,19247,163349140,368,239,3082,3012,129,70,129.00000,0.18051
534F4C31,19248,163354147,329,216,3111,3011,113,100,113.00000,0.25788
534F4C31,19249,163360158,332,210,3089,3012,122,77,122.00000,0.19856
534F4C31,19249,163364697,334,195,3079,3012,139,67,139.00000,0.17278
534F4C31,19249,163369143,304,170,3075,3013,134,62,134.00000,0.15988
534F4C31,19250,163374142,320,197,3083,3013,123,70,123.00000,0.18051
534F4C31,19251,163379141,346,227,3075,3023,119,52,119.00000,0.13410
534F4C31,19252,163384587,346,205,3077,3022,141,55,141.00000,0.14183
534F4C31,19253,163389171,315,173,3080,3028,142,52,142.00000,0.13410
534F4C31,19253,163394132,331,188,3070,3030,143,40,143.00000,0.10315
534F4C31,19254,163400383,366,252,3079,3015,114,64,114.00000,0.16504
534F4C31,19255,163405401,320,204,3058,3015,116,43,116.00000,0.11089
534F4C31,19256,163409656,329,210,3079,3013,119,66,119.00000,0.17020
534F4C31,19256,163414210,345,230,3083,3020,115,63,115.00000,0.16246
534F4C31,19257,163419155,334,213,3077,3013,121,64,121.00000,0.16504
534F4C31,19258,163424144,320,213,3081,3019,107,62,107.00000,0.15988
534F4C31,19258,163430551,361,217,3077,3005,144,72,144.00000,0.18567
534F4C31,19258,163434134,315,178,3073,3004,137,69,137.00000,0.17793
534F4C31,19258,163439140,323,201,3078,3014,122,64,122.00000,0.16504
534F4C31,19258,163444140,345,230,3077,3027,115,50,115.00000,0.12894
534F4C31,19259,163449346,311,251,3089,3023,60,66,60.00000,0.17020
534F4C31,19260,163454334,269,213,3081,3017,56,64,56.00000,0.16504
534F4C31,19261,163459281,277,195,3089,3000,82,89,82.00000,0.22951
534F4C31,19262,163464138,314,224,3079,3010,90,69,90.00000,0.17793
534F4C31,19263,163469802,291,190,3081,3025,101,56,101.00000,0.14441
534F4C31,19264,163474150,245,222,3081,3002,23,79,23.00000,0.20372
534F4C31,19264,163479840,240,169,3101,3017,71,84,71.00000,0.21662
534F4C31,19264,163484140,277,183,3077,3013,94,64,94.00000,0.16504
534F4C31,19264,163489146,285,184,3074,3020,101,54,101.00000,0.13925
534F4C31,19265,163494175,297,255,3086,3013,42,73,42.00000,0.18825
534F4C31,19266,163499147,270,200,3075,3019,70,56,70.00000,0.14441
534F4C31,19267,163504186,285,199,3082,3013,86,69,86.00000,0.17793
534F4C31,19268,163509139,290,245,3085,3017,45,68,45.00000,0.17536
534F4C31,19268,163514735,277,216,3082,3015,61,67,61.00000,0.17278
534F4C31,19268,163519136,290,202,3068,3009,88,59,88.00000,0.15215
534F4C31,19269,163524151,307,211,3088,3016,96,72,96.00000,0.18567
534F4C31,19270,163529152,338,254,3086,3011,84,75,84.00000,0.19341
534F4C31,19271,163534155,277,238,3080,3026,39,54,39.00000,0.13925
534F4C31,19271,163539295,241,151,3100,3015,90,85,90.00000,0.21919
534F4C31,19271,163544148,311,214,3074,3013,97,61,97.00000,0.15730
534F4C31,19272,163549138,351,238,3077,3051,113,26,113.00000,0.06705
534F4C31,19272,163554285,345,226,3090,3003,119,87,119.00000,0.22435
534F4C31,19273,163560470,370,280,3073,3003,90,70,90.00000,0.18051
534F4C31,19274,163564274,288,201,3079,3034,87,45,87.00000,0.11604
534F4C31,19275,163569435,313,235,3075,3010,78,65,78.00000,0.16762
534F4C31,19275,163575003,297,219,3068,3022,78,46,78.00000,0.11862
534F4C31,19275,163579159,306,196,3080,3001,110,79,110.00000,0.20372
534F4C31,19276,163584151,313,222,3089,3008,91,81,91.00000,0.20888
534F4C31,19277,163589284,308,198,3085,3020,110,65,110.00000,0.16762
534F4C31,19278,163594148,294,286,3080,3017,8,63,8.00000,0.16246
534F4C31,19278,163600995,272,206,3076,3011,66,65,66.00000,0.16762
534F4C31,19278,163604140,256,167,3079,3008,89,71,89.00000,0.18309
534F4C31,19279,163609166,313,215,3070,3010,98,60,98.00000,0.15473
534F4C31,19280,163614409,354,249,3075,3018,105,57,105.00000,0.14699
534F4C31,19281,163619169,312,243,3077,3018,69,59,69.00000,0.15215
534F4C31,19281,163624939,301,204,3082,3016,97,66,97.00000,0.17020
534F4C31,19281,163629161,313,212,3082,3011,101,71,101.00000,0.18309
534F4C31,19281,163634132,331,216,3059,3012,115,47,115.00000,0.12120
534F4C31,19282,163639133,329,207,3081,3005,122,76,122.00000,0.19599
534F4C31,19283,163644145,340,227,3074,3016,113,58,113.00000,0.14957
534F4C31,19284,163649145,287,205,3080,3011,82,69,82.00000,0.17793
534F4C31,19285,163654867,284,156,3082,3009,128,73,128.00000,0.18825
534F4C31,19285,163660608,348,186,3081,3009,162,72,162.00000,0.18567
534F4C31,19285,163664130,327,195,3077,3020,132,57,132.00000,0.14699
534F4C31,19286,163669163,328,210,3081,3025,118,56,118.00000,0.14441
534F4C31,19286,163674420,327,209,3079,2991,118,88,118.00000,0.22693
534F4C31,19287,163679170,342,210,3090,3018,132,72,132.00000,0.18567
534F4C31,19288,163684150,341,224,3074,3014,117,60,117.00000,0.15473
534F4C31,19289,163689170,268,229,3079,3018,39,61,39.00000,0.15730
534F4C31,19289,163694482,279,220,3101,3010,59,91,59.00000,0.23467
534F4C31,19290,163699175,307,226,3074,3014,81,60,81.00000,0.15473
534F4C31,19290,163704488,306,208,3080,3010,98,70,98.00000,0.18051
534F4C31,19290,163709150,325,221,3084,3009,104,75,104.00000,0.19341
534F4C31,19291,163714189,315,260,3107,3014,55,93,55.00000,0.23982
534F4C31,19292,163719133,272,198,3078,3019,74,59,74.00000,0.15215
534F4C31,19293,163724190,293,251,3068,3022,42,46,42.00000,0.11862
534F4C31,19294,163729964,309,263,3081,2987,46,94,46.00000,0.24240
534F4C31,19295,163735785,308,213,3078,3013,95,65,95.00000,0.16762
534F4C31,19295,163740354,304,199,3089,3019,105,70,105.00000,0.18051
534F4C31,19295,163744133,299,210,3079,3021,89,58,89.00000,0.14957
534F4C31,19295,163749133,323,216,3078,3017,107,61,107.00000,0.15730
534F4C31,19296,163754147,324,208,3095,3016,116,79,116.00000,0.20372
534F4C31,19297,163759140,300,202,3091,3012,98,79,98.00000,0.20372
534F4C31,19298,163764589,290,243,3092,3010,47,82,47.00000,0.21146
534F4C31,19299,163769203,227,162,3087,3020,65,67,65.00000,0.17278
534F4C31,19299,163774171,289,225,3090,3013,64,77,64.00000,0.19856
534F4C31,19299,163779133,300,209,3078,3014,91,64,91.00000,0.16504
534F4C31,19300,163784181,324,222,3092,3005,102,87,102.00000,0.22435
534F4C31,19301,163789308,325,190,3082,3025,135,57,135.00000,0.14699
534F4C31,19301,163794160,339,253,3084,3010,86,74,86.00000,0.19083
534F4C31,19301,163799130,308,209,3093,3013,99,80,99.00000,0.20630
534F4C31,19302,163804609,299,228,3080,3025,71,55,71.00000,0.14183
534F4C31,19303,163809150,274,221,3076,2997,53,79,53.00000,0.20372
534F4C31,19304,163814145,304,201,3074,3019,103,55,103.00000,0.14183
534F4C31,19304,163821302,333,176,3075,3018,157,57,157.00000,0.14699
534F4C31,19305,163824148,267,141,3092,3008,126,84,126.00000,0.21662
534F4C31,19306,163829151,323,179,3080,3011,144,69,144.00000,0.17793
534F4C31,19306,163834198,332,159,3081,3012,173,69,173.00000,0.17793
534F4C31,19306,163839154,334,187,3087,2997,147,90,147.00000,0.23209
534F4C31,19306,163844463,351,236,3082,3010,115,72,115.00000,0.18567
534F4C31,19306,163849129,351,227,3080,3015,124,65,124.00000,0.16762
534F4C31,19306,163854154,342,218,3080,3008,124,72,124.00000,0.18567
534F4C31,19307,163859170,321,267,3094,3013,54,81,54.00000,0.20888
534F4C31,19308,163864147,254,226,3080,3015,28,65,28.00000,0.16762
534F4C31,19309,163869212,252,223,3060,3018,29,42,29.00000,0.10831
534F4C31,19310,163874682,266,241,3077,3011,25,66,25.00000,0.17020
534F4C31,19311,163879144,251,217,3082,3025,34,57,34.00000,0.14699
534F4C31,19311,163884897,302,230,3068,3016,72,52,72.00000,0.13410
534F4C31,19312,163889624,289,211,3079,2994,78,85,78.00000,0.21919
534F4C31,19313,163895549,337,239,3082,3021,98,61,98.00000,0.15730
534F4C31,19313,163899403,275,179,3082,3007,96,75,96.00000,0.19341
534F4C31,19314,163904876,295,207,3083,3015,88,68,88.00000,0.17536
534F4C31,19315,163909149,270,208,3077,3013,62,64,62.00000,0.16504
534F4C31,19315,163914154,272,218,3065,3017,54,48,54.00000,0.12378
534F4C31,19315,163919266,264,141,3071,3015,123,56,123.00000,0.14441
534F4C31,19316,163924138,303,180,3086,3000,123,86,123.00000,0.22177
534F4C31,19317,163930119,339,273,3077,3014,66,63,66.00000,0.16246
534F4C31,19317,163934140,268,173,3077,3018,95,59,95.00000,0.15215
534F4C31,19318,163939151,302,164,3078,3005,138,73,138.00000,0.18825
534F4C31,19319,163944571,321,238,3074,3021,83,53,83.00000,0.13667
534F4C31,19320,163949128,302,151,3074,3012,151,62,151.00000,0.15988
534F4C31,19320,163954552,326,172,3077,3011,154,66,154.00000,0.17020
534F4C31,19321,163959166,336,208,3086,3016,128,70,128.00000,0.18051
534F4C31,19322,163964142,348,249,3082,3006,99,76,99.00000,0.19599
534F4C31,19323,163969130,316,204,3073,3020,112,53,112.00000,0.13667
534F4C31,19323,163975201,356,210,3088,3032,146,56,146.00000,0.14441
534F4C31,19323,163979142,335,227,3087,3026,108,61,108.00000,0.15730
534F4C31,19324,163984513,312,213,3059,3013,99,46,99.00000,0.11862
534F4C31,19324,163989146,300,177,3078,3025,123,53,123.00000,0.13667
534F4C31,19325,163994152,337,225,3078,3003,112,75,112.00000,0.19341
534F4C31,19326,163999279,307,192,3081,3008,115,73,115.00000,0.18825
534F4C31,19327,164004135,271,180,3074,3015,91,59,91.00000,0.15215
534F4C31,19327,164009137,298,196,3076,3008,102,68,102.00000,0.17536
534F4C31,19327,164014134,336,227,3080,3017,109,63,109.00000,0.16246
534F4C31,19327,164019137,333,202,3061,3000,131,61,131.00000,0.15730
534F4C31,19327,164024139,318,193,3078,3005,125,73,125.00000,0.18825
534F4C31,19327,164029139,351,227,3076,3005,124,71,124.00000,0.18309
534F4C31,19328,164034141,340,243,3074,3023,97,51,97.00000,0.13152
534F4C31,19329,164039150,297,203,3091,3009,94,82,94.00000,0.21146
534F4C31,19330,164044141,327,231,3072,2989,96,83,96.00000,0.21404
534F4C31,19330,164049406,340,240,3075,3011,100,64,100.00000,0.16504
534F4C31,19331,164054137,317,212,3083,3027,105,56,105.00000,0.14441
534F4C31,19332,164059994,353,243,3077,3013,110,64,110.00000,0.16504
534F4C31,19332,164064589,347,202,3078,3009,145,69,145.00000,0.17793
534F4C31,19333,164069671,305,209,3080,2990,96,90,96.00000,0.23209
534F4C31,19334,164075759,284,177,3079,3011,107,68,107.00000,0.17536
534F4C31,19334,164082236,371,208,3089,3018,163,71,163.00000,0.18309
534F4C31,19334,164085815,312,192,3077,3017,120,60,120.00000,0.15473
534F4C31,19334,164089130,245,128,3088,3016,117,72,117.00000,0.18567
534F4C31,19335,164094327,323,210,3081,3008,113,73,113.00000,0.18825
534F4C31,19336,164099142,322,234,3074,3017,88,57,88.00000,0.14699
534F4C31,19337,164104130,272,172,3079,3002,100,77,100.00000,0.19856
534F4C31,19337,164109551,327,210,3071,3001,117,70,117.00000,0.18051
534F4C31,19337,164114140,343,226,3075,3021,117,54,117.00000,0.13925
534F4C31,19338,164119156,323,226,3096,3007,97,89,97.00000,0.22951
534F4C31,19339,164124511,297,203,3076,3015,94,61,94.00000,0.15730
534F4C31,19340,164129142,308,212,3078,3015,96,63,96.00000,0.16246
534F4C31,19340,164135944,313,172,3083,3006,141,77,141.00000,0.19856
534F4C31,19340,164139137,259,164,3084,3009,95,75,95.00000,0.19341
534F4C31,19340,164144137,286,191,3072,3028,95,44,95.00000,0.11347
534F4C31,19341,164149471,292,240,3078,3023,52,55,52.00000,0.14183
534F4C31,19342,164154454,262,193,3076,3016,69,60,69.00000,0.15473
534F4C31,19343,164159193,284,240,3086,3010,44,76,44.00000,0.19599
534F4C31,19344,164164164,273,178,3081,3049,95,32,95.00000,0.08252
534F4C31,19344,164169165,304,200,3078,3022,104,56,104.00000,0.14441
534F4C31,19345,164174144,286,190,3080,3007,96,73,96.00000,0.18825
534F4C31,19346,164179145,318,219,3080,3005,99,75,99.00000,0.19341
534F4C31,19347,164184547,310,186,3077,3020,124,57,124.00000,0.14699
534F4C31,19348,164190867,325,181,3083,3008,144,75,144.00000,0.19341
534F4C31,19349,164196700,370,218,3065,3011,152,54,152.00000,0.13925
534F4C31,19349,164200825,334,193,3084,3016,141,68,141.00000,0.17536
534F4C31,19349,164204380,300,164,3074,3015,136,59,136.00000,0.15215
534F4C31,19349,164209143,332,207,3073,3013,125,60,125.00000,0.15473
534F4C31,19349,164214159,353,240,3085,3008,113,77,113.00000,0.19856
534F4C31,19350,164219142,339,208,3079,3023,131,56,131.00000,0.14441
534F4C31,19351,164224161,313,198,3079,3021,115,58,115.00000,0.14957
534F4C31,19352,164229162,313,202,3084,3014,111,70,111.00000,0.18051
534F4C31,19353,164234271,301,160,3073,3021,141,52,141.00000,0.13410
534F4C31,19353,164239177,276,198,3081,3018,78,63,78.00000,0.16246
534F4C31,19353,164244153,274,173,3105,3013,101,92,101.00000,0.23725
534F4C31,19354,164249515,319,231,3087,3007,88,80,88.00000,0.20630
534F4C31,19354,164254155,298,213,3086,3018,85,68,85.00000,0.17536
534F4C31,19355,164259138,312,215,3079,3009,97,70,97.00000,0.18051
534F4C31,19355,164264125,339,193,3080,3012,146,68,146.00000,0.17536
534F4C31,19355,164269178,340,215,3077,3012,125,65,125.00000,0.16762
534F4C31,19355,164274149,327,216,3074,3012,111,62,111.00000,0.15988
534F4C31,19356,164279147,350,238,3082,2990,112,92,112.00000,0.23725
534F4C31,19357,164284185,335,229,3086,3020,106,66,106.00000,0.17020
534F4C31,19358,164289150,262,243,3076,3014,19,62,19.00000,0.15988
534F4C31,19359,164295075,252,193,3072,3012,59,60,59.00000,0.15473
534F4C31,19360,164299161,277,157,3089,3004,120,85,120.00000,0.21919
534F4C31,19361,164304249,292,189,3083,3017,103,66,103.00000,0.17020
534F4C31,19361,164309200,303,187,3085,3025,116,60,116.00000,0.15473
534F4C31,19362,164314134,320,213,3084,3026,107,58,107.00000,0.14957
534F4C31,19363,164319146,293,205,3080,3028,88,52,88.00000,0.13410
534F4C31,19363,164324130,267,203,3069,2999,64,70,64.00000,0.18051
534F4C31,19363,164329134,284,223,3063,3015,61,48,61.00000,0.12378
534F4C31,19364,164334340,291,214,3074,3028,77,46,77.00000,0.11862
534F4C31,19365,164339126,300,183,3083,3015,117,68,117.00000,0.17536
534F4C31,19366,164344852,347,234,3077,3014,113,63,113.00000,0.16246
534F4C31,19367,164349155,328,213,3077,3020,115,57,115.00000,0.14699
534F4C31,19367,164354669,290,166,3081,3011,124,70,124.00000,0.18051
534F4C31,19367,164359146,316,205,3092,2997,111,95,111.00000,0.24498
534F4C31,19367,164364140,349,239,3092,3013,110,79,110.00000,0.20372
534F4C31,19368,164369182,317,254,3075,3008,63,67,63.00000,0.17278
534F4C31,19369,164375231,278,229,3097,3015,49,82,49.00000,0.21146
534F4C31,19369,164379135,262,201,3092,2984,61,108,61.00000,0.27851
534F4C31,19369,164384498,298,194,3084,3013,104,71,104.00000,0.18309
534F4C31,19370,164389849,283,242,3096,3016,41,80,41.00000,0.20630
534F4C31,19370,164394472,258,168,3087,3003,90,84,90.00000,0.21662
534F4C31,19371,164399150,322,216,3095,3016,106,79,106.00000,0.20372
534F4C31,19371,164404145,323,215,3109,3010,108,99,108.00000,0.25530
534F4C31,19371,164409143,326,247,3092,2988,79,104,79.00000,0.26819
534F4C31,19371,164414133,318,230,3087,3010,88,77,88.00000,0.19856
534F4C31,19372,164419150,314,226,3086,3012,88,74,88.00000,0.19083
534F4C31,19373,164424183,293,229,3097,3014,64,83,64.00000,0.21404
534F4C31,19374,164429138,290,178,3090,3022,112,68,112.00000,0.17536
534F4C31,19375,164434155,322,190,3092,3014,132,78,132.00000,0.20114
534F4C31,19376,164439648,269,212,3094,3025,57,69,57.00000,0.17793
534F4C31,19376,164444282,235,161,3093,3018,74,75,74.00000,0.19341
534F4C31,19377,164449167,307,193,3098,3016,114,82,114.00000,0.21146
534F4C31,19378,164454227,304,200,3097,3021,104,76,104.00000,0.19599
534F4C31,19378,164460191,338,223,3092,3004,115,88,115.00000,0.22693
534F4C31,19379,164464191,327,249,3090,3006,78,84,78.00000,0.21662
534F4C31,19380,164469130,280,209,3091,3003,71,88,71.00000,0.22693
534F4C31,19381,164474149,286,222,3102,3012,64,90,64.00000,0.23209
534F4C31,19381,164479633,309,190,3086,3017,119,69,119.00000,0.17793
534F4C31,19382,164484152,276,199,3096,3013,77,83,77.00000,0.21404
534F4C31,19383,164489158,251,190,3094,3008,61,86,61.00000,0.22177
534F4C31,19383,164494142,286,217,3094,3016,69,78,69.00000,0.20114
534F4C31,19383,164499140,318,233,3093,3015,85,78,85.00000,0.20114
534F4C31,19383,164504132,301,201,3086,2999,100,87,100.00000,0.22435
534F4C31,19383,164509161,333,230,3079,3015,103,64,103.00000,0.16504
534F4C31,19384,164514134,356,246,3089,3010,110,79,110.00000,0.20372
534F4C31,19385,164519515,344,237,3092,3013,107,79,107.00000,0.20372
534F4C31,19386,164524179,313,214,3094,3018,99,76,99.00000,0.19599
534F4C31,19387,164529152,342,236,3089,3015,106,74,106.00000,0.19083
534F4C31,19388,164534161,345,232,3087,3019,113,68,113.00000,0.17536
534F4C31,19389,164539509,324,227,3097,3014,97,83,97.00000,0.21404
534F4C31,19390,164544137,321,206,3125,3007,115,118,115.00000,0.30429
534F4C31,19390,164549597,350,182,3089,3009,168,80,168.00000,0.20630
534F4C31,19391,164554449,338,202,3101,3011,136,90,136.00000,0.23209
534F4C31,19392,164560175,354,192,3081,3015,162,66,162.00000,0.17020
534F4C31,19392,164564130,329,190,3075,3031,139,44,139.00000,0.11347
534F4C31,19392,164569132,301,183,3079,3001,118,78,118.00000,0.20114
534F4C31,19392,164574135,295,191,3089,3012,104,77,104.00000,0.19856
534F4C31,19392,164579149,340,235,3092,3009,105,83,105.00000,0.21404
534F4C31,19393,164584177,333,232,3095,3005,101,90,101.00000,0.23209
534F4C31,19393,164589162,299,211,3100,3024,88,76,88.00000,0.19599
534F4C31,19393,164594143,319,220,3092,3034,99,58,99.00000,0.14957
534F4C31,19393,164599137,350,232,3111,3005,118,106,118.00000,0.27335
534F4C31,19394,164604163,330,253,3093,3015,77,78,77.00000,0.20114
534F4C31,19395,164609147,246,221,3097,3017,25,80,25.00000,0.20630
534F4C31,19396,164615270,316,204,3087,3021,112,66,112.00000,0.17020
534F4C31,19397,164619405,290,137,3092,3007,153,85,153.00000,0.21919
534F4C31,19398,164624185,325,221,3093,3018,104,75,104.00000,0.19341
534F4C31,19398,164629409,328,219,3090,3011,109,79,109.00000,0.20372
534F4C31,19398,164634134,304,180,3099,3018,124,81,124.00000,0.20888
534F4C31,19399,164639155,302,183,3102,3016,119,86,119.00000,0.22177
534F4C31,19400,164644149,292,255,3086,2990,37,96,37.00000,0.24756
534F4C31,19400,164649134,279,202,3108,3014,77,94,77.00000,0.24240
534F4C31,19400,164654128,308,191,3092,3015,117,77,117.00000,0.19856
534F4C31,19401,164659180,336,231,3069,3031,105,38,105.00000,0.09799
534F4C31,19401,164664143,329,234,3086,3019,95,67,95.00000,0.17278
534F4C31,19402,164669132,309,196,3102,3013,113,89,113.00000,0.22951
534F4C31,19403,164675158,343,184,3095,3028,159,67,159.00000,0.17278
534F4C31,19403,164679773,340,198,3088,3013,142,75,142.00000,0.19341
534F4C31,19403,164684129,298,163,3090,3024,135,66,135.00000,0.17020
534F4C31,19404,164689168,300,180,3094,3004,120,90,120.00000,0.23209
534F4C31,19404,164694134,316,250,3109,3018,66,91,66.00000,0.23467
534F4C31,19405,164699152,276,219,3100,3016,57,84,57.00000,0.21662
534F4C31,19406,164704729,293,201,3101,3011,92,90,92.00000,0.23209
534F4C31,19406,164709135,312,213,3094,2995,99,99,99.00000,0.25530
534F4C31,19407,164714359,335,263,3095,3014,72,81,72.00000,0.20888
534F4C31,19408,164719132,268,189,3093,3006,79,87,79.00000,0.22435
534F4C31,19409,164724136,296,196,3089,3014,100,75,100.00000,0.19341
534F4C31,19410,164730434,358,236,3094,3020,122,74,122.00000,0.19083
534F4C31,19410,164734329,309,179,3085,3002,130,83,130.00000,0.21404
534F4C31,19410,164739159,298,206,3086,3003,92,83,92.00000,0.21404
534F4C31,19410,164744136,315,210,3088,3014,105,74,105.00000,0.19083
534F4C31,19411,164749560,306,250,3089,3012,56,77,56.00000,0.19856
534F4C31,19411,164754144,269,174,3093,3014,95,79,95.00000,0.20372
534F4C31,19411,164759137,323,221,3092,3020,102,72,102.00000,0.18567
534F4C31,19412,164764149,351,248,3098,3005,103,93,103.00000,0.23982
534F4C31,19413,164769136,324,241,3097,3015,83,82,83.00000,0.21146
534F4C31,19414,164774743,312,226,3101,3025,86,76,86.00000,0.19599
534F4C31,19415,164779319,317,202,3093,3012,115,81,115.00000,0.20888
534F4C31,19416,164784900,335,227,3091,3015,108,76,108.00000,0.19599
534F4C31,19417,164790148,296,181,3119,3016,115,103,115.00000,0.26561
534F4C31,19418,164794846,322,228,3097,3020,94,77,94.00000,0.19856
534F4C31,19418,164800194,307,143,3097,3020,164,77,164.00000,0.19856
534F4C31,19418,164804132,296,147,3100,3020,149,80,149.00000,0.20630
534F4C31,19418,164809133,333,196,3093,3019,137,74,137.00000,0.19083
534F4C31,19419,164814143,357,238,3102,3003,119,99,119.00000,0.25530
534F4C31,19420,164819154,340,233,3093,3010,107,83,107.00000,0.21404
534F4C31,19421,164824145,294,208,3069,3000,86,69,86.00000,0.17793
534F4C31,19422,164829192,299,268,3092,3016,31,76,31.00000,0.19599
534F4C31,19423,164834557,242,168,3098,3013,74,85,74.00000,0.21919
534F4C31,19423,164839239,272,141,3091,3029,131,62,131.00000,0.15988
534F4C31,19424,164844149,329,217,3097,3013,112,84,112.00000,0.21662
534F4C31,19425,164849438,352,168,3093,3016,184,77,184.00000,0.19856
534F4C31,19425,164854394,313,204,3102,3017,109,85,109.00000,0.21919
534F4C31,19425,164859141,306,197,3103,3025,109,78,109.00000,0.20114
534F4C31,19425,164864168,345,239,3072,3014,106,58,106.00000,0.14957
534F4C31,19425,164869148,334,218,3087,3009,116,78,116.00000,0.20114
534F4C31,19425,164874146,330,218,3095,3007,112,88,112.00000,0.22693
534F4C31,19426,164879142,352,238,3093,3007,114,86,114.00000,0.22177
534F4C31,19427,164884155,340,239,3112,3016,101,96,101.00000,0.24756
534F4C31,19428,164889310,283,187,3083,3002,96,81,96.00000,0.20888
534F4C31,19429,164894556,302,259,3091,2999,43,92,43.00000,0.23725
534F4C31,19429,164899500,279,190,3094,3013,89,81,89.00000,0.20888
534F4C31,19430,164904620,268,211,3099,3023,57,76,57.00000,0.19599
534F4C31,19430,164909146,261,186,3096,2996,75,100,75.00000,0.25788
534F4C31,19431,164914579,315,242,3092,3016,73,76,73.00000,0.19599
534F4C31,19431,164919136,279,189,3094,2999,90,95,90.00000,0.24498
534F4C31,19432,164924760,309,278,3094,3006,31,88,31.00000,0.22693
534F4C31,19433,164929598,251,208,3095,3017,43,78,43.00000,0.20114
534F4C31,19433,164935005,306,179,3092,3009,127,83,127.00000,0.21404
534F4C31,19433,164939408,297,183,3081,3015,114,66,114.00000,0.17020
534F4C31,19433,164944137,324,212,3097,3014,112,83,112.00000,0.21404
534F4C31,19434,164949146,354,231,3073,3021,123,52,123.00000,0.13410
534F4C31,19435,164954144,338,217,3092,3014,121,78,121.00000,0.20114
534F4C31,19436,164959146,312,236,3094,3030,76,64,76.00000,0.16504
534F4C31,19437,164964316,305,172,3086,3007,133,79,133.00000,0.20372
534F4C31,19438,164969126,316,205,3092,3031,111,61,111.00000,0.15730
534F4C31,19439,164974505,323,217,3119,3012,106,107,106.00000,0.27593
534F4C31,19439,164979138,331,187,3091,3011,144,80,144.00000,0.20630
534F4C31,19440,164984180,303,251,3093,3013,52,80,52.00000,0.20630
534F4C31,19441,164989149,228,171,3092,3014,57,78,57.00000,0.20114
534F4C31,19441,164994704,313,191,3095,3008,122,87,122.00000,0.22435
534F4C31,19442,164999141,334,211,3093,3007,123,86,123.00000,0.22177
534F4C31,19442,165004660,331,226,3090,3016,105,74,105.00000,0.19083
534F4C31,19442,165009139,315,227,3089,3011,88,78,88.00000,0.20114
534F4C31,19442,165014154,330,237,3098,3018,93,80,93.00000,0.20630
534F4C31,19443,165019137,326,215,3089,3017,111,72,111.00000,0.18567
534F4C31,19443,165024130,310,161,3094,3008,149,86,149.00000,0.22177
534F4C31,19444,165029153,352,213,3083,3006,139,77,139.00000,0.19856
534F4C31,19445,165034359,326,205,3099,3012,121,87,121.00000,0.22435
534F4C31,19446,165039129,302,182,3110,2995,120,115,120.00000,0.29656
534F4C31,19446,165045556,364,206,3088,3011,158,77,158.00000,0.19856
534F4C31,19446,165049581,336,197,3086,3000,139,86,139.00000,0.22177
534F4C31,19446,165054139,323,191,3105,3010,132,95,132.00000,0.24498
534F4C31,19447,165059181,337,229,3095,3013,108,82,108.00000,0.21146
534F4C31,19448,165064185,341,255,3088,3009,86,79,86.00000,0.20372
534F4C31,19449,165069137,295,213,3079,3016,82,63,82.00000,0.16246
534F4C31,19449,165074472,298,195,3092,3013,103,79,103.00000,0.20372
534F4C31,19450,165079144,320,200,3090,3010,120,80,120.00000,0.20630
534F4C31,19450,165084327,324,207,3085,3004,117,81,117.00000,0.20888
534F4C31,19451,165089170,288,240,3115,3025,48,90,48.00000,0.23209
534F4C31,19452,165096277,333,245,3093,3004,88,89,88.00000,0.22951
534F4C31,19452,165099889,298,148,3079,3018,150,61,150.00000,0.15730
534F4C31,19453,165104786,312,199,3083,3003,113,80,113.00000,0.20630
534F4C31,19453,165109642,322,220,3094,3006,102,88,102.00000,0.22693
534F4C31,19454,165114151,322,217,3091,3010,105,81,105.00000,0.20888
534F4C31,19455,165119504,316,198,3088,3051,118,37,118.00000,0.09541
534F4C31,19455,165124126,294,144,3091,3010,150,81,150.00000,0.20888
534F4C31,19455,165129138,342,213,3098,3017,129,81,129.00000,0.20888
534F4C31,19456,165134148,344,220,3092,3002,124,90,124.00000,0.23209
534F4C31,19457,165139149,328,209,3090,3022,119,68,119.00000,0.17536
534F4C31,19458,165144336,320,238,3096,3015,82,81,82.00000,0.20888
534F4C31,19458,165149821,278,148,3072,3023,130,49,130.00000,0.12636
534F4C31,19459,165154768,279,219,3090,3017,60,73,60.00000,0.18825
534F4C31,19459,165159200,244,171,3080,3026,73,54,73.00000,0.13925
534F4C31,19459,165164139,317,214,3088,3015,103,73,103.00000,0.18825
534F4C31,19459,165169141,328,215,3092,3021,113,71,113.00000,0.18309
534F4C31,19460,165174347,321,249,3087,3014,72,73,72.00000,0.18825
534F4C31,19461,165179152,301,216,3103,3016,85,87,85.00000,0.22435
534F4C31,19462,165184184,300,243,3091,3016,57,75,57.00000,0.19341
534F4C31,19463,165189143,249,211,3061,3016,38,45,38.00000,0.11604
534F4C31,19464,165194133,260,244,3091,3016,16,75,16.00000,0.19341
534F4C31,19465,165199406,269,204,3120,3006,65,114,65.00000,0.29398
534F4C31,19466,165204242,288,198,3092,3014,90,78,90.00000,0.20114
534F4C31,19466,165211243,350,213,3098,3009,137,89,137.00000,0.22951
534F4C31,19466,165215068,332,190,3094,3014,142,80,142.00000,0.20630
534F4C31,19466,165219134,312,180,3093,3010,132,83,132.00000,0.21404
534F4C31,19467,165224156,324,210,3102,3006,114,96,114.00000,0.24756
534F4C31,19468,165229150,341,251,3086,3015,90,71,90.00000,0.18309
534F4C31,19469,165234146,267,242,3096,3012,25,84,25.00000,0.21662
534F4C31,19469,165239457,224,164,3092,3013,60,79,60.00000,0.20372
534F4C31,19469,165244179,299,221,3089,3019,78,70,78.00000,0.18051
534F4C31,19470,165249176,331,231,3113,3011,100,102,100.00000,0.26303
534F4C31,19470,165254145,312,221,3095,3012,91,83,91.00000,0.21404
534F4C31,19470,165259396,323,226,3061,3007,97,54,97.00000,0.13925
534F4C31,19471,165264137,337,236,3095,3003,101,92,101.00000,0.23725
534F4C31,19472,165269148,332,220,3087,3015,112,72,112.00000,0.18567
534F4C31,19473,165274919,346,216,3107,3007,130,100,130.00000,0.25788
534F4C31,19473,165280539,363,211,3103,3027,152,76,152.00000,0.19599
534F4C31,19474,165284611,316,195,3090,3008,121,82,121.00000,0.21146
534F4C31,19475,165289142,303,163,3089,3014,140,75,140.00000,0.19341
534F4C31,19476,165294254,314,236,3093,3009,78,84,78.00000,0.21662
534F4C31,19477,165299131,312,208,3104,3014,104,90,104.00000,0.23209
534F4C31,19478,165304128,315,150,3091,3014,165,77,165.00000,0.19856
534F4C31,19478,165310432,360,234,3087,3032,126,55,126.00000,0.14183
534F4C31,19478,165314294,310,195,3107,3012,115,95,115.00000,0.24498
534F4C31,19478,165319308,324,212,3087,3009,112,78,112.00000,0.20114
534F4C31,19479,165324386,322,223,3092,3008,99,84,99.00000,0.21662
534F4C31,19480,165329168,328,231,3095,3015,97,80,97.00000,0.20630
534F4C31,19481,165334168,301,207,3108,3015,94,93,94.00000,0.23982
534F4C31,19481,165340166,279,136,3113,3003,143,110,143.00000,0.28366
534F4C31,19481,165344128,307,181,3101,3012,126,89,126.00000,0.22951
534F4C31,19481,165349149,346,221,3093,3024,125,69,125.00000,0.17793
534F4C31,19482,165354166,305,237,3096,3013,68,83,68.00000,0.21404
534F4C31,19483,165359520,278,216,3095,3011,62,84,62.00000,0.21662
534F4C31,19484,165364149,305,214,3088,3023,91,65,91.00000,0.16762
534F4C31,19485,165369241,316,191,3092,3014,125,78,125.00000,0.20114
534F4C31,19486,165374177,315,185,3084,3015,130,69,130.00000,0.17793
534F4C31,19486,165379604,351,235,3088,3011,116,77,116.00000,0.19856
534F4C31,19486,165384173,330,217,3090,3015,113,75,113.00000,0.19341
534F4C31,19487,165389178,288,253,3090,3002,35,88,35.00000,0.22693
534F4C31,19488,165394150,257,195,3101,3016,62,85,62.00000,0.21919
534F4C31,19488,165399620,320,199,3093,3014,121,79,121.00000,0.20372
534F4C31,19489,165404149,303,147,3092,3011,156,81,156.00000,0.20888
534F4C31,19489,165409193,331,197,3085,3024,134,61,134.00000,0.15730
534F4C31,19489,165414131,336,196,3090,3035,140,55,140.00000,0.14183
534F4C31,19490,165419170,332,209,3093,3004,123,89,123.00000,0.22951
534F4C31,19491,165424147,323,220,3084,3014,103,70,103.00000,0.18051
534F4C31,19492,165429148,338,218,3094,3008,120,86,120.00000,0.22177
534F4C31,19492,165434405,329,230,3084,3004,99,80,99.00000,0.20630
534F4C31,19493,165439305,311,199,3093,3011,112,82,112.00000,0.21146
534F4C31,19493,165444801,350,243,3101,3016,107,85,107.00000,0.21919
534F4C31,19493,165449139,347,222,3088,3016,125,72,125.00000,0.18567
534F4C31,19493,165454143,337,195,3101,3038,142,63,142.00000,0.16246
534F4C31,19494,165459148,350,226,3095,3021,124,74,124.00000,0.19083
534F4C31,19495,165464157,360,230,3088,3013,130,75,130.00000,0.19341
534F4C31,19496,165469362,300,212,3083,3011,88,72,88.00000,0.18567
534F4C31,19497,165474704,286,196,3089,3017,90,72,90.00000,0.18567
534F4C31,19498,165479162,316,214,3119,3002,102,117,102.00000,0.30171
534F4C31,19498,165484485,316,196,3065,3023,120,42,120.00000,0.10831
534F4C31,19498,165489160,292,191,3074,3015,101,59,101.00000,0.15215
534F4C31,19498,165494132,319,222,3094,3015,97,79,97.00000,0.20372
534F4C31,19499,165499183,350,237,3102,3015,113,87,113.00000,0.22435
534F4C31,19500,165504188,333,223,3088,3008,110,80,110.00000,0.20630
534F4C31,19500,165509158,331,247,3082,3023,84,59,84.00000,0.15215
534F4C31,19501,165514360,297,195,3093,3012,102,81,102.00000,0.20888
534F4C31,19501,165519236,307,186,3104,3012,121,92,121.00000,0.23725
534F4C31,19501,165524133,305,178,3088,3014,127,74,127.00000,0.19083
534F4C31,19502,165529528,329,248,3096,3022,81,74,81.00000,0.19083
534F4C31,19503,165534349,282,183,3089,3010,99,79,99.00000,0.20372
534F4C31,19504,165539147,306,196,3093,3008,110,85,110.00000,0.21919
534F4C31,19505,165545047,354,241,3088,3012,113,76,113.00000,0.19599
534F4C31,19506,165549350,284,207,3094,3010,77,84,77.00000,0.21662
534F4C31,19507,165554130,254,149,3095,3011,105,84,105.00000,0.21662
534F4C31,19508,165559972,335,234,3089,3025,101,64,101.00000,0.16504
534F4C31,19509,165564708,335,195,3095,3015,140,80,140.00000,0.20630
534F4C31,19510,165569144,320,189,3079,3017,131,62,131.00000,0.15988
534F4C31,19511,165575583,334,265,3105,3013,69,92,69.00000,0.23725
534F4C31,19512,165579685,285,217,3092,3008,68,84,68.00000,0.21662
534F4C31,19512,165585581,314,172,3100,3010,142,90,142.00000,0.23209
534F4C31,19512,165589136,283,149,3090,3016,134,74,134.00000,0.19083
534F4C31,19512,165594360,336,204,3093,3025,132,68,132.00000,0.17536
534F4C31,19513,165599148,350,220,3093,3011,130,82,130.00000,0.21146
534F4C31,19514,165604498,340,219,3087,3013,121,74,121.00000,0.19083
534F4C31,19515,165610172,311,255,3088,3012,56,76,56.00000,0.19599
534F4C31,19515,165615066,280,199,3094,3019,81,75,81.00000,0.19341
534F4C31,19515,165619136,282,175,3090,3005,107,85,107.00000,0.21919
534F4C31,19515,165624142,305,201,3093,3013,104,80,104.00000,0.20630
534F4C31,19515,165629156,341,230,3094,3010,111,84,111.00000,0.21662
534F4C31,19515,165634143,340,220,3099,3012,120,87,120.00000,0.22435
534F4C31,19516,165639161,321,246,3094,3008,75,86,75.00000,0.22177
534F4C31,19517,165644398,311,219,3096,3022,92,74,92.00000,0.19083
534F4C31,19518,165649152,317,212,3104,3007,105,97,105.00000,0.25014
534F4C31,19519,165654916,330,220,3102,3007,110,95,110.00000,0.24498
534F4C31,19520,165659158,294,229,3084,3016,65,68,65.00000,0.17536
534F4C31,19520,165664132,252,209,3088,3015,43,73,43.00000,0.18825
534F4C31,19520,165669139,242,144,3093,3016,98,77,98.00000,0.19856
534F4C31,19521,165674154,297,208,3100,3008,89,92,89.00000,0.23725
534F4C31,19522,165679809,326,243,3105,2998,83,107,83.00000,0.27593
534F4C31,19523,165684141,223,223,3094,3015,0,79,0.00000,0.20372
534F4C31,19523,165690051,210,144,3102,3000,66,102,66.00000,0.26303
534F4C31,19523,165694131,276,192,3091,3012,84,79,84.00000,0.20372
534F4C31,19523,165699136,329,229,3103,3004,100,99,100.00000,0.25530
534F4C31,19523,165704136,328,219,3089,3013,109,76,109.00000,0.19599
534F4C31,19524,165709162,334,250,3091,3007,84,84,84.00000,0.21662
534F4C31,19525,165714158,322,239,3089,3016,83,73,83.00000,0.18825
534F4C31,19526,165720248,349,244,3095,3010,105,85,105.00000,0.21919
534F4C31,19527,165724137,306,205,3095,3018,101,77,101.00000,0.19856
534F4C31,19528,165730154,359,202,3091,3016,157,75,157.00000,0.19341
534F4C31,19529,165734144,295,150,3083,3022,145,61,145.00000,0.15730
534F4C31,19529,165739442,319,201,3095,3003,118,92,118.00000,0.23725
534F4C31,19530,165744149,306,191,3093,3017,115,76,115.00000,0.19599
534F4C31,19530,165749175,330,216,3092,3017,114,75,114.00000,0.19341
534F4C31,19530,165754128,293,182,3075,2998,111,77,111.00000,0.19856
534F4C31,19531,165759149,331,223,3091,3017,108,74,108.00000,0.19083
534F4C31,19531,165764140,352,240,3096,3020,112,76,112.00000,0.19599
534F4C31,19531,165769181,342,226,3092,3026,116,66,116.00000,0.17020
534F4C31,19531,165774134,326,219,3089,3009,107,80,107.00000,0.20630
534F4C31,19532,165779150,351,244,3085,3007,107,78,107.00000,0.20114
534F4C31,19533,165784151,342,214,3086,3011,128,75,128.00000,0.19341
534F4C31,19534,165789477,321,207,3094,3022,114,72,114.00000,0.18567
534F4C31,19535,165794411,302,151,3094,3014,151,80,151.00000,0.20630
534F4C31,19536,165799130,333,172,3084,3015,161,69,161.00000,0.17793
534F4C31,19537,165805440,350,173,3100,3013,177,87,177.00000,0.22435
534F4C31,19538,165809133,298,175,3102,3027,123,75,123.00000,0.19341
534F4C31,19538,165814905,330,156,3093,3032,174,61,174.00000,0.15730
534F4C31,19538,165819505,321,191,3090,2989,130,101,130.00000,0.26045
534F4C31,19539,165824400,318,201,3088,3004,117,84,117.00000,0.21662
534F4C31,19540,165829170,331,254,3087,3002,77,85,77.00000,0.21919
534F4C31,19541,165834779,280,173,3091,3014,107,77,107.00000,0.19856
534F4C31,19541,165839135,295,172,3088,3020,123,68,123.00000,0.17536
534F4C31,19542,165844180,337,220,3079,3019,117,60,117.00000,0.15473
534F4C31,19543,165849145,338,201,3105,3014,137,91,137.00000,0.23467
534F4C31,19543,165854134,300,197,3095,3018,103,77,103.00000,0.19856
534F4C31,19543,165859146,300,182,3090,3019,118,71,118.00000,0.18309
534F4C31,19543,165864160,325,218,3097,3014,107,83,107.00000,0.21404
534F4C31,19543,165869149,324,212,3092,3016,112,76,112.00000,0.19599
534F4C31,19544,165874141,325,214,3087,3009,111,78,111.00000,0.20114
534F4C31,19545,165879144,347,240,3073,3033,107,40,107.00000,0.10315
534F4C31,19546,165884398,287,235,3104,3025,52,79,52.00000,0.20372
534F4C31,19546,165889129,228,152,3102,3017,76,85,76.00000,0.21919
534F4C31,19547,165894597,322,231,3084,3016,91,68,91.00000,0.17536
534F4C31,19547,165899477,342,230,3083,3010,112,73,112.00000,0.18825
534F4C31,19548,165904157,282,272,3096,3014,10,82,10.00000,0.21146
534F4C31,19549,165909958,230,195,3105,3004,35,101,35.00000,0.26045
534F4C31,19549,165915245,309,223,3089,3017,86,72,86.00000,0.18567
534F4C31,19549,165919138,274,173,3085,2996,101,89,101.00000,0.22951
534F4C31,19549,165924162,293,228,3094,3029,65,65,65.00000,0.16762
534F4C31,19550,165929778,319,243,3094,3013,76,81,76.00000,0.20888
534F4C31,19551,165934140,305,203,3089,3019,102,70,102.00000,0.18051
534F4C31,19552,165939131,318,201,3082,3017,117,65,117.00000,0.16762
534F4C31,19553,165944139,333,240,3096,3012,93,84,93.00000,0.21662
534F4C31,19554,165949381,295,196,3094,3013,99,81,99.00000,0.20888
534F4C31,19554,165954704,310,188,3076,3014,122,62,122.00000,0.15988
534F4C31,19555,165959149,322,185,3083,3011,137,72,137.00000,0.18567
534F4C31,19556,165964688,365,252,3084,3012,113,72,113.00000,0.18567
534F4C31,19556,165969712,311,191,3086,3031,120,55,120.00000,0.14183
534F4C31,19556,165974366,295,173,3092,3005,122,87,122.00000,0.22435
534F4C31,19556,165979174,336,225,3077,3005,111,72,111.00000,0.18567
534F4C31,19557,165984170,311,240,3089,3011,71,78,71.00000,0.20114
534F4C31,19558,165989157,276,204,3093,3019,72,74,72.00000,0.19083
534F4C31,19558,165994157,294,227,3098,3029,67,69,67.00000,0.17793
534F4C31,19558,165999140,296,179,3092,3009,117,83,117.00000,0.21404
534F4C31,19559,166004144,302,219,3093,3016,83,77,83.00000,0.19856
534F4C31,19559,166009732,320,209,3098,2998,111,100,111.00000,0.25788
534F4C31,19560,166014161,274,264,3084,3018,10,66,10.00000,0.17020
534F4C31,19561,166020030,217,181,3095,3014,36,81,36.00000,0.20888
534F4C31,19561,166025148,285,201,3114,3013,84,101,84.00000,0.26045
534F4C31,19561,166029869,291,196,3095,3020,95,75,95.00000,0.19341
534F4C31,19562,166034182,280,233,3094,3018,47,76,47.00000,0.19599
534F4C31,19563,166039701,262,181,3088,3014,81,74,81.00000,0.19083
534F4C31,19564,166044128,305,210,3100,3016,95,84,95.00000,0.21662
534F4C31,19564,166050103,337,229,3093,3016,108,77,108.00000,0.19856
534F4C31,19564,166054142,292,181,3092,3015,111,77,111.00000,0.19856
534F4C31,19565,166059302,327,233,3098,3013,94,85,94.00000,0.21919
534F4C31,19566,166064154,330,225,3093,2994,105,99,105.00000,0.25530
534F4C31,19567,166070792,351,219,3092,3013,132,79,132.00000,0.20372
534F4C31,19567,166075973,359,230,3106,3015,129,91,129.00000,0.23467
534F4C31,19568,166079319,287,241,3084,2999,46,85,46.00000,0.21919
534F4C31,19568,166084148,246,167,3090,3015,79,75,79.00000,0.19341
534F4C31,19569,166089635,295,216,3110,3010,79,100,79.00000,0.25788
534F4C31,19570,166094153,308,217,3113,3016,91,97,91.00000,0.25014
534F4C31,19570,166099624,340,203,3100,3012,137,88,137.00000,0.22693
534F4C31,19570,166104147,321,179,3092,3021,142,71,142.00000,0.18309
534F4C31,19570,166109177,342,221,3077,3010,121,67,121.00000,0.17278
534F4C31,19570,166114154,354,242,3092,3031,112,61,112.00000,0.15730
534F4C31,19571,166119175,341,225,3092,3011,116,81,116.00000,0.20888
534F4C31,19572,166124150,331,221,3099,3016,110,83,110.00000,0.21404
534F4C31,19573,166129473,330,272,3084,3014,58,70,58.00000,0.18051
534F4C31,19574,166134155,269,220,3086,3013,49,73,49.00000,0.18825
534F4C31,19575,166139856,285,168,3087,3017,117,70,117.00000,0.18051
534F4C31,19576,166144160,299,222,3097,3012,77,85,77.00000,0.21919
534F4C31,19577,166149210,299,200,3090,3015,99,75,99.00000,0.19341
534F4C31,19577,166154169,301,204,3093,3016,97,77,97.00000,0.19856
534F4C31,19577,166159176,281,235,3092,3011,46,81,46.00000,0.20888
534F4C31,19577,166164133,274,208,3089,3015,66,74,66.00000,0.19083
534F4C31,19578,166169159,306,210,3094,3022,96,72,96.00000,0.18567
534F4C31,19579,166174245,305,222,3097,3012,83,85,83.00000,0.21919
534F4C31,19579,166179133,291,199,3093,3010,92,83,92.00000,0.21404
534F4C31,19580,166184167,268,262,3089,3032,6,57,6.00000,0.14699
534F4C31,19580,166189692,207,171,3093,3015,36,78,36.00000,0.20114
534F4C31,19581,166194159,282,233,3090,3013,49,77,49.00000,0.19856
534F4C31,19582,166199148,264,195,3088,3014,69,74,69.00000,0.19083
534F4C31,19583,166204728,285,211,3109,3020,74,89,74.00000,0.22951
534F4C31,19584,166209415,288,193,3077,2995,95,82,95.00000,0.21146
534F4C31,19585,166214151,312,212,3093,3012,100,81,100.00000,0.20888
534F4C31,19586,166219591,311,192,3087,3019,119,68,119.00000,0.17536
534F4C31,19587,166224933,292,264,3072,3017,28,55,28.00000,0.14183
534F4C31,19588,166231369,305,245,3105,3024,60,81,60.00000,0.20888
534F4C31,19589,166236393,309,233,3095,3010,76,85,76.00000,0.21919
534F4C31,19589,166240469,274,166,3094,3014,108,80,108.00000,0.20630
534F4C31,19589,166244135,291,186,3094,3012,105,82,105.00000,0.21146
534F4C31,19589,166249421,338,203,3093,3016,135,77,135.00000,0.19856
534F4C31,19590,166254160,328,181,3096,3021,147,75,147.00000,0.19341
534F4C31,19590,166259543,334,160,3090,3018,174,72,174.00000,0.18567
534F4C31,19590,166264137,351,206,3089,3020,145,69,145.00000,0.17793
534F4C31,19590,166269141,344,213,3090,3032,131,58,131.00000,0.14957
534F4C31,19590,166274147,331,215,3093,3013,116,80,116.00000,0.20630
534F4C31,19590,166279141,351,234,3094,3012,117,82,117.00000,0.21146
534F4C31,19590,166284232,325,236,3080,3005,89,75,89.00000,0.19341
534F4C31,19591,166289222,299,201,3098,3013,98,85,98.00000,0.21919
534F4C31,19592,166294171,325,224,3095,3028,101,67,101.00000,0.17278
534F4C31,19593,166299137,348,231,3090,3017,117,73,117.00000,0.18825
534F4C31,19594,166304482,334,209,3105,3008,125,97,125.00000,0.25014
534F4C31,19595,166310144,298,227,3099,3012,71,87,71.00000,0.22435
534F4C31,19595,166314298,256,166,3093,3022,90,71,90.00000,0.18309
534F4C31,19596,166319179,282,212,3081,3012,70,69,70.00000,0.17793
534F4C31,19597,166324138,261,175,3094,3013,86,81,86.00000,0.20888
534F4C31,19597,166329191,294,255,3092,3013,39,79,39.00000,0.20372
534F4C31,19598,166334130,266,187,3094,3013,79,81,79.00000,0.20888
534F4C31,19598,166339182,274,231,3095,3022,43,73,43.00000,0.18825
534F4C31,19598,166344129,279,201,3098,3027,78,71,78.00000,0.18309
534F4C31,19599,166349176,321,242,3107,3007,79,100,79.00000,0.25788
534F4C31,19600,166354150,282,200,3095,3007,82,88,82.00000,0.22693
534F4C31,19600,166359143,315,184,3107,2986,131,121,131.00000,0.31203
534F4C31,19601,166364182,326,257,3108,3013,69,95,69.00000,0.24498
534F4C31,19602,166369132,238,177,3108,3013,61,95,61.00000,0.24498
534F4C31,19602,166374579,296,238,3107,3015,58,92,58.00000,0.23725
534F4C31,19602,166379161,298,236,3102,3009,62,93,62.00000,0.23982
534F4C31,19603,166384348,295,209,3107,3005,86,102,86.00000,0.26303
534F4C31,19603,166389134,295,194,3104,3016,101,88,101.00000,0.22693
534F4C31,19604,166394154,330,216,3114,3040,114,74,114.00000,0.19083
534F4C31,19605,166400060,344,149,3101,3017,195,84,195.00000,0.21662
534F4C31,19605,166405042,341,186,3109,3013,155,96,155.00000,0.24756
534F4C31,19605,166409307,329,225,3113,3012,104,101,104.00000,0.26045
534F4C31,19606,166414157,296,215,3093,3009,81,84,81.00000,0.21662
534F4C31,19607,166420425,305,153,3100,3024,152,76,152.00000,0.19599
534F4C31,19607,166424128,285,167,3124,3016,118,108,118.00000,0.27851
534F4C31,19608,166429355,317,214,3099,3014,103,85,103.00000,0.21919
534F4C31,19609,166434151,314,198,3086,3013,116,73,116.00000,0.18825
534F4C31,19610,166440014,309,203,3131,3013,106,118,106.00000,0.30429
534F4C31,19610,166444130,272,146,3107,3013,126,94,126.00000,0.24240
534F4C31,19611,166449138,303,220,3098,3002,83,96,83.00000,0.24756
534F4C31,19612,166454581,289,180,3122,3013,109,109,109.00000,0.28108
534F4C31,19613,166459150,308,179,3105,3015,129,90,129.00000,0.23209
534F4C31,19613,166464133,315,164,3113,3012,151,101,151.00000,0.26045
534F4C31,19613,166469140,317,184,3106,3004,133,102,133.00000,0.26303
534F4C31,19614,166474803,342,238,3102,3013,104,89,104.00000,0.22951
534F4C31,19614,166479144,329,220,3103,3014,109,89,109.00000,0.22951
534F4C31,19614,166484135,329,218,3104,3030,111,74,111.00000,0.19083
534F4C31,19614,166489136,330,211,3109,2998,119,111,119.00000,0.28624
534F4C31,19615,166494353,348,240,3114,2997,108,117,108.00000,0.30171
534F4C31,19616,166499177,345,223,3103,3018,122,85,122.00000,0.21919
534F4C31,19617,166504148,319,206,3107,3001,113,106,113.00000,0.27335
534F4C31,19618,166509148,301,169,3107,3011,132,96,132.00000,0.24756
534F4C31,19619,166514143,329,237,3102,3007,92,95,92.00000,0.24498
534F4C31,19619,166519524,304,200,3096,3013,104,83,104.00000,0.21404
534F4C31,19620,166524471,295,261,3103,3024,34,79,34.00000,0.20372
534F4C31,19620,166529322,241,184,3107,3015,57,92,57.00000,0.23725
534F4C31,19620,166534239,296,214,3099,3010,82,89,82.00000,0.22951
534F4C31,19620,166539130,309,202,3108,3041,107,67,107.00000,0.17278
534F4C31,19621,166544145,341,233,3107,3016,108,91,108.00000,0.23467
534F4C31,19622,166549377,358,232,3104,3014,126,90,126.00000,0.23209
534F4C31,19623,166554161,333,204,3110,3022,129,88,129.00000,0.22693
534F4C31,19624,166559501,344,219,3107,3018,125,89,125.00000,0.22951
534F4C31,19625,166564170,340,218,3102,3021,122,81,122.00000,0.20888
534F4C31,19626,166570028,343,250,3112,3005,93,107,93.00000,0.27593
534F4C31,19626,166574322,248,175,3120,3014,73,106,73.00000,0.27335
534F4C31,19627,166579562,312,253,3102,3023,59,79,59.00000,0.20372
534F4C31,19628,166584147,274,236,3098,3013,38,85,38.00000,0.21919
534F4C31,19628,166590138,275,187,3108,3014,88,94,88.00000,0.24240
534F4C31,19629,166594155,303,205,3103,3012,98,91,98.00000,0.23467
534F4C31,19629,166599167,310,231,3098,3016,79,82,79.00000,0.21146
534F4C31,19629,166604151,303,195,3107,3012,108,95,108.00000,0.24498
534F4C31,19629,166609766,345,246,3117,3015,99,102,99.00000,0.26303
534F4C31,19630,166614155,336,235,3112,3014,101,98,101.00000,0.25272
534F4C31,19630,166619170,329,222,3115,3008,107,107,107.00000,0.27593
534F4C31,19631,166624158,321,225,3107,2997,96,110,96.00000,0.28366
534F4C31,19632,166629508,291,261,3116,3017,30,99,30.00000,0.25530
534F4C31,19633,166634169,230,171,3100,3020,59,80,59.00000,0.20630
534F4C31,19633,166639518,278,200,3106,3020,78,86,78.00000,0.22177
534F4C31,19633,166644133,290,197,3108,3017,93,91,93.00000,0.23467
534F4C31,19634,166649188,322,236,3106,3014,86,92,86.00000,0.23725
534F4C31,19635,166654134,295,169,3114,3013,126,101,126.00000,0.26045
534F4C31,19635,166659152,322,179,3106,3014,143,92,143.00000,0.23725
534F4C31,19636,166664165,333,245,3107,3010,88,97,88.00000,0.25014
534F4C31,19636,166669128,263,177,3100,3005,86,95,86.00000,0.24498
534F4C31,19637,166674211,278,239,3117,3014,39,103,39.00000,0.26561
534F4C31,19638,166679129,274,194,3102,3001,80,101,80.00000,0.26045
534F4C31,19639,166684287,296,182,3116,3011,114,105,114.00000,0.27077
534F4C31,19639,166689129,296,180,3109,3023,116,86,116.00000,0.22177
534F4C31,19639,166694154,306,246,3108,3018,60,90,60.00000,0.23209
534F4C31,19639,166699140,307,225,3111,3019,82,92,82.00000,0.23725
534F4C31,19639,166704142,300,205,3107,3022,95,85,95.00000,0.21919
534F4C31,19640,166709588,318,248,3108,3016,70,92,70.00000,0.23725
534F4C31,19641,166714593,305,217,3099,3025,88,74,88.00000,0.19083
534F4C31,19642,166719407,303,217,3097,3014,86,83,86.00000,0.21404
534F4C31,19643,166724146,279,188,3109,3011,91,98,91.00000,0.25272
534F4C31,19643,166730223,355,227,3104,3024,128,80,128.00000,0.20630
534F4C31,19643,166734138,318,194,3110,3028,124,82,124.00000,0.21146
534F4C31,19644,166739190,296,226,3104,3018,70,86,70.00000,0.22177
534F4C31,19645,166744142,297,219,3118,3027,78,91,78.00000,0.23467
534F4C31,19645,166749173,282,203,3108,3025,79,83,79.00000,0.21404
534F4C31,19645,166754139,286,159,3098,3011,127,87,127.00000,0.22435
534F4C31,19646,166759154,332,216,3090,3016,116,74,116.00000,0.19083
534F4C31,19646,166764144,352,222,3107,3031,130,76,130.00000,0.19599
534F4C31,19647,166769697,301,251,3106,3013,50,93,50.00000,0.23982
534F4C31,19647,166774327,234,170,3113,3022,64,91,64.00000,0.23467
534F4C31,19648,166779441,296,261,3109,3019,35,90,35.00000,0.23209
534F4C31,19649,166784162,249,228,3108,3013,21,95,21.00000,0.24498
534F4C31,19649,166789858,246,161,3113,3039,85,74,85.00000,0.19083
534F4C31,19650,166794169,300,202,3110,3014,98,96,98.00000,0.24756
534F4C31,19650,166799847,350,237,3101,3012,113,89,113.00000,0.22951
534F4C31,19651,166804138,291,215,3109,3012,76,97,76.00000,0.25014
534F4C31,19651,166809984,316,198,3107,3011,118,96,118.00000,0.24756
534F4C31,19652,166814171,325,214,3110,3014,111,96,111.00000,0.24756
534F4C31,19653,166819836,340,185,3094,3014,155,80,155.00000,0.20630
534F4C31,19654,166824146,321,195,3093,3026,126,67,126.00000,0.17278
534F4C31,19654,166829539,353,231,3106,3011,122,95,122.00000,0.24498
534F4C31,19654,166834136,308,198,3107,3024,110,83,110.00000,0.21404
534F4C31,19655,166839146,277,206,3106,3009,71,97,71.00000,0.25014
534F4C31,19656,166844153,297,215,3107,3012,82,95,82.00000,0.24498
534F4C31,19657,166850706,345,237,3103,2992,108,111,108.00000,0.28624
534F4C31,19658,166854365,290,153,3104,3024,137,80,137.00000,0.20630
534F4C31,19658,166859706,325,159,3098,3017,166,81,166.00000,0.20888
534F4C31,19659,166864895,338,198,3099,3026,140,73,140.00000,0.18825
534F4C31,19659,166869159,299,148,3114,2991,151,123,151.00000,0.31719
534F4C31,19660,166874185,323,203,3107,3007,120,100,120.00000,0.25788
534F4C31,19660,166879132,341,230,3103,3010,111,93,111.00000,0.23982
534F4C31,19660,166884156,338,220,3108,3037,118,71,118.00000,0.18309
534F4C31,19661,166889214,293,240,3103,3013,53,90,53.00000,0.23209
534F4C31,19662,166894141,274,227,3079,3009,47,70,47.00000,0.18051
534F4C31,19662,166899457,288,213,3123,3027,75,96,75.00000,0.24756
534F4C31,19663,166904140,288,182,3099,3013,106,86,106.00000,0.22177
534F4C31,19664,166909660,323,237,3098,3010,86,88,86.00000,0.22693
534F4C31,19665,166914316,300,198,3106,3021,102,85,102.00000,0.21919
534F4C31,19665,166919148,277,209,3103,3016,68,87,68.00000,0.22435
534F4C31,19665,166924155,275,212,3104,3026,63,78,63.00000,0.20114
534F4C31,19665,166929135,308,209,3102,3031,99,71,99.00000,0.18309
534F4C31,19665,166934139,329,218,3080,3008,111,72,111.00000,0.18567
534F4C31,19666,166939771,339,241,3095,3016,98,79,98.00000,0.20372
534F4C31,19667,166944299,314,206,3111,3009,108,102,108.00000,0.26303
534F4C31,19668,166949168,285,235,3105,3005,50,100,50.00000,0.25788
534F4C31,19669,166955139,250,218,3100,3025,32,75,32.00000,0.19341
534F4C31,19670,166959596,242,182,3100,3013,60,87,60.00000,0.22435
534F4C31,19671,166964619,301,200,3094,3017,101,77,101.00000,0.19856
534F4C31,19671,166969983,297,155,3117,3012,142,105,142.00000,0.27077
534F4C31,19672,166974169,298,207,3109,3019,91,90,91.00000,0.23209
534F4C31,19672,166979117,299,194,3095,3015,105,80,105.00000,0.20630
534F4C31,19672,166984147,319,191,3102,3027,128,75,128.00000,0.19341
534F4C31,19672,166989145,326,206,3105,3012,120,93,120.00000,0.23982
534F4C31,19673,166994143,346,233,3125,3008,113,117,113.00000,0.30171
534F4C31,19673,166999129,353,210,3113,3016,143,97,143.00000,0.25014
534F4C31,19674,167004182,338,213,3116,3027,125,89,125.00000,0.22951
534F4C31,19674,167009138,306,155,3103,3017,151,86,151.00000,0.22177
534F4C31,19675,167014152,313,225,3115,3000,88,115,88.00000,0.29656
534F4C31,19676,167019428,265,181,3107,3015,84,92,84.00000,0.23725
534F4C31,19677,167024130,253,137,3112,3012,116,100,116.00000,0.25788
534F4C31,19677,167029151,354,257,3105,3026,97,79,97.00000,0.20372
534F4C31,19678,167034160,298,216,3105,3007,82,98,82.00000,0.25272
534F4C31,19678,167039179,288,186,3106,3023,102,83,102.00000,0.21404
534F4C31,19679,167044135,328,217,3104,3025,111,79,111.00000,0.20372
534F4C31,19680,167049558,351,220,3104,3005,131,99,131.00000,0.25530
534F4C31,19681,167054163,281,221,3094,3024,60,70,60.00000,0.18051
534F4C31,19681,167059417,263,179,3106,3019,84,87,84.00000,0.22435
534F4C31,19682,167064920,321,218,3104,3022,103,82,103.00000,0.21146
534F4C31,19683,167069131,288,171,3105,3013,117,92,117.00000,0.23725
534F4C31,19684,167074901,337,230,3114,3025,107,89,107.00000,0.22951
534F4C31,19685,167080058,355,199,3108,3013,156,95,156.00000,0.24498
534F4C31,19685,167085527,350,212,3108,3019,138,89,138.00000,0.22951
534F4C31,19685,167089317,278,136,3095,3021,142,74,142.00000,0.19083
534F4C31,19685,167094137,327,179,3109,3014,148,95,148.00000,0.24498
534F4C31,19685,167099140,358,220,3101,3001,138,100,138.00000,0.25788
534F4C31,19685,167104153,345,217,3116,3012,128,104,128.00000,0.26819
534F4C31,19686,167109870,364,253,3100,3027,111,73,111.00000,0.18825
534F4C31,19687,167114150,345,225,3130,3019,120,111,120.00000,0.28624
534F4C31,19688,167119168,292,230,3108,3014,62,94,62.00000,0.24240
534F4C31,19688,167124127,254,182,3106,3009,72,97,72.00000,0.25014
534F4C31,19689,167129461,333,227,3108,3014,106,94,106.00000,0.24240
534F4C31,19690,167134172,320,219,3117,3020,101,97,101.00000,0.25014
534F4C31,19691,167139135,305,158,3109,3019,147,90,147.00000,0.23209
534F4C31,19691,167144799,361,230,3122,3023,131,99,131.00000,0.25530
534F4C31,19692,167149149,353,220,3109,3023,133,86,133.00000,0.22177
534F4C31,19693,167154142,341,205,3110,3017,136,93,136.00000,0.23982
534F4C31,19693,167160032,358,190,3116,3013,168,103,168.00000,0.26561
534F4C31,19693,167164134,343,217,3109,3009,126,100,126.00000,0.25788
534F4C31,19693,167169139,317,203,3095,3032,114,63,114.00000,0.16246
534F4C31,19694,167174136,325,211,3106,3014,114,92,114.00000,0.23725
534F4C31,19695,167179143,347,234,3115,3006,113,109,113.00000,0.28108
534F4C31,19696,167184449,326,200,3135,3005,126,130,126.00000,0.33524
534F4C31,19697,167189488,303,205,3113,3014,98,99,98.00000,0.25530
534F4C31,19697,167194739,312,189,3105,3014,123,91,123.00000,0.23467
534F4C31,19697,167199348,317,204,3102,3003,113,99,113.00000,0.25530
534F4C31,19698,167204136,303,192,3103,3000,111,103,111.00000,0.26561
534F4C31,19699,167209437,337,257,3089,2997,80,92,80.00000,0.23725
534F4C31,19700,167214654,306,222,3118,3019,84,99,84.00000,0.25530
534F4C31,19701,167219754,308,173,3107,3012,135,95,135.00000,0.24498
534F4C31,19701,167224203,295,203,3092,3012,92,80,92.00000,0.20630
534F4C31,19701,167229135,321,207,3108,3013,114,95,114.00000,0.24498
534F4C31,19702,167234158,331,202,3099,3010,129,89,129.00000,0.22951
534F4C31,19702,167239128,309,144,3109,3022,165,87,165.00000,0.22435
534F4C31,19703,167244152,347,242,3102,3032,105,70,105.00000,0.18051
534F4C31,19704,167249149,319,201,3111,3008,118,103,118.00000,0.26561
534F4C31,19705,167254174,269,235,3112,2993,34,119,34.00000,0.30687
534F4C31,19706,167261300,281,166,3107,3028,115,79,115.00000,0.20372
534F4C31,19706,167265847,318,180,3094,3014,138,80,138.00000,0.20630
534F4C31,19706,167270716,327,200,3115,3019,127,96,127.00000,0.24756
534F4C31,19706,167274131,290,175,3112,3010,115,102,115.00000,0.26303
534F4C31,19706,167279147,341,229,3108,3007,112,101,112.00000,0.26045
534F4C31,19706,167284385,343,230,3105,3022,113,83,113.00000,0.21404
534F4C31,19707,167289139,323,209,3116,3030,114,86,114.00000,0.22177
534F4C31,19708,167294338,350,239,3116,3012,111,104,111.00000,0.26819
534F4C31,19708,167299129,355,231,3110,3019,124,91,124.00000,0.23467
534F4C31,19709,167304223,341,228,3111,3014,113,97,113.00000,0.25014
534F4C31,19710,167309167,337,211,3105,3010,126,95,126.00000,0.24498
534F4C31,19711,167314669,347,227,3117,3008,120,109,120.00000,0.28108
534F4C31,19712,167319711,305,189,3104,3039,116,65,116.00000,0.16762
534F4C31,19713,167324403,316,211,3109,3027,105,82,105.00000,0.21146
534F4C31,19713,167330301,342,197,3107,3016,145,91,145.00000,0.23467
534F4C31,19714,167334665,309,181,3114,3012,128,102,128.00000,0.26303
534F4C31,19714,167339507,297,121,3101,3010,176,91,176.00000,0.23467
534F4C31,19714,167344274,334,185,3112,3009,149,103,149.00000,0.26561
534F4C31,19714,167349137,353,213,3096,3026,140,70,140.00000,0.18051
534F4C31,19714,167354139,341,215,3112,3015,126,97,126.00000,0.25014
534F4C31,19715,167359146,351,221,3106,3022,130,84,130.00000,0.21662
534F4C31,19716,167364394,354,204,3113,3008,150,105,150.00000,0.27077
534F4C31,19717,167369154,279,194,3100,3014,85,86,85.00000,0.22177
534F4C31,19718,167374144,260,208,3121,3011,52,110,52.00000,0.28366
534F4C31,19719,167379132,276,187,3107,3008,89,99,89.00000,0.25530
534F4C31,19720,167384782,297,250,3109,3032,47,77,47.00000,0.19856
534F4C31,19721,167390443,269,200,3109,3016,69,93,69.00000,0.23982
534F4C31,19721,167395495,328,236,3110,3008,92,102,92.00000,0.26303
534F4C31,19721,167399587,316,207,3117,3015,109,102,109.00000,0.26303
534F4C31,19721,167404130,314,198,3106,3015,116,91,116.00000,0.23467
534F4C31,19722,167409143,342,227,3106,3010,115,96,115.00000,0.24756
534F4C31,19723,167414145,357,240,3113,3018,117,95,117.00000,0.24498
534F4C31,19723,167419153,331,212,3108,3017,119,91,119.00000,0.23467
534F4C31,19723,167424141,302,197,3105,3016,105,89,105.00000,0.22951
534F4C31,19723,167429175,341,238,3091,3016,103,75,103.00000,0.19341
534F4C31,19724,167434136,331,219,3107,3011,112,96,112.00000,0.24756
534F4C31,19725,167439150,327,215,3119,3015,112,104,112.00000,0.26819
534F4C31,19726,167444841,351,225,3108,3033,126,75,126.00000,0.19341
534F4C31,19727,167449569,331,146,3111,3013,185,98,185.00000,0.25272
534F4C31,19728,167454150,329,179,3106,3009,150,97,150.00000,0.25014
534F4C31,19729,167459158,321,243,3106,3011,78,95,78.00000,0.24498
534F4C31,19730,167465111,334,232,3103,3013,102,90,102.00000,0.23209
534F4C31,19730,167469131,287,188,3104,3027,99,77,99.00000,0.19856
534F4C31,19731,167474281,279,230,3119,3012,49,107,49.00000,0.27593
534F4C31,19732,167479155,286,217,3106,3014,69,92,69.00000,0.23725
534F4C31,19732,167484317,313,202,3103,3026,111,77,111.00000,0.19856
534F4C31,19732,167489152,307,219,3108,3037,88,71,88.00000,0.18309
534F4C31,19732,167494148,313,211,3105,3014,102,91,102.00000,0.23467
534F4C31,19732,167499139,346,225,3101,3014,121,87,121.00000,0.22435
534F4C31,19732,167504143,338,219,3104,3008,119,96,119.00000,0.24756
534F4C31,19733,167509180,352,228,3106,3021,124,85,124.00000,0.21919
534F4C31,19734,167514173,358,230,3112,3013,128,99,128.00000,0.25530
534F4C31,19735,167519300,308,236,3094,3004,72,90,72.00000,0.23209
534F4C31,19736,167524123,233,163,3117,3021,70,96,70.00000,0.24756
534F4C31,19737,167529184,316,241,3104,3002,75,102,75.00000,0.26303
534F4C31,19738,167534538,312,203,3110,3008,109,102,109.00000,0.26303
534F4C31,19739,167539135,282,181,3098,3015,101,83,101.00000,0.21404
534F4C31,19739,167544511,313,227,3111,3011,86,100,86.00000,0.25788
534F4C31,19740,167549158,318,216,3107,3017,102,90,102.00000,0.23209
534F4C31,19740,167554401,316,223,3106,3010,93,96,93.00000,0.24756
534F4C31,19740,167559155,320,223,3108,3009,97,99,97.00000,0.25530
534F4C31,19741,167564170,338,255,3102,3015,83,87,83.00000,0.22435
534F4C31,19742,167569204,319,200,3110,3018,119,92,119.00000,0.23725
534F4C31,19743,167574324,296,165,3104,3019,131,85,131.00000,0.21919
534F4C31,19743,167579146,329,236,3109,3013,93,96,93.00000,0.24756
534F4C31,19744,167584153,307,203,3100,3011,104,89,104.00000,0.22951
534F4C31,19744,167589154,302,211,3118,3012,91,106,91.00000,0.27335
534F4C31,19744,167594141,312,237,3094,3035,75,59,75.00000,0.15215
534F4C31,19744,167599149,319,210,3105,3014,109,91,109.00000,0.23467
534F4C31,19744,167604153,325,214,3100,3016,111,84,111.00000,0.21662
534F4C31,19745,167609139,343,232,3114,3019,111,95,111.00000,0.24498
534F4C31,19746,167614156,338,259,3107,3033,79,74,79.00000,0.19083
534F4C31,19747,167619231,302,222,3111,3011,80,100,80.00000,0.25788
534F4C31,19748,167624256,292,173,3116,2997,119,119,119.00000,0.30687
534F4C31,19749,167629130,318,209,3117,3010,109,107,109.00000,0.27593
534F4C31,19749,167635628,342,213,3115,3024,129,91,129.00000,0.23467
534F4C31,19750,167639142,293,229,3117,3024,64,93,64.00000,0.23982
534F4C31,19751,167646326,337,217,3119,3008,120,111,120.00000,0.28624
534F4C31,19751,167651600,335,177,3114,3020,158,94,158.00000,0.24240
534F4C31,19751,167654123,272,120,3114,3019,152,95,152.00000,0.24498
534F4C31,19751,167659141,330,205,3113,3014,125,99,125.00000,0.25530
534F4C31,19751,167664431,363,246,3105,3014,117,91,117.00000,0.23467
534F4C31,19752,167669141,338,217,3100,3014,121,86,121.00000,0.22177
534F4C31,19753,167674150,325,223,3102,3016,102,86,102.00000,0.22177
534F4C31,19754,167679669,326,251,3097,3008,75,89,75.00000,0.22951
534F4C31,19755,167684147,283,208,3105,3011,75,94,75.00000,0.24240
534F4C31,19756,167689133,279,171,3113,3019,108,94,108.00000,0.24240
534F4C31,19756,167694511,309,215,3109,3014,94,95,94.00000,0.24498
534F4C31,19757,167699159,321,203,3096,3011,118,85,118.00000,0.21919
534F4C31,19758,167704883,320,206,3114,3014,114,100,114.00000,0.25788
534F4C31,19758,167709147,286,239,3104,3011,47,93,47.00000,0.23982
534F4C31,19758,167714211,261,174,3112,3014,87,98,87.00000,0.25272
534F4C31,19758,167719141,303,196,3110,3034,107,76,107.00000,0.19599
534F4C31,19758,167724133,316,204,3108,3017,112,91,112.00000,0.23467
534F4C31,19759,167729140,347,233,3114,3010,114,104,114.00000,0.26819
534F4C31,19760,167734148,342,225,3111,3008,117,103,117.00000,0.26561
534F4C31,19761,167740031,344,250,3115,3022,94,93,94.00000,0.23982
534F4C31,19762,167744163,269,197,3101,3014,72,87,72.00000,0.22435
534F4C31,19762,167749133,264,189,3079,3019,75,60,75.00000,0.15473
534F4C31,19762,167754130,273,179,3110,3022,94,88,94.00000,0.22693
534F4C31,19763,167759815,340,259,3112,3023,81,89,81.00000,0.22951
534F4C31,19764,167764128,310,217,3101,3023,93,78,93.00000,0.20114
534F4C31,19765,167769141,316,212,3105,3008,104,97,104.00000,0.25014
534F4C31,19766,167774146,295,202,3098,3007,93,91,93.00000,0.23467
534F4C31,19767,167779759,326,208,3107,2981,118,126,118.00000,0.32492
534F4C31,19767,167785138,316,165,3114,3023,151,91,151.00000,0.23467
534F4C31,19767,167789147,303,162,3106,3015,141,91,141.00000,0.23467
534F4C31,19767,167794140,343,219,3107,3006,124,101,124.00000,0.26045
534F4C31,19768,167799132,358,229,3122,3013,129,109,129.00000,0.28108
534F4C31,19769,167804152,338,192,3105,3011,146,94,146.00000,0.24240
534F4C31,19770,167809563,332,217,3102,3011,115,91,115.00000,0.23467
534F4C31,19770,167814882,347,203,3110,3011,144,99,144.00000,0.25530
534F4C31,19770,167819135,327,202,3103,3014,125,89,125.00000,0.22951
534F4C31,19771,167824278,312,215,3107,3014,97,93,97.00000,0.23982
534F4C31,19772,167829156,328,232,3110,3013,96,97,96.00000,0.25014
534F4C31,19772,167834635,335,179,3105,3013,156,92,156.00000,0.23725
534F4C31,19772,167839137,323,187,3097,3030,136,67,136.00000,0.17278
534F4C31,19773,167844145,346,229,3117,3013,117,104,117.00000,0.26819
534F4C31,19774,167849139,360,231,3103,3007,129,96,129.00000,0.24756
534F4C31,19775,167854197,295,243,3096,3022,52,74,52.00000,0.19083
534F4C31,19776,167859136,256,189,3106,3012,67,94,67.00000,0.24240
534F4C31,19776,167864171,310,234,3104,3031,76,73,76.00000,0.18825
534F4C31,19776,167869730,303,206,3113,3023,97,90,97.00000,0.23209
534F4C31,19777,167874134,277,181,3109,3010,96,99,96.00000,0.25530
534F4C31,19778,167879558,333,254,3108,3012,79,96,79.00000,0.24756
534F4C31,19778,167884745,321,213,3106,3014,108,92,108.00000,0.23725
534F4C31,19778,167889156,284,167,3106,3009,117,97,117.00000,0.25014
534F4C31,19779,167894141,325,193,3111,2996,132,115,132.00000,0.29656
534F4C31,19780,167899158,316,205,3107,3016,111,91,111.00000,0.23467
534F4C31,19781,167904181,273,209,3105,3017,64,88,64.00000,0.22693
534F4C31,19782,167909742,294,216,3103,3009,78,94,78.00000,0.24240
534F4C31,19783,167914149,310,224,3105,3018,86,87,86.00000,0.22435
534F4C31,19783,167920279,281,164,3102,3017,117,85,117.00000,0.21919
534F4C31,19783,167924487,278,160,3099,3019,118,80,118.00000,0.20630
534F4C31,19783,167929145,318,208,3103,3010,110,93,110.00000,0.23982
534F4C31,19784,167934340,322,203,3110,2992,119,118,119.00000,0.30429
534F4C31,19785,167939165,308,203,3107,3027,105,80,105.00000,0.20630
534F4C31,19786,167944761,327,229,3109,3018,98,91,98.00000,0.23467
534F4C31,19787,167949804,283,224,3104,3008,59,96,59.00000,0.24756
534F4C31,19788,167954146,215,177,3087,3010,38,77,38.00000,0.19856
534F4C31,19789,167959143,266,202,3101,3016,64,85,64.00000,0.21919
534F4C31,19790,167964144,264,241,3105,3016,23,89,23.00000,0.22951
534F4C31,19791,167969794,235,187,3116,3016,48,100,48.00000,0.25788
534F4C31,19791,167974954,297,207,3102,3014,90,88,90.00000,0.22693
534F4C31,19792,167979156,311,196,3112,3027,115,85,115.00000,0.21919
534F4C31,19792,167984294,312,219,3105,3008,93,97,93.00000,0.25014
534F4C31,19792,167989242,303,197,3108,3003,106,105,106.00000,0.27077
534F4C31,19792,167994149,331,209,3106,3004,122,102,122.00000,0.26303
534F4C31,19792,167999136,351,224,3086,2989,127,97,127.00000,0.25014
534F4C31,19793,168004131,335,209,3102,3026,126,76,126.00000,0.19599
534F4C31,19794,168009176,338,210,3106,3028,128,78,128.00000,0.20114
534F4C31,19795,168014156,310,226,3108,3013,84,95,84.00000,0.24498
534F4C31,19796,168020186,291,182,3113,3013,109,100,109.00000,0.25788
534F4C31,19796,168024471,305,199,3113,3010,106,103,106.00000,0.26561
534F4C31,19796,168029128,325,197,3100,3015,128,85,128.00000,0.21919
534F4C31,19796,168034399,341,225,3098,2987,116,111,116.00000,0.28624
534F4C31,19796,168039171,317,199,3102,3016,118,86,118.00000,0.22177
534F4C31,19796,168044139,345,227,3108,3006,118,102,118.00000,0.26303
534F4C31,19797,168049151,357,234,3107,3037,123,70,123.00000,0.18051
534F4C31,19798,168054158,304,228,3119,3014,76,105,76.00000,0.27077
534F4C31,19799,168059599,304,203,3107,3036,101,71,101.00000,0.18309
534F4C31,19800,168064176,330,239,3102,3009,91,93,91.00000,0.23982
534F4C31,19801,168069529,328,224,3112,3009,104,103,104.00000,0.26561
534F4C31,19802,168074661,327,183,3103,3002,144,101,144.00000,0.26045
534F4C31,19803,168079434,332,241,3108,3011,91,97,91.00000,0.25014
534F4C31,19804,168085254,327,216,3108,3014,111,94,111.00000,0.24240
534F4C31,19804,168089935,285,202,3104,3014,83,90,83.00000,0.23209
534F4C31,19804,168094258,279,181,3111,3014,98,97,98.00000,0.25014
534F4C31,19804,168099147,326,213,3113,3002,113,111,113.00000,0.28624
534F4C31,19804,168104139,326,213,3116,3010,113,106,113.00000,0.27335
534F4C31,19805,168109138,341,229,3116,3008,112,108,112.00000,0.27851
534F4C31,19806,168114216,352,210,3105,3015,142,90,142.00000,0.23209
534F4C31,19807,168119368,329,202,3106,2988,127,118,127.00000,0.30429
534F4C31,19807,168124157,280,191,3106,3011,89,95,89.00000,0.24498
534F4C31,19807,168129533,306,185,3087,3034,121,53,121.00000,0.13667
534F4C31,19807,168134158,315,196,3105,3006,119,99,119.00000,0.25530
534F4C31,19808,168139311,316,194,3113,3021,122,92,122.00000,0.23725
534F4C31,19808,168144152,331,213,3104,3010,118,94,118.00000,0.24240
534F4C31,19808,168149147,351,210,3108,3008,141,100,141.00000,0.25788
534F4C31,19809,168154192,295,221,3092,3015,74,77,74.00000,0.19856
534F4C31,19810,168159149,266,219,3095,3017,47,78,47.00000,0.20114
534F4C31,19811,168165196,306,212,3113,3013,94,100,94.00000,0.25788
534F4C31,19812,168169136,283,160,3106,3017,123,89,123.00000,0.22951
534F4C31,19813,168175499,359,252,3118,3012,107,106,107.00000,0.27335
534F4C31,19814,168180253,334,229,3102,3009,105,93,105.00000,0.23982
534F4C31,19814,168185029,310,196,3105,3028,114,77,114.00000,0.19856
534F4C31,19814,168189384,248,121,3107,3008,127,99,127.00000,0.25530
534F4C31,19815,168194166,314,226,3099,3017,88,82,88.00000,0.21146
534F4C31,19815,168199142,306,192,3105,3001,114,104,114.00000,0.26819
534F4C31,19816,168204131,308,187,3115,3003,121,112,121.00000,0.28882
534F4C31,19817,168209149,322,218,3107,3008,104,99,104.00000,0.25530
534F4C31,19818,168215536,351,226,3104,3030,125,74,125.00000,0.19083
534F4C31,19819,168219440,277,154,3110,3013,123,97,123.00000,0.25014
534F4C31,19819,168224234,287,215,3116,3031,72,85,72.00000,0.21919
534F4C31,19819,168229488,272,173,3103,3011,99,92,99.00000,0.23725
534F4C31,19819,168234130,302,175,3106,3014,127,92,127.00000,0.23725
534F4C31,19820,168239184,295,213,3104,3020,82,84,82.00000,0.21662
534F4C31,19821,168244502,322,220,3108,3017,102,91,102.00000,0.23467
534F4C31,19821,168249354,333,179,3115,3014,154,101,154.00000,0.26045
534F4C31,19821,168254185,300,209,3117,3007,91,110,91.00000,0.28366
534F4C31,19822,168259152,297,195,3103,3019,102,84,102.00000,0.21662
534F4C31,19823,168264372,344,208,3107,3022,136,85,136.00000,0.21919
534F4C31,19823,168269132,296,180,3103,3020,116,83,116.00000,0.21404
534F4C31,19824,168274146,301,192,3109,3001,109,108,109.00000,0.27851
534F4C31,19825,168279971,363,223,3107,3004,140,103,140.00000,0.26561
534F4C31,19825,168286109,335,145,3108,3012,190,96,190.00000,0.24756
534F4C31,19826,168289288,257,174,3111,3018,83,93,83.00000,0.23982
534F4C31,19826,168294359,274,157,3110,3014,117,96,117.00000,0.24756
534F4C31,19827,168299146,325,210,3103,3014,115,89,115.00000,0.22951
534F4C31,19828,168304196,302,252,3106,2995,50,111,50.00000,0.28624
534F4C31,19828,168309720,257,180,3095,3034,77,61,77.00000,0.15730
534F4C31,19829,168314167,281,229,3106,3014,52,92,52.00000,0.23725
534F4C31,19830,168319950,266,156,3110,3017,110,93,110.00000,0.23982
534F4C31,19830,168324238,280,141,3112,3008,139,104,139.00000,0.26819
534F4C31,19831,168329188,319,255,3105,3004,64,101,64.00000,0.26045
534F4C31,19832,168334487,279,185,3111,3014,94,97,94.00000,0.25014
534F4C31,19833,168339657,280,166,3115,3012,114,103,114.00000,0.26561
534F4C31,19834,168345942,347,215,3113,3020,132,93,132.00000,0.23982
534F4C31,19834,168350448,318,152,3096,3011,166,85,166.00000,0.21919
534F4C31,19834,168354583,296,172,3105,3013,124,92,124.00000,0.23725
534F4C31,19834,168359146,309,182,3107,3021,127,86,127.00000,0.22177
534F4C31,19834,168364147,348,229,3106,3012,119,94,119.00000,0.24240
534F4C31,19834,168369165,336,219,3108,3015,117,93,117.00000,0.23982
534F4C31,19834,168374154,330,223,3106,3012,107,94,107.00000,0.24240
534F4C31,19835,168379268,328,266,3125,3016,62,109,62.00000,0.28108
534F4C31,19836,168384154,282,182,3127,3015,100,112,100.00000,0.28882
534F4C31,19837,168389692,314,173,3077,3012,141,65,141.00000,0.16762
534F4C31,19838,168394132,304,229,3111,3009,75,102,75.00000,0.26303
534F4C31,19839,168400300,320,235,3104,3018,85,86,85.00000,0.22177
534F4C31,19840,168404495,279,161,3105,3002,118,103,118.00000,0.26561
534F4C31,19840,168410096,325,214,3110,3007,111,103,111.00000,0.26561
534F4C31,19840,168414131,307,198,3110,3002,109,108,109.00000,0.27851
534F4C31,19841,168419410,288,233,3097,3020,55,77,55.00000,0.19856
534F4C31,19842,168424430,270,223,3118,3019,47,99,47.00000,0.25530
534F4C31,19842,168429177,261,252,3106,3020,9,86,9.00000,0.22177
534F4C31,19843,168434383,241,180,3105,3014,61,91,61.00000,0.23467
534F4C31,19843,168439152,275,224,3097,3015,51,82,51.00000,0.21146
534F4C31,19844,168444658,303,234,3112,2999,69,113,69.00000,0.29140
534F4C31,19844,168449487,325,214,3120,3014,111,106,111.00000,0.27335
534F4C31,19844,168454427,325,217,3102,3008,108,94,108.00000,0.24240
534F4C31,19844,168459139,328,224,3110,3009,104,101,104.00000,0.26045
534F4C31,19845,168464144,353,246,3126,3015,107,111,107.00000,0.28624
534F4C31,19846,168469132,339,240,3123,3027,99,96,99.00000,0.24756
534F4C31,19847,168474150,310,221,3129,3001,89,128,89.00000,0.33008
534F4C31,19848,168479173,333,240,3135,3003,93,132,93.00000,0.34040
534F4C31,19849,168484436,338,217,3103,2999,121,104,121.00000,0.26819
534F4C31,19850,168489146,324,200,3120,3013,124,107,124.00000,0.27593
534F4C31,19850,168494209,347,259,3118,3022,88,96,88.00000,0.24756
534F4C31,19851,168499161,312,212,3106,3027,100,79,100.00000,0.20372
534F4C31,19852,168504401,324,218,3124,3015,106,109,106.00000,0.28108
534F4C31,19852,168509130,331,240,3122,3014,91,108,91.00000,0.27851
534F4C31,19852,168514137,330,216,3120,3017,114,103,114.00000,0.26561
534F4C31,19852,168519145,333,219,3125,3023,114,102,114.00000,0.26303
534F4C31,19852,168524149,334,224,3120,3017,110,103,110.00000,0.26561
534F4C31,19853,168529148,355,244,3112,3013,111,99,111.00000,0.25530
534F4C31,19853,168534226,346,219,3106,3020,127,86,127.00000,0.22177
534F4C31,19854,168539148,318,213,3121,3030,105,91,105.00000,0.23467
534F4C31,19855,168544825,326,221,3122,3015,105,107,105.00000,0.27593
534F4C31,19855,168549139,330,209,3121,3002,121,119,121.00000,0.30687
534F4C31,19856,168554646,328,240,3139,3016,88,123,88.00000,0.31719
534F4C31,19857,168559402,296,209,3114,3012,87,102,87.00000,0.26303
534F4C31,19858,168564132,320,178,3124,3010,142,114,142.00000,0.29398
534F4C31,19859,168569870,349,218,3121,3007,131,114,131.00000,0.29398
534F4C31,19860,168574139,310,180,3120,3004,130,116,130.00000,0.29914
534F4C31,19861,168579560,339,213,3121,3020,126,101,126.00000,0.26045
534F4C31,19862,168584895,311,190,3123,3016,121,107,121.00000,0.27593
534F4C31,19863,168591393,363,235,3124,3013,128,111,128.00000,0.28624
534F4C31,19863,168594614,313,222,3141,3015,91,126,91.00000,0.32492
534F4C31,19863,168599320,294,180,3126,3011,114,115,114.00000,0.29656
534F4C31,19864,168604179,303,210,3113,3014,93,99,93.00000,0.25530
534F4C31,19865,168609141,301,199,3115,3015,102,100,102.00000,0.25788
534F4C31,19865,168614163,338,241,3134,2999,97,135,97.00000,0.34813
534F4C31,19866,168619130,326,194,3121,3012,132,109,132.00000,0.28108
534F4C31,19866,168624157,327,200,3132,3015,127,117,127.00000,0.30171
534F4C31,19866,168629135,335,186,3121,3015,149,106,149.00000,0.27335
534F4C31,19866,168634169,343,210,3117,3006,133,111,133.00000,0.28624
534F4C31,19867,168639176,299,252,3106,3000,47,106,47.00000,0.27335
534F4C31,19868,168644152,258,224,3117,2997,34,120,34.00000,0.30945
534F4C31,19869,168649916,290,227,3124,3016,63,108,63.00000,0.27851
534F4C31,19869,168654430,289,194,3123,3026,95,97,95.00000,0.25014
534F4C31,19870,168659176,328,223,3135,3017,105,118,105.00000,0.30429
534F4C31,19871,168664620,326,256,3134,3018,70,116,70.00000,0.29914
534F4C31,19871,168669697,278,183,3134,3028,95,106,95.00000,0.27335
534F4C31,19871,168674139,282,191,3126,3013,91,113,91.00000,0.29140
534F4C31,19872,168679157,335,232,3110,3021,103,89,103.00000,0.22951
534F4C31,19872,168684180,333,219,3127,3016,114,111,114.00000,0.28624
534F4C31,19872,168689144,315,197,3108,3048,118,60,118.00000,0.15473
534F4C31,19873,168694159,336,233,3121,3007,103,114,103.00000,0.29398
534F4C31,19873,168699128,319,175,3118,3031,144,87,144.00000,0.22435
534F4C31,19873,168704152,330,202,3121,3019,128,102,128.00000,0.26303
534F4C31,19873,168709140,345,226,3120,3017,119,103,119.00000,0.26561
534F4C31,19874,168714175,349,267,3141,3013,82,128,82.00000,0.33008
534F4C31,19875,168719148,253,202,3130,3021,51,109,51.00000,0.28108
534F4C31,19876,168724902,302,201,3120,3011,101,109,101.00000,0.28108
534F4C31,19876,168729512,324,157,3126,3007,167,119,167.00000,0.30687
534F4C31,19877,168734181,311,201,3119,3028,110,91,110.00000,0.23467
534F4C31,19878,168739134,299,181,3118,3027,118,91,118.00000,0.23467
534F4C31,19879,168744514,321,287,3097,3025,34,72,34.00000,0.18567
534F4C31,19880,168749409,250,185,3112,3015,65,97,65.00000,0.25014
534F4C31,19880,168754467,291,197,3115,2995,94,120,94.00000,0.30945
534F4C31,19880,168759128,294,198,3136,3029,96,107,96.00000,0.27593
534F4C31,19880,168764251,341,229,3129,3026,112,103,112.00000,0.26561
534F4C31,19881,168769150,321,215,3108,3004,106,104,106.00000,0.26819
534F4C31,19882,168774158,317,262,3126,3006,55,120,55.00000,0.30945
534F4C31,19883,168779991,304,221,3118,3017,83,101,83.00000,0.26045
534F4C31,19883,168784156,297,196,3120,3015,101,105,101.00000,0.27077
534F4C31,19883,168789127,315,181,3124,3014,134,110,134.00000,0.28366
534F4C31,19884,168794160,341,267,3116,3009,74,107,74.00000,0.27593
534F4C31,19884,168799661,297,165,3118,3016,132,102,132.00000,0.26303
534F4C31,19884,168804169,312,190,3121,3013,122,108,122.00000,0.27851
534F4C31,19885,168809137,335,217,3122,3004,118,118,118.00000,0.30429
534F4C31,19886,168814153,361,238,3110,3010,123,100,123.00000,0.25788
534F4C31,19887,168819485,334,202,3124,3023,132,101,132.00000,0.26045
534F4C31,19888,168824367,283,243,3125,3012,40,113,40.00000,0.29140
534F4C31,19889,168829893,273,191,3121,3028,82,93,82.00000,0.23982
534F4C31,19890,168834152,295,169,3115,3020,126,95,126.00000,0.24498
534F4C31,19891,168839633,323,238,3109,3011,85,98,85.00000,0.25272
534F4C31,19892,168844143,260,245,3131,3005,15,126,15.00000,0.32492
534F4C31,19893,168849146,253,183,3119,3013,70,106,70.00000,0.27335
534F4C31,19894,168855099,321,217,3125,3015,104,110,104.00000,0.28366
534F4C31,19894,168859963,330,200,3117,3019,130,98,130.00000,0.25272
534F4C31,19895,168864156,324,194,3121,3000,130,121,130.00000,0.31203
534F4C31,19895,168869178,284,159,3114,3017,125,97,125.00000,0.25014
534F4C31,19896,168874164,321,210,3118,3015,111,103,111.00000,0.26561
534F4C31,19897,168879136,346,238,3130,3011,108,119,108.00000,0.30687
534F4C31,19897,168884634,342,204,3126,3018,138,108,138.00000,0.27851
534F4C31,19897,168889131,309,160,3120,3014,149,106,149.00000,0.27335
534F4C31,19897,168894147,347,220,3127,3011,127,116,127.00000,0.29914
534F4C31,19897,168899166,361,232,3118,3013,129,105,129.00000,0.27077
534F4C31,19898,168904149,348,219,3121,3012,129,109,129.00000,0.28108
534F4C31,19898,168909141,357,231,3128,3011,126,117,126.00000,0.30171
534F4C31,19898,168914145,370,252,3151,2994,118,157,118.00000,0.40486
534F4C31,19898,168919145,354,232,3150,3022,122,128,122.00000,0.33008
534F4C31,19899,168924146,346,229,3125,3016,117,109,117.00000,0.28108
534F4C31,19900,168929138,360,241,3121,3008,119,113,119.00000,0.29140
534F4C31,19901,168934921,364,221,3116,3020,143,96,143.00000,0.24756
534F4C31,19901,168939138,328,179,3120,3015,149,105,149.00000,0.27077
534F4C31,19902,168945504,382,246,3090,2989,136,101,136.00000,0.26045
534F4C31,19903,168949128,320,161,3100,3013,159,87,159.00000,0.22435
534F4C31,19904,168954465,332,192,3131,3014,140,117,140.00000,0.30171
534F4C31,19904,168959167,346,195,3119,3016,151,103,151.00000,0.26561
534F4C31,19904,168964173,351,221,3119,3013,130,106,130.00000,0.27335
534F4C31,19905,168969170,334,251,3119,3012,83,107,83.00000,0.27593
534F4C31,19906,168974248,267,186,3145,2995,81,150,81.00000,0.38681
534F4C31,19907,168979129,318,196,3121,3015,122,106,122.00000,0.27335
534F4C31,19908,168984473,320,225,3126,3012,95,114,95.00000,0.29398
534F4C31,19908,168989789,299,189,3109,3012,110,97,110.00000,0.25014
534F4C31,19909,168994144,311,164,3123,3014,147,109,147.00000,0.28108
534F4C31,19909,168999153,342,187,3117,3022,155,95,155.00000,0.24498
534F4C31,19909,169004153,327,164,3121,3010,163,111,163.00000,0.28624
534F4C31,19909,169009181,350,218,3127,3021,132,106,132.00000,0.27335
534F4C31,19909,169014138,365,239,3135,3015,126,120,126.00000,0.30945
534F4C31,19910,169019147,352,221,3120,3002,131,118,131.00000,0.30429
534F4C31,19911,169024137,343,222,3120,3012,121,108,121.00000,0.27851
534F4C31,19912,169029387,330,264,3120,3011,66,109,66.00000,0.28108
534F4C31,19912,169034657,278,191,3117,3012,87,105,87.00000,0.27077
534F4C31,19913,169039186,282,239,3123,3014,43,109,43.00000,0.28108
534F4C31,19913,169044394,268,194,3129,3018,74,111,74.00000,0.28624
534F4C31,19914,169049551,301,238,3116,3016,63,100,63.00000,0.25788
534F4C31,19915,169054602,246,206,3127,3010,40,117,40.00000,0.30171
534F4C31,19915,169060137,272,180,3122,3020,92,102,92.00000,0.26303
534F4C31,19916,169064483,300,195,3122,3008,105,114,105.00000,0.29398
534F4C31,19917,169069177,310,196,3123,3012,114,111,114.00000,0.28624
534F4C31,19917,169074141,310,190,3112,3018,120,94,120.00000,0.24240
534F4C31,19918,169079148,350,227,3122,3014,123,108,123.00000,0.27851
534F4C31,19919,169084160,321,232,3124,3004,89,120,89.00000,0.30945
534F4C31,19920,169090871,280,182,3110,2997,98,113,98.00000,0.29140
534F4C31,19920,169094688,285,157,3121,3009,128,112,128.00000,0.28882
534F4C31,19921,169099411,297,213,3122,3006,84,116,84.00000,0.29914
534F4C31,19922,169104130,235,172,3118,3015,63,103,63.00000,0.26561
534F4C31,19922,169110045,312,177,3121,3034,135,87,135.00000,0.22435
534F4C31,19922,169114150,332,204,3124,3007,128,117,128.00000,0.30171
534F4C31,19923,169119135,335,214,3119,3012,121,107,121.00000,0.27593
534F4C31,19923,169124250,305,150,3126,3014,155,112,155.00000,0.28882
534F4C31,19923,169129176,347,208,3149,3008,139,141,139.00000,0.36360
534F4C31,19923,169134136,337,190,3118,3017,147,101,147.00000,0.26045
534F4C31,19924,169139135,334,200,3121,3016,134,105,134.00000,0.27077
534F4C31,19925,169144152,327,237,3093,3019,90,74,90.00000,0.19083
534F4C31,19926,169149149,312,215,3130,3012,97,118,97.00000,0.30429
534F4C31,19927,169154912,284,143,3122,3008,141,114,141.00000,0.29398
534F4C31,19928,169159140,310,169,3125,3010,141,115,141.00000,0.29656
534F4C31,19929,169165015,372,207,3121,3009,165,112,165.00000,0.28882
534F4C31,19930,169170949,366,192,3120,3008,174,112,174.00000,0.28882
534F4C31,19930,169175345,351,208,3113,3008,143,105,143.00000,0.27077
534F4C31,19930,169179136,326,196,3132,3024,130,108,130.00000,0.27851
534F4C31,19931,169184140,330,227,3121,3016,103,105,103.00000,0.27077
534F4C31,19932,169189728,311,210,3117,3013,101,104,101.00000,0.26819
534F4C31,19933,169194191,303,211,3126,3005,92,121,92.00000,0.31203
534F4C31,19933,169199468,292,148,3116,3010,144,106,144.00000,0.27335
534F4C31,19933,169204875,320,194,3123,3014,126,109,126.00000,0.28108
534F4C31,19933,169209142,325,204,3121,3022,121,99,121.00000,0.25530
534F4C31,19933,169214142,353,239,3126,2980,114,146,114.00000,0.37650
534F4C31,19934,169219546,302,241,3118,3009,61,109,61.00000,0.28108
534F4C31,19935,169224599,283,213,3124,3008,70,116,70.00000,0.29914
534F4C31,19936,169229590,315,233,3124,3001,82,123,82.00000,0.31719
534F4C31,19936,169234130,298,158,3125,3018,140,107,140.00000,0.27593
534F4C31,19936,169239145,317,187,3118,3013,130,105,130.00000,0.27077
534F4C31,19937,169244143,347,222,3122,3015,125,107,125.00000,0.27593
534F4C31,19938,169249410,355,250,3121,2985,105,136,105.00000,0.35071
534F4C31,19939,169254162,264,213,3118,3013,51,105,51.00000,0.27077
534F4C31,19940,169259258,275,162,3103,3033,113,70,113.00000,0.18051
534F4C31,19941,169264137,318,204,3120,3023,114,97,114.00000,0.25014
534F4C31,19942,169270375,319,199,3122,3019,120,103,120.00000,0.26561
534F4C31,19943,169276902,358,223,3112,3010,135,102,135.00000,0.26303
534F4C31,19943,169280683,320,167,3126,3018,153,108,153.00000,0.27851
534F4C31,19943,169284137,291,149,3113,3024,142,89,142.00000,0.22951
534F4C31,19943,169289163,318,190,3118,3027,128,91,128.00000,0.23467
534F4C31,19943,169294175,346,228,3119,3023,118,96,118.00000,0.24756
534F4C31,19944,169299154,356,218,3119,3014,138,105,138.00000,0.27077
534F4C31,19945,169304907,331,210,3121,3015,121,106,121.00000,0.27335
534F4C31,19945,169309143,309,164,3123,2981,145,142,145.00000,0.36618
534F4C31,19945,169314264,356,217,3109,3007,139,102,139.00000,0.26303
534F4C31,19945,169319137,327,181,3109,3003,146,106,146.00000,0.27335
534F4C31,19946,169324184,326,241,3114,3012,85,102,85.00000,0.26303
534F4C31,19947,169329530,296,224,3123,3016,72,107,72.00000,0.27593
534F4C31,19948,169334528,278,230,3124,3015,48,109,48.00000,0.28108
534F4C31,19949,169341158,296,227,3113,3002,69,111,69.00000,0.28624
534F4C31,19949,169344843,286,174,3126,3009,112,117,112.00000,0.30171
534F4C31,19950,169349280,310,184,3116,3005,126,111,126.00000,0.28624
534F4C31,19951,169354151,284,167,3120,3028,117,92,117.00000,0.23725
534F4C31,19952,169359170,305,221,3124,3035,84,89,84.00000,0.22951
534F4C31,19953,169364511,319,227,3146,3015,92,131,92.00000,0.33782
534F4C31,19954,169370166,339,201,3121,3012,138,109,138.00000,0.28108
534F4C31,19955,169374758,330,204,3132,3016,126,116,126.00000,0.29914
534F4C31,19956,169379231,318,233,3112,3013,85,99,85.00000,0.25530
534F4C31,19956,169384508,305,184,3129,3009,121,120,121.00000,0.30945
534F4C31,19956,169389142,305,214,3131,3010,91,121,91.00000,0.31203
534F4C31,19956,169394130,313,179,3125,3020,134,105,134.00000,0.27077
534F4C31,19956,169399418,348,224,3118,3016,124,102,124.00000,0.26303
534F4C31,19956,169404141,330,198,3116,3019,132,97,132.00000,0.25014
534F4C31,19956,169409136,348,214,3115,3018,134,97,134.00000,0.25014
534F4C31,19956,169414143,368,244,3122,3016,124,106,124.00000,0.27335
534F4C31,19957,169419618,360,237,3122,3014,123,108,123.00000,0.27851
534F4C31,19958,169424190,311,278,3122,3008,33,114,33.00000,0.29398
534F4C31,19959,169429754,252,195,3113,3008,57,105,57.00000,0.27077
534F4C31,19960,169434175,287,201,3104,3005,86,99,86.00000,0.25530
534F4C31,19960,169439214,304,196,3121,3017,108,104,108.00000,0.26819
534F4C31,19961,169444459,340,223,3122,3011,117,111,117.00000,0.28624
534F4C31,19962,169449352,337,169,3117,3021,168,96,168.00000,0.24756
534F4C31,19962,169454343,313,170,3111,2990,143,121,143.00000,0.31203
534F4C31,19963,169459154,310,208,3130,3014,102,116,102.00000,0.29914
534F4C31,19964,169464157,309,231,3122,3038,78,84,78.00000,0.21662
534F4C31,19964,169469599,294,206,3123,3020,88,103,88.00000,0.26561
534F4C31,19964,169474147,306,210,3117,3004,96,113,96.00000,0.29140
534F4C31,19965,169479356,342,230,3114,3010,112,104,112.00000,0.26819
534F4C31,19965,169484148,317,225,3118,3011,92,107,92.00000,0.27593
534F4C31,19966,169489145,294,191,3119,3021,103,98,103.00000,0.25272
534F4C31,19967,169495037,356,245,3122,3018,111,104,111.00000,0.26819
534F4C31,19967,169499214,331,177,3132,3024,154,108,154.00000,0.27851
534F4C31,19967,169504152,335,202,3121,3013,133,108,133.00000,0.27851
534F4C31,19968,169509148,338,209,3121,3022,129,99,129.00000,0.25530
534F4C31,19969,169514175,304,240,3110,3007,64,103,64.00000,0.26561
534F4C31,19969,169519208,241,164,3113,3013,77,100,77.00000,0.25788
534F4C31,19970,169524144,300,212,3139,3009,88,130,88.00000,0.33524
534F4C31,19971,169529900,363,257,3128,3009,106,119,106.00000,0.30687
534F4C31,19972,169534130,303,204,3128,2991,99,137,99.00000,0.35329
534F4C31,19972,169540304,314,178,3125,3009,136,116,136.00000,0.29914
534F4C31,19972,169544163,315,188,3126,3013,127,113,127.00000,0.29140
534F4C31,19972,169549140,347,214,3137,3026,133,111,133.00000,0.28624
534F4C31,19973,169554163,339,216,3124,3012,123,112,123.00000,0.28882
534F4C31,19974,169559139,347,228,3137,3011,119,126,119.00000,0.32492
534F4C31,19975,169564134,338,244,3120,3015,94,105,94.00000,0.27077
534F4C31,19975,169569132,255,176,3091,3031,79,60,79.00000,0.15473
534F4C31,19975,169574149,308,213,3117,2998,95,119,95.00000,0.30687
534F4C31,19976,169579164,347,240,3110,3014,107,96,107.00000,0.24756
534F4C31,19977,169584147,337,251,3123,2991,86,132,86.00000,0.34040
534F4C31,19978,169589221,295,199,3108,3015,96,93,96.00000,0.23982
534F4C31,19979,169594501,341,234,3102,3010,107,92,107.00000,0.23725
534F4C31,19980,169599163,310,219,3123,3018,91,105,91.00000,0.27077
534F4C31,19980,169604140,266,185,3100,3009,81,91,81.00000,0.23467
534F4C31,19980,169609135,303,215,3122,3006,88,116,88.00000,0.29914
534F4C31,19981,169614426,330,250,3133,3016,80,117,80.00000,0.30171
534F4C31,19982,169619148,276,200,3120,3012,76,108,76.00000,0.27851
534F4C31,19983,169624518,302,238,3116,3022,64,94,64.00000,0.24240
534F4C31,19983,169630015,294,217,3105,3015,77,90,77.00000,0.23209
534F4C31,19983,169634140,293,197,3120,3009,96,111,96.00000,0.28624
534F4C31,19984,169639146,309,204,3117,3015,105,102,105.00000,0.26303
534F4C31,19984,169644130,342,231,3117,3017,111,100,111.00000,0.25788
534F4C31,19984,169649504,356,243,3119,3014,113,105,113.00000,0.27077
534F4C31,19984,169654158,328,212,3129,3009,116,120,116.00000,0.30945
534F4C31,19985,169659139,349,229,3123,3008,120,115,120.00000,0.29656
534F4C31,19986,169664153,365,264,3120,3016,101,104,101.00000,0.26819
534F4C31,19987,169669740,329,226,3122,3015,103,107,103.00000,0.27593
534F4C31,19988,169674132,304,183,3123,3011,121,112,121.00000,0.28882
534F4C31,19989,169679128,316,192,3132,3003,124,129,124.00000,0.33266
534F4C31,19989,169684925,327,207,3115,3009,120,106,120.00000,0.27335
534F4C31,19990,169689157,305,191,3109,3019,114,90,114.00000,0.23209
534F4C31,19991,169694793,340,173,3125,3008,167,117,167.00000,0.30171
534F4C31,19991,169699682,343,147,3115,3023,196,92,196.00000,0.23725
534F4C31,19991,169704410,328,155,3121,3009,173,112,173.00000,0.28882
534F4C31,19991,169709137,334,217,3124,3021,117,103,117.00000,0.26561
534F4C31,19991,169714142,332,226,3131,3015,106,116,106.00000,0.29914
534F4C31,19992,169719140,333,220,3119,3021,113,98,113.00000,0.25272
534F4C31,19993,169724145,334,219,3115,3013,115,102,115.00000,0.26303
534F4C31,19994,169729302,337,219,3122,3012,118,110,118.00000,0.28366
534F4C31,19994,169734151,319,203,3120,3000,116,120,116.00000,0.30945
534F4C31,19995,169739163,300,210,3118,3010,90,108,90.00000,0.27851
534F4C31,19996,169744132,307,223,3128,3029,84,99,84.00000,0.25530
534F4C31,19997,169750112,343,215,3120,3013,128,107,128.00000,0.27593
534F4C31,19998,169755648,333,178,3096,3024,155,72,155.00000,0.18567
534F4C31,19998,169759339,324,185,3108,3010,139,98,139.00000,0.25272
534F4C31,19998,169764136,345,204,3134,3019,141,115,141.00000,0.29656
534F4C31,19998,169769138,337,206,3119,3025,131,94,131.00000,0.24240
534F4C31,19999,169774552,323,227,3111,3010,96,101,96.00000,0.26045
534F4C31,19999,169779139,325,216,3130,3014,109,116,109.00000,0.29914
534F4C31,20000,169784542,283,256,3133,3019,27,114,27.00000,0.29398
534F4C31,20001,169789729,219,166,3130,3020,53,110,53.00000,0.28366
534F4C31,20002,169794134,292,203,3123,3005,89,118,89.00000,0.30429
534F4C31,20003,169799183,327,238,3114,3003,89,111,89.00000,0.28624
534F4C31,20003,169804464,303,175,3126,3025,128,101,128.00000,0.26045
534F4C31,20004,169809268,334,224,3119,3023,110,96,110.00000,0.24756
534F4C31,20005,169814151,304,232,3114,3010,72,104,72.00000,0.26819
534F4C31,20006,169819136,278,186,3124,3008,92,116,92.00000,0.29914
534F4C31,20007,169824503,322,231,3136,3013,91,123,91.00000,0.31719
534F4C31,20008,169829806,338,229,3120,2987,109,133,109.00000,0.34297
534F4C31,20008,169834677,315,199,3117,3016,116,101,116.00000,0.26045
534F4C31,20008,169839138,275,181,3120,3015,94,105,94.00000,0.27077
534F4C31,20008,169844138,310,205,3125,3022,105,103,105.00000,0.26561
534F4C31,20008,169849135,343,225,3114,3030,118,84,118.00000,0.21662
534F4C31,20008,169854143,337,216,3118,3015,121,103,121.00000,0.26561
534F4C31,20009,169859348,347,257,3126,3033,90,93,90.00000,0.23982
534F4C31,20010,169864485,328,234,3119,3018,94,101,94.00000,0.26045
534F4C31,20011,169869572,330,218,3118,3019,112,99,112.00000,0.25530
534F4C31,20011,169874147,319,234,3119,3007,85,112,85.00000,0.28882
534F4C31,20012,169880015,347,250,3122,3035,97,87,97.00000,0.22435
534F4C31,20013,169884146,319,208,3121,3014,111,107,111.00000,0.27593
534F4C31,20014,169889372,317,159,3121,3013,158,108,158.00000,0.27851
534F4C31,20015,169894139,329,182,3122,3018,147,104,147.00000,0.26819
534F4C31,20015,169899133,324,174,3119,3018,150,101,150.00000,0.26045
534F4C31,20015,169904130,310,180,3131,3022,130,109,130.00000,0.28108
534F4C31,20016,169909338,325,215,3118,3013,110,105,110.00000,0.27077
534F4C31,20016,169914173,347,214,3129,3022,133,107,133.00000,0.27593
534F4C31,20016,169919146,327,187,3119,3021,140,98,140.00000,0.25272
534F4C31,20017,169924162,338,219,3119,3015,119,104,119.00000,0.26819
534F4C31,20018,169929394,357,211,3117,3020,146,97,146.00000,0.25014
534F4C31,20019,169935053,357,224,3114,3014,133,100,133.00000,0.25788
534F4C31,20020,169939135,301,145,3123,3009,156,114,156.00000,0.29398
534F4C31,20020,169944186,325,220,3126,2987,105,139,105.00000,0.35845
534F4C31,20020,169949149,314,197,3121,3012,117,109,117.00000,0.28108
534F4C31,20021,169954716,325,218,3124,3017,107,107,107.00000,0.27593
534F4C31,20022,169959494,320,206,3129,3005,114,124,114.00000,0.31977
534F4C31,20023,169964932,347,219,3115,3013,128,102,128.00000,0.26303
534F4C31,20024,169969139,288,196,3128,3010,92,118,92.00000,0.30429
534F4C31,20024,169974148,253,161,3123,3020,92,103,92.00000,0.26561
534F4C31,20024,169979132,321,209,3119,3016,112,103,112.00000,0.26561
534F4C31,20024,169984135,332,215,3120,3009,117,111,117.00000,0.28624
534F4C31,20025,169989139,330,209,3122,3022,121,100,121.00000,0.25788
534F4C31,20026,169994151,347,230,3120,3010,117,110,117.00000,0.28366
534F4C31,20027,169999215,331,195,3119,3003,136,116,136.00000,0.29914
534F4C31,20028,170005211,334,210,3118,3011,124,107,124.00000,0.27593
534F4C31,20028,170009166,308,160,3122,3019,148,103,148.00000,0.26561
534F4C31,20029,170014161,338,253,3114,3007,85,107,85.00000,0.27593
534F4C31,20030,170020329,284,207,3125,3000,77,125,77.00000,0.32234
534F4C31,20030,170024596,288,191,3121,3015,97,106,97.00000,0.27335
534F4C31,20031,170029188,309,245,3119,2997,64,122,64.00000,0.31461
534F4C31,20032,170034159,285,194,3129,3014,91,115,91.00000,0.29656
534F4C31,20032,170039182,277,244,3120,2990,33,130,33.00000,0.33524
534F4C31,20032,170044128,279,210,3112,3022,69,90,69.00000,0.23209
534F4C31,20032,170049143,316,213,3118,3018,103,100,103.00000,0.25788
534F4C31,20032,170054143,324,214,3118,3014,110,104,110.00000,0.26819
534F4C31,20033,170059138,343,227,3131,3013,116,118,116.00000,0.30429
534F4C31,20034,170064149,356,203,3119,3017,153,102,153.00000,0.26303
534F4C31,20035,170069580,308,207,3121,3018,101,103,101.00000,0.26561
534F4C31,20035,170074503,283,186,3116,3019,97,97,97.00000,0.25014
534F4C31,20035,170079372,330,232,3119,3012,98,107,98.00000,0.27593
534F4C31,20036,170084168,322,212,3122,3008,110,114,110.00000,0.29398
534F4C31,20037,170089382,322,239,3122,3005,83,117,83.00000,0.30171
534F4C31,20038,170094151,296,264,3121,3019,32,102,32.00000,0.26303
534F4C31,20039,170099142,255,188,3138,3018,67,120,67.00000,0.30945
534F4C31,20040,170104157,260,208,3122,3006,52,116,52.00000,0.29914
534F4C31,20041,170109778,292,212,3134,3030,80,104,80.00000,0.26819
534F4C31,20042,170115246,295,255,3120,3007,40,113,40.00000,0.29140
534F4C31,20042,170119573,234,171,3123,3020,63,103,63.00000,0.26561
534F4C31,20042,170124155,281,223,3132,3027,58,105,58.00000,0.27077
534F4C31,20042,170129128,287,210,3117,3013,77,104,77.00000,0.26819
534F4C31,20042,170134132,296,219,3123,3010,77,113,77.00000,0.29140
534F4C31,20043,170139145,286,193,3132,3013,93,119,93.00000,0.30687
534F4C31,20043,170144127,330,223,3120,3009,107,111,107.00000,0.28624
534F4C31,20044,170149641,353,220,3122,3014,133,108,133.00000,0.27851
534F4C31,20044,170154387,315,132,3129,3013,183,116,183.00000,0.29914
534F4C31,20044,170159143,340,219,3110,3002,121,108,121.00000,0.27851
534F4C31,20045,170164546,341,231,3124,3012,110,112,110.00000,0.28882
534F4C31,20046,170169137,333,216,3128,3020,117,108,117.00000,0.27851
534F4C31,20046,170175137,337,180,3111,3018,157,93,157.00000,0.23982
534F4C31,20047,170179147,325,238,3121,3026,87,95,87.00000,0.24498
534F4C31,20048,170184518,283,198,3113,3012,85,101,85.00000,0.26045
534F4C31,20049,170189136,267,172,3127,3015,95,112,95.00000,0.28882
534F4C31,20050,170194703,345,237,3119,3008,108,111,108.00000,0.28624
534F4C31,20050,170199736,298,166,3118,3015,132,103,132.00000,0.26561
534F4C31,20051,170204960,322,187,3122,3019,135,103,135.00000,0.26561
534F4C31,20052,170209150,300,248,3119,3014,52,105,52.00000,0.27077
534F4C31,20052,170214128,262,181,3120,3018,81,102,81.00000,0.26303
534F4C31,20053,170219152,303,192,3113,3015,111,98,111.00000,0.25272
534F4C31,20054,170224450,326,199,3117,3009,127,108,127.00000,0.27851
534F4C31,20055,170230350,368,229,3113,3026,139,87,139.00000,0.22435
534F4C31,20055,170235197,348,213,3121,3030,135,91,135.00000,0.23467
534F4C31,20055,170239394,315,194,3124,3015,121,109,121.00000,0.28108
534F4C31,20056,170244135,337,217,3140,3017,120,123,120.00000,0.31719
534F4C31,20057,170249140,337,221,3135,3024,116,111,116.00000,0.28624
534F4C31,20057,170254369,304,217,3128,3009,87,119,87.00000,0.30687
534F4C31,20057,170259131,298,208,3138,3015,90,123,90.00000,0.31719
534F4C31,20057,170264146,343,236,3126,2984,107,142,107.00000,0.36618
534F4C31,20058,170269167,340,231,3142,3030,109,112,109.00000,0.28882
534F4C31,20059,170274207,308,201,3136,3015,107,121,107.00000,0.31203
534F4C31,20060,170279152,335,201,3130,2996,134,134,134.00000,0.34555
534F4C31,20060,170284282,340,217,3133,3008,123,125,123.00000,0.32234
534F4C31,20061,170289133,319,168,3128,3014,151,114,151.00000,0.29398
534F4C31,20062,170294163,346,198,3129,3015,148,114,148.00000,0.29398
534F4C31,20062,170299144,344,196,3144,2990,148,154,148.00000,0.39713
534F4C31,20062,170304135,322,199,3135,3011,123,124,123.00000,0.31977
534F4C31,20063,170309157,313,229,3145,3016,84,129,84.00000,0.33266
534F4C31,20064,170314644,342,240,3131,3010,102,121,102.00000,0.31203
534F4C31,20065,170319131,319,240,3136,3017,79,119,79.00000,0.30687
534F4C31,20065,170324323,256,227,3139,3012,29,127,29.00000,0.32750
534F4C31,20065,170329225,275,207,3122,3011,68,111,68.00000,0.28624
534F4C31,20065,170334135,301,209,3135,3012,92,123,92.00000,0.31719
534F4C31,20066,170339149,314,210,3135,3022,104,113,104.00000,0.29140
534F4C31,20067,170344140,335,253,3133,3013,82,120,82.00000,0.30945
534F4C31,20068,170350413,325,269,3136,3003,56,133,56.00000,0.34297
534F4C31,20069,170354940,252,166,3142,3006,86,136,86.00000,0.35071
534F4C31,20070,170359548,304,231,3133,3007,73,126,73.00000,0.32492
534F4C31,20070,170364239,285,228,3131,3016,57,115,57.00000,0.29656
534F4C31,20070,170369147,272,209,3137,3017,63,120,63.00000,0.30945
534F4C31,20071,170374149,280,199,3134,3013,81,121,81.00000,0.31203
534F4C31,20071,170379154,317,251,3132,3004,66,128,66.00000,0.33008
534F4C31,20071,170384372,302,194,3122,3018,108,104,108.00000,0.26819
534F4C31,20072,170389187,299,220,3138,3012,79,126,79.00000,0.32492
534F4C31,20073,170394139,296,200,3140,3010,96,130,96.00000,0.33524
534F4C31,20074,170399576,326,202,3132,2999,124,133,124.00000,0.34297
534F4C31,20075,170404573,317,165,3149,3006,152,143,152.00000,0.36876
534F4C31,20076,170409125,333,168,3131,3015,165,116,165.00000,0.29914
534F4C31,20076,170414392,355,234,3143,3015,121,128,121.00000,0.33008
534F4C31,20076,170419139,320,203,3131,3015,117,116,117.00000,0.29914
534F4C31,20077,170424394,335,232,3122,3012,103,110,103.00000,0.28366
534F4C31,20077,170429234,344,228,3135,3004,116,131,116.00000,0.33782
534F4C31,20078,170434132,336,195,3140,3013,141,127,141.00000,0.32750
534F4C31,20079,170439143,318,204,3133,3013,114,120,114.00000,0.30945
534F4C31,20079,170444133,310,161,3147,3019,149,128,149.00000,0.33008
534F4C31,20079,170449189,342,212,3142,3015,130,127,130.00000,0.32750
534F4C31,20079,170454142,334,205,3136,3013,129,123,129.00000,0.31719
534F4C31,20080,170459166,322,247,3139,3018,75,121,75.00000,0.31203
534F4C31,20081,170465051,328,243,3155,3019,85,136,85.00000,0.35071
534F4C31,20082,170469375,276,230,3134,3008,46,126,46.00000,0.32492
534F4C31,20083,170474539,254,190,3129,3017,64,112,64.00000,0.28882
534F4C31,20083,170479845,331,241,3135,3011,90,124,90.00000,0.31977
534F4C31,20083,170484134,317,206,3129,3009,111,120,111.00000,0.30945
534F4C31,20084,170489142,323,208,3146,3015,115,131,115.00000,0.33782
534F4C31,20085,170494214,341,242,3134,3012,99,122,99.00000,0.31461
534F4C31,20086,170499245,338,220,3141,3015,118,126,118.00000,0.32492
534F4C31,20086,170504798,317,166,3137,3015,151,122,151.00000,0.31461
534F4C31,20087,170509151,329,200,3131,3029,129,102,129.00000,0.26303
534F4C31,20087,170514224,354,241,3131,3028,113,103,113.00000,0.26561
534F4C31,20087,170519173,335,211,3141,3027,124,114,124.00000,0.29398
534F4C31,20087,170524152,334,203,3135,3011,131,124,131.00000,0.31977
534F4C31,20087,170529133,357,232,3137,3032,125,105,125.00000,0.27077
534F4C31,20088,170534290,352,225,3132,3015,127,117,127.00000,0.30171
534F4C31,20089,170539180,334,218,3127,3022,116,105,116.00000,0.27077
534F4C31,20090,170544649,327,259,3138,3014,68,124,68.00000,0.31977
534F4C31,20091,170549290,289,209,3133,3028,80,105,80.00000,0.27077
534F4C31,20092,170554145,259,226,3136,3005,33,131,33.00000,0.33782
534F4C31,20093,170559133,254,191,3130,3009,63,121,63.00000,0.31203
534F4C31,20094,170565092,350,230,3144,3004,120,140,120.00000,0.36103
534F4C31,20095,170571385,324,257,3140,3017,67,123,67.00000,0.31719
534F4C31,20095,170576443,253,180,3132,3014,73,118,73.00000,0.30429
534F4C31,20095,170579881,270,182,3145,3012,88,133,88.00000,0.34297
534F4C31,20095,170584138,289,186,3132,3036,103,96,103.00000,0.24756
534F4C31,20095,170589137,312,199,3132,2987,113,145,113.00000,0.37392
534F4C31,20095,170594144,345,232,3130,3015,113,115,113.00000,0.29656
534F4C31,20096,170599669,352,245,3130,3031,107,99,107.00000,0.25530
534F4C31,20097,170604174,323,206,3145,3009,117,136,117.00000,0.35071
534F4C31,20098,170609542,324,257,3138,3024,67,114,67.00000,0.29398
534F4C31,20099,170614131,272,220,3130,3023,52,107,52.00000,0.27593
534F4C31,20099,170620955,290,148,3134,3020,142,114,142.00000,0.29398
534F4C31,20100,170624131,272,154,3132,3019,118,113,118.00000,0.29140
534F4C31,20101,170629170,330,257,3132,3015,73,117,73.00000,0.30171
534F4C31,20101,170634328,280,219,3138,2997,61,141,61.00000,0.36360
534F4C31,20101,170639166,282,192,3125,3028,90,97,90.00000,0.25014
534F4C31,20101,170644149,325,247,3130,3015,78,115,78.00000,0.29656
534F4C31,20102,170649164,326,217,3139,3015,109,124,109.00000,0.31977
534F4C31,20103,170654175,325,199,3137,3016,126,121,126.00000,0.31203
534F4C31,20104,170659693,353,227,3148,3031,126,117,126.00000,0.30171
534F4C31,20105,170664145,320,195,3138,3012,125,126,125.00000,0.32492
534F4C31,20106,170669163,277,233,3134,3005,44,129,44.00000,0.33266
534F4C31,20106,170674817,234,174,3138,3020,60,118,60.00000,0.30429
534F4C31,20106,170679147,292,215,3139,3024,77,115,77.00000,0.29656
534F4C31,20106,170684134,311,212,3135,3014,99,121,99.00000,0.31203
534F4C31,20106,170689149,321,206,3133,3025,115,108,115.00000,0.27851
534F4C31,20107,170694820,360,258,3140,2998,102,142,102.00000,0.36618
534F4C31,20108,170699155,331,221,3129,3024,110,105,110.00000,0.27077
534F4C31,20109,170704260,294,219,3143,3024,75,119,75.00000,0.30687
534F4C31,20110,170709133,290,202,3141,3015,88,126,88.00000,0.32492
534F4C31,20111,170714813,313,241,3138,3021,72,117,72.00000,0.30171
534F4C31,20112,170719240,232,171,3144,3006,61,138,61.00000,0.35587
534F4C31,20113,170724145,262,141,3137,3014,121,123,121.00000,0.31719
534F4C31,20114,170729547,350,231,3142,3010,119,132,119.00000,0.34040
534F4C31,20114,170735546,322,189,3137,3011,133,126,133.00000,0.32492
534F4C31,20114,170740217,277,160,3136,3011,117,125,117.00000,0.32234
534F4C31,20114,170744147,291,176,3141,3015,115,126,115.00000,0.32492
534F4C31,20115,170749185,339,217,3139,3022,122,117,122.00000,0.30171
534F4C31,20116,170754167,319,219,3124,3021,100,103,100.00000,0.26561
534F4C31,20116,170759647,335,247,3138,3011,88,127,88.00000,0.32750
534F4C31,20116,170764142,298,190,3144,3014,108,130,108.00000,0.33524
534F4C31,20117,170769187,329,213,3138,3017,116,121,116.00000,0.31203
534F4C31,20117,170774134,333,220,3110,3009,113,101,113.00000,0.26045
534F4C31,20117,170779178,358,247,3134,3016,111,118,111.00000,0.30429
534F4C31,20117,170784150,347,227,3130,3004,120,126,120.00000,0.32492
534F4C31,20118,170789476,331,229,3138,3019,102,119,102.00000,0.30687
534F4C31,20119,170794176,333,226,3141,3005,107,136,107.00000,0.35071
534F4C31,20120,170799657,326,250,3130,3015,76,115,76.00000,0.29656
534F4C31,20121,170804135,282,220,3125,3016,62,109,62.00000,0.28108
534F4C31,20122,170809147,282,228,3137,3027,54,110,54.00000,0.28366
534F4C31,20123,170814811,325,208,3141,3006,117,135,117.00000,0.34813
534F4C31,20124,170819146,305,152,3144,3010,153,134,153.00000,0.34555
534F4C31,20124,170824491,338,242,3135,3017,96,118,96.00000,0.30429
534F4C31,20124,170829129,301,187,3136,3014,114,122,114.00000,0.31461
534F4C31,20125,170834145,327,193,3131,3015,134,116,134.00000,0.29914
534F4C31,20125,170839232,326,206,3134,3011,120,123,120.00000,0.31719
534F4C31,20125,170844142,335,246,3138,3006,89,132,89.00000,0.34040
534F4C31,20125,170849137,321,217,3135,3035,104,100,104.00000,0.25788
534F4C31,20126,170854148,326,214,3132,3006,112,126,112.00000,0.32492
534F4C31,20127,170859136,345,235,3135,3014,110,121,110.00000,0.31203
534F4C31,20128,170864508,356,251,3137,3014,105,123,105.00000,0.31719
534F4C31,20129,170869543,281,197,3121,3013,84,108,84.00000,0.27851
534F4C31,20130,170874287,266,149,3134,3000,117,134,117.00000,0.34555
534F4C31,20130,170879365,322,224,3134,3011,98,123,98.00000,0.31719
534F4C31,20131,170884146,310,200,3131,3011,110,120,110.00000,0.30945
534F4C31,20132,170889485,322,226,3147,3010,96,137,96.00000,0.35329
534F4C31,20133,170894145,315,213,3133,3012,102,121,102.00000,0.31203
534F4C31,20133,170899136,343,177,3141,3004,166,137,166.00000,0.35329
534F4C31,20133,170904317,345,207,3142,3014,138,128,138.00000,0.33008
534F4C31,20133,170909144,354,227,3136,3014,127,122,127.00000,0.31461
534F4C31,20134,170914161,366,244,3137,3002,122,135,122.00000,0.34813
534F4C31,20134,170919130,311,173,3135,3009,138,126,138.00000,0.32492
534F4C31,20135,170924456,339,229,3129,3011,110,118,110.00000,0.30429
534F4C31,20136,170929296,315,258,3134,3013,57,121,57.00000,0.31203
534F4C31,20137,170934593,284,211,3123,3017,73,106,73.00000,0.27335
534F4C31,20138,170939790,293,172,3138,3012,121,126,121.00000,0.32492
534F4C31,20139,170944179,320,200,3157,3011,120,146,120.00000,0.37650
534F4C31,20139,170950147,354,186,3109,3011,168,98,168.00000,0.25272
534F4C31,20140,170954153,306,208,3137,3015,98,122,98.00000,0.31461
534F4C31,20140,170959631,299,198,3130,3018,101,112,101.00000,0.28882
534F4C31,20140,170964143,331,223,3147,3021,108,126,108.00000,0.32492
534F4C31,20141,170969361,300,239,3126,3018,61,108,61.00000,0.27851
534F4C31,20142,170974140,274,229,3128,3002,45,126,45.00000,0.32492
534F4C31,20143,170981044,345,218,3134,3014,127,120,127.00000,0.30945
534F4C31,20144,170984381,272,195,3138,3011,77,127,77.00000,0.32750
534F4C31,20144,170991279,318,191,3132,2990,127,142,127.00000,0.36618
534F4C31,20144,170994135,281,149,3133,3019,132,114,132.00000,0.29398
534F4C31,20145,170999705,314,238,3140,3004,76,136,76.00000,0.35071
534F4C31,20145,171004146,261,184,3142,3012,77,130,77.00000,0.33524
534F4C31,20145,171009129,308,206,3127,2991,102,136,102.00000,0.35071
534F4C31,20145,171014151,349,244,3107,3020,105,87,105.00000,0.22435
534F4C31,20145,171019162,339,228,3136,3021,111,115,111.00000,0.29656
534F4C31,20145,171024137,335,228,3136,3012,107,124,107.00000,0.31977
534F4C31,20146,171029258,359,251,3133,3014,108,119,108.00000,0.30687
534F4C31,20147,171034163,345,229,3139,3015,116,124,116.00000,0.31977
534F4C31,20148,171039205,317,255,3143,3030,62,113,62.00000,0.29140
534F4C31,20148,171044475,291,187,3133,3014,104,119,104.00000,0.30687
534F4C31,20149,171049177,309,215,3123,3000,94,123,94.00000,0.31719
534F4C31,20150,171054134,273,166,3136,3015,107,121,107.00000,0.31203
534F4C31,20151,171059675,328,240,3155,3010,88,145,88.00000,0.37392
534F4C31,20151,171064513,336,231,3135,3028,105,107,105.00000,0.27593
534F4C31,20152,171069166,326,218,3128,3015,108,113,108.00000,0.29140
534F4C31,20153,171074292,339,233,3138,3023,106,115,106.00000,0.29656
534F4C31,20153,171079810,364,223,3131,3016,141,115,141.00000,0.29656
534F4C31,20153,171084130,339,205,3121,3014,134,107,134.00000,0.27593
534F4C31,20154,171089155,336,208,3133,3013,128,120,128.00000,0.30945
534F4C31,20155,171094135,334,264,3132,3016,70,116,70.00000,0.29914
534F4C31,20156,171100113,286,231,3136,3016,55,120,55.00000,0.30945
534F4C31,20157,171105171,263,173,3138,3015,90,123,90.00000,0.31719
534F4C31,20157,171109834,300,223,3136,3016,77,120,77.00000,0.30945
534F4C31,20157,171114148,302,206,3134,3010,96,124,96.00000,0.31977
534F4C31,20158,171119143,294,192,3127,3009,102,118,102.00000,0.30429
534F4C31,20158,171124164,325,218,3132,3015,107,117,107.00000,0.30171
534F4C31,20159,171129151,327,256,3135,3014,71,121,71.00000,0.31203
534F4C31,20160,171134343,305,201,3124,3026,104,98,104.00000,0.25272
534F4C31,20161,171139290,293,214,3131,3034,79,97,79.00000,0.25014
534F4C31,20161,171144141,269,165,3132,3022,104,110,104.00000,0.28366
534F4C31,20162,171149152,322,189,3137,3011,133,126,133.00000,0.32492
534F4C31,20162,171154414,307,119,3137,3014,188,123,188.00000,0.31719
534F4C31,20163,171159308,323,220,3138,3015,103,123,103.00000,0.31719
534F4C31,20164,171164135,304,183,3133,3012,121,121,121.00000,0.31203
534F4C31,20164,171169153,317,212,3138,3010,105,128,105.00000,0.33008
534F4C31,20164,171174133,293,198,3134,3016,95,118,95.00000,0.30429
534F4C31,20164,171179136,341,243,3119,3011,98,108,98.00000,0.27851
534F4C31,20164,171184153,334,215,3119,3013,119,106,119.00000,0.27335
534F4C31,20164,171189135,335,209,3135,3012,126,123,126.00000,0.31719
534F4C31,20165,171194156,346,242,3135,3026,104,109,104.00000,0.28108
534F4C31,20166,171199186,334,232,3142,3010,102,132,102.00000,0.34040
534F4C31,20167,171205057,339,209,3146,3018,130,128,130.00000,0.33008
534F4C31,20168,171209532,348,224,3130,3002,124,128,124.00000,0.33008
534F4C31,20169,171214162,303,236,3129,3012,67,117,67.00000,0.30171
534F4C31,20169,171219833,257,173,3132,3013,84,119,84.00000,0.30687
534F4C31,20170,171224706,293,212,3142,3027,81,115,81.00000,0.29656
534F4C31,20171,171229587,318,231,3135,3016,87,119,87.00000,0.30687
534F4C31,20172,171234141,278,177,3144,3022,101,122,101.00000,0.31461
534F4C31,20172,171239890,305,208,3113,3015,97,98,97.00000,0.25272
534F4C31,20172,171244139,320,209,3132,2990,111,142,111.00000,0.36618
534F4C31,20173,171249172,345,228,3134,3015,117,119,117.00000,0.30687
534F4C31,20174,171254762,346,227,3136,3011,119,125,119.00000,0.32234
534F4C31,20174,171259150,331,203,3142,3012,128,130,128.00000,0.33524
534F4C31,20175,171264467,359,218,3130,3018,141,112,141.00000,0.28882
534F4C31,20175,171269130,336,206,3121,3028,130,93,130.00000,0.23982
534F4C31,20175,171274409,345,224,3133,3019,121,114,121.00000,0.29398
534F4C31,20175,171279142,353,233,3154,3015,120,139,120.00000,0.35845
534F4C31,20176,171284174,310,253,3146,3008,57,138,57.00000,0.35587
534F4C31,20177,171289153,230,202,3133,3013,28,120,28.00000,0.30945
534F4C31,20178,171294391,269,222,3136,3017,47,119,47.00000,0.30687
534F4C31,20178,171299381,293,148,3122,3016,145,106,145.00000,0.27335
534F4C31,20179,171304177,310,194,3145,3014,116,131,116.00000,0.33782
534F4C31,20179,171309242,338,220,3131,3028,118,103,118.00000,0.26561
534F4C31,20180,171314147,359,230,3124,3014,129,110,129.00000,0.28366
534F4C31,20181,171319148,325,191,3141,3009,134,132,134.00000,0.34040
534F4C31,20182,171324648,331,233,3148,3017,98,131,98.00000,0.33782
534F4C31,20183,171329136,316,193,3135,3012,123,123,123.00000,0.31719
534F4C31,20184,171334564,323,199,3133,3015,124,118,124.00000,0.30429
534F4C31,20185,171339379,306,197,3142,3013,109,129,109.00000,0.33266
534F4C31,20186,171345107,335,214,3144,3013,121,131,121.00000,0.33782
534F4C31,20186,171351140,347,208,3134,3007,139,127,139.00000,0.32750
534F4C31,20186,171354135,291,151,3143,3011,140,132,140.00000,0.34040
534F4C31,20186,171359150,337,200,3135,3018,137,117,137.00000,0.30171
534F4C31,20187,171364171,320,232,3138,3015,88,123,88.00000,0.31719
534F4C31,20187,171369146,289,191,3134,3001,98,133,98.00000,0.34297
534F4C31,20188,171374149,320,216,3135,3016,104,119,104.00000,0.30687
534F4C31,20188,171379141,350,241,3127,3000,109,127,109.00000,0.32750
534F4C31,20188,171384177,342,228,3146,3030,114,116,114.00000,0.29914
534F4C31,20189,171389159,311,241,3143,3022,70,121,70.00000,0.31203
534F4C31,20190,171394143,297,213,3147,3023,84,124,84.00000,0.31977
534F4C31,20191,171399152,299,203,3137,3000,96,137,96.00000,0.35329
534F4C31,20192,171404481,306,180,3145,3008,126,137,126.00000,0.35329
534F4C31,20192,171409167,320,244,3144,3015,76,129,76.00000,0.33266
534F4C31,20192,171414159,303,223,3131,3011,80,120,80.00000,0.30945
534F4C31,20192,171419141,316,218,3135,3020,98,115,98.00000,0.29656
534F4C31,20192,171424194,329,232,3139,3022,97,117,97.00000,0.30171
534F4C31,20193,171429392,345,246,3141,3015,99,126,99.00000,0.32492
534F4C31,20194,171434156,326,202,3136,3010,124,126,124.00000,0.32492
534F4C31,20195,171439866,328,166,3132,3021,162,111,162.00000,0.28624
534F4C31,20195,171445120,362,228,3137,3009,134,128,134.00000,0.33008
534F4C31,20195,171449155,333,198,3129,3019,135,110,135.00000,0.28366
534F4C31,20195,171454166,330,204,3131,3015,126,116,126.00000,0.29914
534F4C31,20196,171459149,346,227,3134,3012,119,122,119.00000,0.31461
534F4C31,20197,171464149,362,228,3133,3018,134,115,134.00000,0.29656
534F4C31,20198,171469871,347,216,3135,3010,131,125,131.00000,0.32234
534F4C31,20199,171474599,313,198,3121,3014,115,107,115.00000,0.27593
534F4C31,20200,171479126,337,219,3144,3021,118,123,118.00000,0.31719
534F4C31,20200,171484520,348,213,3146,3016,135,130,135.00000,0.33524
534F4C31,20201,171489163,300,268,3139,3021,32,118,32.00000,0.30429
534F4C31,20202,171495145,252,187,3151,3013,65,138,65.00000,0.35587
534F4C31,20202,171500785,327,223,3136,3014,104,122,104.00000,0.31461
534F4C31,20202,171504133,293,175,3133,3017,118,116,118.00000,0.29914
534F4C31,20202,171509135,338,223,3137,3013,115,124,115.00000,0.31977
534F4C31,20203,171514147,361,250,3135,3012,111,123,111.00000,0.31719
534F4C31,20204,171519155,344,226,3152,3018,118,134,118.00000,0.34555
534F4C31,20205,171524151,317,227,3137,3014,90,123,90.00000,0.31719
534F4C31,20206,171529740,325,227,3149,3015,98,134,98.00000,0.34555
534F4C31,20207,171535034,324,190,3124,3024,134,100,134.00000,0.25788
534F4C31,20208,171541002,345,213,3136,3013,132,123,132.00000,0.31719
534F4C31,20208,171545717,323,196,3119,3011,127,108,127.00000,0.27851
534F4C31,20208,171549129,300,167,3130,3018,133,112,133.00000,0.28882
534F4C31,20209,171554170,314,209,3158,3016,105,142,105.00000,0.36618
534F4C31,20210,171559132,296,192,3137,3013,104,124,104.00000,0.31977
534F4C31,20211,171564266,349,226,3135,2994,123,141,123.00000,0.36360
534F4C31,20211,171569632,345,197,3124,3014,148,110,148.00000,0.28366
534F4C31,20211,171574141,316,150,3136,3022,166,114,166.00000,0.29398
534F4C31,20211,171579550,365,237,3133,3014,128,119,128.00000,0.30687
534F4C31,20211,171584140,337,207,3139,3008,130,131,130.00000,0.33782
534F4C31,20212,171589149,334,210,3147,3026,124,121,124.00000,0.31203
534F4C31,20212,171594136,352,187,3121,3013,165,108,165.00000,0.27851
534F4C31,20213,171599308,365,229,3135,3014,136,121,136.00000,0.31203
534F4C31,20214,171604236,319,141,3133,3015,178,118,178.00000,0.30429
534F4C31,20215,171609143,334,226,3143,3010,108,133,108.00000,0.34297
534F4C31,20216,171614143,320,203,3142,3022,117,120,117.00000,0.30945
534F4C31,20216,171619578,324,149,3129,3023,175,106,175.00000,0.27335
534F4C31,20216,171624138,328,193,3135,3014,135,121,135.00000,0.31203
534F4C31,20217,171629159,361,237,3132,3002,124,130,124.00000,0.33524
534F4C31,20218,171634132,324,162,3127,3000,162,127,162.00000,0.32750
534F4C31,20219,171639138,302,227,3136,3009,75,127,75.00000,0.32750
534F4C31,20220,171645664,291,162,3140,3013,129,127,129.00000,0.32750
534F4C31,20220,171651373,335,228,3127,3026,107,101,107.00000,0.26045
534F4C31,20220,171654522,250,159,3151,3011,91,140,91.00000,0.36103
534F4C31,20220,171659138,293,210,3130,3017,83,113,83.00000,0.29140
534F4C31,20220,171664134,320,217,3148,3013,103,135,103.00000,0.34813
534F4C31,20221,171669138,330,218,3131,3013,112,118,112.00000,0.30429
534F4C31,20222,171674135,335,229,3142,3008,106,134,106.00000,0.34555
534F4C31,20223,171679234,342,254,3135,3005,88,130,88.00000,0.33524
534F4C31,20224,171684133,273,184,3131,2994,89,137,89.00000,0.35329
534F4C31,20224,171689194,303,180,3138,3011,123,127,123.00000,0.32750
534F4C31,20224,171694134,339,223,3136,3019,116,117,116.00000,0.30171
534F4C31,20225,171699198,348,230,3135,3014,118,121,118.00000,0.31203
534F4C31,20226,171704146,284,199,3136,3012,85,124,85.00000,0.31977
534F4C31,20226,171709134,288,184,3136,3015,104,121,104.00000,0.31203
534F4C31,20227,171714189,339,213,3133,3001,126,132,126.00000,0.34040
534F4C31,20228,171719818,353,246,3149,3020,107,129,107.00000,0.33266
534F4C31,20228,171724141,287,192,3141,3014,95,127,95.00000,0.32750
534F4C31,20229,171729134,337,231,3141,3012,106,129,106.00000,0.33266
534F4C31,20230,171734280,325,230,3141,2998,95,143,95.00000,0.36876
534F4C31,20230,171739242,309,182,3136,3013,127,123,127.00000,0.31719
534F4C31,20231,171744460,334,263,3136,3004,71,132,71.00000,0.34040
534F4C31,20232,171749943,277,187,3138,3012,90,126,90.00000,0.32492
534F4C31,20232,171754141,243,185,3136,3000,58,136,58.00000,0.35071
534F4C31,20233,171759147,287,211,3127,3017,76,110,76.00000,0.28366
534F4C31,20233,171764565,341,168,3134,3019,173,115,173.00000,0.29656
534F4C31,20234,171769930,305,227,3142,3016,78,126,78.00000,0.32492
534F4C31,20235,171775081,278,220,3151,3009,58,142,58.00000,0.36618
534F4C31,20235,171779678,259,185,3136,3015,74,121,74.00000,0.31203
534F4C31,20235,171784128,260,143,3130,3014,117,116,117.00000,0.29914
534F4C31,20235,171789168,292,201,3141,3014,91,127,91.00000,0.32750
534F4C31,20235,171794129,302,185,3141,3047,117,94,117.00000,0.24240
534F4C31,20235,171799144,344,219,3136,3006,125,130,125.00000,0.33524
534F4C31,20236,171804138,336,213,3146,3006,123,140,123.00000,0.36103
534F4C31,20237,171809147,349,218,3148,3017,131,131,131.00000,0.33782
534F4C31,20238,171814511,304,232,3127,3016,72,111,72.00000,0.28624
534F4C31,20239,171819143,254,174,3134,3011,80,123,80.00000,0.31719
534F4C31,20240,171824155,295,235,3142,3020,60,122,60.00000,0.31461
534F4C31,20241,171829166,309,232,3135,3012,77,123,77.00000,0.31719
534F4C31,20242,171834166,316,222,3137,3021,94,116,94.00000,0.29914
534F4C31,20243,171839320,268,183,3136,3022,85,114,85.00000,0.29398
534F4C31,20243,171844134,286,175,3135,3014,111,121,111.00000,0.31203
534F4C31,20243,171849646,323,210,3133,3009,113,124,113.00000,0.31977
534F4C31,20244,171854136,312,181,3106,3004,131,102,131.00000,0.26303
534F4C31,20245,171859148,306,182,3145,3018,124,127,124.00000,0.32750
534F4C31,20246,171864364,314,225,3152,3016,89,136,89.00000,0.35071
534F4C31,20246,171869128,273,181,3132,3018,92,114,92.00000,0.29398
534F4C31,20246,171874149,317,220,3136,3013,97,123,97.00000,0.31719
534F4C31,20246,171879139,350,240,3140,3013,110,127,110.00000,0.32750
534F4C31,20247,171884187,318,247,3141,3011,71,130,71.00000,0.33524
534F4C31,20248,171889148,284,197,3151,3005,87,146,87.00000,0.37650
534F4C31,20249,171894239,328,200,3132,3016,128,116,128.00000,0.29914
534F4C31,20250,171899776,342,167,3132,3015,175,117,175.00000,0.30171
534F4C31,20250,171904137,321,182,3136,3014,139,122,139.00000,0.31461
534F4C31,20250,171909151,315,203,3136,3024,112,112,112.00000,0.28882
534F4C31,20250,171914145,334,226,3123,3024,108,99,108.00000,0.25530
534F4C31,20250,171919153,339,221,3134,3014,118,120,118.00000,0.30945
534F4C31,20251,171924252,346,233,3135,3033,113,102,113.00000,0.26303
534F4C31,20252,171929150,361,243,3146,3030,118,116,118.00000,0.29914
534F4C31,20253,171934148,353,232,3131,3028,121,103,121.00000,0.26561
534F4C31,20254,171939482,319,275,3135,3041,44,94,44.00000,0.24240
534F4C31,20255,171944132,260,196,3130,3006,64,124,64.00000,0.31977
534F4C31,20255,171949187,316,171,3134,3009,145,125,145.00000,0.32234
534F4C31,20255,171954144,327,196,3134,2993,131,141,131.00000,0.36360
534F4C31,20256,171959189,320,232,3126,3011,88,115,88.00000,0.29656
534F4C31,20257,171964459,319,217,3125,3022,102,103,102.00000,0.26561
534F4C31,20258,171969240,287,225,3120,3031,62,89,62.00000,0.22951
534F4C31,20258,171974139,258,185,3144,3006,73,138,73.00000,0.35587
534F4C31,20258,171979185,328,236,3141,3021,92,120,92.00000,0.30945
534F4C31,20259,171984139,330,217,3133,3018,113,115,113.00000,0.29656
534F4C31,20260,171989140,317,222,3139,3019,95,120,95.00000,0.30945
534F4C31,20260,171995524,362,246,3133,3013,116,120,116.00000,0.30945
534F4C31,20260,171999131,323,196,3128,3027,127,101,127.00000,0.26045
534F4C31,20261,172004629,306,213,3138,3011,93,127,93.00000,0.32750
534F4C31,20261,172009447,298,195,3130,3008,103,122,103.00000,0.31461
534F4C31,20261,172014136,316,203,3148,3017,113,131,113.00000,0.33782
534F4C31,20261,172019153,331,213,3133,3011,118,122,118.00000,0.31461
534F4C31,20262,172024183,310,260,3112,3010,50,102,50.00000,0.26303
534F4C31,20263,172029677,288,231,3142,3010,57,132,57.00000,0.34040
534F4C31,20264,172034169,290,204,3133,3016,86,117,86.00000,0.30171
534F4C31,20265,172039550,309,224,3135,3040,85,95,85.00000,0.24498
534F4C31,20266,172044129,315,171,3140,3024,144,116,144.00000,0.29914
534F4C31,20267,172049257,339,159,3148,3012,180,136,180.00000,0.35071
534F4C31,20267,172054140,336,189,3143,3016,147,127,147.00000,0.32750
534F4C31,20268,172059189,338,221,3142,3022,117,120,117.00000,0.30945
534F4C31,20269,172064182,346,226,3133,3019,120,114,120.00000,0.29398
534F4C31,20270,172069143,326,216,3136,3015,110,121,110.00000,0.31203
534F4C31,20270,172074162,287,254,3133,3024,33,109,33.00000,0.28108
534F4C31,20270,172079824,262,181,3137,3016,81,121,81.00000,0.31203
534F4C31,20271,172084703,306,188,3136,3014,118,122,118.00000,0.31461
534F4C31,20272,172089674,294,129,3132,3014,165,118,165.00000,0.30429
534F4C31,20272,172095238,341,243,3137,3014,98,123,98.00000,0.31719
534F4C31,20272,172099135,293,181,3137,3030,112,107,112.00000,0.27593
534F4C31,20272,172104147,320,204,3140,3017,116,123,116.00000,0.31719
534F4C31,20273,172109159,348,234,3132,3020,114,112,114.00000,0.28882
534F4C31,20273,172114157,352,256,3135,2992,96,143,96.00000,0.36876
534F4C31,20273,172119147,316,215,3144,3015,101,129,101.00000,0.33266
534F4C31,20274,172124182,305,248,3141,3017,57,124,57.00000,0.31977
534F4C31,20275,172129133,303,207,3129,3040,96,89,96.00000,0.22951
534F4C31,20276,172134135,323,196,3135,3000,127,135,127.00000,0.34813
534F4C31,20277,172139744,335,225,3130,3015,110,115,110.00000,0.29656
534F4C31,20278,172144982,329,180,3141,3015,149,126,149.00000,0.32492
534F4C31,20279,172149132,308,165,3124,3021,143,103,143.00000,0.26561
534F4C31,20280,172154153,303,195,3148,2998,108,150,108.00000,0.38681
534F4C31,20280,172159655,314,145,3131,3015,169,116,169.00000,0.29914
534F4C31,20281,172164964,362,218,3129,3006,144,123,144.00000,0.31719
534F4C31,20282,172169130,321,179,3141,3001,142,140,142.00000,0.36103
534F4C31,20282,172175697,337,173,3141,3016,164,125,164.00000,0.32234
534F4C31,20282,172179140,310,177,3149,3012,133,137,133.00000,0.35329
534F4C31,20283,172184618,341,209,3146,3035,132,111,132.00000,0.28624
534F4C31,20284,172189140,305,172,3153,3021,133,132,133.00000,0.34040
534F4C31,20285,172194846,359,208,3155,3026,151,129,151.00000,0.33266
534F4C31,20286,172199717,345,182,3157,3015,163,142,163.00000,0.36618
534F4C31,20287,172204158,326,188,3154,3012,138,142,138.00000,0.36618
534F4C31,20288,172210538,370,275,3153,3006,95,147,95.00000,0.37908
534F4C31,20288,172216105,333,205,3151,3011,128,140,128.00000,0.36103
534F4C31,20289,172219452,299,175,3140,3013,124,127,124.00000,0.32750
534F4C31,20290,172224191,291,211,3148,3012,80,136,80.00000,0.35071
534F4C31,20291,172229277,269,170,3132,3006,99,126,99.00000,0.32492
534F4C31,20292,172234130,298,164,3152,3011,134,141,134.00000,0.36360
534F4C31,20292,172239140,296,205,3165,3018,91,147,91.00000,0.37908
534F4C31,20292,172244134,317,210,3153,3019,107,134,107.00000,0.34555
534F4C31,20292,172249147,348,224,3154,3026,124,128,124.00000,0.33008
534F4C31,20292,172254161,338,219,3152,3012,119,140,119.00000,0.36103
534F4C31,20293,172259186,348,238,3147,3008,110,139,110.00000,0.35845
534F4C31,20293,172264152,361,251,3135,3016,110,119,110.00000,0.30687
534F4C31,20294,172269595,314,226,3156,3016,88,140,88.00000,0.36103
534F4C31,20295,172274130,291,203,3145,3007,88,138,88.00000,0.35587
534F4C31,20296,172280692,370,204,3155,3017,166,138,166.00000,0.35587
534F4C31,20297,172284131,302,143,3162,3005,159,157,159.00000,0.40486
534F4C31,20297,172290213,338,186,3149,3008,152,141,152.00000,0.36360
534F4C31,20297,172294138,299,161,3150,3009,138,141,138.00000,0.36360
534F4C31,20297,172299147,340,206,3143,3022,134,121,134.00000,0.31203
534F4C31,20298,172304143,340,211,3152,3012,129,140,129.00000,0.36103
534F4C31,20299,172309153,348,246,3152,3014,102,138,102.00000,0.35587
534F4C31,20300,172314744,330,251,3149,3029,79,120,79.00000,0.30945
534F4C31,20300,172319135,268,178,3155,3009,90,146,90.00000,0.37650
534F4C31,20300,172324174,309,228,3140,3010,81,130,81.00000,0.33524
534F4C31,20300,172329164,331,233,3151,3015,98,136,98.00000,0.35071
534F4C31,20300,172334137,330,234,3151,3028,96,123,96.00000,0.31719
534F4C31,20300,172339145,303,202,3152,3013,101,139,101.00000,0.35845
534F4C31,20301,172344289,342,234,3163,3024,108,139,108.00000,0.35845
534F4C31,20302,172349606,356,237,3179,3015,119,164,119.00000,0.42292
534F4C31,20303,172354480,307,231,3147,3013,76,134,76.00000,0.34555
534F4C31,20304,172359142,253,278,3154,3016,-25,138,-25.00000,0.35587
534F4C31,20304,172365066,227,187,3152,3008,40,144,40.00000,0.37134
534F4C31,20304,172369158,262,200,3152,3014,62,138,62.00000,0.35587
534F4C31,20305,172374218,287,216,3154,3017,71,137,71.00000,0.35329
534F4C31,20305,172379134,322,228,3146,3011,94,135,94.00000,0.34813
534F4C31,20305,172384144,313,235,3146,3010,78,136,78.00000,0.35071
534F4C31,20305,172389135,297,195,3142,3023,102,119,102.00000,0.30687
534F4C31,20306,172394352,331,252,3158,3006,79,152,79.00000,0.39197
534F4C31,20307,172399189,326,227,3152,3006,99,146,99.00000,0.37650
534F4C31,20308,172404181,304,218,3146,3018,86,128,86.00000,0.33008
534F4C31,20309,172410031,317,227,3157,3016,90,141,90.00000,0.36360
534F4C31,20310,172414149,306,211,3153,3012,95,141,95.00000,0.36360
534F4C31,20311,172419830,311,156,3166,3015,155,151,155.00000,0.38939
534F4C31,20312,172424584,330,236,3157,3020,94,137,94.00000,0.35329
534F4C31,20312,172429462,288,247,3154,3022,41,132,41.00000,0.34040
534F4C31,20312,172435037,288,209,3148,3007,79,141,79.00000,0.36360
534F4C31,20312,172439147,284,205,3155,3016,79,139,79.00000,0.35845
534F4C31,20313,172444140,315,215,3157,3003,100,154,100.00000,0.39713
534F4C31,20314,172449742,347,218,3163,3017,129,146,129.00000,0.37650
534F4C31,20315,172454145,268,224,3153,3011,44,142,44.00000,0.36618
534F4C31,20315,172459955,248,159,3151,3014,89,137,89.00000,0.35329
534F4C31,20316,172464181,308,213,3155,3010,95,145,95.00000,0.37392
534F4C31,20316,172469179,316,214,3154,3033,102,121,102.00000,0.31203
534F4C31,20316,172474473,334,227,3152,3014,107,138,107.00000,0.35587
534F4C31,20316,172479153,339,217,3157,3016,122,141,122.00000,0.36360
534F4C31,20316,172484138,342,208,3154,3019,134,135,134.00000,0.34813
534F4C31,20317,172489427,331,222,3160,3016,109,144,109.00000,0.37134
534F4C31,20318,172494178,350,251,3162,3002,99,160,99.00000,0.41260
534F4C31,20319,172499143,320,197,3150,3011,123,139,123.00000,0.35845
534F4C31,20320,172504139,326,211,3150,3016,115,134,115.00000,0.34555
534F4C31,20320,172509606,328,238,3152,3008,90,144,90.00000,0.37134
534F4C31,20321,172514128,318,221,3156,3017,97,139,97.00000,0.35845
534F4C31,20321,172520189,341,173,3139,3011,168,128,168.00000,0.33008
534F4C31,20321,172524137,304,210,3148,3015,94,133,94.00000,0.34297
534F4C31,20321,172529131,316,216,3150,3003,100,147,100.00000,0.37908
534F4C31,20322,172534297,330,210,3144,2992,120,152,120.00000,0.39197
534F4C31,20323,172539146,310,194,3154,3019,116,135,116.00000,0.34813
534F4C31,20324,172544188,326,235,3149,3017,91,132,91.00000,0.34040
534F4C31,20325,172549318,285,211,3164,3009,74,155,74.00000,0.39971
534F4C31,20326,172554143,258,182,3127,3014,76,113,76.00000,0.29140
534F4C31,20326,172559142,291,199,3146,3008,92,138,92.00000,0.35587
534F4C31,20326,172564185,323,204,3145,3011,119,134,119.00000,0.34555
534F4C31,20327,172569164,330,189,3152,3017,141,135,141.00000,0.34813
534F4C31,20328,172574560,334,230,3159,3014,104,145,104.00000,0.37392
534F4C31,20328,172579130,302,207,3158,3013,95,145,95.00000,0.37392
534F4C31,20328,172584251,281,133,3145,3013,148,132,148.00000,0.34040
534F4C31,20328,172589139,311,201,3152,3014,110,138,110.00000,0.35587
534F4C31,20328,172594133,328,210,3149,3011,118,138,118.00000,0.35587
534F4C31,20329,172599150,346,228,3149,3033,118,116,118.00000,0.29914
534F4C31,20330,172604186,319,219,3148,3016,100,132,100.00000,0.34040
534F4C31,20331,172609191,335,235,3143,3014,100,129,100.00000,0.33266
534F4C31,20332,172614140,313,244,3147,3017,69,130,69.00000,0.33524
534F4C31,20333,172619144,271,188,3150,3024,83,126,83.00000,0.32492
534F4C31,20334,172624392,309,233,3166,3014,76,152,76.00000,0.39197
534F4C31,20335,172629131,314,213,3150,3015,101,135,101.00000,0.34813
534F4C31,20336,172634308,331,231,3159,3015,100,144,100.00000,0.37134
534F4C31,20336,172639153,303,205,3149,3018,98,131,98.00000,0.33782
534F4C31,20336,172644142,316,211,3154,3011,105,143,105.00000,0.36876
534F4C31,20337,172649140,341,216,3150,3013,125,137,125.00000,0.35329
534F4C31,20338,172654143,314,202,3146,3023,112,123,112.00000,0.31719
534F4C31,20338,172659499,300,226,3152,3035,74,117,74.00000,0.30171
534F4C31,20338,172664141,304,215,3153,3015,89,138,89.00000,0.35587
534F4C31,20338,172669150,318,215,3152,3006,103,146,103.00000,0.37650
534F4C31,20339,172674149,330,225,3156,3014,105,142,105.00000,0.36618
534F4C31,20339,172679130,356,243,3152,3009,113,143,113.00000,0.36876
534F4C31,20340,172685017,360,261,3159,3019,99,140,99.00000,0.36103
534F4C31,20341,172689137,269,177,3162,2998,92,164,92.00000,0.42292
534F4C31,20341,172694156,315,252,3145,3015,63,130,63.00000,0.33524
534F4C31,20342,172699133,285,196,3139,2998,89,141,89.00000,0.36360
534F4C31,20343,172704172,269,212,3166,3016,57,150,57.00000,0.38681
534F4C31,20344,172709662,280,190,3149,3012,90,137,90.00000,0.35329
534F4C31,20345,172714132,307,189,3157,3021,118,136,118.00000,0.35071
534F4C31,20346,172719693,336,215,3151,3016,121,135,121.00000,0.34813
534F4C31,20346,172724144,322,205,3173,3008,117,165,117.00000,0.42549
534F4C31,20347,172729363,360,234,3150,3011,126,139,126.00000,0.35845
534F4C31,20348,172734142,320,165,3135,3009,155,126,155.00000,0.32492
534F4C31,20348,172739557,316,178,3168,3018,138,150,138.00000,0.38681
534F4C31,20349,172744146,316,172,3150,3018,144,132,144.00000,0.34040
534F4C31,20349,172749157,345,212,3152,3021,133,131,133.00000,0.33782
534F4C31,20349,172754190,308,235,3155,3016,73,139,73.00000,0.35845
534F4C31,20349,172759145,284,197,3155,3016,87,139,87.00000,0.35845
534F4C31,20349,172764143,344,250,3161,3009,94,152,94.00000,0.39197
534F4C31,20350,172769178,306,202,3149,3016,104,133,104.00000,0.34297
534F4C31,20351,172774148,308,189,3186,3022,119,164,119.00000,0.42292
534F4C31,20351,172779165,334,266,3139,3015,68,124,68.00000,0.31977
534F4C31,20351,172784758,301,217,3147,3018,84,129,84.00000,0.33266
534F4C31,20352,172789156,292,196,3149,3017,96,132,96.00000,0.34040
534F4C31,20352,172794506,339,222,3145,3011,117,134,117.00000,0.34555
534F4C31,20353,172799149,338,213,3149,3032,125,117,125.00000,0.30171
534F4C31,20354,172804695,330,208,3150,3009,122,141,122.00000,0.36360
534F4C31,20354,172810368,337,209,3135,3003,128,132,128.00000,0.34040
534F4C31,20354,172814172,334,209,3152,3023,125,129,125.00000,0.33266
534F4C31,20355,172819639,334,242,3161,3007,92,154,92.00000,0.39713
534F4C31,20356,172824144,261,211,3148,3003,50,145,50.00000,0.37392
534F4C31,20356,172829194,298,228,3151,3015,70,136,70.00000,0.35071
534F4C31,20357,172834156,299,208,3163,3015,91,148,91.00000,0.38166
534F4C31,20358,172839666,327,232,3146,3031,95,115,95.00000,0.29656
534F4C31,20359,172844183,328,228,3146,3011,100,135,100.00000,0.34813
534F4C31,20360,172849189,312,242,3166,3015,70,151,70.00000,0.38939
534F4C31,20361,172854671,279,240,3165,3032,39,133,39.00000,0.34297
534F4C31,20361,172860444,289,188,3160,3022,101,138,101.00000,0.35587
534F4C31,20362,172864163,297,176,3146,3011,121,135,121.00000,0.34813
534F4C31,20363,172869233,299,199,3152,3025,100,127,100.00000,0.32750
534F4C31,20364,172874156,277,221,3165,3011,56,154,56.00000,0.39713
534F4C31,20365,172879128,285,181,3152,3024,104,128,104.00000,0.33008
534F4C31,20366,172884143,315,184,3148,3034,131,114,131.00000,0.29398
534F4C31,20366,172890189,343,247,3151,3007,96,144,96.00000,0.37134
534F4C31,20366,172894150,308,190,3151,3003,118,148,118.00000,0.38166
534F4C31,20366,172899133,332,210,3160,3031,122,129,122.00000,0.33266
534F4C31,20366,172904135,311,198,3149,3015,113,134,113.00000,0.34555
534F4C31,20367,172909133,341,229,3151,3014,112,137,112.00000,0.35329
534F4C31,20368,172914159,349,245,3175,3016,104,159,104.00000,0.41002
534F4C31,20369,172919153,296,211,3146,3008,85,138,85.00000,0.35587
534F4C31,20369,172924494,297,227,3152,3012,70,140,70.00000,0.36103
534F4C31,20369,172929388,318,214,3151,3007,104,144,104.00000,0.37134
534F4C31,20370,172934152,325,210,3167,3030,115,137,115.00000,0.35329
534F4C31,20371,172939144,319,227,3159,3005,92,154,92.00000,0.39713
534F4C31,20372,172945189,334,185,3157,2994,149,163,149.00000,0.42034
534F4C31,20372,172949134,323,175,3155,3026,148,129,148.00000,0.33266
534F4C31,20373,172954148,335,214,3161,3014,121,147,121.00000,0.37908
534F4C31,20374,172959135,321,271,3152,3026,50,126,50.00000,0.32492
534F4C31,20374,172964804,272,199,3150,3017,73,133,73.00000,0.34297
534F4C31,20374,172969136,288,195,3156,3012,93,144,93.00000,0.37134
534F4C31,20374,172974149,319,222,3153,3027,97,126,97.00000,0.32492
534F4C31,20375,172979165,350,246,3150,2998,104,152,104.00000,0.39197
534F4C31,20375,172984128,340,225,3156,3000,115,156,115.00000,0.40229
534F4C31,20376,172990920,373,281,3156,3016,92,140,92.00000,0.36103
534F4C31,20377,172994875,303,208,3148,3030,95,118,95.00000,0.30429
534F4C31,20378,172999145,312,164,3151,3015,148,136,148.00000,0.35071
534F4C31,20378,173004886,336,184,3152,3018,152,134,152.00000,0.34555
534F4C31,20378,173009186,337,219,3151,3020,118,131,118.00000,0.33782
534F4C31,20378,173014142,337,230,3152,3024,107,128,107.00000,0.33008
534F4C31,20379,173019521,320,234,3151,3017,86,134,86.00000,0.34555
534F4C31,20380,173024181,278,228,3150,3024,50,126,50.00000,0.32492
534F4C31,20381,173029351,299,244,3149,3016,55,133,55.00000,0.34297
534F4C31,20382,173034146,268,173,3132,3009,95,123,95.00000,0.31719
534F4C31,20383,173039144,299,196,3152,3030,103,122,103.00000,0.31461
534F4C31,20384,173044793,352,289,3146,3008,63,138,63.00000,0.35587
534F4C31,20384,173049377,270,184,3153,3012,86,141,86.00000,0.36360
534F4C31,20385,173054143,299,195,3147,2998,104,149,104.00000,0.38423
534F4C31,20386,173059164,305,239,3154,3009,66,145,66.00000,0.37392
534F4C31,20386,173064377,313,208,3151,3010,105,141,105.00000,0.36360
534F4C31,20386,173069398,305,211,3151,3013,94,138,94.00000,0.35587
534F4C31,20386,173074146,302,203,3153,3014,99,139,99.00000,0.35845
534F4C31,20386,173079139,340,253,3152,3015,87,137,87.00000,0.35329
534F4C31,20386,173084130,309,212,3151,3027,97,124,97.00000,0.31977
534F4C31,20387,173089138,311,209,3145,3026,102,119,102.00000,0.30687
534F4C31,20388,173094537,345,234,3152,3053,111,99,111.00000,0.25530
534F4C31,20389,173099151,301,205,3151,3021,96,130,96.00000,0.33524
534F4C31,20390,173105170,300,172,3151,3023,128,128,128.00000,0.33008
534F4C31,20391,173109822,318,183,3162,3017,135,145,135.00000,0.37392
534F4C31,20391,173114919,342,190,3155,3015,152,140,152.00000,0.36103
534F4C31,20392,173119160,294,196,3167,3017,98,150,98.00000,0.38681
534F4C31,20393,173124357,295,194,3150,3023,101,127,101.00000,0.32750
534F4C31,20394,173129823,352,259,3152,3024,93,128,93.00000,0.33008
534F4C31,20395,173135053,328,222,3143,3014,106,129,106.00000,0.33266
534F4C31,20396,173139656,311,225,3139,3000,86,139,86.00000,0.35845
534F4C31,20397,173145967,351,255,3155,3014,96,141,96.00000,0.36360
534F4C31,20397,173150298,313,172,3158,3012,141,146,141.00000,0.37650
534F4C31,20397,173154135,299,166,3154,3000,133,154,133.00000,0.39713
534F4C31,20397,173159145,339,219,3157,3008,120,149,120.00000,0.38423
534F4C31,20397,173164138,365,247,3147,3019,118,128,118.00000,0.33008
534F4C31,20397,173169140,346,226,3146,3015,120,131,120.00000,0.33782
534F4C31,20398,173174151,341,234,3146,3015,107,131,107.00000,0.33782
534F4C31,20399,173179141,353,276,3148,3029,77,119,77.00000,0.30687
534F4C31,20399,173184162,301,201,3139,3017,100,122,100.00000,0.31461
534F4C31,20400,173189527,289,195,3141,3019,94,122,94.00000,0.31461
534F4C31,20400,173195422,319,223,3172,3011,96,161,96.00000,0.41518
534F4C31,20400,173200320,279,134,3148,3016,145,132,145.00000,0.34040
534F4C31,20400,173204136,286,166,3139,3016,120,123,120.00000,0.31719
534F4C31,20400,173209154,318,209,3152,3016,109,136,109.00000,0.35071
534F4C31,20401,173214177,350,245,3148,3029,105,119,105.00000,0.30687
534F4C31,20402,173219182,330,217,3156,3011,113,145,113.00000,0.37392
534F4C31,20403,173224187,303,261,3153,3014,42,139,42.00000,0.35845
534F4C31,20404,173229256,283,219,3145,3013,64,132,64.00000,0.34040
534F4C31,20405,173234405,294,241,3145,3013,53,132,53.00000,0.34040
534F4C31,20406,173239790,287,242,3153,3019,45,134,45.00000,0.34555
534F4C31,20407,173246131,346,247,3161,3018,99,143,99.00000,0.36876
534F4C31,20407,173249416,292,154,3156,3009,138,147,138.00000,0.37908
534F4C31,20407,173254136,313,178,3153,3013,135,140,135.00000,0.36103
534F4C31,20408,173259655,358,235,3151,3007,123,144,123.00000,0.37134
534F4C31,20409,173264189,335,219,3156,3027,116,129,116.00000,0.33266
534F4C31,20409,173269571,282,172,3150,3018,110,132,110.00000,0.34040
534F4C31,20410,173274376,293,240,3153,3010,53,143,53.00000,0.36876
534F4C31,20410,173279132,279,210,3154,3008,69,146,69.00000,0.37650
534F4C31,20411,173284133,309,233,3151,3019,76,132,76.00000,0.34040
534F4C31,20412,173289391,293,187,3161,3008,106,153,106.00000,0.39455
534F4C31,20413,173294149,286,283,3162,3009,3,153,3.00000,0.39455
534F4C31,20413,173300254,225,181,3167,3023,44,144,44.00000,0.37134
534F4C31,20413,173304134,264,179,3155,3015,85,140,85.00000,0.36103
534F4C31,20413,173309160,320,227,3152,3026,93,126,93.00000,0.32492
534F4C31,20414,173314181,318,264,3140,3014,54,126,54.00000,0.32492
534F4C31,20414,173319132,251,191,3153,3017,60,136,60.00000,0.35071
534F4C31,20415,173325137,335,253,3156,3012,82,144,82.00000,0.37134
534F4C31,20416,173329164,323,227,3127,3007,96,120,96.00000,0.30945
534F4C31,20416,173334601,342,232,3151,3008,110,143,110.00000,0.36876
534F4C31,20416,173339140,316,207,3163,3017,109,146,109.00000,0.37650
534F4C31,20417,173344173,335,264,3151,3041,71,110,71.00000,0.28366
534F4C31,20418,173349146,296,195,3144,3011,101,133,101.00000,0.34297
534F4C31,20419,173354134,311,191,3134,3019,120,115,120.00000,0.29656
534F4C31,20420,173359173,343,218,3155,2987,125,168,125.00000,0.43323
534F4C31,20421,173364246,362,217,3153,3014,145,139,145.00000,0.35845
534F4C31,20421,173369130,341,182,3151,3032,159,119,159.00000,0.30687
534F4C31,20422,173374506,359,229,3154,3013,130,141,130.00000,0.36360
534F4C31,20423,173379800,355,196,3150,3019,159,131,159.00000,0.33782
534F4C31,20424,173384153,332,174,3142,3005,158,137,158.00000,0.35329
534F4C31,20425,173391098,368,192,3122,3005,176,117,176.00000,0.30171
534F4C31,20425,173394763,328,144,3155,3015,184,140,184.00000,0.36103
534F4C31,20425,173399145,310,176,3154,3017,134,137,134.00000,0.35329
534F4C31,20425,173404789,321,173,3149,3012,148,137,148.00000,0.35329
534F4C31,20425,173409215,332,214,3148,3022,118,126,118.00000,0.32492
534F4C31,20425,173414139,352,238,3153,3016,114,137,114.00000,0.35329
534F4C31,20425,173419145,340,226,3152,2985,114,167,114.00000,0.43065
534F4C31,20426,173424506,315,266,3118,3016,49,102,49.00000,0.26303
534F4C31,20427,173429147,276,251,3141,3010,25,131,25.00000,0.33782
534F4C31,20428,173434561,265,166,3157,3032,99,125,99.00000,0.32234
534F4C31,20428,173439139,269,206,3164,3008,63,156,63.00000,0.40229
534F4C31,20429,173444149,280,193,3149,2988,87,161,87.00000,0.41518
534F4C31,20430,173449828,305,218,3161,3002,87,159,87.00000,0.41002
534F4C31,20430,173454597,298,176,3152,3010,122,142,122.00000,0.36618
534F4C31,20431,173459143,329,216,3151,3007,113,144,113.00000,0.37134
534F4C31,20432,173464601,356,208,3150,3018,148,132,148.00000,0.34040
534F4C31,20433,173469142,302,161,3148,3024,141,124,141.00000,0.31977
534F4C31,20434,173474128,312,228,3151,3025,84,126,84.00000,0.32492
534F4C31,20435,173480307,317,193,3154,3017,124,137,124.00000,0.35329
534F4C31,20436,173485109,302,183,3168,3011,119,157,119.00000,0.40486
534F4C31,20436,173489914,258,136,3144,3024,122,120,122.00000,0.30945
534F4C31,20436,173494137,295,198,3171,3031,97,140,97.00000,0.36103
534F4C31,20436,173499137,320,209,3153,3007,111,146,111.00000,0.37650
534F4C31,20436,173504140,325,210,3145,3025,115,120,115.00000,0.30945
534F4C31,20436,173509138,352,234,3135,3021,118,114,118.00000,0.29398
534F4C31,20437,173514158,361,257,3154,3023,104,131,104.00000,0.33782
534F4C31,20438,173519191,333,225,3143,3019,108,124,108.00000,0.31977
534F4C31,20439,173524161,335,231,3165,3015,104,150,104.00000,0.38681
534F4C31,20439,173529133,337,214,3139,3008,123,131,123.00000,0.33782
534F4C31,20439,173534136,318,199,3147,3014,119,133,119.00000,0.34297
534F4C31,20440,173539140,320,209,3169,3003,111,166,111.00000,0.42807
534F4C31,20441,173544148,323,214,3152,3012,109,140,109.00000,0.36103
534F4C31,20442,173549151,307,219,3145,3007,88,138,88.00000,0.35587
534F4C31,20443,173554479,268,162,3149,3013,106,136,106.00000,0.35071
534F4C31,20443,173559137,297,165,3134,3013,132,121,132.00000,0.31203
534F4C31,20444,173564160,345,205,3162,3018,140,144,140.00000,0.37134
534F4C31,20444,173569328,329,168,3146,3021,161,125,161.00000,0.32234
534F4C31,20445,173574762,325,245,3157,3009,80,148,80.00000,0.38166
534F4C31,20446,173579143,279,186,3155,3006,93,149,93.00000,0.38423
534F4C31,20447,173584173,311,224,3147,3003,87,144,87.00000,0.37134
534F4C31,20448,173589532,294,195,3152,3027,99,125,99.00000,0.32234
534F4C31,20449,173594156,325,260,3152,3017,65,135,65.00000,0.34813
534F4C31,20449,173600092,302,211,3144,3007,91,137,91.00000,0.35329
534F4C31,20449,173604144,282,177,3150,3006,105,144,105.00000,0.37134
534F4C31,20449,173609146,334,226,3152,3032,108,120,108.00000,0.30945
534F4C31,20450,173614148,365,250,3153,3004,115,149,115.00000,0.38423
534F4C31,20450,173619142,346,222,3147,3014,124,133,124.00000,0.34297
534F4C31,20451,173625499,379,276,3152,3021,103,131,103.00000,0.33782
534F4C31,20452,173629360,314,216,3144,3019,98,125,98.00000,0.32234
534F4C31,20453,173634143,309,218,3152,3020,91,132,91.00000,0.34040
534F4C31,20453,173640233,298,186,3167,3016,112,151,112.00000,0.38939
534F4C31,20453,173644140,296,180,3149,2999,116,150,116.00000,0.38681
534F4C31,20453,173649132,338,186,3150,3025,152,125,152.00000,0.32234
534F4C31,20454,173654172,336,208,3149,3021,128,128,128.00000,0.33008
534F4C31,20454,173659375,329,217,3135,3013,112,122,112.00000,0.31461
534F4C31,20454,173664132,342,197,3150,3008,145,142,145.00000,0.36618
534F4C31,20455,173669688,350,196,3150,3016,154,134,154.00000,0.34555
534F4C31,20456,173674150,312,212,3147,3006,100,141,100.00000,0.36360
534F4C31,20457,173679228,311,201,3151,3034,110,117,110.00000,0.30171
534F4C31,20457,173684231,318,203,3151,3012,115,139,115.00000,0.35845
534F4C31,20458,173689170,301,201,3176,3016,100,160,100.00000,0.41260
534F4C31,20459,173694701,345,220,3149,3014,125,135,125.00000,0.34813
534F4C31,20460,173700280,353,200,3148,3019,153,129,153.00000,0.33266
534F4C31,20460,173704522,314,123,3146,3012,191,134,191.00000,0.34555
534F4C31,20460,173709130,335,189,3122,3017,146,105,146.00000,0.27077
534F4C31,20460,173714136,363,215,3147,3014,148,133,148.00000,0.34297
534F4C31,20461,173719157,343,212,3154,3017,131,137,131.00000,0.35329
534F4C31,20462,173724200,344,229,3151,3006,115,145,115.00000,0.37392
534F4C31,20463,173729977,345,208,3151,3013,137,138,137.00000,0.35587
534F4C31,20463,173734130,312,186,3164,3020,126,144,126.00000,0.37134
534F4C31,20464,173739145,298,169,3179,3010,129,169,129.00000,0.43581
534F4C31,20464,173744144,320,247,3159,2994,73,165,73.00000,0.42549
534F4C31,20464,173749158,306,209,3152,3034,97,118,97.00000,0.30429
534F4C31,20464,173754149,299,219,3154,3010,80,144,80.00000,0.37134
534F4C31,20464,173759151,318,228,3153,2995,90,158,90.00000,0.40744
534F4C31,20465,173764647,366,263,3152,3010,103,142,103.00000,0.36618
534F4C31,20466,173769154,330,222,3151,3012,108,139,108.00000,0.35845
534F4C31,20467,173774821,343,245,3146,3005,98,141,98.00000,0.36360
534F4C31,20468,173779142,323,203,3156,3024,120,132,120.00000,0.34040
534F4C31,20469,173784161,317,230,3165,3009,87,156,87.00000,0.40229
534F4C31,20470,173789154,266,162,3146,3033,104,113,104.00000,0.29140
534F4C31,20470,173795006,351,191,3151,2996,160,155,160.00000,0.39971
534F4C31,20470,173799136,329,198,3152,3013,131,139,131.00000,0.35845
534F4C31,20470,173804139,313,190,3154,3015,123,139,123.00000,0.35845
534F4C31,20471,173809142,345,231,3152,3038,114,114,114.00000,0.29398
534F4C31,20471,173814145,370,256,3149,3015,114,134,114.00000,0.34555
534F4C31,20472,173819558,313,253,3156,3030,60,126,60.00000,0.32492
534F4C31,20473,173824360,260,190,3163,3012,70,151,70.00000,0.38939
534F4C31,20474,173829141,305,216,3172,3015,89,157,89.00000,0.40486
534F4C31,20475,173834219,320,211,3190,3017,109,173,109.00000,0.44612
534F4C31,20476,173839187,318,210,3147,3016,108,131,108.00000,0.33782
534F4C31,20477,173844150,347,236,3150,3011,111,139,111.00000,0.35845
534F4C31,20478,173849150,358,237,3152,3031,121,121,121.00000,0.31203
534F4C31,20479,173854148,345,224,3156,3025,121,131,121.00000,0.33782
534F4C31,20480,173859353,362,246,3164,3011,116,153,116.00000,0.39455
534F4C31,20481,173864150,374,257,3152,3009,117,143,117.00000,0.36876
534F4C31,20482,173869148,340,237,3145,3010,103,135,103.00000,0.34813
534F4C31,20483,173874150,330,232,3150,3013,98,137,98.00000,0.35329
534F4C31,20484,173879150,359,245,3156,3010,114,146,114.00000,0.37650
534F4C31,20485,173884150,349,233,3155,3006,116,149,116.00000,0.38423
534F4C31,20486,173889152,336,219,3152,3014,117,138,117.00000,0.35587
534F4C31,20487,173894148,358,243,3149,3015,115,134,115.00000,0.34555
534F4C31,20488,173899756,358,232,3153,3014,126,139,126.00000,0.35845
534F4C31,20489,173904143,253,218,3141,3023,35,118,35.00000,0.30429
534F4C31,20490,173909742,253,183,3150,3013,70,137,70.00000,0.35329
534F4C31,20491,173917031,336,139,3147,3012,197,135,197.00000,0.34813
534F4C31,20491,173922786,337,146,3150,3015,191,135,191.00000,0.34813
534F4C31,20491,173925330,293,151,3153,3017,142,136,142.00000,0.35071
534F4C31,20491,173929139,285,150,3156,3016,135,140,135.00000,0.36103
534F4C31,20491,173934146,323,198,3156,3021,125,135,125.00000,0.34813
534F4C31,20492,173939137,325,203,3130,3031,122,99,122.00000,0.25530
534F4C31,20492,173944128,352,231,3151,3022,121,129,121.00000,0.33266
534F4C31,20492,173949182,355,235,3162,3017,120,145,120.00000,0.37392
534F4C31,20492,173954140,334,215,3140,2992,119,148,119.00000,0.38166
534F4C31,20492,173959145,354,236,3157,3012,118,145,118.00000,0.37392
534F4C31,20493,173964142,375,255,3151,3015,120,136,120.00000,0.35071
534F4C31,20494,173969205,352,209,3151,3009,143,142,143.00000,0.36618
534F4C31,20495,173974672,354,259,3146,3006,95,140,95.00000,0.36103
534F4C31,20495,173979192,273,185,3168,3030,88,138,88.00000,0.35587
534F4C31,20495,173984169,301,223,3152,3014,78,138,78.00000,0.35587
534F4C31,20495,173989127,291,191,3184,3018,100,166,100.00000,0.42807
534F4C31,20495,173994144,338,233,3154,3011,105,143,105.00000,0.36876
534F4C31,20495,173999136,353,232,3144,3016,121,128,121.00000,0.33008
534F4C31,20496,174004139,343,217,3152,3019,126,133,126.00000,0.34297
534F4C31,20496,174009127,356,234,3150,3030,122,120,122.00000,0.30945
534F4C31,20496,174014183,370,255,3141,3006,115,135,115.00000,0.34813
534F4C31,20496,174019143,338,222,3149,2995,116,154,116.00000,0.39713
534F4C31,20496,174024141,339,231,3151,3015,108,136,108.00000,0.35071
534F4C31,20497,174029175,335,280,3154,3015,55,139,55.00000,0.35845
534F4C31,20498,174034150,244,211,3151,3017,33,134,33.00000,0.34555
534F4C31,20499,174039678,274,201,3151,3006,73,145,73.00000,0.37392
534F4C31,20499,174044137,315,223,3151,3016,92,135,92.00000,0.34813
534F4C31,20500,174049157,282,232,3151,2980,50,171,50.00000,0.44097
534F4C31,20501,174054131,256,173,3152,3009,83,143,83.00000,0.36876
534F4C31,20502,174059190,309,237,3166,3023,72,143,72.00000,0.36876
534F4C31,20503,174064151,331,231,3149,3001,100,148,100.00000,0.38166
534F4C31,20504,174070079,331,188,3156,3041,143,115,143.00000,0.29656
534F4C31,20504,174074465,301,164,3153,3015,137,138,137.00000,0.35587
534F4C31,20504,174079136,315,198,3152,3005,117,147,117.00000,0.37908
534F4C31,20505,174084142,330,208,3151,3014,122,137,122.00000,0.35329
534F4C31,20506,174089158,315,217,3158,3017,98,141,98.00000,0.36360
534F4C31,20507,174094145,333,227,3144,3012,106,132,106.00000,0.34040
534F4C31,20508,174099135,340,241,3141,3010,99,131,99.00000,0.33782
534F4C31,20508,174104306,274,166,3154,3015,108,139,108.00000,0.35845
534F4C31,20509,174109155,327,222,3148,3012,105,136,105.00000,0.35071
534F4C31,20510,174114179,348,202,3154,3012,146,142,146.00000,0.36618
534F4C31,20510,174119134,323,160,3145,3022,163,123,163.00000,0.31719
534F4C31,20511,174124201,324,226,3155,3031,98,124,98.00000,0.31977
534F4C31,20512,174129131,327,219,3150,3023,108,127,108.00000,0.32750
534F4C31,20512,174134660,346,226,3149,3011,120,138,120.00000,0.35587
534F4C31,20512,174139134,320,196,3165,2995,124,170,124.00000,0.43839
534F4C31,20512,174144142,349,233,3152,3000,116,152,116.00000,0.39197
534F4C31,20512,174149143,349,231,3147,3016,118,131,118.00000,0.33782
534F4C31,20512,174154132,336,216,3152,3017,120,135,120.00000,0.34813
534F4C31,20513,174159180,346,256,3154,3010,90,144,90.00000,0.37134
534F4C31,20514,174164152,328,234,3154,3016,94,138,94.00000,0.35587
534F4C31,20515,174169378,330,219,3136,3008,111,128,111.00000,0.33008
534F4C31,20516,174174432,330,212,3155,3019,118,136,118.00000,0.35071
534F4C31,20516,174179134,346,209,3152,3013,137,139,137.00000,0.35845
534F4C31,20517,174184293,309,238,3150,3015,71,135,71.00000,0.34813
534F4C31,20518,174189148,253,235,3161,3015,18,146,18.00000,0.37650
534F4C31,20518,174195131,289,205,3162,3027,84,135,84.00000,0.34813
534F4C31,20518,174199133,285,203,3171,3017,82,154,82.00000,0.39713
534F4C31,20519,174204257,285,201,3162,3010,84,152,84.00000,0.39197
534F4C31,20520,174209163,316,235,3155,3028,81,127,81.00000,0.32750
534F4C31,20520,174214174,297,233,3149,3028,64,121,64.00000,0.31203
534F4C31,20520,174219463,280,211,3144,2996,69,148,69.00000,0.38166
534F4C31,20520,174224140,290,208,3178,3014,82,164,82.00000,0.42292
534F4C31,20520,174229143,340,243,3155,3018,97,137,97.00000,0.35329
534F4C31,20521,174234152,336,233,3155,3014,103,141,103.00000,0.36360
534F4C31,20522,174239154,307,198,3165,3015,109,150,109.00000,0.38681
534F4C31,20523,174244189,304,269,3154,3005,35,149,35.00000,0.38423
534F4C31,20524,174249145,265,221,3139,3011,44,128,44.00000,0.33008
534F4C31,20525,174254146,247,202,3154,3025,45,129,45.00000,0.33266
534F4C31,20526,174259579,289,237,3159,3016,52,143,52.00000,0.36876
534F4C31,20526,174264144,298,194,3149,3022,104,127,104.00000,0.32750
534F4C31,20527,174269181,286,226,3154,3017,60,137,60.00000,0.35329
534F4C31,20527,174274131,262,193,3167,3019,69,148,69.00000,0.38166
534F4C31,20527,174279138,329,231,3155,3010,98,145,98.00000,0.37392
534F4C31,20528,174284160,293,249,3153,3017,44,136,44.00000,0.35071
534F4C31,20529,174289138,231,196,3147,3013,35,134,35.00000,0.34555
534F4C31,20529,174294177,274,248,3150,2996,26,154,26.00000,0.39713
534F4C31,20530,174299147,259,191,3150,3017,68,133,68.00000,0.34297
534F4C31,20530,174304238,291,214,3158,3014,77,144,77.00000,0.37134
534F4C31,20530,174309163,321,224,3159,3019,97,140,97.00000,0.36103
534F4C31,20530,174314152,349,224,3159,3010,125,149,125.00000,0.38423
534F4C31,20531,174319336,293,228,3181,3028,65,153,65.00000,0.39455
534F4C31,20532,174324912,304,223,3160,3014,81,146,81.00000,0.37650
534F4C31,20533,174329153,320,247,3153,3015,73,138,73.00000,0.35587
534F4C31,20534,174334187,304,216,3156,3022,88,134,88.00000,0.34555
534F4C31,20535,174339138,300,191,3142,3016,109,126,109.00000,0.32492
534F4C31,20536,174344149,329,177,3155,3009,152,146,152.00000,0.37650
534F4C31,20537,174349242,336,256,3151,3030,80,121,80.00000,0.31203
534F4C31,20538,174354136,242,177,3154,3010,65,144,65.00000,0.37134
534F4C31,20539,174359147,293,189,3156,3012,104,144,104.00000,0.37134
534F4C31,20540,174364621,326,218,3158,3014,108,144,108.00000,0.37134
534F4C31,20541,174370575,325,143,3173,3020,182,153,182.00000,0.39455
534F4C31,20541,174374562,321,181,3151,3009,140,142,140.00000,0.36618
534F4C31,20541,174379139,323,155,3159,3008,168,151,168.00000,0.38939
534F4C31,20541,174384137,338,177,3143,3026,161,117,161.00000,0.30171
534F4C31,20541,174389139,335,198,3152,3005,137,147,137.00000,0.37908
