device_id,seq,timestamp_us,voutp_raw,voutn_raw,iout_raw,iref_raw,v_diff,i_diff,v_volts,i_amps
534F4C31,29912,245497550,342,162,3002,3010,180,-8,180.00000,-0.02063
534F4C31,29912,245502598,309,189,3004,3012,120,-8,120.00000,-0.02063
534F4C31,29912,245507554,299,175,3003,3009,124,-6,124.00000,-0.01547
534F4C31,29912,245512547,347,232,3004,3011,115,-7,115.00000,-0.01805
534F4C31,29913,245517552,341,219,3002,3011,122,-9,122.00000,-0.02321
534F4C31,29914,245522574,292,214,3005,3013,78,-8,78.00000,-0.02063
534F4C31,29915,245527560,282,236,3003,3009,46,-6,46.00000,-0.01547
534F4C31,29916,245533054,280,133,3004,3007,147,-3,147.00000,-0.00774
534F4C31,29917,245537997,309,169,3004,3009,140,-5,140.00000,-0.01289
534F4C31,29918,245543277,350,232,3006,3010,118,-4,118.00000,-0.01032
534F4C31,29919,245547572,312,205,3003,3011,107,-8,107.00000,-0.02063
534F4C31,29919,245554498,321,116,3004,3010,205,-6,205.00000,-0.01547
534F4C31,29919,245557552,286,145,3005,3012,141,-7,141.00000,-0.01805
534F4C31,29919,245562564,341,194,3004,3007,147,-3,147.00000,-0.00774
534F4C31,29919,245567558,340,209,3002,3011,131,-9,131.00000,-0.02321
534F4C31,29920,245572597,301,232,3005,3009,69,-4,69.00000,-0.01032
534F4C31,29921,245577560,300,212,3005,3011,88,-6,88.00000,-0.01547
534F4C31,29922,245582698,289,240,3005,3011,49,-6,49.00000,-0.01547
534F4C31,29922,245587569,255,175,3005,3012,80,-7,80.00000,-0.01805
534F4C31,29922,245592563,324,229,3004,3010,95,-6,95.00000,-0.01547
534F4C31,29923,245597560,364,241,3004,3011,123,-7,123.00000,-0.01805
534F4C31,29924,245602565,327,198,3004,3013,129,-9,129.00000,-0.02321
534F4C31,29925,245608234,330,236,3004,3011,94,-7,94.00000,-0.01805
534F4C31,29926,245612673,303,188,3003,3011,115,-8,115.00000,-0.02063
534F4C31,29927,245617553,315,169,3004,3012,146,-8,146.00000,-0.02063
534F4C31,29928,245622604,320,189,3005,3010,131,-5,131.00000,-0.01289
534F4C31,29928,245627564,351,223,3004,3010,128,-6,128.00000,-0.01547
534F4C31,29929,245633026,362,222,3002,3013,140,-11,140.00000,-0.02837
534F4C31,29930,245637566,322,168,3003,3012,154,-9,154.00000,-0.02321
534F4C31,29931,245642589,349,213,3003,3011,136,-8,136.00000,-0.02063
534F4C31,29931,245647550,345,157,3002,3011,188,-9,188.00000,-0.02321
534F4C31,29931,245652954,331,201,3003,3010,130,-7,130.00000,-0.01805
534F4C31,29931,245657570,309,186,3004,3010,123,-6,123.00000,-0.01547
534F4C31,29932,245662569,352,237,3007,3009,115,-2,115.00000,-0.00516
534F4C31,29932,245668034,339,223,3003,3011,116,-8,116.00000,-0.02063
534F4C31,29932,245672595,300,188,3003,3011,112,-8,112.00000,-0.02063
534F4C31,29932,245677563,337,231,3005,3011,106,-6,106.00000,-0.01547
534F4C31,29933,245682571,358,232,3005,3007,126,-2,126.00000,-0.00516
534F4C31,29934,245687577,308,219,3006,3012,89,-6,89.00000,-0.01547
534F4C31,29935,245692976,301,250,3003,3009,51,-6,51.00000,-0.01547
534F4C31,29936,245697564,271,230,3003,3011,41,-8,41.00000,-0.02063
534F4C31,29937,245702586,265,202,3006,3013,63,-7,63.00000,-0.01805
534F4C31,29938,245707589,251,243,3004,3010,8,-6,8.00000,-0.01547
534F4C31,29939,245712553,247,201,3005,3013,46,-8,46.00000,-0.02063
534F4C31,29939,245717692,308,215,3003,3010,93,-7,93.00000,-0.01805
534F4C31,29940,245722748,315,214,3005,3013,101,-8,101.00000,-0.02063
534F4C31,29941,245727554,343,233,3006,3011,110,-5,110.00000,-0.01289
534F4C31,29942,245733863,323,252,3003,3012,71,-9,71.00000,-0.02321
534F4C31,29942,245738075,249,156,3003,3011,93,-8,93.00000,-0.02063
534F4C31,29942,245742557,308,214,3003,3011,94,-8,94.00000,-0.02063
534F4C31,29942,245747564,353,252,3004,3009,101,-5,101.00000,-0.01289
534F4C31,29943,245752546,335,218,3004,3010,117,-6,117.00000,-0.01547
534F4C31,29944,245757566,327,221,3003,3011,106,-8,106.00000,-0.02063
534F4C31,29945,245762745,321,239,3004,3009,82,-5,82.00000,-0.01289
534F4C31,29945,245768526,306,180,3002,3010,126,-8,126.00000,-0.02063
534F4C31,29945,245772947,300,187,3003,3010,113,-7,113.00000,-0.01805
534F4C31,29946,245777564,327,212,3003,3008,115,-5,115.00000,-0.01289
534F4C31,29946,245782548,343,185,3003,3010,158,-7,158.00000,-0.01805
534F4C31,29946,245787607,332,203,3004,3012,129,-8,129.00000,-0.02063
534F4C31,29947,245792606,321,228,3004,3010,93,-6,93.00000,-0.01547
534F4C31,29947,245797571,323,220,3003,3011,103,-8,103.00000,-0.02063
534F4C31,29947,245802558,298,196,3002,3011,102,-9,102.00000,-0.02321
534F4C31,29948,245807589,295,265,3006,3013,30,-7,30.00000,-0.01805
534F4C31,29949,245812568,237,220,3004,3007,17,-3,17.00000,-0.00774
534F4C31,29950,245818131,258,220,3004,3011,38,-7,38.00000,-0.01805
534F4C31,29951,245822556,224,208,3004,3010,16,-6,16.00000,-0.01547
534F4C31,29952,245827564,263,206,3006,3008,57,-2,57.00000,-0.00516
534F4C31,29953,245834387,329,142,3003,3008,187,-5,187.00000,-0.01289
534F4C31,29954,245839068,304,125,3003,3010,179,-7,179.00000,-0.01805
534F4C31,29955,245842658,271,175,3002,3006,96,-4,96.00000,-0.01032
534F4C31,29956,245848383,329,174,3004,3008,155,-4,155.00000,-0.01032
534F4C31,29957,245853684,279,185,3003,3010,94,-7,94.00000,-0.01805
534F4C31,29957,245858368,252,146,3003,3011,106,-8,106.00000,-0.02063
534F4C31,29958,245862569,308,228,3002,3009,80,-7,80.00000,-0.01805
534F4C31,29958,245868175,312,213,3003,3012,99,-9,99.00000,-0.02321
534F4C31,29959,245872585,293,225,3004,3012,68,-8,68.00000,-0.02063
534F4C31,29960,245877946,284,157,3004,3010,127,-6,127.00000,-0.01547
534F4C31,29960,245882742,322,165,3005,3012,157,-7,157.00000,-0.01805
534F4C31,29960,245888076,315,200,3003,3010,115,-7,115.00000,-0.01805
534F4C31,29960,245892549,313,201,3003,3011,112,-8,112.00000,-0.02063
534F4C31,29960,245897589,356,254,3003,3010,102,-7,102.00000,-0.01805
534F4C31,29960,245902565,331,222,3002,3010,109,-8,109.00000,-0.02063
534F4C31,29961,245907558,328,229,3005,3011,99,-6,99.00000,-0.01547
534F4C31,29961,245912561,350,250,3003,3012,100,-9,100.00000,-0.02321
534F4C31,29962,245917603,306,234,3004,3013,72,-9,72.00000,-0.02321
534F4C31,29963,245922552,250,134,3006,3013,116,-7,116.00000,-0.01805
534F4C31,29963,245927967,337,229,3004,3010,108,-6,108.00000,-0.01547
534F4C31,29964,245932562,339,217,3003,3010,122,-7,122.00000,-0.01805
534F4C31,29965,245938708,341,240,3006,3013,101,-7,101.00000,-0.01805
534F4C31,29966,245942985,290,170,3005,3011,120,-6,120.00000,-0.01547
534F4C31,29967,245947939,336,147,3005,3011,189,-6,189.00000,-0.01547
534F4C31,29968,245952603,295,220,3006,3013,75,-7,75.00000,-0.01805
534F4C31,29968,245958553,245,213,3004,3010,32,-6,32.00000,-0.01547
534F4C31,29969,245962571,243,224,3004,3009,19,-5,19.00000,-0.01289
534F4C31,29970,245967884,261,188,3003,3009,73,-6,73.00000,-0.01547
534F4C31,29970,245972554,264,135,3003,3012,129,-9,129.00000,-0.02321
534F4C31,29970,245977553,326,217,3004,3013,109,-9,109.00000,-0.02321
534F4C31,29970,245982556,349,234,3004,3013,115,-9,115.00000,-0.02321
534F4C31,29970,245987556,331,218,3004,3013,113,-9,113.00000,-0.02321
534F4C31,29971,245992567,328,253,3005,3012,75,-7,75.00000,-0.01805
534F4C31,29972,245997602,338,259,3005,3013,79,-8,79.00000,-0.02063
534F4C31,29973,246003478,315,253,3007,3013,62,-6,62.00000,-0.01547
534F4C31,29974,246007548,256,201,3004,3011,55,-7,55.00000,-0.01805
534F4C31,29975,246013603,333,200,3007,3012,133,-5,133.00000,-0.01289
534F4C31,29976,246018870,323,144,3005,3012,179,-7,179.00000,-0.01805
534F4C31,29976,246022690,276,158,3004,3011,118,-7,118.00000,-0.01805
534F4C31,29976,246027550,317,173,3004,3013,144,-9,144.00000,-0.02321
534F4C31,29976,246032568,343,220,3003,3009,123,-6,123.00000,-0.01547
534F4C31,29977,246037709,289,207,3003,3012,82,-9,82.00000,-0.02321
534F4C31,29978,246042552,307,203,3005,3011,104,-6,104.00000,-0.01547
534F4C31,29979,246048001,362,256,3006,3011,106,-5,106.00000,-0.01289
534F4C31,29980,246053134,329,250,3007,3012,79,-5,79.00000,-0.01289
534F4C31,29980,246059219,281,207,3004,3013,74,-9,74.00000,-0.02321
534F4C31,29980,246062566,262,209,3005,3010,53,-5,53.00000,-0.01289
534F4C31,29980,246067559,283,189,3004,3012,94,-8,94.00000,-0.02063
534F4C31,29981,246072648,303,210,3006,3011,93,-5,93.00000,-0.01289
534F4C31,29981,246077562,330,230,3005,3009,100,-4,100.00000,-0.01032
534F4C31,29981,246082984,347,240,3003,3011,107,-8,107.00000,-0.02063
534F4C31,29981,246087553,314,202,3002,3010,112,-8,112.00000,-0.02063
534F4C31,29982,246092588,341,243,3005,3013,98,-8,98.00000,-0.02063
534F4C31,29983,246097596,362,265,3003,3013,97,-10,97.00000,-0.02579
534F4C31,29984,246102568,333,238,3006,3014,95,-8,95.00000,-0.02063
534F4C31,29985,246107567,331,237,3005,3013,94,-8,94.00000,-0.02063
534F4C31,29986,246112562,350,267,3007,3013,83,-6,83.00000,-0.01547
534F4C31,29987,246117566,318,240,3004,3013,78,-9,78.00000,-0.02321
534F4C31,29988,246122592,305,211,3009,3010,94,-1,94.00000,-0.00258
534F4C31,29989,246127567,329,250,3004,3012,79,-8,79.00000,-0.02063
534F4C31,29990,246132568,342,241,3008,3012,101,-4,101.00000,-0.01032
534F4C31,29991,246137564,333,225,3011,3014,108,-3,108.00000,-0.00774
534F4C31,29992,246142566,344,255,3004,3014,89,-10,89.00000,-0.02579
534F4C31,29993,246147564,359,267,3010,3014,92,-4,92.00000,-0.01032
534F4C31,29994,246152690,345,240,3008,3014,105,-6,105.00000,-0.01547
534F4C31,29995,246157573,330,246,3006,3014,84,-8,84.00000,-0.02063
534F4C31,29996,246162566,345,265,3005,3014,80,-9,80.00000,-0.02321
534F4C31,29997,246167566,324,233,3004,3014,91,-10,91.00000,-0.02579
534F4C31,29998,246172564,311,214,3006,3013,97,-7,97.00000,-0.01805
534F4C31,29999,246179289,300,234,3009,3008,66,1,66.00000,0.00258
534F4C31,30000,246189188,311,185,3005,3014,126,-9,126.00000,-0.02321
534F4C31,30001,246192993,279,172,3006,3012,107,-6,107.00000,-0.01547
534F4C31,30002,246197173,269,179,3005,3012,90,-7,90.00000,-0.01805
534F4C31,30002,246203154,290,165,3004,3011,125,-7,125.00000,-0.01805
534F4C31,30003,246206545,261,145,3003,3010,116,-7,116.00000,-0.01805
534F4C31,30003,246211630,336,227,3005,3012,109,-7,109.00000,-0.01805
534F4C31,30003,246213972,284,167,3005,3013,117,-8,117.00000,-0.02063
534F4C31,30004,246217595,271,162,3004,3011,109,-7,109.00000,-0.01805
534F4C31,30004,246222599,293,190,3004,3011,103,-7,103.00000,-0.01805
534F4C31,30004,246227553,333,248,3005,3012,85,-7,85.00000,-0.01805
534F4C31,30005,246232968,300,234,3005,3013,66,-8,66.00000,-0.02063
534F4C31,30006,246237565,275,173,3004,3013,102,-9,102.00000,-0.02321
534F4C31,30006,246243366,345,229,3005,3012,116,-7,116.00000,-0.01805
534F4C31,30006,246247562,347,238,3004,3013,109,-9,109.00000,-0.02321
534F4C31,30006,246252565,328,226,3003,3013,102,-10,102.00000,-0.02579
534F4C31,30007,246257573,326,229,3005,3013,97,-8,97.00000,-0.02063
534F4C31,30007,246263615,381,284,3003,3012,97,-9,97.00000,-0.02321
534F4C31,30007,246267552,289,220,3003,3011,69,-8,69.00000,-0.02063
534F4C31,30007,246272552,279,191,3005,3014,88,-9,88.00000,-0.02321
534F4C31,30007,246277559,333,237,3005,3013,96,-8,96.00000,-0.02063
534F4C31,30007,246282551,350,242,3004,3013,108,-9,108.00000,-0.02321
534F4C31,30007,246287567,335,222,3004,3012,113,-8,113.00000,-0.02063
534F4C31,30007,246292568,360,253,3004,3012,107,-8,107.00000,-0.02063
534F4C31,30007,246297555,362,253,3004,3013,109,-9,109.00000,-0.02321
534F4C31,30007,246302575,342,213,3003,3013,129,-10,129.00000,-0.02579
534F4C31,30007,246307567,338,227,3004,3012,111,-8,111.00000,-0.02063
534F4C31,30008,246312559,358,251,3005,3010,107,-5,107.00000,-0.01289
534F4C31,30008,246317559,342,230,3002,3010,112,-8,112.00000,-0.02063
534F4C31,30008,246322841,327,227,3002,3012,100,-10,100.00000,-0.02579
534F4C31,30008,246327552,340,234,3004,3012,106,-8,106.00000,-0.02063
534F4C31,30009,246332611,357,242,3003,3013,115,-10,115.00000,-0.02579
534F4C31,30010,246337839,332,253,3003,3011,79,-8,79.00000,-0.02063
534F4C31,30011,246342552,259,232,3004,3012,27,-8,27.00000,-0.02063
534F4C31,30012,246347560,269,212,3005,3012,57,-7,57.00000,-0.01805
534F4C31,30013,246352551,275,173,3004,3011,102,-7,102.00000,-0.01805
534F4C31,30014,246358489,316,237,3005,3012,79,-7,79.00000,-0.01805
534F4C31,30015,246362662,261,237,3006,3011,24,-5,24.00000,-0.01289
534F4C31,30015,246367661,244,174,3002,3012,70,-10,70.00000,-0.02579
534F4C31,30016,246372595,268,216,3004,3010,52,-6,52.00000,-0.01547
534F4C31,30016,246377600,317,234,3009,3011,83,-2,83.00000,-0.00516
534F4C31,30016,246383251,345,209,3003,3011,136,-8,136.00000,-0.02063
534F4C31,30016,246387573,297,201,3003,3008,96,-5,96.00000,-0.01289
534F4C31,30016,246392558,313,219,3005,3011,94,-6,94.00000,-0.01547
534F4C31,30017,246397925,337,253,3004,3012,84,-8,84.00000,-0.02063
534F4C31,30018,246402704,282,195,3004,3012,87,-8,87.00000,-0.02063
534F4C31,30019,246407549,295,224,3005,3012,71,-7,71.00000,-0.01805
534F4C31,30020,246412548,317,185,3003,3012,132,-9,132.00000,-0.02321
534F4C31,30021,246417606,347,223,3003,3010,124,-7,124.00000,-0.01805
534F4C31,30021,246422549,304,185,3005,3010,119,-5,119.00000,-0.01289
534F4C31,30022,246427639,311,228,3004,3008,83,-4,83.00000,-0.01032
534F4C31,30023,246432609,280,228,3002,3011,52,-9,52.00000,-0.02321
534F4C31,30023,246438317,265,152,3005,3011,113,-6,113.00000,-0.01547
534F4C31,30023,246442557,307,215,3003,3010,92,-7,92.00000,-0.01805
534F4C31,30023,246447562,333,241,3003,3012,92,-9,92.00000,-0.02321
534F4C31,30024,246452569,327,228,3004,3012,99,-8,99.00000,-0.02063
534F4C31,30025,246457565,268,219,3003,3009,49,-6,49.00000,-0.01547
534F4C31,30026,246463009,308,254,3005,3010,54,-5,54.00000,-0.01289
534F4C31,30026,246467904,250,150,3003,3011,100,-8,100.00000,-0.02063
534F4C31,30026,246472573,284,182,3004,3012,102,-8,102.00000,-0.02063
534F4C31,30027,246477555,334,228,3006,3012,106,-6,106.00000,-0.01547
534F4C31,30028,246482571,324,241,3005,3012,83,-7,83.00000,-0.01805
534F4C31,30029,246487984,295,228,3004,3011,67,-7,67.00000,-0.01805
534F4C31,30030,246492554,264,223,3004,3012,41,-8,41.00000,-0.02063
534F4C31,30030,246498117,300,182,3004,3011,118,-7,118.00000,-0.01805
534F4C31,30030,246502553,309,191,3002,3010,118,-8,118.00000,-0.02063
534F4C31,30031,246507560,319,197,3007,3011,122,-4,122.00000,-0.01032
534F4C31,30032,246512561,337,231,3003,3009,106,-6,106.00000,-0.01547
534F4C31,30032,246518774,335,213,3003,3010,122,-7,122.00000,-0.01805
534F4C31,30032,246522564,291,172,3003,3012,119,-9,119.00000,-0.02321
534F4C31,30032,246527568,337,232,3004,3012,105,-8,105.00000,-0.02063
534F4C31,30033,246532554,354,230,3004,3011,124,-7,124.00000,-0.01805
534F4C31,30034,246537566,321,182,3005,3014,139,-9,139.00000,-0.02321
534F4C31,30035,246542566,270,224,3003,3012,46,-9,46.00000,-0.02321
534F4C31,30036,246547946,264,164,3004,3010,100,-6,100.00000,-0.01547
534F4C31,30037,246552998,301,201,3002,3012,100,-10,100.00000,-0.02579
534F4C31,30038,246557834,297,246,3005,3013,51,-8,51.00000,-0.02063
534F4C31,30039,246562713,250,209,3004,3012,41,-8,41.00000,-0.02063
534F4C31,30039,246568503,297,198,3003,3012,99,-9,99.00000,-0.02321
534F4C31,30040,246573105,293,206,3004,3008,87,-4,87.00000,-0.01032
534F4C31,30040,246578059,330,226,3003,3010,104,-7,104.00000,-0.01805
534F4C31,30040,246582562,325,192,3003,3011,133,-8,133.00000,-0.02063
534F4C31,30041,246587595,292,208,3005,3011,84,-6,84.00000,-0.01547
534F4C31,30041,246592713,274,173,3004,3012,101,-8,101.00000,-0.02063
534F4C31,30041,246597566,334,241,3003,3012,93,-9,93.00000,-0.02321
534F4C31,30041,246602555,328,226,3002,3011,102,-9,102.00000,-0.02321
534F4C31,30042,246607674,293,258,3005,3014,35,-9,35.00000,-0.02321
534F4C31,30043,246612973,288,227,3004,3012,61,-8,61.00000,-0.02063
534F4C31,30044,246618679,313,234,3004,3011,79,-7,79.00000,-0.01805
534F4C31,30045,246622559,257,153,3005,3010,104,-5,104.00000,-0.01289
534F4C31,30045,246627957,317,266,3004,3011,51,-7,51.00000,-0.01805
534F4C31,30046,246632552,296,209,3004,3010,87,-6,87.00000,-0.01547
534F4C31,30047,246638294,324,218,3006,3010,106,-4,106.00000,-0.01032
534F4C31,30047,246642778,328,204,3003,3010,124,-7,124.00000,-0.01805
534F4C31,30047,246647913,367,252,3003,3010,115,-7,115.00000,-0.01805
534F4C31,30047,246652555,333,219,3003,3012,114,-9,114.00000,-0.02321
534F4C31,30048,246657589,295,238,3005,3009,57,-4,57.00000,-0.01032
534F4C31,30049,246662784,294,179,3007,3009,115,-2,115.00000,-0.00516
534F4C31,30050,246667567,313,183,3005,3009,130,-4,130.00000,-0.01032
534F4C31,30051,246674318,350,187,3006,3011,163,-5,163.00000,-0.01289
534F4C31,30052,246679217,360,189,3002,3013,171,-11,171.00000,-0.02837
534F4C31,30053,246682757,325,169,3006,3011,156,-5,156.00000,-0.01289
534F4C31,30054,246688768,343,197,3010,3012,146,-2,146.00000,-0.00516
534F4C31,30054,246693524,348,206,3005,3010,142,-5,142.00000,-0.01289
534F4C31,30054,246697589,310,235,3004,3011,75,-7,75.00000,-0.01805
534F4C31,30054,246702547,260,181,3003,3010,79,-7,79.00000,-0.01805
534F4C31,30055,246707756,282,263,3004,3013,19,-9,19.00000,-0.02321
534F4C31,30055,246712555,256,213,3003,3011,43,-8,43.00000,-0.02063
534F4C31,30055,246717551,302,220,3004,3010,82,-6,82.00000,-0.01547
534F4C31,30056,246722563,312,210,3006,3010,102,-4,102.00000,-0.01032
534F4C31,30057,246727799,351,200,3005,3007,151,-2,151.00000,-0.00516
534F4C31,30057,246732587,356,240,3006,3010,116,-4,116.00000,-0.01032
534F4C31,30058,246738518,298,192,3004,3014,106,-10,106.00000,-0.02579
534F4C31,30058,246742571,302,195,3004,3010,107,-6,107.00000,-0.01547
534F4C31,30058,246747553,324,214,3004,3013,110,-9,110.00000,-0.02321
534F4C31,30059,246752588,322,228,3003,3013,94,-10,94.00000,-0.02579
534F4C31,30060,246757605,306,207,3004,3012,99,-8,99.00000,-0.02063
534F4C31,30061,246762548,312,197,3005,3010,115,-5,115.00000,-0.01289
534F4C31,30062,246768037,320,189,3002,3011,131,-9,131.00000,-0.02321
534F4C31,30063,246772556,310,182,3003,3010,128,-7,128.00000,-0.01805
534F4C31,30063,246778302,359,234,3004,3010,125,-6,125.00000,-0.01547
534F4C31,30063,246783012,345,223,3005,3013,122,-8,122.00000,-0.02063
534F4C31,30064,246787556,318,203,3004,3010,115,-6,115.00000,-0.01547
534F4C31,30064,246792548,344,234,3005,3010,110,-5,110.00000,-0.01289
534F4C31,30065,246797829,325,254,3007,3010,71,-3,71.00000,-0.00774
534F4C31,30065,246803032,274,172,3003,3012,102,-9,102.00000,-0.02321
534F4C31,30065,246807547,298,199,3005,3009,99,-4,99.00000,-0.01032
534F4C31,30065,246812549,345,245,3004,3014,100,-10,100.00000,-0.02579
534F4C31,30066,246817575,336,226,3004,3013,110,-9,110.00000,-0.02321
534F4C31,30067,246822568,326,208,3005,3010,118,-5,118.00000,-0.01289
534F4C31,30068,246827604,320,278,3004,3009,42,-5,42.00000,-0.01289
534F4C31,30069,246832559,285,209,3003,3011,76,-8,76.00000,-0.02063
534F4C31,30070,246837697,310,210,3004,3011,100,-7,100.00000,-0.01805
534F4C31,30071,246843622,325,198,3004,3009,127,-5,127.00000,-0.01289
534F4C31,30072,246847565,326,169,3008,3012,157,-4,157.00000,-0.01032
534F4C31,30073,246854778,352,203,3006,3013,149,-7,149.00000,-0.01805
534F4C31,30074,246859824,324,200,3006,3011,124,-5,124.00000,-0.01289
534F4C31,30074,246863207,285,166,3002,3012,119,-10,119.00000,-0.02579
534F4C31,30074,246867561,282,156,3006,3012,126,-6,126.00000,-0.01547
534F4C31,30074,246872763,271,227,3004,3012,44,-8,44.00000,-0.02063
534F4C31,30074,246877558,278,198,3004,3012,80,-8,80.00000,-0.02063
534F4C31,30074,246882554,333,230,3003,3012,103,-9,103.00000,-0.02321
534F4C31,30075,246887560,328,218,3005,3009,110,-4,110.00000,-0.01032
534F4C31,30076,246892567,312,224,3005,3012,88,-7,88.00000,-0.01805
534F4C31,30077,246897753,325,217,3005,3011,108,-6,108.00000,-0.01547
534F4C31,30078,246902579,287,199,3004,3014,88,-10,88.00000,-0.02579
534F4C31,30078,246908080,294,194,3004,3011,100,-7,100.00000,-0.01805
534F4C31,30079,246913046,341,247,3005,3012,94,-7,94.00000,-0.01805
534F4C31,30080,246917556,283,238,3005,3011,45,-6,45.00000,-0.01547
534F4C31,30080,246923009,250,169,3004,3010,81,-6,81.00000,-0.01547
534F4C31,30080,246927942,318,210,3004,3012,108,-8,108.00000,-0.02063
534F4C31,30080,246932553,339,224,3002,3012,115,-10,115.00000,-0.02579
534F4C31,30080,246937553,309,202,3005,3010,107,-5,107.00000,-0.01289
534F4C31,30081,246942572,342,237,3005,3010,105,-5,105.00000,-0.01289
534F4C31,30082,246947575,348,253,3004,3013,95,-9,95.00000,-0.02321
534F4C31,30083,246952773,313,200,3003,3014,113,-11,113.00000,-0.02837
534F4C31,30084,246957947,316,238,3003,3008,78,-5,78.00000,-0.01289
534F4C31,30085,246962588,322,226,3002,3010,96,-8,96.00000,-0.02063
534F4C31,30085,246967706,307,160,3002,3011,147,-9,147.00000,-0.02321
534F4C31,30086,246972583,290,216,3003,3011,74,-8,74.00000,-0.02063
534F4C31,30087,246978330,318,228,3003,3010,90,-7,90.00000,-0.01805
534F4C31,30087,246982565,303,193,3004,3013,110,-9,110.00000,-0.02321
534F4C31,30087,246987569,298,172,3003,3009,126,-6,126.00000,-0.01547
534F4C31,30088,246992562,340,204,3005,3010,136,-5,136.00000,-0.01289
534F4C31,30089,246997714,350,148,3003,3011,202,-8,202.00000,-0.02063
534F4C31,30089,247003173,356,199,3003,3010,157,-7,157.00000,-0.01805
534F4C31,30089,247007564,326,198,3004,3010,128,-6,128.00000,-0.01547
534F4C31,30089,247012548,358,237,3003,3009,121,-6,121.00000,-0.01547
534F4C31,30090,247017578,347,226,3004,3013,121,-9,121.00000,-0.02321
534F4C31,30091,247022572,320,231,3006,3013,89,-7,89.00000,-0.01805
534F4C31,30092,247028021,309,271,3003,3010,38,-7,38.00000,-0.01805
534F4C31,30093,247033106,265,163,3006,3007,102,-1,102.00000,-0.00258
534F4C31,30094,247037671,291,172,3002,3013,119,-11,119.00000,-0.02837
534F4C31,30095,247042567,266,265,3004,3012,1,-8,1.00000,-0.02063
534F4C31,30096,247047909,251,195,3005,3012,56,-7,56.00000,-0.01805
534F4C31,30097,247052557,284,163,3009,3012,121,-3,121.00000,-0.00774
534F4C31,30098,247057575,293,220,3005,3011,73,-6,73.00000,-0.01547
534F4C31,30099,247063383,295,222,3005,3010,73,-5,73.00000,-0.01289
534F4C31,30099,247069236,315,211,3001,3011,104,-10,104.00000,-0.02579
534F4C31,30099,247072574,260,205,3003,3012,55,-9,55.00000,-0.02321
534F4C31,30099,247077550,281,215,3004,3013,66,-9,66.00000,-0.02321
534F4C31,30099,247082553,294,229,3002,3012,65,-10,65.00000,-0.02579
534F4C31,30099,247087559,295,204,3003,3013,91,-10,91.00000,-0.02579
534F4C31,30100,247092753,288,260,3003,3011,28,-8,28.00000,-0.02063
534F4C31,30100,247097548,288,225,3003,3010,63,-7,63.00000,-0.01805
534F4C31,30101,247102949,319,230,3003,3012,89,-9,89.00000,-0.02321
534F4C31,30102,247107574,307,218,3003,3013,89,-10,89.00000,-0.02579
534F4C31,30103,247113372,349,271,3003,3012,78,-9,78.00000,-0.02321
534F4C31,30103,247117697,248,159,3004,3012,89,-8,89.00000,-0.02063
534F4C31,30104,247122552,259,203,3007,3010,56,-3,56.00000,-0.00774
534F4C31,30104,247128054,314,232,3004,3012,82,-8,82.00000,-0.02063
534F4C31,30105,247132581,272,258,3003,3011,14,-8,14.00000,-0.02063
534F4C31,30106,247137566,222,182,3003,3011,40,-8,40.00000,-0.02063
534F4C31,30106,247142551,289,223,3003,3013,66,-10,66.00000,-0.02579
534F4C31,30106,247147677,349,260,3003,3013,89,-10,89.00000,-0.02579
534F4C31,30107,247152555,331,227,3007,3014,104,-7,104.00000,-0.01805
534F4C31,30108,247157589,300,248,3006,3011,52,-5,52.00000,-0.01289
534F4C31,30109,247163804,328,245,3003,3009,83,-6,83.00000,-0.01547
534F4C31,30110,247169041,329,226,3003,3011,103,-8,103.00000,-0.02063
534F4C31,30111,247173501,272,219,3006,3008,53,-2,53.00000,-0.00516
534F4C31,30112,247178870,294,244,3006,3012,50,-6,50.00000,-0.01547
534F4C31,30112,247185071,289,180,3004,3011,109,-7,109.00000,-0.01805
534F4C31,30112,247187549,226,147,3004,3012,79,-8,79.00000,-0.02063
534F4C31,30112,247192567,282,194,3005,3013,88,-8,88.00000,-0.02063
534F4C31,30113,247197573,344,250,3004,3011,94,-7,94.00000,-0.01805
534F4C31,30114,247202582,328,224,3004,3013,104,-9,104.00000,-0.02321
534F4C31,30115,247207571,311,205,3003,3013,106,-10,106.00000,-0.02579
534F4C31,30116,247212924,339,207,3004,3014,132,-10,132.00000,-0.02579
534F4C31,30116,247217710,335,208,3004,3011,127,-7,127.00000,-0.01805
534F4C31,30117,247222550,320,199,3003,3011,121,-8,121.00000,-0.02063
534F4C31,30117,247227556,349,214,3005,3011,135,-6,135.00000,-0.01547
534F4C31,30117,247232907,367,239,3005,3013,128,-8,128.00000,-0.02063
534F4C31,30117,247237558,332,209,3004,3012,123,-8,123.00000,-0.02063
534F4C31,30117,247242553,351,239,3005,3012,112,-7,112.00000,-0.01805
534F4C31,30118,247247875,364,272,3004,3012,92,-8,92.00000,-0.02063
534F4C31,30119,247252589,319,222,3003,3012,97,-9,97.00000,-0.02321
534F4C31,30120,247257568,319,215,3004,3011,104,-7,104.00000,-0.01805
534F4C31,30121,247262711,333,239,3008,3010,94,-2,94.00000,-0.00516
534F4C31,30121,247268342,276,185,3003,3012,91,-9,91.00000,-0.02321
534F4C31,30122,247272555,249,151,3005,3008,98,-3,98.00000,-0.00774
534F4C31,30123,247278373,340,242,3003,3012,98,-9,98.00000,-0.02321
534F4C31,30124,247282567,270,202,3002,3008,68,-6,68.00000,-0.01547
534F4C31,30125,247288639,266,147,3004,3012,119,-8,119.00000,-0.02063
534F4C31,30126,247293457,326,201,3005,3009,125,-4,125.00000,-0.01032
534F4C31,30126,247299062,357,244,3003,3011,113,-8,113.00000,-0.02063
534F4C31,30126,247302550,274,196,3003,3011,78,-8,78.00000,-0.02063
534F4C31,30126,247307590,285,214,3004,3012,71,-8,71.00000,-0.02063
534F4C31,30126,247312552,330,247,3003,3013,83,-10,83.00000,-0.02579
534F4C31,30127,247317565,333,230,3002,3011,103,-9,103.00000,-0.02321
534F4C31,30128,247323098,307,235,3005,3014,72,-9,72.00000,-0.02321
534F4C31,30129,247327587,305,211,3005,3009,94,-4,94.00000,-0.01032
534F4C31,30130,247333015,308,181,3007,3011,127,-4,127.00000,-0.01032
534F4C31,30130,247338041,298,170,3005,3012,128,-7,128.00000,-0.01805
534F4C31,30131,247342562,309,226,3004,3011,83,-7,83.00000,-0.01805
534F4C31,30132,247347549,338,239,3005,3011,99,-6,99.00000,-0.01547
534F4C31,30132,247352547,333,221,3004,3010,112,-6,112.00000,-0.01547
534F4C31,30133,247357804,307,262,3004,3013,45,-9,45.00000,-0.02321
534F4C31,30134,247362554,281,215,3003,3011,66,-8,66.00000,-0.02063
534F4C31,30134,247367967,326,228,3004,3010,98,-6,98.00000,-0.01547
534F4C31,30134,247372945,314,208,3004,3013,106,-9,106.00000,-0.02321
534F4C31,30134,247377554,335,217,3003,3010,118,-7,118.00000,-0.01805
534F4C31,30135,247382583,295,217,3003,3011,78,-8,78.00000,-0.02063
534F4C31,30136,247387551,264,150,3006,3009,114,-3,114.00000,-0.00774
534F4C31,30136,247394002,349,260,3005,3011,89,-6,89.00000,-0.01547
534F4C31,30136,247397771,306,214,3004,3010,92,-6,92.00000,-0.01547
534F4C31,30137,247403193,329,201,3004,3010,128,-6,128.00000,-0.01547
534F4C31,30138,247408092,311,180,3005,3011,131,-6,131.00000,-0.01547
534F4C31,30139,247412567,294,239,3002,3011,55,-9,55.00000,-0.02321
534F4C31,30139,247417858,242,183,3004,3013,59,-9,59.00000,-0.02321
534F4C31,30139,247422595,267,161,3004,3011,106,-7,106.00000,-0.01805
534F4C31,30140,247427571,327,224,3005,3010,103,-5,103.00000,-0.01289
534F4C31,30141,247432568,345,212,3005,3013,133,-8,133.00000,-0.02063
534F4C31,30142,247438063,300,192,3007,3011,108,-4,108.00000,-0.01032
534F4C31,30142,247443296,313,196,3004,3013,117,-9,117.00000,-0.02321
534F4C31,30142,247447592,339,232,3003,3013,107,-10,107.00000,-0.02579
534F4C31,30143,247452550,310,207,3005,3012,103,-7,103.00000,-0.01805
534F4C31,30144,247457962,276,200,3005,3011,76,-6,76.00000,-0.01547
534F4C31,30145,247463731,330,252,3005,3013,78,-8,78.00000,-0.02063
534F4C31,30146,247467564,257,162,3002,3013,95,-11,95.00000,-0.02837
534F4C31,30146,247472555,287,142,3006,3012,145,-6,145.00000,-0.01547
534F4C31,30146,247477588,339,198,3003,3012,141,-9,141.00000,-0.02321
534F4C31,30147,247482776,353,226,3003,3011,127,-8,127.00000,-0.02063
534F4C31,30147,247487566,329,216,3004,3012,113,-8,113.00000,-0.02063
534F4C31,30148,247492587,343,226,3007,3012,117,-5,117.00000,-0.01289
534F4C31,30148,247497869,336,177,3004,3013,159,-9,159.00000,-0.02321
534F4C31,30148,247502594,327,197,3004,3013,130,-9,130.00000,-0.02321
534F4C31,30149,247507673,301,223,3003,3013,78,-10,78.00000,-0.02579
534F4C31,30150,247512561,287,232,3002,3012,55,-10,55.00000,-0.02579
534F4C31,30150,247518168,289,146,3004,3012,143,-8,143.00000,-0.02063
534F4C31,30151,247522574,268,213,3008,3013,55,-5,55.00000,-0.01289
534F4C31,30151,247527587,277,167,3005,3013,110,-8,110.00000,-0.02063
534F4C31,30152,247533319,315,243,3003,3013,72,-10,72.00000,-0.02579
534F4C31,30152,247537549,270,180,3005,3011,90,-6,90.00000,-0.01547
534F4C31,30153,247543436,344,238,3008,3009,106,-1,106.00000,-0.00258
534F4C31,30154,247547768,330,209,3002,3013,121,-11,121.00000,-0.02837
534F4C31,30155,247552549,322,200,3005,3013,122,-8,122.00000,-0.02063
534F4C31,30156,247558136,340,202,3003,3009,138,-6,138.00000,-0.01547
534F4C31,30157,247562537,324,190,3004,3009,134,-5,134.00000,-0.01289
534F4C31,30157,247567550,306,131,3002,3011,175,-9,175.00000,-0.02321
534F4C31,30157,247572568,313,180,3003,3012,133,-9,133.00000,-0.02321
534F4C31,30157,247577557,347,228,3003,3012,119,-9,119.00000,-0.02321
534F4C31,30158,247582690,303,240,3006,3013,63,-7,63.00000,-0.01805
534F4C31,30159,247587773,266,202,3003,3012,64,-9,64.00000,-0.02321
534F4C31,30160,247592623,268,203,3005,3014,65,-9,65.00000,-0.02321
534F4C31,30161,247597610,322,203,3004,3012,119,-8,119.00000,-0.02063
534F4C31,30162,247602568,268,189,3002,3011,79,-9,79.00000,-0.02321
534F4C31,30162,247607621,235,159,3004,3013,76,-9,76.00000,-0.02321
534F4C31,30163,247612564,323,216,3006,3012,107,-6,107.00000,-0.01547
534F4C31,30164,247617571,299,235,3006,3010,64,-4,64.00000,-0.01032
534F4C31,30164,247622564,257,188,3004,3011,69,-7,69.00000,-0.01805
534F4C31,30165,247627600,296,236,3004,3011,60,-7,60.00000,-0.01805
534F4C31,30165,247632784,282,161,3005,3010,121,-5,121.00000,-0.01289
534F4C31,30165,247637570,303,166,3004,3011,137,-7,137.00000,-0.01805
534F4C31,30165,247642550,334,180,3002,3007,154,-5,154.00000,-0.01289
534F4C31,30166,247647594,344,209,3003,3012,135,-9,135.00000,-0.02321
534F4C31,30167,247652650,307,181,3003,3013,126,-10,126.00000,-0.02579
534F4C31,30168,247657769,295,241,3003,3012,54,-9,54.00000,-0.02321
534F4C31,30168,247662558,287,207,3005,3012,80,-7,80.00000,-0.01805
534F4C31,30168,247667551,316,186,3003,3012,130,-9,130.00000,-0.02321
534F4C31,30169,247672573,311,249,3004,3012,62,-8,62.00000,-0.02063
534F4C31,30170,247677676,262,201,3004,3013,61,-9,61.00000,-0.02321
534F4C31,30171,247682643,307,222,3003,3013,85,-10,85.00000,-0.02579
534F4C31,30172,247687598,315,207,3005,3011,108,-6,108.00000,-0.01547
534F4C31,30173,247693387,345,250,3005,3013,95,-8,95.00000,-0.02063
534F4C31,30174,247697568,353,255,3003,3012,98,-9,98.00000,-0.02321
534F4C31,30175,247703259,247,160,3004,3010,87,-6,87.00000,-0.01547
534F4C31,30175,247707555,270,161,3006,3011,109,-5,109.00000,-0.01289
534F4C31,30175,247712570,329,230,3003,3011,99,-8,99.00000,-0.02063
534F4C31,30175,247717556,331,203,3002,3011,128,-9,128.00000,-0.02321
534F4C31,30176,247722583,308,206,3004,3012,102,-8,102.00000,-0.02063
534F4C31,30176,247727569,319,195,3004,3011,124,-7,124.00000,-0.01805
534F4C31,30177,247732575,289,219,3004,3011,70,-7,70.00000,-0.01805
534F4C31,30177,247738473,261,138,3004,3011,123,-7,123.00000,-0.01805
534F4C31,30177,247742966,316,203,3004,3013,113,-9,113.00000,-0.02321
534F4C31,30177,247747562,339,232,3005,3011,107,-6,107.00000,-0.01547
534F4C31,30178,247752551,329,219,3005,3010,110,-5,110.00000,-0.01289
534F4C31,30179,247757564,320,197,3006,3013,123,-7,123.00000,-0.01805
534F4C31,30180,247763336,337,247,3004,3011,90,-7,90.00000,-0.01805
534F4C31,30180,247767808,270,189,3002,3011,81,-9,81.00000,-0.02321
534F4C31,30181,247772553,276,181,3005,3013,95,-8,95.00000,-0.02063
534F4C31,30182,247777564,328,202,3004,3013,126,-9,126.00000,-0.02321
534F4C31,30183,247783595,360,246,3004,3013,114,-9,114.00000,-0.02321
534F4C31,30184,247787687,286,157,3003,3009,129,-6,129.00000,-0.01547
534F4C31,30185,247792548,328,175,3004,3011,153,-7,153.00000,-0.01805
534F4C31,30186,247798080,376,260,3003,3013,116,-10,116.00000,-0.02579
534F4C31,30186,247802551,266,173,3003,3012,93,-9,93.00000,-0.02321
534F4C31,30187,247807589,307,222,3005,3012,85,-7,85.00000,-0.01805
534F4C31,30188,247813031,331,275,3009,3011,56,-2,56.00000,-0.00516
534F4C31,30188,247817552,284,203,3005,3010,81,-5,81.00000,-0.01289
534F4C31,30189,247822583,292,189,3007,3009,103,-2,103.00000,-0.00516
534F4C31,30189,247827951,344,237,3004,3012,107,-8,107.00000,-0.02063
534F4C31,30189,247832551,343,238,3003,3011,105,-8,105.00000,-0.02063
534F4C31,30189,247837565,306,205,3004,3012,101,-8,101.00000,-0.02063
534F4C31,30190,247842556,340,234,3004,3009,106,-5,106.00000,-0.01289
534F4C31,30190,247847559,364,240,3004,3012,124,-8,124.00000,-0.02063
534F4C31,30190,247852556,345,215,3003,3012,130,-9,130.00000,-0.02321
534F4C31,30190,247857555,331,199,3003,3013,132,-10,132.00000,-0.02579
534F4C31,30191,247862584,330,286,3003,3013,44,-10,44.00000,-0.02579
534F4C31,30192,247867567,222,204,3004,3013,18,-9,18.00000,-0.02321
534F4C31,30193,247872600,238,198,3009,3009,40,0,40.00000,0.00000
534F4C31,30193,247878412,312,201,3004,3014,111,-10,111.00000,-0.02579
534F4C31,30194,247882567,281,217,3004,3012,64,-8,64.00000,-0.02063
534F4C31,30195,247888037,267,200,3003,3012,67,-9,67.00000,-0.02321
534F4C31,30195,247892564,289,184,3004,3011,105,-7,105.00000,-0.01805
534F4C31,30196,247898228,369,247,3004,3010,122,-6,122.00000,-0.01547
534F4C31,30196,247902548,308,181,3003,3009,127,-6,127.00000,-0.01547
534F4C31,30197,247907568,319,203,3003,3012,116,-9,116.00000,-0.02321
534F4C31,30198,247912548,334,161,3006,3012,173,-6,173.00000,-0.01547
534F4C31,30198,247917578,328,202,3003,3010,126,-7,126.00000,-0.01805
534F4C31,30198,247922563,298,197,3003,3012,101,-9,101.00000,-0.02321
534F4C31,30199,247927889,315,240,3003,3010,75,-7,75.00000,-0.01805
534F4C31,30200,247932564,322,184,3003,3010,138,-7,138.00000,-0.01805
534F4C31,30200,247938028,325,191,3002,3009,134,-7,134.00000,-0.01805
534F4C31,30200,247942556,336,218,3004,3010,118,-6,118.00000,-0.01547
534F4C31,30201,247948078,327,259,3004,3012,68,-8,68.00000,-0.02063
534F4C31,30202,247952552,265,177,3003,3012,88,-9,88.00000,-0.02321
534F4C31,30203,247957565,277,166,3003,3011,111,-8,111.00000,-0.02063
534F4C31,30204,247963556,344,139,3002,3013,205,-11,205.00000,-0.02837
534F4C31,30204,247967850,322,187,3003,3011,135,-8,135.00000,-0.02063
534F4C31,30204,247972981,285,175,3003,3011,110,-8,110.00000,-0.02063
534F4C31,30204,247977551,322,212,3003,3011,110,-8,110.00000,-0.02063
534F4C31,30205,247982550,355,238,3002,3009,117,-7,117.00000,-0.01805
534F4C31,30206,247987582,296,223,3003,3011,73,-8,73.00000,-0.02063
534F4C31,30207,247992570,301,216,3005,3006,85,-1,85.00000,-0.00258
534F4C31,30208,247997955,352,236,3005,3013,116,-8,116.00000,-0.02063
534F4C31,30209,248002566,316,219,3004,3011,97,-7,97.00000,-0.01805
534F4C31,30210,248007626,282,241,3003,3012,41,-9,41.00000,-0.02321
534F4C31,30211,248013191,289,165,3004,3012,124,-8,124.00000,-0.02063
534F4C31,30211,248018581,335,211,3015,3010,124,5,124.00000,0.01289
534F4C31,30212,248022550,293,192,3017,3011,101,6,101.00000,0.01547
534F4C31,30212,248028369,341,242,3018,3011,99,7,99.00000,0.01805
534F4C31,30212,248032560,341,210,3016,3012,131,4,131.00000,0.01032
534F4C31,30212,248037560,331,185,3017,3010,146,7,146.00000,0.01805
534F4C31,30212,248042560,329,244,3018,3011,85,7,85.00000,0.01805
534F4C31,30213,248047563,324,235,3017,3012,89,5,89.00000,0.01289
534F4C31,30214,248052571,253,227,3018,3009,26,9,26.00000,0.02321
534F4C31,30214,248058474,253,196,3020,3011,57,9,57.00000,0.02321
534F4C31,30215,248062876,308,239,3017,3011,69,6,69.00000,0.01547
534F4C31,30216,248067559,291,196,3018,3008,95,10,95.00000,0.02579
534F4C31,30217,248072860,266,196,3018,3011,70,7,70.00000,0.01805
534F4C31,30217,248078356,296,230,3018,3010,66,8,66.00000,0.02063
534F4C31,30217,248082568,271,181,3017,3013,90,4,90.00000,0.01032
534F4C31,30218,248087720,275,213,3019,3010,62,9,62.00000,0.02321
534F4C31,30219,248092551,292,205,3019,3013,87,6,87.00000,0.01547
534F4C31,30220,248097571,336,231,3019,3011,105,8,105.00000,0.02063
534F4C31,30220,248103887,342,227,3017,3009,115,8,115.00000,0.02063
534F4C31,30220,248107549,294,216,3018,3010,78,8,78.00000,0.02063
534F4C31,30220,248112549,314,225,3019,3011,89,8,89.00000,0.02063
534F4C31,30221,248117864,311,242,3019,3013,69,6,69.00000,0.01547
534F4C31,30222,248122722,264,204,3018,3011,60,7,60.00000,0.01805
534F4C31,30223,248127588,268,261,3018,3010,7,8,7.00000,0.02063
534F4C31,30224,248132582,263,192,3021,3011,71,10,71.00000,0.02579
534F4C31,30224,248138344,301,146,3018,3008,155,10,155.00000,0.02579
534F4C31,30225,248142569,328,198,3019,3009,130,10,130.00000,0.02579
534F4C31,30225,248147726,367,251,3018,3012,116,6,116.00000,0.01547
534F4C31,30226,248152583,302,228,3017,3010,74,7,74.00000,0.01805
534F4C31,30226,248158305,279,198,3018,3011,81,7,81.00000,0.01805
534F4C31,30226,248162549,311,222,3018,3009,89,9,89.00000,0.02321
534F4C31,30226,248167565,328,206,3017,3011,122,6,122.00000,0.01547
534F4C31,30227,248172565,320,213,3020,3009,107,11,107.00000,0.02837
534F4C31,30228,248177670,310,243,3019,3013,67,6,67.00000,0.01547
534F4C31,30229,248182739,306,202,3018,3013,104,5,104.00000,0.01289
534F4C31,30230,248187648,312,174,3023,3012,138,11,138.00000,0.02837
534F4C31,30231,248192550,333,199,3017,3010,134,7,134.00000,0.01805
534F4C31,30232,248197748,362,262,3016,3012,100,4,100.00000,0.01032
534F4C31,30233,248202576,229,241,3016,3012,-12,4,-12.00000,0.01032
534F4C31,30233,248208943,226,186,3018,3010,40,8,40.00000,0.02063
534F4C31,30233,248212561,257,194,3019,3011,63,8,63.00000,0.02063
534F4C31,30233,248217553,302,212,3016,3012,90,4,90.00000,0.01032
534F4C31,30234,248222557,313,207,3018,3012,106,6,106.00000,0.01547
534F4C31,30235,248227551,337,163,3019,3011,174,8,174.00000,0.02063
534F4C31,30235,248232592,343,214,3018,3011,129,7,129.00000,0.01805
534F4C31,30235,248237563,293,188,3017,3013,105,4,105.00000,0.01032
534F4C31,30236,248242552,341,245,3019,3011,96,8,96.00000,0.02063
534F4C31,30236,248247941,356,214,3017,3012,142,5,142.00000,0.01289
534F4C31,30237,248252961,324,251,3020,3010,73,10,73.00000,0.02579
534F4C31,30238,248259249,263,199,3019,3009,64,10,64.00000,0.02579
534F4C31,30239,248263238,286,152,3018,3012,134,6,134.00000,0.01547
534F4C31,30239,248268686,337,213,3017,3011,124,6,124.00000,0.01547
534F4C31,30240,248272552,299,192,3021,3010,107,11,107.00000,0.02837
534F4C31,30241,248278240,339,229,3020,3011,110,9,110.00000,0.02321
534F4C31,30242,248282550,338,189,3017,3010,149,7,149.00000,0.01805
534F4C31,30242,248288268,317,135,3018,3013,182,5,182.00000,0.01289
534F4C31,30242,248292960,344,213,3019,3008,131,11,131.00000,0.02837
534F4C31,30243,248297603,355,235,3019,3009,120,10,120.00000,0.02579
534F4C31,30243,248302574,344,217,3016,3010,127,6,127.00000,0.01547
534F4C31,30243,248307579,333,208,3018,3011,125,7,125.00000,0.01805
534F4C31,30243,248312595,363,242,3018,3011,121,7,121.00000,0.01805
534F4C31,30244,248317596,309,238,3018,3012,71,6,71.00000,0.01547
534F4C31,30245,248322566,275,191,3019,3011,84,8,84.00000,0.02063
534F4C31,30246,248327595,331,230,3021,3013,101,8,101.00000,0.02063
534F4C31,30247,248332894,344,223,3017,3011,121,6,121.00000,0.01547
534F4C31,30248,248338165,294,227,3019,3013,67,6,67.00000,0.01547
534F4C31,30249,248342569,253,190,3021,3014,63,7,63.00000,0.01805
534F4C31,30250,248347564,330,254,3018,3013,76,5,76.00000,0.01289
534F4C31,30251,248352562,315,217,3019,3013,98,6,98.00000,0.01547
534F4C31,30252,248357616,321,257,3019,3012,64,7,64.00000,0.01805
534F4C31,30253,248363099,307,260,3020,3012,47,8,47.00000,0.02063
534F4C31,30254,248367560,268,184,3020,3012,84,8,84.00000,0.02063
534F4C31,30255,248372588,295,185,3019,3013,110,6,110.00000,0.01547
534F4C31,30256,248377731,338,217,3019,3014,121,5,121.00000,0.01289
534F4C31,30257,248383711,349,258,3017,3011,91,6,91.00000,0.01547
534F4C31,30258,248387583,252,161,3021,3013,91,8,91.00000,0.02063
534F4C31,30258,248392567,308,206,3019,3011,102,8,102.00000,0.02063
534F4C31,30258,248397559,346,243,3018,3011,103,7,103.00000,0.01805
534F4C31,30259,248402565,326,231,3018,3011,95,7,95.00000,0.01805
534F4C31,30260,248407563,250,261,3019,3011,-11,8,-11.00000,0.02063
534F4C31,30260,248412866,214,191,3020,3009,23,11,23.00000,0.02837
534F4C31,30260,248417554,279,192,3021,3013,87,8,87.00000,0.02063
534F4C31,30260,248422557,302,183,3019,3013,119,6,119.00000,0.01547
534F4C31,30261,248427558,346,233,3020,3012,113,8,113.00000,0.02063
534F4C31,30261,248432646,341,226,3017,3011,115,6,115.00000,0.01547
534F4C31,30261,248437552,308,176,3019,3011,132,8,132.00000,0.02063
534F4C31,30262,248442581,302,259,3019,3011,43,8,43.00000,0.02063
534F4C31,30263,248447552,273,239,3016,3011,34,5,34.00000,0.01289
534F4C31,30263,248452602,249,221,3018,3011,28,7,28.00000,0.01805
534F4C31,30263,248458014,273,217,3018,3009,56,9,56.00000,0.02321
534F4C31,30263,248462570,300,250,3018,3013,50,5,50.00000,0.01289
534F4C31,30263,248467553,300,210,3017,3013,90,4,90.00000,0.01032
534F4C31,30263,248472553,316,208,3018,3012,108,6,108.00000,0.01547
534F4C31,30264,248477587,323,252,3017,3011,71,6,71.00000,0.01547
534F4C31,30264,248482566,304,190,3017,3010,114,7,114.00000,0.01805
534F4C31,30265,248487875,323,199,3018,3010,124,8,124.00000,0.02063
534F4C31,30266,248492590,333,207,3019,3011,126,8,126.00000,0.02063
534F4C31,30267,248498239,351,265,3018,3012,86,6,86.00000,0.01547
534F4C31,30268,248503628,294,197,3020,3012,97,8,97.00000,0.02063
534F4C31,30268,248508093,297,166,3017,3010,131,7,131.00000,0.01805
534F4C31,30269,248513834,370,234,3018,3012,136,6,136.00000,0.01547
534F4C31,30269,248517565,295,147,3017,3012,148,5,148.00000,0.01289
534F4C31,30270,248523419,336,207,3018,3014,129,4,129.00000,0.01032
534F4C31,30271,248527568,337,200,3019,3014,137,5,137.00000,0.01289
534F4C31,30272,248533308,375,229,3020,3013,146,7,146.00000,0.01805
534F4C31,30272,248538019,334,179,3018,3009,155,9,155.00000,0.02321
534F4C31,30272,248542548,340,189,3018,3011,151,7,151.00000,0.01805
534F4C31,30272,248547552,366,257,3019,3011,109,8,109.00000,0.02063
534F4C31,30273,248552652,298,207,3018,3011,91,7,91.00000,0.01805
534F4C31,30273,248557551,280,167,3018,3013,113,5,113.00000,0.01289
534F4C31,30273,248562573,339,234,3019,3013,105,6,105.00000,0.01547
534F4C31,30274,248567574,340,221,3019,3010,119,9,119.00000,0.02321
534F4C31,30275,248572567,313,182,3019,3013,131,6,131.00000,0.01547
534F4C31,30276,248578177,327,212,3018,3010,115,8,115.00000,0.02063
534F4C31,30277,248582580,299,179,3018,3011,120,7,120.00000,0.01805
534F4C31,30277,248588454,300,155,3019,3009,145,10,145.00000,0.02579
534F4C31,30277,248592566,312,192,3018,3011,120,7,120.00000,0.01805
534F4C31,30278,248597568,359,249,3018,3012,110,6,110.00000,0.01547
534F4C31,30279,248602606,321,243,3017,3011,78,6,78.00000,0.01547
534F4C31,30280,248608338,318,250,3021,3011,68,10,68.00000,0.02579
534F4C31,30280,248612549,287,179,3019,3014,108,5,108.00000,0.01289
534F4C31,30280,248617618,317,218,3019,3013,99,6,99.00000,0.01547
534F4C31,30280,248622555,312,200,3018,3010,112,8,112.00000,0.02063
534F4C31,30281,248627561,349,239,3018,3012,110,6,110.00000,0.01547
534F4C31,30282,248632823,351,242,3018,3013,109,5,109.00000,0.01289
534F4C31,30283,248637597,255,203,3018,3008,52,10,52.00000,0.02579
534F4C31,30284,248642906,265,149,3016,3011,116,5,116.00000,0.01289
534F4C31,30284,248648172,329,173,3018,3012,156,6,156.00000,0.01547
534F4C31,30285,248652548,300,170,3017,3010,130,7,130.00000,0.01805
534F4C31,30285,248657599,306,225,3017,3013,81,4,81.00000,0.01032
534F4C31,30286,248662821,335,242,3017,3008,93,9,93.00000,0.02321
534F4C31,30287,248668350,343,242,3015,3010,101,5,101.00000,0.01289
534F4C31,30288,248672573,275,164,3018,3010,111,8,111.00000,0.02063
534F4C31,30288,248677550,311,119,3018,3010,192,8,192.00000,0.02063
534F4C31,30289,248682600,361,211,3019,3010,150,9,150.00000,0.02321
534F4C31,30289,248687553,342,204,3017,3012,138,5,138.00000,0.01289
534F4C31,30290,248692978,331,274,3018,3009,57,9,57.00000,0.02321
534F4C31,30291,248697760,275,220,3020,3010,55,10,55.00000,0.02579
534F4C31,30292,248703083,307,220,3019,3011,87,8,87.00000,0.02063
534F4C31,30292,248707662,259,183,3018,3013,76,5,76.00000,0.01289
534F4C31,30292,248712570,324,219,3018,3012,105,6,105.00000,0.01547
534F4C31,30292,248717634,332,219,3019,3011,113,8,113.00000,0.02063
534F4C31,30293,248722549,327,204,3019,3012,123,7,123.00000,0.01805
534F4C31,30293,248727590,341,239,3018,3009,102,9,102.00000,0.02321
534F4C31,30293,248732552,341,225,3017,3010,116,7,116.00000,0.01805
534F4C31,30294,248737616,299,223,3020,3011,76,9,76.00000,0.02321
534F4C31,30295,248742551,311,223,3017,3011,88,6,88.00000,0.01547
534F4C31,30296,248747615,318,268,3018,3012,50,6,50.00000,0.01547
534F4C31,30296,248753056,286,198,3016,3012,88,4,88.00000,0.01032
534F4C31,30297,248757591,295,237,3018,3009,58,9,58.00000,0.02321
534F4C31,30297,248762549,304,214,3018,3010,90,8,90.00000,0.02063
534F4C31,30298,248768224,340,232,3018,3010,108,8,108.00000,0.02063
534F4C31,30299,248772564,296,157,3019,3013,139,6,139.00000,0.01547
534F4C31,30299,248777755,333,168,3019,3011,165,8,165.00000,0.02063
534F4C31,30300,248782592,362,208,3017,3010,154,7,154.00000,0.01805
534F4C31,30300,248787601,342,186,3021,3011,156,10,156.00000,0.02579
534F4C31,30301,248792946,341,257,3020,3012,84,8,84.00000,0.02063
534F4C31,30302,248798330,304,218,3017,3010,86,7,86.00000,0.01805
534F4C31,30303,248804563,296,188,3018,3012,108,6,108.00000,0.01547
534F4C31,30303,248808130,242,211,3019,3009,31,10,31.00000,0.02579
534F4C31,30303,248812551,243,176,3018,3010,67,8,67.00000,0.02063
534F4C31,30304,248817581,284,255,3019,3009,29,10,29.00000,0.02579
534F4C31,30305,248822563,208,157,3018,3013,51,5,51.00000,0.01289
534F4C31,30306,248827580,303,197,3020,3010,106,10,106.00000,0.02579
534F4C31,30307,248832564,306,221,3018,3011,85,7,85.00000,0.01805
534F4C31,30307,248837548,272,177,3018,3011,95,7,95.00000,0.01805
534F4C31,30307,248842563,325,226,3018,3012,99,6,99.00000,0.01547
534F4C31,30308,248847558,359,253,3018,3008,106,10,106.00000,0.02579
534F4C31,30308,248853124,356,238,3019,3013,118,6,118.00000,0.01547
534F4C31,30308,248857644,308,233,3018,3012,75,6,75.00000,0.01547
534F4C31,30308,248862550,324,227,3018,3011,97,7,97.00000,0.01805
534F4C31,30309,248867552,336,222,3017,3011,114,6,114.00000,0.01547
534F4C31,30310,248872660,302,228,3018,3013,74,5,74.00000,0.01289
534F4C31,30311,248878014,316,255,3021,3011,61,10,61.00000,0.02579
534F4C31,30312,248882554,296,190,3020,3011,106,9,106.00000,0.02321
534F4C31,30312,248887608,293,208,3018,3011,85,7,85.00000,0.01805
534F4C31,30313,248892581,320,229,3019,3011,91,8,91.00000,0.02063
534F4C31,30314,248897727,346,266,3019,3012,80,7,80.00000,0.01805
534F4C31,30315,248903465,331,248,3018,3009,83,9,83.00000,0.02321
534F4C31,30315,248908184,265,213,3020,3010,52,10,52.00000,0.02579
534F4C31,30315,248912547,285,210,3019,3010,75,9,75.00000,0.02321
534F4C31,30315,248917557,318,222,3017,3010,96,7,96.00000,0.01805
534F4C31,30316,248922561,319,208,3017,3010,111,7,111.00000,0.01805
534F4C31,30317,248927573,325,227,3018,3013,98,5,98.00000,0.01289
534F4C31,30318,248932644,331,201,3017,3013,130,4,130.00000,0.01032
534F4C31,30319,248937568,311,212,3018,3013,99,5,99.00000,0.01289
534F4C31,30320,248942902,320,180,3018,3012,140,6,140.00000,0.01547
534F4C31,30320,248947589,349,231,3018,3013,118,5,118.00000,0.01289
534F4C31,30321,248952603,322,247,3016,3008,75,8,75.00000,0.02063
534F4C31,30322,248957555,231,181,3020,3011,50,9,50.00000,0.02321
534F4C31,30322,248962775,319,224,3018,3011,95,7,95.00000,0.01805
534F4C31,30323,248967592,323,215,3020,3010,108,10,108.00000,0.02579
534F4C31,30323,248972617,311,225,3018,3010,86,8,86.00000,0.02063
534F4C31,30323,248977581,301,213,3020,3010,88,10,88.00000,0.02579
534F4C31,30323,248982554,338,223,3019,3010,115,9,115.00000,0.02321
534F4C31,30323,248987566,323,214,3019,3012,109,7,109.00000,0.01805
534F4C31,30324,248992555,340,238,3016,3012,102,4,102.00000,0.01032
534F4C31,30325,248997572,361,261,3022,3009,100,13,100.00000,0.03352
534F4C31,30326,249002612,322,212,3017,3010,110,7,110.00000,0.01805
534F4C31,30327,249007590,297,198,3018,3011,99,7,99.00000,0.01805
534F4C31,30328,249012562,324,213,3019,3009,111,10,111.00000,0.02579
534F4C31,30329,249017669,260,262,3017,3011,-2,6,-2.00000,0.01547
534F4C31,30330,249023071,191,220,3019,3012,-29,7,-29.00000,0.01805
534F4C31,30330,249029162,289,200,3016,3010,89,6,89.00000,0.01547
534F4C31,30330,249032547,294,183,3017,3013,111,4,111.00000,0.01032
534F4C31,30330,249037558,316,202,3017,3012,114,5,114.00000,0.01289
534F4C31,30330,249042558,342,234,3019,3013,108,6,108.00000,0.01547
534F4C31,30331,249047569,363,251,3018,3012,112,6,112.00000,0.01547
534F4C31,30332,249052550,335,159,3019,3013,176,6,176.00000,0.01547
534F4C31,30333,249057934,344,202,3018,3013,142,5,142.00000,0.01289
534F4C31,30333,249062561,308,187,3020,3010,121,10,121.00000,0.02579
534F4C31,30334,249067870,301,189,3018,3012,112,6,112.00000,0.01547
534F4C31,30334,249072960,306,165,3019,3011,141,8,141.00000,0.02063
534F4C31,30335,249077603,330,244,3018,3012,86,6,86.00000,0.01547
534F4C31,30335,249082940,312,192,3017,3013,120,4,120.00000,0.01032
534F4C31,30336,249087946,302,210,3020,3012,92,8,92.00000,0.02063
534F4C31,30337,249092852,293,274,3017,3009,19,8,19.00000,0.02063
534F4C31,30338,249099494,263,180,3018,3012,83,6,83.00000,0.01547
534F4C31,30338,249103062,222,180,3019,3011,42,8,42.00000,0.02063
534F4C31,30338,249108377,262,182,3018,3012,80,6,80.00000,0.01547
534F4C31,30338,249112555,296,229,3018,3008,67,10,67.00000,0.02579
534F4C31,30339,249117599,296,221,3017,3010,75,7,75.00000,0.01805
534F4C31,30339,249122566,292,178,3019,3011,114,8,114.00000,0.02063
534F4C31,30339,249127565,337,237,3019,3012,100,7,100.00000,0.01805
534F4C31,30340,249132568,360,249,3018,3011,111,7,111.00000,0.01805
534F4C31,30341,249137576,326,234,3019,3011,92,8,92.00000,0.02063
534F4C31,30342,249142781,289,259,3020,3013,30,7,30.00000,0.01805
534F4C31,30343,249147599,281,239,3017,3010,42,7,42.00000,0.01805
534F4C31,30344,249152551,286,194,3020,3009,92,11,92.00000,0.02837
534F4C31,30345,249157569,249,265,3017,3011,-16,6,-16.00000,0.01547
534F4C31,30345,249162837,221,194,3018,3011,27,7,27.00000,0.01805
534F4C31,30346,249167564,282,220,3017,3014,62,3,62.00000,0.00774
534F4C31,30347,249172602,286,217,3018,3012,69,6,69.00000,0.01547
534F4C31,30348,249177596,302,231,3018,3012,71,6,71.00000,0.01547
534F4C31,30348,249182578,318,209,3018,3012,109,6,109.00000,0.01547
534F4C31,30349,249187564,317,201,3020,3011,116,9,116.00000,0.02321
534F4C31,30349,249192550,331,191,3019,3011,140,8,140.00000,0.02063
534F4C31,30349,249197568,365,246,3018,3013,119,5,119.00000,0.01289
534F4C31,30350,249202556,347,226,3018,3013,121,5,121.00000,0.01289
534F4C31,30351,249207560,328,220,3021,3012,108,9,108.00000,0.02321
534F4C31,30352,249212552,340,219,3019,3012,121,7,121.00000,0.01805
534F4C31,30352,249217566,308,206,3017,3012,102,5,102.00000,0.01289
534F4C31,30352,249222913,304,199,3018,3011,105,7,105.00000,0.01805
534F4C31,30352,249227556,330,223,3019,3013,107,6,107.00000,0.01547
534F4C31,30353,249232594,307,240,3017,3012,67,5,67.00000,0.01289
534F4C31,30353,249237558,256,171,3018,3011,85,7,85.00000,0.01805
534F4C31,30354,249242591,325,231,3020,3009,94,11,94.00000,0.02837
534F4C31,30355,249247601,361,276,3017,3012,85,5,85.00000,0.01289
534F4C31,30356,249252577,316,219,3016,3011,97,5,97.00000,0.01289
534F4C31,30357,249257996,299,264,3019,3009,35,10,35.00000,0.02579
534F4C31,30358,249262587,263,206,3018,3012,57,6,57.00000,0.01547
534F4C31,30358,249267622,309,209,3017,3010,100,7,100.00000,0.01805
534F4C31,30358,249272562,301,160,3018,3013,141,5,141.00000,0.01289
534F4C31,30359,249277576,340,214,3019,3010,126,9,126.00000,0.02321
534F4C31,30360,249282575,339,226,3017,3013,113,4,113.00000,0.01032
534F4C31,30360,249287552,288,175,3018,3012,113,6,113.00000,0.01547
534F4C31,30360,249292579,327,212,3019,3010,115,9,115.00000,0.02321
534F4C31,30360,249297563,359,247,3019,3011,112,8,112.00000,0.02063
534F4C31,30361,249302563,340,225,3021,3009,115,12,115.00000,0.03095
534F4C31,30362,249307854,330,195,3020,3012,135,8,135.00000,0.02063
534F4C31,30362,249313394,378,248,3019,3012,130,7,130.00000,0.01805
534F4C31,30362,249317581,335,210,3018,3013,125,5,125.00000,0.01289
534F4C31,30362,249322566,324,202,3018,3012,122,6,122.00000,0.01547
534F4C31,30363,249327599,338,244,3021,3012,94,9,94.00000,0.02321
534F4C31,30364,249332565,316,231,3019,3014,85,5,85.00000,0.01289
534F4C31,30365,249337592,237,201,3021,3011,36,10,36.00000,0.02579
534F4C31,30365,249343650,258,175,3019,3012,83,7,83.00000,0.01805
534F4C31,30366,249348117,316,234,3017,3011,82,6,82.00000,0.01547
534F4C31,30367,249352562,266,177,3018,3013,89,5,89.00000,0.01289
534F4C31,30368,249357760,289,285,3019,3013,4,6,4.00000,0.01547
534F4C31,30369,249363242,236,206,3019,3010,30,9,30.00000,0.02321
534F4C31,30370,249368110,287,163,3018,3012,124,6,124.00000,0.01547
534F4C31,30370,249372586,275,165,3019,3012,110,7,110.00000,0.01805
534F4C31,30371,249377598,297,192,3020,3009,105,11,105.00000,0.02837
534F4C31,30371,249382592,310,196,3020,3012,114,8,114.00000,0.02063
534F4C31,30371,249387655,295,198,3020,3011,97,9,97.00000,0.02321
534F4C31,30372,249392547,296,199,3018,3013,97,5,97.00000,0.01289
534F4C31,30373,249397608,337,268,3021,3010,69,11,69.00000,0.02837
534F4C31,30373,249403349,268,204,3017,3009,64,8,64.00000,0.02063
534F4C31,30373,249407548,260,175,3018,3014,85,4,85.00000,0.01032
534F4C31,30373,249412570,329,238,3018,3010,91,8,91.00000,0.02063
534F4C31,30374,249417579,338,228,3017,3012,110,5,110.00000,0.01289
534F4C31,30375,249422561,317,226,3019,3014,91,5,91.00000,0.01289
534F4C31,30376,249427628,255,274,3018,3012,-19,6,-19.00000,0.01547
534F4C31,30377,249432566,235,216,3018,3011,19,7,19.00000,0.01805
534F4C31,30377,249437577,258,196,3020,3013,62,7,62.00000,0.01805
534F4C31,30377,249442551,313,207,3020,3012,106,8,106.00000,0.02063
534F4C31,30377,249447593,355,254,3020,3014,101,6,101.00000,0.01547
534F4C31,30377,249452559,335,226,3019,3013,109,6,109.00000,0.01547
534F4C31,30378,249458087,341,240,3019,3013,101,6,101.00000,0.01547
534F4C31,30379,249462602,324,273,3018,3008,51,10,51.00000,0.02579
534F4C31,30380,249468108,292,205,3019,3012,87,7,87.00000,0.01805
534F4C31,30381,249472558,297,174,3017,3010,123,7,123.00000,0.01805
534F4C31,30382,249478542,360,265,3019,3012,95,7,95.00000,0.01805
534F4C31,30383,249482569,305,164,3017,3012,141,5,141.00000,0.01289
534F4C31,30384,249487571,274,176,3021,3012,98,9,98.00000,0.02321
534F4C31,30384,249492848,295,203,3020,3012,92,8,92.00000,0.02063
534F4C31,30384,249497606,305,258,3018,3010,47,8,47.00000,0.02063
534F4C31,30384,249502565,276,194,3017,3012,82,5,82.00000,0.01289
534F4C31,30384,249507570,302,214,3019,3012,88,7,88.00000,0.01805
534F4C31,30385,249512561,341,246,3019,3007,95,12,95.00000,0.03095
534F4C31,30386,249517721,338,226,3017,3013,112,4,112.00000,0.01032
534F4C31,30387,249523306,314,220,3016,3011,94,5,94.00000,0.01289
534F4C31,30388,249527734,266,165,3018,3012,101,6,101.00000,0.01547
534F4C31,30389,249532570,317,186,3018,3013,131,5,131.00000,0.01289
534F4C31,30390,249538862,331,219,3018,3011,112,7,112.00000,0.01805
534F4C31,30390,249542566,278,163,3019,3009,115,10,115.00000,0.02579
534F4C31,30391,249547729,312,250,3018,3010,62,8,62.00000,0.02063
534F4C31,30391,249552567,251,180,3018,3010,71,8,71.00000,0.02063
534F4C31,30392,249557550,292,211,3021,3014,81,7,81.00000,0.01805
534F4C31,30393,249562971,346,226,3021,3013,120,8,120.00000,0.02063
534F4C31,30393,249567548,302,158,3018,3011,144,7,144.00000,0.01805
534F4C31,30393,249572822,316,182,3018,3012,134,6,134.00000,0.01547
534F4C31,30393,249577550,341,221,3018,3011,120,7,120.00000,0.01805
534F4C31,30394,249582606,369,248,3018,3011,121,7,121.00000,0.01805
534F4C31,30394,249587562,337,222,3018,3011,115,7,115.00000,0.01805
534F4C31,30395,249592595,318,242,3021,3012,76,9,76.00000,0.02321
534F4C31,30396,249598000,348,247,3017,3011,101,6,101.00000,0.01547
534F4C31,30396,249602535,329,212,3017,3012,117,5,117.00000,0.01289
534F4C31,30397,249607693,327,222,3018,3009,105,9,105.00000,0.02321
534F4C31,30398,249612588,346,242,3019,3014,104,5,104.00000,0.01289
534F4C31,30399,249617619,323,225,3018,3013,98,5,98.00000,0.01289
534F4C31,30400,249622548,309,196,3018,3012,113,6,113.00000,0.01547
534F4C31,30401,249627804,346,222,3019,3012,124,7,124.00000,0.01805
534F4C31,30401,249632561,361,234,3019,3010,127,9,127.00000,0.02321
534F4C31,30402,249637633,322,206,3018,3012,116,6,116.00000,0.01547
534F4C31,30403,249642547,279,184,3019,3013,95,6,95.00000,0.01547
534F4C31,30404,249647837,319,195,3018,3010,124,8,124.00000,0.02063
534F4C31,30405,249652571,291,142,3020,3012,149,8,149.00000,0.02063
534F4C31,30406,249659484,350,165,3023,3011,185,12,185.00000,0.03095
534F4C31,30406,249663534,349,189,3019,3012,160,7,160.00000,0.01805
534F4C31,30406,249667553,327,180,3018,3012,147,6,147.00000,0.01547
534F4C31,30407,249672578,280,217,3019,3013,63,6,63.00000,0.01547
534F4C31,30408,249677686,280,167,3020,3011,113,9,113.00000,0.02321
534F4C31,30408,249682551,339,188,3019,3011,151,8,151.00000,0.02063
534F4C31,30408,249687725,323,180,3019,3013,143,6,143.00000,0.01547
534F4C31,30409,249692555,334,214,3017,3008,120,9,120.00000,0.02321
534F4C31,30409,249697556,357,247,3019,3012,110,7,110.00000,0.01805
534F4C31,30409,249702547,341,240,3019,3013,101,6,101.00000,0.01547
534F4C31,30410,249707602,282,237,3019,3013,45,6,45.00000,0.01547
534F4C31,30411,249712557,299,223,3018,3011,76,7,76.00000,0.01805
534F4C31,30411,249717778,330,223,3017,3012,107,5,107.00000,0.01289
534F4C31,30411,249722560,317,203,3018,3013,114,5,114.00000,0.01289
534F4C31,30411,249727555,348,238,3018,3010,110,8,110.00000,0.02063
534F4C31,30412,249732556,370,245,3029,3011,125,18,125.00000,0.04642
534F4C31,30413,249737571,296,180,3032,3010,116,22,116.00000,0.05673
534F4C31,30414,249742752,303,209,3032,3011,94,21,94.00000,0.05415
534F4C31,30415,249747552,330,246,3033,3010,84,23,84.00000,0.05931
534F4C31,30416,249752578,259,215,3032,3011,44,21,44.00000,0.05415
534F4C31,30417,249758990,273,198,3031,3010,75,21,75.00000,0.05415
534F4C31,30417,249762711,290,191,3031,3012,99,19,99.00000,0.04900
534F4C31,30418,249767699,298,229,3031,3011,69,20,69.00000,0.05158
534F4C31,30419,249772558,208,237,3033,3012,-29,21,-29.00000,0.05415
534F4C31,30419,249778788,232,160,3032,3009,72,23,72.00000,0.05931
534F4C31,30419,249782549,288,189,3031,3010,99,21,99.00000,0.05415
534F4C31,30419,249787563,313,203,3029,3013,110,16,110.00000,0.04126
534F4C31,30420,249793010,330,261,3032,3011,69,21,69.00000,0.05415
534F4C31,30421,249797574,285,250,3032,3010,35,22,35.00000,0.05673
534F4C31,30422,249802576,245,200,3030,3009,45,21,45.00000,0.05415
534F4C31,30423,249807954,269,178,3030,3014,91,16,91.00000,0.04126
534F4C31,30424,249813516,347,199,3030,3011,148,19,148.00000,0.04900
534F4C31,30424,249817564,309,188,3033,3009,121,24,121.00000,0.06189
534F4C31,30424,249822576,296,164,3030,3010,132,20,132.00000,0.05158
534F4C31,30424,249827554,337,218,3032,3012,119,20,119.00000,0.05158
534F4C31,30425,249832591,345,224,3032,3008,121,24,121.00000,0.06189
534F4C31,30425,249837585,318,203,3031,3011,115,20,115.00000,0.05158
534F4C31,30425,249842559,295,247,3032,3010,48,22,48.00000,0.05673
534F4C31,30425,249847548,299,230,3031,3012,69,19,69.00000,0.04900
534F4C31,30426,249853067,310,241,3030,3011,69,19,69.00000,0.04900
534F4C31,30427,249857560,270,198,3033,3011,72,22,72.00000,0.05673
534F4C31,30428,249862567,320,183,3031,3010,137,21,137.00000,0.05415
534F4C31,30428,249867765,322,207,3031,3010,115,21,115.00000,0.05415
534F4C31,30429,249872574,302,173,3032,3010,129,22,129.00000,0.05673
534F4C31,30430,249877599,341,220,3033,3014,121,19,121.00000,0.04900
534F4C31,30431,249883074,359,213,3030,3013,146,17,146.00000,0.04384
534F4C31,30432,249887580,295,168,3032,3012,127,20,127.00000,0.05158
534F4C31,30433,249892625,331,232,3031,3013,99,18,99.00000,0.04642
534F4C31,30433,249897547,339,240,3034,3012,99,22,99.00000,0.05673
534F4C31,30434,249902747,324,218,3032,3014,106,18,106.00000,0.04642
534F4C31,30434,249907552,283,161,3032,3009,122,23,122.00000,0.05931
534F4C31,30434,249912565,336,195,3033,3010,141,23,141.00000,0.05931
534F4C31,30434,249917568,331,218,3031,3012,113,19,113.00000,0.04900
534F4C31,30434,249922550,307,192,3031,3010,115,21,115.00000,0.05415
534F4C31,30435,249927561,344,233,3033,3011,111,22,111.00000,0.05673
534F4C31,30436,249932591,360,210,3031,3011,150,20,150.00000,0.05158
534F4C31,30437,249937584,345,219,3032,3011,126,21,126.00000,0.05415
534F4C31,30438,249942552,268,186,3031,3011,82,20,82.00000,0.05158
534F4C31,30438,249947735,284,147,3031,3012,137,19,137.00000,0.04900
534F4C31,30439,249952585,292,230,3031,3011,62,20,62.00000,0.05158
534F4C31,30440,249957555,211,188,3033,3012,23,21,23.00000,0.05415
534F4C31,30441,249962588,280,255,3030,3010,25,20,25.00000,0.05158
534F4C31,30441,249967560,250,167,3031,3010,83,21,83.00000,0.05415
534F4C31,30442,249972601,297,197,3031,3012,100,19,100.00000,0.04900
534F4C31,30442,249977728,328,245,3032,3013,83,19,83.00000,0.04900
534F4C31,30442,249982552,346,238,3032,3010,108,22,108.00000,0.05673
534F4C31,30443,249987603,279,232,3031,3009,47,22,47.00000,0.05673
534F4C31,30444,249992580,261,197,3032,3014,64,18,64.00000,0.04642
534F4C31,30445,249997852,340,232,3031,3008,108,23,108.00000,0.05931
534F4C31,30445,250002548,307,154,3030,3009,153,21,153.00000,0.05415
534F4C31,30446,250007828,301,229,3031,3009,72,22,72.00000,0.05673
534F4C31,30447,250012571,284,247,3031,3011,37,20,37.00000,0.05158
534F4C31,30447,250018672,298,213,3031,3012,85,19,85.00000,0.04900
534F4C31,30448,250022556,285,181,3033,3011,104,22,104.00000,0.05673
534F4C31,30449,250027574,337,220,3031,3009,117,22,117.00000,0.05673
534F4C31,30450,250032551,363,208,3035,3007,155,28,155.00000,0.07221
534F4C31,30450,250038358,351,202,3032,3011,149,21,149.00000,0.05415
534F4C31,30451,250042602,283,257,3032,3011,26,21,26.00000,0.05415
534F4C31,30452,250048936,287,212,3030,3010,75,20,75.00000,0.05158
534F4C31,30452,250052548,269,187,3035,3012,82,23,82.00000,0.05931
534F4C31,30452,250058377,310,203,3032,3013,107,19,107.00000,0.04900
534F4C31,30452,250062561,300,235,3031,3012,65,19,65.00000,0.04900
534F4C31,30453,250067554,299,203,3030,3010,96,20,96.00000,0.05158
534F4C31,30453,250072586,309,209,3032,3011,100,21,100.00000,0.05415
534F4C31,30453,250077570,341,237,3032,3012,104,20,104.00000,0.05158
534F4C31,30453,250082567,365,254,3031,3012,111,19,111.00000,0.04900
534F4C31,30454,250087567,341,223,3033,3012,118,21,118.00000,0.05415
534F4C31,30455,250092572,324,230,3032,3013,94,19,94.00000,0.04900
534F4C31,30456,250098090,296,257,3031,3012,39,19,39.00000,0.04900
534F4C31,30457,250103356,272,179,3029,3010,93,19,93.00000,0.04900
534F4C31,30457,250107575,274,238,3032,3010,36,22,36.00000,0.05673
534F4C31,30457,250112569,265,223,3032,3010,42,22,42.00000,0.05673
534F4C31,30458,250117932,280,218,3031,3010,62,21,62.00000,0.05415
534F4C31,30459,250122548,263,145,3030,3008,118,22,118.00000,0.05673
534F4C31,30459,250128296,343,219,3031,3012,124,19,124.00000,0.04900
534F4C31,30459,250132574,350,224,3029,3012,126,17,126.00000,0.04384
534F4C31,30460,250137599,293,222,3031,3009,71,22,71.00000,0.05673
534F4C31,30460,250142548,291,208,3032,3011,83,21,83.00000,0.05415
534F4C31,30461,250147592,328,269,3032,3010,59,22,59.00000,0.05673
534F4C31,30461,250152554,271,167,3031,3011,104,20,104.00000,0.05158
534F4C31,30462,250157600,275,236,3032,3010,39,22,39.00000,0.05673
534F4C31,30463,250162566,288,218,3031,3013,70,18,70.00000,0.04642
534F4C31,30464,250167741,322,223,3032,3012,99,20,99.00000,0.05158
534F4C31,30465,250172583,297,209,3032,3011,88,21,88.00000,0.05415
534F4C31,30465,250178276,335,209,3032,3012,126,20,126.00000,0.05158
534F4C31,30466,250182562,348,224,3031,3013,124,18,124.00000,0.04642
534F4C31,30467,250187611,293,243,3032,3012,50,20,50.00000,0.05158
534F4C31,30468,250192644,215,207,3033,3012,8,21,8.00000,0.05415
534F4C31,30468,250197549,277,221,3033,3014,56,19,56.00000,0.04900
534F4C31,30469,250202605,297,230,3032,3014,67,18,67.00000,0.04642
534F4C31,30470,250207548,257,229,3034,3011,28,23,28.00000,0.05931
534F4C31,30470,250212973,298,221,3032,3011,77,21,77.00000,0.05415
534F4C31,30470,250217558,318,210,3032,3009,108,23,108.00000,0.05931
534F4C31,30471,250222561,318,189,3035,3011,129,24,129.00000,0.06189
534F4C31,30472,250227717,345,206,3034,3012,139,22,139.00000,0.05673
534F4C31,30473,250232852,336,202,3033,3011,134,22,134.00000,0.05673
534F4C31,30473,250239675,336,188,3037,3010,148,27,148.00000,0.06963
534F4C31,30473,250243284,302,180,3033,3013,122,20,122.00000,0.05158
534F4C31,30473,250247551,331,220,3031,3012,111,19,111.00000,0.04900
534F4C31,30474,250252603,258,245,3031,3011,13,20,13.00000,0.05158
534F4C31,30474,250258743,254,169,3034,3012,85,22,85.00000,0.05673
534F4C31,30475,250262816,273,232,3032,3013,41,19,41.00000,0.04900
534F4C31,30475,250267565,256,154,3032,3013,102,19,102.00000,0.04900
534F4C31,30475,250272582,299,195,3031,3011,104,20,104.00000,0.05158
534F4C31,30476,250277565,335,233,3035,3011,102,24,102.00000,0.06189
534F4C31,30477,250282571,343,250,3032,3013,93,19,93.00000,0.04900
534F4C31,30478,250287898,270,224,3032,3012,46,20,46.00000,0.05158
534F4C31,30479,250293777,297,215,3034,3010,82,24,82.00000,0.06189
534F4C31,30480,250297730,305,241,3031,3012,64,19,64.00000,0.04900
534F4C31,30481,250302586,295,231,3030,3010,64,20,64.00000,0.05158
534F4C31,30481,250308374,286,211,3030,3012,75,18,75.00000,0.04642
534F4C31,30482,250313033,320,248,3031,3009,72,22,72.00000,0.05673
534F4C31,30483,250317559,293,210,3031,3012,83,19,83.00000,0.04900
534F4C31,30483,250323167,292,165,3032,3012,127,20,127.00000,0.05158
534F4C31,30483,250327570,324,212,3032,3011,112,21,112.00000,0.05415
534F4C31,30483,250332566,359,243,3031,3013,116,18,116.00000,0.04642
534F4C31,30483,250337560,336,224,3030,3012,112,18,112.00000,0.04642
534F4C31,30484,250343164,355,246,3032,3014,109,18,109.00000,0.04642
534F4C31,30485,250347620,320,224,3032,3014,96,18,96.00000,0.04642
534F4C31,30486,250352603,283,218,3032,3010,65,22,65.00000,0.05673
534F4C31,30487,250357550,258,156,3031,3011,102,20,102.00000,0.05158
534F4C31,30487,250362834,313,220,3032,3011,93,21,93.00000,0.05415
534F4C31,30487,250367566,303,189,3031,3012,114,19,114.00000,0.04900
534F4C31,30488,250372801,296,223,3032,3013,73,19,73.00000,0.04900
534F4C31,30489,250377837,288,191,3031,3010,97,21,97.00000,0.05415
534F4C31,30490,250382564,331,178,3033,3011,153,22,153.00000,0.05673
534F4C31,30491,250388665,312,121,3032,3011,191,21,191.00000,0.05415
534F4C31,30492,250392544,318,156,3033,3012,162,21,162.00000,0.05415
534F4C31,30493,250397818,367,212,3034,3010,155,24,155.00000,0.06189
534F4C31,30493,250402585,335,191,3031,3012,144,19,144.00000,0.04900
534F4C31,30493,250407551,289,186,3033,3013,103,20,103.00000,0.05158
534F4C31,30493,250412561,320,216,3032,3011,104,21,104.00000,0.05415
534F4C31,30494,250417560,339,220,3030,3011,119,19,119.00000,0.04900
534F4C31,30494,250422562,328,198,3030,3011,130,19,130.00000,0.04900
534F4C31,30494,250427567,347,235,3030,3009,112,21,112.00000,0.05415
534F4C31,30495,250432554,349,223,3030,3012,126,18,126.00000,0.04642
534F4C31,30496,250437566,321,200,3032,3012,121,20,121.00000,0.05158
534F4C31,30497,250443071,327,186,3031,3009,141,22,141.00000,0.05673
534F4C31,30498,250448580,364,236,3031,3012,128,19,128.00000,0.04900
534F4C31,30499,250452563,275,142,3032,3013,133,19,133.00000,0.04900
534F4C31,30500,250458029,305,191,3031,3013,114,18,114.00000,0.04642
534F4C31,30500,250463015,310,173,3031,3012,137,19,137.00000,0.04900
534F4C31,30501,250468034,325,186,3030,3011,139,19,139.00000,0.04900
534F4C31,30501,250473328,314,163,3033,3012,151,21,151.00000,0.05415
534F4C31,30501,250477570,326,183,3031,3012,143,19,143.00000,0.04900
534F4C31,30502,250482597,351,198,3032,3012,153,20,153.00000,0.05158
534F4C31,30503,250487791,351,222,3035,3011,129,24,129.00000,0.06189
534F4C31,30503,250493476,318,199,3032,3010,119,22,119.00000,0.05673
534F4C31,30503,250497561,329,222,3033,3013,107,20,107.00000,0.05158
534F4C31,30503,250502564,330,217,3031,3014,113,17,113.00000,0.04384
534F4C31,30504,250507554,320,208,3031,3013,112,18,112.00000,0.04642
534F4C31,30505,250512552,338,163,3033,3009,175,24,175.00000,0.06189
534F4C31,30505,250518491,362,213,3031,3011,149,20,149.00000,0.05158
534F4C31,30505,250522569,311,183,3031,3009,128,22,128.00000,0.05673
534F4C31,30506,250527596,343,232,3030,3011,111,19,111.00000,0.04900
534F4C31,30507,250532574,354,243,3031,3012,111,19,111.00000,0.04900
534F4C31,30508,250537548,313,176,3031,3011,137,20,137.00000,0.05158
534F4C31,30509,250543038,332,250,3031,3008,82,23,82.00000,0.05931
534F4C31,30509,250547956,319,200,3031,3011,119,20,119.00000,0.05158
534F4C31,30510,250553014,315,221,3031,3013,94,18,94.00000,0.04642
534F4C31,30511,250557747,296,208,3031,3011,88,20,88.00000,0.05158
534F4C31,30512,250562796,331,198,3032,3012,133,20,133.00000,0.05158
534F4C31,30513,250567556,332,214,3031,3010,118,21,118.00000,0.05415
534F4C31,30513,250572999,287,206,3031,3011,81,20,81.00000,0.05158
534F4C31,30513,250577853,293,235,3031,3008,58,23,58.00000,0.05931
534F4C31,30513,250582563,319,226,3031,3012,93,19,93.00000,0.04900
534F4C31,30513,250587556,327,221,3032,3013,106,19,106.00000,0.04900
534F4C31,30513,250592558,339,240,3032,3011,99,21,99.00000,0.05415
534F4C31,30514,250597839,362,282,3031,3014,80,17,80.00000,0.04384
534F4C31,30515,250602566,302,213,3031,3013,89,18,89.00000,0.04642
534F4C31,30516,250608019,312,241,3031,3011,71,20,71.00000,0.05158
534F4C31,30517,250612576,283,259,3030,3010,24,20,24.00000,0.05158
534F4C31,30517,250617986,226,148,3032,3011,78,21,78.00000,0.05415
534F4C31,30518,250622689,280,188,3032,3011,92,21,92.00000,0.05415
534F4C31,30519,250627568,320,221,3033,3012,99,21,99.00000,0.05415
534F4C31,30520,250633912,369,239,3032,3012,130,20,130.00000,0.05158
534F4C31,30520,250638349,331,199,3031,3010,132,21,132.00000,0.05415
534F4C31,30521,250642569,309,222,3033,3012,87,21,87.00000,0.05415
534F4C31,30521,250647559,316,259,3030,3011,57,19,57.00000,0.04900
534F4C31,30521,250652554,296,213,3031,3011,83,20,83.00000,0.05158
534F4C31,30522,250657606,279,266,3033,3013,13,20,13.00000,0.05158
534F4C31,30522,250662567,254,212,3032,3011,42,21,42.00000,0.05415
534F4C31,30522,250667565,306,220,3032,3013,86,19,86.00000,0.04900
534F4C31,30523,250672556,317,213,3031,3013,104,18,104.00000,0.04642
534F4C31,30524,250677570,304,197,3032,3012,107,20,107.00000,0.05158
534F4C31,30525,250682562,322,211,3032,3011,111,21,111.00000,0.05415
534F4C31,30526,250688193,306,227,3030,3013,79,17,79.00000,0.04384
534F4C31,30527,250692733,284,219,3032,3010,65,22,65.00000,0.05673
534F4C31,30527,250697827,322,236,3031,3011,86,20,86.00000,0.05158
534F4C31,30528,250702572,321,215,3032,3009,106,23,106.00000,0.05931
534F4C31,30529,250707885,321,217,3032,3011,104,21,104.00000,0.05415
534F4C31,30530,250712752,309,154,3034,3013,155,21,155.00000,0.05415
534F4C31,30530,250718453,348,215,3031,3012,133,19,133.00000,0.04900
534F4C31,30531,250722554,278,191,3032,3012,87,20,87.00000,0.05158
534F4C31,30531,250727568,283,229,3033,3012,54,21,54.00000,0.05415
534F4C31,30531,250732552,318,234,3032,3012,84,20,84.00000,0.05158
534F4C31,30531,250737552,324,222,3031,3011,102,20,102.00000,0.05158
534F4C31,30532,250742554,336,234,3033,3010,102,23,102.00000,0.05931
534F4C31,30532,250747547,358,254,3032,3012,104,20,104.00000,0.05158
534F4C31,30533,250752958,324,245,3031,3012,79,19,79.00000,0.04900
534F4C31,30534,250757946,280,176,3033,3008,104,25,104.00000,0.06447
534F4C31,30535,250762656,308,222,3031,3010,86,21,86.00000,0.05415
534F4C31,30536,250767543,288,167,3031,3012,121,19,121.00000,0.04900
534F4C31,30536,250772551,296,173,3033,3010,123,23,123.00000,0.05931
534F4C31,30537,250777599,335,216,3032,3013,119,19,119.00000,0.04900
534F4C31,30538,250782566,364,246,3041,3011,118,30,118.00000,0.07736
534F4C31,30539,250787581,339,225,3039,3007,114,32,114.00000,0.08252
534F4C31,30540,250792629,330,231,3041,3009,99,32,99.00000,0.08252
534F4C31,30541,250797587,329,250,3038,3006,79,32,79.00000,0.08252
534F4C31,30542,250802589,310,212,3037,3010,98,27,98.00000,0.06963
534F4C31,30543,250807564,291,245,3032,3013,46,19,46.00000,0.04900
534F4C31,30544,250814035,314,284,3033,3007,30,26,30.00000,0.06705
534F4C31,30545,250820152,319,237,3031,3010,82,21,82.00000,0.05415
534F4C31,30546,250823505,245,204,3034,3011,41,23,41.00000,0.05931
534F4C31,30546,250829176,303,197,3031,3011,106,20,106.00000,0.05158
534F4C31,30546,250832556,302,163,3033,3011,139,22,139.00000,0.05673
534F4C31,30546,250837567,323,195,3031,3011,128,20,128.00000,0.05158
534F4C31,30547,250842586,315,255,3031,3011,60,20,60.00000,0.05158
534F4C31,30547,250847640,291,227,3031,3012,64,19,64.00000,0.04900
534F4C31,30547,250852554,309,217,3031,3011,92,20,92.00000,0.05158
534F4C31,30548,250858294,328,267,3031,3012,61,19,61.00000,0.04900
534F4C31,30548,250862660,262,175,3032,3011,87,21,87.00000,0.05415
534F4C31,30548,250867607,311,212,3031,3011,99,20,99.00000,0.05158
534F4C31,30548,250872557,313,204,3031,3010,109,21,109.00000,0.05415
534F4C31,30548,250877554,346,234,3032,3011,112,21,112.00000,0.05415
534F4C31,30548,250882560,371,254,3032,3011,117,21,117.00000,0.05415
534F4C31,30549,250887880,297,232,3038,3009,65,29,65.00000,0.07478
534F4C31,30550,250893491,297,229,3035,3011,68,24,68.00000,0.06189
534F4C31,30551,250897922,282,189,3032,3008,93,24,93.00000,0.06189
534F4C31,30552,250903710,337,224,3032,3013,113,19,113.00000,0.04900
534F4C31,30553,250907886,299,171,3032,3011,128,21,128.00000,0.05415
534F4C31,30553,250912785,346,219,3032,3011,127,21,127.00000,0.05415
534F4C31,30553,250917566,342,200,3030,3010,142,20,142.00000,0.05158
534F4C31,30554,250922603,277,220,3032,3010,57,22,57.00000,0.05673
534F4C31,30554,250927552,286,202,3031,3009,84,22,84.00000,0.05673
534F4C31,30555,250932673,346,233,3031,3012,113,19,113.00000,0.04900
534F4C31,30556,250937569,319,153,3031,3011,166,20,166.00000,0.05158
534F4C31,30556,250942582,330,168,3032,3009,162,23,162.00000,0.05931
534F4C31,30557,250947578,323,188,3031,3010,135,21,135.00000,0.05415
534F4C31,30558,250952575,308,187,3033,3010,121,23,121.00000,0.05931
534F4C31,30559,250958274,320,199,3032,3008,121,24,121.00000,0.06189
534F4C31,30559,250963821,348,227,3032,3011,121,21,121.00000,0.05415
534F4C31,30560,250967560,295,168,3033,3013,127,20,127.00000,0.05158
534F4C31,30560,250973132,317,210,3033,3013,107,20,107.00000,0.05158
534F4C31,30561,250977568,316,196,3034,3009,120,25,120.00000,0.06447
534F4C31,30561,250983216,371,218,3032,3011,153,21,153.00000,0.05415
534F4C31,30561,250987555,335,205,3031,3010,130,21,130.00000,0.05415
534F4C31,30561,250992549,318,215,3032,3010,103,22,103.00000,0.05673
534F4C31,30562,250997565,355,250,3032,3013,105,19,105.00000,0.04900
534F4C31,30563,251002582,337,227,3034,3010,110,24,110.00000,0.06189
534F4C31,30564,251008646,311,215,3032,3011,96,21,96.00000,0.05415
534F4C31,30565,251014580,313,155,3034,3008,158,26,158.00000,0.06705
534F4C31,30566,251019282,313,130,3032,3012,183,20,183.00000,0.05158
534F4C31,30567,251024607,331,180,3033,3013,151,20,151.00000,0.05158
534F4C31,30568,251028763,334,177,3032,3011,157,21,157.00000,0.05415
534F4C31,30568,251035205,373,206,3032,3011,167,21,167.00000,0.05415
534F4C31,30568,251037614,290,135,3032,3012,155,20,155.00000,0.05158
534F4C31,30568,251042572,333,212,3031,3013,121,18,121.00000,0.04642
534F4C31,30568,251047583,361,251,3031,3011,110,20,110.00000,0.05158
534F4C31,30568,251052558,337,224,3032,3012,113,20,113.00000,0.05158
534F4C31,30569,251058284,345,256,3033,3013,89,20,89.00000,0.05158
534F4C31,30570,251062547,299,203,3033,3010,96,23,96.00000,0.05931
534F4C31,30570,251067556,306,180,3032,3011,126,21,126.00000,0.05415
534F4C31,30571,251072597,261,234,3034,3013,27,21,27.00000,0.05415
534F4C31,30572,251077874,258,213,3031,3009,45,22,45.00000,0.05673
534F4C31,30573,251083094,290,185,3034,3010,105,24,105.00000,0.06189
534F4C31,30573,251089049,308,202,3032,3012,106,20,106.00000,0.05158
534F4C31,30573,251092545,298,199,3034,3012,99,22,99.00000,0.05673
534F4C31,30573,251097548,345,219,3031,3012,126,19,126.00000,0.04900
534F4C31,30574,251103003,315,223,3031,3010,92,21,92.00000,0.05415
534F4C31,30574,251107801,243,142,3031,3012,101,19,101.00000,0.04900
534F4C31,30575,251112592,295,233,3031,3010,62,21,62.00000,0.05415
534F4C31,30576,251117564,279,162,3030,3012,117,18,117.00000,0.04642
534F4C31,30577,251122995,281,180,3032,3011,101,21,101.00000,0.05415
534F4C31,30577,251127568,312,203,3032,3012,109,20,109.00000,0.05158
534F4C31,30578,251132560,333,241,3032,3009,92,23,92.00000,0.05931
534F4C31,30579,251137587,296,201,3032,3012,95,20,95.00000,0.05158
534F4C31,30579,251143699,336,191,3032,3011,145,21,145.00000,0.05415
534F4C31,30579,251147552,325,227,3033,3012,98,21,98.00000,0.05415
534F4C31,30580,251152602,284,224,3032,3011,60,21,60.00000,0.05415
534F4C31,30581,251157557,259,178,3032,3012,81,20,81.00000,0.05158
534F4C31,30582,251162694,314,273,3033,3013,41,20,41.00000,0.05158
534F4C31,30583,251167824,274,165,3033,3014,109,19,109.00000,0.04900
534F4C31,30583,251172558,272,195,3033,3014,77,19,77.00000,0.04900
534F4C31,30584,251177557,301,204,3033,3012,97,21,97.00000,0.05415
534F4C31,30584,251182547,347,204,3032,3012,143,20,143.00000,0.05158
534F4C31,30585,251188127,300,231,3031,3011,69,20,69.00000,0.05158
534F4C31,30585,251192565,255,188,3032,3011,67,21,67.00000,0.05415
534F4C31,30586,251197593,319,257,3032,3011,62,21,62.00000,0.05415
534F4C31,30586,251202608,298,229,3031,3012,69,19,69.00000,0.04900
534F4C31,30586,251207553,280,198,3031,3012,82,19,82.00000,0.04900
534F4C31,30587,251212978,308,283,3032,3014,25,18,25.00000,0.04642
534F4C31,30588,251217550,261,222,3031,3011,39,20,39.00000,0.05158
534F4C31,30588,251223198,261,129,3032,3011,132,21,132.00000,0.05415
534F4C31,30589,251227553,315,185,3033,3013,130,20,130.00000,0.05158
534F4C31,30590,251232649,366,213,3033,3010,153,23,153.00000,0.05931
534F4C31,30590,251237607,280,221,3031,3011,59,20,59.00000,0.05158
534F4C31,30590,251242582,273,201,3032,3011,72,21,72.00000,0.05415
534F4C31,30591,251247579,329,225,3031,3012,104,19,104.00000,0.04900
534F4C31,30592,251252552,311,153,3031,3011,158,20,158.00000,0.05158
534F4C31,30593,251257599,286,221,3036,3012,65,24,65.00000,0.06189
534F4C31,30593,251263104,264,230,3031,3008,34,23,34.00000,0.05931
534F4C31,30594,251267548,225,149,3031,3010,76,21,76.00000,0.05415
534F4C31,30595,251272739,276,200,3032,3013,76,19,76.00000,0.04900
534F4C31,30596,251277692,300,220,3036,3010,80,26,80.00000,0.06705
534F4C31,30597,251285259,317,167,3033,3013,150,20,150.00000,0.05158
534F4C31,30597,251289215,281,133,3033,3013,148,20,148.00000,0.05158
534F4C31,30597,251292569,267,194,3032,3012,73,20,73.00000,0.05158
534F4C31,30598,251297547,289,209,3032,3013,80,19,80.00000,0.04900
534F4C31,30599,251302758,296,189,3035,3013,107,22,107.00000,0.05673
534F4C31,30599,251307756,287,160,3032,3013,127,19,127.00000,0.04900
534F4C31,30600,251312596,333,222,3032,3009,111,23,111.00000,0.05931
534F4C31,30601,251317565,339,219,3030,3011,120,19,120.00000,0.04900
534F4C31,30602,251322724,278,255,3031,3010,23,21,23.00000,0.05415
534F4C31,30602,251329207,252,162,3032,3009,90,23,90.00000,0.05931
534F4C31,30602,251332562,287,176,3031,3012,111,19,111.00000,0.04900
534F4C31,30603,251337562,315,203,3030,3011,112,19,112.00000,0.04900
534F4C31,30604,251342565,323,238,3032,3008,85,24,85.00000,0.06189
534F4C31,30604,251347565,321,247,3032,3011,74,21,74.00000,0.05415
534F4C31,30604,251352564,301,200,3032,3012,101,20,101.00000,0.05158
534F4C31,30604,251357560,308,194,3032,3010,114,22,114.00000,0.05673
534F4C31,30604,251362563,349,235,3033,3013,114,20,114.00000,0.05158
534F4C31,30605,251368088,305,256,3032,3012,49,20,49.00000,0.05158
534F4C31,30606,251372572,237,191,3032,3011,46,21,46.00000,0.05415
534F4C31,30606,251378076,294,186,3031,3011,108,20,108.00000,0.05158
534F4C31,30606,251382577,325,176,3031,3012,149,19,149.00000,0.04900
534F4C31,30607,251387664,326,194,3030,3009,132,21,132.00000,0.05415
534F4C31,30608,251392564,287,232,3031,3012,55,19,55.00000,0.04900
534F4C31,30609,251398025,284,230,3030,3011,54,19,54.00000,0.04900
534F4C31,30610,251403272,281,210,3031,3011,71,20,71.00000,0.05158
534F4C31,30611,251407825,229,130,3031,3012,99,19,99.00000,0.04900
534F4C31,30612,251412902,307,253,3031,3012,54,19,54.00000,0.04900
534F4C31,30613,251418074,290,187,3033,3012,103,21,103.00000,0.05415
534F4C31,30614,251423714,307,153,3032,3010,154,22,154.00000,0.05673
534F4C31,30614,251428650,342,215,3032,3012,127,20,127.00000,0.05158
534F4C31,30614,251432548,327,189,3031,3013,138,18,138.00000,0.04642
534F4C31,30615,251437873,275,219,3032,3013,56,19,56.00000,0.04900
534F4C31,30616,251443007,280,211,3034,3010,69,24,69.00000,0.06189
534F4C31,30616,251447555,306,238,3031,3009,68,22,68.00000,0.05673
534F4C31,30616,251452606,308,217,3030,3009,91,21,91.00000,0.05415
534F4C31,30616,251457571,305,208,3031,3010,97,21,97.00000,0.05415
534F4C31,30616,251462565,344,238,3032,3010,106,22,106.00000,0.05673
534F4C31,30616,251467560,349,232,3031,3011,117,20,117.00000,0.05158
534F4C31,30617,251472739,327,221,3031,3013,106,18,106.00000,0.04642
534F4C31,30618,251477581,324,230,3031,3008,94,23,94.00000,0.05931
534F4C31,30619,251483156,368,235,3031,3011,133,20,133.00000,0.05158
534F4C31,30620,251487586,328,206,3031,3011,122,20,122.00000,0.05158
534F4C31,30621,251492566,278,245,3032,3011,33,21,33.00000,0.05415
534F4C31,30621,251497554,254,205,3032,3011,49,21,49.00000,0.05415
534F4C31,30622,251502985,312,214,3030,3011,98,19,98.00000,0.04900
534F4C31,30623,251507548,277,218,3032,3009,59,23,59.00000,0.05931
534F4C31,30623,251513322,308,211,3032,3011,97,21,97.00000,0.05415
534F4C31,30623,251517552,301,185,3030,3011,116,19,116.00000,0.04900
534F4C31,30624,251522575,316,201,3032,3013,115,19,115.00000,0.04900
534F4C31,30625,251527707,340,208,3033,3013,132,20,132.00000,0.05158
534F4C31,30626,251532574,327,214,3030,3013,113,17,113.00000,0.04384
534F4C31,30626,251538029,323,208,3031,3011,115,20,115.00000,0.05158
534F4C31,30627,251542577,317,232,3031,3009,85,22,85.00000,0.05673
534F4C31,30627,251547623,337,241,3031,3009,96,22,96.00000,0.05673
534F4C31,30627,251552550,333,226,3030,3012,107,18,107.00000,0.04642
534F4C31,30628,251557648,289,243,3031,3011,46,20,46.00000,0.05158
534F4C31,30628,251562549,277,202,3032,3010,75,22,75.00000,0.05673
534F4C31,30629,251567570,325,221,3033,3012,104,21,104.00000,0.05415
534F4C31,30629,251572706,306,211,3032,3011,95,21,95.00000,0.05415
534F4C31,30630,251577595,268,250,3032,3012,18,20,18.00000,0.05158
534F4C31,30631,251583121,258,207,3031,3010,51,21,51.00000,0.05415
534F4C31,30631,251587619,230,143,3030,3011,87,19,87.00000,0.04900
534F4C31,30632,251592570,288,222,3032,3009,66,23,66.00000,0.05931
534F4C31,30633,251597554,281,234,3032,3010,47,22,47.00000,0.05673
534F4C31,30633,251602555,279,194,3033,3010,85,23,85.00000,0.05931
534F4C31,30634,251607564,278,210,3033,3011,68,22,68.00000,0.05673
534F4C31,30634,251612551,282,220,3034,3010,62,24,62.00000,0.06189
534F4C31,30635,251617549,292,189,3044,3012,103,32,103.00000,0.08252
534F4C31,30636,251622592,308,200,3046,3010,108,36,108.00000,0.09284
534F4C31,30637,251627565,315,207,3043,3012,108,31,108.00000,0.07994
534F4C31,30638,251632563,312,202,3043,3010,110,33,110.00000,0.08510
534F4C31,30639,251638073,317,238,3044,3013,79,31,79.00000,0.07994
534F4C31,30639,251642549,258,209,3045,3011,49,34,49.00000,0.08768
534F4C31,30640,251647692,315,239,3045,3010,76,35,76.00000,0.09026
534F4C31,30641,251652576,292,176,3047,3013,116,34,116.00000,0.08768
534F4C31,30642,251657564,298,185,3046,3012,113,34,113.00000,0.08768
534F4C31,30643,251662604,294,288,3046,3012,6,34,6.00000,0.08768
534F4C31,30643,251667942,241,190,3043,3011,51,32,51.00000,0.08252
534F4C31,30643,251672627,283,205,3046,3013,78,33,78.00000,0.08510
534F4C31,30643,251677565,328,240,3046,3012,88,34,88.00000,0.08768
534F4C31,30643,251682562,362,260,3044,3011,102,33,102.00000,0.08510
534F4C31,30643,251687566,342,233,3045,3014,109,31,109.00000,0.07994
534F4C31,30644,251692591,318,276,3045,3013,42,32,42.00000,0.08252
534F4C31,30645,251698028,284,247,3046,3013,37,33,37.00000,0.08510
534F4C31,30646,251702635,271,222,3047,3012,49,35,49.00000,0.09026
534F4C31,30647,251707567,252,219,3048,3012,33,36,33.00000,0.09284
534F4C31,30648,251712549,296,224,3044,3011,72,33,72.00000,0.08510
534F4C31,30649,251718646,323,269,3045,3011,54,34,54.00000,0.08768
534F4C31,30649,251722715,255,173,3046,3010,82,36,82.00000,0.09284
534F4C31,30649,251727570,319,231,3046,3012,88,34,88.00000,0.08768
534F4C31,30649,251732557,359,256,3045,3010,103,35,103.00000,0.09026
534F4C31,30650,251737716,322,226,3045,3013,96,32,96.00000,0.08252
534F4C31,30651,251742739,305,194,3046,3013,111,33,111.00000,0.08510
534F4C31,30652,251747865,329,230,3045,3011,99,34,99.00000,0.08768
534F4C31,30652,251752543,284,158,3047,3008,126,39,126.00000,0.10057
534F4C31,30653,251757587,303,224,3046,3012,79,34,79.00000,0.08768
534F4C31,30653,251762552,303,206,3044,3011,97,33,97.00000,0.08510
534F4C31,30654,251767602,334,205,3046,3011,129,35,129.00000,0.09026
534F4C31,30655,251772550,311,132,3045,3012,179,33,179.00000,0.08510
534F4C31,30656,251777590,338,240,3046,3012,98,34,98.00000,0.08768
534F4C31,30656,251782552,294,213,3046,3011,81,35,81.00000,0.09026
534F4C31,30656,251787633,282,174,3048,3013,108,35,108.00000,0.09026
534F4C31,30656,251792552,322,213,3044,3011,109,33,109.00000,0.08510
534F4C31,30656,251797873,355,238,3046,3012,117,34,117.00000,0.08768
534F4C31,30656,251802561,326,193,3044,3009,133,35,133.00000,0.09026
534F4C31,30657,251807567,321,201,3046,3011,120,35,120.00000,0.09026
534F4C31,30657,251812550,349,194,3046,3011,155,35,155.00000,0.09026
534F4C31,30658,251817885,340,263,3044,3009,77,35,77.00000,0.09026
534F4C31,30659,251822617,231,161,3044,3012,70,32,70.00000,0.08252
534F4C31,30660,251827602,293,234,3046,3012,59,34,59.00000,0.08768
534F4C31,30661,251832742,311,231,3045,3011,80,34,80.00000,0.08768
534F4C31,30662,251837634,297,190,3044,3009,107,35,107.00000,0.09026
534F4C31,30663,251842917,279,150,3048,3011,129,37,129.00000,0.09541
534F4C31,30663,251847839,320,234,3043,3011,86,32,86.00000,0.08252
534F4C31,30663,251852562,290,195,3044,3008,95,36,95.00000,0.09284
534F4C31,30664,251857607,284,243,3044,3009,41,35,41.00000,0.09026
534F4C31,30664,251862560,280,205,3044,3010,75,34,75.00000,0.08768
534F4C31,30665,251867588,322,201,3044,3011,121,33,121.00000,0.08510
534F4C31,30666,251872545,303,114,3045,3013,189,32,189.00000,0.08252
534F4C31,30667,251877604,310,239,3044,3010,71,34,71.00000,0.08768
534F4C31,30667,251882748,288,223,3046,3012,65,34,65.00000,0.08768
534F4C31,30667,251887560,261,196,3045,3011,65,34,65.00000,0.08768
534F4C31,30667,251892592,293,223,3046,3009,70,37,70.00000,0.09541
534F4C31,30667,251897553,333,244,3045,3011,89,34,89.00000,0.08768
534F4C31,30668,251902581,316,216,3045,3011,100,34,100.00000,0.08768
534F4C31,30669,251908083,288,195,3046,3013,93,33,93.00000,0.08510
534F4C31,30670,251912595,299,262,3046,3011,37,35,37.00000,0.09026
534F4C31,30671,251917573,246,199,3043,3010,47,33,47.00000,0.08510
534F4C31,30671,251923250,275,183,3044,3009,92,35,92.00000,0.09026
534F4C31,30672,251927583,310,219,3046,3011,91,35,91.00000,0.09026
534F4C31,30673,251932720,320,263,3044,3011,57,33,57.00000,0.08510
534F4C31,30673,251937977,259,189,3046,3012,70,34,70.00000,0.08768
534F4C31,30673,251942555,300,218,3045,3013,82,32,82.00000,0.08252
534F4C31,30674,251947561,348,249,3044,3008,99,36,99.00000,0.09284
534F4C31,30675,251952566,310,252,3045,3013,58,32,58.00000,0.08252
534F4C31,30676,251958668,304,212,3044,3011,92,33,92.00000,0.08510
534F4C31,30677,251963124,312,212,3045,3011,100,34,100.00000,0.08768
534F4C31,30678,251967579,291,182,3045,3011,109,34,109.00000,0.08768
534F4C31,30679,251972772,275,197,3050,3012,78,38,78.00000,0.09799
534F4C31,30679,251978253,304,213,3049,3011,91,38,91.00000,0.09799
534F4C31,30679,251982564,340,228,3046,3012,112,34,112.00000,0.08768
534F4C31,30679,251987552,331,202,3045,3009,129,36,129.00000,0.09284
534F4C31,30679,251992568,339,227,3045,3012,112,33,112.00000,0.08510
534F4C31,30680,251997554,357,237,3046,3010,120,36,120.00000,0.09284
534F4C31,30681,252002573,338,211,3045,3013,127,32,127.00000,0.08252
534F4C31,30682,252007600,290,216,3045,3012,74,33,74.00000,0.08510
534F4C31,30683,252012558,265,206,3044,3012,59,32,59.00000,0.08252
534F4C31,30683,252017569,250,187,3044,3011,63,33,63.00000,0.08510
534F4C31,30683,252022549,283,191,3045,3011,92,34,92.00000,0.08768
534F4C31,30684,252027889,311,251,3046,3013,60,33,60.00000,0.08510
534F4C31,30685,252032730,318,214,3045,3011,104,34,104.00000,0.08768
534F4C31,30686,252037705,294,216,3046,3011,78,35,78.00000,0.09026
534F4C31,30687,252043207,281,165,3047,3011,116,36,116.00000,0.09284
534F4C31,30688,252047561,315,168,3046,3011,147,35,147.00000,0.09026
534F4C31,30688,252052554,290,208,3045,3012,82,33,82.00000,0.08510
534F4C31,30688,252057553,275,178,3044,3010,97,34,97.00000,0.08768
534F4C31,30688,252062557,331,229,3045,3013,102,32,102.00000,0.08252
534F4C31,30688,252067556,328,217,3044,3011,111,33,111.00000,0.08510
534F4C31,30688,252072558,324,214,3045,3011,110,34,110.00000,0.08768
534F4C31,30689,252077600,300,252,3048,3011,48,37,48.00000,0.09541
534F4C31,30690,252082843,255,219,3044,3012,36,32,36.00000,0.08252
534F4C31,30691,252087559,223,202,3046,3011,21,35,21.00000,0.09026
534F4C31,30692,252092552,218,173,3046,3011,45,35,45.00000,0.09026
534F4C31,30693,252098130,334,254,3053,3012,80,41,80.00000,0.10573
534F4C31,30693,252102703,310,193,3044,3012,117,32,117.00000,0.08252
534F4C31,30694,252108804,335,261,3047,3010,74,37,74.00000,0.09541
534F4C31,30695,252113522,318,224,3044,3012,94,32,94.00000,0.08252
534F4C31,30696,252118101,305,172,3045,3013,133,32,133.00000,0.08252
534F4C31,30696,252122604,249,176,3046,3012,73,34,73.00000,0.08768
534F4C31,30696,252127559,287,201,3046,3013,86,33,86.00000,0.08510
534F4C31,30696,252132553,343,222,3045,3011,121,34,121.00000,0.08768
534F4C31,30696,252137602,335,219,3045,3011,116,34,116.00000,0.08768
534F4C31,30696,252142571,335,231,3046,3012,104,34,104.00000,0.08768
534F4C31,30697,252147586,364,255,3048,3009,109,39,109.00000,0.10057
534F4C31,30698,252152667,317,243,3046,3013,74,33,74.00000,0.08510
534F4C31,30699,252157908,274,242,3046,3012,32,34,32.00000,0.08768
534F4C31,30700,252163546,308,239,3046,3013,69,33,69.00000,0.08510
534F4C31,30701,252167588,305,219,3044,3011,86,33,86.00000,0.08510
534F4C31,30702,252172562,288,179,3045,3010,109,35,109.00000,0.09026
534F4C31,30703,252178295,341,145,3046,3012,196,34,196.00000,0.08768
534F4C31,30703,252182576,346,209,3045,3011,137,34,137.00000,0.08768
534F4C31,30703,252187981,322,193,3045,3008,129,37,129.00000,0.09541
534F4C31,30703,252192568,325,213,3046,3011,112,35,112.00000,0.09026
534F4C31,30704,252197560,355,237,3047,3013,118,34,118.00000,0.08768
534F4C31,30705,252202566,311,240,3045,3011,71,34,71.00000,0.08768
534F4C31,30706,252207551,255,203,3047,3009,52,38,52.00000,0.09799
534F4C31,30706,252212960,304,243,3046,3011,61,35,61.00000,0.09026
534F4C31,30707,252217549,283,172,3047,3010,111,37,111.00000,0.09541
534F4C31,30708,252222866,323,204,3045,3009,119,36,119.00000,0.09284
534F4C31,30709,252227684,339,233,3045,3010,106,35,106.00000,0.09026
534F4C31,30710,252233271,346,212,3045,3010,134,35,134.00000,0.09026
534F4C31,30710,252237695,298,202,3047,3010,96,37,96.00000,0.09541
534F4C31,30711,252242569,293,192,3046,3009,101,37,101.00000,0.09541
534F4C31,30711,252247680,331,258,3045,3013,73,32,73.00000,0.08252
534F4C31,30711,252252553,311,217,3044,3012,94,32,94.00000,0.08252
534F4C31,30711,252257905,320,227,3045,3012,93,33,93.00000,0.08510
534F4C31,30712,252262572,327,237,3045,3012,90,33,90.00000,0.08510
534F4C31,30713,252267591,312,224,3044,3010,88,34,88.00000,0.08768
534F4C31,30714,252272555,283,157,3044,3010,126,34,126.00000,0.08768
534F4C31,30714,252277831,332,206,3045,3010,126,35,126.00000,0.09026
534F4C31,30715,252282595,342,220,3044,3009,122,35,122.00000,0.09026
534F4C31,30716,252288063,340,205,3044,3012,135,32,135.00000,0.08252
534F4C31,30717,252292584,294,229,3046,3009,65,37,65.00000,0.09541
534F4C31,30717,252298829,296,169,3047,3010,127,37,127.00000,0.09541
534F4C31,30717,252302583,283,164,3045,3012,119,33,119.00000,0.08510
534F4C31,30717,252307548,307,189,3046,3011,118,35,118.00000,0.09026
534F4C31,30718,252312556,351,235,3047,3012,116,35,116.00000,0.09026
534F4C31,30718,252317558,358,211,3047,3011,147,36,147.00000,0.09284
534F4C31,30719,252322594,335,217,3044,3011,118,33,118.00000,0.08510
534F4C31,30720,252327547,290,171,3048,3008,119,40,119.00000,0.10315
534F4C31,30720,252332597,333,221,3045,3011,112,34,112.00000,0.08768
534F4C31,30721,252337550,312,207,3045,3012,105,33,105.00000,0.08510
534F4C31,30721,252342569,345,241,3046,3010,104,36,104.00000,0.09284
534F4C31,30721,252347575,353,235,3046,3009,118,37,118.00000,0.09541
534F4C31,30721,252352555,342,198,3045,3011,144,34,144.00000,0.08768
534F4C31,30722,252357800,332,239,3046,3013,93,33,93.00000,0.08510
534F4C31,30723,252362563,364,254,3045,3010,110,35,110.00000,0.09026
534F4C31,30724,252367583,312,165,3047,3010,147,37,147.00000,0.09541
534F4C31,30725,252372567,291,179,3046,3010,112,36,112.00000,0.09284
534F4C31,30726,252377704,305,217,3047,3010,88,37,88.00000,0.09541
534F4C31,30726,252382670,327,228,3045,3008,99,37,99.00000,0.09541
534F4C31,30727,252387715,318,210,3044,3010,108,34,108.00000,0.08768
534F4C31,30728,252392590,311,251,3050,3011,60,39,60.00000,0.10057
534F4C31,30729,252397560,301,215,3046,3011,86,35,86.00000,0.09026
534F4C31,30729,252403699,346,224,3044,3009,122,35,122.00000,0.09026
534F4C31,30729,252407559,257,133,3043,3010,124,33,124.00000,0.08510
534F4C31,30730,252412591,334,227,3045,3012,107,33,107.00000,0.08510
534F4C31,30730,252417554,350,225,3046,3010,125,36,125.00000,0.09284
534F4C31,30730,252422570,335,214,3046,3013,121,33,121.00000,0.08510
534F4C31,30731,252427568,355,241,3047,3011,114,36,114.00000,0.09284
534F4C31,30732,252432563,355,244,3045,3012,111,33,111.00000,0.08510
534F4C31,30733,252437702,273,222,3046,3012,51,34,51.00000,0.08768
534F4C31,30733,252442797,269,209,3046,3011,60,35,60.00000,0.09026
534F4C31,30734,252447590,327,237,3046,3010,90,36,90.00000,0.09284
534F4C31,30735,252452578,273,221,3046,3013,52,33,52.00000,0.08510
534F4C31,30736,252459015,268,206,3053,3011,62,42,62.00000,0.10831
534F4C31,30736,252465945,395,278,3046,3011,117,35,117.00000,0.09026
534F4C31,30736,252468284,289,160,3045,3011,129,34,129.00000,0.08768
534F4C31,30736,252473006,309,192,3046,3011,117,35,117.00000,0.09026
534F4C31,30737,252477581,331,221,3044,3010,110,34,110.00000,0.08768
534F4C31,30737,252482549,363,257,3046,3009,106,37,106.00000,0.09541
534F4C31,30738,252487614,283,238,3047,3008,45,39,45.00000,0.10057
534F4C31,30738,252493580,304,221,3045,3010,83,35,83.00000,0.09026
534F4C31,30739,252497806,318,244,3046,3011,74,35,74.00000,0.09026
534F4C31,30740,252502550,308,205,3046,3008,103,38,103.00000,0.09799
534F4C31,30740,252507722,315,229,3045,3009,86,36,86.00000,0.09284
534F4C31,30741,252512803,317,267,3046,3013,50,33,50.00000,0.08510
534F4C31,30742,252517554,272,195,3044,3013,77,31,77.00000,0.07994
534F4C31,30742,252523170,319,189,3043,3009,130,34,130.00000,0.08768
534F4C31,30742,252527937,345,224,3045,3013,121,32,121.00000,0.08252
534F4C31,30742,252532557,350,220,3044,3007,130,37,130.00000,0.09541
534F4C31,30743,252537594,280,221,3045,3012,59,33,59.00000,0.08510
534F4C31,30744,252542570,276,227,3047,3011,49,36,49.00000,0.09284
534F4C31,30745,252547959,287,214,3045,3011,73,34,73.00000,0.08768
534F4C31,30746,252552551,279,191,3045,3012,88,33,88.00000,0.08510
534F4C31,30747,252557988,296,214,3048,3013,82,35,82.00000,0.09026
534F4C31,30748,252562577,266,270,3046,3009,-4,37,-4.00000,0.09541
534F4C31,30748,252568966,243,155,3044,3012,88,32,88.00000,0.08252
534F4C31,30748,252572549,255,126,3045,3012,129,33,129.00000,0.08510
534F4C31,30748,252577571,329,198,3045,3009,131,36,131.00000,0.09284
534F4C31,30749,252582555,368,243,3045,3011,125,34,125.00000,0.08768
534F4C31,30750,252587572,342,235,3048,3011,107,37,107.00000,0.09541
534F4C31,30751,252592788,312,243,3045,3012,69,33,69.00000,0.08510
534F4C31,30752,252597562,312,220,3053,3012,92,41,92.00000,0.10573
534F4C31,30752,252602548,319,182,3047,3012,137,35,137.00000,0.09026
534F4C31,30753,252607579,263,280,3047,3008,-17,39,-17.00000,0.10057
534F4C31,30754,252613592,219,216,3045,3010,3,35,3.00000,0.09026
534F4C31,30754,252618078,253,154,3046,3011,99,35,99.00000,0.09026
534F4C31,30755,252622624,284,203,3045,3010,81,35,81.00000,0.09026
534F4C31,30756,252627573,281,224,3049,3013,57,36,57.00000,0.09284
534F4C31,30756,252632555,308,217,3045,3011,91,34,91.00000,0.08768
534F4C31,30756,252637552,316,179,3044,3012,137,32,137.00000,0.08252
534F4C31,30756,252642845,341,237,3044,3009,104,35,104.00000,0.09026
534F4C31,30756,252647551,350,239,3045,3008,111,37,111.00000,0.09541
534F4C31,30757,252652554,345,227,3046,3011,118,35,118.00000,0.09026
534F4C31,30758,252657572,302,235,3046,3012,67,34,67.00000,0.08768
534F4C31,30759,252662655,297,256,3048,3010,41,38,41.00000,0.09799
534F4C31,30760,252667693,292,183,3043,3011,109,32,109.00000,0.08252
534F4C31,30761,252672558,282,209,3045,3009,73,36,73.00000,0.09284
534F4C31,30761,252678009,308,155,3046,3009,153,37,153.00000,0.09541
534F4C31,30762,252682565,354,224,3046,3011,130,35,130.00000,0.09026
534F4C31,30763,252687579,311,205,3045,3011,106,34,106.00000,0.08768
534F4C31,30764,252692664,296,198,3046,3014,98,32,98.00000,0.08252
534F4C31,30765,252697711,328,202,3045,3012,126,33,126.00000,0.08510
534F4C31,30766,252702547,307,143,3044,3013,164,31,164.00000,0.07994
534F4C31,30766,252708034,324,174,3045,3012,150,33,150.00000,0.08510
534F4C31,30766,252712591,343,215,3045,3013,128,32,128.00000,0.08252
534F4C31,30766,252717559,357,223,3046,3012,134,34,134.00000,0.08768
534F4C31,30767,252722585,315,226,3048,3010,89,38,89.00000,0.09799
534F4C31,30768,252727568,293,180,3047,3011,113,36,113.00000,0.09284
534F4C31,30768,252732571,340,233,3047,3012,107,35,107.00000,0.09026
534F4C31,30768,252737550,279,178,3045,3012,101,33,101.00000,0.08510
534F4C31,30768,252742570,319,224,3046,3012,95,34,95.00000,0.08768
534F4C31,30768,252747559,352,249,3046,3013,103,33,103.00000,0.08510
534F4C31,30769,252752585,315,240,3047,3012,75,35,75.00000,0.09026
534F4C31,30770,252757654,255,163,3050,3011,92,39,92.00000,0.10057
534F4C31,30771,252762582,300,206,3045,3013,94,32,94.00000,0.08252
534F4C31,30771,252767554,317,163,3045,3013,154,32,154.00000,0.08252
534F4C31,30772,252773534,322,216,3045,3011,106,34,106.00000,0.08768
534F4C31,30773,252777666,303,215,3046,3010,88,36,88.00000,0.09284
534F4C31,30774,252783891,355,246,3044,3013,109,31,109.00000,0.07994
534F4C31,30775,252787612,268,163,3044,3012,105,32,105.00000,0.08252
534F4C31,30775,252793288,333,185,3045,3012,148,33,148.00000,0.08510
534F4C31,30775,252797572,341,235,3045,3012,106,33,106.00000,0.08510
534F4C31,30776,252802752,312,211,3046,3011,101,35,101.00000,0.09026
534F4C31,30777,252807562,301,198,3047,3010,103,37,103.00000,0.09541
534F4C31,30777,252813838,369,250,3046,3013,119,33,119.00000,0.08510
534F4C31,30777,252817558,299,173,3045,3013,126,32,126.00000,0.08252
534F4C31,30778,252822598,262,222,3051,3012,40,39,40.00000,0.10057
534F4C31,30779,252828484,293,222,3045,3012,71,33,71.00000,0.08510
534F4C31,30779,252832552,304,204,3048,3012,100,36,100.00000,0.09284
534F4C31,30779,252837734,298,180,3045,3010,118,35,118.00000,0.09026
534F4C31,30780,252842604,322,222,3046,3013,100,33,100.00000,0.08510
534F4C31,30780,252847624,353,253,3045,3012,100,33,100.00000,0.08510
534F4C31,30781,252852577,314,228,3045,3012,86,33,86.00000,0.08510
534F4C31,30781,252857568,290,128,3046,3010,162,36,162.00000,0.09284
534F4C31,30782,252862600,341,254,3044,3010,87,34,87.00000,0.08768
534F4C31,30782,252867600,318,205,3045,3010,113,35,113.00000,0.09026
534F4C31,30783,252872645,270,232,3046,3008,38,38,38.00000,0.09799
534F4C31,30784,252877572,256,256,3051,3010,0,41,0.00000,0.10573
534F4C31,30784,252883745,289,199,3046,3012,90,34,90.00000,0.08768
534F4C31,30785,252887568,270,196,3047,3011,74,36,74.00000,0.09284
534F4C31,30786,252892555,297,218,3047,3011,79,36,79.00000,0.09284
534F4C31,30786,252897548,337,239,3045,3011,98,34,98.00000,0.08768
534F4C31,30787,252902603,305,251,3045,3010,54,35,54.00000,0.09026
534F4C31,30788,252907549,255,218,3050,3013,37,37,37.00000,0.09541
534F4C31,30789,252913918,334,238,3045,3011,96,34,96.00000,0.08768
534F4C31,30789,252918008,307,223,3045,3008,84,37,84.00000,0.09541
534F4C31,30790,252923508,266,177,3046,3011,89,35,89.00000,0.09026
534F4C31,30790,252927607,294,142,3046,3011,152,35,152.00000,0.09026
534F4C31,30791,252932562,331,207,3045,3009,124,36,124.00000,0.09284
534F4C31,30792,252937550,297,169,3050,3007,128,43,128.00000,0.11089
534F4C31,30792,252943765,326,215,3046,3012,111,34,111.00000,0.08768
534F4C31,30792,252947556,304,197,3047,3012,107,35,107.00000,0.09026
534F4C31,30792,252952555,323,199,3045,3009,124,36,124.00000,0.09284
534F4C31,30793,252957555,321,202,3047,3011,119,36,119.00000,0.09284
534F4C31,30794,252962571,326,261,3047,3012,65,35,65.00000,0.09026
534F4C31,30795,252967643,288,233,3048,3009,55,39,55.00000,0.10057
534F4C31,30796,252973558,284,176,3046,3010,108,36,108.00000,0.09284
534F4C31,30796,252977575,295,137,3047,3012,158,35,158.00000,0.09026
534F4C31,30797,252982566,359,231,3046,3012,128,34,128.00000,0.08768
534F4C31,30797,252987562,347,217,3046,3012,130,34,130.00000,0.08768
534F4C31,30798,252992596,333,223,3046,3011,110,35,110.00000,0.09026
534F4C31,30798,252997551,311,177,3044,3010,134,34,134.00000,0.08768
534F4C31,30798,253002554,326,223,3044,3009,103,35,103.00000,0.09026
534F4C31,30799,253007557,294,195,3046,3010,99,36,99.00000,0.09284
534F4C31,30799,253012550,330,162,3046,3011,168,35,168.00000,0.09026
534F4C31,30800,253018492,359,251,3043,3010,108,33,108.00000,0.08510
534F4C31,30801,253022548,260,174,3047,3010,86,37,86.00000,0.09541
534F4C31,30801,253028432,329,188,3046,3011,141,35,141.00000,0.09026
534F4C31,30802,253032571,349,224,3045,3012,125,33,125.00000,0.08510
534F4C31,30803,253037830,324,197,3047,3010,127,37,127.00000,0.09541
534F4C31,30803,253042773,299,186,3045,3012,113,33,113.00000,0.08510
534F4C31,30803,253048197,341,227,3046,3012,114,34,114.00000,0.08768
534F4C31,30804,253052550,318,200,3047,3014,118,33,118.00000,0.08510
534F4C31,30805,253058085,291,258,3045,3010,33,35,33.00000,0.09026
534F4C31,30806,253062853,269,205,3047,3011,64,36,64.00000,0.09284
534F4C31,30806,253067965,311,178,3045,3009,133,36,133.00000,0.09284
534F4C31,30807,253072601,313,199,3047,3011,114,36,114.00000,0.09284
534F4C31,30807,253077547,340,223,3046,3009,117,37,117.00000,0.09541
534F4C31,30807,253082549,362,227,3045,3011,135,34,135.00000,0.08768
534F4C31,30808,253087603,290,228,3043,3012,62,31,62.00000,0.07994
534F4C31,30809,253092557,257,200,3046,3011,57,35,57.00000,0.09026
534F4C31,30810,253097708,294,211,3045,3011,83,34,83.00000,0.08768
534F4C31,30811,253103788,310,187,3046,3009,123,37,123.00000,0.09541
534F4C31,30811,253110222,371,239,3046,3009,132,37,132.00000,0.09541
534F4C31,30811,253112539,288,159,3044,3008,129,36,129.00000,0.09284
534F4C31,30812,253117556,339,189,3050,3009,150,41,150.00000,0.10573
534F4C31,30813,253124207,354,170,3047,3012,184,35,184.00000,0.09026
534F4C31,30813,253128847,365,229,3045,3009,136,36,136.00000,0.09284
534F4C31,30813,253132562,309,175,3045,3009,134,36,134.00000,0.09284
534F4C31,30813,253137552,329,202,3044,3010,127,34,127.00000,0.08768
534F4C31,30814,253142571,338,228,3047,3010,110,37,110.00000,0.09541
534F4C31,30815,253147565,358,240,3046,3013,118,33,118.00000,0.08510
534F4C31,30816,253152640,316,211,3046,3009,105,37,105.00000,0.09541
534F4C31,30817,253157849,289,148,3044,3011,141,33,141.00000,0.08510
534F4C31,30818,253162558,337,218,3044,3009,119,35,119.00000,0.09026
534F4C31,30819,253168309,348,161,3044,3009,187,35,187.00000,0.09026
534F4C31,30820,253172566,289,151,3049,3007,138,42,138.00000,0.10831
534F4C31,30820,253178916,332,241,3046,3011,91,35,91.00000,0.09026
534F4C31,30820,253182560,315,212,3046,3011,103,35,103.00000,0.09026
534F4C31,30821,253187565,326,218,3051,3011,108,40,108.00000,0.10315
534F4C31,30821,253192994,328,247,3046,3009,81,37,81.00000,0.09541
534F4C31,30821,253197951,338,254,3046,3012,84,34,84.00000,0.08768
534F4C31,30822,253203097,337,253,3045,3010,84,35,84.00000,0.09026
534F4C31,30823,253207741,251,164,3048,3011,87,37,87.00000,0.09541
534F4C31,30823,253212548,321,219,3046,3010,102,36,102.00000,0.09284
534F4C31,30824,253217603,351,240,3045,3011,111,34,111.00000,0.08768
534F4C31,30825,253222798,301,216,3044,3011,85,33,85.00000,0.08510
534F4C31,30825,253228407,339,217,3047,3012,122,35,122.00000,0.09026
534F4C31,30825,253232548,345,230,3046,3009,115,37,115.00000,0.09541
534F4C31,30826,253237616,291,219,3047,3010,72,37,72.00000,0.09541
534F4C31,30827,253243199,277,189,3048,3013,88,35,88.00000,0.09026
534F4C31,30828,253247598,319,227,3046,3011,92,35,92.00000,0.09026
534F4C31,30828,253252549,319,183,3046,3009,136,37,136.00000,0.09541
534F4C31,30829,253257571,309,178,3046,3013,131,33,131.00000,0.08510
534F4C31,30829,253262571,341,192,3047,3012,149,35,149.00000,0.09026
534F4C31,30830,253267656,355,213,3046,3014,142,32,142.00000,0.08252
534F4C31,30830,253272552,323,151,3045,3010,172,35,172.00000,0.09026
534F4C31,30830,253277607,328,229,3046,3012,99,34,99.00000,0.08768
534F4C31,30830,253282550,344,244,3046,3013,100,33,100.00000,0.08510
534F4C31,30831,253287602,329,231,3046,3012,98,34,98.00000,0.08768
534F4C31,30832,253292672,329,250,3048,3010,79,38,79.00000,0.09799
534F4C31,30833,253297733,322,246,3047,3012,76,35,76.00000,0.09026
534F4C31,30834,253302565,309,189,3049,3010,120,39,120.00000,0.10057
534F4C31,30835,253308415,323,174,3046,3011,149,35,149.00000,0.09026
534F4C31,30835,253312683,333,209,3045,3011,124,34,124.00000,0.08768
534F4C31,30835,253317556,316,186,3043,3009,130,34,130.00000,0.08768
534F4C31,30835,253322550,303,183,3045,3012,120,33,120.00000,0.08510
534F4C31,30835,253327556,341,200,3046,3011,141,35,141.00000,0.09026
534F4C31,30836,253332558,360,203,3046,3011,157,35,157.00000,0.09026
534F4C31,30837,253337555,321,219,3045,3012,102,33,102.00000,0.08510
534F4C31,30838,253342844,276,245,3047,3011,31,36,31.00000,0.09284
534F4C31,30839,253347568,239,244,3045,3012,-5,33,-5.00000,0.08510
534F4C31,30840,253352552,234,201,3046,3011,33,35,33.00000,0.09026
534F4C31,30841,253358215,276,209,3048,3011,67,37,67.00000,0.09541
534F4C31,30841,253362550,274,203,3046,3011,71,35,71.00000,0.09026
534F4C31,30842,253368027,310,188,3045,3011,122,34,122.00000,0.08768
534F4C31,30843,253372548,297,193,3046,3011,104,35,104.00000,0.09026
534F4C31,30843,253377566,289,172,3048,3011,117,37,117.00000,0.09541
534F4C31,30843,253382558,349,206,3046,3012,143,34,143.00000,0.08768
534F4C31,30843,253387550,337,189,3045,3013,148,32,148.00000,0.08252
534F4C31,30844,253393121,357,241,3046,3012,116,34,116.00000,0.08768
534F4C31,30845,253397550,322,213,3045,3013,109,32,109.00000,0.08252
534F4C31,30846,253402911,297,193,3046,3012,104,34,104.00000,0.08768
534F4C31,30846,253408580,288,183,3047,3012,105,35,105.00000,0.09026
534F4C31,30846,253412552,287,202,3045,3012,85,33,85.00000,0.08510
534F4C31,30847,253417547,307,186,3044,3013,121,31,121.00000,0.07994
534F4C31,30847,253422590,312,214,3048,3012,98,36,98.00000,0.09284
534F4C31,30847,253427552,314,224,3047,3010,90,37,90.00000,0.09541
534F4C31,30848,253432602,351,243,3047,3010,108,37,108.00000,0.09541
534F4C31,30848,253437549,299,191,3045,3011,108,34,108.00000,0.08768
534F4C31,30849,253444124,350,272,3045,3013,78,32,78.00000,0.08252
534F4C31,30850,253447547,295,227,3046,3012,68,34,68.00000,0.08768
534F4C31,30850,253452766,302,216,3047,3013,86,34,86.00000,0.08768
534F4C31,30851,253457860,307,217,3045,3012,90,33,90.00000,0.08510
534F4C31,30851,253462591,330,235,3046,3010,95,36,95.00000,0.09284
534F4C31,30852,253467590,285,239,3047,3013,46,34,46.00000,0.08768
534F4C31,30853,253472972,249,148,3045,3011,101,34,101.00000,0.08768
534F4C31,30853,253478272,321,191,3046,3011,130,35,130.00000,0.09026
534F4C31,30853,253482551,324,212,3044,3013,112,31,112.00000,0.07994
534F4C31,30854,253487586,308,219,3050,3013,89,37,89.00000,0.09541
534F4C31,30855,253492644,282,199,3045,3011,83,34,83.00000,0.08768
534F4C31,30856,253497604,309,272,3044,3010,37,34,37.00000,0.08768
534F4C31,30856,253503175,279,196,3046,3011,83,35,83.00000,0.09026
534F4C31,30857,253507627,288,178,3059,3011,110,48,110.00000,0.12378
534F4C31,30857,253512551,338,232,3058,3010,106,48,106.00000,0.12378
534F4C31,30858,253517596,353,242,3062,3012,111,50,111.00000,0.12894
534F4C31,30858,253522560,322,188,3059,3015,134,44,134.00000,0.11347
534F4C31,30859,253527599,348,234,3057,3012,114,45,114.00000,0.11604
534F4C31,30859,253532579,354,167,3057,3012,187,45,187.00000,0.11604
534F4C31,30860,253537591,293,218,3057,3013,75,44,75.00000,0.11347
534F4C31,30861,253542558,231,254,3058,3010,-23,48,-23.00000,0.12378
534F4C31,30861,253548115,227,212,3056,3012,15,44,15.00000,0.11347
534F4C31,30862,253552553,267,183,3056,3011,84,45,84.00000,0.11604
534F4C31,30862,253557567,285,200,3056,3012,85,44,85.00000,0.11347
534F4C31,30863,253562553,321,195,3057,3012,126,45,126.00000,0.11604
534F4C31,30863,253568599,346,188,3057,3010,158,47,158.00000,0.12120
534F4C31,30863,253572566,308,173,3060,3013,135,47,135.00000,0.12120
534F4C31,30863,253577553,345,229,3059,3010,116,49,116.00000,0.12636
534F4C31,30864,253583097,360,262,3058,3011,98,47,98.00000,0.12120
534F4C31,30865,253587560,294,221,3057,3010,73,47,73.00000,0.12120
534F4C31,30866,253592930,300,240,3058,3011,60,47,60.00000,0.12120
534F4C31,30866,253597648,317,238,3059,3011,79,48,79.00000,0.12378
534F4C31,30867,253602606,324,228,3056,3012,96,44,96.00000,0.11347
534F4C31,30868,253607661,274,254,3057,3011,20,46,20.00000,0.11862
534F4C31,30869,253612550,253,273,3060,3010,-20,50,-20.00000,0.12894
534F4C31,30869,253618596,246,179,3057,3009,67,48,67.00000,0.12378
534F4C31,30870,253622562,269,177,3058,3010,92,48,92.00000,0.12378
534F4C31,30870,253627565,313,229,3056,3011,84,45,84.00000,0.11604
534F4C31,30870,253632563,347,251,3060,3012,96,48,96.00000,0.12378
534F4C31,30870,253637562,332,228,3059,3011,104,48,104.00000,0.12378
534F4C31,30871,253642557,331,233,3057,3012,98,45,98.00000,0.11604
534F4C31,30872,253647572,353,265,3061,3014,88,47,88.00000,0.12120
534F4C31,30873,253652902,291,243,3058,3013,48,45,48.00000,0.11604
534F4C31,30874,253657670,234,170,3061,3010,64,51,64.00000,0.13152
534F4C31,30874,253662737,314,215,3058,3009,99,49,99.00000,0.12636
534F4C31,30875,253667841,334,232,3058,3011,102,47,102.00000,0.12120
534F4C31,30875,253672732,318,211,3057,3011,107,46,107.00000,0.11862
534F4C31,30875,253677821,343,242,3062,3011,101,51,101.00000,0.13152
534F4C31,30875,253682549,353,247,3057,3009,106,48,106.00000,0.12378
534F4C31,30876,253687857,334,238,3060,3012,96,48,96.00000,0.12378
534F4C31,30877,253692673,307,214,3060,3013,93,47,93.00000,0.12120
534F4C31,30878,253697926,352,244,3058,3011,108,47,108.00000,0.12120
534F4C31,30879,253702567,313,181,3061,3011,132,50,132.00000,0.12894
534F4C31,30879,253707550,291,164,3058,3013,127,45,127.00000,0.11604
534F4C31,30880,253712568,289,273,3057,3013,16,44,16.00000,0.11347
534F4C31,30881,253718024,252,207,3065,3012,45,53,45.00000,0.13667
534F4C31,30882,253722890,259,199,3067,3012,60,55,60.00000,0.14183
534F4C31,30883,253728676,320,231,3057,3013,89,44,89.00000,0.11347
534F4C31,30884,253732551,305,194,3059,3009,111,50,111.00000,0.12894
534F4C31,30885,253739639,334,156,3060,3012,178,48,178.00000,0.12378
534F4C31,30885,253743862,342,191,3057,3012,151,45,151.00000,0.11604
534F4C31,30885,253747550,329,196,3058,3010,133,48,133.00000,0.12378
534F4C31,30885,253752578,335,202,3057,3010,133,47,133.00000,0.12120
534F4C31,30885,253757559,322,183,3056,3010,139,46,139.00000,0.11862
534F4C31,30886,253762569,356,231,3056,3012,125,44,125.00000,0.11347
534F4C31,30887,253767574,314,216,3056,3012,98,44,98.00000,0.11347
534F4C31,30888,253772736,282,183,3059,3011,99,48,99.00000,0.12378
534F4C31,30889,253777555,326,214,3056,3011,112,45,112.00000,0.11604
534F4C31,30890,253782574,348,229,3057,3011,119,46,119.00000,0.11862
534F4C31,30891,253787562,289,152,3058,3012,137,46,137.00000,0.11862
534F4C31,30891,253792619,323,211,3058,3011,112,47,112.00000,0.12120
534F4C31,30891,253797563,345,214,3058,3011,131,47,131.00000,0.12120
534F4C31,30892,253802568,332,194,3060,3009,138,51,138.00000,0.13152
534F4C31,30893,253808318,330,225,3060,3012,105,48,105.00000,0.12378
534F4C31,30894,253812552,325,190,3058,3008,135,50,135.00000,0.12894
534F4C31,30894,253817930,365,204,3056,3009,161,47,161.00000,0.12120
534F4C31,30895,253822664,325,189,3057,3012,136,45,136.00000,0.11604
534F4C31,30895,253827552,329,213,3061,3012,116,49,116.00000,0.12636
534F4C31,30895,253833013,359,258,3055,3011,101,44,101.00000,0.11347
534F4C31,30895,253837555,315,207,3057,3012,108,45,108.00000,0.11604
534F4C31,30895,253842570,323,227,3057,3012,96,45,96.00000,0.11604
534F4C31,30895,253847555,351,251,3058,3011,100,47,100.00000,0.12120
534F4C31,30896,253852781,329,257,3058,3014,72,44,72.00000,0.11347
534F4C31,30897,253857580,276,205,3064,3013,71,51,71.00000,0.13152
534F4C31,30898,253862931,295,258,3059,3010,37,49,37.00000,0.12636
534F4C31,30899,253867587,230,252,3057,3012,-22,45,-22.00000,0.11604
534F4C31,30900,253873804,216,170,3059,3012,46,47,46.00000,0.12120
534F4C31,30900,253878256,278,184,3060,3012,94,48,94.00000,0.12378
534F4C31,30901,253883003,306,196,3058,3010,110,48,110.00000,0.12378
534F4C31,30902,253888509,318,175,3057,3010,143,47,143.00000,0.12120
534F4C31,30902,253892549,305,183,3061,3010,122,51,122.00000,0.13152
534F4C31,30902,253897550,329,249,3058,3008,80,50,80.00000,0.12894
534F4C31,30902,253902552,313,212,3057,3012,101,45,101.00000,0.11604
534F4C31,30903,253907598,297,222,3058,3008,75,50,75.00000,0.12894
534F4C31,30903,253912828,308,190,3059,3012,118,47,118.00000,0.12120
534F4C31,30904,253917597,332,221,3060,3012,111,48,111.00000,0.12378
534F4C31,30904,253922563,317,205,3058,3014,112,44,112.00000,0.11347
534F4C31,30905,253927585,323,256,3059,3013,67,46,67.00000,0.11862
534F4C31,30906,253933258,334,256,3057,3012,78,45,78.00000,0.11604
534F4C31,30907,253937609,278,193,3056,3009,85,47,85.00000,0.12120
534F4C31,30908,253942587,292,215,3056,3012,77,44,77.00000,0.11347
534F4C31,30908,253947625,297,210,3059,3012,87,47,87.00000,0.12120
534F4C31,30909,253953028,315,223,3058,3011,92,47,92.00000,0.12120
534F4C31,30910,253958181,268,154,3057,3011,114,46,114.00000,0.11862
534F4C31,30911,253962596,304,242,3059,3011,62,48,62.00000,0.12378
534F4C31,30911,253967646,265,232,3062,3008,33,54,33.00000,0.13925
534F4C31,30911,253973026,240,164,3061,3010,76,51,76.00000,0.13152
534F4C31,30912,253977554,306,209,3057,3011,97,46,97.00000,0.11862
534F4C31,30912,253982600,344,221,3063,3010,123,53,123.00000,0.13667
534F4C31,30912,253987547,320,176,3059,3012,144,47,144.00000,0.12120
534F4C31,30913,253992600,316,256,3058,3012,60,46,60.00000,0.11862
534F4C31,30913,253997822,280,179,3059,3012,101,47,101.00000,0.12120
534F4C31,30913,254002594,307,204,3059,3013,103,46,103.00000,0.11862
534F4C31,30914,254007570,314,199,3058,3012,115,46,115.00000,0.11862
534F4C31,30915,254012597,343,280,3061,3014,63,47,63.00000,0.12120
534F4C31,30916,254018178,295,181,3058,3011,114,47,114.00000,0.12120
534F4C31,30916,254022915,307,186,3061,3011,121,50,121.00000,0.12894
534F4C31,30916,254027801,326,193,3062,3009,133,53,133.00000,0.13667
534F4C31,30917,254032598,345,238,3059,3013,107,46,107.00000,0.11862
534F4C31,30918,254037585,301,211,3058,3011,90,47,90.00000,0.12120
534F4C31,30919,254042700,259,167,3059,3012,92,47,92.00000,0.12120
534F4C31,30920,254047548,330,228,3056,3011,102,45,102.00000,0.11604
534F4C31,30921,254052744,331,179,3059,3010,152,49,152.00000,0.12636
534F4C31,30922,254057573,311,221,3065,3012,90,53,90.00000,0.13667
534F4C31,30923,254064256,312,206,3057,3010,106,47,106.00000,0.12120
534F4C31,30923,254067656,285,170,3058,3011,115,47,115.00000,0.12120
534F4C31,30924,254072563,299,180,3057,3011,119,46,119.00000,0.11862
534F4C31,30925,254077566,303,227,3069,3011,76,58,76.00000,0.14957
534F4C31,30926,254082555,319,209,3058,3012,110,46,110.00000,0.11862
534F4C31,30927,254088065,305,210,3060,3010,95,50,95.00000,0.12894
534F4C31,30928,254092791,283,188,3058,3011,95,47,95.00000,0.12120
534F4C31,30929,254098493,366,252,3063,3010,114,53,114.00000,0.13667
534F4C31,30929,254102563,320,190,3057,3011,130,46,130.00000,0.11862
534F4C31,30929,254107560,316,180,3059,3010,136,49,136.00000,0.12636
534F4C31,30929,254112564,351,231,3060,3013,120,47,120.00000,0.12120
534F4C31,30930,254117594,353,217,3061,3013,136,48,136.00000,0.12378
534F4C31,30931,254122548,303,200,3058,3010,103,48,103.00000,0.12378
534F4C31,30931,254127561,275,203,3059,3012,72,47,72.00000,0.12120
534F4C31,30932,254132565,329,228,3061,3011,101,50,101.00000,0.12894
534F4C31,30933,254137548,316,163,3059,3013,153,46,153.00000,0.11862
534F4C31,30934,254142548,328,201,3063,3011,127,52,127.00000,0.13410
534F4C31,30934,254148307,379,274,3058,3012,105,46,105.00000,0.11862
534F4C31,30935,254152547,309,200,3056,3010,109,46,109.00000,0.11862
534F4C31,30936,254157633,309,189,3058,3010,120,48,120.00000,0.12378
534F4C31,30936,254162552,323,212,3058,3011,111,47,111.00000,0.12120
534F4C31,30936,254167798,352,238,3059,3012,114,47,114.00000,0.12120
534F4C31,30936,254172700,316,225,3057,3010,91,47,91.00000,0.12120
534F4C31,30936,254177551,304,217,3060,3012,87,48,87.00000,0.12378
534F4C31,30936,254182556,349,256,3059,3010,93,49,93.00000,0.12636
534F4C31,30936,254187559,335,230,3057,3011,105,46,105.00000,0.11862
534F4C31,30937,254192609,288,259,3061,3012,29,49,29.00000,0.12636
534F4C31,30938,254197704,278,243,3060,3013,35,47,35.00000,0.12120
534F4C31,30939,254203085,290,221,3059,3012,69,47,69.00000,0.12120
534F4C31,30940,254207843,268,166,3059,3013,102,46,102.00000,0.11862
534F4C31,30941,254212571,295,240,3059,3010,55,49,55.00000,0.12636
534F4C31,30941,254218004,310,212,3058,3012,98,46,98.00000,0.11862
534F4C31,30942,254222590,234,258,3059,3013,-24,46,-24.00000,0.11862
534F4C31,30942,254228151,213,182,3060,3010,31,50,31.00000,0.12894
534F4C31,30942,254232594,300,241,3059,3012,59,47,59.00000,0.12120
534F4C31,30943,254237561,305,219,3061,3012,86,49,86.00000,0.12636
534F4C31,30943,254242568,316,210,3058,3013,106,45,106.00000,0.11604
534F4C31,30944,254247592,342,262,3056,3012,80,44,80.00000,0.11347
534F4C31,30945,254252572,285,176,3056,3010,109,46,109.00000,0.11862
534F4C31,30946,254257559,288,182,3057,3010,106,47,106.00000,0.12120
534F4C31,30946,254262596,303,227,3058,3012,76,46,76.00000,0.11862
534F4C31,30947,254267813,308,223,3058,3012,85,46,85.00000,0.11862
534F4C31,30947,254272565,300,170,3059,3010,130,49,130.00000,0.12636
534F4C31,30948,254277609,340,227,3058,3011,113,47,113.00000,0.12120
534F4C31,30949,254282870,366,227,3060,3010,139,50,139.00000,0.12894
534F4C31,30949,254287930,332,180,3061,3010,152,51,152.00000,0.13152
534F4C31,30949,254292564,314,181,3061,3010,133,51,133.00000,0.13152
534F4C31,30950,254297609,353,240,3058,3011,113,47,113.00000,0.12120
534F4C31,30950,254302805,329,227,3057,3012,102,45,102.00000,0.11604
534F4C31,30951,254307572,303,182,3061,3012,121,49,121.00000,0.12636
534F4C31,30952,254313378,342,151,3058,3011,191,47,191.00000,0.12120
534F4C31,30952,254317963,345,175,3056,3010,170,46,170.00000,0.11862
534F4C31,30952,254322558,314,142,3059,3008,172,51,172.00000,0.13152
534F4C31,30952,254327602,348,220,3058,3010,128,48,128.00000,0.12378
534F4C31,30953,254332561,362,252,3058,3013,110,45,110.00000,0.11604
534F4C31,30954,254338331,339,240,3061,3011,99,50,99.00000,0.12894
534F4C31,30955,254342724,284,254,3059,3012,30,47,30.00000,0.12120
534F4C31,30956,254348574,299,290,3058,3012,9,46,9.00000,0.11862
534F4C31,30957,254355611,218,179,3060,3015,39,45,39.00000,0.11604
534F4C31,30957,254361153,321,222,3060,3013,99,47,99.00000,0.12120
534F4C31,30957,254363513,258,159,3060,3011,99,49,99.00000,0.12636
534F4C31,30958,254368856,311,223,3055,3012,88,43,88.00000,0.11089
534F4C31,30959,254372552,272,168,3059,3013,104,46,104.00000,0.11862
534F4C31,30959,254377825,314,242,3059,3011,72,48,72.00000,0.12378
534F4C31,30959,254382943,342,257,3058,3013,85,45,85.00000,0.11604
534F4C31,30960,254387580,296,229,3062,3012,67,50,67.00000,0.12894
534F4C31,30960,254392786,262,199,3057,3012,63,45,63.00000,0.11604
534F4C31,30961,254397575,311,220,3058,3012,91,46,91.00000,0.11862
534F4C31,30962,254403386,335,256,3058,3012,79,46,79.00000,0.11862
534F4C31,30963,254407556,256,178,3058,3013,78,45,78.00000,0.11604
534F4C31,30963,254412689,305,175,3058,3013,130,45,130.00000,0.11604
534F4C31,30963,254417553,303,212,3058,3012,91,46,91.00000,0.11862
534F4C31,30963,254422552,295,193,3057,3012,102,45,102.00000,0.11604
534F4C31,30964,254427710,340,239,3059,3013,101,46,101.00000,0.11862
534F4C31,30965,254432568,362,259,3059,3012,103,47,103.00000,0.12120
534F4C31,30966,254437646,339,219,3058,3009,120,49,120.00000,0.12636
534F4C31,30967,254442551,321,203,3057,3010,118,47,118.00000,0.12120
534F4C31,30968,254447729,360,255,3057,3009,105,48,105.00000,0.12378
534F4C31,30968,254452551,306,200,3057,3014,106,43,106.00000,0.11089
534F4C31,30969,254457563,291,195,3057,3012,96,45,96.00000,0.11604
534F4C31,30970,254463065,340,243,3060,3013,97,47,97.00000,0.12120
534F4C31,30971,254467607,347,234,3059,3012,113,47,113.00000,0.12120
534F4C31,30972,254472562,318,222,3059,3013,96,46,96.00000,0.11862
534F4C31,30973,254477564,336,234,3059,3013,102,46,102.00000,0.11862
534F4C31,30974,254482566,362,256,3059,3011,106,48,106.00000,0.12378
534F4C31,30975,254487566,344,234,3064,3013,110,51,110.00000,0.13152
534F4C31,30976,254492587,337,236,3060,3011,101,49,101.00000,0.12636
534F4C31,30977,254497600,361,252,3057,3013,109,44,109.00000,0.11347
534F4C31,30978,254502591,341,231,3059,3013,110,46,110.00000,0.11862
534F4C31,30979,254507673,322,210,3058,3012,112,46,112.00000,0.11862
534F4C31,30980,254512564,352,246,3065,3014,106,51,106.00000,0.13152
534F4C31,30981,254517590,368,253,3059,3012,115,47,115.00000,0.12120
534F4C31,30982,254522564,336,220,3072,3012,116,60,116.00000,0.15473
534F4C31,30983,254527567,331,238,3070,3011,93,59,93.00000,0.15215
534F4C31,30984,254532549,320,224,3058,3011,96,47,96.00000,0.12120
534F4C31,30984,254538677,290,150,3062,3011,140,51,140.00000,0.13152
534F4C31,30985,254544902,364,204,3067,3012,160,55,160.00000,0.14183
534F4C31,30986,254550102,362,184,3060,3011,178,49,178.00000,0.12636
534F4C31,30987,254555264,276,189,3059,3013,87,46,87.00000,0.11862
534F4C31,30987,254559787,259,176,3060,3012,83,48,83.00000,0.12378
534F4C31,30987,254564044,267,133,3059,3012,134,47,134.00000,0.12120
534F4C31,30988,254567558,286,170,3059,3008,116,51,116.00000,0.13152
534F4C31,30989,254572633,256,162,3062,3010,94,52,94.00000,0.13410
534F4C31,30990,254577654,276,173,3063,3010,103,53,103.00000,0.13667
534F4C31,30990,254582581,338,225,3058,3011,113,47,113.00000,0.12120
534F4C31,30991,254587576,334,220,3057,3010,114,47,114.00000,0.12120
534F4C31,30991,254592603,321,261,3060,3012,60,48,60.00000,0.12378
534F4C31,30991,254597552,298,227,3061,3009,71,52,71.00000,0.13410
534F4C31,30991,254602590,320,229,3059,3010,91,49,91.00000,0.12636
534F4C31,30991,254607570,316,206,3060,3014,110,46,110.00000,0.11862
534F4C31,30992,254613083,344,284,3058,3012,60,46,60.00000,0.11862
534F4C31,30993,254618001,277,225,3056,3011,52,45,52.00000,0.11604
534F4C31,30993,254623101,261,140,3061,3011,121,50,121.00000,0.12894
534F4C31,30993,254627549,314,203,3059,3010,111,49,111.00000,0.12636
534F4C31,30994,254632597,325,260,3058,3010,65,48,65.00000,0.12378
534F4C31,30994,254637739,251,191,3056,3008,60,48,60.00000,0.12378
534F4C31,30994,254642555,276,242,3058,3010,34,48,34.00000,0.12378
534F4C31,30995,254647553,298,234,3061,3012,64,49,64.00000,0.12636
534F4C31,30996,254652573,294,225,3058,3009,69,49,69.00000,0.12636
534F4C31,30997,254657579,271,210,3059,3012,61,47,61.00000,0.12120
534F4C31,30998,254662550,278,237,3058,3013,41,45,41.00000,0.11604
534F4C31,30999,254668160,289,197,3054,3012,92,42,92.00000,0.10831
534F4C31,30999,254672686,296,180,3056,3011,116,45,116.00000,0.11604
534F4C31,31000,254677932,339,236,3057,3011,103,46,103.00000,0.11862
534F4C31,31000,254682549,343,223,3059,3009,120,50,120.00000,0.12894
534F4C31,31000,254687574,336,215,3056,3012,121,44,121.00000,0.11347
534F4C31,31001,254692586,320,254,3059,3010,66,49,66.00000,0.12636
534F4C31,31001,254697568,309,225,3058,3012,84,46,84.00000,0.11862
534F4C31,31002,254702581,323,230,3056,3011,93,45,93.00000,0.11604
534F4C31,31002,254707550,288,182,3058,3012,106,46,106.00000,0.11862
534F4C31,31002,254712563,331,246,3059,3013,85,46,85.00000,0.11862
534F4C31,31002,254717556,335,233,3058,3009,102,49,102.00000,0.12636
534F4C31,31003,254722611,315,229,3060,3014,86,46,86.00000,0.11862
534F4C31,31004,254727603,323,241,3060,3013,82,47,82.00000,0.12120
534F4C31,31005,254732564,355,258,3058,3013,97,45,97.00000,0.11604
534F4C31,31006,254737726,325,214,3059,3012,111,47,111.00000,0.12120
534F4C31,31007,254742691,296,231,3059,3012,65,47,65.00000,0.12120
534F4C31,31008,254747771,322,231,3058,3012,91,46,91.00000,0.11862
534F4C31,31009,254752584,324,223,3058,3013,101,45,101.00000,0.11604
534F4C31,31010,254757599,310,213,3059,3012,97,47,97.00000,0.12120
534F4C31,31011,254762594,305,230,3059,3013,75,46,75.00000,0.11862
534F4C31,31012,254767576,320,228,3060,3011,92,49,92.00000,0.12636
534F4C31,31013,254772594,312,222,3060,3012,90,48,90.00000,0.12378
534F4C31,31014,254777606,314,254,3059,3013,60,46,60.00000,0.11862
534F4C31,31015,254782584,316,261,3057,3013,55,44,55.00000,0.11347
534F4C31,31016,254787613,285,224,3059,3011,61,48,61.00000,0.12378
534F4C31,31017,254792595,272,221,3060,3013,51,47,51.00000,0.12120
534F4C31,31018,254797607,316,237,3055,3004,79,51,79.00000,0.13152
534F4C31,31019,254802583,303,217,3061,3012,86,49,86.00000,0.12636
534F4C31,31020,254807680,266,249,3062,3011,17,51,17.00000,0.13152
534F4C31,31021,254814863,315,266,3060,3011,49,49,49.00000,0.12636
534F4C31,31022,254819499,272,197,3059,3011,75,48,75.00000,0.12378
534F4C31,31023,254825223,288,200,3062,3013,88,49,88.00000,0.12636
534F4C31,31024,254829162,274,270,3059,3013,4,46,4.00000,0.11862
534F4C31,31025,254838875,261,187,3064,3012,74,52,74.00000,0.13410
534F4C31,31026,254844971,273,190,3060,3010,83,50,83.00000,0.12894
534F4C31,31026,254850123,318,196,3057,3011,122,46,122.00000,0.11862
534F4C31,31026,254852445,240,117,3058,3012,123,46,123.00000,0.11862
534F4C31,31026,254855009,228,129,3056,3011,99,45,99.00000,0.11604
534F4C31,31026,254858683,223,114,3060,3013,109,47,109.00000,0.12120
534F4C31,31026,254862563,287,148,3060,3011,139,49,139.00000,0.12636
534F4C31,31027,254867784,340,218,3061,3008,122,53,122.00000,0.13667
534F4C31,31027,254872552,297,205,3064,3011,92,53,92.00000,0.13667
534F4C31,31027,254877559,317,210,3059,3013,107,46,107.00000,0.11862
534F4C31,31027,254882551,353,233,3060,3012,120,48,120.00000,0.12378
534F4C31,31028,254887869,323,235,3056,3011,88,45,88.00000,0.11604
534F4C31,31029,254892561,289,204,3060,3009,85,51,85.00000,0.13152
534F4C31,31029,254898091,347,164,3059,3012,183,47,183.00000,0.12120
534F4C31,31029,254902551,334,185,3057,3011,149,46,149.00000,0.11862
534F4C31,31030,254907829,310,215,3059,3011,95,48,95.00000,0.12378
534F4C31,31031,254912569,315,198,3059,3013,117,46,117.00000,0.11862
534F4C31,31032,254917567,328,199,3059,3011,129,48,129.00000,0.12378
534F4C31,31033,254922825,313,226,3066,3009,87,57,87.00000,0.14699
534F4C31,31033,254929021,317,233,3059,3008,84,51,84.00000,0.13152
534F4C31,31033,254932819,276,170,3058,3010,106,48,106.00000,0.12378
534F4C31,31033,254937571,296,167,3059,3011,129,48,129.00000,0.12378
534F4C31,31034,254942601,279,256,3059,3011,23,48,23.00000,0.12378
534F4C31,31034,254947566,243,195,3061,3009,48,52,48.00000,0.13410
534F4C31,31035,254952593,302,219,3059,3012,83,47,83.00000,0.12120
534F4C31,31035,254957565,311,208,3058,3013,103,45,103.00000,0.11604
534F4C31,31035,254962555,326,259,3058,3011,67,47,67.00000,0.12120
534F4C31,31036,254967562,311,218,3058,3009,93,49,93.00000,0.12636
534F4C31,31037,254972843,294,191,3060,3012,103,48,103.00000,0.12378
534F4C31,31037,254977554,315,215,3060,3012,100,48,100.00000,0.12378
534F4C31,31038,254982553,351,250,3061,3013,101,48,101.00000,0.12378
534F4C31,31039,254988029,325,242,3058,3011,83,47,83.00000,0.12120
534F4C31,31039,254992881,310,218,3058,3011,92,47,92.00000,0.12120
534F4C31,31039,254997551,332,217,3057,3012,115,45,115.00000,0.11604
534F4C31,31040,255002552,338,221,3056,3012,117,44,117.00000,0.11347
534F4C31,31041,255007807,303,221,3060,3012,82,48,82.00000,0.12378
534F4C31,31041,255012553,321,225,3059,3012,96,47,96.00000,0.12120
534F4C31,31041,255017556,351,246,3060,3010,105,50,105.00000,0.12894
534F4C31,31041,255022564,336,222,3060,3011,114,49,114.00000,0.12636
534F4C31,31042,255027590,321,261,3060,3009,60,51,60.00000,0.13152
534F4C31,31042,255032575,315,245,3060,3009,70,51,70.00000,0.13152
534F4C31,31042,255037568,320,223,3057,3011,97,46,97.00000,0.11862
534F4C31,31043,255042596,322,234,3059,3012,88,47,88.00000,0.12120
534F4C31,31044,255047566,349,262,3059,3010,87,49,87.00000,0.12636
534F4C31,31045,255052627,316,239,3060,3010,77,50,77.00000,0.12894
534F4C31,31046,255057568,295,217,3062,3014,78,48,78.00000,0.12378
534F4C31,31047,255062586,309,210,3060,3011,99,49,99.00000,0.12636
534F4C31,31048,255067609,316,244,3056,3012,72,44,72.00000,0.11347
534F4C31,31049,255073098,277,213,3059,3012,64,47,64.00000,0.12120
534F4C31,31050,255077561,291,214,3060,3011,77,49,77.00000,0.12636
534F4C31,31051,255082585,341,258,3060,3013,83,47,83.00000,0.12120
534F4C31,31052,255087764,331,237,3060,3012,94,48,94.00000,0.12378
534F4C31,31053,255092604,323,227,3060,3013,96,47,96.00000,0.12120
534F4C31,31054,255097608,310,287,3059,3011,23,48,23.00000,0.12378
534F4C31,31055,255102586,270,204,3062,3012,66,50,66.00000,0.12894
534F4C31,31056,255107760,301,208,3060,3012,93,48,93.00000,0.12378
534F4C31,31057,255113058,321,291,3060,3014,30,46,30.00000,0.11862
534F4C31,31058,255117979,269,216,3060,3012,53,48,53.00000,0.12378
534F4C31,31059,255123480,246,155,3061,3012,91,49,91.00000,0.12636
534F4C31,31060,255132738,418,253,3057,3010,165,47,165.00000,0.12120
534F4C31,31061,255140173,375,199,3060,3010,176,50,176.00000,0.12894
534F4C31,31061,255144759,357,179,3059,3011,178,48,178.00000,0.12378
534F4C31,31061,255147104,280,133,3059,3010,147,49,147.00000,0.12636
534F4C31,31061,255149461,257,120,3058,3009,137,49,137.00000,0.12636
534F4C31,31062,255152554,247,117,3062,3013,130,49,130.00000,0.12636
534F4C31,31063,255157898,308,190,3059,3011,118,48,118.00000,0.12378
534F4C31,31064,255163940,320,303,3060,3011,17,49,17.00000,0.12636
534F4C31,31064,255168837,243,186,3061,3011,57,50,57.00000,0.12894
534F4C31,31064,255172549,266,176,3058,3011,90,47,90.00000,0.12120
534F4C31,31065,255177560,326,231,3059,3010,95,49,95.00000,0.12636
534F4C31,31066,255182566,355,256,3058,3009,99,49,99.00000,0.12636
534F4C31,31066,255187556,307,203,3058,3010,104,48,104.00000,0.12378
534F4C31,31066,255192572,313,195,3059,3013,118,46,118.00000,0.11862
534F4C31,31066,255197733,352,248,3059,3011,104,48,104.00000,0.12378
534F4C31,31066,255202560,331,220,3060,3009,111,51,111.00000,0.13152
534F4C31,31066,255207556,323,210,3060,3011,113,49,113.00000,0.12636
534F4C31,31066,255212567,352,241,3057,3010,111,47,111.00000,0.12120
534F4C31,31066,255217559,369,245,3059,3013,124,46,124.00000,0.11862
534F4C31,31067,255222743,286,233,3059,3010,53,49,53.00000,0.12636
534F4C31,31068,255227794,273,229,3065,3013,44,52,44.00000,0.13410
534F4C31,31069,255233389,332,251,3061,3011,81,50,81.00000,0.12894
534F4C31,31069,255237701,298,216,3058,3012,82,46,82.00000,0.11862
534F4C31,31069,255242558,266,199,3059,3013,67,46,67.00000,0.11862
534F4C31,31069,255247567,310,225,3060,3012,85,48,85.00000,0.12378
534F4C31,31069,255252569,326,224,3059,3010,102,49,102.00000,0.12636
534F4C31,31069,255257559,324,213,3057,3010,111,47,111.00000,0.12120
534F4C31,31070,255262554,349,245,3060,3011,104,49,104.00000,0.12636
534F4C31,31070,255267568,364,249,3059,3010,115,49,115.00000,0.12636
534F4C31,31070,255272566,326,225,3058,3012,101,46,101.00000,0.11862
534F4C31,31070,255278307,349,240,3059,3011,109,48,109.00000,0.12378
534F4C31,31070,255282552,343,218,3060,3010,125,50,125.00000,0.12894
534F4C31,31070,255287552,336,207,3057,3012,129,45,129.00000,0.11604
534F4C31,31071,255292598,332,228,3058,3009,104,49,104.00000,0.12636
534F4C31,31071,255297578,314,188,3057,3011,126,46,126.00000,0.11862
534F4C31,31071,255302560,333,211,3058,3013,122,45,122.00000,0.11604
534F4C31,31072,255307563,326,208,3057,3009,118,48,118.00000,0.12378
534F4C31,31073,255312570,349,227,3059,3010,122,49,122.00000,0.12636
534F4C31,31074,255317551,322,201,3059,3011,121,48,121.00000,0.12378
534F4C31,31075,255322813,306,191,3058,3013,115,45,115.00000,0.11604
534F4C31,31075,255328852,333,230,3059,3010,103,49,103.00000,0.12636
534F4C31,31076,255332553,327,236,3060,3011,91,49,91.00000,0.12636
534F4C31,31077,255337737,309,202,3058,3012,107,46,107.00000,0.11862
534F4C31,31078,255342577,288,246,3062,3012,42,50,42.00000,0.12894
534F4C31,31078,255348389,303,226,3059,3011,77,48,77.00000,0.12378
534F4C31,31078,255352563,293,161,3060,3012,132,48,132.00000,0.12378
534F4C31,31079,255357564,312,190,3064,3012,122,52,122.00000,0.13410
534F4C31,31079,255362549,348,230,3076,3012,118,64,118.00000,0.16504
534F4C31,31079,255367591,369,242,3058,3010,127,48,127.00000,0.12378
534F4C31,31080,255373258,345,232,3059,3014,113,45,113.00000,0.11604
534F4C31,31080,255378267,321,201,3059,3012,120,47,120.00000,0.12120
534F4C31,31080,255383100,349,239,3057,3011,110,46,110.00000,0.11862
534F4C31,31080,255387572,296,182,3058,3012,114,46,114.00000,0.11862
534F4C31,31080,255392552,309,208,3058,3010,101,48,101.00000,0.12378
534F4C31,31080,255397552,348,244,3059,3009,104,50,104.00000,0.12894
534F4C31,31081,255402573,338,239,3056,3013,99,43,99.00000,0.11089
534F4C31,31082,255408103,306,186,3059,3012,120,47,120.00000,0.12120
534F4C31,31083,255412560,329,209,3062,3011,120,51,120.00000,0.13152
534F4C31,31084,255417605,336,229,3059,3013,107,46,107.00000,0.11862
534F4C31,31085,255423728,303,237,3057,3007,66,50,66.00000,0.12894
534F4C31,31086,255428517,275,191,3058,3010,84,48,84.00000,0.12378
534F4C31,31087,255433631,321,220,3056,3010,101,46,101.00000,0.11862
534F4C31,31088,255440066,305,163,3060,3012,142,48,142.00000,0.12378
534F4C31,31088,255444158,307,150,3058,3011,157,47,157.00000,0.12120
534F4C31,31089,255447564,292,176,3063,3011,116,52,116.00000,0.13410
534F4C31,31089,255452877,301,175,3057,3010,126,47,126.00000,0.12120
534F4C31,31089,255457594,305,189,3059,3010,116,49,116.00000,0.12636
534F4C31,31090,255463073,328,254,3058,3010,74,48,74.00000,0.12378
534F4C31,31090,255467555,327,224,3056,3012,103,44,103.00000,0.11347
534F4C31,31090,255472552,326,219,3058,3012,107,46,107.00000,0.11862
534F4C31,31090,255477564,343,244,3059,3012,99,47,99.00000,0.12120
534F4C31,31090,255482561,365,261,3058,3012,104,46,104.00000,0.11862
534F4C31,31091,255487824,353,249,3059,3013,104,46,104.00000,0.11862
534F4C31,31092,255492862,318,226,3061,3013,92,48,92.00000,0.12378
534F4C31,31093,255498790,376,277,3059,3012,99,47,99.00000,0.12120
534F4C31,31094,255502564,317,205,3058,3008,112,50,112.00000,0.12894
534F4C31,31095,255507598,320,210,3060,3012,110,48,110.00000,0.12378
534F4C31,31096,255512564,336,226,3060,3010,110,50,110.00000,0.12894
534F4C31,31097,255517548,356,244,3059,3012,112,47,112.00000,0.12120
534F4C31,31097,255522569,286,221,3058,3013,65,45,65.00000,0.11604
534F4C31,31097,255527550,291,227,3062,3010,64,52,64.00000,0.13410
534F4C31,31097,255532553,316,233,3058,3011,83,47,83.00000,0.12120
534F4C31,31097,255537864,326,236,3058,3010,90,48,90.00000,0.12378
534F4C31,31097,255542570,303,218,3060,3011,85,49,85.00000,0.12636
534F4C31,31098,255547655,304,277,3059,3011,27,48,27.00000,0.12378
534F4C31,31099,255552579,261,219,3078,3010,42,68,42.00000,0.17536
534F4C31,31100,255557550,249,180,3076,3006,69,70,69.00000,0.18051
534F4C31,31101,255562553,297,204,3075,3010,93,65,93.00000,0.16762
534F4C31,31102,255568332,328,218,3077,3011,110,66,110.00000,0.17020
534F4C31,31103,255573439,288,182,3078,3012,106,66,106.00000,0.17020
534F4C31,31103,255579166,324,193,3075,3012,131,63,131.00000,0.16246
534F4C31,31103,255582853,321,211,3076,3011,110,65,110.00000,0.16762
534F4C31,31103,255587556,315,201,3076,3011,114,65,114.00000,0.16762
534F4C31,31104,255592577,323,217,3076,3011,106,65,106.00000,0.16762
534F4C31,31105,255597859,335,284,3077,3013,51,64,51.00000,0.16504
534F4C31,31106,255602813,283,210,3077,3014,73,63,73.00000,0.16246
534F4C31,31107,255608459,298,262,3076,3010,36,66,36.00000,0.17020
534F4C31,31107,255612565,242,178,3078,3012,64,66,64.00000,0.17020
534F4C31,31108,255617594,322,232,3077,3013,90,64,90.00000,0.16504
534F4C31,31109,255622552,320,214,3079,3013,106,66,106.00000,0.17020
534F4C31,31110,255627574,271,242,3074,3012,29,62,29.00000,0.15988
534F4C31,31110,255633890,281,164,3075,3012,117,63,117.00000,0.16246
534F4C31,31110,255637562,275,164,3073,3010,111,63,111.00000,0.16246
534F4C31,31111,255642552,304,189,3075,3010,115,65,115.00000,0.16762
534F4C31,31112,255647568,329,276,3078,3008,53,70,53.00000,0.18051
534F4C31,31113,255652752,280,206,3081,3010,74,71,74.00000,0.18309
534F4C31,31114,255659865,343,255,3075,3011,88,64,88.00000,0.16504
534F4C31,31114,255663601,307,213,3075,3012,94,63,94.00000,0.16246
534F4C31,31114,255668059,321,197,3075,3012,124,63,124.00000,0.16246
534F4C31,31115,255672548,317,200,3076,3012,117,64,117.00000,0.16504
534F4C31,31116,255677584,337,221,3079,3011,116,68,116.00000,0.17536
534F4C31,31116,255682558,324,183,3074,3012,141,62,141.00000,0.15988
534F4C31,31116,255688076,314,205,3076,3012,109,64,109.00000,0.16504
534F4C31,31117,255692577,293,207,3078,3012,86,66,86.00000,0.17020
534F4C31,31118,255697732,331,225,3079,3010,106,69,106.00000,0.17793
534F4C31,31118,255702714,310,126,3074,3010,184,64,184.00000,0.16504
534F4C31,31118,255707563,322,176,3077,3012,146,65,146.00000,0.16762
534F4C31,31119,255712591,352,223,3074,3010,129,64,129.00000,0.16504
534F4C31,31120,255717601,316,220,3076,3011,96,65,96.00000,0.16762
534F4C31,31120,255722550,264,145,3073,3011,119,62,119.00000,0.15988
534F4C31,31120,255727570,325,221,3075,3010,104,65,104.00000,0.16762
534F4C31,31121,255732558,357,250,3076,3009,107,67,107.00000,0.17278
534F4C31,31122,255737553,322,217,3075,3012,105,63,105.00000,0.16246
534F4C31,31122,255742550,272,199,3074,3010,73,64,73.00000,0.16504
534F4C31,31123,255747976,310,265,3072,3010,45,62,45.00000,0.15988
534F4C31,31123,255752552,241,156,3075,3011,85,64,85.00000,0.16504
534F4C31,31124,255757561,289,170,3076,3012,119,64,119.00000,0.16504
534F4C31,31125,255762595,276,253,3076,3011,23,65,23.00000,0.16762
534F4C31,31125,255767565,255,203,3069,3011,52,58,52.00000,0.14957
534F4C31,31125,255772552,274,188,3072,3012,86,60,86.00000,0.15473
534F4C31,31126,255778097,300,255,3078,3012,45,66,45.00000,0.17020
534F4C31,31127,255782736,284,212,3077,3013,72,64,72.00000,0.16504
534F4C31,31128,255788329,289,214,3076,3012,75,64,75.00000,0.16504
534F4C31,31129,255793413,261,158,3077,3009,103,68,103.00000,0.17536
534F4C31,31129,255797635,297,174,3077,3010,123,67,123.00000,0.17278
534F4C31,31129,255802557,307,160,3073,3010,147,63,147.00000,0.16246
534F4C31,31129,255807563,319,188,3078,3009,131,69,131.00000,0.17793
534F4C31,31130,255812846,336,247,3077,3012,89,65,89.00000,0.16762
534F4C31,31130,255817560,343,231,3073,3011,112,62,112.00000,0.15988
534F4C31,31131,255823184,291,238,3077,3010,53,67,53.00000,0.17278
534F4C31,31131,255827550,254,193,3079,3010,61,69,61.00000,0.17793
534F4C31,31132,255832663,290,258,3077,3010,32,67,32.00000,0.17278
534F4C31,31133,255837556,247,201,3076,3012,46,64,46.00000,0.16504
534F4C31,31133,255842567,278,211,3080,3010,67,70,67.00000,0.18051
534F4C31,31133,255847956,339,218,3075,3011,121,64,121.00000,0.16504
534F4C31,31134,255852603,326,185,3077,3012,141,65,141.00000,0.16762
534F4C31,31135,255858085,290,188,3077,3013,102,64,102.00000,0.16504
534F4C31,31136,255862596,285,199,3078,3011,86,67,86.00000,0.17278
534F4C31,31136,255867877,291,203,3075,3011,88,64,88.00000,0.16504
534F4C31,31136,255872908,299,193,3078,3009,106,69,106.00000,0.17793
534F4C31,31137,255877576,310,203,3077,3011,107,66,107.00000,0.17020
534F4C31,31138,255882566,321,233,3078,3011,88,67,88.00000,0.17278
534F4C31,31139,255888290,306,178,3078,3010,128,68,128.00000,0.17536
534F4C31,31140,255893074,314,158,3078,3011,156,67,156.00000,0.17278
534F4C31,31141,255898661,358,212,3075,3011,146,64,146.00000,0.16504
534F4C31,31142,255904270,346,193,3078,3011,153,67,153.00000,0.17278
534F4C31,31142,255907860,288,132,3073,3010,156,63,156.00000,0.16246
534F4C31,31142,255912561,334,179,3078,3009,155,69,155.00000,0.17793
534F4C31,31142,255917566,366,227,3075,3010,139,65,139.00000,0.16762
534F4C31,31142,255922570,341,214,3076,3011,127,65,127.00000,0.16762
534F4C31,31143,255927560,351,234,3076,3011,117,65,117.00000,0.16762
534F4C31,31144,255932571,365,244,3078,3011,121,67,121.00000,0.17278
534F4C31,31145,255937548,300,207,3076,3010,93,66,93.00000,0.17020
534F4C31,31145,255943429,250,148,3080,3012,102,68,102.00000,0.17536
534F4C31,31145,255947563,299,205,3078,3012,94,66,94.00000,0.17020
534F4C31,31146,255952572,321,213,3078,3011,108,67,108.00000,0.17278
534F4C31,31147,255957562,301,213,3077,3012,88,65,88.00000,0.16762
534F4C31,31148,255962571,258,273,3077,3013,-15,64,-15.00000,0.16504
534F4C31,31149,255967556,238,184,3079,3011,54,68,54.00000,0.17536
534F4C31,31149,255973161,301,200,3076,3011,101,65,101.00000,0.16762
534F4C31,31149,255977581,320,225,3075,3012,95,63,95.00000,0.16246
534F4C31,31150,255982557,323,266,3078,3011,57,67,57.00000,0.17278
534F4C31,31151,255988353,315,198,3078,3010,117,68,117.00000,0.17536
534F4C31,31151,255992664,292,176,3078,3010,116,68,116.00000,0.17536
534F4C31,31151,255997562,336,225,3078,3011,111,67,111.00000,0.17278
534F4C31,31151,256002552,340,223,3077,3011,117,66,117.00000,0.17020
534F4C31,31152,256007613,298,217,3084,3009,81,75,81.00000,0.19341
534F4C31,31153,256012676,317,226,3078,3012,91,66,91.00000,0.17020
534F4C31,31154,256017603,301,238,3077,3012,63,65,63.00000,0.16762
534F4C31,31155,256022654,288,199,3076,3010,89,66,89.00000,0.17020
534F4C31,31156,256027614,320,237,3077,3013,83,64,83.00000,0.16504
534F4C31,31157,256032600,245,271,3078,3011,-26,67,-26.00000,0.17278
534F4C31,31157,256039795,243,202,3074,3012,41,62,41.00000,0.15988
534F4C31,31158,256042892,230,176,3077,3011,54,66,54.00000,0.17020
534F4C31,31159,256048023,300,243,3074,3012,57,62,57.00000,0.15988
534F4C31,31160,256052548,242,169,3073,3011,73,62,73.00000,0.15988
534F4C31,31160,256057549,268,179,3077,3010,89,67,89.00000,0.17278
534F4C31,31161,256062551,305,209,3076,3012,96,64,96.00000,0.16504
534F4C31,31161,256067608,307,241,3077,3009,66,68,66.00000,0.17536
534F4C31,31161,256073051,297,212,3078,3013,85,65,85.00000,0.16762
534F4C31,31162,256077560,321,224,3077,3008,97,69,97.00000,0.17793
534F4C31,31163,256082593,350,224,3079,3011,126,68,126.00000,0.17536
534F4C31,31163,256087572,332,229,3078,3012,103,66,103.00000,0.17020
534F4C31,31163,256092551,288,173,3078,3012,115,66,115.00000,0.17020
534F4C31,31163,256097570,339,232,3076,3012,107,64,107.00000,0.16504
534F4C31,31163,256102575,342,223,3072,3008,119,64,119.00000,0.16504
534F4C31,31163,256107562,328,209,3074,3010,119,64,119.00000,0.16504
534F4C31,31164,256112621,342,245,3076,3010,97,66,97.00000,0.17020
534F4C31,31165,256117599,341,218,3078,3013,123,65,123.00000,0.16762
534F4C31,31166,256122679,303,197,3075,3012,106,63,106.00000,0.16246
534F4C31,31167,256128389,340,221,3076,3010,119,66,119.00000,0.17020
534F4C31,31168,256132558,320,195,3076,3010,125,66,125.00000,0.17020
534F4C31,31169,256137555,294,189,3076,3011,105,65,105.00000,0.16762
534F4C31,31169,256142550,247,184,3076,3007,63,69,63.00000,0.17793
534F4C31,31170,256147579,291,219,3079,3011,72,68,72.00000,0.17536
534F4C31,31171,256152898,306,216,3077,3012,90,65,90.00000,0.16762
534F4C31,31172,256157564,254,221,3078,3012,33,66,33.00000,0.17020
534F4C31,31173,256162548,247,209,3079,3008,38,71,38.00000,0.18309
534F4C31,31173,256167624,297,202,3073,3008,95,65,95.00000,0.16762
534F4C31,31173,256172560,311,192,3076,3009,119,67,119.00000,0.17278
534F4C31,31173,256177552,336,232,3078,3012,104,66,104.00000,0.17020
534F4C31,31174,256182591,355,264,3079,3012,91,67,91.00000,0.17278
534F4C31,31175,256187586,310,242,3077,3010,68,67,68.00000,0.17278
534F4C31,31176,256193274,305,240,3078,3014,65,64,65.00000,0.16504
534F4C31,31177,256197571,289,190,3080,3011,99,69,99.00000,0.17793
534F4C31,31178,256202550,302,159,3078,3013,143,65,143.00000,0.16762
534F4C31,31179,256207563,285,175,3077,3012,110,65,110.00000,0.16762
534F4C31,31180,256212608,306,239,3078,3009,67,69,67.00000,0.17793
534F4C31,31181,256217832,317,220,3076,3011,97,65,97.00000,0.16762
534F4C31,31181,256222579,307,161,3076,3010,146,66,146.00000,0.17020
534F4C31,31182,256228336,346,205,3080,3012,141,68,141.00000,0.17536
534F4C31,31183,256232581,319,244,3076,3013,75,63,75.00000,0.16246
534F4C31,31184,256237548,263,152,3075,3012,111,63,111.00000,0.16246
534F4C31,31185,256242834,309,192,3077,3012,117,65,117.00000,0.16762
534F4C31,31186,256247560,336,209,3079,3013,127,66,127.00000,0.17020
534F4C31,31186,256252595,335,199,3075,3014,136,61,136.00000,0.15730
534F4C31,31187,256257578,261,228,3076,3012,33,64,33.00000,0.16504
534F4C31,31188,256262548,265,201,3076,3011,64,65,64.00000,0.16762
534F4C31,31188,256267777,300,212,3078,3013,88,65,88.00000,0.16762
534F4C31,31188,256272552,277,189,3077,3014,88,63,88.00000,0.16246
534F4C31,31188,256277568,322,229,3078,3013,93,65,93.00000,0.16762
534F4C31,31188,256282556,352,256,3079,3012,96,67,96.00000,0.17278
534F4C31,31188,256287555,339,232,3076,3012,107,64,107.00000,0.16504
534F4C31,31189,256292557,322,221,3077,3010,101,67,101.00000,0.17278
534F4C31,31189,256297604,335,287,3076,3012,48,64,48.00000,0.16504
534F4C31,31189,256302552,264,197,3076,3011,67,65,67.00000,0.16762
534F4C31,31189,256307589,295,204,3078,3013,91,65,91.00000,0.16762
534F4C31,31189,256312572,335,231,3079,3011,104,68,104.00000,0.17536
534F4C31,31189,256317555,366,249,3077,3009,117,68,117.00000,0.17536
534F4C31,31190,256322558,340,223,3076,3007,117,69,117.00000,0.17793
534F4C31,31191,256327550,346,218,3078,3012,128,66,128.00000,0.17020
534F4C31,31192,256333012,368,206,3077,3011,162,66,162.00000,0.17020
534F4C31,31193,256337937,344,203,3072,3013,141,59,141.00000,0.15215
534F4C31,31193,256342564,322,201,3078,3011,121,67,121.00000,0.17278
534F4C31,31194,256347594,324,260,3076,3013,64,63,64.00000,0.16246
534F4C31,31195,256352564,282,195,3077,3012,87,65,87.00000,0.16762
534F4C31,31196,256358194,312,214,3077,3007,98,70,98.00000,0.18051
534F4C31,31196,256362564,321,198,3073,3010,123,63,123.00000,0.16246
534F4C31,31197,256367559,356,210,3078,3009,146,69,146.00000,0.17793
534F4C31,31198,256372550,326,205,3072,3010,121,62,121.00000,0.15988
534F4C31,31198,256378233,302,198,3079,3011,104,68,104.00000,0.17536
534F4C31,31198,256382555,314,242,3077,3010,72,67,72.00000,0.17278
534F4C31,31198,256387562,301,212,3075,3011,89,64,89.00000,0.16504
534F4C31,31199,256392775,282,257,3077,3010,25,67,25.00000,0.17278
534F4C31,31199,256397575,273,211,3075,3011,62,64,62.00000,0.16504
534F4C31,31200,256402725,312,211,3075,3010,101,65,101.00000,0.16762
534F4C31,31201,256407696,286,190,3075,3013,96,62,96.00000,0.15988
534F4C31,31201,256412581,311,249,3078,3012,62,66,62.00000,0.17020
534F4C31,31201,256417549,303,218,3075,3010,85,65,85.00000,0.16762
534F4C31,31202,256422620,287,221,3075,3008,66,67,66.00000,0.17278
534F4C31,31203,256427551,285,208,3076,3012,77,64,77.00000,0.16504
534F4C31,31204,256432556,318,212,3073,3007,106,66,106.00000,0.17020
534F4C31,31205,256437589,314,158,3083,3009,156,74,156.00000,0.19083
534F4C31,31206,256443469,348,203,3078,3010,145,68,145.00000,0.17536
534F4C31,31206,256447850,348,228,3076,3012,120,64,120.00000,0.16504
534F4C31,31206,256452550,312,162,3078,3011,150,67,150.00000,0.17278
534F4C31,31207,256457668,315,178,3078,3012,137,66,137.00000,0.17020
534F4C31,31208,256462595,347,195,3074,3010,152,64,152.00000,0.16504
534F4C31,31208,256467568,321,196,3077,3011,125,66,125.00000,0.17020
534F4C31,31208,256472550,290,179,3077,3011,111,66,111.00000,0.17020
534F4C31,31209,256477566,331,225,3079,3009,106,70,106.00000,0.18051
534F4C31,31209,256482548,352,226,3077,3011,126,66,126.00000,0.17020
534F4C31,31210,256487553,342,220,3076,3008,122,68,122.00000,0.17536
534F4C31,31211,256492739,332,241,3083,3009,91,74,91.00000,0.19083
534F4C31,31211,256498791,327,262,3078,3008,65,70,65.00000,0.18051
534F4C31,31212,256502992,272,180,3073,3012,92,61,92.00000,0.15730
534F4C31,31213,256508068,288,167,3078,3011,121,67,121.00000,0.17278
534F4C31,31214,256512563,281,219,3075,3011,62,64,62.00000,0.16504
534F4C31,31214,256517693,267,229,3073,3009,38,64,38.00000,0.16504
534F4C31,31215,256522551,260,190,3076,3011,70,65,70.00000,0.16762
534F4C31,31215,256527932,308,250,3077,3011,58,66,58.00000,0.17020
534F4C31,31215,256532554,319,240,3077,3009,79,68,79.00000,0.17536
534F4C31,31216,256538110,299,250,3075,3010,49,65,49.00000,0.16762
534F4C31,31217,256542568,253,215,3077,3011,38,66,38.00000,0.17020
534F4C31,31217,256548043,316,224,3076,3009,92,67,92.00000,0.17278
534F4C31,31217,256552555,321,210,3078,3011,111,67,111.00000,0.17278
534F4C31,31218,256557600,319,200,3078,3007,119,71,119.00000,0.18309
534F4C31,31218,256562549,329,162,3074,3011,167,63,167.00000,0.16246
534F4C31,31219,256567959,357,204,3077,3015,153,62,153.00000,0.15988
534F4C31,31220,256572753,249,211,3075,3010,38,65,38.00000,0.16762
534F4C31,31221,256577555,244,185,3077,3010,59,67,59.00000,0.17278
534F4C31,31221,256582602,327,247,3078,3012,80,66,80.00000,0.17020
534F4C31,31222,256587562,324,224,3076,3009,100,67,100.00000,0.17278
534F4C31,31223,256592586,316,219,3081,3012,97,69,97.00000,0.17793
534F4C31,31224,256597571,322,260,3076,3011,62,65,62.00000,0.16762
534F4C31,31225,256603270,326,214,3074,3008,112,66,112.00000,0.17020
534F4C31,31225,256607592,306,192,3076,3010,114,66,114.00000,0.17020
534F4C31,31226,256612583,321,268,3078,3010,53,68,53.00000,0.17536
534F4C31,31227,256618269,293,178,3079,3009,115,70,115.00000,0.18051
534F4C31,31227,256623242,278,198,3078,3009,80,69,80.00000,0.17793
534F4C31,31227,256627547,264,189,3077,3011,75,66,75.00000,0.17020
534F4C31,31228,256632606,336,250,3078,3011,86,67,86.00000,0.17278
534F4C31,31228,256637610,314,230,3076,3010,84,66,84.00000,0.17020
534F4C31,31229,256642924,312,224,3078,3010,88,68,88.00000,0.17536
534F4C31,31229,256647548,316,239,3075,3013,77,62,77.00000,0.15988
534F4C31,31229,256652588,292,205,3076,3011,87,65,87.00000,0.16762
534F4C31,31229,256657565,303,201,3078,3011,102,67,102.00000,0.17278
534F4C31,31230,256662557,341,237,3076,3009,104,67,104.00000,0.17278
534F4C31,31231,256667562,363,246,3078,3010,117,68,117.00000,0.17536
534F4C31,31232,256673399,298,232,3077,3011,66,66,66.00000,0.17020
534F4C31,31233,256677653,239,165,3077,3010,74,67,74.00000,0.17278
534F4C31,31234,256682999,320,185,3078,3009,135,69,135.00000,0.17793
534F4C31,31234,256688435,327,164,3079,3011,163,68,163.00000,0.17536
534F4C31,31235,256692551,297,164,3076,3010,133,66,133.00000,0.17020
534F4C31,31236,256698731,378,277,3077,3010,101,67,101.00000,0.17278
534F4C31,31237,256702558,281,169,3077,3012,112,65,112.00000,0.16762
534F4C31,31238,256707604,301,156,3078,3011,145,67,145.00000,0.17278
534F4C31,31239,256713080,304,269,3079,3011,35,68,35.00000,0.17536
534F4C31,31240,256717555,265,210,3077,3011,55,66,55.00000,0.17020
534F4C31,31240,256722757,266,189,3077,3011,77,66,77.00000,0.17020
534F4C31,31241,256727552,285,173,3078,3013,112,65,112.00000,0.16762
534F4C31,31241,256732595,344,217,3076,3009,127,67,127.00000,0.17278
534F4C31,31242,256737553,336,172,3074,3012,164,62,164.00000,0.15988
534F4C31,31242,256742992,338,212,3076,3012,126,64,126.00000,0.16504
534F4C31,31242,256747556,292,247,3079,3011,45,68,45.00000,0.17536
534F4C31,31242,256752543,276,192,3077,3011,84,66,84.00000,0.17020
534F4C31,31242,256757555,305,204,3077,3011,101,66,101.00000,0.17020
534F4C31,31242,256762551,340,240,3078,3010,100,68,100.00000,0.17536
534F4C31,31243,256767559,366,252,3075,3012,114,63,114.00000,0.16246
534F4C31,31244,256772568,334,180,3074,3011,154,63,154.00000,0.16246
534F4C31,31245,256777685,322,218,3077,3010,104,67,104.00000,0.17278
534F4C31,31245,256782766,339,243,3076,3011,96,65,96.00000,0.16762
534F4C31,31245,256787577,317,214,3077,3009,103,68,103.00000,0.17536
534F4C31,31246,256792756,317,219,3078,3013,98,65,98.00000,0.16762
534F4C31,31247,256797597,347,240,3078,3012,107,66,107.00000,0.17020
534F4C31,31248,256803704,344,263,3077,3010,81,67,81.00000,0.17278
534F4C31,31248,256807571,279,178,3078,3011,101,67,101.00000,0.17278
534F4C31,31249,256812605,336,234,3078,3013,102,65,102.00000,0.16762
534F4C31,31249,256817552,363,241,3078,3011,122,67,122.00000,0.17278
534F4C31,31250,256823466,349,243,3080,3009,106,71,106.00000,0.18309
534F4C31,31251,256827604,280,242,3078,3009,38,69,38.00000,0.17793
534F4C31,31251,256832550,272,217,3076,3011,55,65,55.00000,0.16762
534F4C31,31252,256837577,306,204,3076,3010,102,66,102.00000,0.17020
534F4C31,31252,256842549,299,146,3075,3010,153,65,153.00000,0.16762
534F4C31,31253,256848186,367,280,3075,3009,87,66,87.00000,0.17020
534F4C31,31254,256852557,272,169,3076,3010,103,66,103.00000,0.17020
534F4C31,31255,256857566,277,188,3074,3008,89,66,89.00000,0.17020
534F4C31,31256,256862914,313,208,3077,3009,105,68,105.00000,0.17536
534F4C31,31256,256867559,341,209,3077,3012,132,65,132.00000,0.16762
534F4C31,31257,256872575,313,221,3077,3009,92,68,92.00000,0.17536
534F4C31,31257,256877555,301,212,3078,3007,89,71,89.00000,0.18309
534F4C31,31257,256882578,341,233,3077,3009,108,68,108.00000,0.17536
534F4C31,31258,256887555,335,221,3080,3011,114,69,114.00000,0.17793
534F4C31,31259,256893162,334,230,3077,3011,104,66,104.00000,0.17020
534F4C31,31260,256897552,289,226,3075,3008,63,67,63.00000,0.17278
534F4C31,31261,256902575,252,188,3076,3012,64,64,64.00000,0.16504
534F4C31,31262,256907592,268,157,3077,3008,111,69,111.00000,0.17793
534F4C31,31262,256914132,356,212,3077,3013,144,64,144.00000,0.16504
534F4C31,31262,256917566,330,190,3077,3010,140,67,140.00000,0.17278
534F4C31,31262,256922560,330,206,3076,3011,124,65,124.00000,0.16762
534F4C31,31262,256927574,345,234,3077,3011,111,66,111.00000,0.17020
534F4C31,31263,256932555,362,248,3075,3010,114,65,114.00000,0.16762
534F4C31,31264,256937550,314,196,3076,3011,118,65,118.00000,0.16762
534F4C31,31265,256942562,279,179,3078,3010,100,68,100.00000,0.17536
534F4C31,31266,256947892,332,236,3076,3010,96,66,96.00000,0.17020
534F4C31,31267,256952561,263,220,3078,3011,43,67,43.00000,0.17278
534F4C31,31267,256958774,255,160,3077,3014,95,63,95.00000,0.16246
534F4C31,31267,256962550,290,189,3078,3010,101,68,101.00000,0.17536
534F4C31,31267,256967556,347,219,3079,3012,128,67,128.00000,0.17278
534F4C31,31268,256972848,280,228,3077,3010,52,67,52.00000,0.17278
534F4C31,31269,256977558,257,187,3076,3013,70,63,70.00000,0.16246
534F4C31,31270,256982572,290,236,3077,3014,54,63,54.00000,0.16246
534F4C31,31271,256988009,274,170,3076,3010,104,66,104.00000,0.17020
534F4C31,31272,256993478,314,175,3078,3011,139,67,139.00000,0.17278
534F4C31,31272,256998338,338,247,3077,3010,91,67,91.00000,0.17278
534F4C31,31272,257002550,275,172,3077,3010,103,67,103.00000,0.17278
534F4C31,31272,257007600,303,198,3076,3011,105,65,105.00000,0.16762
534F4C31,31273,257012557,332,230,3077,3011,102,66,102.00000,0.17020
534F4C31,31274,257017556,361,234,3078,3011,127,67,127.00000,0.17278
534F4C31,31275,257022707,322,171,3083,3012,151,71,151.00000,0.18309
534F4C31,31275,257028449,348,188,3077,3012,160,65,160.00000,0.16762
534F4C31,31275,257032580,345,220,3076,3012,125,64,125.00000,0.16504
534F4C31,31276,257037552,331,212,3077,3011,119,66,119.00000,0.17020
534F4C31,31277,257042567,290,267,3077,3010,23,67,23.00000,0.17278
534F4C31,31278,257048400,266,198,3079,3010,68,69,68.00000,0.17793
534F4C31,31278,257054381,336,216,3075,3010,120,65,120.00000,0.16762
534F4C31,31278,257057548,283,162,3077,3012,121,65,121.00000,0.16762
534F4C31,31279,257062568,338,227,3078,3010,111,68,111.00000,0.17536
534F4C31,31279,257067558,368,242,3074,3009,126,65,126.00000,0.16762
534F4C31,31280,257073484,351,233,3077,3008,118,69,118.00000,0.17793
534F4C31,31281,257077571,291,186,3079,3010,105,69,105.00000,0.17793
534F4C31,31282,257082571,324,266,3076,3012,58,64,58.00000,0.16504
534F4C31,31283,257087726,289,204,3079,3012,85,67,85.00000,0.17278
534F4C31,31284,257092714,317,264,3078,3010,53,68,53.00000,0.17536
534F4C31,31284,257097568,262,195,3079,3012,67,67,67.00000,0.17278
534F4C31,31284,257102553,313,217,3077,3010,96,67,96.00000,0.17278
534F4C31,31285,257107603,312,191,3078,3010,121,68,121.00000,0.17536
534F4C31,31286,257112584,330,190,3076,3010,140,66,140.00000,0.17020
534F4C31,31287,257117580,343,198,3074,3010,145,64,145.00000,0.16504
534F4C31,31287,257122823,295,183,3076,3011,112,65,112.00000,0.16762
534F4C31,31287,257127597,325,228,3077,3012,97,65,97.00000,0.16762
534F4C31,31287,257132558,349,247,3078,3010,102,68,102.00000,0.17536
534F4C31,31288,257138054,300,251,3077,3013,49,64,49.00000,0.16504
534F4C31,31289,257143027,254,211,3078,3013,43,65,43.00000,0.16762
534F4C31,31290,257147920,305,212,3075,3011,93,64,93.00000,0.16504
534F4C31,31291,257152553,297,127,3076,3012,170,64,170.00000,0.16504
534F4C31,31291,257158186,332,192,3074,3008,140,66,140.00000,0.17020
534F4C31,31292,257162595,339,225,3076,3009,114,67,114.00000,0.17278
534F4C31,31293,257167558,331,224,3072,3010,107,62,107.00000,0.15988
534F4C31,31294,257172580,263,203,3075,3010,60,65,60.00000,0.16762
534F4C31,31294,257178013,266,170,3078,3011,96,67,96.00000,0.17278
534F4C31,31295,257182585,323,231,3078,3008,92,70,92.00000,0.18051
534F4C31,31296,257187544,322,216,3075,3011,106,64,106.00000,0.16504
534F4C31,31297,257192606,285,208,3079,3010,77,69,77.00000,0.17793
534F4C31,31297,257198049,288,165,3073,3010,123,63,123.00000,0.16246
534F4C31,31297,257202988,318,210,3077,3012,108,65,108.00000,0.16762
534F4C31,31297,257207577,307,179,3075,3011,128,64,128.00000,0.16504
534F4C31,31297,257212558,344,217,3075,3012,127,63,127.00000,0.16246
534F4C31,31298,257217561,372,247,3077,3008,125,69,125.00000,0.17793
534F4C31,31299,257222882,318,239,3080,3012,79,68,79.00000,0.17536
534F4C31,31300,257228401,293,202,3077,3011,91,66,91.00000,0.17020
534F4C31,31300,257234642,357,133,3077,3011,224,66,224.00000,0.17020
534F4C31,31300,257237626,288,129,3077,3010,159,67,159.00000,0.17278
534F4C31,31301,257242933,311,199,3077,3011,112,66,112.00000,0.17020
534F4C31,31301,257247572,326,217,3076,3008,109,68,109.00000,0.17536
534F4C31,31302,257252999,347,222,3075,3011,125,64,125.00000,0.16504
534F4C31,31303,257257853,320,164,3078,3012,156,66,156.00000,0.17020
534F4C31,31304,257262552,341,214,3078,3011,127,67,127.00000,0.17278
534F4C31,31304,257267844,360,241,3076,3012,119,64,119.00000,0.16504
534F4C31,31304,257272547,311,162,3076,3009,149,67,149.00000,0.17278
534F4C31,31305,257277557,330,196,3080,3010,134,70,134.00000,0.18051
534F4C31,31306,257283466,370,241,3079,3008,129,71,129.00000,0.18309
534F4C31,31306,257287566,293,190,3077,3011,103,66,103.00000,0.17020
534F4C31,31306,257293212,320,228,3077,3011,92,66,92.00000,0.17020
534F4C31,31307,257297562,330,227,3081,3011,103,70,103.00000,0.18051
534F4C31,31308,257303286,357,218,3077,3012,139,65,139.00000,0.16762
534F4C31,31308,257307555,320,169,3073,3010,151,63,151.00000,0.16246
534F4C31,31309,257312813,312,254,3077,3009,58,68,58.00000,0.17536
534F4C31,31310,257317804,305,161,3074,3010,144,64,144.00000,0.16504
534F4C31,31311,257323352,320,180,3074,3009,140,65,140.00000,0.16762
534F4C31,31311,257329199,353,250,3076,3012,103,64,103.00000,0.16504
534F4C31,31312,257332529,296,182,3078,3012,114,66,114.00000,0.17020
534F4C31,31313,257337913,285,235,3079,3010,50,69,50.00000,0.17793
534F4C31,31314,257344836,286,195,3077,3011,91,66,91.00000,0.17020
534F4C31,31314,257349197,297,144,3077,3011,153,66,153.00000,0.17020
534F4C31,31315,257352584,272,157,3075,3012,115,63,115.00000,0.16246
534F4C31,31315,257357717,285,156,3076,3012,129,64,129.00000,0.16504
534F4C31,31315,257362570,318,231,3077,3009,87,68,87.00000,0.17536
534F4C31,31316,257367554,338,237,3077,3009,101,68,101.00000,0.17536
534F4C31,31316,257372954,332,190,3077,3012,142,65,142.00000,0.16762
534F4C31,31316,257377764,341,228,3078,3010,113,68,113.00000,0.17536
534F4C31,31316,257382554,351,244,3076,3012,107,64,107.00000,0.16504
534F4C31,31317,257387565,340,224,3078,3007,116,71,116.00000,0.18309
534F4C31,31318,257392564,318,200,3077,3009,118,68,118.00000,0.17536
534F4C31,31319,257397996,347,239,3079,3009,108,70,108.00000,0.18051
534F4C31,31320,257402714,304,171,3076,3012,133,64,133.00000,0.16504
534F4C31,31321,257407584,269,208,3077,3011,61,66,61.00000,0.17020
534F4C31,31322,257414069,296,229,3076,3011,67,65,67.00000,0.16762
534F4C31,31322,257418916,251,163,3073,3008,88,65,88.00000,0.16762
534F4C31,31323,257423808,258,109,3077,3012,149,65,149.00000,0.16762
534F4C31,31324,257427629,278,134,3078,3008,144,70,144.00000,0.18051
534F4C31,31324,257432945,352,232,3077,3010,120,67,120.00000,0.17278
534F4C31,31324,257437568,325,206,3077,3010,119,67,119.00000,0.17278
534F4C31,31325,257442589,318,208,3078,3012,110,66,110.00000,0.17020
534F4C31,31326,257447565,349,244,3075,3009,105,66,105.00000,0.17020
534F4C31,31327,257452600,313,209,3076,3009,104,67,104.00000,0.17278
534F4C31,31327,257457577,277,172,3082,3012,105,70,105.00000,0.18051
534F4C31,31327,257462553,298,175,3076,3011,123,65,123.00000,0.16762
534F4C31,31328,257467606,350,235,3076,3009,115,67,115.00000,0.17278
534F4C31,31329,257472567,332,210,3079,3011,122,68,122.00000,0.17536
534F4C31,31330,257477599,301,260,3078,3008,41,70,41.00000,0.18051
534F4C31,31330,257482731,238,189,3078,3010,49,68,49.00000,0.17536
534F4C31,31331,257487598,294,213,3077,3011,81,66,81.00000,0.17020
534F4C31,31331,257492548,300,199,3079,3010,101,69,101.00000,0.17793
534F4C31,31331,257497568,328,251,3077,3009,77,68,77.00000,0.17536
534F4C31,31331,257502559,324,218,3075,3013,106,62,106.00000,0.15988
534F4C31,31331,257507572,324,210,3074,3013,114,61,114.00000,0.15730
534F4C31,31332,257512602,319,247,3077,3012,72,65,72.00000,0.16762
534F4C31,31333,257517821,309,203,3076,3009,106,67,106.00000,0.17278
534F4C31,31334,257522612,279,192,3072,3010,87,62,87.00000,0.15988
534F4C31,31334,257527565,287,156,3077,3010,131,67,131.00000,0.17278
534F4C31,31335,257532607,340,259,3077,3011,81,66,81.00000,0.17020
534F4C31,31336,257537554,287,200,3078,3009,87,69,87.00000,0.17793
534F4C31,31337,257542942,304,229,3077,3009,75,68,75.00000,0.17536
534F4C31,31337,257547571,320,216,3077,3012,104,65,104.00000,0.16762
534F4C31,31337,257552553,299,223,3074,3012,76,62,76.00000,0.15988
534F4C31,31338,257557571,261,176,3076,3010,85,66,85.00000,0.17020
534F4C31,31339,257562592,280,234,3076,3009,46,67,46.00000,0.17278
534F4C31,31339,257567886,306,203,3075,3010,103,65,103.00000,0.16762
534F4C31,31340,257572573,299,208,3075,3011,91,64,91.00000,0.16504
534F4C31,31341,257577745,311,211,3080,3009,100,71,100.00000,0.18309
534F4C31,31341,257582619,299,205,3078,3010,94,68,94.00000,0.17536
534F4C31,31341,257587550,292,175,3078,3010,117,68,117.00000,0.17536
534F4C31,31342,257592591,273,240,3076,3010,33,66,33.00000,0.17020
534F4C31,31343,257597561,273,209,3078,3010,64,68,64.00000,0.17536
534F4C31,31344,257603129,329,239,3079,3009,90,70,90.00000,0.18051
534F4C31,31344,257607549,298,186,3076,3011,112,65,112.00000,0.16762
534F4C31,31345,257612554,343,234,3073,3008,109,65,109.00000,0.16762
534F4C31,31346,257618039,331,239,3073,3010,92,63,92.00000,0.16246
534F4C31,31347,257622861,265,161,3074,3010,104,64,104.00000,0.16504
534F4C31,31347,257628551,328,151,3078,3012,177,66,177.00000,0.17020
534F4C31,31347,257632551,328,184,3078,3010,144,68,144.00000,0.17536
534F4C31,31348,257637606,317,212,3076,3011,105,65,105.00000,0.16762
534F4C31,31349,257642550,280,181,3078,3012,99,66,99.00000,0.17020
534F4C31,31349,257647731,338,233,3077,3012,105,65,105.00000,0.16762
534F4C31,31349,257652549,344,224,3076,3011,120,65,120.00000,0.16762
534F4C31,31349,257657568,326,214,3075,3011,112,64,112.00000,0.16504
534F4C31,31350,257662554,351,240,3078,3011,111,67,111.00000,0.17278
534F4C31,31351,257667571,333,195,3079,3012,138,67,138.00000,0.17278
534F4C31,31352,257672643,293,184,3077,3010,109,67,109.00000,0.17278
534F4C31,31352,257677550,307,180,3076,3010,127,66,127.00000,0.17020
534F4C31,31353,257682604,336,254,3077,3011,82,66,82.00000,0.17020
534F4C31,31354,257687566,282,183,3076,3013,99,63,99.00000,0.16246
534F4C31,31355,257693314,327,231,3077,3012,96,65,96.00000,0.16762
534F4C31,31356,257697573,321,248,3074,3010,73,64,73.00000,0.16504
534F4C31,31356,257703041,278,192,3078,3011,86,67,86.00000,0.17278
534F4C31,31356,257707548,282,179,3090,3010,103,80,103.00000,0.20630
534F4C31,31357,257712598,297,228,3090,3011,69,79,69.00000,0.20372
534F4C31,31358,257717557,308,213,3090,3009,95,81,95.00000,0.20888
534F4C31,31359,257722564,297,213,3090,3010,84,80,84.00000,0.20630
534F4C31,31360,257727590,309,233,3091,3014,76,77,76.00000,0.19856
534F4C31,31361,257732575,364,225,3091,3009,139,82,139.00000,0.21146
534F4C31,31362,257738829,295,143,3090,3012,152,78,152.00000,0.20114
534F4C31,31362,257744126,329,163,3092,3013,166,79,166.00000,0.20372
534F4C31,31362,257747564,301,201,3091,3012,100,79,100.00000,0.20372
534F4C31,31363,257752581,273,203,3092,3008,70,84,70.00000,0.21662
534F4C31,31363,257757551,271,154,3091,3010,117,81,117.00000,0.20888
534F4C31,31363,257762605,327,232,3091,3010,95,81,95.00000,0.20888
534F4C31,31364,257767584,286,245,3091,3010,41,81,41.00000,0.20888
534F4C31,31364,257772558,235,179,3092,3012,56,80,56.00000,0.20630
534F4C31,31365,257777576,309,230,3095,3011,79,84,79.00000,0.21662
534F4C31,31365,257782944,364,270,3092,3013,94,79,94.00000,0.20372
534F4C31,31365,257787555,328,218,3090,3011,110,79,110.00000,0.20372
534F4C31,31366,257792848,323,259,3092,3012,64,80,64.00000,0.20630
534F4C31,31367,257797882,295,226,3091,3011,69,80,69.00000,0.20630
534F4C31,31367,257802969,309,194,3091,3012,115,79,115.00000,0.20372
534F4C31,31368,257807593,308,196,3091,3010,112,81,112.00000,0.20888
534F4C31,31369,257812562,334,233,3090,3011,101,79,101.00000,0.20372
534F4C31,31369,257818595,344,235,3089,3011,109,78,109.00000,0.20114
534F4C31,31370,257822760,297,203,3092,3012,94,80,94.00000,0.20630
534F4C31,31371,257827607,288,241,3091,3010,47,81,47.00000,0.20888
534F4C31,31372,257832570,285,203,3089,3009,82,80,82.00000,0.20630
534F4C31,31372,257838129,310,195,3090,3009,115,81,115.00000,0.20888
534F4C31,31372,257842552,301,192,3090,3012,109,78,109.00000,0.20114
534F4C31,31372,257847556,347,222,3090,3011,125,79,125.00000,0.20372
534F4C31,31373,257853084,310,251,3090,3013,59,77,59.00000,0.19856
534F4C31,31374,257857566,250,195,3091,3013,55,78,55.00000,0.20114
534F4C31,31375,257862593,283,233,3092,3011,50,81,50.00000,0.20888
534F4C31,31376,257868281,324,211,3090,3009,113,81,113.00000,0.20888
534F4C31,31377,257872551,249,204,3091,3011,45,80,45.00000,0.20630
534F4C31,31377,257877862,235,183,3092,3011,52,81,52.00000,0.20888
534F4C31,31378,257882565,305,214,3093,3011,91,82,91.00000,0.21146
534F4C31,31379,257887606,320,214,3089,3012,106,77,106.00000,0.19856
534F4C31,31380,257892836,317,220,3092,3012,97,80,97.00000,0.20630
534F4C31,31380,257898552,350,224,3091,3011,126,80,126.00000,0.20630
534F4C31,31380,257902552,324,198,3092,3010,126,82,126.00000,0.21146
534F4C31,31381,257907550,320,202,3093,3010,118,83,118.00000,0.21404
534F4C31,31382,257912738,350,237,3092,3010,113,82,113.00000,0.21146
534F4C31,31382,257917564,366,248,3091,3011,118,80,118.00000,0.20630
534F4C31,31382,257922556,339,226,3090,3011,113,79,113.00000,0.20372
534F4C31,31382,257927559,344,246,3091,3011,98,80,98.00000,0.20630
534F4C31,31382,257932572,338,249,3090,3012,89,78,89.00000,0.20114
534F4C31,31383,257937592,307,208,3093,3011,99,82,99.00000,0.21146
534F4C31,31384,257942565,269,176,3091,3011,93,80,93.00000,0.20630
534F4C31,31385,257947601,317,228,3092,3013,89,79,89.00000,0.20372
534F4C31,31386,257952568,335,223,3091,3013,112,78,112.00000,0.20114
534F4C31,31387,257958622,313,244,3091,3008,69,83,69.00000,0.21404
534F4C31,31388,257962548,237,263,3092,3011,-26,81,-26.00000,0.20888
534F4C31,31388,257968030,240,194,3093,3009,46,84,46.00000,0.21662
534F4C31,31389,257972552,283,198,3092,3011,85,81,85.00000,0.20888
534F4C31,31390,257978138,344,270,3092,3009,74,83,74.00000,0.21404
534F4C31,31391,257982705,285,199,3091,3011,86,80,86.00000,0.20630
534F4C31,31391,257988036,284,184,3091,3012,100,79,100.00000,0.20372
534F4C31,31391,257992561,270,172,3093,3011,98,82,98.00000,0.21146
534F4C31,31392,257997553,329,232,3090,3010,97,80,97.00000,0.20630
534F4C31,31392,258002566,341,220,3090,3012,121,78,121.00000,0.20114
534F4C31,31392,258007552,328,198,3093,3013,130,80,130.00000,0.20630
534F4C31,31393,258012632,296,246,3092,3012,50,80,50.00000,0.20630
534F4C31,31393,258017550,295,216,3090,3012,79,78,79.00000,0.20114
534F4C31,31393,258022568,311,215,3090,3011,96,79,96.00000,0.20372
534F4C31,31393,258027554,327,230,3090,3011,97,79,97.00000,0.20372
534F4C31,31394,258032570,355,266,3092,3012,89,80,89.00000,0.20630
534F4C31,31395,258037576,262,240,3092,3012,22,80,22.00000,0.20630
534F4C31,31396,258042996,228,180,3091,3011,48,80,48.00000,0.20630
534F4C31,31397,258047566,301,211,3093,3010,90,83,90.00000,0.21404
534F4C31,31398,258053343,334,202,3090,3012,132,78,132.00000,0.20114
534F4C31,31399,258057566,279,152,3091,3010,127,81,127.00000,0.20888
534F4C31,31400,258062571,304,193,3095,3008,111,87,111.00000,0.22435
534F4C31,31400,258069050,333,219,3090,3012,114,78,114.00000,0.20114
534F4C31,31400,258072552,281,169,3091,3011,112,80,112.00000,0.20630
534F4C31,31400,258077576,318,214,3090,3010,104,80,104.00000,0.20630
534F4C31,31401,258082586,348,236,3092,3009,112,83,112.00000,0.21404
534F4C31,31402,258087784,325,161,3092,3010,164,82,164.00000,0.21146
534F4C31,31402,258092553,306,158,3093,3011,148,82,148.00000,0.21146
534F4C31,31402,258097556,341,179,3091,3010,162,81,162.00000,0.20888
534F4C31,31402,258102619,352,212,3089,3013,140,76,140.00000,0.19599
534F4C31,31403,258107568,327,203,3091,3009,124,82,124.00000,0.21146
534F4C31,31404,258112565,339,247,3092,3012,92,80,92.00000,0.20630
534F4C31,31405,258117648,291,217,3093,3011,74,82,74.00000,0.21146
534F4C31,31406,258123801,272,153,3090,3008,119,82,119.00000,0.21146
534F4C31,31407,258127548,289,183,3090,3013,106,77,106.00000,0.19856
534F4C31,31408,258132574,283,202,3092,3011,81,81,81.00000,0.20888
534F4C31,31409,258138725,287,169,3090,3011,118,79,118.00000,0.20372
534F4C31,31409,258143417,296,238,3092,3010,58,82,58.00000,0.21146
534F4C31,31409,258147562,260,179,3091,3007,81,84,81.00000,0.21662
534F4C31,31409,258152568,321,215,3090,3010,106,80,106.00000,0.20630
534F4C31,31409,258157561,322,210,3092,3011,112,81,112.00000,0.20888
534F4C31,31410,258163068,311,272,3092,3011,39,81,39.00000,0.20888
534F4C31,31411,258167630,284,182,3093,3012,102,81,102.00000,0.20888
534F4C31,31411,258173380,331,201,3092,3009,130,83,130.00000,0.21404
534F4C31,31412,258177558,323,206,3092,3009,117,83,117.00000,0.21404
534F4C31,31413,258182789,367,235,3092,3012,132,80,132.00000,0.20630
534F4C31,31414,258187562,315,203,3093,3011,112,82,112.00000,0.21146
534F4C31,31414,258193212,278,204,3092,3014,74,78,74.00000,0.20114
534F4C31,31415,258197600,262,230,3093,3011,32,82,32.00000,0.21146
534F4C31,31415,258202791,259,168,3092,3010,91,82,91.00000,0.21146
534F4C31,31416,258207571,278,179,3092,3013,99,79,99.00000,0.20372
534F4C31,31417,258212556,310,234,3094,3009,76,85,76.00000,0.21919
534F4C31,31417,258217557,342,241,3094,3010,101,84,101.00000,0.21662
534F4C31,31417,258222571,304,224,3092,3012,80,80,80.00000,0.20630
534F4C31,31417,258227554,308,224,3091,3012,84,79,84.00000,0.20372
534F4C31,31418,258232599,370,269,3089,3011,101,78,101.00000,0.20114
534F4C31,31419,258237557,299,201,3092,3009,98,83,98.00000,0.21404
534F4C31,31420,258243888,342,218,3094,3011,124,83,124.00000,0.21404
534F4C31,31421,258247798,269,189,3091,3010,80,81,80.00000,0.20888
534F4C31,31422,258252550,273,126,3092,3010,147,82,147.00000,0.21146
534F4C31,31422,258257709,295,187,3092,3011,108,81,108.00000,0.20888
534F4C31,31423,258262552,323,218,3091,3011,105,80,105.00000,0.20630
534F4C31,31424,258267776,338,240,3094,3012,98,82,98.00000,0.21146
534F4C31,31424,258272709,302,174,3091,3012,128,79,128.00000,0.20372
534F4C31,31424,258277551,316,176,3093,3012,140,81,140.00000,0.20888
534F4C31,31424,258282569,353,217,3091,3012,136,79,136.00000,0.20372
534F4C31,31424,258287563,343,216,3091,3012,127,79,127.00000,0.20372
534F4C31,31425,258292557,325,205,3093,3014,120,79,120.00000,0.20372
534F4C31,31426,258297561,327,204,3093,3011,123,82,123.00000,0.21146
534F4C31,31427,258303013,273,195,3091,3011,78,80,78.00000,0.20630
534F4C31,31427,258308404,256,110,3091,3010,146,81,146.00000,0.20888
534F4C31,31428,258312678,309,190,3092,3014,119,78,119.00000,0.20114
534F4C31,31429,258317637,289,235,3091,3009,54,82,54.00000,0.21146
534F4C31,31430,258323661,253,226,3094,3011,27,83,27.00000,0.21404
534F4C31,31430,258328637,249,183,3090,3012,66,78,66.00000,0.20114
534F4C31,31430,258332568,294,212,3090,3012,82,78,82.00000,0.20114
534F4C31,31431,258337907,296,214,3091,3012,82,79,82.00000,0.20372
534F4C31,31432,258343535,283,148,3092,3010,135,82,135.00000,0.21146
534F4C31,31432,258348317,340,200,3093,3010,140,83,140.00000,0.21404
534F4C31,31432,258352983,338,207,3090,3011,131,79,131.00000,0.20372
534F4C31,31433,258357556,317,197,3091,3011,120,80,120.00000,0.20630
534F4C31,31434,258362877,330,246,3092,3013,84,79,84.00000,0.20372
534F4C31,31435,258367605,334,191,3090,3009,143,81,143.00000,0.20888
534F4C31,31435,258372548,301,127,3091,3011,174,80,174.00000,0.20630
534F4C31,31436,258377593,284,218,3092,3010,66,82,66.00000,0.21146
534F4C31,31437,258382552,281,202,3090,3010,79,80,79.00000,0.20630
534F4C31,31438,258387598,311,234,3090,3012,77,78,77.00000,0.20114
534F4C31,31439,258393211,275,215,3092,3010,60,82,60.00000,0.21146
534F4C31,31439,258398051,278,148,3091,3011,130,80,130.00000,0.20630
534F4C31,31439,258402601,313,195,3091,3011,118,80,118.00000,0.20630
534F4C31,31439,258407556,316,199,3091,3010,117,81,117.00000,0.20888
534F4C31,31440,258413113,348,264,3091,3012,84,79,84.00000,0.20372
534F4C31,31441,258417550,309,223,3091,3010,86,81,86.00000,0.20888
534F4C31,31442,258422735,297,217,3092,3013,80,79,80.00000,0.20372
534F4C31,31442,258427556,299,220,3092,3012,79,80,79.00000,0.20630
534F4C31,31442,258433156,349,280,3091,3012,69,79,69.00000,0.20372
534F4C31,31442,258437549,298,213,3091,3012,85,79,85.00000,0.20372
534F4C31,31443,258442994,284,279,3091,3011,5,80,5.00000,0.20630
534F4C31,31443,258447747,226,186,3092,3011,40,81,40.00000,0.20888
534F4C31,31444,258452605,262,234,3090,3013,28,77,28.00000,0.19856
534F4C31,31445,258457550,254,172,3090,3010,82,80,82.00000,0.20630
534F4C31,31446,258463907,351,284,3089,3013,67,76,67.00000,0.19599
534F4C31,31447,258468770,328,211,3091,3012,117,79,117.00000,0.20372
534F4C31,31448,258472565,294,204,3090,3012,90,78,90.00000,0.20114
534F4C31,31449,258477548,284,186,3090,3009,98,81,98.00000,0.20888
534F4C31,31450,258482639,330,145,3092,3009,185,83,185.00000,0.21404
534F4C31,31450,258488118,355,203,3090,3010,152,80,152.00000,0.20630
534F4C31,31451,258492554,314,214,3091,3013,100,78,100.00000,0.20114
534F4C31,31451,258497792,330,225,3092,3011,105,81,105.00000,0.20888
534F4C31,31451,258502585,333,232,3090,3011,101,79,101.00000,0.20372
534F4C31,31451,258507552,287,204,3091,3012,83,79,83.00000,0.20372
534F4C31,31451,258512551,315,226,3092,3011,89,81,89.00000,0.20888
534F4C31,31452,258517555,359,257,3093,3009,102,84,102.00000,0.21662
534F4C31,31453,258522572,309,231,3091,3013,78,78,78.00000,0.20114
534F4C31,31454,258527847,306,209,3091,3012,97,79,97.00000,0.20372
534F4C31,31455,258532576,317,208,3090,3013,109,77,109.00000,0.19856
534F4C31,31456,258537577,274,183,3095,3010,91,85,91.00000,0.21919
534F4C31,31456,258543796,315,218,3092,3011,97,81,97.00000,0.20888
534F4C31,31457,258547758,316,206,3090,3011,110,79,110.00000,0.20372
534F4C31,31457,258552611,325,173,3091,3010,152,81,152.00000,0.20888
534F4C31,31458,258557572,324,186,3091,3013,138,78,138.00000,0.20114
534F4C31,31459,258562572,343,219,3093,3010,124,83,124.00000,0.21404
534F4C31,31459,258567653,367,236,3091,3011,131,80,131.00000,0.20630
534F4C31,31460,258572594,314,204,3092,3013,110,79,110.00000,0.20372
534F4C31,31460,258577644,258,159,3090,3008,99,82,99.00000,0.21146
534F4C31,31461,258582605,333,239,3089,3010,94,79,94.00000,0.20372
534F4C31,31462,258587564,326,220,3093,3009,106,84,106.00000,0.21662
534F4C31,31463,258592550,306,204,3094,3007,102,87,102.00000,0.22435
534F4C31,31463,258599050,334,171,3092,3008,163,84,163.00000,0.21662
534F4C31,31463,258602568,312,163,3089,3010,149,79,149.00000,0.20372
534F4C31,31464,258607594,318,197,3092,3011,121,81,121.00000,0.20888
534F4C31,31465,258612556,344,228,3092,3012,116,80,116.00000,0.20630
534F4C31,31466,258618016,352,231,3092,3010,121,82,121.00000,0.21146
534F4C31,31467,258624122,323,214,3092,3012,109,80,109.00000,0.20630
534F4C31,31468,258627644,300,201,3093,3012,99,81,99.00000,0.20888
534F4C31,31469,258632847,339,209,3091,3011,130,80,130.00000,0.20630
534F4C31,31469,258637548,299,138,3092,3012,161,80,161.00000,0.20630
534F4C31,31470,258642573,278,223,3092,3012,55,80,55.00000,0.20630
534F4C31,31470,258647551,262,164,3092,3013,98,79,98.00000,0.20372
534F4C31,31471,258652708,291,215,3089,3010,76,79,76.00000,0.20372
534F4C31,31471,258657639,270,161,3090,3008,109,82,109.00000,0.21146
534F4C31,31471,258662561,323,204,3091,3010,119,81,119.00000,0.20888
534F4C31,31471,258667548,358,216,3091,3012,142,79,142.00000,0.20372
534F4C31,31472,258672669,339,181,3091,3011,158,80,158.00000,0.20630
534F4C31,31473,258677611,315,134,3090,3010,181,80,181.00000,0.20630
534F4C31,31473,258682604,361,223,3091,3010,138,81,138.00000,0.20888
534F4C31,31473,258687562,323,219,3090,3012,104,78,104.00000,0.20114
534F4C31,31473,258692574,304,195,3092,3011,109,81,109.00000,0.20888
534F4C31,31474,258697556,342,219,3093,3010,123,83,123.00000,0.21404
534F4C31,31474,258702562,322,231,3090,3011,91,79,91.00000,0.20372
534F4C31,31474,258707562,279,210,3090,3012,69,78,69.00000,0.20114
534F4C31,31474,258712553,311,223,3091,3011,88,80,88.00000,0.20630
534F4C31,31475,258717603,348,256,3091,3012,92,79,92.00000,0.20372
534F4C31,31476,258722602,328,221,3093,3007,107,86,107.00000,0.22177
534F4C31,31477,258727748,300,255,3091,3011,45,80,45.00000,0.20630
534F4C31,31477,258732565,279,198,3090,3009,81,81,81.00000,0.20888
534F4C31,31478,258738796,333,246,3091,3011,87,80,87.00000,0.20630
534F4C31,31479,258742557,281,179,3090,3010,102,80,102.00000,0.20630
534F4C31,31480,258747828,343,246,3091,3010,97,81,97.00000,0.20888
534F4C31,31481,258752564,280,220,3093,3011,60,82,60.00000,0.21146
534F4C31,31481,258759485,294,203,3092,3013,91,79,91.00000,0.20372
534F4C31,31482,258762568,259,159,3093,3008,100,85,100.00000,0.21919
534F4C31,31483,258767551,336,218,3090,3010,118,80,118.00000,0.20630
534F4C31,31484,258773166,304,205,3091,3007,99,84,99.00000,0.21662
534F4C31,31485,258778925,309,184,3094,3011,125,83,125.00000,0.21404
534F4C31,31485,258785286,360,175,3091,3009,185,82,185.00000,0.21146
534F4C31,31485,258788158,291,138,3092,3011,153,81,153.00000,0.20888
534F4C31,31485,258792579,298,173,3091,3008,125,83,125.00000,0.21404
534F4C31,31485,258797576,345,230,3090,3010,115,80,115.00000,0.20630
534F4C31,31486,258802556,350,211,3091,3011,139,80,139.00000,0.20630
534F4C31,31487,258807569,310,196,3091,3011,114,80,114.00000,0.20630
534F4C31,31488,258812568,261,237,3090,3007,24,83,24.00000,0.21404
534F4C31,31489,258817626,265,179,3091,3010,86,81,86.00000,0.20888
534F4C31,31489,258823130,293,181,3091,3010,112,81,112.00000,0.20888
534F4C31,31490,258827554,302,202,3091,3011,100,80,100.00000,0.20630
534F4C31,31491,258832576,338,252,3092,3012,86,80,86.00000,0.20630
534F4C31,31491,258837773,301,192,3089,3007,109,82,109.00000,0.21146
534F4C31,31491,258842566,307,192,3091,3009,115,82,115.00000,0.21146
534F4C31,31491,258847570,348,225,3093,3011,123,82,123.00000,0.21146
534F4C31,31491,258852553,355,205,3090,3011,150,79,150.00000,0.20372
534F4C31,31491,258857554,335,209,3090,3007,126,83,126.00000,0.21404
534F4C31,31492,258862879,336,251,3091,3013,85,78,85.00000,0.20114
534F4C31,31493,258867645,333,241,3091,3013,92,78,92.00000,0.20114
534F4C31,31494,258872748,325,204,3091,3008,121,83,121.00000,0.21404
534F4C31,31495,258878319,333,216,3091,3008,117,83,117.00000,0.21404
534F4C31,31496,258882566,319,209,3092,3010,110,82,110.00000,0.21146
534F4C31,31497,258887708,327,189,3091,3012,138,79,138.00000,0.20372
534F4C31,31498,258892605,277,245,3091,3010,32,81,32.00000,0.20888
534F4C31,31499,258897773,253,260,3093,3010,-7,83,-7.00000,0.21404
534F4C31,31499,258905358,281,210,3091,3012,71,79,71.00000,0.20372
534F4C31,31499,258907775,211,140,3093,3009,71,84,71.00000,0.21662
534F4C31,31500,258912551,285,185,3094,3010,100,84,100.00000,0.21662
534F4C31,31500,258917549,348,244,3091,3011,104,80,104.00000,0.20630
534F4C31,31500,258922558,312,228,3090,3012,84,78,84.00000,0.20114
534F4C31,31501,258927704,309,225,3091,3013,84,78,84.00000,0.20114
534F4C31,31501,258932553,320,212,3092,3012,108,80,108.00000,0.20630
534F4C31,31502,258937570,328,214,3091,3010,114,81,114.00000,0.20888
534F4C31,31503,258942568,311,178,3092,3012,133,80,133.00000,0.20630
534F4C31,31504,258947776,344,202,3093,3010,142,83,142.00000,0.21404
534F4C31,31504,258953643,355,175,3090,3010,180,80,180.00000,0.20630
534F4C31,31504,258957851,322,180,3090,3008,142,82,142.00000,0.21146
534F4C31,31505,258962561,345,220,3091,3010,125,81,125.00000,0.20888
534F4C31,31506,258967562,366,252,3091,3012,114,79,114.00000,0.20372
534F4C31,31507,258972576,262,177,3091,3010,85,81,85.00000,0.20888
534F4C31,31508,258977565,277,260,3093,3012,17,81,17.00000,0.20888
534F4C31,31509,258983646,253,192,3091,3010,61,81,61.00000,0.20888
534F4C31,31509,258988175,288,185,3090,3012,103,78,103.00000,0.20114
534F4C31,31509,258992829,266,162,3090,3009,104,81,104.00000,0.20888
534F4C31,31509,258997585,321,220,3090,3010,101,80,101.00000,0.20630
534F4C31,31510,259002580,348,228,3091,3007,120,84,120.00000,0.21662
534F4C31,31511,259007570,331,208,3090,3007,123,83,123.00000,0.21404
534F4C31,31512,259012717,312,231,3092,3013,81,79,81.00000,0.20372
534F4C31,31512,259018022,285,199,3092,3011,86,81,86.00000,0.20888
534F4C31,31513,259022990,286,187,3090,3012,99,78,99.00000,0.20114
534F4C31,31513,259028312,326,239,3091,3011,87,80,87.00000,0.20630
534F4C31,31514,259032563,320,231,3091,3012,89,79,89.00000,0.20372
534F4C31,31514,259038059,333,228,3090,3012,105,78,105.00000,0.20114
534F4C31,31514,259042568,309,199,3090,3012,110,78,110.00000,0.20114
534F4C31,31514,259047570,347,241,3090,3012,106,78,106.00000,0.20114
534F4C31,31515,259052563,351,207,3091,3012,144,79,144.00000,0.20372
534F4C31,31516,259057566,300,154,3091,3013,146,78,146.00000,0.20114
534F4C31,31517,259062604,293,194,3091,3011,99,80,99.00000,0.20630
534F4C31,31517,259068074,331,210,3091,3012,121,79,121.00000,0.20372
534F4C31,31518,259072599,293,202,3093,3009,91,84,91.00000,0.21662
534F4C31,31519,259077554,282,182,3092,3009,100,83,100.00000,0.21404
534F4C31,31520,259082549,335,218,3092,3012,117,80,117.00000,0.20630
534F4C31,31521,259087791,285,246,3091,3012,39,79,39.00000,0.20372
534F4C31,31522,259092568,230,167,3092,3010,63,82,63.00000,0.21146
534F4C31,31523,259097551,314,223,3091,3011,91,80,91.00000,0.20630
534F4C31,31523,259102560,323,196,3090,3012,127,78,127.00000,0.20114
534F4C31,31524,259108258,326,283,3091,3013,43,78,43.00000,0.20114
534F4C31,31524,259113566,260,183,3093,3011,77,82,77.00000,0.21146
534F4C31,31524,259117574,310,218,3091,3010,92,81,92.00000,0.20888
534F4C31,31525,259122562,322,217,3091,3012,105,79,105.00000,0.20372
534F4C31,31525,259127547,329,215,3092,3010,114,82,114.00000,0.21146
534F4C31,31525,259132910,370,266,3091,3013,104,78,104.00000,0.20114
534F4C31,31526,259137579,337,222,3092,3010,115,82,115.00000,0.21146
534F4C31,31527,259142569,320,213,3092,3010,107,82,107.00000,0.21146
534F4C31,31528,259147575,325,218,3093,3011,107,82,107.00000,0.21146
534F4C31,31528,259153033,338,170,3091,3011,168,80,168.00000,0.20630
534F4C31,31528,259157591,323,194,3092,3013,129,79,129.00000,0.20372
534F4C31,31529,259162689,343,235,3093,3013,108,80,108.00000,0.20630
534F4C31,31530,259167589,295,256,3091,3012,39,79,39.00000,0.20372
534F4C31,31531,259173282,258,159,3092,3012,99,80,99.00000,0.20630
534F4C31,31532,259177551,282,177,3091,3014,105,77,105.00000,0.19856
534F4C31,31532,259182990,354,234,3094,3013,120,81,120.00000,0.20888
534F4C31,31533,259187547,325,207,3091,3011,118,80,118.00000,0.20630
534F4C31,31533,259192571,292,178,3092,3010,114,82,114.00000,0.21146
534F4C31,31533,259197559,338,240,3092,3012,98,80,98.00000,0.20630
534F4C31,31534,259202597,336,226,3092,3011,110,81,110.00000,0.20888
534F4C31,31535,259207786,326,218,3091,3011,108,80,108.00000,0.20630
534F4C31,31536,259212586,328,245,3094,3013,83,81,83.00000,0.20888
534F4C31,31537,259217583,333,256,3091,3012,77,79,77.00000,0.20372
534F4C31,31538,259222599,307,229,3090,3010,78,80,78.00000,0.20630
534F4C31,31539,259227614,298,271,3093,3010,27,83,27.00000,0.21404
534F4C31,31540,259232552,266,219,3092,3011,47,81,47.00000,0.20888
534F4C31,31541,259238043,297,247,3096,3010,50,86,50.00000,0.22177
534F4C31,31541,259243213,257,175,3091,3013,82,78,82.00000,0.20114
534F4C31,31541,259247553,301,232,3091,3009,69,82,69.00000,0.21146
534F4C31,31542,259252569,255,204,3090,3011,51,79,51.00000,0.20372
534F4C31,31542,259257566,264,198,3092,3010,66,82,66.00000,0.21146
534F4C31,31542,259262972,289,168,3093,3010,121,83,121.00000,0.21404
534F4C31,31542,259267562,257,229,3091,3012,28,79,28.00000,0.20372
534F4C31,31542,259272548,233,174,3091,3008,59,83,59.00000,0.21404
534F4C31,31543,259277587,285,263,3092,3011,22,81,22.00000,0.20888
534F4C31,31543,259282554,247,204,3091,3012,43,79,43.00000,0.20372
534F4C31,31543,259287602,297,220,3090,3009,77,81,77.00000,0.20888
534F4C31,31544,259292554,302,206,3091,3011,96,80,96.00000,0.20630
534F4C31,31545,259297574,311,207,3092,3007,104,85,104.00000,0.21919
534F4C31,31546,259302569,309,190,3091,3009,119,82,119.00000,0.21146
534F4C31,31546,259307952,316,164,3091,3011,152,80,152.00000,0.20630
534F4C31,31547,259312580,328,223,3090,3011,105,79,105.00000,0.20372
534F4C31,31548,259318179,349,193,3094,3010,156,84,156.00000,0.21662
534F4C31,31549,259323267,324,163,3092,3011,161,81,161.00000,0.20888
534F4C31,31550,259327549,291,200,3091,3010,91,81,91.00000,0.20888
534F4C31,31551,259333601,320,187,3091,3011,133,80,133.00000,0.20630
534F4C31,31552,259339028,326,140,3092,3012,186,80,186.00000,0.20630
534F4C31,31552,259344444,331,187,3092,3011,144,81,144.00000,0.20888
534F4C31,31552,259348135,270,140,3091,3012,130,79,130.00000,0.20372
534F4C31,31552,259352556,310,166,3091,3007,144,84,144.00000,0.21662
534F4C31,31553,259357590,312,218,3091,3013,94,78,94.00000,0.20114
534F4C31,31554,259362550,285,217,3094,3008,68,86,68.00000,0.22177
534F4C31,31555,259368278,341,238,3090,3009,103,81,103.00000,0.20888
534F4C31,31555,259372843,296,203,3093,3008,93,85,93.00000,0.21919
534F4C31,31555,259377564,297,210,3092,3010,87,82,87.00000,0.21146
534F4C31,31555,259382585,341,255,3090,3009,86,81,86.00000,0.20888
534F4C31,31556,259387590,276,182,3089,3010,94,79,94.00000,0.20372
534F4C31,31556,259392798,262,216,3090,3011,46,79,46.00000,0.20372
534F4C31,31557,259397678,256,233,3091,3008,23,83,23.00000,0.21404
534F4C31,31557,259402671,264,175,3091,3011,89,80,89.00000,0.20630
534F4C31,31557,259407554,297,200,3090,3011,97,79,97.00000,0.20372
534F4C31,31557,259412557,337,237,3090,3011,100,79,100.00000,0.20372
534F4C31,31558,259417598,341,238,3092,3011,103,81,103.00000,0.20888
534F4C31,31559,259422570,252,195,3090,3010,57,80,57.00000,0.20630
534F4C31,31560,259428678,320,237,3091,3008,83,83,83.00000,0.21404
534F4C31,31560,259432548,310,249,3090,3009,61,81,61.00000,0.20888
534F4C31,31561,259437592,278,198,3095,3012,80,83,80.00000,0.21404
534F4C31,31561,259442905,263,164,3091,3012,99,79,99.00000,0.20372
534F4C31,31562,259447629,271,260,3091,3012,11,79,11.00000,0.20372
534F4C31,31562,259452548,235,175,3090,3012,60,78,60.00000,0.20114
534F4C31,31563,259458169,306,214,3092,3008,92,84,92.00000,0.21662
534F4C31,31563,259462561,299,235,3092,3011,64,81,64.00000,0.20888
534F4C31,31563,259467552,326,241,3091,3011,85,80,85.00000,0.20630
534F4C31,31564,259472599,308,234,3092,3013,74,79,74.00000,0.20372
534F4C31,31565,259477566,287,213,3092,3013,74,79,74.00000,0.20372
534F4C31,31566,259482611,340,270,3090,3011,70,79,70.00000,0.20372
534F4C31,31567,259487548,281,201,3091,3012,80,79,80.00000,0.20372
534F4C31,31568,259492831,267,170,3093,3011,97,82,97.00000,0.21146
534F4C31,31568,259499002,354,174,3091,3012,180,79,180.00000,0.20372
534F4C31,31569,259502582,302,175,3091,3011,127,80,127.00000,0.20630
534F4C31,31570,259508582,308,147,3091,3010,161,81,161.00000,0.20888
534F4C31,31570,259512930,300,189,3093,3011,111,82,111.00000,0.21146
534F4C31,31571,259517552,322,215,3090,3009,107,81,107.00000,0.20888
534F4C31,31571,259522579,326,215,3090,3010,111,80,111.00000,0.20630
534F4C31,31571,259527592,331,233,3092,3012,98,80,98.00000,0.20630
534F4C31,31572,259532591,303,266,3091,3010,37,81,37.00000,0.20888
534F4C31,31573,259537566,233,161,3092,3009,72,83,72.00000,0.21404
534F4C31,31573,259542717,279,142,3091,3009,137,82,137.00000,0.21146
534F4C31,31574,259547590,316,192,3092,3010,124,82,124.00000,0.21146
534F4C31,31575,259552810,326,222,3090,3010,104,80,104.00000,0.20630
534F4C31,31576,259557559,257,208,3092,3010,49,82,49.00000,0.21146
534F4C31,31576,259562916,247,206,3093,3010,41,83,41.00000,0.21404
534F4C31,31576,259567551,283,202,3090,3012,81,78,81.00000,0.20114
534F4C31,31576,259572569,311,215,3092,3013,96,79,96.00000,0.20372
534F4C31,31577,259577571,324,231,3090,3009,93,81,93.00000,0.20888
534F4C31,31578,259582577,327,275,3092,3013,52,79,52.00000,0.20372
534F4C31,31579,259587564,286,205,3090,3011,81,79,81.00000,0.20372
534F4C31,31580,259592552,299,179,3090,3012,120,78,120.00000,0.20114
534F4C31,31580,259597550,318,244,3092,3011,74,81,74.00000,0.20888
534F4C31,31581,259602560,323,219,3091,3010,104,81,104.00000,0.20888
534F4C31,31581,259608738,336,236,3091,3011,100,80,100.00000,0.20630
534F4C31,31582,259612555,301,200,3095,3009,101,86,101.00000,0.22177
534F4C31,31582,259618349,377,257,3092,3013,120,79,120.00000,0.20372
534F4C31,31582,259622552,329,218,3091,3008,111,83,111.00000,0.21404
534F4C31,31582,259627564,331,234,3090,3011,97,79,97.00000,0.20372
534F4C31,31583,259632560,360,254,3091,3010,106,81,106.00000,0.20888
534F4C31,31584,259637571,314,226,3091,3013,88,78,88.00000,0.20114
534F4C31,31585,259642591,274,254,3091,3010,20,81,20.00000,0.20888
534F4C31,31585,259647552,232,169,3091,3005,63,86,63.00000,0.22177
534F4C31,31586,259652687,262,239,3091,3010,23,81,23.00000,0.20888
534F4C31,31587,259657553,250,183,3092,3012,67,80,67.00000,0.20630
534F4C31,31588,259662571,331,245,3093,3010,86,83,86.00000,0.21404
534F4C31,31588,259668055,358,250,3091,3011,108,80,108.00000,0.20630
534F4C31,31588,259672624,285,187,3091,3012,98,79,98.00000,0.20372
534F4C31,31588,259677576,313,196,3092,3011,117,81,117.00000,0.20888
534F4C31,31589,259683193,380,286,3091,3013,94,78,94.00000,0.20114
534F4C31,31590,259687564,285,217,3091,3011,68,80,68.00000,0.20630
534F4C31,31591,259692550,260,176,3093,3011,84,82,84.00000,0.21146
534F4C31,31592,259697669,325,211,3092,3013,114,79,114.00000,0.20372
534F4C31,31593,259702575,315,181,3093,3010,134,83,134.00000,0.21404
534F4C31,31594,259708681,333,205,3093,3012,128,81,128.00000,0.20888
534F4C31,31595,259712565,298,261,3092,3013,37,79,37.00000,0.20372
534F4C31,31596,259718910,263,165,3091,3011,98,80,98.00000,0.20630
534F4C31,31596,259722860,275,173,3089,3008,102,81,102.00000,0.20888
534F4C31,31597,259727598,305,243,3091,3012,62,79,62.00000,0.20372
534F4C31,31598,259732907,313,231,3092,3009,82,83,82.00000,0.21404
534F4C31,31599,259737551,305,228,3090,3010,77,80,77.00000,0.20630
534F4C31,31600,259744151,268,193,3091,3010,75,81,75.00000,0.20888
534F4C31,31601,259749664,318,252,3095,3013,66,82,66.00000,0.21146
534F4C31,31602,259755038,297,197,3092,3013,100,79,100.00000,0.20372
534F4C31,31602,259759011,274,153,3090,3012,121,78,121.00000,0.20114
534F4C31,31602,259762579,286,224,3090,3012,62,78,62.00000,0.20114
534F4C31,31602,259767553,285,215,3091,3012,70,79,70.00000,0.20372
534F4C31,31602,259772555,308,218,3090,3007,90,83,90.00000,0.21404
534F4C31,31602,259777569,322,233,3091,3009,89,82,89.00000,0.21146
534F4C31,31603,259782555,352,245,3092,3009,107,83,107.00000,0.21404
534F4C31,31604,259787552,329,149,3092,3008,180,84,180.00000,0.21662
534F4C31,31604,259792570,319,197,3093,3008,122,85,122.00000,0.21919
534F4C31,31604,259797588,323,214,3091,3009,109,82,109.00000,0.21146
534F4C31,31605,259802566,327,227,3092,3009,100,83,100.00000,0.21404
534F4C31,31605,259807747,301,210,3091,3011,91,80,91.00000,0.20630
534F4C31,31605,259812726,313,230,3092,3012,83,80,83.00000,0.20630
534F4C31,31606,259817559,343,247,3092,3009,96,83,96.00000,0.21404
534F4C31,31606,259822548,330,203,3089,3009,127,80,127.00000,0.20630
534F4C31,31606,259827561,334,225,3090,3011,109,79,109.00000,0.20372
534F4C31,31607,259833262,376,273,3089,3009,103,80,103.00000,0.20630
534F4C31,31608,259837575,322,201,3092,3012,121,80,121.00000,0.20630
534F4C31,31609,259842833,304,157,3092,3009,147,83,147.00000,0.21404
534F4C31,31609,259847550,329,177,3090,3008,152,82,152.00000,0.21146
534F4C31,31610,259853079,319,235,3089,3012,84,77,84.00000,0.19856
534F4C31,31611,259857558,263,193,3104,3010,70,94,70.00000,0.24240
534F4C31,31611,259863502,315,200,3104,3010,115,94,115.00000,0.24240
534F4C31,31612,259867550,317,210,3103,3011,107,92,107.00000,0.23725
534F4C31,31613,259872956,311,225,3102,3011,86,91,86.00000,0.23467
534F4C31,31614,259877598,296,232,3103,3013,64,90,64.00000,0.23209
534F4C31,31615,259882598,326,248,3107,3012,78,95,78.00000,0.24498
534F4C31,31616,259888038,298,250,3100,3012,48,88,48.00000,0.22693
534F4C31,31617,259892547,253,196,3102,3011,57,91,57.00000,0.23467
534F4C31,31618,259897832,294,217,3103,3009,77,94,77.00000,0.24240
534F4C31,31619,259902648,320,211,3104,3009,109,95,109.00000,0.24498
534F4C31,31619,259907577,265,236,3103,3009,29,94,29.00000,0.24240
534F4C31,31619,259912802,241,168,3104,3008,73,96,73.00000,0.24756
534F4C31,31619,259917554,323,231,3103,3008,92,95,92.00000,0.24498
534F4C31,31619,259922554,322,202,3102,3013,120,89,120.00000,0.22951
534F4C31,31620,259928084,297,262,3104,3011,35,93,35.00000,0.23982
534F4C31,31621,259932548,257,202,3103,3007,55,96,55.00000,0.24756
534F4C31,31622,259937556,290,224,3105,3011,66,94,66.00000,0.24240
534F4C31,31622,259942897,269,184,3104,3011,85,93,85.00000,0.23982
534F4C31,31622,259948101,321,256,3104,3010,65,94,65.00000,0.24240
534F4C31,31622,259952553,307,195,3102,3011,112,91,112.00000,0.23467
534F4C31,31623,259957564,320,204,3103,3009,116,94,116.00000,0.24240
534F4C31,31624,259962572,323,252,3104,3011,71,93,71.00000,0.23982
534F4C31,31625,259968209,343,224,3103,3009,119,94,119.00000,0.24240
534F4C31,31625,259972572,299,197,3103,3011,102,92,102.00000,0.23725
534F4C31,31626,259977576,286,197,3105,3012,89,93,89.00000,0.23982
534F4C31,31627,259983014,329,231,3104,3010,98,94,98.00000,0.24240
534F4C31,31627,259987670,298,208,3102,3011,90,91,90.00000,0.23467
534F4C31,31627,259992560,256,194,3108,3009,62,99,62.00000,0.25530
534F4C31,31627,259997597,305,218,3102,3009,87,93,87.00000,0.23982
534F4C31,31627,260002553,340,229,3102,3011,111,91,111.00000,0.23467
534F4C31,31627,260007564,325,202,3103,3012,123,91,123.00000,0.23467
534F4C31,31628,260013015,338,250,3109,3012,88,97,88.00000,0.25014
534F4C31,31629,260017572,311,230,3108,3011,81,97,81.00000,0.25014
534F4C31,31630,260022561,291,217,3103,3012,74,91,74.00000,0.23467
534F4C31,31631,260027610,290,217,3102,3005,73,97,73.00000,0.25014
534F4C31,31632,260032931,305,194,3104,3010,111,94,111.00000,0.24240
534F4C31,31633,260037550,312,193,3105,3009,119,96,119.00000,0.24756
534F4C31,31634,260042582,318,198,3106,3011,120,95,120.00000,0.24498
534F4C31,31635,260047842,320,275,3104,3009,45,95,45.00000,0.24498
534F4C31,31636,260052558,279,199,3105,3011,80,94,80.00000,0.24240
534F4C31,31637,260057790,248,237,3102,3009,11,93,11.00000,0.23982
534F4C31,31637,260063043,247,181,3103,3009,66,94,66.00000,0.24240
534F4C31,31637,260067549,317,218,3102,3008,99,94,99.00000,0.24240
534F4C31,31638,260072564,319,189,3105,3008,130,97,130.00000,0.25014
534F4C31,31639,260077595,306,236,3103,3011,70,92,70.00000,0.23725
534F4C31,31640,260082574,316,248,3103,3012,68,91,68.00000,0.23467
534F4C31,31641,260087571,271,235,3102,3012,36,90,36.00000,0.23209
534F4C31,31642,260092962,254,206,3105,3008,48,97,48.00000,0.25014
534F4C31,31643,260098287,287,166,3103,3009,121,94,121.00000,0.24240
534F4C31,31643,260102672,295,147,3101,3009,148,92,148.00000,0.23725
534F4C31,31644,260107984,315,201,3103,3009,114,94,114.00000,0.24240
534F4C31,31645,260112555,315,204,3105,3010,111,95,111.00000,0.24498
534F4C31,31645,260117567,343,255,3102,3009,88,93,88.00000,0.23982
534F4C31,31645,260122563,298,203,3103,3011,95,92,95.00000,0.23725
534F4C31,31646,260127585,319,231,3104,3011,88,93,88.00000,0.23982
534F4C31,31647,260132592,326,269,3102,3007,57,95,57.00000,0.24498
534F4C31,31647,260138160,304,198,3101,3009,106,92,106.00000,0.23725
534F4C31,31647,260142566,297,187,3104,3011,110,93,110.00000,0.23982
534F4C31,31648,260147574,340,234,3107,3009,106,98,106.00000,0.25272
534F4C31,31648,260152548,354,206,3103,3009,148,94,148.00000,0.24240
534F4C31,31648,260157565,336,194,3104,3009,142,95,142.00000,0.24498
534F4C31,31649,260162588,309,242,3105,3009,67,96,67.00000,0.24756
534F4C31,31650,260167548,292,212,3105,3009,80,96,80.00000,0.24756
534F4C31,31651,260172604,300,223,3103,3013,77,90,77.00000,0.23209
534F4C31,31652,260177548,273,159,3107,3010,114,97,114.00000,0.25014
534F4C31,31652,260182548,340,226,3104,3012,114,92,114.00000,0.23725
534F4C31,31652,260188062,323,240,3104,3010,83,94,83.00000,0.24240
534F4C31,31652,260192548,284,183,3103,3011,101,92,101.00000,0.23725
534F4C31,31653,260197593,299,280,3104,3009,19,95,19.00000,0.24498
534F4C31,31653,260202560,256,193,3104,3012,63,92,63.00000,0.23725
534F4C31,31654,260207586,299,209,3103,3009,90,94,90.00000,0.24240
534F4C31,31654,260212568,333,237,3104,3012,96,92,96.00000,0.23725
534F4C31,31655,260217563,317,259,3101,3011,58,90,58.00000,0.23209
534F4C31,31655,260222644,237,163,3102,3012,74,90,74.00000,0.23209
534F4C31,31656,260227558,293,212,3107,3010,81,97,81.00000,0.25014
534F4C31,31657,260232893,347,212,3105,3011,135,94,135.00000,0.24240
534F4C31,31658,260237571,294,244,3103,3010,50,93,50.00000,0.23982
534F4C31,31658,260242653,202,146,3105,3009,56,96,56.00000,0.24756
534F4C31,31658,260247563,303,227,3105,3011,76,94,76.00000,0.24240
534F4C31,31658,260252556,339,239,3105,3010,100,95,100.00000,0.24498
534F4C31,31658,260257554,325,222,3102,3010,103,92,103.00000,0.23725
534F4C31,31659,260262599,333,253,3102,3012,80,90,80.00000,0.23209
534F4C31,31660,260267711,320,255,3103,3010,65,93,65.00000,0.23982
534F4C31,31661,260272597,285,199,3103,3011,86,92,86.00000,0.23725
534F4C31,31662,260277785,287,141,3104,3008,146,96,146.00000,0.24756
534F4C31,31663,260282639,333,227,3103,3010,106,93,106.00000,0.23982
534F4C31,31664,260287582,287,179,3105,3012,108,93,108.00000,0.23982
534F4C31,31665,260294910,292,237,3107,3011,55,96,55.00000,0.24756
534F4C31,31666,260299680,277,209,3107,3011,68,96,68.00000,0.24756
534F4C31,31667,260304114,277,183,3103,3010,94,93,94.00000,0.23982
534F4C31,31667,260309695,301,162,3104,3009,139,95,139.00000,0.24498
534F4C31,31667,260312556,281,157,3104,3009,124,95,124.00000,0.24498
534F4C31,31668,260317592,326,251,3103,3012,75,91,75.00000,0.23467
534F4C31,31668,260322600,259,190,3104,3007,69,97,69.00000,0.25014
534F4C31,31669,260327564,302,221,3104,3010,81,94,81.00000,0.24240
534F4C31,31670,260333118,361,260,3109,3010,101,99,101.00000,0.25530
534F4C31,31671,260337549,326,207,3101,3010,119,91,119.00000,0.23467
534F4C31,31671,260342598,273,224,3102,3010,49,92,49.00000,0.23725
534F4C31,31671,260347549,266,192,3103,3008,74,95,74.00000,0.24498
534F4C31,31671,260352600,323,228,3102,3010,95,92,95.00000,0.23725
534F4C31,31672,260357580,316,215,3102,3009,101,93,101.00000,0.23982
534F4C31,31673,260362600,291,250,3106,3010,41,96,41.00000,0.24756
534F4C31,31673,260367718,280,198,3103,3009,82,94,82.00000,0.24240
534F4C31,31673,260372565,286,215,3102,3011,71,91,71.00000,0.23467
534F4C31,31674,260377556,292,213,3105,3009,79,96,79.00000,0.24756
534F4C31,31674,260382880,349,257,3102,3009,92,93,92.00000,0.23982
534F4C31,31674,260387558,331,221,3101,3010,110,91,110.00000,0.23467
534F4C31,31674,260392568,318,208,3103,3010,110,93,110.00000,0.23982
534F4C31,31675,260397556,352,236,3103,3010,116,93,116.00000,0.23982
534F4C31,31676,260402573,335,240,3102,3008,95,94,95.00000,0.24240
534F4C31,31677,260408116,259,251,3102,3010,8,92,8.00000,0.23725
534F4C31,31678,260413809,238,172,3105,3006,66,99,66.00000,0.25530
534F4C31,31679,260417754,269,188,3104,3012,81,92,81.00000,0.23725
534F4C31,31680,260422572,258,180,3103,3008,78,95,78.00000,0.24498
534F4C31,31681,260427959,272,178,3103,3008,94,95,94.00000,0.24498
534F4C31,31682,260432926,321,210,3103,3011,111,92,111.00000,0.23725
534F4C31,31683,260437606,306,202,3105,3009,104,96,104.00000,0.24756
534F4C31,31683,260443643,300,170,3105,3009,130,96,130.00000,0.24756
534F4C31,31684,260447566,270,205,3104,3008,65,96,65.00000,0.24756
534F4C31,31685,260452785,278,133,3105,3011,145,94,145.00000,0.24240
534F4C31,31686,260457555,295,141,3103,3012,154,91,154.00000,0.23467
534F4C31,31686,260463359,363,231,3106,3011,132,95,132.00000,0.24498
534F4C31,31686,260467551,360,235,3104,3011,125,93,125.00000,0.23982
534F4C31,31687,260472568,333,232,3101,3010,101,91,101.00000,0.23467
534F4C31,31687,260477550,286,203,3104,3012,83,92,83.00000,0.23725
534F4C31,31687,260482556,339,217,3102,3012,122,90,122.00000,0.23209
534F4C31,31688,260487572,341,214,3103,3012,127,91,127.00000,0.23467
534F4C31,31689,260492561,300,249,3102,3012,51,90,51.00000,0.23209
534F4C31,31690,260497590,259,235,3105,3011,24,94,24.00000,0.24240
534F4C31,31690,260502549,289,213,3107,3010,76,97,76.00000,0.25014
534F4C31,31690,260507584,312,212,3113,3012,100,101,100.00000,0.26045
534F4C31,31691,260512552,338,238,3103,3007,100,96,100.00000,0.24756
534F4C31,31692,260517586,280,259,3107,3010,21,97,21.00000,0.25014
534F4C31,31693,260525554,282,199,3102,3012,83,90,83.00000,0.23209
534F4C31,31694,260529908,315,220,3106,3011,95,95,95.00000,0.24498
534F4C31,31695,260533361,300,195,3104,3012,105,92,105.00000,0.23725
534F4C31,31696,260538824,328,206,3104,3010,122,94,122.00000,0.24240
534F4C31,31696,260542935,298,140,3103,3011,158,92,158.00000,0.23725
534F4C31,31697,260547565,321,228,3103,3012,93,91,93.00000,0.23467
534F4C31,31698,260553222,265,136,3106,3011,129,95,129.00000,0.24498
534F4C31,31698,260557828,293,164,3105,3012,129,93,129.00000,0.23982
534F4C31,31699,260562559,327,210,3104,3012,117,92,117.00000,0.23725
534F4C31,31699,260567967,367,212,3104,3011,155,93,155.00000,0.23982
534F4C31,31699,260572554,341,184,3102,3013,157,89,157.00000,0.22951
534F4C31,31699,260577570,334,192,3103,3010,142,93,142.00000,0.23982
534F4C31,31699,260582557,365,239,3106,3012,126,94,126.00000,0.24240
534F4C31,31699,260587556,353,227,3106,3012,126,94,126.00000,0.24240
534F4C31,31699,260592555,336,213,3105,3013,123,92,123.00000,0.23725
534F4C31,31700,260598297,374,262,3103,3013,112,90,112.00000,0.23209
534F4C31,31701,260602585,351,230,3105,3012,121,93,121.00000,0.23982
534F4C31,31702,260607564,267,228,3103,3011,39,92,39.00000,0.23725
534F4C31,31703,260612564,264,200,3103,3010,64,93,64.00000,0.23982
534F4C31,31704,260617569,310,239,3104,3011,71,93,71.00000,0.23982
534F4C31,31705,260622823,280,168,3110,3010,112,100,112.00000,0.25788
534F4C31,31706,260627562,306,199,3106,3012,107,94,107.00000,0.24240
534F4C31,31706,260632548,294,253,3104,3011,41,93,41.00000,0.23982
534F4C31,31706,260637553,259,185,3103,3010,74,93,74.00000,0.23982
534F4C31,31707,260642610,271,257,3104,3008,14,96,14.00000,0.24756
534F4C31,31707,260647558,258,200,3103,3010,58,93,58.00000,0.23982
534F4C31,31708,260652588,302,240,3104,3011,62,93,62.00000,0.23982
534F4C31,31709,260657679,277,195,3104,3008,82,96,82.00000,0.24756
534F4C31,31710,260663051,332,215,3103,3010,117,93,117.00000,0.23982
534F4C31,31710,260667550,332,220,3103,3009,112,94,112.00000,0.24240
534F4C31,31710,260672743,339,224,3102,3009,115,93,115.00000,0.23982
534F4C31,31710,260677928,338,237,3102,3010,101,92,101.00000,0.23725
534F4C31,31710,260682553,343,229,3105,3011,114,94,114.00000,0.24240
534F4C31,31711,260687566,341,222,3107,3009,119,98,119.00000,0.25272
534F4C31,31712,260692699,298,247,3110,3009,51,101,51.00000,0.26045
534F4C31,31713,260699050,295,277,3107,3008,18,99,18.00000,0.25530
534F4C31,31714,260703967,247,184,3104,3009,63,95,63.00000,0.24498
534F4C31,31714,260709525,305,198,3103,3010,107,93,107.00000,0.23982
534F4C31,31714,260712548,284,178,3103,3010,106,93,106.00000,0.23982
534F4C31,31715,260717584,294,231,3102,3010,63,92,63.00000,0.23725
534F4C31,31716,260722584,251,173,3101,3010,78,91,78.00000,0.23467
534F4C31,31717,260727563,301,190,3104,3012,111,92,111.00000,0.23725
534F4C31,31718,260733703,365,153,3106,3011,212,95,212.00000,0.24498
534F4C31,31718,260737941,307,206,3102,3011,101,91,101.00000,0.23467
534F4C31,31718,260742548,236,137,3102,3010,99,92,99.00000,0.23725
534F4C31,31719,260747586,297,250,3105,3008,47,97,47.00000,0.25014
534F4C31,31720,260752952,289,216,3102,3011,73,91,73.00000,0.23467
534F4C31,31720,260757560,285,150,3104,3007,135,97,135.00000,0.25014
534F4C31,31720,260762890,331,201,3102,3011,130,91,130.00000,0.23467
534F4C31,31720,260767548,327,220,3101,3011,107,90,107.00000,0.23209
534F4C31,31721,260772560,314,224,3102,3009,90,93,90.00000,0.23982
534F4C31,31721,260777570,289,221,3102,3011,68,91,68.00000,0.23467
534F4C31,31722,260782568,311,215,3106,3008,96,98,96.00000,0.25272
534F4C31,31723,260787566,312,189,3104,3009,123,95,123.00000,0.24498
534F4C31,31723,260792658,288,132,3104,3011,156,93,156.00000,0.23982
534F4C31,31723,260797551,336,186,3105,3010,150,95,150.00000,0.24498
534F4C31,31724,260802875,300,245,3104,3013,55,91,55.00000,0.23467
534F4C31,31725,260807924,253,185,3102,3010,68,92,68.00000,0.23725
534F4C31,31726,260813469,316,201,3103,3009,115,94,115.00000,0.24240
534F4C31,31726,260817949,330,223,3102,3009,107,93,107.00000,0.23982
534F4C31,31727,260822554,305,199,3102,3011,106,91,106.00000,0.23467
534F4C31,31727,260827550,321,215,3102,3011,106,91,106.00000,0.23467
534F4C31,31728,260832587,319,274,3103,3008,45,95,45.00000,0.24498
534F4C31,31729,260837948,302,198,3105,3012,104,93,104.00000,0.23982
534F4C31,31729,260842568,299,175,3102,3010,124,92,124.00000,0.23725
534F4C31,31730,260847562,345,234,3105,3010,111,95,111.00000,0.24498
534F4C31,31731,260852560,355,225,3104,3011,130,93,130.00000,0.23982
534F4C31,31732,260857962,335,201,3105,3010,134,95,134.00000,0.24498
534F4C31,31732,260862585,341,225,3103,3010,116,93,116.00000,0.23982
534F4C31,31732,260867985,372,266,3102,3010,106,92,106.00000,0.23725
534F4C31,31733,260872555,328,211,3104,3012,117,92,117.00000,0.23725
534F4C31,31734,260877571,299,198,3105,3012,101,93,101.00000,0.23982
534F4C31,31735,260882592,304,223,3103,3013,81,90,81.00000,0.23209
534F4C31,31736,260887571,300,207,3104,3012,93,92,93.00000,0.23725
534F4C31,31737,260892568,285,198,3104,3011,87,93,87.00000,0.23982
534F4C31,31737,260897588,301,245,3106,3011,56,95,56.00000,0.24498
534F4C31,31737,260902759,318,222,3105,3012,96,93,96.00000,0.23982
534F4C31,31738,260907583,309,225,3106,3009,84,97,84.00000,0.25014
534F4C31,31739,260913342,329,208,3109,3011,121,98,121.00000,0.25272
534F4C31,31739,260917569,332,195,3103,3011,137,92,137.00000,0.23725
534F4C31,31740,260922606,327,218,3103,3008,109,95,109.00000,0.24498
534F4C31,31741,260927549,273,200,3105,3012,73,93,73.00000,0.23982
534F4C31,31741,260932552,308,185,3104,3009,123,95,123.00000,0.24498
534F4C31,31741,260937569,328,209,3103,3011,119,92,119.00000,0.23725
534F4C31,31741,260942560,324,200,3103,3009,124,94,124.00000,0.24240
534F4C31,31742,260948079,314,282,3102,3011,32,91,32.00000,0.23467
534F4C31,31743,260953020,269,207,3105,3012,62,93,62.00000,0.23982
534F4C31,31744,260957822,281,177,3103,3008,104,95,104.00000,0.24498
534F4C31,31745,260962558,304,174,3107,3010,130,97,130.00000,0.25014
534F4C31,31745,260967731,348,251,3105,3009,97,96,97.00000,0.24756
534F4C31,31745,260972558,320,214,3104,3011,106,93,106.00000,0.23982
534F4C31,31746,260977588,306,260,3105,3010,46,95,46.00000,0.24498
534F4C31,31746,260982562,272,208,3105,3010,64,95,64.00000,0.24498
534F4C31,31747,260987552,313,219,3102,3011,94,91,94.00000,0.23467
534F4C31,31748,260993756,333,248,3103,3010,85,93,85.00000,0.23982
534F4C31,31748,260997574,308,198,3105,3009,110,96,110.00000,0.24756
534F4C31,31749,261002604,330,257,3102,3013,73,89,73.00000,0.22951
534F4C31,31749,261007558,238,190,3103,3012,48,91,48.00000,0.23467
534F4C31,31750,261012814,256,232,3103,3012,24,91,24.00000,0.23467
534F4C31,31750,261017565,263,194,3105,3013,69,92,69.00000,0.23725
534F4C31,31751,261022797,305,230,3104,3011,75,93,75.00000,0.23982
534F4C31,31752,261027551,273,203,3104,3011,70,93,70.00000,0.23982
534F4C31,31752,261032646,334,241,3107,3012,93,95,93.00000,0.24498
534F4C31,31753,261037584,326,206,3103,3010,120,93,120.00000,0.23982
534F4C31,31754,261042794,304,113,3104,3008,191,96,191.00000,0.24756
534F4C31,31755,261047569,326,214,3105,3011,112,94,112.00000,0.24240
534F4C31,31755,261052918,283,238,3102,3013,45,89,45.00000,0.22951
534F4C31,31755,261057548,258,181,3102,3008,77,94,77.00000,0.24240
534F4C31,31756,261062581,318,239,3104,3012,79,92,79.00000,0.23725
534F4C31,31756,261067558,288,184,3102,3009,104,93,104.00000,0.23982
534F4C31,31757,261073149,312,233,3103,3010,79,93,79.00000,0.23982
534F4C31,31757,261077560,252,178,3104,3009,74,95,74.00000,0.24498
534F4C31,31757,261082618,329,244,3105,3011,85,94,85.00000,0.24240
534F4C31,31758,261087545,322,254,3103,3012,68,91,68.00000,0.23467
534F4C31,31759,261092557,242,207,3105,3013,35,92,35.00000,0.23725
534F4C31,31760,261097973,288,214,3106,3011,74,95,74.00000,0.24498
534F4C31,31761,261102568,301,218,3104,3010,83,94,83.00000,0.24240
534F4C31,31761,261108201,253,145,3105,3012,108,93,108.00000,0.23982
534F4C31,31762,261112571,307,206,3104,3010,101,94,101.00000,0.24240
534F4C31,31763,261117725,352,247,3103,3007,105,96,105.00000,0.24756
534F4C31,31764,261122562,340,216,3105,3012,124,93,124.00000,0.23982
534F4C31,31765,261127555,333,220,3103,3010,113,93,113.00000,0.23982
534F4C31,31766,261132566,338,270,3103,3010,68,93,68.00000,0.23982
534F4C31,31766,261137897,280,184,3101,3014,96,87,96.00000,0.22435
534F4C31,31766,261142892,287,187,3103,3010,100,93,100.00000,0.23982
534F4C31,31766,261147570,325,210,3106,3012,115,94,115.00000,0.24240
534F4C31,31766,261152568,352,209,3103,3009,143,94,143.00000,0.24240
534F4C31,31766,261157563,338,210,3105,3012,128,93,128.00000,0.23982
534F4C31,31767,261162742,300,257,3104,3014,43,90,43.00000,0.23209
534F4C31,31768,261167638,286,232,3110,3010,54,100,54.00000,0.25788
534F4C31,31769,261172565,277,188,3101,3011,89,90,89.00000,0.23209
534F4C31,31769,261177614,289,168,3105,3012,121,93,121.00000,0.23982
534F4C31,31770,261182598,290,269,3104,3012,21,92,21.00000,0.23725
534F4C31,31771,261187550,246,184,3102,3010,62,92,62.00000,0.23725
534F4C31,31772,261192599,300,225,3111,3012,75,99,75.00000,0.25530
534F4C31,31773,261198701,344,253,3104,3011,91,93,91.00000,0.23982
534F4C31,31773,261202569,327,213,3105,3012,114,93,114.00000,0.23982
534F4C31,31773,261207567,323,211,3103,3013,112,90,112.00000,0.23209
534F4C31,31774,261212746,342,243,3103,3010,99,93,99.00000,0.23982
534F4C31,31775,261217574,359,267,3103,3012,92,91,92.00000,0.23467
534F4C31,31776,261222759,272,207,3103,3012,65,91,65.00000,0.23467
534F4C31,31777,261227587,270,240,3104,3013,30,91,30.00000,0.23467
534F4C31,31777,261232566,268,183,3105,3014,85,91,85.00000,0.23467
534F4C31,31778,261237594,310,213,3104,3012,97,92,97.00000,0.23725
534F4C31,31778,261242558,308,202,3104,3013,106,91,106.00000,0.23467
534F4C31,31779,261247591,334,241,3105,3010,93,95,93.00000,0.24498
534F4C31,31780,261252562,310,162,3102,3013,148,89,148.00000,0.22951
534F4C31,31780,261257613,305,200,3104,3013,105,91,105.00000,0.23467
534F4C31,31781,261262705,281,232,3109,3013,49,96,49.00000,0.24756
534F4C31,31781,261267560,287,220,3104,3011,67,93,67.00000,0.23982
534F4C31,31782,261272576,311,219,3103,3012,92,91,92.00000,0.23467
534F4C31,31783,261277562,318,223,3107,3012,95,95,95.00000,0.24498
534F4C31,31784,261282582,297,237,3105,3012,60,93,60.00000,0.23982
534F4C31,31784,261287554,243,139,3104,3012,104,92,104.00000,0.23725
534F4C31,31784,261292555,297,203,3103,3009,94,94,94.00000,0.24240
534F4C31,31784,261297554,320,217,3106,3011,103,95,103.00000,0.24498
534F4C31,31785,261303081,334,254,3102,3010,80,92,80.00000,0.23725
534F4C31,31785,261307560,269,183,3104,3012,86,92,86.00000,0.23725
534F4C31,31786,261312741,325,227,3104,3011,98,93,98.00000,0.23982
534F4C31,31786,261319433,385,253,3103,3013,132,90,132.00000,0.23209
534F4C31,31786,261322566,304,186,3101,3009,118,92,118.00000,0.23725
534F4C31,31787,261327745,321,261,3104,3012,60,92,60.00000,0.23725
534F4C31,31788,261332553,264,181,3107,3012,83,95,83.00000,0.24498
534F4C31,31789,261337556,298,170,3103,3012,128,91,128.00000,0.23467
534F4C31,31790,261342571,308,212,3105,3010,96,95,96.00000,0.24498
534F4C31,31791,261347559,301,239,3105,3011,62,94,62.00000,0.24240
534F4C31,31792,261352550,273,208,3103,3013,65,90,65.00000,0.23209
534F4C31,31793,261357626,247,172,3105,3013,75,92,75.00000,0.23725
534F4C31,31793,261362671,287,196,3109,3011,91,98,91.00000,0.25272
534F4C31,31793,261367665,332,242,3103,3011,90,92,90.00000,0.23725
534F4C31,31794,261372588,290,200,3104,3010,90,94,90.00000,0.24240
534F4C31,31795,261377572,307,211,3104,3011,96,93,96.00000,0.23982
534F4C31,31795,261382605,305,255,3104,3012,50,92,50.00000,0.23725
534F4C31,31795,261387551,269,187,3102,3010,82,92,82.00000,0.23725
534F4C31,31796,261392834,301,186,3102,3011,115,91,115.00000,0.23467
534F4C31,31796,261397552,330,207,3105,3010,123,95,123.00000,0.24498
534F4C31,31797,261402590,350,234,3103,3011,116,92,116.00000,0.23725
534F4C31,31797,261407564,306,198,3103,3011,108,92,108.00000,0.23725
534F4C31,31797,261412845,339,239,3104,3012,100,92,100.00000,0.23725
534F4C31,31798,261417620,339,216,3103,3010,123,93,123.00000,0.23982
534F4C31,31799,261422992,321,204,3104,3009,117,95,117.00000,0.24498
534F4C31,31800,261427568,298,229,3105,3011,69,94,69.00000,0.24240
534F4C31,31800,261432561,303,242,3106,3012,61,94,61.00000,0.24240
534F4C31,31801,261437561,246,220,3102,3008,26,94,26.00000,0.24240
534F4C31,31801,261442571,231,168,3104,3010,63,94,63.00000,0.24240
534F4C31,31801,261447549,301,196,3106,3012,105,94,105.00000,0.24240
534F4C31,31802,261452597,341,233,3106,3010,108,96,108.00000,0.24756
534F4C31,31803,261457560,321,202,3105,3012,119,93,119.00000,0.23982
534F4C31,31804,261462566,334,203,3105,3013,131,92,131.00000,0.23725
534F4C31,31804,261467571,359,247,3103,3012,112,91,112.00000,0.23467
534F4C31,31804,261472569,320,225,3103,3012,95,91,95.00000,0.23467
534F4C31,31805,261477582,278,251,3109,3009,27,100,27.00000,0.25788
534F4C31,31806,261483252,271,197,3105,3012,74,93,74.00000,0.23982
534F4C31,31806,261487556,284,156,3108,3013,128,95,128.00000,0.24498
534F4C31,31807,261492562,307,185,3105,3008,122,97,122.00000,0.25014
534F4C31,31807,261497584,338,195,3104,3011,143,93,143.00000,0.23982
534F4C31,31808,261503427,327,253,3103,3010,74,93,74.00000,0.23982
534F4C31,31809,261507863,255,155,3106,3010,100,96,100.00000,0.24756
534F4C31,31809,261512953,303,221,3106,3011,82,95,82.00000,0.24498
534F4C31,31809,261517569,320,231,3106,3011,89,95,89.00000,0.24498
534F4C31,31809,261522594,319,198,3104,3011,121,93,121.00000,0.23982
534F4C31,31810,261527560,319,209,3104,3011,110,93,110.00000,0.23982
534F4C31,31811,261532574,290,199,3102,3013,91,89,91.00000,0.22951
534F4C31,31812,261537568,282,180,3102,3010,102,92,102.00000,0.23725
534F4C31,31813,261542606,254,228,3101,3011,26,90,26.00000,0.23209
534F4C31,31814,261547555,270,203,3103,3009,67,94,67.00000,0.24240
534F4C31,31815,261553337,340,239,3102,3010,101,92,101.00000,0.23725
534F4C31,31816,261558084,321,187,3103,3008,134,95,134.00000,0.24498
534F4C31,31816,261562551,320,185,3103,3010,135,93,135.00000,0.23982
534F4C31,31816,261567577,340,230,3103,3009,110,94,110.00000,0.24240
534F4C31,31817,261572571,333,211,3108,3010,122,98,122.00000,0.25272
534F4C31,31818,261577653,320,161,3105,3010,159,95,159.00000,0.24498
534F4C31,31818,261583063,373,239,3103,3009,134,94,134.00000,0.24240
534F4C31,31818,261587555,341,209,3103,3011,132,92,132.00000,0.23725
534F4C31,31819,261592833,329,214,3106,3012,115,94,115.00000,0.24240
534F4C31,31820,261597552,340,225,3104,3011,115,93,115.00000,0.23982
534F4C31,31821,261602565,316,220,3105,3011,96,94,96.00000,0.24240
534F4C31,31822,261608855,319,206,3105,3009,113,96,113.00000,0.24756
534F4C31,31823,261612564,312,201,3106,3012,111,94,111.00000,0.24240
534F4C31,31824,261618374,370,209,3102,3010,161,92,161.00000,0.23725
534F4C31,31824,261622580,309,131,3105,3011,178,94,178.00000,0.24240
534F4C31,31824,261627559,318,195,3103,3010,123,93,123.00000,0.23982
534F4C31,31825,261632550,351,239,3104,3011,112,93,112.00000,0.23982
534F4C31,31825,261637593,345,226,3103,3013,119,90,119.00000,0.23209
534F4C31,31825,261642567,311,226,3105,3012,85,93,85.00000,0.23982
534F4C31,31826,261647891,290,259,3104,3013,31,91,31.00000,0.23467
534F4C31,31826,261652553,274,172,3105,3013,102,92,102.00000,0.23725
534F4C31,31827,261657563,308,205,3103,3010,103,93,103.00000,0.23982
534F4C31,31828,261662565,334,221,3104,3011,113,93,113.00000,0.23982
534F4C31,31829,261667565,317,208,3104,3012,109,92,109.00000,0.23725
534F4C31,31829,261673166,270,134,3101,3013,136,88,136.00000,0.22693
534F4C31,31830,261677573,297,188,3104,3012,109,92,109.00000,0.23725
534F4C31,31831,261682556,326,203,3105,3012,123,93,123.00000,0.23982
534F4C31,31831,261687569,311,180,3105,3011,131,94,131.00000,0.24240
534F4C31,31831,261692562,317,198,3105,3010,119,95,119.00000,0.24498
534F4C31,31832,261697557,350,238,3105,3011,112,94,112.00000,0.24240
534F4C31,31833,261702708,342,243,3110,3008,99,102,99.00000,0.26303
534F4C31,31833,261707548,284,185,3110,3011,99,99,99.00000,0.25530
534F4C31,31833,261712590,315,222,3105,3010,93,95,93.00000,0.24498
534F4C31,31834,261718302,332,263,3103,3012,69,91,69.00000,0.23467
534F4C31,31835,261722566,255,233,3104,3011,22,93,22.00000,0.23982
534F4C31,31835,261728170,226,187,3104,3012,39,92,39.00000,0.23725
534F4C31,31835,261732550,299,222,3105,3012,77,93,77.00000,0.23982
534F4C31,31836,261737585,274,256,3104,3011,18,93,18.00000,0.23982
534F4C31,31837,261742558,221,182,3107,3011,39,96,39.00000,0.24756
534F4C31,31838,261748034,306,232,3105,3011,74,94,74.00000,0.24240
534F4C31,31838,261753031,333,232,3104,3010,101,94,101.00000,0.24240
534F4C31,31839,261758538,331,230,3103,3011,101,92,101.00000,0.23725
534F4C31,31840,261762712,300,223,3105,3010,77,95,77.00000,0.24498
534F4C31,31841,261767552,283,239,3104,3011,44,93,44.00000,0.23982
534F4C31,31841,261773838,280,201,3103,3011,79,92,79.00000,0.23725
534F4C31,31842,261777552,271,189,3105,3012,82,93,82.00000,0.23982
534F4C31,31843,261782729,342,252,3105,3013,90,92,90.00000,0.23725
534F4C31,31844,261787586,317,218,3103,3011,99,92,99.00000,0.23725
534F4C31,31845,261792672,319,205,3105,3010,114,95,114.00000,0.24498
534F4C31,31845,261797566,344,240,3104,3010,104,94,104.00000,0.24240
534F4C31,31846,261802599,306,252,3102,3011,54,91,54.00000,0.23467
534F4C31,31846,261807549,270,198,3102,3010,72,92,72.00000,0.23725
534F4C31,31847,261812599,273,268,3104,3012,5,92,5.00000,0.23725
534F4C31,31848,261817561,254,237,3105,3011,17,94,17.00000,0.24240
534F4C31,31849,261822911,270,218,3104,3009,52,95,52.00000,0.24498
534F4C31,31850,261827943,277,213,3106,3009,64,97,64.00000,0.25014
534F4C31,31851,261833008,313,239,3110,3010,74,100,74.00000,0.25788
534F4C31,31851,261837625,280,165,3102,3011,115,91,115.00000,0.23467
534F4C31,31851,261842579,300,162,3103,3013,138,90,138.00000,0.23209
534F4C31,31852,261847557,340,223,3106,3013,117,93,117.00000,0.23982
534F4C31,31852,261852565,363,224,3111,3011,139,100,139.00000,0.25788
534F4C31,31852,261857573,338,220,3119,3011,118,108,118.00000,0.27851
534F4C31,31852,261862563,346,239,3120,3012,107,108,107.00000,0.27851
534F4C31,31853,261867555,362,244,3120,3012,118,108,118.00000,0.27851
534F4C31,31854,261872548,327,168,3118,3010,159,108,159.00000,0.27851
534F4C31,31854,261878088,341,209,3116,3010,132,106,132.00000,0.27335
534F4C31,31854,261882559,335,206,3118,3011,129,107,129.00000,0.27593
534F4C31,31855,261887555,344,205,3118,3010,139,108,139.00000,0.27851
534F4C31,31855,261892941,328,128,3118,3011,200,107,200.00000,0.27593
534F4C31,31855,261897597,355,209,3121,3013,146,108,146.00000,0.27851
534F4C31,31856,261902804,313,251,3119,3010,62,109,62.00000,0.28108
534F4C31,31857,261907840,256,178,3116,3011,78,105,78.00000,0.27077
534F4C31,31858,261912835,308,229,3118,3010,79,108,79.00000,0.27851
534F4C31,31858,261918311,303,193,3120,3010,110,110,110.00000,0.28366
534F4C31,31859,261923711,307,210,3119,3010,97,109,97.00000,0.28108
534F4C31,31860,261927854,284,181,3120,3009,103,111,103.00000,0.28624
534F4C31,31861,261933173,336,177,3118,3010,159,108,159.00000,0.27851
534F4C31,31861,261937548,324,183,3116,3010,141,106,141.00000,0.27335
534F4C31,31861,261942599,298,202,3117,3010,96,107,96.00000,0.27593
534F4C31,31861,261947552,322,222,3118,3013,100,105,100.00000,0.27077
534F4C31,31862,261952967,324,248,3118,3010,76,108,76.00000,0.27851
534F4C31,31862,261957556,290,197,3119,3011,93,108,93.00000,0.27851
534F4C31,31863,261962570,328,235,3119,3008,93,111,93.00000,0.28624
534F4C31,31863,261967549,354,251,3117,3012,103,105,103.00000,0.27077
534F4C31,31864,261972923,345,225,3116,3012,120,104,120.00000,0.26819
534F4C31,31865,261977565,305,218,3118,3012,87,106,87.00000,0.27335
534F4C31,31865,261982577,315,243,3120,3010,72,110,72.00000,0.28366
534F4C31,31865,261987559,290,187,3117,3012,103,105,103.00000,0.27077
534F4C31,31866,261992595,312,204,3117,3011,108,106,108.00000,0.27335
534F4C31,31867,261997560,320,264,3119,3011,56,108,56.00000,0.27851
534F4C31,31868,262002631,287,219,3121,3011,68,110,68.00000,0.28366
534F4C31,31868,262008169,315,215,3117,3011,100,106,100.00000,0.27335
534F4C31,31869,262012564,326,222,3119,3011,104,108,104.00000,0.27851
534F4C31,31869,262017784,355,203,3118,3010,152,108,152.00000,0.27851
534F4C31,31869,262023012,347,222,3117,3013,125,104,125.00000,0.26819
534F4C31,31870,262027821,313,219,3119,3012,94,107,94.00000,0.27593
534F4C31,31871,262032611,327,221,3117,3012,106,105,106.00000,0.27077
534F4C31,31872,262038412,329,257,3119,3012,72,107,72.00000,0.27593
534F4C31,31873,262042710,256,177,3120,3012,79,108,79.00000,0.27851
534F4C31,31873,262047950,325,179,3117,3013,146,104,146.00000,0.26819
534F4C31,31873,262052602,349,222,3118,3010,127,108,127.00000,0.27851
534F4C31,31874,262057591,288,220,3120,3013,68,107,68.00000,0.27593
534F4C31,31874,262062566,290,214,3117,3010,76,107,76.00000,0.27593
534F4C31,31875,262067557,338,254,3117,3009,84,108,84.00000,0.27851
534F4C31,31875,262072547,296,236,3117,3011,60,106,60.00000,0.27335
534F4C31,31876,262077573,277,198,3119,3013,79,106,79.00000,0.27335
534F4C31,31877,262082798,294,248,3122,3013,46,109,46.00000,0.28108
534F4C31,31877,262087821,264,189,3116,3013,75,103,75.00000,0.26561
534F4C31,31878,262092596,287,177,3120,3013,110,107,110.00000,0.27593
534F4C31,31879,262098708,357,264,3118,3013,93,105,93.00000,0.27077
534F4C31,31880,262102551,333,217,3119,3010,116,109,116.00000,0.28108
534F4C31,31881,262107934,328,190,3118,3012,138,106,138.00000,0.27335
534F4C31,31882,262112556,295,260,3118,3013,35,105,35.00000,0.27077
534F4C31,31882,262118623,254,213,3119,3012,41,107,41.00000,0.27593
534F4C31,31882,262122556,256,182,3116,3012,74,104,74.00000,0.26819
534F4C31,31882,262127597,297,216,3117,3013,81,104,81.00000,0.26819
534F4C31,31883,262132599,293,285,3120,3010,8,110,8.00000,0.28366
534F4C31,31884,262137989,238,219,3117,3012,19,105,19.00000,0.27077
534F4C31,31885,262142548,238,189,3118,3014,49,104,49.00000,0.26819
534F4C31,31886,262148389,294,143,3119,3013,151,106,151.00000,0.27335
534F4C31,31887,262154756,328,222,3117,3012,106,105,106.00000,0.27077
534F4C31,31888,262159494,270,160,3119,3011,110,108,110.00000,0.27851
534F4C31,31889,262165054,332,177,3119,3011,155,108,155.00000,0.27851
534F4C31,31889,262168896,340,191,3117,3012,149,105,149.00000,0.27077
534F4C31,31890,262172889,304,176,3119,3014,128,105,128.00000,0.27077
534F4C31,31890,262177571,300,197,3120,3006,103,114,103.00000,0.29398
534F4C31,31890,262182781,328,207,3119,3014,121,105,121.00000,0.27077
534F4C31,31891,262187587,311,229,3118,3013,82,105,82.00000,0.27077
534F4C31,31892,262192598,245,203,3116,3013,42,103,42.00000,0.26561
534F4C31,31892,262197700,281,210,3118,3012,71,106,71.00000,0.27335
534F4C31,31892,262202558,324,209,3118,3013,115,105,115.00000,0.27077
534F4C31,31892,262207552,309,196,3118,3013,113,105,113.00000,0.27077
534F4C31,31893,262212555,339,231,3120,3012,108,108,108.00000,0.27851
534F4C31,31894,262217559,349,249,3120,3011,100,109,100.00000,0.28108
534F4C31,31894,262223231,319,199,3117,3012,120,105,120.00000,0.27077
534F4C31,31894,262227553,295,180,3118,3013,115,105,115.00000,0.27077
534F4C31,31894,262232568,344,238,3118,3012,106,106,106.00000,0.27335
534F4C31,31895,262237555,339,216,3117,3011,123,106,123.00000,0.27335
534F4C31,31896,262242589,320,214,3116,3012,106,104,106.00000,0.26819
534F4C31,31897,262247552,316,209,3121,3010,107,111,107.00000,0.28624
534F4C31,31898,262253891,356,213,3117,3012,143,105,143.00000,0.27077
534F4C31,31899,262258235,307,128,3117,3010,179,107,179.00000,0.27593
534F4C31,31899,262262913,338,200,3121,3011,138,110,138.00000,0.28366
534F4C31,31899,262267902,365,235,3117,3011,130,106,130.00000,0.27335
534F4C31,31900,262272746,309,223,3118,3012,86,106,86.00000,0.27335
534F4C31,31901,262277547,279,180,3120,3012,99,108,99.00000,0.27851
534F4C31,31901,262282557,326,181,3118,3013,145,105,145.00000,0.27077
534F4C31,31901,262287552,339,206,3117,3012,133,105,133.00000,0.27077
534F4C31,31902,262292722,327,207,3118,3012,120,106,120.00000,0.27335
534F4C31,31903,262297553,345,233,3119,3014,112,105,112.00000,0.27077
534F4C31,31904,262302596,262,248,3118,3011,14,107,14.00000,0.27593
534F4C31,31904,262307703,209,155,3119,3013,54,106,54.00000,0.27335
534F4C31,31904,262312550,297,223,3118,3011,74,107,74.00000,0.27593
534F4C31,31905,262317558,343,253,3117,3014,90,103,90.00000,0.26561
534F4C31,31906,262322578,327,232,3122,3013,95,109,95.00000,0.28108
534F4C31,31907,262327731,293,215,3118,3013,78,105,78.00000,0.27077
534F4C31,31908,262332954,318,270,3119,3011,48,108,48.00000,0.27851
534F4C31,31908,262337569,257,183,3116,3011,74,105,74.00000,0.27077
534F4C31,31908,262342560,292,201,3117,3012,91,105,91.00000,0.27077
534F4C31,31909,262347598,354,256,3121,3011,98,110,98.00000,0.28366
534F4C31,31910,262352554,343,226,3123,3012,117,111,117.00000,0.28624
534F4C31,31911,262358062,339,220,3117,3010,119,107,119.00000,0.27593
534F4C31,31912,262362549,318,218,3120,3012,100,108,100.00000,0.27851
534F4C31,31912,262368467,345,215,3119,3011,130,108,130.00000,0.27851
534F4C31,31912,262372584,286,181,3117,3012,105,105,105.00000,0.27077
534F4C31,31912,262377577,304,200,3117,3012,104,105,104.00000,0.27077
534F4C31,31912,262382576,347,240,3117,3011,107,106,107.00000,0.27335
534F4C31,31913,262387877,353,233,3117,3013,120,104,120.00000,0.26819
534F4C31,31914,262392636,314,188,3118,3014,126,104,126.00000,0.26819
534F4C31,31915,262398752,350,251,3120,3012,99,108,99.00000,0.27851
534F4C31,31916,262402553,328,214,3117,3012,114,105,114.00000,0.27077
534F4C31,31916,262408376,340,223,3117,3010,117,107,117.00000,0.27593
534F4C31,31916,262412579,333,223,3120,3013,110,107,110.00000,0.27593
534F4C31,31917,262417581,334,261,3118,3011,73,107,73.00000,0.27593
534F4C31,31917,262422574,267,184,3117,3010,83,107,83.00000,0.27593
534F4C31,31918,262427600,299,215,3121,3012,84,109,84.00000,0.28108
534F4C31,31919,262433122,355,259,3119,3012,96,107,96.00000,0.27593
534F4C31,31920,262437770,308,244,3122,3012,64,110,64.00000,0.28366
534F4C31,31920,262444676,255,183,3118,3011,72,107,72.00000,0.27593
534F4C31,31920,262447554,232,159,3119,3012,73,107,73.00000,0.27593
534F4C31,31921,262452596,302,212,3118,3013,90,105,90.00000,0.27077
534F4C31,31922,262457558,314,208,3119,3012,106,107,106.00000,0.27593
534F4C31,31923,262462868,342,237,3118,3012,105,106,105.00000,0.27335
534F4C31,31924,262468386,344,210,3119,3013,134,106,134.00000,0.27335
534F4C31,31924,262472828,320,175,3117,3011,145,106,145.00000,0.27335
534F4C31,31924,262477547,295,149,3117,3011,146,106,146.00000,0.27335
534F4C31,31924,262482553,347,222,3118,3012,125,106,125.00000,0.27335
534F4C31,31925,262487558,347,218,3118,3011,129,107,129.00000,0.27593
534F4C31,31925,262492547,328,185,3118,3010,143,108,143.00000,0.27851
534F4C31,31926,262497607,323,255,3117,3013,68,104,68.00000,0.26819
534F4C31,31926,262503688,303,156,3117,3010,147,107,147.00000,0.27593
534F4C31,31927,262507710,297,171,3120,3011,126,109,126.00000,0.28108
534F4C31,31928,262512558,326,207,3117,3011,119,106,119.00000,0.27335
534F4C31,31929,262517559,324,212,3116,3009,112,107,112.00000,0.27593
534F4C31,31930,262522647,299,200,3117,3010,99,107,99.00000,0.27593
534F4C31,31931,262527620,309,215,3117,3010,94,107,94.00000,0.27593
534F4C31,31932,262532557,320,223,3117,3010,97,107,97.00000,0.27593
534F4C31,31933,262537592,310,177,3118,3014,133,104,133.00000,0.26819
534F4C31,31934,262542672,269,221,3125,3012,48,113,48.00000,0.29140
534F4C31,31935,262549289,324,229,3118,3013,95,105,95.00000,0.27077
534F4C31,31936,262553491,289,170,3118,3009,119,109,119.00000,0.28108
534F4C31,31936,262558226,281,156,3117,3011,125,106,125.00000,0.27335
534F4C31,31936,262562549,310,190,3119,3011,120,108,120.00000,0.27851
534F4C31,31937,262567591,299,262,3118,3013,37,105,37.00000,0.27077
534F4C31,31938,262572552,236,194,3117,3012,42,105,42.00000,0.27077
534F4C31,31938,262578214,295,206,3118,3011,89,107,89.00000,0.27593
534F4C31,31939,262582570,325,229,3121,3013,96,108,96.00000,0.27851
534F4C31,31940,262587716,318,231,3118,3013,87,105,87.00000,0.27077
534F4C31,31941,262592653,296,195,3120,3012,101,108,101.00000,0.27851
534F4C31,31941,262598215,351,247,3116,3010,104,106,104.00000,0.27335
534F4C31,31942,262602566,356,226,3118,3009,130,109,130.00000,0.28108
534F4C31,31942,262607548,325,195,3121,3012,130,109,130.00000,0.28108
534F4C31,31942,262612559,320,198,3117,3012,122,105,122.00000,0.27077
534F4C31,31942,262617569,352,247,3119,3013,105,106,105.00000,0.27335
534F4C31,31942,262622559,337,223,3118,3012,114,106,114.00000,0.27335
534F4C31,31942,262627561,325,218,3118,3012,107,106,107.00000,0.27335
534F4C31,31942,262632560,355,248,3117,3011,107,106,107.00000,0.27335
534F4C31,31943,262637579,327,238,3118,3012,89,106,89.00000,0.27335
534F4C31,31944,262642570,251,199,3118,3013,52,105,52.00000,0.27077
534F4C31,31945,262647590,273,202,3121,3013,71,108,71.00000,0.27851
534F4C31,31946,262652547,317,209,3117,3013,108,104,108.00000,0.26819
534F4C31,31947,262657552,298,170,3119,3014,128,105,128.00000,0.27077
534F4C31,31948,262663338,343,191,3117,3010,152,107,152.00000,0.27593
534F4C31,31949,262667550,282,210,3118,3011,72,107,72.00000,0.27593
534F4C31,31949,262673310,241,141,3117,3013,100,104,100.00000,0.26819
534F4C31,31949,262677550,269,175,3117,3009,94,108,94.00000,0.27851
534F4C31,31949,262682602,331,240,3118,3011,91,107,91.00000,0.27593
534F4C31,31950,262687591,295,255,3118,3010,40,108,40.00000,0.27851
534F4C31,31951,262692564,224,188,3117,3011,36,106,36.00000,0.27335
534F4C31,31952,262697575,242,276,3119,3014,-34,105,-34.00000,0.27077
534F4C31,31953,262704034,252,203,3119,3012,49,107,49.00000,0.27593
534F4C31,31953,262708017,262,148,3119,3011,114,108,114.00000,0.27851
534F4C31,31953,262712562,299,219,3116,3013,80,103,80.00000,0.26561
534F4C31,31954,262717554,319,237,3117,3013,82,104,82.00000,0.26819
534F4C31,31955,262722817,319,242,3118,3014,77,104,77.00000,0.26819
534F4C31,31956,262727581,275,204,3119,3012,71,107,71.00000,0.27593
534F4C31,31957,262733104,327,265,3119,3011,62,108,62.00000,0.27851
534F4C31,31958,262737571,248,209,3116,3012,39,104,39.00000,0.26819
534F4C31,31958,262742563,247,163,3119,3012,84,107,84.00000,0.27593
534F4C31,31958,262747565,298,238,3119,3012,60,107,60.00000,0.27593
534F4C31,31958,262752547,291,213,3119,3013,78,106,78.00000,0.27335
534F4C31,31958,262757555,309,215,3118,3013,94,105,94.00000,0.27077
534F4C31,31959,262762918,289,265,3119,3012,24,107,24.00000,0.27593
534F4C31,31960,262767551,266,192,3117,3011,74,106,74.00000,0.27335
534F4C31,31960,262773416,317,181,3117,3012,136,105,136.00000,0.27077
534F4C31,31961,262777576,296,182,3119,3011,114,108,114.00000,0.27851
534F4C31,31961,262782550,339,230,3118,3013,109,105,109.00000,0.27077
534F4C31,31961,262787582,328,238,3117,3011,90,106,90.00000,0.27335
534F4C31,31962,262792588,277,200,3119,3010,77,109,77.00000,0.28108
534F4C31,31963,262797551,313,225,3118,3012,88,106,88.00000,0.27335
534F4C31,31964,262802589,272,231,3117,3012,41,105,41.00000,0.27077
534F4C31,31965,262808655,261,150,3119,3010,111,109,111.00000,0.28108
534F4C31,31965,262812648,256,158,3119,3011,98,108,98.00000,0.27851
534F4C31,31965,262817560,287,183,3117,3012,104,105,104.00000,0.27077
534F4C31,31966,262823082,264,220,3117,3011,44,106,44.00000,0.27335
534F4C31,31967,262827547,224,194,3118,3012,30,106,30.00000,0.27335
534F4C31,31967,262832582,290,194,3116,3013,96,103,96.00000,0.26561
534F4C31,31967,262837549,295,182,3116,3011,113,105,113.00000,0.27077
534F4C31,31968,262842553,290,177,3118,3012,113,106,113.00000,0.27335
534F4C31,31969,262847703,302,256,3117,3009,46,108,46.00000,0.27851
534F4C31,31970,262853363,279,170,3117,3011,109,106,109.00000,0.27335
534F4C31,31971,262857564,291,173,3127,3009,118,118,118.00000,0.30429
534F4C31,31972,262862568,322,223,3120,3011,99,109,99.00000,0.28108
534F4C31,31973,262867598,296,255,3123,3011,41,112,41.00000,0.28882
534F4C31,31974,262872988,270,201,3117,3011,69,106,69.00000,0.27335
534F4C31,31975,262877577,284,187,3118,3013,97,105,97.00000,0.27077
534F4C31,31975,262883083,345,212,3119,3012,133,107,133.00000,0.27593
534F4C31,31975,262887560,327,172,3118,3012,155,106,155.00000,0.27335
534F4C31,31975,262892575,321,174,3117,3012,147,105,147.00000,0.27077
534F4C31,31975,262897563,349,227,3117,3012,122,105,122.00000,0.27077
534F4C31,31975,262902562,373,249,3116,3012,124,104,124.00000,0.26819
534F4C31,31976,262908168,334,234,3118,3012,100,106,100.00000,0.27335
534F4C31,31977,262912734,294,239,3117,3013,55,104,55.00000,0.26819
534F4C31,31978,262918023,294,168,3123,3009,126,114,126.00000,0.29398
534F4C31,31978,262922553,303,189,3117,3011,114,106,114.00000,0.27335
534F4C31,31979,262927551,288,193,3117,3013,95,104,95.00000,0.26819
534F4C31,31979,262932555,330,194,3119,3011,136,108,136.00000,0.27851
534F4C31,31980,262937657,327,218,3117,3012,109,105,109.00000,0.27077
534F4C31,31981,262942579,307,193,3118,3014,114,104,114.00000,0.26819
534F4C31,31982,262947567,338,201,3119,3013,137,106,137.00000,0.27335
534F4C31,31983,262952603,367,249,3119,3012,118,107,118.00000,0.27593
534F4C31,31984,262957556,275,180,3120,3009,95,111,95.00000,0.28624
534F4C31,31984,262962675,292,231,3119,3012,61,107,61.00000,0.27593
534F4C31,31985,262967950,308,264,3116,3011,44,105,44.00000,0.27077
534F4C31,31986,262973669,258,164,3119,3010,94,109,94.00000,0.28108
534F4C31,31987,262978274,287,159,3119,3012,128,107,128.00000,0.27593
534F4C31,31988,262982916,328,206,3123,3013,122,110,122.00000,0.28366
534F4C31,31988,262988107,306,168,3117,3010,138,107,138.00000,0.27593
534F4C31,31988,262992551,261,139,3118,3012,122,106,122.00000,0.27335
534F4C31,31988,262997572,328,221,3119,3012,107,107,107.00000,0.27593
534F4C31,31988,263002555,360,245,3117,3011,115,106,115.00000,0.27335
534F4C31,31988,263007558,338,223,3119,3009,115,110,115.00000,0.28366
534F4C31,31989,263012581,319,271,3119,3012,48,107,48.00000,0.27593
534F4C31,31990,263017557,263,236,3123,3011,27,112,27.00000,0.28882
534F4C31,31991,263024442,327,237,3116,3013,90,103,90.00000,0.26561
534F4C31,31992,263027574,261,192,3118,3012,69,106,69.00000,0.27335
534F4C31,31993,263034124,355,231,3118,3010,124,108,124.00000,0.27851
534F4C31,31994,263037973,296,213,3119,3007,83,112,83.00000,0.28882
534F4C31,31995,263044196,275,229,3120,3010,46,110,46.00000,0.28366
534F4C31,31996,263049985,309,191,3117,3011,118,106,118.00000,0.27335
534F4C31,31997,263055246,295,229,3116,3010,66,106,66.00000,0.27335
534F4C31,31997,263060373,274,189,3117,3009,85,108,85.00000,0.27851
534F4C31,31997,263064086,269,140,3119,3011,129,108,129.00000,0.27851
534F4C31,31997,263067547,289,167,3119,3011,122,108,122.00000,0.27851
534F4C31,31998,263072709,287,209,3116,3010,78,106,78.00000,0.27335
534F4C31,31999,263077549,250,174,3117,3011,76,106,76.00000,0.27335
534F4C31,31999,263082586,298,256,3117,3011,42,106,42.00000,0.27335
534F4C31,31999,263087564,283,196,3116,3011,87,105,87.00000,0.27077
534F4C31,31999,263092565,302,175,3116,3012,127,104,127.00000,0.26819
534F4C31,31999,263097557,344,230,3118,3009,114,109,114.00000,0.28108
534F4C31,31999,263102558,372,254,3118,3009,118,109,118.00000,0.28108
534F4C31,32000,263107560,344,227,3118,3012,117,106,117.00000,0.27335
534F4C31,32001,263112709,349,240,3117,3013,109,104,109.00000,0.26819
534F4C31,32002,263117840,322,233,3118,3011,89,107,89.00000,0.27593
534F4C31,32003,263122641,278,138,3116,3011,140,105,140.00000,0.27077
534F4C31,32004,263127548,307,216,3121,3010,91,111,91.00000,0.28624
534F4C31,32004,263132808,321,239,3117,3014,82,103,82.00000,0.26561
534F4C31,32005,263137569,304,209,3119,3010,95,109,95.00000,0.28108
534F4C31,32005,263143236,321,190,3118,3011,131,107,131.00000,0.27593
534F4C31,32005,263147549,338,220,3119,3015,118,104,118.00000,0.26819
534F4C31,32006,263152812,358,239,3117,3011,119,106,119.00000,0.27335
534F4C31,32006,263157559,314,166,3116,3012,148,104,148.00000,0.26819
534F4C31,32007,263162598,337,226,3116,3010,111,106,111.00000,0.27335
534F4C31,32007,263167560,352,251,3117,3011,101,106,101.00000,0.27335
534F4C31,32008,263173394,284,249,3117,3011,35,106,35.00000,0.27335
534F4C31,32009,263178069,229,177,3121,3010,52,111,52.00000,0.28624
534F4C31,32009,263183376,323,190,3118,3012,133,106,133.00000,0.27335
534F4C31,32009,263187584,309,189,3118,3013,120,105,120.00000,0.27077
534F4C31,32009,263192572,313,197,3117,3012,116,105,116.00000,0.27077
534F4C31,32010,263197596,343,241,3119,3012,102,107,102.00000,0.27593
534F4C31,32011,263202568,362,252,3117,3013,110,104,110.00000,0.26819
534F4C31,32012,263207607,287,231,3117,3011,56,106,56.00000,0.27335
534F4C31,32013,263212549,255,251,3118,3013,4,105,4.00000,0.27077
534F4C31,32014,263217572,232,170,3121,3012,62,109,62.00000,0.28108
534F4C31,32015,263222936,286,134,3119,3012,152,107,152.00000,0.27593
534F4C31,32015,263227702,299,189,3116,3011,110,105,110.00000,0.27077
534F4C31,32016,263232588,286,226,3116,3012,60,104,60.00000,0.26819
534F4C31,32017,263237846,261,150,3117,3010,111,107,111.00000,0.27593
534F4C31,32018,263242555,277,138,3118,3011,139,107,139.00000,0.27593
534F4C31,32018,263247674,339,215,3117,3012,124,105,124.00000,0.27077
534F4C31,32018,263252549,364,241,3120,3013,123,107,123.00000,0.27593
534F4C31,32018,263257556,324,205,3116,3013,119,103,119.00000,0.26561
534F4C31,32019,263262575,331,232,3119,3012,99,107,99.00000,0.27593
534F4C31,32019,263267547,352,249,3117,3012,103,105,103.00000,0.27077
534F4C31,32019,263272600,334,233,3116,3013,101,103,101.00000,0.26561
534F4C31,32020,263277569,300,235,3119,3012,65,107,65.00000,0.27593
534F4C31,32021,263282568,313,216,3121,3012,97,109,97.00000,0.28108
534F4C31,32022,263288507,338,197,3119,3012,141,107,141.00000,0.27593
534F4C31,32022,263292846,255,174,3117,3012,81,105,81.00000,0.27077
534F4C31,32022,263297574,278,178,3118,3012,100,106,100.00000,0.27335
534F4C31,32023,263302836,334,234,3118,3012,100,106,100.00000,0.27335
534F4C31,32024,263307559,312,191,3118,3011,121,107,121.00000,0.27593
534F4C31,32025,263312560,329,192,3117,3014,137,103,137.00000,0.26561
534F4C31,32026,263317570,346,193,3119,3011,153,108,153.00000,0.27851
534F4C31,32027,263323452,359,223,3119,3013,136,106,136.00000,0.27335
534F4C31,32028,263327670,309,184,3120,3012,125,108,125.00000,0.27851
534F4C31,32028,263332630,347,227,3125,3013,120,112,120.00000,0.28882
534F4C31,32028,263337555,339,194,3117,3011,145,106,145.00000,0.27335
534F4C31,32029,263342558,327,200,3117,3012,127,105,127.00000,0.27077
534F4C31,32029,263348064,339,253,3119,3012,86,107,86.00000,0.27593
534F4C31,32029,263352835,333,235,3118,3013,98,105,98.00000,0.27077
534F4C31,32029,263357551,315,210,3117,3012,105,105,105.00000,0.27077
534F4C31,32030,263362558,333,239,3118,3012,94,106,94.00000,0.27335
534F4C31,32031,263367607,327,281,3118,3013,46,105,46.00000,0.27077
534F4C31,32032,263373607,249,241,3118,3012,8,106,8.00000,0.27335
534F4C31,32033,263378167,198,178,3119,3013,20,106,20.00000,0.27335
534F4C31,32034,263382548,273,190,3122,3011,83,111,83.00000,0.28624
534F4C31,32034,263387798,288,203,3117,3011,85,106,85.00000,0.27335
534F4C31,32035,263392602,252,203,3119,3014,49,105,49.00000,0.27077
534F4C31,32036,263397833,283,239,3118,3013,44,105,44.00000,0.27077
534F4C31,32037,263402827,301,221,3117,3013,80,104,80.00000,0.26819
534F4C31,32037,263407563,307,208,3120,3011,99,109,99.00000,0.28108
534F4C31,32038,263413007,306,237,3119,3011,69,108,69.00000,0.27851
534F4C31,32039,263417783,244,174,3121,3010,70,111,70.00000,0.28624
534F4C31,32040,263422570,271,215,3118,3012,56,106,56.00000,0.27335
534F4C31,32041,263427536,216,204,3120,3011,12,109,12.00000,0.28108
534F4C31,32042,263433202,264,175,3118,3011,89,107,89.00000,0.27593
534F4C31,32042,263438478,308,186,3118,3013,122,105,122.00000,0.27077
534F4C31,32043,263442585,266,157,3118,3012,109,106,109.00000,0.27335
534F4C31,32043,263447566,305,189,3118,3011,116,107,116.00000,0.27593
534F4C31,32043,263452589,325,216,3117,3012,109,105,109.00000,0.27077
534F4C31,32043,263457559,317,196,3119,3012,121,107,121.00000,0.27593
534F4C31,32044,263462921,336,227,3118,3012,109,106,109.00000,0.27335
534F4C31,32045,263467735,289,172,3119,3011,117,108,117.00000,0.27851
534F4C31,32046,263472577,268,222,3116,3009,46,107,46.00000,0.27593
534F4C31,32047,263477662,246,185,3121,3011,61,110,61.00000,0.28366
534F4C31,32048,263482889,310,250,3118,3012,60,106,60.00000,0.27335
534F4C31,32049,263487549,283,141,3118,3010,142,108,142.00000,0.27851
534F4C31,32049,263492711,316,184,3119,3013,132,106,132.00000,0.27335
534F4C31,32049,263497566,340,226,3118,3011,114,107,114.00000,0.27593
534F4C31,32049,263502569,368,249,3118,3010,119,108,119.00000,0.27851
534F4C31,32049,263507568,339,223,3116,3010,116,106,116.00000,0.27335
534F4C31,32050,263512558,342,235,3117,3012,107,105,107.00000,0.27077
534F4C31,32050,263517737,351,265,3118,3012,86,106,86.00000,0.27335
534F4C31,32050,263522556,318,213,3117,3012,105,105,105.00000,0.27077
534F4C31,32051,263527871,311,236,3117,3009,75,108,75.00000,0.27851
534F4C31,32052,263532552,296,202,3118,3011,94,107,94.00000,0.27593
534F4C31,32052,263537578,279,184,3120,3009,95,111,95.00000,0.28624
534F4C31,32053,263542568,288,180,3117,3011,108,106,108.00000,0.27335
534F4C31,32054,263547840,314,239,3118,3012,75,106,75.00000,0.27335
534F4C31,32055,263552548,319,218,3120,3012,101,108,101.00000,0.27851
534F4C31,32056,263557862,322,176,3119,3012,146,107,146.00000,0.27593
534F4C31,32057,263562566,307,230,3117,3011,77,106,77.00000,0.27335
534F4C31,32057,263568630,287,185,3121,3010,102,111,102.00000,0.28624
534F4C31,32057,263572565,283,200,3118,3011,83,107,83.00000,0.27593
534F4C31,32058,263577674,266,204,3118,3012,62,106,62.00000,0.27335
534F4C31,32058,263582553,304,209,3118,3012,95,106,95.00000,0.27335
534F4C31,32059,263587556,300,223,3118,3011,77,107,77.00000,0.27593
534F4C31,32059,263592565,290,176,3118,3011,114,107,114.00000,0.27593
534F4C31,32059,263597552,337,220,3118,3011,117,107,117.00000,0.27593
534F4C31,32060,263602554,327,245,3117,3013,82,104,82.00000,0.26819
534F4C31,32060,263607771,275,194,3117,3012,81,105,81.00000,0.27077
534F4C31,32061,263612977,311,209,3119,3011,102,108,102.00000,0.27851
534F4C31,32061,263618256,344,195,3119,3012,149,107,149.00000,0.27593
534F4C31,32062,263622580,318,182,3120,3013,136,107,136.00000,0.27593
534F4C31,32062,263628379,330,191,3119,3012,139,107,139.00000,0.27593
534F4C31,32063,263632583,281,259,3119,3013,22,106,22.00000,0.27335
534F4C31,32064,263637844,223,156,3124,3008,67,116,67.00000,0.29914
534F4C31,32065,263643116,277,174,3117,3012,103,105,103.00000,0.27077
534F4C31,32066,263647564,292,195,3118,3013,97,105,97.00000,0.27077
534F4C31,32067,263652606,320,224,3118,3011,96,107,96.00000,0.27593
534F4C31,32068,263657560,270,144,3118,3011,126,107,126.00000,0.27593
534F4C31,32069,263662563,305,197,3119,3010,108,109,108.00000,0.28108
534F4C31,32070,263668376,335,240,3118,3009,95,109,95.00000,0.28108
534F4C31,32071,263672984,290,154,3118,3010,136,108,136.00000,0.27851
534F4C31,32071,263677704,290,216,3123,3010,74,113,74.00000,0.29140
534F4C31,32071,263682555,275,180,3117,3011,95,106,95.00000,0.27335
534F4C31,32072,263687615,317,215,3116,3011,102,105,102.00000,0.27077
534F4C31,32072,263692638,300,210,3117,3007,90,110,90.00000,0.28366
534F4C31,32072,263697557,316,227,3117,3011,89,106,89.00000,0.27335
534F4C31,32072,263702550,355,252,3118,3010,103,108,103.00000,0.27851
534F4C31,32072,263707563,337,226,3117,3010,111,107,111.00000,0.27593
534F4C31,32073,263713048,315,266,3121,3012,49,109,49.00000,0.28108
534F4C31,32074,263717552,284,196,3117,3010,88,107,88.00000,0.27593
534F4C31,32075,263722572,291,233,3118,3013,58,105,58.00000,0.27077
534F4C31,32076,263727565,237,184,3120,3012,53,108,53.00000,0.27851
534F4C31,32077,263732771,254,255,3117,3011,-1,106,-1.00000,0.27335
534F4C31,32078,263738008,232,182,3118,3013,50,105,50.00000,0.27077
534F4C31,32078,263742609,262,197,3119,3012,65,107,65.00000,0.27593
534F4C31,32078,263747565,295,205,3117,3012,90,105,90.00000,0.27077
534F4C31,32079,263752740,329,223,3115,3011,106,104,106.00000,0.26819
534F4C31,32079,263757570,300,179,3117,3013,121,104,121.00000,0.26819
534F4C31,32079,263762553,325,221,3118,3011,104,107,104.00000,0.27593
534F4C31,32079,263767556,338,237,3118,3013,101,105,101.00000,0.27077
534F4C31,32080,263772566,336,221,3118,3011,115,107,115.00000,0.27593
534F4C31,32081,263777593,304,273,3119,3013,31,106,31.00000,0.27335
534F4C31,32082,263782579,240,248,3120,3011,-8,109,-8.00000,0.28108
534F4C31,32083,263788195,259,200,3126,3012,59,114,59.00000,0.29398
534F4C31,32083,263792545,241,183,3134,3010,58,124,58.00000,0.31977
534F4C31,32084,263797562,273,188,3137,3008,85,129,85.00000,0.33266
534F4C31,32085,263802583,316,210,3132,3012,106,120,106.00000,0.30945
534F4C31,32086,263808494,277,236,3134,3010,41,124,41.00000,0.31977
534F4C31,32087,263813589,259,196,3132,3012,63,120,63.00000,0.30945
534F4C31,32087,263817567,298,236,3134,3012,62,122,62.00000,0.31461
534F4C31,32088,263822572,248,230,3131,3012,18,119,18.00000,0.30687
534F4C31,32089,263827594,213,177,3135,3010,36,125,36.00000,0.32234
534F4C31,32089,263832755,303,193,3131,3011,110,120,110.00000,0.30945
534F4C31,32090,263837595,325,222,3132,3011,103,121,103.00000,0.31203
534F4C31,32091,263842742,304,195,3132,3009,109,123,109.00000,0.31719
534F4C31,32092,263848299,335,227,3138,3011,108,127,108.00000,0.32750
534F4C31,32092,263852671,299,226,3130,3009,73,121,73.00000,0.31203
534F4C31,32092,263857565,238,182,3130,3011,56,119,56.00000,0.30687
534F4C31,32093,263862550,282,196,3131,3012,86,119,86.00000,0.30687
534F4C31,32093,263867610,300,271,3132,3011,29,121,29.00000,0.31203
534F4C31,32093,263872573,243,189,3132,3011,54,121,54.00000,0.31203
534F4C31,32094,263877560,283,207,3132,3012,76,120,76.00000,0.30945
534F4C31,32094,263882655,326,199,3132,3008,127,124,127.00000,0.31977
534F4C31,32094,263887570,338,214,3131,3010,124,121,124.00000,0.31203
534F4C31,32094,263892606,329,209,3131,3010,120,121,120.00000,0.31203
534F4C31,32095,263897555,349,233,3135,3010,116,125,116.00000,0.32234
534F4C31,32096,263902565,335,202,3132,3012,133,120,133.00000,0.30945
534F4C31,32097,263907769,300,178,3134,3011,122,123,122.00000,0.31719
534F4C31,32097,263912894,311,189,3133,3012,122,121,122.00000,0.31203
534F4C31,32098,263917598,299,230,3130,3012,69,118,69.00000,0.30429
534F4C31,32099,263922621,281,189,3132,3013,92,119,92.00000,0.30687
534F4C31,32100,263927595,275,228,3131,3011,47,120,47.00000,0.30945
534F4C31,32100,263932729,257,153,3132,3011,104,121,104.00000,0.31203
534F4C31,32101,263937547,313,199,3131,3011,114,120,114.00000,0.30945
534F4C31,32101,263942561,297,222,3131,3012,75,119,75.00000,0.30687
534F4C31,32102,263947552,296,202,3132,3009,94,123,94.00000,0.31719
534F4C31,32103,263953397,356,223,3130,3010,133,120,133.00000,0.30945
534F4C31,32104,263957807,309,176,3129,3008,133,121,133.00000,0.31203
534F4C31,32104,263962557,319,226,3133,3010,93,123,93.00000,0.31719
534F4C31,32104,263967877,340,252,3131,3012,88,119,88.00000,0.30687
534F4C31,32104,263972556,322,217,3132,3013,105,119,105.00000,0.30687
534F4C31,32105,263977553,314,211,3131,3012,103,119,103.00000,0.30687
534F4C31,32105,263982553,328,227,3136,3010,101,126,101.00000,0.32492
534F4C31,32105,263987548,324,175,3131,3009,149,122,149.00000,0.31461
534F4C31,32106,263992609,280,231,3131,3010,49,121,49.00000,0.31203
534F4C31,32107,263997555,267,193,3131,3011,74,120,74.00000,0.30945
534F4C31,32108,264002826,342,230,3133,3010,112,123,112.00000,0.31719
534F4C31,32108,264007561,311,158,3131,3012,153,119,153.00000,0.30687
534F4C31,32109,264013619,349,256,3131,3009,93,122,93.00000,0.31461
534F4C31,32110,264017719,272,188,3132,3009,84,123,84.00000,0.31719
534F4C31,32111,264022583,301,216,3131,3011,85,120,85.00000,0.30945
534F4C31,32111,264027901,274,218,3134,3011,56,123,56.00000,0.31719
534F4C31,32111,264032613,294,186,3133,3011,108,122,108.00000,0.31461
534F4C31,32111,264037574,318,200,3132,3011,118,121,118.00000,0.31203
534F4C31,32111,264042553,299,188,3132,3011,111,121,111.00000,0.31203
534F4C31,32112,264047564,308,249,3132,3011,59,121,59.00000,0.31203
534F4C31,32113,264052742,319,234,3133,3011,85,122,85.00000,0.31461
534F4C31,32114,264057564,292,207,3133,3013,85,120,85.00000,0.30945
534F4C31,32115,264062602,311,230,3134,3013,81,121,81.00000,0.31203
534F4C31,32116,264067860,354,264,3131,3010,90,121,90.00000,0.31203
534F4C31,32117,264072568,299,230,3133,3011,69,122,69.00000,0.31461
534F4C31,32118,264077581,252,203,3132,3011,49,121,49.00000,0.31203
534F4C31,32119,264082590,283,200,3134,3011,83,123,83.00000,0.31719
534F4C31,32120,264089009,352,244,3132,3012,108,120,108.00000,0.30945
534F4C31,32121,264092651,302,158,3134,3011,144,123,144.00000,0.31719
534F4C31,32121,264097685,347,226,3135,3010,121,125,121.00000,0.32234
534F4C31,32122,264103016,366,248,3131,3011,118,120,118.00000,0.30945
534F4C31,32122,264107561,320,200,3131,3011,120,120,120.00000,0.30945
534F4C31,32123,264112548,335,213,3134,3012,122,122,122.00000,0.31461
534F4C31,32123,264117577,345,267,3132,3013,78,119,78.00000,0.30687
534F4C31,32123,264122550,295,199,3131,3011,96,120,96.00000,0.30945
534F4C31,32124,264127628,299,226,3133,3012,73,121,73.00000,0.31203
534F4C31,32125,264132551,301,215,3132,3010,86,122,86.00000,0.31461
534F4C31,32126,264138166,339,238,3131,3010,101,121,101.00000,0.31203
534F4C31,32127,264142548,304,218,3136,3009,86,127,86.00000,0.32750
534F4C31,32128,264147555,288,220,3135,3010,68,125,68.00000,0.32234
534F4C31,32129,264152732,324,230,3131,3011,94,120,94.00000,0.30945
534F4C31,32129,264158059,314,167,3131,3011,147,120,147.00000,0.30945
534F4C31,32129,264162565,327,204,3131,3012,123,119,123.00000,0.30687
534F4C31,32130,264168100,375,237,3134,3012,138,122,138.00000,0.31461
534F4C31,32130,264172978,330,177,3132,3012,153,120,153.00000,0.30945
534F4C31,32130,264177557,317,185,3141,3013,132,128,132.00000,0.33008
534F4C31,32131,264182670,347,173,3132,3013,174,119,174.00000,0.30687
534F4C31,32132,264188902,334,238,3132,3012,96,120,96.00000,0.30945
534F4C31,32132,264193053,242,138,3132,3013,104,119,104.00000,0.30687
534F4C31,32132,264197559,313,212,3132,3010,101,122,101.00000,0.31461
534F4C31,32132,264202838,356,233,3131,3012,123,119,123.00000,0.30687
534F4C31,32132,264207554,326,208,3131,3013,118,118,118.00000,0.30429
534F4C31,32133,264212558,339,232,3132,3010,107,122,107.00000,0.31461
534F4C31,32134,264217563,358,252,3132,3012,106,120,106.00000,0.30945
534F4C31,32135,264222587,293,218,3132,3011,75,121,75.00000,0.31203
534F4C31,32135,264227601,259,176,3132,3011,83,121,83.00000,0.31203
534F4C31,32135,264232865,332,246,3136,3012,86,124,86.00000,0.31977
534F4C31,32135,264237554,331,217,3133,3012,114,121,114.00000,0.31203
534F4C31,32136,264243180,323,224,3133,3014,99,119,99.00000,0.30687
534F4C31,32137,264247568,323,220,3133,3013,103,120,103.00000,0.30945
534F4C31,32138,264252601,316,254,3132,3011,62,121,62.00000,0.31203
534F4C31,32139,264257552,256,201,3132,3012,55,120,55.00000,0.30945
534F4C31,32139,264262605,284,234,3134,3010,50,124,50.00000,0.31977
534F4C31,32139,264267578,323,251,3132,3013,72,119,72.00000,0.30687
534F4C31,32140,264272577,307,210,3131,3013,97,118,97.00000,0.30429
534F4C31,32141,264277594,301,198,3133,3013,103,120,103.00000,0.30945
534F4C31,32142,264282934,338,256,3133,3014,82,119,82.00000,0.30687
534F4C31,32143,264287612,300,242,3130,3012,58,118,58.00000,0.30429
534F4C31,32144,264292925,255,136,3135,3012,119,123,119.00000,0.31719
534F4C31,32144,264297565,277,226,3133,3012,51,121,51.00000,0.31203
534F4C31,32144,264302551,303,225,3132,3011,78,121,78.00000,0.31203
534F4C31,32145,264307567,316,216,3135,3011,100,124,100.00000,0.31977
534F4C31,32145,264313360,349,210,3133,3011,139,122,139.00000,0.31461
534F4C31,32145,264317566,348,220,3131,3010,128,121,128.00000,0.31203
534F4C31,32145,264322568,341,218,3131,3013,123,118,123.00000,0.30429
534F4C31,32146,264327573,327,209,3135,3012,118,123,118.00000,0.31719
534F4C31,32146,264332549,345,190,3132,3009,155,123,155.00000,0.31719
534F4C31,32147,264338515,346,253,3130,3009,93,121,93.00000,0.31203
534F4C31,32148,264342567,257,182,3131,3009,75,122,75.00000,0.31461
534F4C31,32149,264347552,299,200,3134,3013,99,121,99.00000,0.31203
534F4C31,32150,264353487,356,265,3131,3010,91,121,91.00000,0.31203
534F4C31,32151,264357777,243,168,3131,3010,75,121,75.00000,0.31203
534F4C31,32152,264362576,309,231,3132,3009,78,123,78.00000,0.31719
534F4C31,32153,264367573,308,204,3134,3011,104,123,104.00000,0.31719
534F4C31,32154,264372564,304,207,3134,3009,97,125,97.00000,0.32234
534F4C31,32154,264378631,280,189,3132,3011,91,121,91.00000,0.31203
534F4C31,32155,264382548,302,202,3131,3012,100,119,100.00000,0.30687
534F4C31,32155,264388312,338,214,3130,3011,124,119,124.00000,0.30687
534F4C31,32155,264392568,299,190,3133,3011,109,122,109.00000,0.31461
534F4C31,32156,264397569,325,218,3132,3010,107,122,107.00000,0.31461
534F4C31,32157,264403419,351,212,3131,3009,139,122,139.00000,0.31461
534F4C31,32157,264407555,310,178,3131,3012,132,119,132.00000,0.30687
534F4C31,32157,264412565,326,193,3132,3013,133,119,133.00000,0.30687
534F4C31,32157,264417544,359,242,3131,3013,117,118,117.00000,0.30429
534F4C31,32158,264422573,338,219,3134,3010,119,124,119.00000,0.31977
534F4C31,32159,264427549,288,162,3131,3009,126,122,126.00000,0.31461
534F4C31,32159,264432572,354,242,3131,3012,112,119,112.00000,0.30687
534F4C31,32159,264437569,326,169,3133,3011,157,122,157.00000,0.31461
534F4C31,32160,264442588,321,198,3131,3008,123,123,123.00000,0.31719
534F4C31,32160,264447589,343,236,3132,3012,107,120,107.00000,0.30945
534F4C31,32161,264452586,334,244,3133,3010,90,123,90.00000,0.31719
534F4C31,32162,264458219,303,191,3131,3010,112,121,112.00000,0.31203
534F4C31,32163,264462583,278,219,3131,3011,59,120,59.00000,0.30945
534F4C31,32164,264467974,309,218,3133,3010,91,123,91.00000,0.31719
534F4C31,32165,264474687,351,219,3132,3010,132,122,132.00000,0.31461
534F4C31,32166,264478220,259,219,3133,3012,40,121,40.00000,0.31203
534F4C31,32166,264484107,269,183,3133,3011,86,122,86.00000,0.31461
534F4C31,32166,264487776,255,147,3131,3010,108,121,108.00000,0.31203
534F4C31,32166,264492570,296,186,3133,3010,110,123,110.00000,0.31719
534F4C31,32166,264497562,337,231,3133,3013,106,120,106.00000,0.30945
534F4C31,32167,264502594,312,250,3134,3012,62,122,62.00000,0.31461
534F4C31,32168,264507582,267,202,3131,3012,65,119,65.00000,0.30687
534F4C31,32169,264512564,260,235,3137,3013,25,124,25.00000,0.31977
534F4C31,32170,264518299,296,209,3135,3013,87,122,87.00000,0.31461
534F4C31,32170,264523243,294,174,3130,3011,120,119,120.00000,0.30687
534F4C31,32171,264527569,279,206,3140,3011,73,129,73.00000,0.33266
534F4C31,32171,264533631,327,199,3139,3008,128,131,128.00000,0.33782
534F4C31,32172,264537591,300,194,3132,3011,106,121,106.00000,0.31203
534F4C31,32172,264542690,294,186,3131,3010,108,121,108.00000,0.31203
534F4C31,32172,264547553,336,231,3132,3010,105,122,105.00000,0.31461
534F4C31,32173,264552891,355,256,3132,3010,99,122,99.00000,0.31461
534F4C31,32173,264557552,314,211,3131,3012,103,119,103.00000,0.30687
534F4C31,32174,264562601,297,247,3132,3011,50,121,50.00000,0.31203
534F4C31,32175,264567550,301,228,3135,3011,73,124,73.00000,0.31977
534F4C31,32175,264573029,313,233,3133,3010,80,123,80.00000,0.31719
534F4C31,32175,264577556,286,176,3133,3010,110,123,110.00000,0.31719
534F4C31,32176,264582783,342,240,3134,3010,102,124,102.00000,0.31977
534F4C31,32176,264587781,299,201,3132,3009,98,123,98.00000,0.31719
534F4C31,32177,264592691,258,182,3132,3010,76,122,76.00000,0.31461
534F4C31,32178,264597628,262,217,3133,3012,45,121,45.00000,0.31203
534F4C31,32178,264602550,302,194,3132,3011,108,121,108.00000,0.31203
534F4C31,32179,264607596,318,215,3132,3012,103,120,103.00000,0.30945
534F4C31,32180,264613025,335,258,3133,3009,77,124,77.00000,0.31977
534F4C31,32181,264617553,303,224,3134,3009,79,125,79.00000,0.32234
534F4C31,32182,264623246,337,230,3132,3012,107,120,107.00000,0.30945
534F4C31,32182,264627558,307,188,3136,3011,119,125,119.00000,0.32234
534F4C31,32182,264632558,342,234,3132,3012,108,120,108.00000,0.30945
534F4C31,32182,264637556,352,228,3132,3010,124,122,124.00000,0.31461
534F4C31,32182,264642557,332,215,3131,3011,117,120,117.00000,0.30945
534F4C31,32183,264647557,351,239,3138,3010,112,128,112.00000,0.33008
534F4C31,32184,264652571,317,237,3133,3013,80,120,80.00000,0.30945
534F4C31,32185,264658029,285,221,3134,3012,64,122,64.00000,0.31461
534F4C31,32186,264662673,258,195,3132,3011,63,121,63.00000,0.31203
534F4C31,32186,264668026,325,199,3132,3010,126,122,126.00000,0.31461
534F4C31,32187,264672590,321,199,3132,3011,122,121,122.00000,0.31203
534F4C31,32188,264678970,326,274,3136,3012,52,124,52.00000,0.31977
534F4C31,32189,264683600,282,215,3133,3011,67,122,67.00000,0.31461
534F4C31,32190,264687954,274,130,3135,3009,144,126,144.00000,0.32492
534F4C31,32190,264694214,318,152,3131,3010,166,121,166.00000,0.31203
534F4C31,32191,264699046,355,213,3131,3009,142,122,142.00000,0.31461
534F4C31,32191,264704011,356,196,3134,3009,160,125,160.00000,0.32234
534F4C31,32191,264707623,296,130,3132,3011,166,121,166.00000,0.31203
534F4C31,32192,264712566,327,208,3133,3010,119,123,119.00000,0.31719
534F4C31,32193,264717691,348,219,3133,3009,129,124,129.00000,0.31977
534F4C31,32193,264722939,327,165,3131,3008,162,123,162.00000,0.31719
534F4C31,32193,264727568,312,182,3131,3010,130,121,130.00000,0.31203
534F4C31,32194,264732552,345,229,3132,3010,116,122,116.00000,0.31461
534F4C31,32195,264737570,345,218,3131,3012,127,119,127.00000,0.30687
534F4C31,32196,264742877,325,180,3132,3012,145,120,145.00000,0.30945
534F4C31,32197,264747588,319,201,3133,3012,118,121,118.00000,0.31203
534F4C31,32198,264753509,345,177,3133,3012,168,121,168.00000,0.31203
534F4C31,32198,264757583,286,147,3131,3010,139,121,139.00000,0.31203
534F4C31,32198,264762591,324,215,3133,3012,109,121,109.00000,0.31203
534F4C31,32199,264767568,353,242,3132,3011,111,121,111.00000,0.31203
534F4C31,32200,264772570,325,237,3134,3011,88,123,88.00000,0.31719
534F4C31,32201,264777761,265,217,3136,3011,48,125,48.00000,0.32234
534F4C31,32201,264782565,297,216,3132,3013,81,119,81.00000,0.30687
534F4C31,32201,264787567,307,207,3133,3011,100,122,100.00000,0.31461
534F4C31,32201,264792586,303,195,3132,3010,108,122,108.00000,0.31461
534F4C31,32202,264797557,342,229,3135,3012,113,123,113.00000,0.31719
534F4C31,32203,264802755,370,228,3132,3012,142,120,142.00000,0.30945
534F4C31,32204,264807566,325,211,3139,3011,114,128,114.00000,0.33008
534F4C31,32205,264812558,314,202,3131,3009,112,122,112.00000,0.31461
534F4C31,32206,264818260,360,206,3132,3009,154,123,154.00000,0.31719
534F4C31,32206,264822800,336,197,3132,3011,139,121,139.00000,0.31203
534F4C31,32207,264827603,301,243,3132,3011,58,121,58.00000,0.31203
534F4C31,32207,264832725,280,218,3134,3011,62,123,62.00000,0.31719
534F4C31,32207,264837597,307,200,3130,3012,107,118,107.00000,0.30429
534F4C31,32207,264842562,309,186,3132,3010,123,122,123.00000,0.31461
534F4C31,32207,264847565,345,229,3132,3012,116,120,116.00000,0.30945
534F4C31,32208,264853026,338,258,3137,3010,80,127,80.00000,0.32750
534F4C31,32209,264857909,288,191,3134,3012,97,122,97.00000,0.31461
534F4C31,32210,264862576,315,199,3133,3008,116,125,116.00000,0.32234
534F4C31,32210,264868088,338,231,3131,3006,107,125,107.00000,0.32234
534F4C31,32211,264872669,276,212,3135,3009,64,126,64.00000,0.32492
534F4C31,32211,264878235,278,187,3135,3011,91,124,91.00000,0.31977
534F4C31,32211,264882897,323,184,3132,3010,139,122,139.00000,0.31461
534F4C31,32212,264887554,345,211,3131,3011,134,120,134.00000,0.30945
534F4C31,32213,264893273,338,164,3131,3008,174,123,174.00000,0.31719
534F4C31,32214,264897552,334,176,3134,3012,158,122,158.00000,0.31461
534F4C31,32214,264902548,337,176,3131,3012,161,119,161.00000,0.30687
534F4C31,32214,264907557,316,164,3132,3011,152,121,152.00000,0.31203
534F4C31,32215,264912598,312,221,3139,3012,91,127,91.00000,0.32750
534F4C31,32216,264917718,311,196,3135,3008,115,127,115.00000,0.32750
534F4C31,32217,264922980,330,213,3131,3011,117,120,117.00000,0.30945
534F4C31,32218,264927732,271,198,3135,3010,73,125,73.00000,0.32234
534F4C31,32219,264933365,301,187,3133,3009,114,124,114.00000,0.31977
534F4C31,32219,264937998,314,162,3130,3010,152,120,152.00000,0.30945
534F4C31,32220,264942591,314,159,3133,3010,155,123,155.00000,0.31719
534F4C31,32221,264947692,330,157,3132,3011,173,121,173.00000,0.31203
534F4C31,32222,264953432,360,235,3134,3010,125,124,125.00000,0.31977
534F4C31,32222,264957557,286,178,3132,3011,108,121,108.00000,0.31203
534F4C31,32222,264962588,304,202,3132,3009,102,123,102.00000,0.31719
534F4C31,32223,264967559,342,234,3131,3013,108,118,108.00000,0.30429
534F4C31,32224,264972672,332,214,3132,3009,118,123,118.00000,0.31719
534F4C31,32225,264977550,278,175,3136,3012,103,124,103.00000,0.31977
534F4C31,32225,264983218,325,153,3138,3009,172,129,172.00000,0.33266
534F4C31,32225,264987639,333,162,3132,3011,171,121,171.00000,0.31203
534F4C31,32225,264992556,330,188,3131,3009,142,122,142.00000,0.31461
534F4C31,32226,264997550,350,220,3135,3009,130,126,130.00000,0.32492
534F4C31,32227,265002885,370,166,3132,3011,204,121,204.00000,0.31203
534F4C31,32228,265007757,345,194,3132,3009,151,123,151.00000,0.31719
534F4C31,32228,265013437,345,220,3133,3012,125,121,125.00000,0.31203
534F4C31,32228,265017957,347,228,3133,3012,119,121,119.00000,0.31203
534F4C31,32229,265022550,309,150,3132,3012,159,120,159.00000,0.30945
534F4C31,32230,265027589,320,187,3133,3010,133,123,133.00000,0.31719
534F4C31,32231,265032560,338,169,3133,3009,169,124,169.00000,0.31977
534F4C31,32232,265037743,325,208,3133,3013,117,120,117.00000,0.30945
534F4C31,32232,265042563,264,206,3133,3011,58,122,58.00000,0.31461
534F4C31,32232,265047550,269,178,3140,3010,91,130,91.00000,0.33524
534F4C31,32232,265052679,332,237,3132,3012,95,120,95.00000,0.30945
534F4C31,32233,265057564,326,220,3133,3009,106,124,106.00000,0.31977
534F4C31,32234,265063133,335,261,3138,3011,74,127,74.00000,0.32750
534F4C31,32234,265068442,331,226,3132,3010,105,122,105.00000,0.31461
534F4C31,32234,265072550,306,193,3131,3009,113,122,113.00000,0.31461
534F4C31,32235,265077571,314,202,3133,3010,112,123,112.00000,0.31719
534F4C31,32235,265082569,346,217,3132,3011,129,121,129.00000,0.31203
534F4C31,32236,265088230,352,230,3130,3011,122,119,122.00000,0.30687
534F4C31,32236,265092539,293,159,3132,3012,134,120,134.00000,0.30945
534F4C31,32237,265097582,346,238,3131,3011,108,120,108.00000,0.30945
534F4C31,32238,265103494,361,243,3135,3012,118,123,118.00000,0.31719
534F4C31,32239,265107673,314,188,3134,3009,126,125,126.00000,0.32234
534F4C31,32239,265112952,290,237,3134,3011,53,123,53.00000,0.31719
534F4C31,32239,265118044,282,248,3132,3012,34,120,34.00000,0.30945
534F4C31,32239,265122558,255,185,3132,3012,70,120,70.00000,0.30945
534F4C31,32240,265127810,291,223,3136,3013,68,123,68.00000,0.31719
534F4C31,32241,265132588,305,236,3133,3012,69,121,69.00000,0.31203
534F4C31,32242,265137706,321,231,3132,3011,90,121,90.00000,0.31203
534F4C31,32243,265142547,264,173,3133,3011,91,122,91.00000,0.31461
534F4C31,32244,265147555,299,156,3133,3011,143,122,143.00000,0.31461
534F4C31,32245,265152628,345,140,3131,3009,205,122,205.00000,0.31461
534F4C31,32245,265157558,344,183,3132,3011,161,121,161.00000,0.31203
534F4C31,32246,265162560,343,214,3131,3010,129,121,129.00000,0.31203
534F4C31,32247,265168003,347,248,3135,3011,99,124,99.00000,0.31977
534F4C31,32248,265173476,303,179,3132,3009,124,123,124.00000,0.31719
534F4C31,32248,265179192,339,214,3132,3011,125,121,125.00000,0.31203
534F4C31,32248,265182548,310,187,3132,3011,123,121,123.00000,0.31203
534F4C31,32249,265187842,312,223,3139,3012,89,127,89.00000,0.32750
534F4C31,32249,265192550,271,168,3131,3011,103,120,103.00000,0.30945
534F4C31,32249,265197560,323,242,3133,3012,81,121,81.00000,0.31203
534F4C31,32249,265202554,329,235,3132,3013,94,119,94.00000,0.30687
534F4C31,32249,265207553,327,217,3131,3011,110,120,110.00000,0.30945
534F4C31,32250,265212552,331,229,3132,3009,102,123,102.00000,0.31719
534F4C31,32251,265217583,329,228,3133,3013,101,120,101.00000,0.30945
534F4C31,32252,265222909,285,227,3132,3009,58,123,58.00000,0.31719
534F4C31,32253,265227574,225,184,3132,3009,41,123,41.00000,0.31719
534F4C31,32254,265232594,269,245,3132,3012,24,120,24.00000,0.30945
534F4C31,32255,265237561,276,241,3141,3007,35,134,35.00000,0.34555
534F4C31,32256,265244783,277,219,3132,3010,58,122,58.00000,0.31461
534F4C31,32256,265248882,281,147,3131,3011,134,120,134.00000,0.30945
534F4C31,32256,265252676,315,193,3132,3013,122,119,122.00000,0.30687
534F4C31,32256,265257547,322,200,3132,3013,122,119,122.00000,0.30687
534F4C31,32256,265262561,325,239,3133,3011,86,122,86.00000,0.31461
534F4C31,32257,265267931,331,251,3132,3010,80,122,80.00000,0.31461
534F4C31,32257,265272560,308,208,3134,3012,100,122,100.00000,0.31461
534F4C31,32258,265278087,287,261,3132,3009,26,123,26.00000,0.31719
534F4C31,32259,265282550,258,213,3131,3010,45,121,45.00000,0.31203
534F4C31,32259,265288004,303,172,3132,3011,131,121,131.00000,0.31203
534F4C31,32260,265292567,305,189,3132,3009,116,123,116.00000,0.31719
534F4C31,32261,265297872,346,224,3132,3010,122,122,122.00000,0.31461
534F4C31,32262,265302548,353,209,3132,3012,144,120,144.00000,0.30945
534F4C31,32262,265307558,315,179,3133,3010,136,123,136.00000,0.31719
534F4C31,32263,265312568,316,222,3133,3007,94,126,94.00000,0.32492
534F4C31,32264,265317559,308,201,3132,3011,107,121,107.00000,0.31203
534F4C31,32265,265322607,289,225,3134,3010,64,124,64.00000,0.31977
534F4C31,32266,265327845,260,227,3134,3008,33,126,33.00000,0.32492
534F4C31,32267,265333272,284,200,3132,3013,84,119,84.00000,0.30687
534F4C31,32267,265337647,298,197,3131,3012,101,119,101.00000,0.30687
534F4C31,32267,265342867,293,183,3131,3012,110,119,110.00000,0.30687
534F4C31,32267,265347569,326,218,3133,3012,108,121,108.00000,0.31203
534F4C31,32267,265352564,358,250,3133,3011,108,122,108.00000,0.31461
534F4C31,32267,265357562,337,225,3130,3010,112,120,112.00000,0.30945
534F4C31,32268,265362556,333,231,3132,3009,102,123,102.00000,0.31719
534F4C31,32269,265367565,351,244,3132,3012,107,120,107.00000,0.30945
534F4C31,32270,265372587,298,217,3132,3014,81,118,81.00000,0.30429
534F4C31,32271,265378153,291,250,3136,3008,41,128,41.00000,0.33008
534F4C31,32272,265383222,288,216,3135,3009,72,126,72.00000,0.32492
534F4C31,32273,265387548,307,180,3134,3010,127,124,127.00000,0.31977
534F4C31,32274,265392982,307,197,3131,3011,110,120,110.00000,0.30945
534F4C31,32274,265398073,296,198,3135,3012,98,123,98.00000,0.31719
534F4C31,32274,265402564,317,213,3134,3013,104,121,104.00000,0.31203
534F4C31,32275,265407606,319,185,3134,3012,134,122,134.00000,0.31461
534F4C31,32275,265412631,293,134,3132,3011,159,121,159.00000,0.31203
534F4C31,32275,265417574,350,215,3136,3014,135,122,135.00000,0.31461
534F4C31,32275,265422604,339,191,3132,3010,148,122,148.00000,0.31461
534F4C31,32276,265427554,327,199,3136,3012,128,124,128.00000,0.31977
534F4C31,32277,265432541,350,181,3132,3013,169,119,169.00000,0.30687
534F4C31,32278,265437584,363,215,3134,3011,148,123,148.00000,0.31719
534F4C31,32279,265443438,358,216,3132,3011,142,121,142.00000,0.31203
534F4C31,32280,265448288,324,248,3135,3011,76,124,76.00000,0.31977
534F4C31,32280,265453895,319,203,3133,3011,116,122,116.00000,0.31461
534F4C31,32280,265457567,288,179,3131,3012,109,119,109.00000,0.30687
534F4C31,32281,265462588,319,248,3133,3010,71,123,71.00000,0.31719
534F4C31,32282,265467839,286,170,3139,3012,116,127,116.00000,0.32750
534F4C31,32282,265472549,311,184,3132,3011,127,121,127.00000,0.31203
534F4C31,32283,265477555,315,177,3132,3012,138,120,138.00000,0.30945
534F4C31,32284,265482566,338,223,3132,3010,115,122,115.00000,0.31461
534F4C31,32285,265488051,313,210,3131,3008,103,123,103.00000,0.31719
534F4C31,32285,265493685,316,208,3131,3009,108,122,108.00000,0.31461
534F4C31,32286,265497547,315,213,3133,3009,102,124,102.00000,0.31977
534F4C31,32287,265503186,361,212,3131,3010,149,121,149.00000,0.31203
534F4C31,32288,265507564,289,169,3137,3011,120,126,120.00000,0.32492
534F4C31,32288,265512549,316,196,3132,3009,120,123,120.00000,0.31719
534F4C31,32288,265517569,313,160,3132,3012,153,120,153.00000,0.30945
534F4C31,32289,265522577,328,197,3132,3009,131,123,131.00000,0.31719
534F4C31,32290,265528200,319,169,3135,3010,150,125,150.00000,0.32234
534F4C31,32291,265532999,308,230,3135,3010,78,125,78.00000,0.32234
534F4C31,32291,265539149,297,178,3133,3011,119,122,119.00000,0.31461
534F4C31,32291,265542634,267,149,3132,3009,118,123,118.00000,0.31719
534F4C31,32291,265547568,324,218,3132,3010,106,122,106.00000,0.31461
534F4C31,32291,265552564,359,251,3132,3010,108,122,108.00000,0.31461
534F4C31,32292,265557606,297,233,3130,3010,64,120,64.00000,0.30945
534F4C31,32292,265562579,249,177,3130,3011,72,119,72.00000,0.30687
534F4C31,32293,265567607,310,266,3133,3011,44,122,44.00000,0.31461
534F4C31,32294,265572550,269,200,3132,3012,69,120,69.00000,0.30945
534F4C31,32294,265577803,291,215,3132,3010,76,122,76.00000,0.31461
534F4C31,32294,265582565,321,223,3133,3010,98,123,98.00000,0.31719
534F4C31,32294,265587555,341,183,3131,3011,158,120,158.00000,0.30945
534F4C31,32295,265593327,338,213,3136,3013,125,123,125.00000,0.31719
534F4C31,32296,265597585,312,223,3134,3012,89,122,89.00000,0.31461
534F4C31,32297,265603009,348,228,3136,3011,120,125,120.00000,0.32234
534F4C31,32298,265607571,308,180,3132,3012,128,120,128.00000,0.30945
534F4C31,32299,265612549,313,250,3134,3012,63,122,63.00000,0.31461
534F4C31,32299,265618733,301,180,3131,3010,121,121,121.00000,0.31203
534F4C31,32300,265622573,281,145,3131,3012,136,119,136.00000,0.30687
534F4C31,32301,265627569,271,179,3134,3012,92,122,92.00000,0.31461
534F4C31,32302,265633190,297,200,3134,3009,97,125,97.00000,0.32234
534F4C31,32302,265637952,316,206,3132,3011,110,121,110.00000,0.31203
534F4C31,32302,265642939,274,177,3133,3012,97,121,97.00000,0.31203
534F4C31,32303,265647905,301,232,3132,3011,69,121,69.00000,0.31203
534F4C31,32304,265652995,293,225,3132,3011,68,121,68.00000,0.31203
534F4C31,32305,265658801,315,218,3132,3012,97,120,97.00000,0.30945
534F4C31,32306,265662629,279,230,3132,3009,49,123,49.00000,0.31719
534F4C31,32306,265668002,269,244,3132,3012,25,120,25.00000,0.30945
534F4C31,32306,265672548,230,201,3131,3011,29,120,29.00000,0.30945
534F4C31,32306,265677549,253,175,3131,3011,78,120,78.00000,0.30945
534F4C31,32306,265682556,323,231,3131,3010,92,121,92.00000,0.31203
534F4C31,32307,265687866,339,232,3146,3011,107,135,107.00000,0.34813
534F4C31,32308,265692552,300,167,3147,3010,133,137,133.00000,0.35329
534F4C31,32309,265697596,317,233,3148,3013,84,135,84.00000,0.34813
534F4C31,32310,265702638,315,213,3147,3008,102,139,102.00000,0.35845
534F4C31,32311,265708326,318,196,3149,3012,122,137,122.00000,0.35329
534F4C31,32311,265712547,304,210,3153,3012,94,141,94.00000,0.36360
534F4C31,32311,265718865,353,254,3149,3011,99,138,99.00000,0.35587
534F4C31,32312,265722581,282,207,3148,3011,75,137,75.00000,0.35329
534F4C31,32313,265727574,276,206,3149,3011,70,138,70.00000,0.35587
534F4C31,32314,265732572,243,266,3148,3010,-23,138,-23.00000,0.35587
534F4C31,32314,265738075,224,181,3147,3010,43,137,43.00000,0.35329
534F4C31,32314,265742569,271,193,3148,3011,78,137,78.00000,0.35329
534F4C31,32314,265747554,320,228,3150,3011,92,139,92.00000,0.35845
534F4C31,32315,265753065,309,260,3148,3013,49,135,49.00000,0.34813
534F4C31,32316,265758000,262,195,3149,3012,67,137,67.00000,0.35329
534F4C31,32317,265763355,303,192,3151,3011,111,140,111.00000,0.36103
534F4C31,32318,265767548,317,186,3150,3010,131,140,131.00000,0.36103
534F4C31,32318,265772565,326,206,3150,3010,120,140,120.00000,0.36103
534F4C31,32318,265777549,316,185,3148,3012,131,136,131.00000,0.35071
534F4C31,32319,265782786,323,282,3148,3012,41,136,41.00000,0.35071
534F4C31,32320,265787549,256,197,3148,3012,59,136,59.00000,0.35071
534F4C31,32321,265792566,276,180,3150,3011,96,139,96.00000,0.35845
534F4C31,32322,265798364,340,189,3148,3011,151,137,151.00000,0.35329
534F4C31,32322,265802873,339,191,3148,3007,148,141,148.00000,0.36360
534F4C31,32322,265807550,280,153,3148,3010,127,138,127.00000,0.35587
534F4C31,32322,265812569,315,204,3149,3012,111,137,111.00000,0.35329
534F4C31,32323,265818483,357,256,3147,3007,101,140,101.00000,0.36103
534F4C31,32323,265822555,296,190,3147,3013,106,134,106.00000,0.34555
534F4C31,32323,265827554,308,197,3148,3010,111,138,111.00000,0.35587
534F4C31,32324,265832591,326,225,3152,3009,101,143,101.00000,0.36876
534F4C31,32325,265837753,314,210,3148,3012,104,136,104.00000,0.35071
534F4C31,32326,265842971,308,186,3150,3009,122,141,122.00000,0.36360
534F4C31,32326,265848036,319,193,3149,3010,126,139,126.00000,0.35845
534F4C31,32327,265852569,297,202,3149,3013,95,136,95.00000,0.35071
534F4C31,32328,265857763,285,185,3151,3013,100,138,100.00000,0.35587
534F4C31,32328,265862595,306,211,3147,3009,95,138,95.00000,0.35587
534F4C31,32329,265867611,333,249,3146,3013,84,133,84.00000,0.34297
534F4C31,32330,265873902,335,243,3147,3008,92,139,92.00000,0.35845
534F4C31,32331,265877974,258,215,3149,3011,43,138,43.00000,0.35587
534F4C31,32331,265882670,269,194,3148,3010,75,138,75.00000,0.35587
534F4C31,32331,265887565,310,169,3148,3011,141,137,141.00000,0.35329
534F4C31,32332,265892571,319,190,3150,3011,129,139,129.00000,0.35845
534F4C31,32333,265897564,341,203,3147,3007,138,140,138.00000,0.36103
534F4C31,32334,265902557,309,217,3149,3010,92,139,92.00000,0.35845
534F4C31,32335,265907802,271,155,3147,3011,116,136,116.00000,0.35071
534F4C31,32336,265912666,309,202,3148,3011,107,137,107.00000,0.35329
534F4C31,32336,265918064,357,235,3151,3010,122,141,122.00000,0.36360
534F4C31,32336,265922909,334,214,3150,3013,120,137,120.00000,0.35329
534F4C31,32337,265927578,289,185,3149,3012,104,137,104.00000,0.35329
534F4C31,32338,265933924,359,196,3151,3012,163,139,163.00000,0.35845
534F4C31,32338,265937889,324,165,3149,3011,159,138,159.00000,0.35587
534F4C31,32339,265942606,271,201,3151,3012,70,139,70.00000,0.35845
534F4C31,32340,265947651,284,201,3149,3009,83,140,83.00000,0.36103
534F4C31,32341,265952558,342,244,3147,3012,98,135,98.00000,0.34813
534F4C31,32341,265952558,342,244,3147,3012,98,135,98.00000,0.34813
534F4C31,32342,265957563,313,200,3149,3011,113,138,113.00000,0.35587
534F4C31,32343,265962910,316,159,3149,3012,157,137,157.00000,0.35329
534F4C31,32344,265967562,328,231,3154,3007,97,147,97.00000,0.37908
534F4C31,32345,265973132,328,210,3150,3010,118,140,118.00000,0.36103
534F4C31,32345,265977558,290,205,3149,3012,85,137,85.00000,0.35329
534F4C31,32345,265982605,289,221,3149,3008,68,141,68.00000,0.36360
534F4C31,32345,265987549,297,164,3148,3011,133,137,133.00000,0.35329
534F4C31,32345,265992562,303,189,3149,3011,114,138,114.00000,0.35587
534F4C31,32346,265997580,334,213,3149,3010,121,139,121.00000,0.35845
534F4C31,32347,266002548,346,167,3149,3009,179,140,179.00000,0.36103
534F4C31,32347,266007568,341,173,3151,3010,168,141,168.00000,0.36360
534F4C31,32347,266012566,330,177,3148,3011,153,137,153.00000,0.35329
534F4C31,32347,266017558,357,223,3148,3010,134,138,134.00000,0.35587
534F4C31,32348,266022551,308,184,3148,3010,124,138,124.00000,0.35587
534F4C31,32348,266027550,283,110,3148,3009,173,139,173.00000,0.35845
534F4C31,32348,266032582,340,212,3148,3011,128,137,128.00000,0.35329
534F4C31,32348,266037557,356,222,3147,3009,134,138,134.00000,0.35587
534F4C31,32349,266042809,306,223,3150,3011,83,139,83.00000,0.35845
534F4C31,32350,266047576,291,204,3149,3013,87,136,87.00000,0.35071
534F4C31,32351,266052598,328,256,3149,3012,72,137,72.00000,0.35329
534F4C31,32352,266057566,272,170,3148,3010,102,138,102.00000,0.35587
534F4C31,32353,266063233,322,180,3151,3012,142,139,142.00000,0.35845
534F4C31,32353,266067547,332,213,3148,3011,119,137,119.00000,0.35329
534F4C31,32353,266072685,322,225,3151,3009,97,142,97.00000,0.36618
534F4C31,32353,266077559,280,172,3148,3009,108,139,108.00000,0.35845
534F4C31,32354,266082568,312,240,3149,3010,72,139,72.00000,0.35845
534F4C31,32355,266087650,315,188,3150,3010,127,140,127.00000,0.36103
534F4C31,32355,266092548,313,182,3148,3012,131,136,131.00000,0.35071
534F4C31,32356,266097565,343,227,3150,3013,116,137,116.00000,0.35329
534F4C31,32356,266102559,364,236,3148,3008,128,140,128.00000,0.36103
534F4C31,32357,266107602,309,235,3150,3010,74,140,74.00000,0.36103
534F4C31,32358,266112636,266,197,3149,3010,69,139,69.00000,0.35845
534F4C31,32358,266117571,331,237,3149,3013,94,136,94.00000,0.35071
534F4C31,32359,266122598,328,239,3148,3011,89,137,89.00000,0.35329
534F4C31,32360,266127732,296,198,3149,3012,98,137,98.00000,0.35329
534F4C31,32361,266132854,338,210,3148,3011,128,137,128.00000,0.35329
534F4C31,32362,266137566,298,222,3150,3011,76,139,76.00000,0.35845
534F4C31,32363,266142559,269,171,3151,3011,98,140,98.00000,0.36103
534F4C31,32363,266148066,287,167,3149,3011,120,138,120.00000,0.35587
534F4C31,32363,266152571,297,186,3149,3012,111,137,111.00000,0.35329
534F4C31,32364,266157603,305,208,3148,3013,97,135,97.00000,0.34813
534F4C31,32364,266162854,297,202,3148,3011,95,137,95.00000,0.35329
534F4C31,32364,266167568,332,234,3148,3012,98,136,98.00000,0.35071
534F4C31,32365,266172554,334,219,3147,3012,115,135,115.00000,0.34813
534F4C31,32366,266177567,299,186,3149,3010,113,139,113.00000,0.35845
534F4C31,32366,266182851,304,188,3147,3010,116,137,116.00000,0.35329
534F4C31,32367,266187566,326,203,3148,3011,123,137,123.00000,0.35329
534F4C31,32367,266192562,321,195,3152,3012,126,140,126.00000,0.36103
534F4C31,32367,266197550,340,204,3150,3011,136,139,136.00000,0.35845
534F4C31,32368,266202600,364,210,3149,3011,154,138,154.00000,0.35587
534F4C31,32369,266207730,327,168,3151,3010,159,141,159.00000,0.36360
534F4C31,32370,266212575,323,210,3151,3013,113,138,113.00000,0.35587
534F4C31,32371,266217849,351,231,3153,3011,120,142,120.00000,0.36618
534F4C31,32372,266222727,331,218,3148,3012,113,136,113.00000,0.35071
534F4C31,32373,266227733,319,205,3147,3011,114,136,114.00000,0.35071
534F4C31,32374,266232687,340,237,3150,3013,103,137,103.00000,0.35329
534F4C31,32375,266237570,318,239,3150,3012,79,138,79.00000,0.35587
534F4C31,32376,266243594,302,198,3148,3009,104,139,104.00000,0.35845
534F4C31,32377,266247777,305,149,3147,3012,156,135,156.00000,0.34813
534F4C31,32377,266253394,367,173,3148,3011,194,137,194.00000,0.35329
534F4C31,32377,266257595,323,182,3147,3010,141,137,141.00000,0.35329
534F4C31,32377,266262558,322,206,3149,3011,116,138,116.00000,0.35587
534F4C31,32377,266267558,354,240,3148,3009,114,139,114.00000,0.35845
534F4C31,32378,266272551,344,222,3149,3009,122,140,122.00000,0.36103
534F4C31,32378,266277747,329,209,3148,3012,120,136,120.00000,0.35071
534F4C31,32378,266282558,349,231,3148,3011,118,137,118.00000,0.35329
534F4C31,32379,266287740,294,231,3148,3011,63,137,63.00000,0.35329
534F4C31,32380,266292548,261,184,3150,3009,77,141,77.00000,0.36360
534F4C31,32381,266297589,272,227,3151,3010,45,141,45.00000,0.36360
534F4C31,32382,266302563,299,246,3149,3013,53,136,53.00000,0.35071
534F4C31,32382,266308231,267,147,3149,3011,120,138,120.00000,0.35587
534F4C31,32382,266312553,291,187,3149,3011,104,138,104.00000,0.35587
534F4C31,32382,266317558,341,240,3149,3010,101,139,101.00000,0.35845
534F4C31,32383,266322557,337,225,3149,3013,112,136,112.00000,0.35071
534F4C31,32384,266327693,292,210,3149,3013,82,136,82.00000,0.35071
534F4C31,32385,266332843,244,288,3148,3012,-44,136,-44.00000,0.35071
534F4C31,32386,266338772,194,169,3148,3010,25,138,25.00000,0.35587
534F4C31,32386,266343218,257,204,3149,3011,53,138,53.00000,0.35587
534F4C31,32386,266347565,272,202,3150,3012,70,138,70.00000,0.35587
534F4C31,32387,266352558,338,250,3149,3010,88,139,88.00000,0.35845
534F4C31,32388,266357646,334,223,3149,3011,111,138,111.00000,0.35587
534F4C31,32389,266362969,306,269,3149,3009,37,140,37.00000,0.36103
534F4C31,32389,266367537,243,188,3148,3008,55,140,55.00000,0.36103
534F4C31,32390,266372595,305,218,3148,3011,87,137,87.00000,0.35329
534F4C31,32390,266377647,306,208,3149,3011,98,138,98.00000,0.35587
534F4C31,32390,266382557,339,235,3151,3010,104,141,104.00000,0.36360
534F4C31,32391,266387899,312,249,3149,3012,63,137,63.00000,0.35329
534F4C31,32391,266392551,283,191,3148,3012,92,136,92.00000,0.35071
534F4C31,32392,266397593,312,253,3149,3010,59,139,59.00000,0.35845
534F4C31,32392,266402556,298,246,3149,3011,52,138,52.00000,0.35587
534F4C31,32393,266407702,275,220,3150,3013,55,137,55.00000,0.35329
534F4C31,32394,266412581,266,152,3151,3013,114,138,114.00000,0.35587
534F4C31,32395,266417548,330,229,3151,3008,101,143,101.00000,0.36876
534F4C31,32395,266422848,303,205,3148,3013,98,135,98.00000,0.34813
534F4C31,32396,266427565,286,174,3151,3011,112,140,112.00000,0.36103
534F4C31,32397,266433401,353,217,3149,3013,136,136,136.00000,0.35071
534F4C31,32398,266437597,345,192,3148,3011,153,137,153.00000,0.35329
534F4C31,32398,266443462,307,220,3155,3013,87,142,87.00000,0.36618
534F4C31,32398,266448701,308,201,3149,3012,107,137,107.00000,0.35329
534F4C31,32399,266452561,325,215,3149,3011,110,138,110.00000,0.35587
534F4C31,32400,266457549,308,221,3148,3010,87,138,87.00000,0.35587
534F4C31,32401,266462568,284,171,3149,3009,113,140,113.00000,0.36103
534F4C31,32401,266467681,335,256,3148,3009,79,139,79.00000,0.35845
534F4C31,32401,266472557,300,202,3147,3010,98,137,98.00000,0.35329
534F4C31,32401,266477603,312,204,3147,3012,108,135,108.00000,0.34813
534F4C31,32402,266482555,348,235,3150,3013,113,137,113.00000,0.35329
534F4C31,32403,266487590,359,219,3148,3013,140,135,140.00000,0.34813
534F4C31,32404,266492577,311,186,3149,3013,125,136,125.00000,0.35071
534F4C31,32405,266497724,298,242,3148,3013,56,135,56.00000,0.34813
534F4C31,32406,266502808,284,219,3148,3009,65,139,65.00000,0.35845
534F4C31,32407,266508156,293,167,3149,3010,126,139,126.00000,0.35845
534F4C31,32408,266512562,303,199,3149,3012,104,137,104.00000,0.35329
534F4C31,32408,266517745,321,187,3148,3012,134,136,134.00000,0.35071
534F4C31,32408,266522566,330,202,3149,3013,128,136,128.00000,0.35071
534F4C31,32408,266527648,318,202,3148,3012,116,136,116.00000,0.35071
534F4C31,32409,266532562,341,224,3149,3011,117,138,117.00000,0.35587
534F4C31,32409,266537637,347,149,3149,3013,198,136,198.00000,0.35071
534F4C31,32410,266542591,340,196,3149,3010,144,139,144.00000,0.35845
534F4C31,32410,266547787,318,217,3149,3011,101,138,101.00000,0.35587
534F4C31,32410,266552561,341,238,3149,3013,103,136,103.00000,0.35071
534F4C31,32411,266557615,304,204,3154,3011,100,143,100.00000,0.36876
534F4C31,32412,266563857,302,189,3150,3012,113,138,113.00000,0.35587
534F4C31,32412,266567807,303,213,3147,3014,90,133,90.00000,0.34297
534F4C31,32413,266572550,303,194,3150,3012,109,138,109.00000,0.35587
534F4C31,32414,266578082,281,178,3148,3013,103,135,103.00000,0.34813
534F4C31,32415,266582570,239,194,3152,3010,45,142,45.00000,0.36618
534F4C31,32416,266588302,261,143,3147,3011,118,136,118.00000,0.35071
534F4C31,32416,266592863,273,180,3148,3013,93,135,93.00000,0.34813
534F4C31,32416,266597552,282,203,3149,3011,79,138,79.00000,0.35587
534F4C31,32417,266603025,314,230,3150,3011,84,139,84.00000,0.35845
534F4C31,32417,266607550,290,183,3148,3014,107,134,107.00000,0.34555
534F4C31,32418,266613563,347,262,3149,3013,85,136,85.00000,0.35071
534F4C31,32418,266617583,269,177,3148,3013,92,135,92.00000,0.34813
534F4C31,32419,266622560,311,207,3149,3011,104,138,104.00000,0.35587
534F4C31,32420,266627908,316,207,3151,3011,109,140,109.00000,0.36103
534F4C31,32420,266632554,331,202,3148,3012,129,136,129.00000,0.35071
534F4C31,32421,266638602,364,255,3148,3014,109,134,109.00000,0.34555
534F4C31,32422,266642548,290,159,3148,3009,131,139,131.00000,0.35845
534F4C31,32423,266647563,314,216,3150,3012,98,138,98.00000,0.35587
534F4C31,32423,266652621,314,217,3146,3011,97,135,97.00000,0.34813
534F4C31,32423,266657585,300,191,3149,3009,109,140,109.00000,0.36103
534F4C31,32423,266662557,303,188,3147,3010,115,137,115.00000,0.35329
534F4C31,32424,266667595,350,221,3155,3010,129,145,129.00000,0.37392
534F4C31,32425,266673218,315,163,3148,3010,152,138,152.00000,0.35587
534F4C31,32426,266677561,274,112,3151,3010,162,141,162.00000,0.36360
534F4C31,32427,266682554,262,297,3148,3012,-35,136,-35.00000,0.35071
534F4C31,32428,266689165,195,175,3147,3013,20,134,20.00000,0.34555
534F4C31,32428,266693231,218,131,3149,3012,87,137,87.00000,0.35329
534F4C31,32428,266698012,282,170,3147,3010,112,137,112.00000,0.35329
534F4C31,32429,266702573,309,222,3147,3012,87,135,87.00000,0.34813
534F4C31,32430,266707920,256,143,3150,3011,113,139,113.00000,0.35845
534F4C31,32430,266712976,305,223,3148,3012,82,136,82.00000,0.35071
534F4C31,32430,266717548,271,220,3149,3013,51,136,51.00000,0.35071
534F4C31,32430,266722569,284,198,3147,3010,86,137,86.00000,0.35329
534F4C31,32431,266727572,300,206,3150,3011,94,139,94.00000,0.35845
534F4C31,32432,266732800,306,157,3150,3009,149,141,149.00000,0.36360
534F4C31,32433,266737978,292,242,3154,3010,50,144,50.00000,0.37134
534F4C31,32434,266744494,267,198,3148,3012,69,136,69.00000,0.35071
534F4C31,32435,266748882,301,208,3146,3012,93,134,93.00000,0.34555
534F4C31,32435,266754009,291,188,3147,3010,103,137,103.00000,0.35329
534F4C31,32435,266757880,263,168,3147,3011,95,136,95.00000,0.35071
534F4C31,32435,266762565,288,194,3149,3010,94,139,94.00000,0.35845
534F4C31,32436,266767726,345,245,3150,3012,100,138,100.00000,0.35587
534F4C31,32437,266772595,327,223,3148,3009,104,139,104.00000,0.35845
534F4C31,32438,266777561,307,218,3147,3014,89,133,89.00000,0.34297
534F4C31,32438,266782550,306,180,3149,3011,126,138,126.00000,0.35587
534F4C31,32439,266787603,340,206,3150,3008,134,142,134.00000,0.36618
534F4C31,32440,266792544,294,145,3147,3009,149,138,149.00000,0.35587
534F4C31,32440,266797742,346,217,3150,3013,129,137,129.00000,0.35329
534F4C31,32441,266802569,342,252,3148,3010,90,138,90.00000,0.35587
534F4C31,32441,266807594,307,223,3152,3008,84,144,84.00000,0.37134
534F4C31,32441,266812566,277,229,3148,3010,48,138,48.00000,0.35587
534F4C31,32442,266817548,292,213,3149,3011,79,138,79.00000,0.35587
534F4C31,32442,266822547,321,213,3148,3012,108,136,108.00000,0.35071
534F4C31,32443,266827603,304,212,3148,3011,92,137,92.00000,0.35329
534F4C31,32444,266833360,349,259,3149,3013,90,136,90.00000,0.35071
534F4C31,32445,266837554,298,214,3150,3013,84,137,84.00000,0.35329
534F4C31,32446,266844260,319,206,3149,3010,113,139,113.00000,0.35845
534F4C31,32447,266848032,280,182,3148,3010,98,138,98.00000,0.35587
534F4C31,32447,266852969,323,179,3148,3013,144,135,144.00000,0.34813
534F4C31,32447,266858152,323,192,3148,3009,131,139,131.00000,0.35845
534F4C31,32447,266862564,310,195,3149,3011,115,138,115.00000,0.35587
534F4C31,32448,266867587,300,270,3149,3012,30,137,30.00000,0.35329
534F4C31,32449,266872915,219,199,3149,3010,20,139,20.00000,0.35845
534F4C31,32450,266877548,221,140,3148,3009,81,139,81.00000,0.35845
534F4C31,32451,266882579,319,230,3149,3012,89,137,89.00000,0.35329
534F4C31,32451,266887684,322,200,3150,3012,122,138,122.00000,0.35587
534F4C31,32451,266892554,311,206,3148,3012,105,136,105.00000,0.35071
534F4C31,32452,266897598,281,251,3149,3012,30,137,30.00000,0.35329
534F4C31,32453,266902550,279,216,3149,3010,63,139,63.00000,0.35845
534F4C31,32454,266908325,278,251,3149,3013,27,136,27.00000,0.35071
534F4C31,32455,266913066,220,193,3148,3012,27,136,27.00000,0.35071
534F4C31,32455,266918773,330,199,3147,3014,131,133,131.00000,0.34297
534F4C31,32455,266922560,298,174,3147,3012,124,135,124.00000,0.34813
534F4C31,32456,266927603,281,198,3147,3011,83,136,83.00000,0.35071
534F4C31,32457,266932563,309,210,3151,3011,99,140,99.00000,0.36103
534F4C31,32457,266937586,349,229,3148,3010,120,138,120.00000,0.35587
534F4C31,32458,266942599,327,182,3150,3010,145,140,145.00000,0.36103
534F4C31,32459,266948453,329,183,3147,3013,146,134,146.00000,0.34555
534F4C31,32459,266952550,322,203,3147,3012,119,135,119.00000,0.34813
534F4C31,32460,266957559,320,200,3147,3010,120,137,120.00000,0.35329
534F4C31,32461,266962861,327,217,3149,3011,110,138,110.00000,0.35587
534F4C31,32462,266967571,287,175,3149,3013,112,136,112.00000,0.35071
534F4C31,32463,266972571,297,188,3150,3013,109,137,109.00000,0.35329
534F4C31,32464,266977570,262,244,3149,3012,18,137,18.00000,0.35329
534F4C31,32465,266983609,235,189,3149,3013,46,136,46.00000,0.35071
534F4C31,32466,266988582,286,178,3149,3013,108,136,108.00000,0.35071
534F4C31,32467,266992569,253,189,3149,3010,64,139,64.00000,0.35845
534F4C31,32467,266998636,285,185,3148,3012,100,136,100.00000,0.35071
534F4C31,32468,267002572,291,238,3147,3009,53,138,53.00000,0.35587
534F4C31,32468,267007550,233,171,3146,3012,62,134,62.00000,0.34555
534F4C31,32468,267012568,292,214,3148,3012,78,136,78.00000,0.35071
534F4C31,32468,267017559,340,228,3147,3011,112,136,112.00000,0.35071
534F4C31,32469,267022599,313,237,3148,3011,76,137,76.00000,0.35329
534F4C31,32470,267027550,277,195,3149,3010,82,139,82.00000,0.35845
534F4C31,32470,267032552,311,199,3148,3011,112,137,112.00000,0.35329
534F4C31,32470,267037564,351,234,3147,3011,117,136,117.00000,0.35071
534F4C31,32470,267042570,333,201,3147,3012,132,135,132.00000,0.34813
534F4C31,32470,267047585,349,215,3149,3013,134,136,134.00000,0.35071
534F4C31,32470,267052571,372,248,3148,3012,124,136,124.00000,0.35071
534F4C31,32471,267057582,325,219,3147,3011,106,136,106.00000,0.35071
534F4C31,32471,267062675,294,143,3149,3013,151,136,151.00000,0.35071
534F4C31,32472,267067557,346,195,3153,3014,151,139,151.00000,0.35845
534F4C31,32473,267072974,347,178,3148,3011,169,137,169.00000,0.35329
534F4C31,32474,267077571,313,199,3152,3010,114,142,114.00000,0.36618
534F4C31,32475,267082725,297,203,3148,3012,94,136,94.00000,0.35071
534F4C31,32475,267087550,318,177,3148,3010,141,138,141.00000,0.35587
534F4C31,32476,267093460,320,220,3149,3013,100,136,100.00000,0.35071
534F4C31,32476,267097547,308,203,3149,3013,105,136,105.00000,0.35071
534F4C31,32477,267102573,353,248,3149,3014,105,135,105.00000,0.34813
534F4C31,32478,267107586,336,226,3148,3011,110,137,110.00000,0.35329
534F4C31,32479,267112550,297,197,3149,3009,100,140,100.00000,0.36103
534F4C31,32480,267117797,337,261,3151,3010,76,141,76.00000,0.36360
534F4C31,32480,267122550,303,204,3150,3013,99,137,99.00000,0.35329
534F4C31,32481,267127593,297,194,3149,3013,103,136,103.00000,0.35071
534F4C31,32482,267133000,316,243,3147,3013,73,134,73.00000,0.34555
534F4C31,32482,267137558,277,206,3149,3008,71,141,71.00000,0.36360
534F4C31,32483,267142577,279,157,3147,3013,122,134,122.00000,0.34555
534F4C31,32483,267147568,328,223,3150,3009,105,141,105.00000,0.36360
534F4C31,32483,267152825,349,215,3149,3012,134,137,134.00000,0.35329
534F4C31,32484,267157585,329,200,3149,3010,129,139,129.00000,0.35845
534F4C31,32485,267163023,318,222,3147,3011,96,136,96.00000,0.35071
534F4C31,32486,267167776,317,233,3148,3010,84,138,84.00000,0.35587
534F4C31,32486,267172987,307,223,3147,3009,84,138,84.00000,0.35587
534F4C31,32487,267177565,256,202,3150,3009,54,141,54.00000,0.36360
534F4C31,32487,267182554,265,195,3149,3012,70,137,70.00000,0.35329
534F4C31,32488,267187579,254,192,3148,3011,62,137,62.00000,0.35329
534F4C31,32488,267192568,250,165,3147,3011,85,136,85.00000,0.35071
534F4C31,32488,267197877,306,240,3150,3013,66,137,66.00000,0.35329
534F4C31,32488,267202556,319,236,3149,3010,83,139,83.00000,0.35845
534F4C31,32489,267207775,293,218,3148,3013,75,135,75.00000,0.34813
534F4C31,32490,267212550,253,156,3151,3012,97,139,97.00000,0.35845
534F4C31,32491,267218808,369,227,3159,3012,142,147,142.00000,0.37908
534F4C31,32492,267223831,333,198,3157,3011,135,146,135.00000,0.37650
534F4C31,32493,267230014,323,199,3151,3013,124,138,124.00000,0.35587
534F4C31,32493,267234174,299,190,3150,3011,109,139,109.00000,0.35845
534F4C31,32493,267237551,243,192,3148,3012,51,136,51.00000,0.35071
534F4C31,32493,267242551,244,164,3151,3012,80,139,80.00000,0.35845
534F4C31,32494,267247596,314,224,3149,3012,90,137,90.00000,0.35329
534F4C31,32495,267252914,355,213,3149,3011,142,138,142.00000,0.35587
534F4C31,32496,267257569,264,185,3152,3012,79,140,79.00000,0.36103
534F4C31,32496,267263606,292,196,3148,3012,96,136,96.00000,0.35071
534F4C31,32496,267267722,312,219,3148,3013,93,135,93.00000,0.34813
534F4C31,32497,267272573,316,201,3150,3011,115,139,115.00000,0.35845
534F4C31,32497,267277553,309,168,3148,3012,141,136,141.00000,0.35071
534F4C31,32497,267282566,316,239,3148,3011,77,137,77.00000,0.35329
534F4C31,32498,267287669,302,232,3147,3010,70,137,70.00000,0.35329
534F4C31,32499,267292553,285,196,3149,3009,89,140,89.00000,0.36103
534F4C31,32500,267297561,310,251,3149,3012,59,137,59.00000,0.35329
534F4C31,32501,267302970,310,251,3148,3011,59,137,59.00000,0.35329
534F4C31,32502,267307561,294,213,3149,3011,81,138,81.00000,0.35587
534F4C31,32503,267312553,297,230,3149,3008,67,141,67.00000,0.36360
534F4C31,32503,267317729,281,195,3148,3011,86,137,86.00000,0.35329
534F4C31,32504,267323031,322,236,3149,3011,86,138,86.00000,0.35587
534F4C31,32505,267327550,267,197,3152,3010,70,142,70.00000,0.36618
534F4C31,32505,267333237,301,210,3150,3011,91,139,91.00000,0.35845
534F4C31,32506,267337565,313,161,3149,3009,152,140,152.00000,0.36103
534F4C31,32506,267342832,322,186,3148,3010,136,138,136.00000,0.35587
534F4C31,32506,267347556,309,192,3148,3012,117,136,117.00000,0.35071
534F4C31,32506,267352558,330,225,3149,3012,105,137,105.00000,0.35329
534F4C31,32506,267358581,350,231,3148,3010,119,138,119.00000,0.35587
534F4C31,32507,267362562,305,196,3149,3011,109,138,109.00000,0.35587
534F4C31,32508,267367604,348,244,3149,3011,104,138,104.00000,0.35587
534F4C31,32509,267372913,290,206,3147,3011,84,136,84.00000,0.35071
534F4C31,32509,267377811,260,136,3148,3011,124,137,124.00000,0.35329
534F4C31,32510,267383111,292,251,3148,3010,41,138,41.00000,0.35587
534F4C31,32511,267387548,262,189,3148,3012,73,136,73.00000,0.35071
534F4C31,32512,267392571,279,159,3155,3010,120,145,120.00000,0.37392
534F4C31,32513,267399173,345,169,3150,3013,176,137,176.00000,0.35329
534F4C31,32513,267403483,346,156,3150,3013,190,137,190.00000,0.35329
534F4C31,32514,267408109,332,180,3152,3010,152,142,152.00000,0.36618
534F4C31,32515,267413527,340,191,3150,3010,149,140,149.00000,0.36103
534F4C31,32515,267417549,331,201,3150,3010,130,140,130.00000,0.36103
534F4C31,32516,267422821,340,159,3149,3013,181,136,181.00000,0.35071
534F4C31,32517,267428049,329,192,3150,3012,137,138,137.00000,0.35587
534F4C31,32517,267432773,328,146,3149,3012,182,137,182.00000,0.35329
534F4C31,32517,267437853,354,212,3148,3012,142,136,142.00000,0.35071
534F4C31,32517,267442597,328,200,3148,3012,128,136,128.00000,0.35071
534F4C31,32517,267447557,344,230,3149,3009,114,140,114.00000,0.36103
534F4C31,32518,267452685,350,255,3148,3013,95,135,95.00000,0.34813
534F4C31,32519,267457679,296,200,3147,3010,96,137,96.00000,0.35329
534F4C31,32520,267462632,278,188,3148,3011,90,137,90.00000,0.35329
534F4C31,32520,267467580,305,198,3149,3010,107,139,107.00000,0.35845
534F4C31,32520,267472561,320,193,3148,3012,127,136,127.00000,0.35071
534F4C31,32521,267477558,316,177,3150,3013,139,137,139.00000,0.35329
534F4C31,32522,267482572,328,236,3150,3013,92,137,92.00000,0.35329
534F4C31,32523,267487618,310,196,3149,3008,114,141,114.00000,0.36360
534F4C31,32524,267492904,311,197,3148,3010,114,138,114.00000,0.35587
534F4C31,32524,267497551,305,191,3148,3013,114,135,114.00000,0.34813
534F4C31,32525,267502597,348,207,3150,3013,141,137,141.00000,0.35329
534F4C31,32526,267507567,307,160,3148,3011,147,137,147.00000,0.35329
534F4C31,32526,267512649,302,230,3150,3012,72,138,72.00000,0.35587
534F4C31,32527,267517948,301,241,3148,3011,60,137,60.00000,0.35329
534F4C31,32527,267522553,287,187,3152,3012,100,140,100.00000,0.36103
534F4C31,32527,267527560,305,194,3153,3008,111,145,111.00000,0.37392
534F4C31,32528,267532574,341,218,3149,3014,123,135,123.00000,0.34813
534F4C31,32529,267537571,361,206,3148,3012,155,136,155.00000,0.35071
534F4C31,32529,267542577,285,182,3154,3014,103,140,103.00000,0.36103
534F4C31,32529,267548252,317,203,3149,3012,114,137,114.00000,0.35329
534F4C31,32530,267552830,344,221,3148,3012,123,136,123.00000,0.35071
534F4C31,32531,267557552,313,209,3149,3011,104,138,104.00000,0.35587
534F4C31,32532,267562721,238,204,3148,3009,34,139,34.00000,0.35845
534F4C31,32533,267567842,279,233,3149,3009,46,140,46.00000,0.36103
534F4C31,32534,267573229,269,207,3148,3011,62,137,62.00000,0.35329
534F4C31,32534,267578873,219,135,3149,3012,84,137,84.00000,0.35329
534F4C31,32534,267582550,276,177,3149,3012,99,137,99.00000,0.35329
534F4C31,32535,267587574,340,204,3149,3009,136,140,136.00000,0.36103
534F4C31,32536,267592625,326,202,3147,3011,124,136,124.00000,0.35071
534F4C31,32537,267597602,275,218,3149,3010,57,139,57.00000,0.35845
534F4C31,32538,267603468,300,183,3149,3010,117,139,117.00000,0.35845
534F4C31,32539,267607869,300,189,3149,3009,111,140,111.00000,0.36103
534F4C31,32539,267612716,300,193,3152,3012,107,140,107.00000,0.36103
534F4C31,32539,267617596,317,244,3150,3012,73,138,73.00000,0.35587
534F4C31,32539,267622547,293,199,3148,3013,94,135,94.00000,0.34813
534F4C31,32539,267627926,310,210,3150,3012,100,138,100.00000,0.35587
534F4C31,32539,267632554,326,219,3149,3012,107,137,107.00000,0.35329
534F4C31,32539,267637557,355,238,3149,3012,117,137,117.00000,0.35329
534F4C31,32540,267642700,280,221,3149,3013,59,136,59.00000,0.35071
534F4C31,32541,267647703,251,198,3149,3010,53,139,53.00000,0.35845
534F4C31,32542,267653024,296,195,3150,3011,101,139,101.00000,0.35845
534F4C31,32542,267657640,291,169,3148,3012,122,136,122.00000,0.35071
534F4C31,32543,267662984,306,209,3149,3009,97,140,97.00000,0.36103
534F4C31,32544,267667776,317,222,3147,3009,95,138,95.00000,0.35587
534F4C31,32545,267672554,277,222,3147,3011,55,136,55.00000,0.35071
534F4C31,32546,267678097,255,191,3149,3008,64,141,64.00000,0.36360
534F4C31,32546,267682986,280,221,3150,3011,59,139,59.00000,0.35845
534F4C31,32546,267687550,285,189,3148,3008,96,140,96.00000,0.36103
534F4C31,32547,267692599,303,186,3150,3010,117,140,117.00000,0.36103
534F4C31,32548,267697548,324,186,3149,3012,138,137,138.00000,0.35329
534F4C31,32549,267703116,296,246,3151,3009,50,142,50.00000,0.36618
534F4C31,32549,267708955,261,182,3148,3011,79,137,79.00000,0.35329
534F4C31,32549,267712552,248,146,3150,3008,102,142,102.00000,0.36618
534F4C31,32549,267717549,327,222,3148,3010,105,138,105.00000,0.35587
534F4C31,32550,267722581,334,221,3147,3011,113,136,113.00000,0.35071
534F4C31,32551,267727582,318,218,3148,3013,100,135,100.00000,0.34813
534F4C31,32552,267732582,261,280,3148,3008,-19,140,-19.00000,0.36103
534F4C31,32552,267738125,225,170,3148,3009,55,139,55.00000,0.35845
534F4C31,32553,267742552,273,169,3148,3010,104,138,104.00000,0.35587
534F4C31,32554,267748107,323,252,3149,3008,71,141,71.00000,0.36360
534F4C31,32554,267752858,303,210,3148,3009,93,139,93.00000,0.35845
534F4C31,32555,267758056,265,198,3149,3012,67,137,67.00000,0.35329
534F4C31,32556,267762808,244,159,3152,3011,85,141,85.00000,0.36360
534F4C31,32556,267767549,297,160,3148,3011,137,137,137.00000,0.35329
534F4C31,32557,267772996,337,215,3148,3011,122,137,122.00000,0.35329
534F4C31,32557,267777564,291,207,3151,3011,84,140,84.00000,0.36103
534F4C31,32557,267782589,297,238,3149,3012,59,137,59.00000,0.35329
534F4C31,32558,267787571,306,221,3149,3013,85,136,85.00000,0.35071
534F4C31,32559,267792852,286,221,3148,3009,65,139,65.00000,0.35845
534F4C31,32560,267797559,286,224,3149,3010,62,139,62.00000,0.35845
534F4C31,32561,267802572,316,214,3147,3009,102,138,102.00000,0.35587
534F4C31,32561,267807902,254,139,3147,3008,115,139,115.00000,0.35845
534F4C31,32561,267812566,285,191,3149,3011,94,138,94.00000,0.35587
534F4C31,32562,267817795,331,255,3148,3007,76,141,76.00000,0.36360
534F4C31,32563,267822569,278,172,3149,3009,106,140,106.00000,0.36103
534F4C31,32563,267827743,308,194,3148,3008,114,140,114.00000,0.36103
534F4C31,32563,267832837,346,239,3149,3010,107,139,107.00000,0.35845
534F4C31,32563,267837556,355,235,3148,3011,120,137,120.00000,0.35329
534F4C31,32564,267842594,300,230,3148,3010,70,138,70.00000,0.35587
534F4C31,32565,267847554,281,207,3149,3009,74,140,74.00000,0.36103
534F4C31,32566,267853384,298,266,3147,3008,32,139,32.00000,0.35845
534F4C31,32567,267857577,225,218,3148,3010,7,138,7.00000,0.35587
534F4C31,32567,267862578,227,201,3150,3013,26,137,26.00000,0.35329
534F4C31,32567,267867551,284,204,3149,3011,80,138,80.00000,0.35587
534F4C31,32568,267872797,276,251,3149,3008,25,141,25.00000,0.36360
534F4C31,32569,267878608,231,167,3151,3010,64,141,64.00000,0.36360
534F4C31,32569,267882548,276,164,3148,3011,112,137,112.00000,0.35329
534F4C31,32569,267887588,318,201,3148,3010,117,138,117.00000,0.35587
534F4C31,32570,267893098,268,212,3150,3012,56,138,56.00000,0.35587
534F4C31,32571,267897972,266,206,3149,3013,60,136,60.00000,0.35071
534F4C31,32572,267902728,308,233,3149,3010,75,139,75.00000,0.35845
534F4C31,32573,267907558,273,178,3147,3010,95,137,95.00000,0.35329
534F4C31,32573,267912547,262,145,3147,3007,117,140,117.00000,0.36103
534F4C31,32573,267917711,335,214,3148,3012,121,136,121.00000,0.35071
534F4C31,32574,267922572,334,221,3148,3011,113,137,113.00000,0.35329
534F4C31,32574,267927740,295,197,3148,3012,98,136,98.00000,0.35071
534F4C31,32574,267932791,316,219,3150,3011,97,139,97.00000,0.35845
534F4C31,32575,267937570,339,220,3149,3007,119,142,119.00000,0.36618
534F4C31,32575,267942896,321,199,3147,3009,122,138,122.00000,0.35587
534F4C31,32576,267948588,326,249,3148,3011,77,137,77.00000,0.35329
534F4C31,32577,267953304,292,185,3149,3009,107,140,107.00000,0.36103
534F4C31,32577,267957979,289,178,3147,3008,111,139,111.00000,0.35845
534F4C31,32578,267962573,281,232,3148,3010,49,138,49.00000,0.35587
534F4C31,32579,267967552,260,234,3149,3012,26,137,26.00000,0.35329
534F4C31,32580,267973794,297,208,3150,3012,89,138,89.00000,0.35587
534F4C31,32580,267979359,320,228,3151,3012,92,139,92.00000,0.35845
534F4C31,32580,267982548,287,164,3149,3011,123,138,123.00000,0.35587
534F4C31,32581,267987563,350,220,3149,3010,130,139,130.00000,0.35845
534F4C31,32581,267992562,334,194,3149,3010,140,139,140.00000,0.35845
534F4C31,32582,267997629,338,236,3149,3013,102,136,102.00000,0.35071
534F4C31,32583,268002593,323,261,3148,3010,62,138,62.00000,0.35587
534F4C31,32584,268008707,298,222,3151,3013,76,138,76.00000,0.35587
534F4C31,32584,268012544,268,181,3148,3012,87,136,87.00000,0.35071
