device_id,seq,timestamp_us,voutp_raw,voutn_raw,iout_raw,iref_raw,v_diff,i_diff,v_volts,i_amps
534F4C31,32275,274810219,314,183,3156,3005,131,151,131.00000,0.36330
534F4C31,32276,274816164,356,201,3160,3007,155,153,155.00000,0.36792
534F4C31,32276,274821490,298,136,3159,3008,162,151,162.00000,0.36330
534F4C31,32276,274826462,312,157,3156,3007,155,149,155.00000,0.35867
534F4C31,32276,274829132,285,141,3158,3006,144,152,144.00000,0.36561
534F4C31,32276,274834138,343,230,3156,3005,113,151,113.00000,0.36330
534F4C31,32276,274839130,330,212,3155,3006,118,149,118.00000,0.35867
534F4C31,32277,274844141,327,215,3157,3006,112,151,112.00000,0.36330
534F4C31,32278,274849151,353,237,3160,3010,116,150,116.00000,0.36098
534F4C31,32279,274855097,356,221,3157,3006,135,151,135.00000,0.36330
534F4C31,32280,274859492,279,137,3156,3008,142,148,142.00000,0.35636
534F4C31,32280,274864143,305,213,3156,3005,92,151,92.00000,0.36330
534F4C31,32280,274869665,307,202,3158,3008,105,150,105.00000,0.36098
534F4C31,32281,274874282,260,210,3157,3006,50,151,50.00000,0.36330
534F4C31,32282,274879926,318,266,3156,3006,52,150,52.00000,0.36098
534F4C31,32282,274884835,286,206,3155,3008,80,147,80.00000,0.35405
534F4C31,32283,274889144,295,195,3156,3006,100,150,100.00000,0.36098
534F4C31,32283,274894936,337,237,3155,3009,100,146,100.00000,0.35174
534F4C31,32283,274899665,349,249,3158,3008,100,150,100.00000,0.36098
534F4C31,32283,274904136,317,203,3156,3008,114,148,114.00000,0.35636
534F4C31,32284,274909842,321,228,3157,3006,93,151,93.00000,0.36330
534F4C31,32285,274914186,317,200,3161,3008,117,153,117.00000,0.36792
534F4C31,32286,274919199,312,228,3156,3007,84,149,84.00000,0.35867
534F4C31,32287,274924135,291,190,3154,3009,101,145,101.00000,0.34943
534F4C31,32288,274929859,351,244,3156,3006,107,150,107.00000,0.36098
534F4C31,32288,274934139,351,234,3155,3008,117,147,117.00000,0.35405
534F4C31,32289,274939126,336,200,3157,3007,136,150,136.00000,0.36098
534F4C31,32290,274944204,302,237,3158,3005,65,153,65.00000,0.36792
534F4C31,32290,274949130,290,219,3157,3005,71,152,71.00000,0.36561
534F4C31,32290,274954158,296,210,3157,3008,86,149,86.00000,0.35867
534F4C31,32291,274959149,307,201,3157,3007,106,150,106.00000,0.36098
534F4C31,32292,274964504,345,271,3156,3006,74,150,74.00000,0.36098
534F4C31,32292,274969803,312,210,3156,3006,102,150,102.00000,0.36098
534F4C31,32292,274974589,288,192,3157,3006,96,151,96.00000,0.36330
534F4C31,32292,274979139,318,217,3157,3006,101,151,101.00000,0.36330
534F4C31,32293,274984143,354,251,3157,3007,103,150,103.00000,0.36098
534F4C31,32294,274989478,341,233,3158,3008,108,150,108.00000,0.36098
534F4C31,32295,274994256,274,220,3157,3008,54,149,54.00000,0.35867
534F4C31,32296,274999790,296,169,3157,3006,127,151,127.00000,0.36330
534F4C31,32297,275004136,300,165,3156,3008,135,148,135.00000,0.35636
534F4C31,32297,275009474,288,196,3157,3005,92,152,92.00000,0.36561
534F4C31,32298,275014351,281,222,3157,3009,59,148,59.00000,0.35636
534F4C31,32299,275019134,297,200,3158,3009,97,149,97.00000,0.35867
534F4C31,32300,275024492,242,195,3158,3009,47,149,47.00000,0.35867
534F4C31,32300,275029123,228,159,3158,3007,69,151,69.00000,0.36330
534F4C31,32300,275034186,324,237,3133,3007,87,126,87.00000,0.30552
534F4C31,32300,275039148,323,221,3131,3007,102,124,102.00000,0.30090
534F4C31,32301,275044172,324,226,3131,3006,98,125,98.00000,0.30321
534F4C31,32302,275049173,332,252,3130,3006,80,124,80.00000,0.30090
534F4C31,32303,275054147,290,182,3132,3006,108,126,108.00000,0.30552
534F4C31,32303,275060449,309,176,3132,3010,133,122,133.00000,0.29628
534F4C31,32303,275064129,294,202,3131,3007,92,124,92.00000,0.30090
534F4C31,32304,275069183,282,215,3131,3007,67,124,67.00000,0.30090
534F4C31,32305,275074150,274,184,3132,3009,90,123,90.00000,0.29859
534F4C31,32306,275079124,313,227,3131,3008,86,123,86.00000,0.29859
534F4C31,32306,275084580,351,221,3132,3008,130,124,130.00000,0.30090
534F4C31,32307,275089584,328,175,3130,3010,153,120,153.00000,0.29165
534F4C31,32307,275095078,350,190,3130,3007,160,123,160.00000,0.29859
534F4C31,32307,275099143,345,202,3131,3005,143,126,143.00000,0.30552
534F4C31,32307,275104150,344,207,3131,3006,137,125,137.00000,0.30321
534F4C31,32307,275109145,327,198,3131,3006,129,125,129.00000,0.30321
534F4C31,32308,275114149,351,231,3131,3007,120,124,120.00000,0.30090
534F4C31,32309,275119161,357,247,3133,3009,110,124,110.00000,0.30090
534F4C31,32310,275124146,295,192,3132,3009,103,123,103.00000,0.29859
534F4C31,32311,275129188,314,225,3131,3006,89,125,89.00000,0.30321
534F4C31,32311,275134152,334,240,3130,3007,94,123,94.00000,0.29859
534F4C31,32312,275139187,314,225,3132,3008,89,124,89.00000,0.30090
534F4C31,32313,275145092,324,240,3131,3007,84,124,84.00000,0.30090
534F4C31,32314,275149165,290,255,3130,3006,35,124,35.00000,0.30090
534F4C31,32315,275155289,284,205,3130,3007,79,123,79.00000,0.29859
534F4C31,32315,275159596,259,150,3130,3007,109,123,109.00000,0.29859
534F4C31,32315,275164515,308,200,3130,3007,108,123,108.00000,0.29859
534F4C31,32316,275169137,335,212,3132,3007,123,125,123.00000,0.30321
534F4C31,32317,275174162,308,200,3130,3007,108,123,108.00000,0.29859
534F4C31,32317,275179576,307,224,3132,3008,83,124,83.00000,0.30090
534F4C31,32317,275184130,319,224,3130,3006,95,124,95.00000,0.30090
534F4C31,32317,275189149,325,192,3131,3008,133,123,133.00000,0.29859
534F4C31,32318,275194156,320,178,3131,3008,142,123,142.00000,0.29859
534F4C31,32319,275199143,354,234,3130,3008,120,122,120.00000,0.29628
534F4C31,32320,275204249,340,185,3129,3008,155,121,155.00000,0.29396
534F4C31,32320,275209589,323,165,3131,3007,158,124,158.00000,0.30090
534F4C31,32320,275214272,345,219,3132,3007,126,125,126.00000,0.30321
534F4C31,32321,275219150,347,236,3059,3007,111,52,111.00000,0.13450
534F4C31,32322,275224159,309,210,3058,3007,99,51,99.00000,0.13219
534F4C31,32323,275230581,315,169,3060,3009,146,51,146.00000,0.13219
534F4C31,32323,275235310,310,195,3058,3007,115,51,115.00000,0.13219
534F4C31,32323,275239128,247,144,3059,3008,103,51,103.00000,0.13219
534F4C31,32323,275244136,299,201,3060,3008,98,52,98.00000,0.13450
534F4C31,32323,275249152,343,245,3059,3008,98,51,98.00000,0.13219
534F4C31,32324,275254184,337,232,3059,3009,105,50,105.00000,0.12988
534F4C31,32325,275259150,322,211,3060,3008,111,52,111.00000,0.13450
534F4C31,32326,275264740,350,265,3057,3007,85,50,85.00000,0.12988
534F4C31,32327,275269137,330,222,3065,3009,108,56,108.00000,0.14375
534F4C31,32328,275275720,340,245,3057,3007,95,50,95.00000,0.12988
534F4C31,32328,275281128,307,212,3059,3008,95,51,95.00000,0.13219
534F4C31,32328,275284136,282,207,3059,3009,75,50,75.00000,0.12988
534F4C31,32328,275289148,282,195,3060,3009,87,51,87.00000,0.13219
534F4C31,32328,275294141,304,212,3060,3010,92,50,92.00000,0.12988
534F4C31,32329,275299180,350,255,3060,3010,95,50,95.00000,0.12988
534F4C31,32330,275304191,296,226,3059,3009,70,50,70.00000,0.12988
534F4C31,32331,275309138,270,191,3056,3004,79,52,79.00000,0.13450
534F4C31,32332,275314143,289,253,3058,3007,36,51,36.00000,0.13219
534F4C31,32333,275319149,247,192,3056,3008,55,48,55.00000,0.12526
534F4C31,32334,275324918,274,161,3066,3009,113,57,113.00000,0.14606
534F4C31,32334,275329957,315,205,3057,3005,110,52,110.00000,0.13450
534F4C31,32335,275334244,304,199,3058,3006,105,52,105.00000,0.13450
534F4C31,32336,275339625,306,195,3057,3008,111,49,111.00000,0.12757
534F4C31,32336,275344611,309,247,3057,3007,62,50,62.00000,0.12988
534F4C31,32336,275349579,286,207,3057,3006,79,51,79.00000,0.13219
534F4C31,32337,275354165,300,242,3056,3006,58,50,58.00000,0.12988
534F4C31,32338,275360224,273,167,3058,3007,106,51,106.00000,0.13219
534F4C31,32338,275364369,301,151,3059,3008,150,51,150.00000,0.13219
534F4C31,32338,275369347,347,198,3056,3006,149,50,149.00000,0.12988
534F4C31,32338,275374170,328,197,3058,3007,131,51,131.00000,0.13219
534F4C31,32339,275379153,344,227,3060,3006,117,54,117.00000,0.13912
534F4C31,32339,275384685,379,256,3059,3006,123,53,123.00000,0.13681
534F4C31,32340,275389151,271,250,3058,3008,21,50,21.00000,0.12988
534F4C31,32341,275395785,220,193,3059,3010,27,49,27.00000,0.12757
534F4C31,32341,275401108,322,254,3055,3006,68,49,68.00000,0.12757
534F4C31,32341,275404134,239,189,3056,3009,50,47,50.00000,0.12295
534F4C31,32341,275409146,258,173,3057,3009,85,48,85.00000,0.12526
534F4C31,32342,275414347,290,263,3057,3008,27,49,27.00000,0.12757
534F4C31,32343,275419347,243,207,3056,3008,36,48,36.00000,0.12526
534F4C31,32344,275424611,241,129,3044,3009,112,35,112.00000,0.09521
534F4C31,32344,275429862,325,216,3031,3008,109,23,109.00000,0.06748
534F4C31,32344,275434224,340,241,3031,3007,99,24,99.00000,0.06979
534F4C31,32345,275439143,323,217,3031,3008,106,23,106.00000,0.06748
534F4C31,32346,275444179,323,248,3030,3007,75,23,75.00000,0.06748
534F4C31,32347,275449146,317,221,3032,3007,96,25,96.00000,0.07210
534F4C31,32348,275454141,311,212,3032,3006,99,26,99.00000,0.07442
534F4C31,32349,275459130,277,168,3030,3007,109,23,109.00000,0.06748
534F4C31,32349,275464153,329,226,3031,3005,103,26,103.00000,0.07442
534F4C31,32350,275469433,351,212,3031,3006,139,25,139.00000,0.07210
534F4C31,32351,275474156,273,215,3032,3007,58,25,58.00000,0.07210
534F4C31,32352,275479757,301,205,3032,3009,96,23,96.00000,0.06748
534F4C31,32352,275484143,302,223,3033,3007,79,26,79.00000,0.07442
534F4C31,32353,275489151,272,215,3030,3007,57,23,57.00000,0.06748
534F4C31,32354,275494130,255,207,3030,3007,48,23,48.00000,0.06748
534F4C31,32355,275499984,330,198,3031,3007,132,24,132.00000,0.06979
534F4C31,32356,275504130,313,182,3030,3006,131,24,131.00000,0.06979
534F4C31,32357,275509715,308,218,3028,3007,90,21,90.00000,0.06286
534F4C31,32358,275514145,295,248,3031,3009,47,22,47.00000,0.06517
534F4C31,32359,275519657,270,235,3031,3008,35,23,35.00000,0.06748
534F4C31,32360,275524597,240,192,3031,3009,48,22,48.00000,0.06517
534F4C31,32360,275529263,249,194,3032,3010,55,22,55.00000,0.06517
534F4C31,32360,275534145,313,236,3030,3008,77,22,77.00000,0.06517
534F4C31,32361,275539190,325,218,3031,3007,107,24,107.00000,0.06979
534F4C31,32361,275544143,292,167,3030,3007,125,23,125.00000,0.06748
534F4C31,32362,275549154,344,229,3032,3006,115,26,115.00000,0.07442
534F4C31,32363,275554130,331,156,3031,3008,175,23,175.00000,0.06748
534F4C31,32363,275559173,294,213,3004,3007,81,-3,81.00000,0.00740
534F4C31,32363,275564338,291,207,3003,3007,84,-4,84.00000,0.00508
534F4C31,32363,275569134,326,186,3002,3005,140,-3,140.00000,0.00740
534F4C31,32364,275574134,324,194,3003,3007,130,-4,130.00000,0.00508
534F4C31,32365,275579157,336,227,3002,3006,109,-4,109.00000,0.00508
534F4C31,32366,275584554,287,251,3002,3006,36,-4,36.00000,0.00508
534F4C31,32366,275589128,229,170,3001,3008,59,-7,59.00000,-0.00185
534F4C31,32366,275594133,280,155,3001,3007,125,-6,125.00000,0.00046
534F4C31,32366,275599168,334,222,3003,3005,112,-2,112.00000,0.00971
534F4C31,32366,275604139,333,219,3001,3007,114,-6,114.00000,0.00046
534F4C31,32366,275609165,321,202,3002,3007,119,-5,119.00000,0.00277
534F4C31,32366,275614143,345,234,3002,3006,111,-4,111.00000,0.00508
534F4C31,32367,275619449,358,242,3010,3007,116,3,116.00000,0.02126
534F4C31,32368,275624150,327,209,3001,3006,118,-5,118.00000,0.00277
534F4C31,32369,275629704,325,237,3002,3006,88,-4,88.00000,0.00508
534F4C31,32369,275634136,298,208,3002,3006,90,-4,90.00000,0.00508
534F4C31,32369,275639239,316,197,3002,3007,119,-5,119.00000,0.00277
534F4C31,32370,275644136,310,210,3014,3008,100,6,100.00000,0.02819
534F4C31,32371,275649173,341,229,3003,3007,112,-4,112.00000,0.00508
534F4C31,32372,275654761,324,218,3006,3006,106,0,106.00000,0.01433
534F4C31,32373,275659638,292,190,3002,3005,102,-3,102.00000,0.00740
534F4C31,32373,275664142,311,171,3006,3007,140,-1,140.00000,0.01202
534F4C31,32373,275669246,351,220,3001,3006,131,-5,131.00000,0.00277
534F4C31,32374,275674152,331,207,3003,3009,124,-6,124.00000,0.00046
534F4C31,32375,275679503,349,242,3005,3008,107,-3,107.00000,0.00740
534F4C31,32375,275684506,304,236,3003,3006,68,-3,68.00000,0.00740
534F4C31,32375,275689455,272,204,3002,3010,68,-8,68.00000,-0.00416
534F4C31,32375,275694128,263,184,3003,3007,79,-4,79.00000,0.00508
534F4C31,32376,275699172,311,264,3003,3007,47,-4,47.00000,0.00508
534F4C31,32376,275704220,270,192,3002,3010,78,-8,78.00000,-0.00416
534F4C31,32377,275709230,285,257,3003,3006,28,-3,28.00000,0.00740
534F4C31,32378,275714797,277,167,3005,3007,110,-2,110.00000,0.00971
534F4C31,32379,275719146,320,205,3003,3006,115,-3,115.00000,0.00740
534F4C31,32379,275724972,313,201,3002,3008,112,-6,112.00000,0.00046
534F4C31,32380,275729152,315,226,3002,3007,89,-5,89.00000,0.00277
534F4C31,32380,275734841,308,167,3002,3006,141,-4,141.00000,0.00508
534F4C31,32381,275739165,258,195,3002,3008,63,-6,63.00000,0.00046
534F4C31,32382,275744463,248,163,3002,3010,85,-8,85.00000,-0.00416
534F4C31,32382,275749143,313,177,3002,3008,136,-6,136.00000,0.00046
534F4C31,32383,275754171,319,192,3001,3008,127,-7,127.00000,-0.00185
534F4C31,32384,275759424,317,173,3003,3008,144,-5,144.00000,0.00277
534F4C31,32385,275765075,355,234,3001,3006,121,-5,121.00000,0.00277
534F4C31,32385,275769120,300,182,3000,3008,118,-8,118.00000,-0.00416
534F4C31,32385,275774178,301,192,3002,3007,109,-5,109.00000,0.00277
534F4C31,32386,275779160,281,198,3002,3005,83,-3,83.00000,0.00740
534F4C31,32387,275784654,316,207,3002,3009,109,-7,109.00000,-0.00185
534F4C31,32387,275790378,320,170,3001,3008,150,-7,150.00000,-0.00185
534F4C31,32387,275794136,290,170,3002,3006,120,-4,120.00000,0.00508
534F4C31,32388,275799588,343,246,3001,3008,97,-7,97.00000,-0.00185
534F4C31,32389,275804147,312,182,3002,3006,130,-4,130.00000,0.00508
534F4C31,32389,275809622,304,216,3002,3006,88,-4,88.00000,0.00508
534F4C31,32389,275814129,314,208,3003,3008,106,-5,106.00000,0.00277
534F4C31,32390,275819512,301,250,3002,3007,51,-5,51.00000,0.00277
534F4C31,32391,275824151,262,177,3003,3008,85,-5,85.00000,0.00277
534F4C31,32391,275829211,324,240,3002,3007,84,-5,84.00000,0.00277
534F4C31,32391,275834142,303,251,3002,3007,52,-5,52.00000,0.00277
534F4C31,32392,275839133,273,196,3002,3006,77,-4,77.00000,0.00508
534F4C31,32393,275844150,279,183,3002,3008,96,-6,96.00000,0.00046
534F4C31,32394,275849145,314,211,3009,3008,103,1,103.00000,0.01664
534F4C31,32395,275854519,338,223,3003,3009,115,-6,115.00000,0.00046
534F4C31,32396,275859575,319,242,3004,3011,77,-7,77.00000,-0.00185
534F4C31,32397,275864172,292,198,3003,3008,94,-5,94.00000,0.00277
534F4C31,32397,275869652,345,223,3001,3006,122,-5,122.00000,0.00277
534F4C31,32397,275874156,326,203,3002,3006,123,-4,123.00000,0.00508
534F4C31,32397,275879141,342,234,3001,3008,108,-7,108.00000,-0.00185
534F4C31,32397,275884277,343,262,3001,3005,81,-4,81.00000,0.00508
534F4C31,32397,275889133,309,197,3001,3009,112,-8,112.00000,-0.00416
534F4C31,32398,275894971,329,255,3001,3009,74,-8,74.00000,-0.00416
534F4C31,32399,275899674,306,231,3003,3008,75,-5,75.00000,0.00277
534F4C31,32400,275904657,302,178,3013,3007,124,6,124.00000,0.02819
534F4C31,32401,275910233,299,220,3002,3007,79,-5,79.00000,0.00277
534F4C31,32402,275914228,245,189,3002,3007,56,-5,56.00000,0.00277
534F4C31,32403,275920398,313,215,3002,3009,98,-7,98.00000,-0.00185
534F4C31,32403,275924434,298,181,3003,3006,117,-3,117.00000,0.00740
534F4C31,32404,275929348,293,237,3003,3009,56,-6,56.00000,0.00046
534F4C31,32404,275934145,277,208,3002,3008,69,-6,69.00000,0.00046
534F4C31,32405,275939638,315,207,3002,3007,108,-5,108.00000,0.00277
534F4C31,32405,275944141,302,220,3002,3007,82,-5,82.00000,0.00277
534F4C31,32406,275949129,317,213,3001,3009,104,-8,104.00000,-0.00416
534F4C31,32407,275954145,321,157,3000,3008,164,-8,164.00000,-0.00416
534F4C31,32407,275959546,301,182,3002,3008,119,-6,119.00000,0.00046
534F4C31,32407,275964130,315,166,3002,3008,149,-6,149.00000,0.00046
534F4C31,32407,275969149,328,220,3002,3006,108,-4,108.00000,0.00508
534F4C31,32408,275974518,304,202,3003,3006,102,-3,102.00000,0.00740
534F4C31,32408,275979168,318,216,3003,3009,102,-6,102.00000,0.00046
534F4C31,32408,275984147,347,249,3002,3008,98,-6,98.00000,0.00046
534F4C31,32409,275989481,282,234,3002,3008,48,-6,48.00000,0.00046
534F4C31,32410,275994143,244,222,3003,3007,22,-4,22.00000,0.00508
534F4C31,32411,275999901,284,192,3003,3008,92,-5,92.00000,0.00277
534F4C31,32411,276004160,282,152,3002,3009,130,-7,130.00000,-0.00185
534F4C31,32411,276009306,295,136,3002,3008,159,-6,159.00000,0.00046
534F4C31,32412,276014187,312,264,3004,3009,48,-5,48.00000,0.00277
534F4C31,32413,276019144,266,197,3001,3010,69,-9,69.00000,-0.00647
534F4C31,32413,276024932,289,197,3003,3010,92,-7,92.00000,-0.00185
534F4C31,32413,276029130,313,212,3003,3006,101,-3,101.00000,0.00740
534F4C31,32414,276034272,308,258,3002,3006,50,-4,50.00000,0.00508
534F4C31,32415,276039631,276,214,3001,3006,62,-5,62.00000,0.00277
534F4C31,32416,276045078,304,193,3004,3008,111,-4,111.00000,0.00508
534F4C31,32417,276049282,319,204,3002,3008,115,-6,115.00000,0.00046
534F4C31,32418,276054174,314,233,3007,3006,81,1,81.00000,0.01664
534F4C31,32418,276059245,245,211,3002,3012,34,-10,34.00000,-0.00878
534F4C31,32418,276064137,253,231,3001,3008,22,-7,22.00000,-0.00185
534F4C31,32419,276069151,260,195,3001,3008,65,-7,65.00000,-0.00185
534F4C31,32420,276074156,264,180,3001,3005,84,-4,84.00000,0.00508
534F4C31,32421,276079966,339,242,3004,3008,97,-4,97.00000,0.00508
534F4C31,32422,276084525,347,195,3000,3010,152,-10,152.00000,-0.00878
534F4C31,32422,276089148,324,172,3001,3011,152,-10,152.00000,-0.00878
534F4C31,32422,276094578,333,196,3002,3008,137,-6,137.00000,0.00046
534F4C31,32422,276099146,341,217,3002,3006,124,-4,124.00000,0.00508
534F4C31,32423,276104146,343,215,3001,3010,128,-9,128.00000,-0.00647
534F4C31,32423,276109141,317,191,3002,3007,126,-5,126.00000,0.00277
534F4C31,32424,276114166,321,280,3002,3007,41,-5,41.00000,0.00277
534F4C31,32425,276119690,286,204,3002,3006,82,-4,82.00000,0.00508
534F4C31,32425,276124152,292,172,3001,3008,120,-7,120.00000,-0.00185
534F4C31,32425,276129262,343,237,3001,3006,106,-5,106.00000,0.00277
534F4C31,32425,276134133,346,231,3001,3008,115,-7,115.00000,-0.00185
534F4C31,32426,276139344,328,194,3001,3006,134,-5,134.00000,0.00277
534F4C31,32427,276144243,323,201,3004,3008,122,-4,122.00000,0.00508
534F4C31,32428,276149350,348,233,3002,3006,115,-4,115.00000,0.00508
534F4C31,32429,276154185,308,245,3000,3010,63,-10,63.00000,-0.00878
534F4C31,32430,276159152,236,182,3003,3009,54,-6,54.00000,0.00046
534F4C31,32430,276164664,311,218,3003,3008,93,-5,93.00000,0.00277
534F4C31,32431,276169180,330,228,3002,3008,102,-6,102.00000,0.00046
534F4C31,32432,276174140,325,213,3001,3005,112,-4,112.00000,0.00508
534F4C31,32433,276179145,283,273,3002,3007,10,-5,10.00000,0.00277
534F4C31,32433,276184194,240,202,3004,3008,38,-4,38.00000,0.00508
534F4C31,32433,276189141,297,217,3001,3009,80,-8,80.00000,-0.00416
534F4C31,32434,276194141,312,224,3004,3011,88,-7,88.00000,-0.00185
534F4C31,32434,276199128,348,246,3003,3008,102,-5,102.00000,0.00277
534F4C31,32434,276204149,343,229,3003,3007,114,-4,114.00000,0.00508
534F4C31,32435,276209168,331,214,3002,3008,117,-6,117.00000,0.00046
534F4C31,32436,276216172,401,282,3001,3010,119,-9,119.00000,-0.00647
534F4C31,32436,276219740,347,190,3003,3007,157,-4,157.00000,0.00508
534F4C31,32436,276224136,321,168,3002,3009,153,-7,153.00000,-0.00185
534F4C31,32437,276229157,343,240,3003,3008,103,-5,103.00000,0.00277
534F4C31,32438,276234145,317,258,3001,3006,59,-5,59.00000,0.00277
534F4C31,32438,276239140,248,188,3002,3008,60,-6,60.00000,0.00046
534F4C31,32439,276244184,301,255,3003,3009,46,-6,46.00000,0.00046
534F4C31,32440,276249131,280,215,3003,3007,65,-4,65.00000,0.00508
534F4C31,32441,276254144,296,235,3001,3010,61,-9,61.00000,-0.00647
534F4C31,32441,276259146,273,209,3015,3006,64,9,64.00000,0.03513
534F4C31,32441,276264889,312,213,3002,3006,99,-4,99.00000,0.00508
534F4C31,32441,276269138,324,208,3001,3010,116,-9,116.00000,-0.00647
534F4C31,32441,276274140,301,195,3002,3008,106,-6,106.00000,0.00046
534F4C31,32442,276279530,301,253,3006,3003,48,3,48.00000,0.02126
534F4C31,32443,276284178,276,240,3003,3009,36,-6,36.00000,0.00046
534F4C31,32444,276289151,260,212,3001,3008,48,-7,48.00000,-0.00185
534F4C31,32445,276294196,284,237,3004,3010,47,-6,47.00000,0.00046
534F4C31,32446,276299391,291,238,3001,3007,53,-6,53.00000,0.00046
534F4C31,32447,276304141,254,204,3002,3007,50,-5,50.00000,0.00277
534F4C31,32447,276309606,269,187,3003,3010,82,-7,82.00000,-0.00185
534F4C31,32448,276314443,310,238,3003,3009,72,-6,72.00000,0.00046
534F4C31,32449,276319169,319,215,3002,3008,104,-6,104.00000,0.00046
534F4C31,32449,276324187,294,170,3003,3008,124,-5,124.00000,0.00277
534F4C31,32449,276329138,307,196,3003,3009,111,-6,111.00000,0.00046
534F4C31,32449,276334150,338,251,3001,3006,87,-5,87.00000,0.00277
534F4C31,32450,276339528,305,220,3001,3008,85,-7,85.00000,-0.00185
534F4C31,32450,276344164,296,207,3003,3006,89,-3,89.00000,0.00740
534F4C31,32450,276349147,333,240,3001,3007,93,-6,93.00000,0.00046
534F4C31,32450,276354136,333,219,2999,3007,114,-8,114.00000,-0.00416
534F4C31,32451,276359152,323,197,3002,3010,126,-8,126.00000,-0.00416
534F4C31,32452,276364404,349,227,3002,3012,122,-10,122.00000,-0.00878
534F4C31,32453,276369133,338,152,3001,3008,186,-7,186.00000,-0.00185
534F4C31,32454,276374130,329,152,3003,3008,177,-5,177.00000,0.00277
534F4C31,32455,276379154,310,239,3002,3006,71,-4,71.00000,0.00508
534F4C31,32455,276384379,281,204,3004,3009,77,-5,77.00000,0.00277
534F4C31,32456,276389170,281,228,3008,3010,53,-2,53.00000,0.00971
534F4C31,32457,276394231,245,194,3004,3010,51,-6,51.00000,0.00046
534F4C31,32457,276399489,320,219,3002,3007,101,-5,101.00000,0.00277
534F4C31,32457,276404218,311,191,3002,3010,120,-8,120.00000,-0.00416
534F4C31,32458,276409144,308,188,3002,3007,120,-5,120.00000,0.00277
534F4C31,32458,276414130,345,226,3010,3005,119,5,119.00000,0.02588
534F4C31,32458,276419396,367,203,3001,3008,164,-7,164.00000,-0.00185
534F4C31,32458,276424142,327,167,3001,3009,160,-8,160.00000,-0.00416
534F4C31,32459,276429174,311,250,3004,3011,61,-7,61.00000,-0.00185
534F4C31,32460,276434662,296,214,3002,3009,82,-7,82.00000,-0.00185
534F4C31,32461,276439719,301,185,3001,3008,116,-7,116.00000,-0.00185
534F4C31,32461,276444127,300,191,3005,3010,109,-5,109.00000,0.00277
534F4C31,32461,276449128,345,216,3003,3010,129,-7,129.00000,-0.00185
534F4C31,32462,276454684,356,232,3003,3011,124,-8,124.00000,-0.00416
534F4C31,32463,276459190,320,200,3004,3007,120,-3,120.00000,0.00740
534F4C31,32464,276464166,343,246,3003,3011,97,-8,97.00000,-0.00416
534F4C31,32465,276469413,336,228,3003,3008,108,-5,108.00000,0.00277
534F4C31,32465,276474123,314,207,3005,3008,107,-3,107.00000,0.00740
534F4C31,32465,276479161,320,210,3003,3007,110,-4,110.00000,0.00508
534F4C31,32466,276484169,350,238,3002,3004,112,-2,112.00000,0.00971
534F4C31,32467,276489144,268,209,3003,3008,59,-5,59.00000,0.00277
534F4C31,32467,276494130,225,159,3003,3008,66,-5,66.00000,0.00277
534F4C31,32468,276499177,318,258,3003,3008,60,-5,60.00000,0.00277
534F4C31,32469,276504148,288,189,3002,3007,99,-5,99.00000,0.00277
534F4C31,32470,276509174,256,248,3001,3008,8,-7,8.00000,-0.00185
534F4C31,32470,276514644,219,169,3005,3008,50,-3,50.00000,0.00740
534F4C31,32470,276519129,303,208,3001,3010,95,-9,95.00000,-0.00647
534F4C31,32471,276524137,314,211,3005,3008,103,-3,103.00000,0.00740
534F4C31,32472,276529151,336,240,3003,3011,96,-8,96.00000,-0.00416
534F4C31,32473,276534252,316,246,3003,3009,70,-6,70.00000,0.00046
534F4C31,32474,276539142,257,184,3001,3008,73,-7,73.00000,-0.00185
534F4C31,32475,276544191,289,253,3003,3008,36,-5,36.00000,0.00277
534F4C31,32476,276549590,303,241,3001,3010,62,-9,62.00000,-0.00647
534F4C31,32476,276554310,299,182,3002,3009,117,-7,117.00000,-0.00185
534F4C31,32476,276559282,295,153,3002,3008,142,-6,142.00000,0.00046
534F4C31,32476,276564135,332,212,3003,3007,120,-4,120.00000,0.00508
534F4C31,32477,276569184,357,233,3005,3006,124,-1,124.00000,0.01202
534F4C31,32477,276574130,337,214,3002,3008,123,-6,123.00000,0.00046
534F4C31,32477,276579168,346,237,3002,3007,109,-5,109.00000,0.00277
534F4C31,32477,276584137,362,248,3002,3008,114,-6,114.00000,0.00046
534F4C31,32478,276589139,342,225,3002,3007,117,-5,117.00000,0.00277
534F4C31,32479,276594712,342,256,3005,3004,86,1,86.00000,0.01664
534F4C31,32480,276599254,319,222,3003,3008,97,-5,97.00000,0.00277
534F4C31,32481,276604208,323,175,3002,3008,148,-6,148.00000,0.00046
534F4C31,32482,276609133,315,161,3004,3004,154,0,154.00000,0.01433
534F4C31,32482,276614948,365,245,3005,3009,120,-4,120.00000,0.00508
534F4C31,32483,276619132,338,195,3002,3009,143,-7,143.00000,-0.00185
534F4C31,32484,276624497,328,170,3001,3008,158,-7,158.00000,-0.00185
534F4C31,32484,276629140,281,219,3002,3008,62,-6,62.00000,0.00046
534F4C31,32484,276634132,293,217,3003,3007,76,-4,76.00000,0.00508
534F4C31,32484,276639135,313,194,3000,3009,119,-9,119.00000,-0.00647
534F4C31,32485,276644150,321,211,3004,3011,110,-7,110.00000,-0.00185
534F4C31,32486,276649147,352,239,3001,3006,113,-5,113.00000,0.00277
534F4C31,32487,276654563,346,200,3002,3008,146,-6,146.00000,0.00046
534F4C31,32488,276659154,284,161,3003,3010,123,-7,123.00000,-0.00185
534F4C31,32488,276664677,328,204,3002,3008,124,-6,124.00000,0.00046
534F4C31,32489,276669138,344,204,3002,3006,140,-4,140.00000,0.00508
534F4C31,32489,276674515,333,200,3012,3010,133,2,133.00000,0.01895
534F4C31,32489,276679131,325,177,3003,3008,148,-5,148.00000,0.00277
534F4C31,32490,276684149,358,225,3003,3009,133,-6,133.00000,0.00046
534F4C31,32490,276689794,346,172,3001,3010,174,-9,174.00000,-0.00647
534F4C31,32490,276694141,325,191,3004,3007,134,-3,134.00000,0.00740
534F4C31,32490,276699137,357,236,3002,3010,121,-8,121.00000,-0.00416
534F4C31,32491,276704178,348,232,3004,3010,116,-6,116.00000,0.00046
534F4C31,32492,276709152,298,209,3008,3010,89,-2,89.00000,0.00971
534F4C31,32493,276714264,291,270,3002,3007,21,-5,21.00000,0.00277
534F4C31,32494,276719132,262,192,3002,3010,70,-8,70.00000,-0.00416
534F4C31,32494,276724994,310,187,3002,3006,123,-4,123.00000,0.00508
534F4C31,32495,276730137,334,225,3003,3010,109,-7,109.00000,-0.00185
534F4C31,32496,276734348,333,244,3003,3010,89,-7,89.00000,-0.00185
534F4C31,32496,276739137,281,192,3004,3011,89,-7,89.00000,-0.00185
534F4C31,32496,276744623,326,230,3004,3008,96,-4,96.00000,0.00508
534F4C31,32496,276749158,337,220,3003,3009,117,-6,117.00000,0.00046
534F4C31,32497,276754188,331,251,3002,3011,80,-9,80.00000,-0.00647
534F4C31,32497,276759137,245,154,3004,3009,91,-5,91.00000,0.00277
534F4C31,32498,276764633,330,270,3003,3011,60,-8,60.00000,-0.00416
534F4C31,32499,276769149,236,209,3002,3011,27,-9,27.00000,-0.00647
534F4C31,32499,276774538,238,133,3002,3008,105,-6,105.00000,0.00046
534F4C31,32500,276779706,316,227,3006,3007,89,-1,89.00000,0.01202
534F4C31,32500,276784966,348,245,3002,3008,103,-6,103.00000,0.00046
534F4C31,32501,276789159,273,214,3003,3010,59,-7,59.00000,-0.00185
534F4C31,32501,276794839,256,154,3003,3010,102,-7,102.00000,-0.00185
534F4C31,32502,276799157,280,234,3001,3009,46,-8,46.00000,-0.00416
534F4C31,32503,276804307,261,146,3002,3009,115,-7,115.00000,-0.00185
534F4C31,32504,276809733,299,190,3002,3010,109,-8,109.00000,-0.00416
534F4C31,32504,276815224,344,200,3002,3010,144,-8,144.00000,-0.00416
534F4C31,32505,276819175,333,188,3002,3008,145,-6,145.00000,0.00046
534F4C31,32505,276824373,308,176,3004,3011,132,-7,132.00000,-0.00185
534F4C31,32505,276830403,345,215,3003,3010,130,-7,130.00000,-0.00185
534F4C31,32505,276834144,332,221,3001,3007,111,-6,111.00000,0.00046
534F4C31,32506,276839510,312,229,3002,3010,83,-8,83.00000,-0.00416
534F4C31,32507,276844142,280,198,3003,3009,82,-6,82.00000,0.00046
534F4C31,32508,276849650,340,266,3002,3010,74,-8,74.00000,-0.00416
534F4C31,32509,276854526,300,170,3003,3009,130,-6,130.00000,0.00046
534F4C31,32509,276859126,300,218,3002,3007,82,-5,82.00000,0.00277
534F4C31,32509,276864160,272,231,3002,3008,41,-6,41.00000,0.00046
534F4C31,32510,276869161,266,213,3004,3009,53,-5,53.00000,0.00277
534F4C31,32511,276874219,274,188,3002,3006,86,-4,86.00000,0.00508
534F4C31,32511,276879142,309,219,3002,3008,90,-6,90.00000,0.00046
534F4C31,32512,276884190,338,260,3007,3008,78,-1,78.00000,0.01202
534F4C31,32512,276889148,307,216,3000,3008,91,-8,91.00000,-0.00416
534F4C31,32513,276894185,309,266,3002,3007,43,-5,43.00000,0.00277
534F4C31,32513,276899157,281,216,3002,3010,65,-8,65.00000,-0.00416
534F4C31,32514,276904157,315,218,3003,3008,97,-5,97.00000,0.00277
534F4C31,32514,276909132,306,155,3002,3006,151,-4,151.00000,0.00508
534F4C31,32514,276914145,348,222,3003,3007,126,-4,126.00000,0.00508
534F4C31,32515,276919145,364,237,3002,3008,127,-6,127.00000,0.00046
534F4C31,32516,276924348,337,202,3001,3009,135,-8,135.00000,-0.00416
534F4C31,32517,276929464,325,212,3002,3005,113,-3,113.00000,0.00740
534F4C31,32518,276934792,354,243,3001,3009,111,-8,111.00000,-0.00416
534F4C31,32519,276939187,285,162,3002,3011,123,-9,123.00000,-0.00647
534F4C31,32519,276944146,281,199,3003,3006,82,-3,82.00000,0.00740
534F4C31,32519,276949133,296,201,3001,3008,95,-7,95.00000,-0.00185
534F4C31,32520,276954191,287,228,3000,3010,59,-10,59.00000,-0.00878
534F4C31,32521,276959131,254,145,3003,3008,109,-5,109.00000,0.00277
534F4C31,32521,276964140,323,200,3003,3007,123,-4,123.00000,0.00508
534F4C31,32521,276969138,359,231,3001,3007,128,-6,128.00000,0.00046
534F4C31,32522,276974167,319,230,3004,3003,89,1,89.00000,0.01664
534F4C31,32522,276979626,298,204,3002,3007,94,-5,94.00000,0.00277
534F4C31,32522,276984132,298,229,3000,3006,69,-6,69.00000,0.00046
534F4C31,32522,276989130,277,192,3001,3007,85,-6,85.00000,0.00046
534F4C31,32523,276994493,315,239,3002,3007,76,-5,76.00000,0.00277
534F4C31,32524,276999371,331,259,3001,3009,72,-8,72.00000,-0.00416
534F4C31,32525,277004143,295,212,3002,3008,83,-6,83.00000,0.00046
534F4C31,32526,277009147,281,155,3003,3012,126,-9,126.00000,-0.00647
534F4C31,32526,277014147,338,223,3003,3007,115,-4,115.00000,0.00508
534F4C31,32527,277019162,334,262,3001,3008,72,-7,72.00000,-0.00185
534F4C31,32528,277024951,271,161,3013,3009,110,4,110.00000,0.02357
534F4C31,32528,277030111,323,234,3003,3009,89,-6,89.00000,0.00046
534F4C31,32528,277034129,278,194,3002,3007,84,-5,84.00000,0.00277
534F4C31,32528,277039138,306,187,3002,3008,119,-6,119.00000,0.00046
534F4C31,32529,277044135,316,207,3003,3010,109,-7,109.00000,-0.00185
534F4C31,32530,277049155,348,245,3003,3009,103,-6,103.00000,0.00046
534F4C31,32531,277054139,271,249,3002,3008,22,-6,22.00000,0.00046
534F4C31,32532,277059716,202,154,3003,3010,48,-7,48.00000,-0.00185
534F4C31,32533,277064150,290,206,3003,3008,84,-5,84.00000,0.00277
534F4C31,32533,277069231,339,236,3002,3009,103,-7,103.00000,-0.00185
534F4C31,32534,277074168,259,244,3001,3007,15,-6,15.00000,0.00046
534F4C31,32535,277079833,245,182,3001,3008,63,-7,63.00000,-0.00185
534F4C31,32535,277084181,286,237,3002,3007,49,-5,49.00000,0.00277
534F4C31,32535,277089139,256,214,3001,3009,42,-8,42.00000,-0.00416
534F4C31,32536,277094735,291,224,3002,3007,67,-5,67.00000,0.00277
534F4C31,32536,277099169,310,251,3002,3008,59,-6,59.00000,0.00046
534F4C31,32537,277104423,300,219,3002,3007,81,-5,81.00000,0.00277
534F4C31,32537,277109391,305,194,3002,3008,111,-6,111.00000,0.00046
534F4C31,32537,277114173,338,236,3004,3007,102,-3,102.00000,0.00740
534F4C31,32537,277119133,356,219,3002,3008,137,-6,137.00000,0.00046
534F4C31,32538,277124321,337,216,3002,3009,121,-7,121.00000,-0.00185
534F4C31,32539,277129150,348,223,3001,3007,125,-6,125.00000,0.00046
534F4C31,32540,277134154,342,247,3003,3008,95,-5,95.00000,0.00277
534F4C31,32540,277139132,288,195,3002,3008,93,-6,93.00000,0.00046
534F4C31,32541,277144135,305,218,3003,3008,87,-5,87.00000,0.00277
534F4C31,32542,277149141,332,231,3002,3006,101,-4,101.00000,0.00508
534F4C31,32543,277154826,320,226,3001,3007,94,-6,94.00000,0.00046
534F4C31,32544,277159220,265,155,3004,3009,110,-5,110.00000,0.00277
534F4C31,32545,277164160,306,183,3002,3007,123,-5,123.00000,0.00277
534F4C31,32545,277169166,346,193,3001,3008,153,-7,153.00000,-0.00185
534F4C31,32546,277174174,296,255,3002,3010,41,-8,41.00000,-0.00416
534F4C31,32547,277179810,242,187,3003,3007,55,-4,55.00000,0.00508
534F4C31,32547,277185495,341,250,3003,3007,91,-4,91.00000,0.00508
534F4C31,32547,277189125,290,190,3001,3008,100,-7,100.00000,-0.00185
534F4C31,32547,277194149,313,218,3002,3007,95,-5,95.00000,0.00277
534F4C31,32547,277199151,344,247,3002,3008,97,-6,97.00000,0.00046
534F4C31,32548,277204138,337,227,3009,3007,110,2,110.00000,0.01895
534F4C31,32549,277209552,303,243,3004,3011,60,-7,60.00000,-0.00185
534F4C31,32550,277214184,285,213,3002,3008,72,-6,72.00000,0.00046
534F4C31,32551,277219628,329,203,3006,3009,126,-3,126.00000,0.00740
534F4C31,32551,277224141,315,184,3002,3006,131,-4,131.00000,0.00508
534F4C31,32552,277229710,334,232,3003,3010,102,-7,102.00000,-0.00185
534F4C31,32552,277234161,324,234,3001,3009,90,-8,90.00000,-0.00416
534F4C31,32553,277239419,320,190,3002,3009,130,-7,130.00000,-0.00185
534F4C31,32553,277244132,315,183,3002,3009,132,-7,132.00000,-0.00185
534F4C31,32553,277249181,354,238,3003,3009,116,-6,116.00000,0.00046
534F4C31,32553,277254134,337,213,3002,3006,124,-4,124.00000,0.00508
534F4C31,32554,277259157,321,256,3001,3009,65,-8,65.00000,-0.00416
534F4C31,32555,277264149,273,214,3002,3008,59,-6,59.00000,0.00046
534F4C31,32556,277269448,262,230,3001,3005,32,-4,32.00000,0.00508
534F4C31,32557,277274290,232,148,3001,3007,84,-6,84.00000,0.00046
534F4C31,32558,277279131,297,179,3002,3008,118,-6,118.00000,0.00046
534F4C31,32559,277284808,367,248,3002,3006,119,-4,119.00000,0.00508
534F4C31,32559,277289152,319,184,3000,3009,135,-9,135.00000,-0.00647
534F4C31,32560,277294190,308,222,3002,3007,86,-5,86.00000,0.00277
534F4C31,32560,277299130,306,183,3000,3008,123,-8,123.00000,-0.00416
534F4C31,32560,277304161,327,207,3000,3007,120,-7,120.00000,-0.00185
534F4C31,32560,277309151,320,204,3002,3010,116,-8,116.00000,-0.00416
534F4C31,32560,277314149,343,237,3002,3008,106,-6,106.00000,0.00046
534F4C31,32561,277319147,360,238,3011,3005,122,6,122.00000,0.02819
534F4C31,32562,277324131,336,218,3001,3006,118,-5,118.00000,0.00277
534F4C31,32563,277329367,315,265,3010,3008,50,2,50.00000,0.01895
534F4C31,32564,277335225,315,239,3003,3010,76,-7,76.00000,-0.00185
534F4C31,32565,277339257,284,200,3003,3007,84,-4,84.00000,0.00508
534F4C31,32566,277344891,323,217,3003,3007,106,-4,106.00000,0.00508
534F4C31,32566,277349419,326,196,3001,3008,130,-7,130.00000,-0.00185
534F4C31,32566,277354237,300,158,3001,3008,142,-7,142.00000,-0.00185
534F4C31,32566,277359141,314,188,3001,3008,126,-7,126.00000,-0.00185
534F4C31,32567,277364182,306,276,3003,3007,30,-4,30.00000,0.00508
534F4C31,32568,277369131,259,188,3005,3007,71,-2,71.00000,0.00971
534F4C31,32569,277374736,293,196,3001,3009,97,-8,97.00000,-0.00416
534F4C31,32569,277379204,289,216,3002,3007,73,-5,73.00000,0.00277
534F4C31,32570,277384135,314,199,3005,3006,115,-1,115.00000,0.01202
534F4C31,32571,277390032,332,164,3002,3007,168,-5,168.00000,0.00277
534F4C31,32572,277394141,294,191,3004,3007,103,-3,103.00000,0.00740
534F4C31,32572,277400426,326,174,3001,3006,152,-5,152.00000,0.00277
534F4C31,32572,277404162,298,168,3001,3008,130,-7,130.00000,-0.00185
534F4C31,32572,277409141,306,182,3002,3007,124,-5,124.00000,0.00277
534F4C31,32573,277414166,323,279,3002,3008,44,-6,44.00000,0.00046
534F4C31,32574,277419144,265,189,3001,3007,76,-6,76.00000,0.00046
534F4C31,32575,277424157,290,169,3003,3010,121,-7,121.00000,-0.00185
534F4C31,32575,277429284,316,200,3004,3010,116,-6,116.00000,0.00046
534F4C31,32576,277434154,331,240,3002,3009,91,-7,91.00000,-0.00185
534F4C31,32576,277440243,303,200,3002,3009,103,-7,103.00000,-0.00185
534F4C31,32576,277444137,290,210,3002,3007,80,-5,80.00000,0.00277
534F4C31,32576,277449128,318,220,3003,3008,98,-5,98.00000,0.00277
534F4C31,32577,277454186,327,208,3002,3007,119,-5,119.00000,0.00277
534F4C31,32578,277459125,304,124,3004,3008,180,-4,180.00000,0.00508
534F4C31,32578,277464367,351,211,3001,3005,140,-4,140.00000,0.00508
534F4C31,32578,277469647,346,184,3002,3010,162,-8,162.00000,-0.00416
534F4C31,32579,277474183,277,198,3002,3010,79,-8,79.00000,-0.00416
534F4C31,32580,277479135,274,177,3004,3008,97,-4,97.00000,0.00508
534F4C31,32581,277484215,339,236,3002,3006,103,-4,103.00000,0.00508
534F4C31,32581,277489239,321,176,3002,3006,145,-4,145.00000,0.00508
534F4C31,32582,277495435,370,252,3002,3008,118,-6,118.00000,0.00046
534F4C31,32583,277499313,297,189,3002,3009,108,-7,108.00000,-0.00185
534F4C31,32584,277504574,315,162,3006,3009,153,-3,153.00000,0.00740
534F4C31,32585,277510783,338,194,3002,3006,144,-4,144.00000,0.00508
534F4C31,32585,277514157,311,148,3004,3008,163,-4,163.00000,0.00508
534F4C31,32586,277519135,359,214,3002,3010,145,-8,145.00000,-0.00416
534F4C31,32587,277524385,341,204,3003,3011,137,-8,137.00000,-0.00416
534F4C31,32587,277529616,333,211,3003,3007,122,-4,122.00000,0.00508
534F4C31,32587,277534132,346,237,3003,3008,109,-5,109.00000,0.00277
534F4C31,32587,277539159,337,224,3000,3008,113,-8,113.00000,-0.00416
534F4C31,32588,277544138,329,220,3007,3004,109,3,109.00000,0.02126
534F4C31,32588,277549136,357,234,3003,3007,123,-4,123.00000,0.00508
534F4C31,32589,277554619,347,219,3003,3010,128,-7,128.00000,-0.00185
534F4C31,32590,277559627,309,201,3002,3007,108,-5,108.00000,0.00277
534F4C31,32590,277564627,333,208,3003,3008,125,-5,125.00000,0.00277
534F4C31,32591,277569181,343,218,3005,3009,125,-4,125.00000,0.00508
534F4C31,32591,277574129,334,208,3002,3008,126,-6,126.00000,0.00046
534F4C31,32592,277579171,346,208,3011,3008,138,3,138.00000,0.02126
534F4C31,32593,277585319,380,184,3001,3008,196,-7,196.00000,-0.00185
534F4C31,32593,277589390,330,170,3001,3007,160,-6,160.00000,0.00046
534F4C31,32593,277594128,309,177,3002,3007,132,-5,132.00000,0.00277
534F4C31,32593,277599140,351,215,3003,3010,136,-7,136.00000,-0.00185
534F4C31,32594,277604181,321,216,3001,3010,105,-9,105.00000,-0.00647
534F4C31,32595,277609133,285,176,3003,3011,109,-8,109.00000,-0.00416
534F4C31,32596,277614490,337,229,3002,3007,108,-5,108.00000,0.00277
534F4C31,32596,277619130,331,192,3001,3009,139,-8,139.00000,-0.00416
534F4C31,32597,277625340,331,207,3002,3008,124,-6,124.00000,0.00046
534F4C31,32598,277629780,319,152,3002,3007,167,-5,167.00000,0.00277
534F4C31,32598,277635212,374,237,3002,3009,137,-7,137.00000,-0.00185
534F4C31,32598,277639140,320,194,3000,3008,126,-8,126.00000,-0.00416
534F4C31,32599,277644515,313,266,3004,3009,47,-5,47.00000,0.00277
534F4C31,32600,277649158,252,195,3003,3008,57,-5,57.00000,0.00277
534F4C31,32601,277654137,270,204,3011,3011,66,0,66.00000,0.01433
534F4C31,32602,277659635,278,173,3004,3010,105,-6,105.00000,0.00046
534F4C31,32603,277665452,333,282,3003,3008,51,-5,51.00000,0.00277
534F4C31,32603,277670140,252,167,3004,3008,85,-4,85.00000,0.00508
534F4C31,32603,277674135,276,180,3002,3011,96,-9,96.00000,-0.00647
534F4C31,32604,277679140,328,225,3004,3006,103,-2,103.00000,0.00971
534F4C31,32604,277684144,359,253,3001,3010,106,-9,106.00000,-0.00647
534F4C31,32604,277689167,344,226,3001,3010,118,-9,118.00000,-0.00647
534F4C31,32604,277694147,330,221,3002,3009,109,-7,109.00000,-0.00185
534F4C31,32605,277699142,359,250,3003,3010,109,-7,109.00000,-0.00185
534F4C31,32606,277704141,353,235,3001,3010,118,-9,118.00000,-0.00647
534F4C31,32607,277710289,319,200,3003,3008,119,-5,119.00000,0.00277
534F4C31,32608,277714957,323,175,3002,3010,148,-8,148.00000,-0.00416
534F4C31,32609,277719539,330,178,3002,3008,152,-6,152.00000,0.00046
534F4C31,32610,277725229,337,185,3001,3007,152,-6,152.00000,0.00046
534F4C31,32611,277729155,316,229,3003,3008,87,-5,87.00000,0.00277
534F4C31,32611,277734685,273,191,3002,3007,82,-5,82.00000,0.00277
534F4C31,32611,277739135,250,152,3001,3009,98,-8,98.00000,-0.00416
534F4C31,32611,277744139,295,202,3004,3010,93,-6,93.00000,0.00046
534F4C31,32612,277749156,345,241,3002,3006,104,-4,104.00000,0.00508
534F4C31,32613,277754150,335,233,3002,3008,102,-6,102.00000,0.00046
534F4C31,32614,277759371,295,211,3002,3008,84,-6,84.00000,0.00046
534F4C31,32615,277764606,317,216,3002,3006,101,-4,101.00000,0.00508
534F4C31,32616,277769135,339,210,3003,3010,129,-7,129.00000,-0.00185
534F4C31,32617,277774163,305,201,3003,3009,104,-6,104.00000,0.00046
534F4C31,32618,277779308,311,189,3002,3008,122,-6,122.00000,0.00046
534F4C31,32618,277784792,357,206,3002,3008,151,-6,151.00000,0.00046
534F4C31,32618,277789161,326,195,3002,3009,131,-7,131.00000,-0.00185
534F4C31,32619,277794263,328,244,3002,3008,84,-6,84.00000,0.00046
534F4C31,32619,277799149,319,229,3003,3008,90,-5,90.00000,0.00277
534F4C31,32620,277804177,297,260,3000,3011,37,-11,37.00000,-0.01109
534F4C31,32621,277809141,221,175,3002,3009,46,-7,46.00000,-0.00185
534F4C31,32621,277814909,322,199,3001,3008,123,-7,123.00000,-0.00185
534F4C31,32621,277819163,308,214,3003,3008,94,-5,94.00000,0.00277
534F4C31,32622,277824617,295,212,3003,3010,83,-7,83.00000,-0.00185
534F4C31,32622,277829161,310,214,3003,3012,96,-9,96.00000,-0.00647
534F4C31,32622,277834150,350,227,3002,3009,123,-7,123.00000,-0.00185
534F4C31,32622,277839137,336,218,3001,3008,118,-7,118.00000,-0.00185
534F4C31,32623,277844139,322,220,3004,3006,102,-2,102.00000,0.00971
534F4C31,32624,277849275,351,218,3003,3010,133,-7,133.00000,-0.00185
534F4C31,32624,277854152,332,175,3002,3006,157,-4,157.00000,0.00508
534F4C31,32625,277859959,326,207,3002,3007,119,-5,119.00000,0.00277
534F4C31,32626,277864159,317,196,3003,3009,121,-6,121.00000,0.00046
534F4C31,32626,277869146,314,210,3000,3007,104,-7,104.00000,-0.00185
534F4C31,32627,277874137,279,198,3002,3010,81,-8,81.00000,-0.00416
534F4C31,32627,277879840,307,190,3002,3008,117,-6,117.00000,0.00046
534F4C31,32628,277884215,335,211,3001,3010,124,-9,124.00000,-0.00647
534F4C31,32628,277890453,349,160,3002,3008,189,-6,189.00000,0.00046
534F4C31,32629,277894149,297,186,3005,3009,111,-4,111.00000,0.00508
534F4C31,32629,277899422,335,219,3002,3009,116,-7,116.00000,-0.00185
534F4C31,32629,277904170,330,215,3002,3010,115,-8,115.00000,-0.00416
534F4C31,32629,277909133,320,179,3002,3010,141,-8,141.00000,-0.00416
534F4C31,32630,277914160,342,233,3004,3009,109,-5,109.00000,0.00277
534F4C31,32631,277919184,355,235,3002,3007,120,-5,120.00000,0.00277
534F4C31,32632,277924140,267,218,3002,3007,49,-5,49.00000,0.00277
534F4C31,32633,277929148,259,192,3004,3009,67,-5,67.00000,0.00277
534F4C31,32633,277934484,332,245,3002,3007,87,-5,87.00000,0.00277
534F4C31,32634,277939154,284,218,3001,3007,66,-6,66.00000,0.00046
534F4C31,32634,277944817,300,186,3003,3008,114,-5,114.00000,0.00277
534F4C31,32634,277949139,327,210,3000,3007,117,-7,117.00000,-0.00185
534F4C31,32634,277954146,335,202,3001,3007,133,-6,133.00000,0.00046
534F4C31,32635,277959946,336,220,3003,3010,116,-7,116.00000,-0.00185
534F4C31,32636,277964430,342,205,3002,3008,137,-6,137.00000,0.00046
534F4C31,32637,277969545,358,203,3001,3010,155,-9,155.00000,-0.00647
534F4C31,32638,277974126,326,213,3003,3010,113,-7,113.00000,-0.00185
534F4C31,32638,277979894,325,227,3003,3007,98,-4,98.00000,0.00508
534F4C31,32639,277984164,335,240,3003,3009,95,-6,95.00000,0.00046
534F4C31,32640,277989147,326,214,3002,3010,112,-8,112.00000,-0.00416
534F4C31,32641,277994153,302,245,3004,3009,57,-5,57.00000,0.00277
534F4C31,32641,278000222,315,208,3003,3007,107,-4,107.00000,0.00508
534F4C31,32641,278004154,298,183,3002,3010,115,-8,115.00000,-0.00416
534F4C31,32641,278009134,301,162,3003,3009,139,-6,139.00000,0.00046
534F4C31,32642,278014161,334,277,3003,3011,57,-8,57.00000,-0.00416
534F4C31,32643,278019147,252,195,3004,3006,57,-2,57.00000,0.00971
534F4C31,32644,278024508,274,197,3003,3009,77,-6,77.00000,0.00046
534F4C31,32644,278029137,283,189,3002,3008,94,-6,94.00000,0.00046
534F4C31,32644,278034138,339,245,3001,3010,94,-9,94.00000,-0.00647
534F4C31,32645,278039134,333,222,3001,3009,111,-8,111.00000,-0.00416
534F4C31,32646,278044144,325,221,3002,3010,104,-8,104.00000,-0.00416
534F4C31,32647,278049586,357,230,3002,3010,127,-8,127.00000,-0.00416
534F4C31,32647,278054589,317,239,3002,3008,78,-6,78.00000,0.00046
534F4C31,32648,278059586,241,208,3002,3007,33,-5,33.00000,0.00277
534F4C31,32648,278064504,272,184,3002,3010,88,-8,88.00000,-0.00416
534F4C31,32648,278069175,326,216,3001,3011,110,-10,110.00000,-0.00878
534F4C31,32649,278074160,330,213,3002,3009,117,-7,117.00000,-0.00185
534F4C31,32650,278079156,343,229,3002,3008,114,-6,114.00000,0.00046
534F4C31,32651,278084154,355,218,3005,3009,137,-4,137.00000,0.00508
534F4C31,32652,278090177,357,234,3002,3007,123,-5,123.00000,0.00277
534F4C31,32652,278094146,305,191,3003,3009,114,-6,114.00000,0.00046
534F4C31,32653,278099152,349,242,3004,3009,107,-5,107.00000,0.00277
534F4C31,32654,278104143,330,183,3005,3008,147,-3,147.00000,0.00740
534F4C31,32655,278109142,310,164,3002,3012,146,-10,146.00000,-0.00878
534F4C31,32655,278114808,349,206,3003,3008,143,-5,143.00000,0.00277
534F4C31,32656,278119621,348,202,3001,3008,146,-7,146.00000,-0.00185
534F4C31,32656,278124143,316,155,3002,3007,161,-5,161.00000,0.00277
534F4C31,32656,278129165,327,237,3006,3009,90,-3,90.00000,0.00740
534F4C31,32656,278134132,308,221,3003,3009,87,-6,87.00000,0.00046
534F4C31,32656,278139151,323,218,3001,3008,105,-7,105.00000,-0.00185
534F4C31,32656,278144147,328,219,3003,3009,109,-6,109.00000,0.00046
534F4C31,32657,278149154,352,252,3003,3009,100,-6,100.00000,0.00046
534F4C31,32658,278154187,339,218,3006,3008,121,-2,121.00000,0.00971
534F4C31,32659,278159956,338,184,3002,3010,154,-8,154.00000,-0.00416
534F4C31,32660,278164130,306,229,3002,3009,77,-7,77.00000,-0.00185
534F4C31,32660,278170264,326,178,3002,3010,148,-8,148.00000,-0.00416
534F4C31,32661,278174469,308,167,3003,3008,141,-5,141.00000,0.00277
534F4C31,32662,278179202,331,207,3002,3008,124,-6,124.00000,0.00046
534F4C31,32663,278184157,332,243,3001,3009,89,-8,89.00000,-0.00416
534F4C31,32663,278190245,289,148,3001,3010,141,-9,141.00000,-0.00647
534F4C31,32663,278194131,290,173,3003,3010,117,-7,117.00000,-0.00185
534F4C31,32664,278199154,343,236,3003,3009,107,-6,107.00000,0.00046
534F4C31,32664,278204143,337,220,3002,3008,117,-6,117.00000,0.00046
534F4C31,32665,278209154,267,272,3002,3007,-5,-5,-5.00000,0.00277
534F4C31,32666,278215075,237,193,3004,3007,44,-3,44.00000,0.00740
534F4C31,32666,278220543,308,211,3004,3010,97,-6,97.00000,0.00046
534F4C31,32666,278224142,282,174,3002,3010,108,-8,108.00000,-0.00416
534F4C31,32666,278229135,333,224,3003,3011,109,-8,109.00000,-0.00416
534F4C31,32667,278234161,367,253,3003,3010,114,-7,114.00000,-0.00185
534F4C31,32668,278239148,345,226,3004,3009,119,-5,119.00000,0.00277
534F4C31,32669,278244491,326,225,3003,3007,101,-4,101.00000,0.00508
534F4C31,32669,278249344,335,227,3002,3008,108,-6,108.00000,0.00046
534F4C31,32669,278254201,336,223,3001,3010,113,-9,113.00000,-0.00647
534F4C31,32670,278259644,329,215,3003,3010,114,-7,114.00000,-0.00185
534F4C31,32671,278264171,331,234,3004,3009,97,-5,97.00000,0.00277
534F4C31,32672,278269131,348,223,3002,3007,125,-5,125.00000,0.00277
534F4C31,32673,278274136,308,178,3003,3011,130,-8,130.00000,-0.00416
534F4C31,32674,278279587,329,245,3003,3009,84,-6,84.00000,0.00046
534F4C31,32675,278286386,375,243,3000,3008,132,-8,132.00000,-0.00416
534F4C31,32675,278289834,315,170,3002,3008,145,-6,145.00000,0.00046
534F4C31,32675,278294130,302,192,3002,3009,110,-7,110.00000,-0.00185
534F4C31,32675,278299129,343,214,3002,3008,129,-6,129.00000,0.00046
534F4C31,32676,278304133,345,215,3003,3009,130,-6,130.00000,0.00046
534F4C31,32677,278309195,322,193,3002,3009,129,-7,129.00000,-0.00185
534F4C31,32678,278314172,312,235,3001,3011,77,-10,77.00000,-0.00878
534F4C31,32678,278319411,286,151,3003,3009,135,-6,135.00000,0.00046
534F4C31,32679,278324156,312,191,3003,3009,121,-6,121.00000,0.00046
534F4C31,32680,278329147,329,231,3007,3008,98,-1,98.00000,0.01202
534F4C31,32680,278334142,299,250,3001,3007,49,-6,49.00000,0.00046
534F4C31,32680,278339135,261,195,3002,3008,66,-6,66.00000,0.00046
534F4C31,32680,278344150,297,215,3003,3007,82,-4,82.00000,0.00508
534F4C31,32681,278349142,346,248,3006,3008,98,-2,98.00000,0.00971
534F4C31,32682,278354148,336,214,3001,3008,122,-7,122.00000,-0.00185
534F4C31,32683,278359704,308,265,3002,3009,43,-7,43.00000,-0.00185
534F4C31,32683,278365191,262,181,3003,3009,81,-6,81.00000,0.00046
534F4C31,32684,278369141,291,207,3004,3006,84,-2,84.00000,0.00971
534F4C31,32684,278375007,284,161,3001,3007,123,-6,123.00000,0.00046
534F4C31,32685,278379138,277,227,3001,3008,50,-7,50.00000,-0.00185
534F4C31,32686,278385207,307,168,3001,3009,139,-8,139.00000,-0.00416
534F4C31,32686,278389172,304,185,3000,3006,119,-6,119.00000,0.00046
534F4C31,32686,278394219,302,198,3002,3007,104,-5,104.00000,0.00277
534F4C31,32686,278399140,333,221,3002,3007,112,-5,112.00000,0.00277
534F4C31,32687,278404193,296,243,3001,3010,53,-9,53.00000,-0.00647
534F4C31,32688,278409134,262,172,3001,3009,90,-8,90.00000,-0.00416
534F4C31,32688,278414470,325,215,3002,3006,110,-4,110.00000,0.00508
534F4C31,32689,278419149,337,218,3008,3008,119,0,119.00000,0.01433
534F4C31,32690,278425332,340,181,3002,3010,159,-8,159.00000,-0.00416
534F4C31,32690,278429426,338,200,3003,3009,138,-6,138.00000,0.00046
534F4C31,32691,278434147,359,223,3001,3006,136,-5,136.00000,0.00277
534F4C31,32691,278439330,334,186,3001,3009,148,-8,148.00000,-0.00416
534F4C31,32692,278444249,319,218,3005,3009,101,-4,101.00000,0.00508
534F4C31,32693,278449141,323,209,3002,3008,114,-6,114.00000,0.00046
534F4C31,32693,278454981,338,168,3002,3011,170,-9,170.00000,-0.00647
534F4C31,32693,278459136,312,164,3002,3008,148,-6,148.00000,0.00046
534F4C31,32694,278464716,332,253,3006,3010,79,-4,79.00000,0.00508
534F4C31,32694,278469129,308,185,3002,3009,123,-7,123.00000,-0.00185
534F4C31,32695,278474154,322,197,3003,3009,125,-6,125.00000,0.00046
534F4C31,32695,278479571,332,223,3003,3010,109,-7,109.00000,-0.00185
534F4C31,32696,278484136,308,221,3004,3010,87,-6,87.00000,0.00046
534F4C31,32696,278490174,318,178,3002,3010,140,-8,140.00000,-0.00416
534F4C31,32697,278494158,268,260,3004,3008,8,-4,8.00000,0.00508
534F4C31,32697,278499944,227,194,3003,3008,33,-5,33.00000,0.00277
534F4C31,32698,278504178,265,235,3003,3007,30,-4,30.00000,0.00508
534F4C31,32698,278509459,239,170,3002,3008,69,-6,69.00000,0.00046
534F4C31,32699,278514156,311,219,3002,3005,92,-3,92.00000,0.00740
534F4C31,32700,278519149,344,204,3001,3009,140,-8,140.00000,-0.00416
534F4C31,32700,278524144,323,160,3001,3008,163,-7,163.00000,-0.00185
534F4C31,32701,278529145,348,217,3004,3009,131,-5,131.00000,0.00277
534F4C31,32702,278534147,366,249,3006,3008,117,-2,117.00000,0.00971
534F4C31,32703,278539256,308,195,3002,3005,113,-3,113.00000,0.00740
534F4C31,32704,278544183,315,213,3003,3010,102,-7,102.00000,-0.00185
534F4C31,32705,278549150,346,238,3014,3010,108,4,108.00000,0.02357
534F4C31,32706,278554353,349,224,3011,3005,125,6,125.00000,0.02819
534F4C31,32707,278559187,327,213,3003,3009,114,-6,114.00000,0.00046
534F4C31,32708,278564488,351,243,3003,3006,108,-3,108.00000,0.00740
534F4C31,32709,278569177,352,227,3002,3007,125,-5,125.00000,0.00277
534F4C31,32710,278574186,333,208,3002,3010,125,-8,125.00000,-0.00416
534F4C31,32711,278579150,338,240,3004,3010,98,-6,98.00000,0.00046
534F4C31,32712,278584195,358,255,3007,3007,103,0,103.00000,0.01433
534F4C31,32713,278589148,326,236,3002,3010,90,-8,90.00000,-0.00416
534F4C31,32714,278594194,321,228,3003,3007,93,-4,93.00000,0.00508
534F4C31,32715,278599150,355,251,3015,3010,104,5,104.00000,0.02588
534F4C31,32716,278604150,349,234,3014,3007,115,7,115.00000,0.03051
534F4C31,32717,278609883,340,229,3002,3008,111,-6,111.00000,0.00046
534F4C31,32718,278614138,329,185,3004,3008,144,-4,144.00000,0.00508
534F4C31,32719,278620670,357,184,3000,3008,173,-8,173.00000,-0.00416
534F4C31,32719,278626035,276,122,3001,3008,154,-7,154.00000,-0.00185
534F4C31,32719,278629137,265,169,3003,3008,96,-5,96.00000,0.00277
534F4C31,32719,278634135,313,212,3001,3008,101,-7,101.00000,-0.00185
534F4C31,32719,278639142,327,213,2999,3006,114,-7,114.00000,-0.00185
534F4C31,32719,278644301,332,233,3001,3007,99,-6,99.00000,0.00046
534F4C31,32720,278649152,349,240,3003,3009,109,-6,109.00000,0.00046
534F4C31,32721,278654159,333,261,3002,3008,72,-6,72.00000,0.00046
534F4C31,32721,278660322,250,180,3001,3008,70,-7,70.00000,-0.00185
534F4C31,32721,278664114,272,221,3003,3009,51,-6,51.00000,0.00046
534F4C31,32722,278669174,260,228,3002,3007,32,-5,32.00000,0.00277
534F4C31,32722,278674133,252,167,3002,3007,85,-5,85.00000,0.00277
534F4C31,32722,278679175,322,228,3003,3009,94,-6,94.00000,0.00046
534F4C31,32723,278684186,302,263,3006,3009,39,-3,39.00000,0.00740
534F4C31,32724,278689612,259,196,3002,3007,63,-5,63.00000,0.00277
534F4C31,32724,278694134,283,188,3002,3008,95,-6,95.00000,0.00046
534F4C31,32725,278699158,322,266,3006,3008,56,-2,56.00000,0.00971
534F4C31,32726,278704301,288,187,3008,3008,101,0,101.00000,0.01433
534F4C31,32726,278709843,309,160,3003,3010,149,-7,149.00000,-0.00185
534F4C31,32726,278714130,330,188,3004,3007,142,-3,142.00000,0.00740
534F4C31,32727,278719137,366,230,3003,3008,136,-5,136.00000,0.00277
534F4C31,32727,278724130,346,219,3002,3007,127,-5,127.00000,0.00277
534F4C31,32727,278729210,354,247,3003,3008,107,-5,107.00000,0.00277
534F4C31,32727,278734141,358,258,3003,3007,100,-4,100.00000,0.00508
534F4C31,32728,278739134,341,223,3004,3007,118,-3,118.00000,0.00740
534F4C31,32729,278744145,320,225,3002,3009,95,-7,95.00000,-0.00185
534F4C31,32729,278749660,321,241,3002,3009,80,-7,80.00000,-0.00185
534F4C31,32729,278754154,295,191,3002,3008,104,-6,104.00000,0.00046
534F4C31,32729,278759147,315,199,3003,3010,116,-7,116.00000,-0.00185
534F4C31,32730,278764143,348,232,3005,3004,116,1,116.00000,0.01664
534F4C31,32730,278769127,357,225,3002,3008,132,-6,132.00000,0.00046
534F4C31,32730,278774127,318,185,3002,3007,133,-5,133.00000,0.00277
534F4C31,32731,278779148,343,225,3003,3010,118,-7,118.00000,-0.00185
534F4C31,32731,278784136,357,218,3003,3009,139,-6,139.00000,0.00046
534F4C31,32731,278789145,339,223,3003,3007,116,-4,116.00000,0.00508
534F4C31,32731,278794146,302,201,3004,3010,101,-6,101.00000,0.00046
534F4C31,32731,278799155,349,243,3003,3010,106,-7,106.00000,-0.00185
534F4C31,32732,278804234,302,243,3002,3010,59,-8,59.00000,-0.00416
534F4C31,32733,278809176,255,181,3004,3007,74,-3,74.00000,0.00740
534F4C31,32734,278814174,274,273,3009,3008,1,1,1.00000,0.01664
534F4C31,32735,278819233,248,195,3002,3010,53,-8,53.00000,-0.00416
534F4C31,32736,278824168,289,204,3008,3006,85,2,85.00000,0.01895
534F4C31,32737,278830092,285,244,3002,3008,41,-6,41.00000,0.00046
534F4C31,32737,278834654,245,183,3002,3009,62,-7,62.00000,-0.00185
534F4C31,32738,278839594,286,221,3002,3009,65,-7,65.00000,-0.00185
534F4C31,32739,278844686,281,221,3004,3009,60,-5,60.00000,0.00277
534F4C31,32739,278849699,314,208,3003,3011,106,-8,106.00000,-0.00416
534F4C31,32739,278854149,319,200,3002,3007,119,-5,119.00000,0.00277
534F4C31,32740,278859159,324,200,3002,3008,124,-6,124.00000,0.00046
534F4C31,32740,278864152,346,204,3003,3005,142,-2,142.00000,0.00971
534F4C31,32740,278869964,369,240,3002,3009,129,-7,129.00000,-0.00185
534F4C31,32740,278874141,326,199,3002,3007,127,-5,127.00000,0.00277
534F4C31,32741,278879143,344,233,3003,3009,111,-6,111.00000,0.00046
534F4C31,32742,278884160,361,240,3001,3009,121,-8,121.00000,-0.00416
534F4C31,32743,278889505,312,207,3003,3006,105,-3,105.00000,0.00740
534F4C31,32744,278894661,277,175,3003,3009,102,-6,102.00000,0.00046
534F4C31,32745,278899179,320,257,3006,3008,63,-2,63.00000,0.00971
534F4C31,32746,278906185,335,210,3002,3010,125,-8,125.00000,-0.00416
534F4C31,32747,278911606,328,210,3003,3007,118,-4,118.00000,0.00508
534F4C31,32747,278917060,349,245,3001,3005,104,-4,104.00000,0.00508
534F4C31,32747,278919575,275,152,3001,3006,123,-5,123.00000,0.00277
534F4C31,32747,278924145,306,183,3002,3007,123,-5,123.00000,0.00277
534F4C31,32748,278929145,340,228,3003,3008,112,-5,112.00000,0.00277
534F4C31,32749,278934173,359,243,3001,3010,116,-9,116.00000,-0.00647
534F4C31,32750,278939163,342,215,3002,3008,127,-6,127.00000,0.00046
534F4C31,32751,278944392,262,161,3004,3008,101,-4,101.00000,0.00508
534F4C31,32751,278949776,331,178,3002,3008,153,-6,153.00000,0.00046
534F4C31,32752,278954156,325,189,3003,3008,136,-5,136.00000,0.00277
534F4C31,32753,278959231,314,183,3003,3010,131,-7,131.00000,-0.00185
534F4C31,32754,278964326,331,269,3002,3006,62,-4,62.00000,0.00508
534F4C31,32754,278970035,298,178,3002,3009,120,-7,120.00000,-0.00185
534F4C31,32755,278974164,264,168,3002,3008,96,-6,96.00000,0.00046
534F4C31,32755,278980223,310,189,3003,3008,121,-5,121.00000,0.00277
534F4C31,32755,278984139,321,208,3003,3008,113,-5,113.00000,0.00277
534F4C31,32755,278989150,331,213,3001,3009,118,-8,118.00000,-0.00416
534F4C31,32756,278994148,327,220,3002,3008,107,-6,107.00000,0.00046
534F4C31,32757,278999143,348,260,3002,3007,88,-5,88.00000,0.00277
534F4C31,32758,279004169,307,219,3010,3006,88,4,88.00000,0.02357
534F4C31,32759,279009939,299,204,3003,3009,95,-6,95.00000,0.00046
534F4C31,32760,279014161,272,272,3002,3008,0,-6,0.00000,0.00046
534F4C31,32760,279020288,262,182,3002,3009,80,-7,80.00000,-0.00185
534F4C31,32760,279024496,274,188,3001,3007,86,-6,86.00000,0.00046
534F4C31,32761,279029158,309,220,3002,3008,89,-6,89.00000,0.00046
534F4C31,32761,279034172,344,256,3001,3009,88,-8,88.00000,-0.00416
534F4C31,32761,279039145,319,235,3001,3007,84,-6,84.00000,0.00046
534F4C31,32761,279044130,291,203,3003,3008,88,-5,88.00000,0.00277
534F4C31,32761,279049146,343,242,3002,3008,101,-6,101.00000,0.00046
534F4C31,32762,279054185,306,258,3001,3009,48,-8,48.00000,-0.00416
534F4C31,32763,279059145,229,185,3003,3007,44,-4,44.00000,0.00508
534F4C31,32764,279064861,309,204,3003,3007,105,-4,105.00000,0.00508
534F4C31,32765,279069141,328,210,3001,3008,118,-7,118.00000,-0.00185
534F4C31,32765,279074667,328,221,3003,3010,107,-7,107.00000,-0.00185
534F4C31,32766,279079165,334,223,3003,3005,111,-2,111.00000,0.00971
534F4C31,32767,279084139,310,252,3003,3009,58,-6,58.00000,0.00046
534F4C31,32768,279090324,276,206,3003,3011,70,-8,70.00000,-0.00416
534F4C31,32768,279094139,261,158,3003,3009,103,-6,103.00000,0.00046
534F4C31,32768,279099283,320,244,3002,3007,76,-5,76.00000,0.00277
534F4C31,32769,279104143,306,209,3001,3008,97,-7,97.00000,-0.00185
534F4C31,32770,279109532,298,225,3004,3009,73,-5,73.00000,0.00277
534F4C31,32770,279114137,293,202,3004,3008,91,-4,91.00000,0.00508
534F4C31,32770,279119467,319,189,3003,3009,130,-6,130.00000,0.00046
534F4C31,32770,279124141,316,191,3001,3008,125,-7,125.00000,-0.00185
534F4C31,32771,279129180,297,250,3002,3006,47,-4,47.00000,0.00508
534F4C31,32772,279134538,282,193,3002,3008,89,-6,89.00000,0.00046
534F4C31,32773,279139145,279,171,3002,3008,108,-6,108.00000,0.00046
534F4C31,32773,279144146,275,199,3003,3008,76,-5,76.00000,0.00277
534F4C31,32774,279149154,298,208,3003,3008,90,-5,90.00000,0.00277
534F4C31,32775,279154558,292,256,3002,3008,36,-6,36.00000,0.00046
534F4C31,32776,279159141,208,188,3004,3009,20,-5,20.00000,0.00277
534F4C31,32776,279165073,295,198,3004,3008,97,-4,97.00000,0.00508
534F4C31,32776,279169138,316,200,3005,3007,116,-2,116.00000,0.00971
534F4C31,32777,279174254,314,215,3005,3010,99,-5,99.00000,0.00277
534F4C31,32778,279179611,315,254,3003,3010,61,-7,61.00000,-0.00185
534F4C31,32778,279184140,300,222,3002,3006,78,-4,78.00000,0.00508
534F4C31,32778,279189181,286,232,3001,3008,54,-7,54.00000,-0.00185
534F4C31,32778,279194147,259,199,3001,3008,60,-7,60.00000,-0.00185
534F4C31,32779,279199465,336,248,3002,3005,88,-3,88.00000,0.00740
534F4C31,32780,279204145,323,196,3001,3009,127,-8,127.00000,-0.00416
534F4C31,32781,279209138,313,162,3002,3009,151,-7,151.00000,-0.00185
534F4C31,32781,279214863,351,224,3003,3007,127,-4,127.00000,0.00508
534F4C31,32782,279219635,350,223,3003,3008,127,-5,127.00000,0.00277
534F4C31,32782,279225220,332,167,3002,3009,165,-7,165.00000,-0.00185
534F4C31,32782,279229148,330,196,3002,3006,134,-4,134.00000,0.00508
534F4C31,32782,279234139,359,238,3002,3008,121,-6,121.00000,0.00046
534F4C31,32783,279239677,351,238,3009,3009,113,0,113.00000,0.01433
534F4C31,32784,279244896,344,223,3003,3007,121,-4,121.00000,0.00508
534F4C31,32785,279249152,308,232,3002,3008,76,-6,76.00000,0.00046
534F4C31,32785,279254893,275,178,3001,3008,97,-7,97.00000,-0.00185
534F4C31,32786,279259145,285,180,3004,3009,105,-5,105.00000,0.00277
534F4C31,32786,279264152,322,245,3003,3004,77,-1,77.00000,0.01202
534F4C31,32787,279269284,313,230,3006,3009,83,-3,83.00000,0.00740
534F4C31,32788,279275997,329,208,3003,3009,121,-6,121.00000,0.00046
534F4C31,32788,279279952,300,180,3004,3008,120,-4,120.00000,0.00508
534F4C31,32789,279284748,345,265,3005,3009,80,-4,80.00000,0.00508
534F4C31,32790,279291071,254,176,3003,3009,78,-6,78.00000,0.00046
534F4C31,32791,279295470,293,189,3001,3010,104,-9,104.00000,-0.00647
534F4C31,32791,279299371,265,198,3003,3008,67,-5,67.00000,0.00277
534F4C31,32791,279304280,254,175,3001,3007,79,-6,79.00000,0.00046
534F4C31,32791,279309143,277,150,3001,3008,127,-7,127.00000,-0.00185
534F4C31,32792,279314539,337,233,3003,3008,104,-5,104.00000,0.00277
534F4C31,32792,279319500,349,233,3002,3009,116,-7,116.00000,-0.00185
534F4C31,32793,279324148,293,214,3005,3006,79,-1,79.00000,0.01202
534F4C31,32794,279329846,314,192,3003,3005,122,-2,122.00000,0.00971
534F4C31,32795,279336216,363,194,3002,3011,169,-9,169.00000,-0.00647
534F4C31,32795,279340332,316,135,3002,3009,181,-7,181.00000,-0.00185
534F4C31,32796,279344143,296,163,3002,3007,133,-5,133.00000,0.00277
534F4C31,32797,279349188,316,262,3004,3008,54,-4,54.00000,0.00508
534F4C31,32797,279354768,295,207,3002,3010,88,-8,88.00000,-0.00416
534F4C31,32798,279359734,310,214,3005,3007,96,-2,96.00000,0.00971
534F4C31,32799,279364304,311,215,3005,3009,96,-4,96.00000,0.00508
534F4C31,32799,279369326,332,178,3004,3008,154,-4,154.00000,0.00508
534F4C31,32799,279374138,327,181,3001,3006,146,-5,146.00000,0.00277
534F4C31,32799,279379152,349,227,3004,3008,122,-4,122.00000,0.00508
534F4C31,32800,279384159,366,264,3002,3009,102,-7,102.00000,-0.00185
534F4C31,32801,279389128,314,225,3002,3010,89,-8,89.00000,-0.00416
534F4C31,32802,279394645,316,201,3003,3007,115,-4,115.00000,0.00508
534F4C31,32803,279399622,338,220,3003,3007,118,-4,118.00000,0.00508
534F4C31,32803,279404149,324,202,3003,3008,122,-5,122.00000,0.00277
534F4C31,32804,279409146,319,203,3004,3007,116,-3,116.00000,0.00740
534F4C31,32805,279414247,339,219,3005,3007,120,-2,120.00000,0.00971
534F4C31,32806,279419161,286,251,3005,3007,35,-2,35.00000,0.00971
534F4C31,32806,279425383,253,183,3002,3007,70,-5,70.00000,0.00277
534F4C31,32806,279429147,283,196,3002,3011,87,-9,87.00000,-0.00647
534F4C31,32806,279434137,340,248,3002,3006,92,-4,92.00000,0.00508
534F4C31,32807,279439139,330,228,3002,3008,102,-6,102.00000,0.00046
534F4C31,32808,279444132,317,235,3001,3008,82,-7,82.00000,-0.00185
534F4C31,32808,279449846,325,265,3002,3007,60,-5,60.00000,0.00277
534F4C31,32808,279454131,289,203,3000,3006,86,-6,86.00000,0.00046
534F4C31,32808,279459146,296,182,3002,3008,114,-6,114.00000,0.00046
534F4C31,32809,279464141,344,232,3002,3008,112,-6,112.00000,0.00046
534F4C31,32810,279469156,361,251,3008,3008,110,0,110.00000,0.01433
534F4C31,32811,279474561,320,223,3004,3007,97,-3,97.00000,0.00740
534F4C31,32812,279480439,310,202,3003,3009,108,-6,108.00000,0.00046
534F4C31,32813,279484145,308,208,3003,3007,100,-4,100.00000,0.00508
534F4C31,32813,279489299,300,211,3002,3007,89,-5,89.00000,0.00277
534F4C31,32814,279494129,261,184,3004,3003,77,1,77.00000,0.01664
534F4C31,32815,279499170,328,279,3004,3010,49,-6,49.00000,0.00046
534F4C31,32816,279505398,287,223,3003,3008,64,-5,64.00000,0.00277
534F4C31,32816,279509426,233,145,3004,3008,88,-4,88.00000,0.00508
534F4C31,32816,279514640,318,213,3004,3010,105,-6,105.00000,0.00046
534F4C31,32816,279519136,334,206,3002,3009,128,-7,128.00000,-0.00185
534F4C31,32816,279524136,326,194,3003,3007,132,-4,132.00000,0.00508
534F4C31,32817,279529170,312,255,3002,3007,57,-5,57.00000,0.00277
534F4C31,32818,279534145,279,215,3003,3009,64,-6,64.00000,0.00046
534F4C31,32819,279539145,260,208,3005,3008,52,-3,52.00000,0.00740
534F4C31,32819,279544562,276,208,3003,3006,68,-3,68.00000,0.00740
534F4C31,32819,279550191,351,261,3003,3007,90,-4,90.00000,0.00508
534F4C31,32820,279554129,303,171,3001,3007,132,-6,132.00000,0.00046
534F4C31,32821,279560257,333,224,3002,3006,109,-4,109.00000,0.00508
534F4C31,32822,279564163,308,171,3002,3010,137,-8,137.00000,-0.00416
534F4C31,32823,279569130,339,169,3002,3009,170,-7,170.00000,-0.00185
534F4C31,32824,279574601,335,168,3011,3008,167,3,167.00000,0.02126
534F4C31,32825,279579270,338,185,3004,3009,153,-5,153.00000,0.00277
534F4C31,32825,279584545,350,145,3003,3008,205,-5,205.00000,0.00277
534F4C31,32826,279589142,327,203,3001,3008,124,-7,124.00000,-0.00185
534F4C31,32827,279594755,307,181,3003,3009,126,-6,126.00000,0.00046
534F4C31,32828,279599160,316,216,3001,3007,100,-6,100.00000,0.00046
534F4C31,32828,279605264,319,169,3001,3010,150,-9,150.00000,-0.00647
534F4C31,32828,279609150,295,159,3003,3010,136,-7,136.00000,-0.00185
534F4C31,32829,279614185,297,237,3003,3008,60,-5,60.00000,0.00277
534F4C31,32830,279619135,282,206,3002,3010,76,-8,76.00000,-0.00416
534F4C31,32830,279624309,283,156,3002,3011,127,-9,127.00000,-0.00647
534F4C31,32831,279629136,326,202,3004,3011,124,-7,124.00000,-0.00185
534F4C31,32831,279634136,341,255,3002,3009,86,-7,86.00000,-0.00185
534F4C31,32831,279639402,324,230,3001,3008,94,-7,94.00000,-0.00185
534F4C31,32831,279644177,311,217,3002,3009,94,-7,94.00000,-0.00185
534F4C31,32831,279649141,346,242,3002,3008,104,-6,104.00000,0.00046
534F4C31,32832,279654133,343,227,3004,3007,116,-3,116.00000,0.00740
534F4C31,32832,279659140,326,209,3002,3009,117,-7,117.00000,-0.00185
534F4C31,32833,279664177,346,216,3002,3010,130,-8,130.00000,-0.00416
534F4C31,32833,279669139,338,146,3002,3010,192,-8,192.00000,-0.00416
534F4C31,32834,279674151,338,195,3005,3010,143,-5,143.00000,0.00277
534F4C31,32835,279679193,323,249,3004,3008,74,-4,74.00000,0.00508
534F4C31,32836,279684132,300,222,3004,3009,78,-5,78.00000,0.00277
534F4C31,32836,279689841,336,236,3003,3011,100,-8,100.00000,-0.00416
534F4C31,32837,279694137,310,214,3004,3011,96,-7,96.00000,-0.00185
534F4C31,32838,279699187,324,262,3002,3010,62,-8,62.00000,-0.00416
534F4C31,32839,279704497,254,184,3007,3008,70,-1,70.00000,0.01202
534F4C31,32839,279709949,296,194,3001,3008,102,-7,102.00000,-0.00185
534F4C31,32839,279714140,316,209,3002,3010,107,-8,107.00000,-0.00416
534F4C31,32839,279719147,355,236,3002,3008,119,-6,119.00000,0.00046
534F4C31,32840,279724151,338,217,3004,3011,121,-7,121.00000,-0.00185
534F4C31,32840,279729127,350,233,3004,3009,117,-5,117.00000,0.00277
534F4C31,32841,279734320,343,258,3003,3008,85,-5,85.00000,0.00277
534F4C31,32842,279739174,257,167,3005,3006,90,-1,90.00000,0.01202
534F4C31,32843,279744141,291,217,3001,3008,74,-7,74.00000,-0.00185
534F4C31,32844,279750504,341,277,3002,3009,64,-7,64.00000,-0.00185
534F4C31,32845,279755896,287,210,3001,3008,77,-7,77.00000,-0.00185
534F4C31,32845,279760484,225,172,3003,3010,53,-7,53.00000,-0.00185
534F4C31,32845,279764136,241,158,3002,3010,83,-8,83.00000,-0.00416
534F4C31,32846,279769504,274,238,3001,3009,36,-8,36.00000,-0.00416
534F4C31,32847,279774136,246,156,3003,3009,90,-6,90.00000,0.00046
534F4C31,32847,279779756,331,214,3002,3008,117,-6,117.00000,0.00046
534F4C31,32847,279784140,341,236,3003,3008,105,-5,105.00000,0.00277
534F4C31,32847,279789148,334,224,3002,3008,110,-6,110.00000,0.00046
534F4C31,32847,279794157,320,230,3003,3008,90,-5,90.00000,0.00277
534F4C31,32848,279799348,307,276,3002,3008,31,-6,31.00000,0.00046
534F4C31,32849,279804310,259,202,3002,3010,57,-8,57.00000,-0.00416
534F4C31,32850,279809390,271,212,3003,3010,59,-7,59.00000,-0.00185
534F4C31,32851,279814139,275,217,3004,3008,58,-4,58.00000,0.00508
534F4C31,32851,279819529,282,173,3002,3010,109,-8,109.00000,-0.00416
534F4C31,32852,279824157,301,190,3002,3009,111,-7,111.00000,-0.00185
534F4C31,32852,279829660,348,238,3002,3008,110,-6,110.00000,0.00046
534F4C31,32853,279834159,291,277,3001,3010,14,-9,14.00000,-0.00647
534F4C31,32853,279839988,216,181,3003,3008,35,-5,35.00000,0.00277
534F4C31,32853,279844166,259,196,3003,3009,63,-6,63.00000,0.00046
534F4C31,32853,279849138,321,233,3004,3010,88,-6,88.00000,0.00046
534F4C31,32854,279854330,335,234,3009,3006,101,3,101.00000,0.02126
534F4C31,32855,279859150,315,209,3004,3010,106,-6,106.00000,0.00046
534F4C31,32856,279864188,318,264,3002,3010,54,-8,54.00000,-0.00416
534F4C31,32857,279869908,322,234,3003,3010,88,-7,88.00000,-0.00185
534F4C31,32858,279875230,312,190,3004,3008,122,-4,122.00000,0.00508
534F4C31,32859,279879802,327,224,3004,3009,103,-5,103.00000,0.00277
534F4C31,32859,279884444,308,224,3003,3009,84,-6,84.00000,0.00046
534F4C31,32859,279889171,271,203,3005,3010,68,-5,68.00000,0.00277
534F4C31,32859,279894140,278,199,3003,3008,79,-5,79.00000,0.00277
534F4C31,32859,279899521,341,262,3003,3009,79,-6,79.00000,0.00046
534F4C31,32859,279904136,314,214,3002,3010,100,-8,100.00000,-0.00416
534F4C31,32860,279909134,316,207,3003,3010,109,-7,109.00000,-0.00185
534F4C31,32861,279914153,339,218,3003,3009,121,-6,121.00000,0.00046
534F4C31,32862,279920015,312,259,3002,3009,53,-7,53.00000,-0.00185
534F4C31,32863,279924621,233,165,3003,3009,68,-6,68.00000,0.00046
534F4C31,32863,279929408,286,203,3003,3008,83,-5,83.00000,0.00277
534F4C31,32864,279934154,279,232,3003,3010,47,-7,47.00000,-0.00185
534F4C31,32865,279939183,265,207,3002,3009,58,-7,58.00000,-0.00185
534F4C31,32865,279944130,233,150,3003,3009,83,-6,83.00000,0.00046
534F4C31,32866,279949235,300,243,3003,3009,57,-6,57.00000,0.00046
534F4C31,32867,279954136,286,201,3002,3009,85,-7,85.00000,-0.00185
534F4C31,32867,279959964,316,188,3003,3008,128,-5,128.00000,0.00277
534F4C31,32868,279964144,331,212,3002,3012,119,-10,119.00000,-0.00878
534F4C31,32868,279969482,363,238,3002,3007,125,-5,125.00000,0.00277
534F4C31,32869,279974157,333,207,3002,3010,126,-8,126.00000,-0.00416
534F4C31,32870,279979152,318,183,3003,3009,135,-6,135.00000,0.00046
534F4C31,32871,279984149,314,211,3002,3009,103,-7,103.00000,-0.00185
534F4C31,32871,279989230,290,164,3001,3010,126,-9,126.00000,-0.00647
534F4C31,32871,279994164,305,187,3003,3009,118,-6,118.00000,0.00046
534F4C31,32871,279999149,319,251,3001,3007,68,-6,68.00000,0.00046
534F4C31,32871,280004148,303,205,3003,3009,98,-6,98.00000,0.00046
534F4C31,32872,280009173,288,254,3003,3010,34,-7,34.00000,-0.00185
534F4C31,32873,280014142,258,208,3006,3012,50,-6,50.00000,0.00046
534F4C31,32874,280020168,304,213,3004,3008,91,-4,91.00000,0.00508
534F4C31,32874,280024753,274,183,3001,3007,91,-6,91.00000,0.00046
534F4C31,32875,280029137,295,204,3003,3006,91,-3,91.00000,0.00740
534F4C31,32876,280034476,348,245,3003,3009,103,-6,103.00000,0.00046
534F4C31,32876,280039860,336,207,3002,3008,129,-6,129.00000,0.00046
534F4C31,32876,280044169,309,204,3004,3008,105,-4,105.00000,0.00508
534F4C31,32876,280049152,342,235,3002,3008,107,-6,107.00000,0.00046
534F4C31,32877,280054142,340,224,3002,3008,116,-6,116.00000,0.00046
534F4C31,32878,280059167,320,228,3001,3007,92,-6,92.00000,0.00046
534F4C31,32879,280064191,305,267,3003,3008,38,-5,38.00000,0.00277
534F4C31,32880,280070074,288,225,3001,3008,63,-7,63.00000,-0.00185
534F4C31,32881,280074137,245,203,3004,3007,42,-3,42.00000,0.00740
534F4C31,32882,280080475,273,146,3004,3008,127,-4,127.00000,0.00508
534F4C31,32882,280085800,333,222,3005,3006,111,-1,111.00000,0.01202
534F4C31,32882,280089483,270,157,3002,3009,113,-7,113.00000,-0.00185
534F4C31,32882,280094155,297,195,3003,3009,102,-6,102.00000,0.00046
534F4C31,32883,280099257,304,267,3003,3006,37,-3,37.00000,0.00740
534F4C31,32884,280104148,259,172,3002,3007,87,-5,87.00000,0.00277
534F4C31,32884,280109418,295,196,3003,3006,99,-3,99.00000,0.00740
534F4C31,32884,280114136,317,190,3002,3009,127,-7,127.00000,-0.00185
534F4C31,32885,280119133,357,228,3002,3008,129,-6,129.00000,0.00046
534F4C31,32885,280124163,333,211,3002,3007,122,-5,122.00000,0.00277
534F4C31,32886,280129189,282,271,3005,3008,11,-3,11.00000,0.00740
534F4C31,32887,280135016,270,215,3001,3008,55,-7,55.00000,-0.00185
534F4C31,32888,280139383,253,143,3001,3010,110,-9,110.00000,-0.00647
534F4C31,32889,280144419,270,268,3009,3007,2,2,2.00000,0.01895
534F4C31,32890,280151799,308,259,3002,3009,49,-7,49.00000,-0.00185
534F4C31,32890,280154255,239,160,3003,3008,79,-5,79.00000,0.00277
534F4C31,32891,280159331,252,211,3002,3007,41,-5,41.00000,0.00277
534F4C31,32892,280164136,256,183,3003,3008,73,-5,73.00000,0.00277
534F4C31,32893,280169561,330,218,3002,3008,112,-6,112.00000,0.00046
534F4C31,32894,280174211,295,201,3004,3007,94,-3,94.00000,0.00740
534F4C31,32895,280180426,309,203,3003,3008,106,-5,106.00000,0.00277
534F4C31,32895,280184126,283,179,3004,3008,104,-4,104.00000,0.00508
534F4C31,32895,280189123,282,155,3002,3008,127,-6,127.00000,0.00046
534F4C31,32895,280194153,311,205,3003,3008,106,-5,106.00000,0.00277
534F4C31,32896,280199392,339,262,3002,3008,77,-6,77.00000,0.00046
534F4C31,32896,280204414,311,205,3002,3007,106,-5,106.00000,0.00277
534F4C31,32896,280209158,306,174,3003,3010,132,-7,132.00000,-0.00185
534F4C31,32896,280214140,346,227,3002,3009,119,-7,119.00000,-0.00185
534F4C31,32897,280219148,366,242,3003,3009,124,-6,124.00000,0.00046
534F4C31,32898,280224149,339,224,3001,3009,115,-8,115.00000,-0.00416
534F4C31,32899,280229489,330,197,3004,3008,133,-4,133.00000,0.00508
534F4C31,32899,280234756,343,201,3002,3007,142,-5,142.00000,0.00277
534F4C31,32900,280239307,269,206,3002,3008,63,-6,63.00000,0.00046
534F4C31,32901,280244145,241,174,3002,3008,67,-6,67.00000,0.00046
534F4C31,32901,280249697,342,252,3003,3007,90,-4,90.00000,0.00508
534F4C31,32902,280254143,316,199,3003,3004,117,-1,117.00000,0.01202
534F4C31,32902,280259133,311,206,3004,3009,105,-5,105.00000,0.00277
534F4C31,32902,280264129,320,217,3003,3008,103,-5,103.00000,0.00277
534F4C31,32902,280269141,356,238,3002,3006,118,-4,118.00000,0.00508
534F4C31,32903,280274194,301,233,3004,3007,68,-3,68.00000,0.00740
534F4C31,32904,280279144,290,236,3001,3005,54,-4,54.00000,0.00508
534F4C31,32905,280284135,295,253,3002,3005,42,-3,42.00000,0.00740
534F4C31,32905,280290263,312,207,3001,3008,105,-7,105.00000,-0.00185
534F4C31,32906,280294141,284,196,3002,3008,88,-6,88.00000,0.00046
534F4C31,32907,280300246,359,211,3011,3007,148,4,148.00000,0.02357
534F4C31,32907,280304283,317,143,3003,3008,174,-5,174.00000,0.00277
534F4C31,32908,280309573,322,195,3002,3008,127,-6,127.00000,0.00046
534F4C31,32909,280314133,303,184,3002,3005,119,-3,119.00000,0.00740
534F4C31,32910,280319558,348,201,3000,3008,147,-8,147.00000,-0.00416
534F4C31,32910,280324128,332,170,3003,3009,162,-6,162.00000,0.00046
534F4C31,32910,280329595,362,236,3003,3008,126,-5,126.00000,0.00277
534F4C31,32910,280334157,365,244,3002,3007,121,-5,121.00000,0.00277
534F4C31,32911,280339514,308,239,3001,3006,69,-5,69.00000,0.00277
534F4C31,32912,280344642,276,216,3002,3007,60,-5,60.00000,0.00277
534F4C31,32913,280349999,322,213,3003,3006,109,-3,109.00000,0.00740
534F4C31,32914,280354408,309,221,3011,3007,88,4,88.00000,0.02357
534F4C31,32914,280361013,278,185,3002,3010,93,-8,93.00000,-0.00416
534F4C31,32915,280364242,250,167,3003,3009,83,-6,83.00000,0.00046
534F4C31,32916,280369146,268,214,3001,3007,54,-6,54.00000,0.00046
534F4C31,32916,280374980,260,137,3002,3007,123,-5,123.00000,0.00277
534F4C31,32916,280379154,302,184,3003,3009,118,-6,118.00000,0.00046
534F4C31,32916,280384141,336,181,3002,3006,155,-4,155.00000,0.00508
534F4C31,32917,280389378,327,217,3004,3004,110,0,110.00000,0.01433
534F4C31,32918,280394145,266,181,3002,3008,85,-6,85.00000,0.00046
534F4C31,32919,280399148,308,191,3001,3007,117,-6,117.00000,0.00046
534F4C31,32919,280404463,300,203,3001,3008,97,-7,97.00000,-0.00185
534F4C31,32919,280409147,275,172,3002,3008,103,-6,103.00000,0.00046
534F4C31,32920,280414527,336,212,3005,3007,124,-2,124.00000,0.00971
534F4C31,32920,280419261,350,215,3002,3008,135,-6,135.00000,0.00046
534F4C31,32921,280424185,329,201,3003,3006,128,-3,128.00000,0.00740
534F4C31,32921,280429144,336,224,3003,3008,112,-5,112.00000,0.00277
534F4C31,32921,280434136,340,250,3000,3008,90,-8,90.00000,-0.00416
534F4C31,32921,280439142,306,205,3001,3006,101,-5,101.00000,0.00277
534F4C31,32922,280444450,322,233,3002,3007,89,-5,89.00000,0.00277
534F4C31,32923,280449174,327,247,3002,3006,80,-4,80.00000,0.00508
534F4C31,32924,280454157,293,219,3000,3008,74,-8,74.00000,-0.00416
534F4C31,32925,280459264,279,167,3001,3007,112,-6,112.00000,0.00046
534F4C31,32926,280464237,330,222,3002,3006,108,-4,108.00000,0.00508
534F4C31,32927,280469559,322,220,3001,3008,102,-7,102.00000,-0.00185
534F4C31,32927,280474910,302,172,3001,3006,130,-5,130.00000,0.00277
534F4C31,32927,280479231,321,207,3003,3005,114,-2,114.00000,0.00971
534F4C31,32928,280484144,350,232,3002,3006,118,-4,118.00000,0.00508
534F4C31,32928,280489129,338,216,3000,3007,122,-7,122.00000,-0.00185
534F4C31,32929,280494173,331,245,3002,3008,86,-6,86.00000,0.00046
534F4C31,32930,280500178,326,173,3003,3006,153,-3,153.00000,0.00740
534F4C31,32930,280504269,300,182,3000,3009,118,-9,118.00000,-0.00647
534F4C31,32930,280509146,289,145,3001,3007,144,-6,144.00000,0.00046
534F4C31,32930,280514599,343,232,3001,3006,111,-5,111.00000,0.00277
534F4C31,32930,280519142,343,223,3000,3008,120,-8,120.00000,-0.00416
534F4C31,32931,280524151,316,221,3002,3009,95,-7,95.00000,-0.00185
534F4C31,32932,280529174,315,237,3005,3007,78,-2,78.00000,0.00971
534F4C31,32933,280534201,332,231,3002,3007,101,-5,101.00000,0.00277
534F4C31,32934,280539440,315,228,3007,3004,87,3,87.00000,0.02126
534F4C31,32935,280544797,282,240,3002,3008,42,-6,42.00000,0.00046
534F4C31,32936,280549388,238,211,3002,3008,27,-6,27.00000,0.00046
534F4C31,32936,280554411,238,204,3001,3007,34,-6,34.00000,0.00046
534F4C31,32936,280559146,225,156,3003,3007,69,-4,69.00000,0.00508
534F4C31,32936,280564519,320,233,3002,3007,87,-5,87.00000,0.00277
534F4C31,32937,280569153,340,230,3002,3008,110,-6,110.00000,0.00046
534F4C31,32938,280574155,325,217,3004,3009,108,-5,108.00000,0.00277
534F4C31,32939,280579820,330,230,3002,3006,100,-4,100.00000,0.00508
534F4C31,32940,280584641,317,210,3001,3007,107,-6,107.00000,0.00046
534F4C31,32940,280590386,344,192,3002,3007,152,-5,152.00000,0.00277
534F4C31,32940,280594142,303,175,3003,3006,128,-3,128.00000,0.00740
534F4C31,32940,280599134,347,231,3002,3007,116,-5,116.00000,0.00277
534F4C31,32940,280604140,346,224,3001,3007,122,-6,122.00000,0.00046
534F4C31,32941,280609653,336,219,3005,3007,117,-2,117.00000,0.00971
534F4C31,32942,280614270,342,222,3004,3007,120,-3,120.00000,0.00740
534F4C31,32943,280619550,354,186,3002,3009,168,-7,168.00000,-0.00185
534F4C31,32943,280624142,318,151,3004,3007,167,-3,167.00000,0.00740
534F4C31,32944,280629700,338,218,3003,3005,120,-2,120.00000,0.00971
534F4C31,32945,280634136,338,225,3003,3010,113,-7,113.00000,-0.00185
534F4C31,32945,280639381,324,210,3002,3008,114,-6,114.00000,0.00046
534F4C31,32946,280644155,301,242,3002,3008,59,-6,59.00000,0.00046
534F4C31,32946,280649903,276,172,3001,3008,104,-7,104.00000,-0.00185
534F4C31,32946,280654136,290,202,3000,3008,88,-8,88.00000,-0.00416
534F4C31,32947,280659525,284,195,3002,3006,89,-4,89.00000,0.00508
534F4C31,32948,280664113,314,215,3001,3009,99,-8,99.00000,-0.00416
534F4C31,32949,280669520,302,261,3001,3008,41,-7,41.00000,-0.00185
534F4C31,32950,280674297,231,160,3004,3008,71,-4,71.00000,0.00508
534F4C31,32950,280679813,312,183,3003,3009,129,-6,129.00000,0.00046
534F4C31,32950,280684140,326,228,3003,3011,98,-8,98.00000,-0.00416
534F4C31,32951,280689147,317,207,3001,3008,110,-7,110.00000,-0.00185
534F4C31,32951,280694144,319,213,3009,3008,106,1,106.00000,0.01664
534F4C31,32952,280699167,355,249,3002,3008,106,-6,106.00000,0.00046
534F4C31,32953,280704359,338,228,3000,3007,110,-7,110.00000,-0.00185
534F4C31,32954,280710274,302,222,3002,3009,80,-7,80.00000,-0.00185
534F4C31,32954,280714764,311,187,3002,3006,124,-4,124.00000,0.00508
534F4C31,32955,280719366,342,221,3001,3009,121,-8,121.00000,-0.00416
534F4C31,32956,280724151,317,213,3000,3006,104,-6,104.00000,0.00046
534F4C31,32957,280729977,302,254,3002,3003,48,-1,48.00000,0.01202
534F4C31,32958,280734679,293,216,3002,3007,77,-5,77.00000,0.00277
534F4C31,32958,280740933,288,169,3004,3008,119,-4,119.00000,0.00508
534F4C31,32958,280744250,255,148,3003,3007,107,-4,107.00000,0.00508
534F4C31,32958,280749144,331,222,3002,3007,109,-5,109.00000,0.00277
534F4C31,32959,280754143,342,221,3000,3007,121,-7,121.00000,-0.00185
534F4C31,32960,280759182,319,209,3001,3009,110,-8,110.00000,-0.00416
534F4C31,32961,280764133,337,226,3002,3007,111,-5,111.00000,0.00277
534F4C31,32961,280769130,361,222,3002,3006,139,-4,139.00000,0.00508
534F4C31,32962,280774189,323,206,3002,3008,117,-6,117.00000,0.00046
534F4C31,32963,280779609,327,218,3001,3007,109,-6,109.00000,0.00046
534F4C31,32964,280784175,312,244,3000,3008,68,-8,68.00000,-0.00416
534F4C31,32965,280789156,273,211,3000,3009,62,-9,62.00000,-0.00647
534F4C31,32966,280794147,256,177,3002,3008,79,-6,79.00000,0.00046
534F4C31,32967,280799172,318,266,3002,3007,52,-5,52.00000,0.00277
534F4C31,32968,280804732,295,219,3004,3008,76,-4,76.00000,0.00508
534F4C31,32968,280810605,304,210,3002,3006,94,-4,94.00000,0.00508
534F4C31,32968,280814134,306,196,3002,3007,110,-5,110.00000,0.00277
534F4C31,32968,280819547,347,239,3002,3007,108,-5,108.00000,0.00277
534F4C31,32969,280824183,284,216,3001,3007,68,-6,68.00000,0.00046
534F4C31,32969,280829159,299,218,3003,3007,81,-4,81.00000,0.00508
534F4C31,32969,280834156,344,253,3002,3007,91,-5,91.00000,0.00277
534F4C31,32970,280839149,332,228,3001,3007,104,-6,104.00000,0.00046
534F4C31,32970,280844127,324,223,3002,3006,101,-4,101.00000,0.00508
534F4C31,32971,280849195,356,249,3005,3007,107,-2,107.00000,0.00971
534F4C31,32972,280855168,311,164,3001,3009,147,-8,147.00000,-0.00416
534F4C31,32972,280859630,302,186,3002,3007,116,-5,116.00000,0.00277
534F4C31,32973,280864172,314,221,3003,3009,93,-6,93.00000,0.00046
534F4C31,32974,280869387,300,208,3002,3007,92,-5,92.00000,0.00277
534F4C31,32975,280876114,302,213,3001,3008,89,-7,89.00000,-0.00185
534F4C31,32975,280880340,287,159,3001,3008,128,-7,128.00000,-0.00185
534F4C31,32976,280884886,315,205,3002,3006,110,-4,110.00000,0.00508
534F4C31,32977,280889393,254,163,3001,3008,91,-7,91.00000,-0.00185
534F4C31,32977,280894557,301,178,3003,3007,123,-4,123.00000,0.00508
534F4C31,32977,280899142,336,219,3001,3008,117,-7,117.00000,-0.00185
534F4C31,32977,280904144,337,217,3004,3008,120,-4,120.00000,0.00508
534F4C31,32977,280909143,323,211,3002,3010,112,-8,112.00000,-0.00416
534F4C31,32978,280914580,315,259,3003,3011,56,-8,56.00000,-0.00416
534F4C31,32979,280919155,269,190,3002,3011,79,-9,79.00000,-0.00647
534F4C31,32980,280924573,248,206,3004,3005,42,-1,42.00000,0.01202
534F4C31,32981,280929994,245,184,3003,3009,61,-6,61.00000,0.00046
534F4C31,32981,280934150,269,176,3002,3006,93,-4,93.00000,0.00508
534F4C31,32982,280939182,265,192,3002,3007,73,-5,73.00000,0.00277
534F4C31,32983,280944629,274,205,3008,3007,69,1,69.00000,0.01664
534F4C31,32983,280950908,331,211,3002,3009,120,-7,120.00000,-0.00185
534F4C31,32983,280954135,262,141,3002,3006,121,-4,121.00000,0.00508
534F4C31,32983,280959139,269,200,3002,3007,69,-5,69.00000,0.00277
534F4C31,32983,280964133,306,215,3001,3008,91,-7,91.00000,-0.00185
534F4C31,32984,280969238,349,240,3002,3009,109,-7,109.00000,-0.00185
534F4C31,32985,280974150,332,218,3002,3008,114,-6,114.00000,0.00046
534F4C31,32986,280980636,369,261,3003,3008,108,-5,108.00000,0.00277
534F4C31,32986,280984136,324,221,3002,3008,103,-6,103.00000,0.00046
534F4C31,32986,280989149,327,215,3001,3007,112,-6,112.00000,0.00046
534F4C31,32987,280994186,286,266,3003,3008,20,-5,20.00000,0.00277
534F4C31,32988,280999147,241,222,3002,3010,19,-8,19.00000,-0.00416
534F4C31,32989,281004149,267,210,3001,3008,57,-7,57.00000,-0.00185
534F4C31,32990,281009558,268,170,3002,3005,98,-3,98.00000,0.00740
534F4C31,32990,281014263,302,201,3003,3005,101,-2,101.00000,0.00971
534F4C31,32990,281019149,347,228,3003,3008,119,-5,119.00000,0.00277
534F4C31,32991,281024158,334,234,3003,3009,100,-6,100.00000,0.00046
534F4C31,32992,281029482,292,206,3002,3007,86,-5,86.00000,0.00277
534F4C31,32993,281034523,331,220,3004,3008,111,-4,111.00000,0.00508
534F4C31,32993,281039515,300,168,3002,3006,132,-4,132.00000,0.00508
534F4C31,32993,281044246,310,204,3001,3008,106,-7,106.00000,-0.00185
534F4C31,32993,281049140,344,232,3001,3008,112,-7,112.00000,-0.00185
534F4C31,32994,281054185,307,256,3002,3008,51,-6,51.00000,0.00046
534F4C31,32995,281059152,257,193,3000,3006,64,-6,64.00000,0.00046
534F4C31,32996,281064305,303,221,3001,3007,82,-6,82.00000,0.00046
534F4C31,32996,281069251,301,196,3002,3007,105,-5,105.00000,0.00277
534F4C31,32997,281074181,313,204,3002,3009,109,-7,109.00000,-0.00185
534F4C31,32998,281079125,335,227,3001,3004,108,-3,108.00000,0.00740
534F4C31,32999,281084149,362,245,3002,3007,117,-5,117.00000,0.00277
534F4C31,33000,281089135,343,196,3003,3007,147,-4,147.00000,0.00508
534F4C31,33001,281094762,345,187,3002,3010,158,-8,158.00000,-0.00416
534F4C31,33001,281099134,335,172,3002,3006,163,-4,163.00000,0.00508
534F4C31,33002,281104157,346,202,3000,3009,144,-9,144.00000,-0.00647
534F4C31,33003,281109327,320,207,3003,3007,113,-4,113.00000,0.00508
534F4C31,33003,281114140,330,215,3005,3008,115,-3,115.00000,0.00740
534F4C31,33004,281119131,360,202,3003,3009,158,-6,158.00000,0.00046
534F4C31,33005,281124166,335,180,3001,3008,155,-7,155.00000,-0.00185
534F4C31,33005,281129762,342,148,3001,3006,194,-5,194.00000,0.00277
534F4C31,33006,281134268,359,220,3000,3005,139,-5,139.00000,0.00277
534F4C31,33007,281139127,338,204,3002,3006,134,-4,134.00000,0.00508
534F4C31,33008,281144163,307,243,3002,3009,64,-7,64.00000,-0.00185
534F4C31,33008,281149531,283,171,3002,3007,112,-5,112.00000,0.00277
534F4C31,33008,281154134,314,186,3001,3006,128,-5,128.00000,0.00277
534F4C31,33008,281159143,304,178,3002,3007,126,-5,126.00000,0.00277
534F4C31,33009,281164143,348,212,3002,3007,136,-5,136.00000,0.00277
534F4C31,33009,281169130,358,166,3002,3007,192,-5,192.00000,0.00277
534F4C31,33009,281174182,343,199,3002,3008,144,-6,144.00000,0.00046
534F4C31,33009,281179142,352,229,3003,3008,123,-5,123.00000,0.00277
534F4C31,33010,281184167,342,273,3002,3006,69,-4,69.00000,0.00508
534F4C31,33011,281189154,249,214,3004,3008,35,-4,35.00000,0.00508
534F4C31,33011,281195025,293,227,3002,3006,66,-4,66.00000,0.00508
534F4C31,33012,281199169,313,230,3002,3008,83,-6,83.00000,0.00046
534F4C31,33013,281204178,295,236,3003,3006,59,-3,59.00000,0.00740
534F4C31,33014,281209158,269,186,3001,3007,83,-6,83.00000,0.00046
534F4C31,33014,281214134,324,231,3002,3007,93,-5,93.00000,0.00277
534F4C31,33015,281219639,337,251,3001,3008,86,-7,86.00000,-0.00185
534F4C31,33016,281224134,311,199,3002,3007,112,-5,112.00000,0.00277
534F4C31,33017,281229748,349,191,3003,3008,158,-5,158.00000,0.00277
534F4C31,33018,281234840,369,249,3002,3009,120,-7,120.00000,-0.00185
534F4C31,33019,281239143,270,175,3000,3008,95,-8,95.00000,-0.00416
534F4C31,33019,281244762,311,201,3004,3009,110,-5,110.00000,0.00277
534F4C31,33020,281249154,323,216,3002,3007,107,-5,107.00000,0.00277
534F4C31,33021,281254145,330,197,3000,3006,133,-6,133.00000,0.00046
534F4C31,33021,281259131,323,171,3002,3006,152,-4,152.00000,0.00508
534F4C31,33021,281264243,337,235,3002,3006,102,-4,102.00000,0.00508
534F4C31,33021,281269145,348,230,3002,3007,118,-5,118.00000,0.00277
534F4C31,33021,281274151,330,217,3006,3008,113,-2,113.00000,0.00971
534F4C31,33021,281279134,344,236,3002,3010,108,-8,108.00000,-0.00416
534F4C31,33022,281284135,363,251,3002,3007,112,-5,112.00000,0.00277
534F4C31,33022,281289144,335,188,3002,3008,147,-6,147.00000,0.00046
534F4C31,33023,281294183,309,255,3003,3008,54,-5,54.00000,0.00277
534F4C31,33024,281299482,289,246,3002,3006,43,-4,43.00000,0.00508
534F4C31,33025,281304181,275,178,3002,3007,97,-5,97.00000,0.00277
534F4C31,33026,281309152,276,229,3001,3007,47,-6,47.00000,0.00046
534F4C31,33026,281314661,292,184,3002,3006,108,-4,108.00000,0.00508
534F4C31,33027,281319593,316,221,3001,3007,95,-6,95.00000,0.00046
534F4C31,33028,281324220,301,196,3001,3006,105,-5,105.00000,0.00277
534F4C31,33029,281329323,331,215,3001,3008,116,-7,116.00000,-0.00185
534F4C31,33029,281334428,336,174,3001,3007,162,-6,162.00000,0.00046
534F4C31,33029,281339127,315,163,3001,3007,152,-6,152.00000,0.00046
534F4C31,33030,281344791,342,244,3002,3007,98,-5,98.00000,0.00277
534F4C31,33031,281349132,297,193,3001,3007,104,-6,104.00000,0.00046
534F4C31,33031,281355294,342,179,3000,3007,163,-7,163.00000,-0.00185
534F4C31,33031,281359138,307,151,3001,3007,156,-6,156.00000,0.00046
534F4C31,33031,281364134,339,195,3003,3007,144,-4,144.00000,0.00508
534F4C31,33032,281369174,319,250,3002,3007,69,-5,69.00000,0.00277
534F4C31,33033,281374144,248,188,3002,3007,60,-5,60.00000,0.00277
534F4C31,33033,281379754,288,196,3004,3007,92,-3,92.00000,0.00740
534F4C31,33033,281384143,317,204,3004,3008,113,-4,113.00000,0.00508
534F4C31,33034,281389184,297,219,3002,3007,78,-5,78.00000,0.00277
534F4C31,33035,281394150,272,190,3004,3009,82,-5,82.00000,0.00277
534F4C31,33036,281399143,308,279,3003,3007,29,-4,29.00000,0.00508
534F4C31,33037,281405065,275,216,3002,3006,59,-4,59.00000,0.00508
534F4C31,33038,281410196,286,173,3003,3009,113,-6,113.00000,0.00046
534F4C31,33039,281414163,290,159,3004,3008,131,-4,131.00000,0.00508
534F4C31,33039,281419464,319,192,3003,3004,127,-1,127.00000,0.01202
534F4C31,33039,281424210,300,164,3003,3007,136,-4,136.00000,0.00508
534F4C31,33040,281429152,322,190,3002,3008,132,-6,132.00000,0.00046
534F4C31,33041,281434391,355,240,3001,3007,115,-6,115.00000,0.00046
534F4C31,33041,281439245,265,163,3002,3007,102,-5,102.00000,0.00277
534F4C31,33041,281434391,355,240,3001,3007,115,-6,115.00000,0.00046
534F4C31,33041,281439245,265,163,3002,3007,102,-5,102.00000,0.00277
534F4C31,33041,281434391,355,240,3001,3007,115,-6,115.00000,0.00046
534F4C31,33041,281439245,265,163,3002,3007,102,-5,102.00000,0.00277
534F4C31,33042,281444134,277,185,3004,3007,92,-3,92.00000,0.00740
534F4C31,33042,281449135,301,190,3002,3007,111,-5,111.00000,0.00277
534F4C31,33042,281454140,328,205,3002,3007,123,-5,123.00000,0.00277
534F4C31,33043,281459177,325,213,3002,3008,112,-6,112.00000,0.00046
534F4C31,33043,281464132,323,209,3003,3008,114,-5,114.00000,0.00277
534F4C31,33043,281469136,357,236,3002,3008,121,-6,121.00000,0.00046
534F4C31,33043,281474130,335,201,3003,3010,134,-7,134.00000,-0.00185
534F4C31,33043,281479157,344,232,3006,3010,112,-4,112.00000,0.00508
534F4C31,33044,281484187,353,261,3004,3008,92,-4,92.00000,0.00508
534F4C31,33045,281489130,323,205,3005,3011,118,-6,118.00000,0.00046
534F4C31,33046,281494143,286,245,3004,3006,41,-2,41.00000,0.00971
534F4C31,33046,281499520,272,205,3003,3008,67,-5,67.00000,0.00277
534F4C31,33046,281504144,289,222,3001,3008,67,-7,67.00000,-0.00185
534F4C31,33047,281509291,281,206,3001,3008,75,-7,75.00000,-0.00185
534F4C31,33048,281514182,311,230,3004,3008,81,-4,81.00000,0.00508
534F4C31,33048,281519711,343,218,3000,3011,125,-11,125.00000,-0.01109
534F4C31,33048,281524159,317,187,3002,3009,130,-7,130.00000,-0.00185
534F4C31,33048,281529143,330,210,3003,3009,120,-6,120.00000,0.00046
534F4C31,33049,281534728,369,264,3002,3011,105,-9,105.00000,-0.00647
534F4C31,33050,281540363,339,234,3000,3006,105,-6,105.00000,0.00046
534F4C31,33051,281544836,313,224,3004,3006,89,-2,89.00000,0.00971
534F4C31,33051,281549139,292,187,3003,3008,105,-5,105.00000,0.00277
534F4C31,33052,281554203,293,239,3001,3007,54,-6,54.00000,0.00046
534F4C31,33053,281559136,256,176,3001,3009,80,-8,80.00000,-0.00416
534F4C31,33054,281564657,335,243,3002,3008,92,-6,92.00000,0.00046
534F4C31,33055,281569167,329,241,3003,3008,88,-5,88.00000,0.00277
534F4C31,33055,281574760,301,207,3003,3008,94,-5,94.00000,0.00277
534F4C31,33055,281579218,314,225,3003,3009,89,-6,89.00000,0.00046
534F4C31,33055,281584141,339,244,3003,3010,95,-7,95.00000,-0.00185
534F4C31,33056,281589155,328,209,3002,3010,119,-8,119.00000,-0.00416
534F4C31,33057,281594147,274,181,3005,3008,93,-3,93.00000,0.00740
534F4C31,33058,281599492,290,261,3004,3008,29,-4,29.00000,0.00508
534F4C31,33059,281604151,244,179,3001,3007,65,-6,65.00000,0.00046
534F4C31,33059,281609146,257,240,3004,3006,17,-2,17.00000,0.00971
534F4C31,33059,281614378,244,163,3003,3005,81,-2,81.00000,0.00971
534F4C31,33060,281619321,315,226,3003,3008,89,-5,89.00000,0.00277
534F4C31,33061,281624150,306,204,3012,3008,102,4,102.00000,0.02357
534F4C31,33062,281629147,313,264,3002,3008,49,-6,49.00000,0.00046
534F4C31,33062,281635283,308,182,3002,3006,126,-4,126.00000,0.00508
534F4C31,33062,281639172,286,206,3001,3007,80,-6,80.00000,0.00046
534F4C31,33062,281644130,249,178,3003,3007,71,-4,71.00000,0.00508
534F4C31,33062,281649151,327,235,3003,3008,92,-5,92.00000,0.00277
534F4C31,33063,281654144,336,224,3001,3009,112,-8,112.00000,-0.00416
534F4C31,33063,281659197,321,181,3002,3010,140,-8,140.00000,-0.00416
534F4C31,33064,281664700,319,306,3001,3009,13,-8,13.00000,-0.00416
534F4C31,33065,281670384,237,177,3001,3007,60,-6,60.00000,0.00046
534F4C31,33066,281674578,254,168,3001,3008,86,-7,86.00000,-0.00185
534F4C31,33067,281679131,273,206,3002,3007,67,-5,67.00000,0.00277
534F4C31,33068,281684863,311,222,3002,3010,89,-8,89.00000,-0.00416
534F4C31,33069,281689804,274,204,3002,3008,70,-6,70.00000,0.00046
534F4C31,33069,281695907,296,195,3006,3006,101,0,101.00000,0.01433
534F4C31,33069,281699136,277,177,3002,3007,100,-5,100.00000,0.00277
534F4C31,33070,281704177,298,216,3002,3009,82,-7,82.00000,-0.00185
534F4C31,33071,281710676,299,174,3003,3008,125,-5,125.00000,0.00277
534F4C31,33072,281714978,324,204,3003,3010,120,-7,120.00000,-0.00185
534F4C31,33072,281719292,291,199,3001,3006,92,-5,92.00000,0.00277
534F4C31,33073,281724165,281,188,3002,3008,93,-6,93.00000,0.00046
534F4C31,33073,281729263,326,227,3003,3008,99,-5,99.00000,0.00277
534F4C31,33074,281734184,337,260,3002,3008,77,-6,77.00000,0.00046
534F4C31,33075,281739481,273,158,3002,3009,115,-7,115.00000,-0.00185
534F4C31,33075,281744186,266,202,3004,3012,64,-8,64.00000,-0.00416
534F4C31,33075,281749456,277,209,3003,3009,68,-6,68.00000,0.00046
534F4C31,33075,281754135,295,182,3002,3008,113,-6,113.00000,0.00046
534F4C31,33076,281759154,312,200,3002,3011,112,-9,112.00000,-0.00647
534F4C31,33076,281764174,341,238,3003,3007,103,-4,103.00000,0.00508
534F4C31,33076,281769149,361,243,3001,3007,118,-6,118.00000,0.00046
534F4C31,33077,281774183,333,221,3004,3006,112,-2,112.00000,0.00971
534F4C31,33078,281779131,313,211,3001,3006,102,-5,102.00000,0.00277
534F4C31,33079,281784186,288,232,3002,3009,56,-7,56.00000,-0.00185
534F4C31,33080,281790246,272,174,3001,3009,98,-8,98.00000,-0.00416
534F4C31,33080,281794811,286,196,3002,3008,90,-6,90.00000,0.00046
534F4C31,33080,281799130,275,183,3002,3010,92,-8,92.00000,-0.00416
534F4C31,33081,281804689,312,228,3002,3007,84,-5,84.00000,0.00277
534F4C31,33082,281809662,267,155,3002,3007,112,-5,112.00000,0.00277
534F4C31,33083,281814136,312,206,3006,3008,106,-2,106.00000,0.00971
534F4C31,33084,281820397,334,205,3000,3007,129,-7,129.00000,-0.00185
534F4C31,33084,281824128,305,172,3002,3006,133,-4,133.00000,0.00508
534F4C31,33084,281829685,353,239,3003,3010,114,-7,114.00000,-0.00185
534F4C31,33084,281834156,354,243,3002,3006,111,-4,111.00000,0.00508
534F4C31,33085,281839617,307,241,3002,3008,66,-6,66.00000,0.00046
534F4C31,33085,281844149,260,188,3002,3009,72,-7,72.00000,-0.00185
534F4C31,33086,281849186,310,267,3001,3009,43,-8,43.00000,-0.00416
534F4C31,33087,281854939,299,227,3001,3008,72,-7,72.00000,-0.00185
534F4C31,33088,281859441,284,189,3002,3005,95,-3,95.00000,0.00740
534F4C31,33089,281864346,292,259,3002,3010,33,-8,33.00000,-0.00416
534F4C31,33089,281869873,269,212,3003,3007,57,-4,57.00000,0.00508
534F4C31,33089,281874135,268,186,3002,3009,82,-7,82.00000,-0.00185
534F4C31,33089,281879150,321,227,3002,3006,94,-4,94.00000,0.00508
534F4C31,33090,281884162,353,254,3001,3009,99,-8,99.00000,-0.00416
534F4C31,33091,281889151,332,219,3002,3009,113,-7,113.00000,-0.00185
534F4C31,33092,281894319,306,206,3010,3008,100,2,100.00000,0.01895
534F4C31,33093,281899246,317,175,3006,3008,142,-2,142.00000,0.00971
534F4C31,33093,281904140,330,201,3001,3007,129,-6,129.00000,0.00046
534F4C31,33094,281909259,324,180,3003,3009,144,-6,144.00000,0.00046
534F4C31,33095,281914842,349,225,3002,3006,124,-4,124.00000,0.00508
534F4C31,33095,281919536,309,205,3002,3007,104,-5,104.00000,0.00277
534F4C31,33095,281924161,282,183,3002,3008,99,-6,99.00000,0.00046
534F4C31,33095,281929144,322,225,3002,3009,97,-7,97.00000,-0.00185
534F4C31,33096,281934178,354,273,3001,3008,81,-7,81.00000,-0.00185
534F4C31,33097,281939142,280,200,3001,3009,80,-8,80.00000,-0.00416
534F4C31,33098,281944189,287,237,3004,3008,50,-4,50.00000,0.00508
534F4C31,33098,281949664,288,224,3001,3009,64,-8,64.00000,-0.00416
534F4C31,33098,281954133,270,133,3001,3008,137,-7,137.00000,-0.00185
534F4C31,33098,281959140,302,198,3001,3005,104,-4,104.00000,0.00508
534F4C31,33098,281964141,320,220,3004,3008,100,-4,100.00000,0.00508
534F4C31,33099,281969583,297,254,3003,3009,43,-6,43.00000,0.00046
534F4C31,33100,281974616,271,191,3003,3010,80,-7,80.00000,-0.00185
534F4C31,33101,281979184,287,240,3004,3010,47,-6,47.00000,0.00046
534F4C31,33102,281984145,281,228,3003,3006,53,-3,53.00000,0.00740
534F4C31,33102,281990625,316,156,3002,3007,160,-5,160.00000,0.00277
534F4C31,33102,281994603,306,185,3004,3008,121,-4,121.00000,0.00508
534F4C31,33103,281999177,307,222,3002,3007,85,-5,85.00000,0.00277
534F4C31,33104,282004132,298,178,3001,3010,120,-9,120.00000,-0.00647
534F4C31,33104,282009527,317,209,3002,3009,108,-7,108.00000,-0.00185
534F4C31,33104,282014149,317,239,3002,3009,78,-7,78.00000,-0.00185
534F4C31,33105,282019161,279,244,3004,3009,35,-5,35.00000,0.00277
534F4C31,33106,282024753,253,171,3003,3009,82,-6,82.00000,0.00046
534F4C31,33107,282029141,283,215,3013,3009,68,4,68.00000,0.02357
534F4C31,33108,282035663,349,223,3002,3007,126,-5,126.00000,0.00277
534F4C31,33109,282039927,313,177,3002,3008,136,-6,136.00000,0.00046
534F4C31,33109,282045104,309,164,3002,3007,145,-5,145.00000,0.00277
534F4C31,33109,282049130,296,174,3002,3008,122,-6,122.00000,0.00046
534F4C31,33109,282054137,322,170,3002,3008,152,-6,152.00000,0.00046
534F4C31,33110,282059774,322,214,3002,3007,108,-5,108.00000,0.00277
534F4C31,33111,282064152,320,253,3003,3006,67,-3,67.00000,0.00740
534F4C31,33112,282069743,298,171,3008,3007,127,1,127.00000,0.01664
534F4C31,33112,282074162,302,177,3000,3005,125,-5,125.00000,0.00277
534F4C31,33113,282079155,334,214,3004,3009,120,-5,120.00000,0.00277
534F4C31,33114,282084519,366,187,3003,3009,179,-6,179.00000,0.00046
534F4C31,33114,282089156,340,217,3000,3008,123,-8,123.00000,-0.00416
534F4C31,33114,282094130,277,207,3001,3006,70,-5,70.00000,0.00277
534F4C31,33115,282099142,310,223,3000,3008,87,-8,87.00000,-0.00416
534F4C31,33116,282104162,327,232,3001,3006,95,-5,95.00000,0.00277
534F4C31,33117,282109164,255,257,3003,3009,-2,-6,-2.00000,0.00046
534F4C31,33117,282114420,244,190,3001,3006,54,-5,54.00000,0.00277
534F4C31,33117,282119305,318,231,3001,3006,87,-5,87.00000,0.00277
534F4C31,33118,282124152,311,205,3003,3008,106,-5,106.00000,0.00277
534F4C31,33118,282129160,322,218,3001,3006,104,-5,104.00000,0.00277
534F4C31,33119,282134160,335,265,3001,3007,70,-6,70.00000,0.00046
534F4C31,33120,282139142,244,184,3008,3009,60,-1,60.00000,0.01202
534F4C31,33120,282145101,310,199,3002,3007,111,-5,111.00000,0.00277
534F4C31,33120,282149130,314,231,3002,3007,83,-5,83.00000,0.00277
534F4C31,33121,282154264,260,224,3000,3010,36,-10,36.00000,-0.00878
534F4C31,33122,282159622,251,214,3003,3007,37,-4,37.00000,0.00508
534F4C31,33122,282164926,288,210,3002,3009,78,-7,78.00000,-0.00185
534F4C31,33122,282169143,319,203,3001,3006,116,-5,116.00000,0.00277
534F4C31,33123,282174141,323,198,3005,3008,125,-3,125.00000,0.00740
534F4C31,33124,282179151,340,218,3004,3008,122,-4,122.00000,0.00508
534F4C31,33124,282184138,345,212,3002,3008,133,-6,133.00000,0.00046
534F4C31,33125,282189350,339,214,3002,3006,125,-4,125.00000,0.00508
534F4C31,33125,282194130,313,189,3002,3008,124,-6,124.00000,0.00046
534F4C31,33126,282199643,349,281,3001,3008,68,-7,68.00000,-0.00185
534F4C31,33127,282204129,277,193,3006,3005,84,1,84.00000,0.01664
534F4C31,33128,282209718,298,237,3002,3009,61,-7,61.00000,-0.00185
534F4C31,33128,282214291,293,172,3002,3008,121,-6,121.00000,0.00046
534F4C31,33128,282220262,355,238,3001,3008,117,-7,117.00000,-0.00185
534F4C31,33128,282224139,318,190,3002,3007,128,-5,128.00000,0.00277
534F4C31,33129,282229380,345,235,3002,3009,110,-7,110.00000,-0.00185
534F4C31,33130,282234140,343,184,3002,3007,159,-5,159.00000,0.00277
534F4C31,33131,282239153,324,201,3001,3005,123,-4,123.00000,0.00508
534F4C31,33132,282244874,291,157,3002,3005,134,-3,134.00000,0.00740
534F4C31,33132,282249685,329,230,3002,3006,99,-4,99.00000,0.00508
534F4C31,33132,282254736,313,212,3001,3007,101,-6,101.00000,0.00046
534F4C31,33132,282259150,295,187,3002,3006,108,-4,108.00000,0.00508
534F4C31,33133,282264138,336,229,3002,3008,107,-6,107.00000,0.00046
534F4C31,33134,282269152,355,221,3002,3009,134,-7,134.00000,-0.00185
534F4C31,33135,282274397,325,187,3006,3004,138,2,138.00000,0.01895
534F4C31,33136,282279499,337,233,3004,3006,104,-2,104.00000,0.00971
534F4C31,33136,282284135,329,210,3002,3007,119,-5,119.00000,0.00277
534F4C31,33137,282289211,314,234,3001,3008,80,-7,80.00000,-0.00185
534F4C31,33138,282294305,271,217,3001,3008,54,-7,54.00000,-0.00185
534F4C31,33139,282299566,314,243,3002,3007,71,-5,71.00000,0.00277
534F4C31,33140,282304346,306,209,3003,3007,97,-4,97.00000,0.00508
534F4C31,33140,282309287,308,144,3002,3007,164,-5,164.00000,0.00277
534F4C31,33141,282314171,346,218,3003,3007,128,-4,128.00000,0.00508
534F4C31,33142,282319138,360,230,3002,3005,130,-3,130.00000,0.00740
534F4C31,33143,282324149,273,222,3003,3007,51,-4,51.00000,0.00508
534F4C31,33144,282330344,284,185,3003,3008,99,-5,99.00000,0.00277
534F4C31,33144,282334143,303,210,3001,3006,93,-5,93.00000,0.00277
534F4C31,33145,282339152,315,194,2999,3006,121,-7,121.00000,-0.00185
534F4C31,33146,282344154,315,265,3003,3005,50,-2,50.00000,0.00971
534F4C31,33146,282349732,248,217,3000,3006,31,-6,31.00000,0.00046
534F4C31,33146,282354131,260,194,3001,3008,66,-7,66.00000,-0.00185
534F4C31,33146,282359254,287,202,3002,3007,85,-5,85.00000,0.00277
534F4C31,33146,282364145,327,237,3001,3007,90,-6,90.00000,0.00046
534F4C31,33147,282369138,356,249,3001,3007,107,-6,107.00000,0.00046
534F4C31,33148,282374138,322,231,3001,3005,91,-4,91.00000,0.00508
534F4C31,33149,282379136,304,223,3001,3006,81,-5,81.00000,0.00277
534F4C31,33150,282384179,331,195,3001,3006,136,-5,136.00000,0.00277
534F4C31,33150,282389127,300,170,3001,3008,130,-7,130.00000,-0.00185
534F4C31,33150,282394180,279,229,3002,3008,50,-6,50.00000,0.00046
534F4C31,33150,282399130,281,207,3004,3007,74,-3,74.00000,0.00740
534F4C31,33150,282404137,317,213,3001,3007,104,-6,104.00000,0.00046
534F4C31,33151,282409142,319,206,3001,3006,113,-5,113.00000,0.00277
534F4C31,33151,282414153,341,213,3001,3007,128,-6,128.00000,0.00046
534F4C31,33152,282419169,329,266,3002,3007,63,-5,63.00000,0.00277
534F4C31,33153,282424139,238,176,3001,3009,62,-8,62.00000,-0.00416
534F4C31,33154,282429537,318,241,3004,3006,77,-2,77.00000,0.00971
534F4C31,33155,282434150,336,240,3002,3007,96,-5,96.00000,0.00277
534F4C31,33156,282439888,339,187,3000,3006,152,-6,152.00000,0.00046
534F4C31,33156,282444138,303,141,3001,3009,162,-8,162.00000,-0.00416
534F4C31,33157,282449726,340,264,3001,3006,76,-5,76.00000,0.00277
534F4C31,33158,282454151,278,198,3005,3007,80,-2,80.00000,0.00971
534F4C31,33159,282460559,316,167,3003,3006,149,-3,149.00000,0.00740
534F4C31,33159,282464788,329,146,3005,3007,183,-2,183.00000,0.00971
534F4C31,33159,282469192,342,199,3003,3009,143,-6,143.00000,0.00046
534F4C31,33159,282474140,329,187,3002,3008,142,-6,142.00000,0.00046
534F4C31,33159,282479153,343,210,3002,3007,133,-5,133.00000,0.00277
534F4C31,33160,282484148,362,246,3001,3007,116,-6,116.00000,0.00046
534F4C31,33160,282489283,347,227,3009,3007,120,2,120.00000,0.01895
534F4C31,33161,282494178,326,269,3000,3007,57,-7,57.00000,-0.00185
534F4C31,33162,282499852,291,231,3001,3008,60,-7,60.00000,-0.00185
534F4C31,33163,282504135,284,209,3001,3007,75,-6,75.00000,0.00046
534F4C31,33163,282509154,238,199,3002,3008,39,-6,39.00000,0.00046
534F4C31,33164,282514144,266,226,3003,3006,40,-3,40.00000,0.00740
534F4C31,33165,282520075,311,193,3009,3007,118,2,118.00000,0.01895
534F4C31,33166,282524910,309,200,3003,3007,109,-4,109.00000,0.00508
534F4C31,33166,282530166,308,147,3003,3007,161,-4,161.00000,0.00508
534F4C31,33166,282534158,326,206,3001,3009,120,-8,120.00000,-0.00416
534F4C31,33167,282539147,323,208,3000,3007,115,-7,115.00000,-0.00185
534F4C31,33168,282544128,318,217,3002,3008,101,-6,101.00000,0.00046
534F4C31,33169,282549143,338,239,3002,3009,99,-7,99.00000,-0.00185
534F4C31,33170,282554713,336,205,3002,3008,131,-6,131.00000,0.00046
534F4C31,33171,282559134,294,208,3004,3008,86,-4,86.00000,0.00508
534F4C31,33172,282564945,314,238,3002,3010,76,-8,76.00000,-0.00416
534F4C31,33173,282571133,326,219,3002,3006,107,-4,107.00000,0.00508
534F4C31,33173,282575532,294,167,3002,3009,127,-7,127.00000,-0.00185
534F4C31,33173,282579141,299,187,3001,3009,112,-8,112.00000,-0.00416
534F4C31,33173,282584141,328,255,3002,3007,73,-5,73.00000,0.00277
534F4C31,33174,282589155,305,216,3001,3006,89,-5,89.00000,0.00277
534F4C31,33174,282594133,311,221,3002,3009,90,-7,90.00000,-0.00185
534F4C31,33174,282599144,348,253,3003,3008,95,-5,95.00000,0.00277
534F4C31,33174,282604149,343,235,3001,3008,108,-7,108.00000,-0.00185
534F4C31,33175,282609139,328,214,3001,3009,114,-8,114.00000,-0.00416
534F4C31,33175,282614132,344,204,3001,3007,140,-6,140.00000,0.00046
534F4C31,33176,282619193,318,260,3002,3006,58,-4,58.00000,0.00508
534F4C31,33176,282624134,247,183,3003,3011,64,-8,64.00000,-0.00416
534F4C31,33177,282629281,312,240,3003,3008,72,-5,72.00000,0.00277
534F4C31,33178,282634149,324,241,3002,3008,83,-6,83.00000,0.00046
534F4C31,33179,282639147,271,224,3002,3006,47,-4,47.00000,0.00508
534F4C31,33180,282645093,282,163,3004,3008,119,-4,119.00000,0.00508
534F4C31,33180,282649505,322,216,3002,3006,106,-4,106.00000,0.00508
534F4C31,33181,282654175,279,230,2999,3007,49,-8,49.00000,-0.00416
534F4C31,33182,282659309,253,145,3015,3008,108,7,108.00000,0.03051
534F4C31,33183,282664242,302,220,3001,3009,82,-8,82.00000,-0.00416
534F4C31,33183,282670567,319,197,3000,3007,122,-7,122.00000,-0.00185
534F4C31,33183,282674658,301,193,3001,3006,108,-5,108.00000,0.00277
534F4C31,33183,282679134,315,215,3001,3008,100,-7,100.00000,-0.00185
534F4C31,33183,282684144,349,252,3000,3007,97,-7,97.00000,-0.00185
534F4C31,33184,282689133,334,222,3002,3009,112,-7,112.00000,-0.00185
534F4C31,33185,282694365,322,213,3008,3005,109,3,109.00000,0.02126
534F4C31,33186,282699157,303,276,3001,3007,27,-6,27.00000,0.00046
534F4C31,33187,282704140,235,185,3002,3005,50,-3,50.00000,0.00740
534F4C31,33187,282709857,287,168,3001,3008,119,-7,119.00000,-0.00185
534F4C31,33187,282714284,306,222,3002,3006,84,-4,84.00000,0.00508
534F4C31,33188,282719536,316,233,3001,3007,83,-6,83.00000,0.00046
534F4C31,33188,282724141,301,189,3001,3007,112,-6,112.00000,0.00046
534F4C31,33188,282729133,329,212,3003,3009,117,-6,117.00000,0.00046
534F4C31,33189,282734814,377,265,3003,3008,112,-5,112.00000,0.00277
534F4C31,33190,282739369,334,222,3001,3009,112,-8,112.00000,-0.00416
534F4C31,33191,282744328,323,225,3001,3007,98,-6,98.00000,0.00046
534F4C31,33192,282749242,340,210,3003,3007,130,-4,130.00000,0.00508
534F4C31,33192,282754145,327,192,3000,3010,135,-10,135.00000,-0.00878
534F4C31,33193,282759191,313,199,3002,3007,114,-5,114.00000,0.00277
534F4C31,33194,282765181,355,252,3002,3006,103,-4,103.00000,0.00508
534F4C31,33195,282770123,339,184,3003,3008,155,-5,155.00000,0.00277
534F4C31,33195,282774132,302,192,3004,3010,110,-6,110.00000,0.00046
534F4C31,33195,282779132,306,190,3002,3007,116,-5,116.00000,0.00277
534F4C31,33195,282784134,346,245,3002,3008,101,-6,101.00000,0.00046
534F4C31,33195,282789149,337,229,3002,3008,108,-6,108.00000,0.00046
534F4C31,33196,282794155,327,228,3004,3006,99,-2,99.00000,0.00971
534F4C31,33197,282799151,348,242,3003,3008,106,-5,106.00000,0.00277
534F4C31,33198,282804166,319,193,3002,3008,126,-6,126.00000,0.00046
534F4C31,33199,282809508,282,212,3001,3006,70,-5,70.00000,0.00277
534F4C31,33199,282814148,279,171,3002,3006,108,-4,108.00000,0.00508
534F4C31,33200,282819189,307,235,3001,3007,72,-6,72.00000,0.00046
534F4C31,33201,282825103,297,210,3000,3005,87,-5,87.00000,0.00277
534F4C31,33202,282829438,306,208,3002,3006,98,-4,98.00000,0.00508
534F4C31,33203,282834168,275,250,3002,3008,25,-6,25.00000,0.00046
534F4C31,33203,282839250,233,197,3005,3009,36,-4,36.00000,0.00508
534F4C31,33203,282844125,251,174,3001,3006,77,-5,77.00000,0.00277
534F4C31,33203,282849149,326,238,3002,3008,88,-6,88.00000,0.00046
534F4C31,33204,282854155,335,225,3001,3007,110,-6,110.00000,0.00046
534F4C31,33204,282859150,326,208,3002,3007,118,-5,118.00000,0.00277
534F4C31,33205,282865054,330,299,3002,3006,31,-4,31.00000,0.00508
534F4C31,33206,282869556,255,212,3003,3008,43,-5,43.00000,0.00277
534F4C31,33206,282874323,252,204,3004,3007,48,-3,48.00000,0.00740
534F4C31,33207,282879148,281,230,3002,3007,51,-5,51.00000,0.00277
534F4C31,33207,282884187,312,246,3001,3006,66,-5,66.00000,0.00277
534F4C31,33208,282889171,311,234,3001,3008,77,-7,77.00000,-0.00185
534F4C31,33208,282894427,289,179,3002,3007,110,-5,110.00000,0.00277
534F4C31,33209,282899164,330,243,3001,3006,87,-5,87.00000,0.00277
534F4C31,33209,282904134,295,156,3001,3005,139,-4,139.00000,0.00508
534F4C31,33210,282909513,283,227,3003,3007,56,-4,56.00000,0.00508
534F4C31,33211,282914142,274,179,3002,3005,95,-3,95.00000,0.00740
534F4C31,33212,282919699,319,216,3001,3008,103,-7,103.00000,-0.00185
534F4C31,33212,282924131,295,188,3003,3006,107,-3,107.00000,0.00740
534F4C31,33212,282929542,344,217,3002,3010,127,-8,127.00000,-0.00416
534F4C31,33212,282934141,329,256,3001,3008,73,-7,73.00000,-0.00185
534F4C31,33212,282939138,298,209,3000,3007,89,-7,89.00000,-0.00185
534F4C31,33213,282944597,291,259,3003,3009,32,-6,32.00000,0.00046
534F4C31,33214,282949571,279,226,3002,3008,53,-6,53.00000,0.00046
534F4C31,33215,282954175,255,245,3001,3008,10,-7,10.00000,-0.00185
534F4C31,33216,282959136,215,151,3005,3005,64,0,64.00000,0.01433
534F4C31,33217,282964472,301,255,3002,3009,46,-7,46.00000,-0.00185
534F4C31,33218,282969236,262,267,3001,3007,-5,-6,-5.00000,0.00046
534F4C31,33219,282976375,226,188,3004,3008,38,-4,38.00000,0.00508
534F4C31,33219,282980539,274,179,3001,3007,95,-6,95.00000,0.00046
534F4C31,33219,282985525,335,200,3000,3007,135,-7,135.00000,-0.00185
534F4C31,33219,282989143,297,174,3002,3007,123,-5,123.00000,0.00277
534F4C31,33219,282994168,312,215,3002,3008,97,-6,97.00000,0.00046
534F4C31,33219,282999148,336,231,3002,3007,105,-5,105.00000,0.00277
534F4C31,33220,283004154,335,221,3004,3007,114,-3,114.00000,0.00740
534F4C31,33221,283009250,286,190,3003,3011,96,-8,96.00000,-0.00416
534F4C31,33222,283014147,294,220,3003,3006,74,-3,74.00000,0.00740
534F4C31,33223,283019138,323,222,3002,3007,101,-5,101.00000,0.00277
534F4C31,33224,283024571,321,216,3004,3007,105,-3,105.00000,0.00740
534F4C31,33225,283030692,335,228,3005,3007,107,-2,107.00000,0.00971
534F4C31,33226,283035782,346,195,3004,3010,151,-6,151.00000,0.00046
534F4C31,33226,283040148,299,201,3002,3006,98,-4,98.00000,0.00508
534F4C31,33226,283044811,264,184,3002,3007,80,-5,80.00000,0.00277
534F4C31,33226,283049496,317,233,3002,3009,84,-7,84.00000,-0.00185
534F4C31,33226,283054132,314,208,3000,3006,106,-6,106.00000,0.00046
534F4C31,33227,283059143,321,203,3001,3008,118,-7,118.00000,-0.00185
534F4C31,33228,283064141,345,227,3002,3008,118,-6,118.00000,0.00046
534F4C31,33229,283069780,358,203,3003,3007,155,-4,155.00000,0.00508
534F4C31,33230,283074969,328,149,3002,3009,179,-7,179.00000,-0.00185
534F4C31,33231,283079176,330,213,3002,3009,117,-7,117.00000,-0.00185
534F4C31,33232,283084156,323,236,3002,3007,87,-5,87.00000,0.00277
534F4C31,33232,283089130,285,187,3004,3008,98,-4,98.00000,0.00508
534F4C31,33232,283094145,283,184,3002,3007,99,-5,99.00000,0.00277
534F4C31,33233,283099169,338,258,3004,3007,80,-3,80.00000,0.00740
534F4C31,33233,283104145,300,196,3001,3007,104,-6,104.00000,0.00046
534F4C31,33234,283109140,313,197,3001,3006,116,-5,116.00000,0.00277
534F4C31,33234,283114179,344,214,3001,3008,130,-7,130.00000,-0.00185
534F4C31,33234,283119155,358,240,3002,3008,118,-6,118.00000,0.00046
534F4C31,33234,283124148,312,205,3000,3006,107,-6,107.00000,0.00046
534F4C31,33235,283129136,337,233,3002,3007,104,-5,104.00000,0.00277
534F4C31,33236,283134148,361,249,3002,3008,112,-6,112.00000,0.00046
534F4C31,33237,283139151,330,192,3005,3012,138,-7,138.00000,-0.00185
534F4C31,33238,283144198,327,214,3002,3008,113,-6,113.00000,0.00046
534F4C31,33239,283149167,346,206,3001,3005,140,-4,140.00000,0.00508
534F4C31,33240,283154783,356,223,3000,3007,133,-7,133.00000,-0.00185
534F4C31,33241,283159144,306,244,3006,3007,62,-1,62.00000,0.01202
534F4C31,33241,283165785,320,220,3001,3007,100,-6,100.00000,0.00046
534F4C31,33241,283169141,306,189,3001,3008,117,-7,117.00000,-0.00185
534F4C31,33241,283174142,321,199,3001,3007,122,-6,122.00000,0.00046
534F4C31,33242,283179152,345,230,3001,3007,115,-6,115.00000,0.00046
534F4C31,33242,283184193,362,266,3002,3008,96,-6,96.00000,0.00046
534F4C31,33243,283189565,337,234,3000,3008,103,-8,103.00000,-0.00416
534F4C31,33244,283194190,291,253,3004,3007,38,-3,38.00000,0.00740
534F4C31,33245,283199165,282,220,3001,3008,62,-7,62.00000,-0.00185
534F4C31,33245,283204506,316,189,3001,3007,127,-6,127.00000,0.00046
534F4C31,33246,283209951,306,226,3002,3008,80,-6,80.00000,0.00046
534F4C31,33247,283214334,296,160,3005,3011,136,-6,136.00000,0.00046
534F4C31,33247,283219418,324,220,3004,3009,104,-5,104.00000,0.00277
534F4C31,33247,283224133,302,195,2999,3007,107,-8,107.00000,-0.00416
534F4C31,33247,283229145,338,233,3002,3009,105,-7,105.00000,-0.00185
534F4C31,33248,283234172,364,258,3002,3010,106,-8,106.00000,-0.00416
534F4C31,33249,283239216,337,225,3002,3007,112,-5,112.00000,0.00277
534F4C31,33250,283244162,290,211,3005,3009,79,-4,79.00000,0.00508
534F4C31,33251,283249782,318,206,3003,3007,112,-4,112.00000,0.00508
534F4C31,33251,283254130,294,199,3002,3007,95,-5,95.00000,0.00277
534F4C31,33251,283259148,285,168,3002,3009,117,-7,117.00000,-0.00185
534F4C31,33251,283264590,340,217,3003,3008,123,-5,123.00000,0.00277
534F4C31,33251,283269156,349,224,3002,3008,125,-6,125.00000,0.00046
534F4C31,33252,283274182,260,236,3002,3010,24,-8,24.00000,-0.00416
534F4C31,33253,283279590,206,255,3004,3008,-49,-4,-49.00000,0.00508
534F4C31,33254,283286247,247,227,3002,3007,20,-5,20.00000,0.00277
534F4C31,33254,283290571,227,149,3002,3008,78,-6,78.00000,0.00046
534F4C31,33255,283294665,244,239,3003,3007,5,-4,5.00000,0.00508
534F4C31,33255,283299187,212,175,3002,3008,37,-6,37.00000,0.00046
534F4C31,33256,283304187,286,206,3003,3011,80,-8,80.00000,-0.00416
534F4C31,33257,283309130,267,160,3002,3007,107,-5,107.00000,0.00277
534F4C31,33258,283314142,292,200,3004,3007,92,-3,92.00000,0.00740
534F4C31,33259,283319649,306,199,3001,3006,107,-5,107.00000,0.00277
534F4C31,33260,283324160,294,150,3002,3008,144,-6,144.00000,0.00046
534F4C31,33260,283329145,314,146,3002,3009,168,-7,168.00000,-0.00185
534F4C31,33261,283334708,369,245,3002,3008,124,-6,124.00000,0.00046
534F4C31,33262,283339139,327,211,3000,3008,116,-8,116.00000,-0.00416
534F4C31,33262,283344199,291,190,3002,3007,101,-5,101.00000,0.00277
534F4C31,33262,283349170,337,212,3003,3007,125,-4,125.00000,0.00508
534F4C31,33263,283354138,336,206,3001,3009,130,-8,130.00000,-0.00416
534F4C31,33263,283359176,319,168,3003,3009,151,-6,151.00000,0.00046
534F4C31,33263,283364270,347,207,3003,3006,140,-3,140.00000,0.00740
534F4C31,33263,283369139,361,219,3000,3007,142,-7,142.00000,-0.00185
534F4C31,33264,283374143,346,213,3004,3007,133,-3,133.00000,0.00740
534F4C31,33264,283379393,355,229,3002,3007,126,-5,126.00000,0.00277
534F4C31,33265,283385274,371,268,2999,3007,103,-8,103.00000,-0.00416
534F4C31,33266,283389455,268,181,3000,3006,87,-6,87.00000,0.00046
534F4C31,33267,283394136,291,193,3001,3006,98,-5,98.00000,0.00277
534F4C31,33268,283399763,363,264,3004,3009,99,-5,99.00000,0.00277
534F4C31,33269,283404650,317,241,3000,3006,76,-6,76.00000,0.00046
534F4C31,33270,283409135,273,238,3003,3008,35,-5,35.00000,0.00277
534F4C31,33271,283414212,257,204,3002,3007,53,-5,53.00000,0.00277
534F4C31,33271,283419655,310,240,3000,3008,70,-8,70.00000,-0.00416
534F4C31,33272,283424156,276,196,3001,3006,80,-5,80.00000,0.00277
534F4C31,33272,283429282,327,238,3002,3006,89,-4,89.00000,0.00508
534F4C31,39342,335349147,304,215,3001,3010,89,-9,89.00000,-0.00647
534F4C31,39342,335354133,291,223,3004,3006,68,-2,68.00000,0.00971
534F4C31,39342,335359271,302,219,3004,3008,83,-4,83.00000,0.00508
534F4C31,39342,335364150,309,175,3003,3010,134,-7,134.00000,-0.00185
534F4C31,39343,335369190,290,238,3001,3008,52,-7,52.00000,-0.00185
534F4C31,39343,335374129,252,186,3002,3008,66,-6,66.00000,0.00046
534F4C31,39344,335379187,333,248,3003,3006,85,-3,85.00000,0.00740
534F4C31,39345,335384136,320,219,3001,3006,101,-5,101.00000,0.00277
534F4C31,39346,335390058,318,243,3003,3010,75,-7,75.00000,-0.00185
534F4C31,39346,335395077,276,183,3003,3007,93,-4,93.00000,0.00508
534F4C31,39346,335399310,288,187,3002,3007,101,-5,101.00000,0.00277
534F4C31,39346,335404152,298,193,3002,3011,105,-9,105.00000,-0.00647
534F4C31,39347,335409162,314,289,3003,3008,25,-5,25.00000,0.00277
534F4C31,39348,335414151,229,210,3004,3009,19,-5,19.00000,0.00277
534F4C31,39349,335419689,270,191,3003,3010,79,-7,79.00000,-0.00185
534F4C31,39349,335424139,315,219,3004,3010,96,-6,96.00000,0.00046
534F4C31,39350,335429147,359,255,3003,3011,104,-8,104.00000,-0.00416
534F4C31,39351,335434139,327,235,3002,3010,92,-8,92.00000,-0.00416
534F4C31,39352,335439128,287,182,3003,3009,105,-6,105.00000,0.00046
534F4C31,39352,335444400,352,240,3003,3006,112,-3,112.00000,0.00740
534F4C31,39352,335449147,336,216,3003,3009,120,-6,120.00000,0.00046
534F4C31,39352,335454140,326,207,3003,3011,119,-8,119.00000,-0.00416
534F4C31,39353,335459166,351,288,3002,3011,63,-9,63.00000,-0.00647
534F4C31,39354,335464147,254,207,3002,3008,47,-6,47.00000,0.00046
534F4C31,39355,335469552,265,185,3006,3007,80,-1,80.00000,0.01202
534F4C31,39355,335474576,315,221,3004,3010,94,-6,94.00000,0.00046
534F4C31,39355,335479143,343,219,3002,3008,124,-6,124.00000,0.00046
534F4C31,39356,335484148,336,211,3002,3009,125,-7,125.00000,-0.00185
534F4C31,39357,335489253,339,206,3004,3010,133,-6,133.00000,0.00046
534F4C31,39358,335494820,375,238,3004,3010,137,-6,137.00000,0.00046
534F4C31,39359,335499653,335,198,3003,3007,137,-4,137.00000,0.00508
534F4C31,39359,335504130,314,181,3002,3008,133,-6,133.00000,0.00046
534F4C31,39360,335509159,298,300,3004,3008,-2,-4,-2.00000,0.00508
534F4C31,39361,335515352,239,194,3003,3009,45,-6,45.00000,0.00046
534F4C31,39361,335519890,277,179,3002,3007,98,-5,98.00000,0.00277
534F4C31,39361,335524127,297,160,3004,3009,137,-5,137.00000,0.00277
534F4C31,39361,335529175,358,237,3002,3009,121,-7,121.00000,-0.00185
534F4C31,39362,335534498,341,223,3004,3008,118,-4,118.00000,0.00508
534F4C31,39363,335539133,300,197,3002,3011,103,-9,103.00000,-0.00647
534F4C31,39363,335544385,349,242,3002,3008,107,-6,107.00000,0.00046
534F4C31,39363,335549170,329,209,3002,3008,120,-6,120.00000,0.00046
534F4C31,39363,335554146,310,202,3002,3007,108,-5,108.00000,0.00277
534F4C31,39364,335559505,318,270,3002,3009,48,-7,48.00000,-0.00185
534F4C31,39365,335564397,280,213,3001,3007,67,-6,67.00000,0.00046
534F4C31,39366,335569278,296,189,3001,3007,107,-6,107.00000,0.00046
534F4C31,39367,335574138,331,185,3002,3008,146,-6,146.00000,0.00046
534F4C31,39368,335579743,377,247,3002,3007,130,-5,130.00000,0.00277
534F4C31,39369,335584128,289,198,3008,3009,91,-1,91.00000,0.01202
534F4C31,39369,335590186,338,217,3003,3008,121,-5,121.00000,0.00277
534F4C31,39369,335594133,336,215,3002,3008,121,-6,121.00000,0.00046
534F4C31,39369,335599149,340,217,3001,3007,123,-6,123.00000,0.00046
534F4C31,39370,335604161,327,207,3004,3007,120,-3,120.00000,0.00740
534F4C31,39371,335609135,352,235,3002,3011,117,-9,117.00000,-0.00647
534F4C31,39372,335614145,331,243,3002,3008,88,-6,88.00000,0.00046
534F4C31,39373,335619772,271,181,3003,3010,90,-7,90.00000,-0.00185
534F4C31,39373,335624147,279,148,3003,3008,131,-5,131.00000,0.00277
534F4C31,39374,335630220,346,241,3001,3009,105,-8,105.00000,-0.00416
534F4C31,39375,335634647,311,173,3004,3008,138,-4,138.00000,0.00508
534F4C31,39376,335639368,323,184,3006,3008,139,-2,139.00000,0.00971
534F4C31,39377,335644138,345,226,3004,3011,119,-7,119.00000,-0.00185
534F4C31,39378,335649144,338,217,3004,3010,121,-6,121.00000,0.00046
534F4C31,39378,335654137,321,202,3003,3009,119,-6,119.00000,0.00046
534F4C31,39378,335659138,350,238,3004,3007,112,-3,112.00000,0.00740
534F4C31,39379,335664172,349,262,3001,3008,87,-7,87.00000,-0.00185
534F4C31,39379,335669128,263,168,3003,3011,95,-8,95.00000,-0.00416
534F4C31,39379,335674173,328,237,3004,3010,91,-6,91.00000,0.00046
534F4C31,39380,335679159,339,259,3002,3009,80,-7,80.00000,-0.00185
534F4C31,39380,335684142,316,221,3002,3009,95,-7,95.00000,-0.00185
534F4C31,39380,335689149,331,232,3002,3008,99,-6,99.00000,0.00046
534F4C31,39381,335694148,358,253,3003,3008,105,-5,105.00000,0.00277
534F4C31,39382,335699147,340,221,3002,3011,119,-9,119.00000,-0.00647
534F4C31,39383,335704728,311,277,3003,3010,34,-7,34.00000,-0.00185
534F4C31,39384,335710668,247,205,3002,3009,42,-7,42.00000,-0.00185
534F4C31,39385,335714686,269,201,3003,3011,68,-8,68.00000,-0.00416
534F4C31,39386,335720785,303,186,3005,3010,117,-5,117.00000,0.00277
534F4C31,39387,335724604,304,187,3010,3007,117,3,117.00000,0.02126
534F4C31,39387,335730391,346,234,3002,3008,112,-6,112.00000,0.00046
534F4C31,39387,335734137,276,193,3004,3010,83,-6,83.00000,0.00046
534F4C31,39387,335739138,293,207,3003,3011,86,-8,86.00000,-0.00416
534F4C31,39388,335744145,344,246,3004,3009,98,-5,98.00000,0.00277
534F4C31,39389,335749428,324,252,3002,3012,72,-10,72.00000,-0.00878
534F4C31,39390,335754162,272,190,3003,3008,82,-5,82.00000,0.00277
534F4C31,39391,335759161,319,191,3002,3010,128,-8,128.00000,-0.00416
534F4C31,39391,335764130,344,193,3003,3011,151,-8,151.00000,-0.00416
534F4C31,39392,335769156,331,200,3002,3009,131,-7,131.00000,-0.00185
534F4C31,39392,335774126,332,232,3004,3010,100,-6,100.00000,0.00046
534F4C31,39392,335779137,320,224,3003,3010,96,-7,96.00000,-0.00185
534F4C31,39393,335784757,307,243,3002,3010,64,-8,64.00000,-0.00416
534F4C31,39394,335789159,244,186,3004,3008,58,-4,58.00000,0.00508
534F4C31,39395,335794148,310,226,3005,3010,84,-5,84.00000,0.00277
534F4C31,39395,335799288,287,196,3001,3007,91,-6,91.00000,0.00046
534F4C31,39396,335804149,292,193,3003,3010,99,-7,99.00000,-0.00185
534F4C31,39396,335810836,366,171,3003,3008,195,-5,195.00000,0.00277
534F4C31,39396,335814238,316,156,3001,3011,160,-10,160.00000,-0.00878
534F4C31,39396,335819132,307,125,3001,3010,182,-9,182.00000,-0.00647
534F4C31,39396,335824156,349,212,3003,3007,137,-4,137.00000,0.00508
534F4C31,39397,335829149,356,251,3003,3011,105,-8,105.00000,-0.00416
534F4C31,39398,335834182,337,229,3002,3008,108,-6,108.00000,0.00046
534F4C31,39399,335839196,319,236,3009,3010,83,-1,83.00000,0.01202
534F4C31,39400,335844428,324,251,3002,3010,73,-8,73.00000,-0.00416
534F4C31,39401,335849176,302,205,3001,3009,97,-8,97.00000,-0.00416
534F4C31,39402,335854150,281,174,3004,3011,107,-7,107.00000,-0.00185
534F4C31,39403,335860185,353,254,3002,3007,99,-5,99.00000,0.00277
534F4C31,39404,335864140,324,182,3002,3010,142,-8,142.00000,-0.00416
534F4C31,39405,335869162,323,171,3012,3007,152,5,152.00000,0.02588
534F4C31,39406,335875752,366,202,3008,3007,164,1,164.00000,0.01664
534F4C31,39406,335880741,362,161,3001,3008,201,-7,201.00000,-0.00185
534F4C31,39406,335884135,315,154,3001,3009,161,-8,161.00000,-0.00416
534F4C31,39407,335889150,323,213,3003,3007,110,-4,110.00000,0.00508
534F4C31,39408,335894136,320,217,3001,3008,103,-7,103.00000,-0.00185
534F4C31,39409,335899588,312,186,3002,3010,126,-8,126.00000,-0.00416
534F4C31,39410,335904144,277,237,3007,3009,40,-2,40.00000,0.00971
534F4C31,39410,335910348,297,240,3003,3010,57,-7,57.00000,-0.00185
534F4C31,39410,335914249,280,197,3001,3007,83,-6,83.00000,0.00046
534F4C31,39411,335919153,299,202,3003,3009,97,-6,97.00000,0.00046
534F4C31,39411,335924128,335,236,3002,3008,99,-6,99.00000,0.00046
534F4C31,39411,335929142,363,262,3002,3009,101,-7,101.00000,-0.00185
534F4C31,39411,335934155,345,230,3002,3010,115,-8,115.00000,-0.00416
534F4C31,39411,335939143,338,232,3004,3007,106,-3,106.00000,0.00740
534F4C31,39412,335944180,361,253,3003,3010,108,-7,108.00000,-0.00185
534F4C31,39413,335949608,328,239,3002,3009,89,-7,89.00000,-0.00185
534F4C31,39413,335954139,265,239,3003,3007,26,-4,26.00000,0.00508
534F4C31,39413,335959125,246,181,3003,3006,65,-3,65.00000,0.00740
534F4C31,39413,335964149,323,223,3002,3011,100,-9,100.00000,-0.00647
534F4C31,39413,335969147,322,216,3003,3009,106,-6,106.00000,0.00046
534F4C31,39414,335974161,343,241,3004,3010,102,-6,102.00000,0.00046
534F4C31,39415,335979507,354,264,3003,3010,90,-7,90.00000,-0.00185
534F4C31,39416,335984549,254,236,3002,3009,18,-7,18.00000,-0.00185
534F4C31,39417,335989270,219,183,3003,3006,36,-3,36.00000,0.00740
534F4C31,39418,335994343,304,231,3005,3009,73,-4,73.00000,0.00508
534F4C31,39418,335999408,281,226,3005,3013,55,-8,55.00000,-0.00416
534F4C31,39418,336004225,257,201,3005,3008,56,-3,56.00000,0.00740
534F4C31,39418,336009136,309,225,3003,3009,84,-6,84.00000,0.00046
534F4C31,39418,336014140,342,241,3004,3011,101,-7,101.00000,-0.00185
534F4C31,39419,336019156,324,224,3004,3007,100,-3,100.00000,0.00740
534F4C31,39420,336024147,273,215,3002,3009,58,-7,58.00000,-0.00185
534F4C31,39421,336029331,291,225,3004,3006,66,-2,66.00000,0.00971
534F4C31,39422,336034606,291,185,3002,3009,106,-7,106.00000,-0.00185
534F4C31,39423,336039441,314,201,3002,3007,113,-5,113.00000,0.00277
534F4C31,39424,336044337,337,242,3002,3009,95,-7,95.00000,-0.00185
534F4C31,39424,336049573,314,192,3003,3007,122,-4,122.00000,0.00508
534F4C31,39424,336054136,288,162,3003,3010,126,-7,126.00000,-0.00185
534F4C31,39424,336059427,341,227,3003,3008,114,-5,114.00000,0.00277
534F4C31,39424,336064137,346,221,3003,3008,125,-5,125.00000,0.00277
534F4C31,39425,336069141,335,213,3003,3009,122,-6,122.00000,0.00046
534F4C31,39426,336074160,349,229,3003,3008,120,-5,120.00000,0.00277
534F4C31,39427,336080133,324,238,3000,3009,86,-9,86.00000,-0.00647
534F4C31,39427,336084552,274,179,3002,3008,95,-6,95.00000,0.00046
534F4C31,39428,336089585,308,222,3005,3006,86,-1,86.00000,0.01202
534F4C31,39428,336094246,321,230,3002,3008,91,-6,91.00000,0.00046
534F4C31,39429,336099175,284,228,3003,3011,56,-8,56.00000,-0.00416
534F4C31,39430,336104126,254,148,3002,3007,106,-5,106.00000,0.00277
534F4C31,39430,336109151,309,222,3002,3007,87,-5,87.00000,0.00277
534F4C31,39430,336114156,299,200,3003,3008,99,-5,99.00000,0.00277
534F4C31,39431,336119500,310,217,3002,3010,93,-8,93.00000,-0.00416
534F4C31,39432,336124631,317,220,3004,3009,97,-5,97.00000,0.00277
534F4C31,39433,336129153,329,214,3002,3008,115,-6,115.00000,0.00046
534F4C31,39434,336134360,320,171,3003,3007,149,-4,149.00000,0.00508
534F4C31,39434,336139379,323,190,3003,3007,133,-4,133.00000,0.00508
534F4C31,39434,336144138,339,246,3002,3009,93,-7,93.00000,-0.00185
534F4C31,39435,336149133,314,206,3005,3011,108,-6,108.00000,0.00046
534F4C31,39436,336154149,306,206,3002,3008,100,-6,100.00000,0.00046
534F4C31,39437,336159155,301,246,3000,3009,55,-9,55.00000,-0.00647
534F4C31,39437,336164130,275,167,3001,3008,108,-7,108.00000,-0.00185
534F4C31,39438,336169133,276,204,3002,3007,72,-5,72.00000,0.00277
534F4C31,39438,336174646,314,188,3002,3009,126,-7,126.00000,-0.00185
534F4C31,39438,336179182,347,234,3003,3008,113,-5,113.00000,0.00277
534F4C31,39438,336184191,316,220,3002,3010,96,-8,96.00000,-0.00416
534F4C31,39438,336189139,311,202,3003,3011,109,-8,109.00000,-0.00416
534F4C31,39439,336194678,344,277,3002,3007,67,-5,67.00000,0.00277
534F4C31,39440,336199141,278,182,3002,3010,96,-8,96.00000,-0.00416
534F4C31,39440,336204240,296,200,3003,3007,96,-4,96.00000,0.00508
534F4C31,39441,336209149,326,235,3007,3010,91,-3,91.00000,0.00740
534F4C31,39442,336214264,309,227,3011,3010,82,1,82.00000,0.01664
534F4C31,39443,336219351,265,202,3003,3007,63,-4,63.00000,0.00508
534F4C31,39444,336224494,309,230,3006,3008,79,-2,79.00000,0.00971
534F4C31,39445,336229144,309,254,3003,3011,55,-8,55.00000,-0.00416
534F4C31,39446,336235180,310,210,3006,3009,100,-3,100.00000,0.00740
534F4C31,39447,336240519,288,197,3003,3007,91,-4,91.00000,0.00508
534F4C31,39448,336244713,285,150,3003,3009,135,-6,135.00000,0.00046
534F4C31,39449,336250029,321,203,3005,3009,118,-4,118.00000,0.00508
534F4C31,39449,336254637,297,163,3002,3009,134,-7,134.00000,-0.00185
534F4C31,39449,336259189,306,242,3003,3008,64,-5,64.00000,0.00277
534F4C31,39449,336264138,300,202,3002,3008,98,-6,98.00000,0.00046
534F4C31,39449,336269140,318,205,3003,3009,113,-6,113.00000,0.00046
534F4C31,39450,336274133,343,219,3015,3007,124,8,124.00000,0.03282
534F4C31,39451,336279609,373,208,3008,3006,165,2,165.00000,0.01895
534F4C31,39451,336284164,309,197,3002,3007,112,-5,112.00000,0.00277
534F4C31,39451,336289152,305,206,3003,3009,99,-6,99.00000,0.00046
534F4C31,39452,336294171,338,251,3005,3007,87,-2,87.00000,0.00971
534F4C31,39453,336300576,340,227,3002,3009,113,-7,113.00000,-0.00185
534F4C31,39453,336304130,288,160,3007,3008,128,-1,128.00000,0.01202
534F4C31,39454,336309155,309,259,3002,3008,50,-6,50.00000,0.00046
534F4C31,39455,336314142,270,192,3001,3009,78,-8,78.00000,-0.00416
534F4C31,39455,336319887,309,222,3003,3007,87,-4,87.00000,0.00508
534F4C31,39455,336325064,333,244,3003,3009,89,-6,89.00000,0.00046
534F4C31,39456,336329143,331,230,3002,3011,101,-9,101.00000,-0.00647
534F4C31,39457,336334915,344,221,3005,3009,123,-4,123.00000,0.00508
534F4C31,39457,336339147,306,202,3003,3010,104,-7,104.00000,-0.00185
534F4C31,39457,336344364,337,236,3002,3008,101,-6,101.00000,0.00046
534F4C31,39458,336349154,324,216,3003,3007,108,-4,108.00000,0.00508
534F4C31,39458,336354130,312,176,3002,3009,136,-7,136.00000,-0.00185
534F4C31,39458,336359182,348,232,3004,3009,116,-5,116.00000,0.00277
534F4C31,39459,336364159,363,234,3002,3009,129,-7,129.00000,-0.00185
534F4C31,39460,336369176,331,202,3003,3012,129,-9,129.00000,-0.00647
534F4C31,39461,336374477,329,217,3000,3009,112,-9,112.00000,-0.00647
534F4C31,39462,336379859,339,191,3002,3009,148,-7,148.00000,-0.00185
534F4C31,39463,336384134,298,149,3005,3006,149,-1,149.00000,0.01202
534F4C31,39464,336390031,340,241,3003,3010,99,-7,99.00000,-0.00185
534F4C31,39464,336395122,322,199,3002,3008,123,-6,123.00000,0.00046
534F4C31,39465,336399564,318,192,3003,3009,126,-6,126.00000,0.00046
534F4C31,39465,336404129,311,184,3003,3010,127,-7,127.00000,-0.00185
534F4C31,39465,336409296,349,236,3002,3009,113,-7,113.00000,-0.00185
534F4C31,39466,336414157,314,186,3003,3010,128,-7,128.00000,-0.00185
534F4C31,39467,336419170,288,185,3004,3010,103,-6,103.00000,0.00046
534F4C31,39468,336425250,329,218,3002,3010,111,-8,111.00000,-0.00416
534F4C31,39468,336429129,320,185,3002,3009,135,-7,135.00000,-0.00185
534F4C31,39468,336434266,311,220,3002,3009,91,-7,91.00000,-0.00185
534F4C31,39468,336439140,281,192,3004,3010,89,-6,89.00000,0.00046
534F4C31,39469,336444352,337,246,3003,3010,91,-7,91.00000,-0.00185
534F4C31,39470,336449624,305,206,3001,3007,99,-6,99.00000,0.00046
534F4C31,39470,336454906,299,205,3003,3010,94,-7,94.00000,-0.00185
534F4C31,39471,336459134,303,195,3003,3008,108,-5,108.00000,0.00277
534F4C31,39471,336464557,348,230,3001,3009,118,-8,118.00000,-0.00416
534F4C31,39472,336469163,317,209,3001,3010,108,-9,108.00000,-0.00647
534F4C31,39473,336474143,314,189,3003,3009,125,-6,125.00000,0.00046
534F4C31,39474,336479169,335,253,3001,3009,82,-8,82.00000,-0.00416
534F4C31,39474,336484139,272,199,3002,3009,73,-7,73.00000,-0.00185
534F4C31,39474,336489132,295,185,3002,3007,110,-5,110.00000,0.00277
534F4C31,39475,336494134,344,240,3004,3012,104,-8,104.00000,-0.00416
534F4C31,39476,336499671,339,243,3002,3009,96,-7,96.00000,-0.00185
534F4C31,39477,336504295,288,206,3004,3010,82,-6,82.00000,0.00046
534F4C31,39477,336509286,313,206,3003,3012,107,-9,107.00000,-0.00647
534F4C31,39477,336514151,343,225,3003,3009,118,-6,118.00000,0.00046
534F4C31,39478,336519143,328,215,3003,3008,113,-5,113.00000,0.00277
534F4C31,39479,336524153,342,213,3003,3010,129,-7,129.00000,-0.00185
534F4C31,39480,336529256,354,215,3005,3010,139,-5,139.00000,0.00277
534F4C31,39481,336534131,304,234,3004,3011,70,-7,70.00000,-0.00185
534F4C31,39481,336539137,229,168,3003,3009,61,-6,61.00000,0.00046
534F4C31,39481,336544140,324,239,3004,3010,85,-6,85.00000,0.00046
534F4C31,39482,336549139,329,220,3005,3009,109,-4,109.00000,0.00508
534F4C31,39483,336554167,312,197,3005,3011,115,-6,115.00000,0.00046
534F4C31,39484,336559642,328,221,3003,3012,107,-9,107.00000,-0.00647
534F4C31,39484,336564982,347,181,3002,3008,166,-6,166.00000,0.00046
534F4C31,39484,336569314,324,189,3002,3009,135,-7,135.00000,-0.00185
534F4C31,39485,336574150,338,218,3003,3009,120,-6,120.00000,0.00046
534F4C31,39486,336579128,351,175,3003,3010,176,-7,176.00000,-0.00185
534F4C31,39487,336584175,301,202,3004,3010,99,-6,99.00000,0.00046
534F4C31,39487,336589149,267,214,3004,3008,53,-4,53.00000,0.00508
534F4C31,39487,336594552,305,219,3003,3011,86,-8,86.00000,-0.00416
534F4C31,39487,336599134,286,176,3001,3009,110,-8,110.00000,-0.00416
534F4C31,39488,336604141,304,179,3003,3008,125,-5,125.00000,0.00277
534F4C31,39488,336609127,343,232,3003,3012,111,-9,111.00000,-0.00647
534F4C31,39488,336614174,349,234,3003,3011,115,-8,115.00000,-0.00416
534F4C31,39489,336619147,328,191,3003,3009,137,-6,137.00000,0.00046
534F4C31,39489,336624340,336,200,3004,3011,136,-7,136.00000,-0.00185
534F4C31,39490,336629384,359,250,3003,3010,109,-7,109.00000,-0.00185
534F4C31,39491,336634179,326,219,3003,3011,107,-8,107.00000,-0.00416
534F4C31,39492,336639152,326,213,3004,3005,113,-1,113.00000,0.01202
534F4C31,39493,336644437,319,258,3004,3009,61,-5,61.00000,0.00277
534F4C31,39494,336649132,273,187,3005,3008,86,-3,86.00000,0.00740
534F4C31,39495,336654752,306,180,3004,3010,126,-6,126.00000,0.00046
534F4C31,39496,336659139,309,228,3003,3011,81,-8,81.00000,-0.00416
534F4C31,39496,336664973,290,146,3004,3009,144,-5,144.00000,0.00277
534F4C31,39496,336669146,296,148,3002,3010,148,-8,148.00000,-0.00416
534F4C31,39496,336674141,338,217,3003,3008,121,-5,121.00000,0.00277
534F4C31,39497,336679175,326,264,3002,3011,62,-9,62.00000,-0.00647
534F4C31,39498,336684146,242,212,3002,3009,30,-7,30.00000,-0.00185
534F4C31,39498,336689163,258,223,3004,3011,35,-7,35.00000,-0.00185
534F4C31,39498,336694140,291,193,3003,3009,98,-6,98.00000,0.00046
534F4C31,39499,336699445,321,224,3003,3012,97,-9,97.00000,-0.00647
534F4C31,39499,336704140,280,165,3003,3011,115,-8,115.00000,-0.00416
534F4C31,39499,336709148,337,226,3004,3008,111,-4,111.00000,0.00508
534F4C31,39499,336714145,356,241,3003,3010,115,-7,115.00000,-0.00185
534F4C31,39500,336719152,316,229,3004,3013,87,-9,87.00000,-0.00647
534F4C31,39501,336724191,331,241,3007,3007,90,0,90.00000,0.01433
534F4C31,39502,336729181,348,259,3005,3010,89,-5,89.00000,0.00277
534F4C31,39502,336734570,298,203,3004,3008,95,-4,95.00000,0.00508
534F4C31,39503,336739132,308,197,3003,3007,111,-4,111.00000,0.00508
534F4C31,39504,336744174,349,245,3005,3012,104,-7,104.00000,-0.00185
534F4C31,39505,336749967,344,242,3002,3007,102,-5,102.00000,0.00277
534F4C31,39506,336754142,249,167,3004,3008,82,-4,82.00000,0.00508
534F4C31,39507,336759457,317,193,3003,3011,124,-8,124.00000,-0.00416
534F4C31,39508,336764990,338,170,3001,3008,168,-7,168.00000,-0.00185
534F4C31,39509,336769342,312,132,3008,3008,180,0,180.00000,0.01433
534F4C31,39509,336774909,337,178,3004,3008,159,-4,159.00000,0.00508
534F4C31,39509,336779175,347,220,3004,3007,127,-3,127.00000,0.00740
534F4C31,39509,336784153,333,211,3003,3009,122,-6,122.00000,0.00046
534F4C31,39509,336789159,328,222,3003,3008,106,-5,106.00000,0.00277
534F4C31,39510,336794672,361,271,3003,3009,90,-6,90.00000,0.00046
534F4C31,39511,336799544,321,217,3005,3009,104,-4,104.00000,0.00508
534F4C31,39512,336804303,311,207,3003,3011,104,-8,104.00000,-0.00416
534F4C31,39513,336809131,325,175,3003,3008,150,-5,150.00000,0.00277
534F4C31,39513,336814548,360,169,3003,3010,191,-7,191.00000,-0.00185
534F4C31,39513,336819134,340,188,3005,3012,152,-7,152.00000,-0.00185
534F4C31,39513,336824144,356,231,3004,3010,125,-6,125.00000,0.00046
534F4C31,39514,336829152,372,218,3004,3008,154,-4,154.00000,0.00508
534F4C31,39514,336834594,336,153,3002,3008,183,-6,183.00000,0.00046
534F4C31,39514,336839150,302,217,3002,3009,85,-7,85.00000,-0.00185
534F4C31,39515,336844567,316,237,3003,3008,79,-5,79.00000,0.00277
534F4C31,39516,336849139,302,202,3005,3009,100,-4,100.00000,0.00508
534F4C31,39517,336854638,317,211,3005,3007,106,-2,106.00000,0.00971
534F4C31,39517,336859132,326,235,3005,3008,91,-3,91.00000,0.00740
534F4C31,39518,336864137,309,205,3001,3008,104,-7,104.00000,-0.00185
534F4C31,39519,336869137,279,177,3002,3010,102,-8,102.00000,-0.00416
534F4C31,39520,336874499,308,185,3004,3010,123,-6,123.00000,0.00046
534F4C31,39521,336879152,333,204,3002,3009,129,-7,129.00000,-0.00185
534F4C31,39522,336885226,351,206,3004,3012,145,-8,145.00000,-0.00416
534F4C31,39522,336889142,305,163,3003,3008,142,-5,142.00000,0.00277
534F4C31,39523,336894228,329,228,3002,3009,101,-7,101.00000,-0.00185
534F4C31,39524,336899134,297,193,3001,3011,104,-10,104.00000,-0.00878
534F4C31,39524,336904197,294,212,3002,3008,82,-6,82.00000,0.00046
534F4C31,39525,336909150,296,228,3001,3009,68,-8,68.00000,-0.00416
534F4C31,39525,336914800,311,144,3001,3008,167,-7,167.00000,-0.00185
534F4C31,39525,336919138,284,190,3002,3011,94,-9,94.00000,-0.00647
534F4C31,39525,336924143,300,211,3003,3010,89,-7,89.00000,-0.00185
534F4C31,39526,336929170,345,254,3002,3012,91,-10,91.00000,-0.00878
534F4C31,39526,336934144,331,215,3002,3011,116,-9,116.00000,-0.00647
534F4C31,39526,336939796,347,237,3003,3010,110,-7,110.00000,-0.00185
534F4C31,39527,336944155,337,226,3003,3009,111,-6,111.00000,0.00046
534F4C31,39528,336949148,335,223,3003,3009,112,-6,112.00000,0.00046
534F4C31,39529,336954163,306,179,3003,3011,127,-8,127.00000,-0.00416
534F4C31,39530,336959262,338,197,3003,3010,141,-7,141.00000,-0.00185
534F4C31,39531,336964240,359,232,3000,3007,127,-7,127.00000,-0.00185
534F4C31,39532,336969322,319,219,3002,3010,100,-8,100.00000,-0.00416
534F4C31,39533,336974131,318,173,3008,3006,145,2,145.00000,0.01895
534F4C31,39533,336979205,349,243,3003,3010,106,-7,106.00000,-0.00185
534F4C31,39533,336984134,297,190,3002,3011,107,-9,107.00000,-0.00647
534F4C31,39533,336989132,300,211,3003,3008,89,-5,89.00000,0.00277
534F4C31,39534,336994133,323,227,3002,3007,96,-5,96.00000,0.00277
534F4C31,39534,336999142,332,220,3002,3009,112,-7,112.00000,-0.00185
534F4C31,39535,337004156,323,210,3014,3008,113,6,113.00000,0.02819
534F4C31,39536,337009422,343,163,3011,3005,180,6,180.00000,0.02819
534F4C31,39536,337015440,369,215,3013,3012,154,1,154.00000,0.01664
534F4C31,39536,337019147,315,176,3003,3006,139,-3,139.00000,0.00740
534F4C31,39536,337024170,345,221,3003,3009,124,-6,124.00000,0.00046
534F4C31,39537,337029175,360,265,3005,3011,95,-6,95.00000,0.00046
534F4C31,39538,337034137,310,208,3002,3008,102,-6,102.00000,0.00046
534F4C31,39539,337039154,316,221,3005,3011,95,-6,95.00000,0.00046
534F4C31,39540,337044143,327,277,3003,3008,50,-5,50.00000,0.00277
534F4C31,39540,337049135,260,205,3003,3006,55,-3,55.00000,0.00740
534F4C31,39541,337054377,259,220,3002,3008,39,-6,39.00000,0.00046
534F4C31,39542,337059156,283,168,3006,3005,115,1,115.00000,0.01664
534F4C31,39542,337064498,340,195,3001,3008,145,-7,145.00000,-0.00185
534F4C31,39542,337069161,322,188,3002,3009,134,-7,134.00000,-0.00185
534F4C31,39543,337074171,311,255,3008,3008,56,0,56.00000,0.01433
534F4C31,39544,337079151,252,234,3002,3007,18,-5,18.00000,0.00277
534F4C31,39545,337084134,235,197,3004,3009,38,-5,38.00000,0.00277
534F4C31,39546,337090387,315,201,3004,3009,114,-5,114.00000,0.00277
534F4C31,39546,337094686,292,158,3003,3010,134,-7,134.00000,-0.00185
534F4C31,39547,337099147,304,188,3002,3009,116,-7,116.00000,-0.00185
534F4C31,39548,337104148,252,166,3003,3008,86,-5,86.00000,0.00277
534F4C31,39549,337109660,303,211,3003,3011,92,-8,92.00000,-0.00416
534F4C31,39550,337114462,319,219,3006,3008,100,-2,100.00000,0.00971
534F4C31,39550,337120759,286,162,3001,3011,124,-10,124.00000,-0.00878
534F4C31,39550,337124134,287,173,3004,3009,114,-5,114.00000,0.00277
534F4C31,39550,337129145,345,233,3001,3012,112,-11,112.00000,-0.01109
534F4C31,39551,337134375,294,219,3002,3007,75,-5,75.00000,0.00277
534F4C31,39552,337139636,262,222,3003,3009,40,-6,40.00000,0.00046
534F4C31,39552,337144134,271,230,3011,3006,41,5,41.00000,0.02588
534F4C31,39552,337149932,298,185,3002,3006,113,-4,113.00000,0.00508
534F4C31,39552,337154165,290,178,3002,3009,112,-7,112.00000,-0.00185
534F4C31,39552,337159146,336,225,3003,3010,111,-7,111.00000,-0.00185
534F4C31,39552,337164147,359,242,3001,3009,117,-8,117.00000,-0.00416
534F4C31,39553,337169153,335,217,3002,3009,118,-7,118.00000,-0.00185
534F4C31,39554,337174311,348,225,3001,3010,123,-9,123.00000,-0.00647
534F4C31,39555,337179149,316,209,3002,3010,107,-8,107.00000,-0.00416
534F4C31,39556,337185022,320,223,3002,3010,97,-8,97.00000,-0.00416
534F4C31,39556,337189260,247,155,3004,3006,92,-2,92.00000,0.00971
534F4C31,39557,337194456,336,236,3005,3011,100,-6,100.00000,0.00046
534F4C31,39558,337199181,305,234,3000,3011,71,-11,71.00000,-0.01109
534F4C31,39559,337204199,282,186,3002,3008,96,-6,96.00000,0.00046
534F4C31,39560,337209152,341,241,3002,3010,100,-8,100.00000,-0.00416
534F4C31,39561,337214698,359,239,3002,3010,120,-8,120.00000,-0.00416
534F4C31,39561,337219144,325,206,3002,3008,119,-6,119.00000,0.00046
534F4C31,39562,337224408,350,242,3001,3011,108,-10,108.00000,-0.00878
534F4C31,39563,337229167,345,246,3002,3010,99,-8,99.00000,-0.00416
534F4C31,39563,337234742,309,195,3004,3008,114,-4,114.00000,0.00508
534F4C31,39563,337239135,300,195,3005,3008,105,-3,105.00000,0.00740
534F4C31,39563,337244382,348,247,3003,3007,101,-4,101.00000,0.00508
534F4C31,39563,337249134,325,168,3002,3010,157,-8,157.00000,-0.00416
534F4C31,39564,337254148,329,190,3004,3006,139,-2,139.00000,0.00971
534F4C31,39565,337259150,351,259,3006,3009,92,-3,92.00000,0.00740
534F4C31,39566,337264263,310,228,3005,3009,82,-4,82.00000,0.00508
534F4C31,39566,337269411,298,177,3003,3009,121,-6,121.00000,0.00046
534F4C31,39566,337274157,329,220,3003,3010,109,-7,109.00000,-0.00185
534F4C31,39567,337279167,360,248,3002,3008,112,-6,112.00000,0.00046
534F4C31,39568,337284143,334,213,3002,3011,121,-9,121.00000,-0.00647
534F4C31,39569,337289174,308,200,3003,3007,108,-4,108.00000,0.00508
534F4C31,39570,337295192,362,230,3003,3010,132,-7,132.00000,-0.00185
534F4C31,39570,337299129,324,186,3002,3009,138,-7,138.00000,-0.00185
534F4C31,39570,337304155,323,199,3003,3011,124,-8,124.00000,-0.00416
534F4C31,39571,337309164,347,235,3002,3010,112,-8,112.00000,-0.00416
534F4C31,39572,337314924,338,197,3002,3008,141,-6,141.00000,0.00046
534F4C31,39573,337319524,302,202,3002,3011,100,-9,100.00000,-0.00647
534F4C31,39573,337324129,282,191,3003,3010,91,-7,91.00000,-0.00185
534F4C31,39574,337329170,343,249,3003,3009,94,-6,94.00000,0.00046
534F4C31,39575,337334132,330,220,3001,3010,110,-9,110.00000,-0.00647
534F4C31,39576,337339669,303,261,3003,3008,42,-5,42.00000,0.00277
534F4C31,39576,337345406,274,236,3002,3008,38,-6,38.00000,0.00046
534F4C31,39576,337349148,221,174,3002,3008,47,-6,47.00000,0.00046
534F4C31,39577,337354152,260,179,3002,3009,81,-7,81.00000,-0.00185
534F4C31,39577,337359172,318,234,3002,3009,84,-7,84.00000,-0.00185
534F4C31,39577,337364165,348,242,3002,3008,106,-6,106.00000,0.00046
534F4C31,39577,337369140,329,219,3002,3008,110,-6,110.00000,0.00046
534F4C31,39578,337374147,345,238,3002,3009,107,-7,107.00000,-0.00185
534F4C31,39579,337379151,339,267,3003,3011,72,-8,72.00000,-0.00416
534F4C31,39580,337384242,295,207,3003,3010,88,-7,88.00000,-0.00185
534F4C31,39581,337390321,342,247,3005,3008,95,-3,95.00000,0.00740
534F4C31,39581,337394279,324,214,3002,3009,110,-7,110.00000,-0.00185
534F4C31,39582,337399417,330,226,3001,3010,104,-9,104.00000,-0.00647
534F4C31,39583,337404134,294,175,3002,3010,119,-8,119.00000,-0.00416
534F4C31,39584,337409689,348,231,3001,3008,117,-7,117.00000,-0.00185
534F4C31,39585,337414130,340,175,3003,3010,165,-7,165.00000,-0.00185
534F4C31,39585,337419746,338,186,3002,3010,152,-8,152.00000,-0.00416
534F4C31,39585,337424138,322,200,3001,3009,122,-8,122.00000,-0.00416
534F4C31,39585,337429138,353,220,3001,3009,133,-8,133.00000,-0.00416
534F4C31,39585,337434139,344,210,3001,3008,134,-7,134.00000,-0.00185
534F4C31,39585,337439155,331,193,3002,3010,138,-8,138.00000,-0.00416
534F4C31,39586,337444168,331,255,3004,3011,76,-7,76.00000,-0.00185
534F4C31,39587,337449275,309,209,3001,3008,100,-7,100.00000,-0.00185
534F4C31,39587,337454532,310,229,3002,3008,81,-6,81.00000,0.00046
534F4C31,39588,337459621,304,241,3002,3010,63,-8,63.00000,-0.00416
534F4C31,39589,337464398,240,238,3001,3008,2,-7,2.00000,-0.00185
534F4C31,39590,337469143,211,164,3004,3012,47,-8,47.00000,-0.00416
534F4C31,39591,337476032,346,244,3002,3007,102,-5,102.00000,0.00277
534F4C31,39592,337479607,275,256,3002,3010,19,-8,19.00000,-0.00416
534F4C31,39593,337485329,210,173,3002,3009,37,-7,37.00000,-0.00185
534F4C31,39593,337489449,249,160,3002,3011,89,-9,89.00000,-0.00647
534F4C31,39593,337494134,303,220,3003,3008,83,-5,83.00000,0.00277
534F4C31,39593,337499169,302,206,3002,3009,96,-7,96.00000,-0.00185
534F4C31,39593,337504141,305,201,3003,3009,104,-6,104.00000,0.00046
534F4C31,39594,337509139,336,232,3005,3009,104,-4,104.00000,0.00508
534F4C31,39595,337514152,355,199,3009,3008,156,1,156.00000,0.01664
534F4C31,39596,337519270,324,194,3002,3009,130,-7,130.00000,-0.00185
534F4C31,39596,337524903,332,213,3004,3009,119,-5,119.00000,0.00277
534F4C31,39597,337529132,341,216,3004,3010,125,-6,125.00000,0.00046
534F4C31,39598,337534556,311,214,3003,3009,97,-6,97.00000,0.00046
534F4C31,39598,337539746,281,144,3003,3010,137,-7,137.00000,-0.00185
534F4C31,39599,337544426,322,216,3002,3009,106,-7,106.00000,-0.00185
534F4C31,39600,337549856,291,248,3003,3009,43,-6,43.00000,0.00046
534F4C31,39600,337554766,215,152,3004,3012,63,-8,63.00000,-0.00416
534F4C31,39600,337559138,295,209,3002,3010,86,-8,86.00000,-0.00416
534F4C31,39601,337564142,344,239,3002,3009,105,-7,105.00000,-0.00185
534F4C31,39602,337569171,324,217,3004,3011,107,-7,107.00000,-0.00185
534F4C31,39603,337574157,264,254,3003,3009,10,-6,10.00000,0.00046
534F4C31,39603,337579249,237,191,3002,3010,46,-8,46.00000,-0.00416
534F4C31,39603,337584143,293,208,3002,3010,85,-8,85.00000,-0.00416
534F4C31,39604,337589136,306,219,3003,3011,87,-8,87.00000,-0.00416
534F4C31,39605,337594156,335,230,3002,3008,105,-6,105.00000,0.00046
534F4C31,39606,337599962,292,242,3003,3009,50,-6,50.00000,0.00046
534F4C31,39606,337604295,236,178,3003,3009,58,-6,58.00000,0.00046
534F4C31,39607,337609133,292,214,3004,3007,78,-3,78.00000,0.00740
534F4C31,39608,337614453,353,240,3002,3007,113,-5,113.00000,0.00277
534F4C31,39608,337619138,311,206,3003,3007,105,-4,105.00000,0.00508
534F4C31,39608,337624132,322,206,3002,3009,116,-7,116.00000,-0.00185
534F4C31,39609,337629585,335,265,3003,3009,70,-6,70.00000,0.00046
534F4C31,39610,337634145,260,221,3002,3009,39,-7,39.00000,-0.00185
534F4C31,39610,337639547,267,198,3003,3008,69,-5,69.00000,0.00277
534F4C31,39611,337644169,305,221,3004,3009,84,-5,84.00000,0.00277
534F4C31,39612,337650019,321,210,3001,3011,111,-10,111.00000,-0.00878
534F4C31,39613,337654949,284,127,3003,3010,157,-7,157.00000,-0.00185
534F4C31,39613,337660078,344,211,3004,3010,133,-6,133.00000,0.00046
534F4C31,39614,337664124,348,213,3002,3007,135,-5,135.00000,0.00277
534F4C31,39614,337669881,345,218,3002,3010,127,-8,127.00000,-0.00416
534F4C31,39614,337674588,346,232,3004,3011,114,-7,114.00000,-0.00185
534F4C31,39614,337679133,349,236,3003,3009,113,-6,113.00000,0.00046
534F4C31,39614,337684143,339,219,3003,3012,120,-9,120.00000,-0.00647
534F4C31,39615,337689158,318,231,3002,3011,87,-9,87.00000,-0.00647
534F4C31,39616,337694140,322,222,3001,3010,100,-9,100.00000,-0.00647
534F4C31,39616,337699184,284,223,3002,3009,61,-7,61.00000,-0.00185
534F4C31,39617,337704139,255,159,3006,3007,96,-1,96.00000,0.01202
534F4C31,39618,337709718,324,250,3015,3007,74,8,74.00000,0.03282
534F4C31,39618,337715060,330,203,3001,3009,127,-8,127.00000,-0.00416
534F4C31,39619,337719344,292,184,3002,3009,108,-7,108.00000,-0.00185
534F4C31,39619,337724128,298,151,3004,3007,147,-3,147.00000,0.00740
534F4C31,39620,337729187,327,252,3003,3009,75,-6,75.00000,0.00046
534F4C31,39621,337734436,271,223,3002,3009,48,-7,48.00000,-0.00185
534F4C31,39622,337739135,250,184,3003,3008,66,-5,66.00000,0.00277
534F4C31,39623,337744323,291,267,3016,3006,24,10,24.00000,0.03744
534F4C31,39623,337749142,247,213,3015,3006,34,9,34.00000,0.03513
534F4C31,39624,337755521,282,229,3017,3009,53,8,53.00000,0.03282
534F4C31,39624,337759131,282,198,3017,3006,84,11,84.00000,0.03975
534F4C31,39624,337764138,346,242,3016,3007,104,9,104.00000,0.03513
534F4C31,39625,337769135,334,215,3017,3008,119,9,119.00000,0.03513
534F4C31,39625,337774120,336,197,3017,3009,139,8,139.00000,0.03282
534F4C31,39625,337779288,367,255,3016,3010,112,6,112.00000,0.02819
534F4C31,39626,337784153,335,218,3015,3006,117,9,117.00000,0.03513
534F4C31,39627,337789137,324,219,3016,3006,105,10,105.00000,0.03744
534F4C31,39628,337795150,379,273,3018,3008,106,10,106.00000,0.03744
534F4C31,39629,337799156,291,203,3015,3010,88,5,88.00000,0.02588
534F4C31,39629,337805131,288,197,3017,3011,91,6,91.00000,0.02819
534F4C31,39629,337809301,312,217,3016,3008,95,8,95.00000,0.03282
534F4C31,39630,337814154,344,233,3017,3010,111,7,111.00000,0.03051
534F4C31,39630,337819143,326,221,3016,3008,105,8,105.00000,0.03282
534F4C31,39631,337824182,262,296,3017,3010,-34,7,-34.00000,0.03051
534F4C31,39632,337830297,232,189,3017,3007,43,10,43.00000,0.03744
534F4C31,39632,337834427,249,153,3018,3008,96,10,96.00000,0.03744
534F4C31,39633,337839159,275,204,3017,3008,71,9,71.00000,0.03513
534F4C31,39634,337844817,322,233,3015,3008,89,7,89.00000,0.03051
534F4C31,39635,337849142,268,231,3016,3006,37,10,37.00000,0.03744
534F4C31,39636,337854414,250,228,3017,3009,22,8,22.00000,0.03282
534F4C31,39636,337860920,280,199,3016,3010,81,6,81.00000,0.02819
534F4C31,39636,337864874,274,133,3017,3009,141,8,141.00000,0.03282
534F4C31,39637,337869152,264,202,3018,3006,62,12,62.00000,0.04206
534F4C31,39638,337874839,272,164,3018,3009,108,9,108.00000,0.03513
534F4C31,39638,337879131,315,210,3018,3007,105,11,105.00000,0.03975
534F4C31,39639,337884138,309,231,3024,3009,78,15,78.00000,0.04899
534F4C31,39639,337889282,262,212,3019,3011,50,8,50.00000,0.03282
534F4C31,39639,337894134,282,200,3018,3012,82,6,82.00000,0.02819
534F4C31,39639,337899133,320,195,3016,3010,125,6,125.00000,0.02819
534F4C31,39640,337904870,326,221,3018,3013,105,5,105.00000,0.02588
534F4C31,39641,337909256,321,229,3019,3009,92,10,92.00000,0.03744
534F4C31,39642,337914157,352,251,3025,3007,101,18,101.00000,0.05593
534F4C31,39642,337919145,307,200,3017,3011,107,6,107.00000,0.02819
534F4C31,39643,337924345,338,220,3017,3009,118,8,118.00000,0.03282
534F4C31,39644,337929131,332,204,3017,3011,128,6,128.00000,0.02819
534F4C31,39644,337934589,346,220,3016,3008,126,8,126.00000,0.03282
534F4C31,39644,337939159,320,205,3017,3010,115,7,115.00000,0.03051
534F4C31,39644,337944142,343,208,3017,3009,135,8,135.00000,0.03282
534F4C31,39644,337949135,348,213,3017,3010,135,7,135.00000,0.03051
534F4C31,39645,337954248,335,210,3018,3012,125,6,125.00000,0.02819
534F4C31,39646,337959818,364,244,3016,3009,120,7,120.00000,0.03051
534F4C31,39647,337964130,348,177,3017,3010,171,7,171.00000,0.03051
534F4C31,39648,337969208,328,158,3018,3010,170,8,170.00000,0.03282
534F4C31,39649,337974711,352,200,3020,3011,152,9,152.00000,0.03513
534F4C31,39649,337979129,356,226,3019,3011,130,8,130.00000,0.03282
534F4C31,39650,337984158,313,242,3023,3009,71,14,71.00000,0.04668
534F4C31,39651,337989575,253,191,3018,3009,62,9,62.00000,0.03513
534F4C31,39652,337994227,315,220,3016,3010,95,6,95.00000,0.02819
534F4C31,39652,337999147,304,185,3017,3013,119,4,119.00000,0.02357
534F4C31,39653,338004170,289,209,3018,3011,80,7,80.00000,0.03051
534F4C31,39654,338009137,290,210,3018,3008,80,10,80.00000,0.03744
534F4C31,39654,338014157,339,184,3017,3009,155,8,155.00000,0.03282
534F4C31,39654,338019147,318,163,3018,3008,155,10,155.00000,0.03744
534F4C31,39654,338024147,343,219,3018,3009,124,9,124.00000,0.03513
534F4C31,39655,338029157,366,253,3018,3010,113,8,113.00000,0.03282
534F4C31,39655,338034165,343,233,3017,3008,110,9,110.00000,0.03513
534F4C31,39656,338039153,313,252,3017,3010,61,7,61.00000,0.03051
534F4C31,39657,338044148,295,236,3019,3007,59,12,59.00000,0.04206
534F4C31,39658,338049178,316,218,3018,3007,98,11,98.00000,0.03975
534F4C31,39659,338054435,294,168,3016,3011,126,5,126.00000,0.02588
534F4C31,39659,338059141,326,210,3018,3010,116,8,116.00000,0.03282
534F4C31,39660,338064128,357,223,3016,3010,134,6,134.00000,0.02819
534F4C31,39661,338070234,343,202,3023,3009,141,14,141.00000,0.04668
534F4C31,39661,338075827,362,204,3019,3009,158,10,158.00000,0.03744
534F4C31,39662,338079230,331,197,3016,3010,134,6,134.00000,0.02819
534F4C31,39663,338084228,323,219,3015,3008,104,7,104.00000,0.03051
534F4C31,39663,338089598,310,199,3019,3010,111,9,111.00000,0.03513
534F4C31,39663,338094134,333,222,3016,3008,111,8,111.00000,0.03282
534F4C31,39664,338099144,346,223,3016,3008,123,8,123.00000,0.03282
534F4C31,39665,338104151,320,188,3018,3010,132,8,132.00000,0.03282
534F4C31,39666,338110027,307,258,3018,3010,49,8,49.00000,0.03282
534F4C31,39667,338114553,282,197,3018,3008,85,10,85.00000,0.03744
534F4C31,39667,338119390,303,210,3016,3009,93,7,93.00000,0.03051
534F4C31,39667,338124164,316,224,3017,3008,92,9,92.00000,0.03513
534F4C31,39667,338129149,351,248,3017,3009,103,8,103.00000,0.03282
534F4C31,39667,338134161,342,227,3017,3008,115,9,115.00000,0.03513
534F4C31,39667,338139144,322,218,3017,3008,104,9,104.00000,0.03513
534F4C31,39667,338144138,348,243,3018,3008,105,10,105.00000,0.03744
534F4C31,39668,338149190,345,232,3017,3012,113,5,113.00000,0.02588
534F4C31,39669,338154150,282,222,3025,3007,60,18,60.00000,0.05593
534F4C31,39670,338160100,313,187,3019,3009,126,10,126.00000,0.03744
534F4C31,39671,338164542,339,213,3018,3010,126,8,126.00000,0.03282
534F4C31,39672,338169149,313,178,3018,3011,135,7,135.00000,0.03051
534F4C31,39673,338174445,310,167,3018,3009,143,9,143.00000,0.03513
534F4C31,39673,338179141,344,218,3018,3011,126,7,126.00000,0.03051
534F4C31,39673,338184135,314,186,3017,3011,128,6,128.00000,0.02819
534F4C31,39673,338189140,299,186,3018,3012,113,6,113.00000,0.02819
534F4C31,39674,338194707,358,258,3019,3009,100,10,100.00000,0.03744
534F4C31,39674,338199142,321,211,3018,3010,110,8,110.00000,0.03282
534F4C31,39674,338204149,321,206,3016,3010,115,6,115.00000,0.02819
534F4C31,39675,338209178,316,257,3018,3009,59,9,59.00000,0.03513
534F4C31,39676,338214227,319,237,3016,3009,82,7,82.00000,0.03051
534F4C31,39677,338219162,324,218,3017,3009,106,8,106.00000,0.03282
534F4C31,39678,338224185,299,252,3017,3010,47,7,47.00000,0.03051
534F4C31,39679,338229140,299,253,3017,3009,46,8,46.00000,0.03282
534F4C31,39680,338234693,230,200,3019,3009,30,10,30.00000,0.03744
534F4C31,39681,338239617,221,165,3018,3012,56,6,56.00000,0.02819
534F4C31,39682,338244130,299,216,3019,3010,83,9,83.00000,0.03513
534F4C31,39683,338249164,310,269,3017,3012,41,5,41.00000,0.02588
534F4C31,39684,338254897,241,247,3016,3008,-6,8,-6.00000,0.03282
534F4C31,39684,338259874,240,176,3017,3013,64,4,64.00000,0.02357
534F4C31,39685,338264360,306,221,3017,3009,85,8,85.00000,0.03282
534F4C31,39685,338269180,295,234,3018,3010,61,8,61.00000,0.03282
534F4C31,39685,338274126,246,220,3017,3009,26,8,26.00000,0.03282
534F4C31,39685,338279138,297,228,3018,3010,69,8,69.00000,0.03282
534F4C31,39686,338284135,314,219,3017,3010,95,7,95.00000,0.03051
534F4C31,39687,338289145,302,207,3017,3011,95,6,95.00000,0.02819
534F4C31,39688,338294161,300,247,3018,3010,53,8,53.00000,0.03282
534F4C31,39688,338300353,282,143,3019,3011,139,8,139.00000,0.03282
534F4C31,39689,338304132,278,142,3018,3011,136,7,136.00000,0.03051
534F4C31,39690,338309432,328,174,3018,3007,154,11,154.00000,0.03975
534F4C31,39690,338314145,341,154,3018,3008,187,10,187.00000,0.03744
534F4C31,39691,338319127,331,155,3019,3010,176,9,176.00000,0.03513
534F4C31,39691,338324136,343,206,3018,3007,137,11,137.00000,0.03975
534F4C31,39691,338329147,365,214,3018,3010,151,8,151.00000,0.03282
534F4C31,39692,338334168,343,187,3017,3008,156,9,156.00000,0.03513
534F4C31,39692,338339598,313,177,3018,3010,136,8,136.00000,0.03282
534F4C31,39692,338344142,307,196,3021,3008,111,13,111.00000,0.04437
534F4C31,39692,338349163,317,200,3016,3009,117,7,117.00000,0.03051
534F4C31,39692,338354149,319,197,3016,3010,122,6,122.00000,0.02819
534F4C31,39693,338359136,346,231,3019,3009,115,10,115.00000,0.03744
534F4C31,39694,338364140,357,220,3018,3008,137,10,137.00000,0.03744
534F4C31,39695,338370227,284,228,3019,3012,56,7,56.00000,0.03051
534F4C31,39696,338375074,284,207,3018,3008,77,10,77.00000,0.03744
534F4C31,39696,338379932,338,255,3016,3008,83,8,83.00000,0.03282
534F4C31,39696,338384141,275,198,3016,3008,77,8,77.00000,0.03282
534F4C31,39696,338389136,274,181,3018,3008,93,10,93.00000,0.03744
534F4C31,39697,338394160,310,263,3016,3009,47,7,47.00000,0.03051
534F4C31,39697,338399133,285,198,3017,3009,87,8,87.00000,0.03282
534F4C31,39698,338404241,304,197,3018,3012,107,6,107.00000,0.02819
534F4C31,39699,338409552,313,254,3018,3010,59,8,59.00000,0.03282
534F4C31,39700,338414141,307,224,3018,3010,83,8,83.00000,0.03282
534F4C31,39701,338419588,304,225,3017,3011,79,6,79.00000,0.02819
534F4C31,39702,338424131,294,191,3024,3009,103,15,103.00000,0.04899
534F4C31,39703,338429827,359,232,3017,3011,127,6,127.00000,0.02819
534F4C31,39703,338434635,317,171,3018,3012,146,6,146.00000,0.02819
534F4C31,39703,338439169,275,191,3017,3008,84,9,84.00000,0.03513
534F4C31,39703,338444139,304,204,3019,3009,100,10,100.00000,0.03744
534F4C31,39704,338449151,329,221,3017,3009,108,8,108.00000,0.03282
534F4C31,39705,338454587,307,204,3019,3013,103,6,103.00000,0.02819
534F4C31,39706,338459400,293,235,3019,3010,58,9,58.00000,0.03513
534F4C31,39707,338464242,292,151,3016,3010,141,6,141.00000,0.02819
534F4C31,39707,338469620,310,170,3017,3008,140,9,140.00000,0.03513
534F4C31,39707,338474131,312,194,3016,3009,118,7,118.00000,0.03051
534F4C31,39708,338479143,340,237,3017,3009,103,8,103.00000,0.03282
534F4C31,39709,338484337,296,197,3017,3012,99,5,99.00000,0.02588
534F4C31,39710,338489194,298,200,3018,3011,98,7,98.00000,0.03051
534F4C31,39711,338494150,339,237,3019,3007,102,12,102.00000,0.04206
534F4C31,39712,338499159,348,228,3015,3006,120,9,120.00000,0.03513
534F4C31,39713,338504218,320,193,3015,3006,127,9,127.00000,0.03513
534F4C31,39714,338509533,347,221,3017,3008,126,9,126.00000,0.03513
534F4C31,39715,338514500,317,218,3023,3009,99,14,99.00000,0.04668
534F4C31,39715,338520637,268,167,3017,3010,101,7,101.00000,0.03051
534F4C31,39715,338524146,272,182,3018,3011,90,7,90.00000,0.03051
534F4C31,39716,338529945,350,248,3017,3010,102,7,102.00000,0.03051
534F4C31,39717,338534141,306,193,3017,3008,113,9,113.00000,0.03513
534F4C31,39718,338539756,313,266,3017,3009,47,8,47.00000,0.03282
534F4C31,39718,338544128,261,192,3015,3010,69,5,69.00000,0.02588
534F4C31,39719,338549825,321,218,3018,3009,103,9,103.00000,0.03513
534F4C31,39720,338554142,287,134,3017,3010,153,7,153.00000,0.03051
534F4C31,39720,338559182,331,197,3018,3009,134,9,134.00000,0.03513
534F4C31,39721,338564131,310,200,3019,3006,110,13,110.00000,0.04437
534F4C31,39722,338569586,297,197,3018,3013,100,5,100.00000,0.02588
534F4C31,39723,338575196,290,193,3018,3010,97,8,97.00000,0.03282
534F4C31,39723,338580476,337,160,3018,3007,177,11,177.00000,0.03975
534F4C31,39723,338584145,296,152,3017,3009,144,8,144.00000,0.03282
534F4C31,39723,338589139,310,184,3018,3010,126,8,126.00000,0.03282
534F4C31,39723,338594144,349,234,3018,3010,115,8,115.00000,0.03282
534F4C31,39723,338599150,351,230,3016,3008,121,8,121.00000,0.03282
534F4C31,39723,338604174,337,218,3019,3011,119,8,119.00000,0.03282
534F4C31,39723,338609156,354,240,3020,3011,114,9,114.00000,0.03513
534F4C31,39724,338614142,372,242,3018,3012,130,6,130.00000,0.02819
534F4C31,39725,338619151,309,167,3018,3011,142,7,142.00000,0.03051
534F4C31,39726,338624391,278,242,3017,3010,36,7,36.00000,0.03051
534F4C31,39727,338630336,269,177,3017,3009,92,8,92.00000,0.03282
534F4C31,39727,338634955,283,161,3018,3007,122,11,122.00000,0.03975
534F4C31,39728,338639308,286,183,3018,3009,103,9,103.00000,0.03513
534F4C31,39729,338644150,303,236,3025,3007,67,18,67.00000,0.05593
534F4C31,39730,338649592,301,206,3018,3011,95,7,95.00000,0.03051
534F4C31,39730,338654269,277,179,3017,3011,98,6,98.00000,0.02819
534F4C31,39730,338659136,327,203,3019,3013,124,6,124.00000,0.02819
534F4C31,39731,338664221,347,228,3017,3010,119,7,119.00000,0.03051
534F4C31,39732,338669128,331,217,3017,3010,114,7,114.00000,0.03051
534F4C31,39733,338674300,268,258,3018,3009,10,9,10.00000,0.03513
534F4C31,39733,338680699,269,187,3018,3011,82,7,82.00000,0.03051
534F4C31,39734,338684154,254,161,3017,3008,93,9,93.00000,0.03513
534F4C31,39734,338689346,291,236,3019,3007,55,12,55.00000,0.04206
534F4C31,39734,338694140,290,208,3018,3009,82,9,82.00000,0.03513
534F4C31,39734,338699143,328,220,3017,3012,108,5,108.00000,0.02588
534F4C31,39734,338704139,326,212,3018,3009,114,9,114.00000,0.03513
534F4C31,39734,338709147,345,240,3018,3009,105,9,105.00000,0.03513
534F4C31,39735,338714149,364,226,3024,3005,138,19,138.00000,0.05824
534F4C31,39736,338719148,283,180,3017,3011,103,6,103.00000,0.02819
534F4C31,39737,338725050,302,210,3019,3009,92,10,92.00000,0.03744
534F4C31,39738,338730502,306,214,3019,3008,92,11,92.00000,0.03975
534F4C31,39738,338736037,271,163,3017,3008,108,9,108.00000,0.03513
534F4C31,39738,338739140,237,176,3017,3010,61,7,61.00000,0.03051
534F4C31,39739,338744315,279,246,3017,3011,33,6,33.00000,0.02819
534F4C31,39740,338749151,271,196,3015,3011,75,4,75.00000,0.02357
534F4C31,39740,338754186,275,220,3017,3010,55,7,55.00000,0.03051
534F4C31,39740,338759149,282,191,3018,3008,91,10,91.00000,0.03744
534F4C31,39740,338764157,338,222,3018,3010,116,8,116.00000,0.03282
534F4C31,39741,338769395,276,226,3018,3012,50,6,50.00000,0.02819
534F4C31,39742,338774138,253,200,3018,3012,53,6,53.00000,0.02819
534F4C31,39743,338779146,264,230,3017,3006,34,11,34.00000,0.03975
534F4C31,39744,338784503,253,204,3026,3011,49,15,49.00000,0.04899
534F4C31,39745,338789199,230,183,3017,3008,47,9,47.00000,0.03513
534F4C31,39745,338794148,279,227,3018,3009,52,9,52.00000,0.03513
534F4C31,39746,338799138,302,193,3017,3009,109,8,109.00000,0.03282
534F4C31,39747,338804513,269,186,3017,3012,83,5,83.00000,0.02588
534F4C31,39748,338809210,232,158,3018,3010,74,8,74.00000,0.03282
534F4C31,39748,338814489,319,174,3019,3010,145,9,145.00000,0.03513
534F4C31,39748,338819138,315,190,3020,3007,125,13,125.00000,0.04437
534F4C31,39748,338824137,329,224,3019,3011,105,8,105.00000,0.03282
534F4C31,39748,338829141,359,245,3018,3008,114,10,114.00000,0.03744
534F4C31,39749,338834191,306,239,3017,3012,67,5,67.00000,0.02588
534F4C31,39750,338839627,278,216,3017,3011,62,6,62.00000,0.02819
534F4C31,39751,338844560,279,210,3017,3010,69,7,69.00000,0.03051
534F4C31,39751,338849133,265,152,3015,3009,113,6,113.00000,0.02819
534F4C31,39752,338854186,276,200,3019,3008,76,11,76.00000,0.03975
534F4C31,39753,338859151,301,200,3017,3010,101,7,101.00000,0.03051
534F4C31,39754,338864136,301,261,3015,3009,40,6,40.00000,0.02819
534F4C31,39754,338870100,221,168,3017,3011,53,6,53.00000,0.02819
534F4C31,39755,338874427,283,214,3019,3008,69,11,69.00000,0.03975
534F4C31,39755,338879373,313,239,3018,3008,74,10,74.00000,0.03744
534F4C31,39756,338884194,298,205,3020,3009,93,11,93.00000,0.03975
534F4C31,39757,338889717,309,177,3018,3007,132,11,132.00000,0.03975
534F4C31,39758,338894146,293,226,3018,3010,67,8,67.00000,0.03282
534F4C31,39758,338899337,263,171,3018,3009,92,9,92.00000,0.03513
534F4C31,39758,338904146,279,142,3018,3009,137,9,137.00000,0.03513
534F4C31,39759,338909157,334,216,3018,3008,118,10,118.00000,0.03744
534F4C31,39759,338914160,364,244,3018,3010,120,8,120.00000,0.03282
534F4C31,39759,338920127,353,235,3018,3009,118,9,118.00000,0.03513
534F4C31,39759,338924134,320,212,3018,3010,108,8,108.00000,0.03282
534F4C31,39760,338929135,352,241,3018,3011,111,7,111.00000,0.03051
534F4C31,39761,338934146,327,199,3017,3011,128,6,128.00000,0.02819
534F4C31,39762,338939643,304,201,3017,3012,103,5,103.00000,0.02588
534F4C31,39763,338944498,325,168,3018,3011,157,7,157.00000,0.03051
534F4C31,39764,338949148,340,192,3015,3005,148,10,148.00000,0.03744
534F4C31,39765,338954529,329,211,3020,3009,118,11,118.00000,0.03975
534F4C31,39765,338959714,290,171,3018,3009,119,9,119.00000,0.03513
534F4C31,39766,338964152,342,222,3018,3012,120,6,120.00000,0.02819
534F4C31,39767,338969189,293,220,3019,3011,73,8,73.00000,0.03282
534F4C31,39768,338974677,307,220,3017,3013,87,4,87.00000,0.02357
534F4C31,39769,338979213,334,225,3018,3009,109,9,109.00000,0.03513
534F4C31,39770,338984143,324,227,3017,3009,97,8,97.00000,0.03282
534F4C31,39770,338989594,284,214,3017,3010,70,7,70.00000,0.03051
534F4C31,39770,338994138,300,207,3018,3012,93,6,93.00000,0.02819
534F4C31,39770,338999158,332,226,3018,3009,106,9,106.00000,0.03513
534F4C31,39770,339004158,318,211,3016,3010,107,6,107.00000,0.02819
534F4C31,39770,339009160,346,238,3018,3011,108,7,108.00000,0.03051
534F4C31,39771,339014149,369,262,3018,3011,107,7,107.00000,0.03051
534F4C31,39772,339019148,342,230,3017,3012,112,5,112.00000,0.02588
534F4C31,39773,339024164,331,231,3017,3011,100,6,100.00000,0.02819
534F4C31,39774,339029903,329,165,3017,3009,164,8,164.00000,0.03282
534F4C31,39774,339034469,325,183,3017,3011,142,6,142.00000,0.02819
534F4C31,39774,339039159,311,191,3018,3009,120,9,120.00000,0.03513
534F4C31,39775,339044152,322,284,3015,3012,38,3,38.00000,0.02126
534F4C31,39776,339049150,241,192,3017,3011,49,6,49.00000,0.02819
534F4C31,39777,339054148,267,167,3017,3010,100,7,100.00000,0.03051
534F4C31,39778,339059183,282,234,3016,3008,48,8,48.00000,0.03282
534F4C31,39779,339064140,287,214,3016,3009,73,7,73.00000,0.03051
534F4C31,39779,339069386,283,223,3017,3010,60,7,60.00000,0.03051
534F4C31,39779,339074142,281,204,3018,3010,77,8,77.00000,0.03282
534F4C31,39779,339079169,336,245,3017,3012,91,5,91.00000,0.02588
534F4C31,39779,339084156,325,218,3017,3009,107,8,107.00000,0.03282
534F4C31,39779,339089144,317,194,3016,3009,123,7,123.00000,0.03051
534F4C31,39780,339094161,344,253,3017,3011,91,6,91.00000,0.02819
534F4C31,39781,339099672,321,177,3019,3010,144,9,144.00000,0.03513
534F4C31,39782,339105030,323,171,3018,3007,152,11,152.00000,0.03975
534F4C31,39782,339109197,294,205,3018,3012,89,6,89.00000,0.02819
534F4C31,39782,339114264,307,219,3017,3010,88,7,88.00000,0.03051
534F4C31,39783,339119269,312,217,3017,3011,95,6,95.00000,0.02819
534F4C31,39784,339124180,309,222,3019,3011,87,8,87.00000,0.03282
534F4C31,39785,339129658,351,241,3017,3009,110,8,110.00000,0.03282
534F4C31,39785,339134143,310,164,3016,3011,146,5,146.00000,0.02588
534F4C31,39786,339139132,315,190,3017,3011,125,6,125.00000,0.02819
534F4C31,39786,339144149,341,198,3018,3009,143,9,143.00000,0.03513
534F4C31,39787,339149184,349,237,3016,3008,112,8,112.00000,0.03282
534F4C31,39787,339155058,283,179,3018,3010,104,8,104.00000,0.03282
534F4C31,39788,339159160,250,229,3018,3009,21,9,21.00000,0.03513
534F4C31,39789,339164928,273,156,3019,3009,117,10,117.00000,0.03744
534F4C31,39789,339170561,309,197,3018,3010,112,8,112.00000,0.03282
534F4C31,39789,339174148,277,209,3017,3010,68,7,68.00000,0.03051
534F4C31,39790,339179502,305,236,3017,3011,69,6,69.00000,0.02819
534F4C31,39790,339184168,299,203,3017,3011,96,6,96.00000,0.02819
534F4C31,39790,339189163,306,171,3017,3008,135,9,135.00000,0.03513
534F4C31,39791,339194137,349,228,3020,3008,121,12,121.00000,0.04206
534F4C31,39792,339199480,326,244,3019,3012,82,7,82.00000,0.03051
534F4C31,39793,339204132,291,168,3020,3010,123,10,123.00000,0.03744
534F4C31,39793,339210136,352,210,3018,3010,142,8,142.00000,0.03282
534F4C31,39794,339214814,345,213,3019,3008,132,11,132.00000,0.03975
534F4C31,39795,339220434,328,147,3016,3011,181,5,181.00000,0.02588
534F4C31,39795,339224130,297,167,3015,3008,130,7,130.00000,0.03051
534F4C31,39796,339229631,348,249,3023,3009,99,14,99.00000,0.04668
534F4C31,39796,339234131,293,190,3016,3008,103,8,103.00000,0.03282
534F4C31,39797,339239154,309,201,3018,3010,108,8,108.00000,0.03282
534F4C31,39798,339244135,337,164,3019,3010,173,9,173.00000,0.03513
534F4C31,39798,339249158,359,205,3018,3009,154,9,154.00000,0.03513
534F4C31,39799,339254176,339,205,3017,3007,134,10,134.00000,0.03744
534F4C31,39800,339259191,349,205,3019,3009,144,10,144.00000,0.03744
534F4C31,39800,339265029,370,202,3017,3011,168,6,168.00000,0.02819
534F4C31,39800,339269162,321,196,3018,3011,125,7,125.00000,0.03051
534F4C31,39800,339274134,304,203,3017,3010,101,7,101.00000,0.03051
534F4C31,39801,339279716,354,265,3018,3012,89,6,89.00000,0.02819
534F4C31,39802,339284529,321,221,3017,3010,100,7,100.00000,0.03051
534F4C31,39803,339289192,275,249,3018,3009,26,9,26.00000,0.03513
534F4C31,39804,339294986,277,217,3019,3009,60,10,60.00000,0.03744
534F4C31,39804,339299296,295,175,3016,3007,120,9,120.00000,0.03513
534F4C31,39804,339304133,297,155,3016,3009,142,7,142.00000,0.03051
534F4C31,39805,339309175,338,222,3016,3011,116,5,116.00000,0.02588
534F4C31,39806,339314149,360,252,3017,3007,108,10,108.00000,0.03744
534F4C31,39807,339319643,304,223,3017,3009,81,8,81.00000,0.03282
534F4C31,39807,339325289,282,154,3017,3009,128,8,128.00000,0.03282
534F4C31,39807,339329136,299,154,3017,3009,145,8,145.00000,0.03282
534F4C31,39807,339334155,325,195,3017,3009,130,8,130.00000,0.03282
534F4C31,39808,339339190,306,244,3018,3013,62,5,62.00000,0.02588
534F4C31,39809,339344144,262,193,3019,3011,69,8,69.00000,0.03282
534F4C31,39810,339349271,292,175,3017,3008,117,9,117.00000,0.03513
534F4C31,39811,339354413,289,203,3018,3010,86,8,86.00000,0.03282
534F4C31,39812,339359139,293,229,3019,3012,64,7,64.00000,0.03051
534F4C31,39812,339364274,298,198,3018,3010,100,8,100.00000,0.03282
534F4C31,39813,339369139,296,171,3017,3011,125,6,125.00000,0.02819
534F4C31,39813,339374160,315,232,3019,3009,83,10,83.00000,0.03744
534F4C31,39813,339379624,335,232,3017,3008,103,9,103.00000,0.03513
534F4C31,39813,339384174,316,206,3015,3011,110,4,110.00000,0.02357
534F4C31,39814,339389691,294,253,3017,3009,41,8,41.00000,0.03282
534F4C31,39814,339394140,268,192,3017,3007,76,10,76.00000,0.03744
534F4C31,39815,339399175,300,229,3017,3009,71,8,71.00000,0.03282
534F4C31,39815,339404490,301,214,3017,3009,87,8,87.00000,0.03282
534F4C31,39816,339409260,319,223,3017,3009,96,8,96.00000,0.03282
534F4C31,39816,339414286,324,206,3017,3009,118,8,118.00000,0.03282
534F4C31,39817,339419323,295,216,3017,3009,79,8,79.00000,0.03282
534F4C31,39818,339425136,294,185,3020,3009,109,11,109.00000,0.03975
534F4C31,39819,339430530,351,236,3018,3009,115,9,115.00000,0.03513
534F4C31,39820,339434473,271,226,3017,3011,45,6,45.00000,0.02819
534F4C31,39821,339439652,236,211,3019,3013,25,6,25.00000,0.02819
534F4C31,39821,339445693,295,157,3018,3010,138,8,138.00000,0.03282
534F4C31,39821,339449135,289,154,3017,3011,135,6,135.00000,0.02819
534F4C31,39822,339454178,249,241,3017,3009,8,8,8.00000,0.03282
534F4C31,39823,339459669,245,179,3017,3008,66,9,66.00000,0.03513
534F4C31,39823,339464595,327,233,3016,3006,94,10,94.00000,0.03744
534F4C31,39823,339469138,315,198,3016,3009,117,7,117.00000,0.03051
534F4C31,39823,339474137,326,209,3017,3009,117,8,117.00000,0.03282
534F4C31,39824,339479151,350,258,3019,3011,92,8,92.00000,0.03282
534F4C31,39824,339484520,321,218,3017,3010,103,7,103.00000,0.03051
534F4C31,39825,339489514,307,196,3016,3010,111,6,111.00000,0.02819
534F4C31,39825,339494647,329,237,3018,3010,92,8,92.00000,0.03282
534F4C31,39826,339499143,295,226,3017,3010,69,7,69.00000,0.03051
534F4C31,39827,339504943,250,134,3017,3011,116,6,116.00000,0.02819
534F4C31,39827,339509163,305,193,3018,3011,112,7,112.00000,0.03051
534F4C31,39828,339514325,352,224,3019,3013,128,6,128.00000,0.02819
534F4C31,39828,339519128,300,185,3017,3010,115,7,115.00000,0.03051
534F4C31,39829,339524151,318,194,3018,3012,124,6,124.00000,0.02819
534F4C31,39830,339529139,338,227,3018,3011,111,7,111.00000,0.03051
534F4C31,39830,339534396,309,176,3018,3011,133,7,133.00000,0.03051
534F4C31,39831,339539146,290,203,3019,3011,87,8,87.00000,0.03282
534F4C31,39831,339544840,326,210,3017,3008,116,9,116.00000,0.03513
534F4C31,39832,339549146,288,242,3017,3009,46,8,46.00000,0.03282
534F4C31,39833,339555514,242,162,3018,3010,80,8,80.00000,0.03282
534F4C31,39834,339560137,290,158,3017,3008,132,9,132.00000,0.03513
534F4C31,39834,339564552,284,191,3015,3009,93,6,93.00000,0.02819
534F4C31,39834,339569136,258,185,3026,3010,73,16,73.00000,0.05131
534F4C31,39834,339574173,280,186,3020,3006,94,14,94.00000,0.04668
534F4C31,39834,339579136,333,231,3017,3011,102,6,102.00000,0.02819
534F4C31,39835,339584618,334,240,3016,3009,94,7,94.00000,0.03051
534F4C31,39836,339589537,273,239,3017,3008,34,9,34.00000,0.03513
534F4C31,39836,339594556,274,175,3018,3010,99,8,99.00000,0.03282
534F4C31,39837,339599168,293,234,3017,3011,59,6,59.00000,0.02819
534F4C31,39838,339604348,253,179,3017,3008,74,9,74.00000,0.03513
534F4C31,39838,339609238,289,194,3017,3008,95,9,95.00000,0.03513
534F4C31,39839,339615108,322,254,3018,3010,68,8,68.00000,0.03282
534F4C31,39839,339619128,255,182,3016,3008,73,8,73.00000,0.03282
534F4C31,39840,339625013,329,249,3017,3011,80,6,80.00000,0.02819
534F4C31,39841,339629144,318,225,3018,3013,93,5,93.00000,0.02588
534F4C31,39842,339634769,333,182,3017,3010,151,7,151.00000,0.03051
534F4C31,39843,339640334,297,243,3018,3011,54,7,54.00000,0.03051
534F4C31,39843,339645182,236,172,3018,3010,64,8,64.00000,0.03282
534F4C31,39843,339649183,282,191,3017,3010,91,7,91.00000,0.03051
534F4C31,39843,339654152,299,198,3017,3010,101,7,101.00000,0.03051
534F4C31,39844,339659163,317,261,3019,3012,56,7,56.00000,0.03051
534F4C31,39845,339664227,263,223,3018,3012,40,6,40.00000,0.02819
534F4C31,39846,339669529,275,213,3019,3010,62,9,62.00000,0.03513
534F4C31,39847,339674232,275,203,3017,3010,72,7,72.00000,0.03051
534F4C31,39848,339679220,321,210,3018,3010,111,8,111.00000,0.03282
534F4C31,39848,339684306,318,163,3018,3009,155,9,155.00000,0.03513
534F4C31,39849,339689159,282,203,3030,3006,79,24,79.00000,0.06979
534F4C31,39849,339694487,269,250,3030,3007,19,23,19.00000,0.06748
534F4C31,39849,339699350,252,192,3028,3010,60,18,60.00000,0.05593
534F4C31,39849,339704153,280,197,3031,3008,83,23,83.00000,0.06748
534F4C31,39849,339709152,318,228,3031,3009,90,22,90.00000,0.06517
534F4C31,39849,339714145,353,252,3030,3010,101,20,101.00000,0.06055
534F4C31,39850,339719152,320,225,3030,3013,95,17,95.00000,0.05362
534F4C31,39851,339724166,280,278,3031,3012,2,19,2.00000,0.05824
534F4C31,39852,339730013,235,202,3030,3011,33,19,33.00000,0.05824
534F4C31,39853,339734537,280,198,3030,3011,82,19,82.00000,0.05824
534F4C31,39854,339739672,304,209,3031,3011,95,20,95.00000,0.06055
534F4C31,39855,339745177,323,272,3032,3009,51,23,51.00000,0.06748
534F4C31,39855,339749853,263,179,3031,3010,84,21,84.00000,0.06286
534F4C31,39855,339754146,281,182,3031,3009,99,22,99.00000,0.06517
534F4C31,39856,339759637,330,232,3032,3009,98,23,98.00000,0.06748
534F4C31,39857,339764137,334,208,3031,3010,126,21,126.00000,0.06286
534F4C31,39858,339769144,265,192,3031,3010,73,21,73.00000,0.06286
534F4C31,39859,339774139,233,213,3031,3010,20,21,20.00000,0.06286
534F4C31,39859,339779645,280,229,3031,3009,51,22,51.00000,0.06517
534F4C31,39859,339784137,272,189,3030,3009,83,21,83.00000,0.06286
534F4C31,39860,339789175,296,198,3032,3009,98,23,98.00000,0.06748
534F4C31,39860,339794128,330,222,3031,3009,108,22,108.00000,0.06517
534F4C31,39861,339799174,338,241,3028,3009,97,19,97.00000,0.05824
534F4C31,39862,339805749,267,139,3031,3008,128,23,128.00000,0.06748
534F4C31,39862,339811282,337,188,3030,3010,149,20,149.00000,0.06055
534F4C31,39862,339814143,303,166,3030,3009,137,21,137.00000,0.06286
534F4C31,39862,339819132,323,195,3030,3008,128,22,128.00000,0.06517
534F4C31,39862,339824144,329,215,3030,3010,114,20,114.00000,0.06055
534F4C31,39863,339829166,344,258,3032,3011,86,21,86.00000,0.06286
534F4C31,39864,339834152,280,214,3030,3011,66,19,66.00000,0.05824
534F4C31,39865,339839498,273,196,3031,3009,77,22,77.00000,0.06517
534F4C31,39865,339844144,303,180,3033,3010,123,23,123.00000,0.06748
534F4C31,39866,339849168,303,233,3030,3009,70,21,70.00000,0.06286
534F4C31,39867,339854260,261,167,3030,3010,94,20,94.00000,0.06055
534F4C31,39868,339859194,297,232,3036,3008,65,28,65.00000,0.07904
534F4C31,39868,339866031,324,165,3029,3006,159,23,159.00000,0.06748
534F4C31,39869,339870309,290,161,3031,3009,129,22,129.00000,0.06517
534F4C31,39870,339874404,270,143,3029,3009,127,20,127.00000,0.06055
534F4C31,39871,339879145,306,245,3029,3008,61,21,61.00000,0.06286
534F4C31,39871,339884509,261,180,3030,3008,81,22,81.00000,0.06517
534F4C31,39871,339889136,284,179,3031,3009,105,22,105.00000,0.06517
534F4C31,39872,339894141,336,229,3031,3009,107,22,107.00000,0.06517
534F4C31,39872,339899179,351,196,3030,3009,155,21,155.00000,0.06286
534F4C31,39872,339904138,325,192,3030,3007,133,23,133.00000,0.06748
534F4C31,39873,339909529,295,250,3034,3010,45,24,45.00000,0.06979
534F4C31,39874,339914788,292,215,3030,3010,77,20,77.00000,0.06055
534F4C31,39874,339920019,313,222,3031,3007,91,24,91.00000,0.06979
534F4C31,39874,339924138,274,216,3030,3011,58,19,58.00000,0.05824
534F4C31,39874,339929140,307,221,3030,3008,86,22,86.00000,0.06517
534F4C31,39875,339934152,324,234,3031,3008,90,23,90.00000,0.06748
534F4C31,39876,339939147,263,190,3032,3010,73,22,73.00000,0.06517
534F4C31,39877,339944589,299,216,3037,3008,83,29,83.00000,0.08135
534F4C31,39877,339949281,288,158,3031,3010,130,21,130.00000,0.06286
534F4C31,39878,339954469,278,203,3031,3011,75,20,75.00000,0.06055
534F4C31,39879,339959136,291,210,3031,3008,81,23,81.00000,0.06748
534F4C31,39880,339964147,304,249,3028,3007,55,21,55.00000,0.06286
534F4C31,39881,339970110,291,182,3031,3008,109,23,109.00000,0.06748
534F4C31,39881,339975565,320,166,3029,3009,154,20,154.00000,0.06055
534F4C31,39881,339979483,318,201,3030,3009,117,21,117.00000,0.06286
534F4C31,39881,339984149,309,193,3029,3007,116,22,116.00000,0.06517
534F4C31,39882,339989137,315,194,3031,3009,121,22,121.00000,0.06517
534F4C31,39883,339994137,344,234,3030,3011,110,19,110.00000,0.05824
534F4C31,39884,339999388,351,202,3031,3010,149,21,149.00000,0.06286
534F4C31,39885,340004181,300,216,3031,3009,84,22,84.00000,0.06517
534F4C31,39886,340009151,290,188,3031,3009,102,22,102.00000,0.06517
534F4C31,39886,340014314,346,222,3030,3010,124,20,124.00000,0.06055
534F4C31,39887,340019138,316,172,3031,3009,144,22,144.00000,0.06517
534F4C31,39887,340024147,324,212,3030,3012,112,18,112.00000,0.05593
534F4C31,39887,340029146,314,223,3030,3009,91,21,91.00000,0.06286
534F4C31,39888,340034131,305,198,3029,3009,107,20,107.00000,0.06055
534F4C31,39889,340039144,298,173,3030,3007,125,23,125.00000,0.06748
534F4C31,39890,340044162,310,211,3030,3009,99,21,99.00000,0.06286
534F4C31,39890,340049261,317,201,3036,3006,116,30,116.00000,0.08366
534F4C31,39890,340054160,313,201,3031,3008,112,23,112.00000,0.06748
534F4C31,39890,340059262,326,236,3028,3007,90,21,90.00000,0.06286
534F4C31,39891,340064140,334,224,3032,3007,110,25,110.00000,0.07210
534F4C31,39891,340069288,280,147,3029,3008,133,21,133.00000,0.06286
534F4C31,39891,340074139,300,189,3029,3008,111,21,111.00000,0.06286
534F4C31,39892,340079210,323,257,3031,3008,66,23,66.00000,0.06748
534F4C31,39893,340084132,270,169,3029,3008,101,21,101.00000,0.06286
534F4C31,39894,340089431,300,183,3031,3008,117,23,117.00000,0.06748
534F4C31,39895,340094825,338,193,3031,3009,145,22,145.00000,0.06517
534F4C31,39895,340099132,341,180,3030,3010,161,20,161.00000,0.06055
534F4C31,39896,340104168,308,207,3030,3008,101,22,101.00000,0.06517
534F4C31,39897,340110484,303,232,3031,3008,71,23,71.00000,0.06748
534F4C31,39897,340115329,314,182,3032,3010,132,22,132.00000,0.06517
534F4C31,39897,340119132,291,170,3031,3009,121,22,121.00000,0.06517
534F4C31,39898,340124163,315,207,3031,3010,108,21,108.00000,0.06286
534F4C31,39898,340129380,354,247,3031,3009,107,22,107.00000,0.06517
534F4C31,39899,340134155,319,217,3032,3010,102,22,102.00000,0.06517
534F4C31,39900,340139248,269,180,3031,3010,89,21,89.00000,0.06286
534F4C31,39900,340144130,306,217,3031,3008,89,23,89.00000,0.06748
534F4C31,39901,340149134,304,222,3028,3010,82,18,82.00000,0.05593
534F4C31,39901,340154143,282,213,3041,3008,69,33,69.00000,0.09059
534F4C31,39902,340159141,288,210,3030,3011,78,19,78.00000,0.05824
534F4C31,39903,340165075,366,264,3030,3009,102,21,102.00000,0.06286
534F4C31,39904,340169137,279,188,3031,3006,91,25,91.00000,0.07210
534F4C31,39905,340174131,286,210,3032,3008,76,24,76.00000,0.06979
534F4C31,39906,340179511,313,238,3032,3008,75,24,75.00000,0.06979
534F4C31,39907,340184527,291,235,3029,3012,56,17,56.00000,0.05362
534F4C31,39907,340189909,233,164,3030,3009,69,21,69.00000,0.06286
534F4C31,39907,340194153,294,203,3030,3010,91,20,91.00000,0.06055
534F4C31,39908,340199163,339,233,3031,3009,106,22,106.00000,0.06517
534F4C31,39908,340204128,329,214,3032,3007,115,25,115.00000,0.07210
534F4C31,39909,340209177,343,251,3032,3010,92,22,92.00000,0.06517
534F4C31,39909,340215114,284,188,3031,3009,96,22,96.00000,0.06517
534F4C31,39909,340219869,260,163,3029,3009,97,20,97.00000,0.06055
534F4C31,39909,340224146,282,185,3031,3008,97,23,97.00000,0.06748
534F4C31,39909,340229136,334,228,3031,3010,106,21,106.00000,0.06286
534F4C31,39910,340234170,304,232,3031,3012,72,19,72.00000,0.05824
534F4C31,39911,340239151,234,187,3031,3012,47,19,47.00000,0.05824
534F4C31,39912,340244737,292,244,3039,3008,48,31,48.00000,0.08597
534F4C31,39913,340249158,270,189,3029,3007,81,22,81.00000,0.06517
534F4C31,39914,340254115,263,128,3031,3009,135,22,135.00000,0.06517
534F4C31,39915,340259743,341,253,3031,3008,88,23,88.00000,0.06748
534F4C31,39916,340264763,319,226,3030,3010,93,20,93.00000,0.06055
534F4C31,39917,340269129,306,196,3030,3011,110,19,110.00000,0.05824
534F4C31,39917,340274647,337,220,3029,3010,117,19,117.00000,0.05824
534F4C31,39917,340279167,322,241,3031,3008,81,23,81.00000,0.06748
534F4C31,39918,340284126,309,208,3034,3009,101,25,101.00000,0.07210
534F4C31,39919,340289154,305,212,3031,3010,93,21,93.00000,0.06286
534F4C31,39920,340294589,315,219,3032,3008,96,24,96.00000,0.06979
534F4C31,39920,340299132,326,180,3031,3010,146,21,146.00000,0.06286
534F4C31,39921,340304128,306,184,3030,3011,122,19,122.00000,0.05824
534F4C31,39922,340309979,331,188,3030,3009,143,21,143.00000,0.06286
534F4C31,39922,340315343,345,220,3031,3007,125,24,125.00000,0.06979
534F4C31,39922,340319327,278,167,3030,3011,111,19,111.00000,0.05824
534F4C31,39922,340324156,305,201,3032,3012,104,20,104.00000,0.06055
534F4C31,39922,340329160,346,239,3030,3010,107,20,107.00000,0.06055
534F4C31,39922,340334146,344,224,3029,3008,120,21,120.00000,0.06286
534F4C31,39922,340339151,329,205,3029,3009,124,20,124.00000,0.06055
534F4C31,39923,340344240,344,240,3031,3010,104,21,104.00000,0.06286
534F4C31,39924,340349183,348,230,3033,3011,118,22,118.00000,0.06517
534F4C31,39925,340354166,323,181,3030,3008,142,22,142.00000,0.06517
534F4C31,39926,340359143,340,209,3031,3010,131,21,131.00000,0.06286
534F4C31,39927,340364128,343,255,3031,3011,88,20,88.00000,0.06055
534F4C31,39928,340369236,278,158,3032,3008,120,24,120.00000,0.06979
534F4C31,39928,340374783,331,217,3032,3009,114,23,114.00000,0.06748
534F4C31,39928,340379191,341,228,3029,3009,113,20,113.00000,0.06055
534F4C31,39929,340384148,337,208,3030,3010,129,20,129.00000,0.06055
534F4C31,39929,340389487,329,186,3030,3012,143,18,143.00000,0.05593
534F4C31,39930,340394258,345,228,3030,3011,117,19,117.00000,0.05824
534F4C31,39931,340399428,310,255,3034,3005,55,29,55.00000,0.08135
534F4C31,39931,340404363,246,183,3029,3010,63,19,63.00000,0.05824
534F4C31,39931,340409136,289,190,3031,3008,99,23,99.00000,0.06748
534F4C31,39931,340414486,350,259,3031,3011,91,20,91.00000,0.06055
534F4C31,39931,340419134,317,217,3029,3008,100,21,100.00000,0.06286
534F4C31,39932,340424563,329,245,3030,3009,84,21,84.00000,0.06286
534F4C31,39933,340429185,330,224,3031,3009,106,22,106.00000,0.06517
534F4C31,39934,340435219,337,225,3035,3011,112,24,112.00000,0.06979
534F4C31,39935,340439141,284,150,3029,3004,134,25,134.00000,0.07210
534F4C31,39936,340444336,332,230,3029,3009,102,20,102.00000,0.06055
534F4C31,39937,340449142,340,213,3029,3010,127,19,127.00000,0.05824
534F4C31,39937,340454893,329,166,3030,3009,163,21,163.00000,0.06286
534F4C31,39937,340459133,332,201,3031,3008,131,23,131.00000,0.06748
534F4C31,39937,340464575,370,244,3030,3010,126,20,126.00000,0.06055
534F4C31,39938,340469301,317,215,3030,3009,102,21,102.00000,0.06286
534F4C31,39939,340474155,266,257,3031,3010,9,21,9.00000,0.06286
534F4C31,39940,340480705,277,222,3030,3011,55,19,55.00000,0.05824
534F4C31,39940,340484789,279,189,3030,3012,90,18,90.00000,0.05593
534F4C31,39940,340489702,281,212,3029,3009,69,20,69.00000,0.06055
534F4C31,39941,340494151,305,212,3031,3010,93,21,93.00000,0.06286
534F4C31,39942,340499189,309,238,3031,3010,71,21,71.00000,0.06286
534F4C31,39942,340504145,288,190,3032,3010,98,22,98.00000,0.06517
534F4C31,39943,340509284,324,254,3030,3010,70,20,70.00000,0.06055
534F4C31,39944,340514832,332,243,3032,3008,89,24,89.00000,0.06979
534F4C31,39944,340519284,298,216,3029,3013,82,16,82.00000,0.05131
534F4C31,39945,340524516,286,234,3031,3010,52,21,52.00000,0.06286
534F4C31,39946,340529136,295,214,3030,3011,81,19,81.00000,0.05824
534F4C31,39946,340534764,336,205,3030,3009,131,21,131.00000,0.06286
534F4C31,39946,340539139,291,195,3032,3010,96,22,96.00000,0.06517
534F4C31,39946,340544138,313,199,3031,3008,114,23,114.00000,0.06748
534F4C31,39946,340549136,357,227,3031,3007,130,24,130.00000,0.06979
534F4C31,39947,340554517,327,221,3032,3011,106,21,106.00000,0.06286
534F4C31,39948,340559151,312,220,3032,3012,92,20,92.00000,0.06055
534F4C31,39949,340564186,338,254,3031,3008,84,23,84.00000,0.06748
534F4C31,39950,340569130,280,224,3030,3010,56,20,56.00000,0.06055
534F4C31,39951,340574132,234,179,3035,3011,55,24,55.00000,0.06979
534F4C31,39952,340579999,331,232,3031,3011,99,20,99.00000,0.06055
534F4C31,39953,340584133,242,195,3030,3009,47,21,47.00000,0.06286
534F4C31,39953,340590356,237,152,3031,3010,85,21,85.00000,0.06286
534F4C31,39953,340594128,266,153,3030,3011,113,19,113.00000,0.05824
534F4C31,39954,340599140,337,201,3030,3011,136,19,136.00000,0.05824
534F4C31,39955,340604965,330,151,3032,3010,179,22,179.00000,0.06517
534F4C31,39956,340609143,318,160,3033,3010,158,23,158.00000,0.06748
534F4C31,39957,340614277,349,213,3029,3011,136,18,136.00000,0.05593
534F4C31,39957,340619146,274,195,3031,3008,79,23,79.00000,0.06748
534F4C31,39958,340624143,264,212,3033,3011,52,22,52.00000,0.06517
534F4C31,39959,340629128,292,202,3032,3007,90,25,90.00000,0.07210
534F4C31,39960,340634199,315,226,3031,3008,89,23,89.00000,0.06748
534F4C31,39960,340639154,277,141,3031,3009,136,22,136.00000,0.06517
534F4C31,39960,340644151,335,218,3032,3008,117,24,117.00000,0.06979
534F4C31,39961,340649147,365,239,3031,3011,126,20,126.00000,0.06055
534F4C31,39961,340654145,345,221,3030,3011,124,19,124.00000,0.05824
534F4C31,39961,340659178,351,243,3030,3008,108,22,108.00000,0.06517
534F4C31,39961,340664510,373,268,3030,3007,105,23,105.00000,0.06748
534F4C31,39961,340669136,333,217,3029,3009,116,20,116.00000,0.06055
534F4C31,39962,340674170,314,271,3030,3010,43,20,43.00000,0.06055
534F4C31,39963,340679134,258,206,3032,3010,52,22,52.00000,0.06517
534F4C31,39964,340684155,272,212,3030,3011,60,19,60.00000,0.05824
534F4C31,39964,340689546,279,194,3031,3010,85,21,85.00000,0.06286
534F4C31,39965,340694326,304,231,3032,3009,73,23,73.00000,0.06748
534F4C31,39965,340699684,339,213,3031,3010,126,21,126.00000,0.06286
534F4C31,39966,340704648,318,210,3033,3006,108,27,108.00000,0.07673
534F4C31,39967,340709145,314,221,3033,3010,93,23,93.00000,0.06748
534F4C31,39968,340714325,331,227,3029,3010,104,19,104.00000,0.05824
534F4C31,39968,340719141,296,210,3031,3010,86,21,86.00000,0.06286
534F4C31,39969,340724557,280,232,3030,3009,48,21,48.00000,0.06286
534F4C31,39970,340729128,263,198,3031,3007,65,24,65.00000,0.06979
534F4C31,39970,340734563,315,175,3029,3010,140,19,140.00000,0.05824
534F4C31,39971,340739151,314,183,3030,3011,131,19,131.00000,0.05824
534F4C31,39971,340744649,357,240,3030,3009,117,21,117.00000,0.06286
534F4C31,39971,340749361,356,236,3032,3010,120,22,120.00000,0.06517
534F4C31,39971,340754136,332,212,3031,3010,120,21,120.00000,0.06286
534F4C31,39971,340759139,350,236,3031,3010,114,21,114.00000,0.06286
534F4C31,39972,340764157,357,262,3031,3011,95,20,95.00000,0.06055
534F4C31,39973,340769149,281,208,3031,3013,73,18,73.00000,0.05593
534F4C31,39974,340774702,308,211,3032,3010,97,22,97.00000,0.06517
534F4C31,39975,340779927,341,201,3032,3011,140,21,140.00000,0.06286
534F4C31,39976,340784145,334,199,3030,3011,135,19,135.00000,0.05824
534F4C31,39976,340790045,309,161,3030,3010,148,20,148.00000,0.06055
534F4C31,39976,340794377,305,194,3031,3010,111,21,111.00000,0.06286
534F4C31,39977,340799306,321,202,3038,3012,119,26,119.00000,0.07442
534F4C31,39977,340804144,315,182,3030,3011,133,19,133.00000,0.05824
534F4C31,39978,340809155,342,225,3031,3009,117,22,117.00000,0.06517
534F4C31,39978,340814183,345,259,3032,3006,86,26,86.00000,0.07442
534F4C31,39978,340819168,312,206,3029,3009,106,20,106.00000,0.06055
534F4C31,39979,340824173,313,285,3032,3009,28,23,28.00000,0.06748
534F4C31,39980,340830772,286,226,3031,3007,60,24,60.00000,0.06979
534F4C31,39980,340834488,266,175,3029,3009,91,20,91.00000,0.06055
534F4C31,39981,340839186,261,207,3031,3010,54,21,54.00000,0.06286
534F4C31,39982,340844494,291,174,3030,3010,117,20,117.00000,0.06055
534F4C31,39983,340849148,327,178,3029,3010,149,19,149.00000,0.05824
534F4C31,39983,340854405,325,201,3030,3009,124,21,124.00000,0.06286
534F4C31,39984,340859175,339,225,3030,3011,114,19,114.00000,0.05824
534F4C31,39985,340864134,354,191,3030,3008,163,22,163.00000,0.06517
534F4C31,39985,340869137,344,216,3031,3009,128,22,128.00000,0.06517
534F4C31,39985,340874128,304,188,3030,3012,116,18,116.00000,0.05593
534F4C31,39985,340879149,352,235,3030,3011,117,19,117.00000,0.05824
534F4C31,39985,340884149,351,223,3030,3010,128,20,128.00000,0.06055
534F4C31,39986,340889172,325,265,3031,3012,60,19,60.00000,0.05824
534F4C31,39987,340894151,251,219,3030,3011,32,19,32.00000,0.05824
534F4C31,39988,340899173,243,241,3031,3009,2,22,2.00000,0.06517
534F4C31,39988,340904193,206,159,3032,3010,47,22,47.00000,0.06517
534F4C31,39989,340909337,299,222,3041,3010,77,31,77.00000,0.08597
534F4C31,39990,340915374,359,181,3031,3009,178,22,178.00000,0.06517
534F4C31,39990,340919509,300,142,3029,3013,158,16,158.00000,0.05131
534F4C31,39991,340925074,322,201,3030,3006,121,24,121.00000,0.06979
534F4C31,39992,340929147,323,193,3040,3009,130,31,130.00000,0.08597
534F4C31,39993,340934386,281,257,3031,3009,24,22,24.00000,0.06517
534F4C31,39994,340940322,214,194,3032,3010,20,22,20.00000,0.06517
534F4C31,39994,340945476,270,217,3031,3010,53,21,53.00000,0.06286
534F4C31,39994,340949130,242,171,3030,3009,71,21,71.00000,0.06286
534F4C31,39994,340954189,277,189,3031,3009,88,22,88.00000,0.06517
534F4C31,39995,340959146,317,223,3032,3010,94,22,94.00000,0.06517
534F4C31,39995,340964172,350,250,3031,3007,100,24,100.00000,0.06979
534F4C31,39995,340969155,339,239,3031,3010,100,21,100.00000,0.06286
534F4C31,39995,340974130,298,196,3030,3011,102,19,102.00000,0.05824
534F4C31,39996,340979746,362,250,3031,3009,112,22,112.00000,0.06517
534F4C31,39997,340984324,321,183,3032,3008,138,24,138.00000,0.06979
534F4C31,39998,340989184,280,193,3033,3011,87,22,87.00000,0.06517
534F4C31,39998,340994127,300,176,3031,3009,124,22,124.00000,0.06517
534F4C31,39999,340999201,349,243,3032,3012,106,20,106.00000,0.06055
534F4C31,40000,341004143,271,194,3030,3011,77,19,77.00000,0.05824
534F4C31,40000,341010102,318,227,3031,3008,91,23,91.00000,0.06748
534F4C31,40000,341014140,323,224,3031,3010,99,21,99.00000,0.06286
534F4C31,40000,341019144,331,219,3029,3010,112,19,112.00000,0.05824
534F4C31,40001,341024162,318,233,3031,3011,85,20,85.00000,0.06055
534F4C31,40002,341029673,327,210,3030,3010,117,20,117.00000,0.06055
534F4C31,40003,341034838,336,186,3030,3009,150,21,150.00000,0.06286
534F4C31,40003,341039181,314,175,3030,3010,139,20,139.00000,0.06055
534F4C31,40004,341044139,319,237,3032,3008,82,24,82.00000,0.06979
534F4C31,40005,341049443,342,236,3031,3012,106,19,106.00000,0.05824
534F4C31,40006,341054826,310,223,3029,3010,87,19,87.00000,0.05824
534F4C31,40007,341059172,249,181,3032,3009,68,23,68.00000,0.06748
534F4C31,40007,341064177,310,251,3031,3011,59,20,59.00000,0.06055
534F4C31,40008,341069190,266,238,3030,3011,28,19,28.00000,0.05824
534F4C31,40008,341074565,250,194,3030,3010,56,20,56.00000,0.06055
534F4C31,40009,341079450,323,233,3030,3010,90,20,90.00000,0.06055
534F4C31,40010,341084136,316,134,3030,3009,182,21,182.00000,0.06286
534F4C31,40010,341089958,347,192,3030,3003,155,27,155.00000,0.07673
534F4C31,40010,341094129,336,216,3031,3009,120,22,120.00000,0.06517
534F4C31,40010,341099144,337,223,3030,3008,114,22,114.00000,0.06517
534F4C31,40011,341104446,314,213,3031,3011,101,20,101.00000,0.06055
534F4C31,40012,341109377,327,227,3031,3010,100,21,100.00000,0.06286
534F4C31,40013,341114132,324,224,3031,3009,100,22,100.00000,0.06517
534F4C31,40014,341119156,326,199,3030,3008,127,22,127.00000,0.06517
534F4C31,40015,341124431,324,214,3033,3010,110,23,110.00000,0.06748
534F4C31,40016,341129365,350,214,3032,3010,136,22,136.00000,0.06517
534F4C31,40016,341136437,352,229,3030,3010,123,20,123.00000,0.06055
534F4C31,40017,341139587,256,211,3032,3008,45,24,45.00000,0.06979
534F4C31,40017,341145419,276,209,3032,3010,67,22,67.00000,0.06517
534F4C31,40017,341149139,298,200,3031,3010,98,21,98.00000,0.06286
534F4C31,40017,341154134,320,207,3030,3012,113,18,113.00000,0.05593
534F4C31,40018,341159137,341,234,3031,3012,107,19,107.00000,0.05824
534F4C31,40019,341164182,350,275,3030,3009,75,21,75.00000,0.06286
534F4C31,40019,341169142,286,202,3029,3009,84,20,84.00000,0.06055
534F4C31,40020,341174161,301,256,3037,3008,45,29,45.00000,0.08135
534F4C31,40020,341180160,315,206,3030,3008,109,22,109.00000,0.06517
534F4C31,40020,341184154,304,186,3030,3009,118,21,118.00000,0.06286
534F4C31,40021,341189311,285,224,3031,3010,61,21,61.00000,0.06286
534F4C31,40022,341194158,284,175,3035,3011,109,24,109.00000,0.06979
534F4C31,40023,341199404,329,201,3030,3010,128,20,128.00000,0.06055
534F4C31,40023,341204432,306,186,3031,3011,120,20,120.00000,0.06055
534F4C31,40024,341209187,325,251,3031,3008,74,23,74.00000,0.06748
534F4C31,40025,341214223,298,177,3030,3010,121,20,121.00000,0.06055
534F4C31,40025,341220074,336,146,3030,3008,190,22,190.00000,0.06517
534F4C31,40025,341224141,305,160,3032,3010,145,22,145.00000,0.06517
534F4C31,40026,341229622,339,266,3034,3006,73,28,73.00000,0.07904
534F4C31,40027,341234150,287,199,3030,3010,88,20,88.00000,0.06055
534F4C31,40027,341239169,302,265,3031,3006,37,25,37.00000,0.07210
534F4C31,40027,341245620,293,245,3031,3007,48,24,48.00000,0.06979
534F4C31,40027,341249433,272,190,3031,3013,82,18,82.00000,0.05593
534F4C31,40027,341254145,296,203,3029,3010,93,19,93.00000,0.05824
534F4C31,40028,341259144,326,228,3032,3011,98,21,98.00000,0.06286
534F4C31,40029,341264156,346,244,3038,3012,102,26,102.00000,0.07442
534F4C31,40030,341269161,293,217,3031,3010,76,21,76.00000,0.06286
534F4C31,40031,341274400,275,191,3031,3010,84,21,84.00000,0.06286
534F4C31,40032,341279136,287,199,3031,3008,88,23,88.00000,0.06748
534F4C31,40032,341284657,307,202,3031,3009,105,22,105.00000,0.06517
534F4C31,40033,341289172,302,196,3031,3009,106,22,106.00000,0.06517
534F4C31,40034,341294987,338,144,3030,3012,194,18,194.00000,0.05593
534F4C31,40034,341299158,348,180,3030,3010,168,20,168.00000,0.06055
534F4C31,40034,341304131,319,162,3030,3011,157,19,157.00000,0.05824
534F4C31,40034,341309138,342,220,3033,3011,122,22,122.00000,0.06517
534F4C31,40034,341314149,364,253,3031,3010,111,21,111.00000,0.06286
534F4C31,40035,341319136,344,229,3031,3009,115,22,115.00000,0.06517
534F4C31,40036,341324169,325,239,3038,3009,86,29,86.00000,0.08135
534F4C31,40037,341329208,331,233,3031,3011,98,20,98.00000,0.06055
534F4C31,40038,341334336,317,189,3031,3011,128,20,128.00000,0.06055
534F4C31,40039,341339172,322,238,3033,3012,84,21,84.00000,0.06286
534F4C31,40040,341345576,325,240,3031,3009,85,22,85.00000,0.06517
534F4C31,40040,341349163,282,191,3031,3011,91,20,91.00000,0.06055
534F4C31,40040,341354134,263,153,3030,3010,110,20,110.00000,0.06055
534F4C31,40040,341359145,302,201,3032,3011,101,21,101.00000,0.06286
534F4C31,40040,341364154,348,245,3031,3008,103,23,103.00000,0.06748
534F4C31,40041,341369181,337,233,3030,3011,104,19,104.00000,0.05824
534F4C31,40042,341374187,306,212,3031,3011,94,20,94.00000,0.06055
534F4C31,40043,341379150,333,243,3032,3009,90,23,90.00000,0.06748
534F4C31,40043,341384136,330,201,3031,3012,129,19,129.00000,0.05824
534F4C31,40044,341389653,330,202,3033,3009,128,24,128.00000,0.06979
534F4C31,40045,341394545,321,257,3032,3010,64,22,64.00000,0.06517
534F4C31,40046,341402006,341,256,3030,3011,85,19,85.00000,0.05824
534F4C31,40046,341405742,300,189,3030,3010,111,20,111.00000,0.06055
534F4C31,40046,341409130,290,190,3030,3008,100,22,100.00000,0.06517
534F4C31,40046,341414149,344,239,3030,3010,105,20,105.00000,0.06055
534F4C31,40047,341419144,337,222,3030,3008,115,22,115.00000,0.06517
534F4C31,40048,341424147,314,229,3039,3009,85,30,85.00000,0.08366
534F4C31,40049,341429488,320,221,3033,3010,99,23,99.00000,0.06748
534F4C31,40049,341434706,298,149,3029,3008,149,21,149.00000,0.06286
534F4C31,40049,341439164,303,173,3031,3009,130,22,130.00000,0.06517
534F4C31,40049,341444218,337,200,3030,3011,137,19,137.00000,0.05824
534F4C31,40050,341449632,368,239,3031,3012,129,19,129.00000,0.05824
534F4C31,40051,341454255,315,203,3032,3013,112,19,112.00000,0.05824
534F4C31,40052,341459134,326,203,3031,3009,123,22,123.00000,0.06517
534F4C31,40053,341464133,347,186,3032,3008,161,24,161.00000,0.06979
534F4C31,40053,341469127,341,197,3031,3011,144,20,144.00000,0.06055
534F4C31,40054,341474153,326,265,3034,3009,61,25,61.00000,0.07210
534F4C31,40055,341479530,278,280,3032,3010,-2,22,-2.00000,0.06517
534F4C31,40055,341484912,237,185,3028,3009,52,19,52.00000,0.05824
534F4C31,40056,341489182,273,189,3031,3010,84,21,84.00000,0.06286
534F4C31,40056,341494173,318,238,3032,3010,80,22,80.00000,0.06517
534F4C31,40056,341499141,336,244,3028,3011,92,17,92.00000,0.05362
534F4C31,40056,341504135,303,208,3031,3011,95,20,95.00000,0.06055
534F4C31,40057,341509136,328,231,3031,3011,97,20,97.00000,0.06055
534F4C31,40058,341514151,352,251,3031,3011,101,20,101.00000,0.06055
534F4C31,40059,341519326,334,182,3030,3010,152,20,152.00000,0.06055
534F4C31,40060,341524142,309,194,3033,3009,115,24,115.00000,0.06979
534F4C31,40061,341529146,322,235,3032,3007,87,25,87.00000,0.07210
534F4C31,40062,341534765,302,220,3029,3009,82,20,82.00000,0.06055
534F4C31,40063,341539804,267,133,3031,3009,134,22,134.00000,0.06517
534F4C31,40063,341544318,310,195,3032,3008,115,24,115.00000,0.06979
534F4C31,40063,341549225,334,184,3031,3010,150,21,150.00000,0.06286
534F4C31,40063,341554164,331,209,3031,3012,122,19,122.00000,0.05824
534F4C31,40063,341559134,336,232,3031,3010,104,21,104.00000,0.06286
534F4C31,40064,341564143,355,219,3033,3011,136,22,136.00000,0.06517
534F4C31,40065,341569152,318,179,3034,3006,139,28,139.00000,0.07904
534F4C31,40066,341574142,279,228,3031,3011,51,20,51.00000,0.06055
534F4C31,40067,341579410,282,181,3030,3010,101,20,101.00000,0.06055
534F4C31,40067,341584138,292,186,3029,3009,106,20,106.00000,0.06055
534F4C31,40068,341589329,294,187,3030,3007,107,23,107.00000,0.06748
534F4C31,40068,341594464,338,235,3031,3010,103,21,103.00000,0.06286
534F4C31,40069,341599730,313,227,3035,3009,86,26,86.00000,0.07442
534F4C31,40070,341605304,287,153,3036,3008,134,28,134.00000,0.07904
534F4C31,40070,341609128,299,173,3032,3010,126,22,126.00000,0.06517
534F4C31,40070,341614729,362,252,3030,3012,110,18,110.00000,0.05593
534F4C31,40070,341619142,317,197,3029,3007,120,22,120.00000,0.06517
534F4C31,40071,341624172,310,209,3030,3008,101,22,101.00000,0.06517
534F4C31,40072,341629130,323,249,3030,3010,74,20,74.00000,0.06055
534F4C31,40073,341634394,290,188,3031,3009,102,22,102.00000,0.06517
534F4C31,40073,341639931,291,147,3030,3008,144,22,144.00000,0.06517
534F4C31,40073,341644163,316,203,3031,3012,113,19,113.00000,0.05824
534F4C31,40073,341649132,347,211,3031,3009,136,22,136.00000,0.06517
534F4C31,40074,341654154,334,212,3031,3012,122,19,122.00000,0.05824
534F4C31,40075,341659342,329,273,3032,3009,56,23,56.00000,0.06748
534F4C31,40076,341664209,309,257,3031,3008,52,23,52.00000,0.06748
534F4C31,40076,341669136,270,185,3030,3011,85,19,85.00000,0.05824
534F4C31,40077,341674169,330,243,3040,3009,87,31,87.00000,0.08597
534F4C31,40077,341679161,295,195,3039,3009,100,30,100.00000,0.08366
534F4C31,40078,341685167,332,227,3043,3009,105,34,105.00000,0.09290
534F4C31,40079,341689131,286,168,3042,3009,118,33,118.00000,0.09059
534F4C31,40080,341694993,350,226,3045,3008,124,37,124.00000,0.09984
534F4C31,40080,341699146,342,195,3043,3009,147,34,147.00000,0.09290
534F4C31,40080,341704533,344,210,3044,3009,134,35,134.00000,0.09521
534F4C31,40080,341709153,335,221,3044,3010,114,34,114.00000,0.09290
534F4C31,40081,341714265,359,236,3045,3008,123,37,123.00000,0.09984
534F4C31,40082,341719152,299,199,3044,3011,100,33,100.00000,0.09059
534F4C31,40083,341724194,273,181,3045,3013,92,32,92.00000,0.08828
534F4C31,40084,341729314,318,185,3047,3008,133,39,133.00000,0.10446
534F4C31,40084,341734146,289,206,3044,3011,83,33,83.00000,0.09059
534F4C31,40084,341739137,274,157,3044,3012,117,32,117.00000,0.08828
534F4C31,40085,341744153,329,224,3045,3006,105,39,105.00000,0.10446
534F4C31,40085,341749130,336,228,3044,3009,108,35,108.00000,0.09521
534F4C31,40086,341754181,264,227,3044,3009,37,35,37.00000,0.09521
534F4C31,40086,341759679,239,176,3044,3010,63,34,63.00000,0.09290
534F4C31,40086,341764147,307,225,3045,3011,82,34,82.00000,0.09290
534F4C31,40087,341769143,320,217,3043,3010,103,33,103.00000,0.09059
534F4C31,40088,341774153,313,214,3045,3011,99,34,99.00000,0.09290
534F4C31,40089,341779146,325,240,3045,3009,85,36,85.00000,0.09753
534F4C31,40090,341784345,302,194,3044,3010,108,34,108.00000,0.09290
534F4C31,40091,341789140,314,194,3045,3009,120,36,120.00000,0.09753
534F4C31,40092,341795195,371,254,3045,3012,117,33,117.00000,0.09059
534F4C31,40093,341799692,361,208,3044,3009,153,35,153.00000,0.09521
534F4C31,40093,341804139,302,207,3043,3007,95,36,95.00000,0.09753
534F4C31,40093,341809206,265,221,3043,3008,44,35,44.00000,0.09521
534F4C31,40094,341814140,282,217,3044,3009,65,35,65.00000,0.09521
534F4C31,40094,341819179,305,233,3053,3008,72,45,72.00000,0.11833
534F4C31,40094,341824165,287,216,3053,3006,71,47,71.00000,0.12295
534F4C31,40095,341829160,301,256,3042,3011,45,31,45.00000,0.08597
534F4C31,40096,341834170,290,214,3044,3008,76,36,76.00000,0.09753
534F4C31,40097,341839155,299,189,3052,3008,110,44,110.00000,0.11601
534F4C31,40097,341844135,338,230,3045,3010,108,35,108.00000,0.09521
534F4C31,40098,341849480,308,254,3054,3010,54,44,54.00000,0.11601
534F4C31,40099,341854150,263,185,3043,3009,78,34,78.00000,0.09290
534F4C31,40100,341859175,307,214,3044,3011,93,33,93.00000,0.09059
534F4C31,40101,341864149,277,245,3045,3008,32,37,32.00000,0.09984
534F4C31,40101,341869191,209,161,3044,3010,48,34,48.00000,0.09290
534F4C31,40101,341874142,274,192,3047,3011,82,36,82.00000,0.09753
534F4C31,40102,341879145,331,238,3046,3013,93,33,93.00000,0.09059
534F4C31,40102,341884153,347,232,3045,3013,115,32,115.00000,0.08828
534F4C31,40103,341889367,336,221,3045,3009,115,36,115.00000,0.09753
534F4C31,40104,341894147,316,166,3047,3012,150,35,150.00000,0.09521
534F4C31,40104,341899362,334,205,3045,3011,129,34,129.00000,0.09290
534F4C31,40104,341904140,306,176,3046,3011,130,35,130.00000,0.09521
534F4C31,40105,341909169,330,204,3045,3009,126,36,126.00000,0.09753
534F4C31,40106,341914141,339,262,3045,3010,77,35,77.00000,0.09521
534F4C31,40107,341919204,291,194,3044,3011,97,33,97.00000,0.09059
534F4C31,40107,341924381,283,183,3045,3010,100,35,100.00000,0.09521
534F4C31,40107,341929149,316,215,3044,3010,101,34,101.00000,0.09290
534F4C31,40107,341934161,336,221,3044,3008,115,36,115.00000,0.09753
534F4C31,40108,341939136,324,202,3045,3009,122,36,122.00000,0.09753
534F4C31,40108,341944143,322,216,3044,3012,106,32,106.00000,0.08828
534F4C31,40109,341949150,323,234,3044,3011,89,33,89.00000,0.09059
534F4C31,40110,341954152,273,201,3042,3010,72,32,72.00000,0.08828
534F4C31,40110,341959166,282,200,3045,3011,82,34,82.00000,0.09290
534F4C31,40111,341964528,325,236,3045,3011,89,34,89.00000,0.09290
534F4C31,40112,341969175,305,208,3045,3010,97,35,97.00000,0.09521
534F4C31,40113,341974159,277,240,3050,3006,37,44,37.00000,0.11601
534F4C31,40114,341979161,288,219,3051,3007,69,44,69.00000,0.11601
534F4C31,40115,341984141,301,247,3045,3010,54,35,54.00000,0.09521
534F4C31,40116,341989147,255,242,3043,3008,13,35,13.00000,0.09521
534F4C31,40117,341995242,256,162,3044,3011,94,33,94.00000,0.09059
534F4C31,40117,342001279,337,189,3043,3009,148,34,148.00000,0.09290
534F4C31,40117,342004342,286,157,3043,3010,129,33,129.00000,0.09059
534F4C31,40117,342009143,316,210,3044,3009,106,35,106.00000,0.09521
534F4C31,40118,342014151,352,244,3045,3009,108,36,108.00000,0.09753
534F4C31,40119,342019169,337,244,3044,3010,93,34,93.00000,0.09290
534F4C31,40120,342024167,291,226,3043,3009,65,34,65.00000,0.09290
534F4C31,40120,342029139,281,237,3044,3010,44,34,44.00000,0.09290
534F4C31,40120,342034133,285,200,3044,3009,85,35,85.00000,0.09521
534F4C31,40120,342039181,306,214,3044,3011,92,33,92.00000,0.09059
534F4C31,40121,342044690,315,265,3044,3005,50,39,50.00000,0.10446
534F4C31,40121,342049304,313,232,3043,3007,81,36,81.00000,0.09753
534F4C31,40122,342054144,315,202,3046,3009,113,37,113.00000,0.09984
534F4C31,40123,342059832,326,229,3047,3011,97,36,97.00000,0.09753
534F4C31,40124,342064373,309,181,3042,3010,128,32,128.00000,0.08828
534F4C31,40124,342070115,299,125,3044,3010,174,34,174.00000,0.09290
534F4C31,40124,342074463,297,174,3044,3010,123,34,123.00000,0.09290
534F4C31,40125,342079146,332,211,3045,3007,121,38,121.00000,0.10215
534F4C31,40126,342084840,337,211,3043,3009,126,34,126.00000,0.09290
534F4C31,40126,342089602,307,206,3045,3010,101,35,101.00000,0.09521
534F4C31,40126,342094139,298,213,3045,3008,85,37,85.00000,0.09984
534F4C31,40126,342099172,329,230,3045,3011,99,34,99.00000,0.09290
534F4C31,40126,342104143,326,215,3043,3009,111,34,111.00000,0.09290
534F4C31,40127,342109317,335,239,3046,3011,96,35,96.00000,0.09521
534F4C31,40128,342114568,357,251,3044,3009,106,35,106.00000,0.09521
534F4C31,40129,342119134,300,233,3044,3010,67,34,67.00000,0.09290
534F4C31,40130,342124156,243,174,3044,3008,69,36,69.00000,0.09753
534F4C31,40130,342129132,311,224,3044,3010,87,34,87.00000,0.09290
534F4C31,40131,342134182,337,227,3050,3006,110,44,110.00000,0.11601
534F4C31,40132,342140000,332,180,3045,3013,152,32,152.00000,0.08828
534F4C31,40132,342144479,332,233,3044,3009,99,35,99.00000,0.09521
534F4C31,40132,342149136,315,216,3044,3010,99,34,99.00000,0.09290
534F4C31,40132,342154170,325,218,3045,3012,107,33,107.00000,0.09059
534F4C31,40132,342159149,331,233,3046,3009,98,37,98.00000,0.09984
534F4C31,40133,342164150,344,264,3046,3012,80,34,80.00000,0.09290
534F4C31,40134,342169185,318,228,3045,3012,90,33,90.00000,0.09059
534F4C31,40135,342174150,302,213,3046,3011,89,35,89.00000,0.09521
534F4C31,40136,342179141,326,200,3045,3010,126,35,126.00000,0.09521
534F4C31,40137,342184416,337,190,3044,3009,147,35,147.00000,0.09521
534F4C31,40137,342189373,309,195,3044,3006,114,38,114.00000,0.10215
534F4C31,40138,342194174,329,225,3044,3011,104,33,104.00000,0.09059
534F4C31,40138,342199902,372,252,3044,3007,120,37,120.00000,0.09984
534F4C31,40138,342204173,326,216,3042,3009,110,33,110.00000,0.09059
534F4C31,40139,342209172,293,262,3045,3011,31,34,31.00000,0.09290
534F4C31,40139,342214152,261,206,3044,3009,55,35,55.00000,0.09521
534F4C31,40140,342219169,303,221,3044,3011,82,33,82.00000,0.09059
534F4C31,40141,342224130,305,205,3044,3008,100,36,100.00000,0.09753
534F4C31,40142,342229726,354,304,3053,3009,50,44,50.00000,0.11601
534F4C31,40143,342236148,296,208,3044,3008,88,36,88.00000,0.09753
534F4C31,40143,342239683,274,170,3044,3010,104,34,104.00000,0.09290
534F4C31,40144,342244465,313,228,3045,3010,85,35,85.00000,0.09521
534F4C31,40144,342249146,333,237,3044,3011,96,33,96.00000,0.09059
534F4C31,40144,342254146,324,211,3044,3011,113,33,113.00000,0.09059
534F4C31,40144,342259183,315,229,3044,3011,86,33,86.00000,0.09059
534F4C31,40145,342264165,326,247,3055,3007,79,48,79.00000,0.12526
534F4C31,40146,342269260,286,175,3043,3011,111,32,111.00000,0.08828
534F4C31,40147,342274139,299,168,3046,3009,131,37,131.00000,0.09984
534F4C31,40148,342279484,348,243,3045,3009,105,36,105.00000,0.09753
534F4C31,40149,342284213,319,219,3044,3009,100,35,100.00000,0.09521
534F4C31,40149,342289438,249,134,3045,3007,115,38,115.00000,0.10215
534F4C31,40150,342294185,296,231,3044,3010,65,34,65.00000,0.09290
534F4C31,40151,342299258,264,235,3046,3008,29,38,29.00000,0.10215
534F4C31,40151,342304900,245,173,3045,3011,72,34,72.00000,0.09290
534F4C31,40151,342309145,283,187,3046,3011,96,35,96.00000,0.09521
534F4C31,40151,342314144,324,248,3044,3010,76,34,76.00000,0.09290
534F4C31,40151,342319132,308,209,3044,3009,99,35,99.00000,0.09521
534F4C31,40152,342324155,311,204,3046,3010,107,36,107.00000,0.09753
534F4C31,40153,342329800,366,266,3046,3012,100,34,100.00000,0.09290
534F4C31,40154,342335140,345,218,3044,3008,127,36,127.00000,0.09753
534F4C31,40155,342339493,301,199,3045,3011,102,34,102.00000,0.09290
534F4C31,40155,342344338,265,200,3044,3010,65,34,65.00000,0.09290
534F4C31,40155,342349141,306,207,3044,3011,99,33,99.00000,0.09059
534F4C31,40156,342354190,296,229,3044,3011,67,33,67.00000,0.09059
534F4C31,40157,342359155,255,211,3044,3009,44,35,44.00000,0.09521
534F4C31,40158,342364146,294,233,3048,3009,61,39,61.00000,0.10446
534F4C31,40158,342369639,296,214,3047,3011,82,36,82.00000,0.09753
534F4C31,40158,342374150,286,182,3045,3011,104,34,104.00000,0.09290
534F4C31,40159,342379683,322,291,3046,3012,31,34,31.00000,0.09290
534F4C31,40160,342384157,243,182,3045,3009,61,36,61.00000,0.09753
534F4C31,40160,342389195,249,221,3044,3012,28,32,28.00000,0.08828
534F4C31,40160,342394141,265,203,3044,3009,62,35,62.00000,0.09521
534F4C31,40161,342399603,313,233,3044,3010,80,34,80.00000,0.09290
534F4C31,40162,342404435,251,155,3045,3012,96,33,96.00000,0.09059
534F4C31,40162,342409138,295,186,3045,3010,109,35,109.00000,0.09521
534F4C31,40162,342414141,337,218,3044,3010,119,34,119.00000,0.09290
534F4C31,40163,342419170,333,219,3044,3010,114,34,114.00000,0.09290
534F4C31,40164,342424139,298,225,3044,3009,73,35,73.00000,0.09521
534F4C31,40165,342429139,297,238,3053,3010,59,43,59.00000,0.11370
534F4C31,40165,342435711,304,188,3044,3009,116,35,116.00000,0.09521
534F4C31,40165,342439164,276,160,3044,3009,116,35,116.00000,0.09521
534F4C31,40166,342444147,330,215,3045,3010,115,35,115.00000,0.09521
534F4C31,40167,342449173,359,239,3043,3011,120,32,120.00000,0.08828
534F4C31,40168,342454848,337,198,3044,3010,139,34,139.00000,0.09290
534F4C31,40169,342459456,286,180,3045,3009,106,36,106.00000,0.09753
534F4C31,40169,342464134,302,222,3043,3009,80,34,80.00000,0.09290
534F4C31,40169,342470588,327,226,3044,3010,101,34,101.00000,0.09290
534F4C31,40170,342474144,285,174,3044,3011,111,33,111.00000,0.09059
534F4C31,40170,342479218,332,255,3045,3011,77,34,77.00000,0.09290
534F4C31,40170,342484133,309,214,3044,3010,95,34,95.00000,0.09290
534F4C31,40171,342489135,310,196,3043,3010,114,33,114.00000,0.09059
534F4C31,40171,342494374,340,206,3045,3009,134,36,134.00000,0.09753
534F4C31,40172,342499650,296,256,3044,3011,40,33,40.00000,0.09059
534F4C31,40172,342504464,231,171,3044,3010,60,34,60.00000,0.09290
534F4C31,40173,342509183,288,219,3046,3012,69,34,69.00000,0.09290
534F4C31,40174,342514551,339,259,3044,3009,80,35,80.00000,0.09521
534F4C31,40175,342519166,320,232,3046,3011,88,35,88.00000,0.09521
534F4C31,40176,342524395,265,266,3045,3008,-1,37,-1.00000,0.09984
534F4C31,40177,342530073,250,214,3053,3008,36,45,36.00000,0.11833
534F4C31,40177,342536243,313,201,3045,3008,112,37,112.00000,0.09984
534F4C31,40177,342539136,245,129,3045,3008,116,37,116.00000,0.09984
534F4C31,40178,342544747,333,252,3045,3009,81,36,81.00000,0.09753
534F4C31,40179,342549140,293,190,3047,3012,103,35,103.00000,0.09521
534F4C31,40179,342554231,295,215,3043,3008,80,35,80.00000,0.09521
534F4C31,40180,342559142,289,208,3045,3010,81,35,81.00000,0.09521
534F4C31,40180,342564130,334,238,3046,3011,96,35,96.00000,0.09521
534F4C31,40180,342569432,338,225,3044,3010,113,34,113.00000,0.09290
534F4C31,40180,342574138,320,202,3046,3010,118,36,118.00000,0.09753
534F4C31,40181,342579155,348,233,3047,3011,115,36,115.00000,0.09753
534F4C31,40182,342584142,346,184,3045,3009,162,36,162.00000,0.09753
534F4C31,40183,342589635,325,183,3049,3010,142,39,142.00000,0.10446
534F4C31,40183,342594807,347,206,3045,3011,141,34,141.00000,0.09290
534F4C31,40184,342599174,354,234,3044,3011,120,33,120.00000,0.09059
534F4C31,40184,342604155,329,209,3045,3009,120,36,120.00000,0.09753
534F4C31,40184,342609141,330,211,3047,3008,119,39,119.00000,0.10446
534F4C31,40185,342614297,324,273,3046,3012,51,34,51.00000,0.09290
534F4C31,40186,342619460,266,212,3046,3011,54,35,54.00000,0.09521
534F4C31,40187,342624960,288,207,3047,3009,81,38,81.00000,0.10215
534F4C31,40187,342629154,314,234,3044,3010,80,34,80.00000,0.09290
534F4C31,40188,342634195,282,228,3044,3010,54,34,54.00000,0.09290
534F4C31,40188,342639148,269,182,3048,3008,87,40,87.00000,0.10677
534F4C31,40188,342644140,316,239,3046,3010,77,36,77.00000,0.09753
534F4C31,40189,342649133,331,221,3045,3010,110,35,110.00000,0.09521
534F4C31,40189,342654410,324,179,3047,3006,145,41,145.00000,0.10908
534F4C31,40190,342659247,331,228,3046,3012,103,34,103.00000,0.09290
534F4C31,40191,342664477,332,241,3045,3008,91,37,91.00000,0.09984
534F4C31,40192,342669284,291,197,3045,3010,94,35,94.00000,0.09521
534F4C31,40193,342674127,288,196,3044,3011,92,33,92.00000,0.09059
534F4C31,40194,342679441,311,245,3051,3009,66,42,66.00000,0.11139
534F4C31,40195,342685594,316,199,3045,3009,117,36,117.00000,0.09753
534F4C31,40195,342689704,298,177,3042,3011,121,31,121.00000,0.08597
534F4C31,40196,342694177,275,241,3046,3009,34,37,34.00000,0.09984
534F4C31,40196,342699135,279,212,3044,3009,67,35,67.00000,0.09521
534F4C31,40197,342704149,309,213,3046,3007,96,39,96.00000,0.10446
534F4C31,40197,342709125,313,214,3045,3010,99,35,99.00000,0.09521
534F4C31,40197,342714132,330,232,3045,3010,98,35,98.00000,0.09521
534F4C31,40197,342719150,327,221,3043,3009,106,34,106.00000,0.09290
534F4C31,40197,342724139,317,201,3046,3011,116,35,116.00000,0.09521
534F4C31,40198,342729169,317,277,3050,3013,40,37,40.00000,0.09984
534F4C31,40199,342734146,268,218,3046,3013,50,33,50.00000,0.09059
534F4C31,40200,342739594,276,189,3046,3012,87,34,87.00000,0.09290
534F4C31,40201,342744151,282,189,3045,3012,93,33,93.00000,0.09059
534F4C31,40202,342749136,314,195,3045,3010,119,35,119.00000,0.09521
534F4C31,40203,342754884,336,185,3044,3010,151,34,151.00000,0.09290
534F4C31,40203,342759153,305,184,3044,3008,121,36,121.00000,0.09753
534F4C31,40203,342764569,337,219,3044,3010,118,34,118.00000,0.09290
534F4C31,40203,342769133,319,213,3045,3010,106,35,106.00000,0.09521
534F4C31,40203,342774133,297,184,3043,3010,113,33,113.00000,0.09059
534F4C31,40204,342779136,341,234,3045,3009,107,36,107.00000,0.09753
534F4C31,40205,342784418,352,228,3043,3013,124,30,124.00000,0.08366
534F4C31,40206,342789432,328,205,3045,3008,123,37,123.00000,0.09984
534F4C31,40207,342795323,341,192,3043,3009,149,34,149.00000,0.09290
534F4C31,40208,342799139,323,152,3045,3011,171,34,171.00000,0.09290
534F4C31,40208,342804582,334,178,3045,3010,156,35,156.00000,0.09521
534F4C31,40209,342809130,296,174,3045,3009,122,36,122.00000,0.09753
534F4C31,40210,342814501,323,259,3044,3011,64,33,64.00000,0.09059
534F4C31,40211,342819410,249,208,3043,3011,41,32,41.00000,0.08828
534F4C31,40211,342824130,222,150,3045,3009,72,36,72.00000,0.09753
534F4C31,40211,342829127,313,199,3044,3011,114,33,114.00000,0.09059
534F4C31,40212,342834306,299,227,3043,3010,72,33,72.00000,0.09059
534F4C31,40212,342839147,276,180,3045,3010,96,35,96.00000,0.09521
534F4C31,40212,342844149,327,232,3045,3010,95,35,95.00000,0.09521
534F4C31,40213,342849156,355,261,3044,3010,94,34,94.00000,0.09290
534F4C31,40213,342854142,331,224,3044,3008,107,36,107.00000,0.09753
534F4C31,40213,342859206,331,237,3045,3010,94,35,94.00000,0.09521
534F4C31,40214,342864140,350,247,3044,3011,103,33,103.00000,0.09059
534F4C31,40215,342869152,336,215,3043,3012,121,31,121.00000,0.08597
534F4C31,40216,342874146,281,206,3045,3009,75,36,75.00000,0.09753
534F4C31,40217,342879668,313,233,3043,3008,80,35,80.00000,0.09521
534F4C31,40218,342884571,328,190,3043,3012,138,31,138.00000,0.08597
534F4C31,40219,342889132,309,186,3043,3009,123,34,123.00000,0.09290
534F4C31,40220,342895282,341,227,3049,3011,114,38,114.00000,0.10215
534F4C31,40221,342900367,350,212,3044,3011,138,33,138.00000,0.09059
534F4C31,40221,342905105,297,178,3044,3009,119,35,119.00000,0.09521
534F4C31,40221,342909130,296,191,3045,3009,105,36,105.00000,0.09753
534F4C31,40222,342914175,316,248,3045,3011,68,34,68.00000,0.09290
534F4C31,40223,342919131,280,188,3044,3010,92,34,92.00000,0.09290
534F4C31,40223,342925199,319,158,3046,3011,161,35,161.00000,0.09521
534F4C31,40223,342929650,338,212,3045,3011,126,34,126.00000,0.09290
534F4C31,40223,342934133,332,204,3044,3008,128,36,128.00000,0.09753
534F4C31,40223,342939149,327,209,3044,3010,118,34,118.00000,0.09290
534F4C31,40223,342944151,316,238,3044,3010,78,34,78.00000,0.09290
534F4C31,40224,342949393,333,252,3044,3006,81,38,81.00000,0.10215
534F4C31,40224,342954167,315,216,3044,3008,99,36,99.00000,0.09753
534F4C31,40225,342959131,323,222,3045,3011,101,34,101.00000,0.09290
534F4C31,40225,342964146,337,223,3051,3008,114,43,114.00000,0.11370
534F4C31,40226,342969153,313,221,3044,3009,92,35,92.00000,0.09521
534F4C31,40226,342974139,267,147,3045,3012,120,33,120.00000,0.09059
534F4C31,40227,342979959,343,266,3045,3011,77,34,77.00000,0.09290
534F4C31,40228,342984158,251,196,3043,3010,55,33,55.00000,0.09059
534F4C31,40229,342989643,272,209,3048,3009,63,39,63.00000,0.10446
534F4C31,40230,342995616,315,187,3043,3009,128,34,128.00000,0.09290
534F4C31,40231,342999229,297,163,3045,3010,134,35,134.00000,0.09521
534F4C31,40232,343004157,246,191,3054,3009,55,45,55.00000,0.11833
534F4C31,40233,343010945,299,193,3044,3009,106,35,106.00000,0.09521
534F4C31,40234,343014246,288,172,3044,3010,116,34,116.00000,0.09290
534F4C31,40235,343019693,319,204,3045,3011,115,34,115.00000,0.09290
534F4C31,40235,343024847,290,165,3044,3010,125,34,125.00000,0.09290
534F4C31,40235,343029139,318,201,3045,3013,117,32,117.00000,0.08828
534F4C31,40236,343034374,346,227,3046,3008,119,38,119.00000,0.10215
534F4C31,40237,343039137,305,210,3044,3010,95,34,95.00000,0.09290
534F4C31,40237,343044143,282,208,3045,3010,74,35,74.00000,0.09521
534F4C31,40238,343049487,285,211,3043,3010,74,33,74.00000,0.09059
534F4C31,40238,343054134,277,166,3045,3010,111,35,111.00000,0.09521
534F4C31,40238,343059138,310,191,3045,3009,119,36,119.00000,0.09753
534F4C31,40239,343064173,316,269,3052,3009,47,43,47.00000,0.11370
534F4C31,40240,343069994,283,173,3044,3010,110,34,110.00000,0.09290
534F4C31,40240,343074131,281,153,3044,3006,128,38,128.00000,0.10215
534F4C31,40240,343079593,339,235,3048,3009,104,39,104.00000,0.10446
534F4C31,40240,343084146,314,203,3045,3009,111,36,111.00000,0.09753
534F4C31,40240,343089173,316,210,3045,3009,106,36,106.00000,0.09753
534F4C31,40240,343094172,340,234,3044,3012,106,32,106.00000,0.08828
534F4C31,40241,343099171,355,262,3048,3008,93,40,93.00000,0.10677
534F4C31,40242,343104351,333,231,3044,3010,102,34,102.00000,0.09290
534F4C31,40243,343109192,295,256,3054,3011,39,43,39.00000,0.11370
534F4C31,40244,343114639,279,200,3045,3010,79,35,79.00000,0.09521
534F4C31,40245,343119132,293,215,3044,3007,78,37,78.00000,0.09984
534F4C31,40246,343125618,285,144,3045,3008,141,37,141.00000,0.09984
534F4C31,40246,343131012,335,242,3043,3009,93,34,93.00000,0.09290
534F4C31,40246,343134648,278,142,3043,3011,136,32,136.00000,0.08828
534F4C31,40247,343139150,281,238,3047,3011,43,36,43.00000,0.09753
534F4C31,40248,343144842,247,172,3047,3008,75,39,75.00000,0.10446
534F4C31,40248,343149128,299,201,3044,3008,98,36,98.00000,0.09753
534F4C31,40248,343154155,301,220,3043,3010,81,33,81.00000,0.09059
534F4C31,40248,343159142,301,219,3046,3009,82,37,82.00000,0.09984
534F4C31,40249,343164148,345,248,3047,3009,97,38,97.00000,0.10215
534F4C31,40250,343169138,313,252,3046,3010,61,36,61.00000,0.09753
534F4C31,40250,343174329,239,209,3045,3011,30,34,30.00000,0.09290
534F4C31,40250,343179146,278,204,3045,3007,74,38,74.00000,0.10215
534F4C31,40251,343184181,280,247,3046,3010,33,36,33.00000,0.09753
534F4C31,40252,343189385,260,197,3048,3012,63,36,63.00000,0.09753
534F4C31,40253,343194162,254,247,3046,3010,7,36,7.00000,0.09753
534F4C31,40253,343199138,250,223,3045,3012,27,33,27.00000,0.09059
534F4C31,40254,343204302,277,214,3045,3009,63,36,63.00000,0.09753
534F4C31,40254,343209154,286,202,3045,3011,84,34,84.00000,0.09290
534F4C31,40255,343214170,314,286,3045,3010,28,35,28.00000,0.09521
534F4C31,40256,343219145,249,219,3043,3010,30,33,30.00000,0.09059
534F4C31,40256,343224161,234,214,3045,3008,20,37,20.00000,0.09984
534F4C31,40257,343229201,275,212,3046,3012,63,34,63.00000,0.09290
534F4C31,40258,343234163,312,251,3049,3011,61,38,61.00000,0.10215
534F4C31,40259,343240132,274,186,3045,3010,88,35,88.00000,0.09521
534F4C31,40259,343246123,331,133,3044,3010,198,34,198.00000,0.09290
534F4C31,40259,343249452,324,168,3043,3009,156,34,156.00000,0.09290
534F4C31,40259,343254163,320,187,3043,3009,133,34,133.00000,0.09290
534F4C31,40259,343259154,330,213,3045,3011,117,34,117.00000,0.09290
534F4C31,40260,343264660,360,272,3043,3012,88,31,88.00000,0.08597
534F4C31,40261,343269292,288,197,3044,3011,91,33,91.00000,0.09059
534F4C31,40262,343274339,282,223,3045,3008,59,37,59.00000,0.09984
534F4C31,40263,343279148,283,160,3044,3011,123,33,123.00000,0.09059
534F4C31,40264,343284295,327,223,3044,3010,104,34,104.00000,0.09290
534F4C31,40264,343289966,320,199,3045,3010,121,35,121.00000,0.09521
534F4C31,40265,343294239,305,228,3045,3006,77,39,77.00000,0.10446
534F4C31,40266,343299308,318,170,3045,3011,148,34,148.00000,0.09290
534F4C31,40266,343304135,327,184,3046,3009,143,37,143.00000,0.09984
534F4C31,40266,343309193,325,191,3044,3011,134,33,134.00000,0.09059
534F4C31,40266,343314148,356,226,3045,3009,130,36,130.00000,0.09753
534F4C31,40267,343319146,347,215,3044,3010,132,34,132.00000,0.09290
534F4C31,40268,343324141,329,202,3045,3012,127,33,127.00000,0.09059
534F4C31,40269,343329272,287,278,3044,3010,9,34,9.00000,0.09290
534F4C31,40269,343334493,231,171,3045,3008,60,37,60.00000,0.09984
534F4C31,40269,343339146,282,194,3044,3009,88,35,88.00000,0.09521
534F4C31,40270,343344167,329,233,3046,3011,96,35,96.00000,0.09521
534F4C31,40271,343349149,348,253,3045,3009,95,36,95.00000,0.09753
534F4C31,40272,343354961,321,216,3045,3009,105,36,105.00000,0.09753
534F4C31,40273,343359956,297,174,3045,3011,123,34,123.00000,0.09290
534F4C31,40273,343364146,321,201,3045,3010,120,35,120.00000,0.09521
534F4C31,40273,343369143,326,188,3044,3010,138,34,138.00000,0.09290
534F4C31,40274,343374139,306,210,3043,3010,96,33,96.00000,0.09059
534F4C31,40274,343379453,328,228,3047,3010,100,37,100.00000,0.09984
534F4C31,40274,343384164,332,234,3041,3009,98,32,98.00000,0.08828
534F4C31,40275,343389137,265,235,3044,3007,30,37,30.00000,0.09984
534F4C31,40275,343394775,261,172,3045,3010,89,35,89.00000,0.09521
534F4C31,40276,343399161,251,244,3044,3010,7,34,7.00000,0.09290
534F4C31,40276,343404500,206,162,3044,3008,44,36,44.00000,0.09753
534F4C31,40277,343409449,283,218,3045,3009,65,36,65.00000,0.09753
534F4C31,40278,343414428,305,187,3047,3011,118,36,118.00000,0.09753
534F4C31,40279,343419469,319,186,3044,3011,133,33,133.00000,0.09059
534F4C31,40279,343424721,309,138,3044,3009,171,35,171.00000,0.09521
534F4C31,40280,343429164,335,194,3044,3008,141,36,141.00000,0.09753
534F4C31,40281,343434141,320,180,3046,3007,140,39,140.00000,0.10446
534F4C31,40281,343439143,288,171,3043,3008,117,35,117.00000,0.09521
534F4C31,40281,343444487,324,198,3046,3006,126,40,126.00000,0.10677
534F4C31,40282,343449135,344,214,3046,3011,130,35,130.00000,0.09521
534F4C31,40283,343454509,341,176,3046,3009,165,37,165.00000,0.09984
534F4C31,40284,343459392,328,169,3046,3010,159,36,159.00000,0.09753
534F4C31,40285,343464161,351,219,3045,3010,132,35,132.00000,0.09521
534F4C31,40286,343469604,353,236,3054,3010,117,44,117.00000,0.11601
534F4C31,40287,343474890,320,220,3044,3010,100,34,100.00000,0.09290
534F4C31,40287,343480273,331,197,3044,3008,134,36,134.00000,0.09753
534F4C31,40287,343484145,326,191,3043,3008,135,35,135.00000,0.09521
534F4C31,40287,343489147,321,204,3043,3007,117,36,117.00000,0.09753
534F4C31,40288,343494145,340,234,3045,3008,106,37,106.00000,0.09984
534F4C31,40289,343499179,337,260,3043,3008,77,35,77.00000,0.09521
534F4C31,40289,343504132,283,185,3043,3010,98,33,98.00000,0.09059
534F4C31,40289,343509145,307,196,3045,3010,111,35,111.00000,0.09521
534F4C31,40290,343514148,346,235,3045,3008,111,37,111.00000,0.09984
534F4C31,40291,343519149,337,214,3044,3008,123,36,123.00000,0.09753
534F4C31,40292,343524171,298,194,3044,3007,104,37,104.00000,0.09984
534F4C31,40292,343529481,324,191,3045,3010,133,35,133.00000,0.09521
534F4C31,40292,343534134,339,214,3044,3012,125,32,125.00000,0.08828
534F4C31,40293,343539173,330,209,3044,3008,121,36,121.00000,0.09753
534F4C31,40294,343544136,342,231,3045,3010,111,35,111.00000,0.09521
534F4C31,40295,343549151,335,243,3043,3009,92,34,92.00000,0.09290
534F4C31,40295,343554878,285,202,3044,3007,83,37,83.00000,0.09984
534F4C31,40296,343559184,285,220,3045,3009,65,36,65.00000,0.09753
534F4C31,40296,343564314,319,231,3044,3010,88,34,88.00000,0.09290
534F4C31,40297,343569170,305,263,3044,3010,42,34,42.00000,0.09290
534F4C31,40297,343574684,225,160,3045,3011,65,34,65.00000,0.09290
534F4C31,40297,343579140,299,214,3044,3009,85,35,85.00000,0.09521
534F4C31,40297,343584143,342,234,3043,3008,108,35,108.00000,0.09521
534F4C31,40298,343589169,321,199,3044,3011,122,33,122.00000,0.09059
534F4C31,40299,343595064,315,207,3045,3012,108,33,108.00000,0.09059
534F4C31,40300,343599154,307,201,3045,3011,106,34,106.00000,0.09290
534F4C31,40301,343604158,272,208,3045,3009,64,36,64.00000,0.09753
534F4C31,40301,343609202,241,170,3042,3010,71,32,71.00000,0.08828
534F4C31,40302,343614187,301,266,3043,3012,35,31,35.00000,0.08597
534F4C31,40303,343619856,259,223,3044,3009,36,35,36.00000,0.09521
534F4C31,40303,343624661,242,136,3045,3012,106,33,106.00000,0.09059
534F4C31,40303,343629741,321,230,3045,3008,91,37,91.00000,0.09984
534F4C31,40303,343634152,328,220,3045,3010,108,35,108.00000,0.09521
534F4C31,40303,343639142,323,213,3045,3010,110,35,110.00000,0.09521
534F4C31,40304,343644173,339,238,3051,3007,101,44,101.00000,0.11601
534F4C31,40305,343649185,351,261,3045,3009,90,36,90.00000,0.09753
534F4C31,40306,343654190,288,243,3045,3009,45,36,45.00000,0.09753
534F4C31,40307,343659128,236,186,3044,3008,50,36,50.00000,0.09753
534F4C31,40308,343664211,298,230,3045,3009,68,36,68.00000,0.09753
534F4C31,40309,343669570,281,166,3047,3008,115,39,115.00000,0.10446
534F4C31,40309,343675197,300,182,3055,3010,118,45,118.00000,0.11833
534F4C31,40309,343679139,313,182,3056,3008,131,48,131.00000,0.12526
534F4C31,40310,343684157,340,217,3055,3008,123,47,123.00000,0.12295
534F4C31,40310,343689139,279,182,3055,3010,97,45,97.00000,0.11833
534F4C31,40311,343694145,317,222,3054,3009,95,45,95.00000,0.11833
534F4C31,40312,343699949,374,269,3055,3009,105,46,105.00000,0.12064
534F4C31,40313,343704150,315,229,3057,3009,86,48,86.00000,0.12526
534F4C31,40313,343710096,289,201,3054,3007,88,47,88.00000,0.12295
534F4C31,40313,343714237,293,207,3058,3008,86,50,86.00000,0.12988
534F4C31,40313,343719140,305,207,3054,3008,98,46,98.00000,0.12064
534F4C31,40314,343724167,313,206,3056,3010,107,46,107.00000,0.12064
534F4C31,40315,343729150,335,264,3057,3011,71,46,71.00000,0.12064
534F4C31,40316,343734774,315,264,3055,3011,51,44,51.00000,0.11601
534F4C31,40317,343739255,234,168,3056,3009,66,47,66.00000,0.12295
534F4C31,40318,343744159,304,195,3055,3008,109,47,109.00000,0.12295
534F4C31,40319,343749157,327,212,3055,3007,115,48,115.00000,0.12526
534F4C31,40319,343755272,329,205,3057,3010,124,47,124.00000,0.12295
534F4C31,40319,343759138,295,176,3058,3010,119,48,119.00000,0.12526
534F4C31,40319,343764148,345,236,3058,3010,109,48,109.00000,0.12526
534F4C31,40319,343769141,342,227,3057,3011,115,46,115.00000,0.12064
534F4C31,40320,343774137,326,209,3057,3009,117,48,117.00000,0.12526
534F4C31,40321,343779148,344,214,3056,3011,130,45,130.00000,0.11833
534F4C31,40322,343784444,349,196,3057,3008,153,49,153.00000,0.12757
534F4C31,40323,343789141,313,203,3053,3010,110,43,110.00000,0.11370
534F4C31,40324,343794126,291,205,3057,3010,86,47,86.00000,0.12295
534F4C31,40324,343799791,355,262,3056,3009,93,47,93.00000,0.12295
534F4C31,40324,343804142,304,207,3055,3009,97,46,97.00000,0.12064
534F4C31,40325,343809154,316,222,3061,3006,94,55,94.00000,0.14144
534F4C31,40326,343814151,327,240,3058,3011,87,47,87.00000,0.12295
534F4C31,40327,343819169,303,221,3053,3008,82,45,82.00000,0.11833
534F4C31,40327,343824480,278,192,3054,3009,86,45,86.00000,0.11833
534F4C31,40328,343829685,301,254,3055,3009,47,46,47.00000,0.12064
534F4C31,40329,343834338,285,152,3054,3010,133,44,133.00000,0.11601
534F4C31,40329,343839168,293,179,3056,3012,114,44,114.00000,0.11601
534F4C31,40329,343844598,319,212,3059,3011,107,48,107.00000,0.12526
534F4C31,40329,343849131,337,226,3057,3008,111,49,111.00000,0.12757
534F4C31,40329,343854140,335,218,3055,3010,117,45,117.00000,0.11833
534F4C31,40330,343859158,324,231,3062,3006,93,56,93.00000,0.14375
534F4C31,40331,343864606,304,234,3058,3011,70,47,70.00000,0.12295
534F4C31,40332,343869155,249,235,3058,3009,14,49,14.00000,0.12757
534F4C31,40332,343875361,221,183,3057,3014,38,43,38.00000,0.11370
534F4C31,40332,343879126,272,193,3056,3007,79,49,79.00000,0.12757
534F4C31,40332,343884145,337,232,3055,3011,105,44,105.00000,0.11601
534F4C31,40333,343889184,305,226,3058,3013,79,45,79.00000,0.11833
534F4C31,40334,343894184,310,230,3058,3010,80,48,80.00000,0.12526
534F4C31,40335,343899299,348,246,3055,3010,102,45,102.00000,0.11833
534F4C31,40336,343904138,319,173,3056,3010,146,46,146.00000,0.12064
534F4C31,40337,343909383,326,218,3059,3012,108,47,108.00000,0.12295
534F4C31,40337,343914129,317,245,3056,3010,72,46,72.00000,0.12064
534F4C31,40337,343919533,314,218,3054,3008,96,46,96.00000,0.12064
534F4C31,40338,343924149,296,174,3064,3008,122,56,122.00000,0.14375
534F4C31,40338,343930066,351,225,3059,3008,126,51,126.00000,0.13219
534F4C31,40338,343934166,345,213,3054,3010,132,44,132.00000,0.11601
534F4C31,40338,343939255,336,212,3056,3011,124,45,124.00000,0.11833
534F4C31,40338,343944145,344,234,3057,3010,110,47,110.00000,0.12295
534F4C31,40339,343949439,367,267,3058,3012,100,46,100.00000,0.12064
534F4C31,40340,343954323,276,244,3056,3010,32,46,32.00000,0.12064
534F4C31,40341,343959136,211,170,3058,3009,41,49,41.00000,0.12757
534F4C31,40342,343964552,315,258,3058,3010,57,48,57.00000,0.12526
534F4C31,40343,343969195,294,193,3057,3010,101,47,101.00000,0.12295
534F4C31,40343,343975147,310,117,3057,3010,193,47,193.00000,0.12295
534F4C31,40343,343979157,323,180,3058,3009,143,49,143.00000,0.12757
534F4C31,40343,343984156,351,214,3056,3009,137,47,137.00000,0.12295
534F4C31,40344,343989274,333,219,3057,3009,114,48,114.00000,0.12526
534F4C31,40345,343994150,315,212,3055,3009,103,46,103.00000,0.12064
534F4C31,40346,343999149,350,215,3056,3010,135,46,135.00000,0.12064
534F4C31,40347,344004142,290,165,3057,3009,125,48,125.00000,0.12526
534F4C31,40347,344009148,280,151,3058,3011,129,47,129.00000,0.12295
534F4C31,40347,344014358,346,233,3058,3010,113,48,113.00000,0.12526
534F4C31,40348,344019145,330,181,3057,3010,149,47,149.00000,0.12295
534F4C31,40348,344024887,313,106,3057,3008,207,49,207.00000,0.12757
534F4C31,40348,344029138,323,192,3056,3012,131,44,131.00000,0.11601
534F4C31,40348,344034136,341,217,3057,3010,124,47,124.00000,0.12295
534F4C31,40349,344039639,339,203,3056,3011,136,45,136.00000,0.11833
534F4C31,40350,344044145,317,220,3063,3011,97,52,97.00000,0.13450
534F4C31,40351,344049128,330,245,3059,3010,85,49,85.00000,0.12757
534F4C31,40351,344054146,287,200,3055,3008,87,47,87.00000,0.12295
534F4C31,40352,344059815,296,241,3058,3011,55,47,55.00000,0.12295
534F4C31,40353,344064129,280,208,3060,3010,72,50,72.00000,0.12988
534F4C31,40354,344069547,327,224,3057,3010,103,47,103.00000,0.12295
534F4C31,40354,344074132,294,202,3075,3010,92,65,92.00000,0.16455
534F4C31,40355,344079358,323,203,3058,3007,120,51,120.00000,0.13219
534F4C31,40355,344084368,349,229,3058,3009,120,49,120.00000,0.12757
534F4C31,40355,344089157,320,184,3057,3011,136,46,136.00000,0.12064
534F4C31,40355,344094148,349,236,3060,3009,113,51,113.00000,0.13219
534F4C31,40355,344099137,352,243,3057,3008,109,49,109.00000,0.12757
534F4C31,40356,344104183,307,238,3058,3011,69,47,69.00000,0.12295
534F4C31,40357,344109158,266,200,3059,3010,66,49,66.00000,0.12757
534F4C31,40358,344114407,328,238,3063,3012,90,51,90.00000,0.13219
534F4C31,40358,344119132,326,210,3056,3010,116,46,116.00000,0.12064
534F4C31,40358,344124147,324,200,3058,3009,124,49,124.00000,0.12757
534F4C31,40359,344129152,348,246,3057,3011,102,46,102.00000,0.12064
534F4C31,40360,344134171,335,228,3057,3010,107,47,107.00000,0.12295
534F4C31,40361,344139463,326,181,3057,3010,145,47,145.00000,0.12295
534F4C31,40362,344144133,316,199,3058,3012,117,46,117.00000,0.12064
534F4C31,40362,344149458,339,232,3057,3008,107,49,107.00000,0.12757
534F4C31,40362,344154163,321,213,3057,3010,108,47,108.00000,0.12295
534F4C31,40362,344159497,334,233,3059,3011,101,48,101.00000,0.12526
534F4C31,40362,344164140,346,234,3058,3012,112,46,112.00000,0.12064
534F4C31,40363,344169371,342,237,3055,3010,105,45,105.00000,0.11833
534F4C31,40364,344174187,262,273,3067,3009,-11,58,-11.00000,0.14837
534F4C31,40365,344180035,235,190,3066,3009,45,57,45.00000,0.14606
534F4C31,40366,344184137,294,201,3056,3009,93,47,93.00000,0.12295
534F4C31,40367,344189304,277,192,3059,3007,85,52,85.00000,0.13450
534F4C31,40368,344194152,287,206,3058,3009,81,49,81.00000,0.12757
534F4C31,40369,344200456,303,206,3057,3009,97,48,97.00000,0.12526
534F4C31,40370,344205336,275,201,3058,3011,74,47,74.00000,0.12295
534F4C31,40371,344213030,353,161,3059,3011,192,48,192.00000,0.12526
534F4C31,40371,344219250,375,176,3057,3008,199,49,199.00000,0.12757
534F4C31,40371,344222153,308,122,3055,3010,186,45,186.00000,0.11833
534F4C31,40372,344225266,266,97,3057,3009,169,48,169.00000,0.12526
534F4C31,40373,344230042,309,202,3059,3010,107,49,107.00000,0.12757
534F4C31,40373,344234162,289,154,3056,3009,135,47,135.00000,0.12295
534F4C31,40373,344239265,286,185,3056,3011,101,45,101.00000,0.11833
534F4C31,40373,344244155,315,213,3056,3010,102,46,102.00000,0.12064
534F4C31,40373,344249152,349,246,3058,3010,103,48,103.00000,0.12526
534F4C31,40374,344254140,334,220,3057,3010,114,47,114.00000,0.12295
534F4C31,40374,344259152,321,184,3058,3010,137,48,137.00000,0.12526
534F4C31,40374,344264165,352,239,3058,3008,113,50,113.00000,0.12988
534F4C31,40374,344269141,337,222,3056,3009,115,47,115.00000,0.12295
534F4C31,40375,344274152,326,208,3058,3012,118,46,118.00000,0.12064
534F4C31,40376,344279150,351,234,3056,3010,117,46,117.00000,0.12064
534F4C31,40377,344284231,331,236,3055,3011,95,44,95.00000,0.11601
534F4C31,40378,344289130,263,196,3059,3009,67,50,67.00000,0.12988
534F4C31,40379,344295198,330,233,3059,3012,97,47,97.00000,0.12295
534F4C31,40380,344299139,319,188,3056,3012,131,44,131.00000,0.11601
534F4C31,40380,344304785,340,225,3055,3008,115,47,115.00000,0.12295
534F4C31,40380,344309137,309,205,3057,3010,104,47,104.00000,0.12295
534F4C31,40381,344314925,370,244,3057,3010,126,47,126.00000,0.12295
534F4C31,40381,344319147,330,202,3055,3011,128,44,128.00000,0.11601
534F4C31,40381,344324139,317,212,3055,3010,105,45,105.00000,0.11833
534F4C31,40381,344329136,327,228,3057,3008,99,49,99.00000,0.12757
534F4C31,40382,344334695,363,251,3056,3011,112,45,112.00000,0.11833
534F4C31,40383,344339148,289,213,3057,3009,76,48,76.00000,0.12526
534F4C31,40384,344344522,279,169,3057,3010,110,47,110.00000,0.12295
534F4C31,40384,344349178,319,152,3057,3011,167,46,167.00000,0.12064
534F4C31,40385,344354313,335,194,3071,3010,141,61,141.00000,0.15530
534F4C31,40386,344359519,297,196,3058,3009,101,49,101.00000,0.12757
534F4C31,40387,344364694,286,197,3064,3010,89,54,89.00000,0.13912
534F4C31,40387,344370287,304,139,3058,3010,165,48,165.00000,0.12526
534F4C31,40387,344374133,288,147,3056,3010,141,46,141.00000,0.12064
534F4C31,40388,344379190,328,248,3056,3010,80,46,80.00000,0.12064
534F4C31,40389,344384623,275,227,3057,3010,48,47,48.00000,0.12295
534F4C31,40390,344389149,223,205,3059,3010,18,49,18.00000,0.12757
534F4C31,40391,344394645,259,200,3058,3009,59,49,59.00000,0.12757
534F4C31,40391,344399640,319,251,3054,3012,68,42,68.00000,0.11139
534F4C31,40392,344404641,249,202,3056,3010,47,46,47.00000,0.12064
534F4C31,40393,344409177,251,178,3058,3009,73,49,73.00000,0.12757
534F4C31,40393,344414833,314,183,3057,3010,131,47,131.00000,0.12295
534F4C31,40393,344419169,281,186,3059,3011,95,48,95.00000,0.12526
534F4C31,40393,344424136,286,177,3060,3011,109,49,109.00000,0.12757
534F4C31,40394,344429137,337,226,3060,3009,111,51,111.00000,0.13219
534F4C31,40394,344434145,361,235,3056,3009,126,47,126.00000,0.12295
534F4C31,40394,344439175,337,218,3056,3009,119,47,119.00000,0.12295
534F4C31,40394,344444148,345,231,3058,3011,114,47,114.00000,0.12295
534F4C31,40395,344449654,368,273,3058,3013,95,45,95.00000,0.11833
534F4C31,40396,344454150,315,211,3059,3009,104,50,104.00000,0.12988
534F4C31,40397,344459415,301,243,3055,3007,58,48,58.00000,0.12526
534F4C31,40398,344464132,298,214,3059,3010,84,49,84.00000,0.12757
534F4C31,40399,344469824,340,231,3059,3010,109,49,109.00000,0.12757
534F4C31,40399,344474127,313,182,3058,3011,131,47,131.00000,0.12295
534F4C31,40399,344479235,346,218,3057,3010,128,47,128.00000,0.12295
534F4C31,40399,344484496,361,237,3057,3009,124,48,124.00000,0.12526
534F4C31,40399,344489138,327,204,3058,3009,123,49,123.00000,0.12757
534F4C31,40400,344494771,357,242,3062,3010,115,52,115.00000,0.13450
534F4C31,40401,344499174,344,226,3058,3007,118,51,118.00000,0.13219
534F4C31,40402,344504180,316,214,3057,3009,102,48,102.00000,0.12526
534F4C31,40403,344509154,302,202,3058,3011,100,47,100.00000,0.12295
534F4C31,40404,344514347,290,292,3061,3010,-2,51,-2.00000,0.13219
534F4C31,40405,344520533,244,224,3056,3011,20,45,20.00000,0.11833
534F4C31,40406,344524822,239,151,3057,3010,88,47,88.00000,0.12295
534F4C31,40407,344529518,287,237,3057,3009,50,48,50.00000,0.12526
534F4C31,40408,344535153,291,203,3057,3011,88,46,88.00000,0.12064
534F4C31,40408,344540637,303,166,3055,3008,137,47,137.00000,0.12295
534F4C31,40409,344544139,296,145,3063,3008,151,55,151.00000,0.14144
534F4C31,40410,344549749,336,251,3056,3010,85,46,85.00000,0.12064
534F4C31,40411,344554159,248,218,3056,3007,30,49,30.00000,0.12757
534F4C31,40411,344559764,224,161,3056,3008,63,48,63.00000,0.12526
534F4C31,40411,344564138,295,185,3057,3010,110,47,110.00000,0.12295
534F4C31,40412,344569143,330,211,3057,3009,119,48,119.00000,0.12526
534F4C31,40412,344574221,324,202,3057,3010,122,47,122.00000,0.12295
534F4C31,40412,344579589,356,238,3058,3008,118,50,118.00000,0.12988
534F4C31,40412,344584134,358,234,3056,3010,124,46,124.00000,0.12064
534F4C31,40413,344589134,339,218,3064,3008,121,56,121.00000,0.14375
534F4C31,40414,344594213,331,246,3057,3011,85,46,85.00000,0.12064
534F4C31,40415,344599287,319,254,3056,3009,65,47,65.00000,0.12295
534F4C31,40415,344604279,290,227,3060,3011,63,49,63.00000,0.12757
534F4C31,40415,344609134,281,219,3057,3012,62,45,62.00000,0.11833
534F4C31,40415,344614155,315,227,3057,3010,88,47,88.00000,0.12295
534F4C31,40415,344619141,326,205,3057,3011,121,46,121.00000,0.12064
534F4C31,40416,344624533,322,215,3056,3010,107,46,107.00000,0.12064
534F4C31,40417,344629172,332,228,3061,3008,104,53,104.00000,0.13681
534F4C31,40418,344634192,332,223,3057,3010,109,47,109.00000,0.12295
534F4C31,40418,344639131,300,186,3057,3010,114,47,114.00000,0.12295
534F4C31,40418,344644150,310,209,3058,3009,101,49,101.00000,0.12757
534F4C31,40419,344649134,349,222,3058,3008,127,50,127.00000,0.12988
534F4C31,40420,344654387,326,192,3057,3011,134,46,134.00000,0.12064
534F4C31,40421,344659825,305,200,3058,3009,105,49,105.00000,0.12757
534F4C31,40422,344664739,325,154,3059,3011,171,48,171.00000,0.12526
534F4C31,40422,344669141,328,173,3057,3009,155,48,155.00000,0.12526
534F4C31,40423,344674154,296,199,3057,3008,97,49,97.00000,0.12757
534F4C31,40424,344679480,287,282,3055,3009,5,46,5.00000,0.12064
534F4C31,40424,344685035,241,174,3055,3007,67,48,67.00000,0.12526
534F4C31,40424,344689150,259,181,3055,3008,78,47,78.00000,0.12295
534F4C31,40424,344694135,301,210,3056,3009,91,47,91.00000,0.12295
534F4C31,40425,344699164,344,246,3059,3008,98,51,98.00000,0.13219
534F4C31,40426,344704151,327,203,3055,3011,124,44,124.00000,0.11601
534F4C31,40427,344709163,292,251,3056,3008,41,48,41.00000,0.12526
534F4C31,40427,344714113,241,173,3057,3007,68,50,68.00000,0.12988
534F4C31,40428,344719463,311,222,3055,3009,89,46,89.00000,0.12064
534F4C31,40428,344724173,291,191,3057,3009,100,48,100.00000,0.12526
534F4C31,40429,344729418,332,233,3057,3011,99,46,99.00000,0.12064
534F4C31,40429,344734354,338,150,3058,3011,188,47,188.00000,0.12295
534F4C31,40429,344739140,336,183,3056,3008,153,48,153.00000,0.12526
534F4C31,40430,344744185,316,244,3056,3010,72,46,72.00000,0.12064
534F4C31,40431,344749138,308,226,3056,3009,82,47,82.00000,0.12295
534F4C31,40432,344754311,321,234,3054,3009,87,45,87.00000,0.11833
534F4C31,40433,344759285,262,154,3058,3008,108,50,108.00000,0.12988
534F4C31,40433,344764790,339,215,3054,3008,124,46,124.00000,0.12064
534F4C31,40433,344769133,316,182,3055,3008,134,47,134.00000,0.12295
534F4C31,40434,344774214,314,213,3054,3009,101,45,101.00000,0.11833
534F4C31,40435,344779802,306,237,3055,3008,69,47,69.00000,0.12295
534F4C31,40435,344784135,305,206,3054,3009,99,45,99.00000,0.11833
534F4C31,40436,344789130,321,207,3055,3009,114,46,114.00000,0.12064
534F4C31,40437,344794766,351,247,3060,3010,104,50,104.00000,0.12988
534F4C31,40437,344799921,348,231,3058,3010,117,48,117.00000,0.12526
534F4C31,40437,344804330,313,207,3057,3009,106,48,106.00000,0.12526
534F4C31,40438,344809134,301,197,3056,3011,104,45,104.00000,0.11833
534F4C31,40439,344814141,331,239,3058,3009,92,49,92.00000,0.12757
534F4C31,40440,344819392,291,213,3056,3009,78,47,78.00000,0.12295
534F4C31,40441,344825770,266,162,3058,3010,104,48,104.00000,0.12526
534F4C31,40441,344829866,300,154,3058,3011,146,47,146.00000,0.12295
534F4C31,40442,344834134,310,202,3054,3010,108,44,108.00000,0.11601
534F4C31,40443,344839271,308,199,3056,3010,109,46,109.00000,0.12064
534F4C31,40444,344844154,302,230,3056,3011,72,45,72.00000,0.11833
534F4C31,40444,344850113,301,171,3058,3010,130,48,130.00000,0.12526
534F4C31,40444,344854133,300,172,3054,3010,128,44,128.00000,0.11601
534F4C31,40444,344859138,313,199,3057,3010,114,47,114.00000,0.12295
534F4C31,40445,344864179,319,279,3056,3008,40,48,40.00000,0.12526
534F4C31,40446,344869141,261,172,3053,3007,89,46,89.00000,0.12064
534F4C31,40447,344874131,293,160,3057,3010,133,47,133.00000,0.12295
534F4C31,40448,344879691,349,228,3058,3011,121,47,121.00000,0.12295
534F4C31,40449,344884432,332,198,3056,3009,134,47,134.00000,0.12295
534F4C31,40449,344889606,284,122,3057,3009,162,48,162.00000,0.12526
534F4C31,40449,344894133,315,188,3057,3008,127,49,127.00000,0.12757
534F4C31,40450,344899168,348,218,3054,3010,130,44,130.00000,0.11601
534F4C31,40450,344904131,341,211,3054,3011,130,43,130.00000,0.11370
534F4C31,40450,344909149,320,225,3059,3010,95,49,95.00000,0.12757
534F4C31,40450,344914141,331,230,3059,3010,101,49,101.00000,0.12757
534F4C31,40451,344919139,344,227,3057,3011,117,46,117.00000,0.12064
534F4C31,40452,344924137,332,211,3058,3010,121,48,121.00000,0.12526
534F4C31,40453,344929777,353,283,3056,3010,70,46,70.00000,0.12064
534F4C31,40454,344934135,258,205,3055,3010,53,45,53.00000,0.11833
534F4C31,40454,344939237,283,174,3056,3008,109,48,109.00000,0.12526
534F4C31,40455,344944145,315,195,3056,3009,120,47,120.00000,0.12295
534F4C31,40456,344949845,353,248,3057,3009,105,48,105.00000,0.12526
534F4C31,40456,344954360,308,215,3057,3009,93,48,93.00000,0.12526
534F4C31,40456,344959131,273,181,3056,3008,92,48,92.00000,0.12526
534F4C31,40456,344964148,297,231,3056,3010,66,46,66.00000,0.12064
534F4C31,40456,344969154,297,208,3054,3010,89,44,89.00000,0.11601
534F4C31,40457,344974456,268,231,3057,3010,37,47,37.00000,0.12295
534F4C31,40458,344979392,280,206,3061,3008,74,53,74.00000,0.13681
534F4C31,40459,344984420,340,234,3057,3009,106,48,106.00000,0.12526
534F4C31,40460,344989137,326,211,3055,3011,115,44,115.00000,0.11601
534F4C31,40460,344994147,322,226,3059,3009,96,50,96.00000,0.12988
534F4C31,40461,344999152,329,221,3057,3010,108,47,108.00000,0.12295
534F4C31,40461,345005203,351,220,3057,3009,131,48,131.00000,0.12526
534F4C31,40461,345009138,299,183,3056,3012,116,44,116.00000,0.11601
534F4C31,40462,345014153,337,276,3066,3007,61,59,61.00000,0.15068
534F4C31,40462,345019209,266,166,3057,3011,100,46,100.00000,0.12064
534F4C31,40463,345024157,263,185,3058,3011,78,47,78.00000,0.12295
534F4C31,40464,345029636,288,230,3061,3011,58,50,58.00000,0.12988
534F4C31,40464,345034762,317,173,3057,3010,144,47,144.00000,0.12295
534F4C31,40465,345039199,271,194,3056,3008,77,48,77.00000,0.12526
534F4C31,40466,345044148,267,203,3058,3010,64,48,64.00000,0.12526
534F4C31,40466,345049148,284,202,3056,3009,82,47,82.00000,0.12295
534F4C31,40466,345054143,298,200,3054,3010,98,44,98.00000,0.11601
534F4C31,40467,345059138,308,208,3055,3009,100,46,100.00000,0.12064
534F4C31,40467,345064126,345,220,3056,3009,125,47,125.00000,0.12295
534F4C31,40468,345069154,347,204,3058,3009,143,49,143.00000,0.12757
534F4C31,40468,345074415,327,160,3056,3010,167,46,167.00000,0.12064
534F4C31,40469,345079289,317,271,3058,3010,46,48,46.00000,0.12526
534F4C31,40470,345084371,261,173,3064,3005,88,59,88.00000,0.15068
534F4C31,40470,345090068,299,162,3058,3009,137,49,137.00000,0.12757
534F4C31,40471,345094157,309,195,3058,3011,114,47,114.00000,0.12295
534F4C31,40471,345099442,354,248,3058,3005,106,53,106.00000,0.13681
534F4C31,40472,345104158,330,207,3055,3009,123,46,123.00000,0.12064
534F4C31,40473,345109144,309,179,3058,3008,130,50,130.00000,0.12988
534F4C31,40474,345115412,369,235,3054,3009,134,45,134.00000,0.11833
534F4C31,40474,345119577,322,174,3056,3010,148,46,148.00000,0.12064
534F4C31,40475,345124188,258,220,3056,3011,38,45,38.00000,0.11833
534F4C31,40476,345129144,251,157,3056,3009,94,47,94.00000,0.12295
534F4C31,40477,345134190,288,226,3054,3009,62,45,62.00000,0.11833
534F4C31,40478,345139761,284,178,3066,3010,106,56,106.00000,0.14375
534F4C31,40479,345145787,331,161,3056,3009,170,47,170.00000,0.12295
534F4C31,40479,345152298,377,196,3057,3010,181,47,181.00000,0.12295
534F4C31,40479,345155345,305,155,3056,3009,150,47,150.00000,0.12295
534F4C31,40479,345159162,281,161,3057,3009,120,48,120.00000,0.12526
534F4C31,40479,345164136,330,215,3056,3009,115,47,115.00000,0.12295
534F4C31,40479,345169142,346,222,3054,3010,124,44,124.00000,0.11601
534F4C31,40479,345174142,330,214,3055,3008,116,47,116.00000,0.12295
534F4C31,40480,345179603,349,253,3059,3012,96,47,96.00000,0.12295
534F4C31,40481,345184278,345,239,3056,3009,106,47,106.00000,0.12295
534F4C31,40482,345189249,323,235,3056,3007,88,49,88.00000,0.12757
534F4C31,40483,345194134,281,209,3057,3009,72,48,72.00000,0.12526
534F4C31,40484,345199549,350,257,3057,3009,93,48,93.00000,0.12526
534F4C31,40484,345204133,314,229,3056,3011,85,45,85.00000,0.11833
534F4C31,40484,345209138,284,173,3054,3008,111,46,111.00000,0.12064
534F4C31,40484,345214159,337,229,3055,3008,108,47,108.00000,0.12295
534F4C31,40485,345219561,335,235,3054,3009,100,45,100.00000,0.11833
534F4C31,40486,345224155,296,170,3055,3006,126,49,126.00000,0.12757
534F4C31,40487,345230200,349,254,3055,3009,95,46,95.00000,0.12064
534F4C31,40487,345234288,328,196,3055,3008,132,47,132.00000,0.12295
534F4C31,40487,345239217,322,175,3055,3009,147,46,147.00000,0.12064
534F4C31,40488,345244173,335,227,3055,3008,108,47,108.00000,0.12295
534F4C31,40489,345249131,344,245,3053,3009,99,44,99.00000,0.11601
534F4C31,40490,345255236,350,232,3055,3008,118,47,118.00000,0.12295
534F4C31,40490,345259547,269,175,3055,3007,94,48,94.00000,0.12526
534F4C31,40490,345264137,318,213,3054,3006,105,48,105.00000,0.12526
534F4C31,40491,345269145,340,222,3058,3007,118,51,118.00000,0.13219
534F4C31,40492,345274148,325,201,3054,3009,124,45,124.00000,0.11833
534F4C31,40493,345279546,328,259,3057,3010,69,47,69.00000,0.12295
534F4C31,40494,345284145,280,217,3054,3009,63,45,63.00000,0.11833
534F4C31,40494,345289325,248,178,3057,3010,70,47,70.00000,0.12295
534F4C31,40494,345294140,280,224,3054,3010,56,44,56.00000,0.11601
534F4C31,40495,345299135,311,223,3055,3008,88,47,88.00000,0.12295
534F4C31,40496,345304618,321,150,3054,3007,171,47,171.00000,0.12295
534F4C31,40497,345309129,306,146,3056,3009,160,47,160.00000,0.12295
534F4C31,40497,345314928,372,238,3053,3008,134,45,134.00000,0.11833
534F4C31,40497,345319168,335,205,3056,3010,130,46,130.00000,0.12064
534F4C31,40497,345324144,323,199,3057,3009,124,48,124.00000,0.12526
534F4C31,40498,345329152,346,245,3058,3008,101,50,101.00000,0.12988
534F4C31,40499,345334697,330,222,3055,3009,108,46,108.00000,0.12064
534F4C31,40500,345340634,275,177,3055,3009,98,46,98.00000,0.12064
534F4C31,40500,345345267,307,141,3055,3011,166,44,166.00000,0.11601
534F4C31,40500,345349162,316,190,3055,3008,126,47,126.00000,0.12295
534F4C31,40501,345354137,323,198,3055,3008,125,47,125.00000,0.12295
534F4C31,40502,345359173,316,211,3057,3009,105,48,105.00000,0.12526
534F4C31,40503,345364393,299,272,3054,3009,27,45,27.00000,0.11833
534F4C31,40504,345369791,227,162,3055,3011,65,44,65.00000,0.11601
534F4C31,40504,345374403,276,181,3055,3007,95,48,95.00000,0.12526
534F4C31,40505,345379165,310,197,3056,3009,113,47,113.00000,0.12295
534F4C31,40505,345384159,354,201,3055,3010,153,45,153.00000,0.11833
534F4C31,40506,345389177,279,245,3055,3008,34,47,34.00000,0.12295
534F4C31,40506,345394818,228,183,3056,3010,45,46,45.00000,0.12064
534F4C31,40506,345399135,298,220,3055,3007,78,48,78.00000,0.12526
534F4C31,40507,345404162,319,223,3056,3007,96,49,96.00000,0.12757
534F4C31,40508,345409134,315,210,3055,3007,105,48,105.00000,0.12526
534F4C31,40509,345414241,348,236,3057,3007,112,50,112.00000,0.12988
534F4C31,40510,345419139,337,189,3054,3009,148,45,148.00000,0.11833
534F4C31,40510,345424632,323,166,3057,3009,157,48,157.00000,0.12526
534F4C31,40510,345429148,323,200,3057,3009,123,48,123.00000,0.12526
534F4C31,40510,345434141,347,241,3056,3008,106,48,106.00000,0.12526
534F4C31,40510,345439157,330,216,3056,3009,114,47,114.00000,0.12295
534F4C31,40511,345444138,336,230,3055,3009,106,46,106.00000,0.12064
534F4C31,40512,345449171,334,279,3059,3012,55,47,55.00000,0.12295
534F4C31,40513,345454569,273,201,3057,3009,72,48,72.00000,0.12526
534F4C31,40514,345459689,288,188,3056,3008,100,48,100.00000,0.12526
534F4C31,40515,345464142,309,206,3055,3009,103,46,103.00000,0.12064
534F4C31,40516,345469168,302,198,3054,3012,104,42,104.00000,0.11139
534F4C31,40517,345474163,292,164,3056,3010,128,46,128.00000,0.12064
534F4C31,40518,345479905,334,258,3067,3006,76,61,76.00000,0.15530
534F4C31,40519,345484563,295,220,3056,3010,75,46,75.00000,0.12064
534F4C31,40520,345489153,249,238,3057,3008,11,49,11.00000,0.12757
534F4C31,40521,345494778,222,187,3057,3010,35,47,35.00000,0.12295
534F4C31,40522,345499139,290,175,3055,3011,115,44,115.00000,0.11601
534F4C31,40522,345504182,307,223,3054,3010,84,44,84.00000,0.11601
534F4C31,40522,345509144,276,194,3055,3010,82,45,82.00000,0.11833
534F4C31,40522,345514137,326,211,3058,3007,115,51,115.00000,0.13219
534F4C31,40523,345519162,307,243,3055,3008,64,47,64.00000,0.12295
534F4C31,40524,345524147,231,185,3055,3009,46,46,46.00000,0.12064
534F4C31,40524,345529136,268,224,3057,3009,44,48,44.00000,0.12526
534F4C31,40524,345534138,301,178,3057,3008,123,49,123.00000,0.12757
534F4C31,40525,345539183,320,201,3068,3007,119,61,119.00000,0.15530
534F4C31,40525,345544179,325,219,3055,3009,106,46,106.00000,0.12064
534F4C31,40525,345549146,348,240,3056,3010,108,46,108.00000,0.12064
534F4C31,40526,345554160,298,249,3055,3010,49,45,49.00000,0.11833
534F4C31,40527,345559142,232,177,3055,3008,55,47,55.00000,0.12295
534F4C31,40528,345565017,342,241,3056,3007,101,49,101.00000,0.12757
534F4C31,40528,345569359,323,224,3054,3010,99,44,99.00000,0.11601
534F4C31,40529,345574144,267,178,3057,3010,89,47,89.00000,0.12295
534F4C31,40530,345579558,290,256,3067,3009,34,58,34.00000,0.14837
534F4C31,40531,345585259,276,214,3058,3008,62,50,62.00000,0.12988
534F4C31,40531,345592330,316,235,3056,3007,81,49,81.00000,0.12757
534F4C31,40531,345594899,270,177,3058,3009,93,49,93.00000,0.12757
534F4C31,40531,345599132,310,212,3056,3008,98,48,98.00000,0.12526
534F4C31,40531,345604142,326,219,3056,3010,107,46,107.00000,0.12064
534F4C31,40531,345609142,321,211,3056,3011,110,45,110.00000,0.11833
534F4C31,40531,345614155,351,242,3058,3009,109,49,109.00000,0.12757
534F4C31,40532,345619484,348,240,3055,3010,108,45,108.00000,0.11833
534F4C31,40533,345624358,310,199,3057,3009,111,48,111.00000,0.12526
534F4C31,40534,345629135,313,241,3058,3007,72,51,72.00000,0.13219
534F4C31,40535,345634133,323,203,3057,3009,120,48,120.00000,0.12526
534F4C31,40536,345639732,311,202,3074,3005,109,69,109.00000,0.17379
534F4C31,40537,345644879,292,188,3080,3009,104,71,104.00000,0.17841
534F4C31,40537,345652715,313,162,3073,3009,151,64,151.00000,0.16224
534F4C31,40537,345655800,258,119,3071,3010,139,61,139.00000,0.15530
534F4C31,40537,345659440,256,150,3075,3006,106,69,106.00000,0.17379
534F4C31,40537,345664120,311,209,3073,3007,102,66,102.00000,0.16686
534F4C31,40538,345669134,340,219,3076,3008,121,68,121.00000,0.17148
534F4C31,40539,345674145,323,185,3075,3009,138,66,138.00000,0.16686
534F4C31,40540,345679409,305,261,3077,3005,44,72,44.00000,0.18072
534F4C31,40541,345684310,252,193,3073,3010,59,63,59.00000,0.15992
534F4C31,40541,345689141,281,193,3073,3010,88,63,88.00000,0.15992
534F4C31,40542,345695068,347,233,3075,3008,114,67,114.00000,0.16917
534F4C31,40543,345699202,310,206,3072,3008,104,64,104.00000,0.16224
534F4C31,40544,345704140,295,178,3070,3010,117,60,117.00000,0.15299
534F4C31,40545,345709155,293,222,3077,3010,71,67,71.00000,0.16917
534F4C31,40546,345714169,282,215,3082,3006,67,76,67.00000,0.18997
534F4C31,40547,345719177,248,238,3077,3008,10,69,10.00000,0.17379
534F4C31,40548,345724826,248,182,3074,3009,66,65,66.00000,0.16455
534F4C31,40548,345729575,312,212,3084,3007,100,77,100.00000,0.19228
534F4C31,40548,345734170,322,171,3075,3010,151,65,151.00000,0.16455
534F4C31,40549,345739144,320,180,3072,3008,140,64,140.00000,0.16224
534F4C31,40549,345744229,335,220,3080,3010,115,70,115.00000,0.17610
534F4C31,40550,345749177,357,254,3075,3009,103,66,103.00000,0.16686
534F4C31,40550,345754207,327,183,3074,3009,144,65,144.00000,0.16455
534F4C31,40550,345759151,322,195,3070,3009,127,61,127.00000,0.15530
534F4C31,40550,345764136,352,230,3074,3009,122,65,122.00000,0.16455
534F4C31,40550,345769136,359,229,3073,3009,130,64,130.00000,0.16224
534F4C31,40551,345774178,338,220,3079,3009,118,70,118.00000,0.17610
534F4C31,40551,345779141,318,201,3075,3009,117,66,117.00000,0.16686
534F4C31,40551,345784143,361,246,3074,3006,115,68,115.00000,0.17148
534F4C31,40552,345789145,342,223,3075,3011,119,64,119.00000,0.16224
534F4C31,40553,345794138,336,227,3075,3008,109,67,109.00000,0.16917
534F4C31,40554,345799145,329,252,3070,3010,77,60,77.00000,0.15299
534F4C31,40554,345804394,269,189,3073,3011,80,62,80.00000,0.15761
534F4C31,40555,345809181,253,243,3071,3008,10,63,10.00000,0.15992
534F4C31,40555,345814142,257,198,3072,3010,59,62,59.00000,0.15761
534F4C31,40556,345819185,299,195,3073,3007,104,66,104.00000,0.16686
534F4C31,40557,345824139,302,188,3075,3010,114,65,114.00000,0.16455
534F4C31,40557,345829163,306,244,3076,3009,62,67,62.00000,0.16917
534F4C31,40557,345834154,306,235,3077,3008,71,69,71.00000,0.17379
534F4C31,40557,345839133,292,206,3075,3010,86,65,86.00000,0.16455
534F4C31,40558,345844790,294,265,3076,3008,29,68,29.00000,0.17148
534F4C31,40559,345849148,254,220,3073,3010,34,63,34.00000,0.15992
534F4C31,40560,345854233,249,223,3075,3008,26,67,26.00000,0.16917
534F4C31,40561,345859163,224,176,3072,3010,48,62,48.00000,0.15761
534F4C31,40561,345864471,312,212,3076,3006,100,70,100.00000,0.17610
534F4C31,40561,345869171,324,215,3072,3007,109,65,109.00000,0.16455
534F4C31,40561,345874139,313,205,3075,3008,108,67,108.00000,0.16917
534F4C31,40562,345879140,343,219,3072,3009,124,63,124.00000,0.15992
534F4C31,40563,345884155,314,187,3074,3009,127,65,127.00000,0.16455
534F4C31,40564,345889528,285,213,3074,3009,72,65,72.00000,0.16455
534F4C31,40565,345894142,244,221,3075,3009,23,66,23.00000,0.16686
534F4C31,40566,345899370,276,217,3072,3012,59,60,59.00000,0.15299
534F4C31,40566,345904133,281,170,3070,3008,111,62,111.00000,0.15761
534F4C31,40567,345909139,300,158,3074,3010,142,64,142.00000,0.16224
534F4C31,40568,345914180,311,285,3076,3008,26,68,26.00000,0.17148
534F4C31,40569,345919703,249,192,3069,3009,57,60,57.00000,0.15299
534F4C31,40569,345924161,273,206,3074,3010,67,64,67.00000,0.16224
534F4C31,40569,345929128,287,204,3076,3010,83,66,83.00000,0.16686
534F4C31,40570,345934154,340,253,3070,3008,87,62,87.00000,0.15761
534F4C31,40570,345939648,309,219,3071,3009,90,62,90.00000,0.15761
534F4C31,40570,345944129,301,236,3071,3009,65,62,65.00000,0.15761
534F4C31,40571,345949127,290,279,3071,3008,11,63,11.00000,0.15992
534F4C31,40571,345954409,209,177,3074,3007,32,67,32.00000,0.16917
534F4C31,40571,345959169,266,195,3070,3008,71,62,71.00000,0.15761
534F4C31,40571,345964135,320,230,3077,3007,90,70,90.00000,0.17610
534F4C31,40572,345969154,339,230,3074,3012,109,62,109.00000,0.15761
534F4C31,40573,345974153,328,216,3076,3007,112,69,112.00000,0.17379
534F4C31,40574,345979155,321,266,3075,3007,55,68,55.00000,0.17148
534F4C31,40575,345984132,285,233,3069,3007,52,62,52.00000,0.15761
534F4C31,40575,345989600,287,198,3074,3009,89,65,89.00000,0.16455
534F4C31,40576,345994649,318,208,3076,3009,110,67,110.00000,0.16917
534F4C31,40576,345999840,341,196,3073,3008,145,65,145.00000,0.16455
534F4C31,40576,346004141,325,189,3070,3008,136,62,136.00000,0.15761
534F4C31,40577,346009353,298,238,3072,3007,60,65,60.00000,0.16455
534F4C31,40577,346014143,267,186,3070,3006,81,64,81.00000,0.16224
534F4C31,40578,346019190,289,222,3071,3009,67,62,67.00000,0.15761
534F4C31,40579,346025132,301,197,3073,3007,104,66,104.00000,0.16686
534F4C31,40580,346029177,288,230,3074,3010,58,64,58.00000,0.16224
534F4C31,40581,346034903,317,194,3077,3008,123,69,123.00000,0.17379
534F4C31,40581,346039128,283,209,3073,3006,74,67,74.00000,0.16917
534F4C31,40581,346044132,264,214,3075,3008,50,67,50.00000,0.16917
534F4C31,40582,346049179,305,249,3076,3008,56,68,56.00000,0.17148
534F4C31,40582,346054148,279,182,3073,3011,97,62,97.00000,0.15761
534F4C31,40583,346059630,304,230,3071,3007,74,64,74.00000,0.16224
534F4C31,40584,346064176,294,223,3074,3007,71,67,71.00000,0.16917
534F4C31,40585,346069556,322,214,3075,3010,108,65,108.00000,0.16455
534F4C31,40586,346075125,318,161,3078,3010,157,68,157.00000,0.17148
534F4C31,40586,346079693,337,199,3076,3009,138,67,138.00000,0.16917
534F4C31,40586,346084589,330,201,3078,3007,129,71,129.00000,0.17841
534F4C31,40586,346089133,309,198,3073,3008,111,65,111.00000,0.16455
534F4C31,40586,346094135,323,220,3074,3007,103,67,103.00000,0.16917
534F4C31,40587,346099161,352,226,3071,3008,126,63,126.00000,0.15992
534F4C31,40588,346104456,314,168,3072,3008,146,64,146.00000,0.16224
534F4C31,40589,346109612,287,236,3075,3006,51,69,51.00000,0.17379
534F4C31,40590,346114762,276,208,3077,3006,68,71,68.00000,0.17841
534F4C31,40590,346119207,303,200,3074,3009,103,65,103.00000,0.16455
534F4C31,40590,346124135,289,171,3075,3007,118,68,118.00000,0.17148
534F4C31,40591,346129515,318,253,3075,3008,65,67,65.00000,0.16917
534F4C31,40592,346134135,298,220,3075,3007,78,68,78.00000,0.17148
534F4C31,40593,346139193,298,218,3078,3008,80,70,80.00000,0.17610
534F4C31,40594,346144255,306,218,3075,3009,88,66,88.00000,0.16686
534F4C31,40595,346150354,370,200,3083,3007,170,76,170.00000,0.18997
534F4C31,40595,346155407,342,175,3072,3009,167,63,167.00000,0.15992
534F4C31,40596,346159164,304,159,3076,3008,145,68,145.00000,0.17148
534F4C31,40596,346164163,337,232,3077,3009,105,68,105.00000,0.17148
534F4C31,40596,346169138,334,220,3072,3010,114,62,114.00000,0.15761
534F4C31,40597,346174155,323,205,3074,3010,118,64,118.00000,0.16224
534F4C31,40597,346179137,337,169,3077,3010,168,67,168.00000,0.16917
534F4C31,40598,346184169,370,208,3075,3010,162,65,162.00000,0.16455
534F4C31,40599,346189988,361,196,3076,3011,165,65,165.00000,0.16455
534F4C31,40600,346194426,355,256,3073,3008,99,65,99.00000,0.16455
534F4C31,40600,346199145,282,243,3077,3008,39,69,39.00000,0.17379
534F4C31,40600,346204130,261,189,3072,3009,72,63,72.00000,0.15992
534F4C31,40601,346209148,286,227,3075,3009,59,66,59.00000,0.16686
534F4C31,40601,346214537,313,231,3073,3009,82,64,82.00000,0.16224
534F4C31,40602,346219165,324,204,3077,3007,120,70,120.00000,0.17610
534F4C31,40603,346225111,327,165,3079,3011,162,68,162.00000,0.17148
534F4C31,40603,346229158,336,194,3077,3010,142,67,142.00000,0.16917
534F4C31,40604,346234259,369,214,3070,3010,155,60,155.00000,0.15299
534F4C31,40604,346239132,317,179,3080,3010,138,70,138.00000,0.17610
534F4C31,40605,346244174,312,232,3070,3009,80,61,80.00000,0.15530
534F4C31,40606,346249506,326,221,3074,3010,105,64,105.00000,0.16224
534F4C31,40607,346254673,294,212,3078,3008,82,70,82.00000,0.17610
534F4C31,40607,346261193,257,189,3075,3012,68,63,68.00000,0.15992
534F4C31,40607,346264423,236,142,3075,3009,94,66,94.00000,0.16686
534F4C31,40608,346269166,311,195,3073,3008,116,65,116.00000,0.16455
534F4C31,40609,346274182,315,198,3077,3011,117,66,117.00000,0.16686
534F4C31,40610,346280023,348,244,3076,3010,104,66,104.00000,0.16686
534F4C31,40611,346284569,320,193,3070,3009,127,61,127.00000,0.15530
534F4C31,40611,346289966,321,162,3072,3007,159,65,159.00000,0.16455
534F4C31,40611,346294147,300,160,3075,3008,140,67,140.00000,0.16917
534F4C31,40612,346299172,352,231,3071,3007,121,64,121.00000,0.16224
534F4C31,40613,346304148,322,238,3075,3010,84,65,84.00000,0.16455
534F4C31,40613,346309134,270,259,3077,3010,11,67,11.00000,0.16917
534F4C31,40613,346314477,240,183,3077,3011,57,66,57.00000,0.16686
534F4C31,40614,346319313,299,208,3072,3008,91,64,91.00000,0.16224
534F4C31,40615,346324126,284,180,3072,3009,104,63,104.00000,0.15992
534F4C31,40616,346329425,318,219,3078,3010,99,68,99.00000,0.17148
534F4C31,40616,346334142,341,248,3075,3006,93,69,93.00000,0.17379
534F4C31,40616,346339142,297,203,3076,3010,94,66,94.00000,0.16686
534F4C31,40617,346344170,294,240,3079,3009,54,70,54.00000,0.17610
534F4C31,40617,346349317,298,209,3076,3009,89,67,89.00000,0.16917
534F4C31,40618,346354602,321,226,3072,3006,95,66,95.00000,0.16686
534F4C31,40618,346359146,274,219,3073,3010,55,63,55.00000,0.15992
534F4C31,40618,346364227,288,217,3075,3009,71,66,71.00000,0.16686
534F4C31,40618,346369151,316,222,3071,3007,94,64,94.00000,0.16224
534F4C31,40619,346374447,274,228,3076,3008,46,68,46.00000,0.17148
534F4C31,40620,346379436,286,208,3079,3008,78,71,78.00000,0.17841
534F4C31,40621,346384142,339,229,3074,3012,110,62,110.00000,0.15761
534F4C31,40621,346389151,322,210,3070,3010,112,60,112.00000,0.15299
534F4C31,40622,346394189,303,244,3076,3009,59,67,59.00000,0.16917
534F4C31,40623,346400067,320,266,3072,3008,54,64,54.00000,0.16224
534F4C31,40624,346404143,271,208,3074,3007,63,67,63.00000,0.16917
534F4C31,40625,346409143,263,221,3076,3007,42,69,42.00000,0.17379
534F4C31,40626,346414144,264,181,3072,3008,83,64,83.00000,0.16224
534F4C31,40627,346420123,333,214,3073,3012,119,61,119.00000,0.15530
534F4C31,40628,346424507,303,197,3075,3008,106,67,106.00000,0.16917
534F4C31,40629,346430392,323,245,3076,3007,78,69,78.00000,0.17379
534F4C31,40629,346435047,323,201,3072,3008,122,64,122.00000,0.16224
534F4C31,40629,346439175,293,212,3073,3008,81,65,81.00000,0.16455
534F4C31,40629,346444141,255,181,3072,3008,74,64,74.00000,0.16224
534F4C31,40629,346450004,352,261,3075,3006,91,69,91.00000,0.17379
534F4C31,40629,346454146,314,205,3070,3007,109,63,109.00000,0.15992
534F4C31,40629,346459167,313,203,3075,3008,110,67,110.00000,0.16917
534F4C31,40629,346464142,343,233,3075,3009,110,66,110.00000,0.16686
534F4C31,40630,346469152,354,233,3075,3010,121,65,121.00000,0.16455
534F4C31,40631,346474190,333,218,3074,3008,115,66,115.00000,0.16686
534F4C31,40632,346479138,342,239,3075,3009,103,66,103.00000,0.16686
534F4C31,40633,346484198,361,263,3074,3009,98,65,98.00000,0.16455
534F4C31,40634,346489810,325,248,3081,3005,77,76,77.00000,0.18997
534F4C31,40634,346494290,253,187,3074,3008,66,66,66.00000,0.16686
534F4C31,40635,346499475,323,257,3071,3007,66,64,66.00000,0.16224
534F4C31,40636,346504171,298,224,3070,3008,74,62,74.00000,0.15761
534F4C31,40637,346509223,288,170,3073,3009,118,64,118.00000,0.16224
534F4C31,40637,346514184,333,231,3074,3008,102,66,102.00000,0.16686
534F4C31,40637,346519166,344,211,3072,3009,133,63,133.00000,0.15992
534F4C31,40638,346524160,307,206,3074,3007,101,67,101.00000,0.16917
534F4C31,40639,346529282,297,217,3076,3010,80,66,80.00000,0.16686
534F4C31,40640,346534191,331,226,3079,3007,105,72,105.00000,0.18072
534F4C31,40641,346540005,285,175,3073,3004,110,69,110.00000,0.17379
534F4C31,40641,346544360,290,177,3076,3008,113,68,113.00000,0.17148
534F4C31,40641,346549595,346,235,3080,3010,111,70,111.00000,0.17610
534F4C31,40641,346554150,327,209,3072,3009,118,63,118.00000,0.15992
534F4C31,40641,346559163,321,205,3076,3010,116,66,116.00000,0.16686
534F4C31,40641,346564137,347,234,3076,3007,113,69,113.00000,0.17379
534F4C31,40642,346569137,358,234,3077,3006,124,71,124.00000,0.17841
534F4C31,40643,346574176,302,192,3077,3010,110,67,110.00000,0.16917
534F4C31,40644,346580403,336,231,3075,3009,105,66,105.00000,0.16686
534F4C31,40644,346584315,337,221,3072,3008,116,64,116.00000,0.16224
534F4C31,40645,346589287,290,231,3074,3009,59,65,59.00000,0.16455
534F4C31,40646,346594143,259,188,3074,3010,71,64,71.00000,0.16224
534F4C31,40646,346599176,330,263,3078,3008,67,70,67.00000,0.17610
534F4C31,40646,346604154,301,203,3073,3008,98,65,98.00000,0.16455
534F4C31,40646,346609151,313,199,3072,3008,114,64,114.00000,0.16224
534F4C31,40647,346614709,327,274,3075,3011,53,64,53.00000,0.16224
534F4C31,40648,346619146,276,171,3072,3012,105,60,105.00000,0.15299
534F4C31,40649,346624395,297,163,3077,3011,134,66,134.00000,0.16686
534F4C31,40650,346629754,344,230,3077,3010,114,67,114.00000,0.16917
534F4C31,40651,346634382,345,224,3077,3009,121,68,121.00000,0.17148
534F4C31,40652,346639968,290,221,3072,3009,69,63,69.00000,0.15992
534F4C31,40653,346645941,322,229,3077,3007,93,70,93.00000,0.17610
534F4C31,40653,346652145,386,262,3074,3010,124,64,124.00000,0.16224
534F4C31,40653,346654576,264,181,3072,3009,83,63,83.00000,0.15992
534F4C31,40654,346659134,257,167,3076,3008,90,68,90.00000,0.17148
534F4C31,40654,346664659,338,211,3075,3008,127,67,127.00000,0.16917
534F4C31,40654,346669194,341,215,3073,3006,126,67,126.00000,0.16917
534F4C31,40654,346674178,327,205,3072,3011,122,61,122.00000,0.15530
534F4C31,40654,346679149,347,230,3078,3011,117,67,117.00000,0.16917
534F4C31,40655,346684157,368,255,3072,3008,113,64,113.00000,0.16224
534F4C31,40656,346689394,322,223,3076,3011,99,65,99.00000,0.16455
534F4C31,40657,346694270,296,229,3075,3012,67,63,67.00000,0.15992
534F4C31,40658,346700001,312,205,3083,3010,107,73,107.00000,0.18303
534F4C31,40659,346704254,295,159,3076,3009,136,67,136.00000,0.16917
534F4C31,40659,346710255,323,195,3075,3010,128,65,128.00000,0.16455
534F4C31,40660,346714252,324,209,3076,3010,115,66,115.00000,0.16686
534F4C31,40661,346719201,345,218,3072,3008,127,64,127.00000,0.16224
534F4C31,40662,346724150,303,187,3077,3011,116,66,116.00000,0.16686
534F4C31,40662,346730413,342,216,3076,3008,126,68,126.00000,0.17148
534F4C31,40663,346734143,311,201,3078,3011,110,67,110.00000,0.16917
534F4C31,40663,346739149,322,194,3076,3009,128,67,128.00000,0.16917
534F4C31,40663,346744134,318,191,3073,3008,127,65,127.00000,0.16455
534F4C31,40663,346749137,350,232,3073,3011,118,62,118.00000,0.15761
534F4C31,40664,346754345,297,246,3072,3010,51,62,51.00000,0.15761
534F4C31,40664,346759132,253,188,3074,3009,65,65,65.00000,0.16455
534F4C31,40664,346764134,282,222,3074,3007,60,67,60.00000,0.16917
534F4C31,40665,346769188,312,201,3070,3009,111,61,111.00000,0.15530
534F4C31,40666,346774178,314,213,3079,3012,101,67,101.00000,0.16917
534F4C31,40667,346780131,301,263,3073,3007,38,66,38.00000,0.16686
534F4C31,40668,346785026,279,205,3074,3008,74,66,74.00000,0.16686
534F4C31,40668,346789348,278,188,3074,3010,90,64,90.00000,0.16224
534F4C31,40668,346794415,291,203,3077,3010,88,67,88.00000,0.16917
534F4C31,40669,346799181,296,261,3074,3007,35,67,35.00000,0.16917
534F4C31,40669,346804141,261,176,3072,3008,85,64,85.00000,0.16224
534F4C31,40670,346809704,308,211,3074,3004,97,70,97.00000,0.17610
534F4C31,40670,346814194,318,230,3076,3010,88,66,88.00000,0.16686
534F4C31,40671,346819168,327,257,3074,3010,70,64,70.00000,0.16224
534F4C31,40672,346824734,270,170,3078,3012,100,66,100.00000,0.16686
534F4C31,40672,346829917,322,226,3077,3011,96,66,96.00000,0.16686
534F4C31,40673,346834143,309,189,3076,3009,120,67,120.00000,0.16917
534F4C31,40674,346839432,315,207,3082,3009,108,73,108.00000,0.18303
534F4C31,40675,346844199,297,240,3077,3011,57,66,57.00000,0.16686
534F4C31,40676,346850056,332,258,3075,3009,74,66,74.00000,0.16686
534F4C31,40677,346855334,302,191,3075,3008,111,67,111.00000,0.16917
534F4C31,40678,346860490,310,226,3076,3009,84,67,84.00000,0.16917
534F4C31,40679,346865486,312,221,3072,3009,91,63,91.00000,0.15992
534F4C31,40680,346871036,323,204,3074,3006,119,68,119.00000,0.17148
534F4C31,40680,346876127,292,149,3076,3007,143,69,143.00000,0.17379
534F4C31,40680,346879380,286,156,3075,3007,130,68,130.00000,0.17148
534F4C31,40680,346884137,344,226,3075,3010,118,65,118.00000,0.16455
534F4C31,40680,346889155,341,217,3076,3008,124,68,124.00000,0.17148
534F4C31,40680,346894153,337,222,3076,3010,115,66,115.00000,0.16686
534F4C31,40681,346899183,357,254,3076,3008,103,68,103.00000,0.17148
534F4C31,40682,346904186,331,222,3071,3009,109,62,109.00000,0.15761
534F4C31,40683,346909129,321,194,3074,3008,127,66,127.00000,0.16686
534F4C31,40683,346914136,342,206,3073,3010,136,63,136.00000,0.15992
534F4C31,40684,346919144,356,203,3072,3008,153,64,153.00000,0.16224
534F4C31,40685,346924136,322,190,3072,3009,132,63,132.00000,0.15992
534F4C31,40686,346929186,305,204,3080,3007,101,73,101.00000,0.18303
534F4C31,40686,346934519,338,196,3071,3007,142,64,142.00000,0.16224
534F4C31,40687,346939159,318,173,3075,3010,145,65,145.00000,0.16455
534F4C31,40688,346944131,316,218,3075,3009,98,66,98.00000,0.16686
534F4C31,40688,346949153,328,218,3074,3007,110,67,110.00000,0.16917
534F4C31,40688,346954132,313,176,3072,3007,137,65,137.00000,0.16455
534F4C31,40688,346959147,320,190,3075,3009,130,66,130.00000,0.16686
534F4C31,40688,346964147,349,231,3074,3010,118,64,118.00000,0.16224
534F4C31,40689,346969139,360,227,3076,3009,133,67,133.00000,0.16917
534F4C31,40689,346974128,329,152,3075,3008,177,67,177.00000,0.16917
534F4C31,40690,346979190,302,241,3084,3008,61,76,61.00000,0.18997
534F4C31,40690,346984891,299,191,3077,3009,108,68,108.00000,0.17148
534F4C31,40691,346989150,275,213,3076,3008,62,68,62.00000,0.17148
534F4C31,40692,346994141,246,206,3071,3011,40,60,40.00000,0.15299
534F4C31,40693,346999132,278,243,3074,3009,35,65,35.00000,0.16455
534F4C31,40694,347005347,308,191,3074,3007,117,67,117.00000,0.16917
534F4C31,40694,347009133,272,145,3076,3010,127,66,127.00000,0.16686
534F4C31,40695,347014603,336,202,3074,3009,134,65,134.00000,0.16455
534F4C31,40696,347019550,291,217,3081,3009,74,72,74.00000,0.18072
534F4C31,40696,347024249,237,165,3076,3008,72,68,72.00000,0.17148
534F4C31,40697,347029161,299,214,3075,3012,85,63,85.00000,0.15992
534F4C31,40698,347034527,327,233,3071,3009,94,62,94.00000,0.15761
534F4C31,40699,347039277,288,148,3075,3011,140,64,140.00000,0.16224
534F4C31,40699,347045027,324,188,3073,3011,136,62,136.00000,0.15761
534F4C31,40699,347049151,328,203,3076,3008,125,68,125.00000,0.17148
534F4C31,40700,347054163,333,218,3075,3007,115,68,115.00000,0.17148
534F4C31,40701,347059140,321,200,3072,3008,121,64,121.00000,0.16224
534F4C31,40702,347064159,322,219,3076,3010,103,66,103.00000,0.16686
534F4C31,40703,347069699,324,222,3076,3011,102,65,102.00000,0.16455
534F4C31,40704,347074861,314,217,3073,3009,97,64,97.00000,0.16224
534F4C31,40705,347080329,326,231,3077,3006,95,71,95.00000,0.17841
534F4C31,40705,347084546,283,223,3073,3009,60,64,60.00000,0.16224
534F4C31,40705,347089137,235,166,3072,3007,69,65,69.00000,0.16455
534F4C31,40705,347094157,298,209,3073,3009,89,64,89.00000,0.16224
534F4C31,40705,347099145,342,244,3074,3010,98,64,98.00000,0.16224
534F4C31,40705,347104138,338,223,3069,3010,115,59,115.00000,0.15068
534F4C31,40706,347109469,314,229,3077,3009,85,68,85.00000,0.17148
534F4C31,40707,347114175,317,227,3074,3008,90,66,90.00000,0.16686
534F4C31,40708,347119133,343,221,3074,3008,122,66,122.00000,0.16686
534F4C31,40708,347124146,329,194,3075,3008,135,67,135.00000,0.16917
534F4C31,40709,347129177,349,233,3077,3008,116,69,116.00000,0.17379
534F4C31,40710,347134145,338,256,3075,3012,82,63,82.00000,0.15992
534F4C31,40710,347139607,298,201,3073,3009,97,64,97.00000,0.16224
534F4C31,40710,347144197,292,183,3077,3008,109,69,109.00000,0.17379
534F4C31,40710,347149156,342,228,3079,3008,114,71,114.00000,0.17841
534F4C31,40710,347154134,338,223,3075,3007,115,68,115.00000,0.17148
534F4C31,40711,347159166,322,255,3078,3009,67,69,67.00000,0.17379
534F4C31,40712,347164332,284,240,3076,3010,44,66,44.00000,0.16686
534F4C31,40713,347169144,290,208,3076,3010,82,66,82.00000,0.16686
534F4C31,40714,347174676,304,207,3074,3010,97,64,97.00000,0.16224
534F4C31,40715,347179130,298,225,3075,3011,73,64,73.00000,0.16224
534F4C31,40715,347184828,301,190,3073,3008,111,65,111.00000,0.16455
534F4C31,40716,347189158,284,200,3075,3005,84,70,84.00000,0.17610
534F4C31,40716,347194917,308,226,3074,3007,82,67,82.00000,0.16917
534F4C31,40716,347199139,302,193,3071,3009,109,62,109.00000,0.15761
534F4C31,40716,347204145,327,207,3069,3006,120,63,120.00000,0.15992
534F4C31,40717,347209557,303,239,3076,3008,64,68,64.00000,0.17148
534F4C31,40718,347214615,303,214,3072,3008,89,64,89.00000,0.16224
534F4C31,40719,347220260,303,262,3071,3009,41,62,41.00000,0.15761
534F4C31,40720,347225889,261,189,3086,3009,72,77,72.00000,0.19228
534F4C31,40720,347231252,328,233,3074,3007,95,67,95.00000,0.16917
534F4C31,40720,347234598,308,211,3068,3007,97,61,97.00000,0.15530
534F4C31,40721,347239355,306,208,3075,3008,98,67,98.00000,0.16917
534F4C31,40722,347244132,288,201,3070,3009,87,61,87.00000,0.15530
534F4C31,40723,347249134,305,163,3073,3009,142,64,142.00000,0.16224
534F4C31,40723,347254146,315,181,3081,3008,134,73,134.00000,0.18303
534F4C31,40724,347259144,293,186,3073,3008,107,65,107.00000,0.16455
534F4C31,40724,347264136,331,219,3077,3007,112,70,112.00000,0.17610
534F4C31,40725,347269344,350,247,3075,3006,103,69,103.00000,0.17379
534F4C31,40726,347274611,294,194,3075,3008,100,67,100.00000,0.16917
534F4C31,40726,347279571,327,210,3079,3007,117,72,117.00000,0.18072
534F4C31,40726,347284164,327,198,3075,3007,129,68,129.00000,0.17148
534F4C31,40727,347289321,322,207,3073,3009,115,64,115.00000,0.16224
534F4C31,40728,347295049,349,242,3078,3008,107,70,107.00000,0.17610
534F4C31,40728,347299136,328,239,3075,3009,89,66,89.00000,0.16686
534F4C31,40728,347304137,308,201,3071,3009,107,62,107.00000,0.15761
534F4C31,40728,347309141,303,213,3075,3006,90,69,90.00000,0.17379
534F4C31,40728,347314135,316,223,3076,3008,93,68,93.00000,0.17148
534F4C31,40729,347319186,357,247,3074,3007,110,67,110.00000,0.16917
534F4C31,40730,347324150,318,204,3078,3009,114,69,114.00000,0.17379
534F4C31,40731,347329131,320,220,3086,3010,100,76,100.00000,0.18997
534F4C31,40731,347334147,342,196,3076,3011,146,65,146.00000,0.16455
534F4C31,40732,347339578,322,225,3074,3009,97,65,97.00000,0.16455
534F4C31,40733,347344151,275,190,3076,3011,85,65,85.00000,0.16455
534F4C31,40734,347349284,326,247,3073,3009,79,64,79.00000,0.16224
534F4C31,40734,347354151,300,222,3075,3008,78,67,78.00000,0.16917
534F4C31,40734,347359920,294,182,3076,3007,112,69,112.00000,0.17379
534F4C31,40735,347364272,319,216,3077,3010,103,67,103.00000,0.16917
534F4C31,40736,347369140,341,220,3075,3009,121,66,121.00000,0.16686
534F4C31,40737,347374154,287,184,3074,3008,103,66,103.00000,0.16686
534F4C31,40737,347380216,325,225,3078,3008,100,70,100.00000,0.17610
534F4C31,40737,347384637,341,237,3075,3009,104,66,104.00000,0.16686
534F4C31,40737,347389129,313,181,3075,3010,132,65,132.00000,0.16455
534F4C31,40738,347394146,323,211,3076,3010,112,66,112.00000,0.16686
534F4C31,40739,347399143,349,245,3074,3009,104,65,104.00000,0.16455
534F4C31,40740,347404169,334,188,3071,3009,146,62,146.00000,0.15761
534F4C31,40741,347409189,298,204,3077,3010,94,67,94.00000,0.16917
534F4C31,40742,347414299,317,195,3077,3007,122,70,122.00000,0.17610
534F4C31,40742,347419500,346,213,3071,3008,133,63,133.00000,0.15992
534F4C31,40742,347424152,312,206,3072,3008,106,64,106.00000,0.16224
534F4C31,40743,347429131,318,219,3079,3007,99,72,99.00000,0.18072
534F4C31,40743,347434614,357,269,3075,3011,88,64,88.00000,0.16224
534F4C31,40743,347439147,312,213,3072,3009,99,63,99.00000,0.15992
534F4C31,40743,347444149,318,215,3075,3009,103,66,103.00000,0.16686
534F4C31,40743,347449160,349,244,3075,3008,105,67,105.00000,0.16917
534F4C31,40744,347454181,319,237,3077,3011,82,66,82.00000,0.16686
534F4C31,40745,347459182,288,210,3077,3006,78,71,78.00000,0.17841
534F4C31,40746,347464281,287,278,3074,3007,9,67,9.00000,0.16917
534F4C31,40746,347469135,256,192,3070,3007,64,63,64.00000,0.15992
534F4C31,40747,347474199,253,220,3069,3008,33,61,33.00000,0.15530
534F4C31,40748,347479377,263,221,3074,3006,42,68,42.00000,0.17148
534F4C31,40749,347484169,286,242,3076,3008,44,68,44.00000,0.17148
534F4C31,40750,347489494,247,229,3073,3007,18,66,18.00000,0.16686
534F4C31,40751,347494151,225,188,3075,3007,37,68,37.00000,0.17148
534F4C31,40751,347499915,303,150,3077,3008,153,69,153.00000,0.17379
534F4C31,40752,347504145,307,172,3072,3011,135,61,135.00000,0.15530
534F4C31,40752,347509155,286,230,3077,3009,56,68,56.00000,0.17148
534F4C31,40752,347514143,261,193,3076,3007,68,69,68.00000,0.17379
534F4C31,40752,347519174,301,211,3072,3009,90,63,90.00000,0.15992
534F4C31,40752,347524134,315,206,3072,3009,109,63,109.00000,0.15992
534F4C31,40753,347529145,337,234,3075,3012,103,63,103.00000,0.15992
534F4C31,40754,347534141,357,246,3075,3007,111,68,111.00000,0.17148
534F4C31,40755,347539575,309,214,3076,3008,95,68,95.00000,0.17148
534F4C31,40756,347544533,281,168,3076,3009,113,67,113.00000,0.16917
534F4C31,40757,347549430,318,176,3076,3010,142,66,142.00000,0.16686
534F4C31,40758,347554949,331,171,3076,3011,160,65,160.00000,0.16455
534F4C31,40759,347560222,329,195,3079,3009,134,70,134.00000,0.17610
534F4C31,40759,347565501,331,225,3074,3007,106,67,106.00000,0.16917
534F4C31,40759,347569717,285,168,3073,3009,117,64,117.00000,0.16224
534F4C31,40760,347574161,299,186,3085,3007,113,78,113.00000,0.19459
534F4C31,40760,347579134,329,202,3076,3007,127,69,127.00000,0.17379
534F4C31,40760,347584489,349,262,3074,3010,87,64,87.00000,0.16224
534F4C31,40760,347589130,303,207,3070,3012,96,58,96.00000,0.14837
534F4C31,40760,347594145,312,220,3076,3009,92,67,92.00000,0.16917
534F4C31,40761,347599524,320,271,3076,3012,49,64,49.00000,0.16224
534F4C31,40762,347604699,282,198,3074,3010,84,64,84.00000,0.16224
534F4C31,40763,347609126,276,180,3076,3011,96,65,96.00000,0.16455
534F4C31,40763,347614145,318,219,3076,3009,99,67,99.00000,0.16917
534F4C31,40764,347619156,332,239,3072,3010,93,62,93.00000,0.15761
534F4C31,40765,347624139,292,214,3073,3008,78,65,78.00000,0.16455
534F4C31,40766,347630459,326,172,3074,3010,154,64,154.00000,0.16224
534F4C31,40767,347634637,302,156,3071,3007,146,64,146.00000,0.16224
534F4C31,40767,347640421,315,173,3073,3008,142,65,142.00000,0.16455
534F4C31,40767,347644134,280,171,3072,3010,109,62,109.00000,0.15761
534F4C31,40767,347649144,339,211,3075,3010,128,65,128.00000,0.16455
534F4C31,40768,347654139,344,214,3071,3007,130,64,130.00000,0.16224
534F4C31,40769,347659158,295,225,3077,3012,70,65,70.00000,0.16455
534F4C31,40770,347664704,304,205,3075,3008,99,67,99.00000,0.16917
534F4C31,40771,347669545,339,189,3076,3009,150,67,150.00000,0.16917
534F4C31,40771,347674142,323,180,3076,3008,143,68,143.00000,0.17148
534F4C31,40771,347679152,342,221,3078,3011,121,67,121.00000,0.16917
534F4C31,40772,347684161,362,251,3093,3010,111,83,111.00000,0.20615
534F4C31,40773,347689536,311,194,3091,3011,117,80,117.00000,0.19921
534F4C31,40774,347694694,307,203,3091,3008,104,83,104.00000,0.20615
534F4C31,40775,347699458,341,233,3090,3010,108,80,108.00000,0.19921
534F4C31,40775,347704716,340,239,3090,3012,101,78,101.00000,0.19459
534F4C31,40776,347709130,279,163,3091,3009,116,82,116.00000,0.20383
534F4C31,40777,347714163,287,264,3091,3009,23,82,23.00000,0.20383
534F4C31,40778,347719354,261,158,3091,3011,103,80,103.00000,0.19921
534F4C31,40778,347724939,301,181,3091,3012,120,79,120.00000,0.19690
534F4C31,40778,347729486,324,217,3092,3009,107,83,107.00000,0.20615
534F4C31,40778,347734127,344,235,3089,3006,109,83,109.00000,0.20615
534F4C31,40779,347739133,336,216,3094,3010,120,84,120.00000,0.20846
534F4C31,40780,347744173,315,181,3089,3009,134,80,134.00000,0.19921
534F4C31,40781,347750247,355,240,3090,3011,115,79,115.00000,0.19690
534F4C31,40781,347754883,285,140,3089,3008,145,81,145.00000,0.20152
534F4C31,40781,347759180,291,164,3089,3010,127,79,127.00000,0.19690
534F4C31,40781,347764161,335,218,3090,3010,117,80,117.00000,0.19921
534F4C31,40781,347769141,358,239,3090,3009,119,81,119.00000,0.20152
534F4C31,40782,347774170,336,223,3096,3008,113,88,113.00000,0.21770
534F4C31,40783,347779305,337,249,3092,3013,88,79,88.00000,0.19690
534F4C31,40784,347784426,344,250,3090,3006,94,84,94.00000,0.20846
534F4C31,40785,347789164,303,179,3091,3008,124,83,124.00000,0.20615
534F4C31,40785,347794488,302,196,3090,3009,106,81,106.00000,0.20152
534F4C31,40786,347799145,327,222,3090,3012,105,78,105.00000,0.19459
534F4C31,40787,347804134,325,140,3091,3010,185,81,185.00000,0.20152
534F4C31,40787,347809335,315,190,3090,3009,125,81,125.00000,0.20152
534F4C31,40787,347814355,331,222,3089,3011,109,78,109.00000,0.19459
534F4C31,40787,347819133,352,231,3090,3010,121,80,121.00000,0.19921
534F4C31,40787,347824138,339,219,3089,3009,120,80,120.00000,0.19921
534F4C31,40788,347829187,305,250,3092,3009,55,83,55.00000,0.20615
534F4C31,40789,347834170,277,225,3092,3009,52,83,52.00000,0.20615
534F4C31,40790,347839297,267,215,3090,3009,52,81,52.00000,0.20152
534F4C31,40790,347844130,262,160,3089,3011,102,78,102.00000,0.19459
534F4C31,40791,347849616,340,246,3089,3007,94,82,94.00000,0.20383
534F4C31,40792,347854593,310,203,3090,3011,107,79,107.00000,0.19690
534F4C31,40793,347859507,293,185,3098,3007,108,91,108.00000,0.22463
534F4C31,40793,347864436,325,225,3092,3009,100,83,100.00000,0.20615
534F4C31,40793,347869130,334,211,3089,3010,123,79,123.00000,0.19690
534F4C31,40794,347874389,336,217,3091,3013,119,78,119.00000,0.19459
534F4C31,40795,347879188,303,258,3091,3010,45,81,45.00000,0.20152
534F4C31,40796,347884138,272,245,3090,3009,27,81,27.00000,0.20152
534F4C31,40797,347889730,273,210,3088,3010,63,78,63.00000,0.19459
534F4C31,40798,347894745,301,236,3090,3010,65,80,65.00000,0.19921
534F4C31,40799,347899149,277,165,3092,3011,112,81,112.00000,0.20152
534F4C31,40799,347904669,320,219,3090,3010,101,80,101.00000,0.19921
534F4C31,40799,347909141,300,185,3091,3009,115,82,115.00000,0.20383
534F4C31,40799,347914134,337,232,3092,3011,105,81,105.00000,0.20152
534F4C31,40800,347919138,360,234,3090,3009,126,81,126.00000,0.20152
534F4C31,40800,347924154,330,180,3090,3011,150,79,150.00000,0.19690
534F4C31,40801,347929182,320,227,3094,3005,93,89,93.00000,0.22001
534F4C31,40802,347934793,324,206,3096,3011,118,85,118.00000,0.21077
534F4C31,40802,347939165,291,233,3089,3011,58,78,58.00000,0.19459
534F4C31,40802,347944214,219,161,3090,3011,58,79,58.00000,0.19690
534F4C31,40802,347949145,306,245,3091,3011,61,80,61.00000,0.19921
534F4C31,40802,347954153,303,211,3090,3013,92,77,92.00000,0.19228
534F4C31,40803,347959158,291,256,3090,3013,35,77,35.00000,0.19228
534F4C31,40804,347964147,234,207,3091,3012,27,79,27.00000,0.19690
534F4C31,40805,347969324,276,226,3091,3013,50,78,50.00000,0.19459
534F4C31,40806,347974147,235,195,3089,3012,40,77,40.00000,0.19228
534F4C31,40807,347979182,278,231,3090,3010,47,80,47.00000,0.19921
534F4C31,40807,347984142,289,218,3090,3010,71,80,71.00000,0.19921
534F4C31,40808,347989143,279,202,3092,3012,77,80,77.00000,0.19921
534F4C31,40808,347995642,339,260,3089,3011,79,78,79.00000,0.19459
534F4C31,40809,347999534,300,226,3091,3008,74,83,74.00000,0.20615
534F4C31,40810,348004778,311,187,3091,3009,124,82,124.00000,0.20383
534F4C31,40811,348009996,314,236,3092,3005,78,87,78.00000,0.21539
534F4C31,40811,348014297,282,184,3091,3011,98,80,98.00000,0.19921
534F4C31,40812,348019160,270,183,3089,3004,87,85,87.00000,0.21077
534F4C31,40812,348024803,234,122,3093,3008,112,85,112.00000,0.21077
534F4C31,40812,348029144,271,152,3102,3013,119,89,119.00000,0.22001
534F4C31,40812,348034135,339,227,3089,3012,112,77,112.00000,0.19228
534F4C31,40813,348039187,333,226,3091,3011,107,80,107.00000,0.19921
534F4C31,40814,348044151,303,251,3090,3010,52,80,52.00000,0.19921
534F4C31,40814,348049132,280,205,3091,3010,75,81,75.00000,0.20152
534F4C31,40815,348054159,288,239,3091,3009,49,82,49.00000,0.20383
534F4C31,40816,348059147,271,187,3090,3009,84,81,84.00000,0.20152
534F4C31,40817,348064163,293,243,3091,3008,50,83,50.00000,0.20615
534F4C31,40818,348069142,270,219,3090,3009,51,81,51.00000,0.20152
534F4C31,40819,348075846,281,155,3092,3010,126,82,126.00000,0.20383
534F4C31,40819,348080995,321,217,3091,3010,104,81,104.00000,0.20152
534F4C31,40819,348084136,261,199,3090,3010,62,80,62.00000,0.19921
534F4C31,40819,348089140,276,183,3091,3008,93,83,93.00000,0.20615
534F4C31,40820,348094155,302,206,3091,3011,96,80,96.00000,0.19921
534F4C31,40820,348099131,344,234,3091,3010,110,81,110.00000,0.20152
534F4C31,40821,348104170,282,252,3089,3010,30,79,30.00000,0.19690
534F4C31,40821,348110518,232,175,3090,3009,57,81,57.00000,0.20152
534F4C31,40821,348114231,277,187,3090,3009,90,81,90.00000,0.20152
534F4C31,40821,348119145,341,229,3089,3008,112,81,112.00000,0.20152
534F4C31,40822,348124148,330,217,3089,3009,113,80,113.00000,0.19921
534F4C31,40823,348129143,336,221,3092,3011,115,81,115.00000,0.20152
534F4C31,40824,348134898,366,232,3087,3011,134,76,134.00000,0.18997
534F4C31,40825,348139291,290,169,3088,3011,121,77,121.00000,0.19228
534F4C31,40826,348144160,298,198,3089,3010,100,79,100.00000,0.19690
534F4C31,40826,348149178,331,218,3090,3011,113,79,113.00000,0.19690
534F4C31,40827,348154338,341,226,3091,3009,115,82,115.00000,0.20383
534F4C31,40827,348159140,310,186,3090,3008,124,82,124.00000,0.20383
534F4C31,40827,348164441,338,238,3090,3010,100,80,100.00000,0.19921
534F4C31,40827,348169137,341,225,3089,3011,116,78,116.00000,0.19459
534F4C31,40828,348174191,312,225,3090,3011,87,79,87.00000,0.19690
534F4C31,40829,348179202,272,231,3092,3006,41,86,41.00000,0.21308
534F4C31,40829,348184295,280,206,3092,3010,74,82,74.00000,0.20383
534F4C31,40830,348189158,294,184,3090,3009,110,81,110.00000,0.20152
534F4C31,40830,348194188,310,209,3092,3009,101,83,101.00000,0.20615
534F4C31,40831,348200901,389,296,3091,3012,93,79,93.00000,0.19690
534F4C31,40832,348204683,284,186,3095,3006,98,89,98.00000,0.22001
534F4C31,40832,348209832,289,240,3090,3009,49,81,49.00000,0.20152
534F4C31,40832,348215118,283,207,3089,3010,76,79,76.00000,0.19690
534F4C31,40833,348219145,315,196,3090,3007,119,83,119.00000,0.20615
534F4C31,40833,348224130,296,161,3089,3008,135,81,135.00000,0.20152
534F4C31,40834,348229499,300,238,3091,3011,62,80,62.00000,0.19921
534F4C31,40834,348234143,286,213,3091,3010,73,81,73.00000,0.20152
534F4C31,40835,348239172,279,233,3090,3009,46,81,46.00000,0.20152
534F4C31,40836,348244160,249,221,3091,3008,28,83,28.00000,0.20615
534F4C31,40836,348249839,309,237,3091,3011,72,80,72.00000,0.19921
534F4C31,40837,348254624,290,206,3088,3009,84,79,84.00000,0.19690
534F4C31,40837,348259688,253,120,3088,3011,133,77,133.00000,0.19228
534F4C31,40838,348264303,312,209,3092,3011,103,81,103.00000,0.20152
534F4C31,40839,348269343,320,222,3091,3009,98,82,98.00000,0.20383
534F4C31,40839,348274145,275,145,3091,3008,130,83,130.00000,0.20615
534F4C31,40840,348279246,286,228,3093,3009,58,84,58.00000,0.20846
534F4C31,40841,348284635,314,201,3090,3010,113,80,113.00000,0.19921
534F4C31,40842,348289134,308,187,3090,3012,121,78,121.00000,0.19459
534F4C31,40843,348295458,319,141,3091,3010,178,81,178.00000,0.20152
534F4C31,40843,348300116,345,219,3092,3009,126,83,126.00000,0.20615
534F4C31,40843,348304132,298,153,3091,3009,145,82,145.00000,0.20383
534F4C31,40843,348309140,321,189,3090,3010,132,80,132.00000,0.19921
534F4C31,40843,348314145,349,231,3091,3007,118,84,118.00000,0.20846
534F4C31,40844,348319143,368,244,3090,3007,124,83,124.00000,0.20615
534F4C31,40845,348324156,309,180,3091,3011,129,80,129.00000,0.19921
534F4C31,40846,348329171,301,251,3089,3008,50,81,50.00000,0.20152
534F4C31,40846,348334734,274,189,3090,3009,85,81,85.00000,0.20152
534F4C31,40847,348339657,268,213,3089,3007,55,82,55.00000,0.20383
534F4C31,40847,348344139,241,144,3090,3008,97,82,97.00000,0.20383
534F4C31,40848,348349387,332,254,3090,3008,78,82,78.00000,0.20383
534F4C31,40849,348354650,308,222,3097,3005,86,92,86.00000,0.22694
534F4C31,40849,348359130,282,182,3091,3008,100,83,100.00000,0.20615
534F4C31,40850,348364328,331,232,3093,3010,99,83,99.00000,0.20615
534F4C31,40851,348369993,321,249,3089,3010,72,79,72.00000,0.19690
534F4C31,40851,348374518,229,158,3089,3011,71,78,71.00000,0.19459
534F4C31,40851,348379136,279,217,3091,3011,62,80,62.00000,0.19921
534F4C31,40851,348384147,319,235,3089,3007,84,82,84.00000,0.20383
534F4C31,40852,348389324,322,223,3091,3007,99,84,99.00000,0.20846
534F4C31,40853,348394185,293,232,3091,3004,61,87,61.00000,0.21539
534F4C31,40854,348399155,298,222,3091,3012,76,79,76.00000,0.19690
534F4C31,40855,348404353,285,266,3094,3003,19,91,19.00000,0.22463
534F4C31,40856,348411842,236,219,3090,3010,17,80,17.00000,0.19921
534F4C31,40856,348415807,259,202,3089,3008,57,81,57.00000,0.20152
534F4C31,40856,348419139,274,187,3090,3008,87,82,87.00000,0.20383
534F4C31,40857,348424174,301,186,3089,3004,115,85,115.00000,0.21077
534F4C31,40858,348429140,257,191,3089,3012,66,77,66.00000,0.19228
534F4C31,40859,348435035,310,208,3088,3010,102,78,102.00000,0.19459
534F4C31,40859,348439138,291,172,3088,3009,119,79,119.00000,0.19690
534F4C31,40859,348444158,306,199,3099,3008,107,91,107.00000,0.22463
534F4C31,40859,348449135,344,236,3089,3009,108,80,108.00000,0.19921
534F4C31,40860,348454172,344,230,3090,3009,114,81,114.00000,0.20152
534F4C31,40860,348459148,321,208,3088,3008,113,80,113.00000,0.19921
534F4C31,40861,348464182,336,274,3100,3006,62,94,62.00000,0.23157
534F4C31,40861,348469774,284,181,3094,3007,103,87,103.00000,0.21539
534F4C31,40862,348474170,282,153,3090,3011,129,79,129.00000,0.19690
534F4C31,40862,348479130,310,158,3091,3008,152,83,152.00000,0.20615
534F4C31,40862,348484142,355,222,3089,3008,133,81,133.00000,0.20152
534F4C31,40863,348489152,343,213,3089,3007,130,82,130.00000,0.20383
534F4C31,40864,348494175,322,214,3091,3010,108,81,108.00000,0.20152
534F4C31,40865,348499160,337,196,3093,3011,141,82,141.00000,0.20383
534F4C31,40866,348505018,357,231,3089,3012,126,77,126.00000,0.19228
534F4C31,40867,348509147,295,182,3092,3009,113,83,113.00000,0.20615
534F4C31,40867,348515077,339,226,3090,3008,113,82,113.00000,0.20383
534F4C31,40868,348519140,345,219,3096,3007,126,89,126.00000,0.22001
534F4C31,40869,348524943,342,214,3089,3008,128,81,128.00000,0.20152
534F4C31,40869,348529313,318,190,3089,3007,128,82,128.00000,0.20383
534F4C31,40870,348535036,367,220,3090,3009,147,81,147.00000,0.20152
534F4C31,40870,348539144,309,191,3089,3008,118,81,118.00000,0.20152
534F4C31,40871,348544145,267,177,3091,3010,90,81,90.00000,0.20152
534F4C31,40872,348549153,288,233,3092,3007,55,85,55.00000,0.21077
534F4C31,40873,348554471,286,177,3090,3009,109,81,109.00000,0.20152
534F4C31,40874,348560216,321,214,3092,3009,107,83,107.00000,0.20615
534F4C31,40875,348565166,326,219,3092,3009,107,83,107.00000,0.20615
534F4C31,40875,348570028,311,185,3091,3007,126,84,126.00000,0.20846
534F4C31,40875,348574130,278,163,3090,3011,115,79,115.00000,0.19690
534F4C31,40876,348579176,287,232,3092,3008,55,84,55.00000,0.20846
534F4C31,40877,348584477,298,236,3090,3007,62,83,62.00000,0.20615
534F4C31,40878,348589146,277,208,3088,3008,69,80,69.00000,0.19921
534F4C31,40879,348594143,284,226,3091,3007,58,84,58.00000,0.20846
534F4C31,40879,348599605,324,238,3090,3009,86,81,86.00000,0.20152
534F4C31,40879,348604616,329,216,3090,3009,113,81,113.00000,0.20152
534F4C31,40879,348609143,285,202,3088,3009,83,79,83.00000,0.19690
534F4C31,40879,348614134,309,220,3090,3010,89,80,89.00000,0.19921
534F4C31,40880,348619160,316,260,3088,3009,56,79,56.00000,0.19690
534F4C31,40880,348624128,239,181,3089,3007,58,82,58.00000,0.20383
534F4C31,40880,348629143,308,228,3090,3009,80,81,80.00000,0.20152
534F4C31,40881,348634139,347,253,3095,3007,94,88,94.00000,0.21770
534F4C31,40881,348639303,336,225,3090,3012,111,78,111.00000,0.19459
534F4C31,40882,348644142,312,220,3090,3011,92,79,92.00000,0.19690
534F4C31,40883,348649166,328,217,3091,3005,111,86,111.00000,0.21308
534F4C31,40884,348655783,359,201,3090,3011,158,79,158.00000,0.19690
534F4C31,40884,348660598,310,146,3091,3009,164,82,164.00000,0.20383
534F4C31,40885,348665434,342,210,3090,3009,132,81,132.00000,0.20152
534F4C31,40885,348669132,302,183,3089,3009,119,80,119.00000,0.19921
534F4C31,40886,348674528,313,180,3090,3007,133,83,133.00000,0.20615
534F4C31,40887,348679860,305,243,3091,3009,62,82,62.00000,0.20383
534F4C31,40887,348685773,322,231,3090,3009,91,81,91.00000,0.20152
534F4C31,40887,348689131,280,175,3089,3009,105,80,105.00000,0.19921
534F4C31,40887,348694175,299,214,3089,3009,85,80,85.00000,0.19921
534F4C31,40887,348699143,325,226,3088,3008,99,80,99.00000,0.19921
534F4C31,40888,348704469,312,245,3088,3009,67,79,67.00000,0.19690
534F4C31,40888,348709143,275,169,3090,3009,106,81,106.00000,0.20152
534F4C31,40889,348714145,323,195,3089,3011,128,78,128.00000,0.19459
534F4C31,40890,348719141,355,233,3090,3009,122,81,122.00000,0.20152
534F4C31,40891,348724148,276,180,3089,3010,96,79,96.00000,0.19690
534F4C31,40892,348729320,271,152,3090,3007,119,83,119.00000,0.20615
534F4C31,40892,348734626,335,182,3089,3007,153,82,153.00000,0.20383
534F4C31,40892,348739135,324,186,3089,3010,138,79,138.00000,0.19690
534F4C31,40892,348744142,321,200,3090,3008,121,82,121.00000,0.20383
534F4C31,40893,348749173,350,223,3102,3008,127,94,127.00000,0.23157
534F4C31,40894,348754756,318,169,3095,3008,149,87,149.00000,0.21539
534F4C31,40895,348760110,298,152,3091,3006,146,85,146.00000,0.21077
534F4C31,40896,348764150,301,195,3091,3012,106,79,106.00000,0.19690
534F4C31,40896,348770786,331,238,3089,3008,93,81,93.00000,0.20152
534F4C31,40896,348774245,255,153,3090,3008,102,82,102.00000,0.20383
534F4C31,40897,348779455,307,244,3090,3008,63,82,63.00000,0.20383
534F4C31,40898,348784644,301,254,3090,3012,47,78,47.00000,0.19459
534F4C31,40899,348789658,281,212,3088,3007,69,81,69.00000,0.20152
534F4C31,40899,348794263,265,201,3090,3010,64,80,64.00000,0.19921
534F4C31,40900,348799178,280,265,3091,3008,15,83,15.00000,0.20615
534F4C31,40901,348804800,257,178,3091,3011,79,80,79.00000,0.19921
534F4C31,40901,348810264,301,189,3090,3010,112,80,112.00000,0.19921
534F4C31,40901,348814473,316,216,3090,3010,100,80,100.00000,0.19921
534F4C31,40901,348819180,338,233,3090,3008,105,82,105.00000,0.20383
534F4C31,40901,348824156,327,217,3089,3009,110,80,110.00000,0.19921
534F4C31,40902,348829729,297,262,3091,3011,35,80,35.00000,0.19921
534F4C31,40903,348834133,263,210,3090,3010,53,80,53.00000,0.19921
534F4C31,40904,348839299,247,214,3089,3007,33,82,33.00000,0.20383
534F4C31,40905,348844139,235,167,3089,3012,68,77,68.00000,0.19228
534F4C31,40905,348849470,312,249,3090,3008,63,82,63.00000,0.20383
534F4C31,40906,348854145,309,209,3089,3008,100,81,100.00000,0.20152
534F4C31,40907,348859640,319,209,3092,3007,110,85,110.00000,0.21077
534F4C31,40908,348864155,294,217,3092,3011,77,81,77.00000,0.20152
534F4C31,40908,348869139,290,208,3089,3007,82,82,82.00000,0.20383
534F4C31,40908,348874136,281,191,3088,3010,90,78,90.00000,0.19459
534F4C31,40908,348879139,321,228,3090,3011,93,79,93.00000,0.19690
534F4C31,40909,348884135,351,247,3090,3011,104,79,104.00000,0.19690
534F4C31,40910,348889153,309,196,3091,3011,113,80,113.00000,0.19921
534F4C31,40911,348894263,298,224,3092,3005,74,87,74.00000,0.21539
534F4C31,40912,348899154,274,250,3090,3009,24,81,24.00000,0.20152
534F4C31,40912,348904129,248,182,3091,3011,66,80,66.00000,0.19921
534F4C31,40913,348909134,291,201,3088,3012,90,76,90.00000,0.18997
534F4C31,40913,348914167,331,241,3089,3009,90,80,90.00000,0.19921
534F4C31,40914,348919148,353,246,3090,3009,107,81,107.00000,0.20152
534F4C31,40915,348924146,326,218,3089,3008,108,81,108.00000,0.20152
534F4C31,40915,348930065,360,252,3089,3008,108,81,108.00000,0.20152
534F4C31,40916,348934360,340,252,3090,3010,88,80,88.00000,0.19921
534F4C31,40916,348939169,310,206,3091,3010,104,81,104.00000,0.20152
534F4C31,40916,348944164,293,227,3091,3009,66,82,66.00000,0.20383
534F4C31,40917,348949150,312,225,3088,3008,87,80,87.00000,0.19921
534F4C31,40917,348954144,322,185,3090,3008,137,82,137.00000,0.20383
534F4C31,40917,348959167,319,199,3089,3007,120,82,120.00000,0.20383
534F4C31,40917,348964144,337,232,3089,3007,105,82,105.00000,0.20383
534F4C31,40918,348969154,363,254,3098,3011,109,87,109.00000,0.21539
534F4C31,40919,348974185,310,222,3091,3008,88,83,88.00000,0.20615
534F4C31,40920,348979641,319,269,3091,3009,50,82,50.00000,0.20383
534F4C31,40921,348984144,257,206,3092,3009,51,83,51.00000,0.20615
534F4C31,40922,348989157,294,182,3090,3014,112,76,112.00000,0.18997
534F4C31,40922,348994891,313,181,3090,3011,132,79,132.00000,0.19690
534F4C31,40922,348999153,324,208,3090,3006,116,84,116.00000,0.20846
534F4C31,40923,349004172,282,248,3087,3011,34,76,34.00000,0.18997
534F4C31,40924,349009138,220,180,3090,3009,40,81,40.00000,0.20152
534F4C31,40925,349014150,266,226,3088,3009,40,79,40.00000,0.19690
534F4C31,40925,349019712,319,220,3091,3010,99,81,99.00000,0.20152
534F4C31,40926,349024176,279,202,3089,3009,77,80,77.00000,0.19921
534F4C31,40926,349029372,293,187,3089,3009,106,80,106.00000,0.19921
534F4C31,40926,349034180,298,263,3092,3010,35,82,35.00000,0.20383
534F4C31,40926,349039131,257,183,3090,3009,74,81,74.00000,0.20152
534F4C31,40927,349044179,287,223,3091,3009,64,82,64.00000,0.20383
534F4C31,40928,349049197,290,199,3090,3009,91,81,91.00000,0.20152
534F4C31,40929,349054158,306,195,3088,3008,111,80,111.00000,0.19921
534F4C31,40929,349059147,296,166,3090,3007,130,83,130.00000,0.20615
534F4C31,40929,349064311,332,219,3090,3009,113,81,113.00000,0.20152
534F4C31,40930,349069381,357,223,3090,3011,134,79,134.00000,0.19690
534F4C31,40931,349074183,317,218,3092,3007,99,85,99.00000,0.21077
534F4C31,40932,349079593,279,257,3090,3009,22,81,22.00000,0.20152
534F4C31,40932,349084145,237,192,3090,3009,45,81,45.00000,0.20152
534F4C31,40933,349089182,298,213,3090,3009,85,81,85.00000,0.20152
534F4C31,40934,349094163,287,259,3090,3010,28,80,28.00000,0.19921
534F4C31,40935,349099134,266,203,3089,3010,63,79,63.00000,0.19690
534F4C31,40936,349104874,308,158,3089,3008,150,81,150.00000,0.20152
534F4C31,40937,349109207,268,133,3100,3010,135,90,135.00000,0.22232
534F4C31,40937,349115119,323,172,3089,3010,151,79,151.00000,0.19690
534F4C31,40937,349119138,326,186,3090,3009,140,81,140.00000,0.20152
534F4C31,40937,349124147,324,203,3089,3008,121,81,121.00000,0.20152
534F4C31,40937,349129161,330,224,3089,3010,106,79,106.00000,0.19690
534F4C31,40938,349134178,330,265,3093,3008,65,85,65.00000,0.21077
534F4C31,40939,349139134,283,181,3091,3009,102,82,102.00000,0.20383
534F4C31,40940,349144144,272,217,3090,3009,55,81,55.00000,0.20152
534F4C31,40941,349150384,321,167,3090,3008,154,82,154.00000,0.20383
534F4C31,40941,349154134,311,157,3089,3010,154,79,154.00000,0.19690
534F4C31,40942,349159619,323,202,3099,3009,121,90,121.00000,0.22232
534F4C31,40943,349164760,330,202,3091,3008,128,83,128.00000,0.20615
534F4C31,40943,349169137,305,183,3091,3010,122,81,122.00000,0.20152
534F4C31,40943,349174153,298,176,3090,3011,122,79,122.00000,0.19690
534F4C31,40944,349179160,318,238,3092,3013,80,79,80.00000,0.19690
534F4C31,40945,349184157,329,243,3091,3012,86,79,86.00000,0.19690
534F4C31,40945,349189457,298,169,3090,3007,129,83,129.00000,0.20615
534F4C31,40945,349194143,299,182,3091,3008,117,83,117.00000,0.20615
534F4C31,40945,349199148,336,202,3091,3011,134,80,134.00000,0.19921
534F4C31,40945,349204149,322,225,3089,3009,97,80,97.00000,0.19921
534F4C31,40946,349209401,297,203,3089,3008,94,81,94.00000,0.20152
534F4C31,40947,349214139,321,222,3092,3010,99,82,99.00000,0.20383
534F4C31,40947,349219757,369,246,3091,3010,123,81,123.00000,0.20152
534F4C31,40947,349224518,334,220,3090,3010,114,80,114.00000,0.19921
534F4C31,40948,349229128,323,217,3091,3009,106,82,106.00000,0.20383
534F4C31,40949,349234132,335,218,3089,3010,117,79,117.00000,0.19690
534F4C31,40950,349239451,273,226,3090,3008,47,82,47.00000,0.20383
534F4C31,40950,349244145,215,155,3090,3010,60,80,60.00000,0.19921
534F4C31,40951,349249498,315,235,3089,3010,80,79,80.00000,0.19690
534F4C31,40952,349254154,272,182,3089,3009,90,80,90.00000,0.19921
534F4C31,40953,349259147,261,147,3092,3008,114,84,114.00000,0.20846
534F4C31,40953,349264145,320,212,3090,3009,108,81,108.00000,0.20152
534F4C31,40953,349269174,354,247,3089,3008,107,81,107.00000,0.20152
534F4C31,40953,349274139,327,221,3089,3009,106,80,106.00000,0.19921
534F4C31,40954,349279138,332,230,3090,3009,102,81,102.00000,0.20152
534F4C31,40955,349284157,326,204,3091,3011,122,80,122.00000,0.19921
534F4C31,40956,349289387,301,211,3089,3010,90,79,90.00000,0.19690
534F4C31,40957,349294155,237,148,3092,3009,89,83,89.00000,0.20615
534F4C31,40957,349299142,296,209,3092,3007,87,85,87.00000,0.21077
534F4C31,40957,349304137,294,195,3091,3009,99,82,99.00000,0.20383
534F4C31,40958,349309179,300,215,3090,3010,85,80,85.00000,0.19921
534F4C31,40959,349314138,299,206,3091,3007,93,84,93.00000,0.20846
534F4C31,40959,349319479,347,213,3089,3008,134,81,134.00000,0.20152
534F4C31,40959,349324566,328,201,3089,3009,127,80,127.00000,0.19921
534F4C31,40960,349329284,305,231,3090,3011,74,79,74.00000,0.19690
534F4C31,40961,349334151,285,232,3090,3009,53,81,53.00000,0.20152
534F4C31,40962,349339169,278,221,3090,3010,57,80,57.00000,0.19921
534F4C31,40962,349344134,238,160,3089,3007,78,82,78.00000,0.20383
534F4C31,40962,349349147,320,222,3089,3010,98,79,98.00000,0.19690
534F4C31,40963,349354147,340,224,3088,3008,116,80,116.00000,0.19921
534F4C31,40964,349359151,323,207,3088,3008,116,80,116.00000,0.19921
534F4C31,40965,349364380,340,204,3090,3007,136,83,136.00000,0.20615
534F4C31,40966,349369557,317,243,3089,3009,74,80,74.00000,0.19921
534F4C31,40966,349374134,271,183,3090,3008,88,82,88.00000,0.20383
534F4C31,40967,349379157,315,223,3092,3008,92,84,92.00000,0.20846
534F4C31,40967,349384138,344,228,3090,3008,116,82,116.00000,0.20383
534F4C31,40968,349389172,320,225,3088,3008,95,80,95.00000,0.19921
534F4C31,40968,349394137,251,136,3090,3008,115,82,115.00000,0.20383
534F4C31,40968,349399178,328,218,3090,3007,110,83,110.00000,0.20615
534F4C31,40969,349404162,341,222,3088,3010,119,78,119.00000,0.19459
534F4C31,40969,349409172,322,212,3091,3009,110,82,110.00000,0.20383
534F4C31,40970,349414164,284,249,3090,3011,35,79,35.00000,0.19690
534F4C31,40971,349419232,264,187,3090,3006,77,84,77.00000,0.20846
534F4C31,40972,349424148,279,177,3089,3009,102,80,102.00000,0.19921
534F4C31,40973,349429612,329,251,3099,3007,78,92,78.00000,0.22694
534F4C31,40973,349434410,296,216,3098,3007,80,91,80.00000,0.22463
534F4C31,40974,349439148,294,195,3089,3009,99,80,99.00000,0.19921
534F4C31,40975,349444682,305,158,3090,3009,147,81,147.00000,0.20152
534F4C31,40975,349449338,339,207,3090,3010,132,80,132.00000,0.19921
534F4C31,40976,349454249,341,222,3091,3009,119,82,119.00000,0.20383
534F4C31,40976,349459130,299,169,3091,3006,130,85,130.00000,0.21077
534F4C31,40977,349464216,338,214,3089,3006,124,83,124.00000,0.20615
534F4C31,40978,349469389,354,194,3088,3007,160,81,160.00000,0.20152
534F4C31,40979,349474165,301,236,3090,3009,65,81,65.00000,0.20152
534F4C31,40979,349479768,229,182,3100,3005,47,95,47.00000,0.23388
534F4C31,40979,349484258,299,228,3091,3007,71,84,71.00000,0.20846
534F4C31,40979,349489134,304,210,3090,3007,94,83,94.00000,0.20615
534F4C31,40980,349494138,304,232,3093,3012,72,81,72.00000,0.20152
534F4C31,40981,349499144,288,209,3091,3009,79,82,79.00000,0.20383
534F4C31,40982,349504642,310,219,3095,3006,91,89,91.00000,0.22001
534F4C31,40983,349509556,271,182,3090,3010,89,80,89.00000,0.19921
534F4C31,40983,349515555,337,191,3089,3007,146,82,146.00000,0.20383
534F4C31,40983,349519131,332,196,3087,3008,136,79,136.00000,0.19690
534F4C31,40984,349524178,281,204,3088,3007,77,81,77.00000,0.20152
534F4C31,40984,349529153,274,196,3088,3007,78,81,78.00000,0.20152
534F4C31,40984,349534136,331,228,3090,3008,103,82,103.00000,0.20383
534F4C31,40984,349539140,332,220,3089,3008,112,81,112.00000,0.20152
534F4C31,40985,349544155,322,208,3090,3009,114,81,114.00000,0.20152
534F4C31,40986,349549747,360,277,3089,3009,83,80,83.00000,0.19921
534F4C31,40987,349554611,303,205,3089,3008,98,81,98.00000,0.20152
534F4C31,40988,349559617,303,189,3089,3008,114,81,114.00000,0.20152
534F4C31,40988,349564145,321,232,3089,3011,89,78,89.00000,0.19459
534F4C31,40989,349569782,331,240,3088,3009,91,79,91.00000,0.19690
534F4C31,40990,349574141,293,209,3090,3008,84,82,84.00000,0.20383
534F4C31,40990,349579126,293,205,3093,3005,88,88,88.00000,0.21770
534F4C31,40991,349584174,338,241,3089,3010,97,79,97.00000,0.19690
534F4C31,40991,349589585,325,181,3089,3010,144,79,144.00000,0.19690
534F4C31,40992,349594160,273,169,3089,3007,104,82,104.00000,0.20383
534F4C31,40993,349599171,290,221,3090,3009,69,81,69.00000,0.20152
534F4C31,40993,349604771,301,197,3099,3006,104,93,104.00000,0.22926
534F4C31,40993,349609133,285,177,3098,3006,108,92,108.00000,0.22694
534F4C31,40993,349614169,310,209,3089,3010,101,79,101.00000,0.19690
534F4C31,40994,349619142,326,246,3089,3007,80,82,80.00000,0.20383
534F4C31,40994,349624843,302,181,3089,3009,121,80,121.00000,0.19921
534F4C31,40995,349629138,294,182,3090,3008,112,82,112.00000,0.20383
534F4C31,40995,349634908,360,257,3089,3007,103,82,103.00000,0.20383
534F4C31,40996,349639149,297,245,3092,3006,52,86,52.00000,0.21308
534F4C31,40996,349645190,242,182,3089,3008,60,81,60.00000,0.20152
534F4C31,40997,349649169,265,224,3104,3006,41,98,41.00000,0.24081
534F4C31,40998,349655556,301,190,3102,3009,111,93,111.00000,0.22926
534F4C31,40999,349659395,270,177,3102,3008,93,94,93.00000,0.23157
534F4C31,41000,349664956,327,226,3102,3004,101,98,101.00000,0.24081
534F4C31,41001,349670114,346,186,3103,3005,160,98,160.00000,0.24081
534F4C31,41001,349675590,328,136,3102,3008,192,94,192.00000,0.23157
534F4C31,41001,349679640,319,148,3102,3007,171,95,171.00000,0.23388
534F4C31,41001,349684152,346,207,3102,3007,139,95,139.00000,0.23388
534F4C31,41001,349689143,340,211,3103,3010,129,93,129.00000,0.22926
534F4C31,41002,349694152,327,208,3104,3012,119,92,119.00000,0.22694
534F4C31,41003,349699169,354,235,3103,3007,119,96,119.00000,0.23619
534F4C31,41004,349704637,331,232,3101,3008,99,93,99.00000,0.22926
534F4C31,41004,349709131,293,173,3101,3008,120,93,120.00000,0.22926
534F4C31,41005,349714167,330,251,3102,3007,79,95,79.00000,0.23388
534F4C31,41006,349719685,291,175,3100,3008,116,92,116.00000,0.22694
534F4C31,41006,349724855,307,207,3101,3009,100,92,100.00000,0.22694
534F4C31,41006,349729131,280,221,3101,3008,59,93,59.00000,0.22926
534F4C31,41006,349734139,305,227,3100,3009,78,91,78.00000,0.22463
534F4C31,41007,349739141,319,208,3102,3008,111,94,111.00000,0.23157
534F4C31,41008,349744145,304,218,3104,3009,86,95,86.00000,0.23388
534F4C31,41009,349749546,314,218,3104,3011,96,93,96.00000,0.22926
534F4C31,41009,349754136,334,214,3101,3006,120,95,120.00000,0.23388
534F4C31,41010,349759310,284,227,3101,3009,57,92,57.00000,0.22694
534F4C31,41010,349764148,271,180,3103,3008,91,95,91.00000,0.23388
534F4C31,41011,349769845,306,245,3101,3006,61,95,61.00000,0.23388
534F4C31,41012,349774733,251,174,3101,3007,77,94,77.00000,0.23157
534F4C31,41013,349779795,278,195,3101,3009,83,92,83.00000,0.22694
534F4C31,41013,349784288,290,196,3103,3007,94,96,94.00000,0.23619
534F4C31,41013,349789131,300,173,3101,3006,127,95,127.00000,0.23388
534F4C31,41014,349794857,330,219,3109,3005,111,104,111.00000,0.25468
534F4C31,41015,349799581,327,233,3102,3009,94,93,94.00000,0.22926
534F4C31,41015,349805267,315,210,3101,3009,105,92,105.00000,0.22694
534F4C31,41015,349809132,295,183,3100,3007,112,93,112.00000,0.22926
534F4C31,41016,349814184,333,235,3102,3008,98,94,98.00000,0.23157
534F4C31,41017,349819139,354,252,3105,3005,102,100,102.00000,0.24543
534F4C31,41018,349824796,313,222,3101,3006,91,95,91.00000,0.23388
534F4C31,41018,349829128,287,195,3101,3008,92,93,92.00000,0.22926
534F4C31,41018,349834136,338,199,3101,3007,139,94,139.00000,0.23157
534F4C31,41019,349839222,323,223,3101,3006,100,95,100.00000,0.23388
534F4C31,41020,349844146,282,217,3100,3008,65,92,65.00000,0.22694
534F4C31,41021,349849159,260,284,3103,3006,-24,97,-24.00000,0.23850
534F4C31,41022,349855467,225,187,3100,3004,38,96,38.00000,0.23619
534F4C31,41022,349859934,249,160,3101,3006,89,95,89.00000,0.23388
534F4C31,41023,349864134,291,199,3103,3009,92,94,92.00000,0.23157
534F4C31,41024,349870440,369,265,3103,3009,104,94,104.00000,0.23157
534F4C31,41025,349874874,298,202,3103,3008,96,95,96.00000,0.23388
534F4C31,41026,349879130,290,212,3102,3007,78,95,78.00000,0.23388
534F4C31,41026,349884371,320,203,3103,3008,117,95,117.00000,0.23388
534F4C31,41026,349889158,310,214,3106,3007,96,99,96.00000,0.24312
534F4C31,41026,349894136,293,215,3101,3011,78,90,78.00000,0.22232
534F4C31,41026,349899155,312,220,3101,3007,92,94,92.00000,0.23157
534F4C31,41026,349904150,343,227,3100,3008,116,92,116.00000,0.22694
534F4C31,41026,349909157,334,216,3100,3008,118,92,118.00000,0.22694
534F4C31,41027,349914177,335,257,3103,3011,78,92,78.00000,0.22694
534F4C31,41028,349919170,336,251,3102,3007,85,95,85.00000,0.23388
534F4C31,41029,349924981,337,244,3101,3010,93,91,93.00000,0.22463
534F4C31,41030,349929130,289,202,3101,3009,87,92,87.00000,0.22694
534F4C31,41031,349934144,338,265,3101,3009,73,92,73.00000,0.22694
534F4C31,41032,349939133,269,167,3101,3009,102,92,102.00000,0.22694
534F4C31,41032,349944174,269,127,3101,3008,142,93,142.00000,0.22926
534F4C31,41033,349949192,335,219,3103,3006,116,97,116.00000,0.23850
534F4C31,41034,349954223,333,175,3104,3007,158,97,158.00000,0.23850
534F4C31,41034,349959418,303,168,3102,3009,135,93,135.00000,0.22926
534F4C31,41034,349964145,317,200,3106,3006,117,100,117.00000,0.24543
534F4C31,41035,349969159,349,227,3103,3008,122,95,122.00000,0.23388
534F4C31,41035,349974130,289,159,3100,3009,130,91,130.00000,0.22463
534F4C31,41036,349979190,337,220,3101,3006,117,95,117.00000,0.23388
534F4C31,41037,349984138,319,172,3100,3007,147,93,147.00000,0.22926
534F4C31,41037,349989154,318,165,3100,3007,153,93,153.00000,0.22926
534F4C31,41037,349994179,301,180,3102,3006,121,96,121.00000,0.23619
534F4C31,41038,349999156,339,224,3101,3008,115,93,115.00000,0.22926
534F4C31,41039,350004571,352,225,3100,3011,127,89,127.00000,0.22001
534F4C31,41040,350009585,316,177,3109,3007,139,102,139.00000,0.25005
534F4C31,41041,350014487,274,207,3105,3004,67,101,67.00000,0.24774
534F4C31,41041,350019145,262,195,3102,3010,67,92,67.00000,0.22694
534F4C31,41042,350024152,293,204,3100,3007,89,93,89.00000,0.22926
534F4C31,41043,350029840,341,243,3102,3007,98,95,98.00000,0.23388
534F4C31,41043,350034144,336,229,3102,3008,107,94,107.00000,0.23157
534F4C31,41044,350039188,309,257,3101,3009,52,92,52.00000,0.22694
534F4C31,41044,350045061,278,212,3102,3006,66,96,66.00000,0.23619
534F4C31,41044,350049132,291,227,3103,3006,64,97,64.00000,0.23850
534F4C31,41044,350054130,310,219,3102,3008,91,94,91.00000,0.23157
534F4C31,41045,350059145,315,214,3104,3009,101,95,101.00000,0.23388
534F4C31,41046,350064150,338,218,3105,3011,120,94,120.00000,0.23157
534F4C31,41047,350070161,368,232,3102,3006,136,96,136.00000,0.23619
534F4C31,41048,350074986,313,166,3100,3007,147,93,147.00000,0.22926
534F4C31,41049,350079586,326,200,3101,3010,126,91,126.00000,0.22463
534F4C31,41049,350084368,309,218,3101,3010,91,91,91.00000,0.22463
534F4C31,41050,350089135,279,182,3104,3009,97,95,97.00000,0.23388
534F4C31,41050,350094597,305,167,3103,3011,138,92,138.00000,0.22694
534F4C31,41050,350099177,335,216,3103,3011,119,92,119.00000,0.22694
534F4C31,41050,350104143,350,224,3103,3009,126,94,126.00000,0.23157
534F4C31,41051,350109149,331,217,3105,3010,114,95,114.00000,0.23388
534F4C31,41052,350114146,338,259,3104,3008,79,96,79.00000,0.23619
534F4C31,41053,350119404,325,243,3103,3008,82,95,82.00000,0.23388
534F4C31,41054,350124610,283,190,3100,3008,93,92,93.00000,0.22694
534F4C31,41055,350129247,305,209,3102,3009,96,93,96.00000,0.22926
534F4C31,41056,350134134,320,199,3102,3008,121,94,121.00000,0.23157
534F4C31,41056,350139127,315,171,3102,3007,144,95,144.00000,0.23388
534F4C31,41056,350144181,299,243,3102,3010,56,92,56.00000,0.22694
534F4C31,41056,350149131,271,192,3101,3007,79,94,79.00000,0.23157
534F4C31,41056,350154150,330,226,3100,3008,104,92,104.00000,0.22694
534F4C31,41057,350159137,326,218,3102,3009,108,93,108.00000,0.22926
534F4C31,41058,350164151,342,217,3106,3010,125,96,125.00000,0.23619
534F4C31,41059,350169151,329,233,3100,3007,96,93,96.00000,0.22926
534F4C31,41059,350174357,256,152,3102,3009,104,93,104.00000,0.22926
534F4C31,41059,350179149,303,205,3102,3010,98,92,98.00000,0.22694
534F4C31,41060,350184150,347,239,3102,3011,108,91,108.00000,0.22463
534F4C31,41061,350189138,335,220,3103,3010,115,93,115.00000,0.22926
534F4C31,41062,350195253,348,229,3102,3010,119,92,119.00000,0.22694
534F4C31,41062,350199193,318,220,3102,3008,98,94,98.00000,0.23157
534F4C31,41062,350204165,318,213,3100,3008,105,92,105.00000,0.22694
534F4C31,41063,350209158,317,208,3102,3009,109,93,109.00000,0.22926
534F4C31,41064,350214169,316,262,3104,3008,54,96,54.00000,0.23619
534F4C31,41065,350219398,268,214,3101,3009,54,92,54.00000,0.22694
534F4C31,41066,350224563,250,144,3099,3009,106,90,106.00000,0.22232
534F4C31,41066,350229145,291,193,3102,3009,98,93,98.00000,0.22926
534F4C31,41066,350234380,350,248,3103,3011,102,92,102.00000,0.22694
534F4C31,41067,350239171,330,225,3102,3009,105,93,105.00000,0.22926
534F4C31,41068,350244336,303,219,3100,3008,84,92,84.00000,0.22694
534F4C31,41068,350249728,305,267,3102,3009,38,93,38.00000,0.22926
534F4C31,41069,350254345,263,183,3105,3009,80,96,80.00000,0.23619
534F4C31,41070,350259343,288,183,3101,3009,105,92,105.00000,0.22694
534F4C31,41070,350264159,322,213,3111,3007,109,104,109.00000,0.25468
534F4C31,41071,350269187,340,244,3101,3011,96,90,96.00000,0.22232
534F4C31,41072,350274144,294,195,3110,3009,99,101,99.00000,0.24774
534F4C31,41073,350279640,311,211,3103,3011,100,92,100.00000,0.22694
534F4C31,41074,350284663,325,157,3104,3010,168,94,168.00000,0.23157
534F4C31,41075,350289192,252,231,3100,3009,21,91,21.00000,0.22463
534F4C31,41076,350296553,263,221,3103,3011,42,92,42.00000,0.22694
534F4C31,41076,350300280,267,180,3100,3007,87,93,87.00000,0.22926
534F4C31,41076,350304166,269,202,3102,3008,67,94,67.00000,0.23157
534F4C31,41076,350309140,248,158,3101,3009,90,92,90.00000,0.22694
534F4C31,41076,350314177,316,226,3103,3010,90,93,90.00000,0.22926
534F4C31,41076,350319154,349,252,3103,3008,97,95,97.00000,0.23388
534F4C31,41076,350324161,333,229,3100,3008,104,92,104.00000,0.22694
534F4C31,41077,350329135,329,229,3103,3008,100,95,100.00000,0.23388
534F4C31,41078,350334152,349,243,3101,3012,106,89,106.00000,0.22001
534F4C31,41079,350339545,329,203,3103,3008,126,95,126.00000,0.23388
534F4C31,41080,350344593,264,127,3104,3006,137,98,137.00000,0.24081
534F4C31,41081,350349181,295,251,3103,3008,44,95,44.00000,0.23388
534F4C31,41081,350355028,280,210,3101,3009,70,92,70.00000,0.22694
534F4C31,41082,350359135,280,189,3103,3005,91,98,91.00000,0.24081
534F4C31,41083,350364692,336,235,3101,3009,101,92,101.00000,0.22694
534F4C31,41084,350369139,311,173,3102,3006,138,96,138.00000,0.23619
534F4C31,41084,350375365,317,153,3102,3009,164,93,164.00000,0.22926
534F4C31,41084,350379274,294,177,3102,3008,117,94,117.00000,0.23157
534F4C31,41084,350384137,335,226,3101,3010,109,91,109.00000,0.22463
534F4C31,41084,350389136,336,224,3100,3006,112,94,112.00000,0.23157
534F4C31,41085,350394154,312,232,3103,3007,80,96,80.00000,0.23619
534F4C31,41086,350399417,305,225,3103,3012,80,91,80.00000,0.22463
534F4C31,41087,350404185,319,217,3102,3009,102,93,102.00000,0.22926
534F4C31,41088,350409141,309,183,3111,3007,126,104,126.00000,0.25468
534F4C31,41088,350414128,329,172,3103,3009,157,94,157.00000,0.23157
534F4C31,41088,350419138,358,199,3100,3008,159,92,159.00000,0.22694
534F4C31,41089,350424169,332,216,3100,3009,116,91,116.00000,0.22463
534F4C31,41090,350429348,306,215,3104,3009,91,95,91.00000,0.23388
534F4C31,41091,350434695,336,219,3109,3008,117,101,117.00000,0.24774
534F4C31,41092,350440397,332,185,3101,3007,147,94,147.00000,0.23157
534F4C31,41092,350444128,271,144,3101,3009,127,92,127.00000,0.22694
534F4C31,41093,350449643,307,227,3106,3009,80,97,80.00000,0.23850
534F4C31,41094,350455672,313,153,3102,3004,160,98,160.00000,0.24081
534F4C31,41094,350459128,258,161,3101,3007,97,94,97.00000,0.23157
534F4C31,41095,350464140,297,200,3102,3008,97,94,97.00000,0.23157
534F4C31,41096,350469146,313,252,3100,3008,61,92,61.00000,0.22694
534F4C31,41097,350474579,300,216,3101,3008,84,93,84.00000,0.22926
534F4C31,41097,350479133,301,206,3103,3009,95,94,95.00000,0.23157
534F4C31,41097,350484128,340,213,3101,3008,127,93,127.00000,0.22926
534F4C31,41097,350489534,339,208,3101,3008,131,93,131.00000,0.22926
534F4C31,41097,350494138,307,185,3102,3010,122,92,122.00000,0.22694
534F4C31,41097,350499139,342,234,3102,3007,108,95,108.00000,0.23388
534F4C31,41098,350504355,298,251,3102,3010,47,92,47.00000,0.22694
534F4C31,41099,350509351,258,192,3103,3009,66,94,66.00000,0.23157
534F4C31,41100,350514130,303,212,3101,3008,91,93,91.00000,0.22926
534F4C31,41101,350519141,347,209,3102,3008,138,94,138.00000,0.23157
534F4C31,41102,350524434,325,219,3101,3008,106,93,106.00000,0.22926
534F4C31,41103,350531012,352,257,3103,3010,95,93,95.00000,0.22926
534F4C31,41103,350534728,313,182,3102,3008,131,94,131.00000,0.23157
534F4C31,41104,350540023,309,220,3101,3011,89,90,89.00000,0.22232
534F4C31,41105,350544138,233,152,3103,3009,81,94,81.00000,0.23157
534F4C31,41106,350549151,280,232,3104,3008,48,96,48.00000,0.23619
534F4C31,41106,350554145,264,216,3102,3010,48,92,48.00000,0.22694
534F4C31,41106,350560499,300,218,3102,3007,82,95,82.00000,0.23388
534F4C31,41107,350564153,306,211,3104,3006,95,98,95.00000,0.24081
534F4C31,41107,350569283,337,241,3103,3008,96,95,96.00000,0.23388
534F4C31,41107,350574153,311,214,3101,3008,97,93,97.00000,0.22926
534F4C31,41107,350579140,295,244,3104,3006,51,98,51.00000,0.24081
534F4C31,41108,350584182,287,247,3103,3006,40,97,40.00000,0.23850
534F4C31,41109,350589138,279,187,3101,3011,92,90,92.00000,0.22232
534F4C31,41110,350594232,295,205,3101,3009,90,92,90.00000,0.22694
534F4C31,41111,350599129,321,225,3102,3008,96,94,96.00000,0.23157
534F4C31,41111,350604242,329,180,3101,3008,149,93,149.00000,0.22926
534F4C31,41111,350609166,308,191,3102,3008,117,94,117.00000,0.23157
534F4C31,41112,350614151,335,222,3103,3010,113,93,113.00000,0.22926
534F4C31,41112,350619159,362,246,3103,3011,116,92,116.00000,0.22694
534F4C31,41112,350624141,333,202,3100,3011,131,89,131.00000,0.22001
534F4C31,41113,350629382,327,250,3102,3010,77,92,77.00000,0.22694
534F4C31,41114,350634144,299,221,3101,3007,78,94,78.00000,0.23157
534F4C31,41114,350639683,294,223,3100,3008,71,92,71.00000,0.22694
534F4C31,41114,350644263,239,134,3101,3006,105,95,105.00000,0.23388
534F4C31,41115,350649175,320,219,3103,3010,101,93,101.00000,0.22926
534F4C31,41116,350654174,341,241,3101,3003,100,98,100.00000,0.24081
534F4C31,41117,350659360,291,165,3109,3006,126,103,126.00000,0.25237
534F4C31,41117,350664491,333,221,3101,3009,112,92,112.00000,0.22694
534F4C31,41118,350669150,317,249,3104,3010,68,94,68.00000,0.23157
534F4C31,41118,350674137,289,205,3100,3005,84,95,84.00000,0.23388
534F4C31,41119,350679146,306,208,3101,3010,98,91,98.00000,0.22463
534F4C31,41120,350684144,328,214,3102,3011,114,91,114.00000,0.22463
534F4C31,41121,350689159,306,184,3101,3007,122,94,122.00000,0.23157
534F4C31,41122,350694141,291,205,3102,3009,86,93,86.00000,0.22926
534F4C31,41123,350699154,288,173,3101,3009,115,92,115.00000,0.22694
534F4C31,41123,350704177,329,216,3102,3010,113,92,113.00000,0.22694
534F4C31,41123,350709145,322,205,3101,3011,117,90,117.00000,0.22232
534F4C31,41124,350714186,333,271,3103,3010,62,93,62.00000,0.22926
534F4C31,41124,350719130,280,203,3102,3009,77,93,77.00000,0.22926
534F4C31,41124,350724150,313,213,3102,3009,100,93,100.00000,0.22926
534F4C31,41125,350729139,320,220,3106,3012,100,94,100.00000,0.23157
534F4C31,41126,350734623,359,269,3103,3011,90,92,90.00000,0.22694
534F4C31,41126,350740031,309,213,3102,3009,96,93,96.00000,0.22926
534F4C31,41127,350744134,283,157,3106,3008,126,98,126.00000,0.24081
534F4C31,41128,350749259,285,236,3102,3009,49,93,49.00000,0.22926
534F4C31,41128,350754137,261,181,3101,3007,80,94,80.00000,0.23157
534F4C31,41128,350759158,300,220,3101,3010,80,91,80.00000,0.22463
534F4C31,41129,350764129,297,214,3104,3007,83,97,83.00000,0.23850
534F4C31,41130,350769348,343,244,3103,3007,99,96,99.00000,0.23619
534F4C31,41131,350774136,282,209,3102,3007,73,95,73.00000,0.23388
534F4C31,41132,350780916,357,262,3103,3005,95,98,95.00000,0.24081
534F4C31,41132,350784674,331,221,3102,3010,110,92,110.00000,0.22694
534F4C31,41133,350789167,311,211,3100,3010,100,90,100.00000,0.22232
534F4C31,41134,350794140,287,210,3101,3007,77,94,77.00000,0.23157
534F4C31,41134,350799529,294,191,3102,3007,103,95,103.00000,0.23388
534F4C31,41134,350804141,333,213,3100,3011,120,89,120.00000,0.22001
534F4C31,41134,350809154,323,211,3101,3009,112,92,112.00000,0.22694
534F4C31,41135,350814152,344,233,3102,3008,111,94,111.00000,0.23157
534F4C31,41136,350819161,316,261,3102,3010,55,92,55.00000,0.22694
534F4C31,41137,350824131,262,210,3101,3008,52,93,52.00000,0.22926
534F4C31,41137,350829141,262,222,3103,3007,40,96,40.00000,0.23619
534F4C31,41138,350834490,311,240,3103,3009,71,94,71.00000,0.23157
534F4C31,41139,350839288,294,165,3105,3008,129,97,129.00000,0.23850
534F4C31,41139,350844711,311,145,3110,3009,166,101,166.00000,0.24774
534F4C31,41139,350849147,336,205,3102,3008,131,94,131.00000,0.23157
534F4C31,41139,350854162,353,225,3101,3010,128,91,128.00000,0.22463
534F4C31,41140,350859152,331,211,3102,3008,120,94,120.00000,0.23157
534F4C31,41141,350864140,349,231,3101,3007,118,94,118.00000,0.23157
534F4C31,41142,350869466,361,259,3102,3009,102,93,102.00000,0.22926
534F4C31,41143,350874143,281,211,3103,3009,70,94,70.00000,0.23157
534F4C31,41143,350879132,250,183,3104,3009,67,95,67.00000,0.23388
534F4C31,41144,350884149,299,216,3101,3007,83,94,83.00000,0.23157
534F4C31,41145,350889143,314,214,3102,3008,100,94,100.00000,0.23157
534F4C31,41146,350894481,267,255,3102,3008,12,94,12.00000,0.23157
534F4C31,41146,350900446,248,213,3102,3011,35,91,35.00000,0.22463
534F4C31,41146,350904139,252,169,3101,3009,83,92,83.00000,0.22694
534F4C31,41147,350909643,300,199,3101,3008,101,93,101.00000,0.22926
534F4C31,41147,350914138,306,168,3101,3007,138,94,138.00000,0.23157
534F4C31,41147,350919174,355,239,3103,3007,116,96,116.00000,0.23619
534F4C31,41147,350924149,338,215,3100,3007,123,93,123.00000,0.22926
534F4C31,41148,350929170,326,259,3102,3010,67,92,67.00000,0.22694
534F4C31,41149,350934151,264,218,3103,3009,46,94,46.00000,0.23157
534F4C31,41150,350939157,264,204,3101,3009,60,92,60.00000,0.22694
534F4C31,41150,350944142,284,190,3101,3008,94,93,94.00000,0.22926
534F4C31,41151,350949589,330,254,3104,3006,76,98,76.00000,0.24081
534F4C31,41151,350955164,330,198,3101,3012,132,89,132.00000,0.22001
534F4C31,41152,350959179,258,213,3102,3010,45,92,45.00000,0.22694
534F4C31,41152,350964304,252,179,3101,3006,73,95,73.00000,0.23388
534F4C31,41152,350969142,319,209,3102,3008,110,94,110.00000,0.23157
534F4C31,41153,350974144,324,210,3102,3011,114,91,114.00000,0.22463
534F4C31,41154,350979141,318,215,3103,3012,103,91,103.00000,0.22463
534F4C31,41155,350984164,313,246,3101,3005,67,96,67.00000,0.23619
534F4C31,41156,350989204,281,166,3102,3010,115,92,115.00000,0.22694
534F4C31,41157,350994148,304,185,3101,3007,119,94,119.00000,0.23157
534F4C31,41158,350999136,321,237,3101,3008,84,93,84.00000,0.22926
534F4C31,41158,351004141,335,203,3100,3011,132,89,132.00000,0.22001
534F4C31,41158,351009148,320,182,3101,3010,138,91,138.00000,0.22463
534F4C31,41158,351014143,321,230,3105,3009,91,96,91.00000,0.23619
534F4C31,41158,351019130,335,240,3102,3011,95,91,95.00000,0.22463
534F4C31,41159,351024155,326,223,3102,3008,103,94,103.00000,0.23157
534F4C31,41160,351029149,319,241,3103,3010,78,93,78.00000,0.22926
534F4C31,41161,351034321,298,239,3103,3008,59,95,59.00000,0.23388
534F4C31,41162,351039569,288,217,3101,3010,71,91,71.00000,0.22463
534F4C31,41163,351044135,242,160,3103,3010,82,93,82.00000,0.22926
534F4C31,41163,351049383,309,214,3102,3010,95,92,95.00000,0.22694
534F4C31,41164,351054138,326,216,3103,3005,110,98,110.00000,0.24081
534F4C31,41165,351059595,327,209,3110,3008,118,102,118.00000,0.25005
534F4C31,41165,351064136,316,190,3103,3010,126,93,126.00000,0.22926
534F4C31,41165,351069157,347,203,3103,3008,144,95,144.00000,0.23388
534F4C31,41165,351074131,321,166,3101,3008,155,93,155.00000,0.22926
534F4C31,41165,351079152,328,207,3102,3009,121,93,121.00000,0.22926
534F4C31,41166,351084165,354,242,3100,3008,112,92,112.00000,0.22694
534F4C31,41167,351089543,363,242,3103,3009,121,94,121.00000,0.23157
534F4C31,41168,351094173,297,211,3104,3009,86,95,86.00000,0.23388
534F4C31,41169,351099642,315,211,3103,3008,104,95,104.00000,0.23388
534F4C31,41170,351104138,337,216,3100,3010,121,90,121.00000,0.22232
534F4C31,41171,351109847,331,188,3111,3009,143,102,143.00000,0.25005
534F4C31,41171,351114446,293,167,3104,3008,126,96,126.00000,0.23619
534F4C31,41172,351119155,322,227,3101,3007,95,94,95.00000,0.23157
534F4C31,41173,351124148,264,206,3102,3009,58,93,58.00000,0.22926
534F4C31,41173,351129359,262,216,3103,3009,46,94,46.00000,0.23157
534F4C31,41173,351134132,282,241,3103,3011,41,92,41.00000,0.22694
534F4C31,41173,351139138,286,222,3101,3009,64,92,64.00000,0.22694
534F4C31,41173,351144153,278,196,3102,3011,82,91,82.00000,0.22463
534F4C31,41174,351149454,318,264,3104,3010,54,94,54.00000,0.23157
534F4C31,41175,351154215,296,218,3103,3010,78,93,78.00000,0.22926
534F4C31,41176,351159188,266,193,3103,3008,73,95,73.00000,0.23388
534F4C31,41177,351164155,267,224,3101,3009,43,92,43.00000,0.22694
534F4C31,41177,351170358,304,222,3101,3009,82,92,82.00000,0.22694
534F4C31,41178,351174170,287,191,3104,3010,96,94,96.00000,0.23157
534F4C31,41179,351179537,321,222,3103,3009,99,94,99.00000,0.23157
534F4C31,41179,351184145,332,253,3102,3009,79,93,79.00000,0.22926
534F4C31,41179,351189298,304,165,3101,3010,139,91,139.00000,0.22463
534F4C31,41180,351195259,306,256,3101,3009,50,92,50.00000,0.22694
534F4C31,41180,351199115,252,169,3102,3011,83,91,83.00000,0.22463
534F4C31,41180,351204138,326,216,3101,3010,110,91,110.00000,0.22463
534F4C31,41181,351209166,321,215,3103,3010,106,93,106.00000,0.22926
534F4C31,41182,351214165,335,229,3103,3009,106,94,106.00000,0.23157
534F4C31,41183,351220129,370,243,3106,3010,127,96,127.00000,0.23619
534F4C31,41183,351224963,302,199,3103,3009,103,94,103.00000,0.23157
534F4C31,41184,351229136,283,224,3104,3007,59,97,59.00000,0.23850
534F4C31,41184,351234981,325,245,3111,3007,80,104,80.00000,0.25468
534F4C31,41185,351239132,294,192,3103,3007,102,96,102.00000,0.23619
534F4C31,41186,351244158,282,204,3103,3007,78,96,78.00000,0.23619
534F4C31,41186,351249136,309,207,3101,3008,102,93,102.00000,0.22926
534F4C31,41187,351254145,350,237,3102,3008,113,94,113.00000,0.23157
534F4C31,41188,351259133,321,206,3103,3008,115,95,115.00000,0.23388
534F4C31,41189,351265069,333,223,3105,3007,110,98,110.00000,0.24081
534F4C31,41189,351269130,295,175,3105,3009,120,96,120.00000,0.23619
534F4C31,41189,351274134,306,198,3102,3007,108,95,108.00000,0.23388
534F4C31,41189,351279134,271,180,3102,3009,91,93,91.00000,0.22926
534F4C31,41190,351284145,330,233,3103,3010,97,93,97.00000,0.22926
534F4C31,41191,351289219,330,234,3100,3011,96,89,96.00000,0.22001
534F4C31,41192,351294954,301,245,3102,3011,56,91,56.00000,0.22463
534F4C31,41193,351299290,272,194,3102,3010,78,92,78.00000,0.22694
534F4C31,41193,351304809,322,170,3101,3007,152,94,152.00000,0.23157
534F4C31,41193,351309139,314,181,3101,3010,133,91,133.00000,0.22463
534F4C31,41193,351314136,342,227,3104,3008,115,96,115.00000,0.23619
534F4C31,41194,351319145,366,257,3105,3012,109,93,109.00000,0.22926
534F4C31,41195,351324133,327,236,3103,3007,91,96,91.00000,0.23619
534F4C31,41196,351329146,290,233,3104,3008,57,96,57.00000,0.23619
534F4C31,41196,351335662,345,233,3103,3010,112,93,112.00000,0.22926
534F4C31,41197,351339339,298,183,3103,3010,115,93,115.00000,0.22926
534F4C31,41197,351344302,289,153,3104,3009,136,95,136.00000,0.23388
534F4C31,41198,351349170,310,239,3102,3008,71,94,71.00000,0.23157
534F4C31,41199,351354140,302,209,3104,3005,93,99,93.00000,0.24312
534F4C31,41200,351359405,309,214,3101,3008,95,93,95.00000,0.22926
534F4C31,41201,351364142,278,221,3104,3008,57,96,57.00000,0.23619
534F4C31,41202,351370465,349,252,3102,3006,97,96,97.00000,0.23619
534F4C31,41203,351375279,270,227,3104,3009,43,95,43.00000,0.23388
534F4C31,41203,351381836,314,245,3104,3008,69,96,69.00000,0.23619
534F4C31,41203,351384774,278,206,3104,3011,72,93,72.00000,0.22926
534F4C31,41203,351389151,268,209,3102,3008,59,94,59.00000,0.23157
534F4C31,41203,351394134,275,191,3101,3009,84,92,84.00000,0.22694
534F4C31,41204,351399142,329,234,3103,3007,95,96,95.00000,0.23619
534F4C31,41205,351404173,349,230,3110,3010,119,100,119.00000,0.24543
534F4C31,41206,351410529,298,241,3103,3009,57,94,57.00000,0.23157
534F4C31,41207,351415831,286,193,3100,3006,93,94,93.00000,0.23157
534F4C31,41207,351420551,330,224,3101,3010,106,91,106.00000,0.22463
534F4C31,41207,351424129,264,198,3103,3009,66,94,66.00000,0.23157
534F4C31,41208,351429705,290,213,3104,3008,77,96,77.00000,0.23619
534F4C31,41209,351434136,317,218,3106,3008,99,98,99.00000,0.24081
534F4C31,41210,351439786,335,172,3103,3009,163,94,163.00000,0.23157
534F4C31,41211,351444140,302,134,3102,3008,168,94,168.00000,0.23157
534F4C31,41212,351449175,310,234,3101,3007,76,94,76.00000,0.23157
534F4C31,41213,351454128,314,208,3100,3006,106,94,106.00000,0.23157
534F4C31,41214,351459181,306,236,3102,3007,70,95,70.00000,0.23388
534F4C31,41215,351464276,256,212,3102,3009,44,93,44.00000,0.22926
534F4C31,41215,351469908,286,164,3101,3009,122,92,122.00000,0.22694
534F4C31,41215,351474158,292,177,3100,3008,115,92,115.00000,0.22694
534F4C31,41216,351479156,310,207,3107,3006,103,101,103.00000,0.24774
534F4C31,41217,351484398,331,211,3101,3009,120,92,120.00000,0.22694
534F4C31,41217,351490688,326,183,3100,3008,143,92,143.00000,0.22694
534F4C31,41218,351494672,281,178,3101,3007,103,94,103.00000,0.23157
534F4C31,41218,351499138,284,173,3102,3008,111,94,111.00000,0.23157
534F4C31,41218,351504147,343,215,3100,3007,128,93,128.00000,0.22926
534F4C31,41218,351509132,328,188,3099,3008,140,91,140.00000,0.22463
534F4C31,41218,351514139,345,227,3100,3006,118,94,118.00000,0.23157
534F4C31,41219,351519156,365,255,3100,3009,110,91,110.00000,0.22463
534F4C31,41219,351524145,314,239,3101,3007,75,94,75.00000,0.23157
534F4C31,41219,351529151,292,208,3101,3009,84,92,84.00000,0.22694
534F4C31,41220,351534662,347,255,3103,3009,92,94,92.00000,0.23157
534F4C31,41220,351539161,299,222,3102,3010,77,92,77.00000,0.22694
534F4C31,41221,351544155,285,196,3103,3009,89,94,89.00000,0.23157
534F4C31,41222,351549141,314,248,3101,3008,66,93,66.00000,0.22926
534F4C31,41222,351554595,321,211,3102,3010,110,92,110.00000,0.22694
534F4C31,41223,351559410,302,208,3103,3009,94,94,94.00000,0.23157
534F4C31,41223,351564130,315,215,3103,3009,100,94,100.00000,0.23157
534F4C31,41223,351569438,355,247,3101,3008,108,93,108.00000,0.22926
534F4C31,41224,351574154,317,230,3105,3007,87,98,87.00000,0.24081
534F4C31,41225,351580208,326,242,3100,3007,84,93,84.00000,0.22926
534F4C31,41226,351584148,319,245,3102,3008,74,94,74.00000,0.23157
534F4C31,41227,351589346,301,220,3100,3006,81,94,81.00000,0.23157
534F4C31,41227,351594825,285,196,3101,3010,89,91,89.00000,0.22463
534F4C31,41228,351599137,323,225,3103,3007,98,96,98.00000,0.23619
534F4C31,41229,351604136,340,210,3101,3007,130,94,130.00000,0.23157
534F4C31,41230,351611411,347,199,3104,3006,148,98,148.00000,0.24081
534F4C31,41230,351615722,333,166,3102,3007,167,95,167.00000,0.23388
534F4C31,41230,351619150,322,181,3102,3009,141,93,141.00000,0.22926
534F4C31,41231,351624162,307,191,3102,3004,116,98,116.00000,0.24081
534F4C31,41232,351629142,287,222,3105,3010,65,95,65.00000,0.23388
534F4C31,41232,351635046,324,210,3101,3008,114,93,114.00000,0.22926
534F4C31,41232,351639139,307,190,3104,3007,117,97,117.00000,0.23850
534F4C31,41232,351644133,315,198,3101,3008,117,93,117.00000,0.22926
534F4C31,41233,351649139,347,233,3101,3007,114,94,114.00000,0.23157
534F4C31,41234,351654234,364,230,3101,3010,134,91,134.00000,0.22463
534F4C31,41235,351660051,337,234,3101,3007,103,94,103.00000,0.23157
534F4C31,41236,351664494,269,190,3104,3010,79,94,79.00000,0.23157
534F4C31,41237,351669369,322,211,3110,3008,111,102,111.00000,0.25005
534F4C31,41237,351674741,302,199,3101,3008,103,93,103.00000,0.22926
534F4C31,41237,351679159,284,183,3102,3007,101,95,101.00000,0.23388
534F4C31,41237,351684328,326,167,3101,3008,159,93,159.00000,0.22926
534F4C31,41237,351689140,327,196,3100,3007,131,93,131.00000,0.22926
534F4C31,41237,351694146,319,196,3102,3008,123,94,123.00000,0.23157
534F4C31,41238,351699130,345,228,3109,3007,117,102,117.00000,0.25005
534F4C31,41239,351704145,356,230,3117,3010,126,107,126.00000,0.26161
534F4C31,41240,351709535,306,231,3117,3011,75,106,75.00000,0.25930
534F4C31,41241,351714335,274,197,3117,3010,77,107,77.00000,0.26161
534F4C31,41242,351719134,311,203,3118,3009,108,109,108.00000,0.26623
534F4C31,41242,351724936,316,191,3116,3007,125,109,125.00000,0.26623
534F4C31,41243,351729147,286,210,3116,3008,76,108,76.00000,0.26392
534F4C31,41243,351734742,324,192,3123,3006,132,117,132.00000,0.28472
534F4C31,41243,351739134,318,183,3116,3009,135,107,135.00000,0.26161
534F4C31,41244,351744835,329,209,3117,3009,120,108,120.00000,0.26392
534F4C31,41245,351749148,316,189,3117,3010,127,107,127.00000,0.26161
534F4C31,41245,351754813,327,167,3116,3007,160,109,160.00000,0.26623
534F4C31,41246,351759632,325,188,3115,3010,137,105,137.00000,0.25699
534F4C31,41246,351764143,304,234,3117,3010,70,107,70.00000,0.26161
534F4C31,41246,351769134,302,204,3117,3008,98,109,98.00000,0.26623
534F4C31,41246,351774150,315,195,3115,3008,120,107,120.00000,0.26161
534F4C31,41247,351779164,307,223,3119,3011,84,108,84.00000,0.26392
534F4C31,41248,351784603,304,214,3115,3010,90,105,90.00000,0.25699
534F4C31,41249,351789142,283,187,3116,3008,96,108,96.00000,0.26392
534F4C31,41249,351794408,274,132,3114,3007,142,107,142.00000,0.26161
534F4C31,41250,351799187,271,265,3116,3009,6,107,6.00000,0.26161
534F4C31,41250,351804158,236,174,3116,3008,62,108,62.00000,0.26392
534F4C31,41251,351809192,286,204,3115,3008,82,107,82.00000,0.26161
534F4C31,41252,351814623,283,233,3117,3009,50,108,50.00000,0.26392
534F4C31,41252,351819150,285,239,3115,3008,46,107,46.00000,0.26161
534F4C31,41252,351824136,272,185,3114,3009,87,105,87.00000,0.25699
534F4C31,41253,351829155,299,215,3117,3008,84,109,84.00000,0.26623
534F4C31,41254,351834133,330,162,3115,3009,168,106,168.00000,0.25930
534F4C31,41255,351839265,345,201,3117,3006,144,111,144.00000,0.27085
534F4C31,41256,351844821,332,174,3117,3003,158,114,158.00000,0.27779
534F4C31,41257,351849179,304,216,3116,3008,88,108,88.00000,0.26392
534F4C31,41258,351855017,325,199,3123,3007,126,116,126.00000,0.28241
534F4C31,41259,351860733,303,262,3118,3009,41,109,41.00000,0.26623
534F4C31,41260,351867113,255,236,3116,3007,19,109,19.00000,0.26623
534F4C31,41260,351871932,260,193,3116,3009,67,107,67.00000,0.26161
534F4C31,41260,351874334,220,136,3114,3008,84,106,84.00000,0.25930
534F4C31,41260,351879173,267,221,3117,3008,46,109,46.00000,0.26623
534F4C31,41260,351884130,286,198,3116,3008,88,108,88.00000,0.26392
534F4C31,41260,351889228,319,217,3115,3010,102,105,102.00000,0.25699
534F4C31,41260,351894140,320,202,3115,3008,118,107,118.00000,0.26161
534F4C31,41261,351899631,311,277,3116,3010,34,106,34.00000,0.25930
534F4C31,41262,351904694,288,212,3117,3009,76,108,76.00000,0.26392
534F4C31,41263,351909175,275,186,3124,3008,89,116,89.00000,0.28241
534F4C31,41263,351914643,270,173,3115,3008,97,107,97.00000,0.26161
534F4C31,41264,351919146,306,242,3115,3008,64,107,64.00000,0.26161
534F4C31,41265,351924148,274,187,3116,3010,87,106,87.00000,0.25930
534F4C31,41266,351929476,306,209,3116,3007,97,109,97.00000,0.26623
534F4C31,41266,351934531,340,235,3118,3010,105,108,105.00000,0.26392
534F4C31,41267,351939156,324,209,3119,3008,115,111,115.00000,0.27085
534F4C31,41268,351944948,326,195,3115,3008,131,107,131.00000,0.26161
534F4C31,41268,351949137,295,198,3116,3010,97,106,97.00000,0.25930
534F4C31,41269,351954698,305,218,3116,3007,87,109,87.00000,0.26623
534F4C31,41270,351959136,290,180,3115,3009,110,106,110.00000,0.25930
534F4C31,41271,351964793,329,164,3118,3008,165,110,165.00000,0.26854
534F4C31,41272,351969977,361,183,3114,3005,178,109,178.00000,0.26623
534F4C31,41272,351974147,288,170,3115,3010,118,105,118.00000,0.25699
534F4C31,41273,351979143,271,176,3115,3006,95,109,95.00000,0.26623
534F4C31,41273,351984497,340,238,3115,3007,102,108,102.00000,0.26392
534F4C31,41273,351989417,328,213,3115,3009,115,106,115.00000,0.25930
534F4C31,41273,351994146,315,194,3116,3010,121,106,121.00000,0.25930
534F4C31,41273,351999154,346,234,3116,3007,112,109,112.00000,0.26623
534F4C31,41273,352004142,366,241,3116,3011,125,105,125.00000,0.25699
534F4C31,41274,352009183,279,231,3115,3010,48,105,48.00000,0.25699
534F4C31,41275,352014781,280,222,3117,3011,58,106,58.00000,0.25930
534F4C31,41276,352019128,300,247,3115,3007,53,108,53.00000,0.26392
534F4C31,41276,352024138,271,158,3114,3008,113,106,113.00000,0.25930
534F4C31,41277,352029369,295,227,3116,3007,68,109,68.00000,0.26623
534F4C31,41278,352034132,298,195,3117,3008,103,109,103.00000,0.26623
534F4C31,41279,352040147,348,236,3117,3009,112,108,112.00000,0.26392
534F4C31,41280,352044155,300,201,3118,3006,99,112,99.00000,0.27317
534F4C31,41281,352049174,271,233,3117,3008,38,109,38.00000,0.26623
534F4C31,41282,352055312,291,187,3115,3010,104,105,104.00000,0.25699
534F4C31,41283,352059387,256,183,3118,3011,73,107,73.00000,0.26161
534F4C31,41283,352065725,278,143,3117,3009,135,108,135.00000,0.26392
534F4C31,41283,352069152,292,173,3116,3010,119,106,119.00000,0.25930
534F4C31,41284,352074371,312,220,3119,3009,92,110,92.00000,0.26854
534F4C31,41285,352079129,272,167,3116,3009,105,107,105.00000,0.26161
534F4C31,41286,352084609,332,238,3116,3010,94,106,94.00000,0.25930
534F4C31,41287,352089534,309,205,3116,3009,104,107,104.00000,0.26161
534F4C31,41288,352095211,275,142,3115,3008,133,107,133.00000,0.26161
534F4C31,41289,352099905,321,234,3125,3005,87,120,87.00000,0.29165
534F4C31,41289,352105290,318,194,3115,3007,124,108,124.00000,0.26392
534F4C31,41290,352109138,292,159,3117,3008,133,109,133.00000,0.26623
534F4C31,41291,352114228,315,210,3119,3007,105,112,105.00000,0.27317
534F4C31,41291,352119908,338,212,3115,3011,126,104,126.00000,0.25468
534F4C31,41291,352124147,321,194,3116,3012,127,104,127.00000,0.25468
534F4C31,41292,352129164,274,189,3116,3009,85,107,85.00000,0.26161
534F4C31,41293,352134129,291,201,3119,3009,90,110,90.00000,0.26854
534F4C31,41293,352140034,339,200,3116,3008,139,108,139.00000,0.26392
534F4C31,41293,352144156,310,180,3116,3008,130,108,130.00000,0.26392
534F4C31,41293,352149137,341,202,3116,3009,139,107,139.00000,0.26161
534F4C31,41293,352154141,367,234,3116,3009,133,107,133.00000,0.26161
534F4C31,41293,352159150,345,214,3115,3008,131,107,131.00000,0.26161
534F4C31,41293,352164139,353,236,3116,3008,117,108,117.00000,0.26392
534F4C31,41294,352169178,359,270,3117,3010,89,107,89.00000,0.26161
534F4C31,41295,352174148,250,201,3118,3009,49,109,49.00000,0.26623
534F4C31,41296,352180039,290,196,3117,3009,94,108,94.00000,0.26392
534F4C31,41297,352184666,321,212,3117,3011,109,106,109.00000,0.25930
534F4C31,41298,352189154,297,197,3117,3010,100,107,100.00000,0.26161
534F4C31,41299,352195070,300,239,3117,3007,61,110,61.00000,0.26854
534F4C31,41299,352199504,280,213,3116,3009,67,107,67.00000,0.26161
534F4C31,41299,352204133,308,219,3116,3009,89,107,89.00000,0.26161
534F4C31,41299,352209130,312,215,3115,3006,97,109,97.00000,0.26623
534F4C31,41300,352214138,333,234,3118,3006,99,112,99.00000,0.27317
534F4C31,41301,352219149,356,259,3123,3008,97,115,97.00000,0.28010
534F4C31,41302,352224163,311,236,3115,3008,75,107,75.00000,0.26161
534F4C31,41303,352229156,283,254,3117,3007,29,110,29.00000,0.26854
534F4C31,41304,352234674,290,218,3116,3006,72,110,72.00000,0.26854
534F4C31,41305,352239750,307,200,3117,3010,107,107,107.00000,0.26161
534F4C31,41306,352244163,269,203,3119,3010,66,109,66.00000,0.26623
534F4C31,41307,352249457,298,218,3118,3009,80,109,80.00000,0.26623
534F4C31,41308,352254276,327,186,3116,3009,141,107,141.00000,0.26161
534F4C31,41308,352259588,314,151,3115,3007,163,108,163.00000,0.26392
534F4C31,41308,352264149,331,201,3116,3010,130,106,130.00000,0.25930
534F4C31,41308,352269143,360,240,3117,3010,120,107,120.00000,0.26161
534F4C31,41309,352274182,299,244,3115,3009,55,106,55.00000,0.25930
534F4C31,41309,352279132,226,173,3116,3009,53,107,53.00000,0.26161
534F4C31,41309,352284177,311,238,3115,3010,73,105,73.00000,0.25699
534F4C31,41309,352289142,317,222,3116,3009,95,107,95.00000,0.26161
534F4C31,41309,352294130,316,206,3116,3009,110,107,110.00000,0.26161
534F4C31,41309,352299653,356,241,3116,3011,115,105,115.00000,0.25699
534F4C31,41310,352304348,337,241,3116,3011,96,105,96.00000,0.25699
534F4C31,41311,352309179,295,216,3116,3008,79,108,79.00000,0.26392
534F4C31,41312,352314128,293,166,3116,3007,127,109,127.00000,0.26623
534F4C31,41313,352319180,342,253,3116,3010,89,106,89.00000,0.25930
534F4C31,41313,352324572,306,206,3115,3007,100,108,100.00000,0.26392
534F4C31,41314,352329152,250,249,3115,3008,1,107,1.00000,0.26161
534F4C31,41315,352335054,232,184,3115,3009,48,106,48.00000,0.25930
534F4C31,41315,352339154,264,182,3116,3007,82,109,82.00000,0.26623
534F4C31,41315,352344144,278,200,3115,3009,78,106,78.00000,0.25930
534F4C31,41315,352349148,311,222,3116,3011,89,105,89.00000,0.25699
534F4C31,41316,352354765,352,225,3127,3009,127,118,127.00000,0.28703
534F4C31,41317,352359130,320,194,3115,3008,126,107,126.00000,0.26161
534F4C31,41318,352364939,316,257,3125,3011,59,114,59.00000,0.27779
534F4C31,41319,352369211,273,201,3116,3007,72,109,72.00000,0.26623
534F4C31,41320,352374151,274,144,3115,3009,130,106,130.00000,0.25930
534F4C31,41321,352379184,286,219,3116,3008,67,108,67.00000,0.26392
534F4C31,41322,352385043,302,224,3114,3008,78,106,78.00000,0.25930
534F4C31,41322,352389762,284,188,3115,3009,96,106,96.00000,0.25930
534F4C31,41323,352394598,268,214,3116,3009,54,107,54.00000,0.26161
534F4C31,41324,352399316,270,192,3116,3009,78,107,78.00000,0.26161
534F4C31,41325,352404693,334,200,3116,3011,134,105,134.00000,0.25699
534F4C31,41325,352409141,291,204,3116,3010,87,106,87.00000,0.25930
534F4C31,41326,352414168,302,254,3118,3007,48,111,48.00000,0.27085
534F4C31,41327,352420498,312,185,3116,3007,127,109,127.00000,0.26623
534F4C31,41327,352424811,292,156,3116,3007,136,109,136.00000,0.26623
534F4C31,41327,352429520,294,175,3116,3008,119,108,119.00000,0.26392
534F4C31,41327,352434129,321,209,3116,3008,112,108,112.00000,0.26392
534F4C31,41327,352439141,334,217,3115,3009,117,106,117.00000,0.25930
534F4C31,41328,352444142,325,207,3116,3011,118,105,118.00000,0.25699
534F4C31,41329,352449148,340,207,3118,3009,133,109,133.00000,0.26623
534F4C31,41330,352455639,378,232,3114,3007,146,107,146.00000,0.26161
534F4C31,41330,352459266,321,184,3114,3008,137,106,137.00000,0.25930
534F4C31,41330,352464149,332,222,3116,3010,110,106,110.00000,0.25930
534F4C31,41330,352469132,355,250,3115,3010,105,105,105.00000,0.25699
534F4C31,41331,352474143,343,227,3116,3009,116,107,116.00000,0.26161
534F4C31,41332,352479136,313,219,3116,3009,94,107,94.00000,0.26161
534F4C31,41333,352484136,291,228,3117,3007,63,110,63.00000,0.26854
534F4C31,41334,352489423,275,168,3116,3013,107,103,107.00000,0.25237
534F4C31,41334,352495383,312,208,3116,3006,104,110,104.00000,0.26854
534F4C31,41334,352499149,281,224,3116,3006,57,110,57.00000,0.26854
534F4C31,41334,352504146,296,209,3115,3007,87,108,87.00000,0.26392
534F4C31,41335,352509252,312,206,3119,3006,106,113,106.00000,0.27548
534F4C31,41335,352514496,327,180,3118,3007,147,111,147.00000,0.27085
534F4C31,41336,352519430,350,245,3118,3009,105,109,105.00000,0.26623
534F4C31,41337,352524165,319,187,3116,3009,132,107,132.00000,0.26161
534F4C31,41337,352529138,315,184,3117,3007,131,110,131.00000,0.26854
534F4C31,41338,352534163,349,234,3122,3008,115,114,115.00000,0.27779
534F4C31,41339,352539297,337,206,3118,3007,131,111,131.00000,0.27085
534F4C31,41340,352544767,319,199,3119,3009,120,110,120.00000,0.26854
534F4C31,41341,352549944,336,225,3117,3009,111,108,111.00000,0.26392
534F4C31,41342,352554155,322,200,3117,3008,122,109,122.00000,0.26623
534F4C31,41343,352560080,288,214,3117,3008,74,109,74.00000,0.26623
534F4C31,41343,352564840,272,188,3117,3010,84,107,84.00000,0.26161
534F4C31,41343,352569141,314,226,3117,3009,88,108,88.00000,0.26392
534F4C31,41344,352574133,318,216,3117,3005,102,112,102.00000,0.27317
534F4C31,41345,352579144,296,232,3116,3009,64,107,64.00000,0.26161
534F4C31,41346,352585543,323,272,3115,3008,51,107,51.00000,0.26161
534F4C31,41346,352589134,243,178,3116,3009,65,107,65.00000,0.26161
534F4C31,41347,352594135,279,188,3116,3007,91,109,91.00000,0.26623
534F4C31,41347,352599166,321,243,3116,3011,78,105,78.00000,0.25699
534F4C31,41347,352604364,321,220,3116,3007,101,109,101.00000,0.26623
534F4C31,41347,352609142,313,191,3115,3009,122,106,122.00000,0.25930
534F4C31,41347,352614137,332,226,3115,3007,106,108,106.00000,0.26392
534F4C31,41348,352619132,353,244,3116,3006,109,110,109.00000,0.26854
534F4C31,41349,352624164,329,199,3121,3005,130,116,130.00000,0.28241
534F4C31,41350,352630037,291,266,3118,3010,25,108,25.00000,0.26392
534F4C31,41350,352634938,237,192,3116,3010,45,106,45.00000,0.25930
534F4C31,41351,352639225,277,198,3115,3010,79,105,79.00000,0.25699
534F4C31,41352,352644133,292,195,3118,3010,97,108,97.00000,0.26392
534F4C31,41353,352649639,299,278,3116,3009,21,107,21.00000,0.26161
534F4C31,41353,352655195,269,167,3116,3007,102,109,102.00000,0.26623
534F4C31,41353,352659135,283,178,3117,3011,105,106,105.00000,0.25930
534F4C31,41353,352664117,325,224,3117,3010,101,107,101.00000,0.26161
534F4C31,41354,352669167,352,255,3115,3009,97,106,97.00000,0.25930
534F4C31,41355,352674148,264,189,3115,3007,75,108,75.00000,0.26392
534F4C31,41356,352679824,285,213,3115,3008,72,107,72.00000,0.26161
534F4C31,41357,352684751,315,182,3116,3011,133,105,133.00000,0.25699
534F4C31,41357,352689754,283,197,3116,3008,86,108,86.00000,0.26392
534F4C31,41357,352694134,237,140,3116,3010,97,106,97.00000,0.25930
534F4C31,41357,352699165,315,225,3117,3011,90,106,90.00000,0.25930
534F4C31,41358,352704134,349,220,3116,3008,129,108,129.00000,0.26392
534F4C31,41358,352709243,328,172,3115,3008,156,107,156.00000,0.26161
534F4C31,41359,352714159,322,232,3117,3008,90,109,90.00000,0.26623
534F4C31,41360,352719229,291,171,3120,3010,120,110,120.00000,0.26854
534F4C31,41361,352724160,313,206,3116,3011,107,105,107.00000,0.25699
534F4C31,41361,352729180,267,197,3120,3009,70,111,70.00000,0.27085
534F4C31,41362,352734149,289,224,3126,3009,65,117,65.00000,0.28472
534F4C31,41362,352739146,310,212,3117,3005,98,112,98.00000,0.27317
534F4C31,41363,352744609,324,213,3127,3008,111,119,111.00000,0.28934
534F4C31,41364,352749154,333,213,3117,3011,120,106,120.00000,0.25930
534F4C31,41365,352754810,288,257,3116,3008,31,108,31.00000,0.26392
534F4C31,41366,352759125,231,166,3118,3010,65,108,65.00000,0.26392
534F4C31,41367,352764130,298,202,3119,3004,96,115,96.00000,0.28010
534F4C31,41368,352769143,300,238,3116,3008,62,108,62.00000,0.26392
534F4C31,41369,352774144,248,167,3116,3007,81,109,81.00000,0.26623
534F4C31,41369,352779800,280,184,3117,3012,96,105,96.00000,0.25699
534F4C31,41369,352784140,283,211,3116,3010,72,106,72.00000,0.25930
534F4C31,41369,352789138,304,203,3116,3007,101,109,101.00000,0.26623
534F4C31,41369,352794134,317,208,3117,3010,109,107,109.00000,0.26161
534F4C31,41370,352799137,346,236,3115,3008,110,107,110.00000,0.26161
534F4C31,41371,352804431,342,222,3115,3011,120,104,120.00000,0.25468
534F4C31,41371,352810721,322,210,3116,3007,112,109,112.00000,0.26623
534F4C31,41371,352814448,293,183,3116,3007,110,109,110.00000,0.26623
534F4C31,41371,352819135,333,202,3115,3008,131,107,131.00000,0.26161
534F4C31,41371,352824135,333,209,3115,3009,124,106,124.00000,0.25930
534F4C31,41372,352829146,321,206,3115,3010,115,105,115.00000,0.25699
534F4C31,41373,352834147,349,270,3126,3007,79,119,79.00000,0.28934
534F4C31,41374,352839174,295,200,3115,3009,95,106,95.00000,0.25930
534F4C31,41375,352844415,305,150,3115,3011,155,104,155.00000,0.25468
534F4C31,41376,352849132,325,161,3115,3011,164,104,164.00000,0.25468
534F4C31,41377,352854141,360,168,3116,3011,192,105,192.00000,0.25699
534F4C31,41378,352859139,340,137,3117,3012,203,105,203.00000,0.25699
534F4C31,41378,352864606,358,224,3117,3010,134,107,134.00000,0.26161
534F4C31,41378,352869132,335,218,3117,3011,117,106,117.00000,0.25930
534F4C31,41378,352874137,335,215,3116,3008,120,108,120.00000,0.26392
534F4C31,41378,352879142,323,209,3118,3010,114,108,114.00000,0.26392
534F4C31,41379,352884141,349,227,3117,3009,122,108,122.00000,0.26392
534F4C31,41380,352889148,325,169,3117,3009,156,108,156.00000,0.26392
534F4C31,41381,352894946,314,158,3116,3009,156,107,156.00000,0.26161
534F4C31,41381,352899480,338,181,3117,3008,157,109,157.00000,0.26623
534F4C31,41381,352904139,361,221,3116,3007,140,109,140.00000,0.26623
534F4C31,41382,352909152,335,216,3118,3008,119,110,119.00000,0.26854
534F4C31,41383,352914152,306,246,3118,3010,60,108,60.00000,0.26392
534F4C31,41384,352919276,279,229,3117,3010,50,107,50.00000,0.26161
534F4C31,41385,352924463,242,156,3115,3007,86,108,86.00000,0.26392
534F4C31,41386,352929136,257,143,3116,3009,114,107,114.00000,0.26161
534F4C31,41387,352934176,327,221,3117,3009,106,108,106.00000,0.26392
534F4C31,41388,352939178,347,234,3123,3008,113,115,113.00000,0.28010
534F4C31,41389,352944271,285,234,3116,3010,51,106,51.00000,0.25930
534F4C31,41389,352949494,274,210,3116,3008,64,108,64.00000,0.26392
534F4C31,41390,352954319,304,225,3115,3007,79,108,79.00000,0.26392
534F4C31,41391,352959190,288,180,3116,3010,108,106,108.00000,0.25930
534F4C31,41391,352964157,305,182,3116,3009,123,107,123.00000,0.26161
534F4C31,41392,352969144,350,231,3115,3008,119,107,119.00000,0.26161
534F4C31,41392,352974141,343,218,3114,3009,125,105,125.00000,0.25699
534F4C31,41393,352979431,312,263,3118,3009,49,109,49.00000,0.26623
534F4C31,41394,352984146,259,226,3118,3009,33,109,33.00000,0.26623
534F4C31,41394,352989529,278,179,3116,3008,99,108,99.00000,0.26392
534F4C31,41395,352994144,297,190,3118,3011,107,107,107.00000,0.26161
534F4C31,41396,352999144,296,241,3117,3010,55,107,55.00000,0.26161
534F4C31,41397,353004131,273,193,3116,3008,80,108,80.00000,0.26392
534F4C31,41397,353009357,304,182,3118,3012,122,106,122.00000,0.25930
534F4C31,41397,353014139,300,194,3117,3009,106,108,106.00000,0.26392
534F4C31,41397,353019144,324,221,3116,3010,103,106,103.00000,0.25930
534F4C31,41398,353024149,321,199,3117,3009,122,108,122.00000,0.26392
534F4C31,41398,353029130,305,160,3117,3009,145,108,145.00000,0.26392
534F4C31,41398,353034165,347,226,3119,3009,121,110,121.00000,0.26854
534F4C31,41398,353039135,352,223,3115,3007,129,108,129.00000,0.26392
534F4C31,41399,353044141,339,214,3116,3011,125,105,125.00000,0.25699
534F4C31,41399,353049132,355,230,3115,3010,125,105,125.00000,0.25699
534F4C31,41399,353054154,375,252,3115,3009,123,106,123.00000,0.25930
534F4C31,41400,353059187,303,205,3118,3008,98,110,98.00000,0.26854
534F4C31,41401,353064130,290,193,3115,3011,97,104,97.00000,0.25468
534F4C31,41402,353069460,320,264,3115,3009,56,106,56.00000,0.25930
534F4C31,41403,353074185,270,141,3115,3009,129,106,129.00000,0.25930
534F4C31,41403,353080308,330,151,3116,3010,179,106,179.00000,0.25930
534F4C31,41403,353084138,324,194,3120,3008,130,112,130.00000,0.27317
534F4C31,41403,353089147,333,198,3116,3009,135,107,135.00000,0.26161
534F4C31,41404,353094183,320,202,3117,3010,118,107,118.00000,0.26161
534F4C31,41405,353099195,337,227,3118,3011,110,107,110.00000,0.26161
534F4C31,41406,353104182,300,245,3116,3009,55,107,55.00000,0.26161
534F4C31,41407,353109157,234,209,3117,3008,25,109,25.00000,0.26623
534F4C31,41407,353114138,228,224,3117,3007,4,110,4.00000,0.26854
534F4C31,41407,353119142,258,209,3116,3009,49,107,49.00000,0.26161
534F4C31,41408,353124150,304,219,3115,3009,85,106,85.00000,0.25930
534F4C31,41409,353129720,316,217,3116,3009,99,107,99.00000,0.26161
534F4C31,41409,353134144,319,209,3118,3009,110,109,110.00000,0.26623
534F4C31,41410,353139566,315,233,3119,3006,82,113,82.00000,0.27548
534F4C31,41411,353144586,293,161,3126,3008,132,118,132.00000,0.28703
534F4C31,41412,353149140,297,225,3115,3007,72,108,72.00000,0.26392
534F4C31,41413,353154150,286,179,3114,3011,107,103,107.00000,0.25237
534F4C31,41413,353159706,282,200,3116,3010,82,106,82.00000,0.25930
534F4C31,41414,353164131,289,199,3118,3009,90,109,90.00000,0.26623
534F4C31,41414,353169177,342,261,3116,3009,81,107,81.00000,0.26161
534F4C31,41414,353174145,304,209,3115,3007,95,108,95.00000,0.26392
534F4C31,41414,353179174,307,193,3116,3009,114,107,114.00000,0.26161
534F4C31,41414,353184146,345,225,3117,3008,120,109,120.00000,0.26623
534F4C31,41415,353189148,355,224,3117,3010,131,107,131.00000,0.26161
534F4C31,41416,353194131,338,205,3116,3010,133,106,133.00000,0.25930
534F4C31,41417,353199233,341,193,3121,3009,148,112,148.00000,0.27317
534F4C31,41418,353204580,358,190,3117,3010,168,107,168.00000,0.26161
534F4C31,41419,353209673,336,188,3116,3009,148,107,148.00000,0.26161
534F4C31,41419,353214410,316,186,3117,3010,130,107,130.00000,0.26161
534F4C31,41419,353219403,314,240,3118,3009,74,109,74.00000,0.26623
534F4C31,41419,353224355,248,172,3116,3011,76,105,76.00000,0.25699
534F4C31,41420,353229350,264,227,3117,3010,37,107,37.00000,0.26161
534F4C31,41420,353234138,264,190,3118,3008,74,110,74.00000,0.26854
534F4C31,41421,353239154,295,222,3118,3009,73,109,73.00000,0.26623
534F4C31,41422,353244352,287,142,3116,3008,145,108,145.00000,0.26392
534F4C31,41423,353249673,332,241,3119,3005,91,114,91.00000,0.27779
534F4C31,41424,353254989,302,206,3127,3005,96,122,96.00000,0.29628
534F4C31,41425,353259364,279,183,3119,3009,96,110,96.00000,0.26854
534F4C31,41425,353264157,300,191,3116,3009,109,107,109.00000,0.26161
534F4C31,41425,353269185,342,239,3118,3007,103,111,103.00000,0.27085
534F4C31,41426,353274174,310,226,3117,3008,84,109,84.00000,0.26623
534F4C31,41427,353279143,261,225,3116,3011,36,105,36.00000,0.25699
534F4C31,41428,353284134,266,202,3117,3008,64,109,64.00000,0.26623
534F4C31,41429,353289157,307,197,3117,3010,110,107,110.00000,0.26161
534F4C31,41430,353294454,308,232,3117,3010,76,107,76.00000,0.26161
534F4C31,41431,353299133,275,213,3119,3009,62,110,62.00000,0.26854
534F4C31,41432,353304376,309,222,3116,3007,87,109,87.00000,0.26623
534F4C31,41433,353309152,300,198,3119,3012,102,107,102.00000,0.26161
534F4C31,41433,353314387,308,222,3117,3011,86,106,86.00000,0.25930
534F4C31,41433,353319152,312,230,3117,3011,82,106,82.00000,0.25930
534F4C31,41433,353324139,305,205,3116,3009,100,107,100.00000,0.26161
534F4C31,41433,353329137,307,201,3117,3009,106,108,106.00000,0.26392
534F4C31,41434,353334170,328,251,3117,3009,77,108,77.00000,0.26392
534F4C31,41435,353339143,299,172,3119,3010,127,109,127.00000,0.26623
534F4C31,41435,353344821,326,175,3117,3008,151,109,151.00000,0.26623
534F4C31,41436,353349273,339,216,3117,3009,123,108,123.00000,0.26392
534F4C31,41437,353355249,368,237,3118,3009,131,109,131.00000,0.26623
534F4C31,41438,353360028,291,187,3117,3010,104,107,104.00000,0.26161
534F4C31,41438,353364370,280,209,3118,3009,71,109,71.00000,0.26623
534F4C31,41438,353369139,308,225,3118,3012,83,106,83.00000,0.25930
534F4C31,41439,353374130,287,230,3118,3010,57,108,57.00000,0.26392
534F4C31,41439,353379143,258,167,3118,3009,91,109,91.00000,0.26623
534F4C31,41439,353384152,305,217,3116,3011,88,105,88.00000,0.25699
534F4C31,41439,353389133,298,217,3116,3008,81,108,81.00000,0.26392
534F4C31,41439,353394146,289,190,3116,3009,99,107,99.00000,0.26161
534F4C31,41440,353399149,329,231,3117,3008,98,109,98.00000,0.26623
534F4C31,41441,353404143,352,230,3117,3011,122,106,122.00000,0.25930
534F4C31,41442,353409684,307,214,3118,3008,93,110,93.00000,0.26854
534F4C31,41443,353414353,269,188,3118,3006,81,112,81.00000,0.27317
534F4C31,41443,353419719,320,235,3123,3010,85,113,85.00000,0.27548
534F4C31,41443,353424299,282,188,3116,3008,94,108,94.00000,0.26392
534F4C31,41444,353429179,273,195,3118,3010,78,108,78.00000,0.26392
534F4C31,41445,353434153,308,213,3117,3009,95,108,95.00000,0.26392
534F4C31,41445,353439156,317,227,3128,3009,90,119,90.00000,0.28934
534F4C31,41446,353444126,291,204,3116,3006,87,110,87.00000,0.26854
534F4C31,41446,353449153,285,214,3119,3010,71,109,71.00000,0.26623
534F4C31,41447,353454143,256,246,3116,3008,10,108,10.00000,0.26392
534F4C31,41448,353459844,243,186,3118,3010,57,108,57.00000,0.26392
534F4C31,41448,353464138,278,202,3117,3009,76,108,76.00000,0.26392
534F4C31,41448,353469287,341,250,3116,3008,91,108,91.00000,0.26392
534F4C31,41449,353474155,327,225,3116,3010,102,106,102.00000,0.25930
534F4C31,41450,353479246,306,223,3116,3009,83,107,83.00000,0.26161
534F4C31,41450,353484146,311,231,3121,3006,80,115,80.00000,0.28010
534F4C31,41451,353489427,322,215,3116,3013,107,103,107.00000,0.25237
534F4C31,41451,353494130,307,178,3117,3011,129,106,129.00000,0.25930
534F4C31,41452,353499183,341,233,3118,3012,108,106,108.00000,0.25930
534F4C31,41453,353504662,328,244,3122,3008,84,114,84.00000,0.27779
534F4C31,41454,353509179,284,174,3116,3011,110,105,110.00000,0.25699
534F4C31,41455,353514623,330,215,3120,3010,115,110,115.00000,0.26854
534F4C31,41455,353519510,328,194,3119,3012,134,107,134.00000,0.26161
534F4C31,41456,353524318,306,178,3125,3010,128,115,128.00000,0.28010
534F4C31,41457,353529231,290,138,3123,3009,152,114,152.00000,0.27779
534F4C31,41457,353534140,337,175,3117,3012,162,105,162.00000,0.25699
534F4C31,41458,353539321,348,214,3117,3011,134,106,134.00000,0.25930
534F4C31,41459,353544176,321,199,3119,3011,122,108,122.00000,0.26392
534F4C31,41460,353550383,336,275,3118,3010,61,108,61.00000,0.26392
534F4C31,41460,353554658,298,207,3117,3010,91,107,91.00000,0.26161
534F4C31,41460,353559147,303,201,3116,3008,102,108,102.00000,0.26392
534F4C31,41461,353564144,327,228,3119,3011,99,108,99.00000,0.26392
534F4C31,41462,353569146,346,268,3121,3012,78,109,78.00000,0.26623
534F4C31,41462,353574301,305,219,3117,3013,86,104,86.00000,0.25468
534F4C31,41462,353579134,251,193,3118,3012,58,106,58.00000,0.25930
534F4C31,41462,353584150,299,214,3119,3013,85,106,85.00000,0.25930
534F4C31,41462,353589155,333,222,3117,3010,111,107,111.00000,0.26161
534F4C31,41463,353594174,262,241,3116,3009,21,107,21.00000,0.26161
534F4C31,41464,353599130,248,193,3117,3011,55,106,55.00000,0.25930
534F4C31,41465,353604131,323,203,3120,3012,120,108,120.00000,0.26392
534F4C31,41466,353609148,320,176,3116,3013,144,103,144.00000,0.25237
534F4C31,41467,353614185,334,211,3117,3011,123,106,123.00000,0.25930
534F4C31,41468,353619179,358,242,3117,3013,116,104,116.00000,0.25468
534F4C31,41469,353624897,334,232,3116,3006,102,110,102.00000,0.26854
534F4C31,41470,353629225,269,169,3118,3009,100,109,100.00000,0.26623
534F4C31,41471,353634144,316,172,3127,3011,144,116,144.00000,0.28241
534F4C31,41472,353640698,361,185,3115,3009,176,106,176.00000,0.25930
534F4C31,41472,353644257,303,162,3118,3011,141,107,141.00000,0.26161
534F4C31,41473,353649155,296,232,3117,3010,64,107,64.00000,0.26161
534F4C31,41474,353654169,293,182,3117,3007,111,110,111.00000,0.26854
534F4C31,41474,353659144,271,185,3118,3008,86,110,86.00000,0.26854
534F4C31,41475,353664113,286,206,3120,3009,80,111,80.00000,0.27085
534F4C31,41476,353669212,333,213,3118,3008,120,110,120.00000,0.26854
534F4C31,41477,353674159,254,224,3115,3010,30,105,30.00000,0.25699
534F4C31,41477,353679259,197,142,3118,3008,55,110,55.00000,0.26854
534F4C31,41478,353684153,304,223,3117,3008,81,109,81.00000,0.26623
534F4C31,41478,353689133,335,226,3118,3011,109,107,109.00000,0.26161
534F4C31,41478,353694138,327,217,3115,3011,110,104,110.00000,0.25468
534F4C31,41479,353699148,349,240,3132,3011,109,121,109.00000,0.29396
534F4C31,41479,353704127,361,237,3130,3009,124,121,124.00000,0.29396
534F4C31,41480,353709183,346,215,3131,3008,131,123,131.00000,0.29859
534F4C31,41481,353714143,327,258,3133,3011,69,122,69.00000,0.29628
534F4C31,41482,353719628,312,223,3131,3010,89,121,89.00000,0.29396
534F4C31,41482,353725155,319,194,3130,3008,125,122,125.00000,0.29628
534F4C31,41483,353729328,296,185,3132,3009,111,123,111.00000,0.29859
534F4C31,41483,353734651,340,181,3131,3012,159,119,159.00000,0.28934
534F4C31,41484,353739205,347,202,3132,3008,145,124,145.00000,0.30090
534F4C31,41485,353744154,305,201,3132,3010,104,122,104.00000,0.29628
534F4C31,41485,353749702,329,216,3130,3010,113,120,113.00000,0.29165
534F4C31,41485,353754130,344,206,3130,3011,138,119,138.00000,0.28934
534F4C31,41485,353759141,337,211,3131,3010,126,121,126.00000,0.29396
534F4C31,41486,353764142,340,229,3134,3009,111,125,111.00000,0.30321
534F4C31,41487,353769167,361,274,3131,3010,87,121,87.00000,0.29396
534F4C31,41488,353774169,318,227,3142,3010,91,132,91.00000,0.31939
534F4C31,41488,353779133,298,179,3131,3009,119,122,119.00000,0.29628
534F4C31,41488,353784483,346,255,3130,3009,91,121,91.00000,0.29396
534F4C31,41488,353789130,305,183,3131,3010,122,121,122.00000,0.29396
534F4C31,41488,353794149,319,200,3131,3008,119,123,119.00000,0.29859
534F4C31,41488,353799149,345,236,3131,3009,109,122,109.00000,0.29628
534F4C31,41488,353804153,370,260,3131,3007,110,124,110.00000,0.30090
534F4C31,41489,353809916,344,240,3132,3012,104,120,104.00000,0.29165
534F4C31,41490,353814151,309,233,3131,3010,76,121,76.00000,0.29396
534F4C31,41491,353819622,337,234,3131,3009,103,122,103.00000,0.29628
534F4C31,41492,353824129,304,159,3132,3011,145,121,145.00000,0.29396
534F4C31,41492,353830076,326,140,3131,3008,186,123,186.00000,0.29859
534F4C31,41492,353834158,330,188,3132,3010,142,122,142.00000,0.29628
534F4C31,41493,353839169,331,217,3132,3011,114,121,114.00000,0.29396
534F4C31,41493,353844153,304,190,3131,3009,114,122,114.00000,0.29628
534F4C31,41493,353849666,349,243,3132,3008,106,124,106.00000,0.30090
534F4C31,41493,353854146,348,243,3131,3009,105,122,105.00000,0.29628
534F4C31,41494,353859161,308,229,3131,3012,79,119,79.00000,0.28934
534F4C31,41495,353864407,312,228,3131,3010,84,121,84.00000,0.29396
534F4C31,41496,353869132,321,194,3129,3009,127,120,127.00000,0.29165
534F4C31,41497,353874405,332,191,3129,3011,141,118,141.00000,0.28703
534F4C31,41498,353879173,281,249,3131,3009,32,122,32.00000,0.29628
534F4C31,41498,353884528,250,172,3131,3010,78,121,78.00000,0.29396
534F4C31,41498,353889139,300,212,3130,3010,88,120,88.00000,0.29165
534F4C31,41499,353894152,301,201,3131,3009,100,122,100.00000,0.29628
534F4C31,41500,353899144,334,233,3131,3010,101,121,101.00000,0.29396
534F4C31,41501,353904447,333,241,3131,3008,92,123,92.00000,0.29859
534F4C31,41501,353909233,283,201,3131,3007,82,124,82.00000,0.30090
534F4C31,41502,353914144,306,225,3130,3009,81,121,81.00000,0.29396
534F4C31,41503,353919625,343,272,3130,3010,71,120,71.00000,0.29165
534F4C31,41504,353924149,296,220,3141,3009,76,132,76.00000,0.31939
534F4C31,41504,353930936,273,179,3129,3010,94,119,94.00000,0.28934
534F4C31,41504,353934132,236,174,3131,3007,62,124,62.00000,0.30090
534F4C31,41504,353939440,290,206,3129,3007,84,122,84.00000,0.29628
534F4C31,41504,353944135,293,196,3131,3009,97,122,97.00000,0.29628
534F4C31,41505,353949317,335,236,3131,3011,99,120,99.00000,0.29165
534F4C31,41506,353954150,356,230,3131,3010,126,121,126.00000,0.29396
534F4C31,41507,353959192,321,176,3137,3009,145,128,145.00000,0.31014
534F4C31,41507,353964296,328,227,3130,3010,101,120,101.00000,0.29165
534F4C31,41508,353969156,333,249,3133,3009,84,124,84.00000,0.30090
534F4C31,41509,353974367,301,209,3133,3010,92,123,92.00000,0.29859
534F4C31,41509,353979128,288,185,3131,3011,103,120,103.00000,0.29165
534F4C31,41510,353984242,300,272,3131,3008,28,123,28.00000,0.29859
534F4C31,41510,353989145,271,196,3131,3010,75,121,75.00000,0.29396
534F4C31,41511,353994492,306,214,3135,3009,92,126,92.00000,0.30552
534F4C31,41511,353999431,328,232,3132,3009,96,123,96.00000,0.29859
534F4C31,41511,354004147,348,223,3130,3010,125,120,125.00000,0.29165
534F4C31,41511,354009148,332,194,3131,3010,138,121,138.00000,0.29396
534F4C31,41512,354014180,330,229,3131,3012,101,119,101.00000,0.28934
534F4C31,41513,354019195,345,242,3131,3013,103,118,103.00000,0.28703
534F4C31,41514,354024148,335,224,3130,3010,111,120,111.00000,0.29165
534F4C31,41515,354030364,353,239,3131,3008,114,123,114.00000,0.29859
534F4C31,41516,354034419,324,236,3131,3010,88,121,88.00000,0.29396
534F4C31,41517,354040842,283,143,3132,3012,140,120,140.00000,0.29165
534F4C31,41517,354044954,285,137,3130,3012,148,118,148.00000,0.28703
534F4C31,41518,354049564,302,235,3141,3010,67,131,67.00000,0.31708
534F4C31,41519,354054661,296,201,3131,3011,95,120,95.00000,0.29165
534F4C31,41519,354060593,311,191,3131,3011,120,120,120.00000,0.29165
534F4C31,41519,354064203,287,175,3131,3010,112,121,112.00000,0.29396
534F4C31,41519,354069136,331,225,3130,3008,106,122,106.00000,0.29628
534F4C31,41519,354074144,333,220,3131,3008,113,123,113.00000,0.29859
534F4C31,41520,354079139,323,206,3130,3009,117,121,117.00000,0.29396
534F4C31,41521,354084522,334,276,3131,3008,58,123,58.00000,0.29859
534F4C31,41522,354089149,247,197,3132,3007,50,125,50.00000,0.30321
534F4C31,41523,354095161,283,185,3131,3008,98,123,98.00000,0.29859
534F4C31,41523,354099125,294,151,3131,3008,143,123,143.00000,0.29859
534F4C31,41524,354104247,288,241,3135,3006,47,129,47.00000,0.31245
534F4C31,41525,354109144,238,189,3130,3006,49,124,49.00000,0.30090
534F4C31,41525,354114162,276,218,3130,3011,58,119,58.00000,0.28934
534F4C31,41525,354119224,309,210,3131,3011,99,120,99.00000,0.29165
534F4C31,41526,354124134,300,207,3133,3010,93,123,93.00000,0.29859
534F4C31,41527,354130339,310,196,3131,3010,114,121,114.00000,0.29396
534F4C31,41527,354134442,305,209,3129,3008,96,121,96.00000,0.29396
534F4C31,41527,354139135,277,155,3130,3008,122,122,122.00000,0.29628
534F4C31,41527,354144147,305,193,3130,3010,112,120,112.00000,0.29165
534F4C31,41528,354149181,338,237,3133,3012,101,121,101.00000,0.29396
534F4C31,41529,354154152,341,257,3130,3009,84,121,84.00000,0.29396
534F4C31,41530,354159244,295,170,3132,3009,125,123,125.00000,0.29859
534F4C31,41531,354164151,305,182,3130,3008,123,122,123.00000,0.29628
534F4C31,41531,354169289,346,236,3131,3009,110,122,110.00000,0.29628
534F4C31,41532,354174174,275,260,3132,3010,15,122,15.00000,0.29628
534F4C31,41533,354179861,206,177,3138,3007,29,131,29.00000,0.31708
534F4C31,41533,354184973,305,218,3130,3008,87,122,87.00000,0.29628
534F4C31,41534,354189752,314,195,3130,3010,119,120,119.00000,0.29165
534F4C31,41534,354194134,288,152,3131,3008,136,123,136.00000,0.29859
534F4C31,41535,354199190,320,231,3132,3007,89,125,89.00000,0.30321
534F4C31,41535,354204136,305,217,3130,3009,88,121,88.00000,0.29396
534F4C31,41536,354209244,300,201,3134,3005,99,129,99.00000,0.31245
534F4C31,41537,354214495,330,224,3132,3011,106,121,106.00000,0.29396
534F4C31,41538,354219137,340,219,3131,3007,121,124,121.00000,0.30090
534F4C31,41539,354224322,329,192,3141,3006,137,135,137.00000,0.32632
534F4C31,41540,354229841,276,237,3129,3008,39,121,39.00000,0.29396
534F4C31,41540,354235814,242,229,3130,3009,13,121,13.00000,0.29396
534F4C31,41540,354239305,210,145,3130,3009,65,121,65.00000,0.29396
534F4C31,41541,354244150,281,192,3133,3010,89,123,89.00000,0.29859
534F4C31,41541,354249204,318,238,3131,3008,80,123,80.00000,0.29859
534F4C31,41541,354254159,346,249,3130,3008,97,122,97.00000,0.29628
534F4C31,41541,354259156,335,227,3130,3007,108,123,108.00000,0.29859
534F4C31,41542,354264171,337,236,3132,3012,101,120,101.00000,0.29165
534F4C31,41543,354269176,354,281,3141,3010,73,131,73.00000,0.31708
534F4C31,41544,354274130,272,202,3131,3011,70,120,70.00000,0.29165
534F4C31,41544,354280058,294,164,3131,3009,130,122,130.00000,0.29628
534F4C31,41544,354284695,331,226,3131,3010,105,121,105.00000,0.29396
534F4C31,41545,354289172,325,222,3130,3010,103,120,103.00000,0.29165
534F4C31,41546,354294135,289,191,3131,3007,98,124,98.00000,0.30090
534F4C31,41547,354299587,341,230,3131,3010,111,121,111.00000,0.29396
534F4C31,41547,354304129,345,204,3131,3010,141,121,141.00000,0.29396
534F4C31,41547,354309141,340,210,3130,3009,130,121,130.00000,0.29396
534F4C31,41547,354314185,340,232,3131,3010,108,121,108.00000,0.29396
534F4C31,41548,354319684,348,281,3131,3008,67,123,67.00000,0.29859
534F4C31,41549,354324150,281,184,3129,3009,97,120,97.00000,0.29165
534F4C31,41550,354329190,282,232,3130,3009,50,121,50.00000,0.29396
534F4C31,41550,354334326,299,202,3132,3010,97,122,97.00000,0.29628
534F4C31,41551,354339149,340,221,3131,3010,119,121,119.00000,0.29396
534F4C31,41551,354344220,332,210,3134,3006,122,128,122.00000,0.31014
534F4C31,41552,354349191,345,231,3136,3010,114,126,114.00000,0.30552
534F4C31,41553,354354796,368,199,3136,3009,169,127,169.00000,0.30783
534F4C31,41553,354361100,370,222,3132,3011,148,121,148.00000,0.29396
534F4C31,41553,354364134,310,178,3131,3010,132,121,132.00000,0.29396
534F4C31,41554,354369160,338,262,3131,3009,76,122,76.00000,0.29628
534F4C31,41555,354374142,282,178,3132,3006,104,126,104.00000,0.30552
534F4C31,41556,354379160,296,174,3138,3009,122,129,122.00000,0.31245
534F4C31,41556,354384432,306,225,3132,3009,81,123,81.00000,0.29859
534F4C31,41556,354389155,287,191,3129,3010,96,119,96.00000,0.28934
534F4C31,41557,354394159,299,206,3132,3012,93,120,93.00000,0.29165
534F4C31,41558,354399252,285,274,3131,3008,11,123,11.00000,0.29859
534F4C31,41559,354405384,285,201,3131,3012,84,119,84.00000,0.28934
534F4C31,41560,354409436,279,136,3131,3010,143,121,143.00000,0.29396
534F4C31,41561,354415733,359,242,3131,3009,117,122,117.00000,0.29628
534F4C31,41561,354420314,352,214,3142,3007,138,135,138.00000,0.32632
534F4C31,41562,354424143,303,179,3132,3009,124,123,124.00000,0.29859
534F4C31,41563,354429147,290,229,3129,3010,61,119,61.00000,0.28934
534F4C31,41563,354434973,285,179,3130,3010,106,120,106.00000,0.29165
534F4C31,41563,354439131,308,168,3131,3011,140,120,140.00000,0.29165
534F4C31,41564,354444162,323,199,3129,3006,124,123,124.00000,0.29859
534F4C31,41565,354449156,350,215,3131,3010,135,121,135.00000,0.29396
534F4C31,41566,354454130,369,223,3142,3007,146,135,146.00000,0.32632
534F4C31,41567,354459553,350,207,3132,3010,143,122,143.00000,0.29628
534F4C31,41567,354464569,307,211,3131,3008,96,123,96.00000,0.29859
534F4C31,41567,354469669,336,255,3131,3009,81,122,81.00000,0.29628
534F4C31,41568,354474135,300,200,3130,3007,100,123,100.00000,0.29859
534F4C31,41569,354479492,296,227,3130,3007,69,123,69.00000,0.29859
534F4C31,41569,354485137,312,225,3130,3010,87,120,87.00000,0.29165
534F4C31,41569,354489656,301,200,3131,3010,101,121,101.00000,0.29396
534F4C31,41569,354494137,297,193,3130,3007,104,123,104.00000,0.29859
534F4C31,41570,354499156,336,233,3131,3008,103,123,103.00000,0.29859
534F4C31,41570,354504131,363,254,3129,3009,109,120,109.00000,0.29165
534F4C31,41570,354509297,342,234,3129,3010,108,119,108.00000,0.28934
534F4C31,41570,354514133,322,224,3130,3010,98,120,98.00000,0.29165
534F4C31,41571,354519163,353,246,3130,3008,107,122,107.00000,0.29628
534F4C31,41572,354524698,314,259,3130,3009,55,121,55.00000,0.29396
534F4C31,41573,354529147,221,230,3131,3011,-9,120,-9.00000,0.29165
534F4C31,41574,354534967,256,174,3128,3007,82,121,82.00000,0.29396
534F4C31,41575,354539134,291,174,3131,3008,117,123,117.00000,0.29859
534F4C31,41576,354544697,298,200,3131,3010,98,121,98.00000,0.29396
534F4C31,41577,354549717,289,249,3141,3009,40,132,40.00000,0.31939
534F4C31,41577,354554796,293,225,3130,3009,68,121,68.00000,0.29396
534F4C31,41578,354559153,276,213,3133,3005,63,128,63.00000,0.31014
534F4C31,41579,354564128,266,190,3131,3006,76,125,76.00000,0.30321
534F4C31,41579,354569183,308,207,3131,3010,101,121,101.00000,0.29396
534F4C31,41579,354574153,323,205,3128,3008,118,120,118.00000,0.29165
534F4C31,41579,354579139,322,182,3129,3009,140,120,140.00000,0.29165
534F4C31,41580,354584133,357,231,3129,3011,126,118,126.00000,0.28703
534F4C31,41580,354589535,360,237,3129,3007,123,122,123.00000,0.29628
534F4C31,41581,354594151,323,190,3133,3005,133,128,133.00000,0.31014
534F4C31,41582,354599171,331,198,3136,3007,133,129,133.00000,0.31245
534F4C31,41582,354604141,333,215,3130,3009,118,121,118.00000,0.29396
534F4C31,41583,354609651,343,211,3131,3010,132,121,132.00000,0.29396
534F4C31,41583,354614429,323,194,3129,3011,129,118,129.00000,0.28703
534F4C31,41584,354619167,328,234,3132,3009,94,123,94.00000,0.29859
534F4C31,41585,354624998,330,206,3131,3007,124,124,124.00000,0.30090
534F4C31,41585,354629164,302,178,3132,3009,124,123,124.00000,0.29859
534F4C31,41585,354634298,345,238,3131,3011,107,120,107.00000,0.29165
534F4C31,41586,354639138,349,232,3130,3008,117,122,117.00000,0.29628
534F4C31,41587,354644852,310,236,3132,3011,74,121,74.00000,0.29396
534F4C31,41588,354649372,289,206,3140,3009,83,131,83.00000,0.31708
534F4C31,41589,354654329,327,170,3131,3007,157,124,157.00000,0.30090
534F4C31,41590,354659418,316,129,3135,3005,187,130,187.00000,0.31476
534F4C31,41590,354664178,321,172,3131,3008,149,123,149.00000,0.29859
534F4C31,41591,354669137,336,228,3136,3009,108,127,108.00000,0.30783
534F4C31,41592,354674140,294,189,3139,3011,105,128,105.00000,0.31014
534F4C31,41593,354679382,266,251,3130,3009,15,121,15.00000,0.29396
534F4C31,41594,354684264,231,179,3131,3009,52,122,52.00000,0.29628
534F4C31,41594,354690009,323,189,3130,3010,134,120,134.00000,0.29165
534F4C31,41594,354694140,308,181,3130,3010,127,120,127.00000,0.29165
534F4C31,41594,354699164,341,233,3131,3008,108,123,108.00000,0.29859
534F4C31,41594,354704158,362,254,3128,3006,108,122,108.00000,0.29628
534F4C31,41594,354709137,341,227,3130,3008,114,122,114.00000,0.29628
534F4C31,41595,354714137,335,225,3131,3009,110,122,110.00000,0.29628
534F4C31,41595,354719145,361,265,3131,3007,96,124,96.00000,0.30090
534F4C31,41596,354724706,338,213,3131,3008,125,123,125.00000,0.29859
534F4C31,41597,354729768,304,175,3131,3009,129,122,129.00000,0.29628
534F4C31,41597,354734149,299,236,3131,3009,63,122,63.00000,0.29628
534F4C31,41597,354739153,279,180,3130,3009,99,121,99.00000,0.29396
534F4C31,41598,354744192,307,216,3130,3009,91,121,91.00000,0.29396
534F4C31,41599,354749640,324,231,3142,3012,93,130,93.00000,0.31476
534F4C31,41600,354755558,366,212,3129,3007,154,122,154.00000,0.29628
534F4C31,41601,354759861,333,191,3130,3009,142,121,142.00000,0.29396
534F4C31,41601,354764895,314,201,3130,3006,113,124,113.00000,0.30090
534F4C31,41602,354769151,326,248,3130,3008,78,122,78.00000,0.29628
534F4C31,41602,354774764,284,145,3129,3008,139,121,139.00000,0.29396
534F4C31,41602,354779205,291,172,3131,3009,119,122,119.00000,0.29628
534F4C31,41602,354784141,329,221,3131,3007,108,124,108.00000,0.30090
534F4C31,41603,354789154,306,236,3131,3009,70,122,70.00000,0.29628
534F4C31,41604,354794389,245,248,3144,3011,-3,133,-3.00000,0.32170
534F4C31,41605,354799896,225,200,3131,3007,25,124,25.00000,0.30090
534F4C31,41605,354804132,272,198,3132,3009,74,123,74.00000,0.29859
534F4C31,41606,354809190,262,219,3142,3009,43,133,43.00000,0.32170
534F4C31,41606,354815439,293,205,3131,3007,88,124,88.00000,0.30090
534F4C31,41607,354819160,294,214,3130,3010,80,120,80.00000,0.29165
534F4C31,41608,354824161,293,183,3132,3009,110,123,110.00000,0.29859
534F4C31,41609,354829884,311,169,3131,3010,142,121,142.00000,0.29396
534F4C31,41610,354834198,327,138,3132,3009,189,123,189.00000,0.29859
534F4C31,41610,354839806,358,217,3130,3009,141,121,141.00000,0.29396
534F4C31,41611,354844137,325,187,3130,3009,138,121,138.00000,0.29396
534F4C31,41612,354849374,339,241,3132,3009,98,123,98.00000,0.29859
534F4C31,41613,354854145,311,232,3130,3006,79,124,79.00000,0.30090
534F4C31,41613,354859656,265,186,3129,3012,79,117,79.00000,0.28472
534F4C31,41614,354864170,278,249,3132,3005,29,127,29.00000,0.30783
534F4C31,41614,354870293,299,245,3129,3007,54,122,54.00000,0.29628
534F4C31,41614,354874317,256,180,3130,3008,76,122,76.00000,0.29628
534F4C31,41614,354879173,287,192,3130,3010,95,120,95.00000,0.29165
534F4C31,41615,354884147,335,230,3131,3008,105,123,105.00000,0.29859
534F4C31,41616,354889153,353,234,3141,3008,119,133,119.00000,0.32170
534F4C31,41617,354894147,327,177,3130,3009,150,121,150.00000,0.29396
534F4C31,41617,354899160,341,214,3131,3008,127,123,127.00000,0.29859
534F4C31,41617,354904151,333,209,3132,3008,124,124,124.00000,0.30090
534F4C31,41617,354909138,333,207,3129,3007,126,122,126.00000,0.29628
534F4C31,41618,354914146,330,226,3131,3004,104,127,104.00000,0.30783
534F4C31,41619,354919819,336,228,3131,3008,108,123,108.00000,0.29859
534F4C31,41620,354924178,295,191,3131,3007,104,124,104.00000,0.30090
534F4C31,41621,354929446,275,220,3130,3007,55,123,55.00000,0.29859
534F4C31,41622,354934130,282,202,3130,3008,80,122,80.00000,0.29628
534F4C31,41623,354939890,344,237,3127,3008,107,119,107.00000,0.28934
534F4C31,41624,354944146,294,215,3130,3006,79,124,79.00000,0.30090
534F4C31,41624,354949648,309,214,3130,3007,95,123,95.00000,0.29859
534F4C31,41624,354954130,316,203,3130,3006,113,124,113.00000,0.30090
534F4C31,41624,354959162,298,223,3130,3006,75,124,75.00000,0.30090
534F4C31,41625,354964186,277,232,3130,3009,45,121,45.00000,0.29396
534F4C31,41625,354969133,288,220,3130,3010,68,120,68.00000,0.29165
534F4C31,41625,354974164,311,217,3130,3008,94,122,94.00000,0.29628
534F4C31,41625,354979140,313,198,3131,3009,115,122,115.00000,0.29628
534F4C31,41626,354984150,351,232,3131,3008,119,123,119.00000,0.29859
534F4C31,41627,354989156,341,233,3130,3011,108,119,108.00000,0.28934
534F4C31,41628,354994298,279,234,3130,3008,45,122,45.00000,0.29628
534F4C31,41628,354999141,247,216,3129,3009,31,120,31.00000,0.29165
534F4C31,41629,355004473,293,232,3130,3005,61,125,61.00000,0.30321
534F4C31,41630,355009170,255,195,3140,3008,60,132,60.00000,0.31939
534F4C31,41631,355014144,271,225,3132,3006,46,126,46.00000,0.30552
534F4C31,41631,355019135,288,229,3132,3011,59,121,59.00000,0.29396
534F4C31,41632,355025032,328,220,3130,3008,108,122,108.00000,0.29628
534F4C31,41632,355029130,272,194,3132,3010,78,122,78.00000,0.29628
534F4C31,41633,355034230,303,200,3133,3009,103,124,103.00000,0.30090
534F4C31,41634,355039143,328,183,3130,3008,145,122,145.00000,0.29628
534F4C31,41634,355045623,338,155,3132,3008,183,124,183.00000,0.30090
534F4C31,41634,355049151,321,194,3131,3008,127,123,127.00000,0.29859
534F4C31,41635,355054435,319,235,3130,3009,84,121,84.00000,0.29396
534F4C31,41635,355059142,275,178,3131,3009,97,122,97.00000,0.29628
534F4C31,41635,355064134,302,172,3132,3011,130,121,130.00000,0.29396
534F4C31,41635,355069141,353,227,3131,3010,126,121,126.00000,0.29396
534F4C31,41636,355074915,363,238,3131,3010,125,121,125.00000,0.29396
534F4C31,41637,355079187,315,194,3134,3007,121,127,121.00000,0.30783
534F4C31,41638,355084149,335,264,3130,3008,71,122,71.00000,0.29628
534F4C31,41639,355089136,304,207,3131,3009,97,122,97.00000,0.29628
534F4C31,41639,355094544,318,175,3131,3010,143,121,143.00000,0.29396
534F4C31,41640,355099155,314,214,3139,3009,100,130,100.00000,0.31476
534F4C31,41641,355105070,312,214,3132,3009,98,123,98.00000,0.29859
534F4C31,41641,355109300,255,164,3131,3009,91,122,91.00000,0.29628
534F4C31,41642,355114146,297,181,3132,3009,116,123,116.00000,0.29859
534F4C31,41643,355119982,347,139,3129,3012,208,117,208.00000,0.28472
534F4C31,41643,355124603,337,179,3131,3008,158,123,158.00000,0.29859
534F4C31,41643,355129132,303,152,3131,3010,151,121,151.00000,0.29396
534F4C31,41643,355134139,317,222,3132,3010,95,122,95.00000,0.29628
534F4C31,41643,355139134,326,216,3130,3009,110,121,110.00000,0.29396
534F4C31,41644,355144153,309,214,3131,3010,95,121,95.00000,0.29396
534F4C31,41645,355149184,321,237,3132,3008,84,124,84.00000,0.30090
534F4C31,41646,355154737,362,241,3131,3010,121,121,121.00000,0.29396
534F4C31,41647,355159150,293,203,3132,3009,90,123,90.00000,0.29859
534F4C31,41648,355164191,242,172,3130,3008,70,122,70.00000,0.29628
534F4C31,41649,355169183,321,219,3132,3011,102,121,102.00000,0.29396
534F4C31,41650,355174168,299,192,3131,3011,107,120,107.00000,0.29165
534F4C31,41650,355180284,276,141,3132,3012,135,120,135.00000,0.29165
534F4C31,41651,355184202,309,190,3131,3010,119,121,119.00000,0.29396
534F4C31,41652,355189747,344,226,3132,3011,118,121,118.00000,0.29396
534F4C31,41653,355194150,279,160,3132,3009,119,123,119.00000,0.29859
534F4C31,41654,355200634,350,225,3134,3006,125,128,125.00000,0.31014
534F4C31,41654,355205221,362,212,3131,3004,150,127,150.00000,0.30783
534F4C31,41654,355210430,354,204,3130,3007,150,123,150.00000,0.29859
534F4C31,41654,355214133,308,184,3131,3011,124,120,124.00000,0.29165
534F4C31,41655,355219183,351,232,3132,3009,119,123,119.00000,0.29859
534F4C31,41655,355224430,333,151,3130,3012,182,118,182.00000,0.28703
534F4C31,41655,355229149,325,173,3132,3012,152,120,152.00000,0.29165
534F4C31,41655,355234142,353,201,3130,3011,152,119,152.00000,0.28934
534F4C31,41656,355239157,372,223,3131,3009,149,122,149.00000,0.29628
534F4C31,41657,355244149,283,201,3131,3010,82,121,82.00000,0.29396
534F4C31,41658,355249132,285,198,3132,3009,87,123,87.00000,0.29859
534F4C31,41659,355254388,309,226,3131,3010,83,121,83.00000,0.29396
534F4C31,41660,355259331,269,152,3131,3010,117,121,117.00000,0.29396
534F4C31,41660,355264144,265,196,3131,3009,69,122,69.00000,0.29628
534F4C31,41660,355269429,256,149,3132,3010,107,122,107.00000,0.29628
534F4C31,41661,355274178,285,227,3131,3011,58,120,58.00000,0.29165
534F4C31,41661,355279136,227,135,3131,3011,92,120,92.00000,0.29165
534F4C31,41661,355284387,324,217,3136,3007,107,129,107.00000,0.31245
534F4C31,41662,355289177,345,222,3133,3012,123,121,123.00000,0.29396
534F4C31,41663,355294133,330,206,3134,3010,124,124,124.00000,0.30090
534F4C31,41663,355299995,365,231,3132,3010,134,122,134.00000,0.29628
534F4C31,41663,355304580,357,236,3132,3008,121,124,121.00000,0.30090
534F4C31,41664,355309154,315,202,3130,3012,113,118,113.00000,0.28703
534F4C31,41665,355314559,308,211,3143,3009,97,134,97.00000,0.32401
534F4C31,41666,355319286,327,194,3133,3012,133,121,133.00000,0.29396
534F4C31,41667,355324132,335,200,3131,3009,135,122,135.00000,0.29628
534F4C31,41668,355329971,340,220,3131,3010,120,121,120.00000,0.29396
534F4C31,41669,355334703,329,232,3140,3010,97,130,97.00000,0.31476
534F4C31,41670,355339732,296,218,3131,3013,78,118,78.00000,0.28703
534F4C31,41670,355344140,249,181,3131,3010,68,121,68.00000,0.29396
534F4C31,41671,355349163,260,269,3133,3010,-9,123,-9.00000,0.29859
534F4C31,41671,355355109,277,230,3130,3011,47,119,47.00000,0.28934
534F4C31,41671,355359141,282,199,3130,3010,83,120,83.00000,0.29165
534F4C31,41671,355364147,311,219,3131,3008,92,123,92.00000,0.29859
534F4C31,41671,355369147,350,245,3131,3011,105,120,105.00000,0.29165
534F4C31,41672,355374167,342,239,3141,3010,103,131,103.00000,0.31708
534F4C31,41673,355379416,279,174,3136,3010,105,126,105.00000,0.30552
534F4C31,41674,355384874,338,251,3130,3008,87,122,87.00000,0.29628
534F4C31,41675,355389627,279,155,3132,3010,124,122,124.00000,0.29628
534F4C31,41675,355394552,304,172,3129,3008,132,121,132.00000,0.29396
534F4C31,41675,355399148,325,216,3133,3009,109,124,109.00000,0.30090
534F4C31,41675,355404156,351,252,3132,3012,99,120,99.00000,0.29165
534F4C31,41676,355409143,334,225,3133,3011,109,122,109.00000,0.29628
534F4C31,41677,355414155,325,215,3131,3010,110,121,110.00000,0.29396
534F4C31,41678,355419773,338,269,3131,3010,69,121,69.00000,0.29396
534F4C31,41678,355424859,264,182,3129,3009,82,120,82.00000,0.29165
534F4C31,41679,355429169,281,183,3132,3010,98,122,98.00000,0.29628
534F4C31,41680,355434130,327,222,3131,3007,105,124,105.00000,0.30090
534F4C31,41681,355439146,347,179,3132,3008,168,124,168.00000,0.30090
534F4C31,41681,355444294,319,142,3138,3009,177,129,177.00000,0.31245
534F4C31,41681,355449138,346,200,3131,3009,146,122,146.00000,0.29628
534F4C31,41682,355454138,335,243,3134,3011,92,123,92.00000,0.29859
534F4C31,41682,355459627,301,201,3132,3009,100,123,100.00000,0.29859
534F4C31,41683,355464697,305,220,3133,3009,85,124,85.00000,0.30090
534F4C31,41684,355469267,308,247,3142,3009,61,133,61.00000,0.32170
534F4C31,41685,355474550,264,212,3131,3006,52,125,52.00000,0.30321
534F4C31,41685,355479135,257,170,3133,3012,87,121,87.00000,0.29396
534F4C31,41686,355485726,357,276,3133,3011,81,122,81.00000,0.29628
534F4C31,41687,355489617,286,163,3147,3005,123,142,123.00000,0.34250
534F4C31,41687,355494526,278,140,3147,3011,138,136,138.00000,0.32863
534F4C31,41687,355499135,306,194,3147,3006,112,141,112.00000,0.34019
534F4C31,41688,355504174,344,256,3147,3008,88,139,88.00000,0.33556
534F4C31,41688,355509145,286,193,3146,3009,93,137,93.00000,0.33094
534F4C31,41689,355514144,308,211,3147,3009,97,138,97.00000,0.33325
534F4C31,41689,355519233,349,246,3147,3007,103,140,103.00000,0.33787
534F4C31,41689,355524153,329,235,3146,3009,94,137,94.00000,0.33094
534F4C31,41690,355529805,308,219,3147,3009,89,138,89.00000,0.33325
534F4C31,41691,355534140,315,212,3147,3009,103,138,103.00000,0.33325
534F4C31,41692,355539133,345,222,3158,3007,123,151,123.00000,0.36330
534F4C31,41693,355545296,311,189,3153,3007,122,146,122.00000,0.35174
534F4C31,41694,355549152,306,192,3147,3007,114,140,114.00000,0.33787
534F4C31,41695,355554513,365,260,3147,3011,105,136,105.00000,0.32863
534F4C31,41696,355559165,314,241,3147,3010,73,137,73.00000,0.33094
534F4C31,41696,355565123,246,175,3146,3008,71,138,71.00000,0.33325
534F4C31,41696,355569138,285,172,3147,3008,113,139,113.00000,0.33556
534F4C31,41697,355574397,261,239,3147,3010,22,137,22.00000,0.33094
534F4C31,41697,355579600,199,144,3147,3011,55,136,55.00000,0.32863
534F4C31,41697,355584129,299,213,3148,3010,86,138,86.00000,0.33325
534F4C31,41698,355589129,346,226,3148,3010,120,138,120.00000,0.33325
534F4C31,41699,355594152,319,190,3146,3009,129,137,129.00000,0.33094
534F4C31,41699,355599159,288,219,3146,3009,69,137,69.00000,0.33094
534F4C31,41699,355604134,308,220,3146,3009,88,137,88.00000,0.33094
534F4C31,41699,355609187,320,218,3146,3009,102,137,102.00000,0.33094
534F4C31,41700,355614182,299,235,3150,3009,64,141,64.00000,0.34019
534F4C31,41701,355619152,314,226,3146,3010,88,136,88.00000,0.32863
534F4C31,41702,355624404,289,218,3147,3011,71,136,71.00000,0.32863
534F4C31,41702,355629592,252,129,3148,3009,123,139,123.00000,0.33556
534F4C31,41703,355634918,329,245,3149,3010,84,139,84.00000,0.33556
534F4C31,41704,355639130,308,198,3146,3010,110,136,110.00000,0.32863
534F4C31,41705,355644709,297,245,3146,3010,52,136,52.00000,0.32863
534F4C31,41706,355649850,260,178,3148,3009,82,139,82.00000,0.33556
534F4C31,41706,355654620,324,193,3147,3009,131,138,131.00000,0.33325
534F4C31,41706,355659135,302,164,3148,3010,138,138,138.00000,0.33325
534F4C31,41706,355664112,317,200,3147,3009,117,138,117.00000,0.33325
534F4C31,41707,355669187,343,278,3149,3010,65,139,65.00000,0.33556
534F4C31,41708,355674925,306,207,3146,3010,99,136,99.00000,0.32863
534F4C31,41709,355679152,298,178,3147,3011,120,136,120.00000,0.32863
534F4C31,41709,355685003,358,248,3147,3011,110,136,110.00000,0.32863
534F4C31,41709,355689175,351,229,3146,3010,122,136,122.00000,0.32863
534F4C31,41710,355694161,297,216,3149,3010,81,139,81.00000,0.33556
534F4C31,41711,355699155,295,188,3147,3008,107,139,107.00000,0.33556
534F4C31,41711,355705112,367,227,3148,3012,140,136,140.00000,0.32863
534F4C31,41711,355709752,335,216,3146,3010,119,136,119.00000,0.32863
534F4C31,41711,355714143,304,195,3147,3010,109,137,109.00000,0.33094
534F4C31,41712,355719160,339,252,3146,3011,87,135,87.00000,0.32632
534F4C31,41713,355724222,283,202,3146,3012,81,134,81.00000,0.32401
534F4C31,41714,355729153,271,178,3148,3009,93,139,93.00000,0.33556
534F4C31,41715,355734499,322,260,3146,3011,62,135,62.00000,0.32632
534F4C31,41716,355739135,284,221,3146,3011,63,135,63.00000,0.32632
534F4C31,41717,355744667,296,166,3150,3010,130,140,130.00000,0.33787
534F4C31,41718,355749130,323,203,3153,3009,120,144,120.00000,0.34712
534F4C31,41718,355754847,345,230,3150,3011,115,139,115.00000,0.33556
534F4C31,41718,355759141,283,163,3146,3012,120,134,120.00000,0.32401
534F4C31,41718,355764163,310,208,3147,3011,102,136,102.00000,0.32863
534F4C31,41719,355769140,342,236,3147,3011,106,136,106.00000,0.32863
534F4C31,41720,355774151,338,206,3147,3008,132,139,132.00000,0.33556
534F4C31,41721,355780218,328,261,3146,3011,67,135,67.00000,0.32632
534F4C31,41722,355784748,247,217,3146,3013,30,133,30.00000,0.32170
534F4C31,41723,355790628,283,223,3148,3012,60,136,60.00000,0.32863
534F4C31,41724,355795357,244,183,3148,3010,61,138,61.00000,0.33325
534F4C31,41724,355799916,247,164,3148,3007,83,141,83.00000,0.34019
534F4C31,41724,355804128,282,207,3147,3011,75,136,75.00000,0.32863
534F4C31,41724,355809428,306,217,3148,3008,89,140,89.00000,0.33787
534F4C31,41724,355814141,302,209,3148,3009,93,139,93.00000,0.33556
534F4C31,41725,355819134,344,242,3147,3008,102,139,102.00000,0.33556
534F4C31,41726,355824145,335,240,3148,3010,95,138,95.00000,0.33325
534F4C31,41727,355829139,300,201,3148,3011,99,137,99.00000,0.33094
534F4C31,41728,355834572,334,252,3149,3009,82,140,82.00000,0.33787
534F4C31,41729,355839342,331,229,3148,3009,102,139,102.00000,0.33556
534F4C31,41729,355844471,284,191,3147,3010,93,137,93.00000,0.33094
534F4C31,41729,355849168,304,211,3146,3012,93,134,93.00000,0.32401
534F4C31,41730,355854152,343,246,3146,3009,97,137,97.00000,0.33094
534F4C31,41730,355859161,326,234,3156,3007,92,149,92.00000,0.35867
534F4C31,41730,355864162,291,239,3146,3010,52,136,52.00000,0.32863
534F4C31,41730,355869138,296,215,3147,3009,81,138,81.00000,0.33325
534F4C31,41730,355874154,325,219,3147,3010,106,137,106.00000,0.33094
534F4C31,41731,355880017,331,223,3147,3011,108,136,108.00000,0.32863
534F4C31,41732,355884158,327,207,3149,3010,120,139,120.00000,0.33556
534F4C31,41733,355889168,287,229,3147,3010,58,137,58.00000,0.33094
534F4C31,41734,355894327,262,148,3148,3010,114,138,114.00000,0.33325
534F4C31,41734,355899887,341,230,3147,3008,111,139,111.00000,0.33556
534F4C31,41735,355904421,348,250,3147,3010,98,137,98.00000,0.33094
534F4C31,41736,355909148,311,223,3147,3008,88,139,88.00000,0.33556
534F4C31,41736,355914128,304,205,3147,3011,99,136,99.00000,0.32863
534F4C31,41737,355919955,367,299,3148,3008,68,140,68.00000,0.33787
534F4C31,41737,355924488,276,211,3147,3010,65,137,65.00000,0.33094
534F4C31,41738,355929342,284,214,3147,3010,70,137,70.00000,0.33094
534F4C31,41739,355934401,301,211,3148,3010,90,138,90.00000,0.33325
534F4C31,41740,355939347,322,166,3158,3009,156,149,156.00000,0.35867
534F4C31,41740,355945308,301,134,3147,3010,167,137,167.00000,0.33094
534F4C31,41740,355949142,275,183,3147,3008,92,139,92.00000,0.33556
534F4C31,41740,355954131,298,212,3147,3009,86,138,86.00000,0.33325
534F4C31,41741,355959561,285,250,3148,3009,35,139,35.00000,0.33556
534F4C31,41742,355964353,221,184,3148,3010,37,138,37.00000,0.33325
534F4C31,41742,355969701,320,198,3148,3009,122,139,122.00000,0.33556
534F4C31,41742,355974173,316,205,3147,3008,111,139,111.00000,0.33556
534F4C31,41742,355979145,314,201,3148,3009,113,139,113.00000,0.33556
534F4C31,41743,355984164,342,250,3147,3012,92,135,92.00000,0.32632
534F4C31,41744,355989145,292,189,3148,3012,103,136,103.00000,0.32863
534F4C31,41745,355994318,252,215,3150,3008,37,142,37.00000,0.34250
534F4C31,41746,355999145,246,221,3148,3008,25,140,25.00000,0.33787
534F4C31,41747,356004155,276,247,3146,3007,29,139,29.00000,0.33556
534F4C31,41748,356009762,288,217,3151,3007,71,144,71.00000,0.34712
534F4C31,41748,356014132,273,216,3154,3010,57,144,57.00000,0.34712
534F4C31,41748,356019411,287,203,3147,3010,84,137,84.00000,0.33094
534F4C31,41748,356024181,311,212,3147,3012,99,135,99.00000,0.32632
534F4C31,41748,356029139,315,200,3148,3011,115,137,115.00000,0.33094
534F4C31,41749,356034352,351,239,3148,3010,112,138,112.00000,0.33325
534F4C31,41750,356039162,366,227,3149,3010,139,139,139.00000,0.33556
534F4C31,41751,356045445,358,223,3148,3010,135,138,135.00000,0.33325
534F4C31,41751,356049141,328,208,3149,3007,120,142,120.00000,0.34250
534F4C31,41751,356054141,357,229,3146,3008,128,138,128.00000,0.33325
534F4C31,41752,356059331,333,235,3150,3011,98,139,98.00000,0.33556
534F4C31,41753,356064340,308,219,3147,3010,89,137,89.00000,0.33094
534F4C31,41754,356069925,358,246,3147,3010,112,137,112.00000,0.33094
534F4C31,41755,356074128,310,162,3146,3008,148,138,148.00000,0.33325
534F4C31,41755,356079128,317,151,3146,3011,166,135,166.00000,0.32632
534F4C31,41755,356084389,336,239,3146,3009,97,137,97.00000,0.33094
534F4C31,41756,356089922,322,230,3160,3008,92,152,92.00000,0.36561
534F4C31,41757,356094951,309,186,3148,3011,123,137,123.00000,0.33094
534F4C31,41758,356099600,307,243,3148,3006,64,142,64.00000,0.34250
534F4C31,41759,356104302,288,208,3147,3007,80,140,80.00000,0.33787
534F4C31,41759,356109615,316,203,3146,3010,113,136,113.00000,0.32863
534F4C31,41760,356114638,303,191,3148,3011,112,137,112.00000,0.33094
534F4C31,41761,356119145,310,236,3146,3010,74,136,74.00000,0.32863
534F4C31,41761,356125074,313,203,3146,3009,110,137,110.00000,0.33094
534F4C31,41761,356129140,286,191,3147,3009,95,138,95.00000,0.33325
534F4C31,41762,356134151,313,216,3148,3010,97,138,97.00000,0.33325
534F4C31,41762,356139128,352,243,3145,3007,109,138,109.00000,0.33325
534F4C31,41762,356144139,332,221,3148,3009,111,139,111.00000,0.33556
534F4C31,41763,356149306,304,263,3147,3009,41,138,41.00000,0.33325
534F4C31,41764,356154574,289,246,3146,3011,43,135,43.00000,0.32632
534F4C31,41764,356159158,276,188,3145,3007,88,138,88.00000,0.33325
534F4C31,41764,356164138,278,182,3146,3008,96,138,96.00000,0.33325
534F4C31,41765,356169161,313,224,3150,3010,89,140,89.00000,0.33787
534F4C31,41765,356174129,324,209,3146,3010,115,136,115.00000,0.32863
534F4C31,41766,356179175,311,280,3147,3007,31,140,31.00000,0.33787
534F4C31,41767,356184478,250,193,3148,3006,57,142,57.00000,0.34250
534F4C31,41768,356189131,294,241,3147,3004,53,143,53.00000,0.34481
534F4C31,41769,356196748,260,205,3148,3009,55,139,55.00000,0.33556
534F4C31,41770,356203174,337,206,3154,3009,131,145,131.00000,0.34943
534F4C31,41770,356207994,320,214,3147,3009,106,138,106.00000,0.33325
534F4C31,41770,356211963,256,154,3147,3010,102,137,102.00000,0.33094
534F4C31,41770,356215465,271,145,3147,3011,126,136,126.00000,0.32863
534F4C31,41770,356219141,290,173,3148,3009,117,139,117.00000,0.33556
534F4C31,41770,356224156,327,206,3148,3007,121,141,121.00000,0.34019
534F4C31,41771,356229187,292,222,3147,3011,70,136,70.00000,0.32863
534F4C31,41772,356234156,263,202,3148,3012,61,136,61.00000,0.32863
534F4C31,41773,356239536,304,214,3146,3009,90,137,90.00000,0.33094
534F4C31,41774,356244579,278,130,3148,3008,148,140,148.00000,0.33787
534F4C31,41775,356249374,322,203,3147,3009,119,138,119.00000,0.33325
534F4C31,41775,356254690,351,216,3147,3008,135,139,135.00000,0.33556
534F4C31,41776,356259149,320,195,3146,3009,125,137,125.00000,0.33094
534F4C31,41777,356264492,294,215,3147,3010,79,137,79.00000,0.33094
534F4C31,41778,356269314,289,161,3153,3007,128,146,128.00000,0.35174
534F4C31,41778,356274142,317,146,3146,3009,171,137,171.00000,0.33094
534F4C31,41779,356279179,315,209,3147,3008,106,139,106.00000,0.33556
534F4C31,41779,356284602,309,217,3149,3010,92,139,92.00000,0.33556
534F4C31,41779,356289525,306,236,3146,3011,70,135,70.00000,0.32632
534F4C31,41779,356294133,288,197,3147,3009,91,138,91.00000,0.33325
534F4C31,41779,356299149,326,231,3148,3008,95,140,95.00000,0.33787
534F4C31,41779,356304161,353,253,3146,3010,100,136,100.00000,0.32863
534F4C31,41780,356309189,329,230,3146,3010,99,136,99.00000,0.32863
534F4C31,41781,356314190,310,214,3149,3009,96,140,96.00000,0.33787
534F4C31,41782,356319412,341,239,3151,3009,102,142,102.00000,0.34250
534F4C31,41783,356324139,335,214,3147,3009,121,138,121.00000,0.33325
534F4C31,41784,356329187,315,227,3149,3008,88,141,88.00000,0.34019
534F4C31,41785,356334656,316,228,3147,3004,88,143,88.00000,0.34481
534F4C31,41786,356339504,330,231,3149,3010,99,139,99.00000,0.33556
534F4C31,41787,356344149,251,191,3155,3009,60,146,60.00000,0.35174
534F4C31,41788,356349141,256,194,3151,3009,62,142,62.00000,0.34250
534F4C31,41789,356355151,335,218,3147,3009,117,138,117.00000,0.33325
534F4C31,41789,356359154,301,150,3147,3011,151,136,151.00000,0.32863
534F4C31,41789,356364183,299,228,3148,3010,71,138,71.00000,0.33325
534F4C31,41789,356369135,303,214,3147,3008,89,139,89.00000,0.33556
534F4C31,41790,356374160,323,226,3148,3008,97,140,97.00000,0.33787
534F4C31,41790,356379156,301,195,3148,3009,106,139,106.00000,0.33556
534F4C31,41791,356384168,342,226,3149,3010,116,139,116.00000,0.33556
534F4C31,41792,356389612,303,266,3146,3007,37,139,37.00000,0.33556
534F4C31,41792,356394685,216,168,3145,3010,48,135,48.00000,0.32632
534F4C31,41792,356399176,283,213,3148,3011,70,137,70.00000,0.33094
534F4C31,41792,356404151,328,242,3147,3009,86,138,86.00000,0.33325
534F4C31,41792,356409146,323,222,3147,3008,101,139,101.00000,0.33556
534F4C31,41793,356414607,327,238,3147,3008,89,139,89.00000,0.33556
534F4C31,41794,356419421,328,232,3151,3012,96,139,96.00000,0.33556
534F4C31,41795,356424151,328,202,3147,3010,126,137,126.00000,0.33094
534F4C31,41795,356429136,314,147,3147,3006,167,141,167.00000,0.34019
534F4C31,41795,356434149,323,229,3147,3008,94,139,94.00000,0.33556
534F4C31,41796,356439138,338,223,3149,3009,115,140,115.00000,0.33787
534F4C31,41797,356444147,302,173,3149,3008,129,141,129.00000,0.34019
534F4C31,41798,356449420,312,208,3157,3007,104,150,104.00000,0.36098
534F4C31,41799,356454225,323,208,3147,3010,115,137,115.00000,0.33094
534F4C31,41800,356459128,317,174,3146,3008,143,138,143.00000,0.33325
534F4C31,41800,356464519,318,217,3147,3008,101,139,101.00000,0.33556
534F4C31,41800,356469137,325,218,3147,3010,107,137,107.00000,0.33094
534F4C31,41801,356474535,328,214,3147,3009,114,138,114.00000,0.33325
534F4C31,41802,356479150,306,171,3148,3009,135,139,135.00000,0.33556
534F4C31,41803,356484132,338,220,3149,3009,118,140,118.00000,0.33787
534F4C31,41804,356489341,329,220,3148,3007,109,141,109.00000,0.34019
534F4C31,41805,356494130,301,157,3147,3008,144,139,144.00000,0.33556
534F4C31,41805,356500343,350,168,3147,3010,182,137,182.00000,0.33094
534F4C31,41805,356504134,340,196,3150,3011,144,139,144.00000,0.33556
534F4C31,41805,356509151,332,208,3145,3009,124,136,124.00000,0.32863
534F4C31,41806,356514135,320,208,3148,3007,112,141,112.00000,0.34019
534F4C31,41807,356519992,351,250,3147,3009,101,138,101.00000,0.33325
534F4C31,41808,356524130,293,160,3144,3009,133,135,133.00000,0.32632
534F4C31,41808,356529693,317,174,3147,3010,143,137,143.00000,0.33094
534F4C31,41808,356534143,334,230,3148,3010,104,138,104.00000,0.33325
534F4C31,41808,356539141,342,233,3144,3009,109,135,109.00000,0.32632
534F4C31,41809,356544194,329,233,3146,3009,96,137,96.00000,0.33094
534F4C31,41809,356549453,319,229,3147,3008,90,139,90.00000,0.33556
534F4C31,41810,356554174,287,267,3146,3007,20,139,20.00000,0.33556
534F4C31,41811,356559879,231,192,3146,3006,39,140,39.00000,0.33787
534F4C31,41811,356564808,286,236,3146,3010,50,136,50.00000,0.32863
534F4C31,41811,356569143,277,180,3147,3009,97,138,97.00000,0.33325
534F4C31,41811,356574140,321,211,3146,3010,110,136,110.00000,0.32863
534F4C31,41812,356579166,315,217,3145,3008,98,137,98.00000,0.33094
534F4C31,41813,356584352,304,192,3149,3010,112,139,112.00000,0.33556
534F4C31,41814,356589309,344,195,3147,3012,149,135,149.00000,0.32632
534F4C31,41815,356594193,281,221,3147,3006,60,141,60.00000,0.34019
534F4C31,41816,356599139,255,186,3147,3007,69,140,69.00000,0.33787
534F4C31,41817,356604160,315,192,3150,3006,123,144,123.00000,0.34712
534F4C31,41818,356609897,319,174,3148,3006,145,142,145.00000,0.34250
534F4C31,41818,356614232,281,121,3148,3010,160,138,160.00000,0.33325
534F4C31,41819,356619919,345,251,3155,3008,94,147,94.00000,0.35405
534F4C31,41820,356624694,306,205,3147,3009,101,138,101.00000,0.33325
534F4C31,41820,356629144,273,188,3149,3009,85,140,85.00000,0.33787
534F4C31,41820,356634130,287,164,3148,3013,123,135,123.00000,0.32632
534F4C31,41821,356639174,349,225,3148,3011,124,137,124.00000,0.33094
534F4C31,41822,356644241,328,163,3148,3012,165,136,165.00000,0.32863
534F4C31,41822,356649557,332,235,3148,3009,97,139,97.00000,0.33556
534F4C31,41823,356654154,325,228,3148,3009,97,139,97.00000,0.33556
534F4C31,41823,356659159,297,224,3146,3010,73,136,73.00000,0.32863
534F4C31,41823,356664117,270,156,3146,3008,114,138,114.00000,0.33325
534F4C31,41823,356669245,334,236,3147,3009,98,138,98.00000,0.33325
534F4C31,41823,356674136,330,214,3148,3009,116,139,116.00000,0.33556
534F4C31,41823,356679142,313,188,3147,3007,125,140,125.00000,0.33787
534F4C31,41824,356684152,326,245,3148,3010,81,138,81.00000,0.33325
534F4C31,41825,356689179,312,239,3152,3007,73,145,73.00000,0.34943
534F4C31,41826,356694177,282,222,3149,3010,60,139,60.00000,0.33556
534F4C31,41827,356699357,259,262,3148,3007,-3,141,-3.00000,0.34019
534F4C31,41828,356705885,297,231,3146,3008,66,138,66.00000,0.33325
534F4C31,41829,356709134,241,211,3148,3007,30,141,30.00000,0.34019
534F4C31,41830,356714277,235,195,3148,3008,40,140,40.00000,0.33787
534F4C31,41830,356719149,293,190,3150,3009,103,141,103.00000,0.34019
534F4C31,41831,356724144,315,228,3147,3010,87,137,87.00000,0.33094
534F4C31,41831,356729145,287,165,3148,3009,122,139,122.00000,0.33556
534F4C31,41831,356734136,333,226,3147,3009,107,138,107.00000,0.33325
534F4C31,41832,356739167,361,229,3150,3007,132,143,132.00000,0.34481
534F4C31,41832,356744131,325,189,3147,3008,136,139,136.00000,0.33556
534F4C31,41833,356749434,291,245,3147,3006,46,141,46.00000,0.34019
534F4C31,41834,356755363,287,163,3147,3008,124,139,124.00000,0.33556
534F4C31,41835,356760092,300,136,3149,3009,164,140,164.00000,0.33787
534F4C31,41836,356764617,287,166,3148,3011,121,137,121.00000,0.33094
534F4C31,41837,356769263,312,216,3146,3008,96,138,96.00000,0.33325
534F4C31,41838,356774151,241,219,3146,3010,22,136,22.00000,0.32863
534F4C31,41838,356779587,227,166,3147,3008,61,139,61.00000,0.33556
534F4C31,41839,356784182,298,235,3147,3004,63,143,63.00000,0.34481
534F4C31,41839,356789361,312,217,3146,3009,95,137,95.00000,0.33094
534F4C31,41839,356794173,300,197,3147,3010,103,137,103.00000,0.33094
534F4C31,41839,356799136,316,210,3148,3009,106,139,106.00000,0.33556
534F4C31,41840,356804150,345,247,3147,3012,98,135,98.00000,0.32632
534F4C31,41840,356809129,329,213,3147,3011,116,136,116.00000,0.32863
534F4C31,41841,356814263,317,202,3148,3010,115,138,115.00000,0.33325
534F4C31,41841,356819702,349,225,3148,3010,124,138,124.00000,0.33325
534F4C31,41841,356824141,337,213,3148,3009,124,139,124.00000,0.33556
534F4C31,41841,356829134,324,209,3147,3011,115,136,115.00000,0.32863
534F4C31,41842,356834158,347,235,3148,3006,112,142,112.00000,0.34250
534F4C31,41843,356839542,339,235,3149,3012,104,137,104.00000,0.33094
534F4C31,41844,356844991,317,174,3152,3008,143,144,143.00000,0.34712
534F4C31,41844,356849845,329,161,3148,3012,168,136,168.00000,0.32863
534F4C31,41845,356854379,339,217,3146,3009,122,137,122.00000,0.33094
534F4C31,41846,356859726,326,206,3146,3010,120,136,120.00000,0.32863
534F4C31,41847,356864129,284,175,3148,3009,109,139,109.00000,0.33556
534F4C31,41848,356869553,344,245,3156,3007,99,149,99.00000,0.35867
534F4C31,41849,356874141,326,213,3146,3009,113,137,113.00000,0.33094
534F4C31,41849,356880078,334,219,3147,3010,115,137,115.00000,0.33094
534F4C31,41849,356884332,335,208,3146,3011,127,135,127.00000,0.32632
534F4C31,41850,356889175,356,237,3146,3008,119,138,119.00000,0.33325
534F4C31,41851,356894141,335,218,3146,3010,117,136,117.00000,0.32863
534F4C31,41852,356900076,299,272,3147,3008,27,139,27.00000,0.33556
534F4C31,41852,356905775,286,207,3146,3008,79,138,79.00000,0.33325
534F4C31,41852,356909143,263,161,3146,3009,102,137,102.00000,0.33094
534F4C31,41853,356914151,300,192,3150,3008,108,142,108.00000,0.34250
534F4C31,41853,356919126,345,228,3146,3009,117,137,117.00000,0.33094
534F4C31,41853,356924162,353,230,3147,3009,123,138,123.00000,0.33325
534F4C31,41854,356929147,328,207,3156,3009,121,147,121.00000,0.35405
534F4C31,41854,356934637,317,196,3148,3006,121,142,121.00000,0.34250
534F4C31,41854,356939142,332,220,3146,3007,112,139,112.00000,0.33556
534F4C31,41854,356944153,323,215,3145,3010,108,135,108.00000,0.32632
534F4C31,41855,356949154,333,231,3148,3011,102,137,102.00000,0.33094
534F4C31,41856,356954680,362,248,3146,3009,114,137,114.00000,0.33094
534F4C31,41857,356959264,319,168,3147,3007,151,140,151.00000,0.33787
534F4C31,41858,356964337,290,174,3148,3010,116,138,116.00000,0.33325
534F4C31,41859,356969424,294,241,3148,3009,53,139,53.00000,0.33556
534F4C31,41859,356974204,248,163,3149,3011,85,138,85.00000,0.33325
534F4C31,41860,356979177,295,174,3148,3010,121,138,121.00000,0.33325
534F4C31,41861,356984171,315,252,3147,3007,63,140,63.00000,0.33787
534F4C31,41862,356989129,297,216,3158,3010,81,148,81.00000,0.35636
534F4C31,41863,356994144,286,196,3148,3008,90,140,90.00000,0.33787
534F4C31,41864,356999546,307,226,3149,3007,81,142,81.00000,0.34250
534F4C31,41865,357004147,319,185,3145,3009,134,136,134.00000,0.32863
534F4C31,41865,357010508,317,132,3147,3009,185,138,185.00000,0.33325
534F4C31,41865,357014270,286,160,3146,3010,126,136,126.00000,0.32863
534F4C31,41866,357019157,331,208,3148,3011,123,137,123.00000,0.33094
534F4C31,41866,357024129,346,220,3146,3010,126,136,126.00000,0.32863
534F4C31,41866,357029149,331,209,3147,3008,122,139,122.00000,0.33556
534F4C31,41867,357034185,332,228,3147,3007,104,140,104.00000,0.33787
534F4C31,41868,357039154,344,239,3148,3011,105,137,105.00000,0.33094
534F4C31,41868,357044146,287,220,3146,3010,67,136,67.00000,0.32863
534F4C31,41869,357049134,293,209,3147,3012,84,135,84.00000,0.32632
534F4C31,41869,357054268,339,238,3150,3006,101,144,101.00000,0.34712
534F4C31,41869,357059159,311,169,3149,3009,142,140,142.00000,0.33787
534F4C31,41869,357064177,315,197,3149,3010,118,139,118.00000,0.33556
534F4C31,41869,357069140,346,229,3147,3008,117,139,117.00000,0.33556
534F4C31,41870,357074138,350,226,3148,3008,124,140,124.00000,0.33787
534F4C31,41871,357079151,328,211,3153,3010,117,143,117.00000,0.34481
534F4C31,41872,357084215,323,213,3150,3008,110,142,110.00000,0.34250
534F4C31,41872,357089238,328,214,3149,3008,114,141,114.00000,0.34019
534F4C31,41873,357094149,326,202,3157,3008,124,149,124.00000,0.35867
534F4C31,41873,357099334,309,174,3147,3010,135,137,135.00000,0.33094
534F4C31,41874,357104478,318,260,3147,3008,58,139,58.00000,0.33556
534F4C31,41875,357109139,248,211,3146,3008,37,138,37.00000,0.33325
534F4C31,41876,357114150,239,206,3149,3009,33,140,33.00000,0.33787
534F4C31,41876,357120160,321,249,3147,3008,72,139,72.00000,0.33556
534F4C31,41876,357124140,310,209,3147,3009,101,138,101.00000,0.33325
534F4C31,41877,357129184,281,218,3156,3008,63,148,63.00000,0.35636
534F4C31,41877,357134543,280,184,3148,3009,96,139,96.00000,0.33556
534F4C31,41878,357139180,288,224,3155,3010,64,145,64.00000,0.34943
534F4C31,41879,357144152,259,203,3147,3009,56,138,56.00000,0.33325
534F4C31,41880,357149158,285,252,3148,3009,33,139,33.00000,0.33556
534F4C31,41881,357155724,294,179,3148,3012,115,136,115.00000,0.32863
534F4C31,41881,357160174,291,198,3147,3010,93,137,93.00000,0.33094
534F4C31,41881,357164128,237,163,3148,3007,74,141,74.00000,0.34019
534F4C31,41881,357169139,298,210,3148,3009,88,139,88.00000,0.33556
534F4C31,41882,357174668,323,237,3151,3007,86,144,86.00000,0.34712
534F4C31,41883,357179147,297,187,3148,3009,110,139,110.00000,0.33556
534F4C31,41883,357184281,335,216,3147,3009,119,138,119.00000,0.33325
534F4C31,41884,357189137,358,219,3147,3008,139,139,139.00000,0.33556
534F4C31,41885,357195243,358,216,3147,3009,142,138,142.00000,0.33325
534F4C31,41886,357199229,323,199,3148,3009,124,139,124.00000,0.33556
534F4C31,41886,357205449,372,230,3148,3009,142,139,142.00000,0.33556
534F4C31,41887,357209139,310,179,3148,3010,131,138,131.00000,0.33325
534F4C31,41888,357216351,384,262,3149,3009,122,140,122.00000,0.33787
534F4C31,41888,357220366,345,187,3146,3008,158,138,158.00000,0.33325
534F4C31,41888,357224144,282,196,3145,3009,86,136,86.00000,0.32863
534F4C31,41888,357229148,267,148,3147,3011,119,136,119.00000,0.32863
534F4C31,41889,357234512,327,219,3151,3005,108,146,108.00000,0.35174
534F4C31,41890,357240044,348,206,3147,3005,142,142,142.00000,0.34250
534F4C31,41890,357244136,297,157,3146,3010,140,136,140.00000,0.32863
534F4C31,41890,357249134,310,179,3147,3009,131,138,131.00000,0.33325
534F4C31,41891,357254153,350,246,3146,3007,104,139,104.00000,0.33556
534F4C31,41892,357259466,311,193,3146,3010,118,136,118.00000,0.32863
534F4C31,41893,357264161,269,182,3147,3008,87,139,87.00000,0.33556
534F4C31,41894,357269143,310,194,3149,3008,116,141,116.00000,0.34019
534F4C31,41894,357274129,333,185,3146,3008,148,138,148.00000,0.33325
534F4C31,41895,357279526,328,206,3149,3009,122,140,122.00000,0.33787
534F4C31,41895,357284761,346,206,3148,3010,140,138,140.00000,0.33325
534F4C31,41896,357289163,323,210,3148,3009,113,139,113.00000,0.33556
534F4C31,41897,357295050,298,172,3147,3007,126,140,126.00000,0.33787
534F4C31,41897,357299244,299,170,3146,3012,129,134,129.00000,0.32401
534F4C31,41898,357304502,339,245,3148,3008,94,140,94.00000,0.33787
534F4C31,41898,357309152,305,201,3146,3007,104,139,104.00000,0.33556
534F4C31,41898,357314148,302,185,3145,3009,117,136,117.00000,0.32863
534F4C31,41898,357319152,340,226,3146,3009,114,137,114.00000,0.33094
534F4C31,41899,357324133,350,224,3146,3007,126,139,126.00000,0.33556
534F4C31,41900,357329152,292,232,3147,3008,60,139,60.00000,0.33556
534F4C31,41901,357334617,279,210,3148,3010,69,138,69.00000,0.33325
534F4C31,41902,357339891,328,222,3145,3008,106,137,106.00000,0.33094
534F4C31,41903,357344495,251,189,3146,3007,62,139,62.00000,0.33556
534F4C31,41904,357349128,247,170,3146,3006,77,140,77.00000,0.33787
534F4C31,41905,357354460,323,252,3148,3010,71,138,71.00000,0.33325
534F4C31,41906,357359179,302,212,3148,3012,90,136,90.00000,0.32863
534F4C31,41907,357364166,298,195,3149,3012,103,137,103.00000,0.33094
534F4C31,41908,357369183,340,229,3147,3009,111,138,111.00000,0.33325
534F4C31,41909,357374148,350,220,3147,3009,130,138,130.00000,0.33325
534F4C31,41910,357379150,335,212,3150,3007,123,143,123.00000,0.34481
534F4C31,41911,357384150,349,236,3148,3010,113,138,113.00000,0.33325
534F4C31,41912,357389148,370,252,3158,3010,118,148,118.00000,0.35636
534F4C31,41913,357394294,348,225,3148,3009,123,139,123.00000,0.33556
534F4C31,41914,357399150,336,230,3147,3011,106,136,106.00000,0.32863
534F4C31,41915,357404148,361,247,3148,3012,114,136,114.00000,0.32863
534F4C31,41916,357409150,341,238,3145,3009,103,136,103.00000,0.32863
534F4C31,41917,357414401,317,222,3156,3009,95,147,95.00000,0.35405
534F4C31,41918,357419171,319,246,3148,3007,73,141,73.00000,0.34019
534F4C31,41919,357424164,302,229,3144,3009,73,135,73.00000,0.32632
534F4C31,41920,357429143,291,194,3146,3010,97,136,97.00000,0.32863
534F4C31,41921,357434434,334,233,3147,3011,101,136,101.00000,0.32863
534F4C31,41922,357439182,344,250,3157,3003,94,154,94.00000,0.37023
534F4C31,41923,357444171,324,224,3146,3010,100,136,100.00000,0.32863
534F4C31,41924,357449179,256,291,3148,3010,-35,138,-35.00000,0.33325
534F4C31,41925,357455777,248,230,3146,3009,18,137,18.00000,0.33094
534F4C31,41926,357460611,287,203,3153,3010,84,143,84.00000,0.34481
534F4C31,41926,357465341,299,196,3147,3009,103,138,103.00000,0.33325
534F4C31,41926,357469137,304,196,3148,3010,108,138,108.00000,0.33325
534F4C31,41927,357474128,338,213,3153,3007,125,146,125.00000,0.35174
534F4C31,41928,357479147,299,255,3146,3010,44,136,44.00000,0.32863
534F4C31,41928,357485206,286,172,3148,3011,114,137,114.00000,0.33094
534F4C31,41928,357489130,320,208,3147,3010,112,137,112.00000,0.33094
534F4C31,41928,357494151,326,210,3146,3008,116,138,116.00000,0.33325
534F4C31,41928,357499140,334,229,3148,3011,105,137,105.00000,0.33094
534F4C31,41929,357504143,359,246,3147,3009,113,138,113.00000,0.33325
534F4C31,41930,357509159,325,242,3145,3010,83,135,83.00000,0.32632
534F4C31,41931,357514167,274,215,3148,3013,59,135,59.00000,0.32632
534F4C31,41932,357520061,321,204,3146,3008,117,138,117.00000,0.33325
534F4C31,41932,357524157,309,191,3146,3011,118,135,118.00000,0.32632
534F4C31,41933,357529341,321,159,3148,3011,162,137,162.00000,0.33094
534F4C31,41934,357534159,332,226,3147,3010,106,137,106.00000,0.33094
534F4C31,41934,357539435,329,182,3148,3008,147,140,147.00000,0.33787
534F4C31,41934,357544150,320,167,3145,3009,153,136,153.00000,0.32863
534F4C31,41935,357549430,342,226,3147,3009,116,138,116.00000,0.33325
534F4C31,41935,357554142,323,211,3148,3009,112,139,112.00000,0.33556
534F4C31,41935,357559143,328,211,3147,3009,117,138,117.00000,0.33325
534F4C31,41936,357564143,319,206,3148,3011,113,137,113.00000,0.33094
534F4C31,41936,357569152,347,241,3149,3009,106,140,106.00000,0.33787
534F4C31,41936,357574144,351,231,3147,3007,120,140,120.00000,0.33787
534F4C31,41937,357579169,324,223,3147,3009,101,138,101.00000,0.33325
534F4C31,41937,357584131,312,207,3147,3009,105,138,105.00000,0.33325
534F4C31,41937,357589147,349,246,3147,3010,103,137,103.00000,0.33094
534F4C31,41938,357594188,310,223,3147,3010,87,137,87.00000,0.33094
534F4C31,41939,357599132,301,217,3146,3011,84,135,84.00000,0.32632
534F4C31,41939,357604286,344,249,3146,3008,95,138,95.00000,0.33325
534F4C31,41939,357609143,326,217,3146,3010,109,136,109.00000,0.32863
534F4C31,41940,357614139,319,208,3158,3009,111,149,111.00000,0.35867
534F4C31,41940,357619132,329,244,3147,3008,85,139,85.00000,0.33556
534F4C31,41940,357624144,320,213,3147,3009,107,138,107.00000,0.33325
534F4C31,41941,357629137,323,212,3147,3008,111,139,111.00000,0.33556
534F4C31,41941,357634132,340,236,3148,3008,104,140,104.00000,0.33787
534F4C31,41942,357639179,363,262,3147,3009,101,138,101.00000,0.33325
534F4C31,41943,357644154,330,230,3146,3007,100,139,100.00000,0.33556
534F4C31,41944,357649150,332,232,3147,3011,100,136,100.00000,0.32863
534F4C31,41945,357654182,354,260,3147,3010,94,137,94.00000,0.33094
534F4C31,41946,357659588,340,244,3147,3009,96,138,96.00000,0.33325
534F4C31,41947,357664506,303,217,3147,3009,86,138,86.00000,0.33325
534F4C31,41948,357669185,326,235,3147,3010,91,137,91.00000,0.33094
534F4C31,41949,357674182,319,236,3146,3010,83,136,83.00000,0.32863
534F4C31,41950,357679182,297,214,3149,3010,83,139,83.00000,0.33556
534F4C31,41951,357684281,311,226,3147,3009,85,138,85.00000,0.33325
534F4C31,41952,357689157,335,241,3147,3009,94,138,94.00000,0.33325
534F4C31,41953,357694150,330,223,3146,3010,107,136,107.00000,0.32863
534F4C31,41954,357699194,335,240,3147,3009,95,138,95.00000,0.33325
534F4C31,41955,357704188,354,277,3147,3007,77,140,77.00000,0.33787
534F4C31,41955,357709135,300,200,3146,3011,100,135,100.00000,0.32632
534F4C31,41956,357714171,290,221,3148,3009,69,139,69.00000,0.33556
534F4C31,41957,357719355,298,222,3147,3008,76,139,76.00000,0.33556
534F4C31,41958,357724180,322,214,3147,3008,108,139,108.00000,0.33556
534F4C31,41959,357729567,325,219,3146,3008,106,138,106.00000,0.33325
534F4C31,41960,357734153,322,227,3147,3009,95,138,95.00000,0.33325
534F4C31,41961,357739181,352,251,3147,3009,101,138,101.00000,0.33325
534F4C31,41962,357744156,254,238,3151,3009,16,142,16.00000,0.34250
534F4C31,41963,357752829,307,268,3148,3010,39,138,39.00000,0.33325
534F4C31,41964,357756542,238,195,3145,3008,43,137,43.00000,0.33094
534F4C31,41965,357761580,227,131,3147,3007,96,140,96.00000,0.33787
534F4C31,41965,357766047,286,192,3152,3008,94,144,94.00000,0.34712
534F4C31,41965,357769128,271,170,3148,3011,101,137,101.00000,0.33094
534F4C31,41966,357774487,330,166,3145,3010,164,135,164.00000,0.32632
534F4C31,41967,357779319,312,204,3146,3008,108,138,108.00000,0.33325
534F4C31,41967,357784139,271,214,3149,3008,57,141,57.00000,0.34019
534F4C31,41968,357789155,307,217,3147,3008,90,139,90.00000,0.33556
534F4C31,41968,357794158,297,189,3147,3010,108,137,108.00000,0.33094
534F4C31,41968,357799132,305,188,3149,3010,117,139,117.00000,0.33556
534F4C31,41968,357804136,339,235,3147,3009,104,138,104.00000,0.33325
534F4C31,41968,357809138,328,218,3146,3010,110,136,110.00000,0.32863
534F4C31,41968,357814158,319,203,3148,3008,116,140,116.00000,0.33787
534F4C31,41968,357819152,348,234,3147,3010,114,137,114.00000,0.33094
